datetime,pumping_flow,power,water_level_change
2022-01-01 00:00:00,1.5717827422025101,578.2195762877484,
2022-01-01 01:00:00,2.1578389582316744,793.8150067594772,-0.10000000000000009
2022-01-01 02:00:00,12.78048885410771,4701.622337204874,0.04999999999999982
2022-01-01 03:00:00,6.365627310288658,2341.7551467724397,0.35000000000000053
2022-01-01 04:00:00,11.846406197985008,4357.996680083735,0.19999999999999973
2022-01-01 05:00:00,5.705816811824082,2099.027359649784,0.10000000000000009
2022-01-01 06:00:00,4.11681360698365,1514.4728056691101,-0.04999999999999982
2022-01-01 07:00:00,3.6875059948104685,1356.5412678409014,-0.20000000000000018
2022-01-01 08:00:00,1.6199431229473724,595.9365763542647,-0.15000000000000036
2022-01-01 09:00:00,3.750934384481734,1379.8749866912176,-0.04999999999999982
2022-01-01 10:00:00,3.0820348015034003,1133.8035526030633,-0.1499999999999999
2022-01-01 11:00:00,2.611441384014782,960.6839991444378,-0.050000000000000266
2022-01-01 12:00:00,2.7985000314922504,1029.4981990852116,0.0
2022-01-01 13:00:00,3.9663080725065742,1459.1055821733557,-0.04999999999999982
2022-01-01 14:00:00,4.852359548928817,1785.0617690621887,0.04999999999999982
2022-01-01 15:00:00,6.1221500891196525,2252.185964034892,0.40000000000000036
2022-01-01 16:00:00,11.41331505326397,4198.673275219483,0.3500000000000001
2022-01-01 17:00:00,16.812148507793008,6184.769132304352,0.2999999999999998
2022-01-01 18:00:00,12.58442851721464,4629.496640770336,0.050000000000000266
2022-01-01 19:00:00,3.609356081259909,1327.7918683934886,-0.15000000000000036
2022-01-01 20:00:00,2.3700394534184612,871.8782639263163,-0.2999999999999998
2022-01-01 21:00:00,2.789600895398967,1026.224429394895,-0.20000000000000018
2022-01-01 22:00:00,3.6357505114666226,1337.501719405784,-0.09999999999999964
2022-01-01 23:00:00,3.77106091729126,1387.2790349485222,-0.050000000000000266
2022-01-02 00:00:00,2.8526649127873096,1049.4241047916316,-0.1499999999999999
2022-01-02 01:00:00,2.5219545494010767,927.7640298609211,-0.10000000000000009
2022-01-02 02:00:00,2.2109611790022257,813.3573437254438,-0.050000000000000266
2022-01-02 03:00:00,9.564377256091692,3518.495283084732,0.050000000000000266
2022-01-02 04:00:00,11.812466890652498,4345.511257398788,0.3500000000000001
2022-01-02 05:00:00,7.06366329122296,2598.5451332586467,0.20000000000000018
2022-01-02 06:00:00,12.820609397047134,4716.381681938715,0.09999999999999964
2022-01-02 07:00:00,2.343374023785562,862.0687190001134,-0.09999999999999964
2022-01-02 08:00:00,3.2459527456482875,1194.1048663053639,-0.20000000000000018
2022-01-02 09:00:00,3.60940798374726,1327.8109620210234,-0.10000000000000009
2022-01-02 10:00:00,2.876181161328004,1058.0751447235396,-0.10000000000000009
2022-01-02 11:00:00,3.1719065588458943,1166.8651253354335,-0.09999999999999964
2022-01-02 12:00:00,2.9101634826961993,1070.5763911968643,-0.10000000000000053
2022-01-02 13:00:00,2.66635316956092,980.8846722522234,-0.04999999999999982
2022-01-02 14:00:00,3.1665425468218937,1164.8918394121042,-0.09999999999999964
2022-01-02 15:00:00,4.911854033219026,1806.948302470449,0.09999999999999964
2022-01-02 16:00:00,10.501236108988387,3863.142233594103,0.6000000000000001
2022-01-02 17:00:00,7.642953171401382,2811.6513979292836,0.44999999999999973
2022-01-02 18:00:00,13.46739257894426,4954.317044979119,0.25
2022-01-02 19:00:00,11.606477609233963,4269.732950496944,0.05000000000000071
2022-01-02 20:00:00,2.523885331217689,928.4743162217075,-0.15000000000000036
2022-01-02 21:00:00,3.4836520618818314,1281.5485022647786,-0.2999999999999998
2022-01-02 22:00:00,3.513149706493229,1292.3999482761967,-0.25
2022-01-02 23:00:00,3.355371373119136,1234.3572438862022,-0.15000000000000036
2022-01-03 00:00:00,2.2294575363534617,820.1616911860298,-0.1499999999999999
2022-01-03 01:00:00,8.760192545045554,3222.655832508633,4.440892098500626e-16
2022-01-03 02:00:00,3.119417201118104,1147.5556028613225,-0.15000000000000036
2022-01-03 03:00:00,3.018883666491833,1110.571828810683,-0.04999999999999982
2022-01-03 04:00:00,8.145787044901926,2996.6314091432955,0.09999999999999964
2022-01-03 05:00:00,9.739086496450021,3582.7664448815513,0.4500000000000002
2022-01-03 06:00:00,7.917056645990996,2912.4872136439385,0.1499999999999999
2022-01-03 07:00:00,14.775280522255002,5435.456322124559,0.10000000000000009
2022-01-03 08:00:00,2.415955696021024,888.769701673734,-0.20000000000000018
2022-01-03 09:00:00,3.302120368162946,1214.7675304379438,-0.1499999999999999
2022-01-03 10:00:00,3.1256422767471705,1149.8456525583654,-0.1499999999999999
2022-01-03 11:00:00,2.3847101474454115,877.2752454914807,-0.10000000000000009
2022-01-03 12:00:00,3.147337305318974,1157.8267111942175,-0.04999999999999982
2022-01-03 13:00:00,1.7546267832900062,645.4833279028111,-0.10000000000000009
2022-01-03 14:00:00,2.2767631304687694,837.5642366211985,-0.15000000000000036
2022-01-03 15:00:00,3.8364782758182594,1411.344445716642,-0.04999999999999982
2022-01-03 16:00:00,7.311623380176176,2689.7634509823106,0.10000000000000009
2022-01-03 17:00:00,8.058843340963868,2964.646994057083,0.6000000000000001
2022-01-03 18:00:00,9.494921052290744,3492.9440821114576,0.5
2022-01-03 19:00:00,7.875531168844965,2897.211028738842,0.25
2022-01-03 20:00:00,2.964233580777906,1090.467428528672,-0.04999999999999982
2022-01-03 21:00:00,2.6171389359755586,962.7799860720086,-0.30000000000000027
2022-01-03 22:00:00,2.5962933021272114,955.111398520048,-0.25
2022-01-03 23:00:00,3.6324529608170466,1336.2886329605712,-0.19999999999999973
2022-01-04 00:00:00,3.2758675844387444,1205.1097876254032,-0.15000000000000036
2022-01-04 01:00:00,2.7966401577071043,1028.8139980165008,-0.09999999999999964
2022-01-04 02:00:00,2.3208044450371283,853.7659352180335,-0.10000000000000009
2022-01-04 03:00:00,2.783303517943931,1023.9077816636235,-0.10000000000000009
2022-01-04 04:00:00,2.978681122818548,1095.7823180568732,-0.04999999999999982
2022-01-04 05:00:00,17.095269458311606,6288.9222519763825,0.1499999999999999
2022-01-04 06:00:00,10.453987009506406,3845.760471122169,0.3999999999999999
2022-01-04 07:00:00,8.100956951453666,2980.1395385160176,0.25
2022-01-04 08:00:00,10.156001759412035,3736.139147243702,0.09999999999999964
2022-01-04 09:00:00,2.694723783991614,991.3215120359149,-0.1999999999999993
2022-01-04 10:00:00,2.762852284566597,1016.3842841849369,-0.20000000000000018
2022-01-04 11:00:00,2.3258783874404685,855.6325117796623,-0.15000000000000036
2022-01-04 12:00:00,2.8894845327895005,1062.9691224999376,-0.09999999999999964
2022-01-04 13:00:00,2.50410999005631,921.199462591965,-0.15000000000000036
2022-01-04 14:00:00,3.115557351371922,1146.135660635946,-0.09999999999999964
2022-01-04 15:00:00,3.213644239635929,1182.2193746560672,-0.050000000000000266
2022-01-04 16:00:00,2.5313817293753664,931.2320536939629,-0.04999999999999982
2022-01-04 17:00:00,0.0,0.0,0.3999999999999999
2022-01-04 18:00:00,8.15864177695687,3001.360343698009,0.5499999999999998
2022-01-04 19:00:00,10.62181691081558,3907.5008960662813,0.39999999999999947
2022-01-04 20:00:00,7.728485850927005,2843.1167324097723,0.20000000000000107
2022-01-04 21:00:00,3.5529744094707407,1307.0504608840486,-0.10000000000000053
2022-01-04 22:00:00,2.399509078825998,882.719402373114,-0.2999999999999998
2022-01-04 23:00:00,3.0916552269964424,1137.3426666313162,-0.25
2022-01-05 00:00:00,2.876394153490691,1058.153499215388,-0.20000000000000018
2022-01-05 01:00:00,1.984098978267303,729.9004116300841,-0.14999999999999947
2022-01-05 02:00:00,2.6500841579771444,974.8997096158419,-0.10000000000000053
2022-01-05 03:00:00,3.273828139167175,1204.3595266961245,-0.09999999999999964
2022-01-05 04:00:00,2.554571107050318,939.7628460061356,-0.10000000000000009
2022-01-05 05:00:00,2.2505949841055157,827.9376297778165,-0.1499999999999999
2022-01-05 06:00:00,7.848549743124029,2887.2852367517526,0.5
2022-01-05 07:00:00,7.628072074757395,2806.177014501377,0.2999999999999998
2022-01-05 08:00:00,11.951909868473656,4396.808842864746,0.2999999999999998
2022-01-05 09:00:00,11.710455166729083,4307.983694460461,0.04999999999999982
2022-01-05 10:00:00,3.009368218235542,1107.0713332833998,-0.2999999999999998
2022-01-05 11:00:00,2.8565290543222726,1050.845625858806,-0.20000000000000018
2022-01-05 12:00:00,2.754973218404174,1013.4857727204355,-0.14999999999999947
2022-01-05 13:00:00,2.718674285703626,1000.1323028532215,-0.10000000000000009
2022-01-05 14:00:00,3.3601321635530845,1236.108619667091,-0.1499999999999999
2022-01-05 15:00:00,2.9958516116125278,1102.0989116219585,-0.04999999999999982
2022-01-05 16:00:00,3.687395639619282,1356.500670924943,-0.10000000000000053
2022-01-05 17:00:00,2.239875753898622,823.9942929654555,0.0
2022-01-05 18:00:00,9.318350197631238,3427.988078953592,0.6000000000000005
2022-01-05 19:00:00,2.437646729471679,896.7492906043939,0.5
2022-01-05 20:00:00,9.450966460698996,3476.7742867296433,0.29999999999999893
2022-01-05 21:00:00,9.969730611009243,3667.614648525025,0.10000000000000053
2022-01-05 22:00:00,3.0776818152259233,1132.2021977762365,-0.25
2022-01-05 23:00:00,2.1087777992929886,775.766632914908,-0.2999999999999998
2022-01-06 00:00:00,3.035391991055625,1116.644828709588,-0.25
2022-01-06 01:00:00,3.546862198151133,1304.8019311448481,-0.20000000000000018
2022-01-06 02:00:00,2.2233246661885584,817.9055615741158,-0.09999999999999964
2022-01-06 03:00:00,3.121927660033989,1148.4791379350036,-0.15000000000000036
2022-01-06 04:00:00,2.7262416925216537,1002.9161626364032,-0.04999999999999982
2022-01-06 05:00:00,2.2042400000300715,810.8847900110626,-0.04999999999999982
2022-01-06 06:00:00,4.205094596153417,1546.9491745599382,-0.10000000000000009
2022-01-06 07:00:00,9.264862059495673,3408.3111301369713,0.44999999999999973
2022-01-06 08:00:00,5.0157207475644014,1845.158270010254,0.2999999999999998
2022-01-06 09:00:00,8.774662999489758,3227.9791509372944,0.25
2022-01-06 10:00:00,1.5042253313040357,553.366893753472,-0.19999999999999973
2022-01-06 11:00:00,2.287578366829858,841.542891697534,-0.19999999999999973
2022-01-06 12:00:00,2.91566877951121,1072.6016522626862,-0.20000000000000018
2022-01-06 13:00:00,3.884497754394316,1429.0096113978088,-0.1499999999999999
2022-01-06 14:00:00,2.5716307962398868,946.0386791667482,-0.050000000000000266
2022-01-06 15:00:00,3.010113537019734,1107.3455174311346,-0.09999999999999964
2022-01-06 16:00:00,3.6030487965320823,1325.47157602424,-0.10000000000000009
2022-01-06 17:00:00,3.8010637662344564,1398.3163330035009,-0.050000000000000266
2022-01-06 18:00:00,9.906168707131522,3644.2318131360094,0.050000000000000266
2022-01-06 19:00:00,12.815325258918316,4714.437779624576,0.5500000000000003
2022-01-06 20:00:00,4.973846965225011,1829.7539523321507,0.4499999999999993
2022-01-06 21:00:00,6.155260091685635,2264.366306228853,0.3000000000000007
2022-01-06 22:00:00,6.129060620815568,2254.728175882527,0.04999999999999982
2022-01-06 23:00:00,2.4820648562022587,913.089608975406,-0.25
2022-01-07 00:00:00,3.164009134813358,1163.959860469464,-0.3500000000000001
2022-01-07 01:00:00,2.331540281062522,857.7153808958755,-0.20000000000000018
2022-01-07 02:00:00,3.9850170348793434,1465.9881417062386,-0.1499999999999999
2022-01-07 03:00:00,2.4443432995543666,899.2127913235626,-0.10000000000000009
2022-01-07 04:00:00,2.342448004057035,861.7280594924817,-0.1499999999999999
2022-01-07 05:00:00,3.730948982061461,1372.5228567758602,-0.09999999999999964
2022-01-07 06:00:00,3.5181021231434837,1294.221818551409,0.0
2022-01-07 07:00:00,3.333714796373145,1226.3903307157707,0.0
2022-01-07 08:00:00,4.175938846910251,1536.2235033071086,0.44999999999999973
2022-01-07 09:00:00,9.175538203621409,3375.4511166572256,0.19999999999999973
2022-01-07 10:00:00,8.664670623393334,3187.5157055808227,0.15000000000000036
2022-01-07 11:00:00,2.5323389742662474,931.5842001581957,-0.20000000000000018
2022-01-07 12:00:00,2.753257209560305,1012.8544959669972,-0.20000000000000018
2022-01-07 13:00:00,2.9507559159342436,1085.5093325743098,-0.19999999999999973
2022-01-07 14:00:00,1.867645287684589,687.0600102069682,-0.10000000000000009
2022-01-07 15:00:00,2.9587582250207687,1088.4531820295151,-0.09999999999999964
2022-01-07 16:00:00,2.8393936859754096,1044.5419522282039,-0.050000000000000266
2022-01-07 17:00:00,1.5642585477847921,575.4516132663305,-0.050000000000000266
2022-01-07 18:00:00,3.0501626817272065,1122.078596540396,-0.04999999999999982
2022-01-07 19:00:00,15.66312247378712,5762.071180044436,0.20000000000000018
2022-01-07 20:00:00,13.085078587207619,4813.673285269003,0.4500000000000002
2022-01-07 21:00:00,6.917797463167249,2544.8847417626516,0.2999999999999998
2022-01-07 22:00:00,4.085187201154371,1502.8382416246639,0.2499999999999991
2022-01-07 23:00:00,3.4462108319098643,1267.7748097888414,-0.049999999999998934
2022-01-08 00:00:00,2.896821294513174,1065.668133719034,-0.3000000000000007
2022-01-08 01:00:00,3.386746468764416,1245.8993571967094,-0.25
2022-01-08 02:00:00,2.913403759863783,1071.7684081598893,-0.14999999999999947
2022-01-08 03:00:00,3.0072520338074304,1106.2928419369084,-0.10000000000000009
2022-01-08 04:00:00,2.3673707647112514,870.8965200681516,-0.10000000000000009
2022-01-08 05:00:00,3.1677722512693705,1165.3442169357195,-0.09999999999999964
2022-01-08 06:00:00,3.2845802233747983,1208.314949674004,-0.10000000000000053
2022-01-08 07:00:00,2.73592427722021,1006.4781434823849,0.0
2022-01-08 08:00:00,12.26330288766399,4511.36254979939,0.10000000000000053
2022-01-08 09:00:00,5.006654498859778,1841.8230237680407,0.39999999999999947
2022-01-08 10:00:00,11.876862111473429,4369.200649258288,0.050000000000000266
2022-01-08 11:00:00,9.379940780286201,3450.645714547786,0.10000000000000009
2022-01-08 12:00:00,2.2184868130767716,816.1258363606174,-0.20000000000000018
2022-01-08 13:00:00,2.179886762461106,801.9258427403795,-0.09999999999999964
2022-01-08 14:00:00,3.1792047292780605,1169.5499397831663,-0.15000000000000036
2022-01-08 15:00:00,2.6862274734896916,988.1959318100204,-0.10000000000000009
2022-01-08 16:00:00,3.04755130230264,1121.117935334584,-0.10000000000000009
2022-01-08 17:00:00,3.148117252887555,1158.1136344060092,-0.04999999999999982
2022-01-08 18:00:00,2.1080515952232943,775.4994805927694,-0.04999999999999982
2022-01-08 19:00:00,3.865585041216794,1422.0520970376278,0.0
2022-01-08 20:00:00,16.114199231619576,5928.011042332051,0.2999999999999998
2022-01-08 21:00:00,8.62545359064746,3173.088739659435,0.2999999999999998
2022-01-08 22:00:00,13.353457747418219,4912.403268831477,0.3500000000000001
2022-01-08 23:00:00,13.164901327746163,4843.03807594462,0.10000000000000009
2022-01-09 00:00:00,2.5070804629245322,922.2922252983623,-0.10000000000000009
2022-01-09 01:00:00,1.986868333879305,730.9191883258493,-0.2999999999999998
2022-01-09 02:00:00,3.07784730536472,1132.2630774610464,-0.19999999999999973
2022-01-09 03:00:00,2.579097810144119,948.7856069067678,-0.10000000000000053
2022-01-09 04:00:00,2.708666228356178,996.4505887565289,-0.09999999999999964
2022-01-09 05:00:00,2.9111616626017156,1070.9435966296064,0.0
2022-01-09 06:00:00,2.9425713468575485,1082.4984342252208,-0.15000000000000036
2022-01-09 07:00:00,2.477786632875489,911.5157575690705,-0.09999999999999964
2022-01-09 08:00:00,3.6876847820356553,1356.607039191367,0.0
2022-01-09 09:00:00,5.887752639142722,2165.957002124629,0.25
2022-01-09 10:00:00,5.0580403148762505,1860.7265808351005,0.19999999999999973
2022-01-09 11:00:00,7.347624029911365,2703.0071900036432,0.25000000000000044
2022-01-09 12:00:00,2.8478787188143766,1047.6633836838387,0.0
2022-01-09 13:00:00,2.335621000315086,859.2165754909121,-0.3000000000000007
2022-01-09 14:00:00,2.968062097349712,1091.8758440625252,-0.04999999999999982
2022-01-09 15:00:00,3.4188099246264496,1257.6947010219549,-0.09999999999999964
2022-01-09 16:00:00,1.9215109679266946,706.8758473260328,-0.050000000000000266
2022-01-09 17:00:00,2.209914084015517,812.9721436572083,-0.10000000000000009
2022-01-09 18:00:00,2.604062651407453,957.9695478865168,-0.09999999999999964
2022-01-09 19:00:00,2.6029705293786836,957.5677834951831,0.0
2022-01-09 20:00:00,12.906105816512573,4747.833677249564,0.04999999999999982
2022-01-09 21:00:00,4.8466522392287,1782.9621925062575,0.3500000000000001
2022-01-09 22:00:00,11.777338444324256,4332.588380205785,0.19999999999999973
2022-01-09 23:00:00,9.357600208257274,3442.427176612645,0.25
2022-01-10 00:00:00,11.802814041905535,4341.9602156659985,0.04999999999999982
2022-01-10 01:00:00,2.036863471084151,749.311149425082,-0.1999999999999993
2022-01-10 02:00:00,3.1647313821154395,1164.225557195717,-0.20000000000000018
2022-01-10 03:00:00,2.970269805433931,1092.6880046740073,-0.15000000000000036
2022-01-10 04:00:00,1.8560098769119944,682.7796334689999,-0.04999999999999982
2022-01-10 05:00:00,2.892800734789701,1064.1890703107613,-0.10000000000000009
2022-01-10 06:00:00,3.8106073631295567,1401.8271837112857,-0.10000000000000009
2022-01-10 07:00:00,3.3642694632662278,1237.6306287990635,-0.04999999999999982
2022-01-10 08:00:00,3.2988995328952586,1213.5826656638433,-0.04999999999999982
2022-01-10 09:00:00,9.747539417479604,3585.8760632053086,0.04999999999999982
2022-01-10 10:00:00,1.7486908586822763,643.2996496377423,0.25
2022-01-10 11:00:00,15.558323376552739,5723.518212149339,0.09999999999999964
2022-01-10 12:00:00,14.490027505258551,5330.51886849699,0.20000000000000018
2022-01-10 13:00:00,3.2752788647694113,1204.8932123770473,0.0
2022-01-10 14:00:00,4.184705602343022,1539.4485734619395,-0.25
2022-01-10 15:00:00,2.6437000317706705,972.5511491876354,-0.09999999999999964
2022-01-10 16:00:00,2.9442912289488987,1083.1311358495761,0.0
2022-01-10 17:00:00,2.9707963521357077,1092.8817080419235,-0.10000000000000053
2022-01-10 18:00:00,2.7219925262187865,1001.353000582736,-0.04999999999999982
2022-01-10 19:00:00,3.583389000596232,1318.2392285943386,-0.09999999999999964
2022-01-10 20:00:00,3.1056219594458425,1142.4806783311392,0.0
2022-01-10 21:00:00,9.339677212424016,3435.833754520485,0.04999999999999982
2022-01-10 22:00:00,9.872827201679593,3631.96630681788,0.25
2022-01-10 23:00:00,9.303317586194785,3422.4579570214073,0.1499999999999999
2022-01-11 00:00:00,7.106699343875071,2614.3770211280416,0.10000000000000009
2022-01-11 01:00:00,2.178917435168882,801.5692514627527,-0.10000000000000009
2022-01-11 02:00:00,2.558439669995946,941.1859935997588,-0.050000000000000266
2022-01-11 03:00:00,2.690535476856908,989.7807385487348,-0.14999999999999947
2022-01-11 04:00:00,2.559320129350507,941.5098925848175,-0.10000000000000053
2022-01-11 05:00:00,3.307577890670323,1216.7752165303452,-0.04999999999999982
2022-01-11 06:00:00,2.7921148259296,1027.1492415888517,-0.04999999999999982
2022-01-11 07:00:00,2.7822312020796,1023.5133034650328,-0.10000000000000009
2022-01-11 08:00:00,3.7125448794986085,1365.7524475455505,0.0
2022-01-11 09:00:00,3.6328532434686793,1336.4358869410405,-0.10000000000000009
2022-01-11 10:00:00,5.978386255892332,2199.2988438863918,0.10000000000000009
2022-01-11 11:00:00,11.428168684881989,4204.137554950961,0.1499999999999999
2022-01-11 12:00:00,13.685374167285751,5034.507021790245,0.25
2022-01-11 13:00:00,9.59825744393325,3530.958957186944,0.20000000000000018
2022-01-11 14:00:00,8.787575343581727,3232.729279520128,0.10000000000000009
2022-01-11 15:00:00,3.0286432393006892,1114.1621316577412,-0.1499999999999999
2022-01-11 16:00:00,1.5936490357984396,586.263639044351,-0.15000000000000036
2022-01-11 17:00:00,2.4522863568157374,902.1348435135893,-0.09999999999999964
2022-01-11 18:00:00,3.3104721982766083,1217.8399599410072,-0.050000000000000266
2022-01-11 19:00:00,2.956807487384455,1087.7355544215563,-0.050000000000000266
2022-01-11 20:00:00,2.9512790254395678,1085.701771483581,0.0
2022-01-11 21:00:00,4.342163957690407,1597.3735659353586,-0.04999999999999982
2022-01-11 22:00:00,3.837597147000122,1411.75605045267,-0.04999999999999982
2022-01-11 23:00:00,9.43587154588845,3471.2212449437134,0.09999999999999964
2022-01-12 00:00:00,8.343605222273268,3069.403771143779,0.25
2022-01-12 01:00:00,3.6887431140330023,1356.9963730748905,0.10000000000000053
2022-01-12 02:00:00,2.414764982369159,888.3316678890545,0.0
2022-01-12 03:00:00,3.0117717553940966,1107.9555345156032,-0.050000000000000266
2022-01-12 04:00:00,2.2901039559032035,842.471992777891,-0.1499999999999999
2022-01-12 05:00:00,3.533540385318638,1299.9011692490938,-0.10000000000000009
2022-01-12 06:00:00,2.632454356225856,968.4141462965869,0.0
2022-01-12 07:00:00,1.734820427150898,638.1970646381367,-0.1499999999999999
2022-01-12 08:00:00,2.0851344320249616,767.0688291811828,0.0
2022-01-12 09:00:00,3.0285404672685217,1114.1243243964072,-0.04999999999999982
2022-01-12 10:00:00,3.7444254803324917,1377.4805235773154,-0.050000000000000266
2022-01-12 11:00:00,2.3874390932961598,878.2791564463246,0.0
2022-01-12 12:00:00,10.926878171071042,4019.7253071827595,0.19999999999999973
2022-01-12 13:00:00,13.03361536302476,4794.741251672734,0.15000000000000036
2022-01-12 14:00:00,5.280529635321103,1942.574839593751,0.09999999999999964
2022-01-12 15:00:00,17.00367376189351,6255.226485156575,0.050000000000000266
2022-01-12 16:00:00,3.973846683019257,1461.878848515709,-0.10000000000000009
2022-01-12 17:00:00,3.33233942300664,1225.8843652385676,-0.09999999999999964
2022-01-12 18:00:00,2.877112021339901,1058.4175848504162,-0.050000000000000266
2022-01-12 19:00:00,3.330609935284175,1225.2481299426659,-0.10000000000000009
2022-01-12 20:00:00,2.663248565922102,979.7425661885933,-0.04999999999999982
2022-01-12 21:00:00,2.2322134766671677,821.1755327289343,-0.10000000000000009
2022-01-12 22:00:00,2.312085390274091,850.5584129470814,-0.10000000000000009
2022-01-12 23:00:00,10.983013027451646,4040.3759174737734,0.04999999999999982
2022-01-13 00:00:00,3.776278242699952,1389.1983585332448,0.0
2022-01-13 01:00:00,7.1288679368249,2622.5322922594596,0.15000000000000036
2022-01-13 02:00:00,8.766311513208619,3224.9068479216203,0.09999999999999964
2022-01-13 03:00:00,7.712324666615792,2837.171436731284,0.050000000000000266
2022-01-13 04:00:00,2.8055895366306327,1032.106250787994,-0.10000000000000009
2022-01-13 05:00:00,2.334727501581035,858.8878796441234,0.0
2022-01-13 06:00:00,2.8096412820497783,1033.5967866340623,-0.09999999999999964
2022-01-13 07:00:00,2.080544920066062,765.3804624693025,-0.10000000000000053
2022-01-13 08:00:00,4.033300588019808,1483.7504538177868,-0.04999999999999982
2022-01-13 09:00:00,4.036810174580473,1485.0415429737916,-0.09999999999999964
2022-01-13 10:00:00,2.8683219091243437,1055.1839223191178,-0.050000000000000266
2022-01-13 11:00:00,2.093322294406598,770.0809390548271,-0.050000000000000266
2022-01-13 12:00:00,8.621170333145509,3171.5130363059043,0.050000000000000266
2022-01-13 13:00:00,5.671003404831213,2086.220377552282,0.30000000000000027
2022-01-13 14:00:00,2.056363008227267,756.4845416516059,0.19999999999999973
2022-01-13 15:00:00,8.636199799747413,3177.042001332079,0.1499999999999999
2022-01-13 16:00:00,6.463938278831306,2377.9212943250664,0.20000000000000018
2022-01-13 17:00:00,2.683274410630111,987.1095738105522,0.0
2022-01-13 18:00:00,1.8734220385024845,689.1851324141015,-0.15000000000000036
2022-01-13 19:00:00,4.516091402978225,1661.3571248706146,-0.14999999999999947
2022-01-13 20:00:00,2.746530561846937,1010.379930439442,-0.050000000000000266
2022-01-13 21:00:00,3.355194081996089,1234.2920229143115,-0.10000000000000009
2022-01-13 22:00:00,2.035031989498832,748.6373931368828,0.0
2022-01-13 23:00:00,3.931786978471574,1446.4061347052304,-0.09999999999999964
2022-01-14 00:00:00,2.220784685840191,816.9711663034602,0.0
2022-01-14 01:00:00,4.569768427460458,1681.1035602520162,0.0
2022-01-14 02:00:00,4.552721938347564,1674.83258306961,0.19999999999999973
2022-01-14 03:00:00,7.1712289759357875,2638.1158595223783,0.19999999999999973
2022-01-14 04:00:00,11.607643796560668,4270.161961659756,0.10000000000000053
2022-01-14 05:00:00,1.4546263831019772,535.1206806836399,0.0
2022-01-14 06:00:00,2.5969014540649704,955.3351224141509,-0.10000000000000053
2022-01-14 07:00:00,3.0861368396800977,1135.3125898973158,-0.09999999999999964
2022-01-14 08:00:00,2.253515372368042,829.0119676098934,-0.10000000000000009
2022-01-14 09:00:00,3.2677545015880227,1202.125187271694,-0.050000000000000266
2022-01-14 10:00:00,2.1975272784406132,808.4153475563405,-0.04999999999999982
2022-01-14 11:00:00,3.569185918164747,1313.0142696448563,-0.09999999999999964
2022-01-14 12:00:00,3.005634672221904,1105.6978550436331,-0.050000000000000266
2022-01-14 13:00:00,3.007799729803307,1106.4943256013917,0.0
2022-01-14 14:00:00,8.380520576701427,3082.984007154038,0.30000000000000027
2022-01-14 15:00:00,12.833405047045368,4721.088881681814,0.19999999999999973
2022-01-14 16:00:00,10.256458791027354,3773.094777749188,0.25000000000000044
2022-01-14 17:00:00,3.05461735462095,1123.7173593311818,-0.050000000000000266
2022-01-14 18:00:00,3.3537409959537947,1233.7574688865025,-0.050000000000000266
2022-01-14 19:00:00,2.399987064298055,882.8952412786471,-0.1499999999999999
2022-01-14 20:00:00,3.542357380678528,1303.1447214171135,-0.1499999999999999
2022-01-14 21:00:00,2.081736790633181,765.8189218541814,-0.10000000000000009
2022-01-14 22:00:00,2.633894042199209,968.943770774034,-0.10000000000000009
2022-01-14 23:00:00,2.836003883960748,1043.2949288120599,-0.04999999999999982
2022-01-15 00:00:00,2.0276694052405633,745.928882452872,-0.10000000000000009
2022-01-15 01:00:00,3.1909783182949125,1173.881148842741,-0.050000000000000266
2022-01-15 02:00:00,2.6342405247317298,969.0712330356852,-0.09999999999999964
2022-01-15 03:00:00,8.407922495663659,3093.064488092268,0.25
2022-01-15 04:00:00,8.96275346170306,3297.172929724013,0.1499999999999999
2022-01-15 05:00:00,11.399800666322655,4193.701670123446,0.1499999999999999
2022-01-15 06:00:00,2.9407723565540733,1081.8366306673297,0.0
2022-01-15 07:00:00,3.248578939692095,1195.0709774392296,-0.1499999999999999
2022-01-15 08:00:00,3.0009407241492227,1103.9710688963953,-0.10000000000000009
2022-01-15 09:00:00,2.5181504043588157,926.3645800034994,-0.04999999999999982
2022-01-15 10:00:00,3.662224678699701,1347.2409036766528,-0.10000000000000009
2022-01-15 11:00:00,3.416450380300091,1256.8266836528962,-0.050000000000000266
2022-01-15 12:00:00,2.400298028208047,883.0096371270353,-0.04999999999999982
2022-01-15 13:00:00,2.8400636038674762,1044.7883982727478,-0.04999999999999982
2022-01-15 14:00:00,9.604472661282589,3533.245380269332,0.09999999999999964
2022-01-15 15:00:00,8.21083479818054,3020.560851380666,0.40000000000000036
2022-01-15 16:00:00,1.9585498120548988,720.5015121096959,0.20000000000000018
2022-01-15 17:00:00,12.967001082230704,4770.23552312562,0.25
2022-01-15 18:00:00,7.93704563370639,2919.840662499738,0.04999999999999982
2022-01-15 19:00:00,3.0817159787110935,1133.6862656683434,-0.20000000000000018
2022-01-15 20:00:00,2.1165704731985246,778.6333628279073,-0.14999999999999947
2022-01-15 21:00:00,0.9338998653507238,343.5584129658975,-0.15000000000000036
2022-01-15 22:00:00,3.8483481517983544,1415.7110763428198,-0.15000000000000036
2022-01-15 23:00:00,1.606902217927379,591.1391534200346,-0.04999999999999982
2022-01-16 00:00:00,2.181900700553002,802.6667202159356,-0.04999999999999982
2022-01-16 01:00:00,2.3720522749319417,872.6187306405881,-0.10000000000000009
2022-01-16 02:00:00,3.434085001184974,1263.3140198109222,0.0
2022-01-16 03:00:00,1.9831039875387895,729.5343794158322,0.0
2022-01-16 04:00:00,6.141686502867059,2259.3729222422194,0.3500000000000001
2022-01-16 05:00:00,9.373838570544756,3448.4008641391515,0.20000000000000018
2022-01-16 06:00:00,6.5454532881188685,2407.908628366729,0.04999999999999982
2022-01-16 07:00:00,2.773875339205453,1020.4393904102061,-0.04999999999999982
2022-01-16 08:00:00,3.3392642819897866,1228.4318477369927,-0.15000000000000036
2022-01-16 09:00:00,3.578634577908529,1316.4901953481,-0.20000000000000018
2022-01-16 10:00:00,3.5133049293283487,1292.4570508766662,-0.04999999999999982
2022-01-16 11:00:00,3.464790396276871,1274.609767030354,-0.04999999999999982
2022-01-16 12:00:00,3.7108710106609166,1365.1366730468849,-0.04999999999999982
2022-01-16 13:00:00,2.7081478000640686,996.2598719485692,-0.050000000000000266
2022-01-16 14:00:00,3.083278501425409,1134.2610787118724,-0.050000000000000266
2022-01-16 15:00:00,8.95197605613257,3293.2081916497696,0.20000000000000018
2022-01-16 16:00:00,7.1240336258047385,2620.753870092918,0.4500000000000002
2022-01-16 17:00:00,7.878594707647463,2898.33802807581,0.2999999999999998
2022-01-16 18:00:00,9.677206911665747,3560.0024926290366,0.20000000000000018
2022-01-16 19:00:00,2.4656579291799208,907.0539106970634,-0.04999999999999982
2022-01-16 20:00:00,2.9577406100185257,1088.0788269105653,-0.25
2022-01-16 21:00:00,3.2990221299603997,1213.627766059182,-0.15000000000000036
2022-01-16 22:00:00,2.1921853947018497,806.4502020759431,-0.19999999999999973
2022-01-16 23:00:00,3.2913456398521763,1210.8037772606192,-0.050000000000000266
2022-01-17 00:00:00,2.543800742709968,935.8006982244293,-0.1499999999999999
2022-01-17 01:00:00,2.9251496738551777,1076.0894362694735,-0.04999999999999982
2022-01-17 02:00:00,3.308937215153838,1217.275278024718,-0.050000000000000266
2022-01-17 03:00:00,2.2129788897081974,814.0996090514033,-0.09999999999999964
2022-01-17 04:00:00,8.978924373067917,3303.121803742361,0.25
2022-01-17 05:00:00,8.787690973392884,3232.771816836907,0.25
2022-01-17 06:00:00,10.968495631598495,4035.035330474296,0.09999999999999964
2022-01-17 07:00:00,12.160260847512712,4473.455959278738,0.050000000000000266
2022-01-17 08:00:00,3.1628780380243717,1163.5437582382156,-0.20000000000000018
2022-01-17 09:00:00,3.110488120728025,1144.2708174128222,-0.10000000000000009
2022-01-17 10:00:00,1.8322915544257659,674.0542555843787,-0.09999999999999964
2022-01-17 11:00:00,2.7814312254931006,1023.2190120782744,-0.15000000000000036
2022-01-17 12:00:00,2.87275608332569,1056.8151441534385,-0.04999999999999982
2022-01-17 13:00:00,3.0832534705556114,1134.2518704806455,0.0
2022-01-17 14:00:00,3.233800351000646,1189.6343041243626,-0.10000000000000009
2022-01-17 15:00:00,3.045338318289553,1120.3038338407694,-0.050000000000000266
2022-01-17 16:00:00,14.733656356381218,5420.14383210374,0.40000000000000036
2022-01-17 17:00:00,5.210919919987849,1916.9671655655297,0.3500000000000001
2022-01-17 18:00:00,6.425995852727192,2363.963224322016,0.3500000000000001
2022-01-17 19:00:00,6.840661998526361,2516.508532707885,0.09999999999999964
2022-01-17 20:00:00,2.833624698453706,1042.419685943657,-0.20000000000000018
2022-01-17 21:00:00,2.603516567509158,957.7686572724315,-0.24999999999999956
2022-01-17 22:00:00,3.2726630241162087,1203.9309099967502,-0.19999999999999973
2022-01-17 23:00:00,1.6121628431422872,593.0744059209688,-0.15000000000000036
2022-01-18 00:00:00,4.169594716887993,1533.8896564751703,-0.10000000000000009
2022-01-18 01:00:00,3.3091893328503703,1217.3680258223299,-0.04999999999999982
2022-01-18 02:00:00,2.0012240446021274,736.2002954080075,-0.050000000000000266
2022-01-18 03:00:00,2.686334097827507,988.2351562382943,-0.09999999999999964
2022-01-18 04:00:00,2.13798003800899,786.509406482557,0.0
2022-01-18 05:00:00,6.738265712393084,2478.839498946606,0.2999999999999998
2022-01-18 06:00:00,1.4077419917532366,517.8730852162219,0.25
2022-01-18 07:00:00,14.21829370750715,5230.554797649193,0.1499999999999999
2022-01-18 08:00:00,2.1219327087615003,780.6059952356369,-0.10000000000000009
2022-01-18 09:00:00,2.738285859858285,1007.3469106953665,-0.1499999999999999
2022-01-18 10:00:00,1.9146262579513746,704.343134643862,-0.10000000000000009
2022-01-18 11:00:00,2.79509222500671,1028.2445522743435,-0.20000000000000018
2022-01-18 12:00:00,3.1253232217176343,1149.7282801893748,-0.04999999999999982
2022-01-18 13:00:00,2.6792535821350936,985.6304115279476,-0.04999999999999982
2022-01-18 14:00:00,3.2440280020361607,1193.3968012490527,-0.04999999999999982
2022-01-18 15:00:00,2.79399980882463,1027.8426796713607,-0.10000000000000053
2022-01-18 16:00:00,6.244278596395027,2297.113988648821,0.10000000000000053
2022-01-18 17:00:00,7.023113308971919,2583.6278085380445,0.5
2022-01-18 18:00:00,10.076579281668254,3706.9216032437093,0.39999999999999947
2022-01-18 19:00:00,9.200002281759405,3384.450839402241,0.25
2022-01-18 20:00:00,2.4984988782274002,919.1352748279048,0.0
2022-01-18 21:00:00,2.9369049424372315,1080.4139056990964,-0.25
2022-01-18 22:00:00,2.418354600704181,889.6521987340504,-0.24999999999999956
2022-01-18 23:00:00,2.62659497071406,966.2586248514348,-0.1499999999999999
2022-01-19 00:00:00,2.8042425690098374,1031.610735074494,-0.15000000000000036
2022-01-19 01:00:00,2.2974237392481145,845.1647580759002,-0.09999999999999964
2022-01-19 02:00:00,2.8069396252924657,1032.6029146544656,-0.10000000000000009
2022-01-19 03:00:00,4.084948327285663,1502.7503659002134,-0.10000000000000009
2022-01-19 04:00:00,2.8208681819311003,1037.7268824279035,-0.04999999999999982
2022-01-19 05:00:00,8.482218117279817,3120.3959898943126,0.1499999999999999
2022-01-19 06:00:00,4.963068256896544,1825.788735005816,0.2999999999999998
2022-01-19 07:00:00,11.983652134054779,4408.486028815402,0.20000000000000018
2022-01-19 08:00:00,3.07568114476218,1131.466201129387,0.0
2022-01-19 09:00:00,2.9687811192831504,1092.140354256289,-0.10000000000000009
2022-01-19 10:00:00,3.4305159575271214,1262.00105787529,-0.1499999999999999
2022-01-19 11:00:00,3.7131150613187396,1365.9622031826314,-0.1499999999999999
2022-01-19 12:00:00,3.021012302569964,1111.3549008079253,-0.10000000000000053
2022-01-19 13:00:00,3.8553757972005194,1418.2963713951408,-0.09999999999999964
2022-01-19 14:00:00,3.4316022449187082,1262.4006758494697,-0.10000000000000009
2022-01-19 15:00:00,3.1162908579192603,1146.4054993570478,0.0
2022-01-19 16:00:00,2.7249460342250544,1002.4395223405419,-0.050000000000000266
2022-01-19 17:00:00,4.940093567210446,1817.3369210375427,0.30000000000000027
2022-01-19 18:00:00,14.275683766910667,5251.667165752262,0.5000000000000004
2022-01-19 19:00:00,12.218281610722997,4494.800347544722,0.34999999999999964
2022-01-19 20:00:00,7.872951086183543,2896.2618808297707,0.09999999999999964
2022-01-19 21:00:00,2.5831412774105718,950.2730974274141,-0.09999999999999964
2022-01-19 22:00:00,2.551575194508372,938.6607246797671,-0.2999999999999998
2022-01-19 23:00:00,3.2830571863125493,1207.754662414729,-0.25
2022-01-20 00:00:00,2.6722589455027532,983.0572595768255,-0.04999999999999982
2022-01-20 01:00:00,2.0880862759486507,768.15473876461,-0.15000000000000036
2022-01-20 02:00:00,2.9983854519363717,1103.0310481310928,-0.10000000000000009
2022-01-20 03:00:00,3.1397023852321873,1155.0180149672908,-0.1499999999999999
2022-01-20 04:00:00,3.2809598185944,1206.983093265415,-0.04999999999999982
2022-01-20 05:00:00,2.0965529009275783,771.2693984287326,-0.10000000000000053
2022-01-20 06:00:00,15.191640884220332,5588.624890282555,0.5
2022-01-20 07:00:00,10.063671312759448,3702.173084181382,0.25
2022-01-20 08:00:00,11.646714594032842,4284.535131279832,0.15000000000000036
2022-01-20 09:00:00,2.8509623664817956,1048.7977805694907,-0.04999999999999982
2022-01-20 10:00:00,3.222068361660453,1185.3183985458388,-0.15000000000000036
2022-01-20 11:00:00,3.0808153925380344,1133.3549625299293,-0.1499999999999999
2022-01-20 12:00:00,2.2445446705307326,825.7118706714933,-0.1499999999999999
2022-01-20 13:00:00,3.9376400775478917,1448.5593435279307,0.0
2022-01-20 14:00:00,2.0447835522038322,752.2247492669849,-0.15000000000000036
2022-01-20 15:00:00,2.2771808175524595,837.717893257111,-0.09999999999999964
2022-01-20 16:00:00,3.2933424074779505,1211.538338150951,-0.10000000000000009
2022-01-20 17:00:00,8.417801444773572,3096.698706496078,0.10000000000000009
2022-01-20 18:00:00,11.235748709311705,4133.351056438044,0.5
2022-01-20 19:00:00,16.345377173723264,6013.055627783446,0.3999999999999999
2022-01-20 20:00:00,16.113111850043254,5927.611021834662,0.19999999999999973
2022-01-20 21:00:00,3.9377581814150555,1448.6027909880636,0.0
2022-01-20 22:00:00,1.9589965412777497,720.6658526225522,-0.14999999999999947
2022-01-20 23:00:00,3.5532013092742654,1307.1339316492702,-0.2999999999999998
2022-01-21 00:00:00,2.7820076263432405,1023.4310555410196,-0.20000000000000018
2022-01-21 01:00:00,3.5843120561539052,1318.5787976576178,-0.15000000000000036
2022-01-21 02:00:00,3.360275130373583,1236.161213586182,-0.04999999999999982
2022-01-21 03:00:00,3.4982253793073124,1286.9096614126775,-0.10000000000000009
2022-01-21 04:00:00,2.118252187109785,779.2520233330122,-0.10000000000000009
2022-01-21 05:00:00,3.1683092185708985,1165.5417537817693,-0.04999999999999982
2022-01-21 06:00:00,13.023815338670431,4791.136067713385,0.1499999999999999
2022-01-21 07:00:00,13.882574731903038,5107.05217949883,0.3500000000000001
2022-01-21 08:00:00,13.794002579803127,5074.4686990450755,0.25
2022-01-21 09:00:00,10.697263397077203,3935.2557721997764,0.10000000000000009
2022-01-21 10:00:00,3.3236488017424777,1222.687302941014,-0.25
2022-01-21 11:00:00,2.2971561241054377,845.0663091552881,-0.10000000000000009
2022-01-21 12:00:00,2.951324991070975,1085.7186810902351,-0.1499999999999999
2022-01-21 13:00:00,3.3858439777626312,1245.567353319428,-0.20000000000000018
2022-01-21 14:00:00,3.183013877761572,1170.9512302815383,-0.04999999999999982
2022-01-21 15:00:00,3.904648057442161,1436.4224041315351,-0.10000000000000009
2022-01-21 16:00:00,3.036833470503746,1117.1751129615657,0.0
2022-01-21 17:00:00,1.3726634889825757,504.968581009465,-0.10000000000000009
2022-01-21 18:00:00,11.395615874680907,4192.1621898982385,0.30000000000000027
2022-01-21 19:00:00,10.853473663328302,3992.721623896899,0.5
2022-01-21 20:00:00,7.653576015162599,2815.5592765779415,0.25
2022-01-21 21:00:00,14.095779060938566,5185.484722042775,0.14999999999999947
2022-01-21 22:00:00,3.2567247890094375,1198.0676317568468,-0.04999999999999982
2022-01-21 23:00:00,2.6234904356865894,965.1165440282041,-0.2999999999999998
2022-01-22 00:00:00,1.9339902849189183,711.4666760645471,-0.20000000000000018
2022-01-22 01:00:00,2.7481541967162118,1010.9772251169763,-0.14999999999999947
2022-01-22 02:00:00,2.4638191630387,906.3774746028616,-0.050000000000000266
2022-01-22 03:00:00,2.1492615957390324,790.6596095324966,-0.1499999999999999
2022-01-22 04:00:00,1.9946913935851436,733.7970964151348,-0.050000000000000266
2022-01-22 05:00:00,2.591520335279433,953.3555433409216,-0.10000000000000009
2022-01-22 06:00:00,2.7016732551823837,993.8780487502195,-0.04999999999999982
2022-01-22 07:00:00,9.067668112593031,3335.768406920162,0.3500000000000001
2022-01-22 08:00:00,8.47456832388127,3117.581822147822,0.3500000000000001
2022-01-22 09:00:00,6.391775143998924,2351.374281098604,0.1499999999999999
2022-01-22 10:00:00,4.076057628042245,1499.479699916041,-4.440892098500626e-16
2022-01-22 11:00:00,3.413396661744656,1255.7032969393156,-0.1999999999999993
2022-01-22 12:00:00,3.703226017385461,1362.3242711456767,-0.15000000000000036
2022-01-22 13:00:00,3.0006147157317837,1103.85113854983,-0.1499999999999999
2022-01-22 14:00:00,2.9582002184732503,1088.247905370847,-0.050000000000000266
2022-01-22 15:00:00,3.0400254620552545,1118.3493668535768,-0.1499999999999999
2022-01-22 16:00:00,3.2846534201631643,1208.341876942524,-0.10000000000000009
2022-01-22 17:00:00,2.8084492955318554,1033.1582845937812,-0.04999999999999982
2022-01-22 18:00:00,3.495080432436959,1285.7527140827463,0.04999999999999982
2022-01-22 19:00:00,9.184697415987845,3378.820561906529,0.4500000000000002
2022-01-22 20:00:00,10.82779347607444,3983.274525010885,0.3999999999999999
2022-01-22 21:00:00,5.361778665984535,1972.464326749061,0.19999999999999973
2022-01-22 22:00:00,14.646108649054296,5387.93721927085,0.10000000000000053
2022-01-22 23:00:00,4.389936036429622,1614.947719401547,-0.25
2022-01-23 00:00:00,2.6930595212219224,990.7092713695148,-0.20000000000000018
2022-01-23 01:00:00,3.0288472644596087,1114.2371874130786,-0.25
2022-01-23 02:00:00,2.7145198168278837,998.6039776155577,-0.09999999999999964
2022-01-23 03:00:00,2.9675649199871215,1091.6929449402624,-0.10000000000000053
2022-01-23 04:00:00,3.0687448461878177,1128.9145102913435,-0.04999999999999982
2022-01-23 05:00:00,2.770386940256915,1019.1560956470124,-0.04999999999999982
2022-01-23 06:00:00,3.5897615213178065,1320.583519654788,-0.20000000000000018
2022-01-23 07:00:00,17.67557573555071,6502.402423715717,0.20000000000000018
2022-01-23 08:00:00,13.62952809410843,5013.962647620138,0.34999999999999964
2022-01-23 09:00:00,0.0,0.0,0.3500000000000001
2022-01-23 10:00:00,2.249316033468811,827.4671358123388,0.1499999999999999
2022-01-23 11:00:00,1.3696818789176266,503.871721206822,-0.1499999999999999
2022-01-23 12:00:00,2.658742307614622,978.084826413729,-0.24999999999999956
2022-01-23 13:00:00,2.1268189804575126,782.4035324358074,-0.15000000000000036
2022-01-23 14:00:00,2.9697978289208895,1092.5143763142723,-0.1499999999999999
2022-01-23 15:00:00,2.063754030306094,759.2035138988543,-0.050000000000000266
2022-01-23 16:00:00,4.492913692008901,1652.830624447774,-0.09999999999999964
2022-01-23 17:00:00,1.6046507446538254,590.310892689526,-0.04999999999999982
2022-01-23 18:00:00,3.912232689459346,1439.2126006348567,-0.050000000000000266
2022-01-23 19:00:00,8.28543244620495,3048.0034611476462,0.30000000000000027
2022-01-23 20:00:00,14.296810039987555,5259.438993460422,0.44999999999999973
2022-01-23 21:00:00,12.896800942239512,4744.410646626361,0.30000000000000027
2022-01-23 22:00:00,7.654892940449689,2816.043740467929,0.09999999999999964
2022-01-23 23:00:00,4.014422231869449,1476.8055785489735,0.0
2022-01-24 00:00:00,2.208969163794879,812.6245311310412,-0.25
2022-01-24 01:00:00,2.668803244824584,981.7859936898438,-0.25
2022-01-24 02:00:00,3.0343631687797057,1116.2663507148345,-0.10000000000000009
2022-01-24 03:00:00,0.9888640651527916,363.77836796808316,-0.19999999999999973
2022-01-24 04:00:00,2.9590610296618785,1088.5645762868635,-0.04999999999999982
2022-01-24 05:00:00,2.8376248298073574,1043.8912342653816,-0.050000000000000266
2022-01-24 06:00:00,4.053157540830951,1491.0553303331865,-0.1499999999999999
2022-01-24 07:00:00,1.8990374085996269,698.6083866885878,0.0
2022-01-24 08:00:00,13.037255246534471,4796.080273818869,0.2999999999999998
2022-01-24 09:00:00,1.916998756054839,705.215917383674,0.2999999999999998
2022-01-24 10:00:00,5.565070752922068,2047.2504032312056,0.25
2022-01-24 11:00:00,7.544422331082735,2775.4043650470617,0.04999999999999982
2022-01-24 12:00:00,3.767150463487893,1385.8404767556087,-0.19999999999999973
2022-01-24 13:00:00,2.962517291146412,1089.8360484804864,-0.19999999999999973
2022-01-24 14:00:00,2.4463263416726786,899.9423029428366,-0.15000000000000036
2022-01-24 15:00:00,2.4710258942344994,909.0286508415163,-0.14999999999999947
2022-01-24 16:00:00,2.1786387683009982,801.4667368887298,0.0
2022-01-24 17:00:00,2.7469292574798,1010.5266005953813,-0.10000000000000053
2022-01-24 18:00:00,2.9458820663405034,1083.7163651550127,-0.04999999999999982
2022-01-24 19:00:00,3.7268438598568028,1371.0126849448213,-0.1499999999999999
2022-01-24 20:00:00,11.157976650178638,4104.740660184466,0.3500000000000001
2022-01-24 21:00:00,14.526952623436763,5344.102696346799,0.44999999999999973
2022-01-24 22:00:00,8.925944995477515,3283.632015211291,0.19999999999999973
2022-01-24 23:00:00,9.662923744651707,3554.748072563746,0.09999999999999964
2022-01-25 00:00:00,2.457444314546974,904.0323272139681,-0.1999999999999993
2022-01-25 01:00:00,2.8970863856439486,1065.7656541187678,-0.25
2022-01-25 02:00:00,2.9187456963336267,1073.7335730387329,-0.20000000000000018
2022-01-25 03:00:00,2.715653499623708,999.0210311740717,-0.04999999999999982
2022-01-25 04:00:00,3.1557178828209365,1160.909716142752,-0.1499999999999999
2022-01-25 05:00:00,2.0813155990674423,765.6639760069355,-0.10000000000000009
2022-01-25 06:00:00,3.707095599389674,1363.747793625476,-0.09999999999999964
2022-01-25 07:00:00,2.7729319953313887,1020.0923577825346,-0.050000000000000266
2022-01-25 08:00:00,8.603281813554261,3164.9322971612737,0.050000000000000266
2022-01-25 09:00:00,2.2324751600628274,821.2717995081126,0.34999999999999964
2022-01-25 10:00:00,15.02184081884141,5526.159691231283,0.25
2022-01-25 11:00:00,9.769113245517284,3593.8125351946715,0.25
2022-01-25 12:00:00,2.7411922755178146,1008.4161083561161,-0.04999999999999982
2022-01-25 13:00:00,2.665548317935832,980.5885874606442,-0.20000000000000018
2022-01-25 14:00:00,3.0399544142334625,1118.3232301361352,-0.20000000000000018
2022-01-25 15:00:00,2.9897623170110523,1099.8588123704408,-0.09999999999999964
2022-01-25 16:00:00,2.731645701434962,1004.9041624153865,-0.10000000000000009
2022-01-25 17:00:00,3.4708890031387853,1276.8532920296807,-0.10000000000000009
2022-01-25 18:00:00,2.385658740538939,877.6242091757621,-0.04999999999999982
2022-01-25 19:00:00,2.8240500621947238,1038.897416629884,-0.10000000000000009
2022-01-25 20:00:00,9.493211682177048,3492.3152475808815,0.10000000000000009
2022-01-25 21:00:00,9.172567625775807,3374.3583153322747,0.2999999999999998
2022-01-25 22:00:00,8.491305481152937,3123.7390038791364,0.2999999999999998
2022-01-25 23:00:00,14.0340496031568,5162.775997761308,0.20000000000000018
2022-01-26 00:00:00,7.410269626664408,2726.0529389091694,0.04999999999999982
2022-01-26 01:00:00,2.6558127514653336,977.0071159453096,-0.25
2022-01-26 02:00:00,3.3655988360904887,1238.1196718267886,-0.19999999999999973
2022-01-26 03:00:00,3.487584664239359,1282.9952083570543,-0.1499999999999999
2022-01-26 04:00:00,2.2938628756993946,843.8548053979148,-0.10000000000000009
2022-01-26 05:00:00,2.455189491854005,903.202834315792,-0.050000000000000266
2022-01-26 06:00:00,2.5074056066388604,922.4118375422709,-0.09999999999999964
2022-01-26 07:00:00,2.684681854168194,987.6273371021243,-0.04999999999999982
2022-01-26 08:00:00,3.2731634620684797,1204.115008608442,-0.050000000000000266
2022-01-26 09:00:00,1.4059443668226927,517.211783944898,0.04999999999999982
2022-01-26 10:00:00,14.115239185557844,5192.643615387092,0.3500000000000001
2022-01-26 11:00:00,15.231183224603587,5603.171528751044,0.25
2022-01-26 12:00:00,8.06670771505276,2967.5401006750344,0.20000000000000018
2022-01-26 13:00:00,1.8990556874046665,698.6151110039917,0.0
2022-01-26 14:00:00,2.1345069257043043,785.231735293471,-0.20000000000000018
2022-01-26 15:00:00,3.213094782847806,1182.0172432401366,-0.1499999999999999
2022-01-26 16:00:00,3.4034681394345903,1252.0508417944998,-0.1499999999999999
2022-01-26 17:00:00,2.291130517132126,842.8496389899809,-0.10000000000000009
2022-01-26 18:00:00,1.8509767759551234,680.928081454491,0.0
2022-01-26 19:00:00,2.4171802800682185,889.2201955300958,-0.10000000000000009
2022-01-26 20:00:00,2.752172479640258,1012.4554509476598,-0.04999999999999982
2022-01-26 21:00:00,2.6112013242915957,960.5956871737707,0.0
2022-01-26 22:00:00,14.38516600228698,5291.942943091322,0.25
2022-01-26 23:00:00,12.92046773212129,4753.11706695412,0.20000000000000018
2022-01-27 00:00:00,7.687738301145344,2828.126727533843,0.09999999999999964
2022-01-27 01:00:00,3.1240409142396106,1149.2565513258967,0.0
2022-01-27 02:00:00,2.586083953249356,951.3556343016068,-0.04999999999999982
2022-01-27 03:00:00,2.7941833482231537,1027.9101992275928,-0.20000000000000018
2022-01-27 04:00:00,3.7106790504147207,1365.0660556713153,-0.09999999999999964
2022-01-27 05:00:00,2.940266517537564,1081.6505451391315,-0.050000000000000266
2022-01-27 06:00:00,3.125896657511179,1149.939232881925,-0.10000000000000009
2022-01-27 07:00:00,2.0968671767707163,771.3850126545274,-0.04999999999999982
2022-01-27 08:00:00,2.3849031519440813,877.346247021429,-0.15000000000000036
2022-01-27 09:00:00,7.496686477365884,2757.8435378609747,0.050000000000000266
2022-01-27 10:00:00,5.722442855373061,2105.143665420365,0.10000000000000009
2022-01-27 11:00:00,2.644432728330996,972.8206899347651,0.25
2022-01-27 12:00:00,17.920432688013058,6592.479175102804,0.2999999999999998
2022-01-27 13:00:00,17.316629092593953,6370.354927437999,0.1499999999999999
2022-01-27 14:00:00,15.350543722877559,5647.081272053582,0.050000000000000266
2022-01-27 15:00:00,2.5465641791107707,936.8172973903747,-0.15000000000000036
2022-01-27 16:00:00,2.3478466863463643,863.7140997396688,-0.1499999999999999
2022-01-27 17:00:00,4.221871614157059,1553.1210200580279,-0.1499999999999999
2022-01-27 18:00:00,4.327556797488837,1591.999956876206,-0.1499999999999999
2022-01-27 19:00:00,3.2000514054207976,1177.218910769176,-0.050000000000000266
2022-01-27 20:00:00,2.6501873258754602,974.9376625064349,0.0
2022-01-27 21:00:00,2.8555078649528642,1050.469955819535,-0.04999999999999982
2022-01-27 22:00:00,1.8105255441906654,666.0470845691411,-0.04999999999999982
2022-01-27 23:00:00,8.764746479570553,3224.331111172017,0.09999999999999964
2022-01-28 00:00:00,8.977952260595856,3302.764187866701,0.25
2022-01-28 01:00:00,5.9876149952105795,2202.693866363092,0.10000000000000053
2022-01-28 02:00:00,2.2805565128138445,838.959727151393,0.0
2022-01-28 03:00:00,3.6779023068612733,1353.0083111365907,-0.050000000000000266
2022-01-28 04:00:00,2.4049809346147697,884.7323613214083,-0.10000000000000009
2022-01-28 05:00:00,3.086218295142002,1135.3425553253642,-0.09999999999999964
2022-01-28 06:00:00,3.3562181691615196,1234.668758980294,-0.050000000000000266
2022-01-28 07:00:00,3.302132669848055,1214.7720559203533,-0.1499999999999999
2022-01-28 08:00:00,2.564782237114328,943.5192654784333,-0.050000000000000266
2022-01-28 09:00:00,2.4853100463107873,914.2834332865809,-0.04999999999999982
2022-01-28 10:00:00,3.497077922737316,1286.4875408269902,-0.10000000000000009
2022-01-28 11:00:00,11.524651019405862,4239.630993763932,0.10000000000000009
2022-01-28 12:00:00,15.301670849854833,5629.102163890347,0.25
2022-01-28 13:00:00,8.004591862728612,2944.689231501288,0.30000000000000027
2022-01-28 14:00:00,12.43393922903288,4574.1353938804705,0.19999999999999973
2022-01-28 15:00:00,6.054758522615775,2227.3942915072785,0.1499999999999999
2022-01-28 16:00:00,11.380886932550945,4186.743780312179,0.04999999999999982
2022-01-28 17:00:00,2.2254309686929834,818.6804176079313,-0.20000000000000018
2022-01-28 18:00:00,3.020440805372355,1111.144661276355,-0.1999999999999993
2022-01-28 19:00:00,2.095608359468722,770.9219252395561,-0.15000000000000036
2022-01-28 20:00:00,2.5442323228574484,935.9594657711838,-0.04999999999999982
2022-01-28 21:00:00,3.584997862235244,1318.8310885697906,-0.10000000000000009
2022-01-28 22:00:00,3.4736380398800395,1277.8645939208695,-0.10000000000000009
2022-01-28 23:00:00,2.690581150755299,989.7975408341056,-0.04999999999999982
2022-01-29 00:00:00,2.547899365645636,937.3084791368883,-0.050000000000000266
2022-01-29 01:00:00,9.615979638093798,3537.478509363756,0.10000000000000009
2022-01-29 02:00:00,12.865019757999548,4732.719143474084,0.25
2022-01-29 03:00:00,3.917478567465938,1441.1424280065319,0.04999999999999982
2022-01-29 04:00:00,2.639646758061927,971.0600511220313,0.0
2022-01-29 05:00:00,3.626322763644197,1334.033486675609,-0.09999999999999964
2022-01-29 06:00:00,3.0534533179904124,1123.289139355723,-0.10000000000000009
2022-01-29 07:00:00,2.6075637599071513,959.2575181758433,-0.050000000000000266
2022-01-29 08:00:00,4.035561940851021,1484.5823489905697,-0.04999999999999982
2022-01-29 09:00:00,2.5854465858428473,951.1211627669373,-0.10000000000000009
2022-01-29 10:00:00,2.5120061280626858,924.1042543610606,-0.04999999999999982
2022-01-29 11:00:00,2.770080137782152,1019.043230686609,-0.050000000000000266
2022-01-29 12:00:00,3.2479939093602277,1194.8557594058939,0.0
2022-01-29 13:00:00,7.640649083896765,2810.803781738522,0.10000000000000009
2022-01-29 14:00:00,11.405639748850243,4195.849722608284,0.3500000000000001
2022-01-29 15:00:00,11.984570846272142,4408.824000072364,0.25
2022-01-29 16:00:00,10.159340700281964,3737.367460116228,0.10000000000000009
2022-01-29 17:00:00,3.0649803033789227,1127.529629105521,0.0
2022-01-29 18:00:00,3.3967166252846193,1249.5671285265792,-0.050000000000000266
2022-01-29 19:00:00,4.1256970566208535,1517.7408047043964,-0.14999999999999947
2022-01-29 20:00:00,3.5379429542447625,1301.5207642927921,-0.15000000000000036
2022-01-29 21:00:00,2.806683335627616,1032.5086320940093,-0.10000000000000009
2022-01-29 22:00:00,2.7903720098654143,1026.5081031292393,-0.10000000000000009
2022-01-29 23:00:00,3.8067287068268416,1400.4003230239243,-0.04999999999999982
2022-01-30 00:00:00,3.647414742290273,1341.7926983200343,-0.04999999999999982
2022-01-30 01:00:00,2.404816032963946,884.6716981266115,-0.050000000000000266
2022-01-30 02:00:00,2.4416524372864985,898.2228903667706,0.0
2022-01-30 03:00:00,16.008221518011588,5889.024490938513,0.25
2022-01-30 04:00:00,9.124151182039546,3356.5471160927987,0.1499999999999999
2022-01-30 05:00:00,9.148500643828147,3365.5046743482794,0.050000000000000266
2022-01-30 06:00:00,1.7598922956914937,647.4203782775083,-0.050000000000000266
2022-01-30 07:00:00,3.241070576513198,1192.3088383347927,-0.09999999999999964
2022-01-30 08:00:00,3.5548551894506653,1307.7423528191634,-0.050000000000000266
2022-01-30 09:00:00,2.9063619391025624,1069.177898347355,-0.1499999999999999
2022-01-30 10:00:00,3.7941233019156044,1395.7631096922032,-0.04999999999999982
2022-01-30 11:00:00,3.320074533537836,1221.3724190252315,-0.10000000000000009
2022-01-30 12:00:00,3.0671227311911866,1128.3177747369577,-0.050000000000000266
2022-01-30 13:00:00,2.391513034445785,879.7778575467432,0.0
2022-01-30 14:00:00,14.053334467999873,5169.870417415453,0.10000000000000009
2022-01-30 15:00:00,5.668443474156708,2085.278643055399,0.3999999999999999
2022-01-30 16:00:00,10.372719312368453,3815.8641170375445,0.25
2022-01-30 17:00:00,7.019713710175196,2582.3771811307006,0.15000000000000036
2022-01-30 18:00:00,11.022624668032968,4054.9480497526274,0.04999999999999982
2022-01-30 19:00:00,3.1772484927178497,1168.830289258579,-0.15000000000000036
2022-01-30 20:00:00,2.4944154898719257,917.6330983366346,-0.14999999999999947
2022-01-30 21:00:00,3.5017389094847644,1288.2022013267078,-0.10000000000000009
2022-01-30 22:00:00,3.053112196392572,1123.1636492479174,-0.1499999999999999
2022-01-30 23:00:00,2.7727270969728437,1020.0169807988848,-0.050000000000000266
2022-01-31 00:00:00,3.101727329974157,1141.047941514243,-0.10000000000000009
2022-01-31 01:00:00,2.2934232478159924,843.6930772903083,-0.09999999999999964
2022-01-31 02:00:00,2.8115239976690494,1034.2893906425015,-0.050000000000000266
2022-01-31 03:00:00,2.761718054445434,1015.967029279114,0.0
2022-01-31 04:00:00,5.919188857421626,2177.5216009239807,0.30000000000000027
2022-01-31 05:00:00,1.8462418651809296,679.1862261534344,0.19999999999999973
2022-01-31 06:00:00,15.489609450309594,5698.240076532642,0.10000000000000009
2022-01-31 07:00:00,2.356587326571383,866.9295627624474,-0.10000000000000009
2022-01-31 08:00:00,3.5617047881176016,1310.2621489287628,-0.10000000000000009
2022-01-31 09:00:00,2.879625214714512,1059.3421258631013,-0.09999999999999964
2022-01-31 10:00:00,3.7111850655386416,1365.2522059850278,-0.15000000000000036
2022-01-31 11:00:00,2.8715519007796635,1056.3721554993188,0.0
2022-01-31 12:00:00,3.8035053585115612,1399.2145337624409,-0.09999999999999964
2022-01-31 13:00:00,3.488086457457964,1283.1798055373486,-0.050000000000000266
2022-01-31 14:00:00,3.1031157707921286,1141.5587141801543,-0.10000000000000009
2022-01-31 15:00:00,8.95433567314006,3294.0762357564,0.04999999999999982
2022-01-31 16:00:00,6.102780181540943,2245.0602592843743,0.4500000000000002
2022-01-31 17:00:00,12.808475621327956,4711.917969196022,0.2999999999999998
2022-01-31 18:00:00,15.845521349920189,5829.17116660189,0.20000000000000018
2022-01-31 19:00:00,2.6715986598799057,982.8143570033203,0.0
2022-01-31 20:00:00,2.5037176717507386,921.0551384953029,-0.19999999999999973
2022-01-31 21:00:00,3.2685282491293792,1202.4098296484703,-0.10000000000000009
2022-01-31 22:00:00,3.148807064800376,1158.3673989634383,-0.1499999999999999
2022-01-31 23:00:00,3.4824425072642273,1281.1035373598277,-0.10000000000000009
2022-02-01 00:00:00,2.6652742903748106,980.4877795716336,-0.10000000000000009
2022-02-01 01:00:00,3.0606352229150935,1125.9311826298901,-0.10000000000000009
2022-02-01 02:00:00,3.066612129437752,1128.129937116913,-0.04999999999999982
2022-02-01 03:00:00,2.6126745440924086,961.1376479079948,-0.10000000000000009
2022-02-01 04:00:00,10.623891122835824,3908.2639468132284,0.050000000000000266
2022-02-01 05:00:00,10.093707448588573,3713.2226276495207,0.2999999999999998
2022-02-01 06:00:00,5.388919475738237,1982.4487521372037,0.20000000000000018
2022-02-01 07:00:00,2.190387705169717,805.7888770393097,0.09999999999999964
2022-02-01 08:00:00,3.7233547109883762,1369.7291143048487,-0.09999999999999964
2022-02-01 09:00:00,3.0492697800262363,1121.7501203271515,-0.15000000000000036
2022-02-01 10:00:00,2.757992503952828,1014.5964923916467,-0.04999999999999982
2022-02-01 11:00:00,3.0357772224834094,1116.7865457210842,-0.20000000000000018
2022-02-01 12:00:00,1.6104294554610012,592.4367359277159,-0.04999999999999982
2022-02-01 13:00:00,1.5895342361938696,584.7499071398198,-0.04999999999999982
2022-02-01 14:00:00,2.230086878740209,820.3932105165545,-0.15000000000000036
2022-02-01 15:00:00,2.7305485442910093,1004.500545731055,0.0
2022-02-01 16:00:00,15.8619836280835,5835.227227181217,0.20000000000000018
2022-02-01 17:00:00,6.443001270447827,2370.219092365994,0.5
2022-02-01 18:00:00,12.797029226188384,4707.707126584051,0.2999999999999998
2022-02-01 19:00:00,8.954809099612774,3294.25039752005,0.15000000000000036
2022-02-01 20:00:00,3.138460094085624,1154.5610071117487,-0.04999999999999982
2022-02-01 21:00:00,2.6677276076467886,981.3902936630625,-0.20000000000000018
2022-02-01 22:00:00,2.58209557472094,949.8884095504659,-0.15000000000000036
2022-02-01 23:00:00,2.7229428729717915,1001.7026093944977,-0.1499999999999999
2022-02-02 00:00:00,3.154837064016318,1160.585684925003,-0.10000000000000009
2022-02-02 01:00:00,1.7296464909881957,636.2937028722824,-0.09999999999999964
2022-02-02 02:00:00,3.0347833305327723,1116.4209177197436,-0.10000000000000009
2022-02-02 03:00:00,2.888998563793957,1062.7903466557018,-0.10000000000000009
2022-02-02 04:00:00,2.8276010032141428,1040.2037190574026,-0.04999999999999982
2022-02-02 05:00:00,14.891836747320538,5478.334443420542,0.04999999999999982
2022-02-02 06:00:00,8.736127307826834,3213.802833366796,0.4500000000000002
2022-02-02 07:00:00,14.318205957261615,5267.3100165276155,0.1499999999999999
2022-02-02 08:00:00,11.988084802285506,4410.11669664078,0.10000000000000009
2022-02-02 09:00:00,3.4561138985046913,1271.4179004124132,-0.10000000000000053
2022-02-02 10:00:00,3.2031571071838663,1178.3614208052647,-0.24999999999999956
2022-02-02 11:00:00,3.772114100135765,1387.6664745874448,-0.050000000000000266
2022-02-02 12:00:00,2.4586347004678024,904.4702404345928,-0.09999999999999964
2022-02-02 13:00:00,1.8663145663255607,686.5704710870156,-0.10000000000000009
2022-02-02 14:00:00,3.282181848560988,1207.4326475393736,-0.1499999999999999
2022-02-02 15:00:00,4.185159706473359,1539.6156270188867,-0.10000000000000053
2022-02-02 16:00:00,2.994926515210889,1101.7585917832057,-0.04999999999999982
2022-02-02 17:00:00,7.446125864209387,2739.243552296028,0.20000000000000018
2022-02-02 18:00:00,8.366045001672788,3077.6588049903767,0.6000000000000001
2022-02-02 19:00:00,6.781351399166218,2494.6896459682725,0.19999999999999973
2022-02-02 20:00:00,13.4995037049932,4966.1299254743735,0.10000000000000053
2022-02-02 21:00:00,3.294785048391434,1212.0690496769987,-0.10000000000000053
2022-02-02 22:00:00,2.1654131600990687,796.6013662714448,-0.14999999999999947
2022-02-02 23:00:00,1.2883330743001773,473.94552970817773,-0.15000000000000036
2022-02-03 00:00:00,2.7522470122814386,1012.4828696430342,-0.1499999999999999
2022-02-03 01:00:00,3.1348799484056054,1153.243961019712,-0.10000000000000009
2022-02-03 02:00:00,2.3070890916073377,848.7203995750492,-0.10000000000000009
2022-02-03 03:00:00,3.0051249618265508,1105.5103453319423,-0.1499999999999999
2022-02-03 04:00:00,2.020202131339032,743.1818590663464,-0.04999999999999982
2022-02-03 05:00:00,2.8496398355787624,1048.3112545135373,-0.050000000000000266
2022-02-03 06:00:00,7.6240185994086005,2804.6858422574387,0.3500000000000001
2022-02-03 07:00:00,11.90426820336981,4379.282665314668,0.2999999999999998
2022-02-03 08:00:00,4.552063681346866,1674.5904267754781,0.15000000000000036
2022-02-03 09:00:00,3.17290668944378,1167.2330483791304,0.0
2022-02-03 10:00:00,2.321011079647562,853.8419509253467,-0.10000000000000009
2022-02-03 11:00:00,3.7520262804943685,1380.276667936866,-0.1499999999999999
2022-02-03 12:00:00,3.1500129923276567,1158.8110295525366,-0.15000000000000036
2022-02-03 13:00:00,2.9273443899105813,1076.8968174383551,-0.09999999999999964
2022-02-03 14:00:00,3.6936419618317013,1358.798536708837,-0.10000000000000009
2022-02-03 15:00:00,3.562039869994015,1310.3854171740481,-0.1499999999999999
2022-02-03 16:00:00,3.645887962255815,1341.231034114858,-0.050000000000000266
2022-02-03 17:00:00,3.5112425477660327,1291.6983522594294,-0.050000000000000266
2022-02-03 18:00:00,10.675753551740286,3927.3428378464573,0.5
2022-02-03 19:00:00,10.637327532077572,3913.206865863037,0.40000000000000036
2022-02-03 20:00:00,5.115273880690012,1881.781378858838,0.20000000000000018
2022-02-03 21:00:00,2.823973711291634,1038.8693290414099,0.0
2022-02-03 22:00:00,3.169392720794554,1165.9403471622966,-0.15000000000000036
2022-02-03 23:00:00,3.138765830324651,1154.673479830681,-0.14999999999999947
2022-02-04 00:00:00,2.4502490169490483,901.385357110131,-0.10000000000000053
2022-02-04 01:00:00,2.7381975396492115,1007.3144198984536,-0.14999999999999947
2022-02-04 02:00:00,2.665186254198646,980.4553932633266,-0.10000000000000053
2022-02-04 03:00:00,2.521252257546877,927.5056742450574,-0.09999999999999964
2022-02-04 04:00:00,2.6992387325005147,992.9824487186269,-0.10000000000000009
2022-02-04 05:00:00,2.757627989727674,1014.4623967210681,-0.10000000000000009
2022-02-04 06:00:00,2.3968255663793916,881.7322052318186,0.0
2022-02-04 07:00:00,6.156845255205358,2264.9494482586715,0.4500000000000002
2022-02-04 08:00:00,16.47447233775335,6060.546511251014,0.4500000000000002
2022-02-04 09:00:00,6.629369520506221,2438.779312356226,0.25
2022-02-04 10:00:00,2.6586683107750084,978.0576048263564,-0.15000000000000036
2022-02-04 11:00:00,2.955815551589589,1087.37064604102,-0.3500000000000001
2022-02-04 12:00:00,1.7410403303637356,640.4852115325593,-0.19999999999999973
2022-02-04 13:00:00,1.4110081319361893,519.0746165360256,-0.15000000000000036
2022-02-04 14:00:00,3.3059363678581573,1216.1713413258194,-0.04999999999999982
2022-02-04 15:00:00,2.814432763867676,1035.3594530078212,-0.1499999999999999
2022-02-04 16:00:00,2.316033787401087,852.0109295401749,-0.1499999999999999
2022-02-04 17:00:00,3.741256124805945,1376.3145969129869,0.0
2022-02-04 18:00:00,14.919009499128174,5488.330619491778,0.04999999999999982
2022-02-04 19:00:00,10.932234831344571,4021.695888580884,0.4500000000000002
2022-02-04 20:00:00,4.444175782698206,1634.9011660601027,0.2999999999999998
2022-02-04 21:00:00,0.11897522693129581,43.768011607350445,0.15000000000000036
2022-02-04 22:00:00,2.4745068307182176,910.3092003504644,0.0
2022-02-04 23:00:00,3.354486949762686,1234.0318866439482,-0.20000000000000018
2022-02-05 00:00:00,2.9619788276822923,1089.6379612336234,-0.15000000000000036
2022-02-05 01:00:00,2.946385521212204,1083.9015736159395,-0.1499999999999999
2022-02-05 02:00:00,3.012919966829505,1108.3779327974041,-0.10000000000000009
2022-02-05 03:00:00,2.2742552540314036,836.6416515768024,-0.09999999999999964
2022-02-05 04:00:00,3.3034633696093625,1215.261587095044,-0.10000000000000009
2022-02-05 05:00:00,1.5328135680623305,563.8837913509298,-0.050000000000000266
2022-02-05 06:00:00,2.881124751555673,1059.893767978543,-0.04999999999999982
2022-02-05 07:00:00,3.4552459482590643,1271.0986032158032,0.09999999999999964
2022-02-05 08:00:00,8.786837734237045,3232.457931482453,0.6000000000000001
2022-02-05 09:00:00,16.233872736162976,5972.035932815955,0.30000000000000027
2022-02-05 10:00:00,11.77340526166172,4331.141460633805,0.05000000000000071
2022-02-05 11:00:00,3.7448464602592146,1377.6353915678587,-0.20000000000000107
2022-02-05 12:00:00,2.8418524584620495,1045.4464731567264,-0.2999999999999998
2022-02-05 13:00:00,2.7343887103188713,1005.913246808555,-0.14999999999999947
2022-02-05 14:00:00,3.268138005521804,1202.2662687813336,-0.15000000000000036
2022-02-05 15:00:00,2.8525927722551057,1049.397566093347,-0.10000000000000009
2022-02-05 16:00:00,3.262304694247626,1200.1203393963453,-0.10000000000000009
2022-02-05 17:00:00,3.0164744392370335,1109.6855343343236,-0.09999999999999964
2022-02-05 18:00:00,3.844900156404525,1414.4426450373146,-0.050000000000000266
2022-02-05 19:00:00,12.939250121292794,4760.026638370586,0.19999999999999973
2022-02-05 20:00:00,8.590247180538137,3160.1371815404673,0.4500000000000002
2022-02-05 21:00:00,3.951403221973611,1453.622460283542,0.15000000000000036
2022-02-05 22:00:00,9.91938422695302,3649.0934724903427,0.14999999999999947
2022-02-05 23:00:00,1.8292479517323441,672.9345902435359,-0.14999999999999947
2022-02-06 00:00:00,3.267632369333051,1202.080257868396,-0.15000000000000036
2022-02-06 01:00:00,2.8833395632941965,1060.7085418468525,-0.1499999999999999
2022-02-06 02:00:00,3.067461544860998,1128.4424158157394,-0.10000000000000009
2022-02-06 03:00:00,3.4465347244499798,1267.8939617570363,-0.09999999999999964
2022-02-06 04:00:00,3.3941664472252024,1248.6289817729712,-0.15000000000000036
2022-02-06 05:00:00,3.244636097624911,1193.6205044137644,-0.04999999999999982
2022-02-06 06:00:00,3.712790695121786,1365.8428769679272,-0.10000000000000009
2022-02-06 07:00:00,2.0103909741398844,739.5725796117099,0.0
2022-02-06 08:00:00,10.888205885025373,4005.4987399537094,0.3999999999999999
2022-02-06 09:00:00,9.265755971547696,3408.6399780331094,0.4500000000000002
2022-02-06 10:00:00,5.961383233607668,2193.043857063421,0.1999999999999993
2022-02-06 11:00:00,2.6199478736645383,963.8133240243421,-0.049999999999998934
2022-02-06 12:00:00,3.0290726657056033,1114.3201068964488,-0.25000000000000044
2022-02-06 13:00:00,2.1136520532789222,777.5597490999835,-0.19999999999999973
2022-02-06 14:00:00,2.2523242471480143,828.5737824195758,-0.25
2022-02-06 15:00:00,2.753529316245162,1012.954597213689,-0.10000000000000009
2022-02-06 16:00:00,3.3990889971899585,1250.4398648412562,-0.050000000000000266
2022-02-06 17:00:00,2.964058063568347,1090.4028601352056,-0.09999999999999964
2022-02-06 18:00:00,3.099930516490912,1140.3869387540942,0.0
2022-02-06 19:00:00,3.075188983410232,1131.285147272039,0.0
2022-02-06 20:00:00,10.6571841074949,3920.5116035446863,0.2999999999999998
2022-02-06 21:00:00,8.021946687708589,2951.0736377407966,0.25
2022-02-06 22:00:00,8.499419655660265,3126.72400582602,0.15000000000000036
2022-02-06 23:00:00,3.6191137203117045,1331.3814598596682,-4.440892098500626e-16
2022-02-07 00:00:00,3.264056250609233,1200.7646931928716,-0.1499999999999999
2022-02-07 01:00:00,3.592711612554533,1321.6687844684989,-0.10000000000000009
2022-02-07 02:00:00,2.233891910453038,821.7929865579115,-0.10000000000000009
2022-02-07 03:00:00,2.808564182092402,1033.2005484872423,-0.09999999999999964
2022-02-07 04:00:00,2.357241821468255,867.1703350726342,-0.15000000000000036
2022-02-07 05:00:00,3.3075145449972703,1216.7519132408709,-0.04999999999999982
2022-02-07 06:00:00,1.8309644806883882,673.5660583332408,-0.10000000000000009
2022-02-07 07:00:00,3.2454263234787137,1193.911208749732,0.0
2022-02-07 08:00:00,9.533086054496403,3506.9840322978644,0.1499999999999999
2022-02-07 09:00:00,12.509855451693205,4602.063074291637,0.40000000000000036
2022-02-07 10:00:00,9.18769908249421,3379.9247999725576,0.2999999999999998
2022-02-07 11:00:00,5.434415500277776,1999.1856021646863,0.09999999999999964
2022-02-07 12:00:00,3.210454966204356,1181.0461206924276,-0.14999999999999947
2022-02-07 13:00:00,2.110209898893379,776.2934665554018,-0.25
2022-02-07 14:00:00,2.2582550012103595,830.7555585702611,-0.10000000000000009
2022-02-07 15:00:00,3.8220972605523134,1406.054029725682,-0.1499999999999999
2022-02-07 16:00:00,2.650092038315493,974.902608595312,-0.10000000000000009
2022-02-07 17:00:00,3.254297153302674,1197.1745652712211,-0.050000000000000266
2022-02-07 18:00:00,2.572798929413092,946.4684061578411,-0.04999999999999982
2022-02-07 19:00:00,3.516542931020565,1293.6482307491904,0.0
2022-02-07 20:00:00,11.503627652483267,4231.897022657282,0.25
2022-02-07 21:00:00,7.433530065235139,2734.609872748377,0.25
2022-02-07 22:00:00,13.279213892308945,4885.0908106331535,0.1499999999999999
2022-02-07 23:00:00,7.6436956370096745,2811.924532464934,0.10000000000000009
2022-02-08 00:00:00,2.448483015171183,900.7356892060988,-0.15000000000000036
2022-02-08 01:00:00,2.8006323888685696,1030.282640055025,-0.09999999999999964
2022-02-08 02:00:00,3.1743707428105052,1167.7716370114147,-0.1499999999999999
2022-02-08 03:00:00,2.2650194684398515,833.2440369523105,-0.10000000000000009
2022-02-08 04:00:00,2.7737469544393645,1020.3921608643811,-0.10000000000000009
2022-02-08 05:00:00,2.902255852799288,1067.667371848538,-0.050000000000000266
2022-02-08 06:00:00,3.266217371298476,1201.559715466427,-0.04999999999999982
2022-02-08 07:00:00,3.5565349235657493,1308.3602850067502,-0.04999999999999982
2022-02-08 08:00:00,10.331744801578536,3800.7906188807037,0.04999999999999982
2022-02-08 09:00:00,13.588954260484511,4999.036548575739,0.30000000000000027
2022-02-08 10:00:00,11.337189722288219,4170.668669086778,0.34999999999999964
2022-02-08 11:00:00,6.345610126756393,2334.391325380508,0.20000000000000062
2022-02-08 12:00:00,3.281544013313365,1207.1980038976542,-0.10000000000000053
2022-02-08 13:00:00,2.187549454746649,804.7447556649234,-0.1499999999999999
2022-02-08 14:00:00,3.1777989052987388,1169.0327722867737,-0.19999999999999973
2022-02-08 15:00:00,2.7133062445704943,998.1575347213707,-0.10000000000000009
2022-02-08 16:00:00,3.2854324902288443,1208.628477342936,-0.10000000000000009
2022-02-08 17:00:00,2.625566412118063,965.8802438579323,-0.04999999999999982
2022-02-08 18:00:00,2.332871184934605,858.2049871578176,-0.04999999999999982
2022-02-08 19:00:00,2.093365693266831,770.0969044105354,-0.050000000000000266
2022-02-08 20:00:00,6.3313150448498385,2329.132522124134,0.050000000000000266
2022-02-08 21:00:00,14.249892567509605,5242.1792282725955,0.14999999999999947
2022-02-08 22:00:00,7.2962018704517035,2684.0902630924206,0.3500000000000001
2022-02-08 23:00:00,8.704652003327505,3202.2238557241058,0.10000000000000009
2022-02-09 00:00:00,3.0274234053312643,1113.7133852362388,-0.04999999999999982
2022-02-09 01:00:00,2.8402537821591967,1044.8583601118144,-0.20000000000000018
2022-02-09 02:00:00,2.4362290163775078,896.2277493998756,-0.1499999999999999
2022-02-09 03:00:00,3.4497045098414243,1269.0600465579137,-0.10000000000000009
2022-02-09 04:00:00,2.8726187766728595,1056.764632468528,-0.04999999999999982
2022-02-09 05:00:00,2.817152414589963,1036.3599445172827,-0.04999999999999982
2022-02-09 06:00:00,3.36870616584011,1239.2627807584306,-0.10000000000000053
2022-02-09 07:00:00,3.4112275498548543,1254.9053349028545,0.0
2022-02-09 08:00:00,2.2760515956339575,837.302480743842,-0.04999999999999982
2022-02-09 09:00:00,11.728119414777131,4314.481929711136,0.10000000000000009
2022-02-09 10:00:00,10.269628272756277,3777.939500840215,0.25
2022-02-09 11:00:00,15.447145935669276,5682.618811084333,0.24999999999999956
2022-02-09 12:00:00,14.878269333422317,5473.3433310327355,0.15000000000000036
2022-02-09 13:00:00,2.479636451709415,912.1962596726011,-0.15000000000000036
2022-02-09 14:00:00,3.946308598994573,1451.7482758551287,-0.14999999999999947
2022-02-09 15:00:00,2.134887714751085,785.3718180640554,-0.10000000000000009
2022-02-09 16:00:00,3.2141137530706025,1182.3920969108478,-0.10000000000000009
2022-02-09 17:00:00,2.291021894991968,842.8096796201702,-0.10000000000000009
2022-02-09 18:00:00,0.6315675126306136,232.33789870898698,4.440892098500626e-16
2022-02-09 19:00:00,2.193018320517369,806.7566146603272,-0.050000000000000266
2022-02-09 20:00:00,2.535571455301569,932.7733491190646,-0.050000000000000266
2022-02-09 21:00:00,12.265065136306113,4512.010837018612,0.050000000000000266
2022-02-09 22:00:00,6.482923569956814,2384.9055082978625,0.10000000000000009
2022-02-09 23:00:00,3.8699019286012675,1423.6401719841915,0.04999999999999982
2022-02-10 00:00:00,7.426925338355118,2732.1801588473886,0.04999999999999982
2022-02-10 01:00:00,3.4110384340949027,1254.8357639426622,-0.04999999999999982
2022-02-10 02:00:00,4.0187479131460915,1478.3968885486183,-0.04999999999999982
2022-02-10 03:00:00,2.7385843100321585,1007.4567030530804,-0.10000000000000009
2022-02-10 04:00:00,2.4717983535080084,909.3128192967587,0.0
2022-02-10 05:00:00,3.066929128506978,1128.2465531495045,-0.050000000000000266
2022-02-10 06:00:00,2.4725500813510384,909.5893611770133,-0.04999999999999982
2022-02-10 07:00:00,3.347157700694204,1231.3356391428806,-0.04999999999999982
2022-02-10 08:00:00,2.4559093884195233,903.4676662648321,-0.050000000000000266
2022-02-10 09:00:00,16.6353303642357,6119.722157743209,0.10000000000000009
2022-02-10 10:00:00,4.94961804699396,1820.8407390379032,0.10000000000000009
2022-02-10 11:00:00,12.006885425068823,4417.0329757471945,0.1499999999999999
2022-02-10 12:00:00,5.571428762103754,2049.5893558589187,0.04999999999999982
2022-02-10 13:00:00,11.482083592342484,4223.971501532991,0.20000000000000018
2022-02-10 14:00:00,2.5519415341031384,938.795491858192,-0.04999999999999982
2022-02-10 15:00:00,3.9184403016301625,1441.4962259621961,-0.10000000000000009
2022-02-10 16:00:00,2.31620356736814,852.0733873455545,-0.10000000000000009
2022-02-10 17:00:00,3.291671783010683,1210.923757175055,-0.04999999999999982
2022-02-10 18:00:00,2.6782289091488383,985.2534599531289,-0.10000000000000009
2022-02-10 19:00:00,2.3230339573302365,854.5861170528609,0.0
2022-02-10 20:00:00,2.448725563075916,900.8249165165527,-0.050000000000000266
2022-02-10 21:00:00,2.8445658027057874,1046.4446446703917,-0.04999999999999982
2022-02-10 22:00:00,3.8861573248237202,1429.6201258695262,0.0
2022-02-10 23:00:00,5.026510526481554,1849.127559929402,0.04999999999999982
2022-02-11 00:00:00,3.6007367335955305,1324.6210258714555,0.0
2022-02-11 01:00:00,16.545097903696888,6086.527891322493,0.10000000000000009
2022-02-11 02:00:00,2.6944600703526835,991.2244983809936,-0.04999999999999982
2022-02-11 03:00:00,2.333065456103142,858.2764546639432,0.0
2022-02-11 04:00:00,3.453197703820643,1270.345105293019,-0.050000000000000266
2022-02-11 05:00:00,2.693311747274051,990.8020590284416,0.0
2022-02-11 06:00:00,2.540572469579224,934.6130972464571,-0.04999999999999982
2022-02-11 07:00:00,2.0331035959860415,747.9279853733651,-0.04999999999999982
2022-02-11 08:00:00,2.914437347631331,1072.148639259876,-0.050000000000000266
2022-02-11 09:00:00,2.136410921905854,785.932167896116,0.0
2022-02-11 10:00:00,15.653348569465289,5758.475604992043,0.10000000000000009
2022-02-11 11:00:00,13.261794622628763,4878.682696799556,0.04999999999999982
2022-02-11 12:00:00,5.8874391226320535,2165.841667238267,0.15000000000000036
2022-02-11 13:00:00,10.512182237193517,3867.1690405075647,0.1499999999999999
2022-02-11 14:00:00,9.333959576860705,3433.7303793376323,0.19999999999999973
2022-02-11 15:00:00,11.276629877445243,4148.390216165169,0.04999999999999982
2022-02-11 16:00:00,2.7159754013292434,999.1394507639955,-0.14999999999999947
2022-02-11 17:00:00,3.3969030813547856,1249.6357210533918,-0.04999999999999982
2022-02-11 18:00:00,3.0411556500737493,1118.7651347708804,-0.10000000000000053
2022-02-11 19:00:00,2.746861236685598,1010.5015774457142,-0.04999999999999982
2022-02-11 20:00:00,4.078803376154322,1500.4897920027713,0.0
2022-02-11 21:00:00,2.6184081587681756,963.2469014068424,-0.10000000000000009
2022-02-11 22:00:00,2.787167209324827,1025.3291371303708,-0.04999999999999982
2022-02-11 23:00:00,3.3018815869514864,1214.679688799778,-0.050000000000000266
2022-02-12 00:00:00,2.303255715147246,847.3101962097929,0.0
2022-02-12 01:00:00,3.572608160012292,1314.2732268645218,0.0
2022-02-12 02:00:00,15.254945277389394,5611.912993919624,0.050000000000000266
2022-02-12 03:00:00,10.582427242144536,3893.010421703921,0.04999999999999982
2022-02-12 04:00:00,2.865690500069199,1054.2158927129565,0.0
2022-02-12 05:00:00,3.408537226137151,1253.9156320652046,0.0
2022-02-12 06:00:00,2.995241197211678,1101.874355424246,-0.04999999999999982
2022-02-12 07:00:00,3.3569946432651427,1234.9544043911646,-0.050000000000000266
2022-02-12 08:00:00,2.0388520729177517,750.0427063246179,0.0
2022-02-12 09:00:00,3.630341882127664,1335.5120198877141,-0.04999999999999982
2022-02-12 10:00:00,3.594236660942248,1322.2298116441295,0.0
2022-02-12 11:00:00,2.6919720112530996,990.3092036397339,0.0
2022-02-12 12:00:00,2.2444165275592405,825.6647300758556,0.0
2022-02-12 13:00:00,9.10783559636322,3350.545020012119,0.1499999999999999
2022-02-12 14:00:00,3.493582876578107,1285.2018007211711,0.20000000000000018
2022-02-12 15:00:00,7.380121696268141,2714.962269014642,0.3500000000000001
2022-02-12 16:00:00,5.827278095181947,2143.7099292650587,0.09999999999999964
2022-02-12 17:00:00,2.8778024783235847,1058.6715867132887,-0.04999999999999982
2022-02-12 18:00:00,3.8833218324701004,1428.577019119938,-0.15000000000000036
2022-02-12 19:00:00,1.693133640968704,622.861538171362,-0.14999999999999947
2022-02-12 20:00:00,2.222465204494845,817.5893871035411,-0.10000000000000009
2022-02-12 21:00:00,2.419062837418517,889.9127413153369,-0.050000000000000266
2022-02-12 22:00:00,2.7043433335250997,994.860303820546,-0.04999999999999982
2022-02-12 23:00:00,3.1693032277130735,1165.907424894947,-0.1499999999999999
2022-02-13 00:00:00,3.201747005084301,1177.8426794953873,-0.050000000000000266
2022-02-13 01:00:00,3.1998448765113774,1177.1429339466229,-0.04999999999999982
2022-02-13 02:00:00,4.967484358733606,1827.4133084691252,0.04999999999999982
2022-02-13 03:00:00,13.813047950650816,5081.475014845669,0.050000000000000266
2022-02-13 04:00:00,8.261759535416298,3039.2947890912706,0.1499999999999999
2022-02-13 05:00:00,8.501505824194728,3127.491455075636,0.04999999999999982
2022-02-13 06:00:00,1.8252411415022778,671.4605849301505,0.0
2022-02-13 07:00:00,2.4433708068051003,898.8550355534263,-0.04999999999999982
2022-02-13 08:00:00,3.3205896505874137,1221.561917709845,-0.04999999999999982
2022-02-13 09:00:00,2.8951158131529215,1065.040729763631,-0.10000000000000053
2022-02-13 10:00:00,8.443532282370832,3106.16443837717,4.440892098500626e-16
2022-02-13 11:00:00,3.8296508542301284,1408.8328079999085,-0.050000000000000266
2022-02-13 12:00:00,2.499373946103537,919.4571904228386,-0.04999999999999982
2022-02-13 13:00:00,2.7318574973567187,1004.9820768401028,0.0
2022-02-13 14:00:00,8.69088847299156,3197.1605970017704,0.09999999999999964
2022-02-13 15:00:00,10.68500195807681,3930.745095327507,0.4500000000000002
2022-02-13 16:00:00,8.606984610224838,3166.2944634864625,0.2999999999999998
2022-02-13 17:00:00,9.03156341911121,3322.486392805536,0.20000000000000107
2022-02-13 18:00:00,2.680551221801782,986.1077807203307,0.0
2022-02-13 19:00:00,2.8949910560659404,1064.9948347502577,-0.20000000000000107
2022-02-13 20:00:00,2.9895996601107466,1099.7989749632407,-0.19999999999999973
2022-02-13 21:00:00,4.0778832404938425,1500.1512970966724,-0.19999999999999973
2022-02-13 22:00:00,2.650114941135938,974.9110339703832,-0.04999999999999982
2022-02-13 23:00:00,2.1386767622802396,786.7657139238431,-0.15000000000000036
2022-02-14 00:00:00,3.043232816751407,1119.529272462424,-0.04999999999999982
2022-02-14 01:00:00,3.855370263166358,1418.2943355623238,-0.10000000000000009
2022-02-14 02:00:00,3.231110254382218,1188.6446848308585,0.0
2022-02-14 03:00:00,3.3763589815867032,1242.0780603512085,0.0
2022-02-14 04:00:00,8.495530517029385,3125.2932889521853,0.19999999999999973
2022-02-14 05:00:00,10.648818457723747,3917.434090135124,0.25
2022-02-14 06:00:00,13.36259852998407,4915.7659342178895,0.04999999999999982
2022-02-14 07:00:00,2.8430308108750255,1045.87995955065,-0.09999999999999964
2022-02-14 08:00:00,3.3750658615282845,1241.6023538097177,-0.1499999999999999
2022-02-14 09:00:00,4.134044157293435,1520.8114943643225,-0.10000000000000009
2022-02-14 10:00:00,3.4858894274438827,1282.3715731209181,-0.10000000000000009
2022-02-14 11:00:00,3.550803056601192,1306.2516744471636,-0.04999999999999982
2022-02-14 12:00:00,2.7862469205335296,1024.9905858912723,-0.050000000000000266
2022-02-14 13:00:00,2.155962537166756,793.1247183602204,-0.04999999999999982
2022-02-14 14:00:00,3.2242249580768174,1186.1117564525093,0.0
2022-02-14 15:00:00,4.930091158758502,1813.6572850282842,0.25
2022-02-14 16:00:00,8.203680402900028,3017.9289282168484,0.44999999999999973
2022-02-14 17:00:00,6.533157451874937,2403.3852976084927,0.30000000000000027
2022-02-14 18:00:00,7.3898790465502975,2718.5517542496905,0.15000000000000036
2022-02-14 19:00:00,4.391012603939191,1615.3437616741298,-0.10000000000000053
2022-02-14 20:00:00,2.5173373818039213,926.0654893311175,-0.20000000000000018
2022-02-14 21:00:00,1.8653452282760563,686.213875852054,-0.19999999999999973
2022-02-14 22:00:00,2.5256763995602256,929.1332054882181,-0.19999999999999973
2022-02-14 23:00:00,2.840065069424431,1044.7889374145127,-0.10000000000000009
2022-02-15 00:00:00,2.2421465144580974,824.8296490062727,-0.10000000000000009
2022-02-15 01:00:00,3.553202502619759,1307.1343706512437,-0.04999999999999982
2022-02-15 02:00:00,3.7556730140537056,1381.618210045007,-0.04999999999999982
2022-02-15 03:00:00,3.3407616071189254,1228.9826762188748,-0.050000000000000266
2022-02-15 04:00:00,12.748749335084165,4689.946161644088,0.1499999999999999
2022-02-15 05:00:00,10.403532725508493,3827.1996013964367,0.3999999999999999
2022-02-15 06:00:00,12.035650716017685,4427.6150071550055,0.19999999999999973
2022-02-15 07:00:00,3.19396458069447,1174.9797201229783,0.0
2022-02-15 08:00:00,2.090198713966213,768.9318519003208,-0.09999999999999964
2022-02-15 09:00:00,2.6746825768559868,983.9488529608964,-0.25
2022-02-15 10:00:00,3.443778584754105,1266.8800468664165,-0.1499999999999999
2022-02-15 11:00:00,3.691782355486449,1358.1144340245776,-0.050000000000000266
2022-02-15 12:00:00,2.311378526371437,850.2983753888926,-0.09999999999999964
2022-02-15 13:00:00,1.792496557040919,659.4146709214282,-0.10000000000000009
2022-02-15 14:00:00,4.576214453292667,1683.4748920050395,-0.050000000000000266
2022-02-15 15:00:00,11.04702618148189,4063.9247565126507,0.050000000000000266
2022-02-15 16:00:00,5.870063620619289,2159.449654435321,0.44999999999999973
2022-02-15 17:00:00,9.913140671853384,3646.7966246580636,0.4500000000000002
2022-02-15 18:00:00,4.950522642381192,1821.1735170659813,0.3000000000000007
2022-02-15 19:00:00,9.264057083767204,3408.01499969086,0.049999999999998934
2022-02-15 20:00:00,2.5648962213449873,943.5611974272873,-0.14999999999999947
2022-02-15 21:00:00,3.072291447690537,1130.2192163191562,-0.25
2022-02-15 22:00:00,2.1296039495607606,783.4280529446648,-0.20000000000000018
2022-02-15 23:00:00,2.272280351050064,835.9151341425423,-0.20000000000000018
2022-02-16 00:00:00,3.6152961321404504,1329.977064611168,-0.14999999999999947
2022-02-16 01:00:00,2.781099657452465,1023.0970364853257,-0.050000000000000266
2022-02-16 02:00:00,2.2136361563034486,814.3414010001311,-0.1499999999999999
2022-02-16 03:00:00,2.9326908576947757,1078.8636492744656,-0.04999999999999982
2022-02-16 04:00:00,2.9336172774486693,1079.2044559414292,0.0
2022-02-16 05:00:00,11.943161364693525,4393.59048703663,0.2999999999999998
2022-02-16 06:00:00,16.316383839699416,6002.389705029422,0.2999999999999998
2022-02-16 07:00:00,7.272555223915099,2675.3912529977665,0.15000000000000036
2022-02-16 08:00:00,2.776086902175784,1021.2529691379165,-0.10000000000000053
2022-02-16 09:00:00,3.514228665007562,1292.796870139657,-0.20000000000000018
2022-02-16 10:00:00,3.0366982140776586,1117.1253555038188,-0.14999999999999947
2022-02-16 11:00:00,3.097271529403752,1139.4087638794051,-0.10000000000000009
2022-02-16 12:00:00,2.59477693141336,954.5535636436898,-0.10000000000000009
2022-02-16 13:00:00,2.1788434423600225,801.5420313581932,-0.09999999999999964
2022-02-16 14:00:00,2.583155227420969,950.2782292874888,-0.050000000000000266
2022-02-16 15:00:00,1.7293139231806234,636.1713594900717,-0.050000000000000266
2022-02-16 16:00:00,8.286619597487134,3048.440184425579,0.050000000000000266
2022-02-16 17:00:00,13.933063117426412,5125.625594323242,0.5499999999999998
2022-02-16 18:00:00,5.155717758789972,1896.659670514861,0.44999999999999973
2022-02-16 19:00:00,11.06026844975831,4068.796255954838,0.15000000000000036
2022-02-16 20:00:00,3.7531217496371805,1380.679663647778,0.0
2022-02-16 21:00:00,3.358413704438862,1235.4764415204463,-0.20000000000000018
2022-02-16 22:00:00,3.8044464039497066,1399.5607208529984,-0.20000000000000018
2022-02-16 23:00:00,1.66945534662137,614.1508856383364,-0.19999999999999973
2022-02-17 00:00:00,2.9369347096162124,1080.4248563000642,-0.1499999999999999
2022-02-17 01:00:00,3.214731850898348,1182.6194796492296,-0.09999999999999964
2022-02-17 02:00:00,3.073076043615246,1130.5078495449588,-0.10000000000000053
2022-02-17 03:00:00,2.781504533295641,1023.2459801861339,-0.09999999999999964
2022-02-17 04:00:00,2.38617487173772,877.8140809405137,-0.04999999999999982
2022-02-17 05:00:00,11.478491607774544,4222.65010021006,0.19999999999999973
2022-02-17 06:00:00,0.0,0.0,0.44999999999999973
2022-02-17 07:00:00,12.07001496617474,4440.256755681533,0.25
2022-02-17 08:00:00,9.567118869976074,3519.503854292449,0.04999999999999982
2022-02-17 09:00:00,4.970131014422945,1828.3869469308408,-0.1999999999999993
2022-02-17 10:00:00,2.724499754999826,1002.2753473705609,-0.20000000000000018
2022-02-17 11:00:00,2.4272388637742717,892.92049701096,-0.15000000000000036
2022-02-17 12:00:00,2.281558255716536,839.3282433217208,-0.14999999999999947
2022-02-17 13:00:00,2.3294315597782833,856.9396350534362,-0.10000000000000053
2022-02-17 14:00:00,2.5976731743967143,955.6190190311913,-0.09999999999999964
2022-02-17 15:00:00,2.3588219398317647,867.7516211156104,-0.10000000000000009
2022-02-17 16:00:00,3.0395054483805746,1118.1580668230038,0.0
2022-02-17 17:00:00,14.207137951349175,5226.450873852577,0.44999999999999973
2022-02-17 18:00:00,6.288011983999519,2313.202408613823,0.5499999999999998
2022-02-17 19:00:00,10.694317694662878,3934.1721219241067,0.35000000000000053
2022-02-17 20:00:00,12.94154725484148,4760.871696374809,0.04999999999999982
2022-02-17 21:00:00,2.662749633401169,979.5590213874551,-0.15000000000000036
2022-02-17 22:00:00,2.9235440778641997,1075.4987776442927,-0.25
2022-02-17 23:00:00,2.8633201188702477,1053.3438887293926,-0.1999999999999993
2022-02-18 00:00:00,3.1950705991080257,1175.386596646865,-0.20000000000000018
2022-02-18 01:00:00,1.8474576736360022,679.6334916888444,-0.15000000000000036
2022-02-18 02:00:00,1.7068390527834858,627.9034165427249,-0.14999999999999947
2022-02-18 03:00:00,2.824711166437717,1039.140620353275,-0.10000000000000053
2022-02-18 04:00:00,2.6754435206307132,984.2287851520235,-0.04999999999999982
2022-02-18 05:00:00,3.339216714987227,1228.414349025926,0.0
2022-02-18 06:00:00,13.73518868947938,5052.832539142227,0.5499999999999998
2022-02-18 07:00:00,12.722826118713133,4680.409658421593,0.35000000000000053
2022-02-18 08:00:00,9.652341300817028,3550.855056038064,0.09999999999999964
2022-02-18 09:00:00,2.8816337770690112,1060.0810257392625,-0.09999999999999964
2022-02-18 10:00:00,2.656149328185135,977.1309341061066,-0.20000000000000018
2022-02-18 11:00:00,2.858342997636132,1051.512930255392,-0.25
2022-02-18 12:00:00,3.0407736994796837,1118.6246246960886,-0.15000000000000036
2022-02-18 13:00:00,1.9968328597333835,734.5848882744183,-0.09999999999999964
2022-02-18 14:00:00,3.073412423598798,1130.6315953314079,-0.10000000000000009
2022-02-18 15:00:00,2.5507426537840985,938.354453760825,-0.050000000000000266
2022-02-18 16:00:00,3.6274513941901803,1334.4486816377125,-0.14999999999999947
2022-02-18 17:00:00,9.437567848721867,3471.845272348556,0.09999999999999964
2022-02-18 18:00:00,14.407780628337617,5300.262298649701,0.6500000000000004
2022-02-18 19:00:00,12.738093489083136,4686.026142296459,0.39999999999999947
2022-02-18 20:00:00,9.5937587561027,3529.3040024012803,0.25
2022-02-18 21:00:00,3.1080631408145787,1143.378727927163,-0.04999999999999982
2022-02-18 22:00:00,2.886655012737172,1061.928212810687,-0.25
2022-02-18 23:00:00,2.6308356525521037,967.8186656826051,-0.25
2022-02-19 00:00:00,2.1349616260473163,785.3990081821564,-0.15000000000000036
2022-02-19 01:00:00,2.62291026474281,964.9031136422611,-0.19999999999999973
2022-02-19 02:00:00,3.414152601051948,1255.9813881119853,-0.1499999999999999
2022-02-19 03:00:00,2.9277189357255793,1077.0346034800475,-0.1499999999999999
2022-02-19 04:00:00,4.040505665334719,1486.40102163501,-0.10000000000000009
2022-02-19 05:00:00,2.2061817079858996,811.5990958253127,0.0
2022-02-19 06:00:00,12.499640728788485,4598.305333103064,0.20000000000000018
2022-02-19 07:00:00,17.57608043562838,6465.80059025679,0.5999999999999996
2022-02-19 08:00:00,9.746059866330304,3585.3317733262606,0.20000000000000018
2022-02-19 09:00:00,11.941823889438902,4393.0984633273365,0.05000000000000071
2022-02-19 10:00:00,3.258589812327477,1198.7537272099705,-0.20000000000000107
2022-02-19 11:00:00,3.18250545671626,1170.764194889494,-0.14999999999999947
2022-02-19 12:00:00,3.6876869062529316,1356.6078206377972,-0.30000000000000027
2022-02-19 13:00:00,2.371639543809756,872.466897179014,-0.10000000000000009
2022-02-19 14:00:00,1.9044039282979117,700.5825951225944,-0.09999999999999964
2022-02-19 15:00:00,2.098134943851316,771.8513924693029,-0.15000000000000036
2022-02-19 16:00:00,3.529299771051088,1298.341153275419,-0.04999999999999982
2022-02-19 17:00:00,4.760654696206184,1751.3258463668496,-0.09999999999999964
2022-02-19 18:00:00,8.199353955615464,3016.3373364220392,0.25
2022-02-19 19:00:00,6.0608082775205,2229.6198450928537,0.6999999999999993
2022-02-19 20:00:00,6.794819416653951,2499.6441929015723,0.34999999999999964
2022-02-19 21:00:00,20.219325593614844,7438.18440275106,0.15000000000000036
2022-02-19 22:00:00,3.294973091022353,1212.138225859848,-0.25
2022-02-19 23:00:00,2.1527820753274094,791.9547059610709,-0.1999999999999993
2022-02-20 00:00:00,2.0807672309743603,765.4622450946928,-0.15000000000000036
2022-02-20 01:00:00,2.755760822432592,1013.7755125523895,-0.20000000000000018
2022-02-20 02:00:00,3.0230841342753045,1112.1170758965277,-0.20000000000000018
2022-02-20 03:00:00,2.4378740771638068,896.8329261366355,-0.09999999999999964
2022-02-20 04:00:00,3.349224930755905,1232.0961214018287,-0.1499999999999999
2022-02-20 05:00:00,3.5915636764984082,1321.2464874918517,-0.050000000000000266
2022-02-20 06:00:00,3.372879689092689,1240.798115624973,-0.04999999999999982
2022-02-20 07:00:00,10.21669820933442,3758.4678537588998,0.5
2022-02-20 08:00:00,7.65866736076037,2817.4322553397215,0.40000000000000036
2022-02-20 09:00:00,16.656548597995393,6127.527815487555,0.1999999999999993
2022-02-20 10:00:00,2.501364097260854,920.1893172798368,-0.09999999999999964
2022-02-20 11:00:00,3.1112169724795598,1144.5389437509182,-0.15000000000000036
2022-02-20 12:00:00,2.279344024599167,838.5136830494187,-0.1999999999999993
2022-02-20 13:00:00,2.9289400669247296,1077.4838271199349,-0.20000000000000018
2022-02-20 14:00:00,2.509451620440402,923.1645148695129,-0.15000000000000036
2022-02-20 15:00:00,2.7460372126979213,1010.1984396212479,-0.09999999999999964
2022-02-20 16:00:00,2.9578995855301224,1088.1373100268936,-0.10000000000000009
2022-02-20 17:00:00,1.7467507236454283,642.585922461062,-0.10000000000000009
2022-02-20 18:00:00,2.583622339759309,950.4500682389559,0.0
2022-02-20 19:00:00,12.576717387767795,4626.659909025078,0.3999999999999999
2022-02-20 20:00:00,17.540678836845785,6452.777227104644,0.5000000000000004
2022-02-20 21:00:00,7.562068011122804,2781.8957695918016,0.1999999999999993
2022-02-20 22:00:00,6.961046220568474,2560.7948783916277,0.05000000000000071
2022-02-20 23:00:00,3.5934523193835144,1321.9412719932102,-0.20000000000000107
2022-02-21 00:00:00,2.6965879078945605,992.0072766167114,-0.1999999999999993
2022-02-21 01:00:00,3.617039922712455,1330.6185615678444,-0.20000000000000018
2022-02-21 02:00:00,2.3893887214759113,878.996375912951,-0.20000000000000018
2022-02-21 03:00:00,2.4851928305721906,914.2403125467446,-0.14999999999999947
2022-02-21 04:00:00,2.93587564395132,1080.0352525185917,-0.10000000000000009
2022-02-21 05:00:00,2.2503795643532185,827.8583822364403,-0.050000000000000266
2022-02-21 06:00:00,2.591958534104673,953.5167457337564,-0.04999999999999982
2022-02-21 07:00:00,10.550052906932812,3881.1007131379088,0.04999999999999982
2022-02-21 08:00:00,9.04162515434823,3326.187853655855,0.5
2022-02-21 09:00:00,10.608331323526976,3902.539885642486,0.2999999999999998
2022-02-21 10:00:00,5.3687971895767745,1975.0462661155557,0.09999999999999964
2022-02-21 11:00:00,2.388102038235542,878.5230373159,-0.1999999999999993
2022-02-21 12:00:00,2.7208166810868932,1000.9204365548409,-0.15000000000000036
2022-02-21 13:00:00,3.7229818904389123,1369.5919629452148,-0.25
2022-02-21 14:00:00,1.3014123837661487,478.7570806779718,-0.09999999999999964
2022-02-21 15:00:00,2.1165768418552937,778.6357056975161,-0.09999999999999964
2022-02-21 16:00:00,4.23069861184806,1556.368251833605,-0.10000000000000053
2022-02-21 17:00:00,3.347989043323289,1231.6414693125548,-0.04999999999999982
2022-02-21 18:00:00,2.384559094062268,877.219676728157,-0.04999999999999982
2022-02-21 19:00:00,8.828920103080714,3247.9389829208176,0.04999999999999982
2022-02-21 20:00:00,10.000949982101446,3679.0994746655697,0.5499999999999998
2022-02-21 21:00:00,12.718068971390736,4678.659622850368,0.35000000000000053
2022-02-21 22:00:00,4.650908920589295,1710.9531191617868,0.1999999999999993
2022-02-21 23:00:00,3.453393252436213,1270.4170427399717,-0.1999999999999993
2022-02-22 00:00:00,1.87382233835166,689.3323927211169,-0.15000000000000036
2022-02-22 01:00:00,2.801606835638172,1030.6411146603925,-0.20000000000000018
2022-02-22 02:00:00,2.899777671328088,1066.7557108398205,-0.20000000000000018
2022-02-22 03:00:00,3.7912044902246453,1394.6893518413913,-0.14999999999999947
2022-02-22 04:00:00,2.401960668182545,883.6212808076539,-0.04999999999999982
2022-02-22 05:00:00,2.432534585660587,894.8686606998884,-0.10000000000000053
2022-02-22 06:00:00,3.287189950680288,1209.275003106511,-0.09999999999999964
2022-02-22 07:00:00,2.9598328620543546,1088.8485141282458,-0.04999999999999982
2022-02-22 08:00:00,14.004550888451366,5151.924158089046,0.39999999999999947
2022-02-22 09:00:00,9.743737768869572,3584.4775317228928,0.5
2022-02-22 10:00:00,11.080736871173137,4076.326076482818,0.20000000000000018
2022-02-22 11:00:00,2.9131740050893127,1071.683887122231,-0.05000000000000071
2022-02-22 12:00:00,2.4933881134738574,917.2551522441952,-0.14999999999999947
2022-02-22 13:00:00,2.6155792003545013,962.2061983304121,-0.20000000000000018
2022-02-22 14:00:00,2.1128027646649516,777.2473170511191,-0.19999999999999973
2022-02-22 15:00:00,1.6178820799812574,595.1783701731051,-0.10000000000000009
2022-02-22 16:00:00,3.352599947417032,1233.3377056560407,-0.14999999999999947
2022-02-22 17:00:00,3.2716612469992192,1203.5623812398378,-0.10000000000000053
2022-02-22 18:00:00,3.2499837209608198,1195.5877613484615,-0.09999999999999964
2022-02-22 19:00:00,1.7315883297762842,637.0080568164506,0.09999999999999964
2022-02-22 20:00:00,5.256288952739644,1933.6572984890963,0.2999999999999998
2022-02-22 21:00:00,10.193771137473298,3750.0335571979895,0.4500000000000002
2022-02-22 22:00:00,15.042832223184115,5533.881904103856,0.20000000000000018
2022-02-22 23:00:00,13.519102879294303,4973.339971720392,0.05000000000000071
2022-02-23 00:00:00,3.2964746541246996,1212.690613386124,-0.20000000000000107
2022-02-23 01:00:00,3.9951120599329872,1469.7018490478474,-0.1999999999999993
2022-02-23 02:00:00,1.7980514367818565,661.4581723061254,-0.20000000000000018
2022-02-23 03:00:00,3.899341559832474,1434.4702763233715,-0.10000000000000053
2022-02-23 04:00:00,3.5404661440920657,1302.4489827578689,-0.14999999999999947
2022-02-23 05:00:00,1.870039711995175,687.940859050225,-0.04999999999999982
2022-02-23 06:00:00,2.9878254973052805,1099.14630482118,-0.15000000000000036
2022-02-23 07:00:00,3.4921762858740344,1284.6843511659101,0.0
2022-02-23 08:00:00,18.49177555762481,6802.661933261227,0.10000000000000009
2022-02-23 09:00:00,8.819452865585896,3244.456222927412,0.44999999999999973
2022-02-23 10:00:00,10.74905079942654,3954.307062839038,0.2999999999999998
2022-02-23 11:00:00,5.072430326384069,1866.0203063185393,0.15000000000000036
2022-02-23 12:00:00,2.734222031017309,1005.8519296604926,-0.15000000000000036
2022-02-23 13:00:00,2.7756118564036014,1021.0782116744749,-0.09999999999999964
2022-02-23 14:00:00,2.9867142196067884,1098.7374935378473,-0.20000000000000018
2022-02-23 15:00:00,2.834323267179037,1042.6766719134885,-0.1499999999999999
2022-02-23 16:00:00,3.1875828327485127,1172.632034597359,-0.1499999999999999
2022-02-23 17:00:00,3.380401694003423,1243.5652731815094,-0.04999999999999982
2022-02-23 18:00:00,2.8352590416256565,1043.0209199380383,-0.15000000000000036
2022-02-23 19:00:00,2.9437657343659698,1082.9378195298812,-0.04999999999999982
2022-02-23 20:00:00,5.391357715530699,1983.3457196008558,0.04999999999999982
2022-02-23 21:00:00,12.316059676667837,4530.77045355418,0.3500000000000001
2022-02-23 22:00:00,7.916768556416056,2912.3812326915568,0.3500000000000001
2022-02-23 23:00:00,7.835725286413101,2882.56743973922,0.09999999999999964
2022-02-24 00:00:00,2.8942154428198883,1064.7095060273664,-0.049999999999998934
2022-02-24 01:00:00,2.6355923700699635,969.5685431394879,-0.20000000000000107
2022-02-24 02:00:00,2.25588646424542,829.884233034284,-0.14999999999999947
2022-02-24 03:00:00,2.35712865099194,867.1287024836598,-0.10000000000000053
2022-02-24 04:00:00,3.577348330259185,1316.0170169940977,-0.14999999999999947
2022-02-24 05:00:00,2.067530456754235,760.5927667784641,-0.10000000000000009
2022-02-24 06:00:00,3.4312776919296364,1262.281280918615,-0.050000000000000266
2022-02-24 07:00:00,2.5771610262793687,948.0731125425228,-0.04999999999999982
2022-02-24 08:00:00,3.080650491192888,1133.2942994475836,0.0
2022-02-24 09:00:00,9.64574458027023,3548.428287466911,0.10000000000000009
2022-02-24 10:00:00,10.097053063145136,3714.453395604517,0.3999999999999999
2022-02-24 11:00:00,11.793931164820656,4338.692427258398,0.1999999999999993
2022-02-24 12:00:00,16.831910629743625,6192.039122916935,0.05000000000000071
2022-02-24 13:00:00,2.6697952348574288,982.1509220231767,-0.05000000000000071
2022-02-24 14:00:00,2.229998689979506,820.360768076211,-0.14999999999999947
2022-02-24 15:00:00,3.9131265599008564,1439.5414332235275,-0.1499999999999999
2022-02-24 16:00:00,3.299348671008818,1213.7478923473689,-0.1499999999999999
2022-02-24 17:00:00,2.659581447171659,978.3935248782742,-0.04999999999999982
2022-02-24 18:00:00,2.2037896330211484,810.7191112476551,-0.10000000000000009
2022-02-24 19:00:00,3.3349897554197967,1226.8593562750577,-0.050000000000000266
2022-02-24 20:00:00,3.2044367847135984,1178.8321821765148,-0.04999999999999982
2022-02-24 21:00:00,3.181379766218239,1170.3500814975346,0.04999999999999982
2022-02-24 22:00:00,5.824950120300937,2142.8535255057072,0.10000000000000053
2022-02-24 23:00:00,10.996053902119383,4045.173329242168,0.24999999999999956
2022-02-25 00:00:00,15.467625391172618,5690.152690777627,0.050000000000000266
2022-02-25 01:00:00,2.2558077718056437,829.8552840530012,0.0
2022-02-25 02:00:00,2.613072026015935,961.283871570612,-0.10000000000000053
2022-02-25 03:00:00,3.407713183465026,1253.6124873671965,-0.14999999999999947
2022-02-25 04:00:00,3.2298804876576095,1188.192284397043,-0.10000000000000009
2022-02-25 05:00:00,3.0904323092862125,1136.8927857786655,-0.10000000000000009
2022-02-25 06:00:00,3.603814171116847,1325.75313819961,0.0
2022-02-25 07:00:00,2.554932186422328,939.8956780801138,-0.10000000000000009
2022-02-25 08:00:00,3.6076623497329905,1327.1687869080238,0.0
2022-02-25 09:00:00,4.059270011496261,1493.303955479187,0.050000000000000266
2022-02-25 10:00:00,10.530273090057381,3873.824213004859,0.09999999999999964
2022-02-25 11:00:00,13.209728406059956,4859.5288373793055,0.3500000000000001
2022-02-25 12:00:00,11.960217515098762,4399.865018366957,0.19999999999999973
2022-02-25 13:00:00,9.318897527119951,3428.1894277892516,0.05000000000000071
2022-02-25 14:00:00,3.5287484505240756,1298.1383362365443,-0.05000000000000071
2022-02-25 15:00:00,3.3912060293125323,1247.5399180333477,-0.09999999999999964
2022-02-25 16:00:00,2.336905228897655,859.6890110807248,-0.15000000000000036
2022-02-25 17:00:00,2.85940433372717,1051.9033692698824,-0.09999999999999964
2022-02-25 18:00:00,2.441552515811697,898.186131754228,-0.04999999999999982
2022-02-25 19:00:00,1.9630564203164456,722.1593806239123,-0.10000000000000009
2022-02-25 20:00:00,2.697675279774151,992.4072935469154,-0.050000000000000266
2022-02-25 21:00:00,2.555547969461881,940.1222092657893,0.0
2022-02-25 22:00:00,2.9758872281393365,1094.7545140517584,-0.09999999999999964
2022-02-25 23:00:00,5.584494847230592,2054.396041924954,0.04999999999999982
2022-02-26 00:00:00,12.045208265172606,4431.130990550372,0.04999999999999982
2022-02-26 01:00:00,7.274300769871406,2676.033395716443,0.10000000000000053
2022-02-26 02:00:00,3.277090950849365,1205.55983354371,-0.050000000000000266
2022-02-26 03:00:00,2.2376743373776216,823.1844468627927,0.0
2022-02-26 04:00:00,2.8536762576478267,1049.7961532821942,-0.050000000000000266
2022-02-26 05:00:00,2.2830308154538925,839.8699612351007,-0.04999999999999982
2022-02-26 06:00:00,2.482534327911722,913.2623158805249,-0.04999999999999982
2022-02-26 07:00:00,2.854718452988925,1050.179550893301,0.0
2022-02-26 08:00:00,2.964067216737421,1090.4062273572788,-0.050000000000000266
2022-02-26 09:00:00,3.0916159099125897,1137.328202859094,0.0
2022-02-26 10:00:00,2.2089571826561802,812.6201235696421,-0.04999999999999982
2022-02-26 11:00:00,7.717075529710407,2838.9191604922157,0.10000000000000009
2022-02-26 12:00:00,4.799963878922809,1765.7867119587286,0.09999999999999964
2022-02-26 13:00:00,12.828356212718262,4719.231541753731,0.20000000000000018
2022-02-26 14:00:00,12.272505196527469,4514.7478491725415,0.25
2022-02-26 15:00:00,11.970735117125614,4403.734181212585,0.09999999999999964
2022-02-26 16:00:00,3.399337879867515,1250.5314225562622,-0.04999999999999982
2022-02-26 17:00:00,2.3906615754228078,879.4646270586653,-0.1499999999999999
2022-02-26 18:00:00,2.6359884066703625,969.7142351038596,-0.1499999999999999
2022-02-26 19:00:00,3.1588449754245365,1162.0600953343014,-0.09999999999999964
2022-02-26 20:00:00,3.644139665838704,1340.5878795704132,-0.10000000000000053
2022-02-26 21:00:00,3.4545374698056848,1270.8379717047662,-0.04999999999999982
2022-02-26 22:00:00,2.4149199405081356,888.3886731144303,-0.04999999999999982
2022-02-26 23:00:00,2.566046021001791,943.984179976034,-0.050000000000000266
2022-02-27 00:00:00,3.326547486628558,1223.7536566434806,0.0
2022-02-27 01:00:00,3.047133512818773,1120.964241028206,-0.050000000000000266
2022-02-27 02:00:00,11.940946520975142,4392.775701403731,0.10000000000000053
2022-02-27 03:00:00,10.599759120711859,3899.386386531875,0.04999999999999982
2022-02-27 04:00:00,3.476020894176399,1278.7411864451426,0.04999999999999982
2022-02-27 05:00:00,2.9872817532974585,1098.9462749943025,0.0
2022-02-27 06:00:00,2.60520296592545,958.389041089825,0.0
2022-02-27 07:00:00,2.38228840275042,876.3843461618106,-0.09999999999999964
2022-02-27 08:00:00,2.543520830409234,935.697725486797,-0.050000000000000266
2022-02-27 09:00:00,3.3518741369831355,1233.0706981426708,0.0
2022-02-27 10:00:00,3.6586676450983013,1345.9323599405377,-0.050000000000000266
2022-02-27 11:00:00,8.180706931984355,3009.477562603745,0.050000000000000266
2022-02-27 12:00:00,7.288440661716621,2681.235108429002,0.050000000000000266
2022-02-27 13:00:00,3.1664148956337375,1164.8448797312612,0.0
2022-02-27 14:00:00,8.735142513833402,3213.4405522764628,0.44999999999999973
2022-02-27 15:00:00,10.737065056822644,3949.89780777863,0.3500000000000001
2022-02-27 16:00:00,11.38788699569412,4189.318928540974,0.15000000000000036
2022-02-27 17:00:00,10.422148963556172,3834.048049968226,0.049999999999998934
2022-02-27 18:00:00,2.478161148916889,911.6535326578005,-0.09999999999999964
2022-02-27 19:00:00,2.181485661666743,802.5140377856532,-0.1999999999999993
2022-02-27 20:00:00,3.1167712463473825,1146.5822222500435,-0.15000000000000036
2022-02-27 21:00:00,2.202728851062188,810.3288760845026,-0.15000000000000036
2022-02-27 22:00:00,1.634179278765,601.1737021756744,-0.14999999999999947
2022-02-27 23:00:00,3.312150424795084,1218.4573375214916,-0.10000000000000009
2022-02-28 00:00:00,2.9350072372575906,1079.715787406136,-0.050000000000000266
2022-02-28 01:00:00,2.956061422864157,1087.4610959361517,-0.04999999999999982
2022-02-28 02:00:00,3.3137184869574954,1219.0341883894887,0.0
2022-02-28 03:00:00,11.865168572873522,4364.898888745847,0.10000000000000009
2022-02-28 04:00:00,3.8749330669520563,1425.4910020049876,0.1499999999999999
2022-02-28 05:00:00,11.560290452906855,4252.741850363109,0.04999999999999982
2022-02-28 06:00:00,3.0722816677436025,1130.215618521178,-0.04999999999999982
2022-02-28 07:00:00,3.673629069718901,1351.4362940228407,-0.04999999999999982
2022-02-28 08:00:00,2.2930488922464622,843.5553612351673,-0.050000000000000266
2022-02-28 09:00:00,2.7410580631905854,1008.3667349962368,-0.10000000000000009
2022-02-28 10:00:00,2.591389249939825,953.3073203216131,-0.04999999999999982
2022-02-28 11:00:00,2.068883389575937,761.0904769402478,-0.04999999999999982
2022-02-28 12:00:00,3.1153049291781953,1146.0428008214285,-0.050000000000000266
2022-02-28 13:00:00,3.315057588625945,1219.5268104157694,0.0
2022-02-28 14:00:00,6.187115727583197,2276.0851982846684,0.050000000000000266
2022-02-28 15:00:00,15.043416662747214,5534.0969048081315,0.3999999999999999
2022-02-28 16:00:00,7.196671184063206,2647.4754118372525,0.3999999999999999
2022-02-28 17:00:00,10.590697634505085,3896.052892293558,0.20000000000000018
2022-02-28 18:00:00,13.860836137623085,5099.055094128093,0.04999999999999982
2022-02-28 19:00:00,2.9279373373809388,1077.1149479890128,-0.15000000000000036
2022-02-28 20:00:00,3.0377955575675837,1117.5290407401749,-0.15000000000000036
2022-02-28 21:00:00,3.1894215841207445,1173.308465258419,-0.1999999999999993
2022-02-28 22:00:00,2.2299619606622816,820.3472562786369,-0.10000000000000009
2022-02-28 23:00:00,2.7444921347555646,1009.6300440732033,-0.19999999999999973
2022-03-01 00:00:00,3.8962759280134183,1433.3425070179362,-0.10000000000000009
2022-03-01 01:00:00,2.784366560724821,1024.2988485266435,-0.10000000000000009
2022-03-01 02:00:00,3.0918243190987034,1137.4048713884354,-0.04999999999999982
2022-03-01 03:00:00,2.9905507622532213,1100.1488616639037,-0.050000000000000266
2022-03-01 04:00:00,7.154378120474046,2631.9168510693894,0.25000000000000044
2022-03-01 05:00:00,7.592244785487832,2792.9970504613357,0.34999999999999964
2022-03-01 06:00:00,6.8299503888339395,2512.567999292285,0.15000000000000036
2022-03-01 07:00:00,3.933397023258043,1446.9984299310524,-0.05000000000000071
2022-03-01 08:00:00,2.7694127785980256,1018.7977259267485,-0.14999999999999947
2022-03-01 09:00:00,2.9015407157724025,1067.4042908147726,-0.10000000000000053
2022-03-01 10:00:00,2.0522017817435034,754.9537304588914,-0.1999999999999993
2022-03-01 11:00:00,2.9349139110676368,1079.6814550340068,-0.10000000000000053
2022-03-01 12:00:00,2.7775001760478877,1021.7728772636167,-0.09999999999999964
2022-03-01 13:00:00,1.5286043272263494,562.3353168783933,0.0
2022-03-01 14:00:00,2.4508996375710375,901.6247041714454,-0.15000000000000036
2022-03-01 15:00:00,11.325437640690225,4166.345372068917,0.10000000000000009
2022-03-01 16:00:00,9.02907153732101,3321.5696917919668,0.5500000000000003
2022-03-01 17:00:00,8.89715652165975,3273.041455405581,0.4999999999999991
2022-03-01 18:00:00,11.632156643509742,4279.179625231146,0.2500000000000009
2022-03-01 19:00:00,2.084057641769646,766.6727049660085,0.0
2022-03-01 20:00:00,2.917020433543821,1073.0988919899332,-0.14999999999999947
2022-03-01 21:00:00,2.6638134228868804,979.950362944511,-0.20000000000000107
2022-03-01 22:00:00,2.5485208363080716,937.5371026568318,-0.14999999999999947
2022-03-01 23:00:00,2.403405721317596,884.1528797297107,-0.20000000000000018
2022-03-02 00:00:00,2.8349916090891965,1042.922538193688,-0.20000000000000018
2022-03-02 01:00:00,2.7263153610175097,1002.9432634343163,-0.09999999999999964
2022-03-02 02:00:00,2.7846942699435075,1024.4194045554677,-0.15000000000000036
2022-03-02 03:00:00,3.5919996863516155,1321.4068846166006,-0.09999999999999964
2022-03-02 04:00:00,8.492254542292454,3124.0881397458365,0.20000000000000018
2022-03-02 05:00:00,11.851855277497018,4360.001260209215,0.5499999999999998
2022-03-02 06:00:00,7.511775480834526,2763.3944050120017,0.2999999999999998
2022-03-02 07:00:00,5.687397941150909,2092.2515176008906,0.09999999999999964
2022-03-02 08:00:00,2.2211548588220995,817.10734368918,-0.15000000000000036
2022-03-02 09:00:00,3.6067360518466325,1326.82802507308,-0.1999999999999993
2022-03-02 10:00:00,3.725541614108293,1370.5336212900884,-0.09999999999999964
2022-03-02 11:00:00,3.041506383233199,1118.8941607319132,-0.25000000000000044
2022-03-02 12:00:00,2.3092253293720066,849.506268042727,-0.10000000000000009
2022-03-02 13:00:00,3.118952108598308,1147.3845069506026,-0.14999999999999947
2022-03-02 14:00:00,2.698284288483024,992.6313326256925,-0.15000000000000036
2022-03-02 15:00:00,0.9775238180772409,359.606574575165,0.0
2022-03-02 16:00:00,8.175715236255007,3007.641242537311,0.04999999999999982
2022-03-02 17:00:00,10.97648014223517,4037.9726323247633,0.6000000000000005
2022-03-02 18:00:00,4.111089181474576,1512.3669326349595,0.40000000000000036
2022-03-02 19:00:00,5.8864556566825605,2165.479874702097,0.14999999999999858
2022-03-02 20:00:00,2.4163533200687546,888.9159776202931,-0.049999999999998934
2022-03-02 21:00:00,3.0089652504009035,1106.9230914912323,-0.15000000000000036
2022-03-02 22:00:00,4.087445629391908,1503.6690609125485,-0.25
2022-03-02 23:00:00,3.722575795433318,1369.4425707450316,-0.15000000000000036
2022-03-03 00:00:00,3.0238904339252137,1112.4136933802379,-0.19999999999999973
2022-03-03 01:00:00,2.9203675789003847,1074.3302230879788,-0.1499999999999999
2022-03-03 02:00:00,3.951466072260376,1453.6455813327857,-0.1499999999999999
2022-03-03 03:00:00,2.7899691426550435,1026.3598983542242,-0.050000000000000266
2022-03-03 04:00:00,3.2533190733761574,1196.8147541182539,-0.09999999999999964
2022-03-03 05:00:00,0.48563025782759156,178.6512310983252,0.1499999999999999
2022-03-03 06:00:00,7.939049142906524,2920.577703446738,0.49999999999999956
2022-03-03 07:00:00,9.863877896031454,3628.6740810025717,0.25
2022-03-03 08:00:00,2.3025822191987335,847.0624338877342,0.0
2022-03-03 09:00:00,3.137682556664057,1154.2749705327901,-0.15000000000000036
2022-03-03 10:00:00,3.1585436442976444,1161.9492431459958,-0.14999999999999947
2022-03-03 11:00:00,3.543979416724203,1303.7414279274162,-0.20000000000000018
2022-03-03 12:00:00,2.712965753524575,998.0322765778532,-0.14999999999999947
2022-03-03 13:00:00,2.3931805412005156,880.3912915941396,-0.04999999999999982
2022-03-03 14:00:00,2.710315323254587,997.0572495422812,-0.15000000000000036
2022-03-03 15:00:00,2.362183004274295,868.9880726974064,-0.04999999999999982
2022-03-03 16:00:00,3.9586094676972614,1456.2734579291302,0.0
2022-03-03 17:00:00,5.334165522708985,1962.3061416665673,0.2999999999999998
2022-03-03 18:00:00,4.122173477684746,1516.444568103276,0.5999999999999996
2022-03-03 19:00:00,7.777542611971881,2861.1634883791558,0.3000000000000007
2022-03-03 20:00:00,17.945061447827207,6601.539480119433,0.049999999999998934
2022-03-03 21:00:00,2.755451779081751,1013.6618232296992,-0.1999999999999993
2022-03-03 22:00:00,3.149472303156152,1158.6121235235694,-0.15000000000000036
2022-03-03 23:00:00,2.9439585003373474,1083.0087333116016,-0.15000000000000036
2022-03-04 00:00:00,3.4975277851334283,1286.65303395596,-0.1999999999999993
2022-03-04 01:00:00,2.7658875771907465,1017.5008924590459,-0.15000000000000036
2022-03-04 02:00:00,2.9719033018991765,1093.2889271861595,-0.14999999999999947
2022-03-04 03:00:00,2.3049965931396774,847.9506217012589,-0.10000000000000009
2022-03-04 04:00:00,2.9317847070793825,1078.530299116828,-0.1499999999999999
2022-03-04 05:00:00,11.514911893656901,4236.048212879033,0.09999999999999964
2022-03-04 06:00:00,10.156732875397129,3736.4081065367186,0.5499999999999998
2022-03-04 07:00:00,10.904417074834711,4011.462431404819,0.3000000000000007
2022-03-04 08:00:00,10.525277707462909,3871.9865366329173,0.1999999999999993
2022-03-04 09:00:00,2.4944373115171086,917.6411259743561,-0.09999999999999964
2022-03-04 10:00:00,2.7830366065086043,1023.8095916193528,-0.1999999999999993
2022-03-04 11:00:00,3.2426423759891225,1192.8870640669984,-0.15000000000000036
2022-03-04 12:00:00,3.2373190431997134,1190.9287430170943,-0.20000000000000018
2022-03-04 13:00:00,2.3892447724220474,878.9434206547609,-0.15000000000000036
2022-03-04 14:00:00,3.257936211652807,1198.5132838617762,-0.14999999999999947
2022-03-04 15:00:00,3.0158817016786728,1109.4674810050417,-0.15000000000000036
2022-03-04 16:00:00,3.767798576087948,1386.0789011783536,-0.04999999999999982
2022-03-04 17:00:00,1.8512540167279157,681.0300714037819,0.0
2022-03-04 18:00:00,10.017200988150327,3685.0778135158016,0.7000000000000002
2022-03-04 19:00:00,8.77877013784679,3229.4900644603877,0.40000000000000036
2022-03-04 20:00:00,12.237218380982178,4501.766711903819,0.1999999999999993
2022-03-04 21:00:00,3.6656663077819243,1348.5069929752751,0.0
2022-03-04 22:00:00,2.0031850301325362,736.9216929600068,-0.1999999999999993
2022-03-04 23:00:00,2.2643218295951093,832.9873930623007,-0.25
2022-03-05 00:00:00,3.301874442478269,1214.6770605266931,-0.20000000000000107
2022-03-05 01:00:00,3.6797979518250408,1353.705671527637,-0.14999999999999947
2022-03-05 02:00:00,3.570422072664778,1313.4690199815552,-0.15000000000000036
2022-03-05 03:00:00,2.591877702930989,953.4870099657376,-0.14999999999999947
2022-03-05 04:00:00,3.1317577465876987,1152.0953810259496,-0.10000000000000053
2022-03-05 05:00:00,2.5223946259394587,927.9259230174783,-0.09999999999999964
2022-03-05 06:00:00,12.0821080106151,4444.70548440503,0.20000000000000018
2022-03-05 07:00:00,13.91626785294602,5119.447036402517,0.6499999999999995
2022-03-05 08:00:00,11.343494837940879,4172.988163507501,0.20000000000000018
2022-03-05 09:00:00,12.625172615256455,4644.485375837469,0.09999999999999964
2022-03-05 10:00:00,3.5856294733097496,1319.0634424938241,-0.1999999999999993
2022-03-05 11:00:00,1.9348812639664712,711.7944449816656,-0.15000000000000036
2022-03-05 12:00:00,2.8136160356016737,1035.0589990969656,-0.20000000000000018
2022-03-05 13:00:00,2.7244834489879843,1002.2693487964548,-0.20000000000000018
2022-03-05 14:00:00,3.727695013375385,1371.32580304547,-0.14999999999999947
2022-03-05 15:00:00,3.689280481984652,1357.194057310104,-0.04999999999999982
2022-03-05 16:00:00,2.8407842167847233,1045.05349374968,-0.15000000000000036
2022-03-05 17:00:00,3.313003131156409,1218.771026874164,-0.04999999999999982
2022-03-05 18:00:00,1.7215310020241341,633.3082173696283,0.3999999999999999
2022-03-05 19:00:00,5.713193393178226,2101.74101951544,0.6499999999999999
2022-03-05 20:00:00,11.733911301468387,4316.612620027683,0.3000000000000007
2022-03-05 21:00:00,10.22643173432023,3762.048574263054,0.09999999999999964
2022-03-05 22:00:00,3.1238571473922008,1149.1889480969057,-0.20000000000000018
2022-03-05 23:00:00,2.6934443322499506,990.8508337264507,-0.15000000000000036
2022-03-06 00:00:00,3.55158237152445,1306.5383649245573,-0.2999999999999998
2022-03-06 01:00:00,1.8488413861442625,680.1425249278204,-0.09999999999999964
2022-03-06 02:00:00,3.4933944685689733,1285.1324901248108,-0.20000000000000018
2022-03-06 03:00:00,3.4644061632195466,1274.4684172943907,-0.15000000000000036
2022-03-06 04:00:00,1.789845623335383,658.4394586845041,-0.14999999999999947
2022-03-06 05:00:00,4.074204847706309,1498.7981083499583,-0.10000000000000053
2022-03-06 06:00:00,2.574641911247402,947.1463931001381,0.0
2022-03-06 07:00:00,6.960447392540892,2560.5745845309807,0.6000000000000005
2022-03-06 08:00:00,16.90115054896702,6217.510758201242,0.34999999999999964
2022-03-06 09:00:00,8.16310824157761,3003.003444370364,0.20000000000000018
2022-03-06 10:00:00,2.4923896912542847,916.8878576701699,-0.14999999999999947
2022-03-06 11:00:00,2.5019749716083246,920.4140426804124,-0.15000000000000036
2022-03-06 12:00:00,2.601759621045345,957.1223205920563,-0.20000000000000018
2022-03-06 13:00:00,2.6404228418147646,971.3455529326066,-0.25
2022-03-06 14:00:00,3.1218658915474933,1148.4564148530342,-0.15000000000000036
2022-03-06 15:00:00,2.763545483406513,1016.639294708171,-0.09999999999999964
2022-03-06 16:00:00,3.0856886061546196,1135.1476959891306,-0.10000000000000009
2022-03-06 17:00:00,1.9206071191172716,706.5433439452662,-0.050000000000000266
2022-03-06 18:00:00,2.0793780627133107,764.9512048206593,0.0
2022-03-06 19:00:00,5.244551218285695,1929.3392794268502,0.4500000000000002
2022-03-06 20:00:00,6.288469996920615,2313.370900117171,0.40000000000000036
2022-03-06 21:00:00,0.564572649980822,207.6921636116949,0.1999999999999993
2022-03-06 22:00:00,2.864713256977639,1053.856389410649,-0.04999999999999982
2022-03-06 23:00:00,2.799418015184069,1029.8359023358394,-0.14999999999999947
2022-03-07 00:00:00,2.9833610614636146,1097.5039504859271,-0.20000000000000107
2022-03-07 01:00:00,3.9013916532243544,1435.2244544299094,-0.1999999999999993
2022-03-07 02:00:00,2.4608487655657663,905.2847396325064,-0.15000000000000036
2022-03-07 03:00:00,2.5144103318297892,924.9887008218835,-0.09999999999999964
2022-03-07 04:00:00,2.6659406942936386,980.7329329132722,-0.1499999999999999
2022-03-07 05:00:00,3.0270675380131564,1113.5824705465898,-0.10000000000000009
2022-03-07 06:00:00,2.8739339253268845,1057.2484427796278,0.0
2022-03-07 07:00:00,5.667147716284193,2084.8019661280473,0.20000000000000018
2022-03-07 08:00:00,15.96493863902978,5873.101801833081,0.5499999999999998
2022-03-07 09:00:00,9.536843363826954,3508.3662524678407,0.20000000000000018
2022-03-07 10:00:00,14.277842107784949,5252.461165401389,0.04999999999999982
2022-03-07 11:00:00,2.905686974813795,1068.9295958596247,-0.1999999999999993
2022-03-07 12:00:00,2.2684147345694603,834.4930704797401,-0.15000000000000036
2022-03-07 13:00:00,3.673480827833317,1351.3817595391818,-0.15000000000000036
2022-03-07 14:00:00,3.2362041868859546,1190.5186152506706,-0.20000000000000018
2022-03-07 15:00:00,1.5589928254652479,573.514485668028,-0.09999999999999964
2022-03-07 16:00:00,2.716381883480511,999.2889853853931,-0.10000000000000009
2022-03-07 17:00:00,2.6781801225626682,985.2355125877416,-0.10000000000000009
2022-03-07 18:00:00,3.083796031818709,1134.4514652053078,0.0
2022-03-07 19:00:00,9.617425495213682,3538.010404051734,0.10000000000000009
2022-03-07 20:00:00,2.2151481532626915,814.8976268815126,0.49999999999999956
2022-03-07 21:00:00,11.652707705171553,4286.739847039985,0.20000000000000018
2022-03-07 22:00:00,6.720564636466356,2472.3277156400604,0.15000000000000036
2022-03-07 23:00:00,2.0423014078138664,751.311630399526,-0.14999999999999947
2022-03-08 00:00:00,2.4630063234377193,906.078451234651,-0.15000000000000036
2022-03-08 01:00:00,2.721652428945559,1001.2278872983475,-0.20000000000000018
2022-03-08 02:00:00,2.6627740391984234,979.56799967012,-0.20000000000000018
2022-03-08 03:00:00,1.9762273182351937,727.0046246957719,-0.09999999999999964
2022-03-08 04:00:00,3.255842409959369,1197.743026563803,-0.10000000000000053
2022-03-08 05:00:00,2.224178593831208,818.2197002056555,-0.04999999999999982
2022-03-08 06:00:00,1.9371851927220707,712.6420027726318,-0.04999999999999982
2022-03-08 07:00:00,6.552056349792619,2410.33772967996,0.04999999999999982
2022-03-08 08:00:00,13.282604385801285,4886.338088426648,0.44999999999999973
2022-03-08 09:00:00,9.331338544336218,3432.766166997686,0.3500000000000001
2022-03-08 10:00:00,12.350241528531107,4543.345102308382,0.15000000000000036
2022-03-08 11:00:00,1.3786080716389313,507.15544435417183,-0.04999999999999982
2022-03-08 12:00:00,3.22508917493509,1186.429680229246,-0.15000000000000036
2022-03-08 13:00:00,2.6227816334929615,964.8557934212232,-0.25
2022-03-08 14:00:00,2.9088620917819705,1070.0976420142924,-0.15000000000000036
2022-03-08 15:00:00,3.0084932136582276,1106.7494409745204,-0.14999999999999947
2022-03-08 16:00:00,1.9935706844644139,733.3848155473462,-0.04999999999999982
2022-03-08 17:00:00,3.682855704773615,1354.8305423935933,-0.050000000000000266
2022-03-08 18:00:00,2.977580788325067,1095.377532505084,-0.1499999999999999
2022-03-08 19:00:00,11.74852035795896,4321.986926684152,0.09999999999999964
2022-03-08 20:00:00,2.0922581914030745,769.6894821624061,0.30000000000000027
2022-03-08 21:00:00,13.125183147006059,4828.426750204854,0.3500000000000001
2022-03-08 22:00:00,7.907647991330371,2909.02600481066,0.14999999999999947
2022-03-08 23:00:00,4.559608660367074,1677.3660359325374,-0.09999999999999964
2022-03-09 00:00:00,2.052963271036695,755.233863332624,-0.15000000000000036
2022-03-09 01:00:00,2.3514134362037367,865.0262178434497,-0.19999999999999973
2022-03-09 02:00:00,2.0918019884853725,769.5216565140565,-0.1499999999999999
2022-03-09 03:00:00,3.3921204241907748,1247.8763010491812,-0.1499999999999999
2022-03-09 04:00:00,2.286639426372362,841.1974789767326,-0.050000000000000266
2022-03-09 05:00:00,3.3624936287445055,1236.977343674385,-0.04999999999999982
2022-03-09 06:00:00,2.732068487015458,1005.0596946608116,-0.09999999999999964
2022-03-09 07:00:00,2.4360140212588686,896.1486580706062,-4.440892098500626e-16
2022-03-09 08:00:00,8.29223432508875,3050.5057023420236,0.30000000000000027
2022-03-09 09:00:00,10.892119335434035,4006.9384005227953,0.4500000000000002
2022-03-09 10:00:00,7.714884631397625,2838.1131837754015,0.1999999999999993
2022-03-09 11:00:00,11.595638921792228,4265.745668354316,0.05000000000000071
2022-03-09 12:00:00,3.4525332669259408,1270.1006755703806,-0.15000000000000036
2022-03-09 13:00:00,3.647618135343978,1341.8675215396659,-0.20000000000000018
2022-03-09 14:00:00,3.441542421881561,1266.0574184496793,-0.20000000000000018
2022-03-09 15:00:00,3.4095111000338676,1254.273895924959,-0.14999999999999947
2022-03-09 16:00:00,2.747969402074071,1010.9092437879987,-0.04999999999999982
2022-03-09 17:00:00,3.312746071317267,1218.6764609858396,-0.050000000000000266
2022-03-09 18:00:00,3.6222000536040846,1332.5168447196027,-0.050000000000000266
2022-03-09 19:00:00,2.8826155120843233,1060.4421815080207,-0.1499999999999999
2022-03-09 20:00:00,12.30423145756986,4526.419147453513,0.20000000000000018
2022-03-09 21:00:00,8.520604408450426,3134.5173467587006,0.2999999999999998
2022-03-09 22:00:00,9.901235083193937,3642.416856229969,0.25000000000000044
2022-03-09 23:00:00,2.9812734038744813,1096.7359534503248,0.0
2022-03-10 00:00:00,2.6024657097324915,957.3820729678404,-0.10000000000000053
2022-03-10 01:00:00,3.4066275344516757,1253.2131042364101,-0.1499999999999999
2022-03-10 02:00:00,1.8680552463408149,687.2108237476273,-0.19999999999999973
2022-03-10 03:00:00,3.110003161615757,1144.0924130793967,-0.10000000000000009
2022-03-10 04:00:00,2.315031876054238,851.6423514034527,-0.050000000000000266
2022-03-10 05:00:00,3.454492382002197,1270.821385029058,-0.09999999999999964
2022-03-10 06:00:00,2.8171297977464884,1036.3516243459892,-0.050000000000000266
2022-03-10 07:00:00,8.018099638973586,2949.6584046874077,0.050000000000000266
2022-03-10 08:00:00,12.794397261908808,4706.738892724703,0.04999999999999982
2022-03-10 09:00:00,10.467974990031227,3850.906299457738,0.3999999999999999
2022-03-10 10:00:00,6.238996480971026,2295.1708304372164,0.25000000000000044
2022-03-10 11:00:00,4.656721916752729,1713.09157512541,0.15000000000000036
2022-03-10 12:00:00,4.001270878304439,1471.9675243562453,-0.15000000000000036
2022-03-10 13:00:00,2.5717986950480913,946.1004449408168,-0.15000000000000036
2022-03-10 14:00:00,1.3534279636304907,497.89231212056677,-0.10000000000000009
2022-03-10 15:00:00,2.8666354950043886,1054.5635327247394,-0.24999999999999956
2022-03-10 16:00:00,3.639451531380877,1338.8632321067403,0.0
2022-03-10 17:00:00,3.908757835865536,1437.934288869034,-0.10000000000000053
2022-03-10 18:00:00,3.618724268296818,1331.2381901996916,-0.04999999999999982
2022-03-10 19:00:00,3.195159679149744,1175.4193669672122,-0.04999999999999982
2022-03-10 20:00:00,2.9970071616037455,1102.5240095749778,-0.050000000000000266
2022-03-10 21:00:00,8.694708306520319,3198.5658182611623,0.050000000000000266
2022-03-10 22:00:00,5.188004660519699,1908.5372144886842,0.1499999999999999
2022-03-10 23:00:00,16.916619784522123,6223.201503231077,0.10000000000000009
2022-03-11 00:00:00,2.7057373018515136,995.3731099186255,-0.04999999999999982
2022-03-11 01:00:00,3.2997665579810125,1213.901622517265,-0.050000000000000266
2022-03-11 02:00:00,3.137086193856612,1154.0555835650011,-0.1499999999999999
2022-03-11 03:00:00,3.4647124303506125,1274.5810853152316,0.0
2022-03-11 04:00:00,3.422804393363709,1259.1641662086745,-0.050000000000000266
2022-03-11 05:00:00,3.07243089576435,1130.2705157793102,-0.04999999999999982
2022-03-11 06:00:00,2.1990856992775885,808.9886516217427,-0.10000000000000009
2022-03-11 07:00:00,12.958245620651713,4767.014607697249,0.04999999999999982
2022-03-11 08:00:00,6.886862733375068,2533.504628040353,0.050000000000000266
2022-03-11 09:00:00,7.568722836053755,2784.343913313275,0.1499999999999999
2022-03-11 10:00:00,6.6073140606217144,2430.6656600512133,0.25
2022-03-11 11:00:00,18.01877538986095,6628.656996545098,0.1499999999999999
2022-03-11 12:00:00,10.118611347584071,3722.38414949249,0.050000000000000266
2022-03-11 13:00:00,3.5192460560867924,1294.6426428829288,-0.10000000000000053
2022-03-11 14:00:00,2.281217166382793,839.20276508307,-0.09999999999999964
2022-03-11 15:00:00,2.988787815723826,1099.5003177094025,-0.1499999999999999
2022-03-11 16:00:00,3.5921274482786227,1321.4538850354982,-0.10000000000000009
2022-03-11 17:00:00,2.352696502992953,865.4982260385326,-0.04999999999999982
2022-03-11 18:00:00,3.2331389399479775,1189.3909875333622,0.0
2022-03-11 19:00:00,3.212278718860631,1181.7170337008547,-0.050000000000000266
2022-03-11 20:00:00,3.930557231752817,1445.9537416310675,-0.050000000000000266
2022-03-11 21:00:00,3.1304857161876556,1151.6274328425338,-0.04999999999999982
2022-03-11 22:00:00,7.566649533827075,2783.5811972566353,0.10000000000000009
2022-03-11 23:00:00,2.2703814196005854,835.2165647355655,-0.050000000000000266
2022-03-12 00:00:00,7.421449196059669,2730.165623000451,0.050000000000000266
2022-03-12 01:00:00,4.079853287297899,1500.8760280647145,0.0
2022-03-12 02:00:00,2.6192620183055677,963.5610149841606,-0.050000000000000266
2022-03-12 03:00:00,2.674278099148847,983.8000557243821,0.0
2022-03-12 04:00:00,2.5675280752188625,944.529390671139,-0.04999999999999982
2022-03-12 05:00:00,3.806112811799939,1400.1737506409027,-0.04999999999999982
2022-03-12 06:00:00,2.537380688259104,933.4389206933181,0.0
2022-03-12 07:00:00,2.744945447143354,1009.7968063678613,0.0
2022-03-12 08:00:00,3.0275948099784413,1113.776440720819,0.0
2022-03-12 09:00:00,7.405467160149816,2724.286231540113,0.10000000000000009
2022-03-12 10:00:00,16.021561342320936,5893.931878806316,0.04999999999999982
2022-03-12 11:00:00,10.032579439827366,3690.735161426492,0.20000000000000018
2022-03-12 12:00:00,8.937897718454483,3288.0291231764427,0.1499999999999999
2022-03-12 13:00:00,3.1024868653877657,1141.3273556045242,0.0
2022-03-12 14:00:00,2.341810563572183,861.4935610741165,0.0
2022-03-12 15:00:00,2.9845425591591326,1097.9385939506658,-0.09999999999999964
2022-03-12 16:00:00,3.7855367227226093,1392.6043218715797,-0.050000000000000266
2022-03-12 17:00:00,1.7706831002189298,651.3900454930388,-0.10000000000000009
2022-03-12 18:00:00,2.940218759024427,1081.632975976111,-0.04999999999999982
2022-03-12 19:00:00,2.731593881563989,1004.8850991803524,-0.050000000000000266
2022-03-12 20:00:00,2.873056646115096,1056.925713689591,-0.050000000000000266
2022-03-12 21:00:00,4.4559394523073665,1639.2287260175726,4.440892098500626e-16
2022-03-12 22:00:00,2.935011150576331,1079.717227018268,-0.050000000000000266
2022-03-12 23:00:00,2.7937347684987563,1027.74517796148,-0.04999999999999982
2022-03-13 00:00:00,2.5712967905320885,945.9158068169921,0.0
2022-03-13 01:00:00,1.213765760106413,446.5140789991466,0.04999999999999982
2022-03-13 02:00:00,15.66741563158528,5763.650525469436,0.050000000000000266
2022-03-13 03:00:00,2.2981469735443407,845.4308178926243,-0.10000000000000009
2022-03-13 04:00:00,4.746167230431719,1745.9962698950692,0.04999999999999982
2022-03-13 05:00:00,2.80917139210327,1033.4239258699904,-0.04999999999999982
2022-03-13 06:00:00,3.2171146120787806,1183.4960379184815,0.0
2022-03-13 07:00:00,2.989039195041423,1099.5927938758637,0.0
2022-03-13 08:00:00,1.9742151757467612,726.2644077778397,-0.04999999999999982
2022-03-13 09:00:00,3.0413937744298396,1118.8527347683773,0.0
2022-03-13 10:00:00,3.5930306944091654,1321.7861667057718,-0.050000000000000266
2022-03-13 11:00:00,12.41879029145675,4568.562478469652,0.050000000000000266
2022-03-13 12:00:00,3.7542874659456693,1381.1085015347633,0.0
2022-03-13 13:00:00,10.300502991807054,3789.29753811102,0.14999999999999947
2022-03-13 14:00:00,5.501006016694105,2023.6825883913436,0.10000000000000053
2022-03-13 15:00:00,7.840876028238803,2884.4622688883496,0.20000000000000018
2022-03-13 16:00:00,9.158635722355562,3369.233116361552,0.09999999999999964
2022-03-13 17:00:00,1.9660528924009182,723.2617077919878,-0.04999999999999982
2022-03-13 18:00:00,2.968808272394128,1092.1503432069896,-0.15000000000000036
2022-03-13 19:00:00,2.549740396502923,937.9857483635127,-0.04999999999999982
2022-03-13 20:00:00,3.58606941131991,1319.2252846893118,-0.10000000000000009
2022-03-13 21:00:00,3.7710094798721863,1387.2601124079808,-0.050000000000000266
2022-03-13 22:00:00,2.668930494833275,981.832805786791,-0.04999999999999982
2022-03-13 23:00:00,3.6603928146562255,1346.5670066916591,-0.04999999999999982
2022-03-14 00:00:00,2.60926766773475,959.8843432679214,-0.04999999999999982
2022-03-14 01:00:00,2.3466627306050616,863.2785520213371,-0.050000000000000266
2022-03-14 02:00:00,12.967688519579992,4770.488414140489,0.050000000000000266
2022-03-14 03:00:00,14.23415339311162,5236.389179490938,0.14999999999999947
2022-03-14 04:00:00,13.618611486384005,5009.946700553515,0.10000000000000053
2022-03-14 05:00:00,12.223007350246442,4496.53882897191,0.09999999999999964
2022-03-14 06:00:00,3.587425236005105,1319.7240586953778,-0.04999999999999982
2022-03-14 07:00:00,2.0999252599777027,772.5100050142975,-0.04999999999999982
2022-03-14 08:00:00,2.1226723378687913,780.8780862934816,-0.050000000000000266
2022-03-14 09:00:00,3.568344358564353,1312.7046809068613,-0.050000000000000266
2022-03-14 10:00:00,2.244251731720667,825.6041058067404,-0.09999999999999964
2022-03-14 11:00:00,3.5868306833794104,1319.5053376482006,-0.04999999999999982
2022-03-14 12:00:00,2.6627000915878045,979.5407961928636,0.0
2022-03-14 13:00:00,2.0245075761410574,744.7657245728914,0.0
2022-03-14 14:00:00,8.975220260417968,3301.75915330126,0.25
2022-03-14 15:00:00,18.247655515962663,6712.856272934765,0.34999999999999964
2022-03-14 16:00:00,12.793645221436954,4706.462235836119,0.2999999999999998
2022-03-14 17:00:00,11.18958529622401,4116.368690848408,0.05000000000000071
2022-03-14 18:00:00,2.185172520951,803.8703411448491,-0.15000000000000036
2022-03-14 19:00:00,3.5207316869316383,1295.1891693299765,-0.25
2022-03-14 20:00:00,2.5303454117594204,930.8508183509969,-0.09999999999999964
2022-03-14 21:00:00,3.4097501700305504,1254.3618437999885,-0.15000000000000036
2022-03-14 22:00:00,3.2634928046081066,1200.5574154952074,-0.10000000000000009
2022-03-14 23:00:00,3.1528761657041633,1159.8643194584192,0.0
2022-03-15 00:00:00,2.818440796574315,1036.8339080397761,-0.1499999999999999
2022-03-15 01:00:00,3.4516284793875394,1269.767826854691,-0.04999999999999982
2022-03-15 02:00:00,3.9888119104943303,1467.3841815731016,0.0
2022-03-15 03:00:00,9.807087260551395,3607.7822259753443,0.14999999999999947
2022-03-15 04:00:00,6.552394259513608,2410.462038218569,0.20000000000000018
2022-03-15 05:00:00,12.692859227924579,4669.385588472755,0.15000000000000036
2022-03-15 06:00:00,3.378640835732302,1242.9174974450207,0.0
2022-03-15 07:00:00,2.9175714152882857,1073.3015843991782,-0.050000000000000266
2022-03-15 08:00:00,2.0732173301885095,762.6848253430979,-0.10000000000000009
2022-03-15 09:00:00,3.435811555816035,1263.949176095824,-0.09999999999999964
2022-03-15 10:00:00,2.0525287817372804,755.0740255816021,-0.050000000000000266
2022-03-15 11:00:00,3.7142181516019033,1366.36800252055,-0.050000000000000266
2022-03-15 12:00:00,3.0897182098278355,1136.630086440415,-0.04999999999999982
2022-03-15 13:00:00,3.4603145668770803,1272.963221289906,0.0
2022-03-15 14:00:00,2.3880594226287304,878.5073600995443,0.0
2022-03-15 15:00:00,10.442559251181128,3841.5564845282574,0.3500000000000001
2022-03-15 16:00:00,12.284597262857737,4519.19621807379,0.44999999999999973
2022-03-15 17:00:00,9.650854715941907,3550.308178627129,0.25
2022-03-15 18:00:00,10.111171683842446,3719.6472831935403,0.05000000000000071
2022-03-15 19:00:00,3.8210623486703086,1405.6733115170896,-0.20000000000000018
2022-03-15 20:00:00,2.788203933828522,1025.7105221571676,-0.25
2022-03-15 21:00:00,2.7282829073729067,1003.6670745498081,-0.15000000000000036
2022-03-15 22:00:00,2.6992878144713313,993.000504748641,-0.19999999999999973
2022-03-15 23:00:00,2.673000152312981,983.329931032138,-0.050000000000000266
2022-03-16 00:00:00,2.691008623657325,989.9547974279385,-0.09999999999999964
2022-03-16 01:00:00,2.696749672931798,992.066785929785,-0.10000000000000009
2022-03-16 02:00:00,1.9754996844295285,726.7369464095129,-0.050000000000000266
2022-03-16 03:00:00,2.734870719829649,1006.0905660573321,0.0
2022-03-16 04:00:00,12.843632947043956,4724.851470393795,0.20000000000000018
2022-03-16 05:00:00,9.486098083001346,3489.6983322841206,0.2999999999999998
2022-03-16 06:00:00,10.441543697427793,3841.1828876912496,0.20000000000000018
2022-03-16 07:00:00,3.4633454869528983,1274.0782210127975,-0.10000000000000009
2022-03-16 08:00:00,1.9692496726390236,724.4377233220808,-0.1499999999999999
2022-03-16 09:00:00,3.7729241028734237,1387.9644543445609,-0.1499999999999999
2022-03-16 10:00:00,3.401836985424817,1251.4507810131547,-0.1499999999999999
2022-03-16 11:00:00,2.8835848367920662,1060.7987718348813,-0.10000000000000009
2022-03-16 12:00:00,2.772362649739702,1019.8829097729927,-0.10000000000000009
2022-03-16 13:00:00,2.4822131204475677,913.1441516846488,-0.04999999999999982
2022-03-16 14:00:00,3.8336763515580787,1410.3136878294283,-0.050000000000000266
2022-03-16 15:00:00,8.557333229339903,3148.028961743417,0.19999999999999973
2022-03-16 16:00:00,10.93652966382328,4023.275850078989,0.5000000000000004
2022-03-16 17:00:00,2.2098079361317473,812.9330945044666,0.3999999999999999
2022-03-16 18:00:00,0.0,0.0,0.1999999999999993
2022-03-16 19:00:00,3.4927631273084687,1284.9002354586028,8.881784197001252e-16
2022-03-16 20:00:00,2.9988347538583637,1103.1963350756455,-0.2999999999999998
2022-03-16 21:00:00,3.015312978447822,1109.2582619464927,-0.25000000000000044
2022-03-16 22:00:00,2.967076249376853,1091.5131752395096,-0.19999999999999973
2022-03-16 23:00:00,2.4709268770186403,908.9922248832322,-0.10000000000000009
2022-03-17 00:00:00,2.138260070537849,786.6124234491112,-0.10000000000000009
2022-03-17 01:00:00,3.228698245916983,1187.7573672167102,-0.10000000000000009
2022-03-17 02:00:00,2.7645713193809742,1017.0166741172758,-0.10000000000000009
2022-03-17 03:00:00,3.0484214863536305,1121.4380542923418,0.0
2022-03-17 04:00:00,5.46687377553839,2011.1261901761854,0.20000000000000018
2022-03-17 05:00:00,7.564764558221173,2782.887761855613,0.5
2022-03-17 06:00:00,11.14026832036097,4098.226208352792,0.20000000000000018
2022-03-17 07:00:00,3.780137624847003,1390.6181287405911,0.09999999999999964
2022-03-17 08:00:00,3.035044665441031,1116.517056299119,-0.20000000000000018
2022-03-17 09:00:00,3.1886641711805948,1173.0298319730614,-0.19999999999999973
2022-03-17 10:00:00,3.2496116167746596,1195.4508735209777,-0.1499999999999999
2022-03-17 11:00:00,2.508257475470994,922.725218788892,-0.1499999999999999
2022-03-17 12:00:00,3.681465251428566,1354.3190293692837,-0.050000000000000266
2022-03-17 13:00:00,2.3699159612731586,871.8328342533631,-0.09999999999999964
2022-03-17 14:00:00,3.143042124598489,1156.246621586669,-0.10000000000000009
2022-03-17 15:00:00,3.011753049510374,1107.9486530886288,0.0
2022-03-17 16:00:00,12.118659523362123,4458.151872156841,0.6000000000000001
2022-03-17 17:00:00,7.802585185076687,2870.376024960087,0.4999999999999991
2022-03-17 18:00:00,15.118020295674478,5561.541716271249,0.20000000000000107
2022-03-17 19:00:00,9.735783160102764,3581.551230022804,0.04999999999999982
2022-03-17 20:00:00,1.779449881824074,654.6151252760312,-0.14999999999999947
2022-03-17 21:00:00,3.1758773257109705,1168.3258711959234,-0.2500000000000009
2022-03-17 22:00:00,3.326043609740451,1223.5682929332684,-0.20000000000000018
2022-03-17 23:00:00,2.7857799323481767,1024.8187926125854,-0.19999999999999973
2022-03-18 00:00:00,3.5724983331748876,1314.2328243167117,-0.1499999999999999
2022-03-18 01:00:00,2.480817991687489,912.6309186920349,-0.10000000000000009
2022-03-18 02:00:00,3.8145779501914876,1403.2878634266935,-0.1499999999999999
2022-03-18 03:00:00,3.09047812604559,1136.9096406190213,-0.04999999999999982
2022-03-18 04:00:00,3.7012748378834965,1361.6064809863913,0.0
2022-03-18 05:00:00,10.97469435581196,4037.315686144325,0.49999999999999956
2022-03-18 06:00:00,10.655635394298558,3919.9418706775823,0.30000000000000027
2022-03-18 07:00:00,11.288911349368632,4152.908262648986,0.15000000000000036
2022-03-18 08:00:00,2.3870026322948252,878.1185933554589,-0.09999999999999964
2022-03-18 09:00:00,2.874620156828349,1057.500890193229,-0.20000000000000107
2022-03-18 10:00:00,4.27031609312021,1570.9425327565978,-0.19999999999999973
2022-03-18 11:00:00,2.582253011473119,949.9463265956738,-0.19999999999999973
2022-03-18 12:00:00,2.8906686635506977,1063.404734603713,-0.10000000000000009
2022-03-18 13:00:00,3.244884821142062,1193.7120035776359,-0.050000000000000266
2022-03-18 14:00:00,2.502319816724638,920.5409025775762,-0.04999999999999982
2022-03-18 15:00:00,2.850554335600632,1048.6476762090826,-0.1499999999999999
2022-03-18 16:00:00,20.63180373522342,7589.924799095315,0.1499999999999999
2022-03-18 17:00:00,8.862734877511137,3260.37859306441,0.75
2022-03-18 18:00:00,12.227994426100116,4498.37344950158,0.2999999999999998
2022-03-18 19:00:00,3.160507163550812,1162.671572791255,0.20000000000000018
2022-03-18 20:00:00,3.1506489163739206,1159.044970111056,-0.09999999999999964
2022-03-18 21:00:00,3.42674534909874,1260.6139452996988,-0.25
2022-03-18 22:00:00,3.4812733344164104,1280.673427898437,-0.15000000000000036
2022-03-18 23:00:00,2.281195502771791,839.1947955821727,-0.20000000000000018
2022-03-19 00:00:00,4.124651122966317,1517.356031861234,-0.1499999999999999
2022-03-19 01:00:00,2.9007408580473437,1067.1100431541665,-0.1499999999999999
2022-03-19 02:00:00,3.0300875733182306,1114.693466034444,-0.1499999999999999
2022-03-19 03:00:00,2.50541180617841,921.6783681978827,-0.10000000000000009
2022-03-19 04:00:00,2.0337451965733995,748.1640141894393,-0.09999999999999964
2022-03-19 05:00:00,12.99378062149032,4780.087046130752,0.44999999999999973
2022-03-19 06:00:00,4.829710114065657,1776.7296082119035,0.5999999999999992
2022-03-19 07:00:00,9.714458109335306,3573.706276971726,0.15000000000000036
2022-03-19 08:00:00,2.730319635676649,1004.4163359745472,0.0
2022-03-19 09:00:00,1.4610135191672624,537.4703483636566,-0.1999999999999993
2022-03-19 10:00:00,3.47128541814729,1276.9991232009345,-0.20000000000000107
2022-03-19 11:00:00,2.767203414233933,1017.984956011308,-0.2499999999999991
2022-03-19 12:00:00,2.2779219250620764,837.9905281822113,-0.15000000000000036
2022-03-19 13:00:00,3.0255085082816042,1113.008942484095,-0.14999999999999947
2022-03-19 14:00:00,2.443934736801344,899.0624913007945,-0.10000000000000053
2022-03-19 15:00:00,2.6600141187910946,978.5526939502739,-0.09999999999999964
2022-03-19 16:00:00,2.9268445656104216,1076.712944573934,-0.10000000000000009
2022-03-19 17:00:00,3.472611608255518,1277.4869953869986,0.30000000000000027
2022-03-19 18:00:00,14.48534444740675,5328.796088589758,0.5999999999999996
2022-03-19 19:00:00,6.895198632760944,2536.571197026932,0.15000000000000036
2022-03-19 20:00:00,15.583523783277426,5732.788811773183,0.04999999999999982
2022-03-19 21:00:00,2.812485686502066,1034.6431719219474,-0.20000000000000018
2022-03-19 22:00:00,3.656622016213691,1345.1798242146115,-0.20000000000000018
2022-03-19 23:00:00,2.9611186611215894,1089.3215274601048,-0.09999999999999964
2022-03-20 00:00:00,2.6511917513924934,975.3071655435135,-0.15000000000000036
2022-03-20 01:00:00,3.6399206829165216,1339.0358212279152,-0.04999999999999982
2022-03-20 02:00:00,2.5708127662019593,945.7377463665457,-0.1499999999999999
2022-03-20 03:00:00,3.1185206321533223,1147.2257775534035,-0.10000000000000009
2022-03-20 04:00:00,2.619100919720493,963.5017508421764,-0.10000000000000009
2022-03-20 05:00:00,15.689035460075292,5771.603919875198,0.050000000000000266
2022-03-20 06:00:00,0.8844998911115266,325.38539744265285,0.5499999999999998
2022-03-20 07:00:00,7.303611624362976,2686.81612631253,0.15000000000000036
2022-03-20 08:00:00,5.43879876704215,2000.7980964256308,0.14999999999999947
2022-03-20 09:00:00,2.21904071433921,816.329602787537,-0.14999999999999947
2022-03-20 10:00:00,3.4938899728244004,1285.3147737527763,-0.15000000000000036
2022-03-20 11:00:00,3.187225363529154,1172.5005306082876,-0.1499999999999999
2022-03-20 12:00:00,2.734005612766155,1005.7723147963494,-0.1499999999999999
2022-03-20 13:00:00,2.963957406416308,1090.3658308853994,0.0
2022-03-20 14:00:00,2.468020862020685,907.9231746158595,-0.15000000000000036
2022-03-20 15:00:00,2.3049970402622004,847.950786186457,-0.09999999999999964
2022-03-20 16:00:00,2.7462375129520247,1010.2721250772261,-0.050000000000000266
2022-03-20 17:00:00,3.0673303366007953,1128.3941475770175,-0.10000000000000009
2022-03-20 18:00:00,13.18265278572276,4849.568393547761,0.5
2022-03-20 19:00:00,8.511218222168422,3131.064403480208,0.2999999999999998
2022-03-20 20:00:00,2.0741697653177953,763.0352024162838,0.20000000000000018
2022-03-20 21:00:00,2.5576824234066957,940.9074215107382,-0.04999999999999982
2022-03-20 22:00:00,1.6658189571962827,612.8131488785825,-0.20000000000000018
2022-03-20 23:00:00,3.017131674942638,1109.9273149195228,-0.14999999999999947
2022-03-21 00:00:00,2.8338138314879773,1042.4892632586398,-0.10000000000000053
2022-03-21 01:00:00,4.0593411579213665,1493.3301284703227,-0.1499999999999999
2022-03-21 02:00:00,2.4999982566195076,919.6868586539013,-0.04999999999999982
2022-03-21 03:00:00,3.910021769659393,1438.3992585134492,-0.10000000000000009
2022-03-21 04:00:00,3.3449098548552456,1230.5087128548737,-0.04999999999999982
2022-03-21 05:00:00,3.20925665556116,1180.6052921645617,-0.10000000000000009
2022-03-21 06:00:00,12.86152348517403,4731.432952108396,0.3500000000000001
2022-03-21 07:00:00,2.8377067956048148,1043.921387433121,0.4500000000000002
2022-03-21 08:00:00,9.272355809965388,3411.0678935910173,0.1999999999999993
2022-03-21 09:00:00,3.211945101758557,1181.5943043094292,0.0
2022-03-21 10:00:00,2.7265930371980107,1003.0454135592181,-0.1999999999999993
2022-03-21 11:00:00,2.3499884230414434,864.501991126371,-0.15000000000000036
2022-03-21 12:00:00,2.9224494764031705,1075.0961011318163,-0.10000000000000009
2022-03-21 13:00:00,3.121573813169295,1148.3489665196546,0.0
2022-03-21 14:00:00,3.210917649585708,1181.2163303413424,-0.19999999999999973
2022-03-21 15:00:00,3.1080158953356802,1143.3613474966135,-0.04999999999999982
2022-03-21 16:00:00,2.777683016804198,1021.8401398068443,-0.05000000000000071
2022-03-21 17:00:00,2.4250542367684296,892.1168273511861,0.0
2022-03-21 18:00:00,2.369615013917334,871.7221232448393,0.25
2022-03-21 19:00:00,12.37715258183674,4553.24500604319,0.6000000000000005
2022-03-21 20:00:00,10.121453895203857,3723.4298516981194,0.20000000000000018
2022-03-21 21:00:00,7.1582787437194275,2633.351792845784,0.09999999999999964
2022-03-21 22:00:00,3.256881629071684,1198.1253292947458,-0.1999999999999993
2022-03-21 23:00:00,2.798159881231074,1029.3730663078813,-0.05000000000000071
2022-03-22 00:00:00,2.7968774776799776,1028.9013021015217,-0.15000000000000036
2022-03-22 01:00:00,2.383399089792374,876.7929401573695,-0.049999999999998934
2022-03-22 02:00:00,3.8390989276599257,1412.3085180128953,-0.10000000000000053
2022-03-22 03:00:00,1.7059631087343288,627.5811786256412,-0.04999999999999982
2022-03-22 04:00:00,2.8063705636925076,1032.3935711183813,-0.09999999999999964
2022-03-22 05:00:00,3.1084895656978,1143.5355989810785,-0.05000000000000071
2022-03-22 06:00:00,7.3656658110300475,2709.6443102326784,0.09999999999999964
2022-03-22 07:00:00,4.497134188590846,1654.3832396278574,0.6000000000000005
2022-03-22 08:00:00,0.631511540968954,232.31730813395396,0.14999999999999947
2022-03-22 09:00:00,2.9190151558163078,1073.8327004459243,0.10000000000000053
2022-03-22 10:00:00,2.309756003730095,849.7014898722086,-0.14999999999999947
2022-03-22 11:00:00,2.2896320236098435,842.2983806854711,-0.20000000000000107
2022-03-22 12:00:00,2.0669669681926304,760.3854734238637,-0.09999999999999964
2022-03-22 13:00:00,2.205575587270539,811.3761191671496,-0.15000000000000036
2022-03-22 14:00:00,1.8557089438282586,682.6689277108205,-0.14999999999999947
2022-03-22 15:00:00,3.4477483703077176,1268.3404317269517,-0.10000000000000053
2022-03-22 16:00:00,2.5623886988092637,942.6387425744579,-0.04999999999999982
2022-03-22 17:00:00,2.069474698181386,761.3080045934773,-0.04999999999999982
2022-03-22 18:00:00,4.055798132085259,1492.0267378408648,-0.04999999999999982
2022-03-22 19:00:00,7.438623799106543,2736.4837300963195,0.4500000000000002
2022-03-22 20:00:00,7.58844389978636,2791.598799633907,0.29999999999999893
2022-03-22 21:00:00,10.197488164987261,3751.400958694688,0.05000000000000071
2022-03-22 22:00:00,2.6799219955998907,985.8763041313099,-0.05000000000000071
2022-03-22 23:00:00,2.40571666279868,885.0030173270643,-0.1999999999999993
2022-03-23 00:00:00,2.1126144631052504,777.178045614844,-0.09999999999999964
2022-03-23 01:00:00,3.0212861797735013,1111.455653384177,-0.15000000000000036
2022-03-23 02:00:00,2.218201663578729,816.0209369890249,-0.09999999999999964
2022-03-23 03:00:00,3.884722345994181,1429.0922330326096,-0.10000000000000053
2022-03-23 04:00:00,3.064821411281695,1127.4711766752534,-0.10000000000000009
2022-03-23 05:00:00,3.0214616005981747,1111.5201863200534,-0.10000000000000009
2022-03-23 06:00:00,2.3073283781510336,848.8084271123115,-0.04999999999999982
2022-03-23 07:00:00,6.088507518104367,2239.8097032226437,0.25
2022-03-23 08:00:00,16.575299309953838,6097.638233649269,0.5000000000000009
2022-03-23 09:00:00,10.972979772001123,4036.684933624913,0.049999999999998934
2022-03-23 10:00:00,6.361747347874272,2340.3278055992478,0.09999999999999964
2022-03-23 11:00:00,3.106582493642688,1142.8340348488039,-0.14999999999999858
2022-03-23 12:00:00,2.131689111694442,784.1951319645927,-0.10000000000000053
2022-03-23 13:00:00,3.51724006302767,1293.9046881863042,-0.20000000000000018
2022-03-23 14:00:00,2.554275095476287,939.653950748339,-0.09999999999999964
2022-03-23 15:00:00,2.9591140136446192,1088.5840677695141,-0.10000000000000053
2022-03-23 16:00:00,2.722861255011045,1001.672584187188,-0.04999999999999982
2022-03-23 17:00:00,2.7667472095238237,1017.8171297035766,-0.10000000000000009
2022-03-23 18:00:00,3.0783928993580045,1132.4637878513258,-0.10000000000000009
2022-03-23 19:00:00,5.15586376904747,1896.7133840383376,0.10000000000000009
2022-03-23 20:00:00,16.406882127830546,6035.681762775663,0.2999999999999994
2022-03-23 21:00:00,4.6470764095962664,1709.5432341802266,0.2500000000000009
2022-03-23 22:00:00,10.689313340793072,3932.3311452442517,0.09999999999999964
2022-03-23 23:00:00,2.8719259044722736,1056.5097421077376,-0.04999999999999982
2022-03-24 00:00:00,2.152087213574804,791.6990836938311,-0.15000000000000036
2022-03-24 01:00:00,2.6588712509356096,978.1322614379372,-0.14999999999999947
2022-03-24 02:00:00,2.3633521265123623,869.4181635407353,-0.10000000000000053
2022-03-24 03:00:00,1.958860442522866,720.6157852930995,-0.14999999999999947
2022-03-24 04:00:00,3.5371797800505185,1301.2400115860844,-0.050000000000000266
2022-03-24 05:00:00,2.4869737885647147,914.8954824682445,-0.04999999999999982
2022-03-24 06:00:00,2.328010280491924,856.4167819359665,-0.10000000000000009
2022-03-24 07:00:00,3.0095611244901153,1107.1422986718012,0.0
2022-03-24 08:00:00,7.8518219959875895,2888.489016773934,0.34999999999999964
2022-03-24 09:00:00,6.547237828093088,2408.565116009745,0.40000000000000036
2022-03-24 10:00:00,6.561601285694109,2413.84907297472,0.20000000000000018
2022-03-24 11:00:00,2.366165471601064,870.4531228652414,0.0
2022-03-24 12:00:00,2.857777215258656,1051.3047930632779,-0.15000000000000036
2022-03-24 13:00:00,2.4352946973236484,895.8840367779371,-0.09999999999999964
2022-03-24 14:00:00,3.510477271512339,1291.4168262576018,-0.20000000000000018
2022-03-24 15:00:00,3.033045089685442,1115.7814623680322,-0.15000000000000036
2022-03-24 16:00:00,3.64062147150015,1339.293623828118,-0.1499999999999999
2022-03-24 17:00:00,8.447744740137484,3107.714096278077,0.050000000000000266
2022-03-24 18:00:00,2.549864800822098,938.0315136024291,-0.10000000000000009
2022-03-24 19:00:00,2.5781738578200137,948.4457079455376,-0.050000000000000266
2022-03-24 20:00:00,11.69163053752167,4301.058583990784,0.10000000000000009
2022-03-24 21:00:00,5.73389360556878,2109.356110148615,0.30000000000000027
2022-03-24 22:00:00,6.37096544762958,2343.718914046732,0.1999999999999993
2022-03-24 23:00:00,12.541127786211105,4613.56738435241,0.05000000000000071
2022-03-25 00:00:00,3.0397058442553684,1118.2317874554435,-0.04999999999999982
2022-03-25 01:00:00,2.8771361181328494,1058.4264494581219,-0.20000000000000018
2022-03-25 02:00:00,3.745373687117164,1377.8293451482268,-0.15000000000000036
2022-03-25 03:00:00,2.9444596566205874,1083.1930961792984,-0.09999999999999964
2022-03-25 04:00:00,3.180597214093769,1170.0622001347456,-0.04999999999999982
2022-03-25 05:00:00,2.5506184826480762,938.3087743041609,-0.050000000000000266
2022-03-25 06:00:00,3.3514679035306005,1232.9212550113195,-0.04999999999999982
2022-03-25 07:00:00,2.6766335709860734,984.6665749265018,-0.050000000000000266
2022-03-25 08:00:00,9.533132407173307,3507.0010842888796,0.15000000000000036
2022-03-25 09:00:00,8.949744038789106,3292.387088269543,0.20000000000000018
2022-03-25 10:00:00,7.584790743326977,2790.254894701412,0.34999999999999964
2022-03-25 11:00:00,7.753319953060256,2852.252577732042,0.15000000000000036
2022-03-25 12:00:00,2.3313710107826124,857.6531105916533,0.0
2022-03-25 13:00:00,2.79902495548222,1029.6913054980216,-0.10000000000000053
2022-03-25 14:00:00,2.9472552014000772,1084.2215072150532,-0.14999999999999947
2022-03-25 15:00:00,2.9210077076540557,1074.5657104532359,-0.10000000000000053
2022-03-25 16:00:00,2.9576915279919582,1088.0607708600419,0.0
2022-03-25 17:00:00,18.529777110744313,6816.641754615062,8.881784197001252e-16
2022-03-25 18:00:00,3.8243890324831926,1406.8971153247546,-0.10000000000000053
2022-03-25 19:00:00,2.404243709829311,884.461154753458,-0.15000000000000036
2022-03-25 20:00:00,3.4193250100871966,1257.8841880858274,0.04999999999999982
2022-03-25 21:00:00,2.6118730252146083,960.8427891508239,-0.04999999999999982
2022-03-25 22:00:00,9.612035240015235,3536.027463920605,0.10000000000000053
2022-03-25 23:00:00,1.6324198632355138,600.5264571877648,0.0
2022-03-26 00:00:00,2.9919799362613446,1100.6746190521421,-0.05000000000000071
2022-03-26 01:00:00,3.0545825363646664,1123.7045505651515,0.0
2022-03-26 02:00:00,2.782847641573434,1023.7400761438269,-0.04999999999999982
2022-03-26 03:00:00,3.3226651273679213,1222.3254337304738,-0.10000000000000009
2022-03-26 04:00:00,9.518246011965605,3501.5247516518466,0.050000000000000266
2022-03-26 05:00:00,3.032920117034511,1115.7354880540709,-0.09999999999999964
2022-03-26 06:00:00,2.64694451908482,973.7447149583281,-4.440892098500626e-16
2022-03-26 07:00:00,2.543298130859462,935.6157998899246,-0.04999999999999982
2022-03-26 08:00:00,3.073185122484457,1130.5479769339695,0.0
2022-03-26 09:00:00,10.724189262328286,3945.161124879018,0.04999999999999982
2022-03-26 10:00:00,3.5414415344088797,1302.8078044706665,0.1499999999999999
2022-03-26 11:00:00,7.857002362804765,2890.3947442168032,0.15000000000000036
2022-03-26 12:00:00,10.23659154259277,3765.786113731314,0.14999999999999947
2022-03-26 13:00:00,3.686101549466922,1356.024607510144,0.0
2022-03-26 14:00:00,3.330633978234895,1225.2569747431621,-0.04999999999999982
2022-03-26 15:00:00,2.7981118952112616,1029.355413450843,-0.09999999999999964
2022-03-26 16:00:00,3.644338422893018,1340.660997321769,-0.04999999999999982
2022-03-26 17:00:00,2.236069715015416,822.5941464112963,-0.05000000000000071
2022-03-26 18:00:00,2.81715696467578,1036.3616183801025,-0.09999999999999964
2022-03-26 19:00:00,2.85441022488538,1050.066161479709,0.0
2022-03-26 20:00:00,4.096372527365889,1506.9530435047266,0.0
2022-03-26 21:00:00,2.350218655032534,864.5866877200934,-0.050000000000000266
2022-03-26 22:00:00,2.5629139273443484,942.8319610218022,0.0
2022-03-26 23:00:00,12.203896837670914,4489.508549158188,0.050000000000000266
2022-03-27 00:00:00,2.6290678585871667,967.1683384777539,0.0
2022-03-27 01:00:00,11.857390940888637,4362.037692379407,0.20000000000000018
2022-03-27 02:00:00,3.662216308598503,1347.2378245256741,0.0
2022-03-27 03:00:00,2.3235686497054306,854.7828170103853,0.0
2022-03-27 04:00:00,3.129481650195068,1151.2580620655108,-0.04999999999999982
2022-03-27 05:00:00,1.7845214847925854,656.4808412180723,-0.10000000000000053
2022-03-27 06:00:00,11.99930066448016,4414.242731945639,0.04999999999999982
2022-03-27 07:00:00,3.354727989373734,1234.1205590908626,-0.09999999999999964
2022-03-27 08:00:00,2.8879994023913116,1062.4227801547038,-0.04999999999999982
2022-03-27 09:00:00,3.1380868924866037,1154.4237155735093,0.0
2022-03-27 10:00:00,2.075849478311642,763.6531268338954,0.0
2022-03-27 11:00:00,7.2780863144624295,2677.4260029328666,0.04999999999999982
2022-03-27 12:00:00,2.7564475840846776,1014.0281549951509,0.0
2022-03-27 13:00:00,6.675588637116552,2455.782169879252,0.20000000000000018
2022-03-27 14:00:00,11.50151488637497,4231.119788825192,0.09999999999999964
2022-03-27 15:00:00,3.265598240328501,1201.3319526608473,0.0
2022-03-27 16:00:00,1.468466627760856,540.2121606875248,-0.04999999999999982
2022-03-27 17:00:00,3.077628176308791,1132.1824653595966,-0.09999999999999964
2022-03-27 18:00:00,2.334811262147141,858.9186930623794,-0.10000000000000053
2022-03-27 19:00:00,3.5746520369813304,1315.0251181045069,-0.04999999999999982
2022-03-27 20:00:00,3.861732324076072,1420.634778719485,-0.04999999999999982
2022-03-27 21:00:00,3.1649429678343606,1164.3033942920654,-0.050000000000000266
2022-03-27 22:00:00,2.987777816354973,1099.1287641915858,0.0
2022-03-27 23:00:00,2.3371065649103957,859.7630775664118,-0.1499999999999999
2022-03-28 00:00:00,6.566620452988878,2415.6954991432835,0.04999999999999982
2022-03-28 01:00:00,20.87533923825982,7679.5154222748315,0.050000000000000266
2022-03-28 02:00:00,4.9211849731213055,1810.380921987,0.10000000000000009
2022-03-28 03:00:00,5.854055183000355,2153.5605504462555,0.04999999999999982
2022-03-28 04:00:00,7.342735570929341,2701.2088481556316,0.04999999999999982
2022-03-28 05:00:00,3.2984115759660444,1213.4031585085086,-0.04999999999999982
2022-03-28 06:00:00,13.156298624987711,4839.8733566673545,0.04999999999999982
2022-03-28 07:00:00,3.6894115279407718,1357.2422658412115,-0.04999999999999982
2022-03-28 08:00:00,2.12852893817819,783.0325831323019,-0.04999999999999982
2022-03-28 09:00:00,2.8606376169638135,1052.3570633405627,-0.050000000000000266
2022-03-28 10:00:00,3.468808425645065,1276.0878995841783,0.0
2022-03-28 11:00:00,2.0347352622082275,748.5282345848517,-0.04999999999999982
2022-03-28 12:00:00,2.6887768001396104,989.1337653513592,0.0
2022-03-28 13:00:00,5.998006470804598,2206.5166304472414,0.10000000000000009
2022-03-28 14:00:00,9.605768643592015,3533.7221397614126,0.35000000000000053
2022-03-28 15:00:00,9.999417046245124,3678.535545887425,0.2499999999999991
2022-03-28 16:00:00,11.737420336789507,4317.903506396439,0.20000000000000018
2022-03-28 17:00:00,2.785966843783038,1024.887552656685,0.0
2022-03-28 18:00:00,3.502837201501627,1288.6062355024112,-0.15000000000000036
2022-03-28 19:00:00,3.1982978942561195,1176.57383784947,-0.1999999999999993
2022-03-28 20:00:00,3.0811431183693934,1133.4755246701407,-0.15000000000000036
2022-03-28 21:00:00,2.0253145279718767,745.0625819776542,-0.09999999999999964
2022-03-28 22:00:00,1.76880156290171,650.6978749524665,-0.10000000000000053
2022-03-28 23:00:00,3.388946629149183,1246.7087411982557,-0.04999999999999982
2022-03-29 00:00:00,3.135570509822701,1153.4980013010263,-0.050000000000000266
2022-03-29 01:00:00,1.7959628992723649,660.6898515698211,-0.09999999999999964
2022-03-29 02:00:00,3.1276802487796544,1150.5953715198152,0.0
2022-03-29 03:00:00,6.1992405122774885,2280.545603454081,0.24999999999999956
2022-03-29 04:00:00,13.47437418775819,4956.885404321544,0.20000000000000107
2022-03-29 05:00:00,9.999793315417522,3678.673965909221,0.09999999999999964
2022-03-29 06:00:00,1.5680746959236511,576.8554787629132,-0.05000000000000071
2022-03-29 07:00:00,2.8761858636213757,1058.0768745797134,0.0
2022-03-29 08:00:00,2.3621095357221957,868.9610454538029,-0.1999999999999993
2022-03-29 09:00:00,2.813355061531654,1034.9629932609575,-0.10000000000000053
2022-03-29 10:00:00,2.2920764525990776,843.1976249998858,-0.04999999999999982
2022-03-29 11:00:00,3.7504719865387592,1379.7048820479465,-0.04999999999999982
2022-03-29 12:00:00,2.981300193500122,1096.7458086838574,-0.050000000000000266
2022-03-29 13:00:00,3.06844399711404,1128.8038354383277,-0.04999999999999982
2022-03-29 14:00:00,10.339969923387551,3803.8164355661957,0.10000000000000009
2022-03-29 15:00:00,7.6524970583307095,2815.1623553334102,0.39999999999999947
2022-03-29 16:00:00,12.184997022116276,4482.555779511025,0.35000000000000053
2022-03-29 17:00:00,11.814950088363455,4346.424763756706,0.20000000000000018
2022-03-29 18:00:00,3.414122275973549,1255.9702322737692,-0.05000000000000071
2022-03-29 19:00:00,2.83717888359832,1043.727181803732,-0.15000000000000036
2022-03-29 20:00:00,1.427025339866196,524.9669469032768,-0.14999999999999947
2022-03-29 21:00:00,2.1156737734557,778.3034894100158,-0.14999999999999947
2022-03-29 22:00:00,3.181163614553268,1170.2705647037835,-0.15000000000000036
2022-03-29 23:00:00,3.527247976877314,1297.586349493742,-0.15000000000000036
2022-03-30 00:00:00,3.188524879716057,1172.9785901255445,-0.04999999999999982
2022-03-30 01:00:00,1.6878886157527315,620.9320245200361,-0.10000000000000009
2022-03-30 02:00:00,2.797369138011016,1029.0821716458026,-0.04999999999999982
2022-03-30 03:00:00,9.213570645752066,3389.4423013060414,0.050000000000000266
2022-03-30 04:00:00,9.326269536528335,3430.901405750361,0.4500000000000002
2022-03-30 05:00:00,12.130748457867043,4462.599088937839,0.15000000000000036
2022-03-30 06:00:00,7.424369230362415,2731.2398306195737,0.09999999999999964
2022-03-30 07:00:00,2.989932480780568,1099.9214113671514,-0.10000000000000053
2022-03-30 08:00:00,3.3538753431062704,1233.8068918452193,-0.09999999999999964
2022-03-30 09:00:00,3.7371508662292303,1374.804374914078,-0.20000000000000018
2022-03-30 10:00:00,2.73420693493071,1005.8463761876349,-0.09999999999999964
2022-03-30 11:00:00,3.473953744286769,1277.9807336794952,-0.15000000000000036
2022-03-30 12:00:00,3.7616699764239963,1383.8243425769774,-0.10000000000000009
2022-03-30 13:00:00,3.091892309654721,1137.4298834142305,0.0
2022-03-30 14:00:00,3.4522876618874756,1270.010323616855,-0.10000000000000009
2022-03-30 15:00:00,3.650844112076684,1343.05427773021,0.10000000000000009
2022-03-30 16:00:00,11.354091922235401,4176.886565892349,0.6000000000000001
2022-03-30 17:00:00,3.6465075453163767,1341.4589632332622,0.25
2022-03-30 18:00:00,12.261413097629472,4510.667343290442,0.1999999999999993
2022-03-30 19:00:00,2.997144672497078,1102.5745963948625,-0.14999999999999947
2022-03-30 20:00:00,3.1807159260809676,1170.105871307036,-0.14999999999999947
2022-03-30 21:00:00,2.4590146286859245,904.6100065278343,-0.10000000000000053
2022-03-30 22:00:00,2.339106129536809,860.4986674033536,-0.20000000000000018
2022-03-30 23:00:00,3.5569850625154227,1308.5258798728612,-0.1999999999999993
2022-03-31 00:00:00,3.129856996759657,1151.396142682959,-0.05000000000000071
2022-03-31 01:00:00,3.919046075092782,1441.719074874757,-0.19999999999999973
2022-03-31 02:00:00,2.8079186974744577,1032.963090833416,0.0
2022-03-31 03:00:00,1.467214381504498,539.7514905959673,-0.04999999999999982
2022-03-31 04:00:00,12.011184457511643,4418.614482307095,0.19999999999999973
2022-03-31 05:00:00,8.755863863185647,3221.06341866942,0.5
2022-03-31 06:00:00,13.299043239148979,4892.38553160193,0.25
2022-03-31 07:00:00,2.791198639116658,1026.8121993650402,0.0
2022-03-31 08:00:00,3.487879114591423,1283.10352928032,-0.14999999999999947
2022-03-31 09:00:00,2.5741442169469995,946.9633038093774,-0.20000000000000018
2022-03-31 10:00:00,3.5431436368437215,1303.433965403884,-0.10000000000000053
2022-03-31 11:00:00,3.530344373406561,1298.7254363669388,-0.1999999999999993
2022-03-31 12:00:00,4.03753747105722,1485.309097165175,-0.15000000000000036
2022-03-31 13:00:00,3.850301945461449,1416.4298281866306,-0.04999999999999982
2022-03-31 14:00:00,2.0802336397129424,765.2659502093987,-0.10000000000000053
2022-03-31 15:00:00,2.87119548576774,1056.2410393268074,-0.04999999999999982
2022-03-31 16:00:00,7.433152192873951,2734.4708629535044,0.35000000000000053
2022-03-31 17:00:00,6.147986991446649,2261.690714478436,0.5499999999999989
2022-03-31 18:00:00,9.22386377968816,3393.2288879527823,0.3000000000000007
2022-03-31 19:00:00,7.947026991277126,2923.512554416073,0.09999999999999964
2022-03-31 20:00:00,3.2622887479716782,1200.1144731600812,-0.1999999999999993
2022-03-31 21:00:00,2.989136643205567,1099.628642619248,-0.15000000000000036
2022-03-31 22:00:00,2.9136207091972235,1071.8482183959286,-0.20000000000000018
2022-03-31 23:00:00,2.934381920235589,1079.4857489066674,-0.14999999999999947
2022-04-01 00:00:00,7.189076813745818,2644.6816328567434,-0.10000000000000053
2022-04-01 01:00:00,6.521408524901931,2399.0631610982978,-0.20000000000000018
2022-04-01 02:00:00,6.123610235692663,2252.7231154554383,-0.09999999999999964
2022-04-01 03:00:00,6.774415319048618,2492.13803549501,-0.1499999999999999
2022-04-01 04:00:00,22.104055370533402,8131.529369434977,0.04999999999999982
2022-04-01 05:00:00,24.0,8829.000000000002,0.5500000000000003
2022-04-01 06:00:00,11.699621490578863,4303.998255846699,0.34999999999999964
2022-04-01 07:00:00,24.0,8829.000000000002,0.14999999999999947
2022-04-01 08:00:00,2.6659976838515664,980.7538979468951,-0.09999999999999964
2022-04-01 09:00:00,7.132672717933386,2623.9319761097445,-0.15000000000000036
2022-04-01 10:00:00,7.5578859787804324,2780.3573044438513,-0.1999999999999993
2022-04-01 11:00:00,7.09051189143025,2608.4220620599026,-0.15000000000000036
2022-04-01 12:00:00,5.154278082109019,1896.130049455855,-0.1999999999999993
2022-04-01 13:00:00,8.89628364565255,3272.7203461444315,-0.15000000000000036
2022-04-01 14:00:00,8.361053380894003,3075.822512496381,-0.04999999999999982
2022-04-01 15:00:00,7.68539563115667,2827.2649178117595,-0.15000000000000036
2022-04-01 16:00:00,24.0,8829.000000000002,0.04999999999999982
2022-04-01 17:00:00,15.123230854634953,5563.458550648834,0.6000000000000005
2022-04-01 18:00:00,22.595004336269106,8312.137220204997,0.39999999999999947
2022-04-01 19:00:00,24.0,8829.000000000002,0.20000000000000107
2022-04-01 20:00:00,8.786848858383122,3232.4620237776912,-0.05000000000000071
2022-04-01 21:00:00,8.101465725227786,2980.3267036681714,-0.1999999999999993
2022-04-01 22:00:00,8.95415458554764,3294.009618158338,-0.15000000000000036
2022-04-01 23:00:00,9.631113946897838,3543.0460432150417,-0.20000000000000018
2022-04-02 00:00:00,7.008687873639899,2578.3210515152773,-0.15000000000000036
2022-04-02 01:00:00,8.492832067514021,3124.30059683672,-0.20000000000000018
2022-04-02 02:00:00,7.057840598748682,2596.4031102646713,-0.09999999999999964
2022-04-02 03:00:00,5.727496855985707,2107.002905895742,-0.15000000000000036
2022-04-02 04:00:00,7.438451542178621,2736.42036107896,-0.04999999999999982
2022-04-02 05:00:00,18.984274680881928,6983.840048229441,0.2999999999999998
2022-04-02 06:00:00,21.470653858119256,7898.516788055622,0.6000000000000005
2022-04-02 07:00:00,20.26685318538819,7455.668615574681,0.14999999999999947
2022-04-02 08:00:00,10.614140334716016,3904.676875633655,0.0
2022-04-02 09:00:00,5.147783911474633,1893.741006433731,-0.09999999999999964
2022-04-02 10:00:00,5.387712293318683,1982.0046599046107,-0.15000000000000036
2022-04-02 11:00:00,6.358778815930182,2339.2357569103156,-0.14999999999999947
2022-04-02 12:00:00,8.818525150821054,3244.1149398582957,-0.15000000000000036
2022-04-02 13:00:00,7.209117248032813,2652.054007620071,-0.20000000000000018
2022-04-02 14:00:00,8.20661539347032,3019.008637872894,-0.14999999999999947
2022-04-02 15:00:00,6.424138747340809,2363.280041678,-0.15000000000000036
2022-04-02 16:00:00,6.499335285739932,2390.9429682415775,-0.04999999999999982
2022-04-02 17:00:00,4.234895749026766,1557.9122736732215,0.20000000000000018
2022-04-02 18:00:00,24.0,8829.000000000002,0.6499999999999995
2022-04-02 19:00:00,24.0,8829.000000000002,0.25
2022-04-02 20:00:00,18.902583063577914,6953.787744513725,0.09999999999999964
2022-04-02 21:00:00,6.479428049780559,2383.6195938130236,-0.14999999999999947
2022-04-02 22:00:00,6.10530144505562,2245.987769099836,-0.14999999999999947
2022-04-02 23:00:00,8.383791772323965,3084.1873982436787,-0.15000000000000036
2022-04-03 00:00:00,7.235874302136164,2661.897258898341,-0.09999999999999964
2022-04-03 01:00:00,6.771551360124907,2491.08445660595,-0.20000000000000018
2022-04-03 02:00:00,8.846353040915337,3254.3521249267296,-0.15000000000000036
2022-04-03 03:00:00,7.295202398734614,2683.722582434496,-0.1499999999999999
2022-04-03 04:00:00,6.887981571571451,2533.9162206418473,-0.050000000000000266
2022-04-03 05:00:00,8.241180814930079,3031.724392292402,0.0
2022-04-03 06:00:00,24.0,8829.000000000002,0.5999999999999996
2022-04-03 07:00:00,24.0,8829.000000000002,0.3500000000000014
2022-04-03 08:00:00,24.0,8829.000000000002,0.14999999999999858
2022-04-03 09:00:00,7.408160438487027,2725.277021308415,-0.049999999999998934
2022-04-03 10:00:00,6.879410359412202,2530.763085968764,-0.15000000000000036
2022-04-03 11:00:00,4.7390194874641836,1743.3667939508866,-0.15000000000000036
2022-04-03 12:00:00,5.7261747296457095,2106.5165286684155,-0.14999999999999947
2022-04-03 13:00:00,6.744498019251544,2481.1322088321617,-0.25
2022-04-03 14:00:00,7.179955898967447,2641.3262763326497,-0.10000000000000053
2022-04-03 15:00:00,7.21612294620266,2654.6312288343033,-0.09999999999999964
2022-04-03 16:00:00,8.897657416117166,3273.2257219541025,-0.10000000000000009
2022-04-03 17:00:00,6.08596105039178,2238.8729214128757,-0.050000000000000266
2022-04-03 18:00:00,24.0,8829.000000000002,0.40000000000000036
2022-04-03 19:00:00,24.0,8829.000000000002,0.4500000000000002
2022-04-03 20:00:00,16.769269848325315,6168.9951454526745,0.2499999999999991
2022-04-03 21:00:00,8.85511048870661,3257.5737710329436,-0.049999999999998934
2022-04-03 22:00:00,9.420420291410023,3465.537114702463,-0.09999999999999964
2022-04-03 23:00:00,8.294233184679687,3051.2410328140395,-0.20000000000000107
2022-04-04 00:00:00,7.921162579750533,2913.9976840257273,-0.09999999999999964
2022-04-04 01:00:00,9.692792011511392,3565.735861234753,-0.20000000000000018
2022-04-04 02:00:00,7.597773782871679,2795.031030373919,-0.14999999999999947
2022-04-04 03:00:00,5.407968819466097,1989.4565294610902,-0.10000000000000053
2022-04-04 04:00:00,6.94642627822277,2555.416567101201,-0.09999999999999964
2022-04-04 05:00:00,7.4927708244879625,2756.4030670585094,-0.050000000000000266
2022-04-04 06:00:00,24.0,8829.000000000002,0.25000000000000044
2022-04-04 07:00:00,24.0,8829.000000000002,0.5499999999999989
2022-04-04 08:00:00,14.124807084071506,5196.163406052806,0.25
2022-04-04 09:00:00,24.0,8829.000000000002,0.05000000000000071
2022-04-04 10:00:00,9.282011018094368,3414.6198032814655,-0.20000000000000018
2022-04-04 11:00:00,8.804072043548619,3238.7980030204485,-0.10000000000000053
2022-04-04 12:00:00,6.430499499706236,2365.6200034544313,-0.14999999999999947
2022-04-04 13:00:00,5.046043011530147,1856.3130728666529,-0.20000000000000018
2022-04-04 14:00:00,9.224948563434161,3393.6279527733423,-0.15000000000000036
2022-04-04 15:00:00,6.6597232958748735,2449.945707469969,-0.09999999999999964
2022-04-04 16:00:00,4.096106564692476,1506.8552024862445,-0.09999999999999964
2022-04-04 17:00:00,7.005678363164659,2577.2139278491986,-0.04999999999999982
2022-04-04 18:00:00,16.271241416201402,5985.78293598509,0.04999999999999982
2022-04-04 19:00:00,10.020221911178034,3686.189135574619,0.5499999999999998
2022-04-04 20:00:00,21.442281973866503,7888.079481136141,0.20000000000000018
2022-04-04 21:00:00,12.558558933246236,4619.979867567959,0.04999999999999982
2022-04-04 22:00:00,7.068181666662085,2600.207330623314,-0.09999999999999964
2022-04-04 23:00:00,7.984192821715546,2937.1849342886067,-0.10000000000000053
2022-04-05 00:00:00,7.116702723988377,2618.0570145872243,-0.09999999999999964
2022-04-05 01:00:00,9.39811851033464,3457.332846989356,-0.15000000000000036
2022-04-05 02:00:00,6.077508058535749,2235.763277033838,-0.15000000000000036
2022-04-05 03:00:00,6.6918777929325435,2461.7745430750597,-0.14999999999999947
2022-04-05 04:00:00,6.61136187703154,2432.154750512978,-0.09999999999999964
2022-04-05 05:00:00,6.0492966285912555,2225.384997243008,-0.050000000000000266
2022-04-05 06:00:00,12.254030128447107,4507.951333502479,0.050000000000000266
2022-04-05 07:00:00,24.0,8829.000000000002,0.5499999999999998
2022-04-05 08:00:00,17.558148802775346,6459.203990820979,0.34999999999999964
2022-04-05 09:00:00,24.0,8829.000000000002,0.09999999999999964
2022-04-05 10:00:00,8.589795997885695,3159.9712027222,-0.049999999999998934
2022-04-05 11:00:00,8.31343350316822,3058.3043499780088,-0.15000000000000036
2022-04-05 12:00:00,4.663418203002766,1715.5549714296428,-0.15000000000000036
2022-04-05 13:00:00,7.40352295681125,2723.571007736938,-0.14999999999999947
2022-04-05 14:00:00,5.001602204348689,1839.9644109247738,-0.15000000000000036
2022-04-05 15:00:00,9.324096277346147,3430.101918028714,-0.14999999999999947
2022-04-05 16:00:00,6.3340633139070555,2330.1435416035583,-0.15000000000000036
2022-04-05 17:00:00,8.257038014163276,3037.5578594603157,0.0
2022-04-05 18:00:00,5.347803187183383,1967.3230974850874,0.0
2022-04-05 19:00:00,24.0,8829.000000000002,0.25
2022-04-05 20:00:00,24.0,8829.000000000002,0.2999999999999998
2022-04-05 21:00:00,22.955553135046372,8444.774109555183,0.10000000000000053
2022-04-05 22:00:00,9.244636165123213,3400.8705292447016,0.0
2022-04-05 23:00:00,7.7584024281418635,2854.1222932526885,-0.10000000000000053
2022-04-06 00:00:00,7.993284339747034,2940.5294764844402,-0.09999999999999964
2022-04-06 01:00:00,7.391163803162797,2719.0243840885146,-0.10000000000000053
2022-04-06 02:00:00,6.965347147810092,2562.377082000637,-0.14999999999999947
2022-04-06 03:00:00,7.013205830351254,2579.983094840468,-0.15000000000000036
2022-04-06 04:00:00,6.690170011641588,2461.146293032649,-0.1499999999999999
2022-04-06 05:00:00,7.047662608334277,2592.6588820409725,0.0
2022-04-06 06:00:00,6.467453604035658,2379.2144945846176,-0.050000000000000266
2022-04-06 07:00:00,24.0,8829.000000000002,0.34999999999999964
2022-04-06 08:00:00,21.54837727464035,7927.10928990832,0.40000000000000036
2022-04-06 09:00:00,24.0,8829.000000000002,0.20000000000000018
2022-04-06 10:00:00,4.727044039862987,1738.9613261645964,0.0
2022-04-06 11:00:00,5.887691185087661,2165.9343947141238,-0.14999999999999947
2022-04-06 12:00:00,6.245095679163247,2297.4145729721795,-0.09999999999999964
2022-04-06 13:00:00,6.825430212048713,2510.90513925742,-0.15000000000000036
2022-04-06 14:00:00,6.82541048410403,2510.89788183977,-0.15000000000000036
2022-04-06 15:00:00,7.272312175132244,2675.3018414267744,-0.15000000000000036
2022-04-06 16:00:00,5.875209358478137,2161.3426427501445,-0.09999999999999964
2022-04-06 17:00:00,7.8740419384583085,2896.66317811035,-0.10000000000000009
2022-04-06 18:00:00,7.29873888349857,2685.0235667670368,0.0
2022-04-06 19:00:00,11.291360277753814,4153.809162178684,0.10000000000000009
2022-04-06 20:00:00,14.128672275184513,5197.585313233503,0.2999999999999998
2022-04-06 21:00:00,17.207341180828056,6330.150636897122,0.15000000000000036
2022-04-06 22:00:00,24.0,8829.000000000002,0.14999999999999947
2022-04-06 23:00:00,6.5858706160015545,2422.7771528615717,-0.09999999999999964
2022-04-07 00:00:00,5.843059241630814,2149.5154185149354,-0.09999999999999964
2022-04-07 01:00:00,6.446779021254489,2371.608832443995,-0.05000000000000071
2022-04-07 02:00:00,5.264934584590836,1936.8378103063537,-0.14999999999999947
2022-04-07 03:00:00,5.255724342436954,1933.4495924739945,-0.10000000000000053
2022-04-07 04:00:00,5.537473717739886,2037.0981439135605,-0.09999999999999964
2022-04-07 05:00:00,8.463304228489486,3113.4380430555693,-0.10000000000000009
2022-04-07 06:00:00,5.53891177798319,2037.6271703255657,-0.10000000000000009
2022-04-07 07:00:00,14.57211148783771,5360.715513588297,0.1499999999999999
2022-04-07 08:00:00,24.0,8829.000000000002,0.3999999999999999
2022-04-07 09:00:00,20.03526256440102,7370.472215879024,0.25
2022-04-07 10:00:00,24.0,8829.000000000002,0.10000000000000053
2022-04-07 11:00:00,5.624514467448439,2069.118259712594,0.0
2022-04-07 12:00:00,6.745384375858632,2481.458277268994,-0.14999999999999947
2022-04-07 13:00:00,10.99556232861307,4044.9924916385335,-0.10000000000000053
2022-04-07 14:00:00,9.482184943062864,3488.2587859292507,-0.10000000000000053
2022-04-07 15:00:00,6.3054782377543335,2319.6278067138755,-0.09999999999999964
2022-04-07 16:00:00,6.301956521475283,2318.3322553377197,-0.15000000000000036
2022-04-07 17:00:00,9.386714635588595,3453.137646567155,-0.14999999999999947
2022-04-07 18:00:00,5.143192264051885,1892.051854138087,-0.050000000000000266
2022-04-07 19:00:00,6.33853692384158,2331.789270858221,-0.050000000000000266
2022-04-07 20:00:00,7.5528187804627045,2778.493208862718,0.20000000000000018
2022-04-07 21:00:00,24.0,8829.000000000002,0.20000000000000018
2022-04-07 22:00:00,15.387056281902085,5660.51332970473,0.09999999999999964
2022-04-07 23:00:00,7.3413531994296495,2700.7003082401825,-0.049999999999998934
2022-04-08 00:00:00,8.374246009013813,3080.675750565956,-0.05000000000000071
2022-04-08 01:00:00,7.546602772945423,2776.2064950972976,-0.09999999999999964
2022-04-08 02:00:00,8.919135522328324,3281.1269802765323,-0.10000000000000053
2022-04-08 03:00:00,8.460610103488607,3112.4469418208714,-0.04999999999999982
2022-04-08 04:00:00,7.652935139440075,2815.3235144215178,-0.15000000000000036
2022-04-08 05:00:00,7.627135780233416,2805.832575153368,-0.04999999999999982
2022-04-08 06:00:00,7.027218341421936,2585.137947350595,0.0
2022-04-08 07:00:00,5.047068661914839,1856.690384001921,0.0
2022-04-08 08:00:00,24.0,8829.000000000002,0.2999999999999998
2022-04-08 09:00:00,24.0,8829.000000000002,0.3000000000000007
2022-04-08 10:00:00,24.0,8829.000000000002,0.14999999999999947
2022-04-08 11:00:00,4.446037375772301,1635.5859996122351,-0.04999999999999982
2022-04-08 12:00:00,2.6516785194855363,975.4862353557418,-0.05000000000000071
2022-04-08 13:00:00,4.9752246331256345,1830.260761911093,-0.09999999999999964
2022-04-08 14:00:00,6.888258215987442,2534.0179912063804,-0.09999999999999964
2022-04-08 15:00:00,6.932677108927911,2550.3585914468554,-0.09999999999999964
2022-04-08 16:00:00,9.156955835239144,3368.6151278885995,-0.15000000000000036
2022-04-08 17:00:00,8.323015493027532,3061.829324497503,-0.04999999999999982
2022-04-08 18:00:00,6.020765146795846,2214.8889783775217,-0.050000000000000266
2022-04-08 19:00:00,7.083201534151932,2605.7327643761428,-0.10000000000000009
2022-04-08 20:00:00,9.301698474604965,3421.8623263453023,0.10000000000000009
2022-04-08 21:00:00,9.227218483838504,3394.46299974209,0.050000000000000266
2022-04-08 22:00:00,24.0,8829.000000000002,0.14999999999999947
2022-04-08 23:00:00,24.0,8829.000000000002,0.05000000000000071
2022-04-09 00:00:00,8.751860316883969,3219.5906140736897,-0.10000000000000053
2022-04-09 01:00:00,6.867499862088259,2526.381511765718,0.0
2022-04-09 02:00:00,7.505159744972765,2760.960641181856,-0.1499999999999999
2022-04-09 03:00:00,8.955437159953664,3294.4814452179544,-0.10000000000000009
2022-04-09 04:00:00,7.698727371825895,2832.1693319104506,-0.04999999999999982
2022-04-09 05:00:00,7.31234854494647,2690.0302209721826,0.0
2022-04-09 06:00:00,6.99435881681492,2573.0497497357883,-0.04999999999999982
2022-04-09 07:00:00,24.0,8829.000000000002,0.04999999999999982
2022-04-09 08:00:00,24.0,8829.000000000002,0.09999999999999964
2022-04-09 09:00:00,5.382089461151548,1979.9361605211254,0.25
2022-04-09 10:00:00,24.0,8829.000000000002,0.10000000000000053
2022-04-09 11:00:00,24.0,8829.000000000002,0.04999999999999982
2022-04-09 12:00:00,24.0,8829.000000000002,0.05000000000000071
2022-04-09 13:00:00,10.477523537998584,3854.418971541229,-0.05000000000000071
2022-04-09 14:00:00,5.861591076705346,2156.332817342979,-0.09999999999999964
2022-04-09 15:00:00,7.532834350137513,2771.141436556838,-0.10000000000000053
2022-04-09 16:00:00,6.538471557075116,2405.340224059008,-0.04999999999999982
2022-04-09 17:00:00,8.430518471499996,3101.376982703061,-0.15000000000000036
2022-04-09 18:00:00,9.30914312531114,3424.601027223836,-0.04999999999999982
2022-04-09 19:00:00,10.064730718675182,3702.562813132632,0.0
2022-04-09 20:00:00,5.628225501786722,2070.4834564697903,-0.04999999999999982
2022-04-09 21:00:00,24.0,8829.000000000002,0.04999999999999982
2022-04-09 22:00:00,8.22061134139212,3024.157397214626,0.0
2022-04-09 23:00:00,24.0,8829.000000000002,0.04999999999999982
2022-04-10 00:00:00,12.820519241915822,4716.348516119782,0.050000000000000266
2022-04-10 01:00:00,6.851195433709105,2520.383520175737,-0.10000000000000009
2022-04-10 02:00:00,5.528168934694079,2033.6751468505847,-0.04999999999999982
2022-04-10 03:00:00,7.02717992162987,2585.1238136695883,0.0
2022-04-10 04:00:00,7.689630903268629,2828.8229685399465,-0.04999999999999982
2022-04-10 05:00:00,7.290486133591173,2681.9875863948528,0.0
2022-04-10 06:00:00,6.098401922825644,2243.449607359484,-0.04999999999999982
2022-04-10 07:00:00,6.294349700501719,2315.5338960720696,0.0
2022-04-10 08:00:00,22.742777067688603,8366.499113775946,0.04999999999999982
2022-04-10 09:00:00,24.0,8829.000000000002,0.14999999999999947
2022-04-10 10:00:00,24.0,8829.000000000002,0.10000000000000053
2022-04-10 11:00:00,20.154386758291956,7414.295028706652,0.09999999999999964
2022-04-10 12:00:00,23.508930461204386,8648.347793415562,0.04999999999999982
2022-04-10 13:00:00,5.840332254602032,2148.5122281617228,0.0
2022-04-10 14:00:00,5.49973561515481,2023.2152394250754,-0.04999999999999982
2022-04-10 15:00:00,16.124745600955972,5931.890787951678,0.04999999999999982
2022-04-10 16:00:00,8.704094711981353,3202.01884217014,-0.04999999999999982
2022-04-10 17:00:00,6.557235643119319,2412.2430622125194,-0.2999999999999998
2022-04-10 18:00:00,24.0,8829.000000000002,0.04999999999999982
2022-04-10 19:00:00,7.614008098201883,2801.0032291260177,0.0
2022-04-10 20:00:00,8.593015054144018,3161.1554130432305,-0.09999999999999964
2022-04-10 21:00:00,6.650385139973685,2446.510433367819,0.0
2022-04-10 22:00:00,9.366590806260849,3445.7345928532095,-0.04999999999999982
2022-04-10 23:00:00,8.128814817376073,2990.387750942223,0.0
2022-04-11 00:00:00,5.348851417156666,1967.7087150865084,0.0
2022-04-11 01:00:00,7.957823923344607,2927.4844758003974,0.0
2022-04-11 02:00:00,15.954919898072701,5869.416157503495,0.09999999999999964
2022-04-11 03:00:00,6.922880455825163,2546.754647686682,-0.04999999999999982
2022-04-11 04:00:00,7.538156726532391,2773.099405773104,-0.04999999999999982
2022-04-11 05:00:00,7.272414011507677,2675.339304483386,0.0
2022-04-11 06:00:00,5.8662701119630505,2158.054117438407,0.0
2022-04-11 07:00:00,6.352458822017089,2336.9107891495364,-0.050000000000000266
2022-04-11 08:00:00,24.0,8829.000000000002,0.050000000000000266
2022-04-11 09:00:00,5.568592573275275,2048.5459928936416,-0.050000000000000266
2022-04-11 10:00:00,10.08122116425412,3708.629235799984,0.0
2022-04-11 11:00:00,24.0,8829.000000000002,0.10000000000000009
2022-04-11 12:00:00,19.890410457938387,7317.1847472140835,0.09999999999999964
2022-04-11 13:00:00,24.0,8829.000000000002,0.04999999999999982
2022-04-11 14:00:00,18.525047019160038,6814.9016721735,0.10000000000000053
2022-04-11 15:00:00,24.0,8829.000000000002,0.04999999999999982
2022-04-11 16:00:00,6.656465900936358,2448.7473933069627,-0.04999999999999982
2022-04-11 17:00:00,6.05389242068161,2227.0756742582475,-0.050000000000000266
2022-04-11 18:00:00,9.098579205126201,3347.139825085801,-0.050000000000000266
2022-04-11 19:00:00,5.247962782035085,1930.594308441157,-0.14999999999999947
2022-04-11 20:00:00,7.3387034007154215,2699.7255135381856,-0.04999999999999982
2022-04-11 21:00:00,7.851364285077811,2888.320636373,0.0
2022-04-11 22:00:00,6.261894401698559,2303.594403024857,-0.050000000000000266
2022-04-11 23:00:00,7.553879262869185,2778.8833338280015,-0.050000000000000266
2022-04-12 00:00:00,6.5884250279149885,2423.716857144226,-0.04999999999999982
2022-04-12 01:00:00,5.455440071684888,2006.9200163710782,0.0
2022-04-12 02:00:00,19.115226482164907,7032.013942126415,0.10000000000000009
2022-04-12 03:00:00,24.0,8829.000000000002,0.04999999999999982
2022-04-12 04:00:00,24.0,8829.000000000002,0.050000000000000266
2022-04-12 05:00:00,8.94455303001751,3290.477445917691,0.0
2022-04-12 06:00:00,24.0,8829.000000000002,0.04999999999999982
2022-04-12 07:00:00,6.893515635706065,2535.9520644853687,-0.10000000000000009
2022-04-12 08:00:00,9.383584047483646,3451.9859814680462,0.0
2022-04-12 09:00:00,8.74157352379791,3215.806360067157,-0.04999999999999982
2022-04-12 10:00:00,6.66711354935531,2452.6643969690845,0.0
2022-04-12 11:00:00,8.262051531100203,3039.402207003487,-0.10000000000000009
2022-04-12 12:00:00,6.091705986761388,2240.9863398798457,0.0
2022-04-12 13:00:00,11.216793560679875,4126.377931135109,0.10000000000000009
2022-04-12 14:00:00,24.0,8829.000000000002,0.1499999999999999
2022-04-12 15:00:00,13.672176845928448,5029.652057195928,0.1499999999999999
2022-04-12 16:00:00,6.886550156825902,2533.389638942329,0.0
2022-04-12 17:00:00,5.628766329056219,2070.6824133015566,0.0
2022-04-12 18:00:00,3.87412013657536,1425.1919452426605,-0.050000000000000266
2022-04-12 19:00:00,6.855892224045475,2522.111351920729,-0.09999999999999964
2022-04-12 20:00:00,6.325962215968871,2327.163350199548,-0.04999999999999982
2022-04-12 21:00:00,5.9900165545544795,2203.577340006729,0.0
2022-04-12 22:00:00,5.286687576527541,1944.8401922150692,-0.20000000000000018
2022-04-12 23:00:00,7.199169364619092,2648.3944300092476,-0.04999999999999982
2022-04-13 00:00:00,4.231540967789677,1556.6781335256276,0.0
2022-04-13 01:00:00,7.788884420409701,2865.335856158219,-0.050000000000000266
2022-04-13 02:00:00,18.336441116499874,6745.518275732391,0.050000000000000266
2022-04-13 03:00:00,5.514678214660062,2028.7122482180703,0.19999999999999973
2022-04-13 04:00:00,24.0,8829.000000000002,0.10000000000000009
2022-04-13 05:00:00,22.56440151170396,8300.879206118094,0.09999999999999964
2022-04-13 06:00:00,5.345987699173595,1966.6552248334865,-0.04999999999999982
2022-04-13 07:00:00,5.042957834951547,1855.1781135328006,0.0
2022-04-13 08:00:00,8.12283257644162,2988.1870340584614,-0.04999999999999982
2022-04-13 09:00:00,5.125902558010768,1885.691403528211,-0.15000000000000036
2022-04-13 10:00:00,24.0,8829.000000000002,4.440892098500626e-16
2022-04-13 11:00:00,4.3101357838048475,1585.591201467208,-0.050000000000000266
2022-04-13 12:00:00,5.675372459547074,2087.8276435558796,-0.04999999999999982
2022-04-13 13:00:00,5.54102078657413,2038.403021860958,-0.04999999999999982
2022-04-13 14:00:00,0.0,0.0,0.14999999999999947
2022-04-13 15:00:00,24.0,8829.000000000002,0.35000000000000053
2022-04-13 16:00:00,24.0,8829.000000000002,0.14999999999999947
2022-04-13 17:00:00,24.0,8829.000000000002,0.05000000000000071
2022-04-13 18:00:00,7.2305180986591315,2659.926845544228,-0.05000000000000071
2022-04-13 19:00:00,6.689590498208715,2460.9331045285307,-0.09999999999999964
2022-04-13 20:00:00,8.935264466135816,3287.060415479713,-0.09999999999999964
2022-04-13 21:00:00,8.549979092333263,3145.323558592099,-0.05000000000000071
2022-04-13 22:00:00,6.948898253135001,2556.3259448720382,-0.14999999999999947
2022-04-13 23:00:00,9.527517350653993,3504.935445371838,0.0
2022-04-14 00:00:00,6.631067986890024,2439.4041356771677,-0.15000000000000036
2022-04-14 01:00:00,8.88923794811691,3270.1284101635088,0.0
2022-04-14 02:00:00,8.084268350420919,2974.000219411095,-0.04999999999999982
2022-04-14 03:00:00,1.7057017709366074,627.4850389833044,0.25
2022-04-14 04:00:00,24.0,8829.000000000002,0.2999999999999998
2022-04-14 05:00:00,15.022114235993957,5526.260274566277,0.04999999999999982
2022-04-14 06:00:00,16.390484517961436,6029.649492045063,0.05000000000000071
2022-04-14 07:00:00,5.9856525173751844,2201.971919829396,-0.10000000000000053
2022-04-14 08:00:00,7.174514598992151,2639.324558104237,-0.09999999999999964
2022-04-14 09:00:00,7.290341262657522,2681.934292000136,-0.10000000000000053
2022-04-14 10:00:00,5.368757015320902,1975.031487011177,-0.09999999999999964
2022-04-14 11:00:00,8.682728904968007,3194.1588959151063,-0.04999999999999982
2022-04-14 12:00:00,8.86943877567897,3262.8447896029015,-0.04999999999999982
2022-04-14 13:00:00,9.482016127766073,3488.1966830019437,-0.10000000000000053
2022-04-14 14:00:00,8.151979769633147,2998.9095577537937,0.0
2022-04-14 15:00:00,17.24138780228236,6342.675537764623,0.30000000000000027
2022-04-14 16:00:00,24.0,8829.000000000002,0.30000000000000027
2022-04-14 17:00:00,24.0,8829.000000000002,0.14999999999999947
2022-04-14 18:00:00,7.5873570550963,2791.1989766435513,-0.04999999999999982
2022-04-14 19:00:00,8.245809322133985,3033.42710438004,-0.15000000000000036
2022-04-14 20:00:00,5.648955422571129,2078.109476078354,-0.04999999999999982
2022-04-14 21:00:00,8.498526566046541,3126.3954604843707,-0.14999999999999947
2022-04-14 22:00:00,8.084934547991693,2974.245296842444,-0.10000000000000053
2022-04-14 23:00:00,6.688947646378219,2460.6966154113875,-0.04999999999999982
2022-04-15 00:00:00,9.26705870368599,3409.119220618484,-0.09999999999999964
2022-04-15 01:00:00,5.857186229149217,2154.7123840482686,-0.10000000000000053
2022-04-15 02:00:00,7.459234008820264,2744.065710994754,-0.04999999999999982
2022-04-15 03:00:00,21.835046528872716,8032.567741809051,0.20000000000000018
2022-04-15 04:00:00,23.268615781331903,8559.942030557471,0.34999999999999964
2022-04-15 05:00:00,24.0,8829.000000000002,0.20000000000000018
2022-04-15 06:00:00,24.0,8829.000000000002,0.09999999999999964
2022-04-15 07:00:00,6.295374906829834,2315.9110438500247,-0.14999999999999947
2022-04-15 08:00:00,7.20786037254943,2651.5916345516216,-0.10000000000000053
2022-04-15 09:00:00,8.262958553217935,3039.7358777650475,-0.14999999999999947
2022-04-15 10:00:00,5.395222022061028,1984.7673013657006,-0.04999999999999982
2022-04-15 11:00:00,7.619961739901665,2803.193425066325,-0.10000000000000053
2022-04-15 12:00:00,3.003098784552743,1104.7649653673404,-0.1499999999999999
2022-04-15 13:00:00,8.479024541921635,3119.221153359422,-0.04999999999999982
2022-04-15 14:00:00,6.432108258506286,2366.2118255979995,-0.050000000000000266
2022-04-15 15:00:00,6.599731669880017,2427.876288057111,0.15000000000000036
2022-04-15 16:00:00,23.386362268769034,8603.258019623408,0.75
2022-04-15 17:00:00,24.0,8829.000000000002,0.35000000000000053
2022-04-15 18:00:00,21.54704792922275,7926.6202569628185,0.14999999999999947
2022-04-15 19:00:00,8.470044437756695,3115.917597539744,-0.15000000000000036
2022-04-15 20:00:00,7.235411726322275,2661.7270888208072,-0.20000000000000018
2022-04-15 21:00:00,7.7394992902740825,2847.1683014095784,-0.09999999999999964
2022-04-15 22:00:00,7.452719661958695,2741.6692456430546,-0.25
2022-04-15 23:00:00,5.129156367438755,1886.888398671532,-0.09999999999999964
2022-04-16 00:00:00,7.322196199671101,2693.6529269540065,-0.20000000000000018
2022-04-16 01:00:00,7.662201204362953,2818.7322680550214,-0.15000000000000036
2022-04-16 02:00:00,6.450216986504427,2372.873573910316,-0.14999999999999947
2022-04-16 03:00:00,6.398573107721642,2353.8750820030987,-0.050000000000000266
2022-04-16 04:00:00,15.802379108647296,5813.300214593624,0.49999999999999956
2022-04-16 05:00:00,24.0,8829.000000000002,0.5
2022-04-16 06:00:00,24.0,8829.000000000002,0.34999999999999964
2022-04-16 07:00:00,8.183882070026355,3010.645616510945,-0.09999999999999964
2022-04-16 08:00:00,7.317176275413198,2691.8062223176303,-0.1999999999999993
2022-04-16 09:00:00,4.752902698109415,1748.474080067001,-0.15000000000000036
2022-04-16 10:00:00,7.200691071343596,2648.9542278705258,-0.20000000000000018
2022-04-16 11:00:00,7.857653816421463,2890.6343977160454,-0.14999999999999947
2022-04-16 12:00:00,5.366092979157006,1974.0514547073838,-0.25000000000000044
2022-04-16 13:00:00,9.277002179341888,3412.777176725396,-0.10000000000000009
2022-04-16 14:00:00,7.012528529810208,2579.73393290393,-0.1499999999999999
2022-04-16 15:00:00,4.998019074606383,1838.646267070823,-0.10000000000000009
2022-04-16 16:00:00,15.911753045611803,5853.536151654442,0.3999999999999999
2022-04-16 17:00:00,22.75528586392833,8371.100787192634,0.600000000000001
2022-04-16 18:00:00,6.570114720876193,2416.980952942329,0.25
2022-04-16 19:00:00,9.15059090055635,3366.273627542167,-8.881784197001252e-16
2022-04-16 20:00:00,6.3676188524786905,2342.487785355598,-0.14999999999999947
2022-04-16 21:00:00,8.025452014121267,2952.3631596948608,-0.25
2022-04-16 22:00:00,7.0440913802882825,2591.3451165235515,-0.15000000000000036
2022-04-16 23:00:00,5.737503972050992,2110.6842737182587,-0.15000000000000036
2022-04-17 00:00:00,9.874878185253138,3632.720812399998,-0.19999999999999973
2022-04-17 01:00:00,6.883434299329432,2532.243392865815,-0.1499999999999999
2022-04-17 02:00:00,6.980621254166007,2567.9960438763196,0.0
2022-04-17 03:00:00,9.551285988828889,3513.6793331404274,-0.20000000000000018
2022-04-17 04:00:00,24.0,8829.000000000002,0.10000000000000053
2022-04-17 05:00:00,21.631115583686302,7957.546645348598,0.6499999999999995
2022-04-17 06:00:00,24.0,8829.000000000002,0.35000000000000053
2022-04-17 07:00:00,14.502359565704076,5335.055525233387,0.09999999999999964
2022-04-17 08:00:00,6.4880301021139335,2386.784073815163,-0.09999999999999964
2022-04-17 09:00:00,6.57020863916711,2417.0155031336008,-0.15000000000000036
2022-04-17 10:00:00,6.437120166277947,2368.0555811695,-0.15000000000000036
2022-04-17 11:00:00,8.029483350069297,2953.846187406743,-0.1999999999999993
2022-04-17 12:00:00,6.597936742219149,2427.215979043869,-0.25000000000000044
2022-04-17 13:00:00,6.159651450584596,2265.981777383808,-0.1499999999999999
2022-04-17 14:00:00,5.763450645832696,2120.229406335703,-0.09999999999999964
2022-04-17 15:00:00,6.956081058145466,2558.9683192652637,-0.10000000000000053
2022-04-17 16:00:00,9.664506844076655,3555.3304552646996,0.0
2022-04-17 17:00:00,7.016068485987468,2581.03619428264,0.5499999999999998
2022-04-17 18:00:00,16.49919839056455,6069.642607928934,0.5
2022-04-17 19:00:00,18.179409832347684,6687.750392074904,0.20000000000000018
2022-04-17 20:00:00,7.201482276360314,2649.2452924160507,-0.09999999999999964
2022-04-17 21:00:00,8.459816683395761,3112.1550624042156,-0.10000000000000053
2022-04-17 22:00:00,8.077546718759345,2971.5274991635943,-0.25
2022-04-17 23:00:00,8.591956689910246,3160.7660673007317,-0.1999999999999993
2022-04-18 00:00:00,7.139266688053216,2626.3577328675774,-0.20000000000000018
2022-04-18 01:00:00,7.375501369188375,2713.262566190174,-0.10000000000000053
2022-04-18 02:00:00,5.881774165610338,2163.7576711739034,-0.09999999999999964
2022-04-18 03:00:00,5.032638609608353,1851.3819285096727,-0.1499999999999999
2022-04-18 04:00:00,7.978259213149553,2935.0021080373913,-0.050000000000000266
2022-04-18 05:00:00,24.0,8829.000000000002,0.3999999999999999
2022-04-18 06:00:00,13.99442843045446,5148.200358853435,0.6499999999999999
2022-04-18 07:00:00,16.261139963937342,5982.06686423345,0.20000000000000018
2022-04-18 08:00:00,19.820878162088576,7291.605553878337,0.14999999999999947
2022-04-18 09:00:00,6.391238977813432,2351.1770389631165,-0.2499999999999991
2022-04-18 10:00:00,7.378348943171142,2714.3101174690837,-0.14999999999999947
2022-04-18 11:00:00,8.636544924392087,3177.1689640607387,-0.20000000000000107
2022-04-18 12:00:00,7.057511440781593,2596.2820212775287,-0.25
2022-04-18 13:00:00,8.284671332064443,3047.723466283207,-0.14999999999999947
2022-04-18 14:00:00,9.134297572007679,3360.279719302325,-0.15000000000000036
2022-04-18 15:00:00,7.648928031530156,2813.8493995991566,-0.09999999999999964
2022-04-18 16:00:00,9.408411336603907,3461.119320453162,-0.10000000000000009
2022-04-18 17:00:00,7.334501577603516,2698.179767860893,0.0
2022-04-18 18:00:00,18.569212884736938,6831.149189972602,0.6999999999999997
2022-04-18 19:00:00,24.0,8829.000000000002,0.35000000000000053
2022-04-18 20:00:00,23.937365318857516,8805.958266674708,0.15000000000000036
2022-04-18 21:00:00,5.580750195962192,2053.0184783395916,-0.15000000000000036
2022-04-18 22:00:00,6.6142260581938705,2433.2084111580702,-0.15000000000000036
2022-04-18 23:00:00,4.991818488961406,1836.365226626677,-0.25
2022-04-19 00:00:00,8.72600845630081,3210.080360861661,-0.15000000000000036
2022-04-19 01:00:00,4.787421139299045,1761.1725516196364,-0.09999999999999964
2022-04-19 02:00:00,5.621988094392239,2068.1888702245446,-0.20000000000000018
2022-04-19 03:00:00,7.623823721338036,2804.61415148723,-0.09999999999999964
2022-04-19 04:00:00,8.496257531673756,3125.5607394644826,-0.10000000000000009
2022-04-19 05:00:00,7.53133919482142,2770.59140629493,0.0
2022-04-19 06:00:00,13.42007790584352,4936.911159612185,0.6999999999999997
2022-04-19 07:00:00,24.0,8829.000000000002,0.39999999999999947
2022-04-19 08:00:00,20.160180396452542,7416.426363344978,0.2500000000000009
2022-04-19 09:00:00,7.870700059860463,2895.433784521168,-0.04999999999999982
2022-04-19 10:00:00,7.4519636395831075,2741.3911239116355,-0.15000000000000036
2022-04-19 11:00:00,4.653552734400426,1711.9257121675566,-0.20000000000000018
2022-04-19 12:00:00,10.953342441405761,4029.4608506321442,-0.20000000000000018
2022-04-19 13:00:00,4.500734845923399,1655.7078314440703,-0.14999999999999947
2022-04-19 14:00:00,6.750651719517586,2483.396001317532,-0.20000000000000018
2022-04-19 15:00:00,7.640185910588539,2810.633391857759,-0.20000000000000018
2022-04-19 16:00:00,11.254996580869118,4140.431867187228,-0.14999999999999947
2022-04-19 17:00:00,7.479405926083058,2751.4864550578054,-0.050000000000000266
2022-04-19 18:00:00,24.0,8829.000000000002,0.19999999999999973
2022-04-19 19:00:00,15.845747385527686,5829.254319450997,0.6499999999999995
2022-04-19 20:00:00,24.0,8829.000000000002,0.25
2022-04-19 21:00:00,21.487010371421096,7904.533940386537,0.05000000000000071
2022-04-19 22:00:00,7.212604306206188,2653.3368091456014,-0.15000000000000036
2022-04-19 23:00:00,7.082548215094403,2605.4924246278533,-0.14999999999999947
2022-04-20 00:00:00,4.664310981230044,1715.8834022200024,-0.20000000000000018
2022-04-20 01:00:00,7.395620001835596,2720.66370817527,-0.25
2022-04-20 02:00:00,5.849935239737443,2152.0449263184114,-0.15000000000000036
2022-04-20 03:00:00,4.885551608749475,1797.2722980687133,-0.09999999999999964
2022-04-20 04:00:00,5.641483041520205,2075.3605738992455,-0.1499999999999999
2022-04-20 05:00:00,8.049804904317428,2961.3219791757742,0.0
2022-04-20 06:00:00,24.0,8829.000000000002,0.24999999999999956
2022-04-20 07:00:00,22.91399609179931,8429.48631227067,0.7000000000000011
2022-04-20 08:00:00,24.0,8829.000000000002,0.25
2022-04-20 09:00:00,24.0,8829.000000000002,0.14999999999999858
2022-04-20 10:00:00,7.279128888792023,2677.8095399643657,-0.09999999999999964
2022-04-20 11:00:00,7.651937109933209,2814.9563643166794,-0.1999999999999993
2022-04-20 12:00:00,7.343497417009762,2701.4891122824665,-0.20000000000000018
2022-04-20 13:00:00,4.785332718956169,1760.4042739860004,-0.10000000000000053
2022-04-20 14:00:00,6.194339693359556,2278.7427146946466,-0.25
2022-04-20 15:00:00,7.555159830202843,2779.3544225358705,-0.14999999999999947
2022-04-20 16:00:00,8.798825131498111,3236.867795249868,-0.15000000000000036
2022-04-20 17:00:00,6.3775639323783775,2346.1463316236955,-0.09999999999999964
2022-04-20 18:00:00,24.0,8829.000000000002,0.04999999999999982
2022-04-20 19:00:00,12.684917132524326,4666.463890127387,0.2999999999999998
2022-04-20 20:00:00,24.0,8829.000000000002,0.40000000000000036
2022-04-20 21:00:00,24.0,8829.000000000002,0.14999999999999947
2022-04-20 22:00:00,9.931278899190435,3653.469225039681,0.0
2022-04-20 23:00:00,8.05576927844304,2963.516123307234,-0.15000000000000036
2022-04-21 00:00:00,6.454819072764845,2374.5665663933673,-0.1999999999999993
2022-04-21 01:00:00,9.253323352259047,3404.0663282122964,-0.20000000000000018
2022-04-21 02:00:00,5.418076687823568,1993.1749615330953,-0.09999999999999964
2022-04-21 03:00:00,8.240947798546214,3031.6386713901884,-0.10000000000000053
2022-04-21 04:00:00,7.150380492650871,2630.446223733939,-0.09999999999999964
2022-04-21 05:00:00,7.12906963327097,2622.6064913395585,-0.09999999999999964
2022-04-21 06:00:00,8.471158572119174,3116.3274597183413,-0.050000000000000266
2022-04-21 07:00:00,21.013508379859584,7730.344395240844,0.49999999999999956
2022-04-21 08:00:00,24.0,8829.000000000002,0.45000000000000107
2022-04-21 09:00:00,16.47023130194815,6058.986340204176,0.25
2022-04-21 10:00:00,6.1445661817768755,2260.432284121168,0.049999999999998934
2022-04-21 11:00:00,5.941929808362126,2185.8874282512174,-0.14999999999999947
2022-04-21 12:00:00,6.259290086406159,2302.6363405366656,-0.15000000000000036
2022-04-21 13:00:00,7.130969373565143,2623.3053583002766,-0.14999999999999947
2022-04-21 14:00:00,7.872143893933177,2895.9649349806673,-0.10000000000000053
2022-04-21 15:00:00,6.955932886817897,2558.913810738134,-0.25
2022-04-21 16:00:00,8.207899774438156,3019.4811295214367,-0.20000000000000018
2022-04-21 17:00:00,7.697000454812944,2831.534042314312,-0.04999999999999982
2022-04-21 18:00:00,8.080720816876369,2972.695170508394,-0.04999999999999982
2022-04-21 19:00:00,6.824657397945046,2510.6208402690336,-0.09999999999999964
2022-04-21 20:00:00,10.317655071718926,3795.6073595086,0.39999999999999947
2022-04-21 21:00:00,24.0,8829.000000000002,0.25
2022-04-21 22:00:00,24.0,8829.000000000002,0.10000000000000053
2022-04-21 23:00:00,8.409500245717496,3093.6449028933234,-0.05000000000000071
2022-04-22 00:00:00,9.670784013730504,3557.6396690511096,-0.09999999999999964
2022-04-22 01:00:00,6.998066396541425,2574.413675627677,-0.09999999999999964
2022-04-22 02:00:00,7.713955582138759,2837.771409779296,-0.15000000000000036
2022-04-22 03:00:00,9.109838696267358,3351.281910389355,-0.15000000000000036
2022-04-22 04:00:00,7.691031319226394,2829.3381465604098,-0.09999999999999964
2022-04-22 05:00:00,5.769928008813387,2122.6122662422245,-0.04999999999999982
2022-04-22 06:00:00,5.626972119621234,2070.0223685056612,-0.15000000000000036
2022-04-22 07:00:00,24.0,8829.000000000002,0.050000000000000266
2022-04-22 08:00:00,24.0,8829.000000000002,0.5500000000000003
2022-04-22 09:00:00,24.0,8829.000000000002,0.29999999999999893
2022-04-22 10:00:00,24.0,8829.000000000002,0.2500000000000009
2022-04-22 11:00:00,7.728531674048995,2843.133589590774,-0.04999999999999982
2022-04-22 12:00:00,8.41208548215685,3094.5959467484513,-0.05000000000000071
2022-04-22 13:00:00,8.72170736301175,3208.498096167948,-0.14999999999999947
2022-04-22 14:00:00,9.368177291498503,3446.3182211100125,-0.15000000000000036
2022-04-22 15:00:00,5.729530792019271,2107.751140114089,-0.14999999999999947
2022-04-22 16:00:00,6.784404217320006,2495.812701446597,-0.15000000000000036
2022-04-22 17:00:00,7.833164100004933,2881.625243289315,-0.10000000000000009
2022-04-22 18:00:00,7.31875832310322,2692.3882181115973,-0.19999999999999973
2022-04-22 19:00:00,7.462311056182291,2745.197679793061,-0.04999999999999982
2022-04-22 20:00:00,24.0,8829.000000000002,0.04999999999999982
2022-04-22 21:00:00,19.00918468757484,6993.003816941595,0.19999999999999973
2022-04-22 22:00:00,19.162961405164477,7049.574426924882,0.25000000000000044
2022-04-22 23:00:00,13.09598424276706,4817.685203307931,0.09999999999999964
2022-04-23 00:00:00,4.924830556578637,1811.7220410013658,-0.09999999999999964
2022-04-23 01:00:00,6.841654940147004,2516.873811106579,-0.05000000000000071
2022-04-23 02:00:00,8.15671108794585,3000.6500914780795,-0.09999999999999964
2022-04-23 03:00:00,6.712364870538822,2469.311226749469,-0.15000000000000036
2022-04-23 04:00:00,4.742429945114,1744.6214160588124,-0.04999999999999982
2022-04-23 05:00:00,7.326367361109158,2695.187392968032,-0.14999999999999947
2022-04-23 06:00:00,5.055334784979581,1859.7312840243633,-0.050000000000000266
2022-04-23 07:00:00,24.0,8829.000000000002,0.050000000000000266
2022-04-23 08:00:00,10.866784070310022,3997.6181898652994,0.1999999999999993
2022-04-23 09:00:00,5.975396129006771,2198.198850958366,0.40000000000000036
2022-04-23 10:00:00,15.349057659318042,5646.534586421624,0.25
2022-04-23 11:00:00,24.0,8829.000000000002,0.15000000000000036
2022-04-23 12:00:00,7.556973543805497,2780.0216424274467,-0.05000000000000071
2022-04-23 13:00:00,8.387800330240836,3085.6620464873477,-0.049999999999998934
2022-04-23 14:00:00,7.922314731990429,2914.4215320309795,-0.05000000000000071
2022-04-23 15:00:00,6.408383271859927,2357.4839961354705,-0.25
2022-04-23 16:00:00,8.650660978706842,3182.361907541779,-0.09999999999999964
2022-04-23 17:00:00,7.094701937383923,2609.9634752151105,-0.15000000000000036
2022-04-23 18:00:00,7.213148092359152,2653.5368544766225,-0.10000000000000009
2022-04-23 19:00:00,9.274332254748558,3411.7949782156256,-0.050000000000000266
2022-04-23 20:00:00,5.799024196602616,2133.3160263251875,-0.09999999999999964
2022-04-23 21:00:00,8.341123747578147,3068.4908986403107,0.0
2022-04-23 22:00:00,11.711987077014214,4308.5472459566045,0.1499999999999999
2022-04-23 23:00:00,21.931996555254536,8068.233232764262,0.1499999999999999
2022-04-24 00:00:00,19.489253563093644,7169.609154523075,0.04999999999999982
2022-04-24 01:00:00,5.822561696375117,2141.974884053996,0.0
2022-04-24 02:00:00,7.7803071931334244,2862.1805086739582,-0.04999999999999982
2022-04-24 03:00:00,6.311816529389847,2321.9595057492897,-0.09999999999999964
2022-04-24 04:00:00,7.675495757402892,2823.623001754589,-0.15000000000000036
2022-04-24 05:00:00,8.262061165177059,3039.4057511395104,-0.04999999999999982
2022-04-24 06:00:00,4.96371938058634,1826.0282671332002,-0.04999999999999982
2022-04-24 07:00:00,5.265214710935398,1936.9408617853596,-0.04999999999999982
2022-04-24 08:00:00,12.290860442933749,4521.500285444253,0.04999999999999982
2022-04-24 09:00:00,24.0,8829.000000000002,0.09999999999999964
2022-04-24 10:00:00,4.895330966405446,1800.8698792664031,0.20000000000000018
2022-04-24 11:00:00,22.957238494355206,8445.394111110922,0.25
2022-04-24 12:00:00,17.35245790313412,6383.535451115466,0.15000000000000036
2022-04-24 13:00:00,5.48207649197765,2016.7188894862782,0.0
2022-04-24 14:00:00,9.475026691849529,3485.6254442641452,-0.15000000000000036
2022-04-24 15:00:00,6.589905221776198,2424.2613834609188,-0.09999999999999964
2022-04-24 16:00:00,5.327927575058894,1960.0113566747902,-0.05000000000000071
2022-04-24 17:00:00,8.46554894169274,3114.263816925217,-0.14999999999999947
2022-04-24 18:00:00,8.457466003458691,3111.290306022366,-0.050000000000000266
2022-04-24 19:00:00,6.976061851403303,2566.31875358499,-0.04999999999999982
2022-04-24 20:00:00,7.57063506936151,2785.0473761413655,-0.050000000000000266
2022-04-24 21:00:00,5.902944522748861,2171.545716306237,-0.04999999999999982
2022-04-24 22:00:00,7.619868731164178,2803.159209477022,-0.04999999999999982
2022-04-24 23:00:00,6.903465097350534,2539.6122226878274,0.0
2022-04-25 00:00:00,23.761277564637126,8741.179984090884,0.09999999999999964
2022-04-25 01:00:00,24.0,8829.000000000002,0.04999999999999982
2022-04-25 02:00:00,23.18769288623398,8530.172520523323,0.10000000000000053
2022-04-25 03:00:00,6.9631739988372265,2561.577634822245,0.0
2022-04-25 04:00:00,8.306030705826716,3055.5810459060035,-0.10000000000000053
2022-04-25 05:00:00,7.9770661996416665,2934.563228193178,0.0
2022-04-25 06:00:00,24.0,8829.000000000002,4.440892098500626e-16
2022-04-25 07:00:00,8.986065072673645,3305.7486886098172,0.0
2022-04-25 08:00:00,7.451842590535387,2741.3465929932054,-0.10000000000000009
2022-04-25 09:00:00,24.0,8829.000000000002,0.04999999999999982
2022-04-25 10:00:00,5.6760444246272375,2088.074842709745,0.0
2022-04-25 11:00:00,20.151079021651206,7413.078195089936,0.10000000000000009
2022-04-25 12:00:00,13.918061620170773,5120.106918520323,0.19999999999999973
2022-04-25 13:00:00,6.398869247350067,2353.9840243689055,0.10000000000000053
2022-04-25 14:00:00,14.802590256775142,5445.5028907111555,0.2499999999999991
2022-04-25 15:00:00,7.366899121118934,2710.0980141816276,-0.049999999999998934
2022-04-25 16:00:00,24.0,8829.000000000002,0.04999999999999982
2022-04-25 17:00:00,6.6388735533819805,2442.2756084503962,-0.10000000000000053
2022-04-25 18:00:00,5.991476864482869,2204.1145515216353,-0.049999999999998934
2022-04-25 19:00:00,7.828187237269347,2879.794379910461,-0.05000000000000071
2022-04-25 20:00:00,4.762082803148842,1751.8512112083802,-0.09999999999999964
2022-04-25 21:00:00,10.272995337967282,3779.178159954715,-0.10000000000000053
2022-04-25 22:00:00,4.943905476047603,1818.7392270010116,-0.04999999999999982
2022-04-25 23:00:00,5.6873351541835575,2092.2284198452758,-0.04999999999999982
2022-04-26 00:00:00,24.0,8829.000000000002,0.04999999999999982
2022-04-26 01:00:00,24.0,8829.000000000002,0.09999999999999964
2022-04-26 02:00:00,5.946610441954598,2187.609316334048,0.0
2022-04-26 03:00:00,22.30243956185577,8204.509953817691,0.05000000000000071
2022-04-26 04:00:00,21.600843932465338,7946.410461655686,0.09999999999999964
2022-04-26 05:00:00,6.752817167587274,2484.192615526169,-0.09999999999999964
2022-04-26 06:00:00,8.628325119450723,3174.145103317935,-0.05000000000000071
2022-04-26 07:00:00,6.411192003177341,2358.517258168864,0.0
2022-04-26 08:00:00,9.434708015760862,3470.7932112980275,0.0
2022-04-26 09:00:00,9.020635584447511,3318.466315628628,-0.14999999999999947
2022-04-26 10:00:00,7.136528547421126,2625.350439382547,-0.050000000000000266
2022-04-26 11:00:00,5.512417560507767,2027.880610071795,-0.050000000000000266
2022-04-26 12:00:00,6.566299720093389,2415.5775095293557,0.0
2022-04-26 13:00:00,24.0,8829.000000000002,0.10000000000000053
2022-04-26 14:00:00,21.849726940773273,8037.9682983369685,0.20000000000000018
2022-04-26 15:00:00,19.98027549744786,7350.24384862363,0.14999999999999947
2022-04-26 16:00:00,24.0,8829.000000000002,0.04999999999999982
2022-04-26 17:00:00,10.60935545029603,3902.9166362776527,-0.04999999999999982
2022-04-26 18:00:00,9.403283698947531,3459.232990750323,-0.04999999999999982
2022-04-26 19:00:00,6.291003681097511,2314.3029791837466,-0.04999999999999982
2022-04-26 20:00:00,5.694074832881961,2094.7077791464517,-0.10000000000000053
2022-04-26 21:00:00,8.760033713779826,3222.5974024567536,-0.04999999999999982
2022-04-26 22:00:00,5.0323648956490175,1851.2812359868826,-0.10000000000000009
2022-04-26 23:00:00,9.569571217865972,3520.406011772444,-0.10000000000000009
2022-04-27 00:00:00,6.853399987337763,2521.1945203418795,-0.04999999999999982
2022-04-27 01:00:00,7.55241178821948,2778.343486591242,0.0
2022-04-27 02:00:00,24.0,8829.000000000002,0.20000000000000018
2022-04-27 03:00:00,24.0,8829.000000000002,0.2999999999999998
2022-04-27 04:00:00,24.0,8829.000000000002,0.20000000000000018
2022-04-27 05:00:00,12.160775206802441,4473.645179202447,0.05000000000000071
2022-04-27 06:00:00,7.391843154141592,2719.2743003298383,-0.05000000000000071
2022-04-27 07:00:00,7.917587443351973,2912.682480723107,-0.09999999999999964
2022-04-27 08:00:00,7.28794146893307,2681.0514678837535,-0.09999999999999964
2022-04-27 09:00:00,9.235082378147736,3397.355929861098,-0.15000000000000036
2022-04-27 10:00:00,6.601528141426406,2428.537165027239,-0.05000000000000071
2022-04-27 11:00:00,5.701963597134157,2097.609858295728,-0.09999999999999964
2022-04-27 12:00:00,8.734645345562397,3213.2576564987667,-0.04999999999999982
2022-04-27 13:00:00,9.314476428492808,3426.563016131792,0.0
2022-04-27 14:00:00,10.07279151042031,3705.528176895872,0.20000000000000018
2022-04-27 15:00:00,24.0,8829.000000000002,0.5499999999999998
2022-04-27 16:00:00,16.55448482660617,6089.981105587745,0.20000000000000018
2022-04-27 17:00:00,24.0,8829.000000000002,0.04999999999999982
2022-04-27 18:00:00,4.093067697849416,1505.737279346354,-0.15000000000000036
2022-04-27 19:00:00,8.609110559437218,3167.076547052967,-0.14999999999999947
2022-04-27 20:00:00,11.14679377860649,4100.626761304862,-0.05000000000000071
2022-04-27 21:00:00,9.64387875236065,3547.7418960246737,-0.14999999999999947
2022-04-27 22:00:00,8.099233600620591,2979.5055608282996,-0.20000000000000018
2022-04-27 23:00:00,9.958478330148134,3663.4752157032444,0.0
2022-04-28 00:00:00,6.783776869491213,2495.5819158640797,-0.20000000000000018
2022-04-28 01:00:00,5.535713798710416,2036.4507137005944,-0.09999999999999964
2022-04-28 02:00:00,7.16404223120286,2635.4720358037516,0.0
2022-04-28 03:00:00,24.0,8829.000000000002,0.34999999999999964
2022-04-28 04:00:00,13.472105213267064,4956.050705330622,0.35000000000000053
2022-04-28 05:00:00,19.10873406776739,7029.625545179929,0.1999999999999993
2022-04-28 06:00:00,7.7390364561508695,2846.998036306501,-0.04999999999999982
2022-04-28 07:00:00,7.343521437794599,2701.497948928688,-0.09999999999999964
2022-04-28 08:00:00,7.459142454198465,2744.032030338261,-0.14999999999999947
2022-04-28 09:00:00,5.069273453705043,1864.8589717817426,-0.15000000000000036
2022-04-28 10:00:00,6.696744986646047,2463.565061962415,-0.09999999999999964
2022-04-28 11:00:00,5.8002246739060626,2133.7576519131926,-0.05000000000000071
2022-04-28 12:00:00,5.925480811384261,2179.8362534879857,-0.09999999999999964
2022-04-28 13:00:00,8.68548105730582,3195.1713439563778,-0.15000000000000036
2022-04-28 14:00:00,5.219571158595174,1920.1497399681998,0.0
2022-04-28 15:00:00,5.753134395919094,2116.434315898737,0.2999999999999998
2022-04-28 16:00:00,18.501689863303096,6806.309158462627,0.40000000000000036
2022-04-28 17:00:00,24.0,8829.000000000002,0.14999999999999947
2022-04-28 18:00:00,24.0,8829.000000000002,0.05000000000000071
2022-04-28 19:00:00,7.274304353972247,2676.0347142175406,-0.10000000000000053
2022-04-28 20:00:00,7.175857855832004,2639.8187087141982,-0.10000000000000053
2022-04-28 21:00:00,7.013087601152478,2579.939601273968,-0.14999999999999947
2022-04-28 22:00:00,5.791714013250064,2130.626792624367,-0.14999999999999947
2022-04-28 23:00:00,6.7777772908145195,2493.374820858391,-0.15000000000000036
2022-04-29 00:00:00,5.948376506798036,2188.2590074383274,-0.09999999999999964
2022-04-29 01:00:00,4.28732537376983,1577.1998218755764,-0.10000000000000053
2022-04-29 02:00:00,7.093222764520275,2609.419324497896,-0.09999999999999964
2022-04-29 03:00:00,21.490521854014993,7905.825727045765,0.14999999999999947
2022-04-29 04:00:00,21.189413747189285,7795.055582247259,0.3000000000000007
2022-04-29 05:00:00,8.316323223633619,3059.367405894218,0.29999999999999893
2022-04-29 06:00:00,24.0,8829.000000000002,8.881784197001252e-16
2022-04-29 07:00:00,4.6111118632383,1696.3127766887892,-0.15000000000000036
2022-04-29 08:00:00,9.277975710360568,3413.1353144488944,-0.04999999999999982
2022-04-29 09:00:00,9.201221878823318,3384.8994986721286,-0.09999999999999964
2022-04-29 10:00:00,6.987506117899446,2570.5288131222587,-0.10000000000000053
2022-04-29 11:00:00,5.923615351731919,2179.1499975183797,-0.04999999999999982
2022-04-29 12:00:00,9.17550167424182,3375.4376784117103,-0.09999999999999964
2022-04-29 13:00:00,9.115406230496554,3353.3300670439203,-0.05000000000000071
2022-04-29 14:00:00,9.618684318294251,3538.4734935924976,-0.04999999999999982
2022-04-29 15:00:00,24.0,8829.000000000002,0.15000000000000036
2022-04-29 16:00:00,22.3273573597842,8213.676588730614,0.4500000000000002
2022-04-29 17:00:00,24.0,8829.000000000002,0.34999999999999964
2022-04-29 18:00:00,17.40102679202509,6401.402731116229,0.04999999999999982
2022-04-29 19:00:00,6.76881104989691,2490.076364980826,-0.14999999999999947
2022-04-29 20:00:00,8.54122498925164,3142.1031429209474,-0.15000000000000036
2022-04-29 21:00:00,7.666601949423337,2820.351192144111,-0.04999999999999982
2022-04-29 22:00:00,6.211976161971545,2285.230730585282,-0.10000000000000053
2022-04-29 23:00:00,10.217140439883705,3758.6305393222183,-0.14999999999999947
2022-04-30 00:00:00,6.154638764574997,2264.1377355180275,-0.14999999999999947
2022-04-30 01:00:00,8.07080279495782,2969.0465781951075,-0.10000000000000053
2022-04-30 02:00:00,9.604631411528729,3533.3037805161316,-0.10000000000000053
2022-04-30 03:00:00,5.96109482052782,2192.937757101672,-0.04999999999999982
2022-04-30 04:00:00,17.309834620705534,6367.855411092048,0.40000000000000036
2022-04-30 05:00:00,24.0,8829.000000000002,0.39999999999999947
2022-04-30 06:00:00,9.80711056715548,3607.790799892322,0.20000000000000018
2022-04-30 07:00:00,9.413586059163697,3463.0229715148453,-0.09999999999999964
2022-04-30 08:00:00,6.418689535623142,2361.2754129173636,-0.15000000000000036
2022-04-30 09:00:00,6.471702072154354,2380.777399793783,-0.09999999999999964
2022-04-30 10:00:00,6.4628540332836,2377.5224274942047,-0.10000000000000053
2022-04-30 11:00:00,4.090801758263977,1504.9036968213604,-0.09999999999999964
2022-04-30 12:00:00,10.966599633168947,4034.337840052026,-0.09999999999999964
2022-04-30 13:00:00,7.65974333577545,2817.828079648394,-0.25
2022-04-30 14:00:00,8.08919224938563,2975.8115987427386,-0.05000000000000071
2022-04-30 15:00:00,8.10329494218573,2980.9996268565756,-0.04999999999999982
2022-04-30 16:00:00,24.0,8829.000000000002,0.04999999999999982
2022-04-30 17:00:00,24.0,8829.000000000002,0.45000000000000107
2022-04-30 18:00:00,15.073205120388716,5545.055333662998,0.2499999999999991
2022-04-30 19:00:00,24.0,8829.000000000002,0.14999999999999947
2022-04-30 20:00:00,7.243436402972366,2664.6791667434586,-0.1999999999999993
2022-04-30 21:00:00,9.465496371275917,3482.119477583128,-0.04999999999999982
2022-04-30 22:00:00,9.126409474107936,3357.3778852874566,-0.14999999999999947
2022-04-30 23:00:00,6.719906728189686,2472.0856876327807,-0.15000000000000036
2022-05-01 00:00:00,5.252036046324829,1932.0927605417464,-0.09999999999999964
2022-05-01 01:00:00,5.034319310437591,1852.000216327229,-0.10000000000000053
2022-05-01 02:00:00,7.120794029918905,2619.562103756417,-0.15000000000000036
2022-05-01 03:00:00,7.588848666675493,2791.7477032532465,-0.09999999999999964
2022-05-01 04:00:00,20.099241459596165,7394.008451948937,0.09999999999999964
2022-05-01 05:00:00,24.0,8829.000000000002,0.5499999999999998
2022-05-01 06:00:00,24.0,8829.000000000002,0.35000000000000053
2022-05-01 07:00:00,16.787240637090303,6175.606149369593,0.04999999999999982
2022-05-01 08:00:00,7.888129493348529,2901.84563736559,-0.05000000000000071
2022-05-01 09:00:00,7.573386988164836,2786.0597382711394,-0.14999999999999947
2022-05-01 10:00:00,7.282290857348125,2678.972749146941,-0.09999999999999964
2022-05-01 11:00:00,9.405717678658622,3460.128391036541,-0.10000000000000053
2022-05-01 12:00:00,7.8587697614083485,2891.0449259780958,-0.14999999999999947
2022-05-01 13:00:00,7.501674051790355,2759.6783418023765,-0.14999999999999947
2022-05-01 14:00:00,7.705590552980624,2834.694124677747,-0.15000000000000036
2022-05-01 15:00:00,7.99041613233071,2939.4743346811592,-0.10000000000000053
2022-05-01 16:00:00,6.445310536205735,2371.068613506685,0.0
2022-05-01 17:00:00,15.817046000756546,5818.695797528315,0.20000000000000018
2022-05-01 18:00:00,24.0,8829.000000000002,0.25
2022-05-01 19:00:00,21.16786492509133,7787.128309317973,0.09999999999999964
2022-05-01 20:00:00,8.451671657155117,3109.158710875939,0.0
2022-05-01 21:00:00,6.8713013736560065,2527.779992833703,-0.09999999999999964
2022-05-01 22:00:00,7.609241120909346,2799.2495773545256,-0.04999999999999982
2022-05-01 23:00:00,7.970073522542328,2931.9907971052585,-0.15000000000000036
2022-05-02 00:00:00,7.794681462487934,2867.468443012749,-0.09999999999999964
2022-05-02 01:00:00,6.638299576541636,2442.064456720254,-0.04999999999999982
2022-05-02 02:00:00,7.485859078776068,2753.860408604746,-0.10000000000000053
2022-05-02 03:00:00,7.895109347803879,2904.413351323352,-0.10000000000000009
2022-05-02 04:00:00,15.523986228821679,5710.886433927775,0.050000000000000266
2022-05-02 05:00:00,14.018126633170224,5156.918335177496,0.2999999999999998
2022-05-02 06:00:00,24.0,8829.000000000002,0.4500000000000002
2022-05-02 07:00:00,24.0,8829.000000000002,0.20000000000000018
2022-05-02 08:00:00,7.255297221975659,2669.0424655342954,-0.04999999999999982
2022-05-02 09:00:00,8.282631340240767,3046.9730042910724,0.0
2022-05-02 10:00:00,6.075372672613147,2234.9777219375615,-0.15000000000000036
2022-05-02 11:00:00,6.372472464007864,2344.273307696893,-0.15000000000000036
2022-05-02 12:00:00,7.840930597460861,2884.482343540914,-0.049999999999998934
2022-05-02 13:00:00,8.076291977893307,2971.0659113675006,-0.15000000000000036
2022-05-02 14:00:00,8.396473634337069,3088.852738231749,-0.05000000000000071
2022-05-02 15:00:00,6.577418288300189,2419.667752808432,-0.1999999999999993
2022-05-02 16:00:00,8.082014729801847,2973.1711687258544,-0.10000000000000053
2022-05-02 17:00:00,8.706328507706314,3202.84059977246,0.0
2022-05-02 18:00:00,9.211224211555502,3388.57910682598,0.2999999999999998
2022-05-02 19:00:00,15.377150994468051,5656.869422089935,0.10000000000000053
2022-05-02 20:00:00,7.689426040482745,2828.74760464259,-8.881784197001252e-16
2022-05-02 21:00:00,24.0,8829.000000000002,0.05000000000000071
2022-05-02 22:00:00,6.123953825152317,2252.8495134279087,-0.09999999999999964
2022-05-02 23:00:00,6.767855806139728,2489.724954683653,-0.15000000000000036
2022-05-03 00:00:00,10.292330275906695,3786.2910002491753,-0.15000000000000036
2022-05-03 01:00:00,8.882770083584983,3267.7490444988257,0.0
2022-05-03 02:00:00,4.393401535267277,1616.2225897864496,-0.09999999999999964
2022-05-03 03:00:00,6.409727679077766,2357.978569940733,-0.10000000000000009
2022-05-03 04:00:00,24.0,8829.000000000002,0.04999999999999982
2022-05-03 05:00:00,24.0,8829.000000000002,0.1499999999999999
2022-05-03 06:00:00,24.0,8829.000000000002,0.5500000000000007
2022-05-03 07:00:00,21.56300205636491,7932.489381485241,0.2999999999999998
2022-05-03 08:00:00,24.0,8829.000000000002,0.04999999999999982
2022-05-03 09:00:00,4.969163611744972,1828.0310636706815,0.0
2022-05-03 10:00:00,7.302790475060359,2686.514046012829,-0.1999999999999993
2022-05-03 11:00:00,6.070023251832512,2233.009803767885,-0.10000000000000053
2022-05-03 12:00:00,4.51131758393402,1659.6009561897276,-0.10000000000000053
2022-05-03 13:00:00,4.9060465626327385,1804.8118792285181,-0.09999999999999964
2022-05-03 14:00:00,7.627786692663118,2806.0720295634446,-0.05000000000000071
2022-05-03 15:00:00,8.67547973611857,3191.4921079246187,-0.14999999999999858
2022-05-03 16:00:00,5.595406311988475,2058.41009702276,-0.10000000000000142
2022-05-03 17:00:00,4.27491277792969,1572.633538180885,-0.14999999999999947
2022-05-03 18:00:00,24.0,8829.000000000002,0.20000000000000018
2022-05-03 19:00:00,24.0,8829.000000000002,0.25
2022-05-03 20:00:00,24.0,8829.000000000002,0.09999999999999964
2022-05-03 21:00:00,9.230411849912077,3395.637759286405,-0.09999999999999964
2022-05-03 22:00:00,6.731407928458134,2476.316691681536,-0.04999999999999982
2022-05-03 23:00:00,7.106404281037317,2614.268474886603,-0.10000000000000053
2022-05-04 00:00:00,3.6994819886581904,1360.946936577632,-0.09999999999999964
2022-05-04 01:00:00,8.924387650413935,3283.0591068960266,-0.05000000000000071
2022-05-04 02:00:00,7.600364767008255,2795.9841886631616,-0.09999999999999964
2022-05-04 03:00:00,7.273326472776922,2675.6749761728097,-0.14999999999999947
2022-05-04 04:00:00,13.827849745157716,5086.920224999895,0.04999999999999982
2022-05-04 05:00:00,24.0,8829.000000000002,0.09999999999999964
2022-05-04 06:00:00,24.0,8829.000000000002,0.25
2022-05-04 07:00:00,24.0,8829.000000000002,0.40000000000000036
2022-05-04 08:00:00,18.678297942097682,6871.278855449184,0.20000000000000018
2022-05-04 09:00:00,3.806276525552255,1400.2339768375357,0.0
2022-05-04 10:00:00,5.3267119766021835,1959.564168392528,-0.04999999999999982
2022-05-04 11:00:00,7.429943837508588,2733.290589223472,-0.15000000000000036
2022-05-04 12:00:00,9.154277923841965,3367.629991233363,-0.09999999999999964
2022-05-04 13:00:00,6.5451604620954456,2407.800904993362,-0.05000000000000071
2022-05-04 14:00:00,7.972226450078515,2932.7828053226335,-0.15000000000000036
2022-05-04 15:00:00,8.28392039182274,3047.447214141791,-0.049999999999998934
2022-05-04 16:00:00,7.063391806173581,2598.4452606961063,-0.20000000000000107
2022-05-04 17:00:00,8.847061027993709,3254.612575673186,-0.049999999999998934
2022-05-04 18:00:00,9.992382640466095,3675.947763861465,-0.05000000000000071
2022-05-04 19:00:00,16.964694601581765,6240.887026556891,0.20000000000000018
2022-05-04 20:00:00,24.0,8829.000000000002,0.20000000000000018
2022-05-04 21:00:00,8.889933583314336,3270.3843169617617,-0.09999999999999964
2022-05-04 22:00:00,17.77508499815027,6539.00939369453,0.049999999999998934
2022-05-04 23:00:00,6.006353505765372,2209.5872959334356,-0.09999999999999964
2022-05-05 00:00:00,6.883576054628489,2532.2955410964555,-0.09999999999999964
2022-05-05 01:00:00,6.80347341115034,2502.8277811269318,0.0
2022-05-05 02:00:00,8.283515059302104,3047.298102440762,-0.1999999999999993
2022-05-05 03:00:00,8.294874593342355,3051.4769910258183,0.0
2022-05-05 04:00:00,7.773927836590644,2859.833702885783,-0.10000000000000053
2022-05-05 05:00:00,15.691250318631498,5772.418710966563,0.09999999999999964
2022-05-05 06:00:00,24.0,8829.000000000002,0.15000000000000036
2022-05-05 07:00:00,24.0,8829.000000000002,0.4999999999999991
2022-05-05 08:00:00,8.335381043949992,3066.3783015431027,0.35000000000000053
2022-05-05 09:00:00,24.0,8829.000000000002,0.10000000000000053
2022-05-05 10:00:00,8.103189466613339,2980.960825030382,-0.05000000000000071
2022-05-05 11:00:00,6.20369105875625,2282.1828482399555,-0.09999999999999964
2022-05-05 12:00:00,7.935786207642829,2919.377351136606,-0.20000000000000018
2022-05-05 13:00:00,5.589044526657581,2056.069755244158,-0.04999999999999982
2022-05-05 14:00:00,11.01038362755993,4050.4448769886094,-0.15000000000000036
2022-05-05 15:00:00,8.606361843246354,3166.0653630842526,-0.09999999999999964
2022-05-05 16:00:00,5.376828765382264,1978.0008820650003,-0.15000000000000036
2022-05-05 17:00:00,8.940655149510238,3289.043513126079,-0.049999999999998934
2022-05-05 18:00:00,6.820439202200832,2509.0690715096307,-0.10000000000000142
2022-05-05 19:00:00,18.82079861376449,6923.7012900386135,8.881784197001252e-16
2022-05-05 20:00:00,24.0,8829.000000000002,0.20000000000000018
2022-05-05 21:00:00,24.0,8829.000000000002,0.049999999999998934
2022-05-05 22:00:00,4.7765895661224524,1757.187886637297,0.0
2022-05-05 23:00:00,8.172115807388726,3006.3171026431273,-0.09999999999999964
2022-05-06 00:00:00,7.678830273510545,2824.849686867691,-0.04999999999999982
2022-05-06 01:00:00,5.942494687248511,2186.095233071546,-0.14999999999999947
2022-05-06 02:00:00,4.597539736143864,1691.3199304339241,0.0
2022-05-06 03:00:00,5.91753920231317,2176.9147340509576,-0.09999999999999964
2022-05-06 04:00:00,7.8682196431342195,2894.521301218001,-0.05000000000000071
2022-05-06 05:00:00,24.0,8829.000000000002,0.04999999999999982
2022-05-06 06:00:00,19.913550135076925,7325.6972559414235,0.04999999999999982
2022-05-06 07:00:00,23.65075041543161,8700.519809076904,0.3000000000000007
2022-05-06 08:00:00,23.167413061856994,8522.712080130641,0.2999999999999998
2022-05-06 09:00:00,24.0,8829.000000000002,0.14999999999999947
2022-05-06 10:00:00,6.651860947960128,2447.053346230832,-0.14999999999999947
2022-05-06 11:00:00,8.827400546972537,3247.3799762175227,-0.10000000000000053
2022-05-06 12:00:00,5.144284023066735,1892.453484985675,-0.09999999999999964
2022-05-06 13:00:00,5.774172223432501,2124.173606695231,-0.04999999999999982
2022-05-06 14:00:00,7.5748180524667665,2786.5861910512117,-0.10000000000000053
2022-05-06 15:00:00,5.992190734419177,2204.3771664244546,-0.09999999999999964
2022-05-06 16:00:00,6.834609539022653,2514.281984167958,-0.09999999999999964
2022-05-06 17:00:00,8.100648966051773,2980.0262383862964,-0.10000000000000053
2022-05-06 18:00:00,8.01912238688062,2950.034648073708,0.0
2022-05-06 19:00:00,8.22307306769442,3025.063004778085,-0.04999999999999982
2022-05-06 20:00:00,21.55421417078685,7929.256538078213,0.15000000000000036
2022-05-06 21:00:00,24.0,8829.000000000002,0.09999999999999964
2022-05-06 22:00:00,24.0,8829.000000000002,0.05000000000000071
2022-05-06 23:00:00,7.379386757317018,2714.691903347998,0.0
2022-05-07 00:00:00,7.616264787108853,2801.833408557669,-0.10000000000000053
2022-05-07 01:00:00,7.1469958332149135,2629.201092143936,0.0
2022-05-07 02:00:00,5.15772459241375,1897.397934434208,-0.15000000000000036
2022-05-07 03:00:00,6.470469907058493,2380.3241170591427,-0.04999999999999982
2022-05-07 04:00:00,6.842482727860094,2517.178333511532,-0.04999999999999982
2022-05-07 05:00:00,7.9746363411784715,2933.6693440110307,0.0
2022-05-07 06:00:00,19.33757230082517,7113.809410166058,0.04999999999999982
2022-05-07 07:00:00,24.0,8829.000000000002,0.09999999999999964
2022-05-07 08:00:00,24.0,8829.000000000002,0.20000000000000107
2022-05-07 09:00:00,17.573563645727997,6464.8747261721865,0.09999999999999964
2022-05-07 10:00:00,24.0,8829.000000000002,0.09999999999999964
2022-05-07 11:00:00,5.644149413282329,2076.3414654112366,-0.09999999999999964
2022-05-07 12:00:00,8.752024303329794,3219.6509405874476,-0.05000000000000071
2022-05-07 13:00:00,7.0638718394564455,2598.6218529400403,-0.049999999999998934
2022-05-07 14:00:00,5.075593214133371,1867.1838536493137,-0.10000000000000053
2022-05-07 15:00:00,7.369064080048543,2710.894448447858,-0.04999999999999982
2022-05-07 16:00:00,6.075100788156534,2234.877702443085,-0.05000000000000071
2022-05-07 17:00:00,6.988492640820685,2570.8917302419095,-0.09999999999999964
2022-05-07 18:00:00,5.094119065109677,1873.9990510772225,-0.04999999999999982
2022-05-07 19:00:00,4.355095353372061,1602.130703121747,0.0
2022-05-07 20:00:00,23.866882117481737,8780.029258968594,0.14999999999999947
2022-05-07 21:00:00,24.0,8829.000000000002,0.15000000000000036
2022-05-07 22:00:00,24.0,8829.000000000002,0.15000000000000036
2022-05-07 23:00:00,7.387220890500771,2717.573885092971,0.0
2022-05-08 00:00:00,8.419561117297368,3097.3460460257693,0.0
2022-05-08 01:00:00,7.339634857150507,2700.0681730742426,0.0
2022-05-08 02:00:00,7.770003670048576,2858.39010011912,-0.10000000000000053
2022-05-08 03:00:00,7.145223240462508,2628.5489995851453,-0.04999999999999982
2022-05-08 04:00:00,6.789924092880998,2497.843325668597,-0.04999999999999982
2022-05-08 05:00:00,10.086913437647464,3710.7232808745607,-0.04999999999999982
2022-05-08 06:00:00,7.174224610815236,2639.217878703655,-0.05000000000000071
2022-05-08 07:00:00,24.0,8829.000000000002,0.05000000000000071
2022-05-08 08:00:00,10.940959656358999,4024.9055335830662,0.1999999999999993
2022-05-08 09:00:00,23.304877423361333,8573.281782119051,0.20000000000000107
2022-05-08 10:00:00,24.0,8829.000000000002,0.09999999999999964
2022-05-08 11:00:00,6.125560520293438,2253.440576402949,0.0
2022-05-08 12:00:00,6.725483898733389,2474.1373892465454,-0.09999999999999964
2022-05-08 13:00:00,6.887987678318402,2533.918467161382,-8.881784197001252e-16
2022-05-08 14:00:00,8.947256106613303,3291.4718402203684,-0.04999999999999982
2022-05-08 15:00:00,8.151284295598137,2998.653710243165,-0.09999999999999964
2022-05-08 16:00:00,8.814920183596856,3242.788762540694,-0.05000000000000071
2022-05-08 17:00:00,8.21340959488511,3021.50805471836,-0.049999999999998934
2022-05-08 18:00:00,9.40075872982008,3458.304117732562,-0.10000000000000142
2022-05-08 19:00:00,6.768824270944338,2490.0812286736477,-0.09999999999999964
2022-05-08 20:00:00,6.266854281268319,2305.4190187215827,-0.04999999999999982
2022-05-08 21:00:00,24.0,8829.000000000002,8.881784197001252e-16
2022-05-08 22:00:00,8.230552684536244,3027.814568823771,0.0
2022-05-08 23:00:00,20.101133701640087,7394.704560490848,0.049999999999998934
2022-05-09 00:00:00,8.384200998611938,3084.3379423643673,0.0
2022-05-09 01:00:00,8.393865606706136,3087.89331006702,-0.09999999999999964
2022-05-09 02:00:00,7.079781039920587,2604.4744500607862,0.0
2022-05-09 03:00:00,6.883540384088424,2532.2824187965293,-0.04999999999999982
2022-05-09 04:00:00,8.159843308819646,3001.802357232027,-0.04999999999999982
2022-05-09 05:00:00,6.642266515302076,2443.523794316751,0.0
2022-05-09 06:00:00,4.68932498875608,1725.0854302386433,0.0
2022-05-09 07:00:00,24.0,8829.000000000002,0.04999999999999982
2022-05-09 08:00:00,24.0,8829.000000000002,0.14999999999999947
2022-05-09 09:00:00,17.541346862650318,6453.0229770974875,0.15000000000000036
2022-05-09 10:00:00,24.0,8829.000000000002,0.09999999999999964
2022-05-09 11:00:00,11.182845319298655,4113.889221836993,0.15000000000000036
2022-05-09 12:00:00,9.728449516669109,3578.8533659446484,-0.05000000000000071
2022-05-09 13:00:00,19.917212470847442,7327.044537713003,0.05000000000000071
2022-05-09 14:00:00,6.968983673062377,2563.7148687278222,-0.04999999999999982
2022-05-09 15:00:00,5.282833402551874,1943.4223379637706,-0.04999999999999982
2022-05-09 16:00:00,5.923400900326854,2179.0711062077416,-0.05000000000000071
2022-05-09 17:00:00,7.024279104615357,2584.0566756103744,-0.09999999999999964
2022-05-09 18:00:00,6.324334125717179,2326.5644164982073,-0.05000000000000071
2022-05-09 19:00:00,6.301576597578441,2318.192490834169,-0.14999999999999947
2022-05-09 20:00:00,7.4751350418052755,2749.9153035041154,0.0
2022-05-09 21:00:00,4.601455678700851,1692.7605078020756,-0.09999999999999964
2022-05-09 22:00:00,7.419390291027232,2729.4082033116433,-0.04999999999999982
2022-05-09 23:00:00,24.0,8829.000000000002,0.09999999999999964
2022-05-10 00:00:00,7.021494234261495,2583.032191428947,0.0
2022-05-10 01:00:00,9.066360107742582,3335.2872246358024,0.0
2022-05-10 02:00:00,7.397017024300817,2721.177637814663,0.0
2022-05-10 03:00:00,9.209424237965454,3387.916941541541,0.0
2022-05-10 04:00:00,6.904059107845362,2539.830744298613,-0.04999999999999982
2022-05-10 05:00:00,5.9820506294318285,2200.6468753022336,0.0
2022-05-10 06:00:00,9.121452792800167,3355.5544461513614,0.0
2022-05-10 07:00:00,7.83909325442408,2883.8064309712586,0.0
2022-05-10 08:00:00,24.0,8829.000000000002,0.04999999999999982
2022-05-10 09:00:00,7.6567163768985855,2816.714537151567,0.0
2022-05-10 10:00:00,23.309082162822186,8574.82860064821,0.15000000000000036
2022-05-10 11:00:00,24.0,8829.000000000002,0.14999999999999947
2022-05-10 12:00:00,24.0,8829.000000000002,0.10000000000000053
2022-05-10 13:00:00,15.475218861788804,5692.946138780557,0.04999999999999982
2022-05-10 14:00:00,24.0,8829.000000000002,0.04999999999999982
2022-05-10 15:00:00,7.0267332002968175,2584.9594760591917,0.0
2022-05-10 16:00:00,7.178793992694769,2640.8988400625885,-0.05000000000000071
2022-05-10 17:00:00,7.119718174226055,2619.1663233434097,-0.09999999999999964
2022-05-10 18:00:00,9.89842046051089,3641.3814269104437,-0.049999999999998934
2022-05-10 19:00:00,7.559244662137409,2780.8571300838,-0.10000000000000142
2022-05-10 20:00:00,6.875833510650146,2529.4472527304224,-0.09999999999999964
2022-05-10 21:00:00,5.371780345336532,1976.1436945406767,-0.14999999999999947
2022-05-10 22:00:00,6.936767219830481,2551.863240995138,-0.050000000000000266
2022-05-10 23:00:00,6.108658963720771,2247.2229162787785,0.0
2022-05-11 00:00:00,6.956541836238035,2559.1378280060667,0.0
2022-05-11 01:00:00,24.0,8829.000000000002,0.10000000000000009
2022-05-11 02:00:00,6.587130649945275,2423.240687848618,-0.04999999999999982
2022-05-11 03:00:00,21.835721281331526,8032.815966369834,0.09999999999999964
2022-05-11 04:00:00,9.92617930228817,3651.5932108292614,0.0
2022-05-11 05:00:00,7.495224717351288,2757.3057928956046,-0.04999999999999982
2022-05-11 06:00:00,4.840402823593447,1780.6631887294393,-0.04999999999999982
2022-05-11 07:00:00,7.205086473271873,2650.5711863548904,0.0
2022-05-11 08:00:00,6.785754818031814,2496.3095536834535,-0.10000000000000009
2022-05-11 09:00:00,18.485161502171078,6800.228787611186,0.1499999999999999
2022-05-11 10:00:00,7.934317571721909,2918.8370766971975,0.0
2022-05-11 11:00:00,5.834970149925102,2146.5396439036967,0.0
2022-05-11 12:00:00,23.123363813114953,8506.507462749663,0.09999999999999964
2022-05-11 13:00:00,23.25064928098734,8553.332604243216,0.15000000000000036
2022-05-11 14:00:00,20.19860067760255,7430.560224273037,0.20000000000000018
2022-05-11 15:00:00,24.0,8829.000000000002,0.04999999999999982
2022-05-11 16:00:00,4.971177503126155,1828.7719239625344,0.0
2022-05-11 17:00:00,6.937184819526023,2552.016865483136,-0.05000000000000071
2022-05-11 18:00:00,8.710479397917362,3204.3676085088496,-0.049999999999998934
2022-05-11 19:00:00,6.8645563438172505,2525.2986649817713,-0.09999999999999964
2022-05-11 20:00:00,5.747591583310804,2114.395253710462,-0.10000000000000142
2022-05-11 21:00:00,10.166494646750763,3739.999218173437,-0.1999999999999993
2022-05-11 22:00:00,10.70391714545585,3937.70351988457,-0.10000000000000009
2022-05-11 23:00:00,6.338078788122761,2331.6207341806603,-0.04999999999999982
2022-05-12 00:00:00,7.640628615883388,2810.7962520681012,-0.050000000000000266
2022-05-12 01:00:00,18.742427010862293,6894.870336620966,0.10000000000000009
2022-05-12 02:00:00,17.352519550775366,6383.5581297414865,0.1500000000000008
2022-05-12 03:00:00,24.0,8829.000000000002,0.09999999999999964
2022-05-12 04:00:00,8.92782072077655,3284.3220476556726,0.0
2022-05-12 05:00:00,6.704877823857122,2466.556929451439,-0.05000000000000071
2022-05-12 06:00:00,13.60522443720877,5005.021939838177,0.05000000000000071
2022-05-12 07:00:00,5.024117093507751,1848.2470757741642,-0.10000000000000053
2022-05-12 08:00:00,10.46512942923453,3849.8594887796526,8.881784197001252e-16
2022-05-12 09:00:00,8.75757209066248,3221.6918328524603,-0.05000000000000071
2022-05-12 10:00:00,7.788916692759746,2865.347728348992,0.0
2022-05-12 11:00:00,5.853668836831186,2153.4184233492724,0.0
2022-05-12 12:00:00,22.36070373775717,8225.943887527417,0.04999999999999982
2022-05-12 13:00:00,11.641729611352563,4282.701280776324,0.04999999999999982
2022-05-12 14:00:00,24.0,8829.000000000002,0.25
2022-05-12 15:00:00,24.0,8829.000000000002,0.3000000000000007
2022-05-12 16:00:00,7.609062329761807,2799.1838045611244,0.0
2022-05-12 17:00:00,1.9827498609224357,729.4041050868411,0.04999999999999982
2022-05-12 18:00:00,7.859485468013097,2891.308216545318,-0.10000000000000053
2022-05-12 19:00:00,7.335550759715421,2698.5657357303107,-0.09999999999999964
2022-05-12 20:00:00,7.968487893359771,2931.407483769726,-0.09999999999999964
2022-05-12 21:00:00,5.881762537175858,2163.7533933635686,-0.09999999999999964
2022-05-12 22:00:00,3.890888770700037,1431.3607065212761,-0.2500000000000009
2022-05-12 23:00:00,6.593930550453424,2425.7422012480533,-0.04999999999999982
2022-05-13 00:00:00,7.34910856971721,2703.5533150847186,-0.10000000000000009
2022-05-13 01:00:00,5.983386570456346,2201.138334606628,-0.04999999999999982
2022-05-13 02:00:00,24.0,8829.000000000002,0.1499999999999999
2022-05-13 03:00:00,24.0,8829.000000000002,0.25
2022-05-13 04:00:00,24.0,8829.000000000002,0.05000000000000071
2022-05-13 05:00:00,24.0,8829.000000000002,0.09999999999999964
2022-05-13 06:00:00,6.1287852680965615,2254.6268805010227,-0.09999999999999964
2022-05-13 07:00:00,7.955768401322226,2926.728300636414,-0.05000000000000071
2022-05-13 08:00:00,9.331257285230786,3432.736273804275,-0.09999999999999964
2022-05-13 09:00:00,7.544035008931424,2775.2618789106473,-0.05000000000000071
2022-05-13 10:00:00,8.368532234720305,3078.5737958477325,0.0
2022-05-13 11:00:00,7.443194861975934,2738.1653098493966,-0.04999999999999982
2022-05-13 12:00:00,24.0,8829.000000000002,0.04999999999999982
2022-05-13 13:00:00,5.4548386905642055,2006.6987832913067,-0.04999999999999982
2022-05-13 14:00:00,24.0,8829.000000000002,0.20000000000000018
2022-05-13 15:00:00,24.0,8829.000000000002,0.3000000000000007
2022-05-13 16:00:00,24.0,8829.000000000002,0.2499999999999991
2022-05-13 17:00:00,24.0,8829.000000000002,0.04999999999999982
2022-05-13 18:00:00,6.745209241401373,2481.3938496805295,-0.09999999999999964
2022-05-13 19:00:00,6.190235034850357,2277.232713445575,-0.04999999999999982
2022-05-13 20:00:00,6.0939039194497635,2241.7949043675817,-0.14999999999999947
2022-05-13 21:00:00,6.118432868717765,2250.818491579548,-0.05000000000000071
2022-05-13 22:00:00,6.285259288195759,2312.1897606450148,-0.15000000000000036
2022-05-13 23:00:00,7.965063356263364,2930.1476821853853,-0.1999999999999993
2022-05-14 00:00:00,7.4397225362567285,2736.887928025444,-0.20000000000000062
2022-05-14 01:00:00,7.323755684748639,2694.2266225269054,-0.04999999999999982
2022-05-14 02:00:00,7.244777062037723,2665.1723616971267,0.0
2022-05-14 03:00:00,24.0,8829.000000000002,0.30000000000000027
2022-05-14 04:00:00,13.614467290037599,5008.422154322581,0.20000000000000018
2022-05-14 05:00:00,24.0,8829.000000000002,0.09999999999999964
2022-05-14 06:00:00,8.267211453176877,3041.3004133374434,0.0
2022-05-14 07:00:00,8.668115737087986,3188.7830767812425,-0.09999999999999964
2022-05-14 08:00:00,5.106558350873403,1878.5751533275532,-0.05000000000000071
2022-05-14 09:00:00,6.095315156653672,2242.3140632539694,-0.14999999999999947
2022-05-14 10:00:00,6.995751652388894,2573.5621391225645,-8.881784197001252e-16
2022-05-14 11:00:00,6.061776219396829,2229.9759267106083,-0.049999999999998934
2022-05-14 12:00:00,4.970049579003352,1828.3569888758582,-0.15000000000000036
2022-05-14 13:00:00,7.637268119124315,2809.5600093228572,-0.050000000000000266
2022-05-14 14:00:00,13.715348966117402,5045.534000910438,0.050000000000000266
2022-05-14 15:00:00,11.038658651552403,4060.8465514398395,0.25
2022-05-14 16:00:00,24.0,8829.000000000002,0.40000000000000036
2022-05-14 17:00:00,24.0,8829.000000000002,0.14999999999999947
2022-05-14 18:00:00,8.47908052586066,3119.2417484509897,0.0
2022-05-14 19:00:00,4.591963416690595,1689.2685419150523,-0.04999999999999982
2022-05-14 20:00:00,6.994370277446902,2573.053965815779,-0.15000000000000036
2022-05-14 21:00:00,10.605055733304265,3901.3348778893064,-0.04999999999999982
2022-05-14 22:00:00,6.528226564650405,2401.5713474707677,-0.10000000000000053
2022-05-14 23:00:00,9.421668644595952,3465.9963526307365,-0.09999999999999964
2022-05-15 00:00:00,8.912337290873307,3278.626080880018,-0.25
2022-05-15 01:00:00,7.744383119285695,2848.964940007225,-0.09999999999999964
2022-05-15 02:00:00,8.263415186910347,3039.9038618846444,-0.10000000000000009
2022-05-15 03:00:00,22.80936576253541,8390.995429892715,0.10000000000000009
2022-05-15 04:00:00,21.056713131313387,7746.238343181914,0.34999999999999964
2022-05-15 05:00:00,24.0,8829.000000000002,0.20000000000000107
2022-05-15 06:00:00,24.0,8829.000000000002,0.049999999999998934
2022-05-15 07:00:00,8.831855688661241,3249.018911466254,-0.049999999999998934
2022-05-15 08:00:00,6.346822184787021,2334.837211228525,-0.10000000000000053
2022-05-15 09:00:00,8.927555019426498,3284.2243027715235,-0.14999999999999947
2022-05-15 10:00:00,5.113153161216966,1881.001219182691,-0.05000000000000071
2022-05-15 11:00:00,8.35066998140739,3072.0027194102436,0.0
2022-05-15 12:00:00,5.014386233772954,1844.6673357492255,-0.15000000000000036
2022-05-15 13:00:00,7.775936516520199,2860.572646014868,-0.049999999999998934
2022-05-15 14:00:00,24.0,8829.000000000002,0.049999999999998934
2022-05-15 15:00:00,7.259718866845036,2670.6690781406173,-0.04999999999999982
2022-05-15 16:00:00,11.01770983078506,4053.1400040000535,0.39999999999999947
2022-05-15 17:00:00,24.0,8829.000000000002,0.3500000000000014
2022-05-15 18:00:00,16.84334511791846,6196.2455852542535,0.09999999999999964
2022-05-15 19:00:00,20.617278693897173,7584.581399517421,0.049999999999998934
2022-05-15 20:00:00,7.027790306572779,2585.348359030461,-0.09999999999999964
2022-05-15 21:00:00,8.032101360704187,2954.809288069053,-0.14999999999999947
2022-05-15 22:00:00,5.868625510179123,2158.9206095571444,-0.10000000000000053
2022-05-15 23:00:00,8.099504827828076,2979.6053385372543,-0.09999999999999964
2022-05-16 00:00:00,8.514481496243732,3132.2648804306627,-0.1999999999999993
2022-05-16 01:00:00,7.988182810721137,2938.6527514940385,-0.20000000000000107
2022-05-16 02:00:00,8.98158757069781,3304.1015275704576,-0.09999999999999964
2022-05-16 03:00:00,7.147439912734064,2629.3644578970434,-0.04999999999999982
2022-05-16 04:00:00,24.0,8829.000000000002,0.25
2022-05-16 05:00:00,19.23134209207344,7074.729972121517,0.35000000000000053
2022-05-16 06:00:00,7.1724978527882985,2638.582647594495,0.14999999999999947
2022-05-16 07:00:00,6.112557670611692,2248.657153076276,-0.04999999999999982
2022-05-16 08:00:00,8.839382023420123,3251.787661865678,-0.10000000000000053
2022-05-16 09:00:00,7.945293432626904,2922.874821527622,-0.09999999999999964
2022-05-16 10:00:00,4.348099950609632,1599.5572693305182,-0.04999999999999982
2022-05-16 11:00:00,6.173369417835854,2271.0282745863647,-0.05000000000000071
2022-05-16 12:00:00,5.832573544114232,2145.6579925410233,0.0
2022-05-16 13:00:00,7.705038657319725,2834.491096061494,-0.04999999999999982
2022-05-16 14:00:00,6.821934777787291,2509.6192563785,-0.10000000000000053
2022-05-16 15:00:00,4.963991415711358,1826.1283420548157,-0.049999999999998934
2022-05-16 16:00:00,11.252531152731574,4139.524897811128,0.049999999999998934
2022-05-16 17:00:00,24.0,8829.000000000002,0.40000000000000036
2022-05-16 18:00:00,24.0,8829.000000000002,0.20000000000000018
2022-05-16 19:00:00,24.0,8829.000000000002,0.15000000000000036
2022-05-16 20:00:00,7.90884560595811,2909.4665772918393,-0.15000000000000036
2022-05-16 21:00:00,5.216162661842254,1918.8958392252189,-0.04999999999999982
2022-05-16 22:00:00,9.076885355572841,3339.159200181359,-0.15000000000000036
2022-05-16 23:00:00,5.974311081961384,2197.799689276544,-0.09999999999999964
2022-05-17 00:00:00,4.549832953897109,1673.7697979148988,-0.09999999999999964
2022-05-17 01:00:00,5.016611973275418,1845.4861296686947,-0.09999999999999964
2022-05-17 02:00:00,6.768213417966104,2489.8565111342805,-0.10000000000000142
2022-05-17 03:00:00,9.942281129625599,3657.516670561017,-0.09999999999999964
2022-05-17 04:00:00,6.082767117066467,2237.697953190827,-0.04999999999999982
2022-05-17 05:00:00,24.0,8829.000000000002,0.5499999999999998
2022-05-17 06:00:00,24.0,8829.000000000002,0.40000000000000036
2022-05-17 07:00:00,9.865180040443764,3629.15310737825,0.25
2022-05-17 08:00:00,8.196667525824717,3015.3490660627676,-0.15000000000000036
2022-05-17 09:00:00,5.5710540416451515,2049.4515055702095,-0.04999999999999982
2022-05-17 10:00:00,6.494757294445427,2389.2588396941114,-0.04999999999999982
2022-05-17 11:00:00,7.212552479602637,2653.3177434338204,-0.15000000000000036
2022-05-17 12:00:00,4.142332275946534,1523.8604860138312,-0.14999999999999947
2022-05-17 13:00:00,8.450201159246566,3108.6177514578308,-0.10000000000000053
2022-05-17 14:00:00,7.870027326326801,2895.1863026724723,-0.09999999999999964
2022-05-17 15:00:00,6.807633165608412,2504.358050798195,-0.15000000000000036
2022-05-17 16:00:00,7.121832793905274,2619.9442390579025,-0.09999999999999964
2022-05-17 17:00:00,6.861628465130081,2524.2215716097285,0.0
2022-05-17 18:00:00,18.590368195199215,6838.931699808912,0.2999999999999998
2022-05-17 19:00:00,24.0,8829.000000000002,0.15000000000000036
2022-05-17 20:00:00,6.982737080206924,2568.774403381122,0.0
2022-05-17 21:00:00,7.012295793748163,2579.6483151251055,-0.10000000000000053
2022-05-17 22:00:00,9.250956291252827,3403.195545644634,-0.15000000000000036
2022-05-17 23:00:00,9.389502832949601,3454.163354671335,-0.09999999999999964
2022-05-18 00:00:00,7.69685451531995,2831.4803548233263,-0.09999999999999964
2022-05-18 01:00:00,6.21569376198217,2286.5983426891903,-0.04999999999999982
2022-05-18 02:00:00,6.430198120561291,2365.5091336014852,-0.10000000000000053
2022-05-18 03:00:00,8.013475341322623,2947.9572411890595,-0.049999999999998934
2022-05-18 04:00:00,7.626114238655319,2805.456775545326,-0.05000000000000071
2022-05-18 05:00:00,24.0,8829.000000000002,0.2999999999999998
2022-05-18 06:00:00,24.0,8829.000000000002,0.5499999999999998
2022-05-18 07:00:00,14.92882020912934,5491.939734433457,0.35000000000000053
2022-05-18 08:00:00,19.261714670988997,7085.903284590077,0.04999999999999982
2022-05-18 09:00:00,10.014480668183268,3684.0770758079198,-0.05000000000000071
2022-05-18 10:00:00,6.312045924977415,2322.0438946510667,-0.09999999999999964
2022-05-18 11:00:00,4.256725118151951,1565.942752840149,-0.09999999999999964
2022-05-18 12:00:00,7.109962074380549,2615.577298112745,-0.09999999999999964
2022-05-18 13:00:00,4.05075640807297,1490.1720136198437,-0.15000000000000036
2022-05-18 14:00:00,5.484797028404383,2017.7197068242626,-0.15000000000000036
2022-05-18 15:00:00,6.929222371203057,2549.087679806324,0.0
2022-05-18 16:00:00,6.739488717598544,2479.289411986564,-0.09999999999999964
2022-05-18 17:00:00,7.349383919911364,2703.6546095373938,-0.09999999999999964
2022-05-18 18:00:00,5.598940240187974,2059.7101408591507,0.0
2022-05-18 19:00:00,24.0,8829.000000000002,0.25
2022-05-18 20:00:00,24.0,8829.000000000002,0.04999999999999982
2022-05-18 21:00:00,8.121689923420574,2987.7666805783433,-0.10000000000000053
2022-05-18 22:00:00,6.574251946557512,2418.5029348398443,-0.14999999999999947
2022-05-18 23:00:00,7.357373600874138,2706.593813421574,-0.04999999999999982
2022-05-19 00:00:00,7.270416002947235,2674.6042870842143,-0.09999999999999964
2022-05-19 01:00:00,9.38161677674224,3451.2622717440513,-0.10000000000000053
2022-05-19 02:00:00,6.975633842289321,2566.161299732184,-0.10000000000000053
2022-05-19 03:00:00,7.298095817175244,2684.786998743343,0.0
2022-05-19 04:00:00,3.5483927674837425,1305.3649893380818,-0.14999999999999947
2022-05-19 05:00:00,18.466294143569847,6793.287958065757,0.09999999999999964
2022-05-19 06:00:00,20.589081125716035,7574.208219122786,0.4500000000000002
2022-05-19 07:00:00,24.0,8829.000000000002,0.5
2022-05-19 08:00:00,11.102408132972718,4084.2983919173384,0.25
2022-05-19 09:00:00,18.50242037498999,6806.577895449441,0.04999999999999982
2022-05-19 10:00:00,8.437843538097564,3104.0716915776406,-0.04999999999999982
2022-05-19 11:00:00,6.3992664356522555,2354.1301400155735,-0.09999999999999964
2022-05-19 12:00:00,8.853281491301422,3256.90092861251,-0.15000000000000036
2022-05-19 13:00:00,8.346268443493619,3070.383503650215,-0.09999999999999964
2022-05-19 14:00:00,6.815367092563104,2507.2031691766515,-0.10000000000000053
2022-05-19 15:00:00,4.727410865050482,1739.0962719804459,-0.14999999999999947
2022-05-19 16:00:00,6.490073564768624,2387.5358126392575,-0.09999999999999964
2022-05-19 17:00:00,5.799414424030287,2133.4595812401417,-0.15000000000000036
2022-05-19 18:00:00,7.155533201348921,2632.3417764462342,-0.10000000000000053
2022-05-19 19:00:00,24.0,8829.000000000002,0.15000000000000036
2022-05-19 20:00:00,21.474192704096993,7899.818641019682,0.09999999999999964
2022-05-19 21:00:00,24.0,8829.000000000002,0.04999999999999982
2022-05-19 22:00:00,7.945893770561688,2923.095670845381,-0.049999999999998934
2022-05-19 23:00:00,7.912870685043797,2910.947303260487,-0.10000000000000053
2022-05-20 00:00:00,8.524369195958277,3135.9023179631517,-0.04999999999999982
2022-05-20 01:00:00,7.235711675302259,2661.837432551818,-0.09999999999999964
2022-05-20 02:00:00,6.750567121096356,2483.3648796733223,-0.10000000000000053
2022-05-20 03:00:00,5.585306189304592,2054.6945143904263,-0.04999999999999982
2022-05-20 04:00:00,6.449573959336263,2372.637020290828,0.0
2022-05-20 05:00:00,6.863026615733445,2524.735916262941,-0.15000000000000036
2022-05-20 06:00:00,0.0,0.0,0.25
2022-05-20 07:00:00,16.562286224310267,6092.851044768139,0.40000000000000036
2022-05-20 08:00:00,23.939118447303567,8806.6031988018,0.34999999999999964
2022-05-20 09:00:00,24.0,8829.000000000002,0.20000000000000018
2022-05-20 10:00:00,10.102722667779481,3716.5391014093766,-8.881784197001252e-16
2022-05-20 11:00:00,6.226679459691224,2290.639706233909,-0.09999999999999964
2022-05-20 12:00:00,8.505512918895983,3128.9655650388595,-0.09999999999999964
2022-05-20 13:00:00,7.574507696305362,2786.4720187783346,-0.15000000000000036
2022-05-20 14:00:00,3.554531866450608,1307.6234103705171,-0.04999999999999982
2022-05-20 15:00:00,5.463226821968358,2009.7845671316097,-0.09999999999999964
2022-05-20 16:00:00,6.470730544945501,2380.419999221826,-0.10000000000000053
2022-05-20 17:00:00,6.3825280458985745,2347.9725048849377,-0.09999999999999964
2022-05-20 18:00:00,8.410573651822535,3094.039782164215,-0.09999999999999964
2022-05-20 19:00:00,8.439210586490738,3104.574594505281,-0.15000000000000036
2022-05-20 20:00:00,22.558785101674143,8298.813069278376,0.15000000000000036
2022-05-20 21:00:00,24.0,8829.000000000002,0.14999999999999947
2022-05-20 22:00:00,9.300334737990271,3421.360641738171,-0.04999999999999982
2022-05-20 23:00:00,5.97542608512141,2198.209871064039,-0.04999999999999982
2022-05-21 00:00:00,8.134693789837584,2992.5504779365015,-8.881784197001252e-16
2022-05-21 01:00:00,5.6887151925682575,2092.736101466048,-0.049999999999998934
2022-05-21 02:00:00,7.818356386688072,2876.177855752874,-0.15000000000000036
2022-05-21 03:00:00,9.187279534551513,3379.7704587731378,-0.04999999999999982
2022-05-21 04:00:00,7.68501150781641,2827.123608437962,-0.04999999999999982
2022-05-21 05:00:00,7.7565832824915155,2853.453075046566,-0.10000000000000053
2022-05-21 06:00:00,18.381684203971123,6762.162076535877,0.15000000000000036
2022-05-21 07:00:00,24.0,8829.000000000002,0.09999999999999964
2022-05-21 08:00:00,24.0,8829.000000000002,0.4500000000000002
2022-05-21 09:00:00,24.0,8829.000000000002,0.1999999999999993
2022-05-21 10:00:00,24.0,8829.000000000002,0.15000000000000036
2022-05-21 11:00:00,8.401038154610722,3090.531911127419,0.0
2022-05-21 12:00:00,6.129493853307045,2254.8875512853288,-0.09999999999999964
2022-05-21 13:00:00,7.182007553422385,2642.08102871526,-0.04999999999999982
2022-05-21 14:00:00,7.277571646136838,2677.2366693225895,-0.10000000000000053
2022-05-21 15:00:00,7.42271481143856,2730.6312112579603,-0.14999999999999947
2022-05-21 16:00:00,8.126124219320742,2989.3979471826183,-0.10000000000000053
2022-05-21 17:00:00,6.410585288873235,2358.2940631442416,-0.04999999999999982
2022-05-21 18:00:00,7.618506883270626,2802.6582196831814,-0.10000000000000053
2022-05-21 19:00:00,6.052693893648074,2226.634766125785,-0.09999999999999964
2022-05-21 20:00:00,8.535251088239942,3139.9054940862684,-0.04999999999999982
2022-05-21 21:00:00,22.841544327252958,8402.833119388182,0.04999999999999982
2022-05-21 22:00:00,21.360803969208895,7858.105760172722,0.05000000000000071
2022-05-21 23:00:00,18.575434308503187,6833.437896240611,0.09999999999999964
2022-05-22 00:00:00,6.397116137916769,2353.3390992361315,-0.05000000000000071
2022-05-22 01:00:00,7.675997177679277,2823.807461738764,-0.09999999999999964
2022-05-22 02:00:00,8.462541152182913,3113.1573263592895,-0.09999999999999964
2022-05-22 03:00:00,6.25277488398082,2300.239560444444,-0.04999999999999982
2022-05-22 04:00:00,8.322001137711137,3061.4561685354843,-0.10000000000000053
2022-05-22 05:00:00,6.858942030618369,2523.2332995137326,0.0
2022-05-22 06:00:00,4.1077286431672695,1511.1306746051594,0.0
2022-05-22 07:00:00,17.584425577560257,6468.8705593449795,0.10000000000000053
2022-05-22 08:00:00,24.0,8829.000000000002,0.14999999999999947
2022-05-22 09:00:00,0.0,0.0,0.35000000000000053
2022-05-22 10:00:00,22.26517368174316,8190.800768171265,0.20000000000000018
2022-05-22 11:00:00,20.0404065567171,7372.364562052303,0.04999999999999982
2022-05-22 12:00:00,7.166343942140376,2636.318777714891,0.0
2022-05-22 13:00:00,8.407259771119465,3092.8206883005732,-0.04999999999999982
2022-05-22 14:00:00,7.127402997004719,2621.9933775231107,-0.09999999999999964
2022-05-22 15:00:00,4.416915755491535,1624.8728835514485,-0.05000000000000071
2022-05-22 16:00:00,7.417820534836712,2728.830729253056,-0.04999999999999982
2022-05-22 17:00:00,6.347787581608387,2335.1923565841853,-0.10000000000000053
2022-05-22 18:00:00,8.188711349294234,3012.4221876216166,-0.09999999999999964
2022-05-22 19:00:00,6.621747636162467,2435.975411653267,-0.09999999999999964
2022-05-22 20:00:00,7.564560914239542,2782.812846325871,-0.15000000000000036
2022-05-22 21:00:00,6.662280103019566,2450.886292898323,-0.09999999999999964
2022-05-22 22:00:00,17.802571751766234,6549.121083181005,0.14999999999999947
2022-05-22 23:00:00,15.494344766591707,5699.982081009924,0.04999999999999982
2022-05-23 00:00:00,24.0,8829.000000000002,0.05000000000000071
2022-05-23 01:00:00,7.531173646235011,2770.530505108705,-0.10000000000000053
2022-05-23 02:00:00,22.9877028315712,8456.601179164258,8.881784197001252e-16
2022-05-23 03:00:00,7.319965060977913,2692.83214680725,0.0
2022-05-23 04:00:00,6.216979568939738,2287.071358923706,-0.05000000000000071
2022-05-23 05:00:00,8.560014010422222,3149.0151540840757,-0.09999999999999964
2022-05-23 06:00:00,20.249500507517322,7449.284999202934,0.04999999999999982
2022-05-23 07:00:00,7.1533671416774745,2631.5449372446014,-0.04999999999999982
2022-05-23 08:00:00,7.833578755918566,2881.7777848335427,-0.05000000000000071
2022-05-23 09:00:00,13.614631972125096,5008.48273674552,0.25
2022-05-23 10:00:00,24.0,8829.000000000002,0.20000000000000018
2022-05-23 11:00:00,10.990326821365677,4043.066479409898,0.20000000000000018
2022-05-23 12:00:00,24.0,8829.000000000002,0.09999999999999964
2022-05-23 13:00:00,5.868516441559083,2158.8804859385477,0.0
2022-05-23 14:00:00,7.178581128925524,2640.8205328034774,-0.049999999999998934
2022-05-23 15:00:00,24.0,8829.000000000002,0.049999999999998934
2022-05-23 16:00:00,8.56703418794469,3151.597701890153,-0.04999999999999982
2022-05-23 17:00:00,5.85336918833141,2153.3081901574174,-0.04999999999999982
2022-05-23 18:00:00,9.515835170403928,3500.637863312345,-0.04999999999999982
2022-05-23 19:00:00,6.412943208169903,2359.161482705503,-0.10000000000000053
2022-05-23 20:00:00,9.529099303953023,3505.5174064417183,-0.09999999999999964
2022-05-23 21:00:00,7.2935933725889175,2683.130661941148,-0.20000000000000018
2022-05-23 22:00:00,7.153590236977819,2631.6270084282155,-0.04999999999999982
2022-05-23 23:00:00,23.101917164140634,8498.617776758236,0.09999999999999964
2022-05-24 00:00:00,7.954153697040735,2926.1342912988607,-0.04999999999999982
2022-05-24 01:00:00,1.5684475327112475,576.9926360961502,0.04999999999999982
2022-05-24 02:00:00,9.524274161326366,3503.7423570979367,0.0
2022-05-24 03:00:00,10.950554195535238,4028.435124682525,0.05000000000000071
2022-05-24 04:00:00,9.56097747943612,3517.244590247562,-0.09999999999999964
2022-05-24 05:00:00,8.66290249311427,3186.865254654412,-0.05000000000000071
2022-05-24 06:00:00,6.055022053314436,2227.4912378630484,-0.04999999999999982
2022-05-24 07:00:00,7.993867523112043,2940.7440150648426,-0.10000000000000053
2022-05-24 08:00:00,6.539951644909952,2405.8847113712486,0.0
2022-05-24 09:00:00,6.4632715251206525,2377.6760123037598,0.20000000000000018
2022-05-24 10:00:00,6.792680728596453,2498.8574230324202,0.0
2022-05-24 11:00:00,24.0,8829.000000000002,0.20000000000000018
2022-05-24 12:00:00,19.818450386223503,7290.7124358319725,0.04999999999999982
2022-05-24 13:00:00,19.456002796485684,7157.3770287571715,0.20000000000000018
2022-05-24 14:00:00,24.0,8829.000000000002,0.09999999999999964
2022-05-24 15:00:00,7.014027102654239,2580.2852203889283,-0.049999999999998934
2022-05-24 16:00:00,6.157312082350568,2265.121182294715,-0.05000000000000071
2022-05-24 17:00:00,6.386220212727361,2349.3307607570778,0.0
2022-05-24 18:00:00,8.227167418821683,3026.5692141990266,-0.09999999999999964
2022-05-24 19:00:00,6.2932289889622,2315.1216143144693,-0.05000000000000071
2022-05-24 20:00:00,8.58958692971856,3159.8942917702157,-0.04999999999999982
2022-05-24 21:00:00,5.726066506798421,2106.4767161884693,-0.14999999999999947
2022-05-24 22:00:00,9.497678365080443,3493.958428553968,-0.10000000000000053
2022-05-24 23:00:00,9.186174281871699,3379.3638639435508,-0.04999999999999982
2022-05-25 00:00:00,6.272885958612932,2307.6379220247322,0.0
2022-05-25 01:00:00,24.0,8829.000000000002,0.05000000000000071
2022-05-25 02:00:00,14.403447539095849,5298.668263444884,0.09999999999999964
2022-05-25 03:00:00,15.54759633264651,5719.572000872335,0.04999999999999982
2022-05-25 04:00:00,5.668796259439524,2085.4084239413146,-0.04999999999999982
2022-05-25 05:00:00,4.376361147574573,1609.9538571639962,-0.10000000000000053
2022-05-25 06:00:00,24.0,8829.000000000002,8.881784197001252e-16
2022-05-25 07:00:00,7.1920966899514855,2645.792569815903,0.0
2022-05-25 08:00:00,6.230718804524295,2292.125680214375,-0.05000000000000071
2022-05-25 09:00:00,9.04641373865438,3327.9494541074796,-0.04999999999999982
2022-05-25 10:00:00,12.578015824335461,4627.137571377408,0.09999999999999964
2022-05-25 11:00:00,6.666338591621745,2452.3793093928493,0.0
2022-05-25 12:00:00,9.496935278183955,3493.685065461922,0.10000000000000053
2022-05-25 13:00:00,19.34133738383865,7115.194490079643,0.09999999999999964
2022-05-25 14:00:00,24.0,8829.000000000002,0.1999999999999993
2022-05-25 15:00:00,23.48447384930407,8639.350817312734,0.10000000000000142
2022-05-25 16:00:00,21.93224923763146,8068.326188293673,0.049999999999998934
2022-05-25 17:00:00,8.611796817086404,3168.0647540856603,-0.049999999999998934
2022-05-25 18:00:00,6.555541389690143,2411.6197887322614,-0.05000000000000071
2022-05-25 19:00:00,8.307064424724343,3055.9613252454674,-0.15000000000000036
2022-05-25 20:00:00,9.484096928059186,3488.962157409773,0.0
2022-05-25 21:00:00,6.404587334340289,2356.087565620434,-0.049999999999998934
2022-05-25 22:00:00,6.7198726066063985,2472.0731351553286,-0.2500000000000009
2022-05-25 23:00:00,7.084037723059599,2606.0403773705502,-0.14999999999999947
2022-05-26 00:00:00,3.509219187033134,1290.9540084298142,-0.05000000000000071
2022-05-26 01:00:00,24.0,8829.000000000002,0.05000000000000071
2022-05-26 02:00:00,24.0,8829.000000000002,0.09999999999999964
2022-05-26 03:00:00,24.0,8829.000000000002,0.15000000000000036
2022-05-26 04:00:00,8.723577636294335,3209.186122951778,0.0
2022-05-26 05:00:00,6.787294742464602,2496.8760533841655,0.0
2022-05-26 06:00:00,8.928561993577231,3284.5947433872243,-0.05000000000000071
2022-05-26 07:00:00,3.7580695317651145,1382.4998289980913,0.0
2022-05-26 08:00:00,7.483174209470903,2752.8727123091085,-0.09999999999999964
2022-05-26 09:00:00,8.848998340686911,3255.325264580198,-0.04999999999999982
2022-05-26 10:00:00,5.998375636153603,2206.652437150007,-0.04999999999999982
2022-05-26 11:00:00,17.031618345299176,6265.506598776934,0.14999999999999947
2022-05-26 12:00:00,7.297537239716592,2684.5815120607413,-0.09999999999999964
2022-05-26 13:00:00,24.0,8829.000000000002,0.14999999999999947
2022-05-26 14:00:00,24.0,8829.000000000002,0.20000000000000107
2022-05-26 15:00:00,12.70650881971598,4674.406932053016,0.2499999999999991
2022-05-26 16:00:00,8.453672451297555,3109.894753021088,0.0
2022-05-26 17:00:00,24.0,8829.000000000002,0.04999999999999982
2022-05-26 18:00:00,6.477674966235452,2382.974678203867,-0.15000000000000036
2022-05-26 19:00:00,9.330146255292195,3432.327553665616,0.0
2022-05-26 20:00:00,5.070854219846371,1865.440496125984,-0.049999999999998934
2022-05-26 21:00:00,5.400565992211479,1986.7332143847975,-0.10000000000000053
2022-05-26 22:00:00,7.808990713509148,2872.7324587321777,-0.04999999999999982
2022-05-26 23:00:00,5.751649158886251,2115.8879343252797,-0.20000000000000018
2022-05-27 00:00:00,6.255364776925521,2301.192317311476,-0.09999999999999964
2022-05-27 01:00:00,8.202890392092032,3017.6383029908557,-0.10000000000000053
2022-05-27 02:00:00,24.0,8829.000000000002,0.10000000000000053
2022-05-27 03:00:00,24.0,8829.000000000002,0.20000000000000018
2022-05-27 04:00:00,22.065324002585925,8117.281067451297,0.09999999999999964
2022-05-27 05:00:00,24.0,8829.000000000002,0.05000000000000071
2022-05-27 06:00:00,6.95706612254905,2559.330699832732,-0.05000000000000071
2022-05-27 07:00:00,7.026718387426484,2584.9540267745174,-0.09999999999999964
2022-05-27 08:00:00,5.270292910454374,1938.809004433403,-0.05000000000000071
2022-05-27 09:00:00,7.149388396653617,2630.081256418949,-0.14999999999999947
2022-05-27 10:00:00,24.0,8829.000000000002,0.09999999999999964
2022-05-27 11:00:00,24.0,8829.000000000002,0.04999999999999982
2022-05-27 12:00:00,9.432483728106758,3469.974951477274,0.0
2022-05-27 13:00:00,9.007510562457023,3313.637948163877,-0.04999999999999982
2022-05-27 14:00:00,15.753538600767962,5795.333012757515,0.04999999999999982
2022-05-27 15:00:00,19.55769177411689,7194.785861403249,0.15000000000000036
2022-05-27 16:00:00,24.0,8829.000000000002,0.15000000000000036
2022-05-27 17:00:00,19.723336316288197,7255.722347354521,0.14999999999999947
2022-05-27 18:00:00,22.45732818604992,8261.489606443114,8.881784197001252e-16
2022-05-27 19:00:00,6.280809850690998,2310.552923822951,-0.05000000000000071
2022-05-27 20:00:00,6.10037509845518,2244.175489344199,-0.09999999999999964
2022-05-27 21:00:00,7.868650726976324,2894.679886186415,-0.10000000000000053
2022-05-27 22:00:00,6.854459839595414,2521.584413491163,0.0
2022-05-27 23:00:00,6.463931678357681,2377.918866175831,-0.14999999999999947
2022-05-28 00:00:00,7.910328933729378,2910.0122564956955,0.0
2022-05-28 01:00:00,7.795540010522993,2867.7842813711454,-0.15000000000000036
2022-05-28 02:00:00,17.37056153535059,6390.1953248170985,0.04999999999999982
2022-05-28 03:00:00,20.16170473264853,7416.987128523078,0.2500000000000009
2022-05-28 04:00:00,24.0,8829.000000000002,0.2499999999999991
2022-05-28 05:00:00,24.0,8829.000000000002,0.20000000000000018
2022-05-28 06:00:00,6.849809823835462,2519.873788943471,0.0
2022-05-28 07:00:00,6.372417533410458,2344.253100103372,-0.04999999999999982
2022-05-28 08:00:00,6.5327206266163165,2403.2246005164775,-0.10000000000000053
2022-05-28 09:00:00,7.332044639947367,2697.2759219206373,-0.09999999999999964
2022-05-28 10:00:00,7.665493532800641,2819.9434333790355,-0.04999999999999982
2022-05-28 11:00:00,8.265947162192965,3040.835312291737,-0.04999999999999982
2022-05-28 12:00:00,7.556557855521294,2779.8687210998964,-0.15000000000000036
2022-05-28 13:00:00,6.770012945632698,2490.5185123746287,-0.15000000000000036
2022-05-28 14:00:00,9.30717396741768,3423.87662326378,-0.14999999999999947
2022-05-28 15:00:00,20.934426945952854,7701.252312742407,0.04999999999999982
2022-05-28 16:00:00,24.0,8829.000000000002,0.1999999999999993
2022-05-28 17:00:00,21.287483058156145,7831.132830019192,0.15000000000000036
2022-05-28 18:00:00,9.723883848569693,3577.1737707925763,0.0
2022-05-28 19:00:00,5.063437437647187,1862.712047374459,0.0
2022-05-28 20:00:00,7.614668137400841,2801.246041046335,-0.15000000000000036
2022-05-28 21:00:00,5.935247633167179,2183.429223051376,-0.049999999999998934
2022-05-28 22:00:00,6.976310730633059,2566.4103100316365,-0.05000000000000071
2022-05-28 23:00:00,7.039685784460231,2589.724407958307,-0.04999999999999982
2022-05-29 00:00:00,11.981731004765749,4407.7792933782,0.04999999999999982
2022-05-29 01:00:00,5.92483885338948,2179.600093190655,-0.04999999999999982
2022-05-29 02:00:00,8.034264356814798,2955.6050002632437,0.0
2022-05-29 03:00:00,24.0,8829.000000000002,0.15000000000000036
2022-05-29 04:00:00,24.0,8829.000000000002,0.2999999999999998
2022-05-29 05:00:00,18.867207602394917,6940.77399673103,0.25
2022-05-29 06:00:00,24.0,8829.000000000002,0.15000000000000036
2022-05-29 07:00:00,8.622688393697953,3172.0714928316347,-0.10000000000000053
2022-05-29 08:00:00,7.4989360483433245,2758.6710987843007,-0.04999999999999982
2022-05-29 09:00:00,6.0235341666311575,2215.9076315494367,-0.09999999999999964
2022-05-29 10:00:00,9.179060337916907,3376.7468218111817,-0.10000000000000053
2022-05-29 11:00:00,7.084259460716992,2606.121949111263,-0.09999999999999964
2022-05-29 12:00:00,5.977188542066117,2198.858234912573,-0.10000000000000053
2022-05-29 13:00:00,8.880892386613606,3267.05828672548,-0.049999999999998934
2022-05-29 14:00:00,7.073093548062237,2602.0142889933954,-0.10000000000000142
2022-05-29 15:00:00,8.794075387553459,3235.1204831962286,-0.14999999999999947
2022-05-29 16:00:00,24.0,8829.000000000002,0.10000000000000053
2022-05-29 17:00:00,8.392069995155458,3087.2327494678148,0.09999999999999964
2022-05-29 18:00:00,19.70770409056579,7249.971642316889,0.09999999999999964
2022-05-29 19:00:00,11.4723338865925,4220.384828530216,-0.04999999999999982
2022-05-29 20:00:00,8.382789649404272,3083.8187422745964,0.0
2022-05-29 21:00:00,7.022044618518336,2583.2346640374326,-0.10000000000000053
2022-05-29 22:00:00,6.781812076425118,2494.8591176148902,-0.14999999999999947
2022-05-29 23:00:00,24.0,8829.000000000002,0.04999999999999982
2022-05-30 00:00:00,6.919237831034772,2545.4146170919166,-0.09999999999999964
2022-05-30 01:00:00,6.9259464540032,2547.8825517664272,0.0
2022-05-30 02:00:00,24.0,8829.000000000002,0.04999999999999982
2022-05-30 03:00:00,7.0639386545520155,2598.646432543323,0.0
2022-05-30 04:00:00,24.0,8829.000000000002,0.35000000000000053
2022-05-30 05:00:00,17.74546552619276,6528.1131304481605,0.34999999999999964
2022-05-30 06:00:00,24.0,8829.000000000002,0.15000000000000036
2022-05-30 07:00:00,3.0171477009460235,1109.9332104855184,0.0
2022-05-30 08:00:00,6.243681700160372,2296.894405446497,-0.05000000000000071
2022-05-30 09:00:00,9.305668138214864,3423.3226663457926,-0.09999999999999964
2022-05-30 10:00:00,9.666997525196612,3556.2467145817036,-0.09999999999999964
2022-05-30 11:00:00,6.940401922870116,2553.2003573758443,-0.09999999999999964
2022-05-30 12:00:00,6.745386662493004,2481.459118464614,-0.10000000000000053
2022-05-30 13:00:00,8.614581861067402,3169.08930214017,-0.04999999999999982
2022-05-30 14:00:00,8.87419264846829,3264.593620555272,-0.10000000000000053
2022-05-30 15:00:00,7.512595927648023,2763.696226883517,-0.10000000000000053
2022-05-30 16:00:00,7.517982442448177,2765.6777910156234,-0.14999999999999947
2022-05-30 17:00:00,20.041600962903267,7372.8039542280385,0.20000000000000018
2022-05-30 18:00:00,22.933786369409813,8436.766660646634,0.09999999999999964
2022-05-30 19:00:00,12.776483340444615,4700.148808866063,0.15000000000000036
2022-05-30 20:00:00,5.461201953348491,2009.0396685880762,-0.09999999999999964
2022-05-30 21:00:00,8.065679885596802,2967.1619879139234,-0.05000000000000071
2022-05-30 22:00:00,4.193866329789069,1542.8185760711538,-0.04999999999999982
2022-05-30 23:00:00,8.260859720311327,3038.963769609529,-0.10000000000000053
2022-05-31 00:00:00,5.394446251760382,1984.48191486635,-0.09999999999999964
2022-05-31 01:00:00,7.922094139302634,2914.340381495956,-0.09999999999999964
2022-05-31 02:00:00,22.349100330199605,8221.67528397218,0.04999999999999982
2022-05-31 03:00:00,7.339836504295659,2700.1423540177657,-0.04999999999999982
2022-05-31 04:00:00,24.0,8829.000000000002,0.20000000000000018
2022-05-31 05:00:00,22.91980679520627,8431.623924786505,0.4500000000000002
2022-05-31 06:00:00,24.0,8829.000000000002,0.34999999999999964
2022-05-31 07:00:00,24.0,8829.000000000002,0.09999999999999964
2022-05-31 08:00:00,7.489134640740382,2755.0654059623675,-0.09999999999999964
2022-05-31 09:00:00,9.048581103227228,3328.746773349716,-0.15000000000000036
2022-05-31 10:00:00,4.198349887946719,1544.4679650283992,-0.04999999999999982
2022-05-31 11:00:00,9.693656919141597,3566.0540391292157,-0.09999999999999964
2022-05-31 12:00:00,7.228473294788339,2659.17461332026,-0.10000000000000053
2022-05-31 13:00:00,5.695735079513856,2095.3185423761593,-0.04999999999999982
2022-05-31 14:00:00,8.404147997989535,3091.6759447604,-0.20000000000000018
2022-05-31 15:00:00,20.84133510907951,7667.006153252624,0.05000000000000071
2022-05-31 16:00:00,6.238699884752544,2295.061720103342,-0.20000000000000107
2022-05-31 17:00:00,24.0,8829.000000000002,8.881784197001252e-16
2022-05-31 18:00:00,24.0,8829.000000000002,0.25
2022-05-31 19:00:00,23.811762179606646,8759.752011822795,0.04999999999999982
2022-05-31 20:00:00,7.9626047520743715,2929.243223169359,-0.04999999999999982
2022-05-31 21:00:00,6.529600260597731,2402.0766958673903,0.0
2022-05-31 22:00:00,6.173780519625595,2271.1795086572656,-0.04999999999999982
2022-05-31 23:00:00,7.689351541785294,2828.7201984342655,-0.15000000000000036
2022-06-01 00:00:00,8.513466491324403,3131.8914854959644,-0.05000000000000071
2022-06-01 01:00:00,6.0719240138993635,2233.709046613228,-0.14999999999999858
2022-06-01 02:00:00,9.852067143172281,3624.3292002945027,-0.05000000000000071
2022-06-01 03:00:00,7.129677931170363,2622.8302689292973,-0.09999999999999964
2022-06-01 04:00:00,24.0,8829.000000000002,0.1999999999999993
2022-06-01 05:00:00,22.640101307597956,8328.727268532597,0.25
2022-06-01 06:00:00,24.0,8829.000000000002,0.4500000000000002
2022-06-01 07:00:00,24.0,8829.000000000002,0.15000000000000036
2022-06-01 08:00:00,24.0,8829.000000000002,0.04999999999999982
2022-06-01 09:00:00,7.1645942398646,2635.67510599019,-0.09999999999999964
2022-06-01 10:00:00,5.42995008957933,1997.5428892039959,-0.05000000000000071
2022-06-01 11:00:00,6.798483357501808,2500.992065140978,-0.09999999999999964
2022-06-01 12:00:00,5.675442979396521,2087.8535860454954,-0.09999999999999964
2022-06-01 13:00:00,7.134579824004881,2624.6335527557962,-0.05000000000000071
2022-06-01 14:00:00,8.350575615659107,3071.9680046105937,-0.14999999999999947
2022-06-01 15:00:00,7.586399441355654,2790.846694488711,-0.10000000000000053
2022-06-01 16:00:00,8.821447250971946,3245.1899074513044,-0.04999999999999982
2022-06-01 17:00:00,7.391772721232576,2719.2483898234336,-0.10000000000000053
2022-06-01 18:00:00,6.914653107370126,2543.728011873785,0.10000000000000053
2022-06-01 19:00:00,9.055509176141234,3331.295438172957,0.15000000000000036
2022-06-01 20:00:00,24.0,8829.000000000002,0.09999999999999964
2022-06-01 21:00:00,7.15473308491343,2632.0474336125276,-0.09999999999999964
2022-06-01 22:00:00,7.005256302950963,2577.058662448085,-0.04999999999999982
2022-06-01 23:00:00,8.616953887942934,3169.961911527007,-0.05000000000000071
2022-06-02 00:00:00,6.851803353356755,2520.607158616116,-0.09999999999999964
2022-06-02 01:00:00,8.203726338467195,3017.9458267636196,-0.15000000000000036
2022-06-02 02:00:00,6.799346190413354,2501.3094797983126,-0.049999999999998934
2022-06-02 03:00:00,7.359977289869912,2707.5516455108936,-0.10000000000000053
2022-06-02 04:00:00,24.0,8829.000000000002,0.09999999999999964
2022-06-02 05:00:00,24.0,8829.000000000002,0.20000000000000018
2022-06-02 06:00:00,24.0,8829.000000000002,0.34999999999999964
2022-06-02 07:00:00,24.0,8829.000000000002,0.35000000000000053
2022-06-02 08:00:00,24.0,8829.000000000002,0.09999999999999964
2022-06-02 09:00:00,7.312368236113706,2690.0374648603292,0.0
2022-06-02 10:00:00,8.096036266289078,2978.3293414610944,-0.10000000000000053
2022-06-02 11:00:00,7.103798273318964,2613.309789797214,-0.14999999999999947
2022-06-02 12:00:00,4.731873066229457,1740.7378042391615,0.0
2022-06-02 13:00:00,7.103657658347709,2613.2580610646637,-0.14999999999999947
2022-06-02 14:00:00,7.818471226316993,2876.220102381364,-0.05000000000000071
2022-06-02 15:00:00,7.872749517473529,2896.187728740574,-0.14999999999999947
2022-06-02 16:00:00,9.468182327170688,3483.1075736079165,-0.04999999999999982
2022-06-02 17:00:00,5.99383629278568,2204.9825262085324,-0.15000000000000036
2022-06-02 18:00:00,8.709841690520125,3204.133011900091,0.0
2022-06-02 19:00:00,24.0,8829.000000000002,0.15000000000000036
2022-06-02 20:00:00,7.09847075054228,2611.349927355741,0.0
2022-06-02 21:00:00,16.314165071260547,6001.573475589973,0.09999999999999964
2022-06-02 22:00:00,24.0,8829.000000000002,0.04999999999999982
2022-06-02 23:00:00,10.59175309507517,3896.4411698507774,-0.20000000000000018
2022-06-03 00:00:00,6.9836901519675,2569.125014655044,-0.14999999999999947
2022-06-03 01:00:00,9.292846211270557,3418.605799971156,-0.04999999999999982
2022-06-03 02:00:00,5.6489590750894365,2078.1108197485264,-0.05000000000000071
2022-06-03 03:00:00,5.9594162974647595,2192.3202704298483,0.0
2022-06-03 04:00:00,8.537816072288267,3140.849087593046,-0.09999999999999964
2022-06-03 05:00:00,22.36910252354598,8229.033590849476,0.20000000000000018
2022-06-03 06:00:00,17.371873780760215,6390.678067097165,0.2999999999999998
2022-06-03 07:00:00,6.19294895196165,2278.231095702892,0.34999999999999964
2022-06-03 08:00:00,18.323767171265708,6740.855848129372,0.10000000000000053
2022-06-03 09:00:00,24.0,8829.000000000002,0.09999999999999964
2022-06-03 10:00:00,8.957756626915446,3295.3347191265198,-0.04999999999999982
2022-06-03 11:00:00,6.103908561382316,2245.47536201852,-0.05000000000000071
2022-06-03 12:00:00,7.294386639342584,2683.422484948154,-0.09999999999999964
2022-06-03 13:00:00,7.436522361496859,2735.710663735657,-0.09999999999999964
2022-06-03 14:00:00,7.832516260779288,2881.3869194341805,-0.04999999999999982
2022-06-03 15:00:00,7.585901566580515,2790.6635388058075,-0.04999999999999982
2022-06-03 16:00:00,6.988782453474163,2570.9983450718073,-0.15000000000000036
2022-06-03 17:00:00,4.605966439340785,1694.4199038724912,-0.09999999999999964
2022-06-03 18:00:00,7.042257779209239,2590.6705805265983,-0.15000000000000036
2022-06-03 19:00:00,24.0,8829.000000000002,0.09999999999999964
2022-06-03 20:00:00,24.0,8829.000000000002,0.20000000000000018
2022-06-03 21:00:00,5.846700487066931,2150.8549416797473,0.0
2022-06-03 22:00:00,7.682821962139062,2826.3181293219077,-0.09999999999999964
2022-06-03 23:00:00,8.72760358195333,3210.6671677110817,0.0
2022-06-04 00:00:00,10.210547267689476,3756.2050761012656,0.0
2022-06-04 01:00:00,5.392143064914715,1983.634630005501,-0.20000000000000018
2022-06-04 02:00:00,5.830720034376178,2144.976132646136,-0.04999999999999982
2022-06-04 03:00:00,10.473951069807928,3853.1047498055914,-0.04999999999999982
2022-06-04 04:00:00,6.760674735527826,2487.083218332299,-0.05000000000000071
2022-06-04 05:00:00,24.0,8829.000000000002,0.10000000000000053
2022-06-04 06:00:00,24.0,8829.000000000002,0.14999999999999947
2022-06-04 07:00:00,18.022619019355655,6630.070971745462,0.34999999999999964
2022-06-04 08:00:00,23.971651077699534,8818.571140208716,0.2500000000000009
2022-06-04 09:00:00,24.0,8829.000000000002,0.09999999999999964
2022-06-04 10:00:00,24.0,8829.000000000002,0.04999999999999982
2022-06-04 11:00:00,7.662161637249382,2818.7177123031165,-0.09999999999999964
2022-06-04 12:00:00,5.849599602121412,2151.921453630415,-0.09999999999999964
2022-06-04 13:00:00,5.460038371248185,2008.6116158229258,-0.10000000000000053
2022-06-04 14:00:00,5.129295771260109,1886.9396818523126,-0.09999999999999964
2022-06-04 15:00:00,7.791471518249401,2866.2875847759983,-8.881784197001252e-16
2022-06-04 16:00:00,6.169140561592619,2269.472584095885,-0.09999999999999964
2022-06-04 17:00:00,6.429302223226502,2365.1795553694496,-0.09999999999999964
2022-06-04 18:00:00,7.360559204826244,2707.7657174754545,0.0
2022-06-04 19:00:00,6.914533076253116,2543.683855426615,-0.04999999999999982
2022-06-04 20:00:00,10.264116111158812,3775.9117143925478,0.0
2022-06-04 21:00:00,21.22321137128803,7807.4888832125835,0.04999999999999982
2022-06-04 22:00:00,6.369086519190688,2343.0277032472745,-0.05000000000000071
2022-06-04 23:00:00,11.459045492167006,4215.496360430938,0.0
2022-06-05 00:00:00,9.141044462043018,3362.7617314740755,-0.09999999999999964
2022-06-05 01:00:00,9.74065361859862,3583.3429499419667,-0.049999999999998934
2022-06-05 02:00:00,8.335834263208996,3066.5450295780097,-0.05000000000000071
2022-06-05 03:00:00,6.692318008256151,2461.9364872872316,-0.04999999999999982
2022-06-05 04:00:00,7.476233940778468,2750.3195609638788,-0.04999999999999982
2022-06-05 05:00:00,16.80118778313682,6180.736955721459,0.049999999999998934
2022-06-05 06:00:00,17.15191535174773,6309.760860024196,0.15000000000000036
2022-06-05 07:00:00,24.0,8829.000000000002,0.09999999999999964
2022-06-05 08:00:00,24.0,8829.000000000002,0.15000000000000036
2022-06-05 09:00:00,18.23092506110795,6706.701556855089,0.05000000000000071
2022-06-05 10:00:00,24.0,8829.000000000002,0.09999999999999964
2022-06-05 11:00:00,4.526144197747812,1665.0552967464764,-0.05000000000000071
2022-06-05 12:00:00,6.264442735651015,2304.531871377617,-0.09999999999999964
2022-06-05 13:00:00,5.757990956467792,2118.220923110589,-0.04999999999999982
2022-06-05 14:00:00,6.551861108214567,2410.265905184434,-0.10000000000000053
2022-06-05 15:00:00,6.137465103867377,2257.819975085211,-0.049999999999998934
2022-06-05 16:00:00,3.1576098326915467,1161.605717201403,-0.05000000000000071
2022-06-05 17:00:00,4.964006757792264,1826.1339860228288,-0.04999999999999982
2022-06-05 18:00:00,8.312794445677504,3058.0692567036126,-0.04999999999999982
2022-06-05 19:00:00,6.076843114859782,2235.5186608790427,0.0
2022-06-05 20:00:00,0.0,0.0,0.09999999999999964
2022-06-05 21:00:00,4.278753307756078,1574.0463730907672,0.09999999999999964
2022-06-05 22:00:00,24.0,8829.000000000002,0.10000000000000053
2022-06-05 23:00:00,7.35315857422156,2705.0432104917563,-0.04999999999999982
2022-06-06 00:00:00,5.232421262445798,1924.876971922248,0.0
2022-06-06 01:00:00,6.180221021048937,2273.548808118378,-0.05000000000000071
2022-06-06 02:00:00,8.578604782745499,3155.8542344525013,-0.049999999999998934
2022-06-06 03:00:00,6.594302392423792,2425.8789926129025,0.0
2022-06-06 04:00:00,8.851633616255745,3256.294716580083,-0.05000000000000071
2022-06-06 05:00:00,6.241925320356982,2296.248277226325,0.0
2022-06-06 06:00:00,7.141189571528786,2627.0651136261517,-0.04999999999999982
2022-06-06 07:00:00,24.0,8829.000000000002,0.04999999999999982
2022-06-06 08:00:00,21.985506204183523,8087.918094864012,0.3000000000000007
2022-06-06 09:00:00,24.0,8829.000000000002,0.2999999999999998
2022-06-06 10:00:00,9.13882115105846,3361.943830945631,0.14999999999999947
2022-06-06 11:00:00,16.96424247745706,6240.720701394515,0.05000000000000071
2022-06-06 12:00:00,5.464800276638993,2010.3634017685692,0.0
2022-06-06 13:00:00,5.492373155299713,2020.506774505882,-0.05000000000000071
2022-06-06 14:00:00,5.588274201329601,2055.786371814127,-0.04999999999999982
2022-06-06 15:00:00,7.433832065720665,2734.7209711769897,-0.09999999999999964
2022-06-06 16:00:00,5.930048872713859,2181.5167290496106,-8.881784197001252e-16
2022-06-06 17:00:00,7.399421759397189,2722.0622797382407,-0.049999999999998934
2022-06-06 18:00:00,7.75334652775414,2852.2623538975545,-0.09999999999999964
2022-06-06 19:00:00,7.83062137373817,2880.689837863929,-0.15000000000000036
2022-06-06 20:00:00,5.343482711208808,1965.7337023859404,-0.10000000000000053
2022-06-06 21:00:00,12.88597766455414,4740.429033347854,0.10000000000000053
2022-06-06 22:00:00,24.0,8829.000000000002,0.049999999999998934
2022-06-06 23:00:00,18.862706836479557,6939.1182774699155,0.05000000000000071
2022-06-07 00:00:00,7.077629436178551,2603.682928834184,0.0
2022-06-07 01:00:00,5.645894572677491,2076.983465923732,-0.04999999999999982
2022-06-07 02:00:00,8.46367138966182,3113.5731124718423,-0.04999999999999982
2022-06-07 03:00:00,7.708426092772749,2835.737248878775,-0.05000000000000071
2022-06-07 04:00:00,7.0969865780189725,2610.8039373887295,-0.049999999999998934
2022-06-07 05:00:00,24.0,8829.000000000002,0.049999999999998934
2022-06-07 06:00:00,9.006284620752742,3313.186954859416,0.0
2022-06-07 07:00:00,5.7913233925181045,2130.483093022598,-0.15000000000000036
2022-06-07 08:00:00,24.0,8829.000000000002,0.05000000000000071
2022-06-07 09:00:00,18.849748193756017,6934.351116777995,0.15000000000000036
2022-06-07 10:00:00,24.0,8829.000000000002,0.1999999999999993
2022-06-07 11:00:00,24.0,8829.000000000002,0.15000000000000036
2022-06-07 12:00:00,20.901918559987514,7689.293290255408,0.05000000000000071
2022-06-07 13:00:00,6.040516535833274,2222.1550206196657,0.0
2022-06-07 14:00:00,8.202335654000738,3017.4342287155214,-0.05000000000000071
2022-06-07 15:00:00,8.256533613036664,3037.372302895863,-0.04999999999999982
2022-06-07 16:00:00,6.998326981210086,2574.5095382126606,-0.04999999999999982
2022-06-07 17:00:00,9.577008673703812,3523.1420658387897,0.0
2022-06-07 18:00:00,8.128128297308287,2990.1351973722863,-0.05000000000000071
2022-06-07 19:00:00,5.277028019377538,1941.286682628512,-0.14999999999999947
2022-06-07 20:00:00,6.300150742946581,2317.6679545614734,-0.04999999999999982
2022-06-07 21:00:00,6.499979966313257,2391.1801301074897,-0.05000000000000071
2022-06-07 22:00:00,24.0,8829.000000000002,0.10000000000000053
2022-06-07 23:00:00,6.7293429250050485,2475.5570285362323,-8.881784197001252e-16
2022-06-08 00:00:00,1.8632616922542866,685.4473950380457,0.05000000000000071
2022-06-08 01:00:00,9.581218879586336,3524.6908953278235,0.0
2022-06-08 02:00:00,8.800874938434495,3237.6218679765907,-0.05000000000000071
2022-06-08 03:00:00,7.285260976936593,2680.0653818905494,0.0
2022-06-08 04:00:00,7.26377640552408,2672.161745182171,0.0
2022-06-08 05:00:00,8.148019623773317,2997.4527190956096,-0.049999999999998934
2022-06-08 06:00:00,4.73768405364853,1742.8755212359526,0.0
2022-06-08 07:00:00,6.519905638223273,2398.5102866613865,-0.05000000000000071
2022-06-08 08:00:00,7.487048448681192,2754.297948058594,0.0
2022-06-08 09:00:00,24.0,8829.000000000002,0.05000000000000071
2022-06-08 10:00:00,24.0,8829.000000000002,0.14999999999999947
2022-06-08 11:00:00,24.0,8829.000000000002,0.14999999999999947
2022-06-08 12:00:00,24.0,8829.000000000002,0.10000000000000142
2022-06-08 13:00:00,7.212123939247033,2653.1600941505026,-8.881784197001252e-16
2022-06-08 14:00:00,24.0,8829.000000000002,0.10000000000000053
2022-06-08 15:00:00,6.724091178902774,2473.6250424388577,-0.05000000000000071
2022-06-08 16:00:00,6.829017799007964,2512.224922810055,-0.09999999999999964
2022-06-08 17:00:00,7.328243455097817,2695.87756104411,-0.05000000000000071
2022-06-08 18:00:00,7.780405040756128,2862.2165043681603,0.0
2022-06-08 19:00:00,6.5195286902786425,2398.3716169362556,-0.14999999999999858
2022-06-08 20:00:00,7.404792157941019,2724.0379151025527,-0.10000000000000142
2022-06-08 21:00:00,18.458504273082397,6790.422259460188,8.881784197001252e-16
2022-06-08 22:00:00,6.8624156670215335,2524.5111635055464,-0.10000000000000053
2022-06-08 23:00:00,23.015412738525548,8466.794961185085,0.05000000000000071
2022-06-09 00:00:00,24.0,8829.000000000002,0.09999999999999964
2022-06-09 01:00:00,6.0876410725932,2239.4909595802233,0.09999999999999964
2022-06-09 02:00:00,20.392324515474158,7501.826381130054,0.05000000000000071
2022-06-09 03:00:00,6.796634646676293,2500.311970646041,-0.09999999999999964
2022-06-09 04:00:00,7.945148846601677,2922.8216319435924,0.0
2022-06-09 05:00:00,8.21623615300919,3022.5478747882553,-0.05000000000000071
2022-06-09 06:00:00,10.627907767902137,3909.7415701169984,-0.09999999999999964
2022-06-09 07:00:00,13.988287388888564,5145.941223187381,0.09999999999999964
2022-06-09 08:00:00,5.274231638630596,1940.2579640612305,-0.04999999999999982
2022-06-09 09:00:00,7.653394967406571,2815.4926736346924,0.0
2022-06-09 10:00:00,24.0,8829.000000000002,0.04999999999999982
2022-06-09 11:00:00,5.946494239736205,2187.5665684429564,0.0
2022-06-09 12:00:00,24.0,8829.000000000002,0.09999999999999964
2022-06-09 13:00:00,8.109062223250202,2983.1212653781677,0.20000000000000107
2022-06-09 14:00:00,24.0,8829.000000000002,0.049999999999998934
2022-06-09 15:00:00,6.28875306738744,2313.4750346651545,0.0
2022-06-09 16:00:00,5.206343987066815,1915.2837942422045,-0.09999999999999964
2022-06-09 17:00:00,5.963035057180157,2193.6515216601506,0.0
2022-06-09 18:00:00,6.988029859531181,2570.7214845750336,0.0
2022-06-09 19:00:00,7.281293209328645,2678.6057393817755,-0.09999999999999964
2022-06-09 20:00:00,5.07516856360982,1867.0276353379627,-0.15000000000000036
2022-06-09 21:00:00,7.195156138683996,2646.918064518375,-0.04999999999999982
2022-06-09 22:00:00,6.0640381336459,2230.808028414985,-0.10000000000000053
2022-06-09 23:00:00,5.0047609959089705,1841.1264513700123,0.0
2022-06-10 00:00:00,22.570876697557786,8303.26126511407,0.10000000000000053
2022-06-10 01:00:00,20.585017569211182,7572.713338273562,0.04999999999999982
2022-06-10 02:00:00,19.180098106250814,7055.878590837018,0.09999999999999964
2022-06-10 03:00:00,24.0,8829.000000000002,0.10000000000000053
2022-06-10 04:00:00,24.0,8829.000000000002,0.04999999999999982
2022-06-10 05:00:00,7.896547596890895,2904.942447206238,-0.09999999999999964
2022-06-10 06:00:00,5.16117671772266,1898.6678850322235,0.0
2022-06-10 07:00:00,7.294080355130021,2683.3098106434563,-0.09999999999999964
2022-06-10 08:00:00,7.251049077015833,2667.4796792071998,-8.881784197001252e-16
2022-06-10 09:00:00,8.414661987185564,3095.543778535889,0.0
2022-06-10 10:00:00,5.950040573104625,2188.8711758308636,-0.04999999999999982
2022-06-10 11:00:00,5.462830564134841,2009.6387937811048,0.0
2022-06-10 12:00:00,24.0,8829.000000000002,0.04999999999999982
2022-06-10 13:00:00,24.0,8829.000000000002,0.10000000000000053
2022-06-10 14:00:00,9.631420536440118,3543.1588298429083,0.1999999999999993
2022-06-10 15:00:00,6.24135025592814,2296.0367253995646,0.0
2022-06-10 16:00:00,7.900287177990464,2906.3181456032416,0.0
2022-06-10 17:00:00,7.719385732592265,2839.7690263773798,0.0
2022-06-10 18:00:00,8.439003150328984,3104.498283927276,-0.14999999999999947
2022-06-10 19:00:00,7.073363502314911,2602.113598414098,-0.04999999999999982
2022-06-10 20:00:00,6.048379528726301,2225.0476191301877,-0.10000000000000053
2022-06-10 21:00:00,8.542808608755752,3142.6857169460227,-0.04999999999999982
2022-06-10 22:00:00,7.030765249210937,2586.442766053474,-0.04999999999999982
2022-06-10 23:00:00,6.035992345254169,2220.4906840103768,-0.10000000000000053
2022-06-11 00:00:00,7.667343470342262,2820.62397915216,0.0
2022-06-11 01:00:00,10.71669158107733,3942.402915388823,0.10000000000000053
2022-06-11 02:00:00,24.0,8829.000000000002,0.14999999999999947
2022-06-11 03:00:00,24.0,8829.000000000002,0.10000000000000053
2022-06-11 04:00:00,15.003846084676713,5519.539878400446,0.04999999999999982
2022-06-11 05:00:00,7.844647213015818,2885.849593488194,-0.09999999999999964
2022-06-11 06:00:00,20.088617548365548,7390.100180604974,0.04999999999999982
2022-06-11 07:00:00,6.104091540894307,2245.542675606493,0.0
2022-06-11 08:00:00,9.000670635015288,3311.121709856249,-0.10000000000000053
2022-06-11 09:00:00,7.230462152183659,2659.9062642345634,0.0
2022-06-11 10:00:00,8.605032816230933,3165.5764472709543,0.0
2022-06-11 11:00:00,5.07887673856234,1868.391780198621,0.0
2022-06-11 12:00:00,4.380728317755106,1611.5604298941596,-0.09999999999999964
2022-06-11 13:00:00,8.535989255503793,3140.1770473684574,0.0
2022-06-11 14:00:00,24.0,8829.000000000002,0.15000000000000036
2022-06-11 15:00:00,24.0,8829.000000000002,0.1999999999999993
2022-06-11 16:00:00,18.322398386586634,6740.352306465557,0.10000000000000053
2022-06-11 17:00:00,5.131960786716409,1887.9200744132988,0.0
2022-06-11 18:00:00,5.568280573715595,2048.431216055624,-0.10000000000000053
2022-06-11 19:00:00,8.283702396509822,3047.3670191160513,-0.04999999999999982
2022-06-11 20:00:00,8.607645782701683,3166.5376923113818,-0.14999999999999947
2022-06-11 21:00:00,7.500664402984388,2759.3069172478818,-0.05000000000000071
2022-06-11 22:00:00,8.096865865215387,2978.6345301661104,-0.09999999999999964
2022-06-11 23:00:00,7.594845823044006,2793.9539071523136,-0.09999999999999964
2022-06-12 00:00:00,6.3940672230636055,2352.217479684524,-0.05000000000000071
2022-06-12 01:00:00,7.311829734610362,2689.839363619787,0.0
2022-06-12 02:00:00,14.763139077584388,5430.989788166356,0.20000000000000107
2022-06-12 03:00:00,24.0,8829.000000000002,0.1999999999999993
2022-06-12 04:00:00,14.737230498042061,5421.4586694672225,0.09999999999999964
2022-06-12 05:00:00,24.0,8829.000000000002,0.10000000000000053
2022-06-12 06:00:00,6.258979116303207,2302.5219424100424,-0.10000000000000053
2022-06-12 07:00:00,6.887236884309495,2533.6422688153557,-0.04999999999999982
2022-06-12 08:00:00,5.89684411110619,2169.3015273731894,-0.04999999999999982
2022-06-12 09:00:00,5.231764741139781,1924.6354541467967,-0.09999999999999964
2022-06-12 10:00:00,5.7758476623337955,2124.789958781045,-0.05000000000000071
2022-06-12 11:00:00,5.079402199905568,1868.585084290261,-0.04999999999999982
2022-06-12 12:00:00,8.264635462884454,3040.352770908619,-0.09999999999999964
2022-06-12 13:00:00,6.52348441441232,2399.8268289519324,-0.10000000000000053
2022-06-12 14:00:00,24.0,8829.000000000002,0.10000000000000053
2022-06-12 15:00:00,24.0,8829.000000000002,0.2499999999999991
2022-06-12 16:00:00,6.208228743549719,2283.852149033353,0.15000000000000036
2022-06-12 17:00:00,11.587903460979879,4262.8999857079725,0.09999999999999964
2022-06-12 18:00:00,24.0,8829.000000000002,0.05000000000000071
2022-06-12 19:00:00,8.901922031437934,3274.79456731523,-0.15000000000000036
2022-06-12 20:00:00,3.3948145193692554,1248.8673913129649,-0.1999999999999993
2022-06-12 21:00:00,7.663745919128812,2819.3005299995116,-0.09999999999999964
2022-06-12 22:00:00,6.1415807354229806,2259.334013043729,-0.10000000000000142
2022-06-12 23:00:00,6.928374659730131,2548.775827948222,-0.09999999999999964
2022-06-13 00:00:00,8.020117138636856,2950.4005923760333,-0.049999999999998934
2022-06-13 01:00:00,6.903070383906594,2539.467017479638,-0.05000000000000071
2022-06-13 02:00:00,12.399852133220879,4561.595603508631,0.05000000000000071
2022-06-13 03:00:00,24.0,8829.000000000002,0.1999999999999993
2022-06-13 04:00:00,24.0,8829.000000000002,0.1999999999999993
2022-06-13 05:00:00,24.0,8829.000000000002,0.10000000000000053
2022-06-13 06:00:00,9.663068273239679,3554.8012410180463,-0.04999999999999982
2022-06-13 07:00:00,9.368345238344906,3446.3800045561325,-0.05000000000000071
2022-06-13 08:00:00,24.0,8829.000000000002,0.10000000000000053
2022-06-13 09:00:00,18.03236987124326,6633.658066383616,0.04999999999999982
2022-06-13 10:00:00,7.129852525049533,2622.894497652597,-0.049999999999998934
2022-06-13 11:00:00,8.568545751764418,3152.1537684303353,-0.10000000000000053
2022-06-13 12:00:00,7.046959614591805,2592.4002682179607,-0.04999999999999982
2022-06-13 13:00:00,6.838512735131484,2515.7178724364944,0.0
2022-06-13 14:00:00,8.04546107112591,2959.723991540444,-0.05000000000000071
2022-06-13 15:00:00,7.447086009840378,2739.5967658700292,0.0
2022-06-13 16:00:00,16.06823771216779,5911.102948363726,0.34999999999999964
2022-06-13 17:00:00,24.0,8829.000000000002,0.25
2022-06-13 18:00:00,5.7246000443211,2105.937241304625,-0.14999999999999858
2022-06-13 19:00:00,6.425992328477538,2363.961927838675,-0.15000000000000036
2022-06-13 20:00:00,6.4069504544092695,2356.95689841581,-0.15000000000000036
2022-06-13 21:00:00,6.790941714854185,2498.217683351983,-0.15000000000000036
2022-06-13 22:00:00,7.309980072341832,2689.1589191127514,-0.09999999999999964
2022-06-13 23:00:00,4.9495046261138125,1820.7990143316188,-0.04999999999999982
2022-06-14 00:00:00,9.706903951069059,3570.9272909995298,-0.14999999999999947
2022-06-14 01:00:00,8.498240246891662,3126.2901308252704,-0.05000000000000071
2022-06-14 02:00:00,7.255783712146812,2669.2214331060077,-0.09999999999999964
2022-06-14 03:00:00,24.0,8829.000000000002,0.049999999999998934
2022-06-14 04:00:00,7.199553020962544,2648.535567586596,0.45000000000000107
2022-06-14 05:00:00,24.0,8829.000000000002,0.25
2022-06-14 06:00:00,24.0,8829.000000000002,0.09999999999999964
2022-06-14 07:00:00,6.403994699623898,2355.8695501241414,0.0
2022-06-14 08:00:00,8.488576381421337,3122.735036315375,0.0
2022-06-14 09:00:00,7.780513665570176,2862.2564647216286,0.0
2022-06-14 10:00:00,4.945582217798026,1819.3560583724486,-0.04999999999999982
2022-06-14 11:00:00,9.109453132636576,3351.1400711686806,0.0
2022-06-14 12:00:00,7.500466744844767,2759.234203759768,-0.04999999999999982
2022-06-14 13:00:00,8.999283862977009,3310.611551092668,-0.10000000000000053
2022-06-14 14:00:00,6.512806919011773,2395.898845331456,-0.09999999999999964
2022-06-14 15:00:00,5.652814277295536,2079.5290522600953,-0.15000000000000036
2022-06-14 16:00:00,23.43783325875789,8622.19291006556,0.04999999999999982
2022-06-14 17:00:00,24.0,8829.000000000002,0.35000000000000053
2022-06-14 18:00:00,6.217566706610267,2287.287352194252,-0.10000000000000053
2022-06-14 19:00:00,5.5818764475875735,2053.4327981562787,-0.049999999999998934
2022-06-14 20:00:00,8.405261867906658,3092.085709656162,-0.10000000000000142
2022-06-14 21:00:00,7.994673946746968,2941.04067815954,-0.049999999999998934
2022-06-14 22:00:00,8.075745774419255,2970.864976764484,-0.10000000000000053
2022-06-14 23:00:00,7.293950294253836,2683.2619644986303,-0.04999999999999982
2022-06-15 00:00:00,7.441543795129994,2737.5579236334465,-0.09999999999999964
2022-06-15 01:00:00,6.189600300897879,2276.999210692807,-0.09999999999999964
2022-06-15 02:00:00,10.2372733979686,3766.0369512776983,0.0
2022-06-15 03:00:00,4.935390669345295,1815.6068424854006,-0.20000000000000107
2022-06-15 04:00:00,24.0,8829.000000000002,0.25
2022-06-15 05:00:00,9.197138846491113,3383.397453152918,0.4500000000000002
2022-06-15 06:00:00,24.0,8829.000000000002,0.20000000000000018
2022-06-15 07:00:00,8.487442507573022,3122.317912473425,0.0
2022-06-15 08:00:00,7.7078765077359765,2835.535070283372,-0.04999999999999982
2022-06-15 09:00:00,24.0,8829.000000000002,0.04999999999999982
2022-06-15 10:00:00,5.229181045717773,1923.6849771934255,-0.04999999999999982
2022-06-15 11:00:00,6.803018163179634,2502.6603067797078,-0.10000000000000053
2022-06-15 12:00:00,6.106334209975984,2246.3676974949153,0.0
2022-06-15 13:00:00,8.03423755613076,2955.5951409616036,-0.09999999999999964
2022-06-15 14:00:00,6.645211645120874,2444.607233948842,0.0
2022-06-15 15:00:00,5.057789051188176,1860.6341472058502,-0.09999999999999964
2022-06-15 16:00:00,6.988492829004219,2570.8917994699273,-0.10000000000000053
2022-06-15 17:00:00,24.0,8829.000000000002,0.10000000000000053
2022-06-15 18:00:00,24.0,8829.000000000002,0.09999999999999964
2022-06-15 19:00:00,8.908836813088596,3277.338342614967,0.0
2022-06-15 20:00:00,6.547899775392501,2408.808629872516,0.0
2022-06-15 21:00:00,6.269273509992432,2306.308992488466,0.0
2022-06-15 22:00:00,5.492812192109902,2020.66828517243,-0.09999999999999964
2022-06-15 23:00:00,7.228271658137645,2659.1004362373856,-0.09999999999999964
2022-06-16 00:00:00,5.444862955522968,2003.0289597630122,-0.05000000000000071
2022-06-16 01:00:00,7.875221651719056,2897.097165126148,-0.04999999999999982
2022-06-16 02:00:00,4.725916178740667,1738.5464142542232,-0.04999999999999982
2022-06-16 03:00:00,8.400203713404661,3090.22494106874,-0.05000000000000071
2022-06-16 04:00:00,6.070163068189086,2233.06123871006,-0.15000000000000036
2022-06-16 05:00:00,13.16590593561318,4843.407646063698,0.35000000000000053
2022-06-16 06:00:00,24.0,8829.000000000002,0.5
2022-06-16 07:00:00,24.0,8829.000000000002,0.20000000000000018
2022-06-16 08:00:00,6.644292118173311,2444.268962973007,0.0
2022-06-16 09:00:00,24.0,8829.000000000002,0.04999999999999982
2022-06-16 10:00:00,5.490835032615447,2019.9409376234075,-0.04999999999999982
2022-06-16 11:00:00,5.360703634325653,1972.0688494775497,-0.04999999999999982
2022-06-16 12:00:00,6.074227698647852,2234.5565146400786,-0.15000000000000036
2022-06-16 13:00:00,7.345020409624389,2702.0493831905724,-0.20000000000000018
2022-06-16 14:00:00,8.454886696853054,3110.341443604817,-0.15000000000000036
2022-06-16 15:00:00,10.39230052994349,3823.067557452962,-0.049999999999998934
2022-06-16 16:00:00,5.569360053510433,2048.82832968515,-0.09999999999999964
2022-06-16 17:00:00,4.218036166771073,1551.7100548509086,-0.10000000000000053
2022-06-16 18:00:00,21.10008161508587,7762.192524149714,0.20000000000000018
2022-06-16 19:00:00,16.93271850066741,6229.123818433024,0.1999999999999993
2022-06-16 20:00:00,23.101424259920577,8498.43644961828,0.10000000000000053
2022-06-16 21:00:00,6.518231457933351,2397.894397587231,-0.04999999999999982
2022-06-16 22:00:00,6.582997587535577,2421.7202375146503,-0.05000000000000071
2022-06-16 23:00:00,10.43177668390571,3837.5898475918134,-0.14999999999999947
2022-06-17 00:00:00,7.157544905373396,2633.0818320642384,-0.04999999999999982
2022-06-17 01:00:00,4.443052063916402,1634.4877780132465,-0.05000000000000071
2022-06-17 02:00:00,8.240616583249823,3031.5168255630288,-0.049999999999998934
2022-06-17 03:00:00,7.960811794433823,2928.583638877343,-0.10000000000000142
2022-06-17 04:00:00,6.612697485601946,2432.6460875158164,-0.049999999999998934
2022-06-17 05:00:00,5.926142184264903,2180.0795560364513,-0.15000000000000036
2022-06-17 06:00:00,24.0,8829.000000000002,0.4500000000000002
2022-06-17 07:00:00,24.0,8829.000000000002,0.4500000000000002
2022-06-17 08:00:00,24.0,8829.000000000002,0.25
2022-06-17 09:00:00,6.285202897846227,2312.169016045181,0.0
2022-06-17 10:00:00,6.747815850471726,2482.352755992286,-0.09999999999999964
2022-06-17 11:00:00,7.02173583588276,2583.1210706253705,-0.10000000000000053
2022-06-17 12:00:00,4.178165815634336,1537.0427494264816,-0.04999999999999982
2022-06-17 13:00:00,10.301614497419166,3789.7064332380764,-0.15000000000000036
2022-06-17 14:00:00,9.822881858034242,3613.5926635243463,-0.09999999999999964
2022-06-17 15:00:00,6.097168928162972,2242.9960194479536,-0.10000000000000053
2022-06-17 16:00:00,7.3364817495411145,2698.9082236124377,-0.09999999999999964
2022-06-17 17:00:00,7.326729914534461,2695.320767309365,-0.10000000000000053
2022-06-17 18:00:00,7.31136399577492,2689.668029945699,-0.09999999999999964
2022-06-17 19:00:00,2.4570152442754636,903.8744829878361,0.09999999999999964
2022-06-17 20:00:00,19.50221002321551,7174.375512290406,0.20000000000000107
2022-06-17 21:00:00,24.0,8829.000000000002,0.09999999999999964
2022-06-17 22:00:00,8.26219016575052,3039.4532072254724,-0.05000000000000071
2022-06-17 23:00:00,7.908592368552561,2909.3734175812738,-0.049999999999998934
2022-06-18 00:00:00,7.547754242291797,2776.6300918830943,-0.10000000000000053
2022-06-18 01:00:00,8.227857597214165,3026.8231135751603,-0.04999999999999982
2022-06-18 02:00:00,8.175502905164121,3007.5631312372507,-0.15000000000000036
2022-06-18 03:00:00,7.6427292571060335,2811.569025457882,-0.05000000000000071
2022-06-18 04:00:00,7.195437742093837,2647.02165937277,0.0
2022-06-18 05:00:00,7.871336787187866,2895.6680205867365,-0.09999999999999964
2022-06-18 06:00:00,10.597626593404623,3898.6018830487255,0.05000000000000071
2022-06-18 07:00:00,11.352916826060191,4176.4542773868925,0.2999999999999998
2022-06-18 08:00:00,24.0,8829.000000000002,0.2999999999999998
2022-06-18 09:00:00,17.077509517827533,6282.388813870804,0.09999999999999964
2022-06-18 10:00:00,9.99706076741353,3677.6687298122515,0.0
2022-06-18 11:00:00,24.0,8829.000000000002,0.09999999999999964
2022-06-18 12:00:00,11.613369414134949,4272.268273224895,-0.049999999999998934
2022-06-18 13:00:00,8.605220621996713,3165.6455363170408,-0.15000000000000036
2022-06-18 14:00:00,10.945291417101382,4026.4990800661703,-0.05000000000000071
2022-06-18 15:00:00,3.9035020767127677,1436.0008264707094,-0.09999999999999964
2022-06-18 16:00:00,7.465528511524404,2746.38130117704,-0.09999999999999964
2022-06-18 17:00:00,7.5923364000344185,2793.030753162662,-0.09999999999999964
2022-06-18 18:00:00,9.45847465970943,3479.536365440606,-0.15000000000000036
2022-06-18 19:00:00,8.084397500475708,2974.047730487501,-0.04999999999999982
2022-06-18 20:00:00,6.133473642743262,2256.3516163241775,0.20000000000000018
2022-06-18 21:00:00,8.426557755048659,3099.919934138525,0.09999999999999964
2022-06-18 22:00:00,24.0,8829.000000000002,0.04999999999999982
2022-06-18 23:00:00,19.95019953056097,7339.179652305117,8.881784197001252e-16
2022-06-19 00:00:00,6.972999441824534,2565.1921696612008,-0.05000000000000071
2022-06-19 01:00:00,7.387324013137469,2717.611821332946,-0.09999999999999964
2022-06-19 02:00:00,7.25340730860865,2668.347213654407,-0.10000000000000053
2022-06-19 03:00:00,7.636369532893221,2809.229441913094,-0.09999999999999964
2022-06-19 04:00:00,23.71249112581181,8723.23267290802,0.04999999999999982
2022-06-19 05:00:00,9.718197536717438,3575.081918819928,-0.05000000000000071
2022-06-19 06:00:00,6.122983644199625,2252.492608109937,-0.09999999999999964
2022-06-19 07:00:00,8.72504665318354,3209.7265375398947,0.15000000000000036
2022-06-19 08:00:00,24.0,8829.000000000002,0.4500000000000002
2022-06-19 09:00:00,24.0,8829.000000000002,0.2999999999999998
2022-06-19 10:00:00,23.3518531206372,8590.562966754409,0.09999999999999964
2022-06-19 11:00:00,4.25885287752904,1566.7255023209955,-0.049999999999998934
2022-06-19 12:00:00,6.506296059046692,2393.503662721802,-0.15000000000000036
2022-06-19 13:00:00,5.319303853263008,1956.8389050191295,-0.05000000000000071
2022-06-19 14:00:00,8.291287683440656,3050.1574565457313,-0.15000000000000036
2022-06-19 15:00:00,24.0,8829.000000000002,8.881784197001252e-16
2022-06-19 16:00:00,6.789387018235934,2497.6457493335442,-0.10000000000000053
2022-06-19 17:00:00,7.037802518771016,2589.0316015928875,0.0
2022-06-19 18:00:00,7.358786468080466,2707.1135719451013,-0.1999999999999993
2022-06-19 19:00:00,8.501115159373112,3127.3477392543837,-0.09999999999999964
2022-06-19 20:00:00,7.964386076412994,2929.89852786043,-8.881784197001252e-16
2022-06-19 21:00:00,24.0,8829.000000000002,0.10000000000000053
2022-06-19 22:00:00,18.353193544595385,6751.681075218028,0.14999999999999947
2022-06-19 23:00:00,24.0,8829.000000000002,0.10000000000000053
2022-06-20 00:00:00,4.752050273479344,1748.1604943562138,-0.10000000000000053
2022-06-20 01:00:00,22.571089601265545,8303.339587065562,8.881784197001252e-16
2022-06-20 02:00:00,7.66823699256086,2820.9526836383266,-0.10000000000000142
2022-06-20 03:00:00,5.173418269266518,1903.1712458064205,-0.049999999999998934
2022-06-20 04:00:00,10.053389527660487,3698.390672488102,-0.05000000000000071
2022-06-20 05:00:00,6.523364133885555,2399.7825807531485,-0.04999999999999982
2022-06-20 06:00:00,7.654651902116431,2815.9550684910814,-0.04999999999999982
2022-06-20 07:00:00,6.197373913209436,2279.8589283219217,-0.09999999999999964
2022-06-20 08:00:00,24.0,8829.000000000002,0.1999999999999993
2022-06-20 09:00:00,20.792400813986255,7649.004449445193,0.3000000000000007
2022-06-20 10:00:00,24.0,8829.000000000002,0.1999999999999993
2022-06-20 11:00:00,23.63511897796836,8694.76939402011,0.15000000000000036
2022-06-20 12:00:00,8.681994666124533,3193.8887878005626,-0.04999999999999982
2022-06-20 13:00:00,5.880752293287284,2163.38174989306,-8.881784197001252e-16
2022-06-20 14:00:00,8.027171820131086,2952.9958333307236,-0.14999999999999858
2022-06-20 15:00:00,4.738633603996365,1743.2248370701625,-0.05000000000000071
2022-06-20 16:00:00,7.082552003761805,2605.4938183838744,-0.09999999999999964
2022-06-20 17:00:00,7.612717786854173,2800.528555838979,-0.10000000000000053
2022-06-20 18:00:00,7.552716050706784,2778.455417153758,-0.04999999999999982
2022-06-20 19:00:00,7.945313259492092,2922.8821153356535,-0.09999999999999964
2022-06-20 20:00:00,6.710170891211672,2468.504116604494,-0.09999999999999964
2022-06-20 21:00:00,23.406891696460356,8610.810282835353,0.049999999999998934
2022-06-20 22:00:00,24.0,8829.000000000002,0.10000000000000053
2022-06-20 23:00:00,19.530530598689012,7184.79394399272,0.14999999999999947
2022-06-21 00:00:00,7.1635959952252115,2635.3078767434745,0.0
2022-06-21 01:00:00,5.741555438791586,2112.174707045455,0.0
2022-06-21 02:00:00,6.972147358784054,2564.8787096126835,-0.09999999999999964
2022-06-21 03:00:00,24.0,8829.000000000002,0.05000000000000071
2022-06-21 04:00:00,8.52017632305498,3134.359864843851,-0.10000000000000142
2022-06-21 05:00:00,7.360705619001324,2707.819579590112,-0.09999999999999964
2022-06-21 06:00:00,4.073609860009799,1498.5792272511048,0.0
2022-06-21 07:00:00,8.149121730987677,2997.8581567870915,-0.09999999999999964
2022-06-21 08:00:00,5.173706143725191,1903.2771476229047,0.0
2022-06-21 09:00:00,24.0,8829.000000000002,0.09999999999999964
2022-06-21 10:00:00,24.0,8829.000000000002,0.25
2022-06-21 11:00:00,24.0,8829.000000000002,0.20000000000000018
2022-06-21 12:00:00,7.752611706863114,2851.9920316622674,0.0
2022-06-21 13:00:00,24.0,8829.000000000002,0.04999999999999982
2022-06-21 14:00:00,9.11651888902003,3353.7393862982444,-0.04999999999999982
2022-06-21 15:00:00,7.451578562512774,2741.2494636843867,-0.04999999999999982
2022-06-21 16:00:00,5.015433208955315,1845.0524917444366,-0.05000000000000071
2022-06-21 17:00:00,7.453161725074986,2741.83186961196,-0.14999999999999947
2022-06-21 18:00:00,3.501704562732641,1288.1895660152704,-0.04999999999999982
2022-06-21 19:00:00,6.436165009725217,2367.704202952664,-0.09999999999999964
2022-06-21 20:00:00,5.9691021370531985,2195.8834486684455,0.0
2022-06-21 21:00:00,3.366929868193676,1238.6093252617484,-0.10000000000000053
2022-06-21 22:00:00,16.53279441474021,6082.0017453225555,0.04999999999999982
2022-06-21 23:00:00,24.0,8829.000000000002,0.15000000000000036
2022-06-22 00:00:00,24.0,8829.000000000002,0.1999999999999993
2022-06-22 01:00:00,24.0,8829.000000000002,0.05000000000000071
2022-06-22 02:00:00,7.386473248885941,2717.2988464339155,0.0
2022-06-22 03:00:00,9.090241508909761,3344.072595090178,0.0
2022-06-22 04:00:00,4.9900440259862195,1835.7124460596804,-0.09999999999999964
2022-06-22 05:00:00,9.435313443678428,3471.0159330932015,0.0
2022-06-22 06:00:00,8.963598253934961,3297.4837076663243,-0.05000000000000071
2022-06-22 07:00:00,8.391081793948693,3086.8692149488757,-0.09999999999999964
2022-06-22 08:00:00,7.437690901291352,2736.140540312556,0.0
2022-06-22 09:00:00,5.20820828529404,1915.9696229525448,-0.09999999999999964
2022-06-22 10:00:00,24.0,8829.000000000002,0.14999999999999947
2022-06-22 11:00:00,24.0,8829.000000000002,0.10000000000000053
2022-06-22 12:00:00,18.338095244685288,6746.1267881386,0.04999999999999982
2022-06-22 13:00:00,17.67491284249005,6502.158561931025,0.04999999999999982
2022-06-22 14:00:00,8.756143219731078,3221.16618695857,-0.04999999999999982
2022-06-22 15:00:00,4.8001239728718605,1765.8456065202358,-0.04999999999999982
2022-06-22 16:00:00,8.761981411123832,3223.313911617179,-0.15000000000000036
2022-06-22 17:00:00,6.2870609065335055,2312.8525309910133,-0.05000000000000071
2022-06-22 18:00:00,5.985586595179107,2201.947668701514,-0.09999999999999964
2022-06-22 19:00:00,7.115165993969569,2617.4916900315557,-0.04999999999999982
2022-06-22 20:00:00,6.201328299869309,2281.3136483144217,-0.09999999999999964
2022-06-22 21:00:00,6.9165143438150345,2544.4127142309558,-0.04999999999999982
2022-06-22 22:00:00,6.713241749569824,2469.633808622999,0.0
2022-06-22 23:00:00,17.243768205648678,6343.551228653008,0.04999999999999982
2022-06-23 00:00:00,24.0,8829.000000000002,0.09999999999999964
2022-06-23 01:00:00,6.412769738619864,2359.0976675947823,0.0
2022-06-23 02:00:00,24.0,8829.000000000002,0.10000000000000053
2022-06-23 03:00:00,7.802586634813491,2870.3765582820133,-0.05000000000000071
2022-06-23 04:00:00,8.027485769281466,2953.111327374419,0.0
2022-06-23 05:00:00,5.097853974947977,1875.373031033987,-0.04999999999999982
2022-06-23 06:00:00,8.44250188013956,3105.7853791563407,-0.04999999999999982
2022-06-23 07:00:00,6.817704751816997,2508.063135574678,-0.05000000000000071
2022-06-23 08:00:00,5.855285167967658,2154.013031166102,0.0
2022-06-23 09:00:00,9.054713705398823,3331.0028043735924,-0.049999999999998934
2022-06-23 10:00:00,9.156736234112191,3368.5343421240227,0.0
2022-06-23 11:00:00,9.286795983242795,3416.380072335443,0.0
2022-06-23 12:00:00,12.401128742057175,4562.0652359842825,0.09999999999999964
2022-06-23 13:00:00,15.694724441272124,5773.696753832983,0.04999999999999982
2022-06-23 14:00:00,20.793818512841256,7649.5259854114765,0.04999999999999982
2022-06-23 15:00:00,5.187269681763133,1908.2668341786123,-0.04999999999999982
2022-06-23 16:00:00,24.0,8829.000000000002,0.10000000000000053
2022-06-23 17:00:00,5.906599219962816,2172.8901880438207,-0.15000000000000036
2022-06-23 18:00:00,7.575185156456077,2786.721239431279,-0.05000000000000071
2022-06-23 19:00:00,5.932501722164339,2182.4190710412063,-0.09999999999999964
2022-06-23 20:00:00,9.219972399908192,3391.7973466162266,-0.09999999999999964
2022-06-23 21:00:00,3.6297792209901503,1335.3050309217517,0.0
2022-06-23 22:00:00,8.102021119198222,2980.531019225046,0.0
2022-06-23 23:00:00,6.9310435332950675,2549.757639810923,-0.09999999999999964
2022-06-24 00:00:00,12.925285739771239,4754.889491518345,0.04999999999999982
2022-06-24 01:00:00,0.0,0.0,0.09999999999999964
2022-06-24 02:00:00,16.698397862427054,6142.923113640353,0.04999999999999982
2022-06-24 03:00:00,24.0,8829.000000000002,0.10000000000000053
2022-06-24 04:00:00,7.961907876088924,2928.986859916213,0.0
2022-06-24 05:00:00,12.018637727243629,4421.3563539097495,0.04999999999999982
2022-06-24 06:00:00,5.996898337868518,2206.1089760433806,-0.04999999999999982
2022-06-24 07:00:00,24.0,8829.000000000002,0.04999999999999982
2022-06-24 08:00:00,6.388290758377649,2350.0924627381773,0.0
2022-06-24 09:00:00,7.076041909144211,2603.0989173264265,-0.04999999999999982
2022-06-24 10:00:00,24.0,8829.000000000002,0.04999999999999982
2022-06-24 11:00:00,6.795464612282513,2499.8815442434293,0.0
2022-06-24 12:00:00,24.0,8829.000000000002,0.05000000000000071
2022-06-24 13:00:00,9.140531396720505,3362.5729875685556,0.0
2022-06-24 14:00:00,24.0,8829.000000000002,0.09999999999999964
2022-06-24 15:00:00,9.771007112249912,3594.509241418936,0.0
2022-06-24 16:00:00,15.90402612697248,5850.693611460001,0.04999999999999982
2022-06-24 17:00:00,8.989795128820985,3307.12088301502,-0.04999999999999982
2022-06-24 18:00:00,7.180712929856353,2641.6047690709056,0.0
2022-06-24 19:00:00,6.953363161080109,2557.968472882345,-0.10000000000000053
2022-06-24 20:00:00,18.5748873160946,6833.236671408302,0.04999999999999982
2022-06-24 21:00:00,5.735648666425869,2110.0017531614167,-0.09999999999999964
2022-06-24 22:00:00,10.074985137838874,3706.3351575824763,-0.05000000000000071
2022-06-24 23:00:00,8.205957056157498,3018.7664520339395,-0.09999999999999964
2022-06-25 00:00:00,6.99803703826307,2574.4028754510273,0.0
2022-06-25 01:00:00,24.0,8829.000000000002,0.10000000000000053
2022-06-25 02:00:00,24.0,8829.000000000002,0.14999999999999947
2022-06-25 03:00:00,24.0,8829.000000000002,0.10000000000000053
2022-06-25 04:00:00,7.742981603174987,2848.449357267999,-0.04999999999999982
2022-06-25 05:00:00,20.64766632706973,7595.760250070777,0.049999999999998934
2022-06-25 06:00:00,5.1068203488361625,1878.671535828103,-0.049999999999998934
2022-06-25 07:00:00,7.157117557287322,2632.924621387074,-0.10000000000000053
2022-06-25 08:00:00,5.903492091085081,2171.7471530079238,0.0
2022-06-25 09:00:00,6.121473307452269,2251.936992979003,0.0
2022-06-25 10:00:00,6.566946484725635,2415.815438068443,-0.14999999999999947
2022-06-25 11:00:00,6.1510261384589535,2262.8087406855875,-0.05000000000000071
2022-06-25 12:00:00,6.780339753307423,2494.3174867479684,0.0
2022-06-25 13:00:00,22.75883543768253,8372.406586637462,0.09999999999999964
2022-06-25 14:00:00,1.0279207047950605,378.14632927648285,0.05000000000000071
2022-06-25 15:00:00,24.0,8829.000000000002,0.09999999999999964
2022-06-25 16:00:00,24.0,8829.000000000002,0.05000000000000071
2022-06-25 17:00:00,8.766336780916093,3224.916143279508,0.0
2022-06-25 18:00:00,7.050824470413898,2593.822052053513,0.0
2022-06-25 19:00:00,7.436596091360392,2735.7377871092044,-0.05000000000000071
2022-06-25 20:00:00,10.567474924080539,3887.5098376961278,0.0
2022-06-25 21:00:00,5.553083978465086,2042.8407685778436,-0.04999999999999982
2022-06-25 22:00:00,6.83231315276587,2513.4372010737447,-0.04999999999999982
2022-06-25 23:00:00,7.367353406473942,2710.2651344066016,-0.05000000000000071
2022-06-26 00:00:00,8.402347015777073,3091.013408428991,-0.049999999999998934
2022-06-26 01:00:00,7.68721583003795,2827.9345234752104,0.0
2022-06-26 02:00:00,18.33717662923842,6745.788852481083,0.04999999999999982
2022-06-26 03:00:00,22.763712839317378,8374.20086076388,0.14999999999999947
2022-06-26 04:00:00,7.757133635913071,2853.6555363115212,0.20000000000000107
2022-06-26 05:00:00,18.664902528428218,6866.35101764553,0.049999999999998934
2022-06-26 06:00:00,11.002920558838747,4047.699400582804,0.0
2022-06-26 07:00:00,8.177114499632292,3008.1559965522297,-0.049999999999998934
2022-06-26 08:00:00,8.024594858576888,2952.047833598973,-8.881784197001252e-16
2022-06-26 09:00:00,5.62030076759801,2067.5681448801183,-0.09999999999999964
2022-06-26 10:00:00,23.35572988684467,8591.989132122982,0.04999999999999982
2022-06-26 11:00:00,3.902701909994832,1435.706465139349,-0.05000000000000071
2022-06-26 12:00:00,21.858655618843745,8041.252935782141,8.881784197001252e-16
2022-06-26 13:00:00,8.39280040747294,3087.5014498991077,-8.881784197001252e-16
2022-06-26 14:00:00,17.107422850994478,6293.393181309593,8.881784197001252e-16
2022-06-26 15:00:00,24.0,8829.000000000002,0.04999999999999982
2022-06-26 16:00:00,24.0,8829.000000000002,0.15000000000000036
2022-06-26 17:00:00,18.90624048249032,6955.133217496125,0.04999999999999982
2022-06-26 18:00:00,18.772700334324156,6906.007135489499,0.04999999999999982
2022-06-26 19:00:00,9.401200587311791,3458.4666660573253,0.0
2022-06-26 20:00:00,8.43583398138459,3103.332425901857,-0.05000000000000071
2022-06-26 21:00:00,6.152885814190912,2263.492868895482,0.0
2022-06-26 22:00:00,7.484786583774843,2753.4658645061704,-0.09999999999999964
2022-06-26 23:00:00,8.141303232309179,2994.981926585739,-0.09999999999999964
2022-06-27 00:00:00,5.598268408013261,2059.4629905978786,0.0
2022-06-27 01:00:00,6.225218709194704,2290.1023326450018,-0.09999999999999964
2022-06-27 02:00:00,19.148431199315652,7044.229127448245,0.04999999999999982
2022-06-27 03:00:00,24.0,8829.000000000002,0.14999999999999947
2022-06-27 04:00:00,24.0,8829.000000000002,0.3000000000000007
2022-06-27 05:00:00,24.0,8829.000000000002,0.09999999999999964
2022-06-27 06:00:00,16.875565392017165,6208.098618588315,0.05000000000000071
2022-06-27 07:00:00,7.30676260351398,2687.9752927677055,-0.05000000000000071
2022-06-27 08:00:00,5.33886727324008,1964.0357981431944,-0.05000000000000071
2022-06-27 09:00:00,6.151778101863274,2263.085369222952,-0.049999999999998934
2022-06-27 10:00:00,4.165001784092405,1532.2000313229935,-0.09999999999999964
2022-06-27 11:00:00,8.732311246969058,3212.3989999787423,-0.05000000000000071
2022-06-27 12:00:00,7.31123327267795,2689.619940186401,-0.09999999999999964
2022-06-27 13:00:00,9.32384123219843,3430.0080932949973,-0.05000000000000071
2022-06-27 14:00:00,8.159428991377776,3001.6499402030995,-0.09999999999999964
2022-06-27 15:00:00,5.9795232948844195,2199.717132105606,0.0
2022-06-27 16:00:00,3.0976830745993116,1139.560161068222,0.04999999999999982
2022-06-27 17:00:00,9.110682417808041,3351.592294451134,0.10000000000000053
2022-06-27 18:00:00,20.693591058303806,7612.654810573512,0.04999999999999982
2022-06-27 19:00:00,24.0,8829.000000000002,0.04999999999999982
2022-06-27 20:00:00,10.385820997254571,3820.6838993650254,0.0
2022-06-27 21:00:00,6.59750953770123,2427.05882118184,-0.09999999999999964
2022-06-27 22:00:00,8.281270388461529,3046.4723441552846,0.0
2022-06-27 23:00:00,6.871043357761057,2527.685075236349,-0.15000000000000036
2022-06-28 00:00:00,10.216171823805594,3758.2742096824827,-0.04999999999999982
2022-06-28 01:00:00,6.0342433458085845,2219.847270839333,-0.04999999999999982
2022-06-28 02:00:00,8.343311001361945,3069.2955346260255,-0.05000000000000071
2022-06-28 03:00:00,6.559936810166149,2413.236754039872,0.0
2022-06-28 04:00:00,14.416360097011717,5303.418470688185,0.20000000000000018
2022-06-28 05:00:00,24.0,8829.000000000002,0.20000000000000018
2022-06-28 06:00:00,24.0,8829.000000000002,0.15000000000000036
2022-06-28 07:00:00,9.056997898242331,3331.843101815897,0.0
2022-06-28 08:00:00,8.27546171615281,3044.335478829715,0.0
2022-06-28 09:00:00,8.7298233809485,3211.48377626643,-0.3000000000000007
2022-06-28 10:00:00,5.4380873247776345,2000.536374602572,-0.09999999999999964
2022-06-28 11:00:00,9.440527330733332,3472.9339917935245,-0.15000000000000036
2022-06-28 12:00:00,7.516744306382918,2765.2223117106164,-0.04999999999999982
2022-06-28 13:00:00,8.879057892640125,3266.383422254986,-0.14999999999999947
2022-06-28 14:00:00,7.229111875148421,2659.4095310702255,-0.05000000000000071
2022-06-28 15:00:00,7.2143168037858985,2653.9667941927373,-0.049999999999998934
2022-06-28 16:00:00,6.928967828639833,2548.9940399608786,-0.05000000000000071
2022-06-28 17:00:00,20.526501477230113,7551.186730936027,0.15000000000000036
2022-06-28 18:00:00,24.0,8829.000000000002,0.04999999999999982
2022-06-28 19:00:00,4.286122847766772,1576.7574426222013,0.0
2022-06-28 20:00:00,6.910771985623004,2542.3002442110624,0.0
2022-06-28 21:00:00,9.125263789793655,3356.9564166703403,0.0
2022-06-28 22:00:00,7.068210667984051,2600.2179994846324,-0.10000000000000053
2022-06-28 23:00:00,9.596114817997991,3530.170738671012,-0.04999999999999982
2022-06-29 00:00:00,6.089440611601809,2240.1529649930153,-0.04999999999999982
2022-06-29 01:00:00,6.059402033267907,2229.1025229884312,0.0
2022-06-29 02:00:00,10.5522969803896,3881.9262516608246,-0.04999999999999982
2022-06-29 03:00:00,6.405695231699807,2356.4951333615663,-0.10000000000000053
2022-06-29 04:00:00,23.611587201874656,8686.112641889638,0.15000000000000036
2022-06-29 05:00:00,18.52076758587658,6813.327375654347,0.25
2022-06-29 06:00:00,24.0,8829.000000000002,0.04999999999999982
2022-06-29 07:00:00,8.199765073688233,3016.4885764830588,0.10000000000000053
2022-06-29 08:00:00,5.8988404880896494,2170.0359445559793,-0.05000000000000071
2022-06-29 09:00:00,6.524130186423225,2400.0643923304438,-0.04999999999999982
2022-06-29 10:00:00,7.772885444906368,2859.45023304493,-0.09999999999999964
2022-06-29 11:00:00,7.634212848731469,2808.4360517270893,-0.10000000000000053
2022-06-29 12:00:00,6.691063762267024,2461.4750815439816,0.0
2022-06-29 13:00:00,8.178245780123905,3008.5721663630816,-0.04999999999999982
2022-06-29 14:00:00,9.19703302558127,3383.35852428571,0.0
2022-06-29 15:00:00,20.084771260236273,7388.6852273594195,0.15000000000000036
2022-06-29 16:00:00,22.27043529282758,8192.736383348947,0.10000000000000053
2022-06-29 17:00:00,24.0,8829.000000000002,0.09999999999999964
2022-06-29 18:00:00,22.897933471425887,8423.577275800799,0.1999999999999993
2022-06-29 19:00:00,24.0,8829.000000000002,0.10000000000000053
2022-06-29 20:00:00,23.183880459406204,8528.770024004058,0.09999999999999964
2022-06-29 21:00:00,12.095415923869712,4449.60113299357,8.881784197001252e-16
2022-06-29 22:00:00,8.793247802443073,3234.816035323745,-0.10000000000000142
2022-06-29 23:00:00,24.0,8829.000000000002,8.881784197001252e-16
2022-06-30 00:00:00,8.08880777548128,2975.670160405176,-0.10000000000000053
2022-06-30 01:00:00,7.580279514851227,2788.5953265258954,-0.04999999999999982
2022-06-30 02:00:00,3.730735202199744,1372.4442125092307,-0.09999999999999964
2022-06-30 03:00:00,9.987901471861344,3674.299253960992,-0.10000000000000053
2022-06-30 04:00:00,7.560925768584075,2781.4755671178664,0.0
2022-06-30 05:00:00,10.237203459730502,3766.0112227483587,0.40000000000000036
2022-06-30 06:00:00,24.0,8829.000000000002,0.2999999999999998
2022-06-30 07:00:00,14.463865710049673,5320.894598084523,0.15000000000000036
2022-06-30 08:00:00,5.411396249492068,1990.7173952818944,-8.881784197001252e-16
2022-06-30 09:00:00,7.600737504212451,2796.121309362155,-0.09999999999999964
2022-06-30 10:00:00,10.039635365910208,3693.330860234217,-0.25
2022-06-30 11:00:00,6.268619545906843,2306.0684154504797,-0.15000000000000036
2022-06-30 12:00:00,3.1207574391334423,1148.048642921215,-0.14999999999999858
2022-06-30 13:00:00,7.172210936244536,2638.4770981709585,-0.2500000000000009
2022-06-30 14:00:00,7.403599267959985,2723.5990807007793,-0.14999999999999947
2022-06-30 15:00:00,7.343919715292377,2701.644465263183,-0.09999999999999964
2022-06-30 16:00:00,16.26727342581278,5984.323211520877,0.049999999999998934
2022-06-30 17:00:00,23.826312450422417,8765.104692699148,0.10000000000000053
2022-06-30 18:00:00,7.001568424315862,2575.7019840951975,0.14999999999999947
2022-06-30 19:00:00,24.0,8829.000000000002,0.20000000000000107
2022-06-30 20:00:00,24.0,8829.000000000002,0.049999999999998934
2022-06-30 21:00:00,6.065398760618791,2231.308569062638,-0.049999999999998934
2022-06-30 22:00:00,22.320981548151572,8211.33108702626,0.049999999999998934
2022-06-30 23:00:00,8.10022398115938,2979.8698970690075,-0.049999999999998934
2022-07-01 00:00:00,8.32273457192451,3061.725980646729,-0.05000000000000071
2022-07-01 01:00:00,4.802196572890868,1766.6080642522281,-0.04999999999999982
2022-07-01 02:00:00,7.265493803679181,2672.793533028479,-0.04999999999999982
2022-07-01 03:00:00,7.309326929826279,2688.9186443098424,-0.05000000000000071
2022-07-01 04:00:00,4.4098852741651,1622.2865452334859,0.0
2022-07-01 05:00:00,12.89123232150572,4742.362090273917,0.05000000000000071
2022-07-01 06:00:00,0.0,0.0,0.39999999999999947
2022-07-01 07:00:00,10.85066707776424,3991.68915123252,0.2999999999999998
2022-07-01 08:00:00,14.698515272102709,5407.216305724784,0.05000000000000071
2022-07-01 09:00:00,8.613666659291011,3168.752622286681,0.0
2022-07-01 10:00:00,8.358631662925859,3074.931622998851,-0.10000000000000053
2022-07-01 11:00:00,9.257221422120216,3405.500330662475,-0.10000000000000053
2022-07-01 12:00:00,6.792025426385219,2498.6163537314624,-0.14999999999999858
2022-07-01 13:00:00,6.820373424242501,2509.0448734432093,-0.10000000000000053
2022-07-01 14:00:00,6.206264507045137,2283.1295555292295,-0.10000000000000053
2022-07-01 15:00:00,4.824363206849902,1774.7626147199073,-0.04999999999999982
2022-07-01 16:00:00,4.7746448842473335,1756.4724867924876,-0.14999999999999947
2022-07-01 17:00:00,8.14762001215846,2997.3057119727932,0.0
2022-07-01 18:00:00,13.234910938527879,4868.792861510944,0.09999999999999964
2022-07-01 19:00:00,20.73388363008825,7627.477440418716,0.15000000000000036
2022-07-01 20:00:00,24.0,8829.000000000002,0.14999999999999947
2022-07-01 21:00:00,24.0,8829.000000000002,0.04999999999999982
2022-07-01 22:00:00,5.462414191049949,2009.4856205325,0.0
2022-07-01 23:00:00,7.81145474077336,2873.6389127619996,-0.1999999999999993
2022-07-02 00:00:00,7.785823350280257,2864.209764984349,-0.05000000000000071
2022-07-02 01:00:00,5.001129772458316,1839.7906150431027,-0.04999999999999982
2022-07-02 02:00:00,9.0372641768429,3324.5835590560814,-0.04999999999999982
2022-07-02 03:00:00,8.818144183182634,3243.9747913883116,-0.09999999999999964
2022-07-02 04:00:00,6.605889519096151,2430.141606837497,-0.05000000000000071
2022-07-02 05:00:00,7.301299424957424,2685.965525956212,0.0
2022-07-02 06:00:00,7.461382179088763,2744.855969132279,0.35000000000000053
2022-07-02 07:00:00,22.838811114215233,8401.827638641927,0.20000000000000018
2022-07-02 08:00:00,24.0,8829.000000000002,0.09999999999999964
2022-07-02 09:00:00,23.512438377997057,8649.638268305665,0.05000000000000071
2022-07-02 10:00:00,6.621031348179208,2435.7119072114256,-0.10000000000000142
2022-07-02 11:00:00,3.498941519287478,1287.173111407881,-0.09999999999999964
2022-07-02 12:00:00,9.050104995146214,3329.307375089413,-0.04999999999999982
2022-07-02 13:00:00,7.4179420666034295,2728.875437751737,-0.20000000000000018
2022-07-02 14:00:00,7.008302099080514,2578.179134699244,-0.04999999999999982
2022-07-02 15:00:00,6.827360340565503,2511.6151852855346,-0.04999999999999982
2022-07-02 16:00:00,7.4958343312678295,2757.530054615153,-0.09999999999999964
2022-07-02 17:00:00,5.041271165419769,1854.5576299787974,-0.10000000000000053
2022-07-02 18:00:00,24.0,8829.000000000002,0.10000000000000053
2022-07-02 19:00:00,12.346534989984299,4541.981559440475,0.15000000000000036
2022-07-02 20:00:00,14.922362638606783,5489.56415567747,0.09999999999999964
2022-07-02 21:00:00,17.263687419868806,6350.879009584238,0.14999999999999947
2022-07-02 22:00:00,8.177526004671577,3008.307378968557,-0.04999999999999982
2022-07-02 23:00:00,7.204237538502437,2650.2588844765837,0.0
2022-07-03 00:00:00,6.832434700959853,2513.4819156156063,-0.15000000000000036
2022-07-03 01:00:00,7.124988839429655,2621.1052693051843,-0.09999999999999964
2022-07-03 02:00:00,8.311601427805682,3057.6303752540152,-0.04999999999999982
2022-07-03 03:00:00,6.3208542890246076,2325.2842715749275,-0.04999999999999982
2022-07-03 04:00:00,6.719016552191033,2471.7582141372764,-0.10000000000000053
2022-07-03 05:00:00,21.424383304838432,7881.495008267439,0.04999999999999982
2022-07-03 06:00:00,7.251450436001872,2667.627329144189,0.0
2022-07-03 07:00:00,10.135339327093241,3728.5379549544264,0.35000000000000053
2022-07-03 08:00:00,11.601707671250859,4267.97820956141,0.2499999999999991
2022-07-03 09:00:00,8.790084594025164,3233.652370027007,0.0
2022-07-03 10:00:00,6.798188342919116,2500.88353665137,0.0
2022-07-03 11:00:00,7.153921160545953,2631.748746935843,-0.049999999999998934
2022-07-03 12:00:00,7.709335551518537,2836.071816014882,-0.15000000000000036
2022-07-03 13:00:00,6.9143908884778895,2543.6315480988033,-0.15000000000000036
2022-07-03 14:00:00,24.0,8829.000000000002,0.05000000000000071
2022-07-03 15:00:00,5.778235720381662,2125.668465635404,-0.05000000000000071
2022-07-03 16:00:00,6.069299514151105,2232.7435587683376,-0.14999999999999947
2022-07-03 17:00:00,10.167592201437992,3740.4029811040014,-0.10000000000000053
2022-07-03 18:00:00,5.488112685180883,2018.9394540609171,0.0
2022-07-03 19:00:00,6.945735916309122,2555.162600212218,0.05000000000000071
2022-07-03 20:00:00,24.0,8829.000000000002,0.1999999999999993
2022-07-03 21:00:00,24.0,8829.000000000002,0.09999999999999964
2022-07-03 22:00:00,13.097246093905182,4818.149406795369,0.05000000000000071
2022-07-03 23:00:00,6.960038633385453,2560.4242122566734,0.0
2022-07-04 00:00:00,4.490714993539573,1652.0217782483708,-0.09999999999999964
2022-07-04 01:00:00,8.268516396548668,3041.7804693803414,-0.05000000000000071
2022-07-04 02:00:00,5.830914883428565,2145.047812741283,-0.09999999999999964
2022-07-04 03:00:00,6.809515126340083,2505.050377102358,-0.04999999999999982
2022-07-04 04:00:00,5.425668337896526,1995.9677398036845,-0.10000000000000053
2022-07-04 05:00:00,8.363486696262168,3076.7176683874445,-0.049999999999998934
2022-07-04 06:00:00,6.810184099153672,2505.296475476157,0.0
2022-07-04 07:00:00,24.0,8829.000000000002,0.1999999999999993
2022-07-04 08:00:00,24.0,8829.000000000002,0.34999999999999964
2022-07-04 09:00:00,22.631870031996705,8325.699188020786,0.09999999999999964
2022-07-04 10:00:00,24.0,8829.000000000002,8.881784197001252e-16
2022-07-04 11:00:00,7.34717582798223,2702.8423077189627,-0.10000000000000053
2022-07-04 12:00:00,7.931717593999243,2917.8806098924715,-0.049999999999998934
2022-07-04 13:00:00,7.430425774226371,2733.4678816935257,-0.10000000000000142
2022-07-04 14:00:00,5.066927563713584,1863.9959775011346,-0.14999999999999947
2022-07-04 15:00:00,6.441102276879781,2369.5205001071495,-0.04999999999999982
2022-07-04 16:00:00,7.033557299805368,2587.4698916659,-0.09999999999999964
2022-07-04 17:00:00,9.516409489997683,3500.8491411328973,-0.15000000000000036
2022-07-04 18:00:00,6.762148742696735,2487.6254687195615,0.0
2022-07-04 19:00:00,6.604936947863149,2429.791179695156,-0.04999999999999982
2022-07-04 20:00:00,7.953066663225361,2925.7343987340296,0.20000000000000018
2022-07-04 21:00:00,24.0,8829.000000000002,0.09999999999999964
2022-07-04 22:00:00,7.153211961674815,2631.487850401122,0.15000000000000036
2022-07-04 23:00:00,6.389160651824611,2350.412474789978,-0.05000000000000071
2022-07-05 00:00:00,7.213350842106455,2653.6114410399123,0.0
2022-07-05 01:00:00,8.840004607662436,3252.0166950438197,-0.09999999999999964
2022-07-05 02:00:00,5.856003704968107,2154.277362965143,-0.09999999999999964
2022-07-05 03:00:00,5.489605565715909,2019.4886474877399,-0.05000000000000071
2022-07-05 04:00:00,6.385706096977242,2349.141630425503,-0.09999999999999964
2022-07-05 05:00:00,7.136878088591015,2625.479026840419,-0.09999999999999964
2022-07-05 06:00:00,7.980047691202559,2935.6600444011415,-0.05000000000000071
2022-07-05 07:00:00,7.6092980506701124,2799.270520390268,0.09999999999999964
2022-07-05 08:00:00,14.16376281274682,5210.494244739236,0.3000000000000007
2022-07-05 09:00:00,24.0,8829.000000000002,0.15000000000000036
2022-07-05 10:00:00,24.0,8829.000000000002,0.15000000000000036
2022-07-05 11:00:00,7.856791179476352,2890.317055149863,-8.881784197001252e-16
2022-07-05 12:00:00,6.0453011572024895,2223.9151632058656,-0.09999999999999964
2022-07-05 13:00:00,5.70957379395529,2100.409459451302,-0.04999999999999982
2022-07-05 14:00:00,7.539495637544542,2773.591957661698,-0.05000000000000071
2022-07-05 15:00:00,8.156810869735486,3000.686798703942,-0.14999999999999947
2022-07-05 16:00:00,5.165431789233714,1900.2332194643523,-0.04999999999999982
2022-07-05 17:00:00,8.547911850355751,3144.5630719496216,-0.25
2022-07-05 18:00:00,6.857249965780021,2522.610831161325,-0.05000000000000071
2022-07-05 19:00:00,5.685660502149593,2091.612357228282,0.0
2022-07-05 20:00:00,24.0,8829.000000000002,0.05000000000000071
2022-07-05 21:00:00,24.0,8829.000000000002,0.14999999999999947
2022-07-05 22:00:00,24.0,8829.000000000002,0.15000000000000036
2022-07-05 23:00:00,13.961864429252286,5136.220876911184,0.09999999999999964
2022-07-06 00:00:00,7.023815887160101,2583.8862694890217,0.0
2022-07-06 01:00:00,3.354170983607859,1233.9156505947412,-0.14999999999999947
2022-07-06 02:00:00,20.358075181189907,7489.226907280236,0.049999999999998934
2022-07-06 03:00:00,5.846420941405334,2150.7521038194873,-0.14999999999999858
2022-07-06 04:00:00,7.229259074095563,2659.463681882905,-0.05000000000000071
2022-07-06 05:00:00,8.149067059425608,2997.8380444861955,-0.09999999999999964
2022-07-06 06:00:00,9.057688167810339,3332.0970347332286,0.0
2022-07-06 07:00:00,5.715536633298947,2102.60303897485,-0.05000000000000071
2022-07-06 08:00:00,22.209183953429925,8170.203546868033,0.05000000000000071
2022-07-06 09:00:00,24.0,8829.000000000002,0.1999999999999993
2022-07-06 10:00:00,24.0,8829.000000000002,0.25
2022-07-06 11:00:00,24.0,8829.000000000002,0.05000000000000071
2022-07-06 12:00:00,5.522211388068605,2031.4835143857379,0.0
2022-07-06 13:00:00,8.272678218728956,3043.311499714915,-0.05000000000000071
2022-07-06 14:00:00,6.476553652052349,2382.5621747487576,-0.04999999999999982
2022-07-06 15:00:00,6.676958223319814,2456.2860064037764,0.0
2022-07-06 16:00:00,5.74742840475945,2114.335224400883,-0.09999999999999964
2022-07-06 17:00:00,7.834648152984885,2882.171189279314,-0.04999999999999982
2022-07-06 18:00:00,7.001445755189976,2575.6568571905127,-0.09999999999999964
2022-07-06 19:00:00,4.34812953492471,1599.5681526604278,-0.10000000000000142
2022-07-06 20:00:00,6.877921820775568,2530.2154898178123,0.0
2022-07-06 21:00:00,24.0,8829.000000000002,0.05000000000000071
2022-07-06 22:00:00,21.610529473028745,7949.97352989045,0.15000000000000036
2022-07-06 23:00:00,16.975531841392293,6244.87377615219,0.09999999999999964
2022-07-07 00:00:00,24.0,8829.000000000002,0.09999999999999964
2022-07-07 01:00:00,4.477722027918662,1647.2419910205776,0.0
2022-07-07 02:00:00,7.943144091506028,2922.0841326627797,-0.09999999999999964
2022-07-07 03:00:00,7.441052293005225,2737.3771122892977,-0.04999999999999982
2022-07-07 04:00:00,9.840991826617946,3620.254868217077,-0.10000000000000053
2022-07-07 05:00:00,6.980250471470716,2567.8596421922894,-0.049999999999998934
2022-07-07 06:00:00,8.348727478341871,3071.2881210950163,-0.10000000000000142
2022-07-07 07:00:00,6.681665372748956,2458.017649000022,0.0
2022-07-07 08:00:00,7.397635278212366,2721.4050779723743,-0.09999999999999964
2022-07-07 09:00:00,0.09180027497088261,33.77102615491344,0.15000000000000036
2022-07-07 10:00:00,12.59358417201395,4632.864777279632,0.20000000000000018
2022-07-07 11:00:00,24.0,8829.000000000002,0.14999999999999947
2022-07-07 12:00:00,24.0,8829.000000000002,0.10000000000000053
2022-07-07 13:00:00,6.443778137131168,2370.504882197128,-0.04999999999999982
2022-07-07 14:00:00,6.606563950631148,2430.389713338434,-0.05000000000000071
2022-07-07 15:00:00,9.129444199225482,3358.4942847900743,-0.09999999999999964
2022-07-07 16:00:00,8.521022778888915,3134.671254783759,-0.09999999999999964
2022-07-07 17:00:00,24.0,8829.000000000002,0.04999999999999982
2022-07-07 18:00:00,3.784187781074711,1392.1080799628594,-0.20000000000000018
2022-07-07 19:00:00,7.804584544596067,2871.1115393432783,-0.05000000000000071
2022-07-07 20:00:00,8.126276424830982,2989.453939784697,-0.049999999999998934
2022-07-07 21:00:00,8.475565472084343,3117.9486480430273,-0.05000000000000071
2022-07-07 22:00:00,24.0,8829.000000000002,0.15000000000000036
2022-07-07 23:00:00,24.0,8829.000000000002,0.20000000000000018
2022-07-08 00:00:00,24.0,8829.000000000002,0.14999999999999947
2022-07-08 01:00:00,24.0,8829.000000000002,0.05000000000000071
2022-07-08 02:00:00,5.540223413745086,2038.1096883314735,-0.05000000000000071
2022-07-08 03:00:00,24.0,8829.000000000002,0.05000000000000071
2022-07-08 04:00:00,9.748517768061141,3586.235973925492,-0.15000000000000036
2022-07-08 05:00:00,5.578011107970675,2052.0108363447125,0.0
2022-07-08 06:00:00,7.590480497871856,2792.3480131546094,-0.09999999999999964
2022-07-08 07:00:00,6.945017402620886,2554.898276989158,-0.05000000000000071
2022-07-08 08:00:00,3.657976784585455,1345.6782096293744,-0.09999999999999964
2022-07-08 09:00:00,9.604793257819372,3533.3633197203017,-0.05000000000000071
2022-07-08 10:00:00,24.0,8829.000000000002,0.10000000000000142
2022-07-08 11:00:00,15.190762732314798,5588.301840150308,0.1999999999999993
2022-07-08 12:00:00,24.0,8829.000000000002,0.09999999999999964
2022-07-08 13:00:00,21.875057104473928,8047.286632308347,0.05000000000000071
2022-07-08 14:00:00,24.0,8829.000000000002,0.049999999999998934
2022-07-08 15:00:00,5.929641239083776,2181.3667708279445,0.0
2022-07-08 16:00:00,6.977501080952006,2566.8482101552195,-0.14999999999999858
2022-07-08 17:00:00,7.107621149340179,2614.716130313518,-0.05000000000000071
2022-07-08 18:00:00,5.902345756727871,2171.3254452562655,-0.09999999999999964
2022-07-08 19:00:00,9.720901735405576,3576.0767259123268,-0.10000000000000053
2022-07-08 20:00:00,5.527328430385802,2033.365946328177,-0.09999999999999964
2022-07-08 21:00:00,5.238733924085263,1927.199242322866,-0.04999999999999982
2022-07-08 22:00:00,7.085720207699845,2606.6593214075806,0.0
2022-07-08 23:00:00,24.0,8829.000000000002,0.049999999999998934
2022-07-09 00:00:00,24.0,8829.000000000002,0.2500000000000009
2022-07-09 01:00:00,24.0,8829.000000000002,0.20000000000000018
2022-07-09 02:00:00,24.0,8829.000000000002,0.049999999999998934
2022-07-09 03:00:00,7.089228183815364,2607.9498181210774,0.0
2022-07-09 04:00:00,5.1797154192541415,1905.4878098581169,-0.09999999999999964
2022-07-09 05:00:00,7.582115049114553,2789.270573693016,-0.049999999999998934
2022-07-09 06:00:00,4.957131181849713,1823.604633522963,-0.05000000000000071
2022-07-09 07:00:00,7.941045034604719,2921.3119421052106,-0.09999999999999964
2022-07-09 08:00:00,7.37065831497941,2711.4809276230503,-0.09999999999999964
2022-07-09 09:00:00,5.937682683463021,2184.3250171789587,-0.05000000000000071
2022-07-09 10:00:00,8.56711012381625,3151.625636798903,-0.09999999999999964
2022-07-09 11:00:00,12.568223617110009,4623.535263144345,0.09999999999999964
2022-07-09 12:00:00,24.0,8829.000000000002,0.09999999999999964
2022-07-09 13:00:00,24.0,8829.000000000002,0.09999999999999964
2022-07-09 14:00:00,24.0,8829.000000000002,0.10000000000000142
2022-07-09 15:00:00,6.757085381686825,2485.7627847880412,0.0
2022-07-09 16:00:00,8.226842862403037,3026.4498180065175,0.0
2022-07-09 17:00:00,8.061018814301333,2965.4472963111025,-0.05000000000000071
2022-07-09 18:00:00,5.3966652263666255,1985.298220149622,-0.09999999999999964
2022-07-09 19:00:00,6.626727466358513,2437.8073666866385,-0.05000000000000071
2022-07-09 20:00:00,10.807855644999632,3975.939895404239,-0.09999999999999964
2022-07-09 21:00:00,8.435613974406442,3103.2514908347703,-0.09999999999999964
2022-07-09 22:00:00,7.882516716406553,2899.7808370480598,-0.05000000000000071
2022-07-09 23:00:00,9.924297467722615,3650.900930938457,-0.049999999999998934
2022-07-10 00:00:00,23.475631858778854,8636.098070048269,0.14999999999999858
2022-07-10 01:00:00,18.08887085504534,6654.443365799804,0.2500000000000009
2022-07-10 02:00:00,11.815727763099202,4346.71085085012,0.25
2022-07-10 03:00:00,24.0,8829.000000000002,0.04999999999999982
2022-07-10 04:00:00,24.0,8829.000000000002,0.05000000000000071
2022-07-10 05:00:00,8.693704985115474,3198.1967213993553,-0.10000000000000142
2022-07-10 06:00:00,8.002816717064853,2944.036199790233,-0.09999999999999964
2022-07-10 07:00:00,5.819692977669984,2140.9195541603453,-0.049999999999998934
2022-07-10 08:00:00,7.682786160029446,2826.3049586208326,-0.10000000000000142
2022-07-10 09:00:00,8.325480804593083,3062.7362509896802,-0.049999999999998934
2022-07-10 10:00:00,8.576608776428246,3155.1199536285408,-0.09999999999999964
2022-07-10 11:00:00,6.046480180795367,2224.348896510096,-0.05000000000000071
2022-07-10 12:00:00,4.017421217563516,1477.9088304111785,-0.09999999999999964
2022-07-10 13:00:00,24.0,8829.000000000002,0.15000000000000036
2022-07-10 14:00:00,24.0,8829.000000000002,0.14999999999999947
2022-07-10 15:00:00,11.798575042367915,4340.400793711096,0.09999999999999964
2022-07-10 16:00:00,24.0,8829.000000000002,0.04999999999999982
2022-07-10 17:00:00,8.44526165073669,3106.80062976476,0.0
2022-07-10 18:00:00,5.717565330636259,2103.349346007814,-0.09999999999999964
2022-07-10 19:00:00,5.514779489544944,2028.7495047163463,-0.05000000000000071
2022-07-10 20:00:00,8.34762061851488,3070.880935036161,-0.14999999999999858
2022-07-10 21:00:00,8.544238301687958,3143.211665233457,-0.05000000000000071
2022-07-10 22:00:00,4.702102562524405,1729.7859801886652,0.0
2022-07-10 23:00:00,6.680019477574472,2457.4121653127086,-0.09999999999999964
2022-07-11 00:00:00,7.759090570827059,2854.375443743005,-0.09999999999999964
2022-07-11 01:00:00,9.448129982426748,3475.7308172852395,0.14999999999999858
2022-07-11 02:00:00,15.255150558711144,5611.988511785862,0.35000000000000053
2022-07-11 03:00:00,24.0,8829.000000000002,0.20000000000000018
2022-07-11 04:00:00,24.0,8829.000000000002,0.15000000000000036
2022-07-11 05:00:00,23.706029956209363,8720.855770140519,0.04999999999999982
2022-07-11 06:00:00,6.599571328610337,2427.8173025125275,-0.14999999999999947
2022-07-11 07:00:00,7.69557971241553,2831.0113867048626,-0.10000000000000142
2022-07-11 08:00:00,9.241232961773049,3399.6185758122597,-0.049999999999998934
2022-07-11 09:00:00,4.434371644372568,1631.2944686735586,-0.09999999999999964
2022-07-11 10:00:00,8.025027312471964,2952.206922575624,-0.10000000000000142
2022-07-11 11:00:00,7.03354188387069,2587.46422052893,-0.09999999999999964
2022-07-11 12:00:00,6.453380911941618,2374.037502980523,-0.09999999999999964
2022-07-11 13:00:00,6.868548680913564,2526.7673459910775,-0.04999999999999982
2022-07-11 14:00:00,16.19034008202515,5956.021357675001,0.14999999999999947
2022-07-11 15:00:00,24.0,8829.000000000002,0.15000000000000036
2022-07-11 16:00:00,19.633782223780777,7222.777635573352,0.15000000000000036
2022-07-11 17:00:00,7.96636321602168,2930.6258680939754,0.0
2022-07-11 18:00:00,8.336179541642336,3066.6720488816745,0.0
2022-07-11 19:00:00,6.427465197057344,2364.5037593674706,-0.05000000000000071
2022-07-11 20:00:00,6.858542329631625,2523.086259513234,-0.09999999999999964
2022-07-11 21:00:00,5.63668097716396,2073.5940144741917,-0.09999999999999964
2022-07-11 22:00:00,7.17103538976891,2638.0446440112373,-0.05000000000000071
2022-07-11 23:00:00,7.07493474402073,2602.691618956626,-0.14999999999999947
2022-07-12 00:00:00,9.551897414726465,3513.9042614424984,-0.10000000000000053
2022-07-12 01:00:00,7.8700632330312095,2895.199511851356,-0.049999999999998934
2022-07-12 02:00:00,11.3538539248981,4176.799012621888,0.14999999999999858
2022-07-12 03:00:00,24.0,8829.000000000002,0.5500000000000007
2022-07-12 04:00:00,0.0,0.0,0.25
2022-07-12 05:00:00,11.942393514804934,4393.308014258864,0.1999999999999993
2022-07-12 06:00:00,7.720179072963609,2840.0608764664876,-0.09999999999999964
2022-07-12 07:00:00,8.058086720696508,2964.3686523762276,-0.09999999999999964
2022-07-12 08:00:00,5.68773717868367,2092.376314608255,-0.15000000000000036
2022-07-12 09:00:00,7.128014483517028,2622.2183281238267,-0.1999999999999993
2022-07-12 10:00:00,6.855550215102288,2521.9855353807543,-0.09999999999999964
2022-07-12 11:00:00,6.214564432415226,2286.1828905747516,-0.10000000000000142
2022-07-12 12:00:00,10.206602353203486,3754.7538406847325,-0.14999999999999947
2022-07-12 13:00:00,24.0,8829.000000000002,0.04999999999999982
2022-07-12 14:00:00,8.119929517077367,2987.1190710948367,-0.09999999999999964
2022-07-12 15:00:00,7.2469005345204724,2665.953534136719,0.0
2022-07-12 16:00:00,14.259967676529506,5245.885609003291,0.2999999999999998
2022-07-12 17:00:00,24.0,8829.000000000002,0.10000000000000053
2022-07-12 18:00:00,18.564814527709935,6829.531144381293,0.049999999999998934
2022-07-12 19:00:00,6.280701112133487,2310.512921626106,-0.049999999999998934
2022-07-12 20:00:00,8.474810063156324,3117.6707519836327,0.0
2022-07-12 21:00:00,5.961527506833603,2193.0969315764114,-0.15000000000000036
2022-07-12 22:00:00,8.91616919284683,3280.0357418185276,-0.09999999999999964
2022-07-12 23:00:00,8.299381668751382,3053.1350313919147,-0.10000000000000053
2022-07-13 00:00:00,7.323881898320881,2694.273053344794,0.0
2022-07-13 01:00:00,5.526320488350468,2032.9951496519282,-0.20000000000000018
2022-07-13 02:00:00,6.070670120945642,2233.247770742878,0.0
2022-07-13 03:00:00,24.0,8829.000000000002,0.20000000000000107
2022-07-13 04:00:00,24.0,8829.000000000002,0.4499999999999993
2022-07-13 05:00:00,20.986125888295316,7720.271061156639,0.34999999999999964
2022-07-13 06:00:00,24.0,8829.000000000002,0.10000000000000053
2022-07-13 07:00:00,7.163428253062516,2635.2461685953726,-0.04999999999999982
2022-07-13 08:00:00,7.979793256618547,2935.566444278548,-0.20000000000000018
2022-07-13 09:00:00,6.151074666064737,2262.826592778565,-0.14999999999999947
2022-07-13 10:00:00,9.469008829561277,3483.4116231748544,-0.10000000000000053
2022-07-13 11:00:00,5.904228188948405,2172.0179450093947,-0.10000000000000053
2022-07-13 12:00:00,4.374740839913499,1609.3577864831782,-0.14999999999999947
2022-07-13 13:00:00,6.438103595158167,2368.41736006881,-0.10000000000000053
2022-07-13 14:00:00,5.280367100383036,1942.5150470534095,-0.14999999999999947
2022-07-13 15:00:00,7.66221432065142,2818.737093209641,-0.04999999999999982
2022-07-13 16:00:00,24.0,8829.000000000002,0.04999999999999982
2022-07-13 17:00:00,17.849878829930404,6566.524174560647,0.2999999999999998
2022-07-13 18:00:00,22.73879740638061,8365.035095872267,0.09999999999999964
2022-07-13 19:00:00,15.00534998555623,5520.093125936497,0.05000000000000071
2022-07-13 20:00:00,5.64347462753825,2076.0932286056336,-0.05000000000000071
2022-07-13 21:00:00,4.349302010739897,1599.9994772009397,-0.049999999999998934
2022-07-13 22:00:00,7.410914517336517,2726.290178065171,-0.10000000000000142
2022-07-13 23:00:00,10.207873485554412,3755.22145849833,-0.1999999999999993
2022-07-14 00:00:00,7.380623664198229,2715.1469304669235,-0.09999999999999964
2022-07-14 01:00:00,6.262231523982392,2303.718421885022,-0.05000000000000071
2022-07-14 02:00:00,6.166903896758936,2268.6497710201934,-0.09999999999999964
2022-07-14 03:00:00,7.461041324050699,2744.7305770851503,-0.05000000000000071
2022-07-14 04:00:00,17.358124595571606,6385.620085595904,0.25
2022-07-14 05:00:00,24.0,8829.000000000002,0.5500000000000007
2022-07-14 06:00:00,24.0,8829.000000000002,0.3000000000000007
2022-07-14 07:00:00,24.0,8829.000000000002,0.049999999999998934
2022-07-14 08:00:00,7.137348069271187,2625.6519209831376,-0.09999999999999964
2022-07-14 09:00:00,6.983612697058826,2569.0965209305155,-0.09999999999999964
2022-07-14 10:00:00,5.288629480963889,1945.5545703095909,-0.15000000000000036
2022-07-14 11:00:00,8.022452641308982,2951.259765421542,-0.15000000000000036
2022-07-14 12:00:00,7.149670006767616,2630.184853739637,-0.14999999999999947
2022-07-14 13:00:00,10.126920519529959,3725.440886122083,-0.14999999999999947
2022-07-14 14:00:00,4.402078956735471,1619.4147962090613,-0.10000000000000142
2022-07-14 15:00:00,7.187581606824792,2644.13158361067,-0.14999999999999858
2022-07-14 16:00:00,5.88344124851013,2164.370949295664,0.0
2022-07-14 17:00:00,24.0,8829.000000000002,0.14999999999999947
2022-07-14 18:00:00,10.892188242410038,4006.963749676592,0.2999999999999998
2022-07-14 19:00:00,18.774925115063535,6906.825576703999,0.15000000000000036
2022-07-14 20:00:00,9.850292388512507,3623.6763124240383,0.0
2022-07-14 21:00:00,8.443043703322152,3105.984702359637,-0.05000000000000071
2022-07-14 22:00:00,6.634273093039171,2440.583214101785,-0.14999999999999947
2022-07-14 23:00:00,7.742425806772509,2848.2448936664373,-0.04999999999999982
2022-07-15 00:00:00,6.471840001674545,2380.8281406160236,-0.15000000000000036
2022-07-15 01:00:00,9.109745990897796,3351.2478064015268,0.0
2022-07-15 02:00:00,6.928641433930077,2548.873967507027,-0.15000000000000036
2022-07-15 03:00:00,6.876758468598176,2529.7875216355537,-0.1999999999999993
2022-07-15 04:00:00,8.092011742972998,2976.8488199461917,-0.05000000000000071
2022-07-15 05:00:00,18.958724384899966,6974.440733095077,0.5
2022-07-15 06:00:00,24.0,8829.000000000002,0.5
2022-07-15 07:00:00,23.061197278146125,8483.637948698008,0.3000000000000007
2022-07-15 08:00:00,6.486208223194201,2386.113850107567,-0.10000000000000053
2022-07-15 09:00:00,5.856538458504589,2154.4740854223764,-0.10000000000000053
2022-07-15 10:00:00,8.414460326195021,3095.4695924989937,-0.09999999999999964
2022-07-15 11:00:00,7.238211674188408,2662.75711964206,-0.1999999999999993
2022-07-15 12:00:00,8.610001942562706,3167.404464620255,-0.10000000000000053
2022-07-15 13:00:00,8.628270653647135,3174.12506671044,-0.14999999999999947
2022-07-15 14:00:00,7.4637609036079615,2745.731042414779,-0.09999999999999964
2022-07-15 15:00:00,4.407045045054416,1621.241695949393,-0.15000000000000036
2022-07-15 16:00:00,6.65633584727664,2448.699549816894,-0.15000000000000036
2022-07-15 17:00:00,4.706957447813607,1731.5719711144307,-0.05000000000000071
2022-07-15 18:00:00,24.0,8829.000000000002,0.20000000000000107
2022-07-15 19:00:00,9.499576520538481,3494.6567124930934,0.34999999999999964
2022-07-15 20:00:00,24.0,8829.000000000002,0.09999999999999964
2022-07-15 21:00:00,7.919488291095381,2913.3817550867134,0.0
2022-07-15 22:00:00,6.262199523364544,2303.7066496577318,-0.04999999999999982
2022-07-15 23:00:00,8.420830672044216,3097.813083478266,-0.14999999999999947
2022-07-16 00:00:00,6.142500682583548,2259.6724386054225,-0.05000000000000071
2022-07-16 01:00:00,8.733598260524026,3212.8724600902765,-0.09999999999999964
2022-07-16 02:00:00,6.981626261086925,2568.365760797353,-0.15000000000000036
2022-07-16 03:00:00,8.46565336850341,3114.3022329381924,-0.09999999999999964
2022-07-16 04:00:00,7.490115602160053,2755.4262771446297,-0.15000000000000036
2022-07-16 05:00:00,2.4383066366243966,896.9920539482,0.0
2022-07-16 06:00:00,12.538928181744934,4612.758204859417,0.7000000000000002
2022-07-16 07:00:00,24.0,8829.000000000002,0.39999999999999947
2022-07-16 08:00:00,15.192853941186947,5589.071143614148,0.25
2022-07-16 09:00:00,7.385935328440522,2717.100958950057,-0.09999999999999964
2022-07-16 10:00:00,7.58304797524891,2789.6137738946923,-0.09999999999999964
2022-07-16 11:00:00,7.732366977465616,2844.544501835164,-0.25
2022-07-16 12:00:00,7.861135018870205,2891.9150450668767,-0.09999999999999964
2022-07-16 13:00:00,8.04793643686733,2960.6346167125685,-0.15000000000000036
2022-07-16 14:00:00,10.0396348173528,3693.330658433661,-0.09999999999999964
2022-07-16 15:00:00,7.787804322624743,2864.9385151855777,-0.05000000000000071
2022-07-16 16:00:00,7.800475694252275,2869.599996023056,-0.1999999999999993
2022-07-16 17:00:00,6.532451682871309,2403.125662836283,-0.09999999999999964
2022-07-16 18:00:00,8.087517374831858,2975.1954542662697,-0.10000000000000142
2022-07-16 19:00:00,22.8272601609977,8397.578331727029,0.3500000000000014
2022-07-16 20:00:00,23.58164437389195,8675.097424045502,0.34999999999999964
2022-07-16 21:00:00,16.604411711008222,6108.34795818715,0.049999999999998934
2022-07-16 22:00:00,7.526968677972629,2768.983602409181,-0.049999999999998934
2022-07-16 23:00:00,5.694708964781731,2094.9410604190793,-0.05000000000000071
2022-07-17 00:00:00,6.925308748305452,2547.647955782868,-0.14999999999999947
2022-07-17 01:00:00,10.448536671249556,3843.75542793593,-0.14999999999999947
2022-07-17 02:00:00,8.316440662294603,3059.410608641627,-0.10000000000000142
2022-07-17 03:00:00,8.571146321875247,3153.1104531598576,-0.14999999999999858
2022-07-17 04:00:00,8.636943258356105,3177.3155011677522,-0.05000000000000071
2022-07-17 05:00:00,5.718642760019552,2103.7457053421927,-0.15000000000000036
2022-07-17 06:00:00,24.0,8829.000000000002,0.10000000000000053
2022-07-17 07:00:00,24.0,8829.000000000002,0.7000000000000002
2022-07-17 08:00:00,19.2337841849524,7075.628357039362,0.34999999999999964
2022-07-17 09:00:00,23.26079279889785,8557.064150894548,0.09999999999999964
2022-07-17 10:00:00,6.632792162300532,2440.038416706308,-0.09999999999999964
2022-07-17 11:00:00,5.202078003088442,1913.7144453861606,-0.15000000000000036
2022-07-17 12:00:00,7.722738051074308,2841.0022605389613,-0.09999999999999964
2022-07-17 13:00:00,8.00385272670646,2944.417321837139,-0.15000000000000036
2022-07-17 14:00:00,8.795052948648792,3235.4801034841744,-0.09999999999999964
2022-07-17 15:00:00,6.781384430370299,2494.7017973224733,-0.15000000000000036
2022-07-17 16:00:00,4.749173958360065,1747.102369931709,-0.09999999999999964
2022-07-17 17:00:00,6.9909182618660655,2571.7840555839784,-0.15000000000000036
2022-07-17 18:00:00,5.193340467079629,1910.5001243269187,-0.049999999999998934
2022-07-17 19:00:00,10.160311031332071,3737.7244206512855,0.0
2022-07-17 20:00:00,24.0,8829.000000000002,0.39999999999999947
2022-07-17 21:00:00,22.099322860939637,8129.788397468169,0.14999999999999947
2022-07-17 22:00:00,14.583094821408828,5364.7560074257735,0.05000000000000071
2022-07-17 23:00:00,4.191424948311199,1541.9204528599823,-0.05000000000000071
2022-07-18 00:00:00,8.010213237769703,2946.7571948445293,-0.09999999999999964
2022-07-18 01:00:00,7.676803864309313,2824.1042215827883,-0.1999999999999993
2022-07-18 02:00:00,7.100869361867644,2612.23231649706,-0.05000000000000071
2022-07-18 03:00:00,7.953883533697334,2926.0349049589067,-0.09999999999999964
2022-07-18 04:00:00,6.068535786169626,2232.462602337151,-0.15000000000000036
2022-07-18 05:00:00,6.678090343369667,2456.7024850671164,-0.09999999999999964
2022-07-18 06:00:00,9.655218360802385,3551.913454480177,-0.05000000000000071
2022-07-18 07:00:00,22.74973593163318,8369.059105849556,0.20000000000000018
2022-07-18 08:00:00,18.252395458096878,6714.599979147389,0.5000000000000009
2022-07-18 09:00:00,13.485205532331836,4960.869985206574,0.34999999999999964
2022-07-18 10:00:00,6.893997037025279,2536.1291599956744,0.0
2022-07-18 11:00:00,6.973893727286925,2565.521154925678,-0.09999999999999964
2022-07-18 12:00:00,6.67776585858746,2456.583115227862,-0.15000000000000036
2022-07-18 13:00:00,7.108575497096168,2615.067210994253,-0.05000000000000071
2022-07-18 14:00:00,5.548178802683725,2041.036277037275,-0.1999999999999993
2022-07-18 15:00:00,3.249051202362584,1195.2447110691357,-0.20000000000000107
2022-07-18 16:00:00,6.704121582678056,2466.2787272276896,-0.09999999999999964
2022-07-18 17:00:00,5.223102359669223,1921.4487805633153,-0.049999999999998934
2022-07-18 18:00:00,6.883933290912589,2532.4269593944687,-0.20000000000000107
2022-07-18 19:00:00,6.528295625625877,2401.596753277119,0.0
2022-07-18 20:00:00,9.09545940469349,3345.9921285016176,0.10000000000000053
2022-07-18 21:00:00,24.0,8829.000000000002,0.2999999999999998
2022-07-18 22:00:00,24.0,8829.000000000002,0.25
2022-07-18 23:00:00,6.942398262670058,2553.9347608797475,0.0
2022-07-19 00:00:00,5.690925712897473,2093.5492966321576,-0.09999999999999964
2022-07-19 01:00:00,4.74308823605046,1744.8635848370634,-0.09999999999999964
2022-07-19 02:00:00,8.420500458305954,3097.691606099303,-0.10000000000000142
2022-07-19 03:00:00,6.409120272670437,2357.7551203086373,-0.09999999999999964
2022-07-19 04:00:00,8.21532091672475,3022.2111822401175,-0.09999999999999964
2022-07-19 05:00:00,6.790628021954804,2498.1022835766234,-0.09999999999999964
2022-07-19 06:00:00,11.994802546408566,4412.5879867600515,-0.10000000000000053
2022-07-19 07:00:00,5.521236143237032,2031.1247461933233,0.0
2022-07-19 08:00:00,5.890830532379277,2167.089282099026,0.35000000000000053
2022-07-19 09:00:00,24.0,8829.000000000002,0.34999999999999964
2022-07-19 10:00:00,11.084723310517257,4077.792587856536,0.1999999999999993
2022-07-19 11:00:00,7.347668282470799,2703.0234694139453,0.0
2022-07-19 12:00:00,6.300762776484152,2317.8931063991076,-0.09999999999999964
2022-07-19 13:00:00,5.551327086486605,2042.1944519412593,-0.14999999999999947
2022-07-19 14:00:00,7.01189734956872,2579.5017374725926,-0.14999999999999947
2022-07-19 15:00:00,5.574771252130103,2050.8189743773614,-0.10000000000000142
2022-07-19 16:00:00,6.497084341605853,2390.114902168253,-0.09999999999999964
2022-07-19 17:00:00,9.62586419211145,3541.114789672999,-0.15000000000000036
2022-07-19 18:00:00,4.701561226137603,1729.5868360653708,-0.09999999999999964
2022-07-19 19:00:00,8.509858118090701,3130.5640551926167,-0.04999999999999982
2022-07-19 20:00:00,7.197066785076514,2647.620943560022,0.0
2022-07-19 21:00:00,24.0,8829.000000000002,0.20000000000000018
2022-07-19 22:00:00,24.0,8829.000000000002,0.3000000000000007
2022-07-19 23:00:00,24.0,8829.000000000002,0.09999999999999964
2022-07-20 00:00:00,5.317224623903584,1956.0740085185307,0.0
2022-07-20 01:00:00,7.4829777298917834,2752.80043238394,-0.10000000000000053
2022-07-20 02:00:00,5.836714004807856,2147.1811645186904,-0.14999999999999947
2022-07-20 03:00:00,7.35015733559046,2703.9391298303403,-0.05000000000000071
2022-07-20 04:00:00,6.664559093832114,2451.724676643489,-0.09999999999999964
2022-07-20 05:00:00,5.451111643596071,2005.3276958879046,-0.05000000000000071
2022-07-20 06:00:00,5.120255558297398,1883.6140135086553,-0.09999999999999964
2022-07-20 07:00:00,8.960999513940676,3296.527696190927,-0.09999999999999964
2022-07-20 08:00:00,24.0,8829.000000000002,0.05000000000000071
2022-07-20 09:00:00,24.0,8829.000000000002,0.29999999999999893
2022-07-20 10:00:00,17.262201316511618,6350.33230931171,0.20000000000000107
2022-07-20 11:00:00,4.891364037226197,1799.410545194587,0.09999999999999964
2022-07-20 12:00:00,24.0,8829.000000000002,0.04999999999999982
2022-07-20 13:00:00,6.987196150983117,2570.414784042914,-0.15000000000000036
2022-07-20 14:00:00,10.492274566402758,3859.845506115415,-0.04999999999999982
2022-07-20 15:00:00,6.947173345842889,2555.6913946019527,-0.09999999999999964
2022-07-20 16:00:00,6.69306169714764,2462.210071838188,0.0
2022-07-20 17:00:00,7.87930313138901,2898.598639459732,-0.10000000000000053
2022-07-20 18:00:00,8.135249009107925,2992.754729225578,-0.25
2022-07-20 19:00:00,7.624140153611748,2804.7305590099218,-0.04999999999999982
2022-07-20 20:00:00,7.448126858457414,2739.979668055021,-0.04999999999999982
2022-07-20 21:00:00,4.081346640752597,1501.4253954668613,-0.04999999999999982
2022-07-20 22:00:00,24.0,8829.000000000002,0.2999999999999998
2022-07-20 23:00:00,24.0,8829.000000000002,0.14999999999999947
2022-07-21 00:00:00,24.0,8829.000000000002,0.10000000000000053
2022-07-21 01:00:00,5.588037855109942,2055.69942594857,-0.04999999999999982
2022-07-21 02:00:00,6.873751833806913,2528.681455861718,-0.05000000000000071
2022-07-21 03:00:00,8.856028492324862,3257.9114816140086,-0.09999999999999964
2022-07-21 04:00:00,7.482500560790115,2752.6248938006634,-0.05000000000000071
2022-07-21 05:00:00,6.706380583114596,2467.1097570132824,-0.09999999999999964
2022-07-21 06:00:00,8.017482379126497,2949.43133022116,-0.09999999999999964
2022-07-21 07:00:00,7.4171228532115165,2728.574069625187,-0.09999999999999964
2022-07-21 08:00:00,6.024918345202456,2216.4168362413534,0.0
2022-07-21 09:00:00,7.195015649150601,2646.8663819312774,0.0
2022-07-21 10:00:00,17.73293382816468,6523.503032036081,0.25
2022-07-21 11:00:00,23.664889978292802,8705.721400764465,0.1999999999999993
2022-07-21 12:00:00,16.779842065628948,6172.88439989325,0.15000000000000036
2022-07-21 13:00:00,6.230317111475568,2291.9779073840746,0.0
2022-07-21 14:00:00,6.211142754089852,2284.924140660804,-0.04999999999999982
2022-07-21 15:00:00,8.79986444571579,3237.2501329676966,-0.10000000000000053
2022-07-21 16:00:00,5.220214271999027,1920.3863253116424,-0.15000000000000036
2022-07-21 17:00:00,9.920246143781682,3649.410550143686,-0.049999999999998934
2022-07-21 18:00:00,6.8756950382074145,2529.3963121805523,-0.10000000000000053
2022-07-21 19:00:00,6.568347699550653,2416.330909972197,-0.09999999999999964
2022-07-21 20:00:00,8.875355368338248,3265.0213561274327,-0.04999999999999982
2022-07-21 21:00:00,6.217455278871403,2287.246360714817,-0.10000000000000053
2022-07-21 22:00:00,23.335159954235465,8584.42196816437,0.15000000000000036
2022-07-21 23:00:00,24.0,8829.000000000002,0.35000000000000053
2022-07-22 00:00:00,24.0,8829.000000000002,0.09999999999999964
2022-07-22 01:00:00,24.0,8829.000000000002,0.09999999999999964
2022-07-22 02:00:00,6.815980443629967,2507.4288057003737,-0.05000000000000071
2022-07-22 03:00:00,7.738170365355308,2846.6794231550844,-0.049999999999998934
2022-07-22 04:00:00,7.9200285740975325,2913.5805116961296,-0.15000000000000036
2022-07-22 05:00:00,5.50058093142886,2023.5262101493915,-0.05000000000000071
2022-07-22 06:00:00,4.136849317887019,1521.843442817687,-0.09999999999999964
2022-07-22 07:00:00,7.948640778775041,2924.1062264918687,-0.09999999999999964
2022-07-22 08:00:00,7.431807340733108,2733.976125472192,-0.04999999999999982
2022-07-22 09:00:00,4.770546011947599,1754.9646141452229,-0.04999999999999982
2022-07-22 10:00:00,18.107625107066703,6661.3425862621625,0.04999999999999982
2022-07-22 11:00:00,13.424985203626733,4938.716431784184,0.04999999999999982
2022-07-22 12:00:00,24.0,8829.000000000002,0.15000000000000036
2022-07-22 13:00:00,24.0,8829.000000000002,0.049999999999998934
2022-07-22 14:00:00,7.396063462601997,2720.8268463047098,0.0
2022-07-22 15:00:00,4.0280273235077155,1481.810551635401,-0.049999999999998934
2022-07-22 16:00:00,6.409516862561458,2357.901015814796,-0.10000000000000053
2022-07-22 17:00:00,7.055083985300955,2595.389021092589,-0.04999999999999982
2022-07-22 18:00:00,6.544478835640691,2407.5501516613194,-0.09999999999999964
2022-07-22 19:00:00,7.801462111117951,2869.9628741275164,-0.05000000000000071
2022-07-22 20:00:00,7.308080021339769,2688.459937850367,-0.04999999999999982
2022-07-22 21:00:00,8.54742017639026,3144.3821973895665,-0.04999999999999982
2022-07-22 22:00:00,13.433137155796366,4941.715331188589,0.05000000000000071
2022-07-22 23:00:00,7.465143144058572,2746.239534120547,0.14999999999999858
2022-07-23 00:00:00,20.13897372365465,7408.624958589456,0.3000000000000007
2022-07-23 01:00:00,24.0,8829.000000000002,0.04999999999999982
2022-07-23 02:00:00,17.21124857846235,6331.588070801837,0.10000000000000053
2022-07-23 03:00:00,7.372578328316478,2712.1872525294243,-0.05000000000000071
2022-07-23 04:00:00,5.950831881763226,2189.162278503647,-0.049999999999998934
2022-07-23 05:00:00,9.1447971534677,3364.1422528319304,-0.10000000000000142
2022-07-23 06:00:00,8.704598674675138,3202.204237446116,-0.09999999999999964
2022-07-23 07:00:00,6.598401540683736,2427.3869667790295,-0.04999999999999982
2022-07-23 08:00:00,10.34922783446946,3807.222189605453,0.0
2022-07-23 09:00:00,6.022462727464229,2215.5134758659033,-0.14999999999999947
2022-07-23 10:00:00,6.338346534398129,2331.7192313417113,-0.05000000000000071
2022-07-23 11:00:00,6.160548011219838,2266.311599627498,0.0
2022-07-23 12:00:00,12.779081971344134,4701.104780208223,0.05000000000000071
2022-07-23 13:00:00,24.0,8829.000000000002,0.04999999999999982
2022-07-23 14:00:00,6.50491908861966,2392.9971097259577,0.0
2022-07-23 15:00:00,24.0,8829.000000000002,0.04999999999999982
2022-07-23 16:00:00,8.30599877635558,3055.569299851809,0.0
2022-07-23 17:00:00,7.809822335989638,2873.038391852188,-0.15000000000000036
2022-07-23 18:00:00,6.29320488135614,2315.1127457288903,-0.049999999999998934
2022-07-23 19:00:00,20.82029438436156,7659.265796647009,0.049999999999998934
2022-07-23 20:00:00,6.678067734724197,2456.6941679116635,-0.1999999999999993
2022-07-23 21:00:00,6.148458070871482,2261.8640128218462,0.0
2022-07-23 22:00:00,5.9551205106365375,2190.739957850416,-0.05000000000000071
2022-07-23 23:00:00,4.051107052974991,1490.3010071131748,0.0
2022-07-24 00:00:00,12.020773178467824,4422.141933028851,0.15000000000000036
2022-07-24 01:00:00,11.721819591333144,4312.16438216168,0.25
2022-07-24 02:00:00,21.469794332577436,7898.200590096925,0.15000000000000036
2022-07-24 03:00:00,20.135652651192107,7407.403219057296,0.15000000000000036
2022-07-24 04:00:00,15.044807635001298,5534.608608726103,0.049999999999998934
2022-07-24 05:00:00,7.385607512733774,2716.9803637469367,-0.09999999999999964
2022-07-24 06:00:00,8.228895188932157,3027.204817628417,-0.05000000000000071
2022-07-24 07:00:00,4.991429604898084,1836.2221659018826,-0.049999999999998934
2022-07-24 08:00:00,7.436992524338594,2735.88362489106,-0.15000000000000036
2022-07-24 09:00:00,7.823800726611369,2878.1806923021572,-0.09999999999999964
2022-07-24 10:00:00,4.410159297866566,1622.387351702663,-0.05000000000000071
2022-07-24 11:00:00,8.870975758129987,3263.410207022069,-0.04999999999999982
2022-07-24 12:00:00,8.420257934494137,3097.602387652031,-0.04999999999999982
2022-07-24 13:00:00,6.7939888403965485,2499.33864466088,-0.09999999999999964
2022-07-24 14:00:00,9.438016614136851,3472.0103619255947,0.09999999999999964
2022-07-24 15:00:00,13.029755230519994,4793.321205427543,0.15000000000000036
2022-07-24 16:00:00,9.489160018201778,3490.82474169598,0.09999999999999964
2022-07-24 17:00:00,6.140324356440497,2258.871822625548,-0.04999999999999982
2022-07-24 18:00:00,6.106315001474652,2246.3606311674876,0.0
2022-07-24 19:00:00,7.445657101070971,2739.0711060564836,-0.04999999999999982
2022-07-24 20:00:00,6.2221838208154345,2288.9858730824776,-0.05000000000000071
2022-07-24 21:00:00,6.668156138705626,2453.0479395263324,-0.09999999999999964
2022-07-24 22:00:00,7.549054455418716,2777.1084077871596,-0.04999999999999982
2022-07-24 23:00:00,6.424476946652852,2363.404456749918,0.0
2022-07-25 00:00:00,7.701393742359142,2833.1502229703697,-0.04999999999999982
2022-07-25 01:00:00,17.07271089940374,6280.6235221181505,0.15000000000000036
2022-07-25 02:00:00,24.0,8829.000000000002,0.25
2022-07-25 03:00:00,24.0,8829.000000000002,0.29999999999999893
2022-07-25 04:00:00,24.0,8829.000000000002,0.20000000000000107
2022-07-25 05:00:00,10.671149612929817,3925.649163856557,-8.881784197001252e-16
2022-07-25 06:00:00,8.591199859649583,3160.4876483685907,-0.14999999999999947
2022-07-25 07:00:00,6.780920513186884,2494.5311337886246,-0.09999999999999964
2022-07-25 08:00:00,6.349844373246596,2335.948998808092,-0.10000000000000053
2022-07-25 09:00:00,5.8130940478944115,2138.4919728691566,-0.15000000000000036
2022-07-25 10:00:00,4.963962597305255,1826.1177404836708,-0.04999999999999982
2022-07-25 11:00:00,8.914553629392394,3279.4414164127265,-0.15000000000000036
2022-07-25 12:00:00,6.638989367219833,2442.318213465996,-0.04999999999999982
2022-07-25 13:00:00,5.360565612484809,1972.0180746928493,-0.04999999999999982
2022-07-25 14:00:00,5.628832471931289,2070.706745611723,0.0
2022-07-25 15:00:00,24.0,8829.000000000002,0.09999999999999964
2022-07-25 16:00:00,23.930501661343015,8803.433298666563,0.15000000000000036
2022-07-25 17:00:00,24.0,8829.000000000002,0.05000000000000071
2022-07-25 18:00:00,8.399327442067312,3089.9025827505125,-8.881784197001252e-16
2022-07-25 19:00:00,7.3536598408743465,2705.2276139616506,0.0
2022-07-25 20:00:00,6.255940940408758,2301.4042734528716,-0.09999999999999964
2022-07-25 21:00:00,6.870217927100697,2527.381419932169,-0.04999999999999982
2022-07-25 22:00:00,7.064392765312006,2598.813488539154,-0.15000000000000036
2022-07-25 23:00:00,5.041045489645619,1854.474609503382,0.0
2022-07-26 00:00:00,9.186941220658673,3379.646001549809,-0.09999999999999964
2022-07-26 01:00:00,6.847817728012385,2519.140946692556,-0.05000000000000071
2022-07-26 02:00:00,24.0,8829.000000000002,0.20000000000000018
2022-07-26 03:00:00,15.292537853987955,5625.742363035819,0.2999999999999998
2022-07-26 04:00:00,17.950142057918118,6603.408509556628,0.3000000000000007
2022-07-26 05:00:00,20.165364066091314,7418.333305813342,0.15000000000000036
2022-07-26 06:00:00,5.1233813251080935,1884.76390497414,-8.881784197001252e-16
2022-07-26 07:00:00,7.52187795399574,2767.1108523261832,-0.09999999999999964
2022-07-26 08:00:00,8.708092996066313,3203.489710927895,-0.2500000000000009
2022-07-26 09:00:00,5.455579242916831,2006.9712139880291,-0.049999999999998934
2022-07-26 10:00:00,8.4397463863311,3104.771701871554,0.0
2022-07-26 11:00:00,4.829758553201515,1776.7474277590072,-0.15000000000000036
2022-07-26 12:00:00,7.884775287697497,2900.611708961717,-0.15000000000000036
2022-07-26 13:00:00,6.771035732074336,2490.8947699368464,-0.04999999999999982
2022-07-26 14:00:00,7.579160449908045,2788.1836505099222,-0.09999999999999964
2022-07-26 15:00:00,6.926754054550161,2548.1796478176398,0.0
2022-07-26 16:00:00,24.0,8829.000000000002,0.20000000000000018
2022-07-26 17:00:00,13.177842916175297,4847.798962787988,0.14999999999999947
2022-07-26 18:00:00,24.0,8829.000000000002,0.10000000000000053
2022-07-26 19:00:00,7.354273744672293,2705.4534538213197,0.0
2022-07-26 20:00:00,7.019231696375212,2582.199860304031,-0.10000000000000053
2022-07-26 21:00:00,11.013438384282978,4051.5686456181006,-0.09999999999999964
2022-07-26 22:00:00,5.009863525093044,1843.0035442936032,-0.10000000000000053
2022-07-26 23:00:00,5.480574992839521,2016.1665254908387,-0.09999999999999964
2022-07-27 00:00:00,4.897814275131345,1801.7834264639432,-0.09999999999999964
2022-07-27 01:00:00,7.170030969767254,2637.675143003129,-0.10000000000000053
2022-07-27 02:00:00,8.48690894021171,3122.1216263803826,0.0
2022-07-27 03:00:00,17.607136389250787,6477.225299195633,0.2500000000000009
2022-07-27 04:00:00,22.325467467749718,8212.981344698426,0.4499999999999993
2022-07-27 05:00:00,1.548218467328228,569.5508686683719,0.34999999999999964
2022-07-27 06:00:00,24.0,8829.000000000002,0.09999999999999964
2022-07-27 07:00:00,7.365303269603931,2709.510940305546,-0.09999999999999964
2022-07-27 08:00:00,6.691438071503711,2461.612780554428,-0.1999999999999993
2022-07-27 09:00:00,8.666015162295613,3188.0103278294987,-0.15000000000000036
2022-07-27 10:00:00,6.662541619000947,2450.9824980899734,-0.09999999999999964
2022-07-27 11:00:00,8.186117394556026,3011.4679365222987,-0.15000000000000036
2022-07-27 12:00:00,6.834013923053181,2514.062871943189,-0.09999999999999964
2022-07-27 13:00:00,7.97159670718595,2932.551138656031,-0.15000000000000036
2022-07-27 14:00:00,7.284544349336085,2679.801752512012,-0.09999999999999964
2022-07-27 15:00:00,7.4414425611168085,2737.5206821708457,-0.05000000000000071
2022-07-27 16:00:00,11.896842446750103,4376.550915098194,0.09999999999999964
2022-07-27 17:00:00,24.0,8829.000000000002,0.3000000000000007
2022-07-27 18:00:00,15.829733240523248,5823.363115857489,0.15000000000000036
2022-07-27 19:00:00,5.549921552383269,2041.6773910829954,0.0
2022-07-27 20:00:00,5.111126960687482,1880.255830662907,-0.05000000000000071
2022-07-27 21:00:00,6.863276901892481,2524.827990283696,-0.09999999999999964
2022-07-27 22:00:00,8.642108896817664,3179.2158104167984,-0.15000000000000036
2022-07-27 23:00:00,7.524549576184981,2768.09367533905,-0.04999999999999982
2022-07-28 00:00:00,7.059131933230354,2596.8781599371164,-0.10000000000000053
2022-07-28 01:00:00,10.057015750463783,3699.7246692018643,-0.09999999999999964
2022-07-28 02:00:00,8.412295363819096,3094.6731569649505,-0.09999999999999964
2022-07-28 03:00:00,24.0,8829.000000000002,0.09999999999999964
2022-07-28 04:00:00,24.0,8829.000000000002,0.5
2022-07-28 05:00:00,24.0,8829.000000000002,0.40000000000000036
2022-07-28 06:00:00,22.45500573572257,8260.63523502894,0.34999999999999964
2022-07-28 07:00:00,7.722554665041144,2840.934797402011,0.0
2022-07-28 08:00:00,7.221463718853556,2656.5959655732518,-0.1999999999999993
2022-07-28 09:00:00,6.021650693544802,2215.2147488877936,-0.20000000000000018
2022-07-28 10:00:00,7.984493363624804,2937.2954961434752,-0.15000000000000036
2022-07-28 11:00:00,9.485312361809974,3489.4092851008445,-0.14999999999999947
2022-07-28 12:00:00,7.887045030448306,2901.446690576171,-0.20000000000000018
2022-07-28 13:00:00,7.573079956299589,2785.946788923711,-0.10000000000000053
2022-07-28 14:00:00,5.76812990224228,2121.950787787379,-0.14999999999999947
2022-07-28 15:00:00,5.323546880116775,1958.3998085229587,-0.04999999999999982
2022-07-28 16:00:00,9.228338549891516,3394.875044041341,-0.10000000000000053
2022-07-28 17:00:00,12.120067882471034,4458.6699722640315,0.39999999999999947
2022-07-28 18:00:00,23.68577430201441,8713.40422135355,0.25
2022-07-28 19:00:00,21.244691482714057,7815.3908792034335,0.2500000000000009
2022-07-28 20:00:00,6.91828844478141,2545.0653616239615,-0.14999999999999947
2022-07-28 21:00:00,8.52938584209083,3137.7478166591636,-0.15000000000000036
2022-07-28 22:00:00,8.70539447837543,3202.496993732361,-0.10000000000000053
2022-07-28 23:00:00,8.791922715333916,3234.3285689034647,-0.14999999999999947
2022-07-29 00:00:00,6.271092986485501,2306.9783324033533,-0.09999999999999964
2022-07-29 01:00:00,5.312251025101274,1954.244345859131,-0.05000000000000071
2022-07-29 02:00:00,7.158311881950269,2633.363983572455,-0.09999999999999964
2022-07-29 03:00:00,6.425921230852676,2363.9357727999286,-0.10000000000000053
2022-07-29 04:00:00,13.56624099476697,4990.680905949899,0.2999999999999998
2022-07-29 05:00:00,18.260774837611844,6717.682543386457,0.5500000000000007
2022-07-29 06:00:00,24.0,8829.000000000002,0.34999999999999964
2022-07-29 07:00:00,24.0,8829.000000000002,0.1999999999999993
2022-07-29 08:00:00,6.823779819330749,2510.298001036299,-0.14999999999999858
2022-07-29 09:00:00,3.9397498273357985,1449.335467731157,-0.20000000000000107
2022-07-29 10:00:00,10.174023786046554,3742.769000291876,-0.1999999999999993
2022-07-29 11:00:00,6.450966274078024,2373.1492180764526,-0.20000000000000107
2022-07-29 12:00:00,6.623372990659476,2436.5733389388547,-0.049999999999998934
2022-07-29 13:00:00,8.425610858693341,3099.5715946418127,-0.15000000000000036
2022-07-29 14:00:00,6.903870257647327,2539.7612710320104,-0.09999999999999964
2022-07-29 15:00:00,7.7192932163005885,2839.734991946579,-0.15000000000000036
2022-07-29 16:00:00,7.5066082042950555,2761.493493155044,-0.09999999999999964
2022-07-29 17:00:00,24.0,8829.000000000002,0.15000000000000036
2022-07-29 18:00:00,24.0,8829.000000000002,0.4499999999999993
2022-07-29 19:00:00,21.301422035387567,7836.260631268201,0.1999999999999993
2022-07-29 20:00:00,24.0,8829.000000000002,0.05000000000000071
2022-07-29 21:00:00,7.119269098534334,2619.0011196233177,-0.15000000000000036
2022-07-29 22:00:00,4.109265234359581,1511.695948090031,-0.15000000000000036
2022-07-29 23:00:00,5.7166199631374015,2103.0015689391716,-0.14999999999999947
2022-07-30 00:00:00,5.530038972990365,2034.3630871888301,-0.09999999999999964
2022-07-30 01:00:00,6.56748274914347,2416.012716341154,-0.10000000000000053
2022-07-30 02:00:00,5.675269725823198,2087.7898503872084,-0.09999999999999964
2022-07-30 03:00:00,5.938000274031063,2184.4418508091776,-0.20000000000000018
2022-07-30 04:00:00,19.828973799039545,7294.583736321673,0.04999999999999982
2022-07-30 05:00:00,24.0,8829.000000000002,0.7000000000000011
2022-07-30 06:00:00,24.0,8829.000000000002,0.39999999999999947
2022-07-30 07:00:00,18.077415412586074,6650.229194905102,0.2999999999999998
2022-07-30 08:00:00,7.0568787904797095,2596.049285047723,-0.05000000000000071
2022-07-30 09:00:00,8.58135377078556,3156.865518427738,-0.1999999999999993
2022-07-30 10:00:00,5.703431897815689,2098.1500094089465,-0.20000000000000018
2022-07-30 11:00:00,5.918918203454989,2177.4220340960037,-0.20000000000000018
2022-07-30 12:00:00,11.120243822212391,4090.8596960963837,-0.15000000000000036
2022-07-30 13:00:00,9.195232678382368,3382.6962215599137,-0.14999999999999947
2022-07-30 14:00:00,5.105277786002173,1878.1040655255492,-0.14999999999999947
2022-07-30 15:00:00,9.780348833684084,3597.9458271915328,-0.15000000000000036
2022-07-30 16:00:00,7.215747998860282,2654.4932950807265,-0.09999999999999964
2022-07-30 17:00:00,24.0,8829.000000000002,0.049999999999998934
2022-07-30 18:00:00,21.393925059590504,7870.290181296857,0.40000000000000036
2022-07-30 19:00:00,24.0,8829.000000000002,0.3000000000000007
2022-07-30 20:00:00,24.0,8829.000000000002,0.1999999999999993
2022-07-30 21:00:00,9.436705028523345,3471.527862368026,-0.14999999999999947
2022-07-30 22:00:00,7.942754129782573,2921.940675493764,-0.10000000000000053
2022-07-30 23:00:00,6.303714131822797,2318.9788362443114,-0.1999999999999993
2022-07-31 00:00:00,6.306984487604881,2320.181918377645,-0.20000000000000018
2022-07-31 01:00:00,7.3022575683328,2686.318002950429,-0.04999999999999982
2022-07-31 02:00:00,9.363326303335802,3444.5336638396575,-0.25
2022-07-31 03:00:00,5.546739353323291,2040.5067396038057,-0.10000000000000053
2022-07-31 04:00:00,6.383027570144439,2348.156267366885,-0.09999999999999964
2022-07-31 05:00:00,5.851128334983699,2152.483836232128,0.2499999999999991
2022-07-31 06:00:00,15.426914885081988,5675.176313349536,0.6500000000000004
2022-07-31 07:00:00,24.0,8829.000000000002,0.4500000000000002
2022-07-31 08:00:00,15.330858293821406,5639.839494839549,0.10000000000000053
2022-07-31 09:00:00,9.072719437349658,3337.6266630150053,-0.09999999999999964
2022-07-31 10:00:00,5.593115201209964,2057.5672546451156,-0.2500000000000009
2022-07-31 11:00:00,8.349469562115996,3071.5611151634216,-0.2499999999999991
2022-07-31 12:00:00,7.924400518217938,2915.188840639424,-0.15000000000000036
2022-07-31 13:00:00,5.125726166593536,1885.6265135355968,-0.20000000000000018
2022-07-31 14:00:00,6.67309522574362,2454.8649061704346,-0.10000000000000053
2022-07-31 15:00:00,7.938154019506197,2920.2484099258418,-0.1999999999999993
2022-07-31 16:00:00,7.839342864979777,2883.8982564544353,-0.15000000000000036
2022-07-31 17:00:00,6.0318469640042744,2218.9657018830726,0.0
2022-07-31 18:00:00,15.407566840933123,5668.058651608273,0.1999999999999993
2022-07-31 19:00:00,24.0,8829.000000000002,0.45000000000000107
2022-07-31 20:00:00,19.131255384426122,7037.910574545759,0.25
2022-07-31 21:00:00,7.101018714902823,2612.287259744876,-0.05000000000000071
2022-07-31 22:00:00,8.161815069943044,3002.527718855297,-0.15000000000000036
2022-07-31 23:00:00,7.6524833819922975,2815.1573241504166,-0.14999999999999947
2022-08-01 00:00:00,8.936763821602428,3287.611990871993,-0.09999999999999964
2022-08-01 01:00:00,8.06328952933885,2966.282635605529,-0.15000000000000036
2022-08-01 02:00:00,4.605410828035764,1694.2155083636567,-0.09999999999999964
2022-08-01 03:00:00,9.904009074116809,3643.437338140721,-0.20000000000000018
2022-08-01 04:00:00,5.319769374744704,1957.0101587342078,-0.10000000000000009
2022-08-01 05:00:00,9.731728298619275,3580.059547854566,0.0
2022-08-01 06:00:00,13.731479277829159,5051.467939331402,0.6000000000000001
2022-08-01 07:00:00,23.895546621961486,8790.574213554082,0.5999999999999996
2022-08-01 08:00:00,18.749068992233,6897.3137555177145,0.3000000000000007
2022-08-01 09:00:00,6.762052539672036,2487.5900780318498,-0.05000000000000071
2022-08-01 10:00:00,9.548470525413043,3512.6435945363237,-0.25
2022-08-01 11:00:00,6.313274457003237,2322.4958408700654,-0.1999999999999993
2022-08-01 12:00:00,7.945082919003119,2922.7973788282725,-0.25
2022-08-01 13:00:00,8.479512632675135,3119.4007097453655,-0.10000000000000053
2022-08-01 14:00:00,4.791102753117321,1762.5269253030347,-0.20000000000000018
2022-08-01 15:00:00,5.682084570742771,2090.2968614619967,-0.15000000000000036
2022-08-01 16:00:00,9.412309080327704,3462.553202925554,-0.14999999999999947
2022-08-01 17:00:00,6.079993419974709,2236.677579373196,-0.09999999999999964
2022-08-01 18:00:00,14.169154497344067,5212.477710710449,0.04999999999999982
2022-08-01 19:00:00,17.450019052707102,6419.425759014626,0.5
2022-08-01 20:00:00,21.81766000904882,8026.171675828834,0.2999999999999998
2022-08-01 21:00:00,21.62650914643817,7955.852052245941,0.20000000000000018
2022-08-01 22:00:00,7.031425370448016,2586.6856081535634,-0.15000000000000036
2022-08-01 23:00:00,7.939788669996671,2920.8497569750257,-0.09999999999999964
2022-08-02 00:00:00,5.799208383603513,2133.383784118142,-0.20000000000000018
2022-08-02 01:00:00,8.760390533020184,3222.7286673348003,-0.20000000000000018
2022-08-02 02:00:00,8.224274495389428,3025.504979991386,-0.04999999999999982
2022-08-02 03:00:00,7.2308254361781055,2660.039907334021,-0.09999999999999964
2022-08-02 04:00:00,8.191312121936447,3013.3789468573705,-0.15000000000000036
2022-08-02 05:00:00,8.40285761471784,3091.201245014325,-0.1499999999999999
2022-08-02 06:00:00,21.840814857108594,8034.689765558824,0.10000000000000009
2022-08-02 07:00:00,4.714438923750812,1734.3242190748301,0.75
2022-08-02 08:00:00,24.0,8829.000000000002,0.40000000000000036
2022-08-02 09:00:00,24.0,8829.000000000002,0.14999999999999947
2022-08-02 10:00:00,5.2234344999220905,1921.570966658839,-0.10000000000000053
2022-08-02 11:00:00,7.367220267143658,2710.2161557754735,-0.2499999999999991
2022-08-02 12:00:00,5.411074000114418,1990.5988477920919,-0.20000000000000018
2022-08-02 13:00:00,6.713388088560446,2469.687643079174,-0.20000000000000018
2022-08-02 14:00:00,6.980083678129219,2567.7982830917863,-0.20000000000000018
2022-08-02 15:00:00,7.835766727273809,2882.5826847958524,-0.09999999999999964
2022-08-02 16:00:00,5.660740785560678,2082.4450164881346,-0.15000000000000036
2022-08-02 17:00:00,7.840183687714187,2884.2075741178564,-0.14999999999999947
2022-08-02 18:00:00,5.4168037321099645,1992.7066729499531,-0.050000000000000266
2022-08-02 19:00:00,23.94724097144077,8809.591272368772,0.25000000000000044
2022-08-02 20:00:00,19.04281239883107,7005.374611219981,0.5
2022-08-02 21:00:00,21.772922895692457,8009.714010252863,0.29999999999999893
2022-08-02 22:00:00,7.1427128517016305,2627.625490319737,0.0
2022-08-02 23:00:00,5.89329021243945,2167.994136901163,-0.14999999999999858
2022-08-03 00:00:00,4.649943872976305,1710.5981022711585,-0.15000000000000036
2022-08-03 01:00:00,9.034984732422705,3323.7450084400025,-0.20000000000000018
2022-08-03 02:00:00,6.922739122172792,2546.7026545693157,-0.10000000000000053
2022-08-03 03:00:00,7.336664276194324,2698.9753706049873,-0.1999999999999993
2022-08-03 04:00:00,7.193428748804045,2646.282600966288,-0.10000000000000053
2022-08-03 05:00:00,7.848067451571341,2887.107813746807,-0.1499999999999999
2022-08-03 06:00:00,7.306719224691192,2687.959334783272,0.0
2022-08-03 07:00:00,24.0,8829.000000000002,0.3500000000000001
2022-08-03 08:00:00,21.727965630546137,7993.175356337161,0.5999999999999996
2022-08-03 09:00:00,14.768204539748247,5432.853245059886,0.25
2022-08-03 10:00:00,22.936401761475505,8437.728798002801,0.05000000000000071
2022-08-03 11:00:00,7.209741133871247,2652.283519622885,-0.15000000000000036
2022-08-03 12:00:00,8.943720452380541,3290.1711614194915,-0.25
2022-08-03 13:00:00,5.520226700058135,2030.7533972838862,-0.15000000000000036
2022-08-03 14:00:00,6.8177313726291136,2508.0729287059353,-0.25
2022-08-03 15:00:00,5.93225958989925,2182.329996634186,-0.04999999999999982
2022-08-03 16:00:00,5.472126908280522,2013.058686383697,-0.20000000000000018
2022-08-03 17:00:00,9.510417402615827,3498.644801987298,-0.14999999999999947
2022-08-03 18:00:00,5.960660060027915,2192.777819582769,-0.10000000000000053
2022-08-03 19:00:00,8.48223218172977,3120.4011638538395,0.0
2022-08-03 20:00:00,24.0,8829.000000000002,0.40000000000000036
2022-08-03 21:00:00,24.0,8829.000000000002,0.40000000000000036
2022-08-03 22:00:00,1.345077379633831,494.82034103279557,0.1999999999999993
2022-08-03 23:00:00,9.18272386476121,3378.0945417490298,-0.049999999999998934
2022-08-04 00:00:00,7.934357867747744,2918.8519005977014,-0.15000000000000036
2022-08-04 01:00:00,5.829505897827689,2144.5294821633615,-0.20000000000000018
2022-08-04 02:00:00,6.835918799598094,2514.7636284021487,-0.20000000000000018
2022-08-04 03:00:00,7.535500839057136,2772.1223711681437,-0.09999999999999964
2022-08-04 04:00:00,10.085994481452026,3710.3852198641634,-0.10000000000000053
2022-08-04 05:00:00,7.582814115472655,2789.527742729503,-0.09999999999999964
2022-08-04 06:00:00,6.650388578988793,2446.5116984955025,-0.10000000000000053
2022-08-04 07:00:00,9.570066805705952,3520.5883261490776,-0.04999999999999982
2022-08-04 08:00:00,11.748107838678541,4321.835171153868,0.4500000000000002
2022-08-04 09:00:00,19.092103593783403,7023.507609563069,0.4500000000000002
2022-08-04 10:00:00,7.293479659302424,2683.088829665879,0.20000000000000018
2022-08-04 11:00:00,8.216785561951305,3022.7499886028363,-0.05000000000000071
2022-08-04 12:00:00,6.885372287038075,2532.9563300941318,-0.25
2022-08-04 13:00:00,7.5557193229770085,2779.560245940167,-0.14999999999999947
2022-08-04 14:00:00,8.830422168576892,3248.4915552652237,-0.15000000000000036
2022-08-04 15:00:00,7.887083104861661,2901.4606972009833,-0.25
2022-08-04 16:00:00,5.985598274788245,2201.951965337726,-0.09999999999999964
2022-08-04 17:00:00,9.922550743896458,3650.2583549109095,0.0
2022-08-04 18:00:00,9.422925684550966,3466.458786204187,-0.050000000000000266
2022-08-04 19:00:00,9.633289473258627,3543.846364975017,-0.10000000000000009
2022-08-04 20:00:00,4.725196919572614,1738.2818167877756,0.15000000000000036
2022-08-04 21:00:00,8.596999448610253,3162.621172157497,0.2999999999999998
2022-08-04 22:00:00,12.667466341610046,4660.044180419796,0.34999999999999964
2022-08-04 23:00:00,24.0,8829.000000000002,0.05000000000000071
2022-08-05 00:00:00,6.915439708344312,2544.017382707164,-0.10000000000000053
2022-08-05 01:00:00,7.666966027365639,2820.485127317135,-0.14999999999999947
2022-08-05 02:00:00,6.219916770842012,2288.151882073505,-0.20000000000000018
2022-08-05 03:00:00,7.416743958299595,2728.434683659463,-0.10000000000000053
2022-08-05 04:00:00,8.04960823218094,2961.2496284135627,-0.09999999999999964
2022-08-05 05:00:00,4.854633911615228,1785.898450235452,-0.04999999999999982
2022-08-05 06:00:00,6.188915888574235,2276.7474325092467,-0.050000000000000266
2022-08-05 07:00:00,7.905439028714404,2908.2133826883114,-0.050000000000000266
2022-08-05 08:00:00,7.938867107823642,2920.510737290622,0.0
2022-08-05 09:00:00,23.163367899542685,8521.223966044265,0.3000000000000007
2022-08-05 10:00:00,16.712242023541904,6148.016034410478,0.29999999999999893
2022-08-05 11:00:00,24.0,8829.000000000002,0.05000000000000071
2022-08-05 12:00:00,6.660098839360661,2450.083860529803,0.0
2022-08-05 13:00:00,10.458848701337612,3847.548966004574,-0.15000000000000036
2022-08-05 14:00:00,9.796375828407573,3603.841757875436,-0.1999999999999993
2022-08-05 15:00:00,7.376328609851829,2713.5668873492414,-0.15000000000000036
2022-08-05 16:00:00,8.578474227759605,3155.806206537064,-0.10000000000000009
2022-08-05 17:00:00,4.789510206310526,1761.9410671464848,-0.050000000000000266
2022-08-05 18:00:00,24.0,8829.000000000002,4.440892098500626e-16
2022-08-05 19:00:00,6.765823123814475,2488.97718167325,-0.20000000000000018
2022-08-05 20:00:00,5.294579665130219,1947.7434943097792,0.10000000000000009
2022-08-05 21:00:00,23.569999761257286,8670.813662172524,0.1499999999999999
2022-08-05 22:00:00,24.0,8829.000000000002,0.2999999999999994
2022-08-05 23:00:00,24.0,8829.000000000002,0.25
2022-08-06 00:00:00,0.0,0.0,0.05000000000000071
2022-08-06 01:00:00,6.251694342406823,2299.84205621291,-0.04999999999999982
2022-08-06 02:00:00,6.069964622603503,2232.9882355402633,-0.20000000000000018
2022-08-06 03:00:00,9.120452454545928,3355.1864467160835,-0.15000000000000036
2022-08-06 04:00:00,5.195654311650269,1911.3513298983426,-0.09999999999999964
2022-08-06 05:00:00,7.170864973204839,2637.9819520177302,-0.10000000000000009
2022-08-06 06:00:00,9.261221461388436,3406.9718451082713,-0.10000000000000009
2022-08-06 07:00:00,8.683305467225692,3194.370998755651,0.0
2022-08-06 08:00:00,7.277587463824112,2677.2424882542955,-0.04999999999999982
2022-08-06 09:00:00,17.056872434577297,6274.796946870123,0.04999999999999982
2022-08-06 10:00:00,23.75966554917025,8740.586963901005,0.15000000000000036
2022-08-06 11:00:00,21.28859143898873,7831.540575617978,0.2499999999999991
2022-08-06 12:00:00,24.0,8829.000000000002,0.15000000000000036
2022-08-06 13:00:00,7.115278702877281,2617.5331528209795,-0.09999999999999964
2022-08-06 14:00:00,6.194464935451858,2278.7887881293523,-0.15000000000000036
2022-08-06 15:00:00,7.912485239049461,2910.8055073153205,-0.19999999999999973
2022-08-06 16:00:00,9.547551108102317,3512.3053638931397,-0.050000000000000266
2022-08-06 17:00:00,24.0,8829.000000000002,4.440892098500626e-16
2022-08-06 18:00:00,7.98882262554406,2938.8881233720213,-0.10000000000000009
2022-08-06 19:00:00,6.429348180630628,2365.1964619494925,-0.04999999999999982
2022-08-06 20:00:00,5.234789082560133,1925.748033746809,-0.050000000000000266
2022-08-06 21:00:00,6.899970730895344,2538.326732628125,0.0
2022-08-06 22:00:00,24.0,8829.000000000002,0.19999999999999973
2022-08-06 23:00:00,18.421520140482066,6776.816721679841,0.25
2022-08-07 00:00:00,23.00526360834074,8463.06134991835,0.25
2022-08-07 01:00:00,13.882187158416082,5106.909600902316,0.09999999999999964
2022-08-07 02:00:00,9.849609965758397,3623.4252661533706,-0.09999999999999964
2022-08-07 03:00:00,9.371654067381678,3447.597240038035,-0.1999999999999993
2022-08-07 04:00:00,9.819230098417382,3612.2492724552944,-0.10000000000000053
2022-08-07 05:00:00,6.638383544878664,2442.0953465722387,-0.1499999999999999
2022-08-07 06:00:00,6.392770204541775,2351.740338995806,-0.050000000000000266
2022-08-07 07:00:00,7.753351429807708,2852.2641572405105,-0.04999999999999982
2022-08-07 08:00:00,8.577594437813742,3155.4825538107307,-0.09999999999999964
2022-08-07 09:00:00,6.694505844046664,2462.7413373786662,0.0
2022-08-07 10:00:00,6.995825192351576,2573.589192636336,-0.050000000000000266
2022-08-07 11:00:00,12.552676358365403,4617.815815333673,0.10000000000000009
2022-08-07 12:00:00,22.103131835026147,8131.189623810244,0.1499999999999999
2022-08-07 13:00:00,15.657266803193963,5759.91702522498,0.1499999999999999
2022-08-07 14:00:00,8.203984670708564,3018.040860736913,-0.09999999999999964
2022-08-07 15:00:00,5.254256353260586,1932.909555955738,-0.10000000000000053
2022-08-07 16:00:00,12.313492767083906,4529.8261516909915,-0.09999999999999964
2022-08-07 17:00:00,7.392134327344749,2719.3814156719495,-0.04999999999999982
2022-08-07 18:00:00,5.483773321707542,2017.3431107231618,-0.050000000000000266
2022-08-07 19:00:00,6.5669332614624825,2415.810573560511,-0.10000000000000009
2022-08-07 20:00:00,13.498388643524795,4965.719722236684,0.04999999999999982
2022-08-07 21:00:00,9.702506131838252,3569.3094432499965,-0.04999999999999982
2022-08-07 22:00:00,5.648589274502762,2077.9747793577035,-0.04999999999999982
2022-08-07 23:00:00,18.82441817470342,6925.03283601902,0.15000000000000036
2022-08-08 00:00:00,24.0,8829.000000000002,0.2999999999999998
2022-08-08 01:00:00,5.056398335209047,1860.122537565028,0.2499999999999991
2022-08-08 02:00:00,24.0,8829.000000000002,0.20000000000000107
2022-08-08 03:00:00,7.004463909340441,2576.7671606486147,-0.09999999999999964
2022-08-08 04:00:00,7.207623523104492,2651.504503562065,-0.15000000000000036
2022-08-08 05:00:00,6.966500699646237,2562.8014448823596,-0.15000000000000036
2022-08-08 06:00:00,7.875063375735725,2897.0389393487794,-0.10000000000000009
2022-08-08 07:00:00,6.232307796280876,2292.7102305568274,-0.050000000000000266
2022-08-08 08:00:00,6.275305490611036,2308.5280073585345,-0.14999999999999947
2022-08-08 09:00:00,7.964341185356337,2929.8820135629626,-0.10000000000000053
2022-08-08 10:00:00,24.0,8829.000000000002,0.050000000000000266
2022-08-08 11:00:00,9.194813043385246,3382.541848335348,-0.1499999999999999
2022-08-08 12:00:00,21.670117045219428,7971.894308010096,0.09999999999999964
2022-08-08 13:00:00,24.0,8829.000000000002,0.050000000000000266
2022-08-08 14:00:00,0.0,0.0,0.10000000000000009
2022-08-08 15:00:00,6.924553438932659,2547.3700963473516,0.0
2022-08-08 16:00:00,9.459170673508403,3479.7924115169044,0.0
2022-08-08 17:00:00,5.9026347764063205,2171.4317683704758,-0.04999999999999982
2022-08-08 18:00:00,9.330239902370154,3432.3620040844207,-0.050000000000000266
2022-08-08 19:00:00,6.795556120076505,2499.9152076731443,-0.1499999999999999
2022-08-08 20:00:00,7.23049156233393,2659.9170834935944,0.0
2022-08-08 21:00:00,7.269504572930366,2674.2689947667586,-0.04999999999999982
2022-08-08 22:00:00,6.421135884747518,2362.1753636014932,-0.04999999999999982
2022-08-08 23:00:00,6.649100701466736,2446.037920552076,0.0
2022-08-09 00:00:00,17.72802228089449,6521.696196584059,0.1999999999999993
2022-08-09 01:00:00,24.0,8829.000000000002,0.20000000000000018
2022-08-09 02:00:00,24.0,8829.000000000002,0.35000000000000053
2022-08-09 03:00:00,24.0,8829.000000000002,0.1999999999999993
2022-08-09 04:00:00,11.81227121395694,4345.439272834409,0.05000000000000071
2022-08-09 05:00:00,7.534157468103878,2771.6281785787146,-0.05000000000000071
2022-08-09 06:00:00,6.025870458545963,2216.7670949375965,-0.25
2022-08-09 07:00:00,8.593152524758755,3161.2059850456267,-0.09999999999999964
2022-08-09 08:00:00,5.767806403821198,2121.8317808057236,-0.15000000000000036
2022-08-09 09:00:00,5.703305417891956,2098.1034806070033,-0.14999999999999947
2022-08-09 10:00:00,9.000676493360327,3311.1238649949305,-0.050000000000000266
2022-08-09 11:00:00,5.416552342271023,1992.6141929129526,-0.050000000000000266
2022-08-09 12:00:00,4.482176768267053,1648.8807786262423,-0.04999999999999982
2022-08-09 13:00:00,4.483016830336704,1649.1898164601155,-0.09999999999999964
2022-08-09 14:00:00,22.169861201847816,8155.7376896297665,0.09999999999999964
2022-08-09 15:00:00,17.38443693870496,6395.299738826087,0.15000000000000036
2022-08-09 16:00:00,24.0,8829.000000000002,0.09999999999999964
2022-08-09 17:00:00,4.765177176150995,1752.989553676547,0.0
2022-08-09 18:00:00,4.800876684189253,1766.1225101961215,-0.09999999999999964
2022-08-09 19:00:00,5.812549801875111,2138.291758364807,-0.04999999999999982
2022-08-09 20:00:00,7.126609079605419,2621.7013151598435,-0.05000000000000071
2022-08-09 21:00:00,9.475980189796894,3485.976212321533,-0.14999999999999947
2022-08-09 22:00:00,6.9152341035715255,2543.941745851375,0.0
2022-08-09 23:00:00,9.478976733171535,3487.0785657154793,-0.10000000000000009
2022-08-10 00:00:00,8.093937986017819,2977.557436606306,-0.050000000000000266
2022-08-10 01:00:00,24.0,8829.000000000002,0.050000000000000266
2022-08-10 02:00:00,24.0,8829.000000000002,0.3999999999999999
2022-08-10 03:00:00,24.0,8829.000000000002,0.4499999999999993
2022-08-10 04:00:00,21.95697294795416,8077.421423228637,0.25
2022-08-10 05:00:00,24.0,8829.000000000002,0.15000000000000036
2022-08-10 06:00:00,8.754362764609512,3220.5112020307242,-0.14999999999999947
2022-08-10 07:00:00,6.786082375050942,2496.430053721865,-0.25
2022-08-10 08:00:00,5.652586709332018,2079.4453356955164,-0.20000000000000018
2022-08-10 09:00:00,9.571764104103261,3521.2127197969876,-0.10000000000000009
2022-08-10 10:00:00,4.702163108513122,1729.8082535442645,-0.10000000000000009
2022-08-10 11:00:00,5.452134173394642,2005.7038590375535,-0.09999999999999964
2022-08-10 12:00:00,7.0267665279317875,2584.971736462906,-0.10000000000000053
2022-08-10 13:00:00,7.596893901354619,2794.7073439608303,0.0
2022-08-10 14:00:00,5.882513853079792,2164.0297837017283,-0.09999999999999964
2022-08-10 15:00:00,24.0,8829.000000000002,0.09999999999999964
2022-08-10 16:00:00,24.0,8829.000000000002,0.25
2022-08-10 17:00:00,17.78727311652734,6543.493097742496,0.15000000000000036
2022-08-10 18:00:00,7.0178347624794,2581.685963247109,0.0
2022-08-10 19:00:00,8.77832155273348,3229.3250412118296,-0.10000000000000009
2022-08-10 20:00:00,9.779736112257794,3597.7204222968353,0.0
2022-08-10 21:00:00,5.933122610789306,2182.647480444116,-0.19999999999999973
2022-08-10 22:00:00,24.0,8829.000000000002,0.04999999999999982
2022-08-10 23:00:00,8.652931924868389,3183.1973318609585,-0.15000000000000036
2022-08-11 00:00:00,17.611755410558278,6478.924521659127,4.440892098500626e-16
2022-08-11 01:00:00,5.315787759196574,1955.5454219144397,-0.10000000000000009
2022-08-11 02:00:00,24.0,8829.000000000002,0.04999999999999982
2022-08-11 03:00:00,21.330367187707033,7846.908829177725,0.3500000000000001
2022-08-11 04:00:00,24.0,8829.000000000002,0.6000000000000001
2022-08-11 05:00:00,22.467066433775667,8265.072064325224,0.3000000000000007
2022-08-11 06:00:00,18.209503501236245,6698.821100517283,0.09999999999999964
2022-08-11 07:00:00,7.392113739324467,2719.3738418539883,-0.25
2022-08-11 08:00:00,6.7931553481083755,2499.0320236853686,-0.3000000000000007
2022-08-11 09:00:00,9.436803177929916,3471.5639690809685,-0.04999999999999982
2022-08-11 10:00:00,6.2594434360389855,2302.6927540328415,-0.14999999999999947
2022-08-11 11:00:00,7.649486738938316,2814.054934086933,-0.09999999999999964
2022-08-11 12:00:00,5.875531103133414,2161.4610045652043,-0.20000000000000062
2022-08-11 13:00:00,7.264645367526192,2672.4814145786986,-0.1499999999999999
2022-08-11 14:00:00,8.522109404108546,3135.0709970364314,-0.050000000000000266
2022-08-11 15:00:00,5.625549732619003,2069.4991078872154,-0.10000000000000009
2022-08-11 16:00:00,7.397401855928831,2721.319207749819,0.30000000000000027
2022-08-11 17:00:00,11.705181507369748,4306.043647023646,0.24999999999999956
2022-08-11 18:00:00,24.0,8829.000000000002,0.20000000000000107
2022-08-11 19:00:00,6.273779883814648,2307.9667747583135,-0.05000000000000071
2022-08-11 20:00:00,3.5491697269874063,1305.6508133154919,-0.20000000000000018
2022-08-11 21:00:00,5.7502066448979186,2115.3572694918216,-0.10000000000000009
2022-08-11 22:00:00,6.910973921782284,2542.374531475658,-0.10000000000000009
2022-08-11 23:00:00,8.840598804547303,3252.2352852228387,-0.09999999999999964
2022-08-12 00:00:00,7.1249687355002,2621.0978735721365,0.0
2022-08-12 01:00:00,5.936933528572858,2184.04942182374,-0.1499999999999999
2022-08-12 02:00:00,7.675015512888246,2823.4463318037633,-0.050000000000000266
2022-08-12 03:00:00,8.937058105249074,3287.7202504685033,0.0
2022-08-12 04:00:00,24.0,8829.000000000002,0.6000000000000005
2022-08-12 05:00:00,24.0,8829.000000000002,0.5499999999999989
2022-08-12 06:00:00,10.387923324579567,3821.4572930297086,0.3000000000000007
2022-08-12 07:00:00,9.05398267093433,3330.7338750699664,0.0
2022-08-12 08:00:00,9.442590890051799,3473.6931236778055,-0.34999999999999964
2022-08-12 09:00:00,4.334801469773814,1594.6650906930417,-0.20000000000000018
2022-08-12 10:00:00,9.433068085893936,3470.1899220982323,-0.20000000000000018
2022-08-12 11:00:00,8.964745221682085,3297.905648426298,-0.04999999999999982
2022-08-12 12:00:00,7.8756158870934,2897.242194464485,-0.25
2022-08-12 13:00:00,4.532892901092212,1667.5379759892976,0.0
2022-08-12 14:00:00,8.37420079205796,3080.659116378322,-0.15000000000000036
2022-08-12 15:00:00,9.390771304732992,3454.629993728649,-0.10000000000000009
2022-08-12 16:00:00,24.0,8829.000000000002,4.440892098500626e-16
2022-08-12 17:00:00,14.78455140680917,5438.866848779924,0.39999999999999947
2022-08-12 18:00:00,2.8727268399759964,1056.8043862561697,0.3000000000000007
2022-08-12 19:00:00,14.45304410591472,5316.913600463377,0.1999999999999993
2022-08-12 20:00:00,8.234281546379128,3029.186323874222,-0.14999999999999947
2022-08-12 21:00:00,7.033370054262427,2587.4010087117904,-0.20000000000000018
2022-08-12 22:00:00,9.015900581464395,3316.7244264062147,-0.15000000000000036
2022-08-12 23:00:00,4.7896840755097925,1762.005029278165,-0.14999999999999947
2022-08-13 00:00:00,9.916903461010067,3648.1808607190787,0.04999999999999982
2022-08-13 01:00:00,7.138920746363514,2626.230469568478,-0.20000000000000018
2022-08-13 02:00:00,7.184825861417014,2643.117813768784,-0.10000000000000009
2022-08-13 03:00:00,8.090752590119518,2976.3856090902177,-0.04999999999999982
2022-08-13 04:00:00,17.85475429206584,6568.317735193721,0.10000000000000009
2022-08-13 05:00:00,20.45202606126038,7523.789087286161,0.5999999999999996
2022-08-13 06:00:00,24.0,8829.000000000002,0.4500000000000002
2022-08-13 07:00:00,22.564331346903487,8300.853394242122,0.2500000000000009
2022-08-13 08:00:00,8.91529110721821,3279.7127160678992,-8.881784197001252e-16
2022-08-13 09:00:00,7.6313518318533955,2807.3835551430675,-0.2999999999999998
2022-08-13 10:00:00,8.904808967941799,3275.8565990815887,-0.34999999999999964
2022-08-13 11:00:00,6.313332678269712,2322.51725901847,-0.15000000000000036
2022-08-13 12:00:00,9.772821026376121,3595.176535078115,-0.15000000000000036
2022-08-13 13:00:00,6.766736822660421,2489.3133086362027,-0.09999999999999964
2022-08-13 14:00:00,7.904843952048029,2907.994468859669,-0.09999999999999964
2022-08-13 15:00:00,4.781297706693909,1758.9198938500222,-0.05000000000000071
2022-08-13 16:00:00,6.0039317177232725,2208.696380657449,-0.19999999999999973
2022-08-13 17:00:00,24.0,8829.000000000002,0.1499999999999999
2022-08-13 18:00:00,24.0,8829.000000000002,0.39999999999999947
2022-08-13 19:00:00,24.0,8829.000000000002,0.3000000000000007
2022-08-13 20:00:00,13.14508663420131,4835.748745556807,0.25
2022-08-13 21:00:00,9.517580869298426,3501.280062293159,-0.2999999999999998
2022-08-13 22:00:00,7.3450455601566205,2702.0586354426173,-0.14999999999999947
2022-08-13 23:00:00,6.386898147597751,2349.5801560475225,-0.20000000000000107
2022-08-14 00:00:00,5.128921804877049,1886.8021089691442,-0.09999999999999964
2022-08-14 01:00:00,6.495549247499672,2389.5501794239417,-0.10000000000000009
2022-08-14 02:00:00,7.961560341524929,2928.8590106384836,-0.050000000000000266
2022-08-14 03:00:00,8.270486148129072,3042.5050917429826,-0.14999999999999947
2022-08-14 04:00:00,4.615174891906457,1697.8074633600877,-0.04999999999999982
2022-08-14 05:00:00,24.0,8829.000000000002,0.34999999999999964
2022-08-14 06:00:00,24.0,8829.000000000002,0.6500000000000004
2022-08-14 07:00:00,17.96638646475451,6609.384420721566,0.34999999999999964
2022-08-14 08:00:00,24.0,8829.000000000002,0.1999999999999993
2022-08-14 09:00:00,8.130513057622228,2991.012491072777,-0.1999999999999993
2022-08-14 10:00:00,7.2307706584956115,2660.019755994073,-0.34999999999999964
2022-08-14 11:00:00,7.792322945354684,2866.600803522355,-0.20000000000000107
2022-08-14 12:00:00,5.202518507023269,1913.876495771185,-0.09999999999999964
2022-08-14 13:00:00,7.587426767982155,2791.2246222714352,-0.1999999999999993
2022-08-14 14:00:00,8.209034530287195,3019.8985778294023,-0.20000000000000018
2022-08-14 15:00:00,7.890381314374384,2902.674026025476,0.0
2022-08-14 16:00:00,7.048872674741941,2593.104035220692,-0.10000000000000009
2022-08-14 17:00:00,7.7353302188196,2845.6346042482605,-0.1499999999999999
2022-08-14 18:00:00,22.242581540510162,8182.489684215177,0.2999999999999998
2022-08-14 19:00:00,24.0,8829.000000000002,0.4500000000000002
2022-08-14 20:00:00,24.0,8829.000000000002,0.34999999999999964
2022-08-14 21:00:00,7.643394895693811,2811.813897253361,-0.04999999999999982
2022-08-14 22:00:00,5.550632796301802,2041.9390399395252,-0.2999999999999998
2022-08-14 23:00:00,5.769335414051435,2122.394265444171,-0.20000000000000018
2022-08-15 00:00:00,6.432212044458973,2366.250005855345,-0.04999999999999982
2022-08-15 01:00:00,9.155612035481223,3368.1207775526545,-0.10000000000000053
2022-08-15 02:00:00,8.862539251366394,3260.3066270964123,-0.19999999999999973
2022-08-15 03:00:00,8.029181551400846,2953.7351632215864,-0.10000000000000009
2022-08-15 04:00:00,5.846823242394693,2150.900100295948,-0.09999999999999964
2022-08-15 05:00:00,6.6322759433894225,2439.848512674384,-0.04999999999999982
2022-08-15 06:00:00,24.0,8829.000000000002,0.6500000000000004
2022-08-15 07:00:00,24.0,8829.000000000002,0.34999999999999964
2022-08-15 08:00:00,5.346000364339449,1966.6598840313752,0.34999999999999964
2022-08-15 09:00:00,24.0,8829.000000000002,0.09999999999999964
2022-08-15 10:00:00,7.372965304738648,2712.3296114807304,-0.39999999999999947
2022-08-15 11:00:00,6.281889349217951,2310.9500443435536,-0.2500000000000009
2022-08-15 12:00:00,6.753594512954155,2484.47858145301,-0.14999999999999947
2022-08-15 13:00:00,7.252354906908019,2667.9600613787875,-0.20000000000000018
2022-08-15 14:00:00,6.903639342792676,2539.676323229856,-0.09999999999999964
2022-08-15 15:00:00,5.224611485628255,1922.0039502754944,-0.10000000000000009
2022-08-15 16:00:00,5.068259040513772,1864.485794529004,-0.10000000000000009
2022-08-15 17:00:00,6.748086092643497,2482.4521713312265,-0.04999999999999982
2022-08-15 18:00:00,7.312944822181432,2690.2495764599944,0.0
2022-08-15 19:00:00,24.0,8829.000000000002,0.34999999999999964
2022-08-15 20:00:00,22.549536661879763,8295.410799489018,0.40000000000000036
2022-08-15 21:00:00,24.0,8829.000000000002,0.15000000000000036
2022-08-15 22:00:00,7.253083446697795,2668.228072953951,-0.15000000000000036
2022-08-15 23:00:00,6.366370418009689,2342.0285175253143,-0.1999999999999993
2022-08-16 00:00:00,9.296698617939487,3420.023004074488,-0.15000000000000036
2022-08-16 01:00:00,7.935458754889519,2919.2568894549813,-0.15000000000000036
2022-08-16 02:00:00,7.327011289715391,2695.424278204049,-0.10000000000000009
2022-08-16 03:00:00,7.8150353405556565,2874.9561259069123,-0.050000000000000266
2022-08-16 04:00:00,5.819004768751556,2140.6663793044786,-0.04999999999999938
2022-08-16 05:00:00,6.701785405601145,2465.419306085521,-0.20000000000000018
2022-08-16 06:00:00,20.735304443759546,7628.000122248042,0.10000000000000009
2022-08-16 07:00:00,23.46260068092193,8631.304225494156,0.5499999999999998
2022-08-16 08:00:00,10.282160945788206,3782.549957931836,0.40000000000000036
2022-08-16 09:00:00,24.0,8829.000000000002,0.2999999999999998
2022-08-16 10:00:00,7.319928739926313,2692.8187852003925,-0.15000000000000036
2022-08-16 11:00:00,6.312084299045932,2322.0580115115217,-0.2999999999999998
2022-08-16 12:00:00,5.747106741856608,2114.2168926604995,-0.25
2022-08-16 13:00:00,8.707032703034264,3203.0996556287296,-0.09999999999999964
2022-08-16 14:00:00,5.3330850650163235,1961.9086682928798,-0.15000000000000036
2022-08-16 15:00:00,7.280824723814617,2678.433395273302,-0.1499999999999999
2022-08-16 16:00:00,9.424980677839018,3467.214766860029,-0.050000000000000266
2022-08-16 17:00:00,5.941946875708139,2185.8937069011317,-0.09999999999999964
2022-08-16 18:00:00,7.457129647033232,2743.2915689023503,-0.050000000000000266
2022-08-16 19:00:00,24.0,8829.000000000002,0.20000000000000018
2022-08-16 20:00:00,9.138015440249168,3361.6474300816626,0.4500000000000006
2022-08-16 21:00:00,24.0,8829.000000000002,0.29999999999999893
2022-08-16 22:00:00,23.783214821916584,8749.250152612563,0.10000000000000053
2022-08-16 23:00:00,6.724680918869986,2473.841993029296,-0.25
2022-08-17 00:00:00,7.472056616506439,2748.7828277973063,-0.20000000000000018
2022-08-17 01:00:00,9.01039174595393,3314.6978635428027,-0.09999999999999964
2022-08-17 02:00:00,7.7136134554718225,2837.6455499316967,-0.20000000000000018
2022-08-17 03:00:00,5.4925160667032795,2020.5593480384691,-0.050000000000000266
2022-08-17 04:00:00,9.09751467945915,3346.7482127060343,-0.20000000000000018
2022-08-17 05:00:00,24.0,8829.000000000002,0.050000000000000266
2022-08-17 06:00:00,6.967003066172182,2562.9862529680913,-0.04999999999999982
2022-08-17 07:00:00,17.45372945770616,6420.790724253653,0.25
2022-08-17 08:00:00,10.882108813423931,4003.255779738329,0.4500000000000002
2022-08-17 09:00:00,22.727051541786427,8360.714085934682,0.29999999999999893
2022-08-17 10:00:00,22.36022511245312,8225.76781324369,0.05000000000000071
2022-08-17 11:00:00,4.7536319358487225,1748.7423484003489,-0.2999999999999998
2022-08-17 12:00:00,8.144223482382547,2996.0562135814794,-0.15000000000000036
2022-08-17 13:00:00,5.139899076894475,1890.8403729125546,-0.14999999999999947
2022-08-17 14:00:00,8.078919369465593,2972.0324630421555,-0.09999999999999964
2022-08-17 15:00:00,7.912812134273809,2910.9257638959766,-0.1500000000000008
2022-08-17 16:00:00,5.8670657746258215,2158.346821840474,-0.050000000000000266
2022-08-17 17:00:00,5.852635507221262,2153.0382872190216,-0.09999999999999964
2022-08-17 18:00:00,9.070067455610385,3336.65106523267,-0.04999999999999982
2022-08-17 19:00:00,7.283362976873041,2679.3671551171697,-0.10000000000000009
2022-08-17 20:00:00,24.0,8829.000000000002,0.5500000000000003
2022-08-17 21:00:00,24.0,8829.000000000002,0.1999999999999993
2022-08-17 22:00:00,21.719261679697965,7989.973390418888,0.3000000000000007
2022-08-17 23:00:00,5.174910349303137,1903.7201447498915,-0.15000000000000036
2022-08-18 00:00:00,5.194916364521512,1911.079857598351,-0.25
2022-08-18 01:00:00,5.898519784353155,2169.917965668917,-0.15000000000000036
2022-08-18 02:00:00,7.674413650520172,2823.2249216851087,-0.09999999999999964
2022-08-18 03:00:00,7.097245846379939,2610.8993157370196,-0.10000000000000009
2022-08-18 04:00:00,4.496006031939525,1653.968218999753,-0.050000000000000266
2022-08-18 05:00:00,7.962739714562312,2929.292872494611,-0.04999999999999982
2022-08-18 06:00:00,6.848311243253338,2519.3224986118216,-0.09999999999999964
2022-08-18 07:00:00,7.435262616989899,2735.247235225159,0.0
2022-08-18 08:00:00,24.0,8829.000000000002,0.4500000000000002
2022-08-18 09:00:00,5.2233625980620335,1921.5445157620707,0.1999999999999993
2022-08-18 10:00:00,22.929692011606008,8435.26044876956,0.20000000000000018
2022-08-18 11:00:00,5.219097816623805,1919.9756092904822,-0.04999999999999982
2022-08-18 12:00:00,6.997441868619434,2574.1839274183744,-0.25
2022-08-18 13:00:00,8.110400568614393,2983.6136091790195,-0.09999999999999964
2022-08-18 14:00:00,7.752560377113712,2851.9731487307063,-0.15000000000000036
2022-08-18 15:00:00,6.747149180039575,2482.107504607058,-0.10000000000000009
2022-08-18 16:00:00,7.649693254623192,2814.1309060445074,-0.10000000000000009
2022-08-18 17:00:00,8.222963044298615,3025.0225299213525,-0.04999999999999982
2022-08-18 18:00:00,5.749745690887079,2115.187696035084,-0.09999999999999964
2022-08-18 19:00:00,7.22712920337716,2658.680155692373,0.0
2022-08-18 20:00:00,24.0,8829.000000000002,0.14999999999999947
2022-08-18 21:00:00,23.990296727595172,8825.430408664075,0.40000000000000036
2022-08-18 22:00:00,24.0,8829.000000000002,0.20000000000000018
2022-08-18 23:00:00,24.0,8829.000000000002,0.14999999999999947
2022-08-19 00:00:00,8.531435265402658,3138.501748260003,-0.20000000000000018
2022-08-19 01:00:00,7.4602920224261915,2744.4549277500355,-0.1999999999999993
2022-08-19 02:00:00,8.393744753918716,3087.8488513478474,-0.05000000000000071
2022-08-19 03:00:00,9.007944110170127,3313.797439528835,-0.1999999999999993
2022-08-19 04:00:00,9.84184177781309,3620.567544012991,-4.440892098500626e-16
2022-08-19 05:00:00,7.433424493460689,2734.571035531851,-0.10000000000000009
2022-08-19 06:00:00,8.206907422593881,3019.1160680867238,-0.04999999999999982
2022-08-19 07:00:00,9.548588778208936,3512.6870967836126,-0.04999999999999982
2022-08-19 08:00:00,7.555553125622551,2779.499106088396,0.04999999999999982
2022-08-19 09:00:00,11.056502416961926,4067.4108266398675,0.25
2022-08-19 10:00:00,24.0,8829.000000000002,0.15000000000000036
2022-08-19 11:00:00,24.0,8829.000000000002,0.09999999999999964
2022-08-19 12:00:00,6.913451929543701,2543.286128580889,-0.15000000000000036
2022-08-19 13:00:00,8.81185591466029,3241.6614946056543,-0.09999999999999964
2022-08-19 14:00:00,9.302119618344337,3422.017254598423,-0.09999999999999964
2022-08-19 15:00:00,8.393888731918357,3087.901817254466,-0.10000000000000053
2022-08-19 16:00:00,6.39433607247705,2352.3163826624946,-0.04999999999999982
2022-08-19 17:00:00,8.705869547324767,3202.671759722099,-0.09999999999999964
2022-08-19 18:00:00,7.792024388732324,2866.4909720049036,-0.050000000000000266
2022-08-19 19:00:00,7.79551772232655,2867.7760821008796,-0.15000000000000036
2022-08-19 20:00:00,16.094327354708806,5920.7006756135015,0.050000000000000266
2022-08-19 21:00:00,19.604096569127883,7211.857025367919,0.2999999999999998
2022-08-19 22:00:00,24.0,8829.000000000002,0.20000000000000018
2022-08-19 23:00:00,24.0,8829.000000000002,0.1999999999999993
2022-08-20 00:00:00,21.20364079198888,7800.28935635291,0.05000000000000071
2022-08-20 01:00:00,6.474681913735537,2381.873609015461,-0.20000000000000018
2022-08-20 02:00:00,5.146112135520284,1893.126001854525,-0.04999999999999982
2022-08-20 03:00:00,4.600825788999407,1692.5287871281566,-0.1499999999999999
2022-08-20 04:00:00,8.545057720489543,3143.513108925091,-0.10000000000000009
2022-08-20 05:00:00,5.396516651680995,1985.2435632371457,0.0
2022-08-20 06:00:00,7.676814673463125,2824.108198000247,0.0
2022-08-20 07:00:00,8.44887504244542,3108.129906239609,-0.1499999999999999
2022-08-20 08:00:00,4.937315464240044,1816.3149264073058,-0.050000000000000266
2022-08-20 09:00:00,22.990586037942766,8457.661838708194,0.04999999999999982
2022-08-20 10:00:00,24.0,8829.000000000002,0.20000000000000018
2022-08-20 11:00:00,17.785463786397766,6542.827490421078,0.10000000000000009
2022-08-20 12:00:00,6.242151333993959,2296.3314219930276,0.0
2022-08-20 13:00:00,8.285893553422424,3048.1730909652742,-0.050000000000000266
2022-08-20 14:00:00,6.556967842107387,2412.1445449152548,-0.04999999999999982
2022-08-20 15:00:00,6.393176094407623,2351.889655730204,-0.10000000000000009
2022-08-20 16:00:00,8.00734998228614,2945.7038747335137,-0.10000000000000009
2022-08-20 17:00:00,6.365354349708791,2341.6547313991214,-0.09999999999999964
2022-08-20 18:00:00,6.951379723381362,2557.2388157389187,0.0
2022-08-20 19:00:00,24.0,8829.000000000002,0.04999999999999982
2022-08-20 20:00:00,8.227239751483706,3026.595823577069,-0.04999999999999982
2022-08-20 21:00:00,12.737754295195153,4685.901361344917,0.1499999999999999
2022-08-20 22:00:00,24.0,8829.000000000002,0.19999999999999973
2022-08-20 23:00:00,20.92510119865419,7697.821603454909,0.20000000000000018
2022-08-21 00:00:00,20.900652465350923,7688.827525690971,0.10000000000000053
2022-08-21 01:00:00,6.688263439073516,2460.44491264917,0.0
2022-08-21 02:00:00,5.837719221703157,2147.5509586840485,-0.10000000000000053
2022-08-21 03:00:00,8.430665002936713,3101.430887955344,-0.09999999999999964
2022-08-21 04:00:00,5.672382519260298,2086.7277192728816,-0.04999999999999982
2022-08-21 05:00:00,8.627340834084961,3173.7830093390053,-0.10000000000000053
2022-08-21 06:00:00,8.10693713368688,2982.339498055061,-0.04999999999999982
2022-08-21 07:00:00,4.138253968817078,1522.3601787785828,-0.10000000000000009
2022-08-21 08:00:00,6.999638386263069,2574.991971346526,-0.050000000000000266
2022-08-21 09:00:00,8.490606479069829,3123.481858487813,-0.04999999999999982
2022-08-21 10:00:00,22.96536418032289,8448.383347836283,0.04999999999999982
2022-08-21 11:00:00,10.674001532915817,3926.6983139214058,0.050000000000000266
2022-08-21 12:00:00,2.5300954747074615,930.7588727580073,0.10000000000000009
2022-08-21 13:00:00,5.081624807470631,1869.4027260482583,0.0
2022-08-21 14:00:00,8.09479657602057,2977.8732904035674,-0.10000000000000009
2022-08-21 15:00:00,6.35553148723126,2338.0411458651997,-0.050000000000000266
2022-08-21 16:00:00,7.554327502789355,2779.0482300886338,0.0
2022-08-21 17:00:00,7.217336562761833,2655.077688026009,-0.09999999999999964
2022-08-21 18:00:00,7.580290537125833,2788.599381345166,0.0
2022-08-21 19:00:00,7.139440172907424,2626.421553608319,-0.10000000000000009
2022-08-21 20:00:00,2.2971197752769488,845.0529373300076,0.10000000000000009
2022-08-21 21:00:00,9.359056934794499,3442.9630698875258,0.0
2022-08-21 22:00:00,18.251589350908855,6714.303432465596,0.09999999999999964
2022-08-21 23:00:00,24.0,8829.000000000002,0.20000000000000018
2022-08-22 00:00:00,24.0,8829.000000000002,0.20000000000000018
2022-08-22 01:00:00,1.3443387062923504,494.54860157729837,0.04999999999999982
2022-08-22 02:00:00,7.52986047123282,2770.047420854774,0.0
2022-08-22 03:00:00,9.467893926425061,3483.0014781836194,-0.04999999999999982
2022-08-22 04:00:00,7.041457128617646,2590.3760411902167,-0.10000000000000009
2022-08-22 05:00:00,6.570185977074094,2417.0071663161325,-0.04999999999999982
2022-08-22 06:00:00,5.594317022711674,2058.009374730057,0.0
2022-08-22 07:00:00,6.512722450911278,2395.8677716289867,-0.15000000000000036
2022-08-22 08:00:00,22.327819670139846,8213.846661152695,4.440892098500626e-16
2022-08-22 09:00:00,6.707465491718235,2467.508867765846,-0.10000000000000009
2022-08-22 10:00:00,5.160398855901246,1898.3817291146704,-0.050000000000000266
2022-08-22 11:00:00,5.331875239127292,1961.4636035939527,-0.04999999999999982
2022-08-22 12:00:00,9.267993589137994,3409.4631416041398,0.0
2022-08-22 13:00:00,24.0,8829.000000000002,0.04999999999999982
2022-08-22 14:00:00,9.099721324689204,3347.559982320041,0.0
2022-08-22 15:00:00,24.0,8829.000000000002,0.04999999999999982
2022-08-22 16:00:00,17.615413235294664,6480.2701439340235,0.10000000000000053
2022-08-22 17:00:00,6.624535439841404,2437.000974931657,-0.10000000000000053
2022-08-22 18:00:00,7.200079592485065,2648.729280085444,-0.09999999999999964
2022-08-22 19:00:00,10.781616137301713,3966.287036509868,0.0
2022-08-22 20:00:00,6.743847443863749,2480.892878411377,-0.10000000000000009
2022-08-22 21:00:00,18.24034208237251,6710.165843552788,0.04999999999999982
2022-08-22 22:00:00,5.960621980162749,2192.7638109523714,-0.04999999999999982
2022-08-22 23:00:00,20.76135406546333,7637.583126832323,0.04999999999999982
2022-08-23 00:00:00,22.784208549239032,8381.74072005131,0.1499999999999999
2022-08-23 01:00:00,24.0,8829.000000000002,0.25000000000000044
2022-08-23 02:00:00,24.0,8829.000000000002,0.1499999999999999
2022-08-23 03:00:00,18.39184016063578,6765.898199093889,0.15000000000000036
2022-08-23 04:00:00,7.3045626781418385,2687.1659952214286,0.0
2022-08-23 05:00:00,7.4564410755428145,2743.038260665313,-0.05000000000000071
2022-08-23 06:00:00,6.3397990081919,2332.2535601385953,-0.09999999999999964
2022-08-23 07:00:00,7.2038832225326,2650.12854048918,-0.09999999999999964
2022-08-23 08:00:00,8.111969807402414,2984.190892898163,-0.15000000000000036
2022-08-23 09:00:00,8.145348686391428,2996.4701480062463,-0.050000000000000266
2022-08-23 10:00:00,8.122763368730212,2988.1615742716267,-0.10000000000000009
2022-08-23 11:00:00,6.283960070640168,2311.7118109867515,0.0
2022-08-23 12:00:00,5.814535098096957,2139.0220992124177,-0.1499999999999999
2022-08-23 13:00:00,7.890981839248418,2902.8949441135123,-0.04999999999999982
2022-08-23 14:00:00,19.272175991256177,7089.7517427833645,0.10000000000000009
2022-08-23 15:00:00,24.0,8829.000000000002,0.15000000000000036
2022-08-23 16:00:00,24.0,8829.000000000002,0.14999999999999947
2022-08-23 17:00:00,7.369230816946635,2710.955786784243,0.0
2022-08-23 18:00:00,7.176377119676889,2640.0097329011355,0.0
2022-08-23 19:00:00,7.02489226206426,2584.28224090689,-0.10000000000000009
2022-08-23 20:00:00,8.715228983718086,3206.114862385291,-0.04999999999999982
2022-08-23 21:00:00,5.8292408501241155,2144.431977739409,-0.10000000000000009
2022-08-23 22:00:00,5.996544657995484,2205.9788660600884,0.0
2022-08-23 23:00:00,7.299934931398396,2685.463562888185,0.0
2022-08-24 00:00:00,6.497833401837965,2390.390462701141,-0.09999999999999964
2022-08-24 01:00:00,24.0,8829.000000000002,0.09999999999999964
2022-08-24 02:00:00,23.54189443137675,8660.474413942722,0.3500000000000001
2022-08-24 03:00:00,24.0,8829.000000000002,0.25000000000000044
2022-08-24 04:00:00,24.0,8829.000000000002,0.09999999999999964
2022-08-24 05:00:00,24.0,8829.000000000002,0.05000000000000071
2022-08-24 06:00:00,5.921428859680417,2178.3456417549332,-0.05000000000000071
2022-08-24 07:00:00,5.9651693564842905,2194.4366770166585,-0.09999999999999964
2022-08-24 08:00:00,8.082903281860943,2973.4980448145943,-0.20000000000000018
2022-08-24 09:00:00,5.142856024771799,1891.928160112925,-0.10000000000000053
2022-08-24 10:00:00,5.427009644260908,1996.4611728824812,-0.04999999999999982
2022-08-24 11:00:00,9.113917653610423,3352.782456821935,-0.1499999999999999
2022-08-24 12:00:00,24.0,8829.000000000002,4.440892098500626e-16
2022-08-24 13:00:00,6.861584149591511,2524.2052690309774,-0.10000000000000053
2022-08-24 14:00:00,7.9496395786924,2924.4736600114666,-0.04999999999999982
2022-08-24 15:00:00,19.10487556274236,7028.206097643846,0.15000000000000036
2022-08-24 16:00:00,24.0,8829.000000000002,0.2999999999999998
2022-08-24 17:00:00,11.732785928482647,4316.198623440554,0.09999999999999964
2022-08-24 18:00:00,6.860452055356409,2523.7887998642386,0.0
2022-08-24 19:00:00,5.436044934944583,1999.7850304427384,-0.14999999999999947
2022-08-24 20:00:00,9.035504832693402,3323.9363403270854,-0.050000000000000266
2022-08-24 21:00:00,9.37281692443419,3448.025026076228,-0.10000000000000009
2022-08-24 22:00:00,6.824627462680614,2510.609827833631,-0.09999999999999964
2022-08-24 23:00:00,7.627297492814548,2805.892065169152,-0.050000000000000266
2022-08-25 00:00:00,5.223321509652026,1921.529400363239,-0.050000000000000266
2022-08-25 01:00:00,6.490432056912278,2387.667692936604,-0.10000000000000009
2022-08-25 02:00:00,24.0,8829.000000000002,0.050000000000000266
2022-08-25 03:00:00,24.0,8829.000000000002,0.34999999999999964
2022-08-25 04:00:00,17.186715494480875,6322.562962532152,0.3000000000000007
2022-08-25 05:00:00,22.0166145556218,8099.36207964937,0.1999999999999993
2022-08-25 06:00:00,7.603870149859905,2797.273731379713,-0.04999999999999982
2022-08-25 07:00:00,8.207668324310122,3019.3959848055856,-0.14999999999999947
2022-08-25 08:00:00,9.410958751014883,3462.0564505296,-0.15000000000000036
2022-08-25 09:00:00,4.376628265760103,1610.0521232664978,-0.10000000000000009
2022-08-25 10:00:00,8.295393074552887,3051.6677273011433,-0.1499999999999999
2022-08-25 11:00:00,6.749198074157741,2482.861241530779,-0.04999999999999982
2022-08-25 12:00:00,7.96359452102854,2929.607334423374,-0.10000000000000009
2022-08-25 13:00:00,7.154091871525812,2631.811547237558,-0.050000000000000266
2022-08-25 14:00:00,10.017462454366495,3685.1740004000735,-0.04999999999999982
2022-08-25 15:00:00,24.0,8829.000000000002,0.04999999999999982
2022-08-25 16:00:00,24.0,8829.000000000002,0.40000000000000036
2022-08-25 17:00:00,18.438459281628603,6783.048208229123,0.20000000000000018
2022-08-25 18:00:00,24.0,8829.000000000002,0.15000000000000036
2022-08-25 19:00:00,7.9594606518308755,2928.0865872922836,-0.2500000000000009
2022-08-25 20:00:00,5.858330110531099,2155.1331894116283,-0.09999999999999964
2022-08-25 21:00:00,7.2304309278022805,2659.8947775652646,-0.15000000000000036
2022-08-25 22:00:00,8.589802725027385,3159.973677469449,-0.04999999999999982
2022-08-25 23:00:00,4.300511493670482,1582.0506657340284,-0.09999999999999964
2022-08-26 00:00:00,7.552556694956708,2778.3967941571987,-0.050000000000000266
2022-08-26 01:00:00,9.964974267752218,3665.8649087493477,-0.10000000000000009
2022-08-26 02:00:00,6.080939990363236,2237.025798954875,-0.050000000000000266
2022-08-26 03:00:00,24.0,8829.000000000002,0.3500000000000001
2022-08-26 04:00:00,24.0,8829.000000000002,0.35000000000000053
2022-08-26 05:00:00,24.0,8829.000000000002,0.25
2022-08-26 06:00:00,24.0,8829.000000000002,0.1999999999999993
2022-08-26 07:00:00,9.03799540367172,3324.8525591257344,-0.14999999999999947
2022-08-26 08:00:00,8.38992250007618,3086.4427397155246,-0.20000000000000018
2022-08-26 09:00:00,6.386603183965782,2349.4716463014124,-0.15000000000000036
2022-08-26 10:00:00,8.233751124191334,3028.991194811887,-0.19999999999999973
2022-08-26 11:00:00,7.3729728394829355,2712.332383324785,-0.050000000000000266
2022-08-26 12:00:00,8.82292178735611,3245.7323525236293,-0.09999999999999964
2022-08-26 13:00:00,6.861283980467345,2524.0948443144243,-0.04999999999999982
2022-08-26 14:00:00,8.450499074156872,3108.727346905459,-0.15000000000000036
2022-08-26 15:00:00,7.508892563783502,2762.3338519018557,0.0
2022-08-26 16:00:00,24.0,8829.000000000002,0.25
2022-08-26 17:00:00,22.365022069608884,8227.532493857367,0.2999999999999998
2022-08-26 18:00:00,22.53803700974266,8291.18036495908,0.15000000000000036
2022-08-26 19:00:00,24.0,8829.000000000002,0.04999999999999982
2022-08-26 20:00:00,8.894180520166456,3271.9466588562354,-0.20000000000000018
2022-08-26 21:00:00,7.726816785275824,2842.5027248833435,-0.14999999999999947
2022-08-26 22:00:00,7.124212574574621,2620.819700871639,0.0
2022-08-26 23:00:00,7.281989857132257,2678.862018692529,-0.20000000000000018
2022-08-27 00:00:00,5.592825401047793,2057.4606444104566,0.0
2022-08-27 01:00:00,7.476923070745281,2750.57307465042,-0.04999999999999982
2022-08-27 02:00:00,7.089831559740391,2608.1717850394966,-0.10000000000000009
2022-08-27 03:00:00,5.848027215321451,2151.3430118363794,-0.050000000000000266
2022-08-27 04:00:00,17.22910041982883,6338.15531694453,0.4500000000000002
2022-08-27 05:00:00,24.0,8829.000000000002,0.2999999999999998
2022-08-27 06:00:00,17.6418397426178,6489.991795315523,0.2999999999999998
2022-08-27 07:00:00,5.960891198113121,2192.8628495058647,0.0
2022-08-27 08:00:00,5.5963474280079435,2058.7563100784223,-0.1999999999999993
2022-08-27 09:00:00,6.769861193089692,2490.4626864078705,-0.20000000000000018
2022-08-27 10:00:00,5.8637613430126025,2157.1312040607613,-0.20000000000000018
2022-08-27 11:00:00,7.347734016992542,2703.047651501131,-0.04999999999999982
2022-08-27 12:00:00,6.165447643256771,2268.1140517630843,-0.10000000000000009
2022-08-27 13:00:00,3.8168334733073603,1404.117613992945,-0.04999999999999982
2022-08-27 14:00:00,5.199589911290997,1912.7991386161757,-0.10000000000000009
2022-08-27 15:00:00,8.046486211898335,2960.1011152021,-0.04999999999999982
2022-08-27 16:00:00,12.465844873852578,4585.872682968517,0.09999999999999964
2022-08-27 17:00:00,17.570709766775586,6463.824855452569,0.40000000000000036
2022-08-27 18:00:00,22.7513717000904,8369.660864170755,0.15000000000000036
2022-08-27 19:00:00,22.098330735180838,8129.4234192046515,0.14999999999999947
2022-08-27 20:00:00,7.9528873033580485,2925.6684167228423,-0.15000000000000036
2022-08-27 21:00:00,7.650818326005335,2814.5447916792123,-0.14999999999999947
2022-08-27 22:00:00,5.72479599146421,2106.0093253598966,-0.09999999999999964
2022-08-27 23:00:00,10.416599280923489,3832.006460469728,-0.10000000000000053
2022-08-28 00:00:00,10.056773177936968,3699.6354328335624,-0.050000000000000266
2022-08-28 01:00:00,8.2569199480015,3037.5144258710516,-0.1499999999999999
2022-08-28 02:00:00,9.139916448716583,3362.3467635716133,-0.04999999999999982
2022-08-28 03:00:00,6.948401455961515,2556.143185611842,-0.15000000000000036
2022-08-28 04:00:00,24.0,8829.000000000002,0.20000000000000018
2022-08-28 05:00:00,24.0,8829.000000000002,0.5999999999999996
2022-08-28 06:00:00,24.0,8829.000000000002,0.25
2022-08-28 07:00:00,17.886351690895122,6579.941628288044,0.25
2022-08-28 08:00:00,6.887873544950418,2533.876480348635,-0.14999999999999947
2022-08-28 09:00:00,7.7740882599637935,2859.8927186341807,-0.2500000000000009
2022-08-28 10:00:00,7.503166797395321,2760.2274855918035,-0.14999999999999947
2022-08-28 11:00:00,8.93506410619559,3286.9867080667022,-0.20000000000000018
2022-08-28 12:00:00,6.507980242519956,2394.1232317170293,-0.09999999999999964
2022-08-28 13:00:00,5.383493313878527,1980.4526028430635,-0.04999999999999982
2022-08-28 14:00:00,8.005677153876956,2945.088482982485,-0.10000000000000009
2022-08-28 15:00:00,8.68690148049849,3195.6938821383815,-0.050000000000000266
2022-08-28 16:00:00,5.446046013916308,2003.4641773694616,-0.14999999999999947
2022-08-28 17:00:00,23.280508164749225,8564.316941107123,0.4499999999999993
2022-08-28 18:00:00,24.0,8829.000000000002,0.20000000000000107
2022-08-28 19:00:00,24.0,8829.000000000002,0.2499999999999991
2022-08-28 20:00:00,6.978878354004455,2567.3548744793884,-0.04999999999999982
2022-08-28 21:00:00,6.879894891495501,2530.9413332089075,-0.15000000000000036
2022-08-28 22:00:00,5.078689854703978,1868.3230302992256,-0.14999999999999947
2022-08-28 23:00:00,5.39496034063068,1984.6710353095114,-0.15000000000000036
2022-08-29 00:00:00,5.7201838094236415,2104.312618891722,-0.14999999999999947
2022-08-29 01:00:00,8.441392448789426,3105.37724709841,-0.10000000000000009
2022-08-29 02:00:00,7.901277428332503,2906.6824339478194,-0.050000000000000266
2022-08-29 03:00:00,10.607395052083268,3902.195454785132,-0.04999999999999982
2022-08-29 04:00:00,3.9701938966222814,1460.535079719922,-0.10000000000000009
2022-08-29 05:00:00,20.458740494404793,7526.259159379162,0.6000000000000001
2022-08-29 06:00:00,24.0,8829.000000000002,0.2999999999999998
2022-08-29 07:00:00,24.0,8829.000000000002,0.34999999999999964
2022-08-29 08:00:00,19.32515141584743,7109.240077104872,0.05000000000000071
2022-08-29 09:00:00,7.5321864571032995,2770.9030929068763,-0.25
2022-08-29 10:00:00,5.219224577052352,1920.022241283134,-0.20000000000000107
2022-08-29 11:00:00,9.530170419184959,3505.9114429576666,-0.29999999999999893
2022-08-29 12:00:00,9.502301980574027,3495.6593411036697,-0.10000000000000053
2022-08-29 13:00:00,5.484313974405137,2017.54200333429,-0.10000000000000009
2022-08-29 14:00:00,5.9279562279162015,2180.7468973446726,-0.04999999999999982
2022-08-29 15:00:00,6.867821652563672,2526.499890436861,-0.1499999999999999
2022-08-29 16:00:00,6.855411082557389,2521.9343519957997,0.0
2022-08-29 17:00:00,3.902145696552689,1435.5018481193204,-0.04999999999999982
2022-08-29 18:00:00,24.0,8829.000000000002,0.5999999999999996
2022-08-29 19:00:00,24.0,8829.000000000002,0.20000000000000018
2022-08-29 20:00:00,24.0,8829.000000000002,0.09999999999999964
2022-08-29 21:00:00,7.952993783787797,2925.707588210936,-0.09999999999999964
2022-08-29 22:00:00,7.502502356352746,2759.9830543432663,-0.25
2022-08-29 23:00:00,8.630620512081846,3174.9895208821094,-0.15000000000000036
2022-08-30 00:00:00,6.835586511318102,2514.6413878511466,-0.14999999999999947
2022-08-30 01:00:00,7.064974699488802,2599.027567574443,-0.04999999999999982
2022-08-30 02:00:00,6.571576139181798,2417.518572201504,-0.10000000000000009
2022-08-30 03:00:00,6.360869123849167,2340.0047289360123,-0.10000000000000009
2022-08-30 04:00:00,6.304296903214561,2319.1932232700565,-0.04999999999999982
2022-08-30 05:00:00,13.74521316644055,5056.520293604318,0.04999999999999982
2022-08-30 06:00:00,21.03774408410831,7739.260104941345,0.6499999999999995
2022-08-30 07:00:00,0.0,0.0,0.20000000000000018
2022-08-30 08:00:00,16.234697774977953,5972.339443970014,0.25
2022-08-30 09:00:00,5.6111583428720495,2064.204875384055,-0.09999999999999964
2022-08-30 10:00:00,6.9011282643102945,2538.75256023315,-0.2999999999999998
2022-08-30 11:00:00,7.016046131611382,2581.027970666537,-0.20000000000000018
2022-08-30 12:00:00,5.80799655483857,2136.6167326112386,-0.15000000000000036
2022-08-30 13:00:00,7.013354578527049,2580.037815575638,0.0
2022-08-30 14:00:00,8.347205116263405,3070.7280821454,-0.19999999999999973
2022-08-30 15:00:00,7.562995203134313,2782.2368603530354,-0.10000000000000009
2022-08-30 16:00:00,5.580600629751735,2052.963456669919,-0.04999999999999982
2022-08-30 17:00:00,6.024130182791251,2216.1268909943315,-0.050000000000000266
2022-08-30 18:00:00,24.0,8829.000000000002,0.3500000000000001
2022-08-30 19:00:00,13.502639691047035,4967.283576343928,0.40000000000000036
2022-08-30 20:00:00,24.0,8829.000000000002,0.04999999999999982
2022-08-30 21:00:00,21.919615299590824,8063.678478336975,0.09999999999999964
2022-08-30 22:00:00,7.979825588436668,2935.57833834614,-0.20000000000000018
2022-08-30 23:00:00,7.39383992100626,2720.0088609401782,-0.14999999999999947
2022-08-31 00:00:00,6.6045465087313175,2429.6475468995336,-0.25
2022-08-31 01:00:00,8.640773545136474,3178.7245679170805,-0.04999999999999982
2022-08-31 02:00:00,6.733915934927378,2477.239324561409,-0.15000000000000036
2022-08-31 03:00:00,9.766428708398232,3592.8249611019996,0.0
2022-08-31 04:00:00,7.978245031937874,2934.9968911241453,-0.09999999999999964
2022-08-31 05:00:00,8.964508317671926,3297.8184973635607,-0.050000000000000266
2022-08-31 06:00:00,24.0,8829.000000000002,0.4500000000000006
2022-08-31 07:00:00,18.176921136099043,6686.834862942436,0.34999999999999964
2022-08-31 08:00:00,23.119477454659254,8505.077768632773,0.1999999999999993
2022-08-31 09:00:00,24.0,8829.000000000002,0.10000000000000053
2022-08-31 10:00:00,8.176377732064912,3007.8849581833797,-0.20000000000000018
2022-08-31 11:00:00,6.516817952053071,2397.3744041115233,-0.25
2022-08-31 12:00:00,4.599449052446242,1692.0223201686613,-0.1999999999999993
2022-08-31 13:00:00,5.940456153317591,2185.345307401709,-0.05000000000000071
2022-08-31 14:00:00,5.985006396657864,2201.734228170512,-0.10000000000000009
2022-08-31 15:00:00,8.941010028689304,3289.1740643040775,-0.09999999999999964
2022-08-31 16:00:00,8.10625063324031,2982.0869517032784,-0.1499999999999999
2022-08-31 17:00:00,6.192876813480827,2278.2045577592594,-0.050000000000000266
2022-08-31 18:00:00,24.0,8829.000000000002,0.050000000000000266
2022-08-31 19:00:00,24.0,8829.000000000002,0.5499999999999998
2022-08-31 20:00:00,24.0,8829.000000000002,0.20000000000000018
2022-08-31 21:00:00,13.075903263815034,4810.297913175956,0.14999999999999947
2022-08-31 22:00:00,5.832634518654053,2145.6804235498594,-0.20000000000000018
2022-08-31 23:00:00,8.163846170631643,3003.274910021116,-0.1999999999999993
2022-09-01 00:00:00,8.204437206160984,3018.207337216472,-0.15000000000000036
2022-09-01 01:00:00,8.112767293678322,2984.4842681619134,-0.09999999999999964
2022-09-01 02:00:00,7.616780499675227,2802.0231263180244,-0.10000000000000009
2022-09-01 03:00:00,8.341495872369112,3068.6277940477867,-0.10000000000000009
2022-09-01 04:00:00,6.516261513999948,2397.169704462731,-0.04999999999999982
2022-09-01 05:00:00,5.847309679698568,2151.0790484191107,-0.050000000000000266
2022-09-01 06:00:00,7.635434791963935,2808.885574093733,-4.440892098500626e-16
2022-09-01 07:00:00,16.621565433537153,6114.65838386248,0.6000000000000005
2022-09-01 08:00:00,14.75246272179971,5427.062223782068,0.20000000000000018
2022-09-01 09:00:00,24.0,8829.000000000002,0.1999999999999993
2022-09-01 10:00:00,6.600107992318495,2428.0147276741664,-0.1999999999999993
2022-09-01 11:00:00,9.526428731461909,3504.53496958655,-0.10000000000000053
2022-09-01 12:00:00,7.170678256776928,2637.9132637118128,-0.2999999999999998
2022-09-01 13:00:00,7.0992894361659715,2611.651101329557,-0.15000000000000036
2022-09-01 14:00:00,24.0,8829.000000000002,4.440892098500626e-16
2022-09-01 15:00:00,8.62828263387122,3174.129473935376,-0.10000000000000009
2022-09-01 16:00:00,6.132710130739487,2256.0707393457888,-0.04999999999999982
2022-09-01 17:00:00,4.674215813798003,1719.5271425009405,-0.10000000000000053
2022-09-01 18:00:00,22.818243915510834,8394.261480418549,4.440892098500626e-16
2022-09-01 19:00:00,19.70549313622925,7249.158287490335,0.4500000000000006
2022-09-01 20:00:00,16.04440334274737,5902.3348797131885,0.34999999999999964
2022-09-01 21:00:00,12.15068487730566,4469.933199238819,0.09999999999999964
2022-09-01 22:00:00,15.37719066288648,5656.884015109365,0.04999999999999982
2022-09-01 23:00:00,7.411587961507337,2726.537921339512,-0.14999999999999947
2022-09-02 00:00:00,7.541277238998162,2774.2473642964487,-0.3000000000000007
2022-09-02 01:00:00,7.123631889797164,2620.606081459132,-0.14999999999999947
2022-09-02 02:00:00,7.8754350030219475,2897.175651736699,-0.050000000000000266
2022-09-02 03:00:00,8.414680927886561,3095.5507463462686,-0.04999999999999982
2022-09-02 04:00:00,7.6341310245051295,2808.405950639825,-0.10000000000000009
2022-09-02 05:00:00,8.09181145263547,2976.7751381382736,0.0
2022-09-02 06:00:00,6.148885938388559,2262.021414584691,-0.10000000000000009
2022-09-02 07:00:00,24.0,8829.000000000002,0.3500000000000001
2022-09-02 08:00:00,24.0,8829.000000000002,0.3000000000000007
2022-09-02 09:00:00,20.814183200188904,7657.017644769491,0.14999999999999947
2022-09-02 10:00:00,14.756490658822536,5428.54400111434,0.04999999999999982
2022-09-02 11:00:00,5.691010270656793,2093.580403317868,-0.1999999999999993
2022-09-02 12:00:00,9.10145581235965,3348.1980569718057,-0.20000000000000107
2022-09-02 13:00:00,6.8838144982569665,2532.383258546282,-0.14999999999999947
2022-09-02 14:00:00,7.240511279777266,2663.603087048062,-0.04999999999999982
2022-09-02 15:00:00,6.75919059908246,2486.53724163746,-0.10000000000000053
2022-09-02 16:00:00,6.291040350398434,2314.316468902824,-0.09999999999999964
2022-09-02 17:00:00,8.792594767138395,3234.5757999610364,-0.10000000000000053
2022-09-02 18:00:00,7.27242012396072,2675.34155310205,0.0
2022-09-02 19:00:00,10.317807533331033,3795.663446324154,0.25000000000000044
2022-09-02 20:00:00,24.0,8829.000000000002,0.4500000000000006
2022-09-02 21:00:00,20.604067148206916,7579.721202146619,0.14999999999999947
2022-09-02 22:00:00,24.0,8829.000000000002,0.10000000000000053
2022-09-02 23:00:00,6.353671006939884,2337.3567216780098,-0.10000000000000053
2022-09-03 00:00:00,8.252903465506284,3036.0368623731238,-0.14999999999999947
2022-09-03 01:00:00,7.092817755850991,2609.270331933683,-0.15000000000000036
2022-09-03 02:00:00,6.208838504615951,2284.076464885593,-0.10000000000000053
2022-09-03 03:00:00,7.011136210798942,2579.221733547661,-0.14999999999999947
2022-09-03 04:00:00,5.80543291093023,2135.673632108458,-4.440892098500626e-16
2022-09-03 05:00:00,6.516643454435135,2397.310210800325,-0.1499999999999999
2022-09-03 06:00:00,8.344849906550294,3069.86165937219,-0.04999999999999982
2022-09-03 07:00:00,6.150343699980826,2262.557688630446,-0.050000000000000266
2022-09-03 08:00:00,13.779352429685051,5069.079275070388,0.4000000000000008
2022-09-03 09:00:00,8.246812424959707,3033.7961208320526,0.25
2022-09-03 10:00:00,24.0,8829.000000000002,0.09999999999999964
2022-09-03 11:00:00,6.650012201044522,2446.373238459253,-0.05000000000000071
2022-09-03 12:00:00,7.335119061779235,2698.4069248520364,-0.14999999999999947
2022-09-03 13:00:00,5.0190464100564025,1846.381698099499,-0.14999999999999947
2022-09-03 14:00:00,8.737965835179258,3214.4791816165693,-0.10000000000000053
2022-09-03 15:00:00,7.565925408423836,2783.314809623919,-0.15000000000000036
2022-09-03 16:00:00,6.884266954017156,2532.549705709061,-0.09999999999999964
2022-09-03 17:00:00,10.71417093435515,3941.475632475901,-0.050000000000000266
2022-09-03 18:00:00,6.436746807399972,2367.918231772265,-0.10000000000000009
2022-09-03 19:00:00,24.0,8829.000000000002,0.04999999999999982
2022-09-03 20:00:00,20.275823758139214,7458.968665025463,0.35000000000000053
2022-09-03 21:00:00,24.0,8829.000000000002,0.2499999999999991
2022-09-03 22:00:00,19.92501233880236,7329.91391413692,0.20000000000000107
2022-09-03 23:00:00,24.0,8829.000000000002,0.04999999999999982
2022-09-04 00:00:00,6.554376799076306,2411.191364960196,-0.14999999999999947
2022-09-04 01:00:00,7.665842333131114,2820.0717483006088,-0.15000000000000036
2022-09-04 02:00:00,7.417625340441238,2728.7589221148205,-0.20000000000000018
2022-09-04 03:00:00,7.067801843972129,2600.067603351247,-0.10000000000000053
2022-09-04 04:00:00,6.3944844055917915,2352.3709507070803,-0.04999999999999982
2022-09-04 05:00:00,6.650244220617342,2446.4585926596046,-0.04999999999999982
2022-09-04 06:00:00,7.969511867321616,2931.7841781909397,-0.04999999999999982
2022-09-04 07:00:00,8.30590378028413,3055.534353172024,-0.050000000000000266
2022-09-04 08:00:00,6.1991080220280415,2280.4968636035655,-0.04999999999999982
2022-09-04 09:00:00,24.0,8829.000000000002,0.3999999999999999
2022-09-04 10:00:00,24.0,8829.000000000002,0.15000000000000036
2022-09-04 11:00:00,23.450389846888807,8626.812164924218,0.09999999999999964
2022-09-04 12:00:00,5.379409028848542,1978.9500964876577,-0.09999999999999964
2022-09-04 13:00:00,5.8123237350314465,2138.2085940246934,-0.20000000000000018
2022-09-04 14:00:00,5.252953640959089,1932.430320667825,-0.10000000000000053
2022-09-04 15:00:00,6.2101438359411665,2284.5566636468566,-0.09999999999999964
2022-09-04 16:00:00,7.0702719284089275,2600.9762856634343,0.0
2022-09-04 17:00:00,6.812357380570498,2506.095971377372,-0.09999999999999964
2022-09-04 18:00:00,6.5360575182558,2404.4521595283527,-0.05000000000000071
2022-09-04 19:00:00,9.25867797146068,3406.0361587510974,-0.09999999999999964
2022-09-04 20:00:00,22.985545466686688,8455.807538557367,0.1499999999999999
2022-09-04 21:00:00,24.0,8829.000000000002,0.4000000000000008
2022-09-04 22:00:00,24.0,8829.000000000002,0.14999999999999858
2022-09-04 23:00:00,24.0,8829.000000000002,0.10000000000000053
2022-09-05 00:00:00,24.0,8829.000000000002,0.04999999999999982
2022-09-05 01:00:00,9.019003159464374,3317.8657872879558,-0.09999999999999964
2022-09-05 02:00:00,2.352416761541559,865.395316152101,-0.09999999999999964
2022-09-05 03:00:00,7.554738523514269,2779.1994343378115,-0.09999999999999964
2022-09-05 04:00:00,6.550837284266653,2409.8892659495955,-0.1500000000000008
2022-09-05 05:00:00,6.461855643213565,2377.15514474719,-0.10000000000000009
2022-09-05 06:00:00,7.898180259788376,2905.5430630696483,-0.04999999999999982
2022-09-05 07:00:00,8.331159963766172,3064.8254716704805,-0.04999999999999982
2022-09-05 08:00:00,7.493931550724264,2756.830069222689,-0.050000000000000266
2022-09-05 09:00:00,14.438498515468575,5311.562641378002,0.050000000000000266
2022-09-05 10:00:00,8.256058929632633,3037.1976787386056,0.0
2022-09-05 11:00:00,21.431606224183668,7884.1521397215665,0.2999999999999998
2022-09-05 12:00:00,24.0,8829.000000000002,0.05000000000000071
2022-09-05 13:00:00,5.430131290562551,1997.6095485156984,-0.10000000000000053
2022-09-05 14:00:00,4.675941468534318,1720.161967737062,-0.10000000000000053
2022-09-05 15:00:00,9.106119303076689,3349.913638619337,-0.04999999999999982
2022-09-05 16:00:00,8.395563687323424,3088.5179914741047,-0.04999999999999982
2022-09-05 17:00:00,9.755934912942898,3588.9645560988683,-0.04999999999999982
2022-09-05 18:00:00,7.037804032686875,2589.0321585246843,-0.050000000000000266
2022-09-05 19:00:00,6.45869695447205,2375.993142126405,-0.10000000000000009
2022-09-05 20:00:00,11.469663243529725,4219.402365713498,0.04999999999999982
2022-09-05 21:00:00,8.669385269994738,3189.250106199314,0.0
2022-09-05 22:00:00,24.0,8829.000000000002,0.10000000000000053
2022-09-05 23:00:00,8.630630160143655,3174.9930701628473,0.19999999999999973
2022-09-06 00:00:00,24.0,8829.000000000002,0.19999999999999973
2022-09-06 01:00:00,24.0,8829.000000000002,0.09999999999999964
2022-09-06 02:00:00,6.808730225505106,2504.7616317076913,0.0
2022-09-06 03:00:00,7.329295711793219,2696.2646599759305,0.0
2022-09-06 04:00:00,7.164202247623429,2635.5309018444696,-0.09999999999999964
2022-09-06 05:00:00,8.160021416678276,3001.8678786605215,-0.09999999999999964
2022-09-06 06:00:00,7.427140193118331,2732.259198543406,-0.04999999999999982
2022-09-06 07:00:00,6.524424509919534,2400.172666586649,-0.10000000000000053
2022-09-06 08:00:00,8.857628935540557,3258.5002446619824,-0.04999999999999938
2022-09-06 09:00:00,5.909631411589988,2174.005655538667,-0.050000000000000266
2022-09-06 10:00:00,6.99169611973227,2572.0702100465087,-0.04999999999999982
2022-09-06 11:00:00,7.277900415723369,2677.3576154342345,-0.050000000000000266
2022-09-06 12:00:00,22.400673428508213,8240.64773751246,0.10000000000000009
2022-09-06 13:00:00,16.880533459319025,6209.926246346988,0.1499999999999999
2022-09-06 14:00:00,22.061394861149473,8115.835634545362,0.10000000000000009
2022-09-06 15:00:00,8.665331995683475,3187.7590079120587,0.0
2022-09-06 16:00:00,7.961177201751932,2928.7180630944918,-0.04999999999999982
2022-09-06 17:00:00,9.38986116717612,3454.295176874915,0.0
2022-09-06 18:00:00,7.392401357183099,2719.4796492737323,-0.15000000000000036
2022-09-06 19:00:00,5.537014016223874,2036.9290312183575,-0.04999999999999982
2022-09-06 20:00:00,7.476934884748103,2750.577420726708,0.0
2022-09-06 21:00:00,5.285155466192099,1944.2765671254183,-0.09999999999999964
2022-09-06 22:00:00,8.408157415414074,3093.1509091954526,0.0
2022-09-06 23:00:00,8.227910983944605,3026.842753218622,-0.050000000000000266
2022-09-07 00:00:00,5.854640631810213,2153.7759224271817,-4.440892098500626e-16
2022-09-07 01:00:00,21.23219067813018,7810.7921457171415,0.25
2022-09-07 02:00:00,24.0,8829.000000000002,0.20000000000000018
2022-09-07 03:00:00,20.37414065082338,7495.136991921651,0.10000000000000053
2022-09-07 04:00:00,4.558885829279537,1677.1001244462097,0.0
2022-09-07 05:00:00,7.2441430486266745,2664.939124013538,-0.15000000000000036
2022-09-07 06:00:00,4.95351934388889,1822.2759286331257,-0.10000000000000009
2022-09-07 07:00:00,5.316308897501042,1955.7371356681958,-0.1499999999999999
2022-09-07 08:00:00,5.780017545508859,2126.3239545540714,-0.10000000000000009
2022-09-07 09:00:00,7.548030984620656,2776.731898467324,-0.10000000000000009
2022-09-07 10:00:00,10.082407126994195,3709.0655218429893,0.0
2022-09-07 11:00:00,6.237852872766997,2294.750125569159,-0.1499999999999999
2022-09-07 12:00:00,7.756914689543361,2853.574991415764,-0.050000000000000266
2022-09-07 13:00:00,15.875329019919901,5840.136663203035,0.050000000000000266
2022-09-07 14:00:00,24.0,8829.000000000002,0.1499999999999999
2022-09-07 15:00:00,24.0,8829.000000000002,0.20000000000000018
2022-09-07 16:00:00,24.0,8829.000000000002,0.1499999999999999
2022-09-07 17:00:00,24.0,8829.000000000002,4.440892098500626e-16
2022-09-07 18:00:00,6.039601033085749,2221.8182300464196,-0.05000000000000071
2022-09-07 19:00:00,8.158837031479086,3001.432172955369,-0.14999999999999947
2022-09-07 20:00:00,7.118924215948353,2618.874245942001,-0.050000000000000266
2022-09-07 21:00:00,8.207941976218942,3019.496654501543,-0.1499999999999999
2022-09-07 22:00:00,6.934924022031691,2551.1851746049083,-0.04999999999999982
2022-09-07 23:00:00,8.969228799052615,3299.555044451481,-0.10000000000000009
2022-09-08 00:00:00,4.325063110009948,1591.0825915949097,-0.050000000000000266
2022-09-08 01:00:00,24.0,8829.000000000002,0.15000000000000036
2022-09-08 02:00:00,24.0,8829.000000000002,0.44999999999999973
2022-09-08 03:00:00,17.916218309591272,6590.928810640889,0.25000000000000044
2022-09-08 04:00:00,23.196623314711736,8533.45780189958,0.14999999999999947
2022-09-08 05:00:00,4.522522261796014,1663.7228770582087,0.0
2022-09-08 06:00:00,3.9789918377865288,1463.7716223257191,-0.10000000000000053
2022-09-08 07:00:00,7.166798068883074,2636.485839590361,-0.1999999999999993
2022-09-08 08:00:00,5.247611031764681,1930.4649083104316,-0.04999999999999982
2022-09-08 09:00:00,10.1958980629842,3750.815999920313,-0.10000000000000009
2022-09-08 10:00:00,9.404228264904658,3459.5804729518013,-0.1499999999999999
2022-09-08 11:00:00,5.432148206350374,1998.3515214111437,-0.10000000000000009
2022-09-08 12:00:00,7.904405577225401,2907.8332017217945,-0.1499999999999999
2022-09-08 13:00:00,7.319842489101164,2692.7870556780904,0.0
2022-09-08 14:00:00,4.670373736876307,1718.1137384533713,-0.050000000000000266
2022-09-08 15:00:00,24.0,8829.000000000002,0.3999999999999999
2022-09-08 16:00:00,21.61609241570671,7952.019997428108,0.20000000000000018
2022-09-08 17:00:00,17.44882754726248,6418.987433949185,0.1999999999999993
2022-09-08 18:00:00,17.398147795313534,6400.343620200966,8.881784197001252e-16
2022-09-08 19:00:00,8.135713167245468,2992.925481400427,-0.10000000000000053
2022-09-08 20:00:00,7.732223574771869,2844.4917475692014,-0.1999999999999993
2022-09-08 21:00:00,6.439814479439085,2369.046751623653,-0.10000000000000009
2022-09-08 22:00:00,6.19631005411924,2279.467561159115,-0.20000000000000018
2022-09-08 23:00:00,8.301233576678626,3053.81630202065,-0.050000000000000266
2022-09-09 00:00:00,9.066129480135686,3335.2023825049155,-0.04999999999999982
2022-09-09 01:00:00,8.272706969130612,3043.322076268924,0.0
2022-09-09 02:00:00,9.087994148384778,3343.2458473370502,-0.04999999999999982
2022-09-09 03:00:00,22.944601980259065,8440.745453487805,0.6000000000000005
2022-09-09 04:00:00,10.610756537423097,3903.432061204522,0.1999999999999993
2022-09-09 05:00:00,24.0,8829.000000000002,0.25
2022-09-09 06:00:00,6.792619056331012,2498.834735347771,0.0
2022-09-09 07:00:00,7.8519711104393,2888.5438722528575,-0.15000000000000036
2022-09-09 08:00:00,7.456197563781039,2742.94867877595,-0.25
2022-09-09 09:00:00,7.829918211420882,2880.431162026457,-0.19999999999999973
2022-09-09 10:00:00,9.887569365489512,3637.389580329454,-0.10000000000000009
2022-09-09 11:00:00,7.102165508733684,2612.7091365254037,-0.19999999999999973
2022-09-09 12:00:00,8.443332929092396,3106.0911012898655,-0.050000000000000266
2022-09-09 13:00:00,4.515004011735895,1660.9571008173423,-0.04999999999999982
2022-09-09 14:00:00,8.292614320686162,3050.645493222422,-0.04999999999999982
2022-09-09 15:00:00,7.06458245928077,2598.8832722079137,0.0
2022-09-09 16:00:00,24.0,8829.000000000002,0.5
2022-09-09 17:00:00,6.838646985025233,2515.7672596161574,0.20000000000000018
2022-09-09 18:00:00,24.0,8829.000000000002,0.09999999999999964
2022-09-09 19:00:00,8.875415144228377,3265.0433461830144,-0.05000000000000071
2022-09-09 20:00:00,5.439414796341938,2001.0247182042904,-0.14999999999999858
2022-09-09 21:00:00,6.046692799042714,2224.4271134478386,-0.20000000000000107
2022-09-09 22:00:00,11.385270101926281,4188.356238746131,-0.14999999999999947
2022-09-09 23:00:00,5.5575376730797705,2044.4791714842204,-0.050000000000000266
2022-09-10 00:00:00,4.882709661175998,1796.2268166051203,-0.050000000000000266
2022-09-10 01:00:00,6.682056061566404,2458.161373648741,-0.1999999999999993
2022-09-10 02:00:00,6.450518425089617,2372.984465629843,-0.050000000000000266
2022-09-10 03:00:00,13.902141280784662,5114.250223668658,0.10000000000000009
2022-09-10 04:00:00,24.0,8829.000000000002,0.6499999999999995
2022-09-10 05:00:00,24.0,8829.000000000002,0.3000000000000007
2022-09-10 06:00:00,24.0,8829.000000000002,0.2999999999999998
2022-09-10 07:00:00,8.319656316692559,3060.593567503275,-0.04999999999999982
2022-09-10 08:00:00,6.393612692804562,2352.0502693654785,-0.3000000000000007
2022-09-10 09:00:00,8.829480943521006,3248.1453020977906,-0.29999999999999893
2022-09-10 10:00:00,9.07201297195045,3337.366772056272,-0.1500000000000008
2022-09-10 11:00:00,9.334714989309681,3434.008276692299,-0.09999999999999964
2022-09-10 12:00:00,6.017439162176768,2213.6654317857788,-0.15000000000000036
2022-09-10 13:00:00,4.534980620355074,1668.3059957131225,-0.09999999999999964
2022-09-10 14:00:00,4.837870382088493,1779.731566810804,0.0
2022-09-10 15:00:00,7.63956628313845,2810.405446409557,-0.1499999999999999
2022-09-10 16:00:00,4.23655968066318,1558.5243925239674,0.2999999999999998
2022-09-10 17:00:00,24.0,8829.000000000002,0.4500000000000002
2022-09-10 18:00:00,24.0,8829.000000000002,0.1999999999999993
2022-09-10 19:00:00,24.0,8829.000000000002,0.10000000000000053
2022-09-10 20:00:00,8.006765293751153,2945.4887824387056,-0.15000000000000036
2022-09-10 21:00:00,5.818317268047683,2140.413464983041,-0.25
2022-09-10 22:00:00,7.570980038484956,2785.1742816576534,-0.25
2022-09-10 23:00:00,7.222418892920851,2656.9473502332576,-0.04999999999999982
2022-09-11 00:00:00,7.423193404581197,2730.8072737103084,-0.15000000000000036
2022-09-11 01:00:00,5.335799267632412,1962.9071555802736,-0.04999999999999938
2022-09-11 02:00:00,9.701195340437028,3568.8272358632717,-0.050000000000000266
2022-09-11 03:00:00,4.603642848322173,1693.5651128265192,-0.04999999999999982
2022-09-11 04:00:00,13.517310386090939,4972.680558283205,0.4500000000000002
2022-09-11 05:00:00,16.825864639672876,6189.81495431966,0.4499999999999993
2022-09-11 06:00:00,24.0,8829.000000000002,0.3000000000000007
2022-09-11 07:00:00,14.288842744148901,5256.508024503777,0.1999999999999993
2022-09-11 08:00:00,6.260476072303565,2303.072635098674,-0.25
2022-09-11 09:00:00,7.975027713843052,2933.813320230013,-0.25
2022-09-11 10:00:00,7.051401993862152,2594.034508492039,-0.29999999999999893
2022-09-11 11:00:00,7.736377425103862,2846.019845260083,-0.1500000000000008
2022-09-11 12:00:00,8.876280322024213,3265.361623464657,-0.1499999999999999
2022-09-11 13:00:00,10.387474166946177,3821.2920591653256,-0.10000000000000009
2022-09-11 14:00:00,8.21533892130492,3022.2178056750477,-0.10000000000000009
2022-09-11 15:00:00,8.429935072410855,3101.1623647631436,-0.20000000000000018
2022-09-11 16:00:00,24.0,8829.000000000002,0.10000000000000053
2022-09-11 17:00:00,24.0,8829.000000000002,0.6499999999999995
2022-09-11 18:00:00,24.0,8829.000000000002,0.25
2022-09-11 19:00:00,24.0,8829.000000000002,0.10000000000000053
2022-09-11 20:00:00,3.7052137547324353,1363.0555100221945,0.0
2022-09-11 21:00:00,6.136086179909351,2257.3127034341524,-0.20000000000000018
2022-09-11 22:00:00,5.72857019989352,2107.397762285829,-0.25
2022-09-11 23:00:00,6.573036378475862,2418.055757731808,-0.1499999999999999
2022-09-12 00:00:00,9.57444596548395,3522.199309552408,-0.19999999999999973
2022-09-12 01:00:00,7.676641283534824,2824.0444121803735,-4.440892098500626e-16
2022-09-12 02:00:00,5.350958897952528,1968.484004584286,-0.04999999999999982
2022-09-12 03:00:00,8.496700805529441,3125.7238088341423,-0.050000000000000266
2022-09-12 04:00:00,5.938754108068893,2184.719167505844,-0.25
2022-09-12 05:00:00,10.88018047813403,4002.5463933935557,0.7999999999999998
2022-09-12 06:00:00,24.0,8829.000000000002,0.35000000000000053
2022-09-12 07:00:00,24.0,8829.000000000002,0.2999999999999998
2022-09-12 08:00:00,6.871782720868563,2527.9570684395226,0.0
2022-09-12 09:00:00,5.142751199102345,1891.8895973697754,-0.1999999999999993
2022-09-12 10:00:00,7.112686885687509,2616.579688072293,-0.35000000000000053
2022-09-12 11:00:00,8.731110166113472,3211.957152358994,-0.20000000000000018
2022-09-12 12:00:00,7.629283027988837,2806.622493921394,-0.10000000000000009
2022-09-12 13:00:00,7.780965144657424,2862.4225525908496,-0.10000000000000009
2022-09-12 14:00:00,7.838610049417077,2883.628671929307,-0.14999999999999947
2022-09-12 15:00:00,8.945127957982141,3290.68894754268,-0.15000000000000036
2022-09-12 16:00:00,8.83380573084445,3249.736283234402,-0.15000000000000036
2022-09-12 17:00:00,24.0,8829.000000000002,0.10000000000000053
2022-09-12 18:00:00,10.265007678260005,3776.2396996398993,0.7000000000000002
2022-09-12 19:00:00,24.0,8829.000000000002,0.09999999999999964
2022-09-12 20:00:00,12.622020725363122,4643.325874342958,0.09999999999999964
2022-09-12 21:00:00,8.880427565850349,3266.8872907871973,-0.1999999999999993
2022-09-12 22:00:00,6.550419429984148,2409.7355478054187,-0.20000000000000018
2022-09-12 23:00:00,6.116957885111308,2250.275881985322,-0.15000000000000036
2022-09-13 00:00:00,7.333459349920695,2697.7963583520755,-0.20000000000000018
2022-09-13 01:00:00,6.216761233353939,2286.9910387200803,-0.1999999999999993
2022-09-13 02:00:00,7.131958927776498,2623.669390555779,-0.10000000000000053
2022-09-13 03:00:00,8.900917756244748,3274.425119578537,-0.09999999999999964
2022-09-13 04:00:00,24.0,8829.000000000002,0.04999999999999982
2022-09-13 05:00:00,24.0,8829.000000000002,0.10000000000000009
2022-09-13 06:00:00,24.0,8829.000000000002,0.6499999999999999
2022-09-13 07:00:00,3.689050246836489,1357.1093595549733,0.15000000000000036
2022-09-13 08:00:00,24.0,8829.000000000002,0.09999999999999964
2022-09-13 09:00:00,13.218680573975526,4862.8221161512465,0.04999999999999982
2022-09-13 10:00:00,4.227451968400869,1555.17389287547,-0.34999999999999964
2022-09-13 11:00:00,7.1995168424959,2648.522258433179,-0.15000000000000036
2022-09-13 12:00:00,5.522437127776752,2031.5665583808725,-0.19999999999999973
2022-09-13 13:00:00,8.34659866379583,3070.504983443891,-0.1499999999999999
2022-09-13 14:00:00,6.233616010280972,2293.191489782113,-0.10000000000000009
2022-09-13 15:00:00,8.458110675336243,3111.527464689321,-0.050000000000000266
2022-09-13 16:00:00,7.857265397885685,2890.491508247196,-0.09999999999999964
2022-09-13 17:00:00,6.605643736704491,2430.0511896401645,0.0
2022-09-13 18:00:00,19.689137289412947,7243.141380342787,0.6499999999999995
2022-09-13 19:00:00,24.0,8829.000000000002,0.3000000000000007
2022-09-13 20:00:00,24.0,8829.000000000002,0.09999999999999964
2022-09-13 21:00:00,8.572987265520714,3153.787690303432,0.0
2022-09-13 22:00:00,4.5109461643425375,1659.4643202075108,-0.2999999999999998
2022-09-13 23:00:00,7.6241783522567275,2804.7446113364435,-0.25
2022-09-14 00:00:00,5.6865266987082945,2091.9310092873134,-0.15000000000000036
2022-09-14 01:00:00,6.645633500670129,2444.7624240590235,-0.04999999999999982
2022-09-14 02:00:00,9.648366888029713,3549.392968933931,-0.09999999999999964
2022-09-14 03:00:00,9.80672773341657,3607.6499649306206,-0.10000000000000053
2022-09-14 04:00:00,5.848377308723859,2151.4718024467893,-0.1499999999999999
2022-09-14 05:00:00,7.238821367781384,2662.9814106725767,-0.050000000000000266
2022-09-14 06:00:00,24.0,8829.000000000002,0.6500000000000004
2022-09-14 07:00:00,13.838139277852125,5090.705486839851,0.2999999999999998
2022-09-14 08:00:00,24.0,8829.000000000002,0.10000000000000053
2022-09-14 09:00:00,9.33197976482119,3433.0020559835957,0.0
2022-09-14 10:00:00,6.4100985597078335,2358.115007652519,-0.20000000000000018
2022-09-14 11:00:00,7.764207879409867,2856.2579736379043,-0.30000000000000027
2022-09-14 12:00:00,4.097155728425498,1507.2411635945298,-0.1499999999999999
2022-09-14 13:00:00,8.745019794940749,3217.074157063828,-0.10000000000000009
2022-09-14 14:00:00,5.658823972339493,2081.7398688243907,-0.10000000000000009
2022-09-14 15:00:00,8.312620716443142,3058.005346061521,-0.09999999999999964
2022-09-14 16:00:00,6.631915726012409,2439.715997706815,-0.050000000000000266
2022-09-14 17:00:00,7.102929856972956,2612.9903211339265,-0.10000000000000009
2022-09-14 18:00:00,24.0,8829.000000000002,0.2999999999999998
2022-09-14 19:00:00,24.0,8829.000000000002,0.5500000000000007
2022-09-14 20:00:00,18.275213453168515,6722.994149084367,0.14999999999999947
2022-09-14 21:00:00,24.0,8829.000000000002,0.04999999999999982
2022-09-14 22:00:00,8.390877961585954,3086.794230118432,-0.09999999999999964
2022-09-14 23:00:00,8.579388060186387,3156.142382641067,-0.25
2022-09-15 00:00:00,9.729011976716915,3579.060280934735,-0.20000000000000018
2022-09-15 01:00:00,7.11867098893666,2618.781090055074,-0.1499999999999999
2022-09-15 02:00:00,7.15681793907764,2632.8143993381864,-0.10000000000000009
2022-09-15 03:00:00,9.432176903901832,3469.8620785228863,-0.09999999999999964
2022-09-15 04:00:00,4.855872466821882,1786.3540837321,-0.050000000000000266
2022-09-15 05:00:00,8.794344325756017,3235.219418837495,-0.050000000000000266
2022-09-15 06:00:00,15.648790164876434,5756.798681903917,0.6000000000000001
2022-09-15 07:00:00,17.802577240418575,6549.123102318983,0.3999999999999999
2022-09-15 08:00:00,18.6774796848304,6870.977839056984,0.20000000000000018
2022-09-15 09:00:00,19.213710023131664,7068.243574759561,0.04999999999999982
2022-09-15 10:00:00,5.9036831005783,2171.8174206252424,-0.1999999999999993
2022-09-15 11:00:00,8.395837412161184,3088.618687998796,-0.15000000000000036
2022-09-15 12:00:00,6.578383347886007,2420.0227741035646,-0.15000000000000036
2022-09-15 13:00:00,7.8639208269451775,2892.9398742124567,-0.24999999999999956
2022-09-15 14:00:00,6.7752829970407795,2492.4572325363765,-0.10000000000000009
2022-09-15 15:00:00,6.5798217785332795,2420.5519367779307,-0.1499999999999999
2022-09-15 16:00:00,7.304870934865303,2687.279395163573,-0.050000000000000266
2022-09-15 17:00:00,6.245810987651253,2297.6777170822043,-0.09999999999999964
2022-09-15 18:00:00,5.713574232091394,2101.8811206306214,-0.050000000000000266
2022-09-15 19:00:00,14.946598128868235,5498.479786657403,0.3999999999999999
2022-09-15 20:00:00,21.984275497493694,8087.465348640491,0.5
2022-09-15 21:00:00,16.4618146953734,6055.890081060488,0.2999999999999998
2022-09-15 22:00:00,14.650039661066053,5389.383340314675,0.10000000000000053
2022-09-15 23:00:00,6.246375140206069,2297.885254703308,-0.40000000000000036
2022-09-16 00:00:00,8.09942443238178,2979.575763062447,-0.2999999999999998
2022-09-16 01:00:00,7.429132577090538,2732.9921467971812,-0.20000000000000018
2022-09-16 02:00:00,7.460111014597605,2744.3883394950935,-0.14999999999999947
2022-09-16 03:00:00,8.134856388136727,2992.6102937857986,-0.10000000000000053
2022-09-16 04:00:00,8.004579305961538,2944.6846121806007,-0.04999999999999982
2022-09-16 05:00:00,6.235858250143747,2294.0163537716307,-0.1499999999999999
2022-09-16 06:00:00,6.524534872975692,2400.2132663959324,-0.050000000000000266
2022-09-16 07:00:00,18.04726174516932,6639.136414504164,0.4500000000000002
2022-09-16 08:00:00,15.24040894635587,5606.565441140667,0.4500000000000002
2022-09-16 09:00:00,24.0,8829.000000000002,0.2499999999999991
2022-09-16 10:00:00,8.615460657790555,3169.4125894847,0.05000000000000071
2022-09-16 11:00:00,7.05523650200567,2595.445128175336,-0.2999999999999998
2022-09-16 12:00:00,6.0488055922205595,2225.2043572381385,-0.25
2022-09-16 13:00:00,11.19693286896241,4119.071679169547,-0.20000000000000018
2022-09-16 14:00:00,4.45607270425221,1639.2777460767818,-0.09999999999999964
2022-09-16 15:00:00,6.193686716616343,2278.502500875237,-0.15000000000000036
2022-09-16 16:00:00,5.8157990330699,2139.4870692905893,0.0
2022-09-16 17:00:00,8.56041965930606,3149.164382167217,-0.1499999999999999
2022-09-16 18:00:00,7.101574386140488,2612.491677301432,0.0
2022-09-16 19:00:00,23.705677381938713,8720.726066880703,0.3999999999999999
2022-09-16 20:00:00,24.0,8829.000000000002,0.4500000000000002
2022-09-16 21:00:00,24.0,8829.000000000002,0.2999999999999998
2022-09-16 22:00:00,24.0,8829.000000000002,0.15000000000000036
2022-09-16 23:00:00,6.595986421680614,2426.498504875756,-0.25
2022-09-17 00:00:00,6.252124585920875,2300.0003320456417,-0.35000000000000053
2022-09-17 01:00:00,5.297905819588422,1948.9671033810912,-0.25
2022-09-17 02:00:00,6.622544151563179,2436.268429756304,-0.14999999999999947
2022-09-17 03:00:00,6.398660091948297,2353.90708132548,-0.15000000000000036
2022-09-17 04:00:00,9.829732109539751,3616.1126997969363,-0.04999999999999982
2022-09-17 05:00:00,7.629126947224299,2806.565075710139,-0.050000000000000266
2022-09-17 06:00:00,5.158152781309441,1897.5554544242111,-0.10000000000000009
2022-09-17 07:00:00,24.0,8829.000000000002,0.050000000000000266
2022-09-17 08:00:00,24.0,8829.000000000002,0.3999999999999999
2022-09-17 09:00:00,24.0,8829.000000000002,0.34999999999999964
2022-09-17 10:00:00,10.188595610556156,3748.1296102333454,0.20000000000000018
2022-09-17 11:00:00,6.855553215672706,2521.986639215597,-0.20000000000000018
2022-09-17 12:00:00,6.466032093957743,2378.691556564705,-0.1999999999999993
2022-09-17 13:00:00,6.140590714826868,2258.969809216934,-0.25000000000000044
2022-09-17 14:00:00,24.0,8829.000000000002,4.440892098500626e-16
2022-09-17 15:00:00,9.262087752847377,3407.2905320787286,-0.10000000000000053
2022-09-17 16:00:00,8.484284082940507,3121.156007011739,0.0
2022-09-17 17:00:00,7.502855197557672,2760.112855801529,-0.04999999999999982
2022-09-17 18:00:00,9.501888907139449,3495.5073817139246,0.0
2022-09-17 19:00:00,5.649671883773777,2078.3730442432784,0.25
2022-09-17 20:00:00,16.80704597602789,6182.89203843126,0.44999999999999973
2022-09-17 21:00:00,10.381587443979548,3819.1264809539757,0.25000000000000044
2022-09-17 22:00:00,24.0,8829.000000000002,0.20000000000000018
2022-09-17 23:00:00,8.6631039329919,3186.9393593493955,-0.05000000000000071
2022-09-18 00:00:00,6.07000935534483,2233.004691597479,-0.2999999999999998
2022-09-18 01:00:00,6.097374951966343,2243.071810454618,-0.20000000000000018
2022-09-18 02:00:00,7.268622656661421,2673.94455981932,-0.09999999999999964
2022-09-18 03:00:00,7.1508720999098685,2630.6270737543437,-0.09999999999999964
2022-09-18 04:00:00,6.8635930359192034,2524.9442880887773,-0.050000000000000266
2022-09-18 05:00:00,7.8904258303179535,2902.6904023282173,-0.20000000000000018
2022-09-18 06:00:00,24.0,8829.000000000002,0.10000000000000009
2022-09-18 07:00:00,8.34048795307228,3068.2570057364646,-0.04999999999999982
2022-09-18 08:00:00,24.0,8829.000000000002,0.09999999999999964
2022-09-18 09:00:00,24.0,8829.000000000002,0.15000000000000036
2022-09-18 10:00:00,24.0,8829.000000000002,0.14999999999999947
2022-09-18 11:00:00,8.159940912124972,3001.8382630479737,-0.04999999999999982
2022-09-18 12:00:00,6.216679250430628,2286.960879252167,-0.04999999999999982
2022-09-18 13:00:00,7.769587214950445,2858.2368966998947,-0.10000000000000009
2022-09-18 14:00:00,5.753821450884207,2116.687066244028,-0.10000000000000009
2022-09-18 15:00:00,6.508699177126596,2394.3877097854465,-0.1499999999999999
2022-09-18 16:00:00,24.0,8829.000000000002,0.050000000000000266
2022-09-18 17:00:00,8.29125352023883,3050.1448887578604,-0.15000000000000036
2022-09-18 18:00:00,24.0,8829.000000000002,0.04999999999999982
2022-09-18 19:00:00,24.0,8829.000000000002,0.10000000000000009
2022-09-18 20:00:00,20.412316434580177,7509.180908371181,0.15000000000000036
2022-09-18 21:00:00,24.0,8829.000000000002,0.30000000000000027
2022-09-18 22:00:00,2.1387254054737603,786.7836085386595,0.09999999999999964
2022-09-18 23:00:00,8.362157278058971,3076.2286086659446,0.09999999999999964
2022-09-19 00:00:00,6.624487858728699,2436.9834710298205,-0.09999999999999964
2022-09-19 01:00:00,9.649645305587354,3549.8632667929483,-0.04999999999999982
2022-09-19 02:00:00,8.455251847660348,3110.4757734580503,-0.25
2022-09-19 03:00:00,5.522710663569036,2031.6671853604594,-0.050000000000000266
2022-09-19 04:00:00,8.125424337245859,2989.1404780643206,-0.10000000000000009
2022-09-19 05:00:00,5.976906588370266,2198.7545111967115,-0.04999999999999982
2022-09-19 06:00:00,8.706632106876405,3202.9522863171574,0.0
2022-09-19 07:00:00,4.774837017303212,1756.5431677404192,-0.10000000000000009
2022-09-19 08:00:00,6.455878058109255,2374.956140626942,0.0
2022-09-19 09:00:00,24.0,8829.000000000002,0.04999999999999982
2022-09-19 10:00:00,24.0,8829.000000000002,0.050000000000000266
2022-09-19 11:00:00,24.0,8829.000000000002,0.04999999999999982
2022-09-19 12:00:00,13.874574423462176,5104.109066031148,0.050000000000000266
2022-09-19 13:00:00,24.0,8829.000000000002,0.04999999999999982
2022-09-19 14:00:00,8.926433958619258,3283.8118925270596,-0.050000000000000266
2022-09-19 15:00:00,4.403532686381248,1619.9495870025016,-0.09999999999999964
2022-09-19 16:00:00,5.977315821969338,2198.90505800697,0.0
2022-09-19 17:00:00,7.6867415471749325,2827.7600466669787,0.0
2022-09-19 18:00:00,6.029523113616954,2218.110815421837,0.0
2022-09-19 19:00:00,5.900391140142855,2170.6063906800528,-0.04999999999999982
2022-09-19 20:00:00,24.0,8829.000000000002,0.04999999999999982
2022-09-19 21:00:00,18.46386139012287,6792.39300889145,0.1499999999999999
2022-09-19 22:00:00,13.82836007046813,5087.107960923464,0.10000000000000009
2022-09-19 23:00:00,6.521019278826876,2398.919967198437,0.19999999999999973
2022-09-20 00:00:00,24.0,8829.000000000002,0.10000000000000009
2022-09-20 01:00:00,9.415923405407225,3463.882822764183,0.0
2022-09-20 02:00:00,18.938365359953316,6966.951156792827,0.04999999999999982
2022-09-20 03:00:00,7.079984617649197,2604.5493412176984,0.0
2022-09-20 04:00:00,7.791876844380764,2866.4366941265735,-0.1499999999999999
2022-09-20 05:00:00,5.487591900487456,2018.747870391823,-0.10000000000000009
2022-09-20 06:00:00,7.495440616445129,2757.385216774752,-0.09999999999999964
2022-09-20 07:00:00,8.434188600548316,3102.7271314267123,-0.10000000000000009
2022-09-20 08:00:00,6.401721107309085,2355.03315235133,-0.10000000000000009
2022-09-20 09:00:00,15.07245190777531,5544.778245572841,0.050000000000000266
2022-09-20 10:00:00,9.594908660808342,3529.727023594869,0.0
2022-09-20 11:00:00,8.012876772500084,2947.737042683469,-0.050000000000000266
2022-09-20 12:00:00,7.221729669727066,2656.6938022508443,0.0
2022-09-20 13:00:00,10.130427301872569,3726.730943676371,0.0
2022-09-20 14:00:00,10.022539643389846,3687.0417713120387,0.0
2022-09-20 15:00:00,24.0,8829.000000000002,0.10000000000000009
2022-09-20 16:00:00,7.790911914596115,2866.0817205820454,-0.10000000000000009
2022-09-20 17:00:00,9.09614512422281,3346.244387573466,-0.09999999999999964
2022-09-20 18:00:00,24.0,8829.000000000002,0.04999999999999982
2022-09-20 19:00:00,24.0,8829.000000000002,0.04999999999999982
2022-09-20 20:00:00,7.6348780499438575,2808.6807626230966,-0.10000000000000009
2022-09-20 21:00:00,6.612397857436523,2432.535861804461,0.0
2022-09-20 22:00:00,6.367544762818273,2342.4605296217724,-0.09999999999999964
2022-09-20 23:00:00,24.0,8829.000000000002,0.04999999999999982
2022-09-21 00:00:00,13.897489529411846,5112.538960632382,0.10000000000000009
2022-09-21 01:00:00,9.860137599575733,3627.298119443922,0.1499999999999999
2022-09-21 02:00:00,24.0,8829.000000000002,0.1499999999999999
2022-09-21 03:00:00,17.89036799540109,6581.4191263081775,0.04999999999999982
2022-09-21 04:00:00,24.0,8829.000000000002,0.05000000000000071
2022-09-21 05:00:00,8.17456753252096,3007.219031026148,-0.15000000000000036
2022-09-21 06:00:00,7.464070666189961,2745.8449963246317,-0.10000000000000009
2022-09-21 07:00:00,6.477006110864696,2382.72862303435,-0.1499999999999999
2022-09-21 08:00:00,4.696017714398209,1727.5475166842414,0.04999999999999982
2022-09-21 09:00:00,8.068844165781556,2968.32604748689,-0.1499999999999999
2022-09-21 10:00:00,5.958911568552327,2192.134593281187,-0.10000000000000009
2022-09-21 11:00:00,7.804520237171573,2871.087882249493,0.0
2022-09-21 12:00:00,7.465957629316954,2746.5391628849743,-0.04999999999999982
2022-09-21 13:00:00,10.66568166484151,3923.63764245357,0.04999999999999982
2022-09-21 14:00:00,23.655526896512626,8702.276957054582,0.25
2022-09-21 15:00:00,20.349117883941314,7485.93174155491,0.1499999999999999
2022-09-21 16:00:00,24.0,8829.000000000002,0.050000000000000266
2022-09-21 17:00:00,24.0,8829.000000000002,0.04999999999999982
2022-09-21 18:00:00,6.8932915452220875,2535.869627198575,-0.09999999999999964
2022-09-21 19:00:00,7.819958812943392,2876.7673483115504,-0.050000000000000266
2022-09-21 20:00:00,5.070413310275059,1865.2782965174376,-0.1499999999999999
2022-09-21 21:00:00,7.660011041738734,2817.926561979637,-0.050000000000000266
2022-09-21 22:00:00,23.03902298579439,8475.48058089911,4.440892098500626e-16
2022-09-21 23:00:00,3.5165171495977283,1293.6387464082643,-0.15000000000000036
2022-09-22 00:00:00,6.858097252905019,2522.9225269124336,0.0
2022-09-22 01:00:00,24.0,8829.000000000002,0.25
2022-09-22 02:00:00,0.0,0.0,0.2999999999999998
2022-09-22 03:00:00,24.0,8829.000000000002,0.10000000000000053
2022-09-22 04:00:00,22.213297215258144,8171.71671306309,0.20000000000000018
2022-09-22 05:00:00,10.631016436735218,3910.885171663968,-0.05000000000000071
2022-09-22 06:00:00,7.903058712900108,2907.337724008127,-0.09999999999999964
2022-09-22 07:00:00,8.985683351158356,3305.6082628073796,-0.1499999999999999
2022-09-22 08:00:00,9.271339310521762,3410.6939488581934,-0.20000000000000018
2022-09-22 09:00:00,4.914321549291071,1807.8560399454523,-0.10000000000000009
2022-09-22 10:00:00,9.199088213158774,3384.114576415784,-0.04999999999999982
2022-09-22 11:00:00,7.033036401796803,2587.278266310999,-0.15000000000000036
2022-09-22 12:00:00,7.088965954001999,2607.8533503284857,-0.04999999999999982
2022-09-22 13:00:00,4.261743375451593,1567.788844244255,0.0
2022-09-22 14:00:00,4.646509417396653,1709.3346519247943,0.0
2022-09-22 15:00:00,24.0,8829.000000000002,0.2999999999999998
2022-09-22 16:00:00,24.0,8829.000000000002,0.25
2022-09-22 17:00:00,17.581312193095737,6467.725223035094,0.050000000000000266
2022-09-22 18:00:00,9.16927858219111,3373.1483584235543,-0.04999999999999982
2022-09-22 19:00:00,6.019326075255712,2214.3595799346954,-0.10000000000000009
2022-09-22 20:00:00,4.413648570252254,1623.6709677815481,-0.2999999999999998
2022-09-22 21:00:00,9.436116371379475,3471.3113101212243,0.0
2022-09-22 22:00:00,8.219247368137074,3023.6556255534256,-0.050000000000000266
2022-09-22 23:00:00,7.049299461717796,2593.2610394794337,-0.10000000000000009
2022-09-23 00:00:00,6.138819079991379,2258.3180690518284,-0.04999999999999982
2022-09-23 01:00:00,8.156412748624573,3000.5403399002653,-0.04999999999999982
2022-09-23 02:00:00,17.77365546805086,6538.48350530921,0.34999999999999964
2022-09-23 03:00:00,24.0,8829.000000000002,0.30000000000000027
2022-09-23 04:00:00,24.0,8829.000000000002,0.19999999999999973
2022-09-23 05:00:00,24.0,8829.000000000002,0.10000000000000053
2022-09-23 06:00:00,9.485325430171129,3489.4140926242044,-0.05000000000000071
2022-09-23 07:00:00,8.951331465703028,3292.9710629455017,-0.14999999999999947
2022-09-23 08:00:00,6.340981589429823,2332.688602211497,-0.15000000000000036
2022-09-23 09:00:00,8.077960383629643,2971.6796761277546,-0.19999999999999973
2022-09-23 10:00:00,6.802882315484685,2502.6103318089285,-0.20000000000000018
2022-09-23 11:00:00,7.944111547726724,2922.4400356199685,-0.04999999999999982
2022-09-23 12:00:00,7.344701060285314,2701.93190255246,-0.10000000000000009
2022-09-23 13:00:00,7.078259007305738,2603.914532312598,-0.10000000000000009
2022-09-23 14:00:00,6.595032789368706,2426.147687389013,0.0
2022-09-23 15:00:00,24.0,8829.000000000002,0.25
2022-09-23 16:00:00,15.793927324560782,5810.191014522798,0.30000000000000027
2022-09-23 17:00:00,9.780561983620299,3598.024239724317,0.1499999999999999
2022-09-23 18:00:00,22.621980130791794,8322.06094061503,0.04999999999999982
2022-09-23 19:00:00,5.407397577650421,1989.2463838781487,-0.10000000000000009
2022-09-23 20:00:00,5.019118541235347,1846.4082333569531,-0.10000000000000009
2022-09-23 21:00:00,5.444197972738877,2002.784329221314,-0.19999999999999973
2022-09-23 22:00:00,6.083671105248052,2238.030507843127,-0.050000000000000266
2022-09-23 23:00:00,7.28110821681245,2678.53768525988,-0.1499999999999999
2022-09-24 00:00:00,24.0,8829.000000000002,0.04999999999999982
2022-09-24 01:00:00,5.7108748056990475,2100.888069146537,-0.09999999999999964
2022-09-24 02:00:00,20.8562976209562,7672.510487309262,0.04999999999999982
2022-09-24 03:00:00,24.0,8829.000000000002,0.5
2022-09-24 04:00:00,24.0,8829.000000000002,0.2999999999999998
2022-09-24 05:00:00,5.126159253439045,1885.7858353588888,0.09999999999999964
2022-09-24 06:00:00,8.50258803853064,3127.8895746744593,0.0
2022-09-24 07:00:00,9.267203212597733,3409.1723818343908,-0.09999999999999964
2022-09-24 08:00:00,7.019987598303577,2582.4779377259283,-0.19999999999999973
2022-09-24 09:00:00,8.497024039377632,3125.842718486046,-0.19999999999999973
2022-09-24 10:00:00,5.990756263050677,2203.849460269768,-0.10000000000000053
2022-09-24 11:00:00,9.442675449142452,3473.7242308532796,-0.09999999999999964
2022-09-24 12:00:00,8.231784229243727,3028.2676233330358,-0.04999999999999982
2022-09-24 13:00:00,8.817876978837317,3243.876493589778,-0.20000000000000018
2022-09-24 14:00:00,4.661384010698824,1714.8066429358303,-0.04999999999999982
2022-09-24 15:00:00,24.0,8829.000000000002,0.04999999999999982
2022-09-24 16:00:00,22.722027816748223,8358.865983086254,0.5
2022-09-24 17:00:00,24.0,8829.000000000002,0.1499999999999999
2022-09-24 18:00:00,24.0,8829.000000000002,0.19999999999999973
2022-09-24 19:00:00,7.153098933617378,2631.4462702044925,-0.04999999999999982
2022-09-24 20:00:00,4.913692492759816,1807.6246257740174,-0.20000000000000018
2022-09-24 21:00:00,8.753869041385935,3220.3295735998504,-0.24999999999999956
2022-09-24 22:00:00,6.620762101688278,2435.6128581585754,-0.050000000000000266
2022-09-24 23:00:00,7.64543763193891,2812.5653688495263,-0.10000000000000009
2022-09-25 00:00:00,6.337207346340799,2331.3001525351215,-0.04999999999999938
2022-09-25 01:00:00,7.904322764795772,2907.802737099245,-0.10000000000000053
2022-09-25 02:00:00,8.006838378072354,2945.515668333367,-0.1499999999999999
2022-09-25 03:00:00,24.0,8829.000000000002,0.20000000000000018
2022-09-25 04:00:00,24.0,8829.000000000002,0.6499999999999999
2022-09-25 05:00:00,1.4018465934348772,515.7043155598556,0.04999999999999982
2022-09-25 06:00:00,24.0,8829.000000000002,0.14999999999999947
2022-09-25 07:00:00,7.120773018968151,2619.554374352909,-0.049999999999998934
2022-09-25 08:00:00,8.887700135527096,3269.562687357031,-0.20000000000000062
2022-09-25 09:00:00,7.244584402948653,2665.1014872347355,-0.19999999999999973
2022-09-25 10:00:00,6.187909075207015,2276.3770510417808,-0.15000000000000036
2022-09-25 11:00:00,7.2681978670120975,2673.7882903270756,-0.09999999999999964
2022-09-25 12:00:00,9.115322065235945,3353.2991047486735,-0.10000000000000009
2022-09-25 13:00:00,6.781282546797176,2494.664316903011,-0.1499999999999999
2022-09-25 14:00:00,8.76833494410391,3225.6512175622256,-0.04999999999999982
2022-09-25 15:00:00,9.849095294734576,3623.235931550482,-0.050000000000000266
2022-09-25 16:00:00,20.806672146552742,7654.25451591309,0.4500000000000002
2022-09-25 17:00:00,24.0,8829.000000000002,0.34999999999999964
2022-09-25 18:00:00,14.716870607649899,5413.968774789206,0.10000000000000009
2022-09-25 19:00:00,19.3087936503471,7103.222464121439,0.15000000000000036
2022-09-25 20:00:00,6.738392119932385,2478.8860011201264,-0.25000000000000044
2022-09-25 21:00:00,5.960909130626359,2192.8694464291716,-0.19999999999999973
2022-09-25 22:00:00,6.939552181394085,2552.887758730349,-0.2999999999999998
2022-09-25 23:00:00,20.186630488595924,7426.156690992227,0.04999999999999982
2022-09-26 00:00:00,7.976937397803022,2934.515845216787,-0.1499999999999999
2022-09-26 01:00:00,7.960084082063897,2928.315931689256,-0.050000000000000266
2022-09-26 02:00:00,10.138746947708349,3729.7915333882092,-0.09999999999999964
2022-09-26 03:00:00,7.703845421747243,2834.0521345252673,-0.050000000000000266
2022-09-26 04:00:00,24.0,8829.000000000002,0.5
2022-09-26 05:00:00,24.0,8829.000000000002,0.3500000000000001
2022-09-26 06:00:00,24.0,8829.000000000002,0.25
2022-09-26 07:00:00,5.326092016760284,1959.3361006656894,-0.04999999999999982
2022-09-26 08:00:00,7.434328933307525,2734.9037563405063,-0.04999999999999982
2022-09-26 09:00:00,5.64118336518026,2075.250330465688,-0.25000000000000044
2022-09-26 10:00:00,5.4077942878362,1989.3923236377423,-0.20000000000000018
2022-09-26 11:00:00,7.291723848924814,2682.4429109232155,-0.1499999999999999
2022-09-26 12:00:00,7.646461943221222,2812.942187362508,-0.09999999999999964
2022-09-26 13:00:00,5.688994012626343,2092.838672394916,-0.10000000000000009
2022-09-26 14:00:00,5.799457136453551,2133.47529407285,-0.10000000000000009
2022-09-26 15:00:00,6.8813615302660684,2531.48087294663,-0.04999999999999982
2022-09-26 16:00:00,14.58947644882849,5367.103648612781,0.09999999999999964
2022-09-26 17:00:00,20.850567386578867,7670.402477337701,0.6500000000000004
2022-09-26 18:00:00,6.805558239399878,2503.5947373192303,0.14999999999999947
2022-09-26 19:00:00,24.0,8829.000000000002,0.20000000000000107
2022-09-26 20:00:00,10.736481092179913,3949.6829817856856,-0.15000000000000036
2022-09-26 21:00:00,4.806467457415138,1768.179215896594,-0.20000000000000062
2022-09-26 22:00:00,9.841456334720966,3620.425749135476,-0.19999999999999973
2022-09-26 23:00:00,6.6579775036907,2449.303474170216,-0.15000000000000036
2022-09-27 00:00:00,6.206651743461485,2283.2720101258938,-0.09999999999999964
2022-09-27 01:00:00,6.820045275500522,2508.924155724754,-0.10000000000000009
2022-09-27 02:00:00,6.599347053572341,2427.7347973329247,-0.050000000000000266
2022-09-27 03:00:00,8.84129848461957,3252.492680029425,-0.14999999999999947
2022-09-27 04:00:00,15.533799215199373,5714.496386291468,0.04999999999999982
2022-09-27 05:00:00,10.69210949255135,3933.359779572327,0.6999999999999997
2022-09-27 06:00:00,14.85763845829294,5465.753747844516,0.20000000000000062
2022-09-27 07:00:00,22.31239655343706,8208.172882095658,0.25
2022-09-27 08:00:00,7.728094376448285,2842.972718735912,-0.05000000000000071
2022-09-27 09:00:00,5.786936569731611,2128.869290590016,-0.1999999999999993
2022-09-27 10:00:00,6.162971647177741,2267.2031947055116,-0.25
2022-09-27 11:00:00,8.971604805247571,3300.429117730451,-0.20000000000000018
2022-09-27 12:00:00,6.684278403007368,2458.9789175063356,-0.10000000000000009
2022-09-27 13:00:00,8.225423335282734,3025.9276094671363,-0.15000000000000036
2022-09-27 14:00:00,9.426792965310488,3467.8814621135957,-0.10000000000000009
2022-09-27 15:00:00,6.041026490099157,2222.3426200452277,-0.04999999999999982
2022-09-27 16:00:00,8.437242379704221,3103.8505404336906,-0.10000000000000009
2022-09-27 17:00:00,21.722614601788063,7991.206846632783,0.6000000000000001
2022-09-27 18:00:00,17.667898718609884,6499.578241108612,0.2999999999999998
2022-09-27 19:00:00,24.0,8829.000000000002,0.15000000000000036
2022-09-27 20:00:00,9.144273499781582,3363.9496137321494,0.0
2022-09-27 21:00:00,8.023144792292179,2951.514390464485,-0.09999999999999964
2022-09-27 22:00:00,5.448255077804937,2004.2768367474916,-0.3000000000000007
2022-09-27 23:00:00,7.556288225585099,2779.7695309871183,-0.14999999999999947
2022-09-28 00:00:00,8.435316476778175,3103.1420488947706,-0.10000000000000009
2022-09-28 01:00:00,7.331337705649614,2697.015858465852,-0.10000000000000009
2022-09-28 02:00:00,7.334466123215631,2698.1667250779506,-0.04999999999999982
2022-09-28 03:00:00,6.130159099293142,2255.1322786524643,-0.15000000000000036
2022-09-28 04:00:00,4.667591404922243,1717.09018808577,-0.04999999999999982
2022-09-28 05:00:00,18.594227233251626,6840.351343432442,0.5
2022-09-28 06:00:00,23.662410293113204,8704.80918657902,0.34999999999999964
2022-09-28 07:00:00,24.0,8829.000000000002,0.20000000000000018
2022-09-28 08:00:00,24.0,8829.000000000002,0.10000000000000053
2022-09-28 09:00:00,5.439428629407327,2001.0298070432202,-0.20000000000000107
2022-09-28 10:00:00,6.394191565987389,2352.2632223376113,-0.1999999999999993
2022-09-28 11:00:00,9.782594708103126,3598.772028243438,-0.25
2022-09-28 12:00:00,6.26811602018956,2305.8831809272347,-0.09999999999999964
2022-09-28 13:00:00,9.528916520321237,3505.4501649131753,-0.10000000000000053
2022-09-28 14:00:00,6.814095788722458,2506.7354882762743,-0.09999999999999964
2022-09-28 15:00:00,6.4264124794070305,2364.116490861861,-0.10000000000000009
2022-09-28 16:00:00,5.435075662124546,1999.4284592040672,-0.1499999999999999
2022-09-28 17:00:00,24.0,8829.000000000002,0.20000000000000018
2022-09-28 18:00:00,24.0,8829.000000000002,0.6999999999999993
2022-09-28 19:00:00,24.0,8829.000000000002,0.05000000000000071
2022-09-28 20:00:00,22.258614330764917,8188.387746930143,0.15000000000000036
2022-09-28 21:00:00,7.061588681030902,2597.7819360342437,-0.05000000000000071
2022-09-28 22:00:00,7.738849356676849,2846.929207087496,-0.20000000000000018
2022-09-28 23:00:00,8.334520068752768,3066.0615702924247,-0.25
2022-09-29 00:00:00,6.638018047655888,2441.96088928141,-0.20000000000000018
2022-09-29 01:00:00,24.0,8829.000000000002,4.440892098500626e-16
2022-09-29 02:00:00,6.377914661670819,2346.2753561621525,-0.1499999999999999
2022-09-29 03:00:00,7.33807404762777,2699.4939902710653,-0.10000000000000053
2022-09-29 04:00:00,20.082479885034356,7387.842287707013,4.440892098500626e-16
2022-09-29 05:00:00,5.927166803424914,2180.45648780994,-0.050000000000000266
2022-09-29 06:00:00,9.524638174513383,3503.8762684491103,0.5499999999999998
2022-09-29 07:00:00,23.074534333918113,8488.544318090126,0.3000000000000007
2022-09-29 08:00:00,5.769976174309786,2122.629985124213,0.15000000000000036
2022-09-29 09:00:00,8.417812219425246,3096.7026702210624,-0.05000000000000071
2022-09-29 10:00:00,4.460543238288579,1640.9223437854107,-0.20000000000000018
2022-09-29 11:00:00,7.420059262459131,2729.6543011771532,-0.2999999999999998
2022-09-29 12:00:00,9.138639670169466,3361.877068663592,-0.15000000000000036
2022-09-29 13:00:00,5.269955766426239,1938.6849775740527,-0.09999999999999964
2022-09-29 14:00:00,7.545440475012199,2775.7789147451126,-0.04999999999999982
2022-09-29 15:00:00,6.307140051910531,2320.2391465965866,-0.10000000000000053
2022-09-29 16:00:00,6.894298653276792,2536.2401170742,-0.09999999999999964
2022-09-29 17:00:00,7.337170442030914,2699.1615763621226,-0.050000000000000266
2022-09-29 18:00:00,24.0,8829.000000000002,0.6000000000000001
2022-09-29 19:00:00,24.0,8829.000000000002,0.2999999999999998
2022-09-29 20:00:00,24.0,8829.000000000002,0.15000000000000036
2022-09-29 21:00:00,22.226885049458406,8176.715337569511,0.05000000000000071
2022-09-29 22:00:00,6.314729750837909,2323.031207089496,-0.10000000000000053
2022-09-29 23:00:00,10.104248775393264,3717.100518247797,-0.25
2022-09-30 00:00:00,6.360182976294729,2339.7523124044233,-0.25
2022-09-30 01:00:00,6.009986057974327,2210.9236210773056,-0.04999999999999982
2022-09-30 02:00:00,9.419110804675562,3465.055387270022,-0.10000000000000053
2022-09-30 03:00:00,6.465599572483274,2378.5324427272844,-0.10000000000000009
2022-09-30 04:00:00,6.740048422721538,2479.4953135086857,-0.10000000000000009
2022-09-30 05:00:00,6.371934857240078,2344.075535607193,-0.09999999999999964
2022-09-30 06:00:00,24.0,8829.000000000002,0.2999999999999998
2022-09-30 07:00:00,24.0,8829.000000000002,0.4500000000000002
2022-09-30 08:00:00,23.946832038598608,8809.440836199463,0.09999999999999964
2022-09-30 09:00:00,4.911866775979939,1806.9529902136198,0.15000000000000036
2022-09-30 10:00:00,9.155542232169678,3368.0950986594207,-0.15000000000000036
2022-09-30 11:00:00,9.508509798060917,3497.9430419616606,-0.1999999999999993
2022-09-30 12:00:00,7.508188717129284,2762.0749243139353,-0.15000000000000036
2022-09-30 13:00:00,4.627445885391635,1702.3216550884476,-0.20000000000000018
2022-09-30 14:00:00,7.6331792920248205,2808.055832053631,-0.04999999999999982
2022-09-30 15:00:00,8.83102915177481,3248.714849209158,-0.10000000000000009
2022-09-30 16:00:00,5.200930183183285,1913.292191138551,-0.10000000000000009
2022-09-30 17:00:00,6.163509812003898,2267.4011720909343,-0.10000000000000009
2022-09-30 18:00:00,11.575641116182688,4258.388975615706,0.25
2022-09-30 19:00:00,24.0,8829.000000000002,0.5500000000000003
2022-09-30 20:00:00,19.883340261747392,7314.583798790322,0.15000000000000036
2022-09-30 21:00:00,3.5879578380461457,1319.9199896712257,0.15000000000000036
2022-09-30 22:00:00,8.534739590538875,3139.7173268694883,-0.05000000000000071
2022-09-30 23:00:00,6.19758801054558,2279.9376893794556,-0.20000000000000018
2022-10-01 00:00:00,3.811325491888997,1402.0913653286648,-0.25
2022-10-01 01:00:00,3.1472537343940594,1157.7959675402146,-0.1499999999999999
2022-10-01 02:00:00,3.129637389066551,1151.3153545028574,-0.10000000000000009
2022-10-01 03:00:00,2.2052497972263385,811.2562691546394,-0.10000000000000009
2022-10-01 04:00:00,14.408957722045953,5300.695321997654,4.440892098500626e-16
2022-10-01 05:00:00,3.578184572036247,1316.3246494378345,-0.10000000000000053
2022-10-01 06:00:00,2.844829670833052,1046.5417151577092,-0.04999999999999982
2022-10-01 07:00:00,1.4806420208850413,544.6911834330845,0.3500000000000001
2022-10-01 08:00:00,8.056677104300443,2963.8500897445256,0.2999999999999998
2022-10-01 09:00:00,9.165392830967717,3371.7188876922482,0.10000000000000009
2022-10-01 10:00:00,11.331041934029393,4168.407051481062,0.10000000000000053
2022-10-01 11:00:00,3.171368520119744,1166.6671943390509,-0.20000000000000018
2022-10-01 12:00:00,3.0589749620500513,1125.3204141641627,-0.25000000000000044
2022-10-01 13:00:00,2.385799884851927,877.6761326399024,-0.1499999999999999
2022-10-01 14:00:00,1.9429215485495055,714.7522646726493,-0.04999999999999982
2022-10-01 15:00:00,4.460838404604835,1641.0309280940037,-0.10000000000000009
2022-10-01 16:00:00,2.8772711557676773,1058.4761264280344,-0.10000000000000009
2022-10-01 17:00:00,3.173092796339972,1167.3015124535675,-0.10000000000000009
2022-10-01 18:00:00,5.114774722092253,1881.5977508896876,0.050000000000000266
2022-10-01 19:00:00,8.754578541113094,3220.590580811979,0.44999999999999973
2022-10-01 20:00:00,5.676755059518349,2088.3362675203125,0.3500000000000001
2022-10-01 21:00:00,5.649700246772262,2078.383478281346,0.15000000000000036
2022-10-01 22:00:00,9.87904629769954,3634.254156766219,0.04999999999999982
2022-10-01 23:00:00,3.3773210894501773,1242.431995781484,-0.05000000000000071
2022-10-02 00:00:00,2.003630200853576,737.0854601390091,-0.2499999999999991
2022-10-02 01:00:00,3.0790129747747734,1132.6918980952698,-0.15000000000000036
2022-10-02 02:00:00,3.222706166235069,1185.553030903726,-0.20000000000000018
2022-10-02 03:00:00,3.1537512561301835,1160.1862433488911,-0.09999999999999964
2022-10-02 04:00:00,2.690499125329669,989.7673657306518,0.0
2022-10-02 05:00:00,2.554314136286306,939.6683128863247,-0.15000000000000036
2022-10-02 06:00:00,2.9365597757085253,1080.2869274887737,-0.04999999999999982
2022-10-02 07:00:00,2.765894125796409,1017.5033015273542,0.0
2022-10-02 08:00:00,6.581505092201699,2421.1711857937,0.3999999999999999
2022-10-02 09:00:00,14.370385136751185,5286.505432182342,0.20000000000000018
2022-10-02 10:00:00,20.270433185871173,7456.985608252358,0.1499999999999999
2022-10-02 11:00:00,2.868176636102168,1055.1304800060852,-0.04999999999999982
2022-10-02 12:00:00,4.188659992245666,1540.9032946473744,-0.30000000000000027
2022-10-02 13:00:00,2.202833740386052,810.3674622445188,-0.10000000000000009
2022-10-02 14:00:00,2.3392584310717583,860.5546953305233,-0.09999999999999964
2022-10-02 15:00:00,1.6546455815706123,608.702743320289,-0.10000000000000009
2022-10-02 16:00:00,3.0914127147883796,1137.253452452775,0.0
2022-10-02 17:00:00,1.9643324672651308,722.6288063951599,-0.10000000000000009
2022-10-02 18:00:00,3.319603746711788,1221.1992283215989,-0.10000000000000009
2022-10-02 19:00:00,5.2198089876255835,1920.2372313227613,0.1499999999999999
2022-10-02 20:00:00,2.9881960865806554,1099.2826353508585,0.3500000000000001
2022-10-02 21:00:00,10.881671255580926,4003.0948131468335,0.25
2022-10-02 22:00:00,14.029390954946974,5161.0621975511185,0.10000000000000009
2022-10-02 23:00:00,2.7967375749794634,1028.8498353955702,0.0
2022-10-03 00:00:00,2.6775873462350006,985.017444996201,-0.10000000000000009
2022-10-03 01:00:00,2.741338343634895,1008.469843164687,-0.1499999999999999
2022-10-03 02:00:00,3.072039496193883,1130.1265296623246,-0.25
2022-10-03 03:00:00,2.8745006567414757,1057.4569290987704,-0.04999999999999982
2022-10-03 04:00:00,2.168125617875429,797.5992116759235,-0.050000000000000266
2022-10-03 05:00:00,3.219671356382405,1184.4366002291772,-0.10000000000000009
2022-10-03 06:00:00,2.037092101809565,749.3952569531938,-0.09999999999999964
2022-10-03 07:00:00,2.572497330906732,946.357455607314,0.0
2022-10-03 08:00:00,3.2010449866262976,1177.584424455149,0.0
2022-10-03 09:00:00,16.3239159744243,6005.160589091339,0.20000000000000018
2022-10-03 10:00:00,10.971077919933618,4035.98528979558,0.1499999999999999
2022-10-03 11:00:00,13.183838002664993,4850.004405230385,0.04999999999999982
2022-10-03 12:00:00,3.3295016839348754,1224.8404319775423,0.0
2022-10-03 13:00:00,2.200902272885337,809.6569236376936,-0.1499999999999999
2022-10-03 14:00:00,2.643750479301633,972.5697075730881,-0.10000000000000009
2022-10-03 15:00:00,3.328925382557699,1224.6284251084137,-0.050000000000000266
2022-10-03 16:00:00,2.635003658565884,969.3519708949244,-0.04999999999999982
2022-10-03 17:00:00,2.521126522331007,927.4594194025193,-0.04999999999999982
2022-10-03 18:00:00,3.4041993553117926,1252.3198378353259,-0.10000000000000009
2022-10-03 19:00:00,4.621079488983603,1699.9796170098427,0.050000000000000266
2022-10-03 20:00:00,7.048079421475629,2592.8122171753475,0.19999999999999973
2022-10-03 21:00:00,10.10844891099138,3718.6456431309543,0.3500000000000001
2022-10-03 22:00:00,14.783801865574027,5438.591111298045,0.1499999999999999
2022-10-03 23:00:00,9.890996968480863,3638.650509779897,0.10000000000000009
2022-10-04 00:00:00,7.850580556711819,2888.0323223003606,0.04999999999999982
2022-10-04 01:00:00,2.320002780337798,853.4710228167673,-0.10000000000000009
2022-10-04 02:00:00,3.627145213155728,1334.3360452896634,-0.1499999999999999
2022-10-04 03:00:00,3.3119711591521312,1218.3913901730903,-0.1499999999999999
2022-10-04 04:00:00,3.4366895815030682,1264.272179795441,-0.10000000000000009
2022-10-04 05:00:00,2.236922852524708,822.9079943725269,-0.1499999999999999
2022-10-04 06:00:00,2.9296381376354557,1077.7406298826431,-0.04999999999999982
2022-10-04 07:00:00,1.9457353813715728,715.7874034220673,-0.050000000000000266
2022-10-04 08:00:00,2.377584513061191,874.6539027423855,-0.04999999999999982
2022-10-04 09:00:00,2.629813488364471,967.4426370320799,-0.20000000000000018
2022-10-04 10:00:00,7.643513601057212,2811.8575659889216,0.25
2022-10-04 11:00:00,7.0760384519349415,2603.097645505567,0.050000000000000266
2022-10-04 12:00:00,11.843679850019655,4356.99372482598,0.1499999999999999
2022-10-04 13:00:00,3.0062782331141933,1105.9346050068839,0.0
2022-10-04 14:00:00,10.598672917449798,3898.9867995068444,0.1499999999999999
2022-10-04 15:00:00,3.3176345293974787,1220.4748025020974,-0.10000000000000009
2022-10-04 16:00:00,2.3223108042270235,854.3200871050161,0.0
2022-10-04 17:00:00,2.527118662070697,929.6637778092577,0.0
2022-10-04 18:00:00,2.1232161077931235,781.0781256543953,-0.04999999999999982
2022-10-04 19:00:00,3.17583086969481,1168.3087811889784,-0.04999999999999982
2022-10-04 20:00:00,3.0295103773275116,1114.4811300593583,0.0
2022-10-04 21:00:00,2.400817605808363,883.2007767367515,0.0
2022-10-04 22:00:00,12.197443599178659,4487.134564047849,0.19999999999999973
2022-10-04 23:00:00,11.405784781138307,4195.9030763612545,0.20000000000000018
2022-10-05 00:00:00,21.60340381176857,7947.352177254362,0.10000000000000009
2022-10-05 01:00:00,6.475366095709339,2382.1253024590733,0.09999999999999964
2022-10-05 02:00:00,3.389814258493569,1247.0279203433217,0.0
2022-10-05 03:00:00,2.73365101047625,1005.6418654789506,-0.04999999999999982
2022-10-05 04:00:00,2.7183823174519,1000.0248950326175,-0.10000000000000009
2022-10-05 05:00:00,2.49884492223341,919.2625757666158,-0.1499999999999999
2022-10-05 06:00:00,2.8042388409824692,1031.6093636264259,-0.1499999999999999
2022-10-05 07:00:00,4.336781015980693,1595.3933162538972,-0.1499999999999999
2022-10-05 08:00:00,2.0463866223752567,752.8144787062976,-0.050000000000000266
2022-10-05 09:00:00,1.2119476260586461,445.84523293632446,-0.04999999999999982
2022-10-05 10:00:00,3.406536632250397,1253.1796635891149,-0.050000000000000266
2022-10-05 11:00:00,3.442499120349675,1266.4093638986365,-0.09999999999999964
2022-10-05 12:00:00,7.248135204770023,2666.4077384547722,0.09999999999999964
2022-10-05 13:00:00,10.697643776639998,3935.3957043314394,0.050000000000000266
2022-10-05 14:00:00,6.460069205402224,2376.4979589373434,0.19999999999999973
2022-10-05 15:00:00,11.470353786032893,4219.65639903685,0.1499999999999999
2022-10-05 16:00:00,2.9251782091588274,1076.0999336943037,-0.09999999999999964
2022-10-05 17:00:00,2.23692251041057,822.9078685172885,-0.1499999999999999
2022-10-05 18:00:00,15.361110542744804,5650.968540912245,0.04999999999999982
2022-10-05 19:00:00,2.3975802083308237,882.0098191397019,-0.050000000000000266
2022-10-05 20:00:00,3.60368807909015,1325.7067520952892,-0.09999999999999964
2022-10-05 21:00:00,3.1916959827147675,1174.1451596411953,-0.10000000000000009
2022-10-05 22:00:00,2.411565520572698,887.1546658806811,-0.04999999999999982
2022-10-05 23:00:00,2.3018673562666048,846.7994536865773,0.0
2022-10-06 00:00:00,8.033116122356743,2955.182593511987,0.09999999999999964
2022-10-06 01:00:00,10.72575146694577,3945.735820902675,0.3999999999999999
2022-10-06 02:00:00,7.35956826639559,2707.4011760002777,0.15000000000000036
2022-10-06 03:00:00,2.3124587417946536,850.6957596377081,0.04999999999999982
2022-10-06 04:00:00,9.496295546508849,3493.4497241719423,0.04999999999999982
2022-10-06 05:00:00,3.088681492507048,1136.2487040560302,-0.10000000000000009
2022-10-06 06:00:00,2.586767104515865,951.6069485737738,-0.1499999999999999
2022-10-06 07:00:00,3.628764500444733,1334.9317406011062,-0.19999999999999973
2022-10-06 08:00:00,3.0392080507068058,1118.048661653766,-0.10000000000000009
2022-10-06 09:00:00,3.404346495299653,1252.37396695836,-0.10000000000000009
2022-10-06 10:00:00,3.208843741897562,1180.4533915505656,-0.09999999999999964
2022-10-06 11:00:00,3.1086213594744336,1143.584082616657,0.0
2022-10-06 12:00:00,2.5708509907949537,945.7518082386938,-0.10000000000000009
2022-10-06 13:00:00,10.221621610956442,3760.279050130601,0.04999999999999982
2022-10-06 14:00:00,6.787162413259534,2496.8273727778505,0.3999999999999999
2022-10-06 15:00:00,7.823066747376583,2877.9106796911597,0.20000000000000018
2022-10-06 16:00:00,10.714186302909827,3941.4812861829523,0.1499999999999999
2022-10-06 17:00:00,11.924805583496143,4386.837854028644,0.04999999999999982
2022-10-06 18:00:00,1.0432581593177515,383.78859535901785,-0.10000000000000009
2022-10-06 19:00:00,3.448057379741795,1268.4541085725127,-0.19999999999999973
2022-10-06 20:00:00,3.9824394992512744,1465.0399307870625,-0.1499999999999999
2022-10-06 21:00:00,2.048767743512767,753.6904336447593,-0.050000000000000266
2022-10-06 22:00:00,2.7312456758063584,1004.7570029872643,-0.10000000000000009
2022-10-06 23:00:00,3.7008670217199766,1361.4564556152366,-0.04999999999999982
2022-10-07 00:00:00,3.5402221710662425,1302.3592311809941,-0.04999999999999982
2022-10-07 01:00:00,4.396548615398745,1617.3803218898136,0.04999999999999982
2022-10-07 02:00:00,15.390773771756324,5661.880901284858,0.5499999999999998
2022-10-07 03:00:00,7.24753229115631,2666.185941609128,0.20000000000000018
2022-10-07 04:00:00,7.612920410812643,2800.6030961277015,0.14999999999999947
2022-10-07 05:00:00,3.6445559092869098,1340.7410051289219,0.0
2022-10-07 06:00:00,3.3307778708980127,1225.3099092566063,-0.09999999999999964
2022-10-07 07:00:00,1.98687368550448,730.9211570549605,-0.14999999999999947
2022-10-07 08:00:00,2.771394822092743,1019.526870177368,-0.20000000000000018
2022-10-07 09:00:00,3.6863191403343962,1356.104653750516,-0.10000000000000009
2022-10-07 10:00:00,3.2330833236117322,1189.3705276736662,-0.10000000000000009
2022-10-07 11:00:00,3.063798505403966,1127.094875175484,-0.09999999999999964
2022-10-07 12:00:00,3.2906131839571153,1210.534325048224,-0.050000000000000266
2022-10-07 13:00:00,2.2154555586776357,815.0107136485353,-0.10000000000000009
2022-10-07 14:00:00,7.805427791521883,2871.4217488061126,0.050000000000000266
2022-10-07 15:00:00,3.5058485289984107,1289.7140276052903,0.5999999999999996
2022-10-07 16:00:00,2.7670384897857243,1017.9242844299233,0.1499999999999999
2022-10-07 17:00:00,4.655606018067934,1712.6810638967413,0.15000000000000036
2022-10-07 18:00:00,2.417361037942179,889.2866918329788,0.0
2022-10-07 19:00:00,3.15548758599782,1160.824995698948,-0.20000000000000018
2022-10-07 20:00:00,2.298797641813548,845.670182482159,-0.25
2022-10-07 21:00:00,2.8274256742404242,1040.139219911196,-0.09999999999999964
2022-10-07 22:00:00,2.352856279573372,865.5570038480541,-0.15000000000000036
2022-10-07 23:00:00,2.699791711288563,993.1858757902801,-0.04999999999999982
2022-10-08 00:00:00,2.737184972204854,1006.9419216498605,-0.04999999999999982
2022-10-08 01:00:00,3.185603519273158,1171.903894652613,-0.10000000000000053
2022-10-08 02:00:00,6.51869068970232,2398.0633374742406,0.10000000000000009
2022-10-08 03:00:00,7.88150380168651,2899.4082110454247,0.5500000000000003
2022-10-08 04:00:00,11.176598383413506,4111.591130298243,0.20000000000000018
2022-10-08 05:00:00,8.561460309335777,3149.5472112968982,0.14999999999999947
2022-10-08 06:00:00,2.5343088779815837,932.308878487475,-0.049999999999998934
2022-10-08 07:00:00,2.7362958872393612,1006.61484951818,-0.15000000000000036
2022-10-08 08:00:00,3.269368833269303,1202.7190595389447,-0.20000000000000018
2022-10-08 09:00:00,1.9860266083989282,730.6095385647557,-0.25
2022-10-08 10:00:00,3.5144567667604663,1292.8807830720066,-0.10000000000000009
2022-10-08 11:00:00,1.8629701544214534,685.3401455577923,-0.050000000000000266
2022-10-08 12:00:00,3.6421531792418587,1339.8571008135987,-0.04999999999999982
2022-10-08 13:00:00,1.0934818799053099,402.26464657016584,-0.20000000000000018
2022-10-08 14:00:00,2.634922347551773,969.3220586056085,-0.04999999999999982
2022-10-08 15:00:00,9.120598360505092,3355.240121870811,0.1499999999999999
2022-10-08 16:00:00,8.932465303558129,3286.030673546447,0.44999999999999973
2022-10-08 17:00:00,9.16061035727244,3369.9595351815988,0.3000000000000007
2022-10-08 18:00:00,2.5433562691931773,935.6371875294401,0.0
2022-10-08 19:00:00,3.165703614646446,1164.5832172380613,-0.05000000000000071
2022-10-08 20:00:00,2.4880454874994715,915.289733713868,-0.24999999999999956
2022-10-08 21:00:00,3.2389004471204927,1191.5105019844514,-0.1499999999999999
2022-10-08 22:00:00,3.7635042315872975,1384.499119195177,-0.10000000000000009
2022-10-08 23:00:00,3.293173029221002,1211.476028124676,-0.10000000000000009
2022-10-09 00:00:00,3.0279648682772735,1113.9125759175022,-0.1499999999999999
2022-10-09 01:00:00,2.8718259968226874,1056.472988581146,-0.10000000000000009
2022-10-09 02:00:00,3.1216844798698635,1148.389678032126,0.0
2022-10-09 03:00:00,10.16184144351754,3738.287421034015,0.19999999999999973
2022-10-09 04:00:00,12.367036569183515,4549.523577888385,0.6000000000000001
2022-10-09 05:00:00,9.570215836467792,3520.6431508405885,0.15000000000000036
2022-10-09 06:00:00,13.160845728288287,4841.546122294053,0.10000000000000053
2022-10-09 07:00:00,3.101527947309293,1140.9745936164063,-0.05000000000000071
2022-10-09 08:00:00,1.6645318965268388,612.3396714348108,-0.25
2022-10-09 09:00:00,2.785626541018544,1024.7623637771967,-0.20000000000000018
2022-10-09 10:00:00,6.646604881199389,2445.119770671225,4.440892098500626e-16
2022-10-09 11:00:00,2.4494761230145823,901.1010287539896,-0.25000000000000044
2022-10-09 12:00:00,2.2077437392218857,812.1737280662513,-0.1499999999999999
2022-10-09 13:00:00,9.22856674604439,3394.95899170108,0.050000000000000266
2022-10-09 14:00:00,2.543153046954163,935.5624271482626,-0.050000000000000266
2022-10-09 15:00:00,3.2643737371300077,1200.8814885467018,-0.10000000000000009
2022-10-09 16:00:00,17.456192294522367,6421.696740347417,0.4500000000000002
2022-10-09 17:00:00,7.888895191318418,2902.127318506263,0.34999999999999964
2022-10-09 18:00:00,5.18421245631764,1907.1421573678517,0.15000000000000036
2022-10-09 19:00:00,2.95285375812494,1086.2810762702125,-0.04999999999999982
2022-10-09 20:00:00,1.8765869608381682,690.3494282183412,-0.15000000000000036
2022-10-09 21:00:00,2.8736699808332746,1057.151344199041,-0.19999999999999973
2022-10-09 22:00:00,2.614797711319098,961.9187080515132,-0.25000000000000044
2022-10-09 23:00:00,2.1909466525400174,805.9944998031589,-0.04999999999999982
2022-10-10 00:00:00,2.605105762452732,958.3532823622987,-0.1499999999999999
2022-10-10 01:00:00,2.569403851382793,945.2194418274452,-0.10000000000000009
2022-10-10 02:00:00,2.730385442633782,1004.4405447089025,0.0
2022-10-10 03:00:00,2.6575632287540967,977.6510727779133,-0.10000000000000009
2022-10-10 04:00:00,8.87806335650246,3266.017557273343,0.4500000000000002
2022-10-10 05:00:00,10.941002914399895,4024.921447134862,0.3999999999999999
2022-10-10 06:00:00,14.96309114481654,5504.547154899384,0.2500000000000009
2022-10-10 07:00:00,2.9606993991600277,1089.1672914659953,0.0
2022-10-10 08:00:00,3.4624302444586412,1273.7415261802228,-0.15000000000000036
2022-10-10 09:00:00,2.7236560102174066,1001.9649547587284,-0.25
2022-10-10 10:00:00,2.4873396364096902,915.0300687442146,-0.15000000000000036
2022-10-10 11:00:00,3.6273415110674594,1334.4082583839415,-0.1499999999999999
2022-10-10 12:00:00,3.4898629813764837,1283.8333442738738,-0.10000000000000009
2022-10-10 13:00:00,2.7622397415630577,1016.15894492751,-0.09999999999999964
2022-10-10 14:00:00,2.5600634632119554,941.7833465290983,-0.10000000000000053
2022-10-10 15:00:00,2.130330690550147,783.6954027861352,0.0
2022-10-10 16:00:00,3.096621258734341,1139.1695455568956,0.0
2022-10-10 17:00:00,8.620305662667219,3171.194945653703,0.6500000000000004
2022-10-10 18:00:00,6.351417442461177,2336.5276916454054,0.20000000000000018
2022-10-10 19:00:00,9.486359250531383,3489.794409289232,0.14999999999999947
2022-10-10 20:00:00,3.1088851797014203,1143.6811354826598,-0.10000000000000053
2022-10-10 21:00:00,3.2923640497422006,1211.178424798912,-0.2499999999999991
2022-10-10 22:00:00,2.6076080387371454,959.2738072504274,-0.20000000000000018
2022-10-10 23:00:00,2.930744872695433,1078.1477700428325,-0.20000000000000018
2022-10-11 00:00:00,2.6970928054001626,992.1930157865847,-0.04999999999999982
2022-10-11 01:00:00,2.535113869690741,932.6050148124813,-0.10000000000000009
2022-10-11 02:00:00,2.8448272068238483,1046.5408087103233,-0.10000000000000009
2022-10-11 03:00:00,3.372227763298375,1240.5582884233897,-0.04999999999999982
2022-10-11 04:00:00,3.793432278588459,1395.5088994857294,-0.050000000000000266
2022-10-11 05:00:00,5.911732504107133,2174.7785949484114,0.6500000000000004
2022-10-11 06:00:00,4.664995245151158,1716.1351258099824,0.24999999999999956
2022-10-11 07:00:00,6.94367978806108,2554.4062020329693,0.15000000000000036
2022-10-11 08:00:00,2.5471864767993395,937.0462251525569,-0.04999999999999982
2022-10-11 09:00:00,2.991068735080603,1100.3394109177768,-0.25
2022-10-11 10:00:00,3.666710323125388,1348.8910601197522,-0.20000000000000018
2022-10-11 11:00:00,2.4538703079678488,902.7175395436725,-0.09999999999999964
2022-10-11 12:00:00,3.332335503991334,1225.882923530812,-0.10000000000000053
2022-10-11 13:00:00,2.153911278945766,792.3701117421737,-0.1499999999999999
2022-10-11 14:00:00,6.0796313195441165,2236.544371677292,4.440892098500626e-16
2022-10-11 15:00:00,2.684165006544134,987.437201782423,-0.15000000000000036
2022-10-11 16:00:00,3.0893054174275014,1136.478230436142,-0.04999999999999982
2022-10-11 17:00:00,13.18333266884169,4849.818505550136,0.5499999999999998
2022-10-11 18:00:00,9.254546947813115,3404.516458426749,0.40000000000000036
2022-10-11 19:00:00,8.371903821230552,3079.814118235189,0.14999999999999947
2022-10-11 20:00:00,1.8811606228180129,692.0319641191766,0.0
2022-10-11 21:00:00,2.418063707270047,889.5451863119685,-0.14999999999999947
2022-10-11 22:00:00,2.6107875835374483,960.4434822938388,-0.25000000000000044
2022-10-11 23:00:00,2.7025885642514154,994.2147680739893,-0.19999999999999973
2022-10-12 00:00:00,2.8378492123211223,1043.973778982633,-0.15000000000000036
2022-10-12 01:00:00,1.7401752083026396,640.1669547543335,-0.1499999999999999
2022-10-12 02:00:00,7.397508458206705,2721.3584240627915,4.440892098500626e-16
2022-10-12 03:00:00,2.3808314259836516,875.8483608337358,-0.10000000000000053
2022-10-12 04:00:00,3.1595434889188625,1162.3170609860267,0.0
2022-10-12 05:00:00,15.174504581775782,5582.320873020766,0.25
2022-10-12 06:00:00,3.3427967484503203,1229.7313538361616,0.4500000000000002
2022-10-12 07:00:00,14.656249951990716,5391.667951088584,0.1999999999999993
2022-10-12 08:00:00,8.70537314604116,3202.4891460998915,0.05000000000000071
2022-10-12 09:00:00,2.0422746443726254,751.3017847985797,-0.15000000000000036
2022-10-12 10:00:00,2.752443188110768,1012.5550378262487,-0.19999999999999973
2022-10-12 11:00:00,3.319790869906735,1221.2680662669402,-0.1499999999999999
2022-10-12 12:00:00,3.023409336897694,1112.236709811239,-0.20000000000000018
2022-10-12 13:00:00,2.036230966748366,749.078466892555,0.0
2022-10-12 14:00:00,1.8795150133128626,691.4265855224693,-0.14999999999999947
2022-10-12 15:00:00,2.6473568961471257,973.8964181701238,-0.050000000000000266
2022-10-12 16:00:00,2.634106484436969,969.02192296225,-0.10000000000000009
2022-10-12 17:00:00,12.986802993683439,4777.520151301295,0.2999999999999998
2022-10-12 18:00:00,13.329770373638164,4903.68927620214,0.5499999999999998
2022-10-12 19:00:00,12.365113053239659,4548.815964460539,0.15000000000000036
2022-10-12 20:00:00,5.8369477677793045,2147.2671600718113,0.1999999999999993
2022-10-12 21:00:00,3.1967933788915754,1176.0203642597382,-0.09999999999999964
2022-10-12 22:00:00,3.058681383521084,1125.2124139628188,-0.14999999999999947
2022-10-12 23:00:00,2.7616139030408204,1015.9287145811417,-0.30000000000000027
2022-10-13 00:00:00,3.2549399617240917,1197.4110384192504,-0.10000000000000009
2022-10-13 01:00:00,2.184456499449856,803.6069347351158,-0.1499999999999999
2022-10-13 02:00:00,2.9272328306160667,1076.8557775628856,-0.050000000000000266
2022-10-13 03:00:00,2.6922127364143718,990.3977604084369,-0.04999999999999982
2022-10-13 04:00:00,2.6455038136677,973.214715453005,-0.09999999999999964
2022-10-13 05:00:00,2.5728264430056695,946.4785277207105,0.0
2022-10-13 06:00:00,9.34783051510526,3438.833150744347,0.5
2022-10-13 07:00:00,8.234394849095443,3029.2280051109865,0.2499999999999991
2022-10-13 08:00:00,12.742774343471764,4687.748111604675,0.15000000000000036
2022-10-13 09:00:00,2.693386676446281,990.8296235976757,-0.09999999999999964
2022-10-13 10:00:00,1.3463450868936435,495.286698840999,-0.15000000000000036
2022-10-13 11:00:00,3.3692845557952533,1239.4755559631787,-0.19999999999999973
2022-10-13 12:00:00,3.3038320110279535,1215.3972010569087,-0.1499999999999999
2022-10-13 13:00:00,2.253958145566245,829.1748528001825,-0.10000000000000009
2022-10-13 14:00:00,3.018892228927091,1110.5749787165537,-0.10000000000000009
2022-10-13 15:00:00,2.8589245283239877,1051.726860857187,0.0
2022-10-13 16:00:00,3.1113894079785243,1144.6023784600995,-0.09999999999999964
2022-10-13 17:00:00,2.2961174583068624,844.6842099746369,-0.050000000000000266
2022-10-13 18:00:00,14.592018175769425,5368.038686411178,0.6000000000000001
2022-10-13 19:00:00,9.258428755596936,3405.944478465223,0.2999999999999998
2022-10-13 20:00:00,8.345326458871595,3070.0369710573873,0.20000000000000018
2022-10-13 21:00:00,2.3958222214232463,881.3630997060768,-0.04999999999999982
2022-10-13 22:00:00,2.6020038050113787,957.2121497685611,-0.20000000000000018
2022-10-13 23:00:00,3.126262568752141,1150.073842479694,-0.20000000000000018
2022-10-14 00:00:00,3.5622969469714656,1310.479989367128,-0.09999999999999964
2022-10-14 01:00:00,2.599213118142151,956.1855258365438,-0.15000000000000036
2022-10-14 02:00:00,1.6547017005815432,608.7233881014351,-0.09999999999999964
2022-10-14 03:00:00,3.927560764160959,1444.8514161157132,-0.050000000000000266
2022-10-14 04:00:00,2.6664080210426335,980.9048507410589,-0.1499999999999999
2022-10-14 05:00:00,1.7831219549848072,655.9659891900359,-0.04999999999999982
2022-10-14 06:00:00,10.256422171422706,3773.0813063121277,0.25
2022-10-14 07:00:00,6.882941559175608,2532.0621260817265,0.4500000000000002
2022-10-14 08:00:00,7.219843155715012,2655.99980090866,0.09999999999999964
2022-10-14 09:00:00,8.6690547813461,3189.128527687697,0.09999999999999964
2022-10-14 10:00:00,3.16546642571576,1164.4959613601852,-0.1999999999999993
2022-10-14 11:00:00,2.2552865276458514,829.6635313577177,-0.15000000000000036
2022-10-14 12:00:00,2.1472533200865676,789.9208151268462,-0.1499999999999999
2022-10-14 13:00:00,3.275668280710944,1205.0364687665385,-0.1499999999999999
2022-10-14 14:00:00,2.3529399699733164,865.5877914539337,-0.15000000000000036
2022-10-14 15:00:00,1.72258706629212,633.6967170122138,-0.04999999999999982
2022-10-14 16:00:00,3.3181025243754863,1220.6469661546319,-0.04999999999999982
2022-10-14 17:00:00,2.6293886040007863,967.2863326967891,-0.10000000000000053
2022-10-14 18:00:00,13.829182593997118,5087.41054676669,0.30000000000000027
2022-10-14 19:00:00,7.574525868556887,2786.478703895365,0.44999999999999973
2022-10-14 20:00:00,8.658891482585537,3185.389704156154,0.25
2022-10-14 21:00:00,13.448233589779306,4947.268931840063,0.15000000000000036
2022-10-14 22:00:00,2.3678227115523796,871.0627800123316,-0.20000000000000018
2022-10-14 23:00:00,2.7798160541656394,1022.6248309261845,-0.2999999999999998
2022-10-15 00:00:00,2.992212529145255,1100.7601841593107,-0.20000000000000018
2022-10-15 01:00:00,2.8169219046770677,1036.275145683076,-0.1499999999999999
2022-10-15 02:00:00,3.411112583552196,1254.8630416742642,0.0
2022-10-15 03:00:00,3.3462952139289843,1231.018351824125,-0.10000000000000009
2022-10-15 04:00:00,2.6988186890123433,992.8279252204158,-0.2999999999999998
2022-10-15 05:00:00,7.037165197006374,2588.79714684872,0.10000000000000009
2022-10-15 06:00:00,3.0367990126620654,1117.1624367830573,0.0
2022-10-15 07:00:00,8.73753546160988,3214.3208579397347,0.3500000000000001
2022-10-15 08:00:00,13.51060930279407,4970.215397265369,0.19999999999999973
2022-10-15 09:00:00,8.994709826124334,3308.928877285489,0.10000000000000009
2022-10-15 10:00:00,2.2604236687805237,831.5533571526352,-0.10000000000000009
2022-10-15 11:00:00,2.3078989261977587,849.0183174750005,-0.1499999999999999
2022-10-15 12:00:00,2.2198384448910375,816.6230679142905,-0.10000000000000009
2022-10-15 13:00:00,2.4226437809736807,891.2300809256926,-0.1499999999999999
2022-10-15 14:00:00,3.765886430001799,1385.3754704369119,-0.15000000000000036
2022-10-15 15:00:00,3.46367453776181,1274.1992705791258,-0.04999999999999982
2022-10-15 16:00:00,2.9642898082760256,1090.4881132195428,-0.09999999999999964
2022-10-15 17:00:00,2.5589406887091766,941.3703058588882,-0.050000000000000266
2022-10-15 18:00:00,11.351001382632754,4175.749633636025,0.10000000000000009
2022-10-15 19:00:00,1.5644127438895723,575.5083381583764,0.4500000000000002
2022-10-15 20:00:00,6.033606684111503,2219.613058917519,0.2999999999999998
2022-10-15 21:00:00,9.61087216869353,3535.5995990581328,0.09999999999999964
2022-10-15 22:00:00,2.805732354864416,1032.158790045747,0.0
2022-10-15 23:00:00,3.7256345349605713,1370.5678045486202,-0.14999999999999947
2022-10-16 00:00:00,2.27943334363991,838.5465412915319,-0.20000000000000018
2022-10-16 01:00:00,3.664090560143422,1347.9273148127616,-0.20000000000000018
2022-10-16 02:00:00,2.144900463806351,789.0552581227613,-0.04999999999999982
2022-10-16 03:00:00,3.226330042187276,1186.8861642696443,-0.10000000000000009
2022-10-16 04:00:00,2.581263865414977,949.5824444895347,-0.050000000000000266
2022-10-16 05:00:00,3.444021048006944,1266.9692430355544,-0.09999999999999964
2022-10-16 06:00:00,2.8481159874426605,1047.7506688804688,0.0
2022-10-16 07:00:00,9.637436850558746,3545.372081399299,0.09999999999999964
2022-10-16 08:00:00,14.595188369564017,5369.204921453364,0.30000000000000027
2022-10-16 09:00:00,12.223717536615405,4496.800088782393,0.1499999999999999
2022-10-16 10:00:00,2.6467121990783182,973.6592502359364,-0.04999999999999982
2022-10-16 11:00:00,3.196325281415693,1175.8481629007981,-0.04999999999999982
2022-10-16 12:00:00,2.360197404860347,868.2576203130004,-0.20000000000000018
2022-10-16 13:00:00,3.4338789103456806,1263.2382041434173,-0.10000000000000009
2022-10-16 14:00:00,3.1193947892587377,1147.547358098558,-0.10000000000000009
2022-10-16 15:00:00,3.2910558119462774,1210.6971568197366,-0.04999999999999982
2022-10-16 16:00:00,3.043738295920423,1119.7152256117256,-0.10000000000000009
2022-10-16 17:00:00,3.603412958546021,1325.6055421251172,-0.10000000000000009
2022-10-16 18:00:00,10.730038882669646,3947.313053962096,0.04999999999999982
2022-10-16 19:00:00,7.684546650376389,2826.9525990072143,0.35000000000000053
2022-10-16 20:00:00,10.16154901643484,3738.1798444209667,0.2999999999999998
2022-10-16 21:00:00,7.786797906141024,2864.56827972163,0.09999999999999964
2022-10-16 22:00:00,8.819750096994735,3244.565566931938,0.10000000000000053
2022-10-16 23:00:00,2.493322743736918,917.2311043522187,-0.050000000000000266
2022-10-17 00:00:00,2.081146153333635,765.601641157611,-0.1499999999999999
2022-10-17 01:00:00,2.7750743840492027,1020.8804890321003,-0.20000000000000018
2022-10-17 02:00:00,3.4376998971636947,1264.6438496690942,-0.04999999999999982
2022-10-17 03:00:00,2.9545529623447693,1086.906171022582,-0.10000000000000009
2022-10-17 04:00:00,3.2247961360644646,1186.3218785547149,-0.10000000000000009
2022-10-17 05:00:00,2.826977554365993,1039.9743678123896,-0.04999999999999982
2022-10-17 06:00:00,3.044151711091032,1119.8673107176132,-0.04999999999999982
2022-10-17 07:00:00,4.046486762831072,1488.6013178764804,-0.15000000000000036
2022-10-17 08:00:00,9.398297506659413,3457.3986952623313,0.2999999999999998
2022-10-17 09:00:00,5.6173173709358135,2066.4706278330123,0.20000000000000018
2022-10-17 10:00:00,6.951981946685831,2557.46035863705,0.10000000000000009
2022-10-17 11:00:00,2.458716186136094,904.5002169748154,0.0
2022-10-17 12:00:00,2.57170998442523,946.0678105204315,-0.10000000000000009
2022-10-17 13:00:00,2.9386907201003614,1081.0708486569204,-0.09999999999999964
2022-10-17 14:00:00,2.4698842123851232,908.6086546311772,-0.10000000000000053
2022-10-17 15:00:00,11.515196926422576,4236.153069307705,0.050000000000000266
2022-10-17 16:00:00,3.753890010542996,1380.9622876285048,-0.19999999999999973
2022-10-17 17:00:00,6.682488245752305,2458.320363406129,0.04999999999999982
2022-10-17 18:00:00,1.4575950638653574,536.2127841194683,0.0
2022-10-17 19:00:00,12.19290161485403,4485.463681564425,0.25
2022-10-17 20:00:00,12.927623574789202,4755.749522575577,0.20000000000000018
2022-10-17 21:00:00,7.602666549389079,2796.830956856508,0.14999999999999947
2022-10-17 22:00:00,11.905660498956339,4379.794856053563,0.10000000000000053
2022-10-17 23:00:00,2.336182212081206,859.4230312693735,0.0
2022-10-18 00:00:00,2.720021665133055,1000.6279700608226,-0.10000000000000053
2022-10-18 01:00:00,2.8314589450011423,1041.6229593922951,-0.14999999999999947
2022-10-18 02:00:00,2.0255501400064975,745.1492577548902,-0.10000000000000053
2022-10-18 03:00:00,2.5407077493207115,934.6628632813569,-0.04999999999999982
2022-10-18 04:00:00,2.4395780619903813,897.4597795547115,-0.09999999999999964
2022-10-18 05:00:00,2.7492473389813066,1011.3793648277482,-0.050000000000000266
2022-10-18 06:00:00,2.203660114503439,810.6714646229526,-0.050000000000000266
2022-10-18 07:00:00,2.6117255258521417,960.7885278228567,-0.09999999999999964
2022-10-18 08:00:00,2.0702602125338188,761.5969756858785,0.0
2022-10-18 09:00:00,2.157754581138249,793.7839665362332,0.0
2022-10-18 10:00:00,3.6320969152991527,1336.1576527156756,0.09999999999999964
2022-10-18 11:00:00,17.445549897739856,6417.781668631049,0.050000000000000266
2022-10-18 12:00:00,4.784410126413303,1760.064875254294,-0.10000000000000009
2022-10-18 13:00:00,2.6820290431546363,986.6514342505117,0.0
2022-10-18 14:00:00,4.712653708559961,1733.6674830364957,0.04999999999999982
2022-10-18 15:00:00,2.911135414186983,1070.9339404940363,-0.09999999999999964
2022-10-18 16:00:00,2.5754757208918124,947.4531308230755,0.0
2022-10-18 17:00:00,3.143573832598183,1156.4422236670566,-0.10000000000000009
2022-10-18 18:00:00,1.77081508255743,651.4385984958146,0.0
2022-10-18 19:00:00,14.21459943065805,5229.19576555333,0.050000000000000266
2022-10-18 20:00:00,12.528683544960796,4608.989459102452,0.04999999999999982
2022-10-18 21:00:00,10.418439967375754,3832.6836029983556,0.20000000000000018
2022-10-18 22:00:00,12.03308962108617,4426.672844357075,0.09999999999999964
2022-10-18 23:00:00,4.981406068280042,1832.5347573685206,0.10000000000000009
2022-10-19 00:00:00,1.427433250329635,525.1170069650144,-0.050000000000000266
2022-10-19 01:00:00,2.604858694767747,958.2623923376849,-0.09999999999999964
2022-10-19 02:00:00,3.224725679881564,1186.2959594864303,-0.04999999999999982
2022-10-19 03:00:00,2.799601595724438,1029.9034370271274,-0.050000000000000266
2022-10-19 04:00:00,3.208361904799004,1180.2761357279337,-0.10000000000000009
2022-10-19 05:00:00,3.4471848467411585,1268.1331254949039,-0.04999999999999982
2022-10-19 06:00:00,3.0300265006513114,1114.670998927101,-0.10000000000000009
2022-10-19 07:00:00,2.3020066715535985,846.85070429778,-0.050000000000000266
2022-10-19 08:00:00,2.7475968967141107,1010.7722083787033,-0.04999999999999982
2022-10-19 09:00:00,3.5528575287630604,1307.0074633937109,0.0
2022-10-19 10:00:00,2.9493999660583357,1085.0105125137102,0.0
2022-10-19 11:00:00,10.315426112791485,3794.787381243167,0.04999999999999982
2022-10-19 12:00:00,10.732727017717304,3948.301951642753,0.050000000000000266
2022-10-19 13:00:00,15.430139473383981,5676.362558771132,0.050000000000000266
2022-10-19 14:00:00,10.124800255963125,3724.660894162435,0.04999999999999982
2022-10-19 15:00:00,3.1116822119812633,1144.7100937326072,0.0
2022-10-19 16:00:00,2.8543170608921398,1050.0318887756957,0.0
2022-10-19 17:00:00,3.025165426204679,1112.8827311650464,-0.04999999999999982
2022-10-19 18:00:00,9.31835377232608,3427.9893939944573,0.04999999999999982
2022-10-19 19:00:00,2.1972112319229558,808.2990819436574,-0.04999999999999982
2022-10-19 20:00:00,2.757525025651157,1014.4245188114194,0.0
2022-10-19 21:00:00,2.5401715883151845,934.4656230514487,0.0
2022-10-19 22:00:00,10.478668786753516,3854.8402799269497,0.09999999999999964
2022-10-19 23:00:00,12.145520139622608,4468.0332213636675,0.10000000000000009
2022-10-20 00:00:00,8.778577578840512,3229.4192268159536,0.1499999999999999
2022-10-20 01:00:00,7.738583469167725,2846.831393720077,0.10000000000000009
2022-10-20 02:00:00,7.255219708562409,2669.013950287396,0.050000000000000266
2022-10-20 03:00:00,2.6685183334776084,981.6811819280751,0.0
2022-10-20 04:00:00,3.4136078003881796,1255.7809695678013,-0.15000000000000036
2022-10-20 05:00:00,2.787047432085624,1025.285074078499,-0.04999999999999982
2022-10-20 06:00:00,3.0536659794412686,1123.3673721869568,-0.10000000000000009
2022-10-20 07:00:00,3.4046402229645967,1252.482022023101,-0.10000000000000009
2022-10-20 08:00:00,2.3660558032182286,870.4127786089061,-0.04999999999999982
2022-10-20 09:00:00,3.071467209613669,1129.9159997366285,-0.04999999999999982
2022-10-20 10:00:00,2.469687722640485,908.5363709663684,-0.10000000000000053
2022-10-20 11:00:00,2.0255203304904517,745.138291579175,-0.04999999999999982
2022-10-20 12:00:00,4.563829041514608,1678.9186086471864,0.04999999999999982
2022-10-20 13:00:00,9.888087578864514,3637.5802180747833,0.10000000000000053
2022-10-20 14:00:00,4.386698756044057,1613.7568048797073,0.14999999999999947
2022-10-20 15:00:00,3.1863261061523502,1172.1697163007957,0.10000000000000053
2022-10-20 16:00:00,8.127191741437933,2989.7906618814795,0.19999999999999973
2022-10-20 17:00:00,2.4840500319924206,913.8199055192116,-0.1499999999999999
2022-10-20 18:00:00,3.071218433700218,1129.8244812974676,-0.10000000000000009
2022-10-20 19:00:00,2.9182768933172296,1073.5611121290758,-0.050000000000000266
2022-10-20 20:00:00,3.723243256679506,1369.688113050973,-0.09999999999999964
2022-10-20 21:00:00,3.2156526677606845,1182.9582251524616,-0.04999999999999982
2022-10-20 22:00:00,1.6860860923098233,620.2689212084763,-0.050000000000000266
2022-10-20 23:00:00,3.3503103508333134,1232.495420312805,0.0
2022-10-21 00:00:00,3.2553122555747813,1197.5479960195726,0.0
2022-10-21 01:00:00,11.075907444568251,4074.549451170545,0.19999999999999973
2022-10-21 02:00:00,10.733430859983853,3948.560877616559,0.25
2022-10-21 03:00:00,10.377035435837527,3817.4519109587313,0.15000000000000036
2022-10-21 04:00:00,3.1095421043331535,1143.9228016315587,0.0
2022-10-21 05:00:00,4.608190393561704,1695.2380410315113,-0.10000000000000009
2022-10-21 06:00:00,2.7913830631379026,1026.880044351856,-0.1499999999999999
2022-10-21 07:00:00,2.8965883216428017,1065.5824288243457,-0.15000000000000036
2022-10-21 08:00:00,2.3992805230376804,882.6353224124867,-0.04999999999999982
2022-10-21 09:00:00,2.5746246239111303,947.140033521307,-0.09999999999999964
2022-10-21 10:00:00,2.9309506174041604,1078.2234583775555,-0.050000000000000266
2022-10-21 11:00:00,2.7875166838103893,1025.457700056747,-0.10000000000000009
2022-10-21 12:00:00,2.9270518854444045,1076.7892123578602,0.0
2022-10-21 13:00:00,2.14458408703416,788.9388710176916,-0.04999999999999982
2022-10-21 14:00:00,8.141948240023002,2995.2192087984613,0.25
2022-10-21 15:00:00,10.824743736338826,3982.152602005646,0.20000000000000018
2022-10-21 16:00:00,12.440602372150384,4576.586597654822,0.14999999999999947
2022-10-21 17:00:00,10.848373559395469,3990.8454231626088,0.050000000000000266
2022-10-21 18:00:00,2.6757128967352126,984.3278818864663,-0.10000000000000009
2022-10-21 19:00:00,2.909076057281213,1070.176354572326,-0.09999999999999964
2022-10-21 20:00:00,2.915068218230502,1072.3807207815457,-0.10000000000000053
2022-10-21 21:00:00,2.072876711659734,762.5595203018247,-0.14999999999999947
2022-10-21 22:00:00,3.509988186824839,1291.2369042281875,-0.050000000000000266
2022-10-21 23:00:00,3.0273505306537243,1113.686576464239,-0.10000000000000009
2022-10-22 00:00:00,2.410703977811323,886.8377258373403,0.0
2022-10-22 01:00:00,9.552678139496285,3514.1914705671957,0.04999999999999982
2022-10-22 02:00:00,10.494064524898612,3860.503987097077,0.40000000000000036
2022-10-22 03:00:00,0.849469999688256,312.49877613531714,0.25
2022-10-22 04:00:00,6.655703635907648,2448.466975059526,0.09999999999999964
2022-10-22 05:00:00,3.5040738931351907,1289.061183437108,0.0
2022-10-22 06:00:00,1.9323010644968162,710.8452541017662,-0.09999999999999964
2022-10-22 07:00:00,3.6794152648495237,1353.5648905565185,-0.20000000000000018
2022-10-22 08:00:00,2.8360830054413864,1043.32403562675,-0.09999999999999964
2022-10-22 09:00:00,3.0326362833449507,1115.6310727355237,-0.15000000000000036
2022-10-22 10:00:00,3.7687723796833668,1386.4371391760185,-0.09999999999999964
2022-10-22 11:00:00,3.0891562557021714,1136.4233575664362,-0.10000000000000053
2022-10-22 12:00:00,3.4018276297124346,1251.4473392804618,-0.14999999999999947
2022-10-22 13:00:00,3.728154661535015,1371.4948961121936,0.0
2022-10-22 14:00:00,12.525629448973554,4607.865933541146,0.14999999999999947
2022-10-22 15:00:00,8.410597227243128,3094.0484549720654,0.35000000000000053
2022-10-22 16:00:00,9.245672092200849,3401.2516209183877,0.14999999999999947
2022-10-22 17:00:00,6.082046311024903,2237.432786668286,0.20000000000000018
2022-10-22 18:00:00,2.86141321783825,1052.6423875122462,-0.04999999999999982
2022-10-22 19:00:00,2.963298229953595,1090.1233363441786,-0.20000000000000018
2022-10-22 20:00:00,3.1757580229680906,1168.2819826993864,-0.1499999999999999
2022-10-22 21:00:00,4.345582127038398,1598.6310249842506,-0.1499999999999999
2022-10-22 22:00:00,4.179838870198121,1537.6582243741336,-0.04999999999999982
2022-10-22 23:00:00,3.0243232127530097,1112.5729018915135,-0.10000000000000053
2022-10-23 00:00:00,2.335547164656084,859.1894131978569,-0.04999999999999982
2022-10-23 01:00:00,3.3115322605330153,1218.229930343583,0.0
2022-10-23 02:00:00,10.212189973027492,3756.809386327489,0.10000000000000009
2022-10-23 03:00:00,14.143081983272763,5202.886284596469,0.44999999999999973
2022-10-23 04:00:00,13.340033202145069,4907.464714239116,0.15000000000000036
2022-10-23 05:00:00,7.699463527195949,2832.4401450672094,0.20000000000000018
2022-10-23 06:00:00,3.3327972561734827,1226.05279061482,-0.15000000000000036
2022-10-23 07:00:00,2.608317173713572,959.5346802798804,-0.09999999999999964
2022-10-23 08:00:00,3.0040953333524443,1105.1315707570304,-0.20000000000000018
2022-10-23 09:00:00,2.2056333412269025,811.3973654038466,-0.10000000000000009
2022-10-23 10:00:00,2.0982903312113055,771.9085555943592,-0.1499999999999999
2022-10-23 11:00:00,3.892816397743864,1432.0698323200238,-0.10000000000000009
2022-10-23 12:00:00,2.479327973990361,912.0827784317039,-0.10000000000000009
2022-10-23 13:00:00,2.6861479784812725,988.1666875837981,-0.04999999999999982
2022-10-23 14:00:00,3.1255123530886264,1149.7978568924782,-0.04999999999999982
2022-10-23 15:00:00,10.42485243212279,3835.0425884671718,0.44999999999999973
2022-10-23 16:00:00,7.809880192094022,2873.0596756665886,0.30000000000000027
2022-10-23 17:00:00,6.753335195001384,2484.3831848611344,0.14999999999999947
2022-10-23 18:00:00,6.596057727962483,2426.5247366741987,0.050000000000000266
2022-10-23 19:00:00,2.8913720143927852,1063.6634797947459,-0.10000000000000009
2022-10-23 20:00:00,2.981238881183663,1096.72325341544,-0.25
2022-10-23 21:00:00,2.0204010652178463,743.2550418670153,-0.1499999999999999
2022-10-23 22:00:00,3.1112016444105866,1144.5333049375447,-0.10000000000000009
2022-10-23 23:00:00,3.3466866321759263,1231.1623448117189,-0.09999999999999964
2022-10-24 00:00:00,1.905819822531176,701.1034672136564,-0.10000000000000053
2022-10-24 01:00:00,2.5640921624813506,943.265404272827,-0.04999999999999982
2022-10-24 02:00:00,2.01043744617231,739.5896755106385,-0.04999999999999982
2022-10-24 03:00:00,15.48204681468808,5695.457971953377,0.34999999999999964
2022-10-24 04:00:00,8.998498474180623,3310.3226261891964,0.4500000000000002
2022-10-24 05:00:00,8.381040805779199,3083.1753864260227,0.15000000000000036
2022-10-24 06:00:00,2.050020587029701,754.151323453551,0.0
2022-10-24 07:00:00,2.5676338866692334,944.5683160584443,-0.15000000000000036
2022-10-24 08:00:00,2.2306198686054373,820.5892841632252,-0.20000000000000018
2022-10-24 09:00:00,3.108329010356142,1143.4765346847657,-0.14999999999999947
2022-10-24 10:00:00,3.5256386057780613,1296.9943021006043,-0.15000000000000036
2022-10-24 11:00:00,2.2613758641676096,831.9036460306594,-0.09999999999999964
2022-10-24 12:00:00,3.1667241570419193,1164.958649271796,0.0
2022-10-24 13:00:00,3.542699681988638,1303.2706455115704,-0.10000000000000053
2022-10-24 14:00:00,3.249144165024749,1195.2789097084797,-0.09999999999999964
2022-10-24 15:00:00,13.269957587958215,4881.685647670129,0.09999999999999964
2022-10-24 16:00:00,13.500226104463549,4966.395678179528,0.5500000000000003
2022-10-24 17:00:00,3.983450332791681,1465.4117911757394,0.19999999999999973
2022-10-24 18:00:00,0.6252882087665438,230.0278997999923,0.20000000000000018
2022-10-24 19:00:00,3.1135025763447084,1145.3797602728096,0.0
2022-10-24 20:00:00,2.1888794920863908,805.2340431512811,-0.19999999999999973
2022-10-24 21:00:00,2.5739529383476754,946.8929371946512,-0.20000000000000018
2022-10-24 22:00:00,2.7641589856054374,1016.8649868296004,-0.19999999999999973
2022-10-24 23:00:00,3.388248830677213,1246.4520385853798,-0.10000000000000053
2022-10-25 00:00:00,2.5615006415865107,942.3120485236376,-0.09999999999999964
2022-10-25 01:00:00,2.361062920128246,868.5760217421785,-0.04999999999999982
2022-10-25 02:00:00,3.7888342093488014,1393.8173847641906,-0.10000000000000053
2022-10-25 03:00:00,4.102094412528299,1509.0579820088478,0.0
2022-10-25 04:00:00,4.317214565333731,1588.1953082221464,0.6000000000000005
2022-10-25 05:00:00,4.609122265802779,1695.5808535321974,0.14999999999999947
2022-10-25 06:00:00,10.877692603042927,4001.6311663444167,0.35000000000000053
2022-10-25 07:00:00,3.2344415968116063,1189.8702024270694,-0.04999999999999982
2022-10-25 08:00:00,2.2984203634233404,845.5313911943612,-0.35000000000000053
2022-10-25 09:00:00,3.192073574505832,1174.2840662213328,-0.20000000000000018
2022-10-25 10:00:00,1.9096966985833435,702.5296729913473,-0.09999999999999964
2022-10-25 11:00:00,3.2720502861549394,1203.7054990192485,-0.10000000000000009
2022-10-25 12:00:00,3.6272686404149406,1334.3814510926466,-0.10000000000000009
2022-10-25 13:00:00,2.9253347627224655,1076.157525836527,-0.1499999999999999
2022-10-25 14:00:00,2.5020383135206763,920.4373445864188,0.0
2022-10-25 15:00:00,2.336968237029283,859.7121901971476,0.0
2022-10-25 16:00:00,9.272986793463591,3411.300016645419,0.3999999999999999
2022-10-25 17:00:00,13.175337689358225,4846.877352472658,0.4500000000000002
2022-10-25 18:00:00,12.563938198446301,4621.958764753433,0.20000000000000018
2022-10-25 19:00:00,12.867203147765924,4733.52235798439,0.14999999999999947
2022-10-25 20:00:00,2.6952228706303125,991.5051135331264,-0.25
2022-10-25 21:00:00,2.56528561447678,943.7044454256455,-0.2999999999999998
2022-10-25 22:00:00,1.9097510405637192,702.5496640473782,-0.1499999999999999
2022-10-25 23:00:00,3.8389058968750476,1412.2375068129081,-0.19999999999999973
2022-10-26 00:00:00,2.2832892866701457,839.9650463337798,-0.050000000000000266
2022-10-26 01:00:00,2.8904546997155,1063.3260226578395,-0.04999999999999982
2022-10-26 02:00:00,2.4887063174187443,915.5328365204206,-0.1499999999999999
2022-10-26 03:00:00,2.1383156898882123,786.6328844176261,0.0
2022-10-26 04:00:00,9.812503645817095,3609.774778704965,0.25
2022-10-26 05:00:00,5.237349203436061,1926.6898382140412,0.2999999999999998
2022-10-26 06:00:00,10.405193357195849,3827.8105062784225,0.34999999999999964
2022-10-26 07:00:00,5.00268042544582,1840.3610615108805,0.20000000000000018
2022-10-26 08:00:00,2.783649219551525,1024.0349566425173,-0.2999999999999998
2022-10-26 09:00:00,2.877072055192675,1058.4028823040053,-0.20000000000000018
2022-10-26 10:00:00,3.372512286386959,1240.6629573546024,-0.1499999999999999
2022-10-26 11:00:00,3.0827623463153526,1134.0711981507602,-0.19999999999999973
2022-10-26 12:00:00,2.9090576079173753,1070.1695675126043,-0.10000000000000009
2022-10-26 13:00:00,1.8773777904117552,690.6403546477245,-0.050000000000000266
2022-10-26 14:00:00,2.4318250872572644,894.6076539747661,-0.09999999999999964
2022-10-26 15:00:00,2.831217667283577,1041.534199351946,-0.10000000000000053
2022-10-26 16:00:00,15.019210924466671,5525.192218838177,0.10000000000000053
2022-10-26 17:00:00,8.897940829329858,3273.329982589722,0.75
2022-10-26 18:00:00,9.009218585652219,3314.26628719681,0.25
2022-10-26 19:00:00,5.42680882479442,1996.387296421247,0.2999999999999998
2022-10-26 20:00:00,2.719877562870691,1000.5749584410555,-0.09999999999999964
2022-10-26 21:00:00,4.145004582603057,1524.8435608250998,-0.35000000000000053
2022-10-26 22:00:00,2.1463981834163457,789.6062317242881,-0.25
2022-10-26 23:00:00,2.714168727713459,998.4748207075886,-0.20000000000000018
2022-10-27 00:00:00,2.4804786569864534,912.5060859388915,-0.04999999999999982
2022-10-27 01:00:00,2.9944781635023423,1101.5936543984242,-0.1499999999999999
2022-10-27 02:00:00,3.0747292978949825,1131.1160404631166,-0.10000000000000009
2022-10-27 03:00:00,3.84326156943618,1413.8398498563347,-0.04999999999999982
2022-10-27 04:00:00,2.2984476664209352,845.5414352846016,-0.04999999999999982
2022-10-27 05:00:00,10.288738522024346,3784.969683789706,0.5499999999999998
2022-10-27 06:00:00,11.485119406869286,4225.088301802039,0.25
2022-10-27 07:00:00,12.05048758029869,4433.07311860238,0.40000000000000036
2022-10-27 08:00:00,3.2124599103795966,1181.7836895308942,-0.05000000000000071
2022-10-27 09:00:00,3.387335282571005,1246.1159670758086,-0.2999999999999998
2022-10-27 10:00:00,2.8199832013450106,1037.4013201947955,-0.25
2022-10-27 11:00:00,2.8236617663584305,1038.7545722991078,-0.09999999999999964
2022-10-27 12:00:00,3.24502892585777,1193.7650160999272,-0.20000000000000018
2022-10-27 13:00:00,3.108615780877246,1143.582030390217,-0.10000000000000009
2022-10-27 14:00:00,2.6834591730131354,987.1775432722072,-0.3500000000000001
2022-10-27 15:00:00,13.528139018906968,4976.664141580401,0.15000000000000036
2022-10-27 16:00:00,2.5952362561841618,954.7225377437485,0.0
2022-10-27 17:00:00,12.354214629578587,4544.806706856222,0.5
2022-10-27 18:00:00,5.521513219251218,2031.2266755320418,0.34999999999999964
2022-10-27 19:00:00,7.8059752628232975,2871.62314981112,0.35000000000000053
2022-10-27 20:00:00,4.476616552754597,1646.8353143445972,0.09999999999999964
2022-10-27 21:00:00,2.370805957120039,872.1602414755345,-0.25
2022-10-27 22:00:00,2.970791181096145,1092.8798057457443,-0.25
2022-10-27 23:00:00,2.106183015194246,774.8120767145832,-0.20000000000000018
2022-10-28 00:00:00,3.5422695832516617,1303.1124229387053,-0.20000000000000018
2022-10-28 01:00:00,3.108240304863388,1143.443902151619,-0.09999999999999964
2022-10-28 02:00:00,2.976997841165778,1095.1630808188606,-0.050000000000000266
2022-10-28 03:00:00,2.273439071505994,836.3413984302675,0.0
2022-10-28 04:00:00,2.962296717578662,1089.7549049792503,-0.10000000000000009
2022-10-28 05:00:00,7.2710190629021545,2674.82613776513,0.10000000000000009
2022-10-28 06:00:00,8.388105196463279,3085.7741991489293,0.5000000000000004
2022-10-28 07:00:00,10.863278405145616,3996.3285432929433,0.20000000000000018
2022-10-28 08:00:00,4.360938293640818,1604.280174773116,0.1999999999999993
2022-10-28 09:00:00,3.1318626878128306,1152.1339862791451,-0.1999999999999993
2022-10-28 10:00:00,2.627205822062253,966.4833417911514,-0.25
2022-10-28 11:00:00,2.5480656709587475,937.3696587039492,-0.20000000000000062
2022-10-28 12:00:00,1.7195530601672926,632.5805820090427,-0.19999999999999973
2022-10-28 13:00:00,2.403172288232084,884.0670055333779,-0.050000000000000266
2022-10-28 14:00:00,3.5643554051101405,1311.237244654893,-0.1499999999999999
2022-10-28 15:00:00,2.626790023582563,966.3303799254353,-0.04999999999999982
2022-10-28 16:00:00,2.995068540921921,1101.8108394916517,-0.04999999999999982
2022-10-28 17:00:00,11.695488068034846,4302.477673028319,0.04999999999999982
2022-10-28 18:00:00,16.662575035050207,6129.744791019096,0.7000000000000002
2022-10-28 19:00:00,10.803199659706255,3974.2270748144388,0.25
2022-10-28 20:00:00,9.748204550658947,3586.12074907366,0.25
2022-10-28 21:00:00,2.6630772316005458,979.6795365750507,0.0
2022-10-28 22:00:00,2.46289844863073,906.0387667900297,-0.2999999999999998
2022-10-28 23:00:00,1.828913692031572,672.8116244561145,-0.25
2022-10-29 00:00:00,2.8693652787448354,1055.5677519182564,-0.15000000000000036
2022-10-29 01:00:00,3.223416037723319,1185.8141748774658,-0.20000000000000018
2022-10-29 02:00:00,3.530510663878252,1298.786610474212,-0.04999999999999982
2022-10-29 03:00:00,2.9090642586722844,1070.1720141590665,-0.10000000000000009
2022-10-29 04:00:00,3.253903375059471,1197.0297041000026,-0.050000000000000266
2022-10-29 05:00:00,11.50818905243502,4233.575047664533,4.440892098500626e-16
2022-10-29 06:00:00,11.16667083674073,4107.939034065996,0.1499999999999999
2022-10-29 07:00:00,11.72121141773103,4311.940650297803,0.3999999999999999
2022-10-29 08:00:00,7.597315971407314,2794.8626129814656,0.10000000000000009
2022-10-29 09:00:00,7.483393380218053,2752.953339747716,0.09999999999999964
2022-10-29 10:00:00,3.100652566135225,1140.652562766996,-0.1499999999999999
2022-10-29 11:00:00,3.261164025243437,1199.7007157864296,-0.25
2022-10-29 12:00:00,3.553113906455009,1307.1017783371367,-0.1499999999999999
2022-10-29 13:00:00,1.8308466388821802,673.522707278782,-0.1499999999999999
2022-10-29 14:00:00,2.897220632066899,1065.8150400216102,-0.050000000000000266
2022-10-29 15:00:00,2.6966172166653486,992.0180585807651,-0.09999999999999964
2022-10-29 16:00:00,2.234815624583344,822.1327978935977,-0.050000000000000266
2022-10-29 17:00:00,3.71263035383764,1365.7838914180218,0.0
2022-10-29 18:00:00,4.344928026843907,1598.3903978752026,0.3500000000000001
2022-10-29 19:00:00,6.3436954143781,2333.686950564343,0.3999999999999999
2022-10-29 20:00:00,5.0887013676120025,1872.006015610265,0.25000000000000044
2022-10-29 21:00:00,4.559622474960285,1677.371117976015,0.20000000000000018
2022-10-29 22:00:00,3.6871735095242366,1356.4189548162283,-0.15000000000000036
2022-10-29 23:00:00,2.743854376614429,1009.3954287970332,-0.25
2022-10-30 00:00:00,3.901113516047901,1435.1221347161218,-0.25
2022-10-30 01:00:00,2.5556456436251596,940.1581411486056,-0.15000000000000036
2022-10-30 02:00:00,2.9377940654047023,1080.7409918107548,-0.1499999999999999
2022-10-30 03:00:00,2.3996314130843843,882.7644060884179,-0.09999999999999964
2022-10-30 04:00:00,2.7543800457437153,1013.2675593279693,-0.050000000000000266
2022-10-30 05:00:00,2.506686233225551,922.1471980478497,-0.09999999999999964
2022-10-30 06:00:00,2.995094969019935,1101.8205617282085,-0.050000000000000266
2022-10-30 07:00:00,10.580365273966047,3892.2518751602593,0.3999999999999999
2022-10-30 08:00:00,6.526630275980264,2400.9841127762397,0.3500000000000001
2022-10-30 09:00:00,2.969400841916972,1092.368334720206,0.0
2022-10-30 10:00:00,2.308164403902596,849.1159800856674,-0.050000000000000266
2022-10-30 11:00:00,2.877514488853733,1058.565642587067,-0.09999999999999964
2022-10-30 12:00:00,2.902420630519102,1067.7279894522146,-0.1499999999999999
2022-10-30 13:00:00,2.7845924574267307,1024.3819502758586,-0.20000000000000018
2022-10-30 14:00:00,3.687794317583274,1356.647334580947,-0.04999999999999982
2022-10-30 15:00:00,1.9522555323566484,718.1860039657021,-0.25
2022-10-30 16:00:00,7.691894177434534,2829.6555705237297,0.09999999999999964
2022-10-30 17:00:00,3.1289380129824917,1151.058071525934,-0.09999999999999964
2022-10-30 18:00:00,9.488661296155666,3490.6412743232663,0.10000000000000009
2022-10-30 19:00:00,7.8418270759879425,2884.812135579064,0.5499999999999998
2022-10-30 20:00:00,2.0879449996606048,768.1027667501451,0.25
2022-10-30 21:00:00,12.340455389247182,4539.745026319308,0.25
2022-10-30 22:00:00,3.131390737426512,1151.960367530778,0.0
2022-10-30 23:00:00,2.9516391982218355,1085.8342700458577,-0.15000000000000036
2022-10-31 00:00:00,2.1165366939343486,778.6209362810984,-0.25
2022-10-31 01:00:00,3.567842113874975,1312.5199176417564,-0.19999999999999973
2022-10-31 02:00:00,2.6751909130930476,984.1358571541049,-0.10000000000000009
2022-10-31 03:00:00,2.9021195345909554,1067.6172237876476,-0.10000000000000009
2022-10-31 04:00:00,3.329673783202354,1224.903742995566,-0.1499999999999999
2022-10-31 05:00:00,2.7715499153256413,1019.5839251004202,-0.04999999999999982
2022-10-31 06:00:00,2.1311715317641577,784.0047272477395,-0.04999999999999982
2022-10-31 07:00:00,12.914532647015434,4750.9336975208025,0.04999999999999982
2022-10-31 08:00:00,12.98284389598091,4776.063698233977,0.2999999999999998
2022-10-31 09:00:00,8.568769658478532,3152.2361381127903,0.25
2022-10-31 10:00:00,2.5831256388010204,950.2673443739253,-0.04999999999999982
2022-10-31 11:00:00,1.8704547880056037,688.0935551375615,-0.04999999999999982
2022-10-31 12:00:00,3.6445884455373694,1340.7529744020599,-0.050000000000000266
2022-10-31 13:00:00,2.3808689293287526,875.8621573768148,-0.10000000000000009
2022-10-31 14:00:00,3.476511065315114,1278.9215081527975,-0.19999999999999973
2022-10-31 15:00:00,2.621337705812743,964.3246085258627,-0.050000000000000266
2022-10-31 16:00:00,2.797968625985058,1029.302708284253,-0.09999999999999964
2022-10-31 17:00:00,2.393138237681493,880.3757291870794,-0.050000000000000266
2022-10-31 18:00:00,3.3589097427102943,1235.6589215995496,-0.10000000000000009
2022-10-31 19:00:00,9.727289052502229,3578.426460189258,0.40000000000000036
2022-10-31 20:00:00,10.887450967988025,4005.221024848595,0.34999999999999964
2022-10-31 21:00:00,13.125959763690297,4828.7124480675675,0.10000000000000009
2022-10-31 22:00:00,16.35567480489763,6016.843868851716,0.25000000000000044
2022-10-31 23:00:00,4.00296848858509,1472.59203273824,-0.05000000000000071
2022-11-01 00:00:00,3.8680574561154693,1422.9616366684784,-0.24999999999999956
2022-11-01 01:00:00,3.0016738306277237,1104.2407604421742,-0.1499999999999999
2022-11-01 02:00:00,2.954721653160575,1086.9682281564465,-0.15000000000000036
2022-11-01 03:00:00,2.1054124245808636,774.5285956926851,-0.09999999999999964
2022-11-01 04:00:00,2.358549117447319,867.6512565809323,-0.10000000000000053
2022-11-01 05:00:00,2.292925879815859,843.5101080372592,-0.14999999999999947
2022-11-01 06:00:00,2.5453005408594302,936.3524364686631,0.0
2022-11-01 07:00:00,2.7802489455431427,1022.7840808416835,0.0
2022-11-01 08:00:00,2.7596175210113674,1015.1942955420568,-0.050000000000000266
2022-11-01 09:00:00,12.669186561840792,4660.677006437181,0.25
2022-11-01 10:00:00,9.264195015268063,3408.065741241739,0.19999999999999973
2022-11-01 11:00:00,7.029917355959316,2586.1308473235335,0.10000000000000053
2022-11-01 12:00:00,2.717589449001064,999.7332185512664,-0.050000000000000266
2022-11-01 13:00:00,4.259004232795508,1566.7811821396476,-0.1499999999999999
2022-11-01 14:00:00,2.96105554756436,1089.2983095602387,-0.10000000000000009
2022-11-01 15:00:00,2.0417935904825457,751.1248170987665,-0.10000000000000009
2022-11-01 16:00:00,2.7850141773805444,1024.5370905038678,-0.09999999999999964
2022-11-01 17:00:00,2.6884191336767493,989.0021888013345,0.0
2022-11-01 18:00:00,2.5974877839710335,955.550818528344,-0.050000000000000266
2022-11-01 19:00:00,3.4355837968055547,1263.8653892498435,0.0
2022-11-01 20:00:00,10.822213764759383,3981.2218887108575,0.25
2022-11-01 21:00:00,10.306675608533123,3791.568289489122,0.3500000000000001
2022-11-01 22:00:00,11.021908517944915,4054.684596038985,0.10000000000000009
2022-11-01 23:00:00,6.951946357677321,2557.4472663305446,0.10000000000000009
2022-11-02 00:00:00,3.5257899548062954,1297.0499796243657,0.0
2022-11-02 01:00:00,3.3347566855904143,1226.7736157115737,-0.10000000000000009
2022-11-02 02:00:00,3.5920737238248117,1321.4341211520527,-0.1499999999999999
2022-11-02 03:00:00,3.6191097703966713,1331.3800067846757,-0.15000000000000036
2022-11-02 04:00:00,2.021161291918829,743.5347102646393,-0.1499999999999999
2022-11-02 05:00:00,2.056385391702694,756.4927759726286,0.0
2022-11-02 06:00:00,3.006279134133519,1105.9349364693685,-0.10000000000000009
2022-11-02 07:00:00,3.3157653623035035,1219.7871826574012,-0.09999999999999964
2022-11-02 08:00:00,3.1422586317857233,1155.958394168173,-0.050000000000000266
2022-11-02 09:00:00,2.5254850835381157,929.0628251065845,-0.10000000000000009
2022-11-02 10:00:00,12.39838786247877,4561.056934909378,0.15000000000000036
2022-11-02 11:00:00,4.061496796802307,1494.1231341236487,0.14999999999999947
2022-11-02 12:00:00,3.9318928047288555,1446.4450655396276,0.10000000000000053
2022-11-02 13:00:00,10.659742194179174,3921.452659683664,0.04999999999999982
2022-11-02 14:00:00,2.6706992048629803,982.4834699889687,-0.04999999999999982
2022-11-02 15:00:00,3.7281252781365275,1371.484086694475,-0.10000000000000053
2022-11-02 16:00:00,3.5321250395059383,1299.3804989082469,-0.04999999999999982
2022-11-02 17:00:00,2.0686998414986397,761.0229541913121,0.0
2022-11-02 18:00:00,2.391772092824493,879.8731586478103,-0.04999999999999982
2022-11-02 19:00:00,2.2374484017878866,823.1013308077188,-0.04999999999999982
2022-11-02 20:00:00,2.924562308182467,1075.8733591226248,-0.10000000000000053
2022-11-02 21:00:00,2.4816659193575257,912.9428500836498,0.0
2022-11-02 22:00:00,11.15011655719654,4101.849128478677,0.20000000000000018
2022-11-02 23:00:00,14.045941942273771,5167.150892013964,0.25
2022-11-03 00:00:00,11.799775048589325,4340.842245999799,0.15000000000000036
2022-11-03 01:00:00,6.264080906948948,2304.398763643844,0.09999999999999964
2022-11-03 02:00:00,3.4317504160417727,1262.4551843013671,0.0
2022-11-03 03:00:00,3.908589179328205,1437.8722443453632,-0.09999999999999964
2022-11-03 04:00:00,2.3189023061577636,853.0661858777873,-0.10000000000000009
2022-11-03 05:00:00,2.8918589693436605,1063.8426183472993,-0.1499999999999999
2022-11-03 06:00:00,2.4429121660178716,898.6863130738245,-0.10000000000000009
2022-11-03 07:00:00,2.1671312019341844,797.2333909115382,-0.10000000000000009
2022-11-03 08:00:00,3.5491838026651275,1305.655991405434,-0.04999999999999982
2022-11-03 09:00:00,3.416722381930249,1256.9267462525902,-0.10000000000000009
2022-11-03 10:00:00,3.588750602056592,1320.2116277315686,-0.10000000000000009
2022-11-03 11:00:00,11.948575771930786,4395.582312099038,0.04999999999999982
2022-11-03 12:00:00,11.220090265218412,4127.590706317223,0.15000000000000036
2022-11-03 13:00:00,5.56481184151199,2047.1551561962233,0.14999999999999947
2022-11-03 14:00:00,13.655119698068091,5023.377158926799,0.15000000000000036
2022-11-03 15:00:00,2.8681450637415,1055.1188653239042,0.04999999999999982
2022-11-03 16:00:00,2.2816831618750975,839.3741931748016,0.0
2022-11-03 17:00:00,3.3189148380401075,1220.9457960440045,-0.09999999999999964
2022-11-03 18:00:00,2.0373781916103297,749.50050223865,-0.10000000000000053
2022-11-03 19:00:00,2.1825178627831305,802.893758771344,-0.09999999999999964
2022-11-03 20:00:00,2.0538208859990568,755.5493584369029,-0.10000000000000009
2022-11-03 21:00:00,2.976463955836229,1094.9666777532527,-0.050000000000000266
2022-11-03 22:00:00,2.4919958674950173,916.7429797547296,-0.04999999999999982
2022-11-03 23:00:00,3.1524689351134385,1159.7145095048563,-0.04999999999999982
2022-11-04 00:00:00,3.287820439904924,1209.506944330024,0.25
2022-11-04 01:00:00,11.372054796703218,4183.494658337196,0.2999999999999998
2022-11-04 02:00:00,9.321607505943325,3429.1863612489014,0.20000000000000018
2022-11-04 03:00:00,8.677518054641533,3192.241954351254,0.09999999999999964
2022-11-04 04:00:00,1.9648139115691081,722.8059177184856,-0.04999999999999982
2022-11-04 05:00:00,2.1576147232511462,793.7325163160156,-0.1499999999999999
2022-11-04 06:00:00,3.0895184369549984,1136.5565949948202,-0.19999999999999973
2022-11-04 07:00:00,2.6295565834523718,967.3481281375414,-0.10000000000000053
2022-11-04 08:00:00,2.6894601431879446,989.3851501752652,-0.09999999999999964
2022-11-04 09:00:00,3.3535783235001086,1233.6976257576025,-0.20000000000000018
2022-11-04 10:00:00,14.492636047690906,5331.4784860442915,0.10000000000000009
2022-11-04 11:00:00,2.7945994401472443,1028.0632690441676,-0.1499999999999999
2022-11-04 12:00:00,3.6023671425669974,1325.2208125718344,0.0
2022-11-04 13:00:00,2.808191038866374,1033.0632784229674,0.34999999999999964
2022-11-04 14:00:00,5.724754646467856,2105.9941155693623,0.30000000000000027
2022-11-04 15:00:00,5.646000071105253,2077.022276157845,0.1499999999999999
2022-11-04 16:00:00,5.159827364961379,1898.1714918851676,0.04999999999999982
2022-11-04 17:00:00,1.669816632608233,614.2837937207537,0.0
2022-11-04 18:00:00,2.1331806687651524,784.7438385219805,-0.19999999999999973
2022-11-04 19:00:00,2.8408450210410665,1045.0758621154823,-0.1499999999999999
2022-11-04 20:00:00,3.2694764148354163,1202.7586361075787,-0.10000000000000009
2022-11-04 21:00:00,2.4077911189400463,885.7661578800696,-0.10000000000000009
2022-11-04 22:00:00,2.9000092469984122,1066.8409017395409,-0.04999999999999982
2022-11-04 23:00:00,2.8942993026101145,1064.740355947696,-0.04999999999999982
2022-11-05 00:00:00,3.4398470332670588,1265.4337273631193,-0.050000000000000266
2022-11-05 01:00:00,9.834479075448158,3617.858989880491,0.050000000000000266
2022-11-05 02:00:00,4.380389669078291,1611.4358495121764,0.39999999999999947
2022-11-05 03:00:00,4.950343205297179,1821.1075066486999,0.20000000000000018
2022-11-05 04:00:00,10.519766855449427,3869.9592319484586,0.10000000000000009
2022-11-05 05:00:00,3.5460425435498237,1304.5004007083915,-0.050000000000000266
2022-11-05 06:00:00,3.323442232621212,1222.6113113255283,-0.19999999999999973
2022-11-05 07:00:00,3.0211383343283518,1111.4012647410425,-0.1499999999999999
2022-11-05 08:00:00,2.9108001187268115,1070.8105936766258,-0.15000000000000036
2022-11-05 09:00:00,3.2622799744674786,1200.1112456072237,-0.09999999999999964
2022-11-05 10:00:00,2.279787354259948,838.6767729483782,-0.04999999999999982
2022-11-05 11:00:00,2.6224054201925546,964.717393953336,-0.050000000000000266
2022-11-05 12:00:00,3.213374932789124,1182.1203033997988,-0.19999999999999973
2022-11-05 13:00:00,3.277092815800535,1205.5605196126216,0.04999999999999982
2022-11-05 14:00:00,3.23192197697695,1188.9432972803954,0.25
2022-11-05 15:00:00,8.554431065120601,3146.9613280812414,0.2999999999999998
2022-11-05 16:00:00,6.5896858700305545,2424.1806894374904,0.20000000000000018
2022-11-05 17:00:00,2.659217013678882,978.2594589071186,0.0
2022-11-05 18:00:00,2.285511236700882,840.7824462013372,-0.10000000000000009
2022-11-05 19:00:00,2.7469655638123314,1010.5399567874614,-0.10000000000000009
2022-11-05 20:00:00,2.57238614221049,946.3165520656838,-0.1499999999999999
2022-11-05 21:00:00,1.921072515876248,706.7145517779747,-0.1499999999999999
2022-11-05 22:00:00,3.8737322531352714,1425.049252622138,-0.15000000000000036
2022-11-05 23:00:00,3.0493217578801977,1121.7692416801779,0.0
2022-11-06 00:00:00,2.1187416253876017,779.4320754394639,-0.04999999999999982
2022-11-06 01:00:00,3.098007358907387,1139.679457158055,-0.09999999999999964
2022-11-06 02:00:00,13.844611898926173,5093.086602317466,0.25
2022-11-06 03:00:00,6.0320931353471,2219.0562621658146,0.39999999999999947
2022-11-06 04:00:00,13.41398341823411,4934.669149982873,0.15000000000000036
2022-11-06 05:00:00,13.241672727075704,4871.280354472974,0.09999999999999964
2022-11-06 06:00:00,3.067238950359094,1128.3605288633519,-0.04999999999999982
2022-11-06 07:00:00,2.195002963608701,807.4867152375509,-0.1499999999999999
2022-11-06 08:00:00,2.621475537349821,964.3753133025654,-0.19999999999999973
2022-11-06 09:00:00,1.8074907436416017,664.9306573171544,-0.15000000000000036
2022-11-06 10:00:00,3.0633280661667612,1126.9218123410972,-0.04999999999999982
2022-11-06 11:00:00,2.9704677439647282,1092.7608213110245,-0.10000000000000009
2022-11-06 12:00:00,2.4554031308261606,903.2814267526738,-0.1499999999999999
2022-11-06 13:00:00,2.519998221732571,927.0443458198695,-0.04999999999999982
2022-11-06 14:00:00,2.960935756954195,1089.2542415895246,0.0
2022-11-06 15:00:00,7.623484414027354,2804.489328810313,0.5499999999999998
2022-11-06 16:00:00,16.463299759541492,6056.436399041327,0.25
2022-11-06 17:00:00,5.4913974097347555,2020.1478221061732,0.09999999999999964
2022-11-06 18:00:00,4.284674716510719,1576.2247113363808,0.050000000000000266
2022-11-06 19:00:00,2.3499606636433463,864.491779137796,-0.1499999999999999
2022-11-06 20:00:00,2.4298703893216604,893.8885694717059,-0.20000000000000018
2022-11-06 21:00:00,3.8712012909391307,1424.1181749042328,-0.20000000000000018
2022-11-06 22:00:00,3.010451719033765,1107.4699261395463,-0.09999999999999964
2022-11-06 23:00:00,2.5058759418384113,921.8491121038055,-0.04999999999999982
2022-11-07 00:00:00,2.5200991030571274,927.0814575371406,-0.050000000000000266
2022-11-07 01:00:00,2.833053465211823,1042.2095435147994,-0.1499999999999999
2022-11-07 02:00:00,3.524561992820435,1296.5982431088175,0.0
2022-11-07 03:00:00,11.565732932216235,4254.744002439047,0.34999999999999964
2022-11-07 04:00:00,13.527735591125072,4976.515730585135,0.40000000000000036
2022-11-07 05:00:00,15.773011684401656,5802.49667339926,0.1499999999999999
2022-11-07 06:00:00,9.516821999615209,3501.0008931084453,0.050000000000000266
2022-11-07 07:00:00,2.7874367263425266,1025.428285703257,-0.15000000000000036
2022-11-07 08:00:00,3.2964657417681877,1212.687334752972,-0.20000000000000018
2022-11-07 09:00:00,2.369969978510793,871.8527058446581,-0.19999999999999973
2022-11-07 10:00:00,3.033620799784756,1115.9932517208172,-0.050000000000000266
2022-11-07 11:00:00,1.5649404630143957,575.7024728314208,-0.09999999999999964
2022-11-07 12:00:00,3.057653141871935,1124.834149566138,-0.10000000000000009
2022-11-07 13:00:00,3.1028880978660904,1141.4749590024878,-0.1499999999999999
2022-11-07 14:00:00,2.3754045391413343,873.8519448366184,0.0
2022-11-07 15:00:00,11.199285113202237,4119.937011019272,0.1499999999999999
2022-11-07 16:00:00,6.8122791617238905,2506.0671966191762,0.5500000000000003
2022-11-07 17:00:00,8.760448061449493,3222.749830605732,0.09999999999999964
2022-11-07 18:00:00,2.837863029648114,1043.9788620318002,0.25
2022-11-07 19:00:00,3.0688151404143023,1128.9403697799116,-0.04999999999999982
2022-11-07 20:00:00,1.8139240944651147,667.297326251354,-0.20000000000000018
2022-11-07 21:00:00,2.7004071187352476,993.4122688047289,-0.20000000000000018
2022-11-07 22:00:00,3.6271061018434434,1334.3216572156566,-0.14999999999999947
2022-11-07 23:00:00,2.4248029932496067,892.024401141699,-0.10000000000000009
2022-11-08 00:00:00,2.6731393083455037,983.3811230576023,-0.1499999999999999
2022-11-08 01:00:00,2.5108404647536604,923.6754359712527,-0.050000000000000266
2022-11-08 02:00:00,2.4539375940103683,902.7422923965642,-0.10000000000000009
2022-11-08 03:00:00,3.2849366408736027,1208.4460667613766,-0.04999999999999982
2022-11-08 04:00:00,4.311147783603419,1585.9634908931077,0.5999999999999996
2022-11-08 05:00:00,10.347881803105457,3806.7270183174196,0.20000000000000018
2022-11-08 06:00:00,10.279977739383249,3781.7468108756125,0.15000000000000036
2022-11-08 07:00:00,2.8892630595938322,1062.887648048081,-0.050000000000000266
2022-11-08 08:00:00,3.7256642809983265,1370.5787473722594,-0.19999999999999973
2022-11-08 09:00:00,2.7441843507719064,1009.516818040215,-0.20000000000000018
2022-11-08 10:00:00,2.591733221285812,953.4338587805181,-0.10000000000000009
2022-11-08 11:00:00,3.386783998047738,1245.9131632818116,-0.1499999999999999
2022-11-08 12:00:00,3.3362204052399616,1227.3120815776506,-0.04999999999999982
2022-11-08 13:00:00,2.5336212496041535,932.055917198128,-0.15000000000000036
2022-11-08 14:00:00,2.813832304633581,1035.1385590670786,-0.04999999999999982
2022-11-08 15:00:00,1.8631185754933584,685.3947459596192,0.0
2022-11-08 16:00:00,2.5467046566817904,936.8689755768137,0.5
2022-11-08 17:00:00,6.055897390351266,2227.813252475472,0.2999999999999998
2022-11-08 18:00:00,4.5735142397323285,1682.4815509415307,0.35000000000000053
2022-11-08 19:00:00,11.395372905220933,4192.072807508151,0.04999999999999982
2022-11-08 20:00:00,2.788562243607807,1025.8423353672222,-0.25
2022-11-08 21:00:00,3.5908571416892414,1320.98657099893,-0.20000000000000018
2022-11-08 22:00:00,2.484531302919611,913.996953061552,-0.25
2022-11-08 23:00:00,2.4002731032034506,883.0004678409693,-0.10000000000000009
2022-11-09 00:00:00,2.931767054098347,1078.5238050264293,-0.04999999999999982
2022-11-09 01:00:00,2.453526973870586,902.5912355126417,-0.10000000000000009
2022-11-09 02:00:00,3.265061947742261,1201.1346640256843,-0.04999999999999982
2022-11-09 03:00:00,1.6679727689883468,613.6054823915881,-0.050000000000000266
2022-11-09 04:00:00,5.897341967929206,2169.484676451957,0.10000000000000009
2022-11-09 05:00:00,8.005693582754303,2945.0945267557395,0.5
2022-11-09 06:00:00,13.477047922402505,4957.869004453822,0.09999999999999964
2022-11-09 07:00:00,6.848132119759322,2519.256603556461,0.15000000000000036
2022-11-09 08:00:00,3.5732925990346005,1314.5250148698535,-0.20000000000000018
2022-11-09 09:00:00,2.8835337414453575,1060.7799751342109,-0.1499999999999999
2022-11-09 10:00:00,2.9793003610479847,1096.0101203205274,-0.19999999999999973
2022-11-09 11:00:00,3.595117573467464,1322.5538773393432,-0.10000000000000053
2022-11-09 12:00:00,2.538219479337405,933.7474909612476,-0.14999999999999947
2022-11-09 13:00:00,2.7894912777107717,1026.18410378785,0.0
2022-11-09 14:00:00,3.7205162101180025,1368.6849007971603,-0.10000000000000053
2022-11-09 15:00:00,3.6442860454869868,1340.6417289835254,-0.04999999999999982
2022-11-09 16:00:00,6.359379531706075,2339.4567452263723,0.30000000000000027
2022-11-09 17:00:00,13.231699990061044,4867.611633843706,0.3500000000000001
2022-11-09 18:00:00,15.470123601114324,5691.071719759932,0.2999999999999998
2022-11-09 19:00:00,5.382789469255673,1980.1936760024307,0.20000000000000018
2022-11-09 20:00:00,2.3961862099229028,881.497001975388,-0.04999999999999982
2022-11-09 21:00:00,1.912992739643908,703.7422040965026,-0.20000000000000018
2022-11-09 22:00:00,2.617609956096163,962.9532625988759,-0.25000000000000044
2022-11-09 23:00:00,2.6955001812589288,991.6071291806284,-0.24999999999999956
2022-11-10 00:00:00,3.390338365216924,1247.220726104176,-0.10000000000000053
2022-11-10 01:00:00,3.3475184998310414,1231.4683681253443,-0.09999999999999964
2022-11-10 02:00:00,3.4107683691543027,1254.736413802639,-0.10000000000000009
2022-11-10 03:00:00,2.5059057407172247,921.8600743663492,-0.050000000000000266
2022-11-10 04:00:00,2.302016746483417,846.8544106125869,-0.04999999999999982
2022-11-10 05:00:00,8.720574070209889,3208.0811860784625,0.4500000000000002
2022-11-10 06:00:00,4.916509972869927,1808.6611062695247,0.2999999999999998
2022-11-10 07:00:00,9.414955886063053,3463.526896585446,0.10000000000000009
2022-11-10 08:00:00,3.371857486535739,1240.422072859335,0.0
2022-11-10 09:00:00,4.187072195569264,1540.3191839450426,-0.1499999999999999
2022-11-10 10:00:00,2.4556730308382724,903.3807162196294,-0.20000000000000018
2022-11-10 11:00:00,2.719097969451021,1000.2881655117943,-0.1499999999999999
2022-11-10 12:00:00,3.681519890326065,1354.3391296537013,-0.10000000000000009
2022-11-10 13:00:00,3.60322687359625,1325.5370861242204,-0.04999999999999982
2022-11-10 14:00:00,2.453862985111059,902.7148456477308,-0.15000000000000036
2022-11-10 15:00:00,3.822146939373093,1406.0723053218765,-0.04999999999999982
2022-11-10 16:00:00,1.73438491864172,638.0368519453227,-0.04999999999999982
2022-11-10 17:00:00,8.732354426025237,3212.4148844740344,0.5499999999999998
2022-11-10 18:00:00,9.02217360375566,3319.0321144816135,0.2999999999999998
2022-11-10 19:00:00,8.31701026315177,3059.620150556957,0.3000000000000007
2022-11-10 20:00:00,5.637857760579207,2074.026923673076,0.15000000000000036
2022-11-10 21:00:00,2.0118828580424615,740.1214064023704,-0.3000000000000007
2022-11-10 22:00:00,3.0612806447013976,1126.1686171695264,-0.2999999999999998
2022-11-10 23:00:00,2.7191798610268916,1000.3182913752677,-0.15000000000000036
2022-11-11 00:00:00,3.8600295913060627,1420.008385901718,-0.1499999999999999
2022-11-11 01:00:00,3.377323078187821,1242.4327273883448,-0.1499999999999999
2022-11-11 02:00:00,3.002696347421037,1104.616918807514,-0.04999999999999982
2022-11-11 03:00:00,3.566462483001828,1312.0123859342973,0.0
2022-11-11 04:00:00,3.1083171749434753,1143.4721807323308,-0.10000000000000053
2022-11-11 05:00:00,1.8256935777984216,671.6270249325944,0.050000000000000266
2022-11-11 06:00:00,10.78144201643996,3966.2229817978496,0.5
2022-11-11 07:00:00,6.97192694713028,2564.7976256755514,0.1499999999999999
2022-11-11 08:00:00,15.591530315224901,5735.73421471336,0.10000000000000009
2022-11-11 09:00:00,4.146156011358037,1525.267142678338,-0.24999999999999956
2022-11-11 10:00:00,2.567618395800574,944.562617355136,-0.05000000000000071
2022-11-11 11:00:00,2.569946826600305,945.4191888355871,-0.25
2022-11-11 12:00:00,2.2287238808766445,819.8917976774957,-0.04999999999999982
2022-11-11 13:00:00,2.686895385168601,988.4416398188993,0.0
2022-11-11 14:00:00,2.9147380960104186,1072.2592770698327,-0.09999999999999964
2022-11-11 15:00:00,2.638219613275484,970.5350402337186,0.0
2022-11-11 16:00:00,3.05259533329738,1122.9735082367736,-0.15000000000000036
2022-11-11 17:00:00,8.930313535863249,3285.239092005692,0.2999999999999998
2022-11-11 18:00:00,5.873890951562827,2160.8576338061744,0.4500000000000002
2022-11-11 19:00:00,8.247068217995912,3033.890220695246,0.20000000000000018
2022-11-11 20:00:00,6.601088017029506,2428.3752542647294,0.25
2022-11-11 21:00:00,2.3746662246640433,873.580337398285,-0.09999999999999964
2022-11-11 22:00:00,2.2344519609570312,821.9990151370679,-0.25000000000000044
2022-11-11 23:00:00,2.119390044068648,779.6706124617538,-0.25
2022-11-12 00:00:00,3.074336787534863,1130.9716457143875,-0.19999999999999973
2022-11-12 01:00:00,3.360677202283387,1236.309125790001,-0.10000000000000053
2022-11-12 02:00:00,3.9034916493409924,1435.9969905013174,-0.09999999999999964
2022-11-12 03:00:00,2.709860800586854,996.8900420158889,-0.04999999999999982
2022-11-12 04:00:00,3.208767126824412,1180.4252067805305,-0.050000000000000266
2022-11-12 05:00:00,2.562116777004786,942.5387093406356,-0.050000000000000266
2022-11-12 06:00:00,11.321298086855842,4164.822533702093,0.35000000000000053
2022-11-12 07:00:00,12.631587900052068,4646.845398731655,0.39999999999999947
2022-11-12 08:00:00,7.750282565537674,2851.135198797172,4.440892098500626e-16
2022-11-12 09:00:00,14.017441532338012,5156.6663037088465,0.04999999999999982
2022-11-12 10:00:00,2.26664300997566,833.8412972947959,-0.19999999999999973
2022-11-12 11:00:00,2.8816306806069623,1060.0798866282862,-0.20000000000000018
2022-11-12 12:00:00,3.357707238093457,1235.2165502136304,-0.15000000000000036
2022-11-12 13:00:00,3.2588312185192763,1198.842534512779,-0.04999999999999982
2022-11-12 14:00:00,2.563201017634162,942.9375743621673,-0.04999999999999982
2022-11-12 15:00:00,3.568328646370659,1312.6989007836062,-0.20000000000000018
2022-11-12 16:00:00,14.421061774137451,5305.1481001608145,0.04999999999999982
2022-11-12 17:00:00,2.4479419876901165,900.5366587215015,4.440892098500626e-16
2022-11-12 18:00:00,7.493776153403224,2756.77290243321,0.3999999999999999
2022-11-12 19:00:00,8.86635778683428,3261.7113708316606,0.2999999999999998
2022-11-12 20:00:00,6.385844127755914,2349.192408498207,0.25
2022-11-12 21:00:00,2.3817298578625627,876.1788714611902,0.0
2022-11-12 22:00:00,2.6048042162252494,958.2423510438636,-0.1499999999999999
2022-11-12 23:00:00,2.4323175785939775,894.7888292252594,-0.19999999999999973
2022-11-13 00:00:00,2.3670633004392503,870.7834116490894,-0.25
2022-11-13 01:00:00,2.701111313464174,993.6713244406332,-0.15000000000000036
2022-11-13 02:00:00,4.2362019958118164,1558.3928092092717,-0.04999999999999982
2022-11-13 03:00:00,4.381012463872917,1611.6649601472495,-0.04999999999999982
2022-11-13 04:00:00,3.026632434853827,1113.4224069718518,-0.050000000000000266
2022-11-13 05:00:00,4.134356630999066,1520.9264456287815,-0.1499999999999999
2022-11-13 06:00:00,10.355105497847514,3809.384435020655,0.04999999999999982
2022-11-13 07:00:00,6.948679160644559,2556.2453462221174,0.3500000000000001
2022-11-13 08:00:00,7.3727963820260785,2712.267469037844,0.1499999999999999
2022-11-13 09:00:00,11.129336689760015,4094.204734745465,0.15000000000000036
2022-11-13 10:00:00,3.7357650325000265,1374.2945613309473,0.0
2022-11-13 11:00:00,2.3953525089366106,881.1903042250555,-0.20000000000000018
2022-11-13 12:00:00,2.342643308939536,861.7999072761319,-0.15000000000000036
2022-11-13 13:00:00,3.2852023480467203,1208.5438137876872,-0.09999999999999964
2022-11-13 14:00:00,2.3879454786225085,878.4654429482553,-0.10000000000000009
2022-11-13 15:00:00,2.43224833164826,894.7633550051037,0.0
2022-11-13 16:00:00,2.509541325275829,923.1975150358455,-0.050000000000000266
2022-11-13 17:00:00,4.185057341958141,1539.5779696728514,-0.04999999999999982
2022-11-13 18:00:00,2.523670404713172,928.3952501338579,0.3500000000000001
2022-11-13 19:00:00,5.418109151434196,1993.1869040838546,0.30000000000000027
2022-11-13 20:00:00,2.27388565638128,836.5056858412634,0.19999999999999973
2022-11-13 21:00:00,2.835386676443787,1043.067873596758,0.10000000000000009
2022-11-13 22:00:00,4.030412977622077,1482.6881741427214,-0.04999999999999982
2022-11-13 23:00:00,2.4727820023486635,909.6746791140146,-0.10000000000000009
2022-11-14 00:00:00,2.881971001169928,1060.2050820553873,-0.25000000000000044
2022-11-14 01:00:00,2.7831028417652774,1023.8339579144014,-0.14999999999999947
2022-11-14 02:00:00,2.6419080495083986,971.8919237129022,-0.10000000000000053
2022-11-14 03:00:00,2.4727946010884208,909.6793138754027,-0.14999999999999947
2022-11-14 04:00:00,2.0311708797707646,747.21698739567,-0.15000000000000036
2022-11-14 05:00:00,10.523608669764343,3871.372539389558,0.10000000000000009
2022-11-14 06:00:00,4.135191049876894,1521.2334074734622,-0.050000000000000266
2022-11-14 07:00:00,2.955226339750922,1087.1538897358703,0.0
2022-11-14 08:00:00,11.985738330523558,4409.253488341355,0.30000000000000027
2022-11-14 09:00:00,10.395879220435399,3824.3840682176724,0.19999999999999973
2022-11-14 10:00:00,3.637054920191325,1337.9815787653838,-0.04999999999999982
2022-11-14 11:00:00,3.6994947189025584,1360.9516197162789,-0.1499999999999999
2022-11-14 12:00:00,2.7788947112203353,1022.2858918901809,-0.1499999999999999
2022-11-14 13:00:00,2.7879922451705452,1025.6326471921143,-0.15000000000000036
2022-11-14 14:00:00,4.005259980520694,1473.4350153340504,-0.04999999999999982
2022-11-14 15:00:00,2.624999815506335,965.6718071293928,0.0
2022-11-14 16:00:00,2.983793320785999,1097.6629678841496,-0.09999999999999964
2022-11-14 17:00:00,2.6412461626384642,971.6484320806251,-0.050000000000000266
2022-11-14 18:00:00,9.443157602507743,3473.9016030225357,0.10000000000000009
2022-11-14 19:00:00,4.701499538979511,1729.5641429020875,0.3999999999999999
2022-11-14 20:00:00,4.279785878283945,1574.4262299737059,0.25
2022-11-14 21:00:00,3.0109727351028077,1107.6615949259453,-0.04999999999999982
2022-11-14 22:00:00,14.790497430286074,5441.0542421664895,0.10000000000000009
2022-11-14 23:00:00,13.322952958574554,4901.181319635614,0.04999999999999982
2022-11-15 00:00:00,4.026962859275037,1481.4189618558044,-0.2999999999999998
2022-11-15 01:00:00,3.1077121637909744,1143.2496122546047,-0.10000000000000053
2022-11-15 02:00:00,2.2332887503081595,821.5710990196142,-0.14999999999999947
2022-11-15 03:00:00,2.871078014651145,1056.1978246397898,0.0
2022-11-15 04:00:00,2.6598707815886726,978.4999637769329,-0.15000000000000036
2022-11-15 05:00:00,3.308485610063911,1217.109143802261,0.0
2022-11-15 06:00:00,2.774034795046878,1020.4980502278703,-0.09999999999999964
2022-11-15 07:00:00,3.973137922795153,1461.618113348267,0.0
2022-11-15 08:00:00,8.84024406617983,3252.1047858459046,0.25
2022-11-15 09:00:00,7.641264744584888,2811.030267914165,0.19999999999999973
2022-11-15 10:00:00,12.642862853092563,4650.993172081427,0.1499999999999999
2022-11-15 11:00:00,3.0514358621555964,1122.54696779049,-0.04999999999999982
2022-11-15 12:00:00,3.589926985319387,1320.6443897243696,-0.20000000000000018
2022-11-15 13:00:00,3.2708954002590787,1203.2806453703085,-0.09999999999999964
2022-11-15 14:00:00,3.0287192644448826,1114.1900994076614,-0.10000000000000053
2022-11-15 15:00:00,2.584050829638572,950.6076989532896,-0.09999999999999964
2022-11-15 16:00:00,4.9527876323777225,1822.0067502609547,0.10000000000000009
2022-11-15 17:00:00,3.1418835656681705,1155.8204167201782,-0.10000000000000009
2022-11-15 18:00:00,2.4806197045540497,912.5579738128208,-0.09999999999999964
2022-11-15 19:00:00,4.099938620271692,1508.2649199324485,0.2999999999999998
2022-11-15 20:00:00,8.252214192940814,3035.783296228102,0.2999999999999998
2022-11-15 21:00:00,5.7105703487942945,2100.7760670627013,0.1499999999999999
2022-11-15 22:00:00,3.6015561528041182,1324.922469712815,0.10000000000000009
2022-11-15 23:00:00,2.38948962136083,879.0334944581155,0.0
2022-11-16 00:00:00,2.4579296550186243,904.2108718399764,0.0
2022-11-16 01:00:00,2.944578605047067,1083.2368543316898,-0.25
2022-11-16 02:00:00,2.71471272350776,998.6749431604173,-0.15000000000000036
2022-11-16 03:00:00,2.843607515852941,1046.0921148944005,-0.09999999999999964
2022-11-16 04:00:00,2.655318171447539,976.8251723212634,-0.04999999999999982
2022-11-16 05:00:00,2.744938610638405,1009.7942913886031,-0.15000000000000036
2022-11-16 06:00:00,9.724872147969936,3577.53734143444,0.04999999999999982
2022-11-16 07:00:00,2.4374135253770897,896.6635006480968,-0.09999999999999964
2022-11-16 08:00:00,3.8870146671432018,1429.9355206753055,0.0
2022-11-16 09:00:00,3.159561604207007,1162.3237251476526,0.25
2022-11-16 10:00:00,3.2201277904328536,1184.604510905486,0.1499999999999999
2022-11-16 11:00:00,8.331554722932003,3064.970693698611,0.050000000000000266
2022-11-16 12:00:00,1.9738580955391087,726.1330468964496,-0.050000000000000266
2022-11-16 13:00:00,1.454814079110088,535.1897293526237,-0.10000000000000009
2022-11-16 14:00:00,2.8025823617653787,1030.9999863344385,-0.1499999999999999
2022-11-16 15:00:00,9.222298080964334,3392.652906534754,0.050000000000000266
2022-11-16 16:00:00,3.463125847864771,1273.9974212832528,-0.10000000000000053
2022-11-16 17:00:00,3.203533999448562,1178.5000700471398,0.0
2022-11-16 18:00:00,2.559046962295193,941.409401254344,-0.09999999999999964
2022-11-16 19:00:00,7.6760904423716,2823.8417714874527,0.09999999999999964
2022-11-16 20:00:00,14.406898691676673,5299.937856200556,0.25
2022-11-16 21:00:00,8.944632681944768,3290.5067478704314,0.20000000000000018
2022-11-16 22:00:00,0.9638630485085976,354.58111897010036,0.04999999999999982
2022-11-16 23:00:00,14.182816470480446,5217.503609077994,0.15000000000000036
2022-11-17 00:00:00,3.02414467111985,1112.5072208882148,0.0
2022-11-17 01:00:00,2.734163800680368,1005.8305081752903,-0.10000000000000009
2022-11-17 02:00:00,2.919431226414913,1073.9857624173862,-0.1499999999999999
2022-11-17 03:00:00,2.90146768158767,1067.3774233640643,-0.10000000000000009
2022-11-17 04:00:00,2.719379877160024,1000.3918723102439,-0.1499999999999999
2022-11-17 05:00:00,3.6458895420407083,1341.2316152782255,-0.04999999999999982
2022-11-17 06:00:00,3.9297111409925485,1445.6424859926337,-0.050000000000000266
2022-11-17 07:00:00,2.3950362193567067,881.0739491958487,-0.050000000000000266
2022-11-17 08:00:00,2.911268654627985,1070.98295632127,-0.14999999999999947
2022-11-17 09:00:00,2.627423030254994,966.5632472550559,0.0
2022-11-17 10:00:00,6.628896055221595,2438.605136314645,0.14999999999999947
2022-11-17 11:00:00,13.157399540886814,4840.278356103737,0.10000000000000053
2022-11-17 12:00:00,15.705560417617864,5777.683038631171,0.14999999999999947
2022-11-17 13:00:00,15.882014723033377,5842.596166235903,0.050000000000000266
2022-11-17 14:00:00,3.302858063930177,1215.0389102683137,0.0
2022-11-17 15:00:00,2.6324478613790516,968.4117570048185,0.0
2022-11-17 16:00:00,2.2112262267752496,813.4548481749449,-0.050000000000000266
2022-11-17 17:00:00,3.3607921465699997,1236.3514109194384,-0.04999999999999982
2022-11-17 18:00:00,2.7240872597331673,1002.1236006743388,-0.04999999999999982
2022-11-17 19:00:00,4.489434571581252,1651.5507430204534,0.0
2022-11-17 20:00:00,8.131483613104143,2991.369534170686,0.04999999999999982
2022-11-17 21:00:00,6.431925711669702,2366.144671180491,0.15000000000000036
2022-11-17 22:00:00,4.843367172061111,1781.7536984219812,0.14999999999999947
2022-11-17 23:00:00,5.953115445839144,2190.002344638075,0.10000000000000053
2022-11-18 00:00:00,6.873449747305969,2528.5703257901837,0.04999999999999982
2022-11-18 01:00:00,3.369009585237813,1239.3744011693605,0.0
2022-11-18 02:00:00,3.090206583876478,1136.8097470435594,-0.10000000000000009
2022-11-18 03:00:00,2.6959551819498992,991.7745125598193,-0.10000000000000009
2022-11-18 04:00:00,1.558808200467582,573.4465667470117,-0.1499999999999999
2022-11-18 05:00:00,2.559727463394457,941.6597405962359,-0.050000000000000266
2022-11-18 06:00:00,3.5445809576413647,1303.9627197923169,-0.09999999999999964
2022-11-18 07:00:00,2.710613945675137,997.1671052652408,-0.04999999999999982
2022-11-18 08:00:00,2.7732871304678604,1020.2230031208642,-0.050000000000000266
2022-11-18 09:00:00,3.2879757697551812,1209.5640862986872,-0.050000000000000266
2022-11-18 10:00:00,3.416425001472768,1256.8173474167945,-0.04999999999999982
2022-11-18 11:00:00,12.106620801209523,4453.7231272449535,0.04999999999999982
2022-11-18 12:00:00,5.655270331785854,2080.432573305721,0.15000000000000036
2022-11-18 13:00:00,5.6374377476474615,2073.87241141581,0.20000000000000018
2022-11-18 14:00:00,8.50237733643072,3127.8120626394516,0.09999999999999964
2022-11-18 15:00:00,10.856024269010401,3993.659927962201,0.04999999999999982
2022-11-18 16:00:00,3.741429624011572,1376.3784229332568,-0.04999999999999982
2022-11-18 17:00:00,3.704561466621989,1362.815549533564,-0.09999999999999964
2022-11-18 18:00:00,2.4141040981737762,888.0885451156778,-0.050000000000000266
2022-11-18 19:00:00,3.445959391572728,1267.682311174817,-0.10000000000000009
2022-11-18 20:00:00,3.518813371315103,1294.4834689725433,-0.04999999999999982
2022-11-18 21:00:00,2.83258746157572,1042.038112427168,0.0
2022-11-18 22:00:00,3.944858366773868,1451.2147716769368,0.0
2022-11-18 23:00:00,2.627210713610108,966.4851412693185,0.0
2022-11-19 00:00:00,12.470238637014592,4587.489038591743,0.2999999999999998
2022-11-19 01:00:00,14.048933294011682,5168.251335534547,0.15000000000000036
2022-11-19 02:00:00,3.4795920296807212,1280.0549179187954,0.09999999999999964
2022-11-19 03:00:00,3.002592219670287,1104.5786128112068,-0.04999999999999982
2022-11-19 04:00:00,2.2806908585447125,839.0091495871362,-0.10000000000000009
2022-11-19 05:00:00,3.443269188671003,1266.6926527823455,-0.1499999999999999
2022-11-19 06:00:00,2.655070016550142,976.7338823383835,-0.10000000000000009
2022-11-19 07:00:00,3.3860870908574863,1245.6567885491977,-0.10000000000000009
2022-11-19 08:00:00,2.6976229093219795,992.3880277668233,-0.09999999999999964
2022-11-19 09:00:00,3.473583081469242,1277.8443760954974,-0.10000000000000053
2022-11-19 10:00:00,6.969028785692977,2563.731464536804,4.440892098500626e-16
2022-11-19 11:00:00,2.541213598122191,934.848952409201,-0.050000000000000266
2022-11-19 12:00:00,4.653596650936559,1711.9418679632865,0.10000000000000009
2022-11-19 13:00:00,16.73645226786817,6156.9223780420025,0.20000000000000018
2022-11-19 14:00:00,6.169169802386813,2269.483341053049,0.25
2022-11-19 15:00:00,12.973446263837156,4772.606544309094,0.04999999999999982
2022-11-19 16:00:00,12.349518930267745,4543.079276472246,0.050000000000000266
2022-11-19 17:00:00,3.0888823286274842,1136.3225866438356,-0.10000000000000053
2022-11-19 18:00:00,2.3767918409136737,874.3622984761178,-0.14999999999999947
2022-11-19 19:00:00,3.2699909677450956,1202.9479272592268,-0.10000000000000053
2022-11-19 20:00:00,2.756778122286123,1014.1497517360076,-0.09999999999999964
2022-11-19 21:00:00,3.0535675772411484,1123.3311724775876,-0.04999999999999982
2022-11-19 22:00:00,2.858556044196898,1051.5913047589338,-0.15000000000000036
2022-11-19 23:00:00,9.524831965237254,3503.947559211655,0.04999999999999982
2022-11-20 00:00:00,1.7022211484489231,626.2046049856475,0.0
2022-11-20 01:00:00,5.843275089333497,2149.59482348856,0.35000000000000053
2022-11-20 02:00:00,7.378362715270106,2714.31518387999,0.14999999999999947
2022-11-20 03:00:00,10.68353474595989,3930.2053446699942,0.050000000000000266
2022-11-20 04:00:00,11.086586272764592,4078.4779250932743,0.050000000000000266
2022-11-20 05:00:00,3.324749123524155,1223.0920838164486,-0.15000000000000036
2022-11-20 06:00:00,2.831931913321565,1041.7969526131706,-0.09999999999999964
2022-11-20 07:00:00,2.8546632423465716,1050.159240278245,-0.20000000000000018
2022-11-20 08:00:00,4.022250526226226,1479.6854123354728,-0.10000000000000009
2022-11-20 09:00:00,3.1325900310326693,1152.4015576661432,-0.10000000000000009
2022-11-20 10:00:00,2.4243354982548113,891.8524214204888,0.0
2022-11-20 11:00:00,1.9790889997391359,728.0573657790346,-0.04999999999999982
2022-11-20 12:00:00,2.224515055369848,818.3434759941828,0.0
2022-11-20 13:00:00,18.18141039658094,6688.486349642214,0.04999999999999982
2022-11-20 14:00:00,6.06922698313952,2232.7168764224507,0.2999999999999998
2022-11-20 15:00:00,10.489722725743793,3858.9067477329972,0.25
2022-11-20 16:00:00,4.008224248649505,1474.5254954719367,0.10000000000000053
2022-11-20 17:00:00,2.954759924946253,1086.9823073896027,0.0
2022-11-20 18:00:00,2.301429216991776,846.6382732008495,-0.20000000000000018
2022-11-20 19:00:00,2.9714761564021224,1093.1317910364307,-0.15000000000000036
2022-11-20 20:00:00,2.270301957729968,835.1873326999121,-0.04999999999999982
2022-11-20 21:00:00,2.8704501675021903,1055.9668553698682,-0.1499999999999999
2022-11-20 22:00:00,2.8606361666463784,1052.3565298050364,-0.050000000000000266
2022-11-20 23:00:00,3.596158345195847,1322.9367512389224,-0.09999999999999964
2022-11-21 00:00:00,3.687626035872166,1356.5854279464734,0.0
2022-11-21 01:00:00,14.960274515291074,5503.510987312703,0.04999999999999982
2022-11-21 02:00:00,6.4312582781005565,2365.8991390562423,0.3500000000000001
2022-11-21 03:00:00,11.96796777268704,4402.716144377244,0.25
2022-11-21 04:00:00,15.346008115067699,5645.412735330531,0.10000000000000009
2022-11-21 05:00:00,3.8956865911462817,1433.125704717938,0.04999999999999982
2022-11-21 06:00:00,2.729094734211813,1003.9657253481708,-0.1499999999999999
2022-11-21 07:00:00,3.217559494491058,1183.6596990358978,-0.25
2022-11-21 08:00:00,3.6209319447348536,1332.050339169334,-0.1499999999999999
2022-11-21 09:00:00,2.2292781044689187,820.0956826815035,-0.10000000000000009
2022-11-21 10:00:00,2.393231395676216,880.409999684388,-0.10000000000000009
2022-11-21 11:00:00,2.737798236677073,1007.1675263175783,-0.04999999999999982
2022-11-21 12:00:00,4.126041099244763,1517.8673693846672,-0.04999999999999982
2022-11-21 13:00:00,4.074226261296966,1498.8059858746212,-0.050000000000000266
2022-11-21 14:00:00,4.258824206925519,1566.7149551227255,0.3500000000000001
2022-11-21 15:00:00,17.7680006727533,6536.40324748912,0.2999999999999998
2022-11-21 16:00:00,12.426773068761102,4571.499142670491,0.20000000000000018
2022-11-21 17:00:00,4.2469222872390935,1562.3365364180813,0.09999999999999964
2022-11-21 18:00:00,2.3931474436326314,880.3791158263541,-0.04999999999999982
2022-11-21 19:00:00,0.6224076110497221,228.9681999149165,-0.20000000000000018
2022-11-21 20:00:00,2.547590492881261,937.1948525686939,-0.19999999999999973
2022-11-21 21:00:00,1.6824253777251994,618.9222358306578,-0.10000000000000009
2022-11-21 22:00:00,3.4918234548986016,1284.554553470823,-0.1499999999999999
2022-11-21 23:00:00,2.3060604489909076,848.34198767253,-0.10000000000000009
2022-11-22 00:00:00,2.4018350010532865,883.5750510124777,0.0
2022-11-22 01:00:00,2.8923244178408716,1064.0138452132105,-0.04999999999999982
2022-11-22 02:00:00,13.779357150110052,5069.081011596735,0.1499999999999999
2022-11-22 03:00:00,17.336360468839214,6377.613607474224,0.3999999999999999
2022-11-22 04:00:00,6.803138643848939,2502.7046286059285,0.20000000000000018
2022-11-22 05:00:00,5.7998786149235855,2133.6303454650138,0.1499999999999999
2022-11-22 06:00:00,2.804042788412147,1031.5372407871187,-0.10000000000000009
2022-11-22 07:00:00,2.1545315638907265,792.598299066301,-0.1499999999999999
2022-11-22 08:00:00,2.2939986801393375,843.9047644562588,-0.19999999999999973
2022-11-22 09:00:00,3.445737276993564,1267.6006007740073,-0.10000000000000053
2022-11-22 10:00:00,2.3997734498164967,882.8166578512439,-0.09999999999999964
2022-11-22 11:00:00,1.4073274591031273,517.7205890175629,-0.04999999999999982
2022-11-22 12:00:00,1.77164600428791,651.7442738274149,-0.10000000000000053
2022-11-22 13:00:00,2.3379365915163333,860.068423604071,-0.04999999999999982
2022-11-22 14:00:00,3.733644515907291,1373.5144762893947,-0.04999999999999982
2022-11-22 15:00:00,11.972517882496282,4404.39001602332,0.5499999999999998
2022-11-22 16:00:00,12.45024024275501,4580.132129303499,0.15000000000000036
2022-11-22 17:00:00,11.213643121429076,4125.218963295722,0.2999999999999998
2022-11-22 18:00:00,2.809953344765768,1033.7115867057066,0.0
2022-11-22 19:00:00,3.3077093048495607,1216.823560521532,-0.15000000000000036
2022-11-22 20:00:00,2.3404440918749425,860.9908702984943,-0.19999999999999973
2022-11-22 21:00:00,2.638011618894181,970.4585243006969,-0.1499999999999999
2022-11-22 22:00:00,3.76841845379619,1386.3069386902735,-0.15000000000000036
2022-11-22 23:00:00,3.0014254494250956,1104.149387207257,-0.14999999999999947
2022-11-23 00:00:00,3.1212854574493174,1148.2428876591675,-0.050000000000000266
2022-11-23 01:00:00,2.7038294434885697,994.6712565233576,-0.050000000000000266
2022-11-23 02:00:00,2.2939931845604558,843.9027427701777,-0.09999999999999964
2022-11-23 03:00:00,5.21271038454254,1917.6258327135868,0.1499999999999999
2022-11-23 04:00:00,8.005043318680896,2944.855310859735,0.5
2022-11-23 05:00:00,10.45203958156133,3845.0440610668743,4.440892098500626e-16
2022-11-23 06:00:00,15.547804859345389,5719.648712631684,0.24999999999999956
2022-11-23 07:00:00,2.7769824754058763,1021.5824281399367,-0.24999999999999956
2022-11-23 08:00:00,2.8161464873341107,1035.989889028036,-0.10000000000000053
2022-11-23 09:00:00,2.2741114653446703,836.5887553136705,-0.20000000000000018
2022-11-23 10:00:00,1.9780025267332446,727.6576795219922,-0.09999999999999964
2022-11-23 11:00:00,1.6868562226741486,620.5522329162524,-0.04999999999999982
2022-11-23 12:00:00,2.9442680742579377,1083.122617817639,-0.20000000000000018
2022-11-23 13:00:00,2.650190529899284,974.9388411866989,0.0
2022-11-23 14:00:00,2.6429233956219607,972.2654441644288,-0.04999999999999982
2022-11-23 15:00:00,12.42436379580896,4570.612831383221,0.14999999999999947
2022-11-23 16:00:00,10.071238862324593,3704.9569964776597,0.6500000000000004
2022-11-23 17:00:00,4.917447293967387,1809.005923268252,0.25
2022-11-23 18:00:00,12.160875451322788,4473.682056655371,0.25
2022-11-23 19:00:00,2.455484605206339,903.3113991402819,-0.09999999999999964
2022-11-23 20:00:00,2.0766009265676075,763.9295658610587,-0.35000000000000053
2022-11-23 21:00:00,2.7164976319717518,999.3315663616081,-0.20000000000000018
2022-11-23 22:00:00,2.8105579401252694,1033.9340022235833,-0.19999999999999973
2022-11-23 23:00:00,1.9988865042243547,735.3403727415346,0.0
2022-11-24 00:00:00,2.073918948811293,762.9429332939543,-0.10000000000000009
2022-11-24 01:00:00,3.5225441989422457,1295.855947185879,-0.1499999999999999
2022-11-24 02:00:00,2.8487275376845513,1047.9756429257043,-0.050000000000000266
2022-11-24 03:00:00,1.8567970609613278,683.0692188011484,-0.04999999999999982
2022-11-24 04:00:00,6.274813177213558,2308.3468975674377,0.40000000000000036
2022-11-24 05:00:00,1.410172987193262,518.7673876637214,0.2999999999999998
2022-11-24 06:00:00,10.994528499727803,4044.6121718373656,0.20000000000000018
2022-11-24 07:00:00,3.42741392709782,1260.8598984311104,0.0
2022-11-24 08:00:00,2.7073076246006114,995.9507923999498,-0.30000000000000027
2022-11-24 09:00:00,2.724389539097399,1002.2348016954556,-0.10000000000000009
2022-11-24 10:00:00,3.422537913400995,1259.066134892391,-0.20000000000000018
2022-11-24 11:00:00,2.3343999782231615,858.7673919888456,-0.09999999999999964
2022-11-24 12:00:00,2.7683508823269873,1018.4070808360404,0.0
2022-11-24 13:00:00,2.7919992091787043,1027.1067090766157,-0.15000000000000036
2022-11-24 14:00:00,3.295807924683795,1212.4453402930512,-0.04999999999999982
2022-11-24 15:00:00,2.651910091158049,975.5714247847671,-0.04999999999999982
2022-11-24 16:00:00,10.70387383705811,3937.6875878077526,0.5
2022-11-24 17:00:00,5.4949379899005395,2021.450313034661,0.3999999999999999
2022-11-24 18:00:00,6.349167740018173,2335.700082359185,0.30000000000000027
2022-11-24 19:00:00,7.467173444521241,2746.986430903252,0.09999999999999964
2022-11-24 20:00:00,2.7550939728390786,1013.5301952581759,-0.14999999999999947
2022-11-24 21:00:00,3.0587089684420707,1125.2225617656268,-0.3000000000000007
2022-11-24 22:00:00,3.1972882356282604,1176.2024096817463,-0.1499999999999999
2022-11-24 23:00:00,4.578428367975967,1684.289335869159,-0.24999999999999956
2022-11-25 00:00:00,2.169201603292611,797.9950398112694,-0.050000000000000266
2022-11-25 01:00:00,2.696782728743204,992.078946336406,-0.050000000000000266
2022-11-25 02:00:00,3.6770374273032704,1352.6901435691907,-0.04999999999999982
2022-11-25 03:00:00,2.451673507708863,901.9093916483979,-0.1499999999999999
2022-11-25 04:00:00,2.4805011110767423,912.5143462373566,-0.04999999999999982
2022-11-25 05:00:00,7.097279680294429,2610.9117623883135,0.5499999999999998
2022-11-25 06:00:00,7.98028528950028,2935.747450874916,0.19999999999999973
2022-11-25 07:00:00,9.146880529208813,3364.908674682692,0.20000000000000018
2022-11-25 08:00:00,2.4718872722135785,909.3455302655701,-0.1499999999999999
2022-11-25 09:00:00,2.656537835814291,977.2738563501822,-0.3999999999999999
2022-11-25 10:00:00,3.479331364352552,1279.9590256611948,-0.04999999999999982
2022-11-25 11:00:00,2.7967349591384174,1028.8488730930453,-0.10000000000000053
2022-11-25 12:00:00,13.69116341770074,5036.63674228666,4.440892098500626e-16
2022-11-25 13:00:00,2.03614941311826,749.04846535088,-0.10000000000000009
2022-11-25 14:00:00,2.9178332084936356,1073.397891574596,-0.20000000000000018
2022-11-25 15:00:00,2.969749812807303,1092.4967123864867,0.0
2022-11-25 16:00:00,3.4329759008567957,1262.9060095276939,0.0
2022-11-25 17:00:00,13.113765959037455,4824.226652180903,0.7000000000000002
2022-11-25 18:00:00,5.339651541273231,1964.3243107458893,0.2999999999999998
2022-11-25 19:00:00,14.314761088127907,5266.042735295054,0.2999999999999998
2022-11-25 20:00:00,3.190312316717386,1173.6361435124084,0.0
2022-11-25 21:00:00,2.7149161493741634,998.7497784510203,-0.25
2022-11-25 22:00:00,2.6302424770609605,967.6004512488007,-0.25
2022-11-25 23:00:00,2.6694065088116026,982.0079194290682,-0.25
2022-11-26 00:00:00,3.739644994690999,1375.7219024219512,-0.14999999999999947
2022-11-26 01:00:00,4.2188597899696445,1552.0130452350827,-0.050000000000000266
2022-11-26 02:00:00,3.8926274008221755,1432.000305077458,-0.1499999999999999
2022-11-26 03:00:00,2.4622615356744206,905.8044624362275,-0.04999999999999982
2022-11-26 04:00:00,2.267205328599194,834.0481602584287,-0.10000000000000053
2022-11-26 05:00:00,11.093301674438614,4080.9483534841047,0.050000000000000266
2022-11-26 06:00:00,8.469141117983545,3115.5852887781966,0.5500000000000003
2022-11-26 07:00:00,2.769152920609292,1018.7021306691432,0.0
2022-11-26 08:00:00,11.456670682801086,4214.62272743545,0.34999999999999964
2022-11-26 09:00:00,3.194665672684099,1175.237634338663,-0.2999999999999998
2022-11-26 10:00:00,3.083327174030387,1134.2789841464287,-0.1499999999999999
2022-11-26 11:00:00,3.101935149595032,1141.1243931572724,-0.10000000000000009
2022-11-26 12:00:00,3.8306226527747045,1409.1903083894947,-0.04999999999999982
2022-11-26 13:00:00,2.8457003117773354,1046.8620021950874,-0.15000000000000036
2022-11-26 14:00:00,2.879260796918416,1059.2080656663622,-0.09999999999999964
2022-11-26 15:00:00,3.543009679104418,1303.3846857005378,-0.10000000000000053
2022-11-26 16:00:00,2.6700504966772094,982.2448264651284,-0.1999999999999993
2022-11-26 17:00:00,9.957297214217125,3663.0407126801247,0.49999999999999956
2022-11-26 18:00:00,18.642868871624202,6858.245386148753,0.6000000000000001
2022-11-26 19:00:00,6.292427052385176,2314.8266018961967,0.2999999999999998
2022-11-26 20:00:00,13.192428261905286,4853.164546848408,0.2999999999999998
2022-11-26 21:00:00,2.78209791594555,1023.464270828469,-0.09999999999999964
2022-11-26 22:00:00,2.2582951025765325,830.770310860342,-0.34999999999999964
2022-11-26 23:00:00,3.8858920026696504,1429.5225204820977,-0.3000000000000007
2022-11-27 00:00:00,3.2176284409294875,1183.6850627069352,-0.19999999999999973
2022-11-27 01:00:00,2.2510474020311033,828.1040630221921,-0.1499999999999999
2022-11-27 02:00:00,3.020408013915935,1111.1325981193245,-0.10000000000000009
2022-11-27 03:00:00,2.4848649912160585,914.1197086436074,-0.10000000000000009
2022-11-27 04:00:00,1.7523914507387552,644.6610049405195,0.0
2022-11-27 05:00:00,3.6438312439166802,1340.4744188558489,0.0
2022-11-27 06:00:00,5.768914835545127,2122.2395451261636,0.25
2022-11-27 07:00:00,8.10118898575151,2980.224898133337,0.2999999999999998
2022-11-27 08:00:00,12.425427441845532,4571.004120168925,0.15000000000000036
2022-11-27 09:00:00,0.0,0.0,0.04999999999999982
2022-11-27 10:00:00,3.3413552378676417,1229.2010581305587,-0.39999999999999947
2022-11-27 11:00:00,2.607106489441662,959.0892998033512,-0.05000000000000071
2022-11-27 12:00:00,2.575494385166097,947.459996942978,-0.09999999999999964
2022-11-27 13:00:00,2.712764519942813,997.9582477739624,-0.04999999999999982
2022-11-27 14:00:00,2.8561225498172975,1050.6960830140383,-0.10000000000000009
2022-11-27 15:00:00,3.7233665877173032,1369.733483456503,-0.050000000000000266
2022-11-27 16:00:00,2.525083388001008,928.9150513608708,-0.09999999999999964
2022-11-27 17:00:00,3.6428891664319725,1340.1278521011618,-0.050000000000000266
2022-11-27 18:00:00,0.0,0.0,0.4500000000000002
2022-11-27 19:00:00,14.413235968341866,5302.269181853764,0.3500000000000001
2022-11-27 20:00:00,6.192521613411285,2278.0738885336764,0.2999999999999998
2022-11-27 21:00:00,11.300704753313425,4157.246761125176,0.15000000000000036
2022-11-27 22:00:00,3.378234074848028,1242.7678602847184,-0.20000000000000018
2022-11-27 23:00:00,2.37023342704364,871.949621973679,-0.40000000000000036
2022-11-28 00:00:00,2.9398635030644105,1081.50228618982,-0.1499999999999999
2022-11-28 01:00:00,2.2413174126972297,824.5246431959935,-0.1499999999999999
2022-11-28 02:00:00,2.946321995741365,1083.8782041833547,-0.04999999999999982
2022-11-28 03:00:00,3.05478172838105,1123.7778283281787,-0.050000000000000266
2022-11-28 04:00:00,2.6075969019355196,959.2697102995293,-0.10000000000000009
2022-11-28 05:00:00,3.1854208896446896,1171.8367097780401,-0.09999999999999964
2022-11-28 06:00:00,2.6046903575043534,958.2004652669141,-0.10000000000000053
2022-11-28 07:00:00,8.91719889579248,3280.4145437896577,0.4500000000000002
2022-11-28 08:00:00,8.731871549574349,3212.2372462996636,0.20000000000000018
2022-11-28 09:00:00,8.679306813071188,3192.8999938585634,0.04999999999999982
2022-11-28 10:00:00,4.011866060101905,1475.865226859988,0.10000000000000009
2022-11-28 11:00:00,1.7930674936389992,659.6247042224468,-0.19999999999999973
2022-11-28 12:00:00,3.7626812725018457,1384.1963731216165,-0.050000000000000266
2022-11-28 13:00:00,2.7835981087246555,1024.0161542470828,-0.19999999999999973
2022-11-28 14:00:00,2.6370948882204748,970.1212820041073,-0.10000000000000009
2022-11-28 15:00:00,2.9838023075091247,1097.6662738749194,-0.10000000000000009
2022-11-28 16:00:00,2.6617855590268813,979.2043625270137,-0.04999999999999982
2022-11-28 17:00:00,2.7639137085946692,1016.7747555492639,-0.050000000000000266
2022-11-28 18:00:00,2.8280486790658697,1040.3684078113567,0.0
2022-11-28 19:00:00,11.32482703271396,4166.120744659648,0.6000000000000001
2022-11-28 20:00:00,7.945015170302781,2922.7724557751358,0.25
2022-11-28 21:00:00,12.501199416150504,4598.878735216366,0.25
2022-11-28 22:00:00,11.221488436450535,4128.105058559241,0.04999999999999982
2022-11-28 23:00:00,3.8524522471352527,1417.2208704148811,-0.14999999999999947
2022-11-29 00:00:00,3.366159602303472,1238.3259636973899,-0.25000000000000044
2022-11-29 01:00:00,3.297634297104495,1213.1172170473162,-0.20000000000000018
2022-11-29 02:00:00,3.0303411724863007,1114.786758828398,-0.1499999999999999
2022-11-29 03:00:00,3.165585325000523,1164.5397014345672,-0.09999999999999964
2022-11-29 04:00:00,3.073673237187217,1130.7275421302472,-0.10000000000000009
2022-11-29 05:00:00,2.967709611648581,1091.7461733852215,-0.050000000000000266
2022-11-29 06:00:00,2.4515870513285023,901.8775865074728,-0.09999999999999964
2022-11-29 07:00:00,1.3458759697147933,495.11412235882955,-0.050000000000000266
2022-11-29 08:00:00,12.620883843466713,4642.907643915317,0.25
2022-11-29 09:00:00,5.905608936354033,2172.5258874612396,0.30000000000000027
2022-11-29 10:00:00,4.952461949296987,1821.8869395976292,0.1499999999999999
2022-11-29 11:00:00,7.761659588592358,2855.3205211534137,0.04999999999999982
2022-11-29 12:00:00,2.5732148049790613,946.6213963816721,-0.10000000000000009
2022-11-29 13:00:00,2.3851868505678406,877.4506126526444,-0.1499999999999999
2022-11-29 14:00:00,2.597586568843406,955.5871590132681,-0.1499999999999999
2022-11-29 15:00:00,3.793687838282862,1395.602913508308,-0.04999999999999982
2022-11-29 16:00:00,3.098656321872721,1139.9181944089273,-0.050000000000000266
2022-11-29 17:00:00,1.2628240891630809,464.56141180086837,-0.10000000000000009
2022-11-29 18:00:00,3.0607820693176375,1125.985203750226,-0.04999999999999982
2022-11-29 19:00:00,14.551265225395625,5353.046694792415,0.20000000000000018
2022-11-29 20:00:00,6.1105347664989,2247.912977225783,0.44999999999999973
2022-11-29 21:00:00,10.445670588784248,3842.7010678490055,0.19999999999999973
2022-11-29 22:00:00,9.125343321325905,3356.9856743327673,0.3000000000000007
2022-11-29 23:00:00,5.258475611712178,1934.4617156586173,0.04999999999999982
2022-11-30 00:00:00,3.095644639272608,1138.8102716724106,0.0
2022-11-30 01:00:00,3.069190857905347,1129.0785868519297,-0.2999999999999998
2022-11-30 02:00:00,2.754439028956355,1013.289257777319,-0.20000000000000018
2022-11-30 03:00:00,3.6942785606683834,1359.032725505882,-0.20000000000000018
2022-11-30 04:00:00,2.5897365866315436,952.699346807079,-0.10000000000000009
2022-11-30 05:00:00,3.0576232474386527,1124.8231521514942,-0.10000000000000009
2022-11-30 06:00:00,3.0475926730918914,1121.1331546136796,-0.04999999999999982
2022-11-30 07:00:00,3.687731789197413,1356.6243319509986,-0.050000000000000266
2022-11-30 08:00:00,3.4427398180842865,1266.497910577757,-0.04999999999999982
2022-11-30 09:00:00,7.497879160060828,2758.2822960073768,0.10000000000000009
2022-11-30 10:00:00,11.910745397710123,4381.665463182611,0.2999999999999998
2022-11-30 11:00:00,8.295332729527562,3051.6455278749513,0.04999999999999982
2022-11-30 12:00:00,9.64475969185059,3548.0659716395357,0.050000000000000266
2022-11-30 13:00:00,3.22400042825158,1186.02915754305,-0.1499999999999999
2022-11-30 14:00:00,1.5655706765955348,575.9343126525823,-0.15000000000000036
2022-11-30 15:00:00,2.102702848424021,773.5318103639869,-0.09999999999999964
2022-11-30 16:00:00,2.998486019231169,1103.0680443246663,-0.04999999999999982
2022-11-30 17:00:00,2.4653547236347944,906.9423689571499,-0.050000000000000266
2022-11-30 18:00:00,4.280278012664657,1574.607273909011,-0.10000000000000009
2022-11-30 19:00:00,3.3858795887446065,1245.580453709422,0.0
2022-11-30 20:00:00,3.0059484102143723,1105.813271407612,-0.04999999999999982
2022-11-30 21:00:00,3.5406800318619105,1302.5276667212004,0.25
2022-11-30 22:00:00,15.277239512717712,5620.114485741028,0.25
2022-11-30 23:00:00,15.016498977946487,5524.194561512064,0.1499999999999999
2022-12-01 00:00:00,9.31520720468877,3426.831850424881,0.10000000000000009
2022-12-01 01:00:00,3.166916849692089,1165.0295360804773,-0.050000000000000266
2022-12-01 02:00:00,3.0927093590037984,1137.7304554435223,-0.25
2022-12-01 03:00:00,2.0242094404920095,744.656047920998,-0.10000000000000009
2022-12-01 04:00:00,2.8069465829696973,1032.6054742099775,-0.09999999999999964
2022-12-01 05:00:00,3.054252373282694,1123.5830918213712,-0.10000000000000009
2022-12-01 06:00:00,1.950235752981584,717.4429776281002,-0.10000000000000009
2022-12-01 07:00:00,3.069182943190586,1129.0756752262369,-0.04999999999999982
2022-12-01 08:00:00,2.7238017963782397,1002.0185858426449,-0.20000000000000018
2022-12-01 09:00:00,3.9561453946937477,1455.3669870729625,0.0
2022-12-01 10:00:00,3.6355250348099277,1337.418772180702,0.0
2022-12-01 11:00:00,7.599062021624505,2795.5049412051144,0.30000000000000027
2022-12-01 12:00:00,11.196116654173446,4118.771414154056,0.1499999999999999
2022-12-01 13:00:00,13.148640701467594,4837.056198052391,0.04999999999999982
2022-12-01 14:00:00,2.5789053269290023,948.7147971440068,-0.04999999999999982
2022-12-01 15:00:00,3.332976433962108,1226.1187056438105,-0.20000000000000018
2022-12-01 16:00:00,3.9848784602156386,1465.9371635518282,0.0
2022-12-01 17:00:00,3.0715718704276527,1129.9545018335727,-0.09999999999999964
2022-12-01 18:00:00,2.931791952321186,1078.532964460156,-0.10000000000000009
2022-12-01 19:00:00,2.692487251938555,990.498747806896,0.0
2022-12-01 20:00:00,2.0655226687562656,759.8541517687112,-0.050000000000000266
2022-12-01 21:00:00,11.963041838284427,4400.9040162588835,0.050000000000000266
2022-12-01 22:00:00,7.626369493220984,2805.550677318669,0.25
2022-12-01 23:00:00,12.792168676068977,4705.919051708875,0.25
2022-12-02 00:00:00,9.454199942094373,3477.9638036979673,0.19999999999999973
2022-12-02 01:00:00,3.582902361337602,1318.0602061770703,0.0
2022-12-02 02:00:00,7.33595136230754,2698.7131074088866,0.04999999999999982
2022-12-02 03:00:00,3.753682193204852,1380.885836825235,-0.19999999999999973
2022-12-02 04:00:00,3.718311531750095,1367.8738547425662,-0.10000000000000009
2022-12-02 05:00:00,3.102725612006532,1141.4151845169029,-0.1499999999999999
2022-12-02 06:00:00,3.8788316816235895,1426.925204877278,-0.10000000000000009
2022-12-02 07:00:00,3.1394652573975605,1154.9307815651277,0.0
2022-12-02 08:00:00,3.5718138708499563,1313.9810277389274,-0.10000000000000009
2022-12-02 09:00:00,3.786321658265483,1392.8930800344147,-0.04999999999999982
2022-12-02 10:00:00,1.820803203090561,669.8279783369402,-0.10000000000000009
2022-12-02 11:00:00,6.306468000599918,2319.991915720695,0.20000000000000018
2022-12-02 12:00:00,11.999077718848893,4414.1607158215365,0.25
2022-12-02 13:00:00,12.74850617345555,4689.856708559961,0.19999999999999973
2022-12-02 14:00:00,11.767047114423884,4328.802457218687,0.10000000000000009
2022-12-02 15:00:00,2.51624884562313,925.6650440836088,-0.04999999999999982
2022-12-02 16:00:00,2.8572560643130003,1051.113074659145,-0.050000000000000266
2022-12-02 17:00:00,2.9802037334304727,1096.3424484357352,-0.1499999999999999
2022-12-02 18:00:00,2.4525203251997496,902.2209146328578,-0.10000000000000009
2022-12-02 19:00:00,2.743417294476664,1009.2346372056028,-0.10000000000000009
2022-12-02 20:00:00,2.175033250985021,800.1403572061146,0.0
2022-12-02 21:00:00,3.425495844783147,1260.1542838996002,-0.09999999999999964
2022-12-02 22:00:00,2.2279795215725455,819.6179664985002,-0.04999999999999982
2022-12-02 23:00:00,8.322989497216197,3061.8197612884082,0.04999999999999982
2022-12-03 00:00:00,12.350859611045907,4543.572479413513,0.2999999999999998
2022-12-03 01:00:00,13.583324440772865,4996.965478649317,0.15000000000000036
2022-12-03 02:00:00,14.037472529603576,5164.035206827916,0.1499999999999999
2022-12-03 03:00:00,2.7585076448425863,1014.7859998464664,-0.050000000000000266
2022-12-03 04:00:00,2.7595672952863803,1015.1758187534772,-0.09999999999999964
2022-12-03 05:00:00,2.8779947225895266,1058.742308572622,-0.15000000000000036
2022-12-03 06:00:00,2.9167506519825004,1072.9996460980622,-0.1499999999999999
2022-12-03 07:00:00,2.9603840489972533,1089.0512820248646,-0.04999999999999982
2022-12-03 08:00:00,3.1581343927722263,1161.7986897410829,-0.10000000000000009
2022-12-03 09:00:00,2.1918977299524816,806.3443774062692,-0.04999999999999982
2022-12-03 10:00:00,2.1222151713499526,780.7099061603637,-0.10000000000000009
2022-12-03 11:00:00,3.5017827897081464,1288.2183437638844,-0.1499999999999999
2022-12-03 12:00:00,15.983481776609096,5879.923358570072,0.09999999999999964
2022-12-03 13:00:00,16.414476709383845,6038.475619464581,0.2999999999999998
2022-12-03 14:00:00,9.270282556472074,3410.3051954621646,0.30000000000000027
2022-12-03 15:00:00,4.827981127612087,1776.0935573202964,0.10000000000000009
2022-12-03 16:00:00,3.2860549305737674,1208.8574575848247,0.0
2022-12-03 17:00:00,3.2872511245451563,1209.2975074420494,-0.10000000000000009
2022-12-03 18:00:00,3.2963324103575347,1212.6382854602782,-0.10000000000000009
2022-12-03 19:00:00,2.871996820600681,1056.5358303784753,-0.1499999999999999
2022-12-03 20:00:00,3.0684706242238113,1128.8136308863345,-0.10000000000000009
2022-12-03 21:00:00,2.231588030535596,820.9454467332824,-0.09999999999999964
2022-12-03 22:00:00,2.428900620298375,893.5318156922647,0.0
2022-12-03 23:00:00,2.717737647683893,999.787737141712,-0.050000000000000266
2022-12-04 00:00:00,2.326312055191294,855.7920473034973,0.0
2022-12-04 01:00:00,18.77165218454211,6905.621547388429,0.3500000000000001
2022-12-04 02:00:00,14.40892744248497,5300.684182904158,0.25
2022-12-04 03:00:00,10.116509167206182,3721.610809885974,0.10000000000000009
2022-12-04 04:00:00,15.023542358860324,5526.7856452657425,0.1499999999999999
2022-12-04 05:00:00,1.4409624193134634,530.0940500049404,-0.1499999999999999
2022-12-04 06:00:00,3.510888709087317,1291.568183855497,-0.20000000000000018
2022-12-04 07:00:00,3.6929241522803653,1358.5344725201392,-0.1499999999999999
2022-12-04 08:00:00,0.9495123806770072,349.301867041554,-0.10000000000000009
2022-12-04 09:00:00,4.20102524764916,1545.452162978935,-0.10000000000000009
2022-12-04 10:00:00,1.9594552547104964,720.834601826624,0.0
2022-12-04 11:00:00,3.666167700303185,1348.6914427490344,-0.04999999999999982
2022-12-04 12:00:00,2.1682608985472624,797.6489780530741,-0.10000000000000009
2022-12-04 13:00:00,6.394243067701811,2352.2821685308036,0.25
2022-12-04 14:00:00,10.04332399795153,3694.6878157464193,0.4500000000000002
2022-12-04 15:00:00,15.073528686218793,5545.174365442738,0.1499999999999999
2022-12-04 16:00:00,13.81774871830478,5083.204309746371,0.04999999999999982
2022-12-04 17:00:00,10.380304245244043,3818.6544242191526,0.04999999999999982
2022-12-04 18:00:00,4.043666854720191,1487.5639441801898,-0.14999999999999947
2022-12-04 19:00:00,3.9583362384697622,1456.1729437270637,-0.10000000000000053
2022-12-04 20:00:00,2.951987677680437,1085.9624669266907,-0.1499999999999999
2022-12-04 21:00:00,2.5714675142807057,945.9786118160148,-0.1499999999999999
2022-12-04 22:00:00,4.126278370679988,1517.9546556139007,-0.1499999999999999
2022-12-04 23:00:00,7.759663307424891,2854.5861392189317,0.04999999999999982
2022-12-05 00:00:00,2.7624353013750675,1016.2308864933531,-0.1499999999999999
2022-12-05 01:00:00,3.0972999724679653,1139.4192273716528,0.0
2022-12-05 02:00:00,8.185824075844947,3011.3600319014595,0.3500000000000001
2022-12-05 03:00:00,19.389663083347642,7132.972306786513,0.2999999999999998
2022-12-05 04:00:00,8.924646204185024,3283.154222364566,0.1499999999999999
2022-12-05 05:00:00,3.0597051403145628,1125.5890284932198,-0.04999999999999982
2022-12-05 06:00:00,2.7480076451950466,1010.9233124761276,-0.19999999999999973
2022-12-05 07:00:00,2.989508891830356,1099.7655835820924,-0.1499999999999999
2022-12-05 08:00:00,3.2572688837456356,1198.2677906079257,-0.15000000000000036
2022-12-05 09:00:00,3.568637419540469,1312.81249071345,-0.04999999999999982
2022-12-05 10:00:00,3.3990431482423653,1250.4229981596604,-0.10000000000000009
2022-12-05 11:00:00,3.21619360357009,1183.1572219133468,-0.1499999999999999
2022-12-05 12:00:00,2.54644019549988,936.7716869195183,0.0
2022-12-05 13:00:00,3.1675619401255424,1165.266848723684,-0.04999999999999982
2022-12-05 14:00:00,12.225945653388914,4497.619757240447,0.14999999999999947
2022-12-05 15:00:00,12.696140770749569,4670.592786039498,0.4500000000000002
2022-12-05 16:00:00,2.9573197854931546,1087.924016088294,0.0
2022-12-05 17:00:00,11.488651621947454,4226.38771542392,0.25
2022-12-05 18:00:00,2.179698849430233,801.856714234147,-0.09999999999999964
2022-12-05 19:00:00,2.882410454545404,1060.3667459658907,-0.15000000000000036
2022-12-05 20:00:00,3.3201647177928004,1221.4055955580263,-0.1499999999999999
2022-12-05 21:00:00,2.573081421053466,946.5723277700437,-0.10000000000000009
2022-12-05 22:00:00,3.98570877042408,1466.2426139197582,-0.04999999999999982
2022-12-05 23:00:00,2.7558963633408373,1013.8253746640106,-0.10000000000000009
2022-12-06 00:00:00,3.2391922168231746,1191.6178367638254,-0.10000000000000009
2022-12-06 01:00:00,3.9623031037090075,1457.6322542769512,-0.04999999999999982
2022-12-06 02:00:00,2.9469310079682636,1084.1022445563249,0.0
2022-12-06 03:00:00,16.761492292890434,6166.133977247069,0.34999999999999964
2022-12-06 04:00:00,4.494932217278159,1653.5731894312028,0.25000000000000044
2022-12-06 05:00:00,8.11522208682569,2985.3873251910013,0.10000000000000009
2022-12-06 06:00:00,3.6753342472901114,1352.0635862218498,-0.050000000000000266
2022-12-06 07:00:00,3.0150921468546694,1109.1770235241615,-0.1499999999999999
2022-12-06 08:00:00,3.672041375165553,1350.8522208890279,-0.1499999999999999
2022-12-06 09:00:00,2.3570665633659234,867.1058619982391,-0.10000000000000009
2022-12-06 10:00:00,3.142490436973702,1156.0436695017006,-0.10000000000000009
2022-12-06 11:00:00,3.95814738689254,1456.103469953093,-0.10000000000000009
2022-12-06 12:00:00,2.6203900187555593,963.9759781497015,-0.04999999999999982
2022-12-06 13:00:00,3.59875933666812,1323.8935909767847,-0.10000000000000009
2022-12-06 14:00:00,3.0041617578710778,1105.156006676823,0.0
2022-12-06 15:00:00,14.3756775835554,5288.452391050443,0.4500000000000002
2022-12-06 16:00:00,7.382761363891773,2715.933336741686,0.2999999999999998
2022-12-06 17:00:00,12.448308348667224,4579.421433765954,0.19999999999999973
2022-12-06 18:00:00,2.917296053150876,1073.2002855528785,-0.04999999999999982
2022-12-06 19:00:00,2.413715132086771,887.9454542164209,-0.1499999999999999
2022-12-06 20:00:00,2.8490505471396834,1048.094470029011,-0.19999999999999973
2022-12-06 21:00:00,2.54786829035959,937.297047316034,-0.15000000000000036
2022-12-06 22:00:00,2.6257848359949465,965.9605965416409,-0.09999999999999964
2022-12-06 23:00:00,2.2772188538002927,837.7318858417826,-0.10000000000000053
2022-12-07 00:00:00,3.2985952446968394,1213.4707256428499,-0.04999999999999982
2022-12-07 01:00:00,3.249706138997921,1195.4856458838601,0.0
2022-12-07 02:00:00,1.8179762311493122,668.7880060340533,-0.04999999999999982
2022-12-07 03:00:00,1.767825030331109,650.3386330330567,0.0
2022-12-07 04:00:00,10.351973750049163,3808.2323432993367,0.34999999999999964
2022-12-07 05:00:00,2.876997175589706,1058.3753359700631,0.20000000000000018
2022-12-07 06:00:00,12.539955059083075,4613.135967360186,0.15000000000000036
2022-12-07 07:00:00,3.7781618168455133,1389.8912783720432,-0.10000000000000009
2022-12-07 08:00:00,3.0903709589001442,1136.8702165053908,-0.1499999999999999
2022-12-07 09:00:00,3.7811307886018355,1390.9834888569003,-0.15000000000000036
2022-12-07 10:00:00,3.635773706886829,1337.5102524209922,-0.1499999999999999
2022-12-07 11:00:00,1.9601937416495894,721.1062727093428,-0.050000000000000266
2022-12-07 12:00:00,3.61896550710205,1331.3269359251665,-0.04999999999999982
2022-12-07 13:00:00,3.231092577429118,1188.6381819217368,-0.20000000000000018
2022-12-07 14:00:00,14.620592977943723,5378.550641761046,0.050000000000000266
2022-12-07 15:00:00,6.244617794524875,2297.2387711608385,0.050000000000000266
2022-12-07 16:00:00,14.428483758813309,5307.878462773446,0.5
2022-12-07 17:00:00,4.816006836127377,1771.6885148403587,0.14999999999999947
2022-12-07 18:00:00,7.113386002879131,2616.83687580916,0.3000000000000007
2022-12-07 19:00:00,2.23684182561641,822.8781865986368,-0.05000000000000071
2022-12-07 20:00:00,3.735992718575789,1374.378321346068,-0.2999999999999998
2022-12-07 21:00:00,3.1513868503024036,1159.3164375549966,-0.04999999999999982
2022-12-07 22:00:00,2.9899963377681296,1099.9449027564506,-0.1499999999999999
2022-12-07 23:00:00,2.7694865028804343,1018.8248472471396,-0.10000000000000009
2022-12-08 00:00:00,2.2329046626060016,821.4298027561829,-0.04999999999999982
2022-12-08 01:00:00,3.8175680288329987,1404.3878386069396,-0.050000000000000266
2022-12-08 02:00:00,2.719595598761928,1000.4712308945443,-0.1499999999999999
2022-12-08 03:00:00,2.798449742499405,1029.4796990219686,-0.04999999999999982
2022-12-08 04:00:00,15.775197162463678,5803.300656141326,0.1499999999999999
2022-12-08 05:00:00,6.408642325000151,2357.5792953094306,0.3999999999999999
2022-12-08 06:00:00,9.553370631414637,3514.44622103166,0.1499999999999999
2022-12-08 07:00:00,6.2518592417355,2299.902718553447,0.050000000000000266
2022-12-08 08:00:00,3.1583747777042945,1161.8871213479674,-0.20000000000000018
2022-12-08 09:00:00,3.008285852179486,1106.6731578705283,-0.10000000000000009
2022-12-08 10:00:00,2.7826507509958294,1023.6676450225906,-0.1499999999999999
2022-12-08 11:00:00,2.489295686552062,915.7496506903399,-0.04999999999999982
2022-12-08 12:00:00,2.3565097106160797,866.9010097928904,-0.10000000000000009
2022-12-08 13:00:00,3.355355210482861,1234.3512980563821,-0.10000000000000009
2022-12-08 14:00:00,4.000565263536931,1471.7079463236487,-0.10000000000000009
2022-12-08 15:00:00,5.6052755968220715,2062.0407601809193,0.04999999999999982
2022-12-08 16:00:00,12.306014268587651,4527.074999056682,0.25000000000000044
2022-12-08 17:00:00,14.246697506105434,5241.003845058538,0.5
2022-12-08 18:00:00,9.119421027266805,3354.8070104057756,0.14999999999999947
2022-12-08 19:00:00,10.841391609655304,3988.2769384019443,0.20000000000000018
2022-12-08 20:00:00,3.7802499416845965,1390.6594472972208,-0.20000000000000018
2022-12-08 21:00:00,1.9622958045803243,721.8795691099866,-0.34999999999999964
2022-12-08 22:00:00,2.734079977852644,1005.7996718525413,-0.04999999999999982
2022-12-08 23:00:00,3.249977274422242,1195.5853898280825,-0.10000000000000009
2022-12-09 00:00:00,3.275663285478848,1205.0346311455312,-0.050000000000000266
2022-12-09 01:00:00,3.5079203851965235,1290.476211704171,-0.10000000000000009
2022-12-09 02:00:00,2.9652848171631243,1090.8541521138843,-0.10000000000000009
2022-12-09 03:00:00,1.872094720559195,688.6968453257138,-0.19999999999999973
2022-12-09 04:00:00,10.788872531825348,3968.9564826452497,0.1499999999999999
2022-12-09 05:00:00,11.577133842094517,4258.93811216052,0.3500000000000001
2022-12-09 06:00:00,4.659266949412773,1714.027829015224,0.20000000000000018
2022-12-09 07:00:00,11.324383654840169,4165.957637024327,0.10000000000000009
2022-12-09 08:00:00,3.1657853986452444,1164.6133035266193,0.0
2022-12-09 09:00:00,3.355955554634846,1234.572149661294,-0.20000000000000018
2022-12-09 10:00:00,2.026854394829554,745.6290604979222,-0.1499999999999999
2022-12-09 11:00:00,3.403592703931044,1252.0966659586327,-0.10000000000000009
2022-12-09 12:00:00,3.4661815670530887,1275.121543979655,-0.04999999999999982
2022-12-09 13:00:00,3.172130802171244,1166.9476188487463,-0.10000000000000009
2022-12-09 14:00:00,3.534904843361836,1300.4031192517352,-0.1499999999999999
2022-12-09 15:00:00,2.6488948017169456,974.4621751816213,0.0
2022-12-09 16:00:00,13.332987769305669,4904.872875633323,0.04999999999999982
2022-12-09 17:00:00,10.1445101473604,3731.9116704602075,0.6000000000000001
2022-12-09 18:00:00,11.128242728003407,4093.802293564253,0.19999999999999973
2022-12-09 19:00:00,10.377498499946867,3817.622260667955,0.15000000000000036
2022-12-09 20:00:00,3.0673917573436125,1128.4167427327814,0.0
2022-12-09 21:00:00,2.2602659864893377,831.495349779765,-0.15000000000000036
2022-12-09 22:00:00,2.8440329241242104,1046.2486119621938,-0.1499999999999999
2022-12-09 23:00:00,2.272092088259835,835.8458769685868,-0.1499999999999999
2022-12-10 00:00:00,2.727254820649028,1003.288867146261,-0.1499999999999999
2022-12-10 01:00:00,2.4133718467553305,887.8191681251172,-0.10000000000000009
2022-12-10 02:00:00,4.099997071637416,1508.2864227286148,-0.10000000000000009
2022-12-10 03:00:00,3.8513354290007644,1416.8100209436564,-0.04999999999999982
2022-12-10 04:00:00,3.2745421278819054,1204.622185294556,-0.050000000000000266
2022-12-10 05:00:00,11.029959167797347,4057.646228853449,0.10000000000000009
2022-12-10 06:00:00,8.125473055426509,2989.1584002650266,0.3999999999999999
2022-12-10 07:00:00,6.219550547662471,2288.0171577213314,0.15000000000000036
2022-12-10 08:00:00,2.06741235408606,760.5493197594093,0.04999999999999982
2022-12-10 09:00:00,3.750874308916047,1379.8528863924907,-0.20000000000000018
2022-12-10 10:00:00,2.210055058097179,813.0240044974997,-0.09999999999999964
2022-12-10 11:00:00,3.0941987218943723,1138.2783548168923,-0.10000000000000053
2022-12-10 12:00:00,1.7588061792078742,647.0208231760967,-0.19999999999999973
2022-12-10 13:00:00,3.452939595156238,1270.250153568101,-0.10000000000000009
2022-12-10 14:00:00,2.961720771543331,1089.5430288315029,0.0
2022-12-10 15:00:00,3.7771332327876834,1389.512888011769,-0.1499999999999999
2022-12-10 16:00:00,3.6048181444594207,1326.1224748930097,0.0
2022-12-10 17:00:00,15.639613426396032,5753.42278923544,0.25
2022-12-10 18:00:00,9.349220518689753,3439.3444983129925,0.44999999999999973
2022-12-10 19:00:00,5.727134616228259,2106.8696469449706,0.20000000000000018
2022-12-10 20:00:00,9.50671912361801,3497.284297600976,0.14999999999999947
2022-12-10 21:00:00,2.5823560547625894,949.9842336457876,-0.09999999999999964
2022-12-10 22:00:00,2.382673118504584,876.5258734698739,-0.24999999999999956
2022-12-10 23:00:00,3.665765533152056,1348.5434955083128,-0.1499999999999999
2022-12-11 00:00:00,2.2310625022034465,820.752117998093,-0.20000000000000018
2022-12-11 01:00:00,2.8002293567738374,1030.1343746231753,0.0
2022-12-11 02:00:00,3.297826707462597,1213.188000007803,-0.15000000000000036
2022-12-11 03:00:00,3.0427388843906074,1119.3475670951948,-0.04999999999999982
2022-12-11 04:00:00,2.9712802832993104,1093.0597342187339,-0.09999999999999964
2022-12-11 05:00:00,3.065519916795451,1127.7281393911267,0.0
2022-12-11 06:00:00,6.639736608974781,2442.5931050265976,0.2999999999999998
2022-12-11 07:00:00,9.050320898818763,3329.386800652952,0.3500000000000001
2022-12-11 08:00:00,6.1957967353512835,2279.2787240173534,0.10000000000000009
2022-12-11 09:00:00,3.202152076226829,1177.9916950419447,-0.25
2022-12-11 10:00:00,2.5453072280849116,936.3548965317367,-0.15000000000000036
2022-12-11 11:00:00,3.0499496614944754,1122.0002317222802,-0.04999999999999982
2022-12-11 12:00:00,3.298465045373213,1213.422828566671,-0.10000000000000009
2022-12-11 13:00:00,3.1054186203628404,1142.4058749659798,-0.10000000000000009
2022-12-11 14:00:00,2.683751919648799,987.2852374408019,0.0
2022-12-11 15:00:00,3.127944440737712,1150.6925611363858,-0.04999999999999982
2022-12-11 16:00:00,3.267473089499693,1202.0216627996995,-0.04999999999999982
2022-12-11 17:00:00,9.9546864210795,3662.080267154622,0.09999999999999964
2022-12-11 18:00:00,10.179055554340655,3744.6200620530685,0.5
2022-12-11 19:00:00,7.117395662472571,2618.311929332097,0.25
2022-12-11 20:00:00,7.108330125001041,2614.976944734758,0.25
2022-12-11 21:00:00,2.2309790562831107,820.7214203301494,-0.04999999999999982
2022-12-11 22:00:00,3.2223764322559334,1185.4317300161515,-0.2999999999999998
2022-12-11 23:00:00,2.992154347114907,1100.7387804448963,-0.20000000000000018
2022-12-12 00:00:00,2.6665533941148243,980.958329859991,-0.15000000000000036
2022-12-12 01:00:00,3.7324927513273014,1373.0907708945308,-0.09999999999999964
2022-12-12 02:00:00,8.223383959478118,3025.1773740930134,0.04999999999999982
2022-12-12 03:00:00,2.9274279230961486,1076.9275472089955,-0.1499999999999999
2022-12-12 04:00:00,2.6013412504599573,956.9684125129569,-0.10000000000000009
2022-12-12 05:00:00,3.6008038205866892,1324.6457054983284,-0.09999999999999964
2022-12-12 06:00:00,9.74533039873548,3585.0634204348144,0.09999999999999964
2022-12-12 07:00:00,8.236506754042592,3030.0049221434183,0.3500000000000001
2022-12-12 08:00:00,11.246841289918208,4137.431739528661,0.20000000000000018
2022-12-12 09:00:00,1.8371678502625315,675.8481229153289,-0.1499999999999999
2022-12-12 10:00:00,2.1963447991231444,807.9803429774267,-0.050000000000000266
2022-12-12 11:00:00,2.972050086736928,1093.3429256583474,-0.10000000000000009
2022-12-12 12:00:00,2.013059727014874,740.5543470755968,-0.09999999999999964
2022-12-12 13:00:00,3.285929260252537,1208.8112266154021,-0.10000000000000053
2022-12-12 14:00:00,2.516772456958392,925.8576676035683,-0.09999999999999964
2022-12-12 15:00:00,2.702850941785854,994.3112902094709,-0.04999999999999982
2022-12-12 16:00:00,2.603286776729644,957.6841229894177,-0.10000000000000053
2022-12-12 17:00:00,2.622322902924975,964.6870379135252,-0.04999999999999982
2022-12-12 18:00:00,10.560867061080316,3885.0789700949217,0.25
2022-12-12 19:00:00,10.278628910252975,3781.2506103593128,0.40000000000000036
2022-12-12 20:00:00,3.2276492654608564,1187.3714735314124,0.0
2022-12-12 21:00:00,14.24553779278059,5240.57721551916,0.2999999999999998
2022-12-12 22:00:00,3.444127230635889,1267.0083049701777,-0.15000000000000036
2022-12-12 23:00:00,3.064055018576471,1127.1892399588191,-0.14999999999999947
2022-12-13 00:00:00,2.703179658114114,994.4322167287297,-0.15000000000000036
2022-12-13 01:00:00,3.948029990936682,1452.3815329158317,-0.09999999999999964
2022-12-13 02:00:00,2.7908759126262686,1026.6934763573886,-0.15000000000000036
2022-12-13 03:00:00,1.8515400817441923,681.1353075716447,0.0
2022-12-13 04:00:00,2.8107372682396137,1033.999972553648,-0.09999999999999964
2022-12-13 05:00:00,3.043940078208862,1119.789456271085,0.0
2022-12-13 06:00:00,2.8916581470825875,1063.7687408580068,-0.050000000000000266
2022-12-13 07:00:00,8.28788319576413,3048.9050306417294,0.25
2022-12-13 08:00:00,7.289679486499998,2681.690841096187,0.25
2022-12-13 09:00:00,15.51394173520037,5707.191315836837,0.10000000000000009
2022-12-13 10:00:00,2.5972341596475483,955.4575164803418,0.04999999999999982
2022-12-13 11:00:00,3.381012886636306,1243.790115671331,-0.1499999999999999
2022-12-13 12:00:00,2.2458926455563746,826.2077569840513,-0.10000000000000009
2022-12-13 13:00:00,4.179330045833513,1537.4710406110037,-0.1499999999999999
2022-12-13 14:00:00,2.489693409744274,915.8959631096748,-0.10000000000000009
2022-12-13 15:00:00,2.8918712158289073,1063.8471235230595,-0.09999999999999964
2022-12-13 16:00:00,3.682366042470363,1354.6504078737844,0.0
2022-12-13 17:00:00,1.3200503667546377,485.6135286698624,-0.050000000000000266
2022-12-13 18:00:00,3.0701783818018105,1129.441872205341,0.0
2022-12-13 19:00:00,12.835727109827298,4721.943110527717,0.3999999999999999
2022-12-13 20:00:00,6.658547580887415,2449.513191318958,0.25
2022-12-13 21:00:00,7.496199138172883,2757.664257955349,0.10000000000000009
2022-12-13 22:00:00,9.366149791621364,3445.572354592709,0.10000000000000009
2022-12-13 23:00:00,2.6630766299107624,979.6793152284217,-0.10000000000000009
2022-12-14 00:00:00,2.525365966900069,929.0190050733631,-0.19999999999999973
2022-12-14 01:00:00,2.800164172354617,1030.1103949049545,-0.15000000000000036
2022-12-14 02:00:00,2.418071617975345,889.5480964626801,-0.09999999999999964
2022-12-14 03:00:00,2.9564164307061436,1087.5916944460225,-0.10000000000000053
2022-12-14 04:00:00,2.6679547398501304,981.4738499223668,-0.09999999999999964
2022-12-14 05:00:00,3.0495777345304838,1121.8634090904018,-0.04999999999999982
2022-12-14 06:00:00,3.3171708519080774,1220.304227145684,-0.10000000000000053
2022-12-14 07:00:00,11.18081563588929,4113.142552052773,0.050000000000000266
2022-12-14 08:00:00,16.0518170222003,5905.062187041936,0.3999999999999999
2022-12-14 09:00:00,10.50268467895574,3863.6751262708426,0.15000000000000036
2022-12-14 10:00:00,8.778903580066865,3229.539154517098,0.09999999999999964
2022-12-14 11:00:00,2.510890737677787,923.6939301232161,-0.04999999999999982
2022-12-14 12:00:00,3.1633583831880476,1163.7204652153032,-0.20000000000000018
2022-12-14 13:00:00,3.653488625047373,1344.0271279393023,-0.09999999999999964
2022-12-14 14:00:00,2.3396579557067096,860.7016704556058,-0.10000000000000053
2022-12-14 15:00:00,3.099866049108052,1140.3632228156246,-0.04999999999999982
2022-12-14 16:00:00,3.0758372795538014,1131.5236392158547,-0.1499999999999999
2022-12-14 17:00:00,2.3343034805413834,858.7318929041613,-0.050000000000000266
2022-12-14 18:00:00,6.420443204774923,2361.920543956575,0.050000000000000266
2022-12-14 19:00:00,9.640385100225348,3546.4566687454,0.1499999999999999
2022-12-14 20:00:00,7.942273421421293,2921.7638349053577,0.2999999999999998
2022-12-14 21:00:00,12.327079867475813,4534.824506247665,0.15000000000000036
2022-12-14 22:00:00,9.65886780993474,3553.2559955797424,0.09999999999999964
2022-12-14 23:00:00,3.6557810031464815,1344.870436532512,-0.09999999999999964
2022-12-15 00:00:00,2.6229285302216883,964.9098330553035,-0.15000000000000036
2022-12-15 01:00:00,2.7254487213960505,1002.624448383572,-0.14999999999999947
2022-12-15 02:00:00,2.1736341194403024,799.6256516891012,-0.10000000000000053
2022-12-15 03:00:00,2.8158271714365277,1035.8724206922127,-0.04999999999999982
2022-12-15 04:00:00,3.601465116511858,1324.8889797367997,-0.09999999999999964
2022-12-15 05:00:00,2.2179789805686947,815.9390174767085,-0.050000000000000266
2022-12-15 06:00:00,3.6886213453489294,1356.9515774202373,-0.050000000000000266
2022-12-15 07:00:00,3.3039516121916472,1215.4411993350022,-0.04999999999999982
2022-12-15 08:00:00,3.640887527434364,1339.3914991549163,0.0
2022-12-15 09:00:00,16.391538381095227,6030.037181945406,0.20000000000000018
2022-12-15 10:00:00,12.749137989439184,4690.089137864939,0.20000000000000018
2022-12-15 11:00:00,9.920250673820917,3649.41221663187,0.09999999999999964
2022-12-15 12:00:00,2.0568717059377257,756.6716788218409,-0.20000000000000018
2022-12-15 13:00:00,3.592111442196863,1321.447996798171,-0.04999999999999982
2022-12-15 14:00:00,2.1345287818900402,785.2397756377986,-0.09999999999999964
2022-12-15 15:00:00,2.6957779512749114,991.7093138252582,0.0
2022-12-15 16:00:00,2.676233336348286,984.5193386091255,-0.10000000000000053
2022-12-15 17:00:00,3.150123674584133,1158.851746787638,-0.04999999999999982
2022-12-15 18:00:00,2.323996090141102,854.9400616606576,-0.14999999999999947
2022-12-15 19:00:00,5.505991733266038,2025.5167088752437,0.14999999999999947
2022-12-15 20:00:00,11.089259953631093,4079.4615054420374,0.2999999999999998
2022-12-15 21:00:00,5.4775356755677755,2015.0484366494952,0.15000000000000036
2022-12-15 22:00:00,10.488627126205914,3858.5037040530005,0.25
2022-12-15 23:00:00,6.782134663995459,2494.9777895173293,0.04999999999999982
2022-12-16 00:00:00,2.599793161176695,956.398909167877,-0.04999999999999982
2022-12-16 01:00:00,2.855996970119458,1050.6498853826956,-0.20000000000000018
2022-12-16 02:00:00,2.8950974798213385,1065.0339853892751,-0.09999999999999964
2022-12-16 03:00:00,3.247119756619208,1194.534180466291,-0.10000000000000053
2022-12-16 04:00:00,2.6320804835300304,968.27660787861,-0.09999999999999964
2022-12-16 05:00:00,4.446261849142602,1635.6685777533348,-0.20000000000000018
2022-12-16 06:00:00,8.915448089425439,3279.7704658973835,0.10000000000000009
2022-12-16 07:00:00,1.8226969806295388,670.5246517490916,-0.10000000000000009
2022-12-16 08:00:00,2.530985488064765,931.0862864218252,0.0
2022-12-16 09:00:00,2.1028483842931687,773.5853493718495,0.20000000000000018
2022-12-16 10:00:00,9.071401115307799,3337.141685293857,0.20000000000000018
2022-12-16 11:00:00,15.131455658533966,5566.484250383182,0.19999999999999973
2022-12-16 12:00:00,3.218476449471171,1183.997023849207,-0.050000000000000266
2022-12-16 13:00:00,15.777657445239976,5804.205732667656,0.050000000000000266
2022-12-16 14:00:00,2.2388561710504145,823.6192139251712,-0.19999999999999973
2022-12-16 15:00:00,2.7562319650550076,1013.9488341446107,-0.10000000000000053
2022-12-16 16:00:00,2.0466680849061967,752.9180217348672,-0.04999999999999982
2022-12-16 17:00:00,3.2946596980193714,1212.0229364088764,-0.04999999999999982
2022-12-16 18:00:00,3.20304933209531,1178.3217730445622,0.0
2022-12-16 19:00:00,3.1896260205283595,1173.3836723018703,0.0
2022-12-16 20:00:00,2.5396288742412927,934.2659721115156,-0.04999999999999982
2022-12-16 21:00:00,2.5932682181716906,953.9985457599108,0.19999999999999973
2022-12-16 22:00:00,8.261566796402825,3039.223885226689,0.25
2022-12-16 23:00:00,8.586781816454076,3158.8623607280433,0.10000000000000009
2022-12-17 00:00:00,2.8461750548334774,1047.0366482968655,0.04999999999999982
2022-12-17 01:00:00,2.1469874126444473,789.8229944265761,-0.09999999999999964
2022-12-17 02:00:00,3.281379916771476,1207.1376368823067,-0.15000000000000036
2022-12-17 03:00:00,3.497204420719396,1286.534076272148,-0.09999999999999964
2022-12-17 04:00:00,2.9784372894319793,1095.6926178497895,-0.10000000000000053
2022-12-17 05:00:00,3.7946420365249867,1395.9539391866294,-0.09999999999999964
2022-12-17 06:00:00,1.7358267406280767,638.5672622085538,-0.04999999999999982
2022-12-17 07:00:00,2.6936901364210915,990.9412589359091,-0.050000000000000266
2022-12-17 08:00:00,3.2320811495046,1189.0018528740045,-0.050000000000000266
2022-12-17 09:00:00,3.0347839061353388,1116.4211294695378,-0.09999999999999964
2022-12-17 10:00:00,3.3788600978530137,1242.9981584976774,0.0
2022-12-17 11:00:00,9.298731839064208,3420.7709752957453,0.1499999999999999
2022-12-17 12:00:00,12.63299844152359,4647.36430167549,0.1499999999999999
2022-12-17 13:00:00,12.64958797289709,4653.467175529517,0.04999999999999982
2022-12-17 14:00:00,3.1241150183109982,1149.2838123611584,-0.04999999999999982
2022-12-17 15:00:00,1.9579031709231942,720.26362900337,-0.04999999999999982
2022-12-17 16:00:00,2.9247446434035584,1075.940435692084,-0.04999999999999982
2022-12-17 17:00:00,3.172505905699609,1167.0856100592437,-0.10000000000000053
2022-12-17 18:00:00,3.2889068798036045,1209.906618407751,-0.14999999999999947
2022-12-17 19:00:00,8.389315839775522,3086.21956455742,0.04999999999999982
2022-12-17 20:00:00,3.030029503774869,1114.6721037011798,-0.04999999999999982
2022-12-17 21:00:00,2.8521161824121677,1049.2222406048763,-0.10000000000000009
2022-12-17 22:00:00,3.0528705127778566,1123.074739888154,0.0
2022-12-17 23:00:00,3.3823591663964345,1244.2853783380883,0.24999999999999956
2022-12-18 00:00:00,12.203923189004632,4489.518243155078,0.20000000000000018
2022-12-18 01:00:00,15.320011373774179,5635.849184127176,0.10000000000000009
2022-12-18 02:00:00,2.000801573592884,736.0448788854824,0.0
2022-12-18 03:00:00,3.796427801782266,1396.6108775806508,-0.1499999999999999
2022-12-18 04:00:00,2.2316724256451326,820.9764935842032,-0.04999999999999982
2022-12-18 05:00:00,2.4860248220765,914.5463814213925,-0.10000000000000053
2022-12-18 06:00:00,3.880066806316692,1427.379576373753,-0.04999999999999982
2022-12-18 07:00:00,2.415320878767592,888.5361682766279,-0.09999999999999964
2022-12-18 08:00:00,2.3218694830156554,854.1577360643844,-0.10000000000000053
2022-12-18 09:00:00,3.859500424002777,1419.8137184800216,0.0
2022-12-18 10:00:00,3.0288874243989037,1114.2519612507467,-0.09999999999999964
2022-12-18 11:00:00,12.110710888964825,4455.227768277935,0.09999999999999964
2022-12-18 12:00:00,18.036102196349315,6635.031095482005,0.15000000000000036
2022-12-18 13:00:00,16.62819828748983,6117.098445010321,0.25
2022-12-18 14:00:00,8.522393967189108,3135.1756806796934,0.1499999999999999
2022-12-18 15:00:00,6.263024283393327,2304.01005825332,0.050000000000000266
2022-12-18 16:00:00,3.2995490274219392,1213.821598462846,-0.10000000000000053
2022-12-18 17:00:00,3.1849917737657516,1171.678848774076,-0.04999999999999982
2022-12-18 18:00:00,3.4358554775158647,1263.9653337911489,-0.09999999999999964
2022-12-18 19:00:00,3.705437191733686,1363.1377069090297,-0.10000000000000053
2022-12-18 20:00:00,1.7363852724088504,638.7727320874059,0.0
2022-12-18 21:00:00,0.6415733306690616,236.01878901988107,-0.14999999999999947
2022-12-18 22:00:00,3.05482632939121,1123.7942359247913,-0.20000000000000018
2022-12-18 23:00:00,0.0,0.0,0.20000000000000018
2022-12-19 00:00:00,10.170625916939397,3741.519009194081,0.25
2022-12-19 01:00:00,12.070523109437335,4440.44368888426,0.19999999999999973
2022-12-19 02:00:00,14.804824281756806,5446.324732651286,0.10000000000000009
2022-12-19 03:00:00,3.926300497832776,1444.3877956402323,-0.04999999999999982
2022-12-19 04:00:00,2.5898228441429767,952.7310787890975,-0.15000000000000036
2022-12-19 05:00:00,3.129249984434866,1151.1728380239763,-0.09999999999999964
2022-12-19 06:00:00,2.387707333636551,878.3778353615462,-0.15000000000000036
2022-12-19 07:00:00,3.3461491040451516,1230.9646016506101,-0.04999999999999982
2022-12-19 08:00:00,2.5819970146394975,949.8521517605051,0.0
2022-12-19 09:00:00,2.849745461804818,1048.3501117614474,-0.04999999999999982
2022-12-19 10:00:00,3.2178818882867546,1183.77829965349,-0.15000000000000036
2022-12-19 11:00:00,2.0791523267085603,764.8681621879117,0.0
2022-12-19 12:00:00,6.3873706103356644,2349.7539632772323,0.050000000000000266
2022-12-19 13:00:00,10.44746425841556,3843.3609140646236,0.1499999999999999
2022-12-19 14:00:00,21.87180578926064,8046.090554724259,0.20000000000000018
2022-12-19 15:00:00,3.7140508397013026,1366.3064526551168,0.1499999999999999
2022-12-19 16:00:00,12.496372016915082,4597.1028557226355,0.050000000000000266
2022-12-19 17:00:00,3.1489824585595567,1158.431921942597,-0.10000000000000053
2022-12-19 18:00:00,2.833260573265802,1042.285733390157,-0.19999999999999973
2022-12-19 19:00:00,2.035161931665653,748.6851956115021,-0.10000000000000009
2022-12-19 20:00:00,2.693436554936055,990.8479726471013,-0.10000000000000009
2022-12-19 21:00:00,4.070174796413858,1497.3155532307483,-0.10000000000000009
2022-12-19 22:00:00,2.9249919444230352,1076.031411554624,0.0
2022-12-19 23:00:00,3.439827732065559,1265.4266269336176,-0.04999999999999982
2022-12-20 00:00:00,4.022459482370843,1479.762282077174,-0.04999999999999982
2022-12-20 01:00:00,11.814045865809906,4346.092122884818,0.2999999999999998
2022-12-20 02:00:00,8.891460552736246,3270.946050837846,0.20000000000000018
2022-12-20 03:00:00,3.455924146583163,1271.348095424281,0.1499999999999999
2022-12-20 04:00:00,10.592534779466096,3896.728731996089,0.04999999999999982
2022-12-20 05:00:00,3.1274404019180353,1150.5071378555972,-0.04999999999999982
2022-12-20 06:00:00,3.1461776740918377,1157.400111856535,-0.20000000000000018
2022-12-20 07:00:00,2.454744299598296,903.0390592147232,-0.10000000000000009
2022-12-20 08:00:00,4.094768858105641,1506.3630936756124,-0.09999999999999964
2022-12-20 09:00:00,3.61564777217085,1330.1064241873514,-0.050000000000000266
2022-12-20 10:00:00,2.527640818849545,929.8558662342763,-0.10000000000000009
2022-12-20 11:00:00,3.8678761196134737,1422.894927502807,-0.09999999999999964
2022-12-20 12:00:00,10.127004473276024,3725.4717706064175,0.04999999999999982
2022-12-20 13:00:00,11.128496168573205,4093.895528013868,0.25
2022-12-20 14:00:00,15.21552448252702,5597.411069009627,0.2999999999999998
2022-12-20 15:00:00,6.755435433278215,2485.1558100172233,0.25
2022-12-20 16:00:00,12.445437970345996,4578.365493341033,0.050000000000000266
2022-12-20 17:00:00,12.138529740008252,4465.461628105536,0.04999999999999982
2022-12-20 18:00:00,3.1947309518227573,1175.2616489017971,-0.1499999999999999
2022-12-20 19:00:00,2.5025388592574473,920.6214828493335,-0.1499999999999999
2022-12-20 20:00:00,3.548193719477918,1305.2917645529392,-0.1499999999999999
2022-12-20 21:00:00,3.0658643071459597,1127.85483199132,-0.15000000000000036
2022-12-20 22:00:00,2.712101572691937,997.7143660540463,-0.04999999999999982
2022-12-20 23:00:00,3.132929596937881,1152.526475473523,-0.04999999999999982
2022-12-21 00:00:00,2.5246742694602577,928.7645468776922,-0.050000000000000266
2022-12-21 01:00:00,3.153681544387875,1160.1605981416894,0.0
2022-12-21 02:00:00,8.664423143905077,3187.42466406408,0.25
2022-12-21 03:00:00,7.7387981569543,2846.9103719895634,0.25
2022-12-21 04:00:00,14.123921280193361,5195.837540951133,0.1499999999999999
2022-12-21 05:00:00,3.181697344701459,1170.4669106820493,0.0
2022-12-21 06:00:00,2.832385404027116,1041.9637805064754,-0.1499999999999999
2022-12-21 07:00:00,2.569361887046036,945.2040041970606,-0.19999999999999973
2022-12-21 08:00:00,3.5501605587654925,1306.0153155558555,-0.15000000000000036
2022-12-21 09:00:00,2.9519643859987648,1085.9538984992955,-0.1499999999999999
2022-12-21 10:00:00,2.018286112745736,742.4770037263377,-0.050000000000000266
2022-12-21 11:00:00,2.969382114671685,1092.361445434846,-0.04999999999999982
2022-12-21 12:00:00,3.0057862054738105,1105.7536003386779,0.0
2022-12-21 13:00:00,2.6002802800454923,956.5781080217354,-0.09999999999999964
2022-12-21 14:00:00,6.065123419125495,2231.2072778107918,0.09999999999999964
2022-12-21 15:00:00,16.361087874478393,6018.835201823739,0.3500000000000001
2022-12-21 16:00:00,11.833473156826603,4353.238937567587,0.10000000000000009
2022-12-21 17:00:00,12.047265786987095,4431.887901387878,0.3500000000000001
2022-12-21 18:00:00,2.5266095791023293,929.4764989122693,-0.050000000000000266
2022-12-21 19:00:00,3.817331360846206,1404.3007743712983,-0.1499999999999999
2022-12-21 20:00:00,2.9686852256171172,1092.105077373897,-0.25
2022-12-21 21:00:00,2.73511651032728,1006.1809862366482,-0.10000000000000009
2022-12-21 22:00:00,2.6547816612826467,976.6278036443537,-0.09999999999999964
2022-12-21 23:00:00,2.9998252559253338,1103.5607160235322,-0.10000000000000053
2022-12-22 00:00:00,3.151910145040705,1159.5089446068494,0.0
2022-12-22 01:00:00,2.5124570527064787,924.2701382643959,-0.14999999999999947
2022-12-22 02:00:00,13.285476181577739,4887.394550297911,0.04999999999999982
2022-12-22 03:00:00,7.327658564595257,2695.6623944504804,0.3999999999999999
2022-12-22 04:00:00,0.0,0.0,0.25
2022-12-22 05:00:00,8.592224480288529,3160.8645806861423,0.1499999999999999
2022-12-22 06:00:00,2.016573153232606,741.8468487454448,-0.04999999999999982
2022-12-22 07:00:00,3.2663259204802055,1201.5996479966554,-0.15000000000000036
2022-12-22 08:00:00,3.2239119797383653,1185.9966195462512,-0.19999999999999973
2022-12-22 09:00:00,2.374497948738287,873.5184328920972,-0.1499999999999999
2022-12-22 10:00:00,3.5135728735629765,1292.55562086198,-0.10000000000000009
2022-12-22 11:00:00,2.8985419543070106,1066.3011214406915,-0.1499999999999999
2022-12-22 12:00:00,2.44787374221942,900.5115529189693,0.0
2022-12-22 13:00:00,2.0477594472488567,753.3195066566732,-0.1499999999999999
2022-12-22 14:00:00,7.199856933382427,2648.64736936806,0.04999999999999982
2022-12-22 15:00:00,9.284412561596781,3415.5032710974165,0.20000000000000018
2022-12-22 16:00:00,9.483963632467928,3488.9131212941384,0.3500000000000001
2022-12-22 17:00:00,6.62013474549281,2435.3820694981673,0.34999999999999964
2022-12-22 18:00:00,2.3506854337584073,864.7584039438741,0.15000000000000036
2022-12-22 19:00:00,2.3070982587535016,848.7237719389444,-0.20000000000000018
2022-12-22 20:00:00,2.8607204077641195,1052.3875200062255,-0.25
2022-12-22 21:00:00,2.932702170747868,1078.8678110638723,-0.15000000000000036
2022-12-22 22:00:00,1.8325581555420343,674.1523314700258,-0.09999999999999964
2022-12-22 23:00:00,3.7146089981914154,1366.511785209667,-0.15000000000000036
2022-12-23 00:00:00,3.668083779880116,1349.3963205233977,-0.04999999999999982
2022-12-23 01:00:00,2.0721043047269307,762.2753711014196,0.0
2022-12-23 02:00:00,2.673475714220166,983.5048783687436,-0.09999999999999964
2022-12-23 03:00:00,2.333158699606559,858.3107566177628,-0.050000000000000266
2022-12-23 04:00:00,12.348687191387024,4542.773300531501,0.30000000000000027
2022-12-23 05:00:00,10.637257510629787,3913.1811067229337,0.2999999999999998
2022-12-23 06:00:00,11.912452440089506,4382.293441397927,0.09999999999999964
2022-12-23 07:00:00,7.443207868119675,2738.1700944845256,0.050000000000000266
2022-12-23 08:00:00,2.8649289942322826,1053.935753753201,-0.19999999999999973
2022-12-23 09:00:00,2.9721354906226383,1093.3743436128032,-0.15000000000000036
2022-12-23 10:00:00,2.3429980324339414,861.9304011816363,-0.1499999999999999
2022-12-23 11:00:00,2.3532979083727,865.719468042607,-0.050000000000000266
2022-12-23 12:00:00,3.5019741989017996,1288.2887584209993,-0.09999999999999964
2022-12-23 13:00:00,2.5149053645128623,925.1708109701692,-0.1499999999999999
2022-12-23 14:00:00,2.513987828057518,924.8332722466595,-4.440892098500626e-16
2022-12-23 15:00:00,2.534611241371865,932.4201104196749,-0.09999999999999964
2022-12-23 16:00:00,6.867571055836042,2526.407702165684,0.40000000000000036
2022-12-23 17:00:00,6.029253301327476,2218.011558225845,0.4499999999999993
2022-12-23 18:00:00,13.21580454390308,4861.764096588345,0.35000000000000053
2022-12-23 19:00:00,10.645802205223832,3916.3244862467172,0.09999999999999964
2022-12-23 20:00:00,3.261319881639677,1199.7580514581962,-0.19999999999999973
2022-12-23 21:00:00,2.645233417570512,973.1152434887522,-0.25000000000000044
2022-12-23 22:00:00,2.687700805792616,988.7379339309585,-0.19999999999999973
2022-12-23 23:00:00,2.582020547218334,949.8608088079445,-0.1499999999999999
2022-12-24 00:00:00,2.1047761531517075,774.2945273406845,-0.04999999999999982
2022-12-24 01:00:00,2.974671798872041,1094.307388010052,-0.15000000000000036
2022-12-24 02:00:00,3.156855922553316,1161.3283725093013,-0.04999999999999982
2022-12-24 03:00:00,2.429572347820075,893.7789274543101,-0.10000000000000009
2022-12-24 04:00:00,2.690196413029139,989.6560054430945,0.0
2022-12-24 05:00:00,5.9423547864970345,2186.0437670825963,0.44999999999999973
2022-12-24 06:00:00,12.523857145007236,4607.213947219537,0.15000000000000036
2022-12-24 07:00:00,12.900238750387013,4745.675330298623,0.1499999999999999
2022-12-24 08:00:00,2.9798961717166534,1096.2293041702637,-0.050000000000000266
2022-12-24 09:00:00,2.936221081899572,1080.1623305038052,-0.25
2022-12-24 10:00:00,2.9887986937605,1099.504319467144,-0.14999999999999947
2022-12-24 11:00:00,1.939553882214815,713.5133844197751,-0.15000000000000036
2022-12-24 12:00:00,2.65560595704284,976.9310414471348,-0.04999999999999982
2022-12-24 13:00:00,3.423034538757032,1259.2488309452433,-0.09999999999999964
2022-12-24 14:00:00,4.026296826223441,1481.1739449469487,-4.440892098500626e-16
2022-12-24 15:00:00,3.9085991683403813,1437.8759190532176,-0.1499999999999999
2022-12-24 16:00:00,17.58369856833549,6468.603110826418,0.04999999999999982
2022-12-24 17:00:00,4.838209820162149,1779.8564375921508,0.5500000000000003
2022-12-24 18:00:00,8.395718696607295,3088.575015514409,0.3999999999999999
2022-12-24 19:00:00,13.157158979739306,4840.189859671597,0.2999999999999998
2022-12-24 20:00:00,2.621951272281353,964.5503242905028,0.0
2022-12-24 21:00:00,2.6479341738816937,974.1087842167279,-0.25
2022-12-24 22:00:00,3.322437107030136,1222.2415507487112,-0.34999999999999964
2022-12-24 23:00:00,3.7787293122337604,1390.1000457379944,-0.15000000000000036
2022-12-25 00:00:00,2.1562977359975863,793.2480296301121,-0.1499999999999999
2022-12-25 01:00:00,3.581730510074177,1317.6291113935379,-0.050000000000000266
2022-12-25 02:00:00,2.060993248756765,758.1878913863949,-0.09999999999999964
2022-12-25 03:00:00,3.3209946134894275,1221.7108934374232,-0.04999999999999982
2022-12-25 04:00:00,2.3019143971017635,846.8167588338114,-0.10000000000000053
2022-12-25 05:00:00,7.136200400115377,2625.229722192444,0.050000000000000266
2022-12-25 06:00:00,13.922058944446452,5121.577434188239,0.44999999999999973
2022-12-25 07:00:00,13.333306302863958,4904.990056166079,0.20000000000000018
2022-12-25 08:00:00,11.56789478050136,4255.539292376937,0.10000000000000009
2022-12-25 09:00:00,2.058352875945348,757.2165642383949,-0.10000000000000009
2022-12-25 10:00:00,3.1123344921534533,1144.9500513009514,-0.20000000000000018
2022-12-25 11:00:00,3.283926104669297,1208.0743157552176,-0.1999999999999993
2022-12-25 12:00:00,2.05238987526035,755.0229253614012,-0.05000000000000071
2022-12-25 13:00:00,3.2125522689111947,1181.8176659257058,-0.14999999999999947
2022-12-25 14:00:00,2.1601999472962503,794.6835556116082,0.0
2022-12-25 15:00:00,2.620662252695493,964.0761262103545,-0.10000000000000009
2022-12-25 16:00:00,2.4991248557841677,919.3655563216007,-0.050000000000000266
2022-12-25 17:00:00,9.118634723439142,3354.517748885175,0.10000000000000053
2022-12-25 18:00:00,11.3265772660799,4166.764611759143,0.6999999999999993
2022-12-25 19:00:00,3.6920333688203146,1358.206775554773,0.5
2022-12-25 20:00:00,10.28976341781423,3785.34671732841,0.20000000000000018
2022-12-25 21:00:00,2.8803359484937197,1059.603587052127,-0.09999999999999964
2022-12-25 22:00:00,3.2015277467033094,1177.76201981848,-0.20000000000000018
2022-12-25 23:00:00,2.5221774444635505,927.8460273820288,-0.3500000000000001
2022-12-26 00:00:00,2.494014938820756,917.4857456186857,-0.19999999999999973
2022-12-26 01:00:00,3.3287784506270803,1224.574372524437,-0.15000000000000036
2022-12-26 02:00:00,3.206016889202028,1179.413463115196,-0.04999999999999982
2022-12-26 03:00:00,2.2077522951279485,812.176875570194,-0.15000000000000036
2022-12-26 04:00:00,2.9337641888213533,1079.2585009626555,-0.09999999999999964
2022-12-26 05:00:00,3.2276677658708866,1187.3782793697524,-0.04999999999999982
2022-12-26 06:00:00,15.411606489021668,5669.544737148847,0.2999999999999998
2022-12-26 07:00:00,13.196668964143825,4854.72459518441,0.2999999999999998
2022-12-26 08:00:00,0.30225115893203525,111.19064509212245,0.25
2022-12-26 09:00:00,10.390517321595693,3822.4115596820156,0.10000000000000053
2022-12-26 10:00:00,2.80288720234056,1031.1121295610335,-0.3000000000000007
2022-12-26 11:00:00,2.6568674531399097,977.3951143238442,-0.14999999999999947
2022-12-26 12:00:00,3.5046911660828863,1289.2882627227416,-0.10000000000000053
2022-12-26 13:00:00,2.386914115133847,878.0860301048639,-0.14999999999999947
2022-12-26 14:00:00,2.215990135348284,815.2073710412499,-0.10000000000000053
2022-12-26 15:00:00,3.107812633120867,1143.286572409339,-0.04999999999999982
2022-12-26 16:00:00,2.439875256069912,897.5691098267188,-0.09999999999999964
2022-12-26 17:00:00,2.2621109735951292,832.1740744113082,0.0
2022-12-26 18:00:00,9.79143489697195,3602.024112723556,0.2999999999999998
2022-12-26 19:00:00,10.493548000244566,3860.3139705899694,0.5
2022-12-26 20:00:00,4.149378357866271,1526.4525634000547,0.3999999999999999
2022-12-26 21:00:00,1.8086508063490498,665.3574153856567,0.19999999999999973
2022-12-26 22:00:00,3.2974501946960895,1213.049490373824,-0.14999999999999947
2022-12-26 23:00:00,2.3494416857843525,864.3008601579187,-0.2999999999999998
2022-12-27 00:00:00,2.570454248147341,945.6058565372031,-0.3000000000000007
2022-12-27 01:00:00,3.376249448258794,1242.037765778204,-0.25
2022-12-27 02:00:00,3.577615824430886,1316.115421412512,-0.09999999999999964
2022-12-27 03:00:00,3.2361487481828797,1190.4982207377768,-0.10000000000000009
2022-12-27 04:00:00,3.2701902719405105,1203.0212462901154,0.0
2022-12-27 05:00:00,3.151340183509204,1159.2992700084483,-0.050000000000000266
2022-12-27 06:00:00,2.8822394629433843,1060.3038424302974,-0.14999999999999947
2022-12-27 07:00:00,5.966808357784553,2195.0396246199925,0.25
2022-12-27 08:00:00,14.499547607663159,5334.021076169084,0.34999999999999964
2022-12-27 09:00:00,10.246758893055153,3769.5264277826645,0.25
2022-12-27 10:00:00,9.139015059103938,3362.015164867861,0.050000000000000266
2022-12-27 11:00:00,2.779219231052488,1022.4052746234339,-0.3500000000000001
2022-12-27 12:00:00,3.4647484021626918,1274.5943184456003,-0.1499999999999999
2022-12-27 13:00:00,2.77220550910881,1019.8251016634033,-0.1499999999999999
2022-12-27 14:00:00,3.6352256154946403,1337.3086233000909,-0.050000000000000266
2022-12-27 15:00:00,2.6905664197764896,989.792121675276,-0.050000000000000266
2022-12-27 16:00:00,3.7903048314932906,1394.3583898855943,-0.09999999999999964
2022-12-27 17:00:00,3.298249477800259,1213.3435266457702,-0.04999999999999982
2022-12-27 18:00:00,2.4804032849672195,912.478358457316,-0.050000000000000266
2022-12-27 19:00:00,10.828191549953758,3983.4209664392383,0.44999999999999973
2022-12-27 20:00:00,3.8182330693208386,1404.6324903764037,0.5500000000000007
2022-12-27 21:00:00,7.964430352976925,2929.914816101386,0.2999999999999998
2022-12-27 22:00:00,13.685904861766922,5034.702251022506,0.09999999999999964
2022-12-27 23:00:00,3.2848407404029945,1208.4107873757516,-0.20000000000000018
2022-12-28 00:00:00,3.1483591222180562,1158.2026120859673,-0.2999999999999998
2022-12-28 01:00:00,3.6576248939795093,1345.5487578727123,-0.19999999999999973
2022-12-28 02:00:00,3.713012295943162,1365.9243983700906,-0.25000000000000044
2022-12-28 03:00:00,2.50159672155188,920.2748939408979,-0.04999999999999982
2022-12-28 04:00:00,2.4797634929768657,912.2429949788643,-0.09999999999999964
2022-12-28 05:00:00,2.219250052347525,816.4066130073458,-0.050000000000000266
2022-12-28 06:00:00,4.403137673070826,1619.80427148093,-0.10000000000000009
2022-12-28 07:00:00,3.1353157611149647,1153.4042856201677,-0.04999999999999982
2022-12-28 08:00:00,6.732742149186841,2476.807518132109,0.34999999999999964
2022-12-28 09:00:00,14.676086963592827,5398.965491731712,0.20000000000000018
2022-12-28 10:00:00,5.885838024208892,2165.2526631558467,0.25
2022-12-28 11:00:00,3.662503772935218,1347.3435754685433,-0.04999999999999982
2022-12-28 12:00:00,2.1679866367805682,797.5480840056515,-0.3999999999999999
2022-12-28 13:00:00,2.5250628615108486,928.9075001783033,-0.050000000000000266
2022-12-28 14:00:00,2.3871202712740343,878.1618697949353,-0.09999999999999964
2022-12-28 15:00:00,2.4129544033809385,887.665601143763,-0.050000000000000266
2022-12-28 16:00:00,3.9546811121702548,1454.8283141396325,-0.10000000000000009
2022-12-28 17:00:00,2.03614186408128,749.045688248901,-0.04999999999999982
2022-12-28 18:00:00,3.6128490666545225,1329.0768503955326,-0.04999999999999982
2022-12-28 19:00:00,12.006844506256613,4417.017922739152,0.04999999999999982
2022-12-28 20:00:00,14.647269243249093,5388.364172860261,0.4500000000000002
2022-12-28 21:00:00,7.590872922392825,2792.4923763252605,0.3999999999999999
2022-12-28 22:00:00,7.81039326727717,2873.2484231995886,0.24999999999999956
2022-12-28 23:00:00,8.830438979520578,3248.497739591132,0.10000000000000053
2022-12-29 00:00:00,1.2884486638048942,473.9880521972254,-0.20000000000000018
2022-12-29 01:00:00,2.3187576967286625,853.0129876840568,-0.3500000000000001
2022-12-29 02:00:00,2.607668532348921,959.2960613378593,-0.19999999999999973
2022-12-29 03:00:00,3.8355835449219016,1411.0152965881446,-0.15000000000000036
2022-12-29 04:00:00,2.8326969818889274,1042.078402212389,-0.04999999999999982
2022-12-29 05:00:00,3.9848991369734303,1465.9447700141004,-0.10000000000000009
2022-12-29 06:00:00,3.1782864869773477,1169.2121413967918,0.0
2022-12-29 07:00:00,2.860175233134617,1052.1869638893972,-0.1499999999999999
2022-12-29 08:00:00,3.6997099671963833,1361.0308041823694,0.0
2022-12-29 09:00:00,4.175548488448022,1536.0799001878156,0.34999999999999964
2022-12-29 10:00:00,14.974951357565573,5508.910230664435,0.20000000000000018
2022-12-29 11:00:00,7.893603642471601,2903.8594399742406,0.10000000000000009
2022-12-29 12:00:00,3.571650874038249,1313.9210652868205,-0.050000000000000266
2022-12-29 13:00:00,3.6789629433701054,1353.3984927922775,-0.19999999999999973
2022-12-29 14:00:00,2.4636828728800255,906.3273368607393,-0.10000000000000009
2022-12-29 15:00:00,3.4107981445163262,1254.7473674139435,-0.09999999999999964
2022-12-29 16:00:00,3.5317414906482534,1299.2394008722265,-0.10000000000000053
2022-12-29 17:00:00,3.4599839496925853,1272.8415954931597,-0.04999999999999982
2022-12-29 18:00:00,2.6524850969148344,975.7829550275446,-0.04999999999999982
2022-12-29 19:00:00,2.711217197746408,997.38902662096,-0.04999999999999982
2022-12-29 20:00:00,6.742372174109271,2480.3501635504476,0.14999999999999947
2022-12-29 21:00:00,8.836207878359662,3250.61997325156,0.35000000000000053
2022-12-29 22:00:00,13.553414356276893,4985.962306315361,0.2999999999999998
2022-12-29 23:00:00,8.530731079510128,3138.2426958747883,0.20000000000000018
2022-12-30 00:00:00,2.4134298960209026,887.8405229986894,-0.04999999999999982
2022-12-30 01:00:00,2.9481211734966815,1084.5400767000915,-0.3000000000000007
2022-12-30 02:00:00,2.4474506063708574,900.3558918186792,-0.19999999999999973
2022-12-30 03:00:00,2.5134687465754073,924.6423151464279,-0.10000000000000009
2022-12-30 04:00:00,3.2353537322757213,1190.205754260931,-0.09999999999999964
2022-12-30 05:00:00,2.363869133999552,869.6083576700854,-0.15000000000000036
2022-12-30 06:00:00,3.9443105011702175,1451.0132256179938,-0.04999999999999982
2022-12-30 07:00:00,2.993661720610799,1101.2933054696978,-0.04999999999999982
2022-12-30 08:00:00,3.6163572232917667,1330.3674135184588,-0.04999999999999982
2022-12-30 09:00:00,14.343803727317516,5276.726796186931,0.04999999999999982
2022-12-30 10:00:00,12.51031937193553,4602.233738950783,0.39999999999999947
2022-12-30 11:00:00,9.89230062718697,3639.130093226406,0.10000000000000053
2022-12-30 12:00:00,3.2876478148168844,1209.4434398757614,0.19999999999999973
2022-12-30 13:00:00,2.7573433499330595,1014.3576848566244,0.0
2022-12-30 14:00:00,4.047474221436063,1488.9645792107915,-0.30000000000000027
2022-12-30 15:00:00,3.2271284627076726,1187.179883218585,-0.04999999999999982
2022-12-30 16:00:00,2.9743968052423924,1094.2062247285453,-0.09999999999999964
2022-12-30 17:00:00,3.764100319773658,1384.7184051367344,-0.10000000000000053
2022-12-30 18:00:00,2.396663115457709,881.6724435990046,-0.04999999999999982
2022-12-30 19:00:00,2.26880465585108,834.6365127712161,-0.04999999999999982
2022-12-30 20:00:00,3.752618777176541,1380.4946326538202,-0.04999999999999982
2022-12-30 21:00:00,13.583318841732485,4996.963418902338,0.19999999999999973
2022-12-30 22:00:00,12.358211666694306,4546.277116885167,0.25000000000000044
2022-12-30 23:00:00,6.992344392572185,2572.308693417492,0.24999999999999956
2022-12-31 00:00:00,13.938174577030868,5127.50597252523,0.1499999999999999
2022-12-31 01:00:00,2.3542430781689383,866.0671723813984,-0.04999999999999982
2022-12-31 02:00:00,2.733702184561741,1005.6606911456505,-0.15000000000000036
2022-12-31 03:00:00,2.8112573223801975,1034.1912874706152,-0.25
2022-12-31 04:00:00,2.943847972123132,1082.9680727447974,-0.09999999999999964
2022-12-31 05:00:00,3.261415654813678,1199.7932840145818,-0.10000000000000009
2022-12-31 06:00:00,2.1356947277438745,785.6686979687779,-0.050000000000000266
2022-12-31 07:00:00,2.607808633110392,959.3476009054855,-0.09999999999999964
2022-12-31 08:00:00,2.359804786693613,868.1131859049128,0.0
2022-12-31 09:00:00,2.337020016330903,859.7312385077311,-0.04999999999999982
2022-12-31 10:00:00,16.150765659394672,5941.462916949815,0.04999999999999982
2022-12-31 11:00:00,10.49561842045529,3861.0756264249903,0.2999999999999998
2022-12-31 12:00:00,2.7987249765971542,1029.5809507656782,0.0
2022-12-31 13:00:00,11.268672137665584,4145.462762643727,0.25
2022-12-31 14:00:00,3.1885102463148294,1172.9732068630678,0.0
2022-12-31 15:00:00,3.044334549839385,1119.9345725221638,-0.09999999999999964
2022-12-31 16:00:00,2.549781657801123,938.0009273635884,-0.15000000000000036
2022-12-31 17:00:00,3.7102816052052896,1364.9198455148958,-0.09999999999999964
2022-12-31 18:00:00,3.2800848252419446,1206.6612050858803,-0.10000000000000053
2022-12-31 19:00:00,2.59048378376794,952.9742219536311,0.0
2022-12-31 20:00:00,2.9378128647751383,1080.7479076291538,-0.14999999999999947
2022-12-31 21:00:00,5.206787193126837,1915.446838671535,0.04999999999999982
2022-12-31 22:00:00,11.462770584113635,4216.866728630804,0.09999999999999964
2022-12-31 23:00:00,11.963834086432566,4401.195464546381,0.25
