datetime,drainage_flow,intake_flow,net_flow,water_level_diff
2024-01-01 00:00:00,0.0,0.0,0.0,
2024-01-01 01:00:00,0.0,282.70990687331005,-28.270990687331008,-0.15000000000000036
2024-01-01 02:00:00,0.0,413.1314829009233,-41.31314829009233,-0.14999999999999947
2024-01-01 03:00:00,0.0,297.10797182847693,-29.710797182847696,-0.050000000000000266
2024-01-01 04:00:00,0.0,378.2999468942329,-37.829994689423295,-0.050000000000000266
2024-01-01 05:00:00,0.0,326.8992921358403,-32.68992921358403,-0.14999999999999947
2024-01-01 06:00:00,327.80824351974456,0.0,32.78082435197446,0.04999999999999982
2024-01-01 07:00:00,592.6343396166799,0.0,59.26343396166799,0.04999999999999982
2024-01-01 08:00:00,554.7163939866886,0.0,55.471639398668856,0.30000000000000027
2024-01-01 09:00:00,529.949278663709,0.0,52.99492786637091,0.19999999999999973
2024-01-01 10:00:00,333.4051064754912,0.0,33.340510647549124,0.10000000000000009
2024-01-01 11:00:00,0.0,413.85959167826576,-41.38595916782658,-0.1499999999999999
2024-01-01 12:00:00,0.0,326.5888424055771,-32.65888424055771,-0.20000000000000018
2024-01-01 13:00:00,0.0,317.7351284046676,-31.77351284046676,-0.09999999999999964
2024-01-01 14:00:00,0.0,331.2678269861937,-33.12678269861937,-0.10000000000000053
2024-01-01 15:00:00,0.0,259.73240100520616,-25.973240100520616,-0.09999999999999964
2024-01-01 16:00:00,0.0,276.6722286321315,-27.667222863213155,-0.04999999999999982
2024-01-01 17:00:00,0.0,283.57231997740774,-28.357231997740776,-0.10000000000000009
2024-01-01 18:00:00,557.5560105767522,0.0,55.75560105767522,0.04999999999999982
2024-01-01 19:00:00,478.18242013880683,0.0,47.818242013880685,0.25
2024-01-01 20:00:00,558.8241480674229,0.0,55.8824148067423,0.30000000000000027
2024-01-01 21:00:00,766.3275998559301,0.0,76.63275998559301,0.25
2024-01-01 22:00:00,475.48847314559964,0.0,47.548847314559964,0.09999999999999964
2024-01-01 23:00:00,0.0,340.0971653792203,-34.00971653792203,-0.09999999999999964
2024-01-02 00:00:00,0.0,248.3339312682695,-24.83339312682695,-0.20000000000000018
2024-01-02 01:00:00,0.0,266.2798300900365,-26.627983009003653,-0.15000000000000036
2024-01-02 02:00:00,0.0,278.7005428585221,-27.870054285852213,-0.09999999999999964
2024-01-02 03:00:00,0.0,323.21637704684514,-32.32163770468451,-0.15000000000000036
2024-01-02 04:00:00,0.0,329.5523826678402,-32.95523826678402,-0.04999999999999982
2024-01-02 05:00:00,0.0,319.5673498030619,-31.956734980306194,-0.04999999999999982
2024-01-02 06:00:00,0.0,374.93801134162794,-37.493801134162794,-0.10000000000000009
2024-01-02 07:00:00,0.0,0.0,0.0,0.0
2024-01-02 08:00:00,402.91546296022227,0.0,40.29154629602223,0.25
2024-01-02 09:00:00,353.89209069358895,0.0,35.3892090693589,0.25
2024-01-02 10:00:00,621.3494586796811,0.0,62.13494586796811,0.050000000000000266
2024-01-02 11:00:00,0.0,0.0,0.0,0.0
2024-01-02 12:00:00,0.0,371.3370174878352,-37.13370174878352,-0.20000000000000018
2024-01-02 13:00:00,0.0,304.60420293863547,-30.46042029386355,-0.04999999999999982
2024-01-02 14:00:00,0.0,317.75396162864405,-31.775396162864407,-0.050000000000000266
2024-01-02 15:00:00,0.0,292.86227077699647,-29.28622707769965,-0.10000000000000009
2024-01-02 16:00:00,0.0,359.8724863485521,-35.98724863485521,-0.09999999999999964
2024-01-02 17:00:00,0.0,370.76794467046403,-37.076794467046405,-0.10000000000000009
2024-01-02 18:00:00,0.0,287.9745448528057,-28.79745448528057,-0.050000000000000266
2024-01-02 19:00:00,484.50788968961007,0.0,48.45078896896101,0.20000000000000018
2024-01-02 20:00:00,373.93461787643366,0.0,37.39346178764337,0.3500000000000001
2024-01-02 21:00:00,424.297295558207,0.0,42.4297295558207,0.19999999999999973
2024-01-02 22:00:00,258.52043331054443,0.0,25.852043331054446,0.10000000000000009
2024-01-02 23:00:00,455.73896755146933,0.0,45.57389675514693,0.04999999999999982
2024-01-03 00:00:00,0.0,449.34851717454876,-44.934851717454876,-0.1499999999999999
2024-01-03 01:00:00,0.0,257.47690632817057,-25.747690632817058,-0.1499999999999999
2024-01-03 02:00:00,0.0,401.066790439885,-40.1066790439885,-0.10000000000000009
2024-01-03 03:00:00,0.0,295.8758929617452,-29.58758929617452,-0.09999999999999964
2024-01-03 04:00:00,0.0,345.78623319469364,-34.578623319469365,-0.10000000000000053
2024-01-03 05:00:00,0.0,387.4964645445837,-38.74964645445837,-0.04999999999999982
2024-01-03 06:00:00,0.0,348.77491983131273,-34.87749198313127,-0.04999999999999982
2024-01-03 07:00:00,0.0,327.8739551432221,-32.787395514322206,-0.04999999999999982
2024-01-03 08:00:00,402.84621814625524,0.0,40.284621814625524,0.04999999999999982
2024-01-03 09:00:00,497.1094262514889,0.0,49.710942625148896,0.2999999999999998
2024-01-03 10:00:00,0.0,326.09961479981416,-32.609961479981415,-0.1499999999999999
2024-01-03 11:00:00,344.04083315788927,0.0,34.40408331578893,0.30000000000000027
2024-01-03 12:00:00,0.0,234.6811348063453,-23.468113480634532,-0.050000000000000266
2024-01-03 13:00:00,0.0,337.1216939972334,-33.712169399723344,-0.19999999999999973
2024-01-03 14:00:00,0.0,238.37584209308125,-23.837584209308126,-0.04999999999999982
2024-01-03 15:00:00,0.0,265.84635623879143,-26.584635623879144,-0.15000000000000036
2024-01-03 16:00:00,0.0,0.0,0.0,0.0
2024-01-03 17:00:00,0.0,265.1770860319346,-26.517708603193462,-0.09999999999999964
2024-01-03 18:00:00,0.0,377.9686850483287,-37.79686850483287,-0.10000000000000053
2024-01-03 19:00:00,0.0,0.0,0.0,0.0
2024-01-03 20:00:00,498.4692538220117,0.0,49.84692538220117,0.20000000000000018
2024-01-03 21:00:00,373.4945878032607,0.0,37.34945878032607,0.20000000000000018
2024-01-03 22:00:00,518.078694664452,0.0,51.8078694664452,0.20000000000000018
2024-01-03 23:00:00,427.5436133448719,0.0,42.75436133448719,0.09999999999999964
2024-01-04 00:00:00,0.0,0.0,0.0,0.0
2024-01-04 01:00:00,0.0,277.8605116869275,-27.78605116869275,-0.15000000000000036
2024-01-04 02:00:00,0.0,407.3056250572841,-40.730562505728415,-0.09999999999999964
2024-01-04 03:00:00,0.0,460.31291796752794,-46.0312917967528,-0.1499999999999999
2024-01-04 04:00:00,0.0,283.71787930523647,-28.37178793052365,-0.10000000000000009
2024-01-04 05:00:00,0.0,439.88379515171124,-43.988379515171125,-0.04999999999999982
2024-01-04 06:00:00,0.0,284.4429803320879,-28.444298033208796,-0.04999999999999982
2024-01-04 07:00:00,0.0,431.0776308749638,-43.10776308749638,-0.050000000000000266
2024-01-04 08:00:00,0.0,0.0,0.0,0.0
2024-01-04 09:00:00,357.1726200432011,0.0,35.71726200432011,0.1499999999999999
2024-01-04 10:00:00,414.6406740356567,0.0,41.46406740356567,0.20000000000000018
2024-01-04 11:00:00,418.0524067356173,0.0,41.805240673561734,0.09999999999999964
2024-01-04 12:00:00,347.6225080264067,0.0,34.76225080264067,0.10000000000000009
2024-01-04 13:00:00,0.0,255.39206910874947,-25.53920691087495,-0.10000000000000009
2024-01-04 14:00:00,0.0,282.9306592105736,-28.293065921057362,-0.09999999999999964
2024-01-04 15:00:00,0.0,380.61233917880486,-38.061233917880486,-0.10000000000000053
2024-01-04 16:00:00,0.0,373.2270084338504,-37.32270084338504,-0.14999999999999947
2024-01-04 17:00:00,0.0,256.76969489017426,-25.676969489017427,-0.04999999999999982
2024-01-04 18:00:00,0.0,302.77970209184133,-30.277970209184133,-0.10000000000000053
2024-01-04 19:00:00,718.1183098694884,0.0,71.81183098694883,0.04999999999999982
2024-01-04 20:00:00,491.5620144437745,0.0,49.15620144437745,0.050000000000000266
2024-01-04 21:00:00,709.1228674957778,0.0,70.91228674957777,0.19999999999999973
2024-01-04 22:00:00,732.5079204514017,0.0,73.25079204514017,0.20000000000000018
2024-01-04 23:00:00,590.2883716817306,0.0,59.02883716817306,0.10000000000000009
2024-01-05 00:00:00,228.5533711574957,0.0,22.85533711574957,0.050000000000000266
2024-01-05 01:00:00,0.0,266.8856909801341,-26.68856909801341,-0.10000000000000053
2024-01-05 02:00:00,0.0,291.93563926332786,-29.193563926332786,-0.09999999999999964
2024-01-05 03:00:00,0.0,421.4936652556673,-42.149366525566734,-0.1499999999999999
2024-01-05 04:00:00,0.0,290.6069861879899,-29.06069861879899,-0.10000000000000009
2024-01-05 05:00:00,0.0,285.9404822636079,-28.594048226360794,-0.09999999999999964
2024-01-05 06:00:00,0.0,268.60618967708194,-26.860618967708195,-0.050000000000000266
2024-01-05 07:00:00,0.0,290.93236848282277,-29.093236848282277,-4.440892098500626e-16
2024-01-05 08:00:00,0.0,232.17598978416072,-23.217598978416074,-0.04999999999999982
2024-01-05 09:00:00,0.0,241.47078317004832,-24.147078317004834,-0.09999999999999964
2024-01-05 10:00:00,700.618841137962,0.0,70.06188411379621,0.20000000000000018
2024-01-05 11:00:00,104.14597196587762,0.0,10.414597196587764,0.19999999999999973
2024-01-05 12:00:00,576.2541456133654,0.0,57.62541456133654,0.10000000000000009
2024-01-05 13:00:00,482.4615843288791,0.0,48.24615843288791,0.09999999999999964
2024-01-05 14:00:00,0.0,0.0,0.0,0.0
2024-01-05 15:00:00,0.0,256.4522183047167,-25.645221830471673,-0.1499999999999999
2024-01-05 16:00:00,0.0,407.10324359855946,-40.710324359855946,-0.1499999999999999
2024-01-05 17:00:00,0.0,0.0,0.0,0.0
2024-01-05 18:00:00,0.0,0.0,0.0,0.0
2024-01-05 19:00:00,0.0,373.9778489767049,-37.39778489767049,-0.1499999999999999
2024-01-05 20:00:00,0.0,0.0,0.0,0.0
2024-01-05 21:00:00,0.0,316.8118809314229,-31.68118809314229,-0.050000000000000266
2024-01-05 22:00:00,601.1789418762904,0.0,60.11789418762905,0.20000000000000018
2024-01-05 23:00:00,336.73798267307524,0.0,33.673798267307525,0.25
2024-01-06 00:00:00,282.01383687618267,0.0,28.201383687618268,0.1499999999999999
2024-01-06 01:00:00,641.0444107328552,0.0,64.10444107328553,0.050000000000000266
2024-01-06 02:00:00,0.0,353.8077742670774,-35.38077742670774,-0.10000000000000053
2024-01-06 03:00:00,0.0,437.8371977689153,-43.78371977689153,-0.14999999999999947
2024-01-06 04:00:00,0.0,349.7799256468789,-34.97799256468789,-0.10000000000000053
2024-01-06 05:00:00,0.0,322.61088464434124,-32.261088464434124,-0.09999999999999964
2024-01-06 06:00:00,0.0,0.0,0.0,0.0
2024-01-06 07:00:00,0.0,326.93306734533087,-32.69330673453309,-0.09999999999999964
2024-01-06 08:00:00,0.0,315.62473460007084,-31.562473460007084,-0.050000000000000266
2024-01-06 09:00:00,0.0,432.9723527622797,-43.29723527622797,-0.10000000000000009
2024-01-06 10:00:00,274.621338167273,0.0,27.462133816727302,0.04999999999999982
2024-01-06 11:00:00,502.0219474116367,0.0,50.20219474116367,0.20000000000000018
2024-01-06 12:00:00,243.93740343184908,0.0,24.39374034318491,0.2999999999999998
2024-01-06 13:00:00,0.0,387.0870935867845,-38.70870935867845,-0.25
2024-01-06 14:00:00,731.1935231342733,0.0,73.11935231342733,0.25
2024-01-06 15:00:00,0.0,0.0,0.0,0.0
2024-01-06 16:00:00,0.0,284.7038289022,-28.470382890219998,-0.04999999999999982
2024-01-06 17:00:00,0.0,185.81132386235052,-18.58113238623505,-0.04999999999999982
2024-01-06 18:00:00,0.0,297.714451331063,-29.7714451331063,-0.15000000000000036
2024-01-06 19:00:00,0.0,371.41233364961477,-37.14123336496148,-0.04999999999999982
2024-01-06 20:00:00,0.0,353.9078763517551,-35.390787635175506,-0.04999999999999982
2024-01-06 21:00:00,0.0,291.2657130091437,-29.126571300914375,-0.04999999999999982
2024-01-06 22:00:00,0.0,389.0943684044882,-38.90943684044882,-0.050000000000000266
2024-01-06 23:00:00,0.0,0.0,0.0,0.0
2024-01-07 00:00:00,800.0,0.0,80.0,0.1499999999999999
2024-01-07 01:00:00,416.6696752087103,0.0,41.66696752087103,0.15000000000000036
2024-01-07 02:00:00,461.93653864917917,0.0,46.19365386491792,0.09999999999999964
2024-01-07 03:00:00,0.0,312.67339584714506,-31.267339584714506,-0.04999999999999982
2024-01-07 04:00:00,0.0,235.78553992390545,-23.578553992390546,-0.10000000000000009
2024-01-07 05:00:00,0.0,356.13939473609656,-35.613939473609655,-0.10000000000000009
2024-01-07 06:00:00,0.0,258.0407200633897,-25.80407200633897,-0.04999999999999982
2024-01-07 07:00:00,0.0,440.99776043532574,-44.09977604353258,-0.10000000000000009
2024-01-07 08:00:00,0.0,358.0595137831895,-35.80595137831895,-4.440892098500626e-16
2024-01-07 09:00:00,0.0,314.11734783870276,-31.411734783870276,-0.09999999999999964
2024-01-07 10:00:00,0.0,0.0,0.0,0.0
2024-01-07 11:00:00,0.0,0.0,0.0,0.0
2024-01-07 12:00:00,760.0738042566018,0.0,76.00738042566017,0.20000000000000018
2024-01-07 13:00:00,643.1544023729717,0.0,64.31544023729718,0.25
2024-01-07 14:00:00,442.5476859464254,0.0,44.25476859464254,0.19999999999999973
2024-01-07 15:00:00,686.8382296883913,0.0,68.68382296883912,0.050000000000000266
2024-01-07 16:00:00,0.0,0.0,0.0,0.0
2024-01-07 17:00:00,0.0,207.52914905529968,-20.75291490552997,-0.050000000000000266
2024-01-07 18:00:00,0.0,222.28270519375803,-22.228270519375805,-0.1499999999999999
2024-01-07 19:00:00,0.0,325.23779276531275,-32.52377927653128,-0.10000000000000009
2024-01-07 20:00:00,0.0,177.92252114963043,-17.792252114963045,-0.050000000000000266
2024-01-07 21:00:00,0.0,372.9762793650865,-37.297627936508654,-0.04999999999999982
2024-01-07 22:00:00,0.0,296.99698694205335,-29.69969869420534,-0.14999999999999947
2024-01-07 23:00:00,0.0,297.2409744856784,-29.724097448567843,-0.050000000000000266
2024-01-08 00:00:00,0.0,0.0,0.0,0.0
2024-01-08 01:00:00,279.60308465153275,0.0,27.960308465153275,0.050000000000000266
2024-01-08 02:00:00,410.7594762041594,0.0,41.075947620415945,0.24999999999999956
2024-01-08 03:00:00,444.9462686504845,0.0,44.49462686504845,0.1499999999999999
2024-01-08 04:00:00,541.5406172776737,0.0,54.15406172776738,0.04999999999999982
2024-01-08 05:00:00,0.0,317.26244529669157,-31.72624452966916,-0.09999999999999964
2024-01-08 06:00:00,0.0,322.3968126381714,-32.23968126381714,-0.10000000000000009
2024-01-08 07:00:00,0.0,424.77308837781834,-42.477308837781834,-0.10000000000000009
2024-01-08 08:00:00,0.0,310.9162520325413,-31.091625203254132,-0.04999999999999982
2024-01-08 09:00:00,0.0,345.28659955622277,-34.52865995562228,-0.10000000000000009
2024-01-08 10:00:00,0.0,260.6221456229655,-26.06221456229655,-0.10000000000000009
2024-01-08 11:00:00,0.0,0.0,0.0,0.0
2024-01-08 12:00:00,0.0,385.7885785137583,-38.57885785137583,-0.04999999999999982
2024-01-08 13:00:00,691.6677121980196,0.0,69.16677121980196,0.20000000000000018
2024-01-08 14:00:00,199.06272235833924,0.0,19.906272235833924,0.2999999999999998
2024-01-08 15:00:00,0.0,0.0,0.0,0.0
2024-01-08 16:00:00,530.7482868666131,0.0,53.074828686661306,0.2999999999999998
2024-01-08 17:00:00,0.0,0.0,0.0,0.0
2024-01-08 18:00:00,0.0,205.55458061074802,-20.555458061074802,-0.09999999999999964
2024-01-08 19:00:00,0.0,421.51614341147217,-42.15161434114722,-0.15000000000000036
2024-01-08 20:00:00,0.0,310.6343494329527,-31.063434943295274,-0.1499999999999999
2024-01-08 21:00:00,0.0,326.9208975678035,-32.69208975678035,-0.050000000000000266
2024-01-08 22:00:00,0.0,302.62112847274113,-30.262112847274114,-0.09999999999999964
2024-01-08 23:00:00,0.0,207.5298417591555,-20.75298417591555,-0.04999999999999982
2024-01-09 00:00:00,0.0,343.1926323210069,-34.31926323210069,-0.050000000000000266
2024-01-09 01:00:00,0.0,147.64910167371198,-14.764910167371198,-0.050000000000000266
2024-01-09 02:00:00,395.3913114177301,0.0,39.53913114177301,0.050000000000000266
2024-01-09 03:00:00,783.3670017219024,0.0,78.33670017219025,0.25
2024-01-09 04:00:00,660.2020225681782,0.0,66.02020225681783,0.1499999999999999
2024-01-09 05:00:00,0.0,0.0,0.0,0.0
2024-01-09 06:00:00,0.0,202.54266304563214,-20.254266304563217,-0.04999999999999982
2024-01-09 07:00:00,0.0,363.8576065084876,-36.38576065084876,-0.15000000000000036
2024-01-09 08:00:00,0.0,309.75793540774,-30.975793540774,-0.09999999999999964
2024-01-09 09:00:00,0.0,351.2467990386058,-35.12467990386058,-0.04999999999999982
2024-01-09 10:00:00,0.0,272.5163627129471,-27.251636271294714,-0.050000000000000266
2024-01-09 11:00:00,0.0,324.08040995094206,-32.408040995094204,-0.050000000000000266
2024-01-09 12:00:00,0.0,196.24319332450966,-19.624319332450966,-0.09999999999999964
2024-01-09 13:00:00,0.0,0.0,0.0,0.0
2024-01-09 14:00:00,338.7357756541288,0.0,33.87357756541288,0.10000000000000009
2024-01-09 15:00:00,277.2475655968308,0.0,27.72475655968308,0.49999999999999956
2024-01-09 16:00:00,117.67600303683511,0.0,11.767600303683512,0.10000000000000053
2024-01-09 17:00:00,689.2640290014781,0.0,68.9264029001478,0.25
2024-01-09 18:00:00,0.0,401.7828611979794,-40.178286119797946,-0.050000000000000266
2024-01-09 19:00:00,0.0,356.8531149845121,-35.68531149845121,-0.1499999999999999
2024-01-09 20:00:00,0.0,298.8653679150568,-29.886536791505684,-0.20000000000000018
2024-01-09 21:00:00,0.0,298.2356840199636,-29.823568401996365,-0.1499999999999999
2024-01-09 22:00:00,0.0,303.2720015104635,-30.327200151046352,-0.050000000000000266
2024-01-09 23:00:00,0.0,362.01595004457226,-36.201595004457225,-0.09999999999999964
2024-01-10 00:00:00,0.0,319.8963254974542,-31.989632549745423,-0.09999999999999964
2024-01-10 01:00:00,0.0,293.4125350603249,-29.34125350603249,-0.05000000000000071
2024-01-10 02:00:00,0.0,274.5199460633947,-27.45199460633947,-0.04999999999999982
2024-01-10 03:00:00,404.19323930474985,0.0,40.41932393047499,0.20000000000000018
2024-01-10 04:00:00,626.970317429681,0.0,62.69703174296811,0.2999999999999998
2024-01-10 05:00:00,262.52764452756014,0.0,26.252764452756015,0.10000000000000009
2024-01-10 06:00:00,340.4687175058488,0.0,34.046871750584884,0.10000000000000009
2024-01-10 07:00:00,0.0,311.0907166158977,-31.10907166158977,-0.15000000000000036
2024-01-10 08:00:00,0.0,341.7614850937826,-34.17614850937826,-0.14999999999999947
2024-01-10 09:00:00,0.0,299.39882847399144,-29.939882847399147,-0.10000000000000053
2024-01-10 10:00:00,0.0,202.77733215152324,-20.277733215152324,-0.09999999999999964
2024-01-10 11:00:00,0.0,502.2928772775311,-50.22928772775311,-0.10000000000000009
2024-01-10 12:00:00,0.0,0.0,0.0,0.0
2024-01-10 13:00:00,0.0,347.6983432350132,-34.76983432350132,-0.10000000000000009
2024-01-10 14:00:00,0.0,292.42702798219403,-29.242702798219405,-0.04999999999999982
2024-01-10 15:00:00,621.058423072554,0.0,62.1058423072554,0.25
2024-01-10 16:00:00,520.3102773528898,0.0,52.03102773528898,0.40000000000000036
2024-01-10 17:00:00,532.5911873844337,0.0,53.25911873844338,0.14999999999999947
2024-01-10 18:00:00,418.524335879961,0.0,41.8524335879961,0.25
2024-01-10 19:00:00,0.0,0.0,0.0,0.0
2024-01-10 20:00:00,0.0,357.3039978331096,-35.73039978331096,-0.25
2024-01-10 21:00:00,0.0,334.4313255624196,-33.44313255624196,-0.1499999999999999
2024-01-10 22:00:00,0.0,393.3138826021184,-39.33138826021184,-0.1499999999999999
2024-01-10 23:00:00,0.0,273.5176237950538,-27.35176237950538,-0.10000000000000009
2024-01-11 00:00:00,0.0,329.51296838029805,-32.951296838029805,-0.050000000000000266
2024-01-11 01:00:00,0.0,293.88241319456944,-29.388241319456945,-0.14999999999999947
2024-01-11 02:00:00,0.0,289.81626922721705,-28.981626922721706,-0.050000000000000266
2024-01-11 03:00:00,0.0,285.9016732755216,-28.590167327552162,-0.050000000000000266
2024-01-11 04:00:00,511.0868742006142,0.0,51.10868742006142,0.25
2024-01-11 05:00:00,555.481541307024,0.0,55.54815413070241,0.30000000000000027
2024-01-11 06:00:00,460.0514400276637,0.0,46.00514400276637,0.10000000000000009
2024-01-11 07:00:00,0.0,0.0,0.0,0.0
2024-01-11 08:00:00,0.0,341.2307672489806,-34.12307672489806,-0.15000000000000036
2024-01-11 09:00:00,0.0,404.29826884758074,-40.42982688475808,-0.14999999999999947
2024-01-11 10:00:00,0.0,289.62455875335655,-28.962455875335657,-0.20000000000000018
2024-01-11 11:00:00,0.0,0.0,0.0,0.0
2024-01-11 12:00:00,0.0,315.4654769803997,-31.546547698039973,-0.04999999999999982
2024-01-11 13:00:00,0.0,308.209810957836,-30.8209810957836,-0.050000000000000266
2024-01-11 14:00:00,0.0,307.4124212415723,-30.741242124157232,-0.1499999999999999
2024-01-11 15:00:00,278.9206103662094,0.0,27.892061036620944,0.04999999999999982
2024-01-11 16:00:00,559.047932432988,0.0,55.9047932432988,0.3500000000000001
2024-01-11 17:00:00,617.9012791471639,0.0,61.79012791471639,0.30000000000000027
2024-01-11 18:00:00,469.50847386726997,0.0,46.950847386727,0.2999999999999998
2024-01-11 19:00:00,542.9612665555414,0.0,54.29612665555415,0.15000000000000036
2024-01-11 20:00:00,0.0,338.55050533604293,-33.85505053360429,-0.05000000000000071
2024-01-11 21:00:00,0.0,277.5572125499847,-27.75572125499847,-0.2999999999999998
2024-01-11 22:00:00,0.0,287.424747032372,-28.742474703237203,-0.1499999999999999
2024-01-11 23:00:00,0.0,404.2555193863557,-40.42555193863557,-0.19999999999999973
2024-01-12 00:00:00,0.0,346.1955868915272,-34.619558689152726,-0.050000000000000266
2024-01-12 01:00:00,0.0,168.14555775382593,-16.814555775382594,-0.10000000000000009
2024-01-12 02:00:00,0.0,277.54400700285083,-27.754400700285085,-0.1499999999999999
2024-01-12 03:00:00,0.0,338.6007358578641,-33.86007358578641,-0.050000000000000266
2024-01-12 04:00:00,0.0,459.9973855445053,-45.99973855445053,-0.04999999999999982
2024-01-12 05:00:00,360.8317534874594,0.0,36.08317534874595,0.3500000000000001
2024-01-12 06:00:00,247.84268130179606,0.0,24.78426813017961,0.25
2024-01-12 07:00:00,404.5167910054485,0.0,40.45167910054485,0.050000000000000266
2024-01-12 08:00:00,0.0,388.7629671998709,-38.876296719987096,-0.04999999999999982
2024-01-12 09:00:00,0.0,241.50716290258632,-24.150716290258632,-0.10000000000000053
2024-01-12 10:00:00,0.0,339.3271510984,-33.932715109840004,-0.1499999999999999
2024-01-12 11:00:00,0.0,385.9196402623605,-38.59196402623605,-0.050000000000000266
2024-01-12 12:00:00,0.0,229.5800232918251,-22.958002329182513,-0.14999999999999947
2024-01-12 13:00:00,0.0,431.4420413638473,-43.14420413638473,-0.050000000000000266
2024-01-12 14:00:00,0.0,204.88884792712844,-20.488884792712845,-0.050000000000000266
2024-01-12 15:00:00,0.0,331.60719180086835,-33.160719180086836,-0.14999999999999947
2024-01-12 16:00:00,443.41915976514963,0.0,44.34191597651497,0.09999999999999964
2024-01-12 17:00:00,362.4732753815973,0.0,36.24732753815973,0.5499999999999998
2024-01-12 18:00:00,572.0301837055814,0.0,57.20301837055814,0.40000000000000036
2024-01-12 19:00:00,442.64833463222766,0.0,44.26483346322277,0.25
2024-01-12 20:00:00,667.4136222994365,0.0,66.74136222994365,0.04999999999999982
2024-01-12 21:00:00,0.0,214.8150601349134,-21.48150601349134,-0.14999999999999947
2024-01-12 22:00:00,0.0,344.14913166000315,-34.41491316600032,-0.25000000000000044
2024-01-12 23:00:00,0.0,331.06479887366527,-33.106479887366525,-0.25
2024-01-13 00:00:00,0.0,267.3556870004108,-26.73556870004108,-0.1499999999999999
2024-01-13 01:00:00,0.0,317.24815000711965,-31.724815000711967,-0.10000000000000009
2024-01-13 02:00:00,0.0,372.9376386661789,-37.29376386661789,-0.10000000000000009
2024-01-13 03:00:00,0.0,306.24571887534455,-30.624571887534458,-0.09999999999999964
2024-01-13 04:00:00,0.0,289.82219729668134,-28.982219729668135,-0.10000000000000053
2024-01-13 05:00:00,298.18416024614874,0.0,29.818416024614876,0.050000000000000266
2024-01-13 06:00:00,312.43813662608954,0.0,31.243813662608957,0.5
2024-01-13 07:00:00,576.8360139455585,0.0,57.68360139455586,0.1499999999999999
2024-01-13 08:00:00,493.02815711935995,0.0,49.302815711936,0.15000000000000036
2024-01-13 09:00:00,0.0,359.5088696359411,-35.95088696359411,-0.10000000000000053
2024-01-13 10:00:00,0.0,412.3505701278637,-41.23505701278637,-0.19999999999999973
2024-01-13 11:00:00,0.0,435.87559377244224,-43.587559377244226,-0.10000000000000009
2024-01-13 12:00:00,0.0,411.05698110542755,-41.10569811054276,-0.1499999999999999
2024-01-13 13:00:00,0.0,323.7477661955773,-32.37477661955773,-0.10000000000000009
2024-01-13 14:00:00,0.0,229.02583745720887,-22.90258374572089,-0.09999999999999964
2024-01-13 15:00:00,0.0,299.61267715233976,-29.961267715233976,-0.050000000000000266
2024-01-13 16:00:00,0.0,436.88422991572367,-43.68842299157237,-0.10000000000000009
2024-01-13 17:00:00,554.5383164919808,0.0,55.45383164919809,0.15000000000000036
2024-01-13 18:00:00,571.9173393832797,0.0,57.19173393832797,0.5999999999999996
2024-01-13 19:00:00,688.7143291910511,0.0,68.87143291910512,0.40000000000000036
2024-01-13 20:00:00,326.1112404397761,0.0,32.61112404397761,0.25
2024-01-13 21:00:00,0.0,366.42110427260724,-36.642110427260725,-0.04999999999999982
2024-01-13 22:00:00,0.0,320.39827757344415,-32.03982775734442,-0.25
2024-01-13 23:00:00,0.0,375.1301747831212,-37.51301747831212,-0.25000000000000044
2024-01-14 00:00:00,0.0,322.28127851457623,-32.22812785145762,-0.19999999999999973
2024-01-14 01:00:00,0.0,398.4090343321018,-39.84090343321018,-0.15000000000000036
2024-01-14 02:00:00,0.0,393.3495999576255,-39.33495999576255,-0.09999999999999964
2024-01-14 03:00:00,0.0,125.97844273393434,-12.597844273393434,-0.10000000000000053
2024-01-14 04:00:00,0.0,484.5744658522085,-48.45744658522085,-0.09999999999999964
2024-01-14 05:00:00,0.0,278.2981922770397,-27.829819227703968,-0.04999999999999982
2024-01-14 06:00:00,621.5639053727136,0.0,62.15639053727136,0.14999999999999947
2024-01-14 07:00:00,759.9840519210117,0.0,75.99840519210117,0.4500000000000002
2024-01-14 08:00:00,450.5284029454252,0.0,45.05284029454253,0.10000000000000009
2024-01-14 09:00:00,440.7745140404269,0.0,44.07745140404269,0.1499999999999999
2024-01-14 10:00:00,0.0,332.6621035911629,-33.26621035911629,-0.19999999999999973
2024-01-14 11:00:00,0.0,353.64914462107663,-35.36491446210766,-0.20000000000000018
2024-01-14 12:00:00,0.0,245.5005680275995,-24.550056802759954,-0.10000000000000009
2024-01-14 13:00:00,0.0,396.9806057675856,-39.698060576758564,-0.1499999999999999
2024-01-14 14:00:00,0.0,356.7886163372283,-35.67886163372283,-0.1499999999999999
2024-01-14 15:00:00,0.0,341.1771057886763,-34.11771057886763,-0.04999999999999982
2024-01-14 16:00:00,0.0,362.58049637328725,-36.258049637328725,-0.10000000000000053
2024-01-14 17:00:00,0.0,313.03135519615614,-31.303135519615616,-0.04999999999999982
2024-01-14 18:00:00,402.2286272945691,0.0,40.222862729456914,0.40000000000000036
2024-01-14 19:00:00,418.72005810246014,0.0,41.872005810246016,0.34999999999999964
2024-01-14 20:00:00,348.00232041477335,0.0,34.80023204147734,0.35000000000000053
2024-01-14 21:00:00,657.7389706110266,0.0,65.77389706110266,0.1999999999999993
2024-01-14 22:00:00,0.0,341.4054582496552,-34.14054582496552,-0.14999999999999947
2024-01-14 23:00:00,0.0,432.8834289574273,-43.28834289574274,-0.25000000000000044
2024-01-15 00:00:00,0.0,330.47721237521495,-33.04772123752149,-0.19999999999999973
2024-01-15 01:00:00,0.0,387.93829606915017,-38.79382960691502,-0.1499999999999999
2024-01-15 02:00:00,0.0,174.9598615405452,-17.49598615405452,-0.1499999999999999
2024-01-15 03:00:00,0.0,188.81078507180598,-18.8810785071806,-0.050000000000000266
2024-01-15 04:00:00,0.0,381.18182056763345,-38.118182056763345,-0.10000000000000009
2024-01-15 05:00:00,0.0,433.4718562170863,-43.34718562170863,-0.09999999999999964
2024-01-15 06:00:00,0.0,0.0,0.0,0.0
2024-01-15 07:00:00,519.2591129928782,0.0,51.92591129928782,0.39999999999999947
2024-01-15 08:00:00,457.4433645539593,0.0,45.74433645539594,0.35000000000000053
2024-01-15 09:00:00,548.1208573022114,0.0,54.81208573022115,0.20000000000000018
2024-01-15 10:00:00,543.9035462999127,0.0,54.39035462999127,0.04999999999999982
2024-01-15 11:00:00,0.0,323.1911815329628,-32.31911815329628,-0.40000000000000036
2024-01-15 12:00:00,0.0,348.6617178514431,-34.86617178514431,-0.09999999999999964
2024-01-15 13:00:00,0.0,285.18239627164087,-28.51823962716409,-0.20000000000000018
2024-01-15 14:00:00,0.0,359.4684675396247,-35.946846753962475,-0.04999999999999982
2024-01-15 15:00:00,0.0,229.85723768054854,-22.985723768054854,-0.050000000000000266
2024-01-15 16:00:00,0.0,373.7178598106636,-37.37178598106636,-0.1499999999999999
2024-01-15 17:00:00,0.0,0.0,0.0,0.0
2024-01-15 18:00:00,0.0,357.37122177987067,-35.73712217798707,-0.10000000000000009
2024-01-15 19:00:00,420.4764191358175,0.0,42.04764191358175,0.44999999999999973
2024-01-15 20:00:00,478.8038092940944,0.0,47.88038092940944,0.40000000000000036
2024-01-15 21:00:00,429.57246331505047,0.0,42.95724633150505,0.34999999999999964
2024-01-15 22:00:00,712.5570902634691,0.0,71.25570902634692,0.15000000000000036
2024-01-15 23:00:00,0.0,392.60543710160533,-39.26054371016053,-0.25
2024-01-16 00:00:00,0.0,290.91388607861967,-29.09138860786197,-0.30000000000000027
2024-01-16 01:00:00,0.0,279.85336481142144,-27.985336481142145,-0.19999999999999973
2024-01-16 02:00:00,0.0,383.49241201774487,-38.34924120177449,-0.1499999999999999
2024-01-16 03:00:00,0.0,322.0998841303526,-32.20998841303526,-0.10000000000000009
2024-01-16 04:00:00,0.0,386.4428845644708,-38.64428845644708,-0.15000000000000036
2024-01-16 05:00:00,0.0,403.81039867404104,-40.381039867404105,-0.04999999999999982
2024-01-16 06:00:00,0.0,290.4254869446155,-29.04254869446155,-0.09999999999999964
2024-01-16 07:00:00,0.0,0.0,0.0,0.0
2024-01-16 08:00:00,263.8167595316673,0.0,26.38167595316673,0.39999999999999947
2024-01-16 09:00:00,324.8465175035665,0.0,32.48465175035665,0.10000000000000053
2024-01-16 10:00:00,462.29412508904153,0.0,46.229412508904154,0.25
2024-01-16 11:00:00,0.0,286.95969549448273,-28.695969549448275,-0.050000000000000266
2024-01-16 12:00:00,0.0,422.6452860217778,-42.26452860217778,-0.19999999999999973
2024-01-16 13:00:00,0.0,291.7702487758628,-29.17702487758628,-0.15000000000000036
2024-01-16 14:00:00,0.0,367.137160484524,-36.7137160484524,-0.09999999999999964
2024-01-16 15:00:00,0.0,258.11332502269613,-25.811332502269615,-0.10000000000000053
2024-01-16 16:00:00,0.0,356.9994429241259,-35.69994429241259,-0.04999999999999982
2024-01-16 17:00:00,0.0,283.9715453665972,-28.39715453665972,-0.09999999999999964
2024-01-16 18:00:00,0.0,292.17314215538556,-29.217314215538558,-0.10000000000000053
2024-01-16 19:00:00,542.2546284365563,0.0,54.225462843655635,0.15000000000000036
2024-01-16 20:00:00,361.3852773481173,0.0,36.13852773481173,0.5
2024-01-16 21:00:00,420.9745369967941,0.0,42.09745369967941,0.20000000000000018
2024-01-16 22:00:00,601.8512963503607,0.0,60.18512963503608,0.20000000000000018
2024-01-16 23:00:00,0.0,0.0,0.0,0.0
2024-01-17 00:00:00,0.0,475.6833866866544,-47.56833866866544,-0.20000000000000018
2024-01-17 01:00:00,0.0,305.54652140388407,-30.55465214038841,-0.20000000000000018
2024-01-17 02:00:00,0.0,195.4058881008064,-19.540588810080642,-0.15000000000000036
2024-01-17 03:00:00,0.0,432.31035635635,-43.231035635635,-0.14999999999999947
2024-01-17 04:00:00,0.0,235.02159988249934,-23.502159988249936,-0.050000000000000266
2024-01-17 05:00:00,0.0,209.41255682295412,-20.941255682295413,-0.050000000000000266
2024-01-17 06:00:00,0.0,297.8428424083413,-29.784284240834133,-0.09999999999999964
2024-01-17 07:00:00,0.0,309.79617450415907,-30.97961745041591,-0.04999999999999982
2024-01-17 08:00:00,751.7736182408967,0.0,75.17736182408967,0.09999999999999964
2024-01-17 09:00:00,577.6496896626359,0.0,57.76496896626359,0.4500000000000002
2024-01-17 10:00:00,0.0,0.0,0.0,0.0
2024-01-17 11:00:00,385.9129292593761,0.0,38.59129292593761,0.25
2024-01-17 12:00:00,0.0,180.99359531660588,-18.09935953166059,-0.20000000000000018
2024-01-17 13:00:00,0.0,447.3554739341018,-44.73554739341018,-0.09999999999999964
2024-01-17 14:00:00,0.0,302.8375291960311,-30.28375291960311,-0.15000000000000036
2024-01-17 15:00:00,0.0,452.0285683391927,-45.20285683391927,-0.09999999999999964
2024-01-17 16:00:00,0.0,331.28842515094755,-33.12884251509475,-0.10000000000000053
2024-01-17 17:00:00,0.0,239.6604059511078,-23.966040595110783,-0.04999999999999982
2024-01-17 18:00:00,0.0,374.3950956147794,-37.43950956147794,-0.09999999999999964
2024-01-17 19:00:00,0.0,284.69033777792805,-28.469033777792806,-0.15000000000000036
2024-01-17 20:00:00,530.2195257745065,0.0,53.02195257745065,0.3500000000000001
2024-01-17 21:00:00,463.4816745764821,0.0,46.34816745764821,0.30000000000000027
2024-01-17 22:00:00,294.55441148322785,0.0,29.455441148322787,0.25
2024-01-17 23:00:00,272.822969254864,0.0,27.282296925486403,0.20000000000000018
2024-01-18 00:00:00,0.0,425.2097218280044,-42.52097218280044,-0.15000000000000036
2024-01-18 01:00:00,0.0,334.5298753875179,-33.45298753875179,-0.25
2024-01-18 02:00:00,0.0,482.1372553425774,-48.21372553425775,-0.10000000000000009
2024-01-18 03:00:00,0.0,230.42013632436905,-23.042013632436905,-0.1499999999999999
2024-01-18 04:00:00,0.0,339.09358723395593,-33.90935872339559,-0.10000000000000009
2024-01-18 05:00:00,0.0,242.19537964443964,-24.219537964443965,-0.050000000000000266
2024-01-18 06:00:00,0.0,344.02985237873105,-34.402985237873104,-0.09999999999999964
2024-01-18 07:00:00,0.0,242.96064628881544,-24.296064628881545,-0.10000000000000009
2024-01-18 08:00:00,0.0,0.0,0.0,0.0
2024-01-18 09:00:00,599.6255122962762,0.0,59.96255122962762,0.30000000000000027
2024-01-18 10:00:00,767.0388137343705,0.0,76.70388137343706,0.25
2024-01-18 11:00:00,319.3838150432763,0.0,31.93838150432763,0.14999999999999947
2024-01-18 12:00:00,465.78748594621675,0.0,46.57874859462168,0.10000000000000053
2024-01-18 13:00:00,0.0,286.29347287827585,-28.629347287827585,-0.2999999999999998
2024-01-18 14:00:00,0.0,429.4621948979747,-42.94621948979747,-0.05000000000000071
2024-01-18 15:00:00,0.0,320.7812692405458,-32.07812692405458,-0.09999999999999964
2024-01-18 16:00:00,0.0,386.51538515317554,-38.651538515317554,-0.04999999999999982
2024-01-18 17:00:00,0.0,269.1133686769921,-26.91133686769921,-0.10000000000000053
2024-01-18 18:00:00,0.0,370.193273420314,-37.019327342031396,-0.09999999999999964
2024-01-18 19:00:00,0.0,369.0331902379549,-36.90331902379549,-0.04999999999999982
2024-01-18 20:00:00,0.0,0.0,0.0,0.0
2024-01-18 21:00:00,507.05238565905677,0.0,50.70523856590568,0.2999999999999998
2024-01-18 22:00:00,672.891273118156,0.0,67.2891273118156,0.25
2024-01-18 23:00:00,569.0358202470172,0.0,56.90358202470173,0.20000000000000018
2024-01-19 00:00:00,349.06126049953946,0.0,34.90612604995395,0.04999999999999982
2024-01-19 01:00:00,0.0,366.96438730847404,-36.696438730847404,-0.15000000000000036
2024-01-19 02:00:00,0.0,316.6574012237519,-31.66574012237519,-0.14999999999999947
2024-01-19 03:00:00,0.0,345.4121033795311,-34.54121033795311,-0.15000000000000036
2024-01-19 04:00:00,0.0,274.00860485851035,-27.400860485851037,-0.04999999999999982
2024-01-19 05:00:00,0.0,291.2399409812665,-29.12399409812665,-0.10000000000000009
2024-01-19 06:00:00,0.0,288.46658746369036,-28.846658746369037,-0.050000000000000266
2024-01-19 07:00:00,0.0,344.7579547859676,-34.475795478596766,-0.04999999999999982
2024-01-19 08:00:00,0.0,244.41282614354566,-24.441282614354567,-0.09999999999999964
2024-01-19 09:00:00,486.9706079537766,0.0,48.697060795377666,0.04999999999999982
2024-01-19 10:00:00,351.35281041260146,0.0,35.13528104126015,0.2999999999999998
2024-01-19 11:00:00,386.71960761836704,0.0,38.67196076183671,0.15000000000000036
2024-01-19 12:00:00,628.0647023038093,0.0,62.80647023038094,0.19999999999999973
2024-01-19 13:00:00,514.9621268785135,0.0,51.49621268785135,0.10000000000000009
2024-01-19 14:00:00,0.0,349.7748114821166,-34.97748114821166,-0.2999999999999998
2024-01-19 15:00:00,0.0,324.3244856238132,-32.43244856238132,-0.050000000000000266
2024-01-19 16:00:00,0.0,211.17418988963735,-21.117418988963735,-0.19999999999999973
2024-01-19 17:00:00,0.0,0.0,0.0,0.0
2024-01-19 18:00:00,0.0,320.8975026665528,-32.08975026665528,-0.050000000000000266
2024-01-19 19:00:00,0.0,315.86503181212584,-31.586503181212585,-0.050000000000000266
2024-01-19 20:00:00,0.0,360.6876307269305,-36.06876307269305,-0.04999999999999982
2024-01-19 21:00:00,422.7959368176606,0.0,42.279593681766066,0.050000000000000266
2024-01-19 22:00:00,392.53971186216023,0.0,39.25397118621603,0.04999999999999982
2024-01-19 23:00:00,539.8843226720894,0.0,53.98843226720894,0.30000000000000027
2024-01-20 00:00:00,390.58349451183295,0.0,39.0583494511833,0.09999999999999964
2024-01-20 01:00:00,474.03300960804734,0.0,47.403300960804735,0.04999999999999982
2024-01-20 02:00:00,0.0,200.74854644279208,-20.07485464427921,-0.14999999999999947
2024-01-20 03:00:00,0.0,326.36640760316743,-32.636640760316745,-0.10000000000000053
2024-01-20 04:00:00,0.0,328.27275418498755,-32.82727541849876,-0.09999999999999964
2024-01-20 05:00:00,0.0,188.27566619225286,-18.827566619225287,-0.10000000000000009
2024-01-20 06:00:00,0.0,423.43458660976916,-42.34345866097692,-0.050000000000000266
2024-01-20 07:00:00,0.0,274.6606525626565,-27.46606525626565,-0.04999999999999982
2024-01-20 08:00:00,0.0,261.37023881418935,-26.137023881418937,-0.04999999999999982
2024-01-20 09:00:00,0.0,266.95934158689704,-26.695934158689706,-0.04999999999999982
2024-01-20 10:00:00,0.0,0.0,0.0,0.0
2024-01-20 11:00:00,596.6411356058192,0.0,59.66411356058192,0.34999999999999964
2024-01-20 12:00:00,413.86250382075576,0.0,41.38625038207558,0.20000000000000018
2024-01-20 13:00:00,428.31238748844817,0.0,42.83123874884482,0.1499999999999999
2024-01-20 14:00:00,191.58377090961707,0.0,19.158377090961707,0.050000000000000266
2024-01-20 15:00:00,0.0,295.21785151373354,-29.521785151373354,-0.050000000000000266
2024-01-20 16:00:00,0.0,249.83699422355414,-24.983699422355414,-0.1499999999999999
2024-01-20 17:00:00,0.0,211.95977439561977,-21.19597743956198,-0.10000000000000009
2024-01-20 18:00:00,0.0,371.4630275144341,-37.14630275144341,-0.1499999999999999
2024-01-20 19:00:00,0.0,313.06212135648605,-31.306212135648607,-0.04999999999999982
2024-01-20 20:00:00,0.0,363.2064224860659,-36.32064224860659,-0.050000000000000266
2024-01-20 21:00:00,0.0,162.2187988740859,-16.22187988740859,-0.10000000000000009
2024-01-20 22:00:00,0.0,363.9720523692856,-36.39720523692856,-0.04999999999999982
2024-01-20 23:00:00,627.0275903735007,0.0,62.70275903735008,0.04999999999999982
2024-01-21 00:00:00,0.0,0.0,0.0,0.0
2024-01-21 01:00:00,187.1048550200787,0.0,18.71048550200787,0.20000000000000018
2024-01-21 02:00:00,481.72547811165384,0.0,48.17254781116539,0.09999999999999964
2024-01-21 03:00:00,0.0,0.0,0.0,0.0
2024-01-21 04:00:00,0.0,227.1779550371358,-22.71779550371358,-0.09999999999999964
2024-01-21 05:00:00,0.0,267.8375485739648,-26.78375485739648,-0.04999999999999982
2024-01-21 06:00:00,0.0,407.1637286714593,-40.716372867145935,-0.050000000000000266
2024-01-21 07:00:00,0.0,331.15223456469187,-33.11522345646919,-0.10000000000000009
2024-01-21 08:00:00,0.0,0.0,0.0,0.0
2024-01-21 09:00:00,0.0,0.0,0.0,0.0
2024-01-21 10:00:00,0.0,389.4037565499624,-38.940375654996245,-0.09999999999999964
2024-01-21 11:00:00,0.0,0.0,0.0,0.0
2024-01-21 12:00:00,784.1915952880778,0.0,78.41915952880778,0.14999999999999947
2024-01-21 13:00:00,324.24217998547084,0.0,32.424217998547086,0.35000000000000053
2024-01-21 14:00:00,434.24023299947896,0.0,43.4240232999479,0.14999999999999947
2024-01-21 15:00:00,536.3002481419051,0.0,53.630024814190506,0.10000000000000053
2024-01-21 16:00:00,441.982180663933,0.0,44.1982180663933,0.04999999999999982
2024-01-21 17:00:00,0.0,0.0,0.0,0.0
2024-01-21 18:00:00,0.0,266.4800180139013,-26.648001801390134,-0.1499999999999999
2024-01-21 19:00:00,0.0,239.1262637363373,-23.91262637363373,-0.10000000000000009
2024-01-21 20:00:00,0.0,273.04698188682505,-27.304698188682508,-0.1499999999999999
2024-01-21 21:00:00,0.0,256.05012986941284,-25.605012986941286,-0.10000000000000009
2024-01-21 22:00:00,0.0,378.3169789968682,-37.83169789968682,-0.04999999999999982
2024-01-21 23:00:00,0.0,270.8969763366818,-27.08969763366818,-0.050000000000000266
2024-01-22 00:00:00,0.0,296.80151189808566,-29.68015118980857,-0.10000000000000009
2024-01-22 01:00:00,528.5366035674391,0.0,52.853660356743916,0.04999999999999982
2024-01-22 02:00:00,630.5644312746912,0.0,63.05644312746912,0.15000000000000036
2024-01-22 03:00:00,533.9194600258768,0.0,53.39194600258768,0.1499999999999999
2024-01-22 04:00:00,396.58907203836577,0.0,39.65890720383658,0.10000000000000009
2024-01-22 05:00:00,0.0,0.0,0.0,0.0
2024-01-22 06:00:00,0.0,223.44525212848617,-22.34452521284862,-0.10000000000000009
2024-01-22 07:00:00,0.0,309.1928088973237,-30.91928088973237,-0.10000000000000009
2024-01-22 08:00:00,0.0,315.1965602332742,-31.519656023327425,-0.09999999999999964
2024-01-22 09:00:00,0.0,267.99838607819316,-26.799838607819318,-0.050000000000000266
2024-01-22 10:00:00,0.0,308.60189783723547,-30.86018978372355,-0.10000000000000009
2024-01-22 11:00:00,0.0,337.1392791365145,-33.71392791365145,-0.04999999999999982
2024-01-22 12:00:00,0.0,151.11038081070433,-15.111038081070433,-0.10000000000000009
2024-01-22 13:00:00,578.46205454618,0.0,57.846205454618,0.050000000000000266
2024-01-22 14:00:00,492.54756814269905,0.0,49.25475681426991,0.34999999999999964
2024-01-22 15:00:00,704.9284039124706,0.0,70.49284039124706,0.15000000000000036
2024-01-22 16:00:00,589.8329611537403,0.0,58.98329611537403,0.25
2024-01-22 17:00:00,487.92532527638775,0.0,48.79253252763878,0.04999999999999982
2024-01-22 18:00:00,0.0,259.2317019503638,-25.92317019503638,-0.20000000000000018
2024-01-22 19:00:00,0.0,368.6655602477032,-36.86655602477032,-0.09999999999999964
2024-01-22 20:00:00,0.0,240.93317396166995,-24.093317396166995,-0.10000000000000053
2024-01-22 21:00:00,0.0,398.45985227127835,-39.84598522712784,-0.09999999999999964
2024-01-22 22:00:00,0.0,327.99760162083254,-32.79976016208325,-0.10000000000000009
2024-01-22 23:00:00,0.0,467.5834197792812,-46.758341977928126,-0.050000000000000266
2024-01-23 00:00:00,0.0,284.8855680595175,-28.48855680595175,-0.09999999999999964
2024-01-23 01:00:00,0.0,250.60521681305426,-25.060521681305428,-0.04999999999999982
2024-01-23 02:00:00,0.0,263.95046673679224,-26.395046673679225,-0.050000000000000266
2024-01-23 03:00:00,176.16881210208265,0.0,17.616881210208266,0.1499999999999999
2024-01-23 04:00:00,740.0631679094994,0.0,74.00631679094994,0.20000000000000018
2024-01-23 05:00:00,237.9819242619625,0.0,23.798192426196252,0.09999999999999964
2024-01-23 06:00:00,0.0,0.0,0.0,0.0
2024-01-23 07:00:00,0.0,193.21842349194668,-19.321842349194668,-0.14999999999999947
2024-01-23 08:00:00,0.0,265.65965946373376,-26.565965946373378,-0.10000000000000053
2024-01-23 09:00:00,0.0,339.1210926183023,-33.91210926183023,-0.04999999999999982
2024-01-23 10:00:00,0.0,271.07139393664886,-27.107139393664887,-0.04999999999999982
2024-01-23 11:00:00,0.0,261.5539651763082,-26.155396517630823,-0.10000000000000009
2024-01-23 12:00:00,0.0,348.92563976894417,-34.892563976894415,-0.1499999999999999
2024-01-23 13:00:00,0.0,0.0,0.0,0.0
2024-01-23 14:00:00,0.0,0.0,0.0,0.0
2024-01-23 15:00:00,662.9820675795306,0.0,66.29820675795307,0.25
2024-01-23 16:00:00,0.057092402142977505,0.0,0.0057092402142977505,0.25
2024-01-23 17:00:00,444.969711226836,0.0,44.496971122683604,0.25
2024-01-23 18:00:00,576.5699258539576,0.0,57.656992585395756,0.04999999999999982
2024-01-23 19:00:00,0.0,452.21433362613396,-45.221433362613396,-0.09999999999999964
2024-01-23 20:00:00,0.0,315.51866007033743,-31.551866007033745,-0.20000000000000018
2024-01-23 21:00:00,0.0,256.1789593513244,-25.61789593513244,-0.10000000000000009
2024-01-23 22:00:00,0.0,339.6548083498183,-33.96548083498183,-0.10000000000000009
2024-01-23 23:00:00,0.0,403.5753483116756,-40.35753483116756,-0.09999999999999964
2024-01-24 00:00:00,0.0,318.41661787917394,-31.841661787917396,-0.050000000000000266
2024-01-24 01:00:00,0.0,276.77096505406246,-27.677096505406247,-0.10000000000000009
2024-01-24 02:00:00,0.0,302.0197994077222,-30.20197994077222,-0.04999999999999982
2024-01-24 03:00:00,0.0,320.29564003993914,-32.02956400399392,-0.04999999999999982
2024-01-24 04:00:00,430.78459780610007,0.0,43.07845978061001,0.19999999999999973
2024-01-24 05:00:00,521.9714282930975,0.0,52.19714282930975,0.25
2024-01-24 06:00:00,509.8385346533465,0.0,50.983853465334654,0.10000000000000009
2024-01-24 07:00:00,0.0,0.0,0.0,0.0
2024-01-24 08:00:00,0.0,332.33735028407415,-33.233735028407416,-0.15000000000000036
2024-01-24 09:00:00,0.0,351.4500610063686,-35.14500610063686,-0.14999999999999947
2024-01-24 10:00:00,0.0,265.29204943084363,-26.529204943084366,-0.050000000000000266
2024-01-24 11:00:00,0.0,324.3105000303008,-32.43105000303008,-0.10000000000000009
2024-01-24 12:00:00,0.0,0.0,0.0,0.0
2024-01-24 13:00:00,0.0,487.66563360105744,-48.76656336010575,-0.09999999999999964
2024-01-24 14:00:00,0.0,259.0632806770244,-25.906328067702443,-0.050000000000000266
2024-01-24 15:00:00,553.8300456259602,0.0,55.38300456259603,0.10000000000000009
2024-01-24 16:00:00,312.9023298883033,0.0,31.290232988830333,0.4500000000000002
2024-01-24 17:00:00,384.4045082867495,0.0,38.440450828674955,0.19999999999999973
2024-01-24 18:00:00,523.2645628909708,0.0,52.32645628909708,0.1499999999999999
2024-01-24 19:00:00,0.0,0.0,0.0,0.0
2024-01-24 20:00:00,0.0,334.1212748285273,-33.41212748285273,-0.09999999999999964
2024-01-24 21:00:00,0.0,295.646187091204,-29.564618709120403,-0.20000000000000018
2024-01-24 22:00:00,0.0,234.7841862258538,-23.47841862258538,-0.10000000000000009
2024-01-24 23:00:00,0.0,257.27633045447334,-25.727633045447334,-0.10000000000000009
2024-01-25 00:00:00,0.0,151.21914837125922,-15.121914837125923,-0.04999999999999982
2024-01-25 01:00:00,0.0,306.5543265710469,-30.65543265710469,-0.1499999999999999
2024-01-25 02:00:00,0.0,349.67008297005634,-34.967008297005634,-0.050000000000000266
2024-01-25 03:00:00,0.0,0.0,0.0,0.0
2024-01-25 04:00:00,526.3197896108205,0.0,52.631978961082055,0.04999999999999982
2024-01-25 05:00:00,534.7097606281561,0.0,53.470976062815616,0.35000000000000053
2024-01-25 06:00:00,311.17828552005744,0.0,31.117828552005747,0.19999999999999973
2024-01-25 07:00:00,451.726653720436,0.0,45.1726653720436,0.10000000000000009
2024-01-25 08:00:00,0.0,389.4173766757326,-38.941737667573264,-0.15000000000000036
2024-01-25 09:00:00,0.0,344.9537817986564,-34.49537817986564,-0.09999999999999964
2024-01-25 10:00:00,0.0,277.28597849656376,-27.728597849656378,-0.15000000000000036
2024-01-25 11:00:00,0.0,285.3729178200871,-28.537291782008708,-0.09999999999999964
2024-01-25 12:00:00,0.0,319.49253437909454,-31.949253437909455,-0.10000000000000009
2024-01-25 13:00:00,0.0,235.59757726494382,-23.559757726494382,-0.10000000000000009
2024-01-25 14:00:00,0.0,0.0,0.0,0.0
2024-01-25 15:00:00,0.0,360.21393502329727,-36.02139350232973,-0.04999999999999982
2024-01-25 16:00:00,563.715381120355,0.0,56.3715381120355,0.25
2024-01-25 17:00:00,434.3261378484914,0.0,43.43261378484914,0.4500000000000002
2024-01-25 18:00:00,723.1781824605321,0.0,72.3178182460532,0.19999999999999973
2024-01-25 19:00:00,247.90545302035244,0.0,24.790545302035245,0.1499999999999999
2024-01-25 20:00:00,0.0,174.37519090838705,-17.437519090838705,-0.09999999999999964
2024-01-25 21:00:00,0.0,250.05386214718476,-25.005386214718477,-0.20000000000000018
2024-01-25 22:00:00,0.0,334.0921352056931,-33.40921352056932,-0.15000000000000036
2024-01-25 23:00:00,0.0,259.91037801372835,-25.991037801372837,-0.09999999999999964
2024-01-26 00:00:00,0.0,288.4141801188358,-28.841418011883583,-0.10000000000000009
2024-01-26 01:00:00,0.0,342.47577479553183,-34.247577479553186,-0.1499999999999999
2024-01-26 02:00:00,0.0,329.8787634196599,-32.98787634196599,-0.04999999999999982
2024-01-26 03:00:00,0.0,395.77828829910936,-39.57782882991094,-0.10000000000000053
2024-01-26 04:00:00,0.0,0.0,0.0,0.0
2024-01-26 05:00:00,641.9482940370705,0.0,64.19482940370705,0.25
2024-01-26 06:00:00,274.64479034170256,0.0,27.464479034170257,0.30000000000000027
2024-01-26 07:00:00,481.178502338468,0.0,48.1178502338468,0.1499999999999999
2024-01-26 08:00:00,520.9068287457135,0.0,52.09068287457135,0.04999999999999982
2024-01-26 09:00:00,0.0,400.98117387832235,-40.09811738783224,-0.14999999999999947
2024-01-26 10:00:00,0.0,339.7991399725154,-33.979913997251536,-0.20000000000000018
2024-01-26 11:00:00,0.0,416.37763129378385,-41.637763129378385,-0.10000000000000009
2024-01-26 12:00:00,0.0,353.5969891490018,-35.35969891490018,-0.10000000000000009
2024-01-26 13:00:00,0.0,263.3710484679468,-26.337104846794684,-0.09999999999999964
2024-01-26 14:00:00,0.0,294.056997622863,-29.4056997622863,-0.050000000000000266
2024-01-26 15:00:00,0.0,313.7081118589914,-31.370811185899143,-0.10000000000000009
2024-01-26 16:00:00,383.9339246264932,0.0,38.393392462649324,0.04999999999999982
2024-01-26 17:00:00,677.9680062373525,0.0,67.79680062373525,0.5
2024-01-26 18:00:00,440.8570490439794,0.0,44.08570490439794,0.30000000000000027
2024-01-26 19:00:00,457.4927759268099,0.0,45.74927759268099,0.1499999999999999
2024-01-26 20:00:00,750.3535079592347,0.0,75.03535079592346,0.04999999999999982
2024-01-26 21:00:00,0.0,349.524644286367,-34.9524644286367,-0.09999999999999964
2024-01-26 22:00:00,0.0,354.24560614843506,-35.42456061484351,-0.25
2024-01-26 23:00:00,0.0,409.1038040159674,-40.91038040159674,-0.20000000000000018
2024-01-27 00:00:00,0.0,330.50426369430727,-33.05042636943073,-0.04999999999999982
2024-01-27 01:00:00,0.0,408.1856489548302,-40.81856489548302,-0.04999999999999982
2024-01-27 02:00:00,0.0,332.3315215191111,-33.23315215191111,-0.10000000000000053
2024-01-27 03:00:00,0.0,368.6364402121546,-36.86364402121546,-0.09999999999999964
2024-01-27 04:00:00,0.0,356.3200006798911,-35.63200006798911,-0.04999999999999982
2024-01-27 05:00:00,383.8266293324556,0.0,38.38266293324556,0.09999999999999964
2024-01-27 06:00:00,717.3162505135762,0.0,71.73162505135763,0.3500000000000001
2024-01-27 07:00:00,441.98838149627295,0.0,44.1988381496273,0.25
2024-01-27 08:00:00,556.2597637570606,0.0,55.62597637570606,0.050000000000000266
2024-01-27 09:00:00,0.0,378.90055693699946,-37.89005569369995,-0.10000000000000053
2024-01-27 10:00:00,0.0,223.28364562428283,-22.328364562428284,-0.14999999999999947
2024-01-27 11:00:00,0.0,240.39327543795048,-24.03932754379505,-0.15000000000000036
2024-01-27 12:00:00,0.0,345.064601366083,-34.506460136608304,-0.09999999999999964
2024-01-27 13:00:00,0.0,364.647921780454,-36.4647921780454,-0.10000000000000053
2024-01-27 14:00:00,0.0,304.02315772692714,-30.402315772692717,-0.04999999999999982
2024-01-27 15:00:00,0.0,274.2389264563082,-27.423892645630822,-0.1499999999999999
2024-01-27 16:00:00,0.0,339.18181816920423,-33.91818181692042,-0.050000000000000266
2024-01-27 17:00:00,402.4301049968639,0.0,40.24301049968639,0.15000000000000036
2024-01-27 18:00:00,445.6427815846071,0.0,44.564278158460716,0.5499999999999998
2024-01-27 19:00:00,552.9133973486439,0.0,55.291339734864394,0.35000000000000053
2024-01-27 20:00:00,411.90859018560775,0.0,41.19085901856078,0.1999999999999993
2024-01-27 21:00:00,0.0,353.43208210045805,-35.34320821004581,-0.04999999999999982
2024-01-27 22:00:00,0.0,374.43112058393774,-37.44311205839377,-0.2999999999999998
2024-01-27 23:00:00,0.0,340.4255234965934,-34.042552349659346,-0.15000000000000036
2024-01-28 00:00:00,0.0,375.05702756839366,-37.50570275683937,-0.19999999999999973
2024-01-28 01:00:00,0.0,367.4633932167117,-36.74633932167117,-0.10000000000000009
2024-01-28 02:00:00,0.0,324.23726687711564,-32.423726687711564,-0.09999999999999964
2024-01-28 03:00:00,0.0,384.45632084541944,-38.44563208454195,-0.10000000000000053
2024-01-28 04:00:00,0.0,335.30658949687194,-33.530658949687194,-0.04999999999999982
2024-01-28 05:00:00,0.0,212.73729139176135,-21.273729139176137,-0.04999999999999982
2024-01-28 06:00:00,527.5400855306758,0.0,52.754008553067585,0.25
2024-01-28 07:00:00,496.1151166743193,0.0,49.611511667431934,0.34999999999999964
2024-01-28 08:00:00,375.13259731438615,0.0,37.513259731438616,0.10000000000000053
2024-01-28 09:00:00,328.2070509462601,0.0,32.820705094626014,0.09999999999999964
2024-01-28 10:00:00,0.0,328.88505241912065,-32.888505241912064,-0.34999999999999964
2024-01-28 11:00:00,0.0,282.8806988048898,-28.28806988048898,-0.050000000000000266
2024-01-28 12:00:00,0.0,290.6527905147907,-29.06527905147907,-0.1499999999999999
2024-01-28 13:00:00,0.0,261.9438322760926,-26.194383227609265,-0.04999999999999982
2024-01-28 14:00:00,0.0,365.53828200800365,-36.55382820080037,-0.050000000000000266
2024-01-28 15:00:00,0.0,407.6687749410135,-40.76687749410135,-0.1499999999999999
2024-01-28 16:00:00,0.0,269.35595258927833,-26.935595258927833,-0.10000000000000009
2024-01-28 17:00:00,0.0,0.0,0.0,0.0
2024-01-28 18:00:00,641.5085266904024,0.0,64.15085266904025,0.44999999999999973
2024-01-28 19:00:00,347.4906204310589,0.0,34.749062043105894,0.35000000000000053
2024-01-28 20:00:00,535.2607824367682,0.0,53.52607824367682,0.34999999999999964
2024-01-28 21:00:00,465.6956700730495,0.0,46.569567007304954,0.10000000000000053
2024-01-28 22:00:00,0.0,289.92929686776927,-28.99292968677693,-0.3000000000000007
2024-01-28 23:00:00,0.0,338.41727000675326,-33.84172700067533,-0.19999999999999973
2024-01-29 00:00:00,0.0,232.05553934747547,-23.20555393474755,-0.19999999999999973
2024-01-29 01:00:00,0.0,350.14330525044625,-35.01433052504463,-0.10000000000000053
2024-01-29 02:00:00,0.0,304.73051643257196,-30.473051643257197,-0.09999999999999964
2024-01-29 03:00:00,0.0,277.3775940687247,-27.73775940687247,-0.04999999999999982
2024-01-29 04:00:00,0.0,356.0366096400156,-35.60366096400156,-0.10000000000000053
2024-01-29 05:00:00,0.0,323.4924961289463,-32.34924961289463,-0.09999999999999964
2024-01-29 06:00:00,725.7106212961858,0.0,72.57106212961858,0.09999999999999964
2024-01-29 07:00:00,437.815531786835,0.0,43.7815531786835,0.40000000000000036
2024-01-29 08:00:00,399.57711034275906,0.0,39.95771103427591,0.09999999999999964
2024-01-29 09:00:00,413.0969513752767,0.0,41.309695137527676,0.25
2024-01-29 10:00:00,0.0,265.47481164652646,-26.54748116465265,-0.19999999999999973
2024-01-29 11:00:00,0.0,360.3933746496142,-36.03933746496142,-0.25
2024-01-29 12:00:00,0.0,0.0,0.0,0.0
2024-01-29 13:00:00,0.0,339.7563189669153,-33.97563189669153,-0.10000000000000009
2024-01-29 14:00:00,0.0,379.37813582773754,-37.93781358277376,-0.09999999999999964
2024-01-29 15:00:00,0.0,370.8462032173252,-37.08462032173252,-0.25
2024-01-29 16:00:00,373.3275420882161,0.0,37.33275420882161,0.14999999999999947
2024-01-29 17:00:00,0.0,409.9193277510717,-40.99193277510717,-0.09999999999999964
2024-01-29 18:00:00,557.6119159895895,0.0,55.76119159895896,0.20000000000000018
2024-01-29 19:00:00,485.7261850480019,0.0,48.5726185048002,0.34999999999999964
2024-01-29 20:00:00,532.102775922683,0.0,53.210277592268305,0.40000000000000036
2024-01-29 21:00:00,260.30413975728595,0.0,26.030413975728596,0.25
2024-01-29 22:00:00,0.0,422.6431960361872,-42.26431960361872,-0.15000000000000036
2024-01-29 23:00:00,0.0,353.63640870345034,-35.36364087034504,-0.20000000000000018
2024-01-30 00:00:00,0.0,344.4030680047556,-34.44030680047556,-0.19999999999999973
2024-01-30 01:00:00,0.0,367.79132002661385,-36.779132002661385,-0.19999999999999973
2024-01-30 02:00:00,0.0,296.6728666255192,-29.66728666255192,-0.050000000000000266
2024-01-30 03:00:00,0.0,359.0181174748665,-35.90181174748665,-0.10000000000000009
2024-01-30 04:00:00,0.0,295.192832583396,-29.519283258339602,-0.09999999999999964
2024-01-30 05:00:00,0.0,254.40784077547312,-25.440784077547313,-0.10000000000000053
2024-01-30 06:00:00,0.0,0.0,0.0,0.0
2024-01-30 07:00:00,327.52233195000383,0.0,32.752233195000386,0.35000000000000053
2024-01-30 08:00:00,353.49287896619956,0.0,35.349287896619956,0.25
2024-01-30 09:00:00,409.5125745506241,0.0,40.95125745506241,0.20000000000000018
2024-01-30 10:00:00,800.0,0.0,80.0,0.04999999999999982
2024-01-30 11:00:00,0.0,224.35589449559865,-22.435589449559867,-0.20000000000000018
2024-01-30 12:00:00,0.0,308.05778891536454,-30.805778891536455,-0.20000000000000018
2024-01-30 13:00:00,0.0,278.35289542921265,-27.835289542921267,-0.1499999999999999
2024-01-30 14:00:00,0.0,361.90321009151194,-36.1903210091512,-0.04999999999999982
2024-01-30 15:00:00,0.0,310.9641610569676,-31.09641610569676,-0.10000000000000009
2024-01-30 16:00:00,0.0,413.06172665283145,-41.30617266528315,-0.15000000000000036
2024-01-30 17:00:00,0.0,379.56372095930215,-37.95637209593021,-0.04999999999999982
2024-01-30 18:00:00,368.25526611686485,0.0,36.825526611686485,0.04999999999999982
2024-01-30 19:00:00,538.4242033827919,0.0,53.8424203382792,0.4500000000000002
2024-01-30 20:00:00,675.6639271670123,0.0,67.56639271670123,0.35000000000000053
2024-01-30 21:00:00,403.47085941648214,0.0,40.34708594164822,0.2999999999999998
2024-01-30 22:00:00,476.58668301271433,0.0,47.65866830127143,0.04999999999999982
2024-01-30 23:00:00,0.0,332.99558685276514,-33.299558685276516,-0.34999999999999964
2024-01-31 00:00:00,0.0,395.4283318090021,-39.54283318090021,-0.20000000000000062
2024-01-31 01:00:00,0.0,438.8215254228554,-43.882152542285546,-0.1499999999999999
2024-01-31 02:00:00,0.0,217.77227777286015,-21.777227777286015,-0.09999999999999964
2024-01-31 03:00:00,0.0,391.4983878511073,-39.14983878511073,-0.10000000000000009
2024-01-31 04:00:00,0.0,285.4386094378128,-28.54386094378128,-0.10000000000000009
2024-01-31 05:00:00,0.0,348.86583961154685,-34.886583961154685,-0.10000000000000009
2024-01-31 06:00:00,0.0,300.7171548497039,-30.07171548497039,-0.050000000000000266
2024-01-31 07:00:00,562.8555243593245,0.0,56.28555243593245,0.10000000000000053
2024-01-31 08:00:00,622.9174187187261,0.0,62.29174187187262,0.39999999999999947
2024-01-31 09:00:00,652.4825702163727,0.0,65.24825702163727,0.15000000000000036
2024-01-31 10:00:00,367.77357779635344,0.0,36.777357779635345,0.09999999999999964
2024-01-31 11:00:00,0.0,300.903625665806,-30.0903625665806,-0.09999999999999964
2024-01-31 12:00:00,0.0,315.94147171709994,-31.594147171709995,-0.1499999999999999
2024-01-31 13:00:00,0.0,493.11873878096594,-49.3118738780966,-0.10000000000000009
2024-01-31 14:00:00,0.0,255.81710293966097,-25.581710293966097,-0.1499999999999999
2024-01-31 15:00:00,0.0,209.74011988906526,-20.974011988906526,-0.050000000000000266
2024-01-31 16:00:00,0.0,237.34214959279737,-23.73421495927974,-0.04999999999999982
2024-01-31 17:00:00,0.0,293.01776155147894,-29.301776155147895,-0.10000000000000009
2024-01-31 18:00:00,0.0,396.3082434720537,-39.63082434720537,-0.050000000000000266
2024-01-31 19:00:00,352.6204755711773,0.0,35.26204755711773,0.25000000000000044
2024-01-31 20:00:00,534.4692932660614,0.0,53.446929326606146,0.3999999999999999
2024-01-31 21:00:00,539.3244462015682,0.0,53.93244462015682,0.25
2024-01-31 22:00:00,433.3367520586852,0.0,43.33367520586852,0.20000000000000018
2024-01-31 23:00:00,0.0,390.9525813045377,-39.09525813045377,-0.20000000000000018
2024-02-01 00:00:00,0.0,353.7994894147775,-35.37994894147775,-0.25
2024-02-01 01:00:00,0.0,295.68893806782467,-29.56889380678247,-0.04999999999999982
2024-02-01 02:00:00,0.0,374.96794666356027,-37.49679466635603,-0.15000000000000036
2024-02-01 03:00:00,0.0,316.35644470791607,-31.635644470791608,-0.10000000000000009
2024-02-01 04:00:00,0.0,291.8393819548553,-29.18393819548553,-0.04999999999999982
2024-02-01 05:00:00,0.0,325.62577377639343,-32.56257737763934,-0.1499999999999999
2024-02-01 06:00:00,0.0,291.9386225902646,-29.19386225902646,-0.050000000000000266
2024-02-01 07:00:00,468.5061453063126,0.0,46.85061453063126,0.050000000000000266
2024-02-01 08:00:00,622.4758638178982,0.0,62.24758638178983,0.34999999999999964
2024-02-01 09:00:00,572.695969525424,0.0,57.2695969525424,0.20000000000000018
2024-02-01 10:00:00,477.37063416665166,0.0,47.737063416665166,0.20000000000000018
2024-02-01 11:00:00,0.0,0.0,0.0,0.0
2024-02-01 12:00:00,0.0,249.96186336818175,-24.996186336818177,-0.15000000000000036
2024-02-01 13:00:00,0.0,290.106459819506,-29.0106459819506,-0.14999999999999947
2024-02-01 14:00:00,0.0,315.95224727035765,-31.595224727035767,-0.10000000000000009
2024-02-01 15:00:00,0.0,310.9357001733049,-31.093570017330492,-0.10000000000000009
2024-02-01 16:00:00,0.0,285.4282700612573,-28.542827006125734,-0.04999999999999982
2024-02-01 17:00:00,0.0,446.0399186966751,-44.60399186966751,-0.04999999999999982
2024-02-01 18:00:00,0.0,353.17326937059795,-35.317326937059796,-0.10000000000000053
2024-02-01 19:00:00,501.2023593050143,0.0,50.12023593050143,0.10000000000000009
2024-02-01 20:00:00,463.80069631063657,0.0,46.38006963106366,0.3999999999999999
2024-02-01 21:00:00,559.9637168782798,0.0,55.99637168782798,0.2999999999999998
2024-02-01 22:00:00,800.0,0.0,80.0,0.20000000000000018
2024-02-01 23:00:00,0.0,178.92195039239135,-17.892195039239137,-0.09999999999999964
2024-02-02 00:00:00,0.0,281.96520172904764,-28.196520172904766,-0.2500000000000009
2024-02-02 01:00:00,0.0,235.5840576885977,-23.55840576885977,-0.1999999999999993
2024-02-02 02:00:00,0.0,324.490386775674,-32.4490386775674,-0.09999999999999964
2024-02-02 03:00:00,0.0,346.93908773212917,-34.69390877321292,-4.440892098500626e-16
2024-02-02 04:00:00,0.0,293.1633046423913,-29.316330464239133,-0.20000000000000018
2024-02-02 05:00:00,415.7424882374805,0.0,41.57424882374805,4.440892098500626e-16
2024-02-02 06:00:00,0.0,295.97560919592746,-29.59756091959275,-0.15000000000000036
2024-02-02 07:00:00,0.0,363.67290472995256,-36.36729047299526,-0.04999999999999982
2024-02-02 08:00:00,726.9602354130211,0.0,72.69602354130211,0.1499999999999999
2024-02-02 09:00:00,750.7825359996133,0.0,75.07825359996133,0.3500000000000001
2024-02-02 10:00:00,518.6903806634824,0.0,51.869038066348246,0.15000000000000036
2024-02-02 11:00:00,438.25121684399807,0.0,43.82512168439981,0.14999999999999947
2024-02-02 12:00:00,0.0,384.4831476413043,-38.44831476413043,-0.20000000000000018
2024-02-02 13:00:00,0.0,338.53548753881824,-33.853548753881824,-0.1499999999999999
2024-02-02 14:00:00,0.0,306.7708775794117,-30.677087757941173,-0.1499999999999999
2024-02-02 15:00:00,0.0,0.0,0.0,0.0
2024-02-02 16:00:00,0.0,201.90914650062368,-20.190914650062368,-0.20000000000000018
2024-02-02 17:00:00,0.0,335.3653209537463,-33.53653209537463,-0.04999999999999982
2024-02-02 18:00:00,0.0,342.8730102520467,-34.28730102520467,-0.09999999999999964
2024-02-02 19:00:00,0.0,310.294391843825,-31.0294391843825,-0.10000000000000009
2024-02-02 20:00:00,404.1052422263778,0.0,40.41052422263778,0.1499999999999999
2024-02-02 21:00:00,800.0,0.0,80.0,0.25
2024-02-02 22:00:00,515.8671937901227,0.0,51.586719379012266,0.2999999999999998
2024-02-02 23:00:00,593.3853395704873,0.0,59.33853395704873,0.04999999999999982
2024-02-03 00:00:00,0.0,455.7792437334891,-45.577924373348914,-0.14999999999999947
2024-02-03 01:00:00,0.0,377.94160006954854,-37.794160006954854,-0.15000000000000036
2024-02-03 02:00:00,0.0,275.7331613771816,-27.573316137718162,-0.19999999999999973
2024-02-03 03:00:00,0.0,305.92517945290035,-30.592517945290037,-0.050000000000000266
2024-02-03 04:00:00,0.0,404.59985030657487,-40.45998503065749,-0.09999999999999964
2024-02-03 05:00:00,0.0,365.8203248651475,-36.58203248651475,-0.04999999999999982
2024-02-03 06:00:00,0.0,437.9954418825941,-43.79954418825941,-0.050000000000000266
2024-02-03 07:00:00,0.0,255.7698934559396,-25.57698934559396,-0.050000000000000266
2024-02-03 08:00:00,0.0,383.16151004753885,-38.316151004753884,-0.04999999999999982
2024-02-03 09:00:00,561.7743856917081,0.0,56.17743856917081,0.3500000000000001
2024-02-03 10:00:00,305.0678151493052,0.0,30.506781514930523,0.19999999999999973
2024-02-03 11:00:00,509.9134350850497,0.0,50.99134350850497,0.2999999999999998
2024-02-03 12:00:00,420.82648533571984,0.0,42.082648533571984,0.05000000000000071
2024-02-03 13:00:00,0.0,280.11683184652884,-28.011683184652885,-0.20000000000000018
2024-02-03 14:00:00,0.0,263.6698724740146,-26.36698724740146,-0.20000000000000018
2024-02-03 15:00:00,0.0,324.4463520494869,-32.44463520494869,-0.04999999999999982
2024-02-03 16:00:00,0.0,307.0523761432474,-30.70523761432474,-0.10000000000000053
2024-02-03 17:00:00,0.0,360.7442377554568,-36.07442377554568,-0.09999999999999964
2024-02-03 18:00:00,0.0,0.0,0.0,0.0
2024-02-03 19:00:00,0.0,442.06710598250527,-44.20671059825053,-0.04999999999999982
2024-02-03 20:00:00,0.0,362.3983872144776,-36.23983872144776,-0.050000000000000266
2024-02-03 21:00:00,474.225726178349,0.0,47.4225726178349,0.1499999999999999
2024-02-03 22:00:00,521.4175111363975,0.0,52.14175111363975,0.20000000000000018
2024-02-03 23:00:00,538.9474352258068,0.0,53.89474352258068,0.09999999999999964
2024-02-04 00:00:00,361.95099449327336,0.0,36.19509944932734,0.050000000000000266
2024-02-04 01:00:00,0.0,351.1542311158315,-35.115423111583155,-0.1499999999999999
2024-02-04 02:00:00,0.0,229.46595164609482,-22.946595164609484,-0.1499999999999999
2024-02-04 03:00:00,0.0,266.6333849544885,-26.663338495448855,-0.050000000000000266
2024-02-04 04:00:00,0.0,303.86177162213687,-30.386177162213688,-0.04999999999999982
2024-02-04 05:00:00,0.0,279.303563665699,-27.930356366569903,-0.04999999999999982
2024-02-04 06:00:00,0.0,404.87231564142246,-40.48723156414225,-0.04999999999999982
2024-02-04 07:00:00,0.0,440.74916560362703,-44.07491656036271,-0.050000000000000266
2024-02-04 08:00:00,0.0,233.26459699893377,-23.326459699893377,-0.050000000000000266
2024-02-04 09:00:00,545.5910884735092,0.0,54.55910884735093,0.10000000000000053
2024-02-04 10:00:00,539.9589536280448,0.0,53.99589536280448,0.14999999999999947
2024-02-04 11:00:00,443.6652836768744,0.0,44.366528367687444,0.25
2024-02-04 12:00:00,689.4803501739556,0.0,68.94803501739555,0.25
2024-02-04 13:00:00,543.4185777015564,0.0,54.34185777015564,0.04999999999999982
2024-02-04 14:00:00,0.0,348.3401486993347,-34.83401486993347,-0.09999999999999964
2024-02-04 15:00:00,0.0,409.96193024867694,-40.996193024867694,-0.15000000000000036
2024-02-04 16:00:00,0.0,343.10408980851446,-34.31040898085145,-0.04999999999999982
2024-02-04 17:00:00,0.0,329.5018019980479,-32.95018019980479,-0.04999999999999982
2024-02-04 18:00:00,0.0,338.2183559764444,-33.821835597644444,-0.04999999999999982
2024-02-04 19:00:00,0.0,0.0,0.0,0.0
2024-02-04 20:00:00,0.0,365.6463711051048,-36.56463711051048,-0.15000000000000036
2024-02-04 21:00:00,0.0,0.0,0.0,0.0
2024-02-04 22:00:00,0.0,0.0,0.0,0.0
2024-02-04 23:00:00,387.70830805207964,0.0,38.770830805207964,0.04999999999999982
2024-02-05 00:00:00,219.90412434821675,0.0,21.99041243482168,0.050000000000000266
2024-02-05 01:00:00,0.0,0.0,0.0,0.0
2024-02-05 02:00:00,0.0,0.0,0.0,0.0
2024-02-05 03:00:00,0.0,277.2027536409831,-27.72027536409831,-0.10000000000000009
2024-02-05 04:00:00,0.0,0.0,0.0,0.0
2024-02-05 05:00:00,0.0,333.6719981729369,-33.367199817293695,-0.09999999999999964
2024-02-05 06:00:00,0.0,395.29113060684665,-39.529113060684665,-0.050000000000000266
2024-02-05 07:00:00,0.0,0.0,0.0,0.0
2024-02-05 08:00:00,0.0,0.0,0.0,0.0
2024-02-05 09:00:00,0.0,265.02277712737043,-26.502277712737044,-0.10000000000000009
2024-02-05 10:00:00,0.0,205.47496798514743,-20.547496798514743,-0.09999999999999964
2024-02-05 11:00:00,513.9253285897543,0.0,51.39253285897543,0.19999999999999973
2024-02-05 12:00:00,532.2786424483686,0.0,53.227864244836866,0.1499999999999999
2024-02-05 13:00:00,567.4807321366379,0.0,56.748073213663794,0.15000000000000036
2024-02-05 14:00:00,469.0583118021783,0.0,46.90583118021783,0.14999999999999947
2024-02-05 15:00:00,125.57544458218003,0.0,12.557544458218004,0.050000000000000266
2024-02-05 16:00:00,0.0,243.4972352074147,-24.34972352074147,-0.050000000000000266
2024-02-05 17:00:00,0.0,261.5007851162601,-26.15007851162601,-0.14999999999999947
2024-02-05 18:00:00,0.0,352.0457018145197,-35.20457018145197,-0.050000000000000266
2024-02-05 19:00:00,0.0,356.52487968015095,-35.652487968015095,-0.050000000000000266
2024-02-05 20:00:00,0.0,272.6686064439606,-27.26686064439606,-0.04999999999999982
2024-02-05 21:00:00,0.0,388.9693338339379,-38.896933383393794,-0.04999999999999982
2024-02-05 22:00:00,0.0,441.5255649884505,-44.15255649884506,-0.04999999999999982
2024-02-05 23:00:00,0.0,351.4582781870476,-35.14582781870476,-0.050000000000000266
2024-02-06 00:00:00,0.0,0.0,0.0,0.0
2024-02-06 01:00:00,576.0065532663409,0.0,57.6006553266341,0.10000000000000009
2024-02-06 02:00:00,432.90306943876584,0.0,43.29030694387659,0.04999999999999982
2024-02-06 03:00:00,387.03481477729775,0.0,38.70348147772978,0.15000000000000036
2024-02-06 04:00:00,0.0,258.80087720189863,-25.880087720189863,-0.04999999999999982
2024-02-06 05:00:00,0.0,314.8793751425781,-31.487937514257812,-0.050000000000000266
2024-02-06 06:00:00,0.0,309.0217981648437,-30.90217981648437,-4.440892098500626e-16
2024-02-06 07:00:00,0.0,269.65566321582753,-26.965566321582756,-0.09999999999999964
2024-02-06 08:00:00,0.0,0.0,0.0,0.0
2024-02-06 09:00:00,0.0,0.0,0.0,0.0
2024-02-06 10:00:00,0.0,332.36105271984934,-33.23610527198493,-0.04999999999999982
2024-02-06 11:00:00,0.0,273.7189168753704,-27.37189168753704,-0.10000000000000009
2024-02-06 12:00:00,0.0,0.0,0.0,0.0
2024-02-06 13:00:00,525.8968997449158,0.0,52.589689974491584,0.1499999999999999
2024-02-06 14:00:00,506.95062426164793,0.0,50.695062426164796,0.20000000000000018
2024-02-06 15:00:00,598.2193151928514,0.0,59.82193151928514,0.25
2024-02-06 16:00:00,0.0,0.0,0.0,0.0
2024-02-06 17:00:00,739.4008030555843,0.0,73.94008030555844,0.20000000000000018
2024-02-06 18:00:00,0.0,431.8734266223799,-43.187342662237995,-0.25000000000000044
2024-02-06 19:00:00,0.0,346.7323001974057,-34.67323001974057,-0.10000000000000009
2024-02-06 20:00:00,0.0,210.48344831471834,-21.048344831471837,-0.14999999999999947
2024-02-06 21:00:00,0.0,404.8664778827301,-40.48664778827302,-0.050000000000000266
2024-02-06 22:00:00,0.0,363.53185948915865,-36.353185948915865,-0.050000000000000266
2024-02-06 23:00:00,0.0,274.90348465836263,-27.490348465836263,-0.09999999999999964
2024-02-07 00:00:00,0.0,326.91957901791596,-32.691957901791596,-0.10000000000000009
2024-02-07 01:00:00,0.0,0.0,0.0,0.0
2024-02-07 02:00:00,689.3266570981452,0.0,68.93266570981453,0.10000000000000009
2024-02-07 03:00:00,386.073753627313,0.0,38.607375362731304,0.09999999999999964
2024-02-07 04:00:00,162.46710835252918,0.0,16.24671083525292,0.10000000000000053
2024-02-07 05:00:00,538.0126082072968,0.0,53.80126082072968,0.04999999999999982
2024-02-07 06:00:00,0.0,473.60074529039093,-47.360074529039096,-0.10000000000000009
2024-02-07 07:00:00,0.0,337.5965960646506,-33.759659606465064,-0.050000000000000266
2024-02-07 08:00:00,0.0,212.1683397692658,-21.21683397692658,-0.04999999999999982
2024-02-07 09:00:00,0.0,228.49397268822042,-22.849397268822045,-0.04999999999999982
2024-02-07 10:00:00,0.0,339.11646949858164,-33.91164694985817,-0.10000000000000009
2024-02-07 11:00:00,0.0,0.0,0.0,0.0
2024-02-07 12:00:00,0.0,370.68533722802675,-37.06853372280268,-0.050000000000000266
2024-02-07 13:00:00,0.0,0.0,0.0,0.0
2024-02-07 14:00:00,447.2703942124175,0.0,44.727039421241756,0.20000000000000018
2024-02-07 15:00:00,83.47522676855915,0.0,8.347522676855915,0.3999999999999999
2024-02-07 16:00:00,217.00682499598386,0.0,21.700682499598386,0.3500000000000001
2024-02-07 17:00:00,693.8925256355512,0.0,69.38925256355513,0.15000000000000036
2024-02-07 18:00:00,0.0,0.0,0.0,0.0
2024-02-07 19:00:00,0.0,230.07773370740026,-23.007773370740026,-0.25
2024-02-07 20:00:00,0.0,259.8391277412138,-25.983912774121382,-0.25000000000000044
2024-02-07 21:00:00,0.0,334.43625203891884,-33.443625203891884,-0.1499999999999999
2024-02-07 22:00:00,0.0,301.2241595821189,-30.12241595821189,-0.1499999999999999
2024-02-07 23:00:00,0.0,297.8415366788708,-29.784153667887082,-0.050000000000000266
2024-02-08 00:00:00,0.0,415.07616748037236,-41.507616748037236,-0.09999999999999964
2024-02-08 01:00:00,0.0,356.6420728347954,-35.66420728347954,-0.04999999999999982
2024-02-08 02:00:00,0.0,368.814315485511,-36.8814315485511,-0.050000000000000266
2024-02-08 03:00:00,535.0560354688838,0.0,53.50560354688838,0.10000000000000009
2024-02-08 04:00:00,245.8483603458708,0.0,24.58483603458708,0.25
2024-02-08 05:00:00,324.21025973457125,0.0,32.42102597345713,0.09999999999999964
2024-02-08 06:00:00,0.0,0.0,0.0,0.0
2024-02-08 07:00:00,0.0,325.71487432146563,-32.57148743214656,-0.04999999999999982
2024-02-08 08:00:00,0.0,195.39703252655116,-19.539703252655116,-0.09999999999999964
2024-02-08 09:00:00,0.0,366.56991114883965,-36.656991114883965,-0.10000000000000053
2024-02-08 10:00:00,0.0,371.74861287426637,-37.17486128742664,-0.04999999999999982
2024-02-08 11:00:00,0.0,278.04444236475723,-27.804444236475724,-0.09999999999999964
2024-02-08 12:00:00,0.0,364.1049545949388,-36.41049545949388,-0.050000000000000266
2024-02-08 13:00:00,0.0,196.263648537019,-19.6263648537019,-0.10000000000000009
2024-02-08 14:00:00,0.0,0.0,0.0,0.0
2024-02-08 15:00:00,463.1705776012749,0.0,46.31705776012749,0.20000000000000018
2024-02-08 16:00:00,648.2006025472608,0.0,64.82006025472609,0.5499999999999998
2024-02-08 17:00:00,542.1145712887147,0.0,54.21145712887147,0.34999999999999964
2024-02-08 18:00:00,408.54616983980816,0.0,40.85461698398082,0.20000000000000018
2024-02-08 19:00:00,0.0,386.8401354655455,-38.68401354655455,-0.09999999999999964
2024-02-08 20:00:00,0.0,372.08571905948935,-37.208571905948936,-0.2999999999999998
2024-02-08 21:00:00,0.0,275.29386066535784,-27.529386066535785,-0.20000000000000018
2024-02-08 22:00:00,0.0,299.15901123601026,-29.915901123601028,-0.20000000000000018
2024-02-08 23:00:00,0.0,322.39838751942926,-32.239838751942926,-0.04999999999999982
2024-02-09 00:00:00,0.0,280.5187448653942,-28.05187448653942,-0.15000000000000036
2024-02-09 01:00:00,0.0,258.6786931173295,-25.86786931173295,-0.09999999999999964
2024-02-09 02:00:00,0.0,262.50778077010386,-26.250778077010388,-0.10000000000000009
2024-02-09 03:00:00,0.0,326.33623394274434,-32.63362339427444,-0.050000000000000266
2024-02-09 04:00:00,518.5166421800477,0.0,51.85166421800477,0.25
2024-02-09 05:00:00,603.1033979048204,0.0,60.31033979048205,0.25
2024-02-09 06:00:00,567.4330918457415,0.0,56.74330918457415,0.10000000000000053
2024-02-09 07:00:00,0.0,0.0,0.0,0.0
2024-02-09 08:00:00,0.0,414.52298102097615,-41.452298102097615,-0.10000000000000053
2024-02-09 09:00:00,0.0,342.26505411342026,-34.226505411342025,-0.09999999999999964
2024-02-09 10:00:00,0.0,315.18646522323587,-31.51864652232359,-0.10000000000000009
2024-02-09 11:00:00,0.0,313.9456322927093,-31.394563229270933,-0.10000000000000009
2024-02-09 12:00:00,0.0,256.0371436057717,-25.60371436057717,-0.09999999999999964
2024-02-09 13:00:00,0.0,336.04589701045035,-33.604589701045036,-0.050000000000000266
2024-02-09 14:00:00,0.0,399.0815750926969,-39.90815750926969,-0.10000000000000009
2024-02-09 15:00:00,0.0,297.38693881742233,-29.738693881742236,-0.10000000000000009
2024-02-09 16:00:00,520.8958246347247,0.0,52.089582463472475,0.5000000000000004
2024-02-09 17:00:00,428.5324560413988,0.0,42.853245604139886,0.5999999999999996
2024-02-09 18:00:00,554.4275323149809,0.0,55.442753231498095,0.34999999999999964
2024-02-09 19:00:00,541.8758134333947,0.0,54.187581343339474,0.15000000000000036
2024-02-09 20:00:00,0.0,238.6778149071645,-23.867781490716453,-0.15000000000000036
2024-02-09 21:00:00,0.0,334.49648457427156,-33.44964845742716,-0.2999999999999998
2024-02-09 22:00:00,0.0,256.4327009301256,-25.64327009301256,-0.25
2024-02-09 23:00:00,0.0,382.57169962228863,-38.257169962228865,-0.1499999999999999
2024-02-10 00:00:00,0.0,371.2041046069522,-37.120410460695226,-0.1499999999999999
2024-02-10 01:00:00,0.0,398.8785398023692,-39.88785398023692,-0.10000000000000009
2024-02-10 02:00:00,0.0,308.8867905073676,-30.888679050736762,-0.1499999999999999
2024-02-10 03:00:00,0.0,248.22044507999783,-24.822044507999784,-0.04999999999999982
2024-02-10 04:00:00,0.0,268.5632261961603,-26.856322619616034,-0.04999999999999982
2024-02-10 05:00:00,494.4413892363823,0.0,49.444138923638235,0.34999999999999964
2024-02-10 06:00:00,191.02517512241815,0.0,19.102517512241814,0.4499999999999993
2024-02-10 07:00:00,543.321909873895,0.0,54.33219098738951,0.20000000000000107
2024-02-10 08:00:00,0.0,374.9374492097283,-37.49374492097283,-0.05000000000000071
2024-02-10 09:00:00,0.0,256.27189168297684,-25.627189168297686,-0.2999999999999998
2024-02-10 10:00:00,0.0,371.9829063642526,-37.19829063642526,-0.20000000000000018
2024-02-10 11:00:00,0.0,261.17807842021455,-26.117807842021456,-0.14999999999999947
2024-02-10 12:00:00,0.0,353.6916037442498,-35.36916037442498,-0.10000000000000009
2024-02-10 13:00:00,0.0,435.45162772207476,-43.545162772207476,-0.10000000000000009
2024-02-10 14:00:00,0.0,348.19736896645276,-34.819736896645274,-0.04999999999999982
2024-02-10 15:00:00,0.0,307.1578049349482,-30.715780493494822,-0.15000000000000036
2024-02-10 16:00:00,0.0,0.0,0.0,0.0
2024-02-10 17:00:00,600.9279659262577,0.0,60.092796592625774,0.5500000000000003
2024-02-10 18:00:00,551.697417688471,0.0,55.1697417688471,0.5999999999999992
2024-02-10 19:00:00,800.0,0.0,80.0,0.3000000000000007
2024-02-10 20:00:00,540.2982267457844,0.0,54.02982267457844,0.15000000000000036
2024-02-10 21:00:00,0.0,378.2028243813637,-37.820282438136374,-0.25
2024-02-10 22:00:00,0.0,263.18333947919507,-26.31833394791951,-0.3000000000000007
2024-02-10 23:00:00,0.0,383.5644994760869,-38.35644994760869,-0.2999999999999998
2024-02-11 00:00:00,0.0,381.2969484107822,-38.12969484107822,-0.1499999999999999
2024-02-11 01:00:00,0.0,221.30345325244178,-22.13034532524418,-0.1499999999999999
2024-02-11 02:00:00,0.0,156.14502225217026,-15.614502225217027,-0.10000000000000009
2024-02-11 03:00:00,0.0,399.19072461790006,-39.91907246179001,-0.10000000000000009
2024-02-11 04:00:00,0.0,276.85085446310677,-27.68508544631068,-0.14999999999999947
2024-02-11 05:00:00,421.4093490483139,0.0,42.1409349048314,0.04999999999999982
2024-02-11 06:00:00,429.38859327285275,0.0,42.93885932728528,0.5
2024-02-11 07:00:00,442.0886092768175,0.0,44.208860927681755,0.20000000000000018
2024-02-11 08:00:00,559.6904242227961,0.0,55.969042422279614,0.04999999999999982
2024-02-11 09:00:00,0.0,353.38594183277223,-35.33859418327722,-0.20000000000000018
2024-02-11 10:00:00,0.0,394.99257677216724,-39.499257677216725,-0.04999999999999982
2024-02-11 11:00:00,0.0,395.2210645261829,-39.52210645261829,-0.15000000000000036
2024-02-11 12:00:00,0.0,293.07466059636056,-29.307466059636056,-0.09999999999999964
2024-02-11 13:00:00,0.0,427.2666444504473,-42.72666444504473,-0.04999999999999982
2024-02-11 14:00:00,0.0,250.5722249517973,-25.05722249517973,-0.15000000000000036
2024-02-11 15:00:00,0.0,380.96187261076005,-38.096187261076004,-0.09999999999999964
2024-02-11 16:00:00,0.0,301.3393309277525,-30.13393309277525,-0.10000000000000053
2024-02-11 17:00:00,454.9348160520192,0.0,45.49348160520192,0.10000000000000053
2024-02-11 18:00:00,506.83204385552807,0.0,50.68320438555281,0.7999999999999998
2024-02-11 19:00:00,642.8233811783768,0.0,64.28233811783768,0.5
2024-02-11 20:00:00,367.66199098371595,0.0,36.766199098371594,0.25
2024-02-11 21:00:00,0.0,373.1023409366461,-37.31023409366461,-0.04999999999999982
2024-02-11 22:00:00,0.0,398.6063208154115,-39.860632081541155,-0.3000000000000007
2024-02-11 23:00:00,0.0,261.04268103733455,-26.104268103733457,-0.34999999999999964
2024-02-12 00:00:00,0.0,336.7545897310056,-33.67545897310056,-0.20000000000000018
2024-02-12 01:00:00,0.0,305.2801138189019,-30.52801138189019,-0.1499999999999999
2024-02-12 02:00:00,0.0,319.268302956601,-31.926830295660103,-0.1499999999999999
2024-02-12 03:00:00,0.0,338.6327493534716,-33.86327493534716,-0.10000000000000009
2024-02-12 04:00:00,0.0,318.9528521673504,-31.89528521673504,-0.10000000000000009
2024-02-12 05:00:00,0.0,370.12585785568234,-37.012585785568234,-0.04999999999999982
2024-02-12 06:00:00,439.9850053498436,0.0,43.998500534984366,0.15000000000000036
2024-02-12 07:00:00,672.4298039977996,0.0,67.24298039977997,0.4499999999999993
2024-02-12 08:00:00,356.01894413826693,0.0,35.60189441382669,0.15000000000000036
2024-02-12 09:00:00,0.0,0.0,0.0,0.0
2024-02-12 10:00:00,0.0,348.7403629375349,-34.87403629375349,-0.09999999999999964
2024-02-12 11:00:00,0.0,306.1904151767919,-30.61904151767919,-0.10000000000000053
2024-02-12 12:00:00,0.0,302.658726696529,-30.265872669652904,-0.20000000000000018
2024-02-12 13:00:00,0.0,352.3443093756365,-35.23443093756365,-0.09999999999999964
2024-02-12 14:00:00,0.0,267.97947365474636,-26.797947365474638,-0.09999999999999964
2024-02-12 15:00:00,0.0,322.12936629278727,-32.21293662927873,-0.10000000000000053
2024-02-12 16:00:00,0.0,292.1345102218888,-29.213451022188877,-0.14999999999999947
2024-02-12 17:00:00,502.69540158266216,0.0,50.26954015826622,0.04999999999999982
2024-02-12 18:00:00,394.919344305865,0.0,39.491934430586504,0.20000000000000018
2024-02-12 19:00:00,250.27186895276265,0.0,25.027186895276266,0.75
2024-02-12 20:00:00,457.73983635816626,0.0,45.77398363581663,0.39999999999999947
2024-02-12 21:00:00,304.203350697988,0.0,30.420335069798803,0.14999999999999947
2024-02-12 22:00:00,0.0,225.65792059394454,-22.565792059394454,-0.09999999999999964
2024-02-12 23:00:00,0.0,320.5514915269722,-32.05514915269722,-0.34999999999999964
2024-02-13 00:00:00,0.0,235.7692189014577,-23.57692189014577,-0.25
2024-02-13 01:00:00,0.0,282.83019463117944,-28.283019463117945,-0.20000000000000018
2024-02-13 02:00:00,0.0,201.653536289702,-20.165353628970202,-0.1499999999999999
2024-02-13 03:00:00,0.0,352.53325099676863,-35.253325099676864,-0.1499999999999999
2024-02-13 04:00:00,0.0,293.0818826284969,-29.30818826284969,-0.10000000000000009
2024-02-13 05:00:00,0.0,233.7281091904684,-23.37281091904684,-0.10000000000000009
2024-02-13 06:00:00,0.0,356.4057759022263,-35.640577590222634,-0.09999999999999964
2024-02-13 07:00:00,382.92931819009095,0.0,38.2929318190091,0.3999999999999999
2024-02-13 08:00:00,362.9651221850259,0.0,36.29651221850259,0.30000000000000027
2024-02-13 09:00:00,539.390341974109,0.0,53.939034197410905,0.09999999999999964
2024-02-13 10:00:00,0.0,0.0,0.0,0.0
2024-02-13 11:00:00,0.0,199.7118790209224,-19.97118790209224,-0.20000000000000018
2024-02-13 12:00:00,0.0,308.04627330254687,-30.80462733025469,-0.10000000000000009
2024-02-13 13:00:00,0.0,297.0633992243936,-29.706339922439362,-0.10000000000000009
2024-02-13 14:00:00,0.0,298.1148115841346,-29.81148115841346,-0.09999999999999964
2024-02-13 15:00:00,0.0,351.5581082798196,-35.15581082798196,-0.1499999999999999
2024-02-13 16:00:00,0.0,300.97777122826056,-30.09777712282606,-0.050000000000000266
2024-02-13 17:00:00,0.0,287.0472304094275,-28.704723040942753,-0.09999999999999964
2024-02-13 18:00:00,0.0,318.61540604810716,-31.861540604810717,-0.04999999999999982
2024-02-13 19:00:00,598.5043940389803,0.0,59.85043940389804,0.5499999999999994
2024-02-13 20:00:00,551.065657958543,0.0,55.10656579585431,0.5500000000000003
2024-02-13 21:00:00,478.98725999171694,0.0,47.898725999171695,0.2999999999999998
2024-02-13 22:00:00,416.0943389349488,0.0,41.60943389349488,0.04999999999999982
2024-02-13 23:00:00,0.0,308.7410657878626,-30.874106578786265,-0.1999999999999993
2024-02-14 00:00:00,0.0,303.3882071937411,-30.338820719374112,-0.25
2024-02-14 01:00:00,0.0,314.8188731201375,-31.48188731201375,-0.3000000000000007
2024-02-14 02:00:00,0.0,358.35202577994403,-35.8352025779944,-0.14999999999999947
2024-02-14 03:00:00,0.0,414.2806125609595,-41.42806125609596,-0.15000000000000036
2024-02-14 04:00:00,0.0,294.25738928681534,-29.425738928681536,-0.09999999999999964
2024-02-14 05:00:00,0.0,233.23553796231033,-23.323553796231035,-0.10000000000000053
2024-02-14 06:00:00,0.0,458.60569627296445,-45.86056962729645,-0.09999999999999964
2024-02-14 07:00:00,349.2717847945908,0.0,34.92717847945908,0.04999999999999982
2024-02-14 08:00:00,442.8484253326778,0.0,44.28484253326778,0.5000000000000009
2024-02-14 09:00:00,457.44590810202095,0.0,45.7445908102021,0.14999999999999947
2024-02-14 10:00:00,682.0860585979729,0.0,68.20860585979729,0.10000000000000053
2024-02-14 11:00:00,0.0,256.9595691595549,-25.69595691595549,-0.05000000000000071
2024-02-14 12:00:00,0.0,239.8136148040622,-23.98136148040622,-0.15000000000000036
2024-02-14 13:00:00,0.0,355.7464199256427,-35.574641992564274,-0.1499999999999999
2024-02-14 14:00:00,0.0,403.2573256831791,-40.32573256831791,-0.10000000000000009
2024-02-14 15:00:00,0.0,353.04678431254666,-35.304678431254665,-0.09999999999999964
2024-02-14 16:00:00,0.0,439.92715847448756,-43.99271584744876,-0.09999999999999964
2024-02-14 17:00:00,0.0,323.6187895883959,-32.36187895883959,-0.050000000000000266
2024-02-14 18:00:00,0.0,324.2977436656846,-32.42977436656846,-0.1499999999999999
2024-02-14 19:00:00,623.7405290828922,0.0,62.37405290828922,0.09999999999999964
2024-02-14 20:00:00,236.3662173147535,0.0,23.63662173147535,0.6500000000000004
2024-02-14 21:00:00,618.2856721402925,0.0,61.82856721402925,0.39999999999999947
2024-02-14 22:00:00,622.654872184608,0.0,62.265487218460805,0.25
2024-02-14 23:00:00,0.0,427.67536391878593,-42.76753639187859,-0.09999999999999964
2024-02-15 00:00:00,0.0,211.38322400872204,-21.138322400872205,-0.2999999999999998
2024-02-15 01:00:00,0.0,407.1791605033121,-40.71791605033121,-0.25
2024-02-15 02:00:00,0.0,352.79948071724186,-35.279948071724185,-0.20000000000000018
2024-02-15 03:00:00,0.0,373.2022506268703,-37.32022506268703,-0.15000000000000036
2024-02-15 04:00:00,0.0,246.98701958623724,-24.698701958623726,-0.09999999999999964
2024-02-15 05:00:00,0.0,274.60769524365253,-27.460769524365254,-0.1499999999999999
2024-02-15 06:00:00,0.0,364.7247303971199,-36.47247303971199,-0.10000000000000009
2024-02-15 07:00:00,0.0,267.33995450718976,-26.73399545071898,-0.09999999999999964
2024-02-15 08:00:00,171.44982066774045,0.0,17.144982066774045,0.2999999999999998
2024-02-15 09:00:00,532.1810064887372,0.0,53.21810064887373,0.34999999999999964
2024-02-15 10:00:00,510.6076400227591,0.0,51.06076400227591,0.20000000000000018
2024-02-15 11:00:00,0.0,357.73644186440043,-35.773644186440045,-0.04999999999999982
2024-02-15 12:00:00,0.0,267.6633706514232,-26.76633706514232,-0.14999999999999947
2024-02-15 13:00:00,0.0,373.8396518058431,-37.38396518058431,-0.10000000000000053
2024-02-15 14:00:00,0.0,380.323445039794,-38.0323445039794,-0.15000000000000036
2024-02-15 15:00:00,0.0,359.13149167554906,-35.913149167554906,-0.04999999999999982
2024-02-15 16:00:00,0.0,328.05420771024023,-32.805420771024025,-0.09999999999999964
2024-02-15 17:00:00,0.0,298.8468628040591,-29.884686280405916,-0.10000000000000053
2024-02-15 18:00:00,0.0,353.9082292236506,-35.39082292236506,-0.04999999999999982
2024-02-15 19:00:00,0.0,385.8864241082664,-38.588642410826644,-0.04999999999999982
2024-02-15 20:00:00,589.7530656698628,0.0,58.97530656698629,0.39999999999999947
2024-02-15 21:00:00,446.7642682862389,0.0,44.676426828623896,0.6000000000000005
2024-02-15 22:00:00,533.6824473596408,0.0,53.36824473596408,0.34999999999999964
2024-02-15 23:00:00,719.9801044377851,0.0,71.99801044377851,0.04999999999999982
2024-02-16 00:00:00,0.0,354.358275430547,-35.4358275430547,-0.2999999999999998
2024-02-16 01:00:00,0.0,277.0128743977521,-27.701287439775214,-0.20000000000000018
2024-02-16 02:00:00,0.0,262.67594914775685,-26.267594914775685,-0.2999999999999998
2024-02-16 03:00:00,0.0,427.51495097586064,-42.751495097586066,-0.09999999999999964
2024-02-16 04:00:00,0.0,441.0040502363111,-44.10040502363111,-0.15000000000000036
2024-02-16 05:00:00,0.0,459.5739447311707,-45.95739447311707,-0.04999999999999982
2024-02-16 06:00:00,0.0,245.00174125756376,-24.500174125756377,-0.1499999999999999
2024-02-16 07:00:00,0.0,293.41732175438557,-29.34173217543856,-0.050000000000000266
2024-02-16 08:00:00,0.0,0.0,0.0,0.0
2024-02-16 09:00:00,534.4103774232234,0.0,53.441037742322344,0.5
2024-02-16 10:00:00,431.4594415477312,0.0,43.145944154773126,0.35000000000000053
2024-02-16 11:00:00,656.9053990768577,0.0,65.69053990768577,0.25
2024-02-16 12:00:00,0.0,379.3591370464474,-37.93591370464474,-0.10000000000000053
2024-02-16 13:00:00,0.0,265.6396466531172,-26.563964665311723,-0.25
2024-02-16 14:00:00,0.0,378.12858530850474,-37.81285853085048,-0.25
2024-02-16 15:00:00,0.0,425.816039115584,-42.5816039115584,-0.09999999999999964
2024-02-16 16:00:00,0.0,375.0380012647737,-37.50380012647737,-0.15000000000000036
2024-02-16 17:00:00,0.0,420.62254626881924,-42.06225462688192,-0.09999999999999964
2024-02-16 18:00:00,0.0,475.9196416277726,-47.59196416277726,-0.050000000000000266
2024-02-16 19:00:00,0.0,456.9932159229337,-45.69932159229337,-0.10000000000000009
2024-02-16 20:00:00,0.0,0.0,0.0,0.0
2024-02-16 21:00:00,547.5172222553932,0.0,54.751722225539325,0.15000000000000036
2024-02-16 22:00:00,655.4727762476373,0.0,65.54727762476374,0.19999999999999973
2024-02-16 23:00:00,635.6384460485767,0.0,63.56384460485768,0.10000000000000009
2024-02-17 00:00:00,0.0,352.40233204976835,-35.24023320497684,-0.04999999999999982
2024-02-17 01:00:00,0.0,394.5690367780856,-39.45690367780856,-0.10000000000000009
2024-02-17 02:00:00,0.0,343.5928008993112,-34.359280089931126,-0.050000000000000266
2024-02-17 03:00:00,0.0,398.2168462572422,-39.821684625724224,-0.09999999999999964
2024-02-17 04:00:00,0.0,304.5375654329134,-30.453756543291345,-0.04999999999999982
2024-02-17 05:00:00,0.0,302.59107879270675,-30.259107879270676,-0.15000000000000036
2024-02-17 06:00:00,0.0,0.0,0.0,0.0
2024-02-17 07:00:00,0.0,394.19353214821683,-39.41935321482168,-0.09999999999999964
2024-02-17 08:00:00,0.0,0.0,0.0,0.0
2024-02-17 09:00:00,444.586798603927,0.0,44.4586798603927,0.19999999999999973
2024-02-17 10:00:00,571.0993111038921,0.0,57.10993111038921,0.3999999999999999
2024-02-17 11:00:00,491.1775335571088,0.0,49.11775335571088,0.3000000000000007
2024-02-17 12:00:00,598.9063561215548,0.0,59.890635612155485,0.09999999999999964
2024-02-17 13:00:00,0.0,289.138731531233,-28.913873153123305,-0.15000000000000036
2024-02-17 14:00:00,0.0,365.6576473986754,-36.56576473986754,-0.25
2024-02-17 15:00:00,0.0,298.8661278514131,-29.886612785141313,-0.15000000000000036
2024-02-17 16:00:00,0.0,433.7983294086059,-43.379832940860595,-0.14999999999999947
2024-02-17 17:00:00,0.0,214.08771704019705,-21.408771704019706,-0.04999999999999982
2024-02-17 18:00:00,0.0,225.83649070913182,-22.583649070913182,-0.050000000000000266
2024-02-17 19:00:00,0.0,255.70640545194163,-25.570640545194166,-0.050000000000000266
2024-02-17 20:00:00,0.0,138.23522061687356,-13.823522061687356,-0.04999999999999982
2024-02-17 21:00:00,0.0,0.0,0.0,0.0
2024-02-17 22:00:00,349.3162720808322,0.0,34.93162720808322,0.15000000000000036
2024-02-17 23:00:00,452.64306296006384,0.0,45.26430629600639,0.09999999999999964
2024-02-18 00:00:00,0.0,0.0,0.0,0.0
2024-02-18 01:00:00,0.0,0.0,0.0,0.0
2024-02-18 02:00:00,0.0,304.8340673520754,-30.48340673520754,-0.09999999999999964
2024-02-18 03:00:00,0.0,256.2040843002957,-25.62040843002957,-0.050000000000000266
2024-02-18 04:00:00,0.0,430.62707061564885,-43.062707061564886,-0.050000000000000266
2024-02-18 05:00:00,0.0,404.39789210781186,-40.439789210781186,-0.04999999999999982
2024-02-18 06:00:00,0.0,260.9894092106838,-26.09894092106838,-0.04999999999999982
2024-02-18 07:00:00,0.0,348.4227355106032,-34.84227355106032,-0.04999999999999982
2024-02-18 08:00:00,0.0,365.12334603763793,-36.5123346037638,-0.050000000000000266
2024-02-18 09:00:00,526.9781871229866,0.0,52.69781871229866,0.10000000000000009
2024-02-18 10:00:00,484.0963862807657,0.0,48.40963862807658,0.1499999999999999
2024-02-18 11:00:00,333.06039120804,0.0,33.306039120804,0.2999999999999998
2024-02-18 12:00:00,377.2139836865503,0.0,37.72139836865503,0.19999999999999973
2024-02-18 13:00:00,780.1140021274516,0.0,78.01140021274517,0.05000000000000071
2024-02-18 14:00:00,0.0,0.0,0.0,0.0
2024-02-18 15:00:00,0.0,262.583491584375,-26.2583491584375,-0.25000000000000044
2024-02-18 16:00:00,0.0,341.9784114709864,-34.197841147098636,-0.10000000000000009
2024-02-18 17:00:00,0.0,359.0342578289048,-35.90342578289048,-0.09999999999999964
2024-02-18 18:00:00,0.0,335.778408825388,-33.5778408825388,-0.10000000000000009
2024-02-18 19:00:00,0.0,0.0,0.0,0.0
2024-02-18 20:00:00,0.0,380.15433400880795,-38.015433400880795,-0.050000000000000266
2024-02-18 21:00:00,0.0,286.9230947927888,-28.69230947927888,-0.04999999999999982
2024-02-18 22:00:00,0.0,225.99998830229617,-22.59999883022962,-0.04999999999999982
2024-02-18 23:00:00,0.0,0.0,0.0,0.0
2024-02-19 00:00:00,462.32836193753246,0.0,46.23283619375325,0.04999999999999982
2024-02-19 01:00:00,0.0,0.0,0.0,0.0
2024-02-19 02:00:00,0.0,0.0,0.0,0.0
2024-02-19 03:00:00,0.0,0.0,0.0,0.0
2024-02-19 04:00:00,0.0,239.81663984096286,-23.981663984096286,-0.04999999999999982
2024-02-19 05:00:00,0.0,0.0,0.0,0.0
2024-02-19 06:00:00,0.0,208.84261208234165,-20.884261208234165,-0.04999999999999982
2024-02-19 07:00:00,0.0,450.21341245371514,-45.02134124537152,-0.050000000000000266
2024-02-19 08:00:00,0.0,284.3430608916795,-28.43430608916795,-0.050000000000000266
2024-02-19 09:00:00,0.0,0.0,0.0,0.0
2024-02-19 10:00:00,0.0,0.0,0.0,0.0
2024-02-19 11:00:00,618.6945990300726,0.0,61.86945990300726,0.15000000000000036
2024-02-19 12:00:00,528.4335590625988,0.0,52.84335590625988,0.04999999999999982
2024-02-19 13:00:00,551.0526164930857,0.0,55.105261649308574,0.20000000000000018
2024-02-19 14:00:00,494.0418252221139,0.0,49.40418252221139,0.04999999999999982
2024-02-19 15:00:00,473.908530064398,0.0,47.390853006439805,0.25
2024-02-19 16:00:00,0.0,336.1135170133593,-33.61135170133593,-0.10000000000000009
2024-02-19 17:00:00,0.0,311.4895558587681,-31.14895558587681,-0.1499999999999999
2024-02-19 18:00:00,0.0,358.7661589431483,-35.87661589431483,-0.1499999999999999
2024-02-19 19:00:00,0.0,380.3648215845814,-38.03648215845814,-0.050000000000000266
2024-02-19 20:00:00,0.0,271.9340082218671,-27.19340082218671,-0.09999999999999964
2024-02-19 21:00:00,0.0,0.0,0.0,0.0
2024-02-19 22:00:00,0.0,287.1833747773482,-28.71833747773482,-0.10000000000000009
2024-02-19 23:00:00,0.0,0.0,0.0,0.0
2024-02-20 00:00:00,0.0,0.0,0.0,0.0
2024-02-20 01:00:00,0.0,464.60875966893445,-46.46087596689345,-0.050000000000000266
2024-02-20 02:00:00,625.7197503120825,0.0,62.571975031208254,0.10000000000000009
2024-02-20 03:00:00,532.3288058929879,0.0,53.232880589298794,0.10000000000000009
2024-02-20 04:00:00,477.50070222462006,0.0,47.75007022246201,0.10000000000000009
2024-02-20 05:00:00,493.4714256756184,0.0,49.34714256756184,0.04999999999999982
2024-02-20 06:00:00,469.87018256316384,0.0,46.98701825631639,0.050000000000000266
2024-02-20 07:00:00,0.0,299.39212720283257,-29.93921272028326,-0.04999999999999982
2024-02-20 08:00:00,0.0,285.5092971511531,-28.55092971511531,-0.10000000000000053
2024-02-20 09:00:00,0.0,0.0,0.0,0.0
2024-02-20 10:00:00,0.0,248.73567094867568,-24.873567094867568,-0.04999999999999982
2024-02-20 11:00:00,0.0,0.0,0.0,0.0
2024-02-20 12:00:00,0.0,0.0,0.0,0.0
2024-02-20 13:00:00,677.7350804721697,0.0,67.77350804721696,0.04999999999999982
2024-02-20 14:00:00,511.28559547559803,0.0,51.1285595475598,0.25
2024-02-20 15:00:00,472.39528495305655,0.0,47.239528495305656,0.39999999999999947
2024-02-20 16:00:00,595.3154303875453,0.0,59.531543038754535,0.20000000000000107
2024-02-20 17:00:00,431.2457264685487,0.0,43.12457264685487,0.04999999999999982
2024-02-20 18:00:00,0.0,248.86769779557676,-24.886769779557678,-0.20000000000000018
2024-02-20 19:00:00,0.0,325.65881550087124,-32.56588155008713,-0.2999999999999998
2024-02-20 20:00:00,0.0,265.3094871838898,-26.530948718388984,-0.050000000000000266
2024-02-20 21:00:00,0.0,300.6159079902251,-30.06159079902251,-0.1499999999999999
2024-02-20 22:00:00,0.0,0.0,0.0,0.0
2024-02-20 23:00:00,0.0,298.88246083376094,-29.888246083376096,-0.1499999999999999
2024-02-21 00:00:00,0.0,248.96744274850576,-24.896744274850576,-0.050000000000000266
2024-02-21 01:00:00,0.0,301.2734944130391,-30.12734944130391,-0.04999999999999982
2024-02-21 02:00:00,0.0,0.0,0.0,0.0
2024-02-21 03:00:00,490.48456745990205,0.0,49.04845674599021,0.04999999999999982
2024-02-21 04:00:00,728.7416394715785,0.0,72.87416394715785,0.15000000000000036
2024-02-21 05:00:00,0.0,159.30517591246218,-15.930517591246218,-0.6000000000000005
2024-02-21 06:00:00,512.0655636809422,0.0,51.206556368094226,0.7000000000000002
2024-02-21 07:00:00,0.0,317.94717223489624,-31.794717223489627,-0.04999999999999982
2024-02-21 08:00:00,0.0,331.13287772028707,-33.113287772028706,-0.20000000000000018
2024-02-21 09:00:00,303.5422962547743,0.0,30.354229625477434,0.10000000000000009
2024-02-21 10:00:00,0.0,321.8930888249525,-32.18930888249525,-1.4
2024-02-21 11:00:00,511.69446827540264,0.0,51.16944682754027,1.35
2024-02-21 12:00:00,0.0,199.73236559765462,-19.973236559765464,-0.050000000000000266
2024-02-21 13:00:00,0.0,305.37225082415955,-30.537225082415958,-0.04999999999999982
2024-02-21 14:00:00,389.30955636973846,0.0,38.93095563697385,0.10000000000000009
2024-02-21 15:00:00,495.84520772957796,0.0,49.5845207729578,0.3500000000000001
2024-02-21 16:00:00,599.3115219535056,0.0,59.93115219535056,0.2999999999999998
2024-02-21 17:00:00,676.3814403897793,0.0,67.63814403897793,0.15000000000000036
2024-02-21 18:00:00,0.0,0.0,0.0,0.0
2024-02-21 19:00:00,0.0,305.5248342214693,-30.55248342214693,-0.15000000000000036
2024-02-21 20:00:00,0.0,374.54760184106135,-37.454760184106135,-0.09999999999999964
2024-02-21 21:00:00,0.0,296.74381928911066,-29.674381928911068,-0.10000000000000053
2024-02-21 22:00:00,0.0,305.96800637887674,-30.596800637887675,-0.10000000000000009
2024-02-21 23:00:00,0.0,382.0133473520957,-38.20133473520957,-0.04999999999999982
2024-02-22 00:00:00,0.0,368.1034291750026,-36.81034291750026,-0.10000000000000009
2024-02-22 01:00:00,0.0,350.0018756640298,-35.00018756640298,-0.04999999999999982
2024-02-22 02:00:00,0.0,404.3682374081871,-40.43682374081871,-0.10000000000000009
2024-02-22 03:00:00,536.6873393303134,0.0,53.66873393303135,0.04999999999999982
2024-02-22 04:00:00,187.11809844798657,0.0,18.71180984479866,0.25
2024-02-22 05:00:00,280.08943822215815,0.0,28.008943822215816,0.20000000000000062
2024-02-22 06:00:00,573.4869093581145,0.0,57.348690935811454,0.04999999999999982
2024-02-22 07:00:00,0.0,0.0,0.0,0.0
2024-02-22 08:00:00,0.0,240.01722498746318,-24.001722498746318,-0.10000000000000053
2024-02-22 09:00:00,0.0,285.7764429533687,-28.57764429533687,-0.09999999999999964
2024-02-22 10:00:00,0.0,415.80847407825695,-41.5808474078257,-0.04999999999999982
2024-02-22 11:00:00,0.0,266.4546998146325,-26.64546998146325,-0.050000000000000266
2024-02-22 12:00:00,0.0,321.7787595485082,-32.177875954850826,-0.10000000000000009
2024-02-22 13:00:00,0.0,383.79541886286097,-38.3795418862861,-0.04999999999999982
2024-02-22 14:00:00,0.0,341.9466547175094,-34.19466547175094,-0.10000000000000009
2024-02-22 15:00:00,495.86502221155064,0.0,49.586502221155065,0.10000000000000009
2024-02-22 16:00:00,519.8915242162096,0.0,51.989152421620965,0.40000000000000036
2024-02-22 17:00:00,678.1426594191709,0.0,67.81426594191709,0.1999999999999993
2024-02-22 18:00:00,596.8862925138787,0.0,59.68862925138788,0.15000000000000036
2024-02-22 19:00:00,0.0,355.65159286434834,-35.565159286434834,-0.04999999999999982
2024-02-22 20:00:00,0.0,405.5049604344234,-40.550496043442344,-0.25
2024-02-22 21:00:00,0.0,393.0687312239411,-39.30687312239411,-0.04999999999999982
2024-02-22 22:00:00,0.0,315.1669934342312,-31.51669934342312,-0.10000000000000053
2024-02-22 23:00:00,0.0,307.5452953473879,-30.75452953473879,-0.09999999999999964
2024-02-23 00:00:00,0.0,327.32020463301615,-32.732020463301616,-0.10000000000000053
2024-02-23 01:00:00,0.0,344.50644385435766,-34.450644385435766,-0.04999999999999982
2024-02-23 02:00:00,0.0,262.41624706426035,-26.241624706426038,-0.09999999999999964
2024-02-23 03:00:00,0.0,232.6257866109588,-23.262578661095883,-0.050000000000000266
2024-02-23 04:00:00,529.1220205561933,0.0,52.91220205561933,0.050000000000000266
2024-02-23 05:00:00,444.08892107783834,0.0,44.408892107783835,0.24999999999999956
2024-02-23 06:00:00,399.83383232781773,0.0,39.983383232781776,0.1499999999999999
2024-02-23 07:00:00,0.0,0.0,0.0,0.0
2024-02-23 08:00:00,0.0,285.2275074326119,-28.52275074326119,-0.09999999999999964
2024-02-23 09:00:00,0.0,307.6784439295751,-30.767844392957514,-0.050000000000000266
2024-02-23 10:00:00,0.0,349.383169195639,-34.9383169195639,-0.10000000000000009
2024-02-23 11:00:00,0.0,312.55881558746506,-31.25588155874651,-0.09999999999999964
2024-02-23 12:00:00,0.0,232.79535002892686,-23.279535002892686,-0.04999999999999982
2024-02-23 13:00:00,0.0,293.12953693538867,-29.31295369353887,-0.10000000000000053
2024-02-23 14:00:00,0.0,252.21080645803386,-25.221080645803386,-0.04999999999999982
2024-02-23 15:00:00,0.0,0.0,0.0,0.0
2024-02-23 16:00:00,447.2132514348816,0.0,44.721325143488166,0.20000000000000018
2024-02-23 17:00:00,469.5898728407225,0.0,46.95898728407225,0.4499999999999993
2024-02-23 18:00:00,556.7639747401397,0.0,55.676397474013974,0.15000000000000036
2024-02-23 19:00:00,496.5861070105603,0.0,49.658610701056034,0.05000000000000071
2024-02-23 20:00:00,0.0,312.7434268391247,-31.274342683912472,-0.20000000000000018
2024-02-23 21:00:00,0.0,225.1009305509644,-22.51009305509644,-0.10000000000000053
2024-02-23 22:00:00,0.0,293.57893821578796,-29.3578938215788,-0.09999999999999964
2024-02-23 23:00:00,0.0,355.0058156024201,-35.50058156024201,-0.10000000000000009
2024-02-24 00:00:00,0.0,285.16970558471195,-28.516970558471197,-0.10000000000000009
2024-02-24 01:00:00,0.0,336.82587876367074,-33.68258787636707,-0.14999999999999947
2024-02-24 02:00:00,0.0,303.871475574922,-30.3871475574922,-4.440892098500626e-16
2024-02-24 03:00:00,0.0,176.43335212647975,-17.643335212647976,-0.1499999999999999
2024-02-24 04:00:00,463.4719365548558,0.0,46.34719365548558,0.04999999999999982
2024-02-24 05:00:00,195.5920571875395,0.0,19.55920571875395,0.2999999999999998
2024-02-24 06:00:00,647.451516315383,0.0,64.74515163153829,0.25
2024-02-24 07:00:00,530.4746557301621,0.0,53.04746557301621,0.05000000000000071
2024-02-24 08:00:00,0.0,0.0,0.0,0.0
2024-02-24 09:00:00,0.0,241.31352197773214,-24.131352197773214,-0.15000000000000036
2024-02-24 10:00:00,0.0,274.3972602937442,-27.43972602937442,-0.10000000000000009
2024-02-24 11:00:00,0.0,245.90137285703327,-24.590137285703328,-0.050000000000000266
2024-02-24 12:00:00,0.0,287.29163154049513,-28.729163154049516,-0.14999999999999947
2024-02-24 13:00:00,0.0,266.80387476190396,-26.680387476190397,-0.10000000000000009
2024-02-24 14:00:00,0.0,281.662373389317,-28.1662373389317,-0.050000000000000266
2024-02-24 15:00:00,0.0,268.4746848998838,-26.847468489988383,-0.04999999999999982
2024-02-24 16:00:00,758.9061901313464,0.0,75.89061901313464,0.04999999999999982
2024-02-24 17:00:00,371.4849517913733,0.0,37.148495179137335,0.40000000000000036
2024-02-24 18:00:00,403.4638632669173,0.0,40.346386326691736,0.25
2024-02-24 19:00:00,556.6402014480357,0.0,55.66402014480357,0.14999999999999947
2024-02-24 20:00:00,0.0,459.7690256428823,-45.97690256428823,-0.049999999999998934
2024-02-24 21:00:00,0.0,336.7422927417712,-33.67422927417712,-0.20000000000000107
2024-02-24 22:00:00,0.0,314.2201761307745,-31.422017613077454,-0.09999999999999964
2024-02-24 23:00:00,0.0,434.98001363070773,-43.49800136307078,-0.10000000000000009
2024-02-25 00:00:00,0.0,341.10570190015676,-34.11057019001568,-0.10000000000000009
2024-02-25 01:00:00,0.0,364.7691246021114,-36.47691246021114,-0.09999999999999964
2024-02-25 02:00:00,0.0,419.2985047104223,-41.929850471042236,-0.10000000000000009
2024-02-25 03:00:00,0.0,329.7992995245016,-32.979929952450156,-0.050000000000000266
2024-02-25 04:00:00,0.0,385.10486452286125,-38.51048645228613,-0.09999999999999964
2024-02-25 05:00:00,387.98185572611044,0.0,38.79818557261105,0.1499999999999999
2024-02-25 06:00:00,494.12702064968613,0.0,49.41270206496861,0.3500000000000001
2024-02-25 07:00:00,418.1944526802563,0.0,41.81944526802563,0.10000000000000053
2024-02-25 08:00:00,499.20313683434057,0.0,49.92031368343406,0.049999999999998934
2024-02-25 09:00:00,0.0,189.87139821429372,-18.987139821429373,-0.14999999999999947
2024-02-25 10:00:00,0.0,242.9321123968668,-24.293211239686684,-0.10000000000000009
2024-02-25 11:00:00,0.0,182.78266189762945,-18.278266189762945,-0.050000000000000266
2024-02-25 12:00:00,0.0,372.17669835615084,-37.217669835615084,-0.09999999999999964
2024-02-25 13:00:00,0.0,340.75431990743596,-34.075431990743596,-0.10000000000000009
2024-02-25 14:00:00,0.0,282.12498807318343,-28.212498807318344,-0.050000000000000266
2024-02-25 15:00:00,0.0,292.625063446443,-29.2625063446443,-0.09999999999999964
2024-02-25 16:00:00,0.0,390.95681799147115,-39.095681799147115,-0.04999999999999982
2024-02-25 17:00:00,240.49124572901354,0.0,24.049124572901356,0.14999999999999947
2024-02-25 18:00:00,384.28892008367774,0.0,38.428892008367775,0.5000000000000009
2024-02-25 19:00:00,335.9291291079261,0.0,33.59291291079261,0.1999999999999993
2024-02-25 20:00:00,457.971120940485,0.0,45.7971120940485,0.09999999999999964
2024-02-25 21:00:00,0.0,241.3946357328556,-24.13946357328556,-0.1999999999999993
2024-02-25 22:00:00,0.0,388.06263923472477,-38.80626392347248,-0.15000000000000036
2024-02-25 23:00:00,0.0,263.991302153642,-26.3991302153642,-0.10000000000000009
2024-02-26 00:00:00,0.0,358.5036341975206,-35.850363419752064,-0.04999999999999982
2024-02-26 01:00:00,0.0,408.2110827426784,-40.82110827426784,-0.10000000000000009
2024-02-26 02:00:00,0.0,368.0388346698619,-36.80388346698619,-0.04999999999999982
2024-02-26 03:00:00,0.0,239.57303324945633,-23.957303324945634,-0.10000000000000009
2024-02-26 04:00:00,0.0,311.32522512089406,-31.13252251208941,-0.10000000000000009
2024-02-26 05:00:00,623.1436176237931,0.0,62.31436176237932,0.04999999999999982
2024-02-26 06:00:00,231.5839994821764,0.0,23.158399948217642,0.3500000000000001
2024-02-26 07:00:00,387.74095472179556,0.0,38.77409547217956,0.30000000000000027
2024-02-26 08:00:00,585.5312684841274,0.0,58.553126848412745,0.04999999999999982
2024-02-26 09:00:00,0.0,399.96230134993255,-39.996230134993255,-0.09999999999999964
2024-02-26 10:00:00,0.0,330.6771716932116,-33.06771716932116,-0.15000000000000036
2024-02-26 11:00:00,0.0,317.33562613125946,-31.733562613125947,-0.10000000000000009
2024-02-26 12:00:00,0.0,0.0,0.0,0.0
2024-02-26 13:00:00,0.0,296.0018472763902,-29.60018472763902,-0.1499999999999999
2024-02-26 14:00:00,0.0,383.59602539979625,-38.359602539979626,-0.09999999999999964
2024-02-26 15:00:00,0.0,438.4933347170745,-43.84933347170745,-0.15000000000000036
2024-02-26 16:00:00,0.0,349.98484537169395,-34.998484537169396,-0.04999999999999982
2024-02-26 17:00:00,458.9093441037993,0.0,45.890934410379934,0.04999999999999982
2024-02-26 18:00:00,568.499047570114,0.0,56.84990475701141,0.6500000000000004
2024-02-26 19:00:00,476.3403701350683,0.0,47.634037013506834,0.5
2024-02-26 20:00:00,463.76119280612085,0.0,46.37611928061209,0.25
2024-02-26 21:00:00,0.0,0.0,0.0,0.0
2024-02-26 22:00:00,0.0,347.4559765940335,-34.74559765940335,-0.35000000000000053
2024-02-26 23:00:00,0.0,311.3659911310565,-31.13659911310565,-0.2499999999999991
2024-02-27 00:00:00,0.0,347.9284376956151,-34.792843769561514,-0.3000000000000007
2024-02-27 01:00:00,0.0,292.01759511532885,-29.201759511532885,-0.10000000000000009
2024-02-27 02:00:00,0.0,348.5062131339168,-34.85062131339168,-0.10000000000000009
2024-02-27 03:00:00,0.0,318.7639131214796,-31.876391312147963,-0.09999999999999964
2024-02-27 04:00:00,0.0,355.7767999483318,-35.57767999483318,-0.15000000000000036
2024-02-27 05:00:00,0.0,0.0,0.0,0.0
2024-02-27 06:00:00,464.2387998728947,0.0,46.42387998728947,0.20000000000000018
2024-02-27 07:00:00,683.2942754785867,0.0,68.32942754785867,0.5999999999999996
2024-02-27 08:00:00,748.2413004764735,0.0,74.82413004764736,0.3000000000000007
2024-02-27 09:00:00,0.0,0.0,0.0,0.0
2024-02-27 10:00:00,0.0,346.6722547006967,-34.667225470069674,-0.25
2024-02-27 11:00:00,0.0,157.02353679020277,-15.702353679020277,-0.25
2024-02-27 12:00:00,0.0,318.85780514486356,-31.885780514486356,-0.25000000000000044
2024-02-27 13:00:00,0.0,322.6138192574266,-32.26138192574266,-0.10000000000000009
2024-02-27 14:00:00,0.0,332.39039241580764,-33.23903924158076,-0.04999999999999982
2024-02-27 15:00:00,0.0,434.79588629754085,-43.47958862975409,-0.1499999999999999
2024-02-27 16:00:00,0.0,263.0906800727057,-26.30906800727057,-4.440892098500626e-16
2024-02-27 17:00:00,0.0,299.78385666905683,-29.978385666905684,-0.04999999999999982
2024-02-27 18:00:00,356.15251913482115,0.0,35.61525191348212,0.25
2024-02-27 19:00:00,367.44297597883104,0.0,36.744297597883104,0.6000000000000005
2024-02-27 20:00:00,480.78445997315833,0.0,48.07844599731584,0.34999999999999964
2024-02-27 21:00:00,424.0666363276234,0.0,42.406663632762346,0.09999999999999964
2024-02-27 22:00:00,0.0,314.62946696951315,-31.462946696951317,-0.25
2024-02-27 23:00:00,0.0,327.24077456190713,-32.72407745619071,-0.25
2024-02-28 00:00:00,0.0,284.96450343622394,-28.496450343622396,-0.25
2024-02-28 01:00:00,0.0,320.4422686475976,-32.04422686475976,-0.19999999999999973
2024-02-28 02:00:00,0.0,295.0043494526078,-29.500434945260782,-0.050000000000000266
2024-02-28 03:00:00,0.0,387.9323296962258,-38.79323296962258,-0.14999999999999947
2024-02-28 04:00:00,0.0,349.1174999434976,-34.91174999434976,-0.04999999999999982
2024-02-28 05:00:00,0.0,349.02056903894425,-34.902056903894426,-0.10000000000000053
2024-02-28 06:00:00,515.0890700610257,0.0,51.508907006102575,0.10000000000000053
2024-02-28 07:00:00,533.6858880912931,0.0,53.368588809129314,0.5999999999999996
2024-02-28 08:00:00,512.5589315409469,0.0,51.25589315409469,0.34999999999999964
2024-02-28 09:00:00,605.7046388795445,0.0,60.57046388795445,0.25
2024-02-28 10:00:00,0.0,241.84880170261846,-24.18488017026185,-0.1999999999999993
2024-02-28 11:00:00,0.0,299.5076366896492,-29.95076366896492,-0.3000000000000007
2024-02-28 12:00:00,0.0,402.87865505294656,-40.28786550529466,-0.14999999999999947
2024-02-28 13:00:00,0.0,273.5966083773941,-27.359660837739412,-0.20000000000000018
2024-02-28 14:00:00,0.0,355.5609710184097,-35.55609710184097,-0.15000000000000036
2024-02-28 15:00:00,0.0,131.83979314319106,-13.183979314319107,-0.09999999999999964
2024-02-28 16:00:00,0.0,244.03466876054244,-24.403466876054246,-0.09999999999999964
2024-02-28 17:00:00,0.0,411.7378103777612,-41.17378103777612,-0.10000000000000053
2024-02-28 18:00:00,571.9259611095221,0.0,57.19259611095221,0.20000000000000018
2024-02-28 19:00:00,330.08901008413625,0.0,33.00890100841362,0.6500000000000004
2024-02-28 20:00:00,705.8519854718635,0.0,70.58519854718635,0.39999999999999947
2024-02-28 21:00:00,435.0122884687328,0.0,43.50122884687328,0.20000000000000018
2024-02-28 22:00:00,0.0,327.91241975961725,-32.791241975961725,-0.15000000000000036
2024-02-28 23:00:00,0.0,323.8113358441586,-32.381133584415856,-0.34999999999999964
2024-02-29 00:00:00,0.0,316.5566862050779,-31.65566862050779,-0.25
2024-02-29 01:00:00,0.0,179.76839916844625,-17.976839916844625,-0.20000000000000018
2024-02-29 02:00:00,0.0,267.59965931111435,-26.759965931111438,-0.1499999999999999
2024-02-29 03:00:00,0.0,304.0208545876389,-30.402085458763892,-0.050000000000000266
2024-02-29 04:00:00,0.0,345.4123436817837,-34.54123436817837,-0.09999999999999964
2024-02-29 05:00:00,0.0,385.05604177840553,-38.50560417784055,-0.09999999999999964
2024-02-29 06:00:00,334.73899015593014,0.0,33.47389901559301,0.04999999999999982
2024-02-29 07:00:00,472.29057242088834,0.0,47.229057242088835,0.4500000000000002
2024-02-29 08:00:00,517.0573746676027,0.0,51.705737466760276,0.5499999999999998
2024-02-29 09:00:00,606.0476408250138,0.0,60.60476408250138,0.20000000000000018
2024-02-29 10:00:00,0.0,283.6528417384687,-28.36528417384687,-0.05000000000000071
2024-02-29 11:00:00,0.0,405.8308647554879,-40.58308647554879,-0.25
2024-02-29 12:00:00,0.0,356.02794297797027,-35.602794297797026,-0.1999999999999993
2024-02-29 13:00:00,0.0,237.0497078534952,-23.70497078534952,-0.25
2024-02-29 14:00:00,0.0,360.0370035876613,-36.00370035876613,-0.10000000000000053
2024-02-29 15:00:00,0.0,467.0587564047971,-46.70587564047972,-0.1499999999999999
2024-02-29 16:00:00,0.0,374.09879507069786,-37.40987950706979,-0.10000000000000009
2024-02-29 17:00:00,0.0,249.56369043354408,-24.95636904335441,-0.04999999999999982
2024-02-29 18:00:00,0.0,442.5925265528303,-44.259252655283035,-0.10000000000000009
2024-02-29 19:00:00,662.2106129814181,0.0,66.2210612981418,0.2999999999999998
2024-02-29 20:00:00,446.88908499916334,0.0,44.68890849991634,0.3500000000000001
2024-02-29 21:00:00,348.4358031468847,0.0,34.843580314688474,0.10000000000000053
2024-02-29 22:00:00,0.0,276.8153017674332,-27.681530176743323,-0.05000000000000071
2024-02-29 23:00:00,0.0,310.672485519427,-31.067248551942704,-0.15000000000000036
2024-03-01 00:00:00,0.0,237.5779173170359,-23.75779173170359,-0.09999999999999964
2024-03-01 01:00:00,0.0,284.4893416048566,-28.44893416048566,-0.09999999999999964
2024-03-01 02:00:00,0.0,375.2752487752748,-37.52752487752748,-0.10000000000000009
2024-03-01 03:00:00,0.0,364.7899126016322,-36.47899126016322,-0.050000000000000266
2024-03-01 04:00:00,0.0,308.68444213189656,-30.868444213189658,-0.09999999999999964
2024-03-01 05:00:00,0.0,394.00982891301624,-39.400982891301624,-0.09999999999999964
2024-03-01 06:00:00,0.0,0.0,0.0,0.0
2024-03-01 07:00:00,414.8095805619336,0.0,41.480958056193366,0.24999999999999956
2024-03-01 08:00:00,750.1484633885242,0.0,75.01484633885242,0.6500000000000008
2024-03-01 09:00:00,232.12237543500194,0.0,23.212237543500194,0.29999999999999893
2024-03-01 10:00:00,629.4224509054585,0.0,62.94224509054585,0.15000000000000036
2024-03-01 11:00:00,0.0,336.2190656185753,-33.621906561857536,-0.25
2024-03-01 12:00:00,0.0,285.406550224023,-28.540655022402305,-0.25
2024-03-01 13:00:00,0.0,385.7504928217288,-38.575049282172884,-0.15000000000000036
2024-03-01 14:00:00,0.0,434.14169642588854,-43.41416964258886,-0.14999999999999947
2024-03-01 15:00:00,0.0,263.3639796225483,-26.336397962254832,-0.10000000000000053
2024-03-01 16:00:00,0.0,284.93867749356355,-28.493867749356355,-0.19999999999999973
2024-03-01 17:00:00,0.0,266.7677392751402,-26.67677392751402,-0.050000000000000266
2024-03-01 18:00:00,0.0,181.38940374653868,-18.138940374653867,-0.04999999999999982
2024-03-01 19:00:00,584.3710572875373,0.0,58.43710572875373,0.04999999999999982
2024-03-01 20:00:00,352.41774999963104,0.0,35.241774999963106,0.45000000000000107
2024-03-01 21:00:00,530.4302087965318,0.0,53.043020879653184,0.34999999999999964
2024-03-01 22:00:00,685.3187856471529,0.0,68.5318785647153,0.049999999999998934
2024-03-01 23:00:00,0.0,353.1624768153206,-35.31624768153206,-0.14999999999999947
2024-03-02 00:00:00,0.0,339.5353417365933,-33.95353417365933,-0.2499999999999991
2024-03-02 01:00:00,0.0,305.2951882282522,-30.52951882282522,-0.15000000000000036
2024-03-02 02:00:00,0.0,365.0131230072435,-36.50131230072435,-0.15000000000000036
2024-03-02 03:00:00,0.0,239.8201813947918,-23.98201813947918,-0.10000000000000009
2024-03-02 04:00:00,0.0,390.6738313736466,-39.06738313736466,-0.10000000000000009
2024-03-02 05:00:00,0.0,375.9111942769294,-37.59111942769294,-0.09999999999999964
2024-03-02 06:00:00,0.0,395.3331159091587,-39.53331159091587,-0.050000000000000266
2024-03-02 07:00:00,0.0,0.0,0.0,0.0
2024-03-02 08:00:00,325.3146857531649,0.0,32.53146857531649,0.19999999999999973
2024-03-02 09:00:00,418.86379581613835,0.0,41.88637958161384,0.45000000000000107
2024-03-02 10:00:00,543.8721045949708,0.0,54.38721045949708,0.1999999999999993
2024-03-02 11:00:00,0.0,295.920986001878,-29.592098600187803,-0.04999999999999982
2024-03-02 12:00:00,0.0,345.83989253493206,-34.58398925349321,-0.20000000000000018
2024-03-02 13:00:00,0.0,293.8555388415116,-29.38555388415116,-0.20000000000000018
2024-03-02 14:00:00,0.0,443.0426117177666,-44.30426117177666,-0.09999999999999964
2024-03-02 15:00:00,0.0,303.4440264318712,-30.34440264318712,-0.15000000000000036
2024-03-02 16:00:00,0.0,440.0334766950781,-44.00334766950781,-0.04999999999999982
2024-03-02 17:00:00,0.0,324.1288361655563,-32.41288361655563,-0.10000000000000009
2024-03-02 18:00:00,0.0,236.38335669077946,-23.638335669077946,-0.04999999999999982
2024-03-02 19:00:00,0.0,444.0468798455004,-44.404687984550044,-4.440892098500626e-16
2024-03-02 20:00:00,438.757255627758,0.0,43.875725562775806,0.15000000000000036
2024-03-02 21:00:00,531.5426561148556,0.0,53.15426561148556,0.2999999999999998
2024-03-02 22:00:00,239.24599427164213,0.0,23.924599427164214,0.20000000000000018
2024-03-02 23:00:00,0.0,344.8141496000461,-34.481414960004614,-0.04999999999999982
2024-03-03 00:00:00,0.0,378.0893734106751,-37.80893734106751,-0.15000000000000036
2024-03-03 01:00:00,0.0,358.60750263832495,-35.86075026383249,-0.20000000000000018
2024-03-03 02:00:00,0.0,325.4593351166167,-32.54593351166167,-0.04999999999999982
2024-03-03 03:00:00,0.0,349.09337973047843,-34.90933797304785,-0.14999999999999947
2024-03-03 04:00:00,0.0,467.9643054112848,-46.79643054112848,-0.050000000000000266
2024-03-03 05:00:00,0.0,357.47289835998333,-35.74728983599834,-0.050000000000000266
2024-03-03 06:00:00,0.0,259.4672365415728,-25.94672365415728,-0.04999999999999982
2024-03-03 07:00:00,0.0,0.0,0.0,0.0
2024-03-03 08:00:00,454.6217305805071,0.0,45.462173058050716,0.10000000000000009
2024-03-03 09:00:00,800.0,0.0,80.0,0.24999999999999956
2024-03-03 10:00:00,639.7330696870531,0.0,63.973306968705316,0.34999999999999964
2024-03-03 11:00:00,438.6296999216857,0.0,43.86296999216857,0.10000000000000142
2024-03-03 12:00:00,0.0,405.5674375302754,-40.55674375302755,-0.05000000000000071
2024-03-03 13:00:00,0.0,231.6125062560747,-23.161250625607472,-0.20000000000000018
2024-03-03 14:00:00,0.0,286.50819067298505,-28.650819067298507,-0.1499999999999999
2024-03-03 15:00:00,0.0,219.42193270064465,-21.942193270064465,-0.10000000000000009
2024-03-03 16:00:00,0.0,343.4665534971492,-34.34665534971492,-0.09999999999999964
2024-03-03 17:00:00,0.0,0.0,0.0,0.0
2024-03-03 18:00:00,0.0,317.71313323206425,-31.771313323206428,-0.10000000000000009
2024-03-03 19:00:00,0.0,0.0,0.0,0.0
2024-03-03 20:00:00,0.0,0.0,0.0,0.0
2024-03-03 21:00:00,306.14734882729755,0.0,30.614734882729756,0.1499999999999999
2024-03-03 22:00:00,600.0934145043495,0.0,60.00934145043496,0.2999999999999998
2024-03-03 23:00:00,508.46067431811275,0.0,50.84606743181128,0.10000000000000053
2024-03-04 00:00:00,0.0,228.06169926289286,-22.806169926289286,-0.10000000000000053
2024-03-04 01:00:00,0.0,156.90565107350577,-15.690565107350578,-0.09999999999999964
2024-03-04 02:00:00,0.0,385.9632360263998,-38.596323602639984,-0.15000000000000036
2024-03-04 03:00:00,0.0,399.3027854042484,-39.930278540424844,-0.09999999999999964
2024-03-04 04:00:00,0.0,313.5590882350511,-31.35590882350511,-0.04999999999999982
2024-03-04 05:00:00,0.0,0.0,0.0,0.0
2024-03-04 06:00:00,0.0,293.6645259738966,-29.366452597389664,-0.10000000000000053
2024-03-04 07:00:00,384.04327651739027,0.0,38.40432765173903,0.050000000000000266
2024-03-04 08:00:00,681.659417248737,0.0,68.1659417248737,0.050000000000000266
2024-03-04 09:00:00,452.01630732223555,0.0,45.201630732223556,0.1999999999999993
2024-03-04 10:00:00,613.7213896892371,0.0,61.37213896892371,0.34999999999999964
2024-03-04 11:00:00,718.838641456763,0.0,71.8838641456763,0.20000000000000107
2024-03-04 12:00:00,415.4806354953324,0.0,41.548063549533246,0.04999999999999982
2024-03-04 13:00:00,0.0,377.0331872347499,-37.70331872347499,-0.10000000000000053
2024-03-04 14:00:00,0.0,288.88565410663495,-28.888565410663496,-0.1999999999999993
2024-03-04 15:00:00,0.0,371.6140781925072,-37.16140781925072,-0.15000000000000036
2024-03-04 16:00:00,0.0,402.0074981945152,-40.200749819451524,-0.10000000000000009
2024-03-04 17:00:00,0.0,480.3691657858566,-48.03691657858566,-0.050000000000000266
2024-03-04 18:00:00,0.0,438.0666089622153,-43.80666089622153,-0.09999999999999964
2024-03-04 19:00:00,0.0,364.54403399533396,-36.4544033995334,-0.04999999999999982
2024-03-04 20:00:00,0.0,0.0,0.0,0.0
2024-03-04 21:00:00,0.0,0.0,0.0,0.0
2024-03-04 22:00:00,0.0,0.0,0.0,0.0
2024-03-04 23:00:00,313.9274643788296,0.0,31.392746437882963,0.04999999999999982
2024-03-05 00:00:00,0.0,0.0,0.0,0.0
2024-03-05 01:00:00,0.0,0.0,0.0,0.0
2024-03-05 02:00:00,0.0,0.0,0.0,0.0
2024-03-05 03:00:00,0.0,331.41773763644215,-33.14177376364422,-0.04999999999999982
2024-03-05 04:00:00,0.0,298.26861748084497,-29.826861748084497,-0.04999999999999982
2024-03-05 05:00:00,0.0,307.5899396425644,-30.75899396425644,-0.050000000000000266
2024-03-05 06:00:00,0.0,295.9049587840105,-29.59049587840105,-0.050000000000000266
2024-03-05 07:00:00,0.0,0.0,0.0,0.0
2024-03-05 08:00:00,0.0,0.0,0.0,0.0
2024-03-05 09:00:00,800.0,0.0,80.0,0.050000000000000266
2024-03-05 10:00:00,595.0086539001393,0.0,59.50086539001393,0.1499999999999999
2024-03-05 11:00:00,609.3468810382903,0.0,60.93468810382904,0.20000000000000018
2024-03-05 12:00:00,593.7982537268804,0.0,59.37982537268804,0.14999999999999947
2024-03-05 13:00:00,745.2943860756595,0.0,74.52943860756595,0.10000000000000053
2024-03-05 14:00:00,0.0,291.61396726637804,-29.161396726637804,-0.10000000000000053
2024-03-05 15:00:00,0.0,0.0,0.0,0.0
2024-03-05 16:00:00,0.0,261.1861363279793,-26.11861363279793,-0.1499999999999999
2024-03-05 17:00:00,0.0,266.66695407121995,-26.666695407121995,-0.09999999999999964
2024-03-05 18:00:00,0.0,297.7883523119657,-29.77883523119657,-0.050000000000000266
2024-03-05 19:00:00,0.0,242.2111310234859,-24.221113102348593,-0.04999999999999982
2024-03-05 20:00:00,0.0,343.19029556090993,-34.319029556090996,-0.04999999999999982
2024-03-05 21:00:00,0.0,458.30117404350403,-45.8301174043504,-0.04999999999999982
2024-03-05 22:00:00,0.0,0.0,0.0,0.0
2024-03-05 23:00:00,0.0,542.5567794713647,-54.255677947136476,-0.10000000000000053
2024-03-06 00:00:00,527.0958846160025,0.0,52.709588461600255,0.050000000000000266
2024-03-06 01:00:00,340.5021605307248,0.0,34.05021605307248,0.050000000000000266
2024-03-06 02:00:00,0.0,0.0,0.0,0.0
2024-03-06 03:00:00,412.8416697715987,0.0,41.28416697715987,0.04999999999999982
2024-03-06 04:00:00,0.0,0.0,0.0,0.0
2024-03-06 05:00:00,0.0,0.0,0.0,0.0
2024-03-06 06:00:00,0.0,0.0,0.0,0.0
2024-03-06 07:00:00,0.0,0.0,0.0,0.0
2024-03-06 08:00:00,0.0,252.8916972110096,-25.28916972110096,-0.04999999999999982
2024-03-06 09:00:00,0.0,0.0,0.0,0.0
2024-03-06 10:00:00,0.0,293.7874965568921,-29.378749655689212,-0.050000000000000266
2024-03-06 11:00:00,294.96145437100756,0.0,29.496145437100758,0.050000000000000266
2024-03-06 12:00:00,372.01500813468294,0.0,37.20150081346829,0.04999999999999982
2024-03-06 13:00:00,181.15047849461962,0.0,18.115047849461963,0.2999999999999998
2024-03-06 14:00:00,253.86687376271058,0.0,25.38668737627106,0.25
2024-03-06 15:00:00,441.086938119123,0.0,44.1086938119123,0.25
2024-03-06 16:00:00,502.88106363214956,0.0,50.28810636321496,0.04999999999999982
2024-03-06 17:00:00,0.0,371.53227374963706,-37.153227374963706,-0.25
2024-03-06 18:00:00,0.0,258.1889446561802,-25.81889446561802,-0.20000000000000018
2024-03-06 19:00:00,0.0,350.00538507347176,-35.00053850734718,-0.09999999999999964
2024-03-06 20:00:00,0.0,341.19981913493336,-34.11998191349334,-0.050000000000000266
2024-03-06 21:00:00,0.0,248.10146737977962,-24.810146737977963,-0.04999999999999982
2024-03-06 22:00:00,0.0,420.68256923860145,-42.06825692386015,-0.050000000000000266
2024-03-06 23:00:00,0.0,242.2261245429777,-24.22261245429777,-0.14999999999999947
2024-03-07 00:00:00,0.0,0.0,0.0,0.0
2024-03-07 01:00:00,0.0,332.95766102925364,-33.29576610292536,-0.04999999999999982
2024-03-07 02:00:00,467.19793664653974,0.0,46.71979366465398,0.09999999999999964
2024-03-07 03:00:00,141.9625368136668,0.0,14.196253681366679,0.10000000000000009
2024-03-07 04:00:00,572.9017432626141,0.0,57.290174326261415,0.10000000000000009
2024-03-07 05:00:00,0.0,0.0,0.0,0.0
2024-03-07 06:00:00,0.0,291.29800847369023,-29.129800847369026,-0.050000000000000266
2024-03-07 07:00:00,0.0,337.39884555208533,-33.73988455520853,-0.04999999999999982
2024-03-07 08:00:00,0.0,393.69664473219314,-39.369664473219316,-0.050000000000000266
2024-03-07 09:00:00,0.0,357.78971914619484,-35.77897191461948,-0.04999999999999982
2024-03-07 10:00:00,0.0,388.67866633481265,-38.86786663348127,-0.09999999999999964
2024-03-07 11:00:00,0.0,239.55911503837228,-23.95591150383723,-0.050000000000000266
2024-03-07 12:00:00,0.0,388.505479151683,-38.850547915168306,-0.10000000000000009
2024-03-07 13:00:00,404.1486597515455,0.0,40.414865975154555,0.04999999999999982
2024-03-07 14:00:00,477.9162884987432,0.0,47.79162884987432,0.3500000000000001
2024-03-07 15:00:00,331.66661327138513,0.0,33.16666132713851,0.4000000000000008
2024-03-07 16:00:00,582.1619301135639,0.0,58.216193011356395,0.29999999999999893
2024-03-07 17:00:00,742.9546949354767,0.0,74.29546949354767,0.05000000000000071
2024-03-07 18:00:00,0.0,265.70881306546966,-26.570881306546966,-0.10000000000000053
2024-03-07 19:00:00,0.0,421.7104978902728,-42.17104978902728,-0.20000000000000018
2024-03-07 20:00:00,0.0,287.06207176871806,-28.706207176871807,-0.1999999999999993
2024-03-07 21:00:00,0.0,305.2714130092522,-30.527141300925223,-0.15000000000000036
2024-03-07 22:00:00,0.0,181.87574469147933,-18.187574469147933,-0.15000000000000036
2024-03-07 23:00:00,0.0,254.76527065582476,-25.476527065582477,-0.09999999999999964
2024-03-08 00:00:00,0.0,276.15239786750027,-27.615239786750028,-0.1499999999999999
2024-03-08 01:00:00,0.0,290.4166147194005,-29.041661471940053,-0.050000000000000266
2024-03-08 02:00:00,0.0,0.0,0.0,0.0
2024-03-08 03:00:00,469.64541717403984,0.0,46.96454171740399,0.15000000000000036
2024-03-08 04:00:00,272.49286861423946,0.0,27.249286861423947,0.19999999999999973
2024-03-08 05:00:00,464.190718802852,0.0,46.4190718802852,0.25000000000000044
2024-03-08 06:00:00,0.0,0.0,0.0,0.0
2024-03-08 07:00:00,0.0,257.3392815537036,-25.73392815537036,-0.15000000000000036
2024-03-08 08:00:00,0.0,315.88443346763836,-31.58844334676384,-0.15000000000000036
2024-03-08 09:00:00,0.0,455.17011795025314,-45.51701179502532,-0.14999999999999947
2024-03-08 10:00:00,0.0,313.1318618913192,-31.313186189131923,-0.15000000000000036
2024-03-08 11:00:00,0.0,0.0,0.0,0.0
2024-03-08 12:00:00,0.0,364.9806675319272,-36.498066753192724,-0.09999999999999964
2024-03-08 13:00:00,446.4705902862712,0.0,44.647059028627126,0.04999999999999982
2024-03-08 14:00:00,0.0,254.31758618890964,-25.431758618890967,-0.04999999999999982
2024-03-08 15:00:00,454.2848085400077,0.0,45.428480854000775,0.2999999999999998
2024-03-08 16:00:00,442.58448898496243,0.0,44.25844889849625,0.5500000000000007
2024-03-08 17:00:00,179.5796503390059,0.0,17.95796503390059,0.29999999999999893
2024-03-08 18:00:00,516.1200900809354,0.0,51.61200900809354,0.09999999999999964
2024-03-08 19:00:00,0.0,381.8029335136224,-38.180293351362245,-0.14999999999999947
2024-03-08 20:00:00,0.0,283.71490581677784,-28.371490581677786,-0.25
2024-03-08 21:00:00,0.0,265.3928094500985,-26.539280945009853,-0.25
2024-03-08 22:00:00,0.0,323.6909169018364,-32.36909169018364,-0.09999999999999964
2024-03-08 23:00:00,0.0,199.1509294696556,-19.91509294696556,-0.15000000000000036
2024-03-09 00:00:00,0.0,383.2296571310302,-38.322965713103024,-0.09999999999999964
2024-03-09 01:00:00,0.0,207.37666214745445,-20.737666214745445,-0.050000000000000266
2024-03-09 02:00:00,0.0,256.1853865326242,-25.61853865326242,-0.1499999999999999
2024-03-09 03:00:00,709.2658092304698,0.0,70.92658092304698,0.04999999999999982
2024-03-09 04:00:00,450.53619587033234,0.0,45.05361958703324,0.25
2024-03-09 05:00:00,495.77731546924946,0.0,49.57773154692495,0.4500000000000002
2024-03-09 06:00:00,248.8052087213398,0.0,24.88052087213398,0.25
2024-03-09 07:00:00,0.0,244.03930430363238,-24.40393043036324,-0.15000000000000036
2024-03-09 08:00:00,0.0,398.813156925249,-39.88131569252491,-0.1999999999999993
2024-03-09 09:00:00,0.0,279.2624604024238,-27.926246040242383,-0.20000000000000018
2024-03-09 10:00:00,0.0,420.59452632063136,-42.05945263206314,-0.15000000000000036
2024-03-09 11:00:00,0.0,229.72036690751787,-22.97203669075179,-0.09999999999999964
2024-03-09 12:00:00,0.0,382.4178661945942,-38.24178661945942,-0.10000000000000009
2024-03-09 13:00:00,0.0,257.76574110868194,-25.776574110868196,-0.10000000000000009
2024-03-09 14:00:00,0.0,0.0,0.0,0.0
2024-03-09 15:00:00,0.0,0.0,0.0,0.0
2024-03-09 16:00:00,287.28338962286324,0.0,28.728338962286326,0.5
2024-03-09 17:00:00,509.18341465972316,0.0,50.91834146597232,0.5500000000000007
2024-03-09 18:00:00,283.7067288473295,0.0,28.37067288473295,0.29999999999999893
2024-03-09 19:00:00,529.1663371408864,0.0,52.91663371408865,0.05000000000000071
2024-03-09 20:00:00,0.0,343.60711873084654,-34.360711873084654,-0.25
2024-03-09 21:00:00,0.0,467.46505049385115,-46.74650504938512,-0.3000000000000007
2024-03-09 22:00:00,0.0,191.34417255763864,-19.134417255763864,-0.1999999999999993
2024-03-09 23:00:00,0.0,357.3605868968002,-35.73605868968002,-0.15000000000000036
2024-03-10 00:00:00,0.0,280.96893419631215,-28.096893419631215,-0.15000000000000036
2024-03-10 01:00:00,0.0,224.18984950611963,-22.418984950611964,-0.14999999999999947
2024-03-10 02:00:00,0.0,327.81947195916524,-32.78194719591652,-0.10000000000000053
2024-03-10 03:00:00,0.0,378.45738076463147,-37.84573807646315,-0.04999999999999982
2024-03-10 04:00:00,296.1887604030761,0.0,29.61887604030761,0.04999999999999982
2024-03-10 05:00:00,547.1993850220963,0.0,54.71993850220963,0.5500000000000007
2024-03-10 06:00:00,647.5254155105515,0.0,64.75254155105516,0.40000000000000036
2024-03-10 07:00:00,207.60819255355636,0.0,20.76081925535564,0.14999999999999858
2024-03-10 08:00:00,0.0,370.0835133651338,-37.00835133651338,-0.14999999999999947
2024-03-10 09:00:00,0.0,429.4030859439078,-42.940308594390785,-0.35000000000000053
2024-03-10 10:00:00,0.0,352.22116865486436,-35.222116865486434,-0.2499999999999991
2024-03-10 11:00:00,0.0,223.01645157636517,-22.301645157636518,-0.10000000000000053
2024-03-10 12:00:00,0.0,372.6015141342508,-37.260151413425085,-0.09999999999999964
2024-03-10 13:00:00,0.0,344.0748961847647,-34.407489618476475,-0.04999999999999982
2024-03-10 14:00:00,0.0,389.94893952559835,-38.994893952559835,-0.10000000000000053
2024-03-10 15:00:00,0.0,187.09039188149177,-18.709039188149177,-0.14999999999999947
2024-03-10 16:00:00,433.99219027706755,0.0,43.399219027706756,0.09999999999999964
2024-03-10 17:00:00,451.3077864886129,0.0,45.130778648861295,0.8500000000000005
2024-03-10 18:00:00,699.3435195682371,0.0,69.9343519568237,0.39999999999999947
2024-03-10 19:00:00,349.1007961004361,0.0,34.91007961004362,0.2999999999999998
2024-03-10 20:00:00,0.0,110.77135834942645,-11.077135834942645,-0.09999999999999964
2024-03-10 21:00:00,0.0,442.19930300049833,-44.21993030004984,-0.25
2024-03-10 22:00:00,0.0,302.2111096130435,-30.22111096130435,-0.34999999999999964
2024-03-10 23:00:00,0.0,230.0843643112011,-23.008436431120113,-0.25
2024-03-11 00:00:00,0.0,246.94064942198708,-24.694064942198708,-0.15000000000000036
2024-03-11 01:00:00,0.0,334.8786428259539,-33.48786428259539,-0.10000000000000009
2024-03-11 02:00:00,0.0,278.30310882258993,-27.830310882258996,-0.10000000000000009
2024-03-11 03:00:00,0.0,409.335262828527,-40.933526282852704,-0.20000000000000018
2024-03-11 04:00:00,0.0,0.0,0.0,0.0
2024-03-11 05:00:00,395.15543618833203,0.0,39.515543618833206,0.30000000000000027
2024-03-11 06:00:00,423.91587337231584,0.0,42.391587337231584,0.6999999999999997
2024-03-11 07:00:00,521.1726452888072,0.0,52.117264528880725,0.3000000000000007
2024-03-11 08:00:00,0.0,0.0,0.0,0.0
2024-03-11 09:00:00,0.0,347.00125383975376,-34.700125383975376,-0.3000000000000007
2024-03-11 10:00:00,0.0,343.6297060907243,-34.362970609072434,-0.2999999999999998
2024-03-11 11:00:00,0.0,368.2898741386389,-36.82898741386389,-0.14999999999999947
2024-03-11 12:00:00,0.0,324.5165043893527,-32.45165043893527,-0.20000000000000018
2024-03-11 13:00:00,0.0,264.6625528433889,-26.46625528433889,-0.15000000000000036
2024-03-11 14:00:00,0.0,353.3761267374044,-35.33761267374044,-0.1499999999999999
2024-03-11 15:00:00,0.0,393.86718121260463,-39.386718121260465,-0.050000000000000266
2024-03-11 16:00:00,0.0,301.1934747872467,-30.119347478724674,-0.09999999999999964
2024-03-11 17:00:00,563.289526023027,0.0,56.3289526023027,0.2999999999999998
2024-03-11 18:00:00,545.6140058679525,0.0,54.56140058679526,0.7999999999999998
2024-03-11 19:00:00,592.7085446476216,0.0,59.27085446476216,0.35000000000000053
2024-03-11 20:00:00,160.67511343608277,0.0,16.067511343608277,0.14999999999999947
2024-03-11 21:00:00,0.0,320.0043269913964,-32.000432699139644,-0.25
2024-03-11 22:00:00,0.0,312.2361731816866,-31.22361731816866,-0.34999999999999964
2024-03-11 23:00:00,0.0,428.16987661847895,-42.8169876618479,-0.25
2024-03-12 00:00:00,0.0,283.80638214016227,-28.38063821401623,-0.20000000000000018
2024-03-12 01:00:00,0.0,341.5392695243202,-34.15392695243202,-0.1499999999999999
2024-03-12 02:00:00,0.0,314.549839995197,-31.454983999519698,-0.10000000000000009
2024-03-12 03:00:00,0.0,295.49845956674653,-29.549845956674655,-0.25
2024-03-12 04:00:00,0.0,0.0,0.0,0.0
2024-03-12 05:00:00,0.0,332.1880070826183,-33.21880070826183,-0.04999999999999982
2024-03-12 06:00:00,414.941458524311,0.0,41.4941458524311,0.7000000000000002
2024-03-12 07:00:00,641.8806450192059,0.0,64.18806450192059,0.5
2024-03-12 08:00:00,365.4581010701413,0.0,36.545810107014134,0.25
2024-03-12 09:00:00,0.0,320.85985733084675,-32.08598573308468,-0.10000000000000053
2024-03-12 10:00:00,0.0,288.7533880692991,-28.87533880692991,-0.34999999999999964
2024-03-12 11:00:00,0.0,298.0155674252072,-29.801556742520724,-0.20000000000000018
2024-03-12 12:00:00,0.0,269.6801297364656,-26.96801297364656,-0.20000000000000018
2024-03-12 13:00:00,0.0,327.37090194516406,-32.737090194516405,-0.19999999999999973
2024-03-12 14:00:00,0.0,319.91340325508105,-31.991340325508105,-0.1499999999999999
2024-03-12 15:00:00,0.0,312.85696983959167,-31.28569698395917,-0.1499999999999999
2024-03-12 16:00:00,0.0,273.3614094883025,-27.336140948830252,-0.10000000000000009
2024-03-12 17:00:00,0.0,370.6049071126347,-37.06049071126347,-0.04999999999999982
2024-03-12 18:00:00,584.0058316675628,0.0,58.400583166756284,0.6499999999999995
2024-03-12 19:00:00,514.6301380394387,0.0,51.46301380394388,0.6500000000000004
2024-03-12 20:00:00,318.94768667422545,0.0,31.894768667422547,0.2999999999999998
2024-03-12 21:00:00,540.0913187378521,0.0,54.009131873785215,8.881784197001252e-16
2024-03-12 22:00:00,0.0,192.51045688709766,-19.251045688709766,-0.3000000000000007
2024-03-12 23:00:00,0.0,309.17215452342515,-30.917215452342518,-0.25
2024-03-13 00:00:00,0.0,398.3132033967186,-39.83132033967186,-0.2999999999999998
2024-03-13 01:00:00,0.0,305.243213760593,-30.5243213760593,-0.20000000000000018
2024-03-13 02:00:00,0.0,301.59995333325,-30.159995333325003,-0.15000000000000036
2024-03-13 03:00:00,0.0,219.25337061081837,-21.925337061081837,-0.14999999999999947
2024-03-13 04:00:00,0.0,298.7404796779085,-29.874047967790855,-0.10000000000000053
2024-03-13 05:00:00,0.0,359.2965587970903,-35.92965587970903,-0.09999999999999964
2024-03-13 06:00:00,363.9787075639058,0.0,36.39787075639058,0.25
2024-03-13 07:00:00,232.17731769039344,0.0,23.217731769039347,0.7999999999999998
2024-03-13 08:00:00,422.0325494778581,0.0,42.20325494778581,0.35000000000000053
2024-03-13 09:00:00,555.7184792672482,0.0,55.57184792672482,0.15000000000000036
2024-03-13 10:00:00,0.0,295.8859746225229,-29.58859746225229,-0.3000000000000007
2024-03-13 11:00:00,0.0,355.2721895528419,-35.52721895528419,-0.25
2024-03-13 12:00:00,0.0,299.3001893855907,-29.930018938559073,-0.2999999999999998
2024-03-13 13:00:00,0.0,291.9075432628205,-29.190754326282054,-0.20000000000000018
2024-03-13 14:00:00,0.0,431.57020749490835,-43.15702074949084,-0.15000000000000036
2024-03-13 15:00:00,0.0,301.21730955074133,-30.121730955074135,-0.09999999999999964
2024-03-13 16:00:00,0.0,352.2100347077816,-35.22100347077816,-0.10000000000000009
2024-03-13 17:00:00,0.0,279.0177598823225,-27.90177598823225,-0.10000000000000009
2024-03-13 18:00:00,284.40077626567756,0.0,28.440077626567756,0.04999999999999982
2024-03-13 19:00:00,425.122762906362,0.0,42.51227629063621,0.7000000000000002
2024-03-13 20:00:00,471.558312767486,0.0,47.1558312767486,0.40000000000000036
2024-03-13 21:00:00,687.7743485033059,0.0,68.7774348503306,0.20000000000000018
2024-03-13 22:00:00,0.0,251.29828370721208,-25.12982837072121,-0.09999999999999964
2024-03-13 23:00:00,0.0,277.06389946720003,-27.706389946720005,-0.3000000000000007
2024-03-14 00:00:00,0.0,333.71349327841017,-33.37134932784102,-0.2999999999999998
2024-03-14 01:00:00,0.0,454.60888938464626,-45.46088893846463,-0.20000000000000018
2024-03-14 02:00:00,0.0,468.0525811321806,-46.80525811321806,-0.10000000000000009
2024-03-14 03:00:00,0.0,297.11519615362334,-29.711519615362334,-0.1499999999999999
2024-03-14 04:00:00,0.0,311.2722153325915,-31.12722153325915,-0.04999999999999982
2024-03-14 05:00:00,0.0,233.9002875050715,-23.390028750507152,-0.20000000000000018
2024-03-14 06:00:00,0.0,0.0,0.0,0.0
2024-03-14 07:00:00,717.4077860636954,0.0,71.74077860636955,0.5
2024-03-14 08:00:00,179.76833316208803,0.0,17.976833316208804,0.5500000000000007
2024-03-14 09:00:00,493.0504148094217,0.0,49.30504148094217,0.2499999999999991
2024-03-14 10:00:00,0.0,263.4681687851514,-26.346816878515142,-0.04999999999999982
2024-03-14 11:00:00,0.0,342.28065346913326,-34.228065346913326,-0.25
2024-03-14 12:00:00,0.0,355.3477087215285,-35.53477087215285,-0.20000000000000018
2024-03-14 13:00:00,0.0,302.0916962057639,-30.209169620576393,-0.2999999999999998
2024-03-14 14:00:00,0.0,325.31156286029585,-32.531156286029585,-0.15000000000000036
2024-03-14 15:00:00,0.0,341.5706504603009,-34.15706504603009,-0.09999999999999964
2024-03-14 16:00:00,0.0,221.28633358641997,-22.128633358642,-0.10000000000000009
2024-03-14 17:00:00,0.0,272.94447669365957,-27.294447669365958,-0.10000000000000009
2024-03-14 18:00:00,0.0,267.6964340756125,-26.76964340756125,-0.04999999999999982
2024-03-14 19:00:00,669.7683966852263,0.0,66.97683966852263,0.2999999999999998
2024-03-14 20:00:00,629.9838766926233,0.0,62.998387669262335,0.6000000000000005
2024-03-14 21:00:00,686.7544553185617,0.0,68.67544553185617,0.25
2024-03-14 22:00:00,569.0243919742347,0.0,56.902439197423476,0.049999999999998934
2024-03-14 23:00:00,0.0,252.65836503713842,-25.265836503713842,-0.2499999999999991
2024-03-15 00:00:00,0.0,210.89858320721936,-21.089858320721937,-0.2999999999999998
2024-03-15 01:00:00,0.0,387.04798366837963,-38.70479836683796,-0.15000000000000036
2024-03-15 02:00:00,0.0,364.76880326049076,-36.47688032604908,-0.15000000000000036
2024-03-15 03:00:00,0.0,363.5461855588319,-36.35461855588319,-0.14999999999999947
2024-03-15 04:00:00,0.0,450.61100499193935,-45.06110049919394,-0.050000000000000266
2024-03-15 05:00:00,0.0,334.23452487843736,-33.42345248784374,-0.10000000000000009
2024-03-15 06:00:00,0.0,336.6701123335158,-33.66701123335158,-0.04999999999999982
2024-03-15 07:00:00,443.9844463783229,0.0,44.39844463783229,0.1499999999999999
2024-03-15 08:00:00,351.42269953519565,0.0,35.142269953519566,0.6000000000000001
2024-03-15 09:00:00,607.8247244324122,0.0,60.78247244324122,0.40000000000000036
2024-03-15 10:00:00,378.968456429851,0.0,37.896845642985106,0.14999999999999947
2024-03-15 11:00:00,0.0,445.71617076063205,-44.571617076063205,-0.09999999999999964
2024-03-15 12:00:00,0.0,351.4501534188877,-35.14501534188877,-0.2999999999999998
2024-03-15 13:00:00,0.0,259.18859184005925,-25.918859184005925,-0.25
2024-03-15 14:00:00,0.0,347.07698876567696,-34.7076988765677,-0.25000000000000044
2024-03-15 15:00:00,0.0,374.20756626941005,-37.42075662694101,-0.050000000000000266
2024-03-15 16:00:00,0.0,335.18133603795036,-33.518133603795036,-0.14999999999999947
2024-03-15 17:00:00,0.0,309.42985468486086,-30.942985468486086,-0.050000000000000266
2024-03-15 18:00:00,0.0,340.24510514684096,-34.024510514684096,-0.10000000000000009
2024-03-15 19:00:00,0.0,0.0,0.0,0.0
2024-03-15 20:00:00,541.2299950300362,0.0,54.122999503003626,0.4500000000000002
2024-03-15 21:00:00,485.8444446331371,0.0,48.58444446331371,0.40000000000000036
2024-03-15 22:00:00,551.5865231559958,0.0,55.15865231559958,0.1999999999999993
2024-03-15 23:00:00,0.0,329.13904845821156,-32.91390484582116,-0.14999999999999947
2024-03-16 00:00:00,0.0,344.6927035988671,-34.469270359886714,-0.2999999999999998
2024-03-16 01:00:00,0.0,361.9115146212237,-36.19115146212237,-0.15000000000000036
2024-03-16 02:00:00,0.0,262.5507002800827,-26.255070028008273,-0.15000000000000036
2024-03-16 03:00:00,0.0,190.9778886431195,-19.09778886431195,-0.14999999999999947
2024-03-16 04:00:00,0.0,308.7551093342669,-30.87551093342669,-0.050000000000000266
2024-03-16 05:00:00,0.0,400.3488716757805,-40.034887167578056,-0.1499999999999999
2024-03-16 06:00:00,0.0,310.59448348547795,-31.059448348547797,-0.04999999999999982
2024-03-16 07:00:00,271.2154412487836,0.0,27.12154412487836,0.04999999999999982
2024-03-16 08:00:00,388.4830118576256,0.0,38.848301185762566,0.2999999999999998
2024-03-16 09:00:00,353.6971146489442,0.0,35.36971146489442,0.5000000000000009
2024-03-16 10:00:00,110.73005366950412,0.0,11.073005366950412,0.1999999999999993
2024-03-16 11:00:00,333.8247251477813,0.0,33.38247251477813,0.09999999999999964
2024-03-16 12:00:00,0.0,196.8087799993333,-19.68087799993333,-0.34999999999999964
2024-03-16 13:00:00,0.0,321.54737819227194,-32.15473781922719,-0.15000000000000036
2024-03-16 14:00:00,0.0,346.7269938408268,-34.672699384082684,-0.14999999999999947
2024-03-16 15:00:00,0.0,396.586239054445,-39.6586239054445,-0.10000000000000053
2024-03-16 16:00:00,0.0,483.7913229316237,-48.37913229316237,-0.09999999999999964
2024-03-16 17:00:00,0.0,220.07602168023953,-22.007602168023954,-0.10000000000000009
2024-03-16 18:00:00,0.0,326.8943622190194,-32.68943622190194,-0.10000000000000009
2024-03-16 19:00:00,0.0,297.3876995498956,-29.738769954989564,-0.04999999999999982
2024-03-16 20:00:00,530.2168144848986,0.0,53.02168144848986,0.10000000000000009
2024-03-16 21:00:00,531.9063429530302,0.0,53.19063429530302,0.24999999999999956
2024-03-16 22:00:00,513.929766422054,0.0,51.3929766422054,0.25
2024-03-16 23:00:00,425.1930889955333,0.0,42.51930889955333,0.05000000000000071
2024-03-17 00:00:00,0.0,388.3375656684427,-38.83375656684427,-0.20000000000000018
2024-03-17 01:00:00,0.0,287.28726492336807,-28.728726492336808,-0.15000000000000036
2024-03-17 02:00:00,0.0,349.3143285402157,-34.93143285402157,-0.14999999999999947
2024-03-17 03:00:00,0.0,218.36536338536362,-21.836536338536362,-0.10000000000000053
2024-03-17 04:00:00,0.0,319.60517527051314,-31.960517527051316,-0.09999999999999964
2024-03-17 05:00:00,0.0,331.57280229287215,-33.15728022928722,-0.04999999999999982
2024-03-17 06:00:00,0.0,298.22997135909435,-29.822997135909436,-0.050000000000000266
2024-03-17 07:00:00,0.0,0.0,0.0,0.0
2024-03-17 08:00:00,549.701490080783,0.0,54.970149008078295,0.1499999999999999
2024-03-17 09:00:00,187.18348202944986,0.0,18.718348202944988,0.3999999999999999
2024-03-17 10:00:00,352.15305903693456,0.0,35.215305903693455,0.2999999999999994
2024-03-17 11:00:00,653.8340535978805,0.0,65.38340535978806,0.15000000000000036
2024-03-17 12:00:00,0.0,361.20704816363235,-36.12070481636324,-0.09999999999999964
2024-03-17 13:00:00,0.0,221.60632785412128,-22.16063278541213,-0.20000000000000018
2024-03-17 14:00:00,0.0,258.94200920209425,-25.89420092020943,-0.1499999999999999
2024-03-17 15:00:00,0.0,249.0741720572326,-24.907417205723263,-0.19999999999999973
2024-03-17 16:00:00,0.0,352.9469713291984,-35.29469713291984,-0.10000000000000009
2024-03-17 17:00:00,0.0,349.00980238145735,-34.900980238145735,-0.050000000000000266
2024-03-17 18:00:00,0.0,296.09996082659956,-29.609996082659958,-0.09999999999999964
2024-03-17 19:00:00,0.0,0.0,0.0,0.0
2024-03-17 20:00:00,0.0,301.5303986273077,-30.153039862730772,-0.04999999999999982
2024-03-17 21:00:00,310.0263614936496,0.0,31.00263614936496,0.09999999999999964
2024-03-17 22:00:00,649.0620868236008,0.0,64.90620868236009,0.15000000000000036
2024-03-17 23:00:00,545.1067522179309,0.0,54.51067522179309,0.09999999999999964
2024-03-18 00:00:00,0.0,0.0,0.0,0.0
2024-03-18 01:00:00,0.0,163.83125092106553,-16.383125092106553,-0.09999999999999964
2024-03-18 02:00:00,0.0,355.22517493811364,-35.522517493811364,-0.050000000000000266
2024-03-18 03:00:00,0.0,304.24606449534326,-30.424606449534327,-0.050000000000000266
2024-03-18 04:00:00,0.0,240.1157246996411,-24.01157246996411,-0.04999999999999982
2024-03-18 05:00:00,0.0,345.90771421366253,-34.590771421366256,-0.04999999999999982
2024-03-18 06:00:00,0.0,319.9222432965849,-31.99222432965849,-0.04999999999999982
2024-03-18 07:00:00,0.0,0.0,0.0,0.0
2024-03-18 08:00:00,275.1166608747276,0.0,27.51166608747276,0.04999999999999982
2024-03-18 09:00:00,520.7383716300096,0.0,52.07383716300097,0.09999999999999964
2024-03-18 10:00:00,550.1490819562764,0.0,55.01490819562764,0.2999999999999998
2024-03-18 11:00:00,467.89656474126485,0.0,46.78965647412649,0.20000000000000018
2024-03-18 12:00:00,676.6540466306977,0.0,67.66540466306978,0.10000000000000053
2024-03-18 13:00:00,0.0,461.51486691988214,-46.15148669198822,-0.20000000000000018
2024-03-18 14:00:00,0.0,211.3646177884612,-21.136461778846122,-0.050000000000000266
2024-03-18 15:00:00,0.0,319.9317909814382,-31.993179098143823,-0.19999999999999973
2024-03-18 16:00:00,0.0,310.51409767987315,-31.051409767987316,-0.10000000000000009
2024-03-18 17:00:00,0.0,333.1559154487439,-33.31559154487439,-0.10000000000000009
2024-03-18 18:00:00,0.0,0.0,0.0,0.0
2024-03-18 19:00:00,0.0,355.0842050159762,-35.50842050159762,-0.04999999999999982
2024-03-18 20:00:00,0.0,330.5675464320924,-33.05675464320924,-0.04999999999999982
2024-03-18 21:00:00,0.0,417.66992892805314,-41.76699289280532,-0.10000000000000053
2024-03-18 22:00:00,0.0,0.0,0.0,0.0
2024-03-18 23:00:00,247.16074736373133,0.0,24.716074736373134,0.050000000000000266
2024-03-19 00:00:00,0.0,0.0,0.0,0.0
2024-03-19 01:00:00,0.0,319.86589006395303,-31.986589006395306,-0.050000000000000266
2024-03-19 02:00:00,627.29313365621,0.0,62.729313365621,0.050000000000000266
2024-03-19 03:00:00,0.0,323.6356207148034,-32.36356207148034,-0.10000000000000009
2024-03-19 04:00:00,0.0,440.46284506173686,-44.04628450617369,-0.04999999999999982
2024-03-19 05:00:00,0.0,0.0,0.0,0.0
2024-03-19 06:00:00,0.0,0.0,0.0,0.0
2024-03-19 07:00:00,0.0,0.0,0.0,0.0
2024-03-19 08:00:00,0.0,269.51871293608934,-26.951871293608935,-0.050000000000000266
2024-03-19 09:00:00,543.12717802395,0.0,54.31271780239501,0.050000000000000266
2024-03-19 10:00:00,654.979566556084,0.0,65.4979566556084,0.04999999999999982
2024-03-19 11:00:00,122.23647048802223,0.0,12.223647048802224,0.10000000000000009
2024-03-19 12:00:00,469.54225018911063,0.0,46.95422501891107,0.04999999999999982
2024-03-19 13:00:00,606.0272047631802,0.0,60.60272047631802,0.1499999999999999
2024-03-19 14:00:00,563.5941109408802,0.0,56.359411094088024,0.050000000000000266
2024-03-19 15:00:00,0.0,370.5163982893804,-37.05163982893804,-0.050000000000000266
2024-03-19 16:00:00,0.0,368.8342038892887,-36.88342038892887,-0.04999999999999982
2024-03-19 17:00:00,0.0,247.37208648715415,-24.737208648715416,-0.10000000000000009
2024-03-19 18:00:00,0.0,319.91739741916507,-31.991739741916508,-0.050000000000000266
2024-03-19 19:00:00,0.0,292.13242163167615,-29.213242163167617,-0.04999999999999982
2024-03-19 20:00:00,0.0,337.0863839512615,-33.70863839512615,-0.04999999999999982
2024-03-19 21:00:00,0.0,0.0,0.0,0.0
2024-03-19 22:00:00,0.0,334.6668647063862,-33.46668647063862,-0.10000000000000009
2024-03-19 23:00:00,0.0,249.7706752105287,-24.977067521052874,-0.050000000000000266
2024-03-20 00:00:00,0.0,0.0,0.0,0.0
2024-03-20 01:00:00,378.15047252358954,0.0,37.81504725235896,0.050000000000000266
2024-03-20 02:00:00,239.6999255733526,0.0,23.96999255733526,0.1499999999999999
2024-03-20 03:00:00,394.93227869471104,0.0,39.493227869471106,0.15000000000000036
2024-03-20 04:00:00,0.0,242.33415521423143,-24.233415521423144,-0.050000000000000266
2024-03-20 05:00:00,505.14827518453944,0.0,50.51482751845395,0.10000000000000009
2024-03-20 06:00:00,0.0,371.69854389546236,-37.16985438954624,-0.04999999999999982
2024-03-20 07:00:00,0.0,307.9584308247654,-30.79584308247654,-0.050000000000000266
2024-03-20 08:00:00,0.0,309.063916291372,-30.9063916291372,-0.050000000000000266
2024-03-20 09:00:00,0.0,344.06391566854404,-34.4063915668544,-0.04999999999999982
2024-03-20 10:00:00,0.0,333.565712137647,-33.3565712137647,-0.09999999999999964
2024-03-20 11:00:00,470.2627545729038,0.0,47.02627545729038,0.04999999999999982
2024-03-20 12:00:00,0.0,0.0,0.0,0.0
2024-03-20 13:00:00,170.43647889208185,0.0,17.043647889208184,0.04999999999999982
2024-03-20 14:00:00,496.8357047539572,0.0,49.683570475395726,0.20000000000000018
2024-03-20 15:00:00,471.3417179403821,0.0,47.13417179403822,0.25
2024-03-20 16:00:00,501.31667501252036,0.0,50.13166750125204,0.04999999999999982
2024-03-20 17:00:00,0.0,0.0,0.0,0.0
2024-03-20 18:00:00,0.0,269.5586241174218,-26.95586241174218,-0.14999999999999947
2024-03-20 19:00:00,0.0,289.2965788789117,-28.92965788789117,-0.10000000000000053
2024-03-20 20:00:00,0.0,236.6558791964414,-23.66558791964414,-0.09999999999999964
2024-03-20 21:00:00,0.0,227.8873966144979,-22.788739661449792,-0.10000000000000053
2024-03-20 22:00:00,481.530601052086,0.0,48.1530601052086,4.440892098500626e-16
2024-03-20 23:00:00,0.0,300.5802512868326,-30.058025128683262,-0.10000000000000009
2024-03-21 00:00:00,0.0,0.0,0.0,0.0
2024-03-21 01:00:00,0.0,290.366440662867,-29.036644066286698,-0.10000000000000009
2024-03-21 02:00:00,0.0,0.0,0.0,0.0
2024-03-21 03:00:00,656.6618769113195,0.0,65.66618769113195,0.1499999999999999
2024-03-21 04:00:00,375.0745024787482,0.0,37.50745024787482,0.15000000000000036
2024-03-21 05:00:00,390.4194010657916,0.0,39.04194010657916,0.09999999999999964
2024-03-21 06:00:00,0.0,287.23120275306053,-28.723120275306055,-0.09999999999999964
2024-03-21 07:00:00,0.0,0.0,0.0,0.0
2024-03-21 08:00:00,0.0,209.42181028229663,-20.942181028229665,-0.10000000000000053
2024-03-21 09:00:00,0.0,309.64641092677834,-30.964641092677837,-0.09999999999999964
2024-03-21 10:00:00,444.3533918912172,0.0,44.43533918912172,0.04999999999999982
2024-03-21 11:00:00,0.0,329.70231487396165,-32.97023148739617,-0.09999999999999964
2024-03-21 12:00:00,0.0,274.1980229744261,-27.419802297442615,-0.050000000000000266
2024-03-21 13:00:00,601.3284535465428,0.0,60.132845354654286,0.050000000000000266
2024-03-21 14:00:00,552.8912066382907,0.0,55.28912066382907,0.09999999999999964
2024-03-21 15:00:00,269.5311329266493,0.0,26.953113292664934,0.35000000000000053
2024-03-21 16:00:00,414.4680114006845,0.0,41.44680114006845,0.09999999999999964
2024-03-21 17:00:00,498.92090259418615,0.0,49.892090259418616,0.15000000000000036
2024-03-21 18:00:00,0.0,395.356163314636,-39.5356163314636,-0.050000000000000266
2024-03-21 19:00:00,0.0,309.83603462970893,-30.983603462970894,-0.1499999999999999
2024-03-21 20:00:00,0.0,444.779404973337,-44.477940497333705,-0.10000000000000009
2024-03-21 21:00:00,0.0,203.6359762465292,-20.363597624652922,-0.10000000000000009
2024-03-21 22:00:00,0.0,313.4709298429381,-31.347092984293813,-0.10000000000000009
2024-03-21 23:00:00,0.0,402.6672551081728,-40.26672551081728,-0.04999999999999982
2024-03-22 00:00:00,0.0,302.5597881801077,-30.255978818010774,-0.10000000000000009
2024-03-22 01:00:00,0.0,0.0,0.0,0.0
2024-03-22 02:00:00,0.0,267.38562733658364,-26.738562733658366,-0.04999999999999982
2024-03-22 03:00:00,329.01231559967084,0.0,32.90123155996709,0.09999999999999964
2024-03-22 04:00:00,654.6887563040835,0.0,65.46887563040836,0.25
2024-03-22 05:00:00,593.4194481298716,0.0,59.341944812987165,0.15000000000000036
2024-03-22 06:00:00,0.0,0.0,0.0,0.0
2024-03-22 07:00:00,0.0,373.8372768809188,-37.38372768809188,-0.10000000000000009
2024-03-22 08:00:00,0.0,233.2758061991351,-23.327580619913512,-0.050000000000000266
2024-03-22 09:00:00,0.0,337.7123940623514,-33.77123940623514,-0.1499999999999999
2024-03-22 10:00:00,0.0,384.22019252225016,-38.42201925222502,-0.04999999999999982
2024-03-22 11:00:00,0.0,324.6569512957652,-32.465695129576524,-0.050000000000000266
2024-03-22 12:00:00,0.0,324.7749967401779,-32.47749967401779,-0.04999999999999982
2024-03-22 13:00:00,0.0,286.3902793398621,-28.639027933986213,-0.04999999999999982
2024-03-22 14:00:00,0.0,0.0,0.0,0.0
2024-03-22 15:00:00,269.9805926589233,0.0,26.99805926589233,0.2999999999999998
2024-03-22 16:00:00,436.1312402717381,0.0,43.61312402717381,0.3999999999999999
2024-03-22 17:00:00,265.1635054961991,0.0,26.51635054961991,0.2999999999999994
2024-03-22 18:00:00,328.00044855784995,0.0,32.800044855784996,0.15000000000000036
2024-03-22 19:00:00,0.0,369.9647408017207,-36.99647408017207,-0.1999999999999993
2024-03-22 20:00:00,0.0,339.08501255513414,-33.908501255513414,-0.3000000000000007
2024-03-22 21:00:00,0.0,442.23621523312806,-44.22362152331281,-0.14999999999999947
2024-03-22 22:00:00,0.0,290.03320807334893,-29.003320807334894,-0.15000000000000036
2024-03-22 23:00:00,0.0,344.00170020732264,-34.40017002073227,-0.09999999999999964
2024-03-23 00:00:00,0.0,364.3950364978014,-36.43950364978014,-0.10000000000000009
2024-03-23 01:00:00,0.0,299.9656350975243,-29.99656350975243,-0.050000000000000266
2024-03-23 02:00:00,0.0,295.63417381235774,-29.563417381235777,-0.04999999999999982
2024-03-23 03:00:00,0.0,0.0,0.0,0.0
2024-03-23 04:00:00,270.2358271985562,0.0,27.02358271985562,0.2999999999999998
2024-03-23 05:00:00,437.6512675650964,0.0,43.765126756509645,0.25
2024-03-23 06:00:00,417.80442038271553,0.0,41.78044203827156,0.10000000000000009
2024-03-23 07:00:00,376.77849319475945,0.0,37.677849319475946,4.440892098500626e-16
2024-03-23 08:00:00,0.0,416.2053648786628,-41.62053648786628,-0.15000000000000036
2024-03-23 09:00:00,0.0,310.8043292152285,-31.080432921522853,-0.1499999999999999
2024-03-23 10:00:00,0.0,300.83724334353553,-30.083724334353555,-0.10000000000000009
2024-03-23 11:00:00,0.0,366.3004077351133,-36.63004077351133,-0.04999999999999982
2024-03-23 12:00:00,0.0,300.6482443410821,-30.06482443410821,-0.10000000000000009
2024-03-23 13:00:00,0.0,413.0109129914223,-41.30109129914223,-0.050000000000000266
2024-03-23 14:00:00,0.0,233.30952520779945,-23.330952520779945,-0.04999999999999982
2024-03-23 15:00:00,376.784473016242,0.0,37.678447301624196,0.09999999999999964
2024-03-23 16:00:00,536.0745289742853,0.0,53.60745289742853,0.6500000000000004
2024-03-23 17:00:00,673.8967378296342,0.0,67.38967378296341,0.40000000000000036
2024-03-23 18:00:00,458.7504018048322,0.0,45.875040180483225,0.25
2024-03-23 19:00:00,0.0,0.0,0.0,0.0
2024-03-23 20:00:00,0.0,304.82465802062666,-30.482465802062666,-0.40000000000000036
2024-03-23 21:00:00,0.0,497.55799802089535,-49.75579980208954,-0.25
2024-03-23 22:00:00,0.0,374.3498375834504,-37.43498375834504,-0.20000000000000018
2024-03-23 23:00:00,0.0,308.1633468910366,-30.816334689103662,-0.09999999999999964
2024-03-24 00:00:00,0.0,346.94113073476717,-34.69411307347672,-0.10000000000000009
2024-03-24 01:00:00,0.0,317.27641655009063,-31.727641655009066,-0.1499999999999999
2024-03-24 02:00:00,0.0,444.0866784223817,-44.408667842238174,-0.04999999999999982
2024-03-24 03:00:00,0.0,337.146487534563,-33.7146487534563,-0.10000000000000053
2024-03-24 04:00:00,675.6941872568093,0.0,67.56941872568093,0.30000000000000027
2024-03-24 05:00:00,398.6584324055407,0.0,39.86584324055407,0.5500000000000003
2024-03-24 06:00:00,419.0156846847056,0.0,41.901568468470565,0.29999999999999893
2024-03-24 07:00:00,744.6872748706281,0.0,74.46872748706282,0.05000000000000071
2024-03-24 08:00:00,0.0,241.83299448703988,-24.18329944870399,-0.20000000000000018
2024-03-24 09:00:00,0.0,327.3696959821763,-32.736969598217634,-0.2999999999999998
2024-03-24 10:00:00,0.0,135.21086508816262,-13.521086508816262,-0.20000000000000018
2024-03-24 11:00:00,0.0,419.2978115221626,-41.929781152216265,-0.14999999999999947
2024-03-24 12:00:00,0.0,228.65515657249816,-22.865515657249816,-0.050000000000000266
2024-03-24 13:00:00,0.0,174.12136791970136,-17.412136791970138,-0.1499999999999999
2024-03-24 14:00:00,0.0,238.98707377556943,-23.898707377556946,-0.04999999999999982
2024-03-24 15:00:00,0.0,267.1496616675005,-26.71496616675005,-0.10000000000000053
2024-03-24 16:00:00,415.6062705242533,0.0,41.56062705242533,0.30000000000000027
2024-03-24 17:00:00,535.957975023593,0.0,53.595797502359304,0.6000000000000001
2024-03-24 18:00:00,448.9123310995476,0.0,44.89123310995476,0.2999999999999998
2024-03-24 19:00:00,520.7022283886195,0.0,52.07022283886195,0.15000000000000036
2024-03-24 20:00:00,0.0,253.1370939838651,-25.31370939838651,-0.20000000000000018
2024-03-24 21:00:00,0.0,337.810059058136,-33.7810059058136,-0.2999999999999998
2024-03-24 22:00:00,0.0,343.70827943756603,-34.3708279437566,-0.25000000000000044
2024-03-24 23:00:00,0.0,240.8319656111465,-24.08319656111465,-0.1499999999999999
2024-03-25 00:00:00,0.0,174.1188901254319,-17.41188901254319,-0.09999999999999964
2024-03-25 01:00:00,0.0,558.7835639439525,-55.87835639439525,-0.10000000000000053
2024-03-25 02:00:00,0.0,329.4955462222223,-32.94955462222223,-0.09999999999999964
2024-03-25 03:00:00,0.0,385.8307365956151,-38.583073659561514,-0.10000000000000009
2024-03-25 04:00:00,592.8895841171673,0.0,59.28895841171673,0.10000000000000009
2024-03-25 05:00:00,545.6341262357697,0.0,54.56341262357697,0.4500000000000002
2024-03-25 06:00:00,444.95327533701084,0.0,44.49532753370109,0.14999999999999947
2024-03-25 07:00:00,475.82587657961534,0.0,47.58258765796154,0.15000000000000036
2024-03-25 08:00:00,0.0,346.4572426188138,-34.64572426188138,-0.04999999999999982
2024-03-25 09:00:00,0.0,269.86317649573255,-26.986317649573255,-0.15000000000000036
2024-03-25 10:00:00,0.0,284.87428333403,-28.487428333403003,-0.1499999999999999
2024-03-25 11:00:00,0.0,302.4918493046275,-30.249184930462754,-0.1499999999999999
2024-03-25 12:00:00,0.0,299.6165287631569,-29.961652876315693,-0.04999999999999982
2024-03-25 13:00:00,0.0,308.0073481052761,-30.80073481052761,-0.20000000000000018
2024-03-25 14:00:00,0.0,348.06984894662384,-34.806984894662385,-0.050000000000000266
2024-03-25 15:00:00,0.0,290.3847170177469,-29.03847170177469,-0.04999999999999982
2024-03-25 16:00:00,0.0,0.0,0.0,0.0
2024-03-25 17:00:00,480.6580105098968,0.0,48.065801050989684,0.6499999999999999
2024-03-25 18:00:00,433.30483768562965,0.0,43.33048376856297,0.4499999999999993
2024-03-25 19:00:00,493.44929727362097,0.0,49.3449297273621,0.20000000000000107
2024-03-25 20:00:00,0.0,382.189705340528,-38.2189705340528,-0.05000000000000071
2024-03-25 21:00:00,0.0,319.2592560587102,-31.925925605871022,-0.34999999999999964
2024-03-25 22:00:00,0.0,273.1205446809658,-27.31205446809658,-0.2999999999999998
2024-03-25 23:00:00,0.0,432.50825050989204,-43.25082505098921,-0.10000000000000053
2024-03-26 00:00:00,0.0,287.28881067157783,-28.728881067157786,-0.1999999999999993
2024-03-26 01:00:00,0.0,410.8081724916329,-41.08081724916329,-0.050000000000000266
2024-03-26 02:00:00,0.0,284.44878647568606,-28.444878647568608,-0.1499999999999999
2024-03-26 03:00:00,0.0,261.8439098228948,-26.18439098228948,-0.10000000000000009
2024-03-26 04:00:00,0.0,278.7647420175878,-27.876474201758782,-0.050000000000000266
2024-03-26 05:00:00,632.5856107874837,0.0,63.25856107874837,0.25
2024-03-26 06:00:00,355.51413943520924,0.0,35.55141394352093,0.6000000000000005
2024-03-26 07:00:00,345.88399318887525,0.0,34.588399318887525,0.25
2024-03-26 08:00:00,385.7334682791346,0.0,38.57334682791347,0.04999999999999982
2024-03-26 09:00:00,0.0,329.10717596275197,-32.9107175962752,-0.25
2024-03-26 10:00:00,0.0,309.6265297719037,-30.96265297719037,-0.20000000000000018
2024-03-26 11:00:00,0.0,396.2716588987872,-39.627165889878725,-0.25
2024-03-26 12:00:00,0.0,316.5869642952761,-31.658696429527613,-0.1499999999999999
2024-03-26 13:00:00,0.0,260.2223988192708,-26.022239881927078,-0.1499999999999999
2024-03-26 14:00:00,0.0,341.977303201081,-34.1977303201081,-0.050000000000000266
2024-03-26 15:00:00,0.0,338.75380226418633,-33.875380226418635,-0.04999999999999982
2024-03-26 16:00:00,0.0,378.9050400524687,-37.89050400524687,-0.10000000000000009
2024-03-26 17:00:00,398.7775559380596,0.0,39.877755593805965,0.40000000000000036
2024-03-26 18:00:00,278.62524910926595,0.0,27.862524910926595,0.6999999999999993
2024-03-26 19:00:00,478.36336796594645,0.0,47.83633679659465,0.25
2024-03-26 20:00:00,323.510137847497,0.0,32.3510137847497,0.15000000000000036
2024-03-26 21:00:00,0.0,351.28501429894993,-35.128501429894996,-0.2999999999999998
2024-03-26 22:00:00,0.0,364.18689623344665,-36.41868962334467,-0.35000000000000053
2024-03-26 23:00:00,0.0,396.42139209781067,-39.64213920978107,-0.19999999999999973
2024-03-27 00:00:00,0.0,335.50010849808245,-33.550010849808245,-0.10000000000000009
2024-03-27 01:00:00,0.0,446.87114347663294,-44.6871143476633,-0.14999999999999947
2024-03-27 02:00:00,0.0,402.38395730651564,-40.23839573065157,-0.10000000000000053
2024-03-27 03:00:00,0.0,346.8137279982593,-34.68137279982593,-0.14999999999999947
2024-03-27 04:00:00,0.0,0.0,0.0,0.0
2024-03-27 05:00:00,800.0,0.0,80.0,0.19999999999999973
2024-03-27 06:00:00,790.8007987003143,0.0,79.08007987003144,0.6499999999999999
2024-03-27 07:00:00,324.4760372583278,0.0,32.44760372583278,0.2999999999999998
2024-03-27 08:00:00,521.5737839640807,0.0,52.15737839640807,0.20000000000000018
2024-03-27 09:00:00,0.0,253.0948048124196,-25.309480481241962,-0.20000000000000018
2024-03-27 10:00:00,0.0,239.69069910400543,-23.969069910400545,-0.2999999999999998
2024-03-27 11:00:00,0.0,245.22536685440264,-24.522536685440265,-0.20000000000000018
2024-03-27 12:00:00,0.0,345.95432863754013,-34.59543286375401,-0.20000000000000018
2024-03-27 13:00:00,0.0,257.6678653469556,-25.76678653469556,-0.24999999999999956
2024-03-27 14:00:00,0.0,281.15172405390115,-28.115172405390116,-0.050000000000000266
2024-03-27 15:00:00,0.0,317.1854615155383,-31.71854615155383,-0.04999999999999982
2024-03-27 16:00:00,0.0,426.41601728219973,-42.641601728219975,-0.04999999999999982
2024-03-27 17:00:00,597.8309811205474,0.0,59.783098112054745,0.04999999999999982
2024-03-27 18:00:00,456.64670906649354,0.0,45.664670906649356,0.6500000000000004
2024-03-27 19:00:00,477.4052035681648,0.0,47.74052035681648,0.29999999999999893
2024-03-27 20:00:00,381.3004821526572,0.0,38.130048215265724,0.2500000000000009
2024-03-27 21:00:00,0.0,374.1804253878982,-37.41804253878982,-0.10000000000000053
2024-03-27 22:00:00,0.0,240.15791547481012,-24.015791547481015,-0.34999999999999964
2024-03-27 23:00:00,0.0,216.2765095297273,-21.62765095297273,-0.20000000000000018
2024-03-28 00:00:00,0.0,378.15049164754504,-37.815049164754505,-0.1499999999999999
2024-03-28 01:00:00,0.0,332.99942496811866,-33.299942496811866,-0.10000000000000009
2024-03-28 02:00:00,0.0,357.2775453032609,-35.727754530326095,-0.1499999999999999
2024-03-28 03:00:00,0.0,388.7381774971469,-38.873817749714696,-0.10000000000000009
2024-03-28 04:00:00,0.0,358.2443861966163,-35.82443861966163,-0.09999999999999964
2024-03-28 05:00:00,0.0,0.0,0.0,0.0
2024-03-28 06:00:00,118.70285473380514,0.0,11.870285473380514,0.5999999999999996
2024-03-28 07:00:00,631.0482575026297,0.0,63.10482575026297,0.39999999999999947
2024-03-28 08:00:00,501.7117923990677,0.0,50.17117923990677,0.20000000000000107
2024-03-28 09:00:00,0.0,0.0,0.0,0.0
2024-03-28 10:00:00,0.0,446.9954686297822,-44.699546862978224,-0.3000000000000007
2024-03-28 11:00:00,0.0,252.9393717251623,-25.29393717251623,-0.2999999999999998
2024-03-28 12:00:00,0.0,407.2011258026906,-40.72011258026907,-0.1499999999999999
2024-03-28 13:00:00,0.0,351.920996560297,-35.192099656029704,-0.1499999999999999
2024-03-28 14:00:00,0.0,214.76561854931728,-21.47656185493173,-0.1499999999999999
2024-03-28 15:00:00,0.0,294.7342243390995,-29.473422433909953,-0.10000000000000009
2024-03-28 16:00:00,0.0,324.90896962654944,-32.49089696265494,-0.04999999999999982
2024-03-28 17:00:00,0.0,0.0,0.0,0.0
2024-03-28 18:00:00,527.8774216538874,0.0,52.78774216538874,0.1499999999999999
2024-03-28 19:00:00,424.93738710619925,0.0,42.49373871061993,0.6499999999999999
2024-03-28 20:00:00,254.048841724348,0.0,25.4048841724348,0.1999999999999993
2024-03-28 21:00:00,694.4681283454113,0.0,69.44681283454113,0.15000000000000036
2024-03-28 22:00:00,0.0,368.2208947201945,-36.82208947201945,-0.25
2024-03-28 23:00:00,0.0,312.13771159492416,-31.213771159492417,-0.2999999999999998
2024-03-29 00:00:00,0.0,416.7985398527883,-41.67985398527883,-0.1499999999999999
2024-03-29 01:00:00,0.0,374.6434689837725,-37.46434689837725,-0.1499999999999999
2024-03-29 02:00:00,0.0,291.9302254629071,-29.193022546290713,-0.09999999999999964
2024-03-29 03:00:00,0.0,391.13169878275755,-39.113169878275755,-0.10000000000000053
2024-03-29 04:00:00,0.0,245.98570598850125,-24.598570598850127,-0.04999999999999982
2024-03-29 05:00:00,0.0,387.0232109793478,-38.702321097934785,-0.04999999999999982
2024-03-29 06:00:00,703.5844500104369,0.0,70.35844500104369,0.25
2024-03-29 07:00:00,502.97227474489256,0.0,50.29722747448926,0.5999999999999996
2024-03-29 08:00:00,471.4987968175932,0.0,47.14987968175932,0.2999999999999998
2024-03-29 09:00:00,497.2478723704113,0.0,49.724787237041134,0.20000000000000107
2024-03-29 10:00:00,0.0,218.29788065673796,-21.829788065673796,-0.2500000000000009
2024-03-29 11:00:00,0.0,436.3265131463793,-43.63265131463793,-0.25
2024-03-29 12:00:00,0.0,273.29883123818905,-27.329883123818906,-0.2999999999999998
2024-03-29 13:00:00,0.0,366.52123139259004,-36.652123139259004,-0.10000000000000009
2024-03-29 14:00:00,0.0,290.74907236232286,-29.07490723623229,-0.1499999999999999
2024-03-29 15:00:00,0.0,206.66401917041412,-20.666401917041412,-0.1499999999999999
2024-03-29 16:00:00,0.0,345.10359265708144,-34.510359265708146,-0.050000000000000266
2024-03-29 17:00:00,0.0,325.9380609447235,-32.59380609447235,-0.04999999999999982
2024-03-29 18:00:00,0.0,351.60160987554855,-35.16016098755485,-0.04999999999999982
2024-03-29 19:00:00,713.2573780896618,0.0,71.32573780896618,0.44999999999999973
2024-03-29 20:00:00,666.406808668525,0.0,66.64068086685249,0.3500000000000001
2024-03-29 21:00:00,382.55171897901903,0.0,38.2551718979019,0.1999999999999993
2024-03-29 22:00:00,0.0,444.916219792614,-44.4916219792614,-0.09999999999999964
2024-03-29 23:00:00,0.0,298.4464860545517,-29.844648605455173,-0.2999999999999998
2024-03-30 00:00:00,0.0,335.1852621925264,-33.51852621925264,-0.20000000000000018
2024-03-30 01:00:00,0.0,229.15792008646238,-22.91579200864624,-0.09999999999999964
2024-03-30 02:00:00,0.0,302.5643511564115,-30.25643511564115,-0.09999999999999964
2024-03-30 03:00:00,0.0,405.59154996371865,-40.559154996371866,-0.10000000000000053
2024-03-30 04:00:00,0.0,230.99105712946027,-23.099105712946027,-0.14999999999999947
2024-03-30 05:00:00,0.0,0.0,0.0,0.0
2024-03-30 06:00:00,417.7471007893464,0.0,41.774710078934646,0.04999999999999982
2024-03-30 07:00:00,622.006304850051,0.0,62.20063048500511,0.5999999999999996
2024-03-30 08:00:00,323.7328543850287,0.0,32.37328543850287,0.35000000000000053
2024-03-30 09:00:00,243.27127550081872,0.0,24.327127550081872,0.25
2024-03-30 10:00:00,0.0,0.0,0.0,0.0
2024-03-30 11:00:00,0.0,259.2672530754777,-25.92672530754777,-0.34999999999999964
2024-03-30 12:00:00,0.0,366.49515028556254,-36.64951502855626,-0.2500000000000009
2024-03-30 13:00:00,0.0,383.33597581972134,-38.333597581972136,-0.1499999999999999
2024-03-30 14:00:00,0.0,238.56519840675685,-23.856519840675688,-0.1499999999999999
2024-03-30 15:00:00,0.0,427.62308487005055,-42.76230848700506,-0.20000000000000018
2024-03-30 16:00:00,0.0,357.0963994859103,-35.70963994859103,-0.04999999999999982
2024-03-30 17:00:00,0.0,0.0,0.0,0.0
2024-03-30 18:00:00,0.0,333.53890230027775,-33.35389023002778,-0.04999999999999982
2024-03-30 19:00:00,622.2674459127028,0.0,62.22674459127028,0.1499999999999999
2024-03-30 20:00:00,500.0802463488246,0.0,50.00802463488246,0.49999999999999956
2024-03-30 21:00:00,606.6600449812172,0.0,60.66600449812172,0.20000000000000107
2024-03-30 22:00:00,324.5337670188244,0.0,32.45337670188244,0.049999999999998934
2024-03-30 23:00:00,0.0,303.6597528229004,-30.365975282290037,-0.2999999999999998
2024-03-31 00:00:00,0.0,324.7973890030604,-32.47973890030604,-0.1499999999999999
2024-03-31 01:00:00,0.0,326.1542709750663,-32.61542709750663,-0.19999999999999973
2024-03-31 02:00:00,0.0,272.5457058687261,-27.25457058687261,-0.10000000000000009
2024-03-31 03:00:00,0.0,361.72883894843415,-36.172883894843416,-0.050000000000000266
2024-03-31 04:00:00,0.0,527.4683692729263,-52.746836927292634,-0.09999999999999964
2024-03-31 05:00:00,0.0,303.808688585564,-30.380868858556404,-0.04999999999999982
2024-03-31 06:00:00,0.0,0.0,0.0,0.0
2024-03-31 07:00:00,430.7426302305941,0.0,43.074263023059416,0.2999999999999998
2024-03-31 08:00:00,0.0,0.0,0.0,0.5999999999999996
2024-03-31 09:00:00,481.9541935282923,0.0,48.195419352829234,0.2999999999999998
2024-03-31 10:00:00,335.47351686519164,0.0,33.547351686519164,0.15000000000000036
2024-03-31 11:00:00,0.0,321.33783713939806,-32.133783713939806,-0.25
2024-03-31 12:00:00,0.0,283.2219900797494,-28.32219900797494,-0.25
2024-03-31 13:00:00,0.0,457.2338576387791,-45.723385763877914,-0.20000000000000018
2024-03-31 14:00:00,0.0,416.0305125933098,-41.60305125933098,-0.09999999999999964
2024-03-31 15:00:00,0.0,401.3968932625343,-40.13968932625343,-0.15000000000000036
2024-03-31 16:00:00,0.0,314.3842115799128,-31.438421157991282,-0.14999999999999947
2024-03-31 17:00:00,0.0,345.6238416080695,-34.56238416080695,-0.050000000000000266
2024-03-31 18:00:00,0.0,180.45009602433475,-18.045009602433478,-0.050000000000000266
2024-03-31 19:00:00,543.1810521330833,0.0,54.318105213308336,0.050000000000000266
2024-03-31 20:00:00,646.9348188653332,0.0,64.69348188653332,0.2999999999999998
2024-03-31 21:00:00,618.2007560156227,0.0,61.82007560156227,0.2999999999999994
2024-03-31 22:00:00,645.5301415527958,0.0,64.55301415527958,0.10000000000000142
2024-03-31 23:00:00,0.0,263.5083710813519,-26.350837108135195,-0.15000000000000036
2024-04-01 00:00:00,0.0,500.733266283348,-50.0733266283348,-0.25000000000000044
2024-04-01 01:00:00,0.0,543.1795464974672,-54.317954649746724,-0.10000000000000009
2024-04-01 02:00:00,0.0,384.6083635293524,-38.460836352935246,-0.14999999999999947
2024-04-01 03:00:00,0.0,415.0281468227949,-41.50281468227949,-0.050000000000000266
2024-04-01 04:00:00,0.0,532.5962618892055,-53.25962618892055,-0.10000000000000009
2024-04-01 05:00:00,0.0,520.6677617539364,-52.06677617539364,-0.04999999999999982
2024-04-01 06:00:00,0.0,312.7426375336801,-31.274263753368015,-0.04999999999999982
2024-04-01 07:00:00,699.4636137884929,0.0,69.94636137884929,0.09999999999999964
2024-04-01 08:00:00,718.6700789543407,0.0,71.86700789543407,0.3999999999999999
2024-04-01 09:00:00,800.0,0.0,80.0,0.3500000000000001
2024-04-01 10:00:00,618.1907052003548,0.0,61.81907052003549,0.25
2024-04-01 11:00:00,0.0,0.0,0.0,0.0
2024-04-01 12:00:00,0.0,435.2391648825751,-43.52391648825751,-0.25
2024-04-01 13:00:00,0.0,545.2959826691099,-54.529598266910995,-0.20000000000000018
2024-04-01 14:00:00,0.0,449.18199455267353,-44.918199455267356,-0.1499999999999999
2024-04-01 15:00:00,0.0,336.8119713525677,-33.681197135256774,-0.1499999999999999
2024-04-01 16:00:00,0.0,442.79037197909685,-44.27903719790969,-0.04999999999999982
2024-04-01 17:00:00,0.0,301.38773437834004,-30.138773437834004,-0.15000000000000036
2024-04-01 18:00:00,0.0,0.0,0.0,0.0
2024-04-01 19:00:00,0.0,287.39701706728556,-28.739701706728557,-0.04999999999999982
2024-04-01 20:00:00,722.5347933768302,0.0,72.25347933768302,0.04999999999999982
2024-04-01 21:00:00,800.0,0.0,80.0,0.20000000000000018
2024-04-01 22:00:00,800.0,0.0,80.0,0.20000000000000018
2024-04-01 23:00:00,675.8329229551128,0.0,67.58329229551128,0.09999999999999964
2024-04-02 00:00:00,0.0,566.0130109131869,-56.601301091318696,-0.20000000000000018
2024-04-02 01:00:00,0.0,600.0,-60.0,-0.09999999999999964
2024-04-02 02:00:00,0.0,568.0870752346261,-56.808707523462616,-0.04999999999999982
2024-04-02 03:00:00,0.0,357.7323155702122,-35.77323155702123,-0.10000000000000009
2024-04-02 04:00:00,0.0,415.13347897116734,-41.51334789711674,-0.050000000000000266
2024-04-02 05:00:00,0.0,538.1986671476982,-53.81986671476982,-0.09999999999999964
2024-04-02 06:00:00,0.0,0.0,0.0,0.0
2024-04-02 07:00:00,0.0,0.0,0.0,0.0
2024-04-02 08:00:00,711.1569179061089,0.0,71.1156917906109,0.1499999999999999
2024-04-02 09:00:00,800.0,0.0,80.0,0.2999999999999998
2024-04-02 10:00:00,800.0,0.0,80.0,0.19999999999999973
2024-04-02 11:00:00,552.9208359914022,0.0,55.29208359914023,0.20000000000000107
2024-04-02 12:00:00,0.0,488.64545800456574,-48.864545800456575,-0.20000000000000107
2024-04-02 13:00:00,0.0,555.7555751308195,-55.57555751308195,-0.04999999999999982
2024-04-02 14:00:00,0.0,568.0284895861976,-56.80284895861976,-0.1499999999999999
2024-04-02 15:00:00,0.0,317.98933077463414,-31.798933077463417,-0.10000000000000009
2024-04-02 16:00:00,0.0,540.654617265566,-54.065461726556606,-0.09999999999999964
2024-04-02 17:00:00,0.0,382.63960064973713,-38.263960064973716,-0.10000000000000009
2024-04-02 18:00:00,0.0,507.74305264382457,-50.77430526438246,-0.050000000000000266
2024-04-02 19:00:00,0.0,486.490011812615,-48.649001181261504,-0.04999999999999982
2024-04-02 20:00:00,0.0,0.0,0.0,0.0
2024-04-02 21:00:00,0.0,0.0,0.0,0.0
2024-04-02 22:00:00,563.2797516815765,0.0,56.32797516815765,0.04999999999999982
2024-04-02 23:00:00,0.0,0.0,0.0,0.0
2024-04-03 00:00:00,161.44877729762143,0.0,16.144877729762143,0.10000000000000053
2024-04-03 01:00:00,0.0,458.9277803627401,-45.89277803627402,-0.050000000000000266
2024-04-03 02:00:00,0.0,599.5559534615405,-59.955595346154055,-0.050000000000000266
2024-04-03 03:00:00,0.0,483.7488014349703,-48.37488014349703,-0.09999999999999964
2024-04-03 04:00:00,0.0,0.0,0.0,0.0
2024-04-03 05:00:00,0.0,450.76951459208226,-45.07695145920823,-0.050000000000000266
2024-04-03 06:00:00,0.0,0.0,0.0,0.0
2024-04-03 07:00:00,0.0,0.0,0.0,0.0
2024-04-03 08:00:00,464.3549625967994,0.0,46.435496259679944,0.050000000000000266
2024-04-03 09:00:00,547.1861630245711,0.0,54.718616302457114,0.04999999999999982
2024-04-03 10:00:00,761.9274866347027,0.0,76.19274866347028,0.20000000000000018
2024-04-03 11:00:00,800.0,0.0,80.0,0.25
2024-04-03 12:00:00,800.0,0.0,80.0,0.14999999999999947
2024-04-03 13:00:00,0.0,0.0,0.0,0.0
2024-04-03 14:00:00,0.0,477.9781942265959,-47.79781942265959,-0.14999999999999947
2024-04-03 15:00:00,0.0,0.0,0.0,0.0
2024-04-03 16:00:00,0.0,450.8514791848505,-45.085147918485056,-0.20000000000000018
2024-04-03 17:00:00,0.0,407.4733889536608,-40.747338895366084,-0.09999999999999964
2024-04-03 18:00:00,0.0,516.7140831546706,-51.67140831546706,-0.10000000000000053
2024-04-03 19:00:00,0.0,0.0,0.0,0.0
2024-04-03 20:00:00,0.0,482.1287910170155,-48.21287910170155,-0.09999999999999964
2024-04-03 21:00:00,0.0,0.0,0.0,0.0
2024-04-03 22:00:00,0.0,534.2072890400327,-53.420728904003276,-0.10000000000000009
2024-04-03 23:00:00,481.5211242532239,0.0,48.15211242532239,0.04999999999999982
2024-04-04 00:00:00,591.3561359557175,0.0,59.135613595571755,0.050000000000000266
2024-04-04 01:00:00,800.0,0.0,80.0,0.09999999999999964
2024-04-04 02:00:00,0.0,0.0,0.0,0.0
2024-04-04 03:00:00,438.2619158370248,0.0,43.82619158370248,0.050000000000000266
2024-04-04 04:00:00,0.0,594.1473339478738,-59.41473339478738,-0.050000000000000266
2024-04-04 05:00:00,655.6145941861236,0.0,65.56145941861236,0.050000000000000266
2024-04-04 06:00:00,0.0,415.63731836237827,-41.56373183623783,-0.050000000000000266
2024-04-04 07:00:00,0.0,0.0,0.0,0.0
2024-04-04 08:00:00,0.0,482.8387513471929,-48.283875134719295,-0.04999999999999982
2024-04-04 09:00:00,0.0,600.0,-60.0,-0.04999999999999982
2024-04-04 10:00:00,0.0,0.0,0.0,0.0
2024-04-04 11:00:00,650.327651773821,0.0,65.0327651773821,0.04999999999999982
2024-04-04 12:00:00,10.744529857169542,0.0,1.0744529857169542,0.15000000000000036
2024-04-04 13:00:00,674.238141757606,0.0,67.4238141757606,0.34999999999999964
2024-04-04 14:00:00,625.0029424718753,0.0,62.500294247187526,0.1999999999999993
2024-04-04 15:00:00,800.0,0.0,80.0,0.10000000000000142
2024-04-04 16:00:00,0.0,524.8785241568511,-52.48785241568511,-0.05000000000000071
2024-04-04 17:00:00,0.0,485.48465692633647,-48.54846569263365,-0.15000000000000036
2024-04-04 18:00:00,0.0,600.0,-60.0,-0.24999999999999956
2024-04-04 19:00:00,0.0,455.9243774444458,-45.59243774444458,-0.10000000000000009
2024-04-04 20:00:00,0.0,436.29653830445403,-43.629653830445406,-0.04999999999999982
2024-04-04 21:00:00,0.0,600.0,-60.0,-0.10000000000000009
2024-04-04 22:00:00,0.0,459.0367978577981,-45.903679785779815,-0.050000000000000266
2024-04-04 23:00:00,0.0,600.0,-60.0,-0.09999999999999964
2024-04-05 00:00:00,0.0,0.0,0.0,0.0
2024-04-05 01:00:00,0.0,513.6348418193745,-51.36348418193745,-0.050000000000000266
2024-04-05 02:00:00,800.0,0.0,80.0,0.1499999999999999
2024-04-05 03:00:00,800.0,0.0,80.0,0.15000000000000036
2024-04-05 04:00:00,462.5419443420608,0.0,46.254194434206084,0.04999999999999982
2024-04-05 05:00:00,0.0,600.0,-60.0,-0.04999999999999982
2024-04-05 06:00:00,0.0,0.0,0.0,0.0
2024-04-05 07:00:00,0.0,600.0,-60.0,-0.10000000000000009
2024-04-05 08:00:00,0.0,0.0,0.0,0.0
2024-04-05 09:00:00,0.0,493.44021696004205,-49.344021696004205,-0.10000000000000009
2024-04-05 10:00:00,0.0,0.0,0.0,0.0
2024-04-05 11:00:00,0.0,348.12942623216014,-34.81294262321602,-0.04999999999999982
2024-04-05 12:00:00,0.0,0.0,0.0,0.0
2024-04-05 13:00:00,800.0,0.0,80.0,0.09999999999999964
2024-04-05 14:00:00,490.9781748910246,0.0,49.09781748910246,0.40000000000000036
2024-04-05 15:00:00,669.3252756662206,0.0,66.93252756662206,0.39999999999999947
2024-04-05 16:00:00,477.50145730179923,0.0,47.75014573017992,0.3000000000000007
2024-04-05 17:00:00,0.0,444.6379681555348,-44.46379681555348,-0.05000000000000071
2024-04-05 18:00:00,0.0,522.5501233910317,-52.25501233910317,-0.29999999999999893
2024-04-05 19:00:00,0.0,347.7327693036414,-34.77327693036414,-0.20000000000000107
2024-04-05 20:00:00,0.0,536.7720319347054,-53.67720319347055,-0.1499999999999999
2024-04-05 21:00:00,0.0,528.4640257885285,-52.84640257885285,-0.09999999999999964
2024-04-05 22:00:00,0.0,479.0282628945795,-47.90282628945795,-0.1499999999999999
2024-04-05 23:00:00,0.0,600.0,-60.0,-0.04999999999999982
2024-04-06 00:00:00,0.0,499.93965410444434,-49.99396541044444,-0.050000000000000266
2024-04-06 01:00:00,0.0,502.0041469636608,-50.20041469636608,-0.10000000000000009
2024-04-06 02:00:00,429.78258076862625,0.0,42.97825807686263,0.10000000000000009
2024-04-06 03:00:00,800.0,0.0,80.0,0.19999999999999973
2024-04-06 04:00:00,561.8616484990655,0.0,56.186164849906554,0.20000000000000018
2024-04-06 05:00:00,710.3462683141212,0.0,71.03462683141213,0.09999999999999964
2024-04-06 06:00:00,0.0,312.1245031657721,-31.212450316577215,-0.14999999999999947
2024-04-06 07:00:00,0.0,578.1437421018326,-57.81437421018326,-0.10000000000000009
2024-04-06 08:00:00,0.0,465.801710258158,-46.5801710258158,-4.440892098500626e-16
2024-04-06 09:00:00,0.0,592.4175434653795,-59.24175434653795,-0.04999999999999982
2024-04-06 10:00:00,0.0,0.0,0.0,0.0
2024-04-06 11:00:00,0.0,519.3772035952825,-51.93772035952825,-0.14999999999999947
2024-04-06 12:00:00,0.0,567.809667761691,-56.7809667761691,-0.10000000000000053
2024-04-06 13:00:00,0.0,561.628687523258,-56.16286875232581,-0.04999999999999982
2024-04-06 14:00:00,492.79315428679183,0.0,49.27931542867918,0.04999999999999982
2024-04-06 15:00:00,800.0,0.0,80.0,0.7000000000000002
2024-04-06 16:00:00,800.0,0.0,80.0,0.4500000000000002
2024-04-06 17:00:00,654.5316174708372,0.0,65.45316174708373,0.14999999999999947
2024-04-06 18:00:00,0.0,0.0,0.0,0.0
2024-04-06 19:00:00,0.0,488.2801011023637,-48.82801011023637,-0.15000000000000036
2024-04-06 20:00:00,0.0,401.0510631685072,-40.10510631685072,-0.1999999999999993
2024-04-06 21:00:00,0.0,592.1573058588608,-59.215730585886085,-0.2999999999999998
2024-04-06 22:00:00,0.0,527.9208255845915,-52.79208255845916,-0.20000000000000018
2024-04-06 23:00:00,0.0,345.7610609570678,-34.576106095706784,-0.1499999999999999
2024-04-07 00:00:00,0.0,478.3582361624044,-47.83582361624045,-0.10000000000000009
2024-04-07 01:00:00,0.0,474.25949248549574,-47.42594924854958,-0.04999999999999982
2024-04-07 02:00:00,0.0,507.418144474672,-50.7418144474672,-0.10000000000000009
2024-04-07 03:00:00,719.30967862611,0.0,71.930967862611,0.1499999999999999
2024-04-07 04:00:00,800.0,0.0,80.0,0.5499999999999998
2024-04-07 05:00:00,800.0,0.0,80.0,0.2999999999999998
2024-04-07 06:00:00,661.2580977428647,0.0,66.12580977428648,0.15000000000000036
2024-04-07 07:00:00,0.0,408.7778579120334,-40.877785791203344,-0.09999999999999964
2024-04-07 08:00:00,0.0,351.7737731167405,-35.17737731167405,-0.15000000000000036
2024-04-07 09:00:00,0.0,468.1954870942535,-46.819548709425355,-0.34999999999999964
2024-04-07 10:00:00,0.0,378.1762588427395,-37.81762588427395,-0.10000000000000053
2024-04-07 11:00:00,0.0,478.3848333657303,-47.838483336573034,-0.09999999999999964
2024-04-07 12:00:00,0.0,228.98880433334529,-22.89888043333453,-0.15000000000000036
2024-04-07 13:00:00,0.0,417.29401880826356,-41.72940188082636,-0.1499999999999999
2024-04-07 14:00:00,582.2927946612436,0.0,58.22927946612437,4.440892098500626e-16
2024-04-07 15:00:00,800.0,0.0,80.0,0.14999999999999947
2024-04-07 16:00:00,800.0,0.0,80.0,0.75
2024-04-07 17:00:00,655.8434683351155,0.0,65.58434683351156,0.35000000000000053
2024-04-07 18:00:00,297.8149675175095,0.0,29.78149675175095,0.25
2024-04-07 19:00:00,0.0,564.794955243827,-56.4794955243827,-0.15000000000000036
2024-04-07 20:00:00,0.0,576.2334606210868,-57.62334606210868,-0.1999999999999993
2024-04-07 21:00:00,0.0,525.6895812601888,-52.568958126018885,-0.20000000000000107
2024-04-07 22:00:00,0.0,440.14084182127124,-44.01408418212713,-0.1999999999999993
2024-04-07 23:00:00,0.0,403.0865259651244,-40.308652596512445,-0.20000000000000107
2024-04-08 00:00:00,0.0,527.1140944695478,-52.71140944695478,-0.14999999999999947
2024-04-08 01:00:00,0.0,422.06917144160525,-42.20691714416053,-0.09999999999999964
2024-04-08 02:00:00,0.0,402.65295797985027,-40.26529579798503,-0.15000000000000036
2024-04-08 03:00:00,0.0,577.9088964016534,-57.79088964016534,-0.04999999999999982
2024-04-08 04:00:00,462.2372897195958,0.0,46.22372897195959,0.4500000000000002
2024-04-08 05:00:00,563.2799925256139,0.0,56.3279992525614,0.5999999999999996
2024-04-08 06:00:00,769.1746584378026,0.0,76.91746584378026,0.25
2024-04-08 07:00:00,800.0,0.0,80.0,0.04999999999999982
2024-04-08 08:00:00,0.0,462.34725776733563,-46.23472577673357,-0.1999999999999993
2024-04-08 09:00:00,0.0,446.51994535307256,-44.65199453530726,-0.20000000000000107
2024-04-08 10:00:00,0.0,429.3651112906594,-42.93651112906594,-0.1999999999999993
2024-04-08 11:00:00,0.0,442.5448447601079,-44.25448447601079,-0.25
2024-04-08 12:00:00,0.0,463.920993226524,-46.3920993226524,-0.04999999999999982
2024-04-08 13:00:00,0.0,600.0,-60.0,-0.20000000000000018
2024-04-08 14:00:00,0.0,386.1362039422449,-38.61362039422449,-0.10000000000000009
2024-04-08 15:00:00,0.0,506.74409033869216,-50.67440903386922,-0.10000000000000009
2024-04-08 16:00:00,800.0,0.0,80.0,0.40000000000000036
2024-04-08 17:00:00,800.0,0.0,80.0,0.7499999999999991
2024-04-08 18:00:00,800.0,0.0,80.0,0.3000000000000007
2024-04-08 19:00:00,800.0,0.0,80.0,0.04999999999999982
2024-04-08 20:00:00,0.0,364.94138268011346,-36.49413826801135,-0.14999999999999947
2024-04-08 21:00:00,0.0,434.8532789038478,-43.48532789038478,-0.20000000000000107
2024-04-08 22:00:00,0.0,520.9666351594826,-52.096663515948265,-0.1999999999999993
2024-04-08 23:00:00,0.0,442.6293646591169,-44.26293646591169,-0.25
2024-04-09 00:00:00,0.0,553.259356644019,-55.325935664401904,-0.1999999999999993
2024-04-09 01:00:00,0.0,389.0332314162347,-38.903323141623474,-0.15000000000000036
2024-04-09 02:00:00,0.0,405.801153502996,-40.5801153502996,-0.15000000000000036
2024-04-09 03:00:00,0.0,507.06630172789005,-50.706630172789005,-0.04999999999999982
2024-04-09 04:00:00,0.0,388.9300187018911,-38.89300187018911,-0.050000000000000266
2024-04-09 05:00:00,752.9394682790112,0.0,75.29394682790112,0.7500000000000004
2024-04-09 06:00:00,776.5863841454232,0.0,77.65863841454232,0.40000000000000036
2024-04-09 07:00:00,800.0,0.0,80.0,0.25
2024-04-09 08:00:00,0.0,303.1050857534791,-30.31050857534791,-0.15000000000000036
2024-04-09 09:00:00,0.0,356.17735891533306,-35.61773589153331,-0.20000000000000107
2024-04-09 10:00:00,0.0,579.3005111973108,-57.93005111973108,-0.14999999999999858
2024-04-09 11:00:00,0.0,376.70544329375247,-37.67054432937525,-0.20000000000000107
2024-04-09 12:00:00,0.0,405.4105420965892,-40.541054209658924,-0.1999999999999993
2024-04-09 13:00:00,0.0,600.0,-60.0,-0.15000000000000036
2024-04-09 14:00:00,0.0,600.0,-60.0,-0.20000000000000018
2024-04-09 15:00:00,0.0,576.9244736966742,-57.69244736966743,-0.04999999999999982
2024-04-09 16:00:00,0.0,488.03924825346405,-48.80392482534641,-0.04999999999999982
2024-04-09 17:00:00,301.82949096951796,0.0,30.1829490969518,0.6499999999999995
2024-04-09 18:00:00,800.0,0.0,80.0,0.5
2024-04-09 19:00:00,301.76350604428904,0.0,30.176350604428904,0.25
2024-04-09 20:00:00,0.0,600.0,-60.0,-0.04999999999999982
2024-04-09 21:00:00,0.0,364.2622536595457,-36.42622536595457,-0.20000000000000018
2024-04-09 22:00:00,0.0,538.8234160113391,-53.88234160113391,-0.15000000000000036
2024-04-09 23:00:00,0.0,375.6230012247256,-37.562300122472564,-0.1999999999999993
2024-04-10 00:00:00,0.0,459.62338831829857,-45.96233883182986,-0.25
2024-04-10 01:00:00,0.0,567.0510049809122,-56.70510049809123,-0.1999999999999993
2024-04-10 02:00:00,0.0,581.1896691719122,-58.11896691719122,-0.15000000000000036
2024-04-10 03:00:00,0.0,524.9124225902555,-52.49124225902555,-0.10000000000000053
2024-04-10 04:00:00,0.0,429.5487931972609,-42.954879319726096,-0.09999999999999964
2024-04-10 05:00:00,753.4769667092614,0.0,75.34769667092614,0.39999999999999947
2024-04-10 06:00:00,641.1239114297279,0.0,64.11239114297278,0.6000000000000005
2024-04-10 07:00:00,477.79716168951035,0.0,47.77971616895104,0.20000000000000018
2024-04-10 08:00:00,475.8056790903242,0.0,47.580567909032425,0.049999999999998934
2024-04-10 09:00:00,0.0,543.886281329871,-54.38862813298711,-0.049999999999998934
2024-04-10 10:00:00,0.0,416.96724670276205,-41.69672467027621,-0.10000000000000053
2024-04-10 11:00:00,0.0,594.6810360095703,-59.468103600957036,-0.20000000000000018
2024-04-10 12:00:00,0.0,491.5494799246245,-49.15494799246245,-0.14999999999999947
2024-04-10 13:00:00,0.0,301.84236116307966,-30.184236116307968,-0.20000000000000018
2024-04-10 14:00:00,0.0,384.6050816913129,-38.46050816913129,-0.15000000000000036
2024-04-10 15:00:00,0.0,568.7433796406194,-56.874337964061944,-0.14999999999999947
2024-04-10 16:00:00,0.0,474.90980714469396,-47.4909807144694,-0.15000000000000036
2024-04-10 17:00:00,723.112301857274,0.0,72.31123018572741,0.04999999999999982
2024-04-10 18:00:00,800.0,0.0,80.0,0.75
2024-04-10 19:00:00,441.6845268146436,0.0,44.168452681464366,0.3000000000000007
2024-04-10 20:00:00,644.0608005844857,0.0,64.40608005844858,0.09999999999999964
2024-04-10 21:00:00,0.0,600.0,-60.0,-0.04999999999999982
2024-04-10 22:00:00,0.0,582.8453712473416,-58.284537124734165,-0.20000000000000018
2024-04-10 23:00:00,0.0,353.9691330599981,-35.39691330599981,-0.15000000000000036
2024-04-11 00:00:00,0.0,457.1211233811784,-45.71211233811784,-0.1999999999999993
2024-04-11 01:00:00,0.0,600.0,-60.0,-0.15000000000000036
2024-04-11 02:00:00,0.0,454.3417057690632,-45.434170576906325,-0.1999999999999993
2024-04-11 03:00:00,0.0,560.9318261086967,-56.09318261086967,-0.10000000000000142
2024-04-11 04:00:00,0.0,579.5648536235008,-57.95648536235008,-0.09999999999999964
2024-04-11 05:00:00,0.0,512.2872405236192,-51.22872405236192,-0.04999999999999982
2024-04-11 06:00:00,520.2618969507496,0.0,52.02618969507496,0.7000000000000002
2024-04-11 07:00:00,341.84589131296406,0.0,34.184589131296406,0.4500000000000002
2024-04-11 08:00:00,548.3324233843589,0.0,54.833242338435895,0.25
2024-04-11 09:00:00,0.0,600.0,-60.0,-0.10000000000000053
2024-04-11 10:00:00,0.0,555.7359385417989,-55.57359385417989,-0.14999999999999947
2024-04-11 11:00:00,0.0,538.652225314647,-53.8652225314647,-0.20000000000000018
2024-04-11 12:00:00,0.0,600.0,-60.0,-0.15000000000000036
2024-04-11 13:00:00,0.0,387.6755852834991,-38.767558528349916,-0.15000000000000036
2024-04-11 14:00:00,0.0,259.2621104352695,-25.92621104352695,-0.14999999999999947
2024-04-11 15:00:00,0.0,513.4661751024148,-51.34661751024149,-0.09999999999999964
2024-04-11 16:00:00,0.0,419.96162936956614,-41.996162936956615,-0.20000000000000018
2024-04-11 17:00:00,0.0,349.9527720419011,-34.99527720419011,-0.09999999999999964
2024-04-11 18:00:00,800.0,0.0,80.0,0.14999999999999947
2024-04-11 19:00:00,800.0,0.0,80.0,0.6000000000000005
2024-04-11 20:00:00,332.6447394084661,0.0,33.26447394084661,0.25
2024-04-11 21:00:00,0.0,0.0,0.0,0.0
2024-04-11 22:00:00,0.0,552.3617454289695,-55.23617454289695,-0.10000000000000053
2024-04-11 23:00:00,0.0,535.6304014436723,-53.563040144367235,-0.14999999999999947
2024-04-12 00:00:00,0.0,332.7956609548894,-33.27956609548894,-0.25
2024-04-12 01:00:00,0.0,600.0,-60.0,-0.25
2024-04-12 02:00:00,0.0,565.5937332421121,-56.55937332421121,-0.10000000000000053
2024-04-12 03:00:00,0.0,512.5464831454132,-51.25464831454132,-0.09999999999999964
2024-04-12 04:00:00,0.0,539.5401636824071,-53.95401636824071,-0.10000000000000053
2024-04-12 05:00:00,0.0,509.066406075491,-50.9066406075491,-0.04999999999999982
2024-04-12 06:00:00,367.3059267415828,0.0,36.73059267415828,0.20000000000000018
2024-04-12 07:00:00,512.326968575283,0.0,51.2326968575283,0.7000000000000002
2024-04-12 08:00:00,648.0537855484067,0.0,64.80537855484067,0.2999999999999998
2024-04-12 09:00:00,800.0,0.0,80.0,0.09999999999999964
2024-04-12 10:00:00,0.0,511.54911438181745,-51.15491143818175,-0.09999999999999964
2024-04-12 11:00:00,0.0,600.0,-60.0,-0.20000000000000018
2024-04-12 12:00:00,0.0,314.17057520417,-31.417057520417004,-0.10000000000000053
2024-04-12 13:00:00,0.0,446.947839592855,-44.6947839592855,-0.14999999999999947
2024-04-12 14:00:00,0.0,600.0,-60.0,-0.20000000000000018
2024-04-12 15:00:00,0.0,459.66347767588303,-45.9663477675883,-0.14999999999999947
2024-04-12 16:00:00,0.0,427.17690660674884,-42.71769066067489,-0.10000000000000053
2024-04-12 17:00:00,0.0,398.68354232532846,-39.86835423253285,-0.1999999999999993
2024-04-12 18:00:00,0.0,0.0,0.0,0.0
2024-04-12 19:00:00,487.6482517205773,0.0,48.76482517205773,0.40000000000000036
2024-04-12 20:00:00,712.460296251717,0.0,71.2460296251717,0.34999999999999964
2024-04-12 21:00:00,642.1746634865108,0.0,64.21746634865109,0.15000000000000036
2024-04-12 22:00:00,0.0,565.1016655789632,-56.510166557896326,-0.05000000000000071
2024-04-12 23:00:00,0.0,323.59956190312977,-32.35995619031298,-0.09999999999999964
2024-04-13 00:00:00,0.0,600.0,-60.0,-0.15000000000000036
2024-04-13 01:00:00,0.0,600.0,-60.0,-0.25
2024-04-13 02:00:00,0.0,449.709211278019,-44.9709211278019,-0.20000000000000018
2024-04-13 03:00:00,0.0,571.0315773398083,-57.10315773398084,-0.09999999999999964
2024-04-13 04:00:00,0.0,600.0,-60.0,-0.04999999999999982
2024-04-13 05:00:00,0.0,544.5405179740858,-54.45405179740858,-0.15000000000000036
2024-04-13 06:00:00,0.0,0.0,0.0,0.0
2024-04-13 07:00:00,361.66377522617233,0.0,36.16637752261723,0.5500000000000007
2024-04-13 08:00:00,800.0,0.0,80.0,0.4499999999999993
2024-04-13 09:00:00,708.5507847615734,0.0,70.85507847615735,0.25
2024-04-13 10:00:00,0.0,387.520268810772,-38.7520268810772,-0.05000000000000071
2024-04-13 11:00:00,0.0,600.0,-60.0,-0.09999999999999964
2024-04-13 12:00:00,0.0,584.7057346714865,-58.470573467148654,-0.09999999999999964
2024-04-13 13:00:00,0.0,300.67416273348886,-30.067416273348886,-0.15000000000000036
2024-04-13 14:00:00,0.0,600.0,-60.0,-0.09999999999999964
2024-04-13 15:00:00,0.0,504.77425527608136,-50.47742552760814,-0.15000000000000036
2024-04-13 16:00:00,0.0,464.793194674235,-46.4793194674235,-0.09999999999999964
2024-04-13 17:00:00,0.0,485.2306120369084,-48.523061203690844,-0.1999999999999993
2024-04-13 18:00:00,0.0,524.7991295971995,-52.47991295971995,-0.15000000000000036
2024-04-13 19:00:00,787.8763690718199,0.0,78.78763690718199,0.09999999999999964
2024-04-13 20:00:00,740.4822684810116,0.0,74.04822684810117,0.2999999999999998
2024-04-13 21:00:00,444.2577368887152,0.0,44.42577368887152,0.25
2024-04-13 22:00:00,800.0,0.0,80.0,0.04999999999999982
2024-04-13 23:00:00,0.0,405.0617387459972,-40.506173874599725,-0.04999999999999982
2024-04-14 00:00:00,0.0,448.83970892223755,-44.88397089222376,-0.09999999999999964
2024-04-14 01:00:00,0.0,423.2832557731198,-42.32832557731198,-0.14999999999999947
2024-04-14 02:00:00,0.0,508.20126080180137,-50.82012608018014,-0.10000000000000053
2024-04-14 03:00:00,0.0,559.976554435376,-55.9976554435376,-0.10000000000000053
2024-04-14 04:00:00,0.0,536.4794759735368,-53.64794759735368,-0.09999999999999964
2024-04-14 05:00:00,0.0,554.6587078343246,-55.46587078343246,-0.09999999999999964
2024-04-14 06:00:00,0.0,0.0,0.0,0.0
2024-04-14 07:00:00,800.0,0.0,80.0,0.14999999999999947
2024-04-14 08:00:00,800.0,0.0,80.0,0.5000000000000009
2024-04-14 09:00:00,672.8395963137281,0.0,67.28395963137281,0.29999999999999893
2024-04-14 10:00:00,550.2157142857441,0.0,55.02157142857441,0.15000000000000036
2024-04-14 11:00:00,0.0,488.47879593462727,-48.84787959346273,-0.09999999999999964
2024-04-14 12:00:00,0.0,550.9533303814485,-55.09533303814485,-0.10000000000000053
2024-04-14 13:00:00,0.0,551.7135953817948,-55.17135953817948,-0.14999999999999947
2024-04-14 14:00:00,0.0,600.0,-60.0,-0.15000000000000036
2024-04-14 15:00:00,0.0,509.5041187648422,-50.950411876484225,-0.09999999999999964
2024-04-14 16:00:00,0.0,496.93518058658253,-49.693518058658256,-0.09999999999999964
2024-04-14 17:00:00,0.0,324.05420388769426,-32.40542038876943,-0.15000000000000036
2024-04-14 18:00:00,0.0,557.7776116719175,-55.777761167191755,-0.09999999999999964
2024-04-14 19:00:00,0.0,600.0,-60.0,-0.05000000000000071
2024-04-14 20:00:00,800.0,0.0,80.0,0.05000000000000071
2024-04-14 21:00:00,544.2464868949719,0.0,54.42464868949719,0.1999999999999993
2024-04-14 22:00:00,800.0,0.0,80.0,0.15000000000000036
2024-04-14 23:00:00,800.0,0.0,80.0,0.04999999999999982
2024-04-15 00:00:00,0.0,599.8235278399479,-59.9823527839948,-0.04999999999999982
2024-04-15 01:00:00,0.0,390.80490352601936,-39.08049035260194,-0.09999999999999964
2024-04-15 02:00:00,0.0,591.4520234543821,-59.145202345438214,-0.10000000000000142
2024-04-15 03:00:00,0.0,390.107112849344,-39.0107112849344,-0.14999999999999858
2024-04-15 04:00:00,0.0,0.0,0.0,0.0
2024-04-15 05:00:00,0.0,516.7634639789057,-51.676346397890576,-0.10000000000000142
2024-04-15 06:00:00,0.0,563.0597514560883,-56.30597514560883,-0.049999999999998934
2024-04-15 07:00:00,0.0,0.0,0.0,0.0
2024-04-15 08:00:00,407.73828031519645,0.0,40.77382803151965,0.1999999999999993
2024-04-15 09:00:00,610.501927236808,0.0,61.0501927236808,0.25
2024-04-15 10:00:00,506.31610263683035,0.0,50.63161026368304,0.15000000000000036
2024-04-15 11:00:00,0.0,0.0,0.0,0.0
2024-04-15 12:00:00,689.0305291264383,0.0,68.90305291264383,0.04999999999999982
2024-04-15 13:00:00,0.0,532.9337952751374,-53.29337952751374,-0.14999999999999947
2024-04-15 14:00:00,0.0,416.20985228166194,-41.6209852281662,-0.05000000000000071
2024-04-15 15:00:00,0.0,455.71416743641475,-45.57141674364148,-0.04999999999999982
2024-04-15 16:00:00,0.0,520.256567159913,-52.025656715991296,-0.09999999999999964
2024-04-15 17:00:00,0.0,506.3960648856927,-50.63960648856927,-0.14999999999999947
2024-04-15 18:00:00,0.0,585.7053187244311,-58.57053187244311,-0.05000000000000071
2024-04-15 19:00:00,0.0,555.0484459588814,-55.504844595888144,-0.09999999999999964
2024-04-15 20:00:00,0.0,0.0,0.0,0.0
2024-04-15 21:00:00,800.0,0.0,80.0,0.049999999999998934
2024-04-15 22:00:00,800.0,0.0,80.0,0.15000000000000036
2024-04-15 23:00:00,546.508477257236,0.0,54.6508477257236,0.10000000000000053
2024-04-16 00:00:00,0.0,543.3905935062176,-54.33905935062176,-8.881784197001252e-16
2024-04-16 01:00:00,0.0,555.2825554226848,-55.52825554226848,-0.049999999999998934
2024-04-16 02:00:00,0.0,560.3824207212174,-56.03824207212174,-0.05000000000000071
2024-04-16 03:00:00,0.0,472.4525344427742,-47.245253444277424,-0.09999999999999964
2024-04-16 04:00:00,0.0,556.3072295810326,-55.63072295810326,-0.05000000000000071
2024-04-16 05:00:00,0.0,0.0,0.0,0.0
2024-04-16 06:00:00,0.0,369.2852995308601,-36.928529953086006,-0.049999999999998934
2024-04-16 07:00:00,0.0,0.0,0.0,0.0
2024-04-16 08:00:00,549.6850645388331,0.0,54.968506453883315,0.09999999999999964
2024-04-16 09:00:00,800.0,0.0,80.0,0.20000000000000018
2024-04-16 10:00:00,800.0,0.0,80.0,0.20000000000000018
2024-04-16 11:00:00,502.3795961969174,0.0,50.23795961969174,0.09999999999999964
2024-04-16 12:00:00,464.669598955481,0.0,46.4669598955481,0.04999999999999982
2024-04-16 13:00:00,0.0,600.0,-60.0,-0.09999999999999964
2024-04-16 14:00:00,0.0,491.5540221904501,-49.155402219045015,-0.04999999999999982
2024-04-16 15:00:00,0.0,518.1478639621264,-51.81478639621264,-0.05000000000000071
2024-04-16 16:00:00,0.0,311.1863871979006,-31.118638719790063,-0.09999999999999964
2024-04-16 17:00:00,0.0,600.0,-60.0,-0.04999999999999982
2024-04-16 18:00:00,0.0,316.8394203823776,-31.683942038237763,-0.10000000000000053
2024-04-16 19:00:00,0.0,467.4023644536057,-46.74023644536057,-0.049999999999998934
2024-04-16 20:00:00,0.0,527.2116496578655,-52.72116496578655,-0.10000000000000142
2024-04-16 21:00:00,0.0,0.0,0.0,0.0
2024-04-16 22:00:00,0.0,0.0,0.0,0.0
2024-04-16 23:00:00,0.0,0.0,0.0,0.0
2024-04-17 00:00:00,800.0,0.0,80.0,0.05000000000000071
2024-04-17 01:00:00,0.0,0.0,0.0,0.0
2024-04-17 02:00:00,0.0,0.0,0.0,0.0
2024-04-17 03:00:00,0.0,0.0,0.0,0.0
2024-04-17 04:00:00,0.0,518.3339528162754,-51.833395281627546,-0.05000000000000071
2024-04-17 05:00:00,0.0,0.0,0.0,0.0
2024-04-17 06:00:00,0.0,528.8148984729755,-52.88148984729756,-0.049999999999998934
2024-04-17 07:00:00,0.0,502.3388087438875,-50.23388087438875,-0.05000000000000071
2024-04-17 08:00:00,800.0,0.0,80.0,0.05000000000000071
2024-04-17 09:00:00,342.6849343452294,0.0,34.268493434522945,0.04999999999999982
2024-04-17 10:00:00,793.0061433763074,0.0,79.30061433763075,0.04999999999999982
2024-04-17 11:00:00,555.8558372789528,0.0,55.58558372789528,0.15000000000000036
2024-04-17 12:00:00,680.459249981832,0.0,68.04592499818321,0.04999999999999982
2024-04-17 13:00:00,800.0,0.0,80.0,0.09999999999999964
2024-04-17 14:00:00,0.0,500.9997768256634,-50.09997768256634,-0.04999999999999982
2024-04-17 15:00:00,0.0,0.0,0.0,0.0
2024-04-17 16:00:00,0.0,0.0,0.0,0.0
2024-04-17 17:00:00,0.0,367.24061222402037,-36.724061222402035,-0.05000000000000071
2024-04-17 18:00:00,0.0,554.5164120878771,-55.45164120878772,-0.09999999999999964
2024-04-17 19:00:00,0.0,459.9932880501669,-45.99932880501669,-0.049999999999998934
2024-04-17 20:00:00,0.0,496.52687457604213,-49.652687457604216,-0.10000000000000142
2024-04-17 21:00:00,0.0,0.0,0.0,0.0
2024-04-17 22:00:00,0.0,469.8530679981038,-46.98530679981039,-0.09999999999999964
2024-04-17 23:00:00,0.0,0.0,0.0,0.0
2024-04-18 00:00:00,0.0,0.0,0.0,0.0
2024-04-18 01:00:00,0.0,0.0,0.0,0.0
2024-04-18 02:00:00,800.0,0.0,80.0,0.09999999999999964
2024-04-18 03:00:00,0.0,0.0,0.0,0.0
2024-04-18 04:00:00,800.0,0.0,80.0,0.05000000000000071
2024-04-18 05:00:00,0.0,0.0,0.0,0.0
2024-04-18 06:00:00,0.0,400.35446179398133,-40.035446179398136,-0.05000000000000071
2024-04-18 07:00:00,0.0,0.0,0.0,0.0
2024-04-18 08:00:00,0.0,0.0,0.0,0.0
2024-04-18 09:00:00,0.0,0.0,0.0,0.0
2024-04-18 10:00:00,0.0,510.3029929914028,-51.03029929914028,-0.09999999999999964
2024-04-18 11:00:00,0.0,0.0,0.0,0.0
2024-04-18 12:00:00,800.0,0.0,80.0,0.05000000000000071
2024-04-18 13:00:00,739.7299386282945,0.0,73.97299386282945,0.09999999999999964
2024-04-18 14:00:00,800.0,0.0,80.0,0.20000000000000018
2024-04-18 15:00:00,800.0,0.0,80.0,0.09999999999999964
2024-04-18 16:00:00,784.7569804351908,0.0,78.47569804351909,0.10000000000000053
2024-04-18 17:00:00,0.0,600.0,-60.0,-0.05000000000000071
2024-04-18 18:00:00,0.0,511.7912253143207,-51.17912253143207,-0.09999999999999964
2024-04-18 19:00:00,0.0,293.95372305641405,-29.395372305641406,-0.05000000000000071
2024-04-18 20:00:00,0.0,483.3864424914996,-48.338644249149965,-0.09999999999999964
2024-04-18 21:00:00,0.0,524.246360935282,-52.42463609352821,-0.09999999999999964
2024-04-18 22:00:00,0.0,330.3050826014115,-33.030508260141154,-0.05000000000000071
2024-04-18 23:00:00,0.0,600.0,-60.0,-0.09999999999999964
2024-04-19 00:00:00,0.0,0.0,0.0,0.0
2024-04-19 01:00:00,0.0,0.0,0.0,0.0
2024-04-19 02:00:00,586.3931758095691,0.0,58.63931758095691,0.05000000000000071
2024-04-19 03:00:00,800.0,0.0,80.0,0.14999999999999947
2024-04-19 04:00:00,480.00813446594555,0.0,48.000813446594556,0.15000000000000036
2024-04-19 05:00:00,771.9798709097604,0.0,77.19798709097604,0.04999999999999982
2024-04-19 06:00:00,0.0,0.0,0.0,0.0
2024-04-19 07:00:00,0.0,0.0,0.0,0.0
2024-04-19 08:00:00,0.0,600.0,-60.0,-0.09999999999999964
2024-04-19 09:00:00,0.0,0.0,0.0,0.0
2024-04-19 10:00:00,0.0,557.3578142713986,-55.73578142713987,-0.15000000000000036
2024-04-19 11:00:00,0.0,579.5297582750435,-57.95297582750435,-0.09999999999999964
2024-04-19 12:00:00,0.0,448.1025778053751,-44.81025778053751,-0.10000000000000053
2024-04-19 13:00:00,800.0,0.0,80.0,0.10000000000000053
2024-04-19 14:00:00,800.0,0.0,80.0,0.14999999999999947
2024-04-19 15:00:00,775.7601065839248,0.0,77.57601065839248,0.14999999999999947
2024-04-19 16:00:00,741.1653907742207,0.0,74.11653907742208,0.10000000000000053
2024-04-19 17:00:00,0.0,0.0,0.0,0.0
2024-04-19 18:00:00,0.0,0.0,0.0,0.0
2024-04-19 19:00:00,0.0,459.79640316389197,-45.9796403163892,-0.09999999999999964
2024-04-19 20:00:00,0.0,372.859210567599,-37.2859210567599,-0.04999999999999982
2024-04-19 21:00:00,0.0,246.9855920045356,-24.69855920045356,-0.05000000000000071
2024-04-19 22:00:00,0.0,0.0,0.0,0.0
2024-04-19 23:00:00,0.0,435.9920935392556,-43.599209353925566,-0.09999999999999964
2024-04-20 00:00:00,0.0,529.1966409828841,-52.919664098288415,-0.04999999999999982
2024-04-20 01:00:00,0.0,0.0,0.0,0.0
2024-04-20 02:00:00,0.0,0.0,0.0,0.0
2024-04-20 03:00:00,800.0,0.0,80.0,0.04999999999999982
2024-04-20 04:00:00,660.3236196900116,0.0,66.03236196900116,0.25
2024-04-20 05:00:00,0.0,600.0,-60.0,-0.04999999999999982
2024-04-20 06:00:00,0.0,600.0,-60.0,-0.04999999999999982
2024-04-20 07:00:00,0.0,524.9031359528262,-52.49031359528263,-0.05000000000000071
2024-04-20 08:00:00,0.0,537.4647201816762,-53.74647201816762,-0.04999999999999982
2024-04-20 09:00:00,0.0,393.46172845826317,-39.34617284582632,-0.04999999999999982
2024-04-20 10:00:00,0.0,600.0,-60.0,-0.09999999999999964
2024-04-20 11:00:00,0.0,0.0,0.0,0.0
2024-04-20 12:00:00,0.0,570.1030157680466,-57.010301576804665,-0.05000000000000071
2024-04-20 13:00:00,0.0,375.48338090816696,-37.5483380908167,-0.09999999999999964
2024-04-20 14:00:00,800.0,0.0,80.0,0.05000000000000071
2024-04-20 15:00:00,800.0,0.0,80.0,0.1999999999999993
2024-04-20 16:00:00,463.5596633478681,0.0,46.355966334786814,0.09999999999999964
2024-04-20 17:00:00,800.0,0.0,80.0,0.09999999999999964
2024-04-20 18:00:00,0.0,540.8837136586574,-54.08837136586574,-0.049999999999998934
2024-04-20 19:00:00,0.0,0.0,0.0,0.0
2024-04-20 20:00:00,0.0,483.3429738600024,-48.334297386000245,-0.09999999999999964
2024-04-20 21:00:00,0.0,506.6379536741538,-50.66379536741538,-0.10000000000000053
2024-04-20 22:00:00,0.0,442.34489816693576,-44.23448981669358,-0.04999999999999982
2024-04-20 23:00:00,0.0,385.12002639126507,-38.51200263912651,-0.09999999999999964
2024-04-21 00:00:00,0.0,375.4018701340208,-37.54018701340208,-8.881784197001252e-16
2024-04-21 01:00:00,0.0,430.64439214500334,-43.06443921450034,-0.04999999999999982
2024-04-21 02:00:00,534.1963903376242,0.0,53.41963903376242,0.04999999999999982
2024-04-21 03:00:00,719.1128390662478,0.0,71.91128390662479,8.881784197001252e-16
2024-04-21 04:00:00,800.0,0.0,80.0,0.34999999999999964
2024-04-21 05:00:00,706.2313237002656,0.0,70.62313237002657,0.09999999999999964
2024-04-21 06:00:00,679.1276487498357,0.0,67.91276487498357,0.05000000000000071
2024-04-21 07:00:00,0.0,382.39035335827396,-38.239035335827396,-0.05000000000000071
2024-04-21 08:00:00,0.0,528.9319096780695,-52.89319096780695,-0.05000000000000071
2024-04-21 09:00:00,0.0,288.9322167375811,-28.89322167375811,-0.14999999999999858
2024-04-21 10:00:00,0.0,403.5311751771729,-40.353117517717294,-0.05000000000000071
2024-04-21 11:00:00,0.0,474.0310414075051,-47.403104140750514,-0.04999999999999982
2024-04-21 12:00:00,0.0,600.0,-60.0,-0.10000000000000053
2024-04-21 13:00:00,0.0,330.56332850545664,-33.056332850545665,-0.049999999999998934
2024-04-21 14:00:00,0.0,0.0,0.0,0.0
2024-04-21 15:00:00,772.9857689527736,0.0,77.29857689527736,0.049999999999998934
2024-04-21 16:00:00,800.0,0.0,80.0,0.35000000000000053
2024-04-21 17:00:00,800.0,0.0,80.0,0.20000000000000018
2024-04-21 18:00:00,0.0,466.74568881586254,-46.674568881586254,-0.05000000000000071
2024-04-21 19:00:00,0.0,458.5319256924387,-45.85319256924387,-0.04999999999999982
2024-04-21 20:00:00,0.0,395.8307337681736,-39.58307337681737,-0.04999999999999982
2024-04-21 21:00:00,0.0,589.2605708890878,-58.926057088908784,-0.04999999999999982
2024-04-21 22:00:00,667.5849321031233,0.0,66.75849321031232,0.04999999999999982
2024-04-21 23:00:00,0.0,474.6447529110952,-47.46447529110952,-0.04999999999999982
2024-04-22 00:00:00,0.0,512.1891762069338,-51.21891762069338,-0.04999999999999982
2024-04-22 01:00:00,0.0,600.0,-60.0,-0.10000000000000053
2024-04-22 02:00:00,0.0,533.4010015225057,-53.34010015225057,-0.10000000000000053
2024-04-22 03:00:00,800.0,0.0,80.0,0.10000000000000053
2024-04-22 04:00:00,800.0,0.0,80.0,0.35000000000000053
2024-04-22 05:00:00,573.2923062754836,0.0,57.32923062754836,0.25
2024-04-22 06:00:00,800.0,0.0,80.0,0.09999999999999964
2024-04-22 07:00:00,0.0,414.4343713714685,-41.44343713714685,-0.04999999999999982
2024-04-22 08:00:00,0.0,430.12117589523024,-43.01211758952303,-0.10000000000000053
2024-04-22 09:00:00,0.0,556.113965019097,-55.6113965019097,-0.09999999999999964
2024-04-22 10:00:00,0.0,527.83118724927,-52.783118724927,-0.04999999999999982
2024-04-22 11:00:00,0.0,460.17895839573686,-46.01789583957369,-0.10000000000000053
2024-04-22 12:00:00,0.0,441.4961180957576,-44.14961180957576,-0.14999999999999947
2024-04-22 13:00:00,0.0,0.0,0.0,0.0
2024-04-22 14:00:00,0.0,600.0,-60.0,-0.10000000000000053
2024-04-22 15:00:00,0.0,0.0,0.0,0.0
2024-04-22 16:00:00,707.1076361387511,0.0,70.71076361387512,0.25
2024-04-22 17:00:00,793.5352010421769,0.0,79.3535201042177,0.3000000000000007
2024-04-22 18:00:00,485.7692311687136,0.0,48.57692311687136,0.14999999999999947
2024-04-22 19:00:00,0.0,580.4462143958785,-58.04462143958786,-0.09999999999999964
2024-04-22 20:00:00,0.0,468.0411114275525,-46.804111142755254,-8.881784197001252e-16
2024-04-22 21:00:00,0.0,330.5706842162057,-33.05706842162057,-0.14999999999999947
2024-04-22 22:00:00,0.0,575.1191056425263,-57.51191056425263,-0.04999999999999982
2024-04-22 23:00:00,0.0,550.7660770911466,-55.07660770911466,-0.15000000000000036
2024-04-23 00:00:00,0.0,480.26231263869977,-48.02623126386998,-0.15000000000000036
2024-04-23 01:00:00,0.0,585.9285165242326,-58.59285165242326,-0.049999999999998934
2024-04-23 02:00:00,0.0,563.8492901668601,-56.384929016686016,-0.09999999999999964
2024-04-23 03:00:00,0.0,0.0,0.0,0.0
2024-04-23 04:00:00,760.0009593994042,0.0,76.00009593994042,0.1999999999999993
2024-04-23 05:00:00,591.1205990998028,0.0,59.11205990998028,0.40000000000000036
2024-04-23 06:00:00,800.0,0.0,80.0,0.1999999999999993
2024-04-23 07:00:00,321.84618716090324,0.0,32.18461871609033,0.05000000000000071
2024-04-23 08:00:00,0.0,461.6618808078113,-46.16618808078113,-0.10000000000000053
2024-04-23 09:00:00,0.0,600.0,-60.0,-0.10000000000000053
2024-04-23 10:00:00,0.0,437.2037487072186,-43.72037487072186,-0.14999999999999947
2024-04-23 11:00:00,0.0,328.73644866994886,-32.87364486699489,-0.09999999999999964
2024-04-23 12:00:00,0.0,256.73104920779673,-25.673104920779675,-0.10000000000000053
2024-04-23 13:00:00,0.0,247.4842019322742,-24.74842019322742,-0.14999999999999947
2024-04-23 14:00:00,0.0,0.0,0.0,0.0
2024-04-23 15:00:00,0.0,550.9833611030523,-55.09833611030523,-0.04999999999999982
2024-04-23 16:00:00,800.0,0.0,80.0,0.04999999999999982
2024-04-23 17:00:00,341.0845581481747,0.0,34.108455814817475,0.34999999999999964
2024-04-23 18:00:00,488.65222946168564,0.0,48.865222946168565,0.2999999999999998
2024-04-23 19:00:00,746.6463849863652,0.0,74.66463849863652,0.05000000000000071
2024-04-23 20:00:00,0.0,571.1861740605067,-57.118617406050674,-0.10000000000000053
2024-04-23 21:00:00,0.0,295.6844073585687,-29.56844073585687,-0.14999999999999947
2024-04-23 22:00:00,0.0,478.63840311393085,-47.86384031139309,-0.10000000000000053
2024-04-23 23:00:00,0.0,274.3779669493299,-27.43779669493299,-0.14999999999999947
2024-04-24 00:00:00,0.0,403.2151904701621,-40.32151904701621,-0.05000000000000071
2024-04-24 01:00:00,0.0,408.4980805793142,-40.849808057931426,-0.15000000000000036
2024-04-24 02:00:00,0.0,362.81045415206063,-36.281045415206066,-0.09999999999999964
2024-04-24 03:00:00,0.0,582.9653646689716,-58.29653646689716,-0.049999999999998934
2024-04-24 04:00:00,656.8954623292988,0.0,65.68954623292989,0.049999999999998934
2024-04-24 05:00:00,800.0,0.0,80.0,0.4500000000000002
2024-04-24 06:00:00,718.1743701346825,0.0,71.81743701346825,0.35000000000000053
2024-04-24 07:00:00,800.0,0.0,80.0,0.049999999999998934
2024-04-24 08:00:00,0.0,447.3500570991034,-44.73500570991035,-0.09999999999999964
2024-04-24 09:00:00,0.0,425.4589837595742,-42.54589837595742,-0.049999999999998934
2024-04-24 10:00:00,0.0,512.6148908384046,-51.26148908384046,-0.15000000000000036
2024-04-24 11:00:00,0.0,563.4512986113214,-56.345129861132136,-0.10000000000000053
2024-04-24 12:00:00,0.0,382.58805306048646,-38.25880530604865,-0.09999999999999964
2024-04-24 13:00:00,0.0,502.0612237726841,-50.206122377268414,-0.10000000000000053
2024-04-24 14:00:00,0.0,481.9010050203344,-48.190100502033445,-0.04999999999999982
2024-04-24 15:00:00,0.0,501.41978328541984,-50.14197832854199,-0.10000000000000053
2024-04-24 16:00:00,0.0,361.29888330056303,-36.1298883300563,-0.049999999999998934
2024-04-24 17:00:00,800.0,0.0,80.0,0.29999999999999893
2024-04-24 18:00:00,666.760917454339,0.0,66.67609174543391,0.2500000000000009
2024-04-24 19:00:00,536.0987919943645,0.0,53.609879199436456,0.20000000000000018
2024-04-24 20:00:00,0.0,600.0,-60.0,-0.05000000000000071
2024-04-24 21:00:00,0.0,600.0,-60.0,-0.09999999999999964
2024-04-24 22:00:00,0.0,481.4354760258388,-48.14354760258388,-0.09999999999999964
2024-04-24 23:00:00,0.0,405.10938560531866,-40.51093856053187,-0.15000000000000036
2024-04-25 00:00:00,0.0,173.55171351054423,-17.355171351054423,-0.09999999999999964
2024-04-25 01:00:00,0.0,542.9683172370769,-54.2968317237077,-0.15000000000000036
2024-04-25 02:00:00,0.0,557.3600769665147,-55.73600769665148,-0.05000000000000071
2024-04-25 03:00:00,0.0,507.36167162947675,-50.73616716294768,-0.09999999999999964
2024-04-25 04:00:00,0.0,413.63071294189507,-41.36307129418951,-0.049999999999998934
2024-04-25 05:00:00,375.4064378107503,0.0,37.540643781075026,0.3999999999999986
2024-04-25 06:00:00,800.0,0.0,80.0,0.35000000000000053
2024-04-25 07:00:00,496.486500783387,0.0,49.648650078338704,0.20000000000000018
2024-04-25 08:00:00,543.404007567954,0.0,54.3404007567954,0.05000000000000071
2024-04-25 09:00:00,0.0,395.6839011169938,-39.56839011169939,-0.10000000000000053
2024-04-25 10:00:00,0.0,463.70446915366693,-46.3704469153667,-0.14999999999999947
2024-04-25 11:00:00,0.0,451.098125563991,-45.109812556399106,-0.15000000000000036
2024-04-25 12:00:00,0.0,0.0,0.0,
2024-04-25 13:00:00,0.0,0.0,0.0,
2024-04-25 14:00:00,0.0,0.0,0.0,
2024-04-25 15:00:00,0.0,0.0,0.0,
2024-04-25 16:00:00,0.0,0.0,0.0,
2024-04-25 17:00:00,0.0,600.0,-60.0,-8.881784197001252e-16
2024-04-25 18:00:00,800.0,0.0,80.0,0.40000000000000036
2024-04-25 19:00:00,548.6736058554427,0.0,54.867360585544276,0.20000000000000018
2024-04-25 20:00:00,535.4923030575862,0.0,53.54923030575863,0.10000000000000053
2024-04-25 21:00:00,0.0,494.30513582911635,-49.43051358291164,-0.10000000000000053
2024-04-25 22:00:00,0.0,576.4073733206064,-57.640737332060645,-0.10000000000000053
2024-04-25 23:00:00,0.0,318.2788818982132,-31.827888189821323,-0.14999999999999947
2024-04-26 00:00:00,0.0,502.93800476170264,-50.29380047617027,-0.04999999999999982
2024-04-26 01:00:00,0.0,503.1868744862084,-50.31868744862084,-0.15000000000000036
2024-04-26 02:00:00,0.0,407.9993813708057,-40.799938137080574,-0.049999999999998934
2024-04-26 03:00:00,0.0,443.1130869197229,-44.31130869197229,-0.10000000000000142
2024-04-26 04:00:00,0.0,0.0,0.0,
2024-04-26 05:00:00,0.0,0.0,0.0,
2024-04-26 06:00:00,0.0,0.0,0.0,
2024-04-26 07:00:00,0.0,0.0,0.0,
2024-04-26 08:00:00,0.0,0.0,0.0,
2024-04-26 09:00:00,0.0,0.0,0.0,
2024-04-26 10:00:00,0.0,0.0,0.0,
2024-04-26 11:00:00,0.0,0.0,0.0,
2024-04-26 12:00:00,0.0,0.0,0.0,
2024-04-26 13:00:00,0.0,0.0,0.0,
2024-04-26 14:00:00,0.0,0.0,0.0,
2024-04-26 15:00:00,0.0,412.011105840948,-41.201110584094806,-0.25
2024-04-26 16:00:00,0.0,0.0,0.0,0.0
2024-04-26 17:00:00,0.0,513.3625567486292,-51.336255674862926,-0.04999999999999982
2024-04-26 18:00:00,0.0,0.0,0.0,
2024-04-26 19:00:00,0.0,0.0,0.0,
2024-04-26 20:00:00,0.0,0.0,0.0,
2024-04-26 21:00:00,0.0,0.0,0.0,
2024-04-26 22:00:00,0.0,0.0,0.0,
2024-04-26 23:00:00,0.0,0.0,0.0,
2024-04-27 00:00:00,0.0,0.0,0.0,
2024-04-27 01:00:00,0.0,0.0,0.0,
2024-04-27 02:00:00,0.0,0.0,0.0,
2024-04-27 03:00:00,0.0,0.0,0.0,
2024-04-27 04:00:00,0.0,0.0,0.0,
2024-04-27 05:00:00,0.0,0.0,0.0,
2024-04-27 06:00:00,0.0,0.0,0.0,
2024-04-27 07:00:00,0.0,0.0,0.0,
2024-04-27 08:00:00,0.0,0.0,0.0,
2024-04-27 09:00:00,0.0,0.0,0.0,
2024-04-27 10:00:00,0.0,0.0,0.0,
2024-04-27 11:00:00,0.0,0.0,0.0,
2024-04-27 12:00:00,0.0,0.0,0.0,
2024-04-27 13:00:00,0.0,0.0,0.0,
2024-04-27 14:00:00,0.0,0.0,0.0,
2024-04-27 15:00:00,0.0,0.0,0.0,
2024-04-27 16:00:00,0.0,0.0,0.0,
2024-04-27 17:00:00,0.0,0.0,0.0,
2024-04-27 18:00:00,0.0,0.0,0.0,
2024-04-27 19:00:00,0.0,0.0,0.0,
2024-04-27 20:00:00,0.0,0.0,0.0,
2024-04-27 21:00:00,0.0,0.0,0.0,0.0
2024-04-27 22:00:00,0.0,0.0,0.0,0.0
2024-04-27 23:00:00,0.0,573.5831972080325,-57.35831972080325,-0.09999999999999964
2024-04-28 00:00:00,0.0,386.5509696767824,-38.65509696767825,-0.09999999999999964
2024-04-28 01:00:00,0.0,355.3127680695928,-35.531276806959276,-0.15000000000000036
2024-04-28 02:00:00,0.0,400.8288395953663,-40.08288395953663,-0.15000000000000036
2024-04-28 03:00:00,0.0,428.78562964937237,-42.87856296493724,-0.049999999999998934
2024-04-28 04:00:00,0.0,600.0,-60.0,-0.10000000000000142
2024-04-28 05:00:00,0.0,413.0475316833816,-41.30475316833816,-0.09999999999999964
2024-04-28 06:00:00,800.0,0.0,80.0,0.25
2024-04-28 07:00:00,800.0,0.0,80.0,0.40000000000000036
2024-04-28 08:00:00,771.3581785540332,0.0,77.13581785540333,0.25
2024-04-28 09:00:00,231.66110123603804,0.0,23.166110123603804,0.15000000000000036
2024-04-28 10:00:00,0.0,600.0,-60.0,-0.05000000000000071
2024-04-28 11:00:00,0.0,517.0821064885304,-51.70821064885304,-0.15000000000000036
2024-04-28 12:00:00,0.0,437.6158297617703,-43.76158297617704,-0.049999999999998934
2024-04-28 13:00:00,0.0,272.4516552125343,-27.245165521253433,-0.05000000000000071
2024-04-28 14:00:00,0.0,513.9627072380315,-51.396270723803156,-0.1999999999999993
2024-04-28 15:00:00,0.0,295.67926949286795,-29.567926949286797,-0.10000000000000053
2024-04-28 16:00:00,0.0,0.0,0.0,
2024-04-28 17:00:00,0.0,0.0,0.0,
2024-04-28 18:00:00,0.0,445.22966932412453,-44.52296693241246,-0.15000000000000036
2024-04-28 19:00:00,675.9852726466121,0.0,67.59852726466121,0.09999999999999964
2024-04-28 20:00:00,464.7400407993906,0.0,46.474004079939064,0.15000000000000036
2024-04-28 21:00:00,480.96216844903006,0.0,48.09621684490301,0.09999999999999964
2024-04-28 22:00:00,0.0,531.8382792585614,-53.18382792585615,-0.049999999999998934
2024-04-28 23:00:00,0.0,343.64944919493223,-34.364944919493226,-0.10000000000000142
2024-04-29 00:00:00,0.0,598.5708084405364,-59.85708084405365,-0.049999999999998934
2024-04-29 01:00:00,0.0,578.3139136325622,-57.831391363256216,-0.15000000000000036
2024-04-29 02:00:00,0.0,565.6396497750538,-56.563964977505385,-0.04999999999999982
2024-04-29 03:00:00,0.0,342.78712480095976,-34.278712480095976,-0.10000000000000053
2024-04-29 04:00:00,0.0,0.0,0.0,0.0
2024-04-29 05:00:00,0.0,556.0374721745122,-55.60374721745123,-0.14999999999999947
2024-04-29 06:00:00,800.0,0.0,80.0,0.04999999999999982
2024-04-29 07:00:00,673.1242750030225,0.0,67.31242750030225,0.25
2024-04-29 08:00:00,693.1313251964219,0.0,69.3131325196422,0.20000000000000018
2024-04-29 09:00:00,643.3408155521438,0.0,64.33408155521438,0.14999999999999947
2024-04-29 10:00:00,0.0,589.1851658866852,-58.918516588668524,-0.04999999999999982
2024-04-29 11:00:00,0.0,264.30290227486057,-26.430290227486058,-0.04999999999999982
2024-04-29 12:00:00,0.0,540.9791176732722,-54.09791176732722,-0.09999999999999964
2024-04-29 13:00:00,0.0,372.57888047380754,-37.25788804738075,-0.05000000000000071
2024-04-29 14:00:00,0.0,513.273744833084,-51.327374483308404,-0.04999999999999982
2024-04-29 15:00:00,0.0,473.94854737319463,-47.39485473731946,-0.14999999999999947
2024-04-29 16:00:00,0.0,551.4725929012362,-55.14725929012363,-0.05000000000000071
2024-04-29 17:00:00,0.0,341.8275750512227,-34.182757505122275,-0.09999999999999964
2024-04-29 18:00:00,0.0,600.0,-60.0,-0.05000000000000071
2024-04-29 19:00:00,0.0,0.0,0.0,0.0
2024-04-29 20:00:00,389.2517684572417,0.0,38.925176845724174,0.10000000000000053
2024-04-29 21:00:00,735.2619561243158,0.0,73.52619561243158,0.15000000000000036
2024-04-29 22:00:00,745.6495585529822,0.0,74.56495585529822,0.04999999999999982
2024-04-29 23:00:00,0.0,0.0,0.0,0.0
2024-04-30 00:00:00,0.0,592.6514516417476,-59.26514516417476,-0.05000000000000071
2024-04-30 01:00:00,0.0,434.9292759039428,-43.49292759039429,-0.09999999999999964
2024-04-30 02:00:00,0.0,568.503481144093,-56.85034811440931,-0.049999999999998934
2024-04-30 03:00:00,0.0,538.2636128455199,-53.82636128455199,-0.05000000000000071
2024-04-30 04:00:00,0.0,0.0,0.0,
2024-04-30 05:00:00,0.0,0.0,0.0,
2024-04-30 06:00:00,0.0,0.0,0.0,
2024-04-30 07:00:00,0.0,0.0,0.0,
2024-04-30 08:00:00,0.0,0.0,0.0,
2024-04-30 09:00:00,0.0,0.0,0.0,
2024-04-30 10:00:00,0.0,0.0,0.0,
2024-04-30 11:00:00,0.0,0.0,0.0,
2024-04-30 12:00:00,0.0,550.7576421392429,-55.07576421392429,-0.10000000000000053
2024-04-30 13:00:00,0.0,600.0,-60.0,-0.049999999999998934
2024-04-30 14:00:00,0.0,559.1276164154272,-55.912761641542716,-0.15000000000000036
2024-04-30 15:00:00,0.0,406.43135244823293,-40.6431352448233,-0.05000000000000071
2024-04-30 16:00:00,0.0,0.0,0.0,0.0
2024-04-30 17:00:00,0.0,527.1662026568789,-52.716620265687894,-0.049999999999998934
2024-04-30 18:00:00,0.0,530.3183971191875,-53.03183971191875,-0.15000000000000036
2024-04-30 19:00:00,744.0848745762086,0.0,74.40848745762086,0.04999999999999982
2024-04-30 20:00:00,0.0,0.0,0.0,0.0
2024-04-30 21:00:00,275.281281197875,0.0,27.5281281197875,0.10000000000000053
2024-04-30 22:00:00,800.0,0.0,80.0,0.09999999999999964
2024-04-30 23:00:00,503.2744613255117,0.0,50.327446132551174,0.04999999999999982
2024-05-01 00:00:00,0.0,348.91629249241066,-34.89162924924107,-8.881784197001252e-16
2024-05-01 01:00:00,0.0,499.3306668923548,-49.93306668923549,-0.049999999999998934
2024-05-01 02:00:00,0.0,0.0,0.0,0.0
2024-05-01 03:00:00,0.0,422.75053415567515,-42.27505341556752,-0.09999999999999964
2024-05-01 04:00:00,0.0,433.7459687129963,-43.37459687129963,-0.05000000000000071
2024-05-01 05:00:00,0.0,485.4618799772564,-48.54618799772564,-0.04999999999999982
2024-05-01 06:00:00,0.0,0.0,0.0,0.0
2024-05-01 07:00:00,0.0,554.7730950494015,-55.47730950494015,-0.10000000000000053
2024-05-01 08:00:00,800.0,0.0,80.0,0.05000000000000071
2024-05-01 09:00:00,761.2796785469657,0.0,76.12796785469656,0.1999999999999993
2024-05-01 10:00:00,800.0,0.0,80.0,0.15000000000000036
2024-05-01 11:00:00,762.70818678985,0.0,76.270818678985,0.05000000000000071
2024-05-01 12:00:00,0.0,519.5054171426502,-51.95054171426503,-0.05000000000000071
2024-05-01 13:00:00,0.0,0.0,0.0,0.0
2024-05-01 14:00:00,0.0,465.8259889960844,-46.58259889960844,-0.05000000000000071
2024-05-01 15:00:00,0.0,496.3883523262365,-49.63883523262365,-0.049999999999998934
2024-05-01 16:00:00,0.0,469.8241077700402,-46.98241077700402,-0.05000000000000071
2024-05-01 17:00:00,0.0,391.2639560106568,-39.12639560106568,-0.04999999999999982
2024-05-01 18:00:00,0.0,463.0147187346784,-46.30147187346785,-0.04999999999999982
2024-05-01 19:00:00,0.0,501.02869595889695,-50.1028695958897,-0.04999999999999982
2024-05-01 20:00:00,0.0,600.0,-60.0,-0.04999999999999982
2024-05-01 21:00:00,0.0,0.0,0.0,0.0
2024-05-01 22:00:00,610.899973147459,0.0,61.08999731474591,0.04999999999999982
2024-05-01 23:00:00,310.6862135155436,0.0,31.068621351554363,0.04999999999999982
2024-05-02 00:00:00,363.7953345651094,0.0,36.37953345651094,0.05000000000000071
2024-05-02 01:00:00,0.0,0.0,0.0,0.0
2024-05-02 02:00:00,0.0,0.0,0.0,0.0
2024-05-02 03:00:00,0.0,319.9281890370322,-31.992818903703224,-8.881784197001252e-16
2024-05-02 04:00:00,0.0,340.56316120783504,-34.05631612078351,-0.09999999999999964
2024-05-02 05:00:00,0.0,0.0,0.0,0.0
2024-05-02 06:00:00,0.0,600.0,-60.0,-0.10000000000000053
2024-05-02 07:00:00,0.0,0.0,0.0,0.0
2024-05-02 08:00:00,0.0,0.0,0.0,0.0
2024-05-02 09:00:00,800.0,0.0,80.0,0.25
2024-05-02 10:00:00,689.861008622304,0.0,68.9861008622304,0.15000000000000036
2024-05-02 11:00:00,118.12580146942834,0.0,11.812580146942835,0.15000000000000036
2024-05-02 12:00:00,800.0,0.0,80.0,0.14999999999999947
2024-05-02 13:00:00,746.0580916773183,0.0,74.60580916773183,0.04999999999999982
2024-05-02 14:00:00,0.0,376.428531711221,-37.642853171122105,-0.049999999999998934
2024-05-02 15:00:00,0.0,0.0,0.0,0.0
2024-05-02 16:00:00,0.0,393.07867687778145,-39.30786768777815,-8.881784197001252e-16
2024-05-02 17:00:00,0.0,272.1124632337418,-27.21124632337418,-0.04999999999999982
2024-05-02 18:00:00,0.0,0.0,0.0,0.0
2024-05-02 19:00:00,0.0,495.40367623327415,-49.54036762332742,-0.15000000000000036
2024-05-02 20:00:00,0.0,600.0,-60.0,-0.049999999999998934
2024-05-02 21:00:00,0.0,366.08653772652946,-36.60865377265295,-0.05000000000000071
2024-05-02 22:00:00,0.0,456.1424911568013,-45.61424911568014,-0.05000000000000071
2024-05-02 23:00:00,800.0,0.0,80.0,0.05000000000000071
2024-05-03 00:00:00,0.0,0.0,0.0,0.0
2024-05-03 01:00:00,580.6493722256096,0.0,58.06493722256096,0.15000000000000036
2024-05-03 02:00:00,800.0,0.0,80.0,0.04999999999999982
2024-05-03 03:00:00,0.0,0.0,0.0,0.0
2024-05-03 04:00:00,0.0,600.0,-60.0,-0.10000000000000053
2024-05-03 05:00:00,0.0,0.0,0.0,0.0
2024-05-03 06:00:00,0.0,0.0,0.0,0.0
2024-05-03 07:00:00,0.0,600.0,-60.0,-0.09999999999999964
2024-05-03 08:00:00,0.0,437.8480435718767,-43.784804357187674,-0.04999999999999982
2024-05-03 09:00:00,0.0,0.0,0.0,0.0
2024-05-03 10:00:00,0.0,485.8872143766863,-48.58872143766863,-0.04999999999999982
2024-05-03 11:00:00,647.7131815221287,0.0,64.77131815221287,0.04999999999999982
2024-05-03 12:00:00,800.0,0.0,80.0,0.20000000000000018
2024-05-03 13:00:00,800.0,0.0,80.0,0.14999999999999947
2024-05-03 14:00:00,437.60753993428824,0.0,43.76075399342883,0.10000000000000053
2024-05-03 15:00:00,689.019056096797,0.0,68.9019056096797,0.04999999999999982
2024-05-03 16:00:00,0.0,0.0,0.0,0.0
2024-05-03 17:00:00,0.0,444.5036442388631,-44.45036442388631,-8.881784197001252e-16
2024-05-03 18:00:00,0.0,469.0265898898434,-46.90265898898434,-0.049999999999998934
2024-05-03 19:00:00,0.0,426.7422230810839,-42.6742223081084,-0.10000000000000053
2024-05-03 20:00:00,0.0,436.787022822276,-43.678702282227604,-0.04999999999999982
2024-05-03 21:00:00,0.0,600.0,-60.0,-0.1999999999999993
2024-05-03 22:00:00,0.0,300.50988975223794,-30.050988975223795,-0.10000000000000142
2024-05-03 23:00:00,0.0,509.91596536910725,-50.99159653691073,-0.09999999999999964
2024-05-04 00:00:00,0.0,530.8618591112917,-53.08618591112917,-0.04999999999999982
2024-05-04 01:00:00,762.8461879019676,0.0,76.28461879019676,0.04999999999999982
2024-05-04 02:00:00,421.7319973607532,0.0,42.173199736075325,0.05000000000000071
2024-05-04 03:00:00,609.7601186379904,0.0,60.976011863799044,0.049999999999998934
2024-05-04 04:00:00,800.0,0.0,80.0,0.05000000000000071
2024-05-04 05:00:00,0.0,0.0,0.0,0.0
2024-05-04 06:00:00,0.0,500.9877762948458,-50.09877762948458,-0.04999999999999982
2024-05-04 07:00:00,0.0,574.8701700638932,-57.48701700638932,-0.04999999999999982
2024-05-04 08:00:00,0.0,505.57876085302416,-50.55787608530242,-0.05000000000000071
2024-05-04 09:00:00,0.0,0.0,0.0,0.0
2024-05-04 10:00:00,0.0,600.0,-60.0,-0.09999999999999964
2024-05-04 11:00:00,0.0,0.0,0.0,0.0
2024-05-04 12:00:00,0.0,0.0,0.0,0.0
2024-05-04 13:00:00,800.0,0.0,80.0,0.09999999999999964
2024-05-04 14:00:00,576.4069229343038,0.0,57.640692293430384,0.20000000000000018
2024-05-04 15:00:00,800.0,0.0,80.0,0.10000000000000053
2024-05-04 16:00:00,0.0,0.0,0.0,0.0
2024-05-04 17:00:00,0.0,0.0,0.0,0.0
2024-05-04 18:00:00,0.0,0.0,0.0,0.0
2024-05-04 19:00:00,0.0,600.0,-60.0,-0.10000000000000053
2024-05-04 20:00:00,0.0,460.9517891539941,-46.095178915399416,-0.04999999999999982
2024-05-04 21:00:00,0.0,375.8347061283086,-37.58347061283086,-0.09999999999999964
2024-05-04 22:00:00,0.0,330.1456932382975,-33.014569323829754,-0.05000000000000071
2024-05-04 23:00:00,0.0,372.9626137811977,-37.29626137811977,-0.09999999999999964
2024-05-05 00:00:00,0.0,0.0,0.0,0.0
2024-05-05 01:00:00,0.0,522.3187724679962,-52.23187724679962,-0.04999999999999982
2024-05-05 02:00:00,277.3334196967426,0.0,27.733341969674264,0.14999999999999947
2024-05-05 03:00:00,635.4610657928032,0.0,63.54610657928032,0.20000000000000107
2024-05-05 04:00:00,377.9841107355452,0.0,37.79841107355452,0.049999999999998934
2024-05-05 05:00:00,0.0,0.0,0.0,0.0
2024-05-05 06:00:00,0.0,0.0,0.0,0.0
2024-05-05 07:00:00,0.0,311.80287620848685,-31.180287620848688,-0.09999999999999964
2024-05-05 08:00:00,0.0,600.0,-60.0,-0.04999999999999982
2024-05-05 09:00:00,0.0,600.0,-60.0,-0.04999999999999982
2024-05-05 10:00:00,0.0,395.6979127623442,-39.56979127623442,-0.09999999999999964
2024-05-05 11:00:00,0.0,418.0668590365256,-41.806685903652564,-0.05000000000000071
2024-05-05 12:00:00,0.0,0.0,0.0,0.0
2024-05-05 13:00:00,0.0,0.0,0.0,0.0
2024-05-05 14:00:00,800.0,0.0,80.0,0.09999999999999964
2024-05-05 15:00:00,800.0,0.0,80.0,0.20000000000000107
2024-05-05 16:00:00,800.0,0.0,80.0,0.14999999999999947
2024-05-05 17:00:00,0.0,0.0,0.0,0.0
2024-05-05 18:00:00,0.0,0.0,0.0,0.0
2024-05-05 19:00:00,0.0,519.5808600037344,-51.95808600037344,-0.10000000000000053
2024-05-05 20:00:00,0.0,401.7510666095639,-40.175106660956395,-0.049999999999998934
2024-05-05 21:00:00,0.0,600.0,-60.0,-0.15000000000000036
2024-05-05 22:00:00,800.0,0.0,80.0,0.049999999999998934
2024-05-05 23:00:00,0.0,600.0,-60.0,-0.14999999999999858
2024-05-06 00:00:00,0.0,487.2529928675814,-48.725299286758144,-8.881784197001252e-16
2024-05-06 01:00:00,0.0,370.6615571492885,-37.066155714928854,-0.09999999999999964
2024-05-06 02:00:00,507.5890214031956,0.0,50.75890214031956,0.04999999999999982
2024-05-06 03:00:00,650.0026317811604,0.0,65.00026317811604,0.25
2024-05-06 04:00:00,628.1706036883643,0.0,62.81706036883643,0.20000000000000018
2024-05-06 05:00:00,800.0,0.0,80.0,0.10000000000000053
2024-05-06 06:00:00,0.0,511.6019177009954,-51.160191770099544,-0.05000000000000071
2024-05-06 07:00:00,0.0,578.4476605446105,-57.84476605446105,-0.04999999999999982
2024-05-06 08:00:00,0.0,368.02334276731983,-36.80233427673198,-0.10000000000000053
2024-05-06 09:00:00,0.0,490.58100611466074,-49.058100611466074,-0.049999999999998934
2024-05-06 10:00:00,0.0,406.62039662221986,-40.662039662221986,-0.05000000000000071
2024-05-06 11:00:00,0.0,539.6633089144723,-53.96633089144723,-0.04999999999999982
2024-05-06 12:00:00,0.0,372.64396307249064,-37.264396307249065,-0.04999999999999982
2024-05-06 13:00:00,0.0,546.4188532514794,-54.64188532514794,-0.09999999999999964
2024-05-06 14:00:00,760.9867744514382,0.0,76.09867744514382,0.09999999999999964
2024-05-06 15:00:00,765.3091717500281,0.0,76.53091717500281,0.14999999999999947
2024-05-06 16:00:00,800.0,0.0,80.0,0.25
2024-05-06 17:00:00,800.0,0.0,80.0,0.10000000000000053
2024-05-06 18:00:00,0.0,421.40106496681074,-42.14010649668108,-0.05000000000000071
2024-05-06 19:00:00,0.0,518.3468821992615,-51.83468821992615,-0.09999999999999964
2024-05-06 20:00:00,0.0,478.333159887277,-47.833315988727705,-0.09999999999999964
2024-05-06 21:00:00,0.0,583.7981859604427,-58.37981859604427,-0.05000000000000071
2024-05-06 22:00:00,0.0,482.71703024847244,-48.27170302484725,-0.04999999999999982
2024-05-06 23:00:00,0.0,600.0,-60.0,-0.04999999999999982
2024-05-07 00:00:00,0.0,476.1921144272763,-47.61921144272763,-0.09999999999999964
2024-05-07 01:00:00,0.0,600.0,-60.0,-0.09999999999999964
2024-05-07 02:00:00,0.0,399.5022400435836,-39.95022400435836,-0.05000000000000071
2024-05-07 03:00:00,473.26965357379277,0.0,47.32696535737928,0.09999999999999964
2024-05-07 04:00:00,659.2605351656791,0.0,65.92605351656792,0.40000000000000036
2024-05-07 05:00:00,458.8389962161918,0.0,45.88389962161918,0.20000000000000018
2024-05-07 06:00:00,343.0936883127894,0.0,34.309368831278945,0.04999999999999982
2024-05-07 07:00:00,0.0,327.17665149941627,-32.71766514994163,-0.09999999999999964
2024-05-07 08:00:00,0.0,415.668670303012,-41.566867030301204,-0.09999999999999964
2024-05-07 09:00:00,0.0,455.35842759844957,-45.53584275984496,-0.10000000000000053
2024-05-07 10:00:00,0.0,445.63643554779725,-44.56364355477973,-0.04999999999999982
2024-05-07 11:00:00,0.0,600.0,-60.0,-0.05000000000000071
2024-05-07 12:00:00,0.0,519.6690977902599,-51.966909779026,-0.09999999999999964
2024-05-07 13:00:00,0.0,545.5627774057236,-54.55627774057237,-0.09999999999999964
2024-05-07 14:00:00,0.0,518.435056771581,-51.843505677158106,-0.05000000000000071
2024-05-07 15:00:00,0.0,325.46181797482177,-32.54618179748218,-0.049999999999998934
2024-05-07 16:00:00,780.0155772985305,0.0,78.00155772985306,0.34999999999999964
2024-05-07 17:00:00,627.0999636083949,0.0,62.70999636083949,0.25
2024-05-07 18:00:00,0.0,0.0,0.0,0.0
2024-05-07 19:00:00,800.0,0.0,80.0,0.049999999999998934
2024-05-07 20:00:00,0.0,442.9364304630886,-44.29364304630886,-0.1999999999999993
2024-05-07 21:00:00,800.0,0.0,80.0,0.09999999999999964
2024-05-07 22:00:00,409.7540905161989,0.0,40.97540905161989,0.05000000000000071
2024-05-07 23:00:00,0.0,0.0,0.0,0.0
2024-05-08 00:00:00,0.0,434.45582116147955,-43.44558211614796,-0.09999999999999964
2024-05-08 01:00:00,0.0,496.09064163075317,-49.60906416307532,-0.05000000000000071
2024-05-08 02:00:00,0.0,600.0,-60.0,-0.15000000000000036
2024-05-08 03:00:00,0.0,531.326210227679,-53.1326210227679,-0.04999999999999982
2024-05-08 04:00:00,426.64038527689803,0.0,42.664038527689804,0.35000000000000053
2024-05-08 05:00:00,800.0,0.0,80.0,0.39999999999999947
2024-05-08 06:00:00,731.7930588820113,0.0,73.17930588820114,0.2500000000000009
2024-05-08 07:00:00,0.0,433.89746636532004,-43.38974663653201,-8.881784197001252e-16
2024-05-08 08:00:00,0.0,600.0,-60.0,-0.10000000000000053
2024-05-08 09:00:00,0.0,470.0975321519897,-47.00975321519897,-0.14999999999999858
2024-05-08 10:00:00,0.0,415.6535935828441,-41.56535935828441,-0.10000000000000053
2024-05-08 11:00:00,0.0,442.8991696960968,-44.289916969609685,-0.10000000000000053
2024-05-08 12:00:00,0.0,564.0363622835739,-56.40363622835739,-0.049999999999998934
2024-05-08 13:00:00,0.0,555.5600357947702,-55.55600357947702,-0.15000000000000036
2024-05-08 14:00:00,0.0,384.25799793066005,-38.425799793066005,-0.10000000000000053
2024-05-08 15:00:00,0.0,328.9910901981978,-32.89910901981978,-0.14999999999999947
2024-05-08 16:00:00,204.3657174403432,0.0,20.43657174403432,0.04999999999999982
2024-05-08 17:00:00,626.6023533946062,0.0,62.66023533946063,0.4500000000000002
2024-05-08 18:00:00,800.0,0.0,80.0,0.25
2024-05-08 19:00:00,660.5697076451033,0.0,66.05697076451034,0.09999999999999964
2024-05-08 20:00:00,0.0,525.8893727925871,-52.588937279258715,-0.09999999999999964
2024-05-08 21:00:00,0.0,483.3515177382005,-48.33515177382006,-0.10000000000000053
2024-05-08 22:00:00,0.0,539.1980487540097,-53.91980487540098,-0.04999999999999982
2024-05-08 23:00:00,0.0,173.8725762504813,-17.387257625048132,-0.09999999999999964
2024-05-09 00:00:00,0.0,507.8259362079753,-50.782593620797535,-0.09999999999999964
2024-05-09 01:00:00,0.0,559.8597096645289,-55.98597096645289,-0.15000000000000036
2024-05-09 02:00:00,0.0,600.0,-60.0,-0.05000000000000071
2024-05-09 03:00:00,0.0,473.483591731484,-47.3483591731484,-0.14999999999999947
2024-05-09 04:00:00,800.0,0.0,80.0,0.04999999999999982
2024-05-09 05:00:00,622.2513723340388,0.0,62.225137233403885,0.5499999999999998
2024-05-09 06:00:00,378.5102007033716,0.0,37.851020070337164,0.2999999999999998
2024-05-09 07:00:00,800.0,0.0,80.0,0.15000000000000036
2024-05-09 08:00:00,0.0,466.5420957525604,-46.65420957525604,-0.09999999999999964
2024-05-09 09:00:00,0.0,600.0,-60.0,-0.09999999999999964
2024-05-09 10:00:00,0.0,600.0,-60.0,-0.15000000000000036
2024-05-09 11:00:00,0.0,341.1814076384624,-34.11814076384624,-0.15000000000000036
2024-05-09 12:00:00,0.0,522.5338773223159,-52.253387732231594,-0.05000000000000071
2024-05-09 13:00:00,0.0,466.64486690675386,-46.66448669067539,-0.14999999999999858
2024-05-09 14:00:00,0.0,512.7997928983929,-51.27997928983929,-0.15000000000000036
2024-05-09 15:00:00,0.0,455.60856267632494,-45.560856267632495,-0.05000000000000071
2024-05-09 16:00:00,0.0,442.1360553511339,-44.213605535113395,-0.09999999999999964
2024-05-09 17:00:00,671.7091700248664,0.0,67.17091700248663,0.09999999999999964
2024-05-09 18:00:00,624.5727655261143,0.0,62.45727655261143,0.34999999999999964
2024-05-09 19:00:00,800.0,0.0,80.0,0.25
2024-05-09 20:00:00,0.0,0.0,0.0,0.0
2024-05-09 21:00:00,682.0910241494774,0.0,68.20910241494775,8.881784197001252e-16
2024-05-09 22:00:00,0.0,467.81922409636434,-46.78192240963644,-0.20000000000000018
2024-05-09 23:00:00,0.0,598.7842269226023,-59.87842269226024,-0.09999999999999964
2024-05-10 00:00:00,0.0,494.99323910408583,-49.499323910408584,-0.05000000000000071
2024-05-10 01:00:00,0.0,467.95750427141627,-46.79575042714163,-0.09999999999999964
2024-05-10 02:00:00,0.0,600.0,-60.0,-0.09999999999999964
2024-05-10 03:00:00,0.0,371.50151587661867,-37.15015158766187,-0.10000000000000053
2024-05-10 04:00:00,0.0,411.11947915861293,-41.11194791586129,-0.09999999999999964
2024-05-10 05:00:00,409.31960855231694,0.0,40.931960855231694,0.20000000000000018
2024-05-10 06:00:00,795.7645210848304,0.0,79.57645210848305,0.5499999999999998
2024-05-10 07:00:00,555.17232329384,0.0,55.517232329384,0.25
2024-05-10 08:00:00,0.0,0.0,0.0,0.0
2024-05-10 09:00:00,0.0,456.7942046934098,-45.67942046934098,-0.10000000000000053
2024-05-10 10:00:00,0.0,498.1962353782628,-49.81962353782629,-0.09999999999999964
2024-05-10 11:00:00,0.0,217.96909767121082,-21.796909767121083,-0.15000000000000036
2024-05-10 12:00:00,0.0,511.88899004654724,-51.18889900465473,-0.09999999999999964
2024-05-10 13:00:00,0.0,319.4968763983828,-31.949687639838285,-0.09999999999999964
2024-05-10 14:00:00,0.0,368.25335561886783,-36.82533556188678,-0.09999999999999964
2024-05-10 15:00:00,0.0,428.4731639864601,-42.847316398646015,-0.10000000000000053
2024-05-10 16:00:00,0.0,539.3830262813095,-53.938302628130955,-0.10000000000000053
2024-05-10 17:00:00,0.0,593.0168256478424,-59.301682564784244,-0.09999999999999964
2024-05-10 18:00:00,792.3840280082854,0.0,79.23840280082855,0.1999999999999993
2024-05-10 19:00:00,800.0,0.0,80.0,0.2500000000000009
2024-05-10 20:00:00,0.0,0.0,0.0,0.0
2024-05-10 21:00:00,0.0,407.7426150742691,-40.774261507426914,-0.10000000000000053
2024-05-10 22:00:00,0.0,283.8978006296989,-28.38978006296989,-0.09999999999999964
2024-05-10 23:00:00,0.0,498.6266113650895,-49.862661136508954,-0.15000000000000036
2024-05-11 00:00:00,0.0,463.8136923171204,-46.38136923171204,-0.09999999999999964
2024-05-11 01:00:00,0.0,515.4922986852042,-51.54922986852043,-0.09999999999999964
2024-05-11 02:00:00,0.0,516.3935538841556,-51.63935538841557,-0.10000000000000053
2024-05-11 03:00:00,0.0,408.14091591423323,-40.81409159142333,-0.04999999999999982
2024-05-11 04:00:00,0.0,503.9895308182492,-50.39895308182492,-0.15000000000000036
2024-05-11 05:00:00,0.0,0.0,0.0,0.0
2024-05-11 06:00:00,800.0,0.0,80.0,0.25
2024-05-11 07:00:00,800.0,0.0,80.0,0.35000000000000053
2024-05-11 08:00:00,800.0,0.0,80.0,0.14999999999999947
2024-05-11 09:00:00,0.0,467.8458592944954,-46.78458592944955,-0.09999999999999964
2024-05-11 10:00:00,0.0,498.91392262801077,-49.89139226280108,-0.04999999999999982
2024-05-11 11:00:00,0.0,340.6615351374573,-34.06615351374573,-0.14999999999999947
2024-05-11 12:00:00,0.0,466.7302253696991,-46.67302253696991,-0.05000000000000071
2024-05-11 13:00:00,0.0,390.90133268709076,-39.09013326870908,-0.09999999999999964
2024-05-11 14:00:00,0.0,465.3999485529864,-46.539994855298644,-0.15000000000000036
2024-05-11 15:00:00,704.8258720098023,0.0,70.48258720098023,0.04999999999999982
2024-05-11 16:00:00,0.0,412.4943909561432,-41.24943909561432,-0.09999999999999964
2024-05-11 17:00:00,0.0,0.0,0.0,0.0
2024-05-11 18:00:00,0.0,428.11456355729314,-42.81145635572932,-0.04999999999999982
2024-05-11 19:00:00,588.6128234627105,0.0,58.861282346271054,0.1999999999999993
2024-05-11 20:00:00,258.03605603169467,0.0,25.80360560316947,0.15000000000000036
2024-05-11 21:00:00,0.0,0.0,0.0,0.0
2024-05-11 22:00:00,0.0,0.0,0.0,0.0
2024-05-11 23:00:00,0.0,519.0231840420291,-51.902318404202916,-0.09999999999999964
2024-05-12 00:00:00,0.0,0.0,0.0,0.0
2024-05-12 01:00:00,0.0,503.68338250791936,-50.368338250791936,-0.15000000000000036
2024-05-12 02:00:00,0.0,0.0,0.0,0.0
2024-05-12 03:00:00,0.0,476.3814738906326,-47.63814738906326,-0.09999999999999964
2024-05-12 04:00:00,485.6231973070412,0.0,48.562319730704125,0.04999999999999982
2024-05-12 05:00:00,0.0,484.6412045912209,-48.46412045912209,-0.15000000000000036
2024-05-12 06:00:00,160.25615859490512,0.0,16.02561585949051,0.20000000000000018
2024-05-12 07:00:00,664.6838800442694,0.0,66.46838800442694,0.34999999999999964
2024-05-12 08:00:00,680.2712727685913,0.0,68.02712727685913,0.15000000000000036
2024-05-12 09:00:00,747.5786331989991,0.0,74.75786331989991,0.09999999999999964
2024-05-12 10:00:00,0.0,0.0,0.0,0.0
2024-05-12 11:00:00,0.0,451.14958043341215,-45.11495804334122,-0.09999999999999964
2024-05-12 12:00:00,0.0,529.6393802586724,-52.96393802586724,-0.15000000000000036
2024-05-12 13:00:00,0.0,569.8290146178283,-56.98290146178283,-0.09999999999999964
2024-05-12 14:00:00,0.0,511.3899641679502,-51.138996416795024,-0.09999999999999964
2024-05-12 15:00:00,0.0,537.1398649384374,-53.71398649384375,-0.05000000000000071
2024-05-12 16:00:00,0.0,600.0,-60.0,-0.15000000000000036
2024-05-12 17:00:00,0.0,0.0,0.0,0.0
2024-05-12 18:00:00,0.0,592.4951462071069,-59.2495146207107,-0.049999999999998934
2024-05-12 19:00:00,736.5717543003799,0.0,73.657175430038,0.049999999999998934
2024-05-12 20:00:00,710.1927615702649,0.0,71.0192761570265,0.15000000000000036
2024-05-12 21:00:00,773.441229466445,0.0,77.3441229466445,0.09999999999999964
2024-05-12 22:00:00,800.0,0.0,80.0,0.05000000000000071
2024-05-12 23:00:00,0.0,406.87745349431066,-40.68774534943107,-0.05000000000000071
2024-05-13 00:00:00,0.0,494.57708616486633,-49.457708616486634,-0.09999999999999964
2024-05-13 01:00:00,0.0,588.0342471558027,-58.80342471558028,-0.04999999999999982
2024-05-13 02:00:00,0.0,493.2432620701403,-49.32432620701403,-0.04999999999999982
2024-05-13 03:00:00,0.0,600.0,-60.0,-0.05000000000000071
2024-05-13 04:00:00,0.0,501.32281778543063,-50.13228177854307,-0.09999999999999964
2024-05-13 05:00:00,0.0,583.4178385826102,-58.341783858261024,-0.04999999999999982
2024-05-13 06:00:00,530.2746737258625,0.0,53.02746737258625,0.04999999999999982
2024-05-13 07:00:00,301.1737305523671,0.0,30.117373055236712,0.15000000000000036
2024-05-13 08:00:00,772.8060238578877,0.0,77.28060238578877,0.25
2024-05-13 09:00:00,800.0,0.0,80.0,0.15000000000000036
2024-05-13 10:00:00,290.76204044728615,0.0,29.076204044728616,0.049999999999998934
2024-05-13 11:00:00,0.0,600.0,-60.0,-0.09999999999999964
2024-05-13 12:00:00,0.0,0.0,0.0,0.0
2024-05-13 13:00:00,0.0,413.97822708829284,-41.39782270882929,-0.09999999999999964
2024-05-13 14:00:00,0.0,543.739154356135,-54.373915435613505,-0.04999999999999982
2024-05-13 15:00:00,0.0,473.0025931182346,-47.30025931182346,-0.10000000000000053
2024-05-13 16:00:00,0.0,472.0682090094141,-47.20682090094141,-0.04999999999999982
2024-05-13 17:00:00,0.0,405.0905364134843,-40.50905364134843,-0.09999999999999964
2024-05-13 18:00:00,471.9933792740235,0.0,47.199337927402354,0.04999999999999982
2024-05-13 19:00:00,800.0,0.0,80.0,0.09999999999999964
2024-05-13 20:00:00,731.3080026091787,0.0,73.13080026091788,0.05000000000000071
2024-05-13 21:00:00,800.0,0.0,80.0,0.15000000000000036
2024-05-13 22:00:00,800.0,0.0,80.0,0.049999999999998934
2024-05-13 23:00:00,639.4540915126897,0.0,63.945409151268976,0.10000000000000053
2024-05-14 00:00:00,0.0,244.78817293765405,-24.478817293765406,-0.04999999999999982
2024-05-14 01:00:00,0.0,576.421122726977,-57.64211227269771,-0.05000000000000071
2024-05-14 02:00:00,0.0,484.37496517251765,-48.437496517251766,-0.09999999999999964
2024-05-14 03:00:00,0.0,470.6614036099632,-47.06614036099632,-0.04999999999999982
2024-05-14 04:00:00,0.0,441.9278705035634,-44.192787050356344,-0.04999999999999982
2024-05-14 05:00:00,0.0,538.4194204596158,-53.84194204596159,-0.05000000000000071
2024-05-14 06:00:00,0.0,517.4154666232289,-51.74154666232289,-0.04999999999999982
2024-05-14 07:00:00,691.6822770163724,0.0,69.16822770163724,0.04999999999999982
2024-05-14 08:00:00,394.9888667517308,0.0,39.49888667517308,0.25
2024-05-14 09:00:00,372.02506831201066,0.0,37.20250683120107,0.20000000000000018
2024-05-14 10:00:00,618.4565406166616,0.0,61.84565406166617,0.14999999999999947
2024-05-14 11:00:00,291.2816728570868,0.0,29.12816728570868,0.05000000000000071
2024-05-14 12:00:00,0.0,487.32815001028285,-48.732815001028285,-0.09999999999999964
2024-05-14 13:00:00,0.0,550.156603907599,-55.015660390759905,-0.05000000000000071
2024-05-14 14:00:00,0.0,475.9624562259226,-47.596245622592264,-0.049999999999998934
2024-05-14 15:00:00,0.0,390.3551774357396,-39.03551774357396,-0.10000000000000142
2024-05-14 16:00:00,0.0,600.0,-60.0,-0.049999999999998934
2024-05-14 17:00:00,0.0,515.3303976622765,-51.53303976622765,-0.15000000000000036
2024-05-14 18:00:00,0.0,471.6423778536145,-47.16423778536145,-0.04999999999999982
2024-05-14 19:00:00,0.0,492.4081987210789,-49.24081987210789,-0.04999999999999982
2024-05-14 20:00:00,0.0,0.0,0.0,0.0
2024-05-14 21:00:00,672.2120815353749,0.0,67.22120815353749,0.04999999999999982
2024-05-14 22:00:00,780.5749149020429,0.0,78.0574914902043,0.04999999999999982
2024-05-14 23:00:00,800.0,0.0,80.0,0.09999999999999964
2024-05-15 00:00:00,0.0,0.0,0.0,0.0
2024-05-15 01:00:00,0.0,0.0,0.0,0.0
2024-05-15 02:00:00,0.0,472.85955470507537,-47.28595547050754,-0.04999999999999982
2024-05-15 03:00:00,0.0,535.543222344663,-53.554322234466305,-0.09999999999999964
2024-05-15 04:00:00,0.0,575.0733033300986,-57.50733033300986,-0.04999999999999982
2024-05-15 05:00:00,0.0,0.0,0.0,0.0
2024-05-15 06:00:00,0.0,553.9142659750324,-55.39142659750325,-0.10000000000000053
2024-05-15 07:00:00,619.2834455188762,0.0,61.92834455188762,0.04999999999999982
2024-05-15 08:00:00,674.8924052943679,0.0,67.4892405294368,0.05000000000000071
2024-05-15 09:00:00,636.6442333648783,0.0,63.664423336487836,0.15000000000000036
2024-05-15 10:00:00,800.0,0.0,80.0,0.14999999999999947
2024-05-15 11:00:00,577.7329489662592,0.0,57.77329489662592,0.09999999999999964
2024-05-15 12:00:00,0.0,0.0,0.0,0.0
2024-05-15 13:00:00,0.0,466.50148412411926,-46.65014841241193,-0.09999999999999964
2024-05-15 14:00:00,0.0,502.33952431117535,-50.23395243111754,-8.881784197001252e-16
2024-05-15 15:00:00,0.0,0.0,0.0,0.0
2024-05-15 16:00:00,0.0,556.974853510924,-55.69748535109241,-2.4499999999999993
2024-05-15 17:00:00,647.6987856257714,0.0,64.76987856257715,2.25
2024-05-15 18:00:00,0.0,345.84890890729184,-34.584890890729184,-2.3
2024-05-15 19:00:00,550.7753674756905,0.0,55.07753674756905,2.1499999999999995
2024-05-15 20:00:00,0.0,589.5596311786501,-58.95596311786501,-0.04999999999999982
2024-05-15 21:00:00,0.0,0.0,0.0,0.0
2024-05-15 22:00:00,665.0684613721389,0.0,66.5068461372139,0.10000000000000053
2024-05-15 23:00:00,800.0,0.0,80.0,0.09999999999999964
2024-05-16 00:00:00,800.0,0.0,80.0,0.05000000000000071
2024-05-16 01:00:00,0.0,0.0,0.0,0.0
2024-05-16 02:00:00,0.0,0.0,0.0,0.0
2024-05-16 03:00:00,0.0,593.5560968097008,-59.355609680970076,-0.05000000000000071
2024-05-16 04:00:00,0.0,0.0,0.0,0.0
2024-05-16 05:00:00,0.0,349.04053916648695,-34.9040539166487,-0.04999999999999982
2024-05-16 06:00:00,0.0,0.0,0.0,0.0
2024-05-16 07:00:00,0.0,323.9261093641363,-32.39261093641363,-0.10000000000000053
2024-05-16 08:00:00,0.0,535.5058654784768,-53.550586547847686,-0.04999999999999982
2024-05-16 09:00:00,353.79603544382303,0.0,35.379603544382306,0.04999999999999982
2024-05-16 10:00:00,716.6673686179203,0.0,71.66673686179203,0.05000000000000071
2024-05-16 11:00:00,800.0,0.0,80.0,0.09999999999999964
2024-05-16 12:00:00,800.0,0.0,80.0,0.05000000000000071
2024-05-16 13:00:00,675.4096769602619,0.0,67.54096769602619,0.049999999999998934
2024-05-16 14:00:00,0.0,0.0,0.0,0.0
2024-05-16 15:00:00,0.0,520.5934368321041,-52.059343683210415,-0.04999999999999982
2024-05-16 16:00:00,0.0,563.8136329175072,-56.38136329175072,-0.09999999999999964
2024-05-16 17:00:00,0.0,0.0,0.0,0.0
2024-05-16 18:00:00,0.0,514.1183541476208,-51.41183541476209,-0.04999999999999982
2024-05-16 19:00:00,0.0,600.0,-60.0,-0.15000000000000036
2024-05-16 20:00:00,0.0,0.0,0.0,0.0
2024-05-16 21:00:00,0.0,0.0,0.0,0.0
2024-05-16 22:00:00,0.0,600.0,-60.0,-0.09999999999999964
2024-05-16 23:00:00,0.0,0.0,0.0,0.0
2024-05-17 00:00:00,800.0,0.0,80.0,0.04999999999999982
2024-05-17 01:00:00,563.1444364465415,0.0,56.31444364465415,0.04999999999999982
2024-05-17 02:00:00,204.2502550153368,0.0,20.425025501533682,0.04999999999999982
2024-05-17 03:00:00,0.0,0.0,0.0,0.0
2024-05-17 04:00:00,0.0,0.0,0.0,0.0
2024-05-17 05:00:00,0.0,0.0,0.0,0.0
2024-05-17 06:00:00,0.0,389.90081309080193,-38.990081309080196,-0.09999999999999964
2024-05-17 07:00:00,0.0,532.5586665274142,-53.25586665274142,-0.04999999999999982
2024-05-17 08:00:00,0.0,0.0,0.0,0.0
2024-05-17 09:00:00,0.0,0.0,0.0,0.0
2024-05-17 10:00:00,0.0,0.0,0.0,0.0
2024-05-17 11:00:00,725.7746464472502,0.0,72.57746464472503,0.04999999999999982
2024-05-17 12:00:00,767.7051659576136,0.0,76.77051659576136,0.10000000000000053
2024-05-17 13:00:00,658.096833901691,0.0,65.8096833901691,0.09999999999999964
2024-05-17 14:00:00,488.92883745996266,0.0,48.89288374599627,0.049999999999998934
2024-05-17 15:00:00,670.8458089250968,0.0,67.08458089250968,0.05000000000000071
2024-05-17 16:00:00,0.0,0.0,0.0,0.0
2024-05-17 17:00:00,0.0,583.4856093194463,-58.34856093194463,-0.09999999999999964
2024-05-17 18:00:00,0.0,466.89170969001924,-46.68917096900193,-0.05000000000000071
2024-05-17 19:00:00,0.0,430.77750692173936,-43.077750692173936,-0.04999999999999982
2024-05-17 20:00:00,0.0,599.9334399545411,-59.99334399545411,-0.04999999999999982
2024-05-17 21:00:00,0.0,515.6248096999464,-51.56248096999464,-0.09999999999999964
2024-05-17 22:00:00,0.0,0.0,0.0,0.0
2024-05-17 23:00:00,0.0,0.0,0.0,0.0
2024-05-18 00:00:00,0.0,577.1470806181426,-57.714708061814264,-0.05000000000000071
2024-05-18 01:00:00,579.1445282223407,0.0,57.91445282223407,0.15000000000000036
2024-05-18 02:00:00,625.4822858264363,0.0,62.54822858264363,0.05000000000000071
2024-05-18 03:00:00,800.0,0.0,80.0,0.09999999999999964
2024-05-18 04:00:00,0.0,0.0,0.0,0.0
2024-05-18 05:00:00,0.0,0.0,0.0,0.0
2024-05-18 06:00:00,800.0,0.0,80.0,0.04999999999999982
2024-05-18 07:00:00,0.0,403.5264687127757,-40.35264687127757,-0.04999999999999982
2024-05-18 08:00:00,0.0,503.15040448619146,-50.31504044861915,-0.10000000000000053
2024-05-18 09:00:00,0.0,0.0,0.0,0.0
2024-05-18 10:00:00,0.0,492.3164225934207,-49.231642259342074,-0.04999999999999982
2024-05-18 11:00:00,0.0,450.9742993648505,-45.09742993648505,-0.04999999999999982
2024-05-18 12:00:00,797.2586936568171,0.0,79.72586936568172,0.04999999999999982
2024-05-18 13:00:00,682.5477137755155,0.0,68.25477137755155,0.05000000000000071
2024-05-18 14:00:00,667.1041117166249,0.0,66.71041117166249,0.14999999999999858
2024-05-18 15:00:00,800.0,0.0,80.0,0.10000000000000142
2024-05-18 16:00:00,424.2872854095112,0.0,42.42872854095112,0.049999999999998934
2024-05-18 17:00:00,0.0,600.0,-60.0,-0.049999999999998934
2024-05-18 18:00:00,0.0,547.8248255083711,-54.78248255083711,-8.881784197001252e-16
2024-05-18 19:00:00,0.0,551.0937296384616,-55.10937296384616,-0.09999999999999964
2024-05-18 20:00:00,0.0,0.0,0.0,0.0
2024-05-18 21:00:00,0.0,480.9349713852033,-48.093497138520334,-0.15000000000000036
2024-05-18 22:00:00,0.0,516.434334220234,-51.6434334220234,-0.04999999999999982
2024-05-18 23:00:00,0.0,522.2074641285373,-52.22074641285373,-0.05000000000000071
2024-05-19 00:00:00,335.4273366319853,0.0,33.54273366319853,8.881784197001252e-16
2024-05-19 01:00:00,800.0,0.0,80.0,0.04999999999999982
2024-05-19 02:00:00,800.0,0.0,80.0,0.09999999999999964
2024-05-19 03:00:00,800.0,0.0,80.0,0.20000000000000107
2024-05-19 04:00:00,653.4751384276212,0.0,65.34751384276213,0.049999999999998934
2024-05-19 05:00:00,0.0,0.0,0.0,0.0
2024-05-19 06:00:00,0.0,485.4538681236141,-48.545386812361414,-0.049999999999998934
2024-05-19 07:00:00,0.0,424.77189314741696,-42.4771893147417,-8.881784197001252e-16
2024-05-19 08:00:00,0.0,0.0,0.0,0.0
2024-05-19 09:00:00,800.0,0.0,80.0,8.881784197001252e-16
2024-05-19 10:00:00,0.0,482.17294718993827,-48.21729471899383,-0.2500000000000009
2024-05-19 11:00:00,418.0480636721739,0.0,41.804806367217395,0.10000000000000053
2024-05-19 12:00:00,0.0,590.5033469761813,-59.05033469761813,-0.15000000000000036
2024-05-19 13:00:00,0.0,0.0,0.0,0.0
2024-05-19 14:00:00,713.4531175668369,0.0,71.3453117566837,0.20000000000000018
2024-05-19 15:00:00,615.8276507627712,0.0,61.58276507627713,0.10000000000000053
2024-05-19 16:00:00,792.3444037729898,0.0,79.234440377299,0.14999999999999858
2024-05-19 17:00:00,0.0,434.61249257029283,-43.46124925702929,-1.9499999999999993
2024-05-19 18:00:00,443.1849482782065,0.0,44.31849482782065,1.9500000000000002
2024-05-19 19:00:00,0.0,600.0,-60.0,-0.04999999999999982
2024-05-19 20:00:00,0.0,505.65444446413926,-50.56544444641393,-0.05000000000000071
2024-05-19 21:00:00,0.0,568.6130057953432,-56.861300579534316,-0.15000000000000036
2024-05-19 22:00:00,0.0,600.0,-60.0,-0.049999999999998934
2024-05-19 23:00:00,0.0,446.1844034655757,-44.61844034655758,-0.05000000000000071
2024-05-20 00:00:00,0.0,539.281292734901,-53.9281292734901,-0.09999999999999964
2024-05-20 01:00:00,0.0,0.0,0.0,0.0
2024-05-20 02:00:00,800.0,0.0,80.0,0.09999999999999964
2024-05-20 03:00:00,534.5937394574738,0.0,53.45937394574739,0.20000000000000018
2024-05-20 04:00:00,603.0629474954511,0.0,60.30629474954512,0.2500000000000009
2024-05-20 05:00:00,800.0,0.0,80.0,0.049999999999998934
2024-05-20 06:00:00,0.0,600.0,-60.0,-0.04999999999999982
2024-05-20 07:00:00,0.0,416.87953001141994,-41.687953001142,-0.09999999999999964
2024-05-20 08:00:00,0.0,405.6192620536995,-40.56192620536996,-0.04999999999999982
2024-05-20 09:00:00,0.0,487.63594273619503,-48.7635942736195,-0.10000000000000053
2024-05-20 10:00:00,0.0,370.87187352741967,-37.08718735274197,-0.04999999999999982
2024-05-20 11:00:00,0.0,451.70512095227537,-45.17051209522754,-0.09999999999999964
2024-05-20 12:00:00,0.0,343.05803270532647,-34.30580327053265,-0.05000000000000071
2024-05-20 13:00:00,0.0,383.5367997928084,-38.35367997928084,-0.09999999999999964
2024-05-20 14:00:00,0.0,0.0,0.0,0.0
2024-05-20 15:00:00,737.8876529413823,0.0,73.78876529413823,0.20000000000000018
2024-05-20 16:00:00,479.26132957691084,0.0,47.92613295769109,0.20000000000000018
2024-05-20 17:00:00,321.2615653946418,0.0,32.12615653946418,0.15000000000000036
2024-05-20 18:00:00,0.0,303.92694395979265,-30.392694395979266,-0.05000000000000071
2024-05-20 19:00:00,0.0,0.0,0.0,0.0
2024-05-20 20:00:00,0.0,589.1301760404028,-58.913017604040284,-0.15000000000000036
2024-05-20 21:00:00,0.0,445.86814918581575,-44.58681491858158,-0.09999999999999964
2024-05-20 22:00:00,0.0,493.7819586547165,-49.37819586547165,-0.05000000000000071
2024-05-20 23:00:00,0.0,404.72962517654884,-40.472962517654885,-0.09999999999999964
2024-05-21 00:00:00,0.0,600.0,-60.0,-0.14999999999999947
2024-05-21 01:00:00,0.0,0.0,0.0,0.0
2024-05-21 02:00:00,0.0,512.45756385865,-51.24575638586501,-0.04999999999999982
2024-05-21 03:00:00,668.6310953769638,0.0,66.86310953769639,0.2999999999999998
2024-05-21 04:00:00,122.50582388281589,0.0,12.25058238828159,0.2999999999999998
2024-05-21 05:00:00,629.1807442816907,0.0,62.91807442816908,0.15000000000000036
2024-05-21 06:00:00,0.0,0.0,0.0,0.0
2024-05-21 07:00:00,0.0,458.31225478756363,-45.831225478756366,-0.05000000000000071
2024-05-21 08:00:00,0.0,428.8439706748053,-42.884397067480535,-0.09999999999999964
2024-05-21 09:00:00,0.0,541.9932183179822,-54.199321831798215,-0.09999999999999964
2024-05-21 10:00:00,0.0,385.735118880413,-38.5735118880413,-0.15000000000000036
2024-05-21 11:00:00,0.0,0.0,0.0,0.0
2024-05-21 12:00:00,0.0,467.72857533177756,-46.772857533177756,-0.09999999999999964
2024-05-21 13:00:00,0.0,473.00985409563424,-47.300985409563424,-0.10000000000000053
2024-05-21 14:00:00,0.0,600.0,-60.0,-0.04999999999999982
2024-05-21 15:00:00,491.09410763799036,0.0,49.10941076379904,0.15000000000000036
2024-05-21 16:00:00,499.9457225115295,0.0,49.99457225115295,0.14999999999999947
2024-05-21 17:00:00,800.0,0.0,80.0,0.20000000000000018
2024-05-21 18:00:00,431.79395271231806,0.0,43.17939527123181,0.09999999999999964
2024-05-21 19:00:00,0.0,366.77076640856956,-36.67707664085696,-0.04999999999999982
2024-05-21 20:00:00,0.0,508.40750288853366,-50.84075028885337,-0.10000000000000053
2024-05-21 21:00:00,0.0,451.1852121632012,-45.11852121632012,-0.09999999999999964
2024-05-21 22:00:00,0.0,383.14699738974593,-38.314699738974596,-0.09999999999999964
2024-05-21 23:00:00,0.0,555.9830147124136,-55.59830147124136,-0.05000000000000071
2024-05-22 00:00:00,0.0,406.8047858153232,-40.68047858153233,-0.14999999999999947
2024-05-22 01:00:00,0.0,600.0,-60.0,-0.09999999999999964
2024-05-22 02:00:00,0.0,554.7725154543289,-55.47725154543289,-0.04999999999999982
2024-05-22 03:00:00,800.0,0.0,80.0,0.15000000000000036
2024-05-22 04:00:00,800.0,0.0,80.0,0.3999999999999986
2024-05-22 05:00:00,761.8315582389494,0.0,76.18315582389494,0.25
2024-05-22 06:00:00,0.0,0.0,0.0,0.0
2024-05-22 07:00:00,563.41564692357,0.0,56.341564692357,8.881784197001252e-16
2024-05-22 08:00:00,0.0,372.349010829818,-37.2349010829818,-0.10000000000000053
2024-05-22 09:00:00,0.0,442.3379508214128,-44.233795082141285,-0.09999999999999964
2024-05-22 10:00:00,0.0,481.44957845490546,-48.14495784549055,-0.15000000000000036
2024-05-22 11:00:00,0.0,600.0,-60.0,-0.15000000000000036
2024-05-22 12:00:00,0.0,490.32350617555954,-49.032350617555956,-0.049999999999998934
2024-05-22 13:00:00,0.0,475.2532043905852,-47.525320439058525,-0.05000000000000071
2024-05-22 14:00:00,0.0,548.4080104336944,-54.84080104336944,-0.14999999999999947
2024-05-22 15:00:00,533.3561880986862,0.0,53.33561880986862,0.04999999999999982
2024-05-22 16:00:00,800.0,0.0,80.0,0.20000000000000018
2024-05-22 17:00:00,800.0,0.0,80.0,0.20000000000000018
2024-05-22 18:00:00,402.96330474444096,0.0,40.2963304744441,0.1999999999999993
2024-05-22 19:00:00,0.0,431.7333513714281,-43.173335137142814,-0.04999999999999982
2024-05-22 20:00:00,0.0,558.8763123386336,-55.88763123386337,-0.04999999999999982
2024-05-22 21:00:00,0.0,197.02515425163608,-19.70251542516361,-0.15000000000000036
2024-05-22 22:00:00,0.0,479.92842909991407,-47.99284290999141,-0.09999999999999964
2024-05-22 23:00:00,0.0,295.21653474727475,-29.521653474727476,-0.05000000000000071
2024-05-23 00:00:00,0.0,498.7526937142929,-49.87526937142929,-0.14999999999999947
2024-05-23 01:00:00,0.0,138.22104157457747,-13.822104157457748,-0.09999999999999964
2024-05-23 02:00:00,0.0,380.04864830765644,-38.00486483076565,-0.10000000000000053
2024-05-23 03:00:00,0.0,0.0,0.0,0.0
2024-05-23 04:00:00,409.86081890411776,0.0,40.98608189041178,0.4500000000000002
2024-05-23 05:00:00,800.0,0.0,80.0,0.35000000000000053
2024-05-23 06:00:00,800.0,0.0,80.0,0.1999999999999993
2024-05-23 07:00:00,0.0,426.7940353244509,-42.67940353244509,-0.049999999999998934
2024-05-23 08:00:00,0.0,600.0,-60.0,-0.10000000000000053
2024-05-23 09:00:00,0.0,456.02730037853684,-45.60273003785369,-0.10000000000000053
2024-05-23 10:00:00,0.0,538.8840188097298,-53.888401880972985,-0.15000000000000036
2024-05-23 11:00:00,0.0,498.9065209202531,-49.89065209202531,-0.09999999999999964
2024-05-23 12:00:00,0.0,600.0,-60.0,-0.09999999999999964
2024-05-23 13:00:00,0.0,553.0186663348617,-55.30186663348617,-0.15000000000000036
2024-05-23 14:00:00,0.0,543.8961747641717,-54.38961747641718,-0.09999999999999964
2024-05-23 15:00:00,0.0,335.4671533706223,-33.54671533706223,-0.09999999999999964
2024-05-23 16:00:00,800.0,0.0,80.0,0.09999999999999964
2024-05-23 17:00:00,509.4152467931157,0.0,50.94152467931158,0.34999999999999964
2024-05-23 18:00:00,537.2296701190485,0.0,53.72296701190485,0.20000000000000107
2024-05-23 19:00:00,531.8025466455542,0.0,53.18025466455543,0.049999999999998934
2024-05-23 20:00:00,0.0,600.0,-60.0,-0.04999999999999982
2024-05-23 21:00:00,0.0,583.3654635936649,-58.336546359366494,-0.10000000000000053
2024-05-23 22:00:00,0.0,380.5493916497876,-38.05493916497876,-0.14999999999999858
2024-05-23 23:00:00,0.0,564.943029357437,-56.494302935743704,-0.10000000000000142
2024-05-24 00:00:00,0.0,469.30198771871767,-46.93019877187177,-0.09999999999999964
2024-05-24 01:00:00,0.0,600.0,-60.0,-0.14999999999999947
2024-05-24 02:00:00,0.0,600.0,-60.0,-0.10000000000000053
2024-05-24 03:00:00,0.0,587.7550411943772,-58.77550411943773,-0.09999999999999964
2024-05-24 04:00:00,664.9180379551233,0.0,66.49180379551233,0.1999999999999993
2024-05-24 05:00:00,479.3952362302022,0.0,47.93952362302022,0.5500000000000007
2024-05-24 06:00:00,787.6327832059486,0.0,78.76327832059486,0.25
2024-05-24 07:00:00,724.0577030720867,0.0,72.40577030720867,0.09999999999999964
2024-05-24 08:00:00,0.0,485.01102658377334,-48.501102658377334,-0.04999999999999982
2024-05-24 09:00:00,0.0,435.8238648665559,-43.582386486655594,-0.14999999999999947
2024-05-24 10:00:00,0.0,431.87001408399306,-43.18700140839931,-0.15000000000000036
2024-05-24 11:00:00,0.0,438.7464788513509,-43.87464788513509,-0.09999999999999964
2024-05-24 12:00:00,0.0,454.2224847604653,-45.42224847604653,-0.25
2024-05-24 13:00:00,0.0,0.0,0.0,0.0
2024-05-24 14:00:00,0.0,488.3817437210827,-48.83817437210828,-0.15000000000000036
2024-05-24 15:00:00,0.0,510.1355683924672,-51.01355683924672,-0.09999999999999964
2024-05-24 16:00:00,0.0,0.0,0.0,0.0
2024-05-24 17:00:00,800.0,0.0,80.0,0.15000000000000036
2024-05-24 18:00:00,618.7647489739214,0.0,61.87647489739214,0.34999999999999964
2024-05-24 19:00:00,483.10265448418966,0.0,48.31026544841897,0.15000000000000036
2024-05-24 20:00:00,0.0,560.4582162590569,-56.045821625905695,-8.881784197001252e-16
2024-05-24 21:00:00,0.0,472.60850264912045,-47.26085026491205,-0.04999999999999982
2024-05-24 22:00:00,0.0,443.0986617523708,-44.30986617523708,-0.15000000000000036
2024-05-24 23:00:00,0.0,600.0,-60.0,-0.09999999999999964
2024-05-25 00:00:00,0.0,493.06438456964725,-49.30643845696473,-0.15000000000000036
2024-05-25 01:00:00,0.0,495.38903161901055,-49.53890316190106,-0.04999999999999982
2024-05-25 02:00:00,0.0,354.18619801111385,-35.41861980111138,-0.14999999999999947
2024-05-25 03:00:00,0.0,468.32392841598056,-46.83239284159806,-0.10000000000000053
2024-05-25 04:00:00,593.3452505097187,0.0,59.33452505097187,8.881784197001252e-16
2024-05-25 05:00:00,670.8341667608771,0.0,67.08341667608771,0.5499999999999989
2024-05-25 06:00:00,800.0,0.0,80.0,0.4500000000000002
2024-05-25 07:00:00,686.0006538718916,0.0,68.60006538718916,0.15000000000000036
2024-05-25 08:00:00,0.0,0.0,0.0,0.0
2024-05-25 09:00:00,0.0,561.1061060159008,-56.11061060159008,-0.15000000000000036
2024-05-25 10:00:00,0.0,435.800711757552,-43.5800711757552,-0.14999999999999947
2024-05-25 11:00:00,0.0,385.57365679128833,-38.557365679128836,-0.15000000000000036
2024-05-25 12:00:00,0.0,368.4667166200462,-36.846671662004624,-0.15000000000000036
2024-05-25 13:00:00,0.0,531.6562650548319,-53.165626505483196,-0.09999999999999964
2024-05-25 14:00:00,0.0,487.67312404082156,-48.76731240408216,-0.09999999999999964
2024-05-25 15:00:00,0.0,600.0,-60.0,-0.15000000000000036
2024-05-25 16:00:00,0.0,600.0,-60.0,-0.09999999999999964
2024-05-25 17:00:00,0.0,313.3223174911387,-31.33223174911387,-0.05000000000000071
2024-05-25 18:00:00,737.6734345667505,0.0,73.76734345667505,0.4500000000000002
2024-05-25 19:00:00,800.0,0.0,80.0,0.2500000000000009
2024-05-25 20:00:00,247.5812353096713,0.0,24.758123530967133,0.09999999999999964
2024-05-25 21:00:00,0.0,364.0526925419323,-36.40526925419323,-0.05000000000000071
2024-05-25 22:00:00,0.0,389.0459894767862,-38.90459894767862,-0.09999999999999964
2024-05-25 23:00:00,0.0,600.0,-60.0,-0.15000000000000036
2024-05-26 00:00:00,0.0,334.1143983083886,-33.411439830838866,-0.15000000000000036
2024-05-26 01:00:00,0.0,400.2738126350782,-40.02738126350782,-0.09999999999999964
2024-05-26 02:00:00,0.0,533.1867875222886,-53.31867875222886,-0.14999999999999947
2024-05-26 03:00:00,0.0,600.0,-60.0,-0.04999999999999982
2024-05-26 04:00:00,0.0,397.4184591644731,-39.74184591644732,-0.10000000000000053
2024-05-26 05:00:00,800.0,0.0,80.0,0.14999999999999947
2024-05-26 06:00:00,536.0220494519766,0.0,53.60220494519766,0.6000000000000005
2024-05-26 07:00:00,800.0,0.0,80.0,0.25
2024-05-26 08:00:00,800.0,0.0,80.0,0.15000000000000036
2024-05-26 09:00:00,0.0,540.1735472571604,-54.01735472571605,-0.10000000000000053
2024-05-26 10:00:00,0.0,293.08129708670566,-29.308129708670567,-0.14999999999999947
2024-05-26 11:00:00,0.0,501.9776078121769,-50.197760781217696,-0.15000000000000036
2024-05-26 12:00:00,0.0,421.0345304083565,-42.10345304083565,-0.10000000000000053
2024-05-26 13:00:00,0.0,538.4397292696258,-53.84397292696258,-0.14999999999999947
2024-05-26 14:00:00,0.0,478.2228128982622,-47.82228128982622,-0.09999999999999964
2024-05-26 15:00:00,0.0,524.1856908594262,-52.41856908594263,-0.15000000000000036
2024-05-26 16:00:00,0.0,408.4588986858059,-40.84588986858059,-0.20000000000000018
2024-05-26 17:00:00,0.0,432.7309830734514,-43.273098307345144,-0.049999999999998934
2024-05-26 18:00:00,0.0,396.73714304039123,-39.67371430403912,-8.881784197001252e-16
2024-05-26 19:00:00,582.4864352728341,0.0,58.24864352728341,0.20000000000000018
2024-05-26 20:00:00,800.0,0.0,80.0,0.09999999999999964
2024-05-26 21:00:00,688.8723993901451,0.0,68.88723993901452,0.05000000000000071
2024-05-26 22:00:00,0.0,454.0600869011106,-45.406008690111065,-0.05000000000000071
2024-05-26 23:00:00,0.0,548.2645139882843,-54.82645139882843,-0.14999999999999947
2024-05-27 00:00:00,0.0,364.8956189605412,-36.48956189605412,-0.15000000000000036
2024-05-27 01:00:00,0.0,455.48630949972073,-45.54863094997208,-0.09999999999999964
2024-05-27 02:00:00,0.0,0.0,0.0,0.0
2024-05-27 03:00:00,0.0,507.6058250734285,-50.76058250734285,-0.04999999999999982
2024-05-27 04:00:00,0.0,533.5415425736643,-53.35415425736643,-0.15000000000000036
2024-05-27 05:00:00,0.0,0.0,0.0,0.0
2024-05-27 06:00:00,800.0,0.0,80.0,0.34999999999999964
2024-05-27 07:00:00,800.0,0.0,80.0,0.34999999999999964
2024-05-27 08:00:00,543.7344446875725,0.0,54.37344446875725,0.20000000000000107
2024-05-27 09:00:00,0.0,493.05730986247573,-49.305730986247575,-0.05000000000000071
2024-05-27 10:00:00,0.0,528.9872347336675,-52.89872347336675,-0.09999999999999964
2024-05-27 11:00:00,0.0,332.0286727590106,-33.20286727590106,-0.15000000000000036
2024-05-27 12:00:00,0.0,578.8897252642506,-57.888972526425064,-0.09999999999999964
2024-05-27 13:00:00,0.0,565.3658487607916,-56.53658487607916,-0.04999999999999982
2024-05-27 14:00:00,0.0,523.3026981443638,-52.330269814436384,-0.10000000000000053
2024-05-27 15:00:00,0.0,415.457290941069,-41.5457290941069,-0.04999999999999982
2024-05-27 16:00:00,0.0,404.7341668773201,-40.47341668773201,-0.04999999999999982
2024-05-27 17:00:00,0.0,594.2569105562968,-59.425691055629684,-0.09999999999999964
2024-05-27 18:00:00,0.0,600.0,-60.0,-0.05000000000000071
2024-05-27 19:00:00,683.8989923724648,0.0,68.38989923724648,0.20000000000000018
2024-05-27 20:00:00,694.0820568903364,0.0,69.40820568903364,0.2999999999999998
2024-05-27 21:00:00,617.7217004406954,0.0,61.77217004406954,0.15000000000000036
2024-05-27 22:00:00,0.0,548.1063232125058,-54.81063232125058,-0.09999999999999964
2024-05-27 23:00:00,0.0,600.0,-60.0,-0.05000000000000071
2024-05-28 00:00:00,0.0,382.14133730135444,-38.214133730135444,-0.04999999999999982
2024-05-28 01:00:00,0.0,434.2191178683125,-43.42191178683125,-0.14999999999999947
2024-05-28 02:00:00,0.0,346.4800827975801,-34.64800827975801,-0.05000000000000071
2024-05-28 03:00:00,0.0,521.410805577627,-52.141080557762706,-0.09999999999999964
2024-05-28 04:00:00,0.0,600.0,-60.0,-0.04999999999999982
2024-05-28 05:00:00,0.0,387.66677477743144,-38.766677477743144,-0.04999999999999982
2024-05-28 06:00:00,800.0,0.0,80.0,0.09999999999999964
2024-05-28 07:00:00,800.0,0.0,80.0,0.5
2024-05-28 08:00:00,800.0,0.0,80.0,0.2999999999999998
2024-05-28 09:00:00,552.886485000438,0.0,55.288648500043806,0.20000000000000018
2024-05-28 10:00:00,0.0,372.6382628609715,-37.26382628609715,-0.09999999999999964
2024-05-28 11:00:00,0.0,600.0,-60.0,-0.10000000000000053
2024-05-28 12:00:00,0.0,417.64388085101996,-41.764388085102,-0.09999999999999964
2024-05-28 13:00:00,0.0,516.9985251170054,-51.69985251170055,-0.10000000000000053
2024-05-28 14:00:00,0.0,291.64507599582515,-29.164507599582517,-0.15000000000000036
2024-05-28 15:00:00,0.0,355.5650012854464,-35.55650012854464,-0.09999999999999964
2024-05-28 16:00:00,0.0,479.69072817286565,-47.969072817286566,-0.09999999999999964
2024-05-28 17:00:00,0.0,476.1024851545294,-47.610248515452945,-0.15000000000000036
2024-05-28 18:00:00,0.0,328.2772343807719,-32.82772343807719,-0.09999999999999964
2024-05-28 19:00:00,570.476910147713,0.0,57.04769101477131,0.05000000000000071
2024-05-28 20:00:00,800.0,0.0,80.0,0.1999999999999993
2024-05-28 21:00:00,492.3148044441609,0.0,49.23148044441609,0.25
2024-05-28 22:00:00,411.31545330317016,0.0,41.13154533031702,0.09999999999999964
2024-05-28 23:00:00,0.0,593.8029984882292,-59.380299848822915,-0.04999999999999982
2024-05-29 00:00:00,0.0,431.6203245328507,-43.16203245328507,-0.14999999999999947
2024-05-29 01:00:00,0.0,384.90754455978737,-38.49075445597874,-0.05000000000000071
2024-05-29 02:00:00,0.0,438.326391659865,-43.83263916598651,-0.14999999999999947
2024-05-29 03:00:00,0.0,533.3270134750386,-53.332701347503864,-0.10000000000000053
2024-05-29 04:00:00,0.0,476.1202010045836,-47.61202010045836,-0.09999999999999964
2024-05-29 05:00:00,0.0,538.6051464890064,-53.86051464890065,-0.04999999999999982
2024-05-29 06:00:00,0.0,495.5616263504952,-49.556162635049525,-0.04999999999999982
2024-05-29 07:00:00,341.9343258171835,0.0,34.19343258171835,0.15000000000000036
2024-05-29 08:00:00,788.1868512061927,0.0,78.81868512061928,0.39999999999999947
2024-05-29 09:00:00,502.7625955175879,0.0,50.27625955175879,0.2999999999999998
2024-05-29 10:00:00,309.7799383894739,0.0,30.97799383894739,0.1999999999999993
2024-05-29 11:00:00,0.0,600.0,-60.0,-0.049999999999998934
2024-05-29 12:00:00,0.0,462.37403097074366,-46.23740309707437,-0.10000000000000053
2024-05-29 13:00:00,0.0,547.038176549204,-54.7038176549204,-0.10000000000000053
2024-05-29 14:00:00,0.0,504.07861733191726,-50.40786173319173,-0.14999999999999858
2024-05-29 15:00:00,0.0,404.46062800390496,-40.4460628003905,-0.10000000000000142
2024-05-29 16:00:00,0.0,600.0,-60.0,-0.14999999999999947
2024-05-29 17:00:00,0.0,459.1216968894777,-45.91216968894777,-0.09999999999999964
2024-05-29 18:00:00,0.0,564.7809125514393,-56.47809125514394,-0.10000000000000053
2024-05-29 19:00:00,0.0,600.0,-60.0,-0.04999999999999982
2024-05-29 20:00:00,711.458591058843,0.0,71.1458591058843,8.881784197001252e-16
2024-05-29 21:00:00,402.2176889762411,0.0,40.221768897624116,0.25
2024-05-29 22:00:00,800.0,0.0,80.0,0.14999999999999947
2024-05-29 23:00:00,800.0,0.0,80.0,0.09999999999999964
2024-05-30 00:00:00,0.0,590.4587437822644,-59.04587437822644,-0.04999999999999982
2024-05-30 01:00:00,0.0,600.0,-60.0,-0.09999999999999964
2024-05-30 02:00:00,0.0,573.1001473055214,-57.31001473055215,-0.05000000000000071
2024-05-30 03:00:00,0.0,427.3924766397337,-42.73924766397337,-0.09999999999999964
2024-05-30 04:00:00,0.0,471.8231263739013,-47.18231263739013,-0.09999999999999964
2024-05-30 05:00:00,0.0,463.19566538677213,-46.319566538677215,-0.05000000000000071
2024-05-30 06:00:00,0.0,538.1422064408355,-53.81422064408355,-0.09999999999999964
2024-05-30 07:00:00,0.0,0.0,0.0,0.0
2024-05-30 08:00:00,701.0918136485437,0.0,70.10918136485438,0.15000000000000036
2024-05-30 09:00:00,800.0,0.0,80.0,0.2999999999999998
2024-05-30 10:00:00,775.7712152413943,0.0,77.57712152413944,0.2499999999999991
2024-05-30 11:00:00,800.0,0.0,80.0,0.10000000000000142
2024-05-30 12:00:00,0.0,349.07244011381476,-34.90724401138148,-8.881784197001252e-16
2024-05-30 13:00:00,0.0,575.6873036139561,-57.568730361395616,-0.10000000000000053
2024-05-30 14:00:00,0.0,559.775227434312,-55.9775227434312,-0.14999999999999858
2024-05-30 15:00:00,0.0,600.0,-60.0,-0.15000000000000036
2024-05-30 16:00:00,0.0,378.9533777549108,-37.89533777549108,-0.09999999999999964
2024-05-30 17:00:00,0.0,455.6315418014701,-45.563154180147016,-0.15000000000000036
2024-05-30 18:00:00,0.0,600.0,-60.0,-0.09999999999999964
2024-05-30 19:00:00,0.0,600.0,-60.0,-0.05000000000000071
2024-05-30 20:00:00,0.0,497.03204844616346,-49.70320484461635,-0.04999999999999982
2024-05-30 21:00:00,0.0,450.5445202159955,-45.05445202159955,-0.04999999999999982
2024-05-30 22:00:00,800.0,0.0,80.0,0.14999999999999947
2024-05-30 23:00:00,800.0,0.0,80.0,0.15000000000000036
2024-05-31 00:00:00,800.0,0.0,80.0,0.04999999999999982
2024-05-31 01:00:00,0.0,473.4495106246105,-47.34495106246106,-0.04999999999999982
2024-05-31 02:00:00,0.0,545.3289890515956,-54.53289890515956,-0.04999999999999982
2024-05-31 03:00:00,0.0,440.7320413751457,-44.07320413751457,-0.10000000000000053
2024-05-31 04:00:00,0.0,0.0,0.0,0.0
2024-05-31 05:00:00,0.0,545.4928931686326,-54.54928931686326,-0.09999999999999964
2024-05-31 06:00:00,0.0,413.0000287669519,-41.300002876695196,-0.04999999999999982
2024-05-31 07:00:00,0.0,442.5446938985876,-44.25446938985876,-0.05000000000000071
2024-05-31 08:00:00,0.0,0.0,0.0,0.0
2024-05-31 09:00:00,770.8517021051869,0.0,77.0851702105187,0.05000000000000071
2024-05-31 10:00:00,800.0,0.0,80.0,0.1999999999999993
2024-05-31 11:00:00,700.4036931407314,0.0,70.04036931407315,0.3000000000000007
2024-05-31 12:00:00,682.3532161675415,0.0,68.23532161675415,0.09999999999999964
2024-05-31 13:00:00,800.0,0.0,80.0,0.04999999999999982
2024-05-31 14:00:00,0.0,543.8798822575019,-54.38798822575019,-0.04999999999999982
2024-05-31 15:00:00,0.0,391.7199480787086,-39.17199480787087,-0.09999999999999964
2024-05-31 16:00:00,0.0,534.8388607996952,-53.48388607996952,-0.09999999999999964
2024-05-31 17:00:00,0.0,526.9475802225829,-52.6947580222583,-0.10000000000000053
2024-05-31 18:00:00,0.0,507.5551629599171,-50.75551629599171,-0.04999999999999982
2024-05-31 19:00:00,0.0,463.6105682692225,-46.36105682692225,-0.10000000000000053
2024-05-31 20:00:00,0.0,510.71767243401615,-51.07176724340162,-0.09999999999999964
2024-05-31 21:00:00,0.0,470.5645806369867,-47.05645806369867,-0.10000000000000053
2024-05-31 22:00:00,0.0,0.0,0.0,0.0
2024-05-31 23:00:00,482.8156127013647,0.0,48.28156127013648,0.15000000000000036
2024-06-01 00:00:00,800.0,0.0,80.0,0.1999999999999993
2024-06-01 01:00:00,405.2993815311864,0.0,40.52993815311864,0.10000000000000142
2024-06-01 02:00:00,0.0,0.0,0.0,0.0
2024-06-01 03:00:00,0.0,373.71908028517254,-37.371908028517254,-0.05000000000000071
2024-06-01 04:00:00,0.0,433.4056864637242,-43.34056864637242,-0.04999999999999982
2024-06-01 05:00:00,0.0,443.28936353588597,-44.3289363535886,-0.10000000000000053
2024-06-01 06:00:00,0.0,0.0,0.0,0.0
2024-06-01 07:00:00,0.0,406.409929811746,-40.640992981174605,-0.09999999999999964
2024-06-01 08:00:00,0.0,439.3829963921956,-43.938299639219565,-0.09999999999999964
2024-06-01 09:00:00,0.0,470.080699957437,-47.0080699957437,-0.05000000000000071
2024-06-01 10:00:00,0.0,0.0,0.0,0.0
2024-06-01 11:00:00,744.6827509608406,0.0,74.46827509608407,0.20000000000000107
2024-06-01 12:00:00,800.0,0.0,80.0,0.2499999999999991
2024-06-01 13:00:00,800.0,0.0,80.0,0.15000000000000036
2024-06-01 14:00:00,800.0,0.0,80.0,0.04999999999999982
2024-06-01 15:00:00,0.0,0.0,0.0,0.0
2024-06-01 16:00:00,0.0,522.6861677069833,-52.26861677069833,-0.15000000000000036
2024-06-01 17:00:00,0.0,600.0,-60.0,-0.049999999999998934
2024-06-01 18:00:00,0.0,514.63807331035,-51.46380733103501,-0.05000000000000071
2024-06-01 19:00:00,0.0,391.95698463021273,-39.19569846302127,-0.09999999999999964
2024-06-01 20:00:00,0.0,560.4054518650996,-56.040545186509966,-0.15000000000000036
2024-06-01 21:00:00,0.0,593.4173101547622,-59.34173101547622,-0.04999999999999982
2024-06-01 22:00:00,0.0,0.0,0.0,0.0
2024-06-01 23:00:00,0.0,406.5348493514866,-40.65348493514867,-0.10000000000000053
2024-06-02 00:00:00,800.0,0.0,80.0,0.20000000000000107
2024-06-02 01:00:00,492.2771825224901,0.0,49.22771825224901,0.2499999999999991
2024-06-02 02:00:00,800.0,0.0,80.0,0.15000000000000036
2024-06-02 03:00:00,800.0,0.0,80.0,0.04999999999999982
2024-06-02 04:00:00,0.0,400.4775042706793,-40.04775042706793,-0.04999999999999982
2024-06-02 05:00:00,0.0,252.2975938702021,-25.22975938702021,-0.04999999999999982
2024-06-02 06:00:00,0.0,479.8425525135001,-47.984255251350014,-0.15000000000000036
2024-06-02 07:00:00,0.0,600.0,-60.0,-0.09999999999999964
2024-06-02 08:00:00,0.0,504.52286088991974,-50.452286088991976,-0.05000000000000071
2024-06-02 09:00:00,0.0,425.59763607579185,-42.559763607579185,-0.09999999999999964
2024-06-02 10:00:00,0.0,335.9105868746583,-33.59105868746583,-0.04999999999999982
2024-06-02 11:00:00,0.0,600.0,-60.0,-0.10000000000000053
2024-06-02 12:00:00,667.3255503943349,0.0,66.73255503943349,0.09999999999999964
2024-06-02 13:00:00,714.5101066207637,0.0,71.45101066207637,0.3000000000000007
2024-06-02 14:00:00,800.0,0.0,80.0,0.15000000000000036
2024-06-02 15:00:00,800.0,0.0,80.0,0.1999999999999993
2024-06-02 16:00:00,0.0,0.0,0.0,0.0
2024-06-02 17:00:00,0.0,528.7574207153689,-52.87574207153689,-0.09999999999999964
2024-06-02 18:00:00,0.0,600.0,-60.0,-0.09999999999999964
2024-06-02 19:00:00,0.0,479.36604024318893,-47.936604024318896,-0.15000000000000036
2024-06-02 20:00:00,0.0,497.2625518677128,-49.72625518677128,-0.09999999999999964
2024-06-02 21:00:00,0.0,520.1314846783904,-52.013148467839045,-0.10000000000000053
2024-06-02 22:00:00,0.0,470.4313037352321,-47.04313037352321,-0.09999999999999964
2024-06-02 23:00:00,0.0,600.0,-60.0,-0.10000000000000053
2024-06-03 00:00:00,0.0,0.0,0.0,0.0
2024-06-03 01:00:00,800.0,0.0,80.0,0.20000000000000107
2024-06-03 02:00:00,612.2205739654876,0.0,61.22205739654876,0.34999999999999964
2024-06-03 03:00:00,800.0,0.0,80.0,0.1999999999999993
2024-06-03 04:00:00,575.791873819565,0.0,57.5791873819565,0.09999999999999964
2024-06-03 05:00:00,0.0,506.9808122037898,-50.69808122037898,-0.09999999999999964
2024-06-03 06:00:00,0.0,387.44879284016577,-38.74487928401658,-0.09999999999999964
2024-06-03 07:00:00,0.0,600.0,-60.0,-0.09999999999999964
2024-06-03 08:00:00,0.0,473.8087402019588,-47.38087402019588,-0.15000000000000036
2024-06-03 09:00:00,0.0,523.3543986447039,-52.335439864470395,-0.09999999999999964
2024-06-03 10:00:00,0.0,510.64599570782894,-51.064599570782896,-0.10000000000000053
2024-06-03 11:00:00,0.0,577.7146081758733,-57.77146081758733,-0.09999999999999964
2024-06-03 12:00:00,0.0,600.0,-60.0,-0.04999999999999982
2024-06-03 13:00:00,340.0051038256519,0.0,34.00051038256519,0.09999999999999964
2024-06-03 14:00:00,103.4987992043389,0.0,10.34987992043389,0.3000000000000007
2024-06-03 15:00:00,182.12324652379746,0.0,18.212324652379746,0.29999999999999893
2024-06-03 16:00:00,687.1434323667823,0.0,68.71434323667823,0.09999999999999964
2024-06-03 17:00:00,0.0,421.0887715451108,-42.10887715451108,-0.049999999999998934
2024-06-03 18:00:00,0.0,523.530143877609,-52.35301438776091,-0.15000000000000036
2024-06-03 19:00:00,0.0,600.0,-60.0,-0.09999999999999964
2024-06-03 20:00:00,0.0,542.1202994118776,-54.21202994118776,-0.15000000000000036
2024-06-03 21:00:00,0.0,408.44702395435576,-40.844702395435576,-0.09999999999999964
2024-06-03 22:00:00,0.0,452.8152887157605,-45.28152887157606,-0.10000000000000053
2024-06-03 23:00:00,0.0,281.9048188506669,-28.190481885066692,-0.09999999999999964
2024-06-04 00:00:00,0.0,457.0367670049725,-45.703676700497255,-0.10000000000000053
2024-06-04 01:00:00,0.0,0.0,0.0,0.0
2024-06-04 02:00:00,800.0,0.0,80.0,0.34999999999999964
2024-06-04 03:00:00,507.2170769554985,0.0,50.72170769554985,0.5
2024-06-04 04:00:00,698.8548857381351,0.0,69.8854885738135,0.2500000000000009
2024-06-04 05:00:00,0.0,0.0,0.0,0.0
2024-06-04 06:00:00,0.0,464.50434766302567,-46.45043476630257,-0.10000000000000053
2024-06-04 07:00:00,0.0,466.2637124284408,-46.62637124284408,-0.14999999999999947
2024-06-04 08:00:00,0.0,600.0,-60.0,-0.15000000000000036
2024-06-04 09:00:00,0.0,530.3937644985564,-53.03937644985564,-0.14999999999999947
2024-06-04 10:00:00,0.0,435.06204438632835,-43.506204438632835,-0.10000000000000053
2024-06-04 11:00:00,0.0,310.4770348912402,-31.047703489124018,-0.14999999999999947
2024-06-04 12:00:00,0.0,385.2910048542749,-38.52910048542749,-0.10000000000000053
2024-06-04 13:00:00,0.0,190.62104453434048,-19.06210445343405,-0.09999999999999964
2024-06-04 14:00:00,744.4483450373067,0.0,74.44483450373068,0.04999999999999982
2024-06-04 15:00:00,463.8606276466137,0.0,46.386062764661375,0.4500000000000002
2024-06-04 16:00:00,725.8022891090637,0.0,72.58022891090637,0.25
2024-06-04 17:00:00,764.6630286052389,0.0,76.4663028605239,0.14999999999999947
2024-06-04 18:00:00,0.0,472.40164691137073,-47.240164691137075,-0.09999999999999964
2024-06-04 19:00:00,0.0,463.42102422963893,-46.3421024229639,-0.09999999999999964
2024-06-04 20:00:00,0.0,600.0,-60.0,-0.15000000000000036
2024-06-04 21:00:00,0.0,405.4963015495602,-40.54963015495602,-0.09999999999999964
2024-06-04 22:00:00,0.0,501.94939343773217,-50.19493934377322,-0.15000000000000036
2024-06-04 23:00:00,0.0,583.5689655246899,-58.356896552468996,-0.09999999999999964
2024-06-05 00:00:00,0.0,340.24222881880354,-34.024222881880355,-0.10000000000000053
2024-06-05 01:00:00,0.0,487.2600591618118,-48.72600591618118,-0.09999999999999964
2024-06-05 02:00:00,800.0,0.0,80.0,0.04999999999999982
2024-06-05 03:00:00,479.9552095411584,0.0,47.99552095411585,0.5999999999999996
2024-06-05 04:00:00,708.3284145205457,0.0,70.83284145205458,0.35000000000000053
2024-06-05 05:00:00,734.5906989849277,0.0,73.45906989849277,0.20000000000000018
2024-06-05 06:00:00,0.0,0.0,0.0,0.0
2024-06-05 07:00:00,0.0,523.1523522319235,-52.31523522319235,-0.15000000000000036
2024-06-05 08:00:00,0.0,359.41698449189636,-35.94169844918964,-0.15000000000000036
2024-06-05 09:00:00,0.0,600.0,-60.0,-0.1999999999999993
2024-06-05 10:00:00,0.0,466.52659632935496,-46.652659632935496,-0.15000000000000036
2024-06-05 11:00:00,0.0,424.92622266511614,-42.49262226651162,-0.09999999999999964
2024-06-05 12:00:00,0.0,483.78897082078447,-48.37889708207845,-0.10000000000000053
2024-06-05 13:00:00,0.0,518.5927323412486,-51.85927323412486,-0.14999999999999947
2024-06-05 14:00:00,0.0,481.64867568095013,-48.16486756809502,-0.05000000000000071
2024-06-05 15:00:00,423.3963448430693,0.0,42.339634484306934,0.10000000000000053
2024-06-05 16:00:00,436.8297108046508,0.0,43.68297108046508,0.34999999999999964
2024-06-05 17:00:00,800.0,0.0,80.0,0.25
2024-06-05 18:00:00,722.8138546717805,0.0,72.28138546717805,0.10000000000000053
2024-06-05 19:00:00,0.0,476.37996204482016,-47.63799620448202,-0.05000000000000071
2024-06-05 20:00:00,0.0,510.41726944197796,-51.0417269441978,-0.14999999999999947
2024-06-05 21:00:00,0.0,533.9551519943552,-53.39551519943552,-0.20000000000000018
2024-06-05 22:00:00,0.0,464.7253172490691,-46.472531724906915,-0.09999999999999964
2024-06-05 23:00:00,0.0,600.0,-60.0,-0.15000000000000036
2024-06-06 00:00:00,0.0,532.7160757139094,-53.271607571390945,-0.09999999999999964
2024-06-06 01:00:00,0.0,429.43002257938576,-42.94300225793858,-0.10000000000000053
2024-06-06 02:00:00,0.0,600.0,-60.0,-0.09999999999999964
2024-06-06 03:00:00,657.7827284812641,0.0,65.77827284812642,0.14999999999999947
2024-06-06 04:00:00,375.71008126042204,0.0,37.57100812604221,0.5500000000000007
2024-06-06 05:00:00,663.6638387178601,0.0,66.36638387178601,0.29999999999999893
2024-06-06 06:00:00,800.0,0.0,80.0,0.15000000000000036
2024-06-06 07:00:00,0.0,600.0,-60.0,-0.09999999999999964
2024-06-06 08:00:00,0.0,430.2142684453311,-43.02142684453311,-0.15000000000000036
2024-06-06 09:00:00,0.0,439.7997391901943,-43.979973919019436,-0.14999999999999947
2024-06-06 10:00:00,0.0,422.4790135348634,-42.24790135348634,-0.10000000000000053
2024-06-06 11:00:00,0.0,600.0,-60.0,-0.15000000000000036
2024-06-06 12:00:00,0.0,587.1293810306311,-58.71293810306311,-0.1999999999999993
2024-06-06 13:00:00,0.0,359.73181035576766,-35.973181035576765,-0.04999999999999982
2024-06-06 14:00:00,0.0,370.7731282103994,-37.077312821039946,-0.15000000000000036
2024-06-06 15:00:00,0.0,467.7638390406122,-46.77638390406122,-0.04999999999999982
2024-06-06 16:00:00,800.0,0.0,80.0,0.15000000000000036
2024-06-06 17:00:00,749.862034660856,0.0,74.9862034660856,0.39999999999999947
2024-06-06 18:00:00,343.7838809949737,0.0,34.37838809949737,0.14999999999999947
2024-06-06 19:00:00,660.2578607485153,0.0,66.02578607485154,8.881784197001252e-16
2024-06-06 20:00:00,0.0,473.54787574141403,-47.354787574141405,-0.04999999999999982
2024-06-06 21:00:00,0.0,426.95711631569316,-42.69571163156932,-0.09999999999999964
2024-06-06 22:00:00,0.0,600.0,-60.0,-0.15000000000000036
2024-06-06 23:00:00,0.0,600.0,-60.0,-0.10000000000000053
2024-06-07 00:00:00,0.0,512.0001447282599,-51.20001447282599,-0.14999999999999947
2024-06-07 01:00:00,0.0,485.6615728689474,-48.56615728689474,-0.10000000000000053
2024-06-07 02:00:00,0.0,354.0455391049205,-35.404553910492055,-0.09999999999999964
2024-06-07 03:00:00,0.0,304.3133029582482,-30.43133029582482,-0.10000000000000053
2024-06-07 04:00:00,800.0,0.0,80.0,0.40000000000000036
2024-06-07 05:00:00,800.0,0.0,80.0,0.5499999999999998
2024-06-07 06:00:00,614.7579511605958,0.0,61.47579511605958,0.25
2024-06-07 07:00:00,693.7491633898303,0.0,69.37491633898303,0.04999999999999982
2024-06-07 08:00:00,0.0,506.45601960679494,-50.6456019606795,-0.15000000000000036
2024-06-07 09:00:00,0.0,503.52032769200895,-50.352032769200896,-0.09999999999999964
2024-06-07 10:00:00,0.0,600.0,-60.0,-0.1999999999999993
2024-06-07 11:00:00,0.0,283.527397803668,-28.352739780366804,-0.09999999999999964
2024-06-07 12:00:00,0.0,433.95041843807576,-43.395041843807576,-0.15000000000000036
2024-06-07 13:00:00,0.0,494.7289044647668,-49.47289044647668,-0.10000000000000053
2024-06-07 14:00:00,0.0,415.92158115813,-41.592158115813,-0.14999999999999947
2024-06-07 15:00:00,0.0,520.9656994430485,-52.09656994430485,-0.10000000000000053
2024-06-07 16:00:00,0.0,424.7498559652076,-42.47498559652076,-0.04999999999999982
2024-06-07 17:00:00,800.0,0.0,80.0,0.25
2024-06-07 18:00:00,566.2912206020926,0.0,56.62912206020926,0.34999999999999964
2024-06-07 19:00:00,800.0,0.0,80.0,0.15000000000000036
2024-06-07 20:00:00,0.0,600.0,-60.0,-0.05000000000000071
2024-06-07 21:00:00,0.0,408.1005621306035,-40.810056213060356,-0.049999999999998934
2024-06-07 22:00:00,0.0,488.7114921625223,-48.871149216252235,-0.15000000000000036
2024-06-07 23:00:00,0.0,377.86994640131303,-37.786994640131304,-0.15000000000000036
2024-06-08 00:00:00,0.0,600.0,-60.0,-0.09999999999999964
2024-06-08 01:00:00,0.0,570.1295800981,-57.01295800981,-0.09999999999999964
2024-06-08 02:00:00,0.0,494.93204525309585,-49.49320452530959,-0.15000000000000036
2024-06-08 03:00:00,0.0,354.8421267182402,-35.48421267182402,-0.09999999999999964
2024-06-08 04:00:00,0.0,488.0284674009307,-48.802846740093074,-0.05000000000000071
2024-06-08 05:00:00,548.5509333758321,0.0,54.85509333758321,0.7000000000000002
2024-06-08 06:00:00,678.0226619198619,0.0,67.80226619198619,0.39999999999999947
2024-06-08 07:00:00,649.9250633429726,0.0,64.99250633429726,0.3000000000000007
2024-06-08 08:00:00,0.0,420.96815375336365,-42.09681537533637,-0.09999999999999964
2024-06-08 09:00:00,0.0,435.3589412283141,-43.535894122831415,-0.10000000000000053
2024-06-08 10:00:00,0.0,412.5661848850324,-41.25661848850324,-0.20000000000000018
2024-06-08 11:00:00,0.0,600.0,-60.0,-0.14999999999999947
2024-06-08 12:00:00,0.0,590.2344276378102,-59.02344276378102,-0.15000000000000036
2024-06-08 13:00:00,0.0,469.2578663573912,-46.92578663573912,-0.14999999999999947
2024-06-08 14:00:00,0.0,446.5883472312304,-44.65883472312304,-0.15000000000000036
2024-06-08 15:00:00,0.0,338.999941042021,-33.8999941042021,-0.15000000000000036
2024-06-08 16:00:00,0.0,519.0377889539076,-51.90377889539076,-0.09999999999999964
2024-06-08 17:00:00,0.0,383.8841841106563,-38.38841841106563,-0.04999999999999982
2024-06-08 18:00:00,800.0,0.0,80.0,0.35000000000000053
2024-06-08 19:00:00,800.0,0.0,80.0,0.29999999999999893
2024-06-08 20:00:00,731.7935070221747,0.0,73.17935070221748,0.20000000000000107
2024-06-08 21:00:00,0.0,474.1228394710562,-47.41228394710562,-0.10000000000000053
2024-06-08 22:00:00,0.0,589.8514186631667,-58.98514186631667,-0.10000000000000053
2024-06-08 23:00:00,0.0,521.4365621158297,-52.14365621158297,-0.14999999999999947
2024-06-09 00:00:00,0.0,555.924213337724,-55.59242133377241,-0.15000000000000036
2024-06-09 01:00:00,0.0,396.66462463214816,-39.66646246321482,-0.14999999999999947
2024-06-09 02:00:00,0.0,600.0,-60.0,-0.10000000000000053
2024-06-09 03:00:00,0.0,574.0085056820742,-57.400850568207424,-0.09999999999999964
2024-06-09 04:00:00,0.0,549.3236951639107,-54.93236951639107,-0.10000000000000053
2024-06-09 05:00:00,800.0,0.0,80.0,0.20000000000000107
2024-06-09 06:00:00,737.1020626017194,0.0,73.71020626017194,0.6999999999999993
2024-06-09 07:00:00,673.4929451441782,0.0,67.34929451441782,0.34999999999999964
2024-06-09 08:00:00,800.0,0.0,80.0,0.20000000000000107
2024-06-09 09:00:00,0.0,479.3845157537544,-47.93845157537544,-0.05000000000000071
2024-06-09 10:00:00,0.0,368.05086297206816,-36.80508629720682,-0.1999999999999993
2024-06-09 11:00:00,0.0,559.3600474976279,-55.93600474976279,-0.15000000000000036
2024-06-09 12:00:00,0.0,382.4476863510388,-38.24476863510388,-0.20000000000000018
2024-06-09 13:00:00,0.0,522.9002582002673,-52.290025820026734,-0.15000000000000036
2024-06-09 14:00:00,0.0,285.2032792042338,-28.520327920423384,-0.20000000000000018
2024-06-09 15:00:00,0.0,408.0050924428573,-40.800509244285735,-0.14999999999999947
2024-06-09 16:00:00,0.0,566.6425592840792,-56.664255928407925,-0.15000000000000036
2024-06-09 17:00:00,0.0,421.3076421798015,-42.13076421798016,-0.04999999999999982
2024-06-09 18:00:00,800.0,0.0,80.0,0.04999999999999982
2024-06-09 19:00:00,800.0,0.0,80.0,0.35000000000000053
2024-06-09 20:00:00,741.5000511756693,0.0,74.15000511756693,0.25
2024-06-09 21:00:00,800.0,0.0,80.0,0.09999999999999964
2024-06-09 22:00:00,0.0,276.91360518298666,-27.691360518298666,-0.15000000000000036
2024-06-09 23:00:00,0.0,500.21534096435335,-50.02153409643534,-0.09999999999999964
2024-06-10 00:00:00,0.0,417.1505417909918,-41.715054179099184,-0.15000000000000036
2024-06-10 01:00:00,0.0,534.486837781887,-53.448683778188695,-0.09999999999999964
2024-06-10 02:00:00,0.0,333.55394443015786,-33.35539444301579,-0.15000000000000036
2024-06-10 03:00:00,0.0,501.1120168557097,-50.111201685570975,-0.09999999999999964
2024-06-10 04:00:00,0.0,577.7066447679656,-57.77066447679656,-0.09999999999999964
2024-06-10 05:00:00,0.0,547.9798685789922,-54.79798685789922,-0.05000000000000071
2024-06-10 06:00:00,439.7309301136647,0.0,43.97309301136647,0.34999999999999964
2024-06-10 07:00:00,800.0,0.0,80.0,0.6000000000000005
2024-06-10 08:00:00,800.0,0.0,80.0,0.40000000000000036
2024-06-10 09:00:00,660.7889543757029,0.0,66.0788954375703,0.04999999999999982
2024-06-10 10:00:00,0.0,465.5950688935026,-46.55950688935027,-0.09999999999999964
2024-06-10 11:00:00,0.0,422.8690157521044,-42.28690157521044,-0.25
2024-06-10 12:00:00,0.0,600.0,-60.0,-0.15000000000000036
2024-06-10 13:00:00,0.0,473.266131879646,-47.326613187964604,-0.20000000000000018
2024-06-10 14:00:00,0.0,600.0,-60.0,-0.09999999999999964
2024-06-10 15:00:00,0.0,506.15413715327253,-50.61541371532726,-0.20000000000000018
2024-06-10 16:00:00,0.0,425.13039498989986,-42.51303949898999,-0.15000000000000036
2024-06-10 17:00:00,0.0,565.4721233407515,-56.547212334075155,-0.09999999999999964
2024-06-10 18:00:00,0.0,360.31438874225523,-36.03143887422552,-0.09999999999999964
2024-06-10 19:00:00,450.8731524234512,0.0,45.08731524234512,0.1999999999999993
2024-06-10 20:00:00,800.0,0.0,80.0,0.40000000000000036
2024-06-10 21:00:00,497.08973587177087,0.0,49.70897358717709,0.1999999999999993
2024-06-10 22:00:00,800.0,0.0,80.0,8.881784197001252e-16
2024-06-10 23:00:00,0.0,580.2805560436854,-58.02805560436854,-0.14999999999999947
2024-06-11 00:00:00,0.0,516.3126975039285,-51.631269750392846,-0.10000000000000053
2024-06-11 01:00:00,0.0,587.8061766498869,-58.78061766498869,-0.15000000000000036
2024-06-11 02:00:00,0.0,447.9020528579004,-44.790205285790044,-0.14999999999999947
2024-06-11 03:00:00,0.0,457.5914518599874,-45.75914518599874,-0.10000000000000053
2024-06-11 04:00:00,0.0,552.4173962990884,-55.24173962990884,-0.14999999999999947
2024-06-11 05:00:00,0.0,568.614873095736,-56.861487309573604,-0.05000000000000071
2024-06-11 06:00:00,800.0,0.0,80.0,0.10000000000000053
2024-06-11 07:00:00,511.9133536997766,0.0,51.191335369977665,0.5
2024-06-11 08:00:00,653.5738724568062,0.0,65.35738724568061,0.39999999999999947
2024-06-11 09:00:00,800.0,0.0,80.0,0.25
2024-06-11 10:00:00,0.0,0.0,0.0,0.0
2024-06-11 11:00:00,0.0,589.5476345878312,-58.95476345878313,-0.15000000000000036
2024-06-11 12:00:00,0.0,292.278016094634,-29.2278016094634,-0.14999999999999947
2024-06-11 13:00:00,0.0,582.0540275115517,-58.20540275115517,-0.20000000000000018
2024-06-11 14:00:00,0.0,347.0687662882368,-34.706876628823686,-0.14999999999999947
2024-06-11 15:00:00,0.0,323.927398570443,-32.392739857044305,-0.10000000000000053
2024-06-11 16:00:00,0.0,345.35786778436386,-34.53578677843639,-0.1999999999999993
2024-06-11 17:00:00,0.0,440.20190702294644,-44.02019070229465,-0.05000000000000071
2024-06-11 18:00:00,0.0,380.1189753486096,-38.01189753486096,-0.14999999999999947
2024-06-11 19:00:00,0.0,0.0,0.0,0.0
2024-06-11 20:00:00,800.0,0.0,80.0,0.2999999999999998
2024-06-11 21:00:00,800.0,0.0,80.0,0.1999999999999993
2024-06-11 22:00:00,598.2853698189458,0.0,59.82853698189459,0.15000000000000036
2024-06-11 23:00:00,0.0,0.0,0.0,0.0
2024-06-12 00:00:00,0.0,506.5640536910797,-50.65640536910797,-0.14999999999999947
2024-06-12 01:00:00,0.0,566.4354719916965,-56.64354719916966,-0.10000000000000053
2024-06-12 02:00:00,0.0,311.6464571145588,-31.164645711455883,-0.09999999999999964
2024-06-12 03:00:00,0.0,439.8642676563205,-43.986426765632054,-0.15000000000000036
2024-06-12 04:00:00,0.0,555.6546273802052,-55.56546273802052,-0.09999999999999964
2024-06-12 05:00:00,0.0,538.3091523919213,-53.83091523919214,-0.04999999999999982
2024-06-12 06:00:00,0.0,507.8524302976824,-50.785243029768246,-0.10000000000000053
2024-06-12 07:00:00,800.0,0.0,80.0,0.20000000000000107
2024-06-12 08:00:00,636.4774010538657,0.0,63.647740105386575,0.4499999999999993
2024-06-12 09:00:00,800.0,0.0,80.0,0.3000000000000007
2024-06-12 10:00:00,698.2558921224272,0.0,69.82558921224272,0.14999999999999947
2024-06-12 11:00:00,0.0,279.4082609333295,-27.940826093332948,-8.881784197001252e-16
2024-06-12 12:00:00,0.0,600.0,-60.0,-0.14999999999999947
2024-06-12 13:00:00,0.0,407.89325356101915,-40.78932535610192,-0.25
2024-06-12 14:00:00,0.0,556.0461035917754,-55.60461035917754,-0.09999999999999964
2024-06-12 15:00:00,0.0,600.0,-60.0,-0.10000000000000053
2024-06-12 16:00:00,0.0,506.65607358806926,-50.66560735880693,-0.14999999999999947
2024-06-12 17:00:00,0.0,538.3121929335261,-53.83121929335262,-0.15000000000000036
2024-06-12 18:00:00,0.0,365.4758736734616,-36.54758736734616,-0.09999999999999964
2024-06-12 19:00:00,0.0,557.466269998371,-55.746626999837105,-0.04999999999999982
2024-06-12 20:00:00,484.2257944772084,0.0,48.42257944772084,0.04999999999999982
2024-06-12 21:00:00,422.0287175015009,0.0,42.202871750150095,0.2999999999999998
2024-06-12 22:00:00,318.98636185733005,0.0,31.898636185733007,0.1999999999999993
2024-06-12 23:00:00,509.0815890305387,0.0,50.908158903053874,0.05000000000000071
2024-06-13 00:00:00,0.0,447.73477013513553,-44.773477013513556,-0.09999999999999964
2024-06-13 01:00:00,0.0,590.7216572837905,-59.07216572837905,-0.05000000000000071
2024-06-13 02:00:00,0.0,435.63579122201793,-43.563579122201794,-0.14999999999999947
2024-06-13 03:00:00,0.0,507.37402799144235,-50.737402799144235,-0.04999999999999982
2024-06-13 04:00:00,0.0,512.2526201102945,-51.22526201102946,-0.10000000000000053
2024-06-13 05:00:00,0.0,487.77248998877144,-48.77724899887715,-0.09999999999999964
2024-06-13 06:00:00,0.0,530.4734685726189,-53.04734685726189,-0.10000000000000053
2024-06-13 07:00:00,800.0,0.0,80.0,0.05000000000000071
2024-06-13 08:00:00,800.0,0.0,80.0,0.2999999999999998
2024-06-13 09:00:00,310.5795221861079,0.0,31.057952218610794,0.35000000000000053
2024-06-13 10:00:00,800.0,0.0,80.0,0.1999999999999993
2024-06-13 11:00:00,472.2955291382531,0.0,47.22955291382531,0.09999999999999964
2024-06-13 12:00:00,0.0,544.3970021880751,-54.439700218807516,-0.14999999999999947
2024-06-13 13:00:00,0.0,370.05389668778696,-37.0053896687787,-0.04999999999999982
2024-06-13 14:00:00,0.0,516.7220807119139,-51.67220807119139,-0.20000000000000018
2024-06-13 15:00:00,0.0,483.42911130452956,-48.34291113045296,-0.10000000000000053
2024-06-13 16:00:00,0.0,531.5863550100464,-53.158635501004646,-0.09999999999999964
2024-06-13 17:00:00,0.0,589.3199600921087,-58.93199600921087,-0.09999999999999964
2024-06-13 18:00:00,0.0,417.74027004094165,-41.774027004094165,-0.15000000000000036
2024-06-13 19:00:00,0.0,423.5077792008542,-42.35077792008542,-0.04999999999999982
2024-06-13 20:00:00,0.0,0.0,0.0,0.0
2024-06-13 21:00:00,800.0,0.0,80.0,0.04999999999999982
2024-06-13 22:00:00,634.4534185076,0.0,63.44534185076,0.2999999999999998
2024-06-13 23:00:00,429.4716547562515,0.0,42.947165475625155,0.14999999999999947
2024-06-14 00:00:00,516.2058121436738,0.0,51.620581214367384,0.05000000000000071
2024-06-14 01:00:00,0.0,600.0,-60.0,-0.04999999999999982
2024-06-14 02:00:00,0.0,360.7352074516812,-36.073520745168125,-0.10000000000000053
2024-06-14 03:00:00,0.0,440.08408294032813,-44.00840829403282,-0.09999999999999964
2024-06-14 04:00:00,0.0,528.7672991317281,-52.87672991317282,-0.09999999999999964
2024-06-14 05:00:00,0.0,576.5211588958218,-57.652115889582184,-0.10000000000000053
2024-06-14 06:00:00,0.0,411.6986572419771,-41.16986572419771,-0.09999999999999964
2024-06-14 07:00:00,0.0,345.32269075189294,-34.5322690751893,-0.04999999999999982
2024-06-14 08:00:00,800.0,0.0,80.0,0.04999999999999982
2024-06-14 09:00:00,584.4983419975317,0.0,58.44983419975318,0.25
2024-06-14 10:00:00,765.0707756007876,0.0,76.50707756007876,0.2499999999999991
2024-06-14 11:00:00,800.0,0.0,80.0,0.20000000000000107
2024-06-14 12:00:00,530.252897934411,0.0,53.0252897934411,0.04999999999999982
2024-06-14 13:00:00,0.0,454.34800042602626,-45.43480004260263,-0.10000000000000053
2024-06-14 14:00:00,0.0,552.6965787537274,-55.269657875372744,-0.14999999999999947
2024-06-14 15:00:00,0.0,303.831025136493,-30.383102513649302,-0.10000000000000053
2024-06-14 16:00:00,0.0,463.8714722671308,-46.38714722671308,-0.04999999999999982
2024-06-14 17:00:00,0.0,523.2308511008312,-52.32308511008312,-0.14999999999999947
2024-06-14 18:00:00,0.0,389.59750123028186,-38.959750123028186,-0.10000000000000053
2024-06-14 19:00:00,0.0,600.0,-60.0,-0.09999999999999964
2024-06-14 20:00:00,0.0,418.1540867005547,-41.815408670055476,-0.04999999999999982
2024-06-14 21:00:00,0.0,0.0,0.0,0.0
2024-06-14 22:00:00,400.86524262505304,0.0,40.08652426250531,0.09999999999999964
2024-06-14 23:00:00,764.0940836402141,0.0,76.40940836402142,0.25
2024-06-15 00:00:00,367.43277586189737,0.0,36.74327758618974,0.15000000000000036
2024-06-15 01:00:00,0.0,0.0,0.0,0.0
2024-06-15 02:00:00,0.0,439.6732044014794,-43.967320440147944,-0.05000000000000071
2024-06-15 03:00:00,0.0,327.7683720973296,-32.77683720973296,-0.09999999999999964
2024-06-15 04:00:00,0.0,588.2179927261961,-58.821799272619614,-0.04999999999999982
2024-06-15 05:00:00,0.0,452.12250692081733,-45.21225069208174,-0.04999999999999982
2024-06-15 06:00:00,0.0,397.17810304550585,-39.71781030455059,-0.05000000000000071
2024-06-15 07:00:00,0.0,334.92994691226033,-33.49299469122604,-0.04999999999999982
2024-06-15 08:00:00,0.0,600.0,-60.0,-0.04999999999999982
2024-06-15 09:00:00,0.0,479.5613669270701,-47.95613669270701,-0.09999999999999964
2024-06-15 10:00:00,800.0,0.0,80.0,0.25
2024-06-15 11:00:00,739.2778331724332,0.0,73.92778331724332,0.1999999999999993
2024-06-15 12:00:00,181.74493984938871,0.0,18.174493984938874,0.15000000000000036
2024-06-15 13:00:00,800.0,0.0,80.0,0.04999999999999982
2024-06-15 14:00:00,0.0,496.1853647374474,-49.61853647374474,-0.09999999999999964
2024-06-15 15:00:00,0.0,361.53035177080227,-36.15303517708023,-0.10000000000000053
2024-06-15 16:00:00,0.0,444.180990182619,-44.4180990182619,-0.04999999999999982
2024-06-15 17:00:00,0.0,551.7165024352529,-55.17165024352529,-0.09999999999999964
2024-06-15 18:00:00,0.0,587.6229100552657,-58.76229100552658,-0.15000000000000036
2024-06-15 19:00:00,0.0,466.6029407583424,-46.660294075834244,-0.04999999999999982
2024-06-15 20:00:00,0.0,502.4511951009131,-50.245119510091314,-0.04999999999999982
2024-06-15 21:00:00,0.0,480.8008026853634,-48.08008026853634,-0.04999999999999982
2024-06-15 22:00:00,0.0,600.0,-60.0,-0.05000000000000071
2024-06-15 23:00:00,800.0,0.0,80.0,0.20000000000000018
2024-06-16 00:00:00,800.0,0.0,80.0,0.25
2024-06-16 01:00:00,681.765496220863,0.0,68.17654962208631,0.15000000000000036
2024-06-16 02:00:00,0.0,0.0,0.0,0.0
2024-06-16 03:00:00,0.0,0.0,0.0,0.0
2024-06-16 04:00:00,0.0,413.73364863597277,-41.37336486359728,-0.10000000000000053
2024-06-16 05:00:00,0.0,421.39985587832416,-42.13998558783242,-0.09999999999999964
2024-06-16 06:00:00,0.0,386.6868625661149,-38.668686256611494,-0.04999999999999982
2024-06-16 07:00:00,0.0,587.9449720136422,-58.79449720136422,-0.10000000000000053
2024-06-16 08:00:00,0.0,570.4768392826508,-57.04768392826508,-0.04999999999999982
2024-06-16 09:00:00,0.0,401.86287871313755,-40.18628787131376,-0.09999999999999964
2024-06-16 10:00:00,655.6656105958073,0.0,65.56656105958074,0.04999999999999982
2024-06-16 11:00:00,789.283161450836,0.0,78.92831614508361,0.09999999999999964
2024-06-16 12:00:00,651.1303771230477,0.0,65.11303771230477,0.15000000000000036
2024-06-16 13:00:00,800.0,0.0,80.0,0.20000000000000018
2024-06-16 14:00:00,0.0,0.0,0.0,0.0
2024-06-16 15:00:00,0.0,0.0,0.0,0.0
2024-06-16 16:00:00,0.0,443.3804286425387,-44.33804286425387,-0.04999999999999982
2024-06-16 17:00:00,0.0,494.43376907145426,-49.44337690714543,-0.10000000000000053
2024-06-16 18:00:00,0.0,504.0706963325494,-50.40706963325494,-0.09999999999999964
2024-06-16 19:00:00,0.0,452.8329926804454,-45.283299268044544,-0.10000000000000053
2024-06-16 20:00:00,0.0,387.1170350497496,-38.71170350497496,-0.04999999999999982
2024-06-16 21:00:00,0.0,483.4633349050473,-48.34633349050473,-0.09999999999999964
2024-06-16 22:00:00,0.0,440.6224260492721,-44.062242604927214,-0.04999999999999982
2024-06-16 23:00:00,800.0,0.0,80.0,0.04999999999999982
2024-06-17 00:00:00,578.1097951618253,0.0,57.810979516182535,0.20000000000000018
2024-06-17 01:00:00,629.2116980737683,0.0,62.92116980737683,0.25
2024-06-17 02:00:00,800.0,0.0,80.0,0.14999999999999947
2024-06-17 03:00:00,697.9864698583444,0.0,69.79864698583445,0.10000000000000053
2024-06-17 04:00:00,0.0,479.2087511796772,-47.920875117967725,-0.10000000000000053
2024-06-17 05:00:00,0.0,0.0,0.0,0.0
2024-06-17 06:00:00,0.0,579.1030398254574,-57.91030398254574,-0.09999999999999964
2024-06-17 07:00:00,0.0,467.8593165342477,-46.78593165342477,-0.10000000000000053
2024-06-17 08:00:00,0.0,474.66825330567707,-47.46682533056771,-0.09999999999999964
2024-06-17 09:00:00,0.0,600.0,-60.0,-0.04999999999999982
2024-06-17 10:00:00,0.0,555.9503474800871,-55.595034748008715,-0.10000000000000053
2024-06-17 11:00:00,0.0,0.0,0.0,0.0
2024-06-17 12:00:00,0.0,0.0,0.0,0.0
2024-06-17 13:00:00,800.0,0.0,80.0,0.15000000000000036
2024-06-17 14:00:00,800.0,0.0,80.0,0.20000000000000018
2024-06-17 15:00:00,800.0,0.0,80.0,0.04999999999999982
2024-06-17 16:00:00,0.0,554.2200270723125,-55.42200270723126,-0.04999999999999982
2024-06-17 17:00:00,0.0,564.9641920628255,-56.49641920628255,-0.04999999999999982
2024-06-17 18:00:00,0.0,536.5353311191717,-53.65353311191717,-0.05000000000000071
2024-06-17 19:00:00,0.0,352.36730461032084,-35.23673046103209,-0.09999999999999964
2024-06-17 20:00:00,0.0,513.9522596855339,-51.3952259685534,-0.09999999999999964
2024-06-17 21:00:00,0.0,600.0,-60.0,-0.05000000000000071
2024-06-17 22:00:00,0.0,508.9854321459008,-50.898543214590084,-0.09999999999999964
2024-06-17 23:00:00,0.0,379.97151783870385,-37.997151783870386,-0.04999999999999982
2024-06-18 00:00:00,800.0,0.0,80.0,0.04999999999999982
2024-06-18 01:00:00,480.31593024444766,0.0,48.03159302444477,0.20000000000000018
2024-06-18 02:00:00,722.0877620381927,0.0,72.20877620381928,0.2999999999999998
2024-06-18 03:00:00,799.5616379345995,0.0,79.95616379345995,0.20000000000000018
2024-06-18 04:00:00,374.5064376895551,0.0,37.450643768955516,0.04999999999999982
2024-06-18 05:00:00,0.0,447.5607040936574,-44.75607040936575,-0.04999999999999982
2024-06-18 06:00:00,0.0,312.097840119772,-31.209784011977202,-0.04999999999999982
2024-06-18 07:00:00,0.0,600.0,-60.0,-0.15000000000000036
2024-06-18 08:00:00,0.0,493.27623683482705,-49.327623683482706,-0.09999999999999964
2024-06-18 09:00:00,0.0,509.2486825148958,-50.924868251489585,-0.05000000000000071
2024-06-18 10:00:00,0.0,418.2791598891568,-41.827915988915684,-0.09999999999999964
2024-06-18 11:00:00,0.0,556.6335977876496,-55.66335977876496,-0.09999999999999964
2024-06-18 12:00:00,0.0,0.0,0.0,0.0
2024-06-18 13:00:00,0.0,0.0,0.0,0.0
2024-06-18 14:00:00,800.0,0.0,80.0,0.14999999999999947
2024-06-18 15:00:00,558.2603723468685,0.0,55.82603723468685,0.20000000000000018
2024-06-18 16:00:00,437.6823289157868,0.0,43.768232891578684,0.09999999999999964
2024-06-18 17:00:00,0.0,492.4334312285001,-49.243343122850014,-0.14999999999999947
2024-06-18 18:00:00,0.0,585.3090071341454,-58.530900713414546,-0.15000000000000036
2024-06-18 19:00:00,0.0,433.4240687023632,-43.34240687023632,-0.20000000000000018
2024-06-18 20:00:00,0.0,404.43013845615405,-40.44301384561541,-0.04999999999999982
2024-06-18 21:00:00,0.0,600.0,-60.0,-0.09999999999999964
2024-06-18 22:00:00,0.0,508.5610060132256,-50.85610060132257,-0.04999999999999982
2024-06-18 23:00:00,0.0,455.4524381242762,-45.54524381242763,-0.05000000000000071
2024-06-19 00:00:00,0.0,552.4597986577977,-55.24597986577977,-0.04999999999999982
2024-06-19 01:00:00,191.24325903975233,0.0,19.124325903975233,0.04999999999999982
2024-06-19 02:00:00,800.0,0.0,80.0,0.15000000000000036
2024-06-19 03:00:00,800.0,0.0,80.0,0.25
2024-06-19 04:00:00,544.2610779788814,0.0,54.42610779788814,0.05000000000000071
2024-06-19 05:00:00,0.0,0.0,0.0,0.0
2024-06-19 06:00:00,0.0,529.4854592570471,-52.94854592570471,-0.05000000000000071
2024-06-19 07:00:00,0.0,424.7624569170113,-42.47624569170114,-0.15000000000000036
2024-06-19 08:00:00,0.0,0.0,0.0,0.0
2024-06-19 09:00:00,0.0,554.2603367046672,-55.42603367046672,-0.049999999999998934
2024-06-19 10:00:00,0.0,600.0,-60.0,-0.10000000000000053
2024-06-19 11:00:00,0.0,407.7104431655926,-40.77104431655926,-0.04999999999999982
2024-06-19 12:00:00,0.0,0.0,0.0,0.0
2024-06-19 13:00:00,0.0,494.2956702119658,-49.42956702119658,-0.05000000000000071
2024-06-19 14:00:00,800.0,0.0,80.0,0.05000000000000071
2024-06-19 15:00:00,800.0,0.0,80.0,0.09999999999999964
2024-06-19 16:00:00,752.9421993839442,0.0,75.29421993839442,0.09999999999999964
2024-06-19 17:00:00,800.0,0.0,80.0,0.10000000000000053
2024-06-19 18:00:00,0.0,600.0,-60.0,-0.10000000000000053
2024-06-19 19:00:00,0.0,0.0,0.0,0.0
2024-06-19 20:00:00,0.0,600.0,-60.0,-0.049999999999998934
2024-06-19 21:00:00,0.0,600.0,-60.0,-0.10000000000000053
2024-06-19 22:00:00,0.0,479.2911973924662,-47.92911973924662,-0.10000000000000053
2024-06-19 23:00:00,0.0,486.7869210646047,-48.678692106460474,-0.04999999999999982
2024-06-20 00:00:00,0.0,444.5612559510953,-44.45612559510953,-0.04999999999999982
2024-06-20 01:00:00,549.8516891135738,0.0,54.985168911357384,0.05000000000000071
2024-06-20 02:00:00,0.0,444.96852427493894,-44.4968524274939,-8.881784197001252e-16
2024-06-20 03:00:00,659.8778008894523,0.0,65.98778008894523,0.25
2024-06-20 04:00:00,227.86609812866726,0.0,22.78660981286673,0.15000000000000036
2024-06-20 05:00:00,628.2036180138684,0.0,62.820361801386845,0.14999999999999947
2024-06-20 06:00:00,0.0,0.0,0.0,0.0
2024-06-20 07:00:00,0.0,549.6426371614965,-54.96426371614965,-0.09999999999999964
2024-06-20 08:00:00,0.0,578.0437379280694,-57.80437379280694,-0.09999999999999964
2024-06-20 09:00:00,0.0,488.99878520621667,-48.89987852062167,-0.05000000000000071
2024-06-20 10:00:00,0.0,0.0,0.0,0.0
2024-06-20 11:00:00,0.0,600.0,-60.0,-0.09999999999999964
2024-06-20 12:00:00,0.0,585.6090798478781,-58.56090798478781,-0.09999999999999964
2024-06-20 13:00:00,0.0,0.0,0.0,0.0
2024-06-20 14:00:00,0.0,318.0242486631936,-31.80242486631936,-0.05000000000000071
2024-06-20 15:00:00,514.5850896169688,0.0,51.458508961696886,0.05000000000000071
2024-06-20 16:00:00,800.0,0.0,80.0,0.09999999999999964
2024-06-20 17:00:00,469.34336607758587,0.0,46.93433660775859,0.20000000000000018
2024-06-20 18:00:00,0.0,381.5871556279649,-38.15871556279649,-0.04999999999999982
2024-06-20 19:00:00,0.0,464.3558766141136,-46.43558766141136,-0.05000000000000071
2024-06-20 20:00:00,211.68838921988495,0.0,21.168838921988495,0.05000000000000071
2024-06-20 21:00:00,0.0,559.6497423287395,-55.964974232873956,-0.05000000000000071
2024-06-20 22:00:00,0.0,435.84234232182797,-43.5842342321828,-0.09999999999999964
2024-06-20 23:00:00,0.0,0.0,0.0,0.0
2024-06-21 00:00:00,0.0,441.9030400038151,-44.19030400038151,-0.09999999999999964
2024-06-21 01:00:00,0.0,427.62929049478043,-42.762929049478046,-0.05000000000000071
2024-06-21 02:00:00,0.0,410.1378363934737,-41.01378363934737,-0.14999999999999947
2024-06-21 03:00:00,800.0,0.0,80.0,0.2999999999999998
2024-06-21 04:00:00,433.12501350834435,0.0,43.31250135083444,0.40000000000000036
2024-06-21 05:00:00,800.0,0.0,80.0,0.1999999999999993
2024-06-21 06:00:00,653.2182896819247,0.0,65.32182896819248,0.05000000000000071
2024-06-21 07:00:00,0.0,600.0,-60.0,-0.15000000000000036
2024-06-21 08:00:00,0.0,600.0,-60.0,-0.04999999999999982
2024-06-21 09:00:00,0.0,503.3222632626103,-50.332226326261036,-0.10000000000000053
2024-06-21 10:00:00,0.0,551.7904118656473,-55.17904118656474,-0.14999999999999947
2024-06-21 11:00:00,800.0,0.0,80.0,0.04999999999999982
2024-06-21 12:00:00,0.0,0.0,0.0,0.0
2024-06-21 13:00:00,0.0,0.0,0.0,0.0
2024-06-21 14:00:00,0.0,434.19836344089447,-43.41983634408945,-0.09999999999999964
2024-06-21 15:00:00,800.0,0.0,80.0,0.09999999999999964
2024-06-21 16:00:00,737.7358036538529,0.0,73.7735803653853,0.04999999999999982
2024-06-21 17:00:00,800.0,0.0,80.0,0.20000000000000018
2024-06-21 18:00:00,800.0,0.0,80.0,0.09999999999999964
2024-06-21 19:00:00,800.0,0.0,80.0,0.10000000000000053
2024-06-21 20:00:00,0.0,407.1173832526094,-40.71173832526094,-0.15000000000000036
2024-06-21 21:00:00,758.7410549315981,0.0,75.87410549315982,8.881784197001252e-16
2024-06-21 22:00:00,0.0,428.2631761954087,-42.82631761954087,-0.05000000000000071
2024-06-21 23:00:00,0.0,391.9063964059912,-39.19063964059912,-0.04999999999999982
2024-06-22 00:00:00,544.2575298699632,0.0,54.425752986996315,0.04999999999999982
2024-06-22 01:00:00,0.0,344.98300364150265,-34.49830036415027,-0.09999999999999964
2024-06-22 02:00:00,0.0,416.1797771620461,-41.617977716204614,-0.09999999999999964
2024-06-22 03:00:00,0.0,600.0,-60.0,-8.881784197001252e-16
2024-06-22 04:00:00,672.4982734080601,0.0,67.24982734080601,0.25
2024-06-22 05:00:00,659.3903850789989,0.0,65.9390385078999,0.25
2024-06-22 06:00:00,800.0,0.0,80.0,0.2500000000000009
2024-06-22 07:00:00,0.0,452.53329212561295,-45.2533292125613,-0.10000000000000142
2024-06-22 08:00:00,0.0,456.0722575407609,-45.6072257540761,-0.09999999999999964
2024-06-22 09:00:00,0.0,555.4007775662145,-55.54007775662146,-0.09999999999999964
2024-06-22 10:00:00,0.0,565.4344249197482,-56.543442491974815,-0.05000000000000071
2024-06-22 11:00:00,0.0,549.6157507388257,-54.96157507388257,-0.09999999999999964
2024-06-22 12:00:00,0.0,586.9644246830363,-58.69644246830364,-0.04999999999999982
2024-06-22 13:00:00,0.0,347.0143788172799,-34.70143788172799,-0.10000000000000053
2024-06-22 14:00:00,0.0,600.0,-60.0,-0.09999999999999964
2024-06-22 15:00:00,0.0,0.0,0.0,0.0
2024-06-22 16:00:00,0.0,405.1163937074808,-40.511639370748085,-0.04999999999999982
2024-06-22 17:00:00,538.8262882787153,0.0,53.882628827871535,0.20000000000000018
2024-06-22 18:00:00,800.0,0.0,80.0,0.09999999999999964
2024-06-22 19:00:00,716.1338530046265,0.0,71.61338530046265,0.05000000000000071
2024-06-22 20:00:00,0.0,307.16771391048707,-30.71677139104871,-0.05000000000000071
2024-06-22 21:00:00,0.0,299.00719340616115,-29.900719340616117,-0.04999999999999982
2024-06-22 22:00:00,0.0,0.0,0.0,0.0
2024-06-22 23:00:00,616.7861020309653,0.0,61.678610203096525,8.881784197001252e-16
2024-06-23 00:00:00,0.0,598.391229265889,-59.83912292658891,-0.05000000000000071
2024-06-23 01:00:00,0.0,538.3713182421818,-53.83713182421818,-0.09999999999999964
2024-06-23 02:00:00,0.0,496.1769024938376,-49.61769024938376,-0.05000000000000071
2024-06-23 03:00:00,703.6987784054903,0.0,70.36987784054904,0.05000000000000071
2024-06-23 04:00:00,0.0,0.0,0.0,0.0
2024-06-23 05:00:00,663.1253385928152,0.0,66.31253385928152,0.34999999999999964
2024-06-23 06:00:00,650.7659669634347,0.0,65.07659669634347,0.34999999999999964
2024-06-23 07:00:00,800.0,0.0,80.0,0.05000000000000071
2024-06-23 08:00:00,790.6199303658035,0.0,79.06199303658036,0.04999999999999982
2024-06-23 09:00:00,0.0,450.1050200170355,-45.01050200170355,-0.15000000000000036
2024-06-23 10:00:00,0.0,253.8578638873142,-25.38578638873142,-0.10000000000000053
2024-06-23 11:00:00,0.0,486.0256460006195,-48.60256460006195,-0.09999999999999964
2024-06-23 12:00:00,0.0,347.9743392284883,-34.79743392284883,-0.09999999999999964
2024-06-23 13:00:00,0.0,559.9728940722848,-55.997289407228486,-0.05000000000000071
2024-06-23 14:00:00,0.0,600.0,-60.0,-0.049999999999998934
2024-06-23 15:00:00,0.0,462.8371532941264,-46.283715329412644,-0.10000000000000053
2024-06-23 16:00:00,680.7537723667901,0.0,68.07537723667902,0.04999999999999982
2024-06-23 17:00:00,0.0,445.61034291440575,-44.56103429144058,-0.04999999999999982
2024-06-23 18:00:00,800.0,0.0,80.0,0.10000000000000053
2024-06-23 19:00:00,736.3059818461397,0.0,73.63059818461397,0.1999999999999993
2024-06-23 20:00:00,0.0,0.0,0.0,0.0
2024-06-23 21:00:00,0.0,0.0,0.0,0.0
2024-06-23 22:00:00,0.0,490.47464947382826,-49.04746494738283,-0.04999999999999982
2024-06-23 23:00:00,0.0,497.1205987021174,-49.71205987021174,-0.10000000000000053
2024-06-24 00:00:00,0.0,404.01226561921203,-40.401226561921206,-0.09999999999999964
2024-06-24 01:00:00,0.0,0.0,0.0,0.0
2024-06-24 02:00:00,0.0,549.0733411254852,-54.90733411254852,-0.09999999999999964
2024-06-24 03:00:00,0.0,361.6432774012349,-36.16432774012349,-0.04999999999999982
2024-06-24 04:00:00,0.0,600.0,-60.0,-0.04999999999999982
2024-06-24 05:00:00,669.8256618782817,0.0,66.98256618782817,0.049999999999998934
2024-06-24 06:00:00,673.7115200364119,0.0,67.3711520036412,0.5000000000000009
2024-06-24 07:00:00,800.0,0.0,80.0,0.20000000000000018
2024-06-24 08:00:00,0.0,0.0,0.0,0.0
2024-06-24 09:00:00,0.0,498.6080714783218,-49.86080714783218,-0.05000000000000071
2024-06-24 10:00:00,0.0,575.4692812424221,-57.546928124242214,-0.39999999999999947
2024-06-24 11:00:00,800.0,0.0,80.0,0.14999999999999947
2024-06-24 12:00:00,0.0,526.3236448205678,-52.63236448205678,-0.09999999999999964
2024-06-24 13:00:00,0.0,572.9525294609325,-57.29525294609326,-0.05000000000000071
2024-06-24 14:00:00,0.0,461.522329728167,-46.152232972816705,-0.09999999999999964
2024-06-24 15:00:00,0.0,441.5509290647266,-44.15509290647266,-0.04999999999999982
2024-06-24 16:00:00,0.0,391.8090294091221,-39.18090294091221,-0.04999999999999982
2024-06-24 17:00:00,0.0,374.6836251616815,-37.46836251616815,-0.05000000000000071
2024-06-24 18:00:00,784.950888062243,0.0,78.49508880622432,0.05000000000000071
2024-06-24 19:00:00,576.4037498424306,0.0,57.64037498424306,0.1999999999999993
2024-06-24 20:00:00,734.8003019157846,0.0,73.48003019157846,0.10000000000000053
2024-06-24 21:00:00,765.4466048579798,0.0,76.54466048579798,0.10000000000000053
2024-06-24 22:00:00,0.0,540.154780072361,-54.0154780072361,-0.15000000000000036
2024-06-24 23:00:00,0.0,469.00203944837205,-46.90020394483721,-0.15000000000000036
2024-06-25 00:00:00,0.0,0.0,0.0,0.0
2024-06-25 01:00:00,0.0,466.5533082343486,-46.655330823434866,-0.09999999999999964
2024-06-25 02:00:00,0.0,0.0,0.0,0.0
2024-06-25 03:00:00,0.0,455.0333826618707,-45.50333826618707,-0.04999999999999982
2024-06-25 04:00:00,0.0,0.0,0.0,0.0
2024-06-25 05:00:00,0.0,362.53694148878526,-36.25369414887853,-0.10000000000000053
2024-06-25 06:00:00,800.0,0.0,80.0,0.3000000000000007
2024-06-25 07:00:00,726.387494533088,0.0,72.6387494533088,0.2999999999999998
2024-06-25 08:00:00,761.9559279561706,0.0,76.19559279561706,0.20000000000000018
2024-06-25 09:00:00,0.0,0.0,0.0,0.0
2024-06-25 10:00:00,0.0,514.1352730999978,-51.41352730999978,-0.10000000000000053
2024-06-25 11:00:00,0.0,566.6792500683791,-56.66792500683792,-0.04999999999999982
2024-06-25 12:00:00,0.0,429.64060054023946,-42.964060054023946,-0.09999999999999964
2024-06-25 13:00:00,0.0,600.0,-60.0,-0.10000000000000053
2024-06-25 14:00:00,0.0,392.46447234682626,-39.24644723468263,-0.04999999999999982
2024-06-25 15:00:00,0.0,402.5364166433009,-40.2536416643301,-0.09999999999999964
2024-06-25 16:00:00,0.0,425.56992232953655,-42.55699223295366,-0.05000000000000071
2024-06-25 17:00:00,0.0,403.0085073822667,-40.30085073822667,-0.04999999999999982
2024-06-25 18:00:00,800.0,0.0,80.0,8.881784197001252e-16
2024-06-25 19:00:00,800.0,0.0,80.0,0.049999999999998934
2024-06-25 20:00:00,744.7326586583044,0.0,74.47326586583044,0.25
2024-06-25 21:00:00,492.23761173151286,0.0,49.22376117315129,0.05000000000000071
2024-06-25 22:00:00,0.0,0.0,0.0,0.0
2024-06-25 23:00:00,0.0,362.3072249697787,-36.23072249697787,-0.05000000000000071
2024-06-26 00:00:00,0.0,515.0680532397305,-51.506805323973055,-0.09999999999999964
2024-06-26 01:00:00,0.0,436.68293814803434,-43.668293814803434,-0.09999999999999964
2024-06-26 02:00:00,0.0,496.16318218076066,-49.61631821807607,-0.05000000000000071
2024-06-26 03:00:00,0.0,0.0,0.0,0.0
2024-06-26 04:00:00,0.0,414.268173806248,-41.426817380624804,-0.14999999999999947
2024-06-26 05:00:00,0.0,0.0,0.0,0.0
2024-06-26 06:00:00,0.0,510.4804654748799,-51.04804654748799,-0.04999999999999982
2024-06-26 07:00:00,800.0,0.0,80.0,0.34999999999999964
2024-06-26 08:00:00,548.7564962902679,0.0,54.875649629026796,0.2999999999999998
2024-06-26 09:00:00,739.9407627381805,0.0,73.99407627381805,0.04999999999999982
2024-06-26 10:00:00,0.0,0.0,0.0,0.0
2024-06-26 11:00:00,0.0,382.6299711638074,-38.26299711638074,-0.09999999999999964
2024-06-26 12:00:00,0.0,556.4926428198735,-55.64926428198735,-0.04999999999999982
2024-06-26 13:00:00,0.0,467.30401378661776,-46.73040137866178,-0.10000000000000053
2024-06-26 14:00:00,0.0,435.97397617122147,-43.59739761712215,-0.04999999999999982
2024-06-26 15:00:00,0.0,318.8385591534949,-31.88385591534949,-0.09999999999999964
2024-06-26 16:00:00,0.0,515.8327409001034,-51.58327409001035,-0.04999999999999982
2024-06-26 17:00:00,0.0,306.3104447319265,-30.631044473192652,-0.10000000000000053
2024-06-26 18:00:00,0.0,600.0,-60.0,-0.09999999999999964
2024-06-26 19:00:00,507.5832649908339,0.0,50.758326499083395,0.04999999999999982
2024-06-26 20:00:00,636.9405424389734,0.0,63.69405424389734,0.20000000000000018
2024-06-26 21:00:00,544.1940274602802,0.0,54.41940274602802,0.09999999999999964
2024-06-26 22:00:00,800.0,0.0,80.0,0.10000000000000053
2024-06-26 23:00:00,0.0,456.00365831350257,-45.60036583135026,-0.05000000000000071
2024-06-27 00:00:00,0.0,0.0,0.0,0.0
2024-06-27 01:00:00,0.0,575.2386500937424,-57.52386500937425,-0.09999999999999964
2024-06-27 02:00:00,0.0,520.6769222488969,-52.06769222488969,-0.04999999999999982
2024-06-27 03:00:00,0.0,526.1870302214166,-52.618703022141666,-0.04999999999999982
2024-06-27 04:00:00,0.0,328.85427554337065,-32.88542755433706,-0.05000000000000071
2024-06-27 05:00:00,0.0,509.9546456081929,-50.99546456081929,-0.09999999999999964
2024-06-27 06:00:00,0.0,0.0,0.0,0.0
2024-06-27 07:00:00,0.0,0.0,0.0,0.0
2024-06-27 08:00:00,597.9239702886207,0.0,59.79239702886207,0.25
2024-06-27 09:00:00,800.0,0.0,80.0,0.20000000000000018
2024-06-27 10:00:00,800.0,0.0,80.0,0.09999999999999964
2024-06-27 11:00:00,0.0,528.8370118917829,-52.883701189178296,-0.04999999999999982
2024-06-27 12:00:00,0.0,357.8734859865002,-35.78734859865002,-0.04999999999999982
2024-06-27 13:00:00,0.0,593.0309003629501,-59.30309003629501,-0.15000000000000036
2024-06-27 14:00:00,0.0,0.0,0.0,0.0
2024-06-27 15:00:00,0.0,574.7887088714738,-57.47887088714738,-0.04999999999999982
2024-06-27 16:00:00,0.0,600.0,-60.0,-0.09999999999999964
2024-06-27 17:00:00,0.0,0.0,0.0,0.0
2024-06-27 18:00:00,0.0,435.1866678689995,-43.518666786899956,-0.10000000000000053
2024-06-27 19:00:00,0.0,0.0,0.0,0.0
2024-06-27 20:00:00,0.0,600.0,-60.0,-0.09999999999999964
2024-06-27 21:00:00,800.0,0.0,80.0,0.14999999999999947
2024-06-27 22:00:00,800.0,0.0,80.0,0.15000000000000036
2024-06-27 23:00:00,800.0,0.0,80.0,0.04999999999999982
2024-06-28 00:00:00,0.0,452.6517825051923,-45.26517825051923,-0.04999999999999982
2024-06-28 01:00:00,0.0,0.0,0.0,0.0
2024-06-28 02:00:00,0.0,0.0,0.0,0.0
2024-06-28 03:00:00,0.0,509.5418323763268,-50.954183237632684,-0.09999999999999964
2024-06-28 04:00:00,0.0,378.54103368375024,-37.85410336837503,-0.05000000000000071
2024-06-28 05:00:00,0.0,0.0,0.0,0.0
2024-06-28 06:00:00,0.0,0.0,0.0,0.0
2024-06-28 07:00:00,0.0,295.8532921328954,-29.58532921328954,-0.09999999999999964
2024-06-28 08:00:00,677.2757218631609,0.0,67.7275721863161,0.09999999999999964
2024-06-28 09:00:00,800.0,0.0,80.0,0.20000000000000018
2024-06-28 10:00:00,708.817556627788,0.0,70.8817556627788,0.20000000000000018
2024-06-28 11:00:00,0.0,0.0,0.0,0.0
2024-06-28 12:00:00,0.0,0.0,0.0,0.0
2024-06-28 13:00:00,0.0,473.9025277738311,-47.39025277738311,-0.09999999999999964
2024-06-28 14:00:00,0.0,478.80265674079834,-47.88026567407984,-0.05000000000000071
2024-06-28 15:00:00,0.0,532.7854683228103,-53.27854683228103,-0.09999999999999964
2024-06-28 16:00:00,0.0,0.0,0.0,0.0
2024-06-28 17:00:00,0.0,429.99857769284483,-42.99985776928449,-0.09999999999999964
2024-06-28 18:00:00,0.0,0.0,0.0,0.0
2024-06-28 19:00:00,0.0,0.0,0.0,0.0
2024-06-28 20:00:00,0.0,368.2331261952607,-36.82331261952607,-0.05000000000000071
2024-06-28 21:00:00,643.5175205616396,0.0,64.35175205616396,0.05000000000000071
2024-06-28 22:00:00,573.8978407908448,0.0,57.389784079084485,0.1999999999999993
2024-06-28 23:00:00,0.0,465.18369234170063,-46.518369234170066,-0.34999999999999964
2024-06-29 00:00:00,426.96377500747764,0.0,42.696377500747765,0.6500000000000004
2024-06-29 01:00:00,0.0,0.0,0.0,0.0
2024-06-29 02:00:00,0.0,468.16937342041797,-46.8169373420418,-0.05000000000000071
2024-06-29 03:00:00,0.0,452.2818484282752,-45.228184842827524,-0.049999999999998934
2024-06-29 04:00:00,0.0,367.5413945333308,-36.75413945333308,-0.05000000000000071
2024-06-29 05:00:00,0.0,0.0,0.0,0.0
2024-06-29 06:00:00,0.0,453.59772206378136,-45.35977220637814,-0.04999999999999982
2024-06-29 07:00:00,0.0,0.0,0.0,0.0
2024-06-29 08:00:00,0.0,473.78324598350156,-47.37832459835016,-0.04999999999999982
2024-06-29 09:00:00,649.9327827222824,0.0,64.99327827222824,0.09999999999999964
2024-06-29 10:00:00,680.5097171612057,0.0,68.05097171612057,0.09999999999999964
2024-06-29 11:00:00,640.4776068931452,0.0,64.04776068931453,0.15000000000000036
2024-06-29 12:00:00,800.0,0.0,80.0,0.05000000000000071
2024-06-29 13:00:00,800.0,0.0,80.0,0.049999999999998934
2024-06-29 14:00:00,0.0,453.14978868991284,-45.31497886899129,-0.049999999999998934
2024-06-29 15:00:00,0.0,237.0286487963829,-23.70286487963829,-0.10000000000000053
2024-06-29 16:00:00,0.0,479.9609837521801,-47.99609837521801,-0.04999999999999982
2024-06-29 17:00:00,0.0,0.0,0.0,0.0
2024-06-29 18:00:00,0.0,0.0,0.0,0.0
2024-06-29 19:00:00,0.0,569.066483692071,-56.9066483692071,-0.10000000000000053
2024-06-29 20:00:00,0.0,0.0,0.0,0.0
2024-06-29 21:00:00,0.0,0.0,0.0,0.0
2024-06-29 22:00:00,0.0,0.0,0.0,0.0
2024-06-29 23:00:00,800.0,0.0,80.0,0.15000000000000036
2024-06-30 00:00:00,742.0508583741145,0.0,74.20508583741145,0.10000000000000053
2024-06-30 01:00:00,0.0,0.0,0.0,0.0
2024-06-30 02:00:00,623.0558102730673,0.0,62.30558102730674,0.049999999999998934
2024-06-30 03:00:00,0.0,0.0,0.0,0.0
2024-06-30 04:00:00,0.0,0.0,0.0,0.0
2024-06-30 05:00:00,0.0,0.0,0.0,0.0
2024-06-30 06:00:00,0.0,0.0,0.0,0.0
2024-06-30 07:00:00,0.0,326.50855801675755,-32.65085580167575,-0.04999999999999982
2024-06-30 08:00:00,0.0,0.0,0.0,0.0
2024-06-30 09:00:00,0.0,468.4080477079366,-46.84080477079366,-0.09999999999999964
2024-06-30 10:00:00,0.0,0.0,0.0,0.0
2024-06-30 11:00:00,772.0651493291981,0.0,77.20651493291982,0.14999999999999947
2024-06-30 12:00:00,781.0234772607375,0.0,78.10234772607376,0.05000000000000071
2024-06-30 13:00:00,0.0,0.0,0.0,0.0
2024-06-30 14:00:00,800.0,0.0,80.0,0.09999999999999964
2024-06-30 15:00:00,0.0,584.5459624579611,-58.45459624579611,-0.04999999999999982
2024-06-30 16:00:00,0.0,475.4853050433241,-47.54853050433241,-0.04999999999999982
2024-06-30 17:00:00,0.0,285.9173857524477,-28.59173857524477,-0.05000000000000071
2024-06-30 18:00:00,0.0,446.4401997892769,-44.644019978927695,-0.04999999999999982
2024-06-30 19:00:00,613.9098442040206,0.0,61.39098442040206,8.881784197001252e-16
2024-06-30 20:00:00,0.0,505.6797686735201,-50.56797686735201,-0.05000000000000071
2024-06-30 21:00:00,0.0,0.0,0.0,0.0
2024-06-30 22:00:00,0.0,0.0,0.0,0.0
2024-06-30 23:00:00,581.101113577707,0.0,58.110111357770705,0.05000000000000071
2024-07-01 00:00:00,800.0,0.0,80.0,0.049999999999998934
2024-07-01 01:00:00,604.2373802081921,0.0,60.423738020819215,0.10000000000000053
2024-07-01 02:00:00,800.0,0.0,80.0,0.10000000000000053
2024-07-01 03:00:00,350.92934950723594,0.0,35.092934950723595,0.049999999999998934
2024-07-01 04:00:00,0.0,438.99386053315106,-43.89938605331511,-0.049999999999998934
2024-07-01 05:00:00,0.0,529.7667106365268,-52.97667106365268,-0.05000000000000071
2024-07-01 06:00:00,0.0,279.48910036475604,-27.948910036475606,-0.04999999999999982
2024-07-01 07:00:00,0.0,0.0,0.0,0.0
2024-07-01 08:00:00,0.0,0.0,0.0,0.0
2024-07-01 09:00:00,0.0,458.4851501455488,-45.848515014554884,-0.10000000000000053
2024-07-01 10:00:00,0.0,453.7837478976413,-45.37837478976414,-0.049999999999998934
2024-07-01 11:00:00,685.9181711832902,0.0,68.59181711832902,0.049999999999998934
2024-07-01 12:00:00,0.0,0.0,0.0,0.0
2024-07-01 13:00:00,664.6673782365044,0.0,66.46673782365045,0.10000000000000053
2024-07-01 14:00:00,800.0,0.0,80.0,0.09999999999999964
2024-07-01 15:00:00,0.0,0.0,0.0,0.0
2024-07-01 16:00:00,0.0,443.86078759032125,-44.38607875903213,-0.2999999999999998
2024-07-01 17:00:00,396.0173710233283,0.0,39.601737102332834,0.25
2024-07-01 18:00:00,632.1888578314779,0.0,63.21888578314779,0.04999999999999982
2024-07-01 19:00:00,0.0,563.6129465959718,-56.361294659597185,-0.04999999999999982
2024-07-01 20:00:00,0.0,600.0,-60.0,-0.09999999999999964
2024-07-01 21:00:00,0.0,521.0102280553765,-52.10102280553765,-0.05000000000000071
2024-07-01 22:00:00,0.0,543.1985824158616,-54.31985824158616,-0.049999999999998934
2024-07-01 23:00:00,0.0,0.0,0.0,0.0
2024-07-02 00:00:00,536.8512075684063,0.0,53.68512075684063,0.049999999999998934
2024-07-02 01:00:00,548.2623661546443,0.0,54.82623661546443,0.10000000000000053
2024-07-02 02:00:00,800.0,0.0,80.0,0.04999999999999982
2024-07-02 03:00:00,800.0,0.0,80.0,0.04999999999999982
2024-07-02 04:00:00,596.8444940117314,0.0,59.68444940117314,0.04999999999999982
2024-07-02 05:00:00,0.0,451.58064849789423,-45.158064849789426,-0.09999999999999964
2024-07-02 06:00:00,0.0,0.0,0.0,0.0
2024-07-02 07:00:00,0.0,397.46493745742066,-39.74649374574207,-0.09999999999999964
2024-07-02 08:00:00,647.2562089225823,0.0,64.72562089225823,0.049999999999998934
2024-07-02 09:00:00,0.0,543.265230981523,-54.32652309815231,-0.09999999999999964
2024-07-02 10:00:00,0.0,570.4236160870227,-57.042361608702265,-0.04999999999999982
2024-07-02 11:00:00,800.0,0.0,80.0,8.881784197001252e-16
2024-07-02 12:00:00,0.0,0.0,0.0,0.0
2024-07-02 13:00:00,0.0,0.0,0.0,0.0
2024-07-02 14:00:00,800.0,0.0,80.0,0.049999999999998934
2024-07-02 15:00:00,0.0,0.0,0.0,0.0
2024-07-02 16:00:00,800.0,0.0,80.0,0.05000000000000071
2024-07-02 17:00:00,800.0,0.0,80.0,0.09999999999999964
2024-07-02 18:00:00,0.0,398.3886730871322,-39.83886730871322,-0.05000000000000071
2024-07-02 19:00:00,0.0,550.7333542152509,-55.07333542152509,-0.049999999999998934
2024-07-02 20:00:00,0.0,0.0,0.0,0.0
2024-07-02 21:00:00,0.0,485.3721426891402,-48.53721426891403,-0.09999999999999964
2024-07-02 22:00:00,0.0,510.77043407037024,-51.077043407037024,-0.15000000000000036
2024-07-02 23:00:00,515.6089612266135,0.0,51.56089612266135,0.09999999999999964
2024-07-03 00:00:00,0.0,600.0,-60.0,-0.04999999999999982
2024-07-03 01:00:00,0.0,0.0,0.0,0.0
2024-07-03 02:00:00,711.4434058171327,0.0,71.14434058171327,0.14999999999999947
2024-07-03 03:00:00,800.0,0.0,80.0,0.15000000000000036
2024-07-03 04:00:00,745.6150908884755,0.0,74.56150908884756,0.05000000000000071
2024-07-03 05:00:00,0.0,575.0059715639345,-57.500597156393454,-0.05000000000000071
2024-07-03 06:00:00,768.2658684223567,0.0,76.82658684223567,0.09999999999999964
2024-07-03 07:00:00,0.0,373.70173519918313,-37.37017351991832,-0.049999999999998934
2024-07-03 08:00:00,0.0,564.8930304965563,-56.48930304965563,-0.10000000000000142
2024-07-03 09:00:00,0.0,553.0744040461783,-55.307440404617836,-0.049999999999998934
2024-07-03 10:00:00,0.0,0.0,0.0,0.0
2024-07-03 11:00:00,0.0,593.2906802688848,-59.32906802688848,-0.05000000000000071
2024-07-03 12:00:00,0.0,335.85237433496985,-33.585237433496985,-0.09999999999999964
2024-07-03 13:00:00,0.0,0.0,0.0,0.0
2024-07-03 14:00:00,0.0,0.0,0.0,0.0
2024-07-03 15:00:00,568.0110279520193,0.0,56.80110279520193,0.05000000000000071
2024-07-03 16:00:00,800.0,0.0,80.0,0.09999999999999964
2024-07-03 17:00:00,770.425813441351,0.0,77.0425813441351,0.04999999999999982
2024-07-03 18:00:00,0.0,0.0,0.0,0.0
2024-07-03 19:00:00,0.0,0.0,0.0,0.0
2024-07-03 20:00:00,0.0,384.8131839432322,-38.481318394323225,-0.04999999999999982
2024-07-03 21:00:00,0.0,477.76063356410236,-47.77606335641024,-0.05000000000000071
2024-07-03 22:00:00,800.0,0.0,80.0,0.09999999999999964
2024-07-03 23:00:00,0.0,391.6820699309351,-39.16820699309351,-0.09999999999999964
2024-07-04 00:00:00,0.0,541.0311440306994,-54.10311440306994,-0.15000000000000036
2024-07-04 01:00:00,751.4914995331281,0.0,75.14914995331281,0.05000000000000071
2024-07-04 02:00:00,727.4231108182464,0.0,72.74231108182464,0.09999999999999964
2024-07-04 03:00:00,487.5262791798993,0.0,48.75262791798993,0.20000000000000107
2024-07-04 04:00:00,800.0,0.0,80.0,0.14999999999999947
2024-07-04 05:00:00,800.0,0.0,80.0,0.09999999999999964
2024-07-04 06:00:00,0.0,600.0,-60.0,-0.04999999999999982
2024-07-04 07:00:00,0.0,512.2828069111857,-51.22828069111858,-0.05000000000000071
2024-07-04 08:00:00,0.0,573.1824357015809,-57.31824357015809,-0.34999999999999964
2024-07-04 09:00:00,471.4099693505791,0.0,47.14099693505791,0.20000000000000107
2024-07-04 10:00:00,0.0,527.290981249416,-52.7290981249416,-0.05000000000000071
2024-07-04 11:00:00,0.0,360.6505512026147,-36.06505512026147,-0.04999999999999982
2024-07-04 12:00:00,0.0,574.5398006314866,-57.45398006314866,-0.10000000000000053
2024-07-04 13:00:00,800.0,0.0,80.0,0.05000000000000071
2024-07-04 14:00:00,0.0,447.42176720639634,-44.742176720639634,-0.05000000000000071
2024-07-04 15:00:00,0.0,600.0,-60.0,-0.049999999999998934
2024-07-04 16:00:00,0.0,0.0,0.0,0.0
2024-07-04 17:00:00,800.0,0.0,80.0,0.09999999999999964
2024-07-04 18:00:00,800.0,0.0,80.0,0.04999999999999982
2024-07-04 19:00:00,0.0,0.0,0.0,0.0
2024-07-04 20:00:00,0.0,421.37059871989146,-42.13705987198915,-0.04999999999999982
2024-07-04 21:00:00,0.0,331.98555917858005,-33.19855591785801,-0.05000000000000071
2024-07-04 22:00:00,0.0,0.0,0.0,0.0
2024-07-04 23:00:00,0.0,554.7271286402492,-55.47271286402493,-0.09999999999999964
2024-07-05 00:00:00,0.0,0.0,0.0,0.0
2024-07-05 01:00:00,0.0,0.0,0.0,0.0
2024-07-05 02:00:00,0.0,0.0,0.0,0.0
2024-07-05 03:00:00,0.0,0.0,0.0,0.0
2024-07-05 04:00:00,581.6722550903155,0.0,58.16722550903155,0.20000000000000018
2024-07-05 05:00:00,660.4661021289828,0.0,66.04661021289829,0.09999999999999964
2024-07-05 06:00:00,266.19371820698245,0.0,26.619371820698248,0.04999999999999982
2024-07-05 07:00:00,0.0,0.0,0.0,0.0
2024-07-05 08:00:00,0.0,480.9286410833686,-48.09286410833686,-0.04999999999999982
2024-07-05 09:00:00,0.0,0.0,0.0,0.0
2024-07-05 10:00:00,0.0,410.8794406102047,-41.08794406102047,-0.10000000000000053
2024-07-05 11:00:00,0.0,507.94499025387523,-50.79449902538752,-0.09999999999999964
2024-07-05 12:00:00,0.0,600.0,-60.0,-0.04999999999999982
2024-07-05 13:00:00,0.0,457.9485503252181,-45.79485503252181,-0.04999999999999982
2024-07-05 14:00:00,0.0,0.0,0.0,0.0
2024-07-05 15:00:00,0.0,600.0,-60.0,-0.05000000000000071
2024-07-05 16:00:00,0.0,0.0,0.0,0.0
2024-07-05 17:00:00,800.0,0.0,80.0,0.10000000000000053
2024-07-05 18:00:00,582.2942319950323,0.0,58.22942319950323,0.10000000000000053
2024-07-05 19:00:00,0.0,546.425909656647,-54.64259096566471,-0.05000000000000071
2024-07-05 20:00:00,0.0,0.0,0.0,0.0
2024-07-05 21:00:00,796.5170084215996,0.0,79.65170084215997,0.05000000000000071
2024-07-05 22:00:00,0.0,389.9043497921944,-38.990434979219444,-0.05000000000000071
2024-07-05 23:00:00,0.0,535.4439407354384,-53.54439407354385,-0.09999999999999964
2024-07-06 00:00:00,0.0,0.0,0.0,0.0
2024-07-06 01:00:00,0.0,402.6054334071025,-40.26054334071026,-0.05000000000000071
2024-07-06 02:00:00,0.0,0.0,0.0,0.0
2024-07-06 03:00:00,0.0,467.27804519684446,-46.72780451968445,-0.049999999999998934
2024-07-06 04:00:00,800.0,0.0,80.0,0.09999999999999964
2024-07-06 05:00:00,669.284433203142,0.0,66.9284433203142,0.2999999999999998
2024-07-06 06:00:00,549.8862604829022,0.0,54.98862604829023,0.10000000000000053
2024-07-06 07:00:00,0.0,0.0,0.0,0.0
2024-07-06 08:00:00,0.0,498.2126569688249,-49.82126569688249,-0.05000000000000071
2024-07-06 09:00:00,0.0,294.68470668955064,-29.468470668955064,-0.14999999999999947
2024-07-06 10:00:00,752.5721133815961,0.0,75.2572113381596,0.04999999999999982
2024-07-06 11:00:00,0.0,518.6676597723814,-51.866765977238146,-0.09999999999999964
2024-07-06 12:00:00,0.0,600.0,-60.0,-0.05000000000000071
2024-07-06 13:00:00,0.0,460.5098781129581,-46.05098781129581,-0.04999999999999982
2024-07-06 14:00:00,0.0,428.66549894012843,-42.86654989401285,-0.04999999999999982
2024-07-06 15:00:00,0.0,0.0,0.0,0.0
2024-07-06 16:00:00,0.0,403.7703008271931,-40.377030082719315,-0.09999999999999964
2024-07-06 17:00:00,0.0,0.0,0.0,0.0
2024-07-06 18:00:00,523.9563333827923,0.0,52.39563333827923,0.14999999999999947
2024-07-06 19:00:00,659.0057685202611,0.0,65.9005768520261,0.10000000000000053
2024-07-06 20:00:00,0.0,329.1351329589663,-32.913513295896635,-0.05000000000000071
2024-07-06 21:00:00,0.0,0.0,0.0,0.0
2024-07-06 22:00:00,0.0,464.49312182204835,-46.449312182204835,-0.04999999999999982
2024-07-06 23:00:00,0.0,0.0,0.0,0.0
2024-07-07 00:00:00,0.0,600.0,-60.0,-0.10000000000000053
2024-07-07 01:00:00,0.0,0.0,0.0,0.0
2024-07-07 02:00:00,0.0,445.22127749635297,-44.5221277496353,-0.09999999999999964
2024-07-07 03:00:00,0.0,291.8319772237876,-29.18319772237876,-0.04999999999999982
2024-07-07 04:00:00,765.5479153807469,0.0,76.5547915380747,0.04999999999999982
2024-07-07 05:00:00,766.3114742065021,0.0,76.63114742065021,0.25
2024-07-07 06:00:00,800.0,0.0,80.0,0.20000000000000018
2024-07-07 07:00:00,479.884811069747,0.0,47.9884811069747,0.10000000000000053
2024-07-07 08:00:00,0.0,0.0,0.0,0.0
2024-07-07 09:00:00,0.0,511.39597523344895,-51.1395975233449,-0.05000000000000071
2024-07-07 10:00:00,0.0,394.292041217171,-39.429204121717106,-0.04999999999999982
2024-07-07 11:00:00,0.0,513.9464892263959,-51.39464892263959,-0.14999999999999947
2024-07-07 12:00:00,0.0,589.3531083981212,-58.935310839812125,-0.05000000000000071
2024-07-07 13:00:00,0.0,482.2970668860691,-48.22970668860691,-0.09999999999999964
2024-07-07 14:00:00,0.0,365.8326654683559,-36.583266546835596,-0.04999999999999982
2024-07-07 15:00:00,0.0,381.1674491353863,-38.11674491353863,-0.04999999999999982
2024-07-07 16:00:00,0.0,337.9517018141897,-33.79517018141897,-0.05000000000000071
2024-07-07 17:00:00,0.0,0.0,0.0,0.0
2024-07-07 18:00:00,706.5132092660313,0.0,70.65132092660313,0.05000000000000071
2024-07-07 19:00:00,800.0,0.0,80.0,0.14999999999999947
2024-07-07 20:00:00,666.1760629958259,0.0,66.61760629958259,0.04999999999999982
2024-07-07 21:00:00,0.0,0.0,0.0,0.0
2024-07-07 22:00:00,0.0,553.7642978266285,-55.37642978266285,-0.04999999999999982
2024-07-07 23:00:00,0.0,0.0,0.0,0.0
2024-07-08 00:00:00,0.0,304.71852294143264,-30.471852294143265,-0.09999999999999964
2024-07-08 01:00:00,0.0,460.2643601360572,-46.02643601360572,-0.04999999999999982
2024-07-08 02:00:00,0.0,600.0,-60.0,-0.05000000000000071
2024-07-08 03:00:00,0.0,0.0,0.0,0.0
2024-07-08 04:00:00,0.0,551.516379818064,-55.1516379818064,-0.04999999999999982
2024-07-08 05:00:00,298.3668953854405,0.0,29.83668953854405,0.04999999999999982
2024-07-08 06:00:00,800.0,0.0,80.0,0.3000000000000007
2024-07-08 07:00:00,648.5792158759016,0.0,64.85792158759016,0.14999999999999947
2024-07-08 08:00:00,769.9720978983345,0.0,76.99720978983345,0.10000000000000053
2024-07-08 09:00:00,0.0,492.17060743076024,-49.217060743076026,-0.10000000000000053
2024-07-08 10:00:00,0.0,480.1650370658395,-48.016503706583954,-0.09999999999999964
2024-07-08 11:00:00,0.0,577.5551681158668,-57.75551681158668,-0.04999999999999982
2024-07-08 12:00:00,0.0,0.0,0.0,0.0
2024-07-08 13:00:00,0.0,600.0,-60.0,-0.10000000000000053
2024-07-08 14:00:00,0.0,541.7047120050538,-54.17047120050538,-0.09999999999999964
2024-07-08 15:00:00,0.0,395.96405055251984,-39.596405055251985,-0.04999999999999982
2024-07-08 16:00:00,0.0,419.94666559909274,-41.99466655990928,-0.05000000000000071
2024-07-08 17:00:00,0.0,0.0,0.0,0.0
2024-07-08 18:00:00,0.0,465.10996146316904,-46.510996146316906,-0.04999999999999982
2024-07-08 19:00:00,507.9622177621042,0.0,50.79622177621042,0.10000000000000053
2024-07-08 20:00:00,501.6150780626336,0.0,50.16150780626336,0.09999999999999964
2024-07-08 21:00:00,800.0,0.0,80.0,0.04999999999999982
2024-07-08 22:00:00,0.0,0.0,0.0,0.0
2024-07-08 23:00:00,0.0,0.0,0.0,0.0
2024-07-09 00:00:00,0.0,523.1313457229453,-52.31313457229453,-0.09999999999999964
2024-07-09 01:00:00,0.0,341.45841399618973,-34.14584139961897,-0.10000000000000053
2024-07-09 02:00:00,0.0,0.0,0.0,0.0
2024-07-09 03:00:00,0.0,494.5356891628728,-49.45356891628728,-0.04999999999999982
2024-07-09 04:00:00,0.0,0.0,0.0,0.0
2024-07-09 05:00:00,0.0,600.0,-60.0,-0.09999999999999964
2024-07-09 06:00:00,481.0670859758566,0.0,48.106708597585666,0.20000000000000018
2024-07-09 07:00:00,653.3678687973661,0.0,65.33678687973661,0.2999999999999998
2024-07-09 08:00:00,555.0725319263513,0.0,55.50725319263513,0.14999999999999947
2024-07-09 09:00:00,0.0,463.0268482709291,-46.30268482709292,-0.04999999999999982
2024-07-09 10:00:00,0.0,283.29253650846164,-28.329253650846166,-0.09999999999999964
2024-07-09 11:00:00,0.0,546.7063322974354,-54.670633229743544,-0.15000000000000036
2024-07-09 12:00:00,800.0,0.0,80.0,0.04999999999999982
2024-07-09 13:00:00,0.0,560.2589914846509,-56.02589914846509,-0.09999999999999964
2024-07-09 14:00:00,0.0,579.522772775093,-57.9522772775093,-0.09999999999999964
2024-07-09 15:00:00,0.0,0.0,0.0,0.0
2024-07-09 16:00:00,0.0,506.92002457512945,-50.69200245751295,-0.10000000000000053
2024-07-09 17:00:00,0.0,356.98463776435267,-35.69846377643527,-0.04999999999999982
2024-07-09 18:00:00,0.0,0.0,0.0,0.0
2024-07-09 19:00:00,0.0,0.0,0.0,0.0
2024-07-09 20:00:00,674.163193228928,0.0,67.4163193228928,0.15000000000000036
2024-07-09 21:00:00,560.3603688887547,0.0,56.03603688887547,0.14999999999999947
2024-07-09 22:00:00,0.0,384.7891669089115,-38.478916690891154,-0.09999999999999964
2024-07-09 23:00:00,0.0,0.0,0.0,0.0
2024-07-10 00:00:00,0.0,600.0,-60.0,-0.04999999999999982
2024-07-10 01:00:00,0.0,575.8361214320661,-57.58361214320661,-0.05000000000000071
2024-07-10 02:00:00,0.0,440.4180521019033,-44.04180521019033,-0.04999999999999982
2024-07-10 03:00:00,0.0,439.5173164831531,-43.95173164831531,-0.10000000000000053
2024-07-10 04:00:00,0.0,0.0,0.0,0.0
2024-07-10 05:00:00,0.0,600.0,-60.0,-0.049999999999998934
2024-07-10 06:00:00,0.0,0.0,0.0,0.0
2024-07-10 07:00:00,608.0831317731307,0.0,60.808313177313075,0.2999999999999998
2024-07-10 08:00:00,600.6247567119964,0.0,60.06247567119964,0.2999999999999998
2024-07-10 09:00:00,245.23284106396144,0.0,24.523284106396147,0.15000000000000036
2024-07-10 10:00:00,605.5198671651129,0.0,60.551986716511294,0.04999999999999982
2024-07-10 11:00:00,0.0,0.0,0.0,0.0
2024-07-10 12:00:00,0.0,0.0,0.0,0.0
2024-07-10 13:00:00,0.0,287.9194876689298,-28.79194876689298,-0.04999999999999982
2024-07-10 14:00:00,0.0,485.25753989856173,-48.52575398985618,-0.10000000000000053
2024-07-10 15:00:00,0.0,423.9639493603235,-42.39639493603235,-0.04999999999999982
2024-07-10 16:00:00,0.0,571.3627751136958,-57.13627751136958,-0.05000000000000071
2024-07-10 17:00:00,0.0,434.6745230499834,-43.467452304998346,-0.049999999999998934
2024-07-10 18:00:00,0.0,417.26213794952963,-41.72621379495297,-0.05000000000000071
2024-07-10 19:00:00,800.0,0.0,80.0,0.05000000000000071
2024-07-10 20:00:00,360.3124489210966,0.0,36.03124489210966,0.09999999999999964
2024-07-10 21:00:00,746.6780380730398,0.0,74.66780380730398,0.09999999999999964
2024-07-10 22:00:00,0.0,0.0,0.0,0.0
2024-07-10 23:00:00,0.0,360.52870759364635,-36.05287075936464,-0.04999999999999982
2024-07-11 00:00:00,0.0,524.8821898868057,-52.48821898868057,-0.04999999999999982
2024-07-11 01:00:00,0.0,318.396406649523,-31.8396406649523,-0.04999999999999982
2024-07-11 02:00:00,0.0,0.0,0.0,0.0
2024-07-11 03:00:00,0.0,494.75699964464513,-49.47569996446452,-0.10000000000000053
2024-07-11 04:00:00,0.0,346.66750042095197,-34.666750042095195,-0.049999999999998934
2024-07-11 05:00:00,0.0,557.3764708321726,-55.73764708321726,-0.05000000000000071
2024-07-11 06:00:00,0.0,519.003431786949,-51.900343178694904,-0.05000000000000071
2024-07-11 07:00:00,0.0,458.51548670666136,-45.85154867066614,-0.049999999999998934
2024-07-11 08:00:00,800.0,0.0,80.0,0.40000000000000036
2024-07-11 09:00:00,508.03846532951707,0.0,50.80384653295171,0.09999999999999964
2024-07-11 10:00:00,224.92285458324005,0.0,22.492285458324005,0.09999999999999964
2024-07-11 11:00:00,507.0276555667993,0.0,50.702765556679935,0.04999999999999982
2024-07-11 12:00:00,0.0,0.0,0.0,0.0
2024-07-11 13:00:00,708.2756379146124,0.0,70.82756379146124,0.04999999999999982
2024-07-11 14:00:00,0.0,0.0,0.0,0.0
2024-07-11 15:00:00,0.0,0.0,0.0,0.0
2024-07-11 16:00:00,0.0,0.0,0.0,0.0
2024-07-11 17:00:00,0.0,0.0,0.0,0.0
2024-07-11 18:00:00,469.9176813016029,0.0,46.991768130160295,0.05000000000000071
2024-07-11 19:00:00,0.0,0.0,0.0,0.0
2024-07-11 20:00:00,0.0,0.0,0.0,0.0
2024-07-11 21:00:00,800.0,0.0,80.0,0.09999999999999964
2024-07-11 22:00:00,752.0024000524925,0.0,75.20024000524926,0.04999999999999982
2024-07-11 23:00:00,800.0,0.0,80.0,0.04999999999999982
2024-07-12 00:00:00,0.0,539.2556769706351,-53.925567697063514,-0.09999999999999964
2024-07-12 01:00:00,0.0,421.57892443240746,-42.15789244324075,-0.04999999999999982
2024-07-12 02:00:00,0.0,401.76698615877433,-40.176698615877434,-0.04999999999999982
2024-07-12 03:00:00,0.0,505.29317758721595,-50.5293177587216,-0.05000000000000071
2024-07-12 04:00:00,0.0,446.43908155177496,-44.6439081551775,-0.09999999999999964
2024-07-12 05:00:00,0.0,430.0784662267929,-43.007846622679295,-0.04999999999999982
2024-07-12 06:00:00,0.0,547.8362912445713,-54.78362912445713,-0.04999999999999982
2024-07-12 07:00:00,549.3166734692053,0.0,54.931667346920534,0.04999999999999982
2024-07-12 08:00:00,800.0,0.0,80.0,0.04999999999999982
2024-07-12 09:00:00,800.0,0.0,80.0,0.25
2024-07-12 10:00:00,755.4292827653072,0.0,75.54292827653073,0.09999999999999964
2024-07-12 11:00:00,0.0,559.8605375722614,-55.98605375722614,-0.049999999999998934
2024-07-12 12:00:00,0.0,540.2643371347896,-54.02643371347896,-0.05000000000000071
2024-07-12 13:00:00,747.0494091150199,0.0,74.70494091150199,0.05000000000000071
2024-07-12 14:00:00,0.0,429.6535826820937,-42.96535826820937,-0.05000000000000071
2024-07-12 15:00:00,0.0,409.3985874129807,-40.939858741298075,-0.04999999999999982
2024-07-12 16:00:00,0.0,507.84401363673044,-50.78440136367305,-0.04999999999999982
2024-07-12 17:00:00,0.0,412.03190524260054,-41.20319052426006,-0.09999999999999964
2024-07-12 18:00:00,616.814477408651,0.0,61.6814477408651,0.049999999999998934
2024-07-12 19:00:00,0.0,524.618183651188,-52.4618183651188,-0.09999999999999964
2024-07-12 20:00:00,0.0,0.0,0.0,0.0
2024-07-12 21:00:00,567.7736460355507,0.0,56.77736460355507,0.05000000000000071
2024-07-12 22:00:00,764.313378398731,0.0,76.4313378398731,0.14999999999999947
2024-07-12 23:00:00,700.2297923399624,0.0,70.02297923399624,0.04999999999999982
2024-07-13 00:00:00,0.0,0.0,0.0,0.0
2024-07-13 01:00:00,0.0,479.6563699980379,-47.96563699980379,-0.09999999999999964
2024-07-13 02:00:00,0.0,0.0,0.0,0.0
2024-07-13 03:00:00,0.0,600.0,-60.0,-0.09999999999999964
2024-07-13 04:00:00,0.0,415.792539967914,-41.57925399679141,-0.05000000000000071
2024-07-13 05:00:00,0.0,453.25220693605803,-45.32522069360581,-0.04999999999999982
2024-07-13 06:00:00,0.0,574.0690188146774,-57.406901881467746,-0.04999999999999982
2024-07-13 07:00:00,0.0,0.0,0.0,0.0
2024-07-13 08:00:00,800.0,0.0,80.0,0.04999999999999982
2024-07-13 09:00:00,475.6885353803392,0.0,47.56885353803392,0.14999999999999947
2024-07-13 10:00:00,497.7045254583154,0.0,49.770452545831546,0.15000000000000036
2024-07-13 11:00:00,800.0,0.0,80.0,0.04999999999999982
2024-07-13 12:00:00,0.0,516.3043199255932,-51.63043199255932,-0.04999999999999982
2024-07-13 13:00:00,0.0,543.23793877131,-54.32379387713101,-0.05000000000000071
2024-07-13 14:00:00,0.0,0.0,0.0,0.0
2024-07-13 15:00:00,0.0,486.97947231905,-48.697947231905005,-0.049999999999998934
2024-07-13 16:00:00,0.0,511.9498493643278,-51.19498493643278,-0.05000000000000071
2024-07-13 17:00:00,0.0,297.2909540036575,-29.72909540036575,-0.15000000000000036
2024-07-13 18:00:00,645.2382972696872,0.0,64.52382972696873,0.05000000000000071
2024-07-13 19:00:00,0.0,419.3983935622836,-41.93983935622836,-0.04999999999999982
2024-07-13 20:00:00,0.0,402.1633831554006,-40.216338315540064,-0.04999999999999982
2024-07-13 21:00:00,0.0,0.0,0.0,0.0
2024-07-13 22:00:00,800.0,0.0,80.0,0.15000000000000036
2024-07-13 23:00:00,0.0,392.9345072384644,-39.29345072384644,-8.881784197001252e-16
2024-07-14 00:00:00,800.0,0.0,80.0,0.04999999999999982
2024-07-14 01:00:00,0.0,600.0,-60.0,-0.04999999999999982
2024-07-14 02:00:00,0.0,0.0,0.0,0.0
2024-07-14 03:00:00,0.0,555.504554270715,-55.5504554270715,-0.09999999999999964
2024-07-14 04:00:00,0.0,0.0,0.0,0.0
2024-07-14 05:00:00,0.0,305.8862270346701,-30.588622703467014,-0.04999999999999982
2024-07-14 06:00:00,0.0,388.03128130176304,-38.803128130176304,-0.09999999999999964
2024-07-14 07:00:00,0.0,427.3523987761901,-42.735239877619016,-8.881784197001252e-16
2024-07-14 08:00:00,0.0,433.057918828702,-43.3057918828702,-0.04999999999999982
2024-07-14 09:00:00,558.9866694807969,0.0,55.89866694807969,0.09999999999999964
2024-07-14 10:00:00,719.7692110342431,0.0,71.97692110342432,0.05000000000000071
2024-07-14 11:00:00,646.1232945398075,0.0,64.61232945398075,0.09999999999999964
2024-07-14 12:00:00,0.0,0.0,0.0,0.0
2024-07-14 13:00:00,0.0,0.0,0.0,0.0
2024-07-14 14:00:00,0.0,0.0,0.0,0.0
2024-07-14 15:00:00,0.0,600.0,-60.0,-0.09999999999999964
2024-07-14 16:00:00,0.0,468.06842435127203,-46.80684243512721,-0.10000000000000053
2024-07-14 17:00:00,0.0,486.5932172566427,-48.65932172566427,-0.04999999999999982
2024-07-14 18:00:00,0.0,0.0,0.0,0.0
2024-07-14 19:00:00,0.0,0.0,0.0,0.0
2024-07-14 20:00:00,0.0,494.79678921083394,-49.4796789210834,-0.05000000000000071
2024-07-14 21:00:00,0.0,0.0,0.0,0.0
2024-07-14 22:00:00,640.0212064262996,0.0,64.00212064262996,0.05000000000000071
2024-07-14 23:00:00,458.27909639645685,0.0,45.82790963964569,0.05000000000000071
2024-07-15 00:00:00,0.0,0.0,0.0,0.0
2024-07-15 01:00:00,679.9346904429498,0.0,67.99346904429498,0.049999999999998934
2024-07-15 02:00:00,257.8196153890405,0.0,25.781961538904053,0.05000000000000071
2024-07-15 03:00:00,0.0,600.0,-60.0,-0.05000000000000071
2024-07-15 04:00:00,0.0,459.8475032431819,-45.98475032431819,-0.049999999999998934
2024-07-15 05:00:00,0.0,0.0,0.0,0.0
2024-07-15 06:00:00,0.0,405.8875154430465,-40.58875154430465,-0.10000000000000142
2024-07-15 07:00:00,0.0,453.02898196148885,-45.30289819614889,-0.049999999999998934
2024-07-15 08:00:00,376.52751762432825,0.0,37.65275176243283,0.049999999999998934
2024-07-15 09:00:00,0.0,365.28043708309696,-36.528043708309696,-0.049999999999998934
2024-07-15 10:00:00,0.0,482.99196324496074,-48.29919632449608,-0.05000000000000071
2024-07-15 11:00:00,719.7404388775115,0.0,71.97404388775115,0.09999999999999964
2024-07-15 12:00:00,0.0,0.0,0.0,0.0
2024-07-15 13:00:00,647.4312008899166,0.0,64.74312008899166,0.05000000000000071
2024-07-15 14:00:00,0.0,0.0,0.0,0.0
2024-07-15 15:00:00,0.0,464.5183303768395,-46.451833037683954,-0.05000000000000071
2024-07-15 16:00:00,0.0,0.0,0.0,0.0
2024-07-15 17:00:00,0.0,568.9953518804078,-56.89953518804079,-0.049999999999998934
2024-07-15 18:00:00,422.14795435151115,0.0,42.21479543515112,0.049999999999998934
2024-07-15 19:00:00,0.0,526.8668058453998,-52.68668058453998,-0.14999999999999947
2024-07-15 20:00:00,0.0,0.0,0.0,0.0
2024-07-15 21:00:00,0.0,0.0,0.0,0.0
2024-07-15 22:00:00,0.0,600.0,-60.0,-0.04999999999999982
2024-07-15 23:00:00,706.6685240479616,0.0,70.66685240479616,0.09999999999999964
2024-07-16 00:00:00,0.0,0.0,0.0,0.0
2024-07-16 01:00:00,798.2922591657477,0.0,79.82922591657479,0.10000000000000053
2024-07-16 02:00:00,0.0,0.0,0.0,0.0
2024-07-16 03:00:00,0.0,0.0,0.0,0.0
2024-07-16 04:00:00,0.0,484.7131017819463,-48.471310178194635,-0.04999999999999982
2024-07-16 05:00:00,0.0,600.0,-60.0,-0.05000000000000071
2024-07-16 06:00:00,0.0,470.76226169436825,-47.07622616943683,-0.049999999999998934
2024-07-16 07:00:00,0.0,0.0,0.0,0.0
2024-07-16 08:00:00,0.0,409.01184671242555,-40.90118467124256,-0.05000000000000071
2024-07-16 09:00:00,0.0,0.0,0.0,0.0
2024-07-16 10:00:00,0.0,360.58961144630763,-36.058961144630764,-0.09999999999999964
2024-07-16 11:00:00,723.4198005356959,0.0,72.3419800535696,0.09999999999999964
2024-07-16 12:00:00,0.0,0.0,0.0,0.0
2024-07-16 13:00:00,0.0,0.0,0.0,0.0
2024-07-16 14:00:00,571.9725256303414,0.0,57.19725256303414,0.05000000000000071
2024-07-16 15:00:00,0.0,0.0,0.0,0.0
2024-07-16 16:00:00,0.0,413.68776086865665,-41.368776086865665,-0.05000000000000071
2024-07-16 17:00:00,0.0,0.0,0.0,0.0
2024-07-16 18:00:00,0.0,467.17547055385654,-46.71754705538566,-0.05000000000000071
2024-07-16 19:00:00,0.0,387.0453559777646,-38.70453559777646,-0.049999999999998934
2024-07-16 20:00:00,0.0,0.0,0.0,0.0
2024-07-16 21:00:00,0.0,0.0,0.0,0.0
2024-07-16 22:00:00,0.0,370.76264067679233,-37.07626406767923,-0.05000000000000071
2024-07-16 23:00:00,0.0,0.0,0.0,0.0
2024-07-17 00:00:00,489.2717792448761,0.0,48.92717792448761,0.05000000000000071
2024-07-17 01:00:00,800.0,0.0,80.0,0.049999999999998934
2024-07-17 02:00:00,583.5616292611368,0.0,58.35616292611368,0.05000000000000071
2024-07-17 03:00:00,0.0,0.0,0.0,0.0
2024-07-17 04:00:00,800.0,0.0,80.0,0.05000000000000071
2024-07-17 05:00:00,0.0,538.2121640355344,-53.82121640355345,-0.05000000000000071
2024-07-17 06:00:00,800.0,0.0,80.0,0.04999999999999982
2024-07-17 07:00:00,0.0,368.8128174770093,-36.88128174770093,-0.04999999999999982
2024-07-17 08:00:00,0.0,0.0,0.0,0.0
2024-07-17 09:00:00,0.0,443.5550051353992,-44.35550051353992,-0.15000000000000036
2024-07-17 10:00:00,800.0,0.0,80.0,0.05000000000000071
2024-07-17 11:00:00,0.0,579.1644987101052,-57.91644987101053,-0.05000000000000071
2024-07-17 12:00:00,683.5238642493133,0.0,68.35238642493134,0.10000000000000053
2024-07-17 13:00:00,0.0,0.0,0.0,0.0
2024-07-17 14:00:00,510.41376228710743,0.0,51.041376228710746,0.04999999999999982
2024-07-17 15:00:00,0.0,0.0,0.0,0.0
2024-07-17 16:00:00,0.0,0.0,0.0,0.0
2024-07-17 17:00:00,0.0,0.0,0.0,0.0
2024-07-17 18:00:00,0.0,0.0,0.0,0.0
2024-07-17 19:00:00,0.0,504.56095705304347,-50.45609570530435,-0.04999999999999982
2024-07-17 20:00:00,0.0,0.0,0.0,0.0
2024-07-17 21:00:00,0.0,574.2201945131193,-57.42201945131193,-0.04999999999999982
2024-07-17 22:00:00,0.0,0.0,0.0,0.0
2024-07-17 23:00:00,0.0,372.7313063596529,-37.27313063596529,-0.05000000000000071
2024-07-18 00:00:00,421.60821459382663,0.0,42.16082145938267,0.05000000000000071
2024-07-18 01:00:00,800.0,0.0,80.0,0.04999999999999982
2024-07-18 02:00:00,526.8183285331802,0.0,52.68183285331802,0.04999999999999982
2024-07-18 03:00:00,800.0,0.0,80.0,0.09999999999999964
2024-07-18 04:00:00,510.8521510897953,0.0,51.08521510897953,0.05000000000000071
2024-07-18 05:00:00,0.0,0.0,0.0,0.0
2024-07-18 06:00:00,0.0,0.0,0.0,0.0
2024-07-18 07:00:00,0.0,426.50142159415583,-42.65014215941559,-0.05000000000000071
2024-07-18 08:00:00,0.0,327.0562339231511,-32.70562339231511,-0.049999999999998934
2024-07-18 09:00:00,0.0,600.0,-60.0,-0.05000000000000071
2024-07-18 10:00:00,0.0,476.30038714269114,-47.63003871426912,-0.04999999999999982
2024-07-18 11:00:00,0.0,341.3338435678935,-34.13338435678935,-0.10000000000000053
2024-07-18 12:00:00,0.0,0.0,0.0,0.0
2024-07-18 13:00:00,800.0,0.0,80.0,0.05000000000000071
2024-07-18 14:00:00,0.0,417.74824434063055,-41.774824434063056,-0.10000000000000053
2024-07-18 15:00:00,0.0,0.0,0.0,0.0
2024-07-18 16:00:00,800.0,0.0,80.0,0.15000000000000036
2024-07-18 17:00:00,0.0,585.6356442304021,-58.56356442304022,-0.04999999999999982
2024-07-18 18:00:00,0.0,0.0,0.0,0.0
2024-07-18 19:00:00,0.0,0.0,0.0,0.0
2024-07-18 20:00:00,0.0,0.0,0.0,0.0
2024-07-18 21:00:00,0.0,0.0,0.0,0.0
2024-07-18 22:00:00,0.0,539.4090128108,-53.94090128108001,-0.05000000000000071
2024-07-18 23:00:00,0.0,0.0,0.0,0.0
2024-07-19 00:00:00,0.0,448.57194607588195,-44.8571946075882,-0.04999999999999982
2024-07-19 01:00:00,588.5264527238554,0.0,58.852645272385544,0.04999999999999982
2024-07-19 02:00:00,0.0,0.0,0.0,0.0
2024-07-19 03:00:00,730.4973625384393,0.0,73.04973625384393,0.15000000000000036
2024-07-19 04:00:00,800.0,0.0,80.0,0.09999999999999964
2024-07-19 05:00:00,504.2989216958986,0.0,50.42989216958986,0.09999999999999964
2024-07-19 06:00:00,0.0,0.0,0.0,0.0
2024-07-19 07:00:00,0.0,0.0,0.0,0.0
2024-07-19 08:00:00,0.0,540.6389061916457,-54.06389061916457,-0.09999999999999964
2024-07-19 09:00:00,0.0,600.0,-60.0,-0.09999999999999964
2024-07-19 10:00:00,0.0,400.71938459739295,-40.0719384597393,-0.04999999999999982
2024-07-19 11:00:00,0.0,448.54211662117257,-44.85421166211726,-0.10000000000000053
2024-07-19 12:00:00,0.0,528.2952376244948,-52.82952376244948,-0.049999999999998934
2024-07-19 13:00:00,0.0,475.42211919280385,-47.54221191928039,-0.10000000000000053
2024-07-19 14:00:00,800.0,0.0,80.0,0.04999999999999982
2024-07-19 15:00:00,0.0,0.0,0.0,0.0
2024-07-19 16:00:00,762.8633813823983,0.0,76.28633813823983,0.09999999999999964
2024-07-19 17:00:00,800.0,0.0,80.0,0.05000000000000071
2024-07-19 18:00:00,0.0,0.0,0.0,0.0
2024-07-19 19:00:00,0.0,0.0,0.0,0.0
2024-07-19 20:00:00,758.0604055139148,0.0,75.80604055139149,0.049999999999998934
2024-07-19 21:00:00,0.0,368.2837641386191,-36.82837641386191,-0.049999999999998934
2024-07-19 22:00:00,0.0,505.1820717636264,-50.518207176362644,-0.05000000000000071
2024-07-19 23:00:00,0.0,575.6823546580974,-57.56823546580975,-0.04999999999999982
2024-07-20 00:00:00,0.0,473.6432031108045,-47.364320311080455,-0.04999999999999982
2024-07-20 01:00:00,0.0,0.0,0.0,0.0
2024-07-20 02:00:00,0.0,559.6724843620158,-55.96724843620158,-0.04999999999999982
2024-07-20 03:00:00,532.7646192372339,0.0,53.27646192372339,0.10000000000000053
2024-07-20 04:00:00,355.71563510741686,0.0,35.57156351074169,0.25
2024-07-20 05:00:00,800.0,0.0,80.0,0.09999999999999964
2024-07-20 06:00:00,612.8303074189224,0.0,61.28303074189225,0.04999999999999982
2024-07-20 07:00:00,0.0,456.86245039072867,-45.68624503907287,-0.04999999999999982
2024-07-20 08:00:00,0.0,337.76742610997655,-33.77674261099766,-0.05000000000000071
2024-07-20 09:00:00,0.0,378.61777929562084,-37.86177792956209,-0.09999999999999964
2024-07-20 10:00:00,0.0,0.0,0.0,0.0
2024-07-20 11:00:00,0.0,353.20300808443056,-35.32030080844306,-0.09999999999999964
2024-07-20 12:00:00,0.0,600.0,-60.0,-0.05000000000000071
2024-07-20 13:00:00,0.0,0.0,0.0,0.0
2024-07-20 14:00:00,0.0,318.249788141225,-31.824978814122503,-0.09999999999999964
2024-07-20 15:00:00,0.0,542.6241953038924,-54.262419530389245,-0.04999999999999982
2024-07-20 16:00:00,0.0,0.0,0.0,0.0
2024-07-20 17:00:00,800.0,0.0,80.0,0.14999999999999947
2024-07-20 18:00:00,769.6026217370824,0.0,76.96026217370824,0.10000000000000053
2024-07-20 19:00:00,0.0,391.72618209960706,-39.17261820996071,-0.04999999999999982
2024-07-20 20:00:00,0.0,0.0,0.0,0.0
2024-07-20 21:00:00,0.0,0.0,0.0,0.0
2024-07-20 22:00:00,0.0,419.2443541252495,-41.92443541252496,-0.05000000000000071
2024-07-20 23:00:00,0.0,552.8257656935252,-55.28257656935253,-0.04999999999999982
2024-07-21 00:00:00,0.0,0.0,0.0,0.0
2024-07-21 01:00:00,0.0,439.20018826679836,-43.920018826679836,-0.04999999999999982
2024-07-21 02:00:00,0.0,600.0,-60.0,-0.04999999999999982
2024-07-21 03:00:00,0.0,0.0,0.0,0.0
2024-07-21 04:00:00,367.78422083975295,0.0,36.77842208397529,0.20000000000000018
2024-07-21 05:00:00,436.2667232107149,0.0,43.62667232107149,0.29999999999999893
2024-07-21 06:00:00,800.0,0.0,80.0,0.05000000000000071
2024-07-21 07:00:00,0.0,0.0,0.0,0.0
2024-07-21 08:00:00,0.0,453.4116588688077,-45.34116588688077,-0.09999999999999964
2024-07-21 09:00:00,0.0,0.0,0.0,0.0
2024-07-21 10:00:00,0.0,484.46732705763804,-48.44673270576381,-0.15000000000000036
2024-07-21 11:00:00,0.0,468.1337374763993,-46.81337374763993,-0.04999999999999982
2024-07-21 12:00:00,0.0,378.71426980350043,-37.871426980350044,-0.04999999999999982
2024-07-21 13:00:00,0.0,329.8764210032029,-32.98764210032029,-0.05000000000000071
2024-07-21 14:00:00,0.0,387.35979878048727,-38.73597987804873,-0.049999999999998934
2024-07-21 15:00:00,0.0,489.25074312918196,-48.9250743129182,-0.10000000000000053
2024-07-21 16:00:00,0.0,0.0,0.0,0.0
2024-07-21 17:00:00,586.7700559861838,0.0,58.677005598618386,0.04999999999999982
2024-07-21 18:00:00,800.0,0.0,80.0,0.15000000000000036
2024-07-21 19:00:00,588.3793380150573,0.0,58.837933801505734,0.04999999999999982
2024-07-21 20:00:00,0.0,0.0,0.0,0.0
2024-07-21 21:00:00,0.0,0.0,0.0,0.0
2024-07-21 22:00:00,0.0,475.98122489162625,-47.59812248916263,-0.04999999999999982
2024-07-21 23:00:00,0.0,439.05757703619184,-43.90575770361919,-0.05000000000000071
2024-07-22 00:00:00,0.0,366.11256999770774,-36.611256999770774,-0.049999999999998934
2024-07-22 01:00:00,0.0,379.02968079194187,-37.90296807919419,-0.2500000000000009
2024-07-22 02:00:00,800.0,0.0,80.0,0.15000000000000036
2024-07-22 03:00:00,0.0,344.705298365976,-34.4705298365976,-0.04999999999999982
2024-07-22 04:00:00,697.6983429087081,0.0,69.76983429087082,0.04999999999999982
2024-07-22 05:00:00,800.0,0.0,80.0,0.35000000000000053
2024-07-22 06:00:00,800.0,0.0,80.0,0.14999999999999858
2024-07-22 07:00:00,800.0,0.0,80.0,0.05000000000000071
2024-07-22 08:00:00,0.0,491.0538924423377,-49.10538924423378,-0.15000000000000036
2024-07-22 09:00:00,481.88359522227626,0.0,48.18835952222763,0.05000000000000071
2024-07-22 10:00:00,0.0,531.6825793907097,-53.168257939070976,-0.10000000000000053
2024-07-22 11:00:00,0.0,538.611652891318,-53.861165289131804,-0.04999999999999982
2024-07-22 12:00:00,0.0,331.88205197640264,-33.188205197640265,-0.09999999999999964
2024-07-22 13:00:00,0.0,512.0635370638753,-51.20635370638753,-0.05000000000000071
2024-07-22 14:00:00,0.0,342.60379275552356,-34.26037927555236,-0.5999999999999996
2024-07-22 15:00:00,528.8346083369172,0.0,52.88346083369172,0.4499999999999993
2024-07-22 16:00:00,0.0,508.33340320038667,-50.83334032003867,-0.049999999999998934
2024-07-22 17:00:00,765.131620581127,0.0,76.5131620581127,0.04999999999999982
2024-07-22 18:00:00,749.867919304678,0.0,74.9867919304678,0.14999999999999947
2024-07-22 19:00:00,429.51310276284016,0.0,42.95131027628402,0.15000000000000036
2024-07-22 20:00:00,0.0,0.0,0.0,0.0
2024-07-22 21:00:00,0.0,0.0,0.0,0.0
2024-07-22 22:00:00,0.0,362.85255645817216,-36.285255645817216,-0.04999999999999982
2024-07-22 23:00:00,0.0,376.57001263443533,-37.65700126344353,-0.04999999999999982
2024-07-23 00:00:00,0.0,580.0293183709081,-58.00293183709081,-0.05000000000000071
2024-07-23 01:00:00,0.0,330.34430729691655,-33.03443072969166,-0.049999999999998934
2024-07-23 02:00:00,0.0,429.1073039863195,-42.910730398631955,-0.10000000000000053
2024-07-23 03:00:00,0.0,491.6761025905585,-49.167610259055856,-0.04999999999999982
2024-07-23 04:00:00,0.0,0.0,0.0,0.0
2024-07-23 05:00:00,648.9191632086007,0.0,64.89191632086008,0.09999999999999964
2024-07-23 06:00:00,426.25574790438026,0.0,42.62557479043803,0.40000000000000036
2024-07-23 07:00:00,800.0,0.0,80.0,0.15000000000000036
2024-07-23 08:00:00,0.0,0.0,0.0,0.0
2024-07-23 09:00:00,0.0,569.9819780642464,-56.99819780642464,-0.10000000000000053
2024-07-23 10:00:00,0.0,399.8015001092878,-39.98015001092878,-0.04999999999999982
2024-07-23 11:00:00,0.0,502.8596335787086,-50.28596335787086,-0.05000000000000071
2024-07-23 12:00:00,0.0,435.35501711669446,-43.53550171166945,-0.09999999999999964
2024-07-23 13:00:00,0.0,473.7210626139216,-47.37210626139216,-0.09999999999999964
2024-07-23 14:00:00,0.0,370.278886161394,-37.0278886161394,-0.05000000000000071
2024-07-23 15:00:00,0.0,446.48807056533207,-44.64880705653321,-0.1999999999999993
2024-07-23 16:00:00,0.0,0.0,0.0,0.0
2024-07-23 17:00:00,0.0,0.0,0.0,0.0
2024-07-23 18:00:00,559.5518487456297,0.0,55.955184874562974,0.09999999999999964
2024-07-23 19:00:00,365.1658874596996,0.0,36.51658874596996,0.20000000000000018
2024-07-23 20:00:00,785.7583333229165,0.0,78.57583333229167,0.10000000000000053
2024-07-23 21:00:00,0.0,0.0,0.0,0.0
2024-07-23 22:00:00,0.0,600.0,-60.0,-0.05000000000000071
2024-07-23 23:00:00,0.0,357.49119658430953,-35.749119658430956,-0.04999999999999982
2024-07-24 00:00:00,0.0,550.3216365726778,-55.03216365726778,-0.10000000000000053
2024-07-24 01:00:00,0.0,0.0,0.0,0.0
2024-07-24 02:00:00,0.0,507.19940815312714,-50.71994081531272,-0.049999999999998934
2024-07-24 03:00:00,0.0,421.9153094551435,-42.19153094551435,-0.05000000000000071
2024-07-24 04:00:00,0.0,578.2449492546708,-57.824494925467086,-0.09999999999999964
2024-07-24 05:00:00,0.0,0.0,0.0,0.0
2024-07-24 06:00:00,800.0,0.0,80.0,0.25
2024-07-24 07:00:00,800.0,0.0,80.0,0.34999999999999964
2024-07-24 08:00:00,599.944915733061,0.0,59.9944915733061,0.04999999999999982
2024-07-24 09:00:00,510.2514313542602,0.0,51.02514313542602,8.881784197001252e-16
2024-07-24 10:00:00,0.0,398.94239981491313,-39.89423998149132,-0.05000000000000071
2024-07-24 11:00:00,0.0,355.87236154753936,-35.58723615475394,-0.09999999999999964
2024-07-24 12:00:00,0.0,576.187248385532,-57.618724838553206,-0.09999999999999964
2024-07-24 13:00:00,0.0,317.0877713701312,-31.70877713701312,-0.10000000000000053
2024-07-24 14:00:00,0.0,372.31399348425833,-37.23139934842583,-0.04999999999999982
2024-07-24 15:00:00,0.0,391.7648175589904,-39.17648175589904,-0.09999999999999964
2024-07-24 16:00:00,0.0,0.0,0.0,0.0
2024-07-24 17:00:00,0.0,445.62891948924016,-44.56289194892402,-0.05000000000000071
2024-07-24 18:00:00,0.0,600.0,-60.0,-0.04999999999999982
2024-07-24 19:00:00,619.4156278645842,0.0,61.94156278645842,0.20000000000000018
2024-07-24 20:00:00,734.6111453658569,0.0,73.4611145365857,0.1999999999999993
2024-07-24 21:00:00,487.25193502769093,0.0,48.725193502769095,0.09999999999999964
2024-07-24 22:00:00,0.0,422.32865457015924,-42.232865457015926,-0.049999999999998934
2024-07-24 23:00:00,0.0,558.6320410921144,-55.86320410921144,-0.15000000000000036
2024-07-25 00:00:00,0.0,396.0274065667662,-39.60274065667662,-0.05000000000000071
2024-07-25 01:00:00,0.0,442.3712378463455,-44.23712378463455,-0.049999999999998934
2024-07-25 02:00:00,0.0,519.2154388646421,-51.921543886464214,-0.05000000000000071
2024-07-25 03:00:00,0.0,489.39242861423884,-48.939242861423885,-0.09999999999999964
2024-07-25 04:00:00,0.0,0.0,0.0,0.0
2024-07-25 05:00:00,0.0,428.71655347675795,-42.8716553476758,-0.04999999999999982
2024-07-25 06:00:00,0.0,0.0,0.0,0.0
2024-07-25 07:00:00,800.0,0.0,80.0,0.4500000000000002
2024-07-25 08:00:00,619.9129570973074,0.0,61.99129570973074,0.25
2024-07-25 09:00:00,0.0,0.0,0.0,0.0
2024-07-25 10:00:00,0.0,600.0,-60.0,-0.09999999999999964
2024-07-25 11:00:00,0.0,576.250478929994,-57.6250478929994,-0.10000000000000142
2024-07-25 12:00:00,0.0,354.69566906572845,-35.469566906572844,-0.09999999999999964
2024-07-25 13:00:00,0.0,420.2065706528818,-42.020657065288184,-0.049999999999998934
2024-07-25 14:00:00,0.0,534.614852977982,-53.4614852977982,-0.10000000000000053
2024-07-25 15:00:00,0.0,527.5331491464767,-52.753314914647675,-0.10000000000000053
2024-07-25 16:00:00,0.0,488.5313662901141,-48.85313662901141,-0.04999999999999982
2024-07-25 17:00:00,341.14453103122315,0.0,34.114453103122315,8.881784197001252e-16
2024-07-25 18:00:00,0.0,417.61910198700406,-41.761910198700406,-0.15000000000000036
2024-07-25 19:00:00,612.7555966651936,0.0,61.275559666519364,0.049999999999998934
2024-07-25 20:00:00,800.0,0.0,80.0,0.40000000000000036
2024-07-25 21:00:00,800.0,0.0,80.0,0.10000000000000053
2024-07-25 22:00:00,0.0,518.8054198928509,-51.88054198928509,-0.20000000000000018
2024-07-25 23:00:00,376.54878515784674,0.0,37.654878515784674,0.09999999999999964
2024-07-26 00:00:00,0.0,345.7839638393761,-34.57839638393761,-0.049999999999998934
2024-07-26 01:00:00,0.0,391.1720941468226,-39.117209414682264,-0.10000000000000053
2024-07-26 02:00:00,0.0,496.42718430884366,-49.64271843088437,-0.04999999999999982
2024-07-26 03:00:00,0.0,385.52125036667223,-38.55212503666723,-0.09999999999999964
2024-07-26 04:00:00,0.0,600.0,-60.0,-0.05000000000000071
2024-07-26 05:00:00,0.0,460.8550401247356,-46.085504012473564,-0.09999999999999964
2024-07-26 06:00:00,0.0,511.5239824173761,-51.152398241737615,-0.6000000000000005
2024-07-26 07:00:00,635.9525937330501,0.0,63.59525937330501,0.7000000000000002
2024-07-26 08:00:00,620.8226900612646,0.0,62.08226900612646,0.4499999999999993
2024-07-26 09:00:00,476.5714119912992,0.0,47.657141199129924,0.10000000000000053
2024-07-26 10:00:00,0.0,0.0,0.0,0.0
2024-07-26 11:00:00,0.0,487.1845737336324,-48.71845737336324,-0.10000000000000053
2024-07-26 12:00:00,0.0,600.0,-60.0,-0.049999999999998934
2024-07-26 13:00:00,0.0,391.1311391014847,-39.11311391014847,-0.10000000000000053
2024-07-26 14:00:00,519.0525541407678,0.0,51.905255414076784,8.881784197001252e-16
2024-07-26 15:00:00,0.0,513.6718355499966,-51.367183554999656,-0.15000000000000036
2024-07-26 16:00:00,0.0,597.427100427834,-59.74271004278341,-0.05000000000000071
2024-07-26 17:00:00,0.0,352.5327097549088,-35.253270975490885,-0.09999999999999964
2024-07-26 18:00:00,0.0,0.0,0.0,0.0
2024-07-26 19:00:00,0.0,321.7591586793934,-32.175915867939345,-0.09999999999999964
2024-07-26 20:00:00,711.6295107414273,0.0,71.16295107414274,0.1999999999999993
2024-07-26 21:00:00,747.6072778259606,0.0,74.76072778259606,0.25
2024-07-26 22:00:00,800.0,0.0,80.0,0.05000000000000071
2024-07-26 23:00:00,0.0,0.0,0.0,0.0
2024-07-27 00:00:00,0.0,437.40789663546286,-43.74078966354629,-0.10000000000000053
2024-07-27 01:00:00,0.0,600.0,-60.0,-0.04999999999999982
2024-07-27 02:00:00,0.0,447.9950734522515,-44.79950734522515,-0.09999999999999964
2024-07-27 03:00:00,0.0,490.25411250103184,-49.02541125010319,-0.05000000000000071
2024-07-27 04:00:00,0.0,379.0650825828118,-37.90650825828118,-0.04999999999999982
2024-07-27 05:00:00,0.0,371.13354644421037,-37.11335464442104,-0.04999999999999982
2024-07-27 06:00:00,0.0,427.64512680851766,-42.764512680851766,-0.05000000000000071
2024-07-27 07:00:00,0.0,462.31733599970994,-46.231733599970994,-0.049999999999998934
2024-07-27 08:00:00,800.0,0.0,80.0,0.25
2024-07-27 09:00:00,0.0,0.0,0.0,0.0
2024-07-27 10:00:00,800.0,0.0,80.0,0.29999999999999893
2024-07-27 11:00:00,0.0,493.58326596026336,-49.35832659602634,-0.2499999999999991
2024-07-27 12:00:00,800.0,0.0,80.0,0.20000000000000018
2024-07-27 13:00:00,0.0,511.208865261864,-51.1208865261864,-0.05000000000000071
2024-07-27 14:00:00,0.0,377.45868639824306,-37.74586863982431,-0.09999999999999964
2024-07-27 15:00:00,0.0,478.52981701027693,-47.852981701027694,-0.04999999999999982
2024-07-27 16:00:00,0.0,411.9741395662531,-41.19741395662531,-0.10000000000000053
2024-07-27 17:00:00,0.0,0.0,0.0,0.0
2024-07-27 18:00:00,0.0,383.33235771623475,-38.33323577162348,-0.09999999999999964
2024-07-27 19:00:00,0.0,403.6974626709382,-40.369746267093824,-0.04999999999999982
2024-07-27 20:00:00,800.0,0.0,80.0,0.04999999999999982
2024-07-27 21:00:00,669.012237589124,0.0,66.9012237589124,0.09999999999999964
2024-07-27 22:00:00,715.2241583609882,0.0,71.52241583609883,0.25
2024-07-27 23:00:00,433.7258909865934,0.0,43.37258909865935,0.05000000000000071
2024-07-28 00:00:00,0.0,460.69604545874574,-46.069604545874576,-0.05000000000000071
2024-07-28 01:00:00,0.0,336.53204466294716,-33.65320446629472,-0.04999999999999982
2024-07-28 02:00:00,0.0,287.6351937608252,-28.76351937608252,-0.04999999999999982
2024-07-28 03:00:00,0.0,394.262197795046,-39.426219779504606,-0.05000000000000071
2024-07-28 04:00:00,0.0,400.3500533186428,-40.035005331864284,-0.049999999999998934
2024-07-28 05:00:00,0.0,600.0,-60.0,-0.10000000000000053
2024-07-28 06:00:00,0.0,575.8896708249428,-57.58896708249428,-0.04999999999999982
2024-07-28 07:00:00,0.0,439.69331375203006,-43.96933137520301,-0.04999999999999982
2024-07-28 08:00:00,0.0,0.0,0.0,0.0
2024-07-28 09:00:00,793.9854290686045,0.0,79.39854290686046,0.10000000000000053
2024-07-28 10:00:00,0.0,360.7372388995938,-36.07372388995938,-0.15000000000000036
2024-07-28 11:00:00,786.439758936589,0.0,78.6439758936589,0.40000000000000036
2024-07-28 12:00:00,0.0,553.9963243900838,-55.399632439008386,-8.881784197001252e-16
2024-07-28 13:00:00,0.0,507.1465986622486,-50.71465986622486,-0.04999999999999982
2024-07-28 14:00:00,0.0,372.43031726648144,-37.24303172664815,-0.05000000000000071
2024-07-28 15:00:00,0.0,0.0,0.0,0.0
2024-07-28 16:00:00,0.0,437.8881908101183,-43.78881908101184,-0.09999999999999964
2024-07-28 17:00:00,0.0,420.71879304281373,-42.071879304281374,-0.04999999999999982
2024-07-28 18:00:00,0.0,439.4523069328078,-43.945230693280784,-0.04999999999999982
2024-07-28 19:00:00,0.0,361.38177422451463,-36.13817742245146,-0.09999999999999964
2024-07-28 20:00:00,800.0,0.0,80.0,0.049999999999998934
2024-07-28 21:00:00,0.0,533.6512032481091,-53.36512032481092,-0.049999999999998934
2024-07-28 22:00:00,555.6033661911165,0.0,55.56033661911165,0.14999999999999947
2024-07-28 23:00:00,538.8187014519197,0.0,53.88187014519197,0.14999999999999947
2024-07-29 00:00:00,0.0,0.0,0.0,0.0
2024-07-29 01:00:00,0.0,0.0,0.0,0.0
2024-07-29 02:00:00,0.0,0.0,0.0,0.0
2024-07-29 03:00:00,0.0,586.7575884095642,-58.67575884095642,-0.09999999999999964
2024-07-29 04:00:00,800.0,0.0,80.0,0.05000000000000071
2024-07-29 05:00:00,0.0,439.2256230721404,-43.922562307214044,-0.05000000000000071
2024-07-29 06:00:00,0.0,288.45053496224085,-28.845053496224086,-0.09999999999999964
2024-07-29 07:00:00,0.0,600.0,-60.0,-0.15000000000000036
2024-07-29 08:00:00,800.0,0.0,80.0,0.10000000000000053
2024-07-29 09:00:00,0.0,432.74255149824376,-43.27425514982438,-0.10000000000000053
2024-07-29 10:00:00,731.5620445949288,0.0,73.15620445949288,0.10000000000000053
2024-07-29 11:00:00,640.2393229215555,0.0,64.02393229215555,0.04999999999999982
2024-07-29 12:00:00,649.8683683085409,0.0,64.98683683085409,0.09999999999999964
2024-07-29 13:00:00,0.0,451.05726250926716,-45.10572625092672,-0.049999999999998934
2024-07-29 14:00:00,0.0,0.0,0.0,0.0
2024-07-29 15:00:00,800.0,0.0,80.0,0.049999999999998934
2024-07-29 16:00:00,0.0,516.7628551191531,-51.67628551191531,-0.09999999999999964
2024-07-29 17:00:00,573.3625326945174,0.0,57.336253269451745,0.05000000000000071
2024-07-29 18:00:00,0.0,513.6696989579807,-51.36696989579807,-8.881784197001252e-16
2024-07-29 19:00:00,0.0,0.0,0.0,0.0
2024-07-29 20:00:00,651.6322101519831,0.0,65.16322101519832,8.881784197001252e-16
2024-07-29 21:00:00,0.0,583.0029003614869,-58.300290036148695,-0.05000000000000071
2024-07-29 22:00:00,798.1628223175724,0.0,79.81628223175724,0.04999999999999982
2024-07-29 23:00:00,612.5926687499687,0.0,61.25926687499687,0.10000000000000053
2024-07-30 00:00:00,698.8457694299505,0.0,69.88457694299505,0.14999999999999947
2024-07-30 01:00:00,704.4044471132587,0.0,70.44044471132587,0.04999999999999982
2024-07-30 02:00:00,0.0,0.0,0.0,0.0
2024-07-30 03:00:00,0.0,0.0,0.0,0.0
2024-07-30 04:00:00,0.0,492.712988460638,-49.2712988460638,-0.04999999999999982
2024-07-30 05:00:00,662.6032471281607,0.0,66.26032471281607,8.881784197001252e-16
2024-07-30 06:00:00,0.0,577.0181744727267,-57.701817447272674,-0.05000000000000071
2024-07-30 07:00:00,0.0,478.20549313160194,-47.8205493131602,-0.05000000000000071
2024-07-30 08:00:00,0.0,493.16957963476096,-49.3169579634761,-0.049999999999998934
2024-07-30 09:00:00,0.0,475.78815100227274,-47.578815100227274,-0.05000000000000071
2024-07-30 10:00:00,0.0,439.62103976103367,-43.96210397610337,-0.04999999999999982
2024-07-30 11:00:00,800.0,0.0,80.0,0.04999999999999982
2024-07-30 12:00:00,665.912498541975,0.0,66.5912498541975,0.05000000000000071
2024-07-30 13:00:00,0.0,0.0,0.0,0.0
2024-07-30 14:00:00,0.0,0.0,0.0,0.0
2024-07-30 15:00:00,0.0,0.0,0.0,0.0
2024-07-30 16:00:00,0.0,0.0,0.0,0.0
2024-07-30 17:00:00,0.0,600.0,-60.0,-0.10000000000000053
2024-07-30 18:00:00,783.706901838207,0.0,78.37069018382071,0.04999999999999982
2024-07-30 19:00:00,0.0,367.98271436987176,-36.79827143698718,-0.04999999999999982
2024-07-30 20:00:00,0.0,0.0,0.0,0.0
2024-07-30 21:00:00,0.0,463.45797688278304,-46.34579768827831,-0.04999999999999982
2024-07-30 22:00:00,0.0,423.6372566619317,-42.363725666193176,-0.04999999999999982
2024-07-30 23:00:00,721.2899052522868,0.0,72.12899052522867,0.09999999999999964
2024-07-31 00:00:00,800.0,0.0,80.0,0.04999999999999982
2024-07-31 01:00:00,655.4935815478686,0.0,65.54935815478687,0.09999999999999964
2024-07-31 02:00:00,800.0,0.0,80.0,0.15000000000000036
2024-07-31 03:00:00,800.0,0.0,80.0,0.05000000000000071
2024-07-31 04:00:00,0.0,0.0,0.0,0.0
2024-07-31 05:00:00,0.0,519.0383130439104,-51.90383130439105,-0.05000000000000071
2024-07-31 06:00:00,0.0,600.0,-60.0,-0.049999999999998934
2024-07-31 07:00:00,0.0,0.0,0.0,0.0
2024-07-31 08:00:00,0.0,593.5618006447387,-59.356180064473875,-0.10000000000000053
2024-07-31 09:00:00,0.0,482.4656171657635,-48.24656171657635,-0.04999999999999982
2024-07-31 10:00:00,0.0,0.0,0.0,0.0
2024-07-31 11:00:00,0.0,0.0,0.0,0.0
2024-07-31 12:00:00,0.0,0.0,0.0,0.0
2024-07-31 13:00:00,0.0,0.0,0.0,
2024-07-31 14:00:00,0.0,0.0,0.0,
2024-07-31 15:00:00,0.0,0.0,0.0,
2024-07-31 16:00:00,0.0,0.0,0.0,
2024-07-31 17:00:00,0.0,0.0,0.0,
2024-07-31 18:00:00,0.0,0.0,0.0,
2024-07-31 19:00:00,0.0,0.0,0.0,
2024-07-31 20:00:00,0.0,0.0,0.0,
2024-07-31 21:00:00,0.0,0.0,0.0,
2024-07-31 22:00:00,0.0,0.0,0.0,
2024-07-31 23:00:00,0.0,0.0,0.0,
2024-08-01 00:00:00,0.0,0.0,0.0,
2024-08-01 01:00:00,800.0,0.0,80.0,0.09999999999999964
2024-08-01 02:00:00,481.3576368992723,0.0,48.13576368992723,0.15000000000000036
2024-08-01 03:00:00,743.7215210409137,0.0,74.37215210409137,0.10000000000000053
2024-08-01 04:00:00,800.0,0.0,80.0,0.04999999999999982
2024-08-01 05:00:00,800.0,0.0,80.0,0.04999999999999982
2024-08-01 06:00:00,651.2254824880611,0.0,65.12254824880611,0.04999999999999982
2024-08-01 07:00:00,0.0,419.1498901163882,-41.91498901163882,-0.04999999999999982
2024-08-01 08:00:00,0.0,441.6532278164683,-44.165322781646836,-0.09999999999999964
2024-08-01 09:00:00,0.0,460.38953436883924,-46.03895343688393,-0.14999999999999947
2024-08-01 10:00:00,0.0,0.0,0.0,0.0
2024-08-01 11:00:00,0.0,484.8446026752347,-48.484460267523474,-0.05000000000000071
2024-08-01 12:00:00,0.0,317.5248985084832,-31.75248985084832,-0.04999999999999982
2024-08-01 13:00:00,0.0,339.587607244276,-33.9587607244276,-0.04999999999999982
2024-08-01 14:00:00,0.0,0.0,0.0,0.0
2024-08-01 15:00:00,0.0,0.0,0.0,0.0
2024-08-01 16:00:00,0.0,0.0,0.0,0.0
2024-08-01 17:00:00,334.60870903222775,0.0,33.46087090322278,0.04999999999999982
2024-08-01 18:00:00,0.0,385.5757621796335,-38.55757621796335,-0.04999999999999982
2024-08-01 19:00:00,721.6648564279246,0.0,72.16648564279247,0.04999999999999982
2024-08-01 20:00:00,0.0,430.04968424326114,-43.004968424326115,-0.04999999999999982
2024-08-01 21:00:00,0.0,263.3130709893893,-26.331307098938932,-0.05000000000000071
2024-08-01 22:00:00,0.0,413.3129492631651,-41.33129492631651,-0.04999999999999982
2024-08-01 23:00:00,0.0,0.0,0.0,0.0
2024-08-02 00:00:00,0.0,317.4473815039376,-31.74473815039376,-0.04999999999999982
2024-08-02 01:00:00,0.0,0.0,0.0,0.0
2024-08-02 02:00:00,753.7757001526353,0.0,75.37757001526353,0.09999999999999964
2024-08-02 03:00:00,660.1008821060423,0.0,66.01008821060422,0.15000000000000036
2024-08-02 04:00:00,0.0,382.5139560737511,-38.25139560737511,-0.8499999999999996
2024-08-02 05:00:00,800.0,0.0,80.0,1.0999999999999996
2024-08-02 06:00:00,0.0,0.0,0.0,0.0
2024-08-02 07:00:00,0.0,444.960292198954,-44.496029219895405,-0.04999999999999982
2024-08-02 08:00:00,0.0,596.7788718904553,-59.677887189045535,-0.10000000000000053
2024-08-02 09:00:00,0.0,480.04725017766424,-48.004725017766425,-0.049999999999998934
2024-08-02 10:00:00,0.0,499.57879752310373,-49.957879752310376,-0.15000000000000036
2024-08-02 11:00:00,0.0,0.0,0.0,0.0
2024-08-02 12:00:00,0.0,426.3955467876003,-42.639554678760035,-0.05000000000000071
2024-08-02 13:00:00,0.0,432.9100107410712,-43.29100107410712,-0.09999999999999964
2024-08-02 14:00:00,716.0016654330084,0.0,71.60016654330084,0.04999999999999982
2024-08-02 15:00:00,0.0,461.1851658185687,-46.11851658185687,-0.04999999999999982
2024-08-02 16:00:00,338.30881340074455,0.0,33.830881340074455,0.09999999999999964
2024-08-02 17:00:00,448.71240762807986,0.0,44.871240762807986,0.05000000000000071
2024-08-02 18:00:00,728.4211156458124,0.0,72.84211156458124,0.049999999999998934
2024-08-02 19:00:00,0.0,0.0,0.0,0.0
2024-08-02 20:00:00,0.0,0.0,0.0,0.0
2024-08-02 21:00:00,0.0,600.0,-60.0,-0.049999999999998934
2024-08-02 22:00:00,0.0,600.0,-60.0,-0.05000000000000071
2024-08-02 23:00:00,0.0,534.3199841818663,-53.43199841818663,-0.04999999999999982
2024-08-03 00:00:00,0.0,0.0,0.0,0.0
2024-08-03 01:00:00,0.0,452.31371909892795,-45.2313719098928,-0.04999999999999982
2024-08-03 02:00:00,0.0,250.18468871252583,-25.018468871252583,-0.15000000000000036
2024-08-03 03:00:00,0.0,0.0,0.0,0.0
2024-08-03 04:00:00,800.0,0.0,80.0,0.4500000000000002
2024-08-03 05:00:00,565.9706450308466,0.0,56.59706450308467,0.2500000000000009
2024-08-03 06:00:00,0.0,0.0,0.0,0.0
2024-08-03 07:00:00,0.0,362.74893483021134,-36.27489348302114,-0.05000000000000071
2024-08-03 08:00:00,0.0,463.02731202453606,-46.30273120245361,-0.09999999999999964
2024-08-03 09:00:00,0.0,0.0,0.0,0.0
2024-08-03 10:00:00,0.0,473.4786525636441,-47.347865256364415,-0.09999999999999964
2024-08-03 11:00:00,0.0,600.0,-60.0,-0.05000000000000071
2024-08-03 12:00:00,0.0,376.2053633807614,-37.62053633807614,-0.15000000000000036
2024-08-03 13:00:00,0.0,424.10790453108547,-42.41079045310855,-0.04999999999999982
2024-08-03 14:00:00,0.0,282.57588439705205,-28.257588439705206,-0.04999999999999982
2024-08-03 15:00:00,0.0,537.5063470285073,-53.75063470285073,-0.04999999999999982
2024-08-03 16:00:00,800.0,0.0,80.0,0.04999999999999982
2024-08-03 17:00:00,620.3195827194844,0.0,62.03195827194844,0.15000000000000036
2024-08-03 18:00:00,800.0,0.0,80.0,0.09999999999999964
2024-08-03 19:00:00,0.0,0.0,0.0,0.0
2024-08-03 20:00:00,0.0,463.37279123830564,-46.33727912383057,-0.05000000000000071
2024-08-03 21:00:00,0.0,367.5673262546275,-36.75673262546275,-0.049999999999998934
2024-08-03 22:00:00,0.0,0.0,0.0,0.0
2024-08-03 23:00:00,0.0,501.03250095089896,-50.1032500950899,-0.05000000000000071
2024-08-04 00:00:00,0.0,477.69597227323186,-47.76959722732319,-0.04999999999999982
2024-08-04 01:00:00,0.0,585.2602040133594,-58.52602040133594,-0.04999999999999982
2024-08-04 02:00:00,0.0,0.0,0.0,0.0
2024-08-04 03:00:00,0.0,600.0,-60.0,-0.05000000000000071
2024-08-04 04:00:00,800.0,0.0,80.0,0.20000000000000107
2024-08-04 05:00:00,800.0,0.0,80.0,0.29999999999999893
2024-08-04 06:00:00,800.0,0.0,80.0,0.15000000000000036
2024-08-04 07:00:00,0.0,0.0,0.0,0.0
2024-08-04 08:00:00,0.0,392.5547001991914,-39.255470019919144,-0.09999999999999964
2024-08-04 09:00:00,0.0,305.26762391335365,-30.526762391335367,-0.09999999999999964
2024-08-04 10:00:00,0.0,0.0,0.0,0.0
2024-08-04 11:00:00,0.0,356.26450028868015,-35.626450028868014,-0.15000000000000036
2024-08-04 12:00:00,0.0,433.74698133314246,-43.37469813331425,-0.09999999999999964
2024-08-04 13:00:00,0.0,0.0,0.0,0.0
2024-08-04 14:00:00,0.0,600.0,-60.0,-0.10000000000000053
2024-08-04 15:00:00,0.0,360.94265846302847,-36.09426584630285,-0.04999999999999982
2024-08-04 16:00:00,0.0,0.0,0.0,0.0
2024-08-04 17:00:00,800.0,0.0,80.0,0.04999999999999982
2024-08-04 18:00:00,723.0525077654908,0.0,72.30525077654907,0.20000000000000018
2024-08-04 19:00:00,800.0,0.0,80.0,0.04999999999999982
2024-08-04 20:00:00,0.0,0.0,0.0,0.0
2024-08-04 21:00:00,0.0,397.9968554064283,-39.799685540642834,-0.04999999999999982
2024-08-04 22:00:00,0.0,423.5353680146126,-42.35353680146126,-0.05000000000000071
2024-08-04 23:00:00,0.0,434.74580125712544,-43.47458012571255,-0.049999999999998934
2024-08-05 00:00:00,0.0,543.7360462361454,-54.37360462361454,-0.10000000000000053
2024-08-05 01:00:00,0.0,0.0,0.0,0.0
2024-08-05 02:00:00,0.0,511.9515978363919,-51.19515978363919,-0.04999999999999982
2024-08-05 03:00:00,0.0,569.4859194836977,-56.94859194836977,-0.05000000000000071
2024-08-05 04:00:00,0.0,547.2540210460387,-54.72540210460387,-0.049999999999998934
2024-08-05 05:00:00,754.6581286256155,0.0,75.46581286256155,0.34999999999999964
2024-08-05 06:00:00,538.7127390001083,0.0,53.871273900010834,0.25
2024-08-05 07:00:00,537.8418032667422,0.0,53.784180326674225,0.04999999999999982
2024-08-05 08:00:00,0.0,446.00676216335876,-44.60067621633588,-0.04999999999999982
2024-08-05 09:00:00,0.0,413.24394145273544,-41.324394145273544,-0.05000000000000071
2024-08-05 10:00:00,0.0,600.0,-60.0,-0.09999999999999964
2024-08-05 11:00:00,0.0,302.3507092908022,-30.23507092908022,-0.14999999999999947
2024-08-05 12:00:00,0.0,479.38560026588436,-47.93856002658844,-0.04999999999999982
2024-08-05 13:00:00,0.0,352.11373732723047,-35.21137373272305,-0.05000000000000071
2024-08-05 14:00:00,0.0,465.3963714606529,-46.539637146065296,-0.04999999999999982
2024-08-05 15:00:00,0.0,532.2583768528414,-53.22583768528414,-0.10000000000000053
2024-08-05 16:00:00,0.0,0.0,0.0,0.0
2024-08-05 17:00:00,0.0,0.0,0.0,0.0
2024-08-05 18:00:00,502.1719705444332,0.0,50.21719705444332,0.2500000000000009
2024-08-05 19:00:00,641.720633547921,0.0,64.1720633547921,0.10000000000000053
2024-08-05 20:00:00,526.6637942991379,0.0,52.66637942991379,0.049999999999998934
2024-08-05 21:00:00,0.0,343.8656844380855,-34.38656844380855,-0.049999999999998934
2024-08-05 22:00:00,0.0,415.2234779258277,-41.52234779258277,-0.10000000000000142
2024-08-05 23:00:00,0.0,600.0,-60.0,-0.049999999999998934
2024-08-06 00:00:00,0.0,0.0,0.0,0.0
2024-08-06 01:00:00,0.0,517.304393248553,-51.7304393248553,-0.15000000000000036
2024-08-06 02:00:00,0.0,408.80742302253196,-40.880742302253196,-0.04999999999999982
2024-08-06 03:00:00,0.0,430.7775691212979,-43.07775691212979,-0.10000000000000053
2024-08-06 04:00:00,0.0,0.0,0.0,0.0
2024-08-06 05:00:00,785.3034420897709,0.0,78.5303442089771,0.20000000000000018
2024-08-06 06:00:00,700.1145674421003,0.0,70.01145674421004,0.2999999999999998
2024-08-06 07:00:00,274.6836994082051,0.0,27.46836994082051,0.15000000000000036
2024-08-06 08:00:00,0.0,0.0,0.0,0.0
2024-08-06 09:00:00,0.0,600.0,-60.0,-0.09999999999999964
2024-08-06 10:00:00,0.0,462.7186043365381,-46.27186043365381,-0.05000000000000071
2024-08-06 11:00:00,0.0,348.99849678872226,-34.89984967887223,-0.09999999999999964
2024-08-06 12:00:00,0.0,321.05343884810156,-32.10534388481016,-0.09999999999999964
2024-08-06 13:00:00,0.0,0.0,0.0,0.0
2024-08-06 14:00:00,0.0,504.8770583433387,-50.48770583433387,-0.15000000000000036
2024-08-06 15:00:00,0.0,296.87598428975144,-29.687598428975146,-0.09999999999999964
2024-08-06 16:00:00,0.0,0.0,0.0,0.0
2024-08-06 17:00:00,0.0,455.29414042520574,-45.52941404252058,-0.05000000000000071
2024-08-06 18:00:00,628.158752396967,0.0,62.8158752396967,0.20000000000000018
2024-08-06 19:00:00,800.0,0.0,80.0,0.20000000000000018
2024-08-06 20:00:00,800.0,0.0,80.0,0.04999999999999982
2024-08-06 21:00:00,0.0,465.96892996176035,-46.59689299617604,-0.04999999999999982
2024-08-06 22:00:00,0.0,368.4787336084263,-36.847873360842634,-0.04999999999999982
2024-08-06 23:00:00,0.0,283.23323171143505,-28.323323171143507,-8.881784197001252e-16
2024-08-07 00:00:00,0.0,511.46186163763934,-51.146186163763936,-0.14999999999999947
2024-08-07 01:00:00,0.0,0.0,0.0,0.0
2024-08-07 02:00:00,0.0,515.1709439705741,-51.517094397057406,-0.04999999999999982
2024-08-07 03:00:00,0.0,506.7718890964056,-50.67718890964056,-0.15000000000000036
2024-08-07 04:00:00,0.0,240.38712591322837,-24.038712591322838,-0.049999999999998934
2024-08-07 05:00:00,800.0,0.0,80.0,0.049999999999998934
2024-08-07 06:00:00,717.7370643133232,0.0,71.77370643133233,0.3000000000000007
2024-08-07 07:00:00,675.617207403455,0.0,67.5617207403455,0.1999999999999993
2024-08-07 08:00:00,800.0,0.0,80.0,0.20000000000000018
2024-08-07 09:00:00,0.0,432.286613008399,-43.2286613008399,-0.14999999999999947
2024-08-07 10:00:00,0.0,255.12939957923393,-25.512939957923393,-0.05000000000000071
2024-08-07 11:00:00,0.0,447.20436952926536,-44.72043695292654,-0.09999999999999964
2024-08-07 12:00:00,0.0,295.58619059964394,-29.558619059964396,-0.04999999999999982
2024-08-07 13:00:00,0.0,600.0,-60.0,-0.04999999999999982
2024-08-07 14:00:00,0.0,497.9953504623877,-49.79953504623877,-0.15000000000000036
2024-08-07 15:00:00,0.0,0.0,0.0,0.0
2024-08-07 16:00:00,0.0,593.384199517586,-59.3384199517586,-0.15000000000000036
2024-08-07 17:00:00,0.0,0.0,0.0,0.0
2024-08-07 18:00:00,0.0,0.0,0.0,0.0
2024-08-07 19:00:00,0.0,515.5339999478757,-51.553399994787576,-0.34999999999999964
2024-08-07 20:00:00,800.0,0.0,80.0,0.75
2024-08-07 21:00:00,800.0,0.0,80.0,0.04999999999999982
2024-08-07 22:00:00,0.0,478.4717625337915,-47.84717625337915,-0.04999999999999982
2024-08-07 23:00:00,0.0,0.0,0.0,0.0
2024-08-08 00:00:00,0.0,437.27254875866277,-43.72725487586628,-0.04999999999999982
2024-08-08 01:00:00,0.0,518.5835078091892,-51.858350780918926,-0.10000000000000053
2024-08-08 02:00:00,0.0,324.74730581246735,-32.47473058124674,-0.39999999999999947
2024-08-08 03:00:00,800.0,0.0,80.0,0.2999999999999998
2024-08-08 04:00:00,0.0,450.3241015241528,-45.03241015241528,-0.09999999999999964
2024-08-08 05:00:00,0.0,323.9867064977335,-32.39867064977335,-0.10000000000000053
2024-08-08 06:00:00,745.7307478870248,0.0,74.57307478870248,0.10000000000000053
2024-08-08 07:00:00,800.0,0.0,80.0,0.34999999999999964
2024-08-08 08:00:00,800.0,0.0,80.0,0.25
2024-08-08 09:00:00,0.0,0.0,0.0,0.0
2024-08-08 10:00:00,0.0,501.6410970113029,-50.16410970113029,-0.09999999999999964
2024-08-08 11:00:00,0.0,598.0247970606337,-59.802479706063366,-0.09999999999999964
2024-08-08 12:00:00,0.0,362.9154271714956,-36.29154271714956,-0.05000000000000071
2024-08-08 13:00:00,0.0,553.6573195546738,-55.36573195546738,-0.09999999999999964
2024-08-08 14:00:00,0.0,370.2276201465336,-37.02276201465336,-0.10000000000000053
2024-08-08 15:00:00,0.0,345.9863505164407,-34.598635051644074,-0.04999999999999982
2024-08-08 16:00:00,0.0,446.1975728703565,-44.619757287035654,-0.15000000000000036
2024-08-08 17:00:00,0.0,0.0,0.0,0.0
2024-08-08 18:00:00,0.0,461.37852456277204,-46.13785245627721,-0.04999999999999982
2024-08-08 19:00:00,444.4560715413535,0.0,44.44560715413535,0.04999999999999982
2024-08-08 20:00:00,800.0,0.0,80.0,0.3000000000000007
2024-08-08 21:00:00,800.0,0.0,80.0,0.09999999999999964
2024-08-08 22:00:00,0.0,0.0,0.0,0.0
2024-08-08 23:00:00,0.0,568.1549649466137,-56.815496494661375,-0.09999999999999964
2024-08-09 00:00:00,0.0,329.8065232195229,-32.98065232195229,-0.05000000000000071
2024-08-09 01:00:00,0.0,348.48653418923766,-34.84865341892377,-0.09999999999999964
2024-08-09 02:00:00,0.0,418.5262080347007,-41.852620803470074,-0.05000000000000071
2024-08-09 03:00:00,0.0,350.5891528855817,-35.058915288558175,-0.09999999999999964
2024-08-09 04:00:00,0.0,0.0,0.0,0.0
2024-08-09 05:00:00,0.0,540.3975945406354,-54.03975945406354,-0.09999999999999964
2024-08-09 06:00:00,0.0,600.0,-60.0,-0.5499999999999998
2024-08-09 07:00:00,771.7160397949691,0.0,77.17160397949692,0.7999999999999998
2024-08-09 08:00:00,800.0,0.0,80.0,0.20000000000000018
2024-08-09 09:00:00,768.2245991671824,0.0,76.82245991671824,0.14999999999999947
2024-08-09 10:00:00,0.0,0.0,0.0,0.0
2024-08-09 11:00:00,0.0,498.07175220576823,-49.80717522057682,-0.15000000000000036
2024-08-09 12:00:00,0.0,548.6069949145368,-54.86069949145369,-0.049999999999998934
2024-08-09 13:00:00,0.0,367.5598841457374,-36.75598841457374,-0.10000000000000053
2024-08-09 14:00:00,0.0,474.37218524241246,-47.437218524241246,-0.04999999999999982
2024-08-09 15:00:00,0.0,338.3943077961213,-33.83943077961214,-0.09999999999999964
2024-08-09 16:00:00,0.0,571.939216991256,-57.1939216991256,-0.05000000000000071
2024-08-09 17:00:00,0.0,477.8134803182516,-47.78134803182516,-0.09999999999999964
2024-08-09 18:00:00,0.0,362.28653871644286,-36.22865387164429,-0.04999999999999982
2024-08-09 19:00:00,648.8837896864578,0.0,64.88837896864578,0.09999999999999964
2024-08-09 20:00:00,771.3282019058569,0.0,77.13282019058569,0.25
2024-08-09 21:00:00,416.8124578120208,0.0,41.68124578120208,0.10000000000000053
2024-08-09 22:00:00,800.0,0.0,80.0,0.049999999999998934
2024-08-09 23:00:00,0.0,0.0,0.0,0.0
2024-08-10 00:00:00,0.0,442.66326268912246,-44.26632626891225,-0.09999999999999964
2024-08-10 01:00:00,0.0,537.856486244236,-53.7856486244236,-0.09999999999999964
2024-08-10 02:00:00,0.0,511.79828559989136,-51.17982855998914,-0.05000000000000071
2024-08-10 03:00:00,0.0,0.0,0.0,0.0
2024-08-10 04:00:00,0.0,600.0,-60.0,-0.14999999999999947
2024-08-10 05:00:00,0.0,486.61565759584573,-48.661565759584576,-0.04999999999999982
2024-08-10 06:00:00,0.0,310.05907225646115,-31.005907225646116,-0.04999999999999982
2024-08-10 07:00:00,800.0,0.0,80.0,0.09999999999999964
2024-08-10 08:00:00,620.9322554109622,0.0,62.09322554109622,0.2999999999999998
2024-08-10 09:00:00,719.8987137411132,0.0,71.98987137411132,0.15000000000000036
2024-08-10 10:00:00,0.0,0.0,0.0,0.0
2024-08-10 11:00:00,0.0,393.5175513702162,-39.35175513702163,-0.05000000000000071
2024-08-10 12:00:00,0.0,496.83322168646777,-49.68332216864678,-0.049999999999998934
2024-08-10 13:00:00,0.0,335.9662498352743,-33.596624983527434,-0.10000000000000053
2024-08-10 14:00:00,0.0,475.11711953046887,-47.51171195304689,-0.10000000000000053
2024-08-10 15:00:00,0.0,569.8799234144216,-56.98799234144216,-0.09999999999999964
2024-08-10 16:00:00,0.0,443.08481255792003,-44.308481255792,-0.04999999999999982
2024-08-10 17:00:00,0.0,0.0,0.0,0.0
2024-08-10 18:00:00,0.0,429.7624833645204,-42.976248336452045,-0.04999999999999982
2024-08-10 19:00:00,0.0,0.0,0.0,0.0
2024-08-10 20:00:00,790.8364451235462,0.0,79.08364451235462,0.1999999999999993
2024-08-10 21:00:00,352.935195479259,0.0,35.293519547925904,0.20000000000000107
2024-08-10 22:00:00,800.0,0.0,80.0,0.09999999999999964
2024-08-10 23:00:00,0.0,0.0,0.0,0.0
2024-08-11 00:00:00,0.0,511.91067761403167,-51.19106776140317,-0.05000000000000071
2024-08-11 01:00:00,0.0,472.33892049832997,-47.233892049833,-0.09999999999999964
2024-08-11 02:00:00,0.0,600.0,-60.0,-0.04999999999999982
2024-08-11 03:00:00,0.0,418.67762910292544,-41.86776291029255,-0.04999999999999982
2024-08-11 04:00:00,0.0,503.7172269024443,-50.37172269024443,-0.05000000000000071
2024-08-11 05:00:00,0.0,537.8506239209729,-53.785062392097295,-0.09999999999999964
2024-08-11 06:00:00,0.0,508.07458836027456,-50.80745883602746,-0.049999999999998934
2024-08-11 07:00:00,0.0,494.45977104954716,-49.44597710495472,-0.05000000000000071
2024-08-11 08:00:00,675.1901418408809,0.0,67.51901418408809,0.20000000000000018
2024-08-11 09:00:00,800.0,0.0,80.0,0.14999999999999947
2024-08-11 10:00:00,800.0,0.0,80.0,0.09999999999999964
2024-08-11 11:00:00,0.0,390.1198935398416,-39.01198935398416,-0.049999999999998934
2024-08-11 12:00:00,0.0,0.0,0.0,0.0
2024-08-11 13:00:00,0.0,548.664130411613,-54.8664130411613,-0.10000000000000053
2024-08-11 14:00:00,0.0,415.20967818798147,-41.52096781879815,-0.04999999999999982
2024-08-11 15:00:00,0.0,412.0164208588891,-41.20164208588891,-0.09999999999999964
2024-08-11 16:00:00,0.0,484.2339779201793,-48.42339779201794,-0.05000000000000071
2024-08-11 17:00:00,0.0,416.0879770824103,-41.608797708241035,-0.09999999999999964
2024-08-11 18:00:00,0.0,443.56221353077257,-44.35622135307726,-0.09999999999999964
2024-08-11 19:00:00,0.0,600.0,-60.0,-0.05000000000000071
2024-08-11 20:00:00,506.8867433324,0.0,50.68867433324,0.05000000000000071
2024-08-11 21:00:00,711.8025867549073,0.0,71.18025867549073,0.1999999999999993
2024-08-11 22:00:00,522.8317339070201,0.0,52.28317339070201,0.15000000000000036
2024-08-11 23:00:00,538.2857860597447,0.0,53.82857860597448,0.04999999999999982
2024-08-12 00:00:00,0.0,447.18052912254035,-44.71805291225404,-0.04999999999999982
2024-08-12 01:00:00,0.0,300.52950721481125,-30.052950721481125,-0.04999999999999982
2024-08-12 02:00:00,0.0,545.3060643502257,-54.53060643502258,-0.04999999999999982
2024-08-12 03:00:00,0.0,359.22596172952626,-35.92259617295263,-0.05000000000000071
2024-08-12 04:00:00,0.0,354.2933811748512,-35.42933811748512,-0.09999999999999964
2024-08-12 05:00:00,0.0,525.0084852128724,-52.500848521287246,-0.09999999999999964
2024-08-12 06:00:00,0.0,0.0,0.0,0.0
2024-08-12 07:00:00,0.0,438.35478829461044,-43.835478829461046,-0.05000000000000071
2024-08-12 08:00:00,728.7662097620639,0.0,72.8766209762064,0.10000000000000053
2024-08-12 09:00:00,800.0,0.0,80.0,0.04999999999999982
2024-08-12 10:00:00,800.0,0.0,80.0,0.15000000000000036
2024-08-12 11:00:00,800.0,0.0,80.0,0.04999999999999982
2024-08-12 12:00:00,0.0,502.82260893388343,-50.28226089338835,-0.04999999999999982
2024-08-12 13:00:00,0.0,374.37859828604934,-37.437859828604935,-0.05000000000000071
2024-08-12 14:00:00,0.0,406.60645346761135,-40.660645346761136,-0.049999999999998934
2024-08-12 15:00:00,0.0,373.19318293601395,-37.3193182936014,-0.05000000000000071
2024-08-12 16:00:00,0.0,566.2367798192165,-56.62367798192165,-0.04999999999999982
2024-08-12 17:00:00,0.0,410.29634622694266,-41.02963462269427,-0.04999999999999982
2024-08-12 18:00:00,0.0,600.0,-60.0,-0.05000000000000071
2024-08-12 19:00:00,0.0,0.0,0.0,0.0
2024-08-12 20:00:00,0.0,600.0,-60.0,-0.04999999999999982
2024-08-12 21:00:00,800.0,0.0,80.0,0.14999999999999947
2024-08-12 22:00:00,800.0,0.0,80.0,0.15000000000000036
2024-08-12 23:00:00,800.0,0.0,80.0,0.10000000000000053
2024-08-13 00:00:00,0.0,0.0,0.0,0.0
2024-08-13 01:00:00,0.0,600.0,-60.0,-0.04999999999999982
2024-08-13 02:00:00,0.0,494.54263958200704,-49.454263958200706,-0.05000000000000071
2024-08-13 03:00:00,0.0,482.519503377347,-48.251950337734705,-0.04999999999999982
2024-08-13 04:00:00,0.0,471.06718205453706,-47.10671820545371,-0.04999999999999982
2024-08-13 05:00:00,0.0,405.091667278334,-40.5091667278334,-0.04999999999999982
2024-08-13 06:00:00,0.0,0.0,0.0,0.0
2024-08-13 07:00:00,0.0,536.2316193786384,-53.62316193786384,-0.15000000000000036
2024-08-13 08:00:00,0.0,0.0,0.0,0.0
2024-08-13 09:00:00,285.6936604551271,0.0,28.56936604551271,0.04999999999999982
2024-08-13 10:00:00,388.01620512889514,0.0,38.801620512889514,0.15000000000000036
2024-08-13 11:00:00,711.5129940267907,0.0,71.15129940267907,0.15000000000000036
2024-08-13 12:00:00,0.0,566.7834833234912,-56.67834833234912,-0.05000000000000071
2024-08-13 13:00:00,553.7546195107442,0.0,55.37546195107442,0.05000000000000071
2024-08-13 14:00:00,0.0,474.1743323700679,-47.41743323700679,-0.05000000000000071
2024-08-13 15:00:00,0.0,542.8670237443652,-54.286702374436516,-0.04999999999999982
2024-08-13 16:00:00,0.0,503.03656176276314,-50.30365617627632,-0.04999999999999982
2024-08-13 17:00:00,0.0,495.0131308896668,-49.50131308896668,-0.09999999999999964
2024-08-13 18:00:00,0.0,419.6708989876091,-41.96708989876092,-0.05000000000000071
2024-08-13 19:00:00,0.0,0.0,0.0,0.0
2024-08-13 20:00:00,0.0,0.0,0.0,0.0
2024-08-13 21:00:00,668.5011581049156,0.0,66.85011581049156,0.05000000000000071
2024-08-13 22:00:00,746.1791041514912,0.0,74.61791041514913,0.09999999999999964
2024-08-13 23:00:00,800.0,0.0,80.0,0.15000000000000036
2024-08-14 00:00:00,659.3986317618516,0.0,65.93986317618516,0.04999999999999982
2024-08-14 01:00:00,0.0,0.0,0.0,0.0
2024-08-14 02:00:00,0.0,427.8144815195063,-42.78144815195063,-0.04999999999999982
2024-08-14 03:00:00,0.0,600.0,-60.0,-0.05000000000000071
2024-08-14 04:00:00,0.0,541.8620633100178,-54.186206331001785,-0.04999999999999982
2024-08-14 05:00:00,0.0,494.7049098780773,-49.47049098780773,-0.04999999999999982
2024-08-14 06:00:00,0.0,0.0,0.0,0.0
2024-08-14 07:00:00,0.0,466.21535957287887,-46.62153595728789,-0.04999999999999982
2024-08-14 08:00:00,0.0,334.93877531232135,-33.49387753123214,-0.04999999999999982
2024-08-14 09:00:00,362.6396799562694,0.0,36.26396799562694,0.09999999999999964
2024-08-14 10:00:00,0.0,439.1667799825457,-43.91667799825457,-0.05000000000000071
2024-08-14 11:00:00,703.5595329743385,0.0,70.35595329743386,0.05000000000000071
2024-08-14 12:00:00,424.9738977749577,0.0,42.497389777495776,0.05000000000000071
2024-08-14 13:00:00,0.0,0.0,0.0,0.0
2024-08-14 14:00:00,0.0,0.0,0.0,0.0
2024-08-14 15:00:00,0.0,0.0,0.0,0.0
2024-08-14 16:00:00,0.0,0.0,0.0,0.0
2024-08-14 17:00:00,0.0,529.0357108642022,-52.90357108642022,-0.05000000000000071
2024-08-14 18:00:00,0.0,553.662983773566,-55.3662983773566,-0.04999999999999982
2024-08-14 19:00:00,0.0,0.0,0.0,0.0
2024-08-14 20:00:00,0.0,0.0,0.0,0.0
2024-08-14 21:00:00,0.0,0.0,0.0,0.0
2024-08-14 22:00:00,643.4517486431813,0.0,64.34517486431814,0.04999999999999982
2024-08-14 23:00:00,449.40800326096394,0.0,44.940800326096394,0.09999999999999964
2024-08-15 00:00:00,546.5042016166097,0.0,54.650420161660975,0.05000000000000071
2024-08-15 01:00:00,477.67462771280736,0.0,47.76746277128074,0.15000000000000036
2024-08-15 02:00:00,0.0,0.0,0.0,0.0
2024-08-15 03:00:00,0.0,0.0,0.0,0.0
2024-08-15 04:00:00,0.0,515.1966711847878,-51.51966711847878,-0.05000000000000071
2024-08-15 05:00:00,0.0,494.61604261878745,-49.46160426187875,-0.04999999999999982
2024-08-15 06:00:00,0.0,0.0,0.0,0.0
2024-08-15 07:00:00,0.0,600.0,-60.0,-0.10000000000000053
2024-08-15 08:00:00,0.0,0.0,0.0,0.0
2024-08-15 09:00:00,0.0,600.0,-60.0,-0.09999999999999964
2024-08-15 10:00:00,0.0,388.96727491315073,-38.896727491315076,-0.04999999999999982
2024-08-15 11:00:00,0.0,0.0,0.0,0.0
2024-08-15 12:00:00,0.0,419.51570877666063,-41.951570877666065,-0.04999999999999982
2024-08-15 13:00:00,0.0,0.0,0.0,0.0
2024-08-15 14:00:00,606.7418613345399,0.0,60.674186133453986,0.09999999999999964
2024-08-15 15:00:00,0.0,0.0,0.0,0.0
2024-08-15 16:00:00,0.0,0.0,0.0,0.0
2024-08-15 17:00:00,0.0,532.6786147469913,-53.26786147469914,-0.04999999999999982
2024-08-15 18:00:00,0.0,374.1073691699243,-37.410736916992434,-0.10000000000000053
2024-08-15 19:00:00,0.0,0.0,0.0,0.0
2024-08-15 20:00:00,552.6687187771257,0.0,55.266871877712575,0.05000000000000071
2024-08-15 21:00:00,0.0,600.0,-60.0,-0.05000000000000071
2024-08-15 22:00:00,0.0,0.0,0.0,0.0
2024-08-15 23:00:00,726.180912674252,0.0,72.6180912674252,0.05000000000000071
2024-08-16 00:00:00,0.0,0.0,0.0,0.0
2024-08-16 01:00:00,800.0,0.0,80.0,0.09999999999999964
2024-08-16 02:00:00,507.29221065620123,0.0,50.72922106562012,0.15000000000000036
2024-08-16 03:00:00,534.8030471871696,0.0,53.48030471871696,0.09999999999999964
2024-08-16 04:00:00,0.0,0.0,0.0,0.0
2024-08-16 05:00:00,0.0,600.0,-60.0,-0.05000000000000071
2024-08-16 06:00:00,0.0,0.0,0.0,0.0
2024-08-16 07:00:00,0.0,500.1871729986564,-50.01871729986564,-0.09999999999999964
2024-08-16 08:00:00,0.0,480.91199068409463,-48.091199068409466,-0.049999999999998934
2024-08-16 09:00:00,0.0,504.48085102152254,-50.448085102152255,-0.05000000000000071
2024-08-16 10:00:00,0.0,573.7512180510778,-57.37512180510778,-0.04999999999999982
2024-08-16 11:00:00,0.0,431.4957574936708,-43.14957574936708,-0.04999999999999982
2024-08-16 12:00:00,0.0,561.6767435429326,-56.16767435429327,-0.05000000000000071
2024-08-16 13:00:00,0.0,0.0,0.0,0.0
2024-08-16 14:00:00,702.8769008573137,0.0,70.28769008573137,0.05000000000000071
2024-08-16 15:00:00,470.83157515390724,0.0,47.083157515390724,0.04999999999999982
2024-08-16 16:00:00,529.8487880191253,0.0,52.98487880191254,0.04999999999999982
2024-08-16 17:00:00,769.598496397239,0.0,76.95984963972391,0.04999999999999982
2024-08-16 18:00:00,0.0,0.0,0.0,0.0
2024-08-16 19:00:00,0.0,0.0,0.0,0.0
2024-08-16 20:00:00,0.0,514.1022783436346,-51.41022783436346,-0.04999999999999982
2024-08-16 21:00:00,0.0,391.89203744867103,-39.18920374486711,-0.05000000000000071
2024-08-16 22:00:00,0.0,438.737672024576,-43.8737672024576,-0.049999999999998934
2024-08-16 23:00:00,0.0,301.19712498495943,-30.119712498495943,-0.05000000000000071
2024-08-17 00:00:00,0.0,0.0,0.0,0.0
2024-08-17 01:00:00,800.0,0.0,80.0,0.05000000000000071
2024-08-17 02:00:00,760.8494239328454,0.0,76.08494239328455,0.1999999999999993
2024-08-17 03:00:00,800.0,0.0,80.0,0.20000000000000107
2024-08-17 04:00:00,610.6908713753747,0.0,61.06908713753748,0.14999999999999947
2024-08-17 05:00:00,800.0,0.0,80.0,0.04999999999999982
2024-08-17 06:00:00,0.0,400.84922368552384,-40.084922368552384,-0.05000000000000071
2024-08-17 07:00:00,0.0,482.26659398750905,-48.22665939875091,-0.09999999999999964
2024-08-17 08:00:00,0.0,313.7313862945284,-31.373138629452843,-0.09999999999999964
2024-08-17 09:00:00,0.0,260.03359004809107,-26.00335900480911,-0.04999999999999982
2024-08-17 10:00:00,0.0,408.72758956606594,-40.872758956606596,-0.10000000000000053
2024-08-17 11:00:00,0.0,516.2454570742666,-51.62454570742666,-0.049999999999998934
2024-08-17 12:00:00,0.0,381.6737533898479,-38.16737533898479,-0.10000000000000142
2024-08-17 13:00:00,0.0,600.0,-60.0,-0.049999999999998934
2024-08-17 14:00:00,0.0,476.3612717272413,-47.63612717272413,-0.05000000000000071
2024-08-17 15:00:00,800.0,0.0,80.0,0.05000000000000071
2024-08-17 16:00:00,722.8597957705015,0.0,72.28597957705016,0.14999999999999947
2024-08-17 17:00:00,748.1726450715057,0.0,74.81726450715057,0.04999999999999982
2024-08-17 18:00:00,800.0,0.0,80.0,0.10000000000000053
2024-08-17 19:00:00,0.0,517.6553391963896,-51.76553391963896,-0.04999999999999982
2024-08-17 20:00:00,0.0,456.84399191516565,-45.68439919151657,-0.05000000000000071
2024-08-17 21:00:00,0.0,493.89411508632963,-49.38941150863297,-0.049999999999998934
2024-08-17 22:00:00,0.0,402.5368893573497,-40.25368893573497,-0.05000000000000071
2024-08-17 23:00:00,0.0,580.7777122410632,-58.07777122410633,-0.09999999999999964
2024-08-18 00:00:00,0.0,459.75634524141987,-45.97563452414199,-0.05000000000000071
2024-08-18 01:00:00,0.0,600.0,-60.0,-0.049999999999998934
2024-08-18 02:00:00,652.3329375726629,0.0,65.2332937572663,0.049999999999998934
2024-08-18 03:00:00,791.5200594546147,0.0,79.15200594546148,0.3000000000000007
2024-08-18 04:00:00,800.0,0.0,80.0,0.25
2024-08-18 05:00:00,800.0,0.0,80.0,0.1999999999999993
2024-08-18 06:00:00,0.0,351.82720253065327,-35.18272025306533,-0.04999999999999982
2024-08-18 07:00:00,629.0679399832388,0.0,62.906793998323884,8.881784197001252e-16
2024-08-18 08:00:00,0.0,582.9243850501075,-58.29243850501075,-0.15000000000000036
2024-08-18 09:00:00,0.0,431.32543311033623,-43.13254331103363,-0.10000000000000053
2024-08-18 10:00:00,0.0,406.1346395284919,-40.613463952849195,-0.04999999999999982
2024-08-18 11:00:00,0.0,578.1144950185956,-57.811449501859556,-0.15000000000000036
2024-08-18 12:00:00,0.0,544.061442053822,-54.406144205382205,-0.09999999999999964
2024-08-18 13:00:00,0.0,419.96604295105897,-41.9966042951059,-0.15000000000000036
2024-08-18 14:00:00,0.0,0.0,0.0,0.0
2024-08-18 15:00:00,0.0,455.2687077840428,-45.52687077840429,-0.09999999999999964
2024-08-18 16:00:00,761.6871055725215,0.0,76.16871055725215,0.25
2024-08-18 17:00:00,426.7087582844523,0.0,42.67087582844523,0.1999999999999993
2024-08-18 18:00:00,800.0,0.0,80.0,0.10000000000000142
2024-08-18 19:00:00,0.0,390.2865097829545,-39.02865097829545,-0.05000000000000071
2024-08-18 20:00:00,0.0,521.1413670634834,-52.11413670634834,-0.04999999999999982
2024-08-18 21:00:00,0.0,295.1578869527709,-29.515788695277095,-0.10000000000000053
2024-08-18 22:00:00,0.0,412.14439666461686,-41.214439666461686,-0.04999999999999982
2024-08-18 23:00:00,0.0,488.01495688295296,-48.8014956882953,-0.04999999999999982
2024-08-19 00:00:00,0.0,448.51107639059177,-44.85110763905918,-0.15000000000000036
2024-08-19 01:00:00,0.0,525.519926862803,-52.5519926862803,-0.049999999999998934
2024-08-19 02:00:00,0.0,565.6792420789291,-56.56792420789291,-0.05000000000000071
2024-08-19 03:00:00,679.9552622460081,0.0,67.99552622460082,0.04999999999999982
2024-08-19 04:00:00,723.3283645587898,0.0,72.33283645587898,0.5
2024-08-19 05:00:00,793.1563703648301,0.0,79.31563703648301,0.2500000000000009
2024-08-19 06:00:00,800.0,0.0,80.0,0.09999999999999964
2024-08-19 07:00:00,0.0,0.0,0.0,0.0
2024-08-19 08:00:00,0.0,339.25409108251085,-33.92540910825109,-0.10000000000000053
2024-08-19 09:00:00,0.0,423.6523831625975,-42.365238316259756,-0.14999999999999947
2024-08-19 10:00:00,0.0,399.0359654441222,-39.903596544412224,-0.10000000000000053
2024-08-19 11:00:00,0.0,519.5693066712851,-51.95693066712851,-0.04999999999999982
2024-08-19 12:00:00,0.0,528.7433974894101,-52.87433974894101,-0.15000000000000036
2024-08-19 13:00:00,0.0,600.0,-60.0,-0.09999999999999964
2024-08-19 14:00:00,0.0,490.4443422871897,-49.04443422871898,-0.09999999999999964
2024-08-19 15:00:00,0.0,542.9260937528887,-54.292609375288876,-0.10000000000000053
2024-08-19 16:00:00,0.0,0.0,0.0,0.0
2024-08-19 17:00:00,716.2857802471684,0.0,71.62857802471684,0.25
2024-08-19 18:00:00,433.93276029260915,0.0,43.39327602926092,0.20000000000000018
2024-08-19 19:00:00,0.0,0.0,0.0,0.0
2024-08-19 20:00:00,0.0,427.7629122077362,-42.77629122077362,-0.09999999999999964
2024-08-19 21:00:00,0.0,408.02389657320896,-40.8023896573209,-0.15000000000000036
2024-08-19 22:00:00,0.0,0.0,0.0,0.0
2024-08-19 23:00:00,0.0,496.7540982307522,-49.67540982307523,-0.09999999999999964
2024-08-20 00:00:00,0.0,518.266494111827,-51.8266494111827,-0.09999999999999964
2024-08-20 01:00:00,0.0,600.0,-60.0,-0.05000000000000071
2024-08-20 02:00:00,0.0,450.41913226901113,-45.041913226901116,-0.04999999999999982
2024-08-20 03:00:00,0.0,404.1891612655416,-40.418916126554166,-0.04999999999999982
2024-08-20 04:00:00,495.76411357542327,0.0,49.57641135754233,0.14999999999999947
2024-08-20 05:00:00,650.7674335955805,0.0,65.07674335955805,0.5000000000000009
2024-08-20 06:00:00,800.0,0.0,80.0,0.1999999999999993
2024-08-20 07:00:00,800.0,0.0,80.0,0.04999999999999982
2024-08-20 08:00:00,549.4634207215698,0.0,54.94634207215699,8.881784197001252e-16
2024-08-20 09:00:00,0.0,564.9657358177567,-56.49657358177567,-0.15000000000000036
2024-08-20 10:00:00,0.0,0.0,0.0,0.0
2024-08-20 11:00:00,0.0,544.8403253606383,-54.484032536063836,-0.09999999999999964
2024-08-20 12:00:00,0.0,600.0,-60.0,-0.10000000000000053
2024-08-20 13:00:00,0.0,378.7614404168109,-37.876144041681094,-0.15000000000000036
2024-08-20 14:00:00,0.0,600.0,-60.0,-0.04999999999999982
2024-08-20 15:00:00,0.0,502.04829889270667,-50.20482988927067,-0.09999999999999964
2024-08-20 16:00:00,0.0,338.7225100481617,-33.87225100481617,-0.09999999999999964
2024-08-20 17:00:00,558.655621089069,0.0,55.8655621089069,0.09999999999999964
2024-08-20 18:00:00,696.3111923327009,0.0,69.6311192332701,0.25
2024-08-20 19:00:00,591.0378747611664,0.0,59.10378747611665,0.09999999999999964
2024-08-20 20:00:00,0.0,0.0,0.0,0.0
2024-08-20 21:00:00,0.0,502.31254362266617,-50.23125436226662,-0.04999999999999982
2024-08-20 22:00:00,0.0,536.9042432325233,-53.69042432325233,-0.10000000000000053
2024-08-20 23:00:00,0.0,547.8690125170543,-54.78690125170544,-0.1999999999999993
2024-08-21 00:00:00,0.0,444.6187812363587,-44.46187812363587,-0.05000000000000071
2024-08-21 01:00:00,0.0,563.8844637902844,-56.38844637902844,-0.04999999999999982
2024-08-21 02:00:00,0.0,600.0,-60.0,-0.10000000000000053
2024-08-21 03:00:00,0.0,445.4705590721068,-44.547055907210684,-0.14999999999999858
2024-08-21 04:00:00,0.0,0.0,0.0,0.0
2024-08-21 05:00:00,661.5085085263285,0.0,66.15085085263284,0.3999999999999986
2024-08-21 06:00:00,800.0,0.0,80.0,0.3000000000000007
2024-08-21 07:00:00,247.9761149340637,0.0,24.79761149340637,0.25
2024-08-21 08:00:00,0.0,256.92389342157014,-25.692389342157014,-0.09999999999999964
2024-08-21 09:00:00,0.0,584.3527283836081,-58.43527283836082,-0.3000000000000007
2024-08-21 10:00:00,515.3955258681124,0.0,51.53955258681124,0.05000000000000071
2024-08-21 11:00:00,0.0,481.12720039756033,-48.112720039756034,-0.09999999999999964
2024-08-21 12:00:00,0.0,591.5320501374168,-59.15320501374168,-0.15000000000000036
2024-08-21 13:00:00,800.0,0.0,80.0,0.04999999999999982
2024-08-21 14:00:00,275.58159445200135,0.0,27.558159445200136,0.04999999999999982
2024-08-21 15:00:00,673.3959073114033,0.0,67.33959073114033,0.05000000000000071
2024-08-21 16:00:00,0.0,431.7143143813319,-43.1714314381332,-0.05000000000000071
2024-08-21 17:00:00,0.0,484.3212843096572,-48.43212843096572,-0.09999999999999964
2024-08-21 18:00:00,432.97463415706153,0.0,43.297463415706154,0.34999999999999964
2024-08-21 19:00:00,394.928358092711,0.0,39.4928358092711,0.3000000000000007
2024-08-21 20:00:00,625.5383308363679,0.0,62.55383308363679,0.049999999999998934
2024-08-21 21:00:00,0.0,505.33150709591615,-50.53315070959162,-0.04999999999999982
2024-08-21 22:00:00,0.0,422.44399099819475,-42.244399099819475,-0.14999999999999947
2024-08-21 23:00:00,0.0,280.99634920605683,-28.099634920605684,-0.09999999999999964
2024-08-22 00:00:00,0.0,546.7678240084665,-54.676782400846655,-8.881784197001252e-16
2024-08-22 01:00:00,0.0,327.7722883080095,-32.77722883080095,-0.14999999999999947
2024-08-22 02:00:00,0.0,459.95936870464857,-45.99593687046486,-0.15000000000000036
2024-08-22 03:00:00,0.0,510.0508427453155,-51.005084274531555,-0.05000000000000071
2024-08-22 04:00:00,0.0,515.6710925827296,-51.56710925827296,-0.09999999999999964
2024-08-22 05:00:00,0.0,0.0,0.0,0.0
2024-08-22 06:00:00,757.2448250651883,0.0,75.72448250651883,0.45000000000000107
2024-08-22 07:00:00,469.86517239130546,0.0,46.98651723913055,0.1999999999999993
2024-08-22 08:00:00,800.0,0.0,80.0,0.09999999999999964
2024-08-22 09:00:00,0.0,459.779611594945,-45.9779611594945,-0.14999999999999947
2024-08-22 10:00:00,0.0,561.2845649955018,-56.12845649955018,-0.04999999999999982
2024-08-22 11:00:00,0.0,600.0,-60.0,-0.20000000000000018
2024-08-22 12:00:00,0.0,497.1055883614148,-49.71055883614148,-0.04999999999999982
2024-08-22 13:00:00,0.0,438.5472143358184,-43.854721433581844,-0.10000000000000053
2024-08-22 14:00:00,0.0,481.0765823367402,-48.10765823367402,-0.04999999999999982
2024-08-22 15:00:00,0.0,498.7114803951413,-49.87114803951413,-0.09999999999999964
2024-08-22 16:00:00,0.0,477.61358829706734,-47.76135882970674,-0.10000000000000053
2024-08-22 17:00:00,0.0,446.73787428055397,-44.6737874280554,-0.09999999999999964
2024-08-22 18:00:00,800.0,0.0,80.0,0.14999999999999947
2024-08-22 19:00:00,800.0,0.0,80.0,0.4500000000000002
2024-08-22 20:00:00,767.7169810941764,0.0,76.77169810941764,0.15000000000000036
2024-08-22 21:00:00,0.0,488.23035960302303,-48.823035960302306,-0.10000000000000053
2024-08-22 22:00:00,0.0,396.66289720974396,-39.6662897209744,-0.09999999999999964
2024-08-22 23:00:00,0.0,416.2459793344151,-41.624597933441514,-0.09999999999999964
2024-08-23 00:00:00,0.0,352.07645099157014,-35.20764509915701,-0.15000000000000036
2024-08-23 01:00:00,0.0,600.0,-60.0,-0.04999999999999982
2024-08-23 02:00:00,0.0,456.05299311424585,-45.60529931142459,-0.10000000000000053
2024-08-23 03:00:00,0.0,552.0582082581036,-55.20582082581036,-0.15000000000000036
2024-08-23 04:00:00,0.0,287.4262521734628,-28.74262521734628,-0.14999999999999858
2024-08-23 05:00:00,360.51544456453297,0.0,36.0515444564533,0.049999999999998934
2024-08-23 06:00:00,263.6243055787655,0.0,26.36243055787655,0.20000000000000018
2024-08-23 07:00:00,505.82825992136196,0.0,50.5828259921362,0.4500000000000002
2024-08-23 08:00:00,800.0,0.0,80.0,0.1999999999999993
2024-08-23 09:00:00,686.1787052855167,0.0,68.61787052855168,8.881784197001252e-16
2024-08-23 10:00:00,0.0,444.9885389727123,-44.49885389727123,-0.10000000000000053
2024-08-23 11:00:00,0.0,397.27999251611067,-39.72799925161107,-0.15000000000000036
2024-08-23 12:00:00,0.0,600.0,-60.0,-0.14999999999999947
2024-08-23 13:00:00,0.0,326.60660437090337,-32.660660437090336,-0.09999999999999964
2024-08-23 14:00:00,0.0,590.8462001119506,-59.08462001119506,-0.10000000000000053
2024-08-23 15:00:00,0.0,507.60207045634957,-50.76020704563496,-0.09999999999999964
2024-08-23 16:00:00,0.0,352.38604005731,-35.238604005731005,-0.05000000000000071
2024-08-23 17:00:00,0.0,504.507794109884,-50.4507794109884,-0.049999999999998934
2024-08-23 18:00:00,0.0,431.61314532208604,-43.16131453220861,-0.09999999999999964
2024-08-23 19:00:00,535.8635763894782,0.0,53.586357638947824,0.34999999999999964
2024-08-23 20:00:00,563.8711931087074,0.0,56.387119310870744,0.34999999999999964
2024-08-23 21:00:00,800.0,0.0,80.0,0.15000000000000036
2024-08-23 22:00:00,0.0,600.0,-60.0,-0.05000000000000071
2024-08-23 23:00:00,0.0,408.5307147772571,-40.85307147772571,-0.09999999999999964
2024-08-24 00:00:00,0.0,436.6128328328558,-43.661283283285584,-0.75
2024-08-24 01:00:00,621.6042995102647,0.0,62.16042995102647,0.5499999999999998
2024-08-24 02:00:00,0.0,509.81550000464273,-50.981550000464274,-0.09999999999999964
2024-08-24 03:00:00,0.0,370.6634048989869,-37.06634048989869,-0.14999999999999947
2024-08-24 04:00:00,0.0,426.7197337696583,-42.67197337696584,-0.10000000000000053
2024-08-24 05:00:00,0.0,500.253503783553,-50.025350378355306,-0.04999999999999982
2024-08-24 06:00:00,0.0,456.5051019766847,-45.650510197668474,-0.15000000000000036
2024-08-24 07:00:00,625.5921067033081,0.0,62.55921067033081,0.40000000000000036
2024-08-24 08:00:00,560.2467471200943,0.0,56.02467471200943,0.34999999999999964
2024-08-24 09:00:00,589.022431592961,0.0,58.9022431592961,0.20000000000000018
2024-08-24 10:00:00,0.0,453.8768663876447,-45.38768663876448,-8.881784197001252e-16
2024-08-24 11:00:00,0.0,595.5488354200003,-59.55488354200003,-0.14999999999999947
2024-08-24 12:00:00,0.0,460.9906002578349,-46.099060025783494,-0.14999999999999947
2024-08-24 13:00:00,0.0,382.4984588305016,-38.24984588305016,-0.10000000000000053
2024-08-24 14:00:00,0.0,298.953730028016,-29.895373002801605,-0.09999999999999964
2024-08-24 15:00:00,0.0,600.0,-60.0,-0.10000000000000053
2024-08-24 16:00:00,0.0,484.1265323567745,-48.41265323567745,-0.04999999999999982
2024-08-24 17:00:00,0.0,564.7069188169324,-56.47069188169325,-0.14999999999999947
2024-08-24 18:00:00,0.0,486.1381381489229,-48.613813814892296,-0.05000000000000071
2024-08-24 19:00:00,543.5631899083747,0.0,54.35631899083748,0.05000000000000071
2024-08-24 20:00:00,502.68638302302867,0.0,50.26863830230287,0.5499999999999998
2024-08-24 21:00:00,772.6822084186269,0.0,77.2682208418627,0.14999999999999947
2024-08-24 22:00:00,0.0,0.0,0.0,0.0
2024-08-24 23:00:00,0.0,394.24771542666,-39.42477154266601,-0.09999999999999964
2024-08-25 00:00:00,0.0,468.4326279676367,-46.84326279676367,-0.05000000000000071
2024-08-25 01:00:00,0.0,384.69268354017714,-38.469268354017714,-0.14999999999999947
2024-08-25 02:00:00,0.0,451.37902214019704,-45.137902214019704,-0.09999999999999964
2024-08-25 03:00:00,0.0,538.0805574692383,-53.808055746923834,-0.10000000000000053
2024-08-25 04:00:00,0.0,450.87759545723924,-45.08775954572393,-0.04999999999999982
2024-08-25 05:00:00,0.0,600.0,-60.0,-0.14999999999999947
2024-08-25 06:00:00,0.0,467.11553303280505,-46.71155330328051,-0.05000000000000071
2024-08-25 07:00:00,0.0,342.5424278789766,-34.25424278789766,-0.04999999999999982
2024-08-25 08:00:00,650.6937869843159,0.0,65.06937869843159,0.40000000000000036
2024-08-25 09:00:00,800.0,0.0,80.0,0.25
2024-08-25 10:00:00,608.4673018869038,0.0,60.84673018869038,0.09999999999999964
2024-08-25 11:00:00,0.0,543.9250134125705,-54.39250134125705,-0.09999999999999964
2024-08-25 12:00:00,0.0,547.432783760139,-54.743278376013905,-0.10000000000000053
2024-08-25 13:00:00,0.0,421.42577454234595,-42.1425774542346,-0.09999999999999964
2024-08-25 14:00:00,0.0,456.7726140242229,-45.67726140242229,-0.09999999999999964
2024-08-25 15:00:00,0.0,547.1628674884034,-54.716286748840346,-0.10000000000000053
2024-08-25 16:00:00,0.0,560.6834288065037,-56.06834288065037,-0.04999999999999982
2024-08-25 17:00:00,0.0,271.89400349544076,-27.189400349544076,-0.15000000000000036
2024-08-25 18:00:00,0.0,429.60821806416334,-42.960821806416334,-0.04999999999999982
2024-08-25 19:00:00,0.0,393.32133263537094,-39.332133263537095,-0.04999999999999982
2024-08-25 20:00:00,800.0,0.0,80.0,0.25
2024-08-25 21:00:00,534.904814704819,0.0,53.49048147048191,0.34999999999999964
2024-08-25 22:00:00,736.5259157889345,0.0,73.65259157889345,0.10000000000000053
2024-08-25 23:00:00,546.5769448766364,0.0,54.65769448766364,0.04999999999999982
2024-08-26 00:00:00,0.0,535.1569571134797,-53.51569571134797,-0.09999999999999964
2024-08-26 01:00:00,0.0,524.5795736707029,-52.45795736707029,-0.10000000000000053
2024-08-26 02:00:00,0.0,419.385910776793,-41.938591077679305,-0.09999999999999964
2024-08-26 03:00:00,0.0,354.63898536816015,-35.46389853681602,-0.04999999999999982
2024-08-26 04:00:00,0.0,271.3641768911133,-27.13641768911133,-0.10000000000000053
2024-08-26 05:00:00,0.0,377.6191142162552,-37.76191142162552,-0.04999999999999982
2024-08-26 06:00:00,0.0,312.61094117381117,-31.26109411738112,-0.15000000000000036
2024-08-26 07:00:00,0.0,422.55409512554826,-42.25540951255483,-0.04999999999999982
2024-08-26 08:00:00,800.0,0.0,80.0,0.04999999999999982
2024-08-26 09:00:00,619.4021412085766,0.0,61.94021412085766,0.35000000000000053
2024-08-26 10:00:00,742.5983740015045,0.0,74.25983740015045,0.09999999999999964
2024-08-26 11:00:00,494.0655039304521,0.0,49.406550393045215,0.04999999999999982
2024-08-26 12:00:00,0.0,438.288167854842,-43.82881678548421,-0.09999999999999964
2024-08-26 13:00:00,0.0,0.0,0.0,0.0
2024-08-26 14:00:00,0.0,292.34646567459384,-29.234646567459386,-0.09999999999999964
2024-08-26 15:00:00,0.0,539.2552166392948,-53.92552166392948,-0.15000000000000036
2024-08-26 16:00:00,0.0,437.5374654457663,-43.753746544576636,-0.04999999999999982
2024-08-26 17:00:00,0.0,0.0,0.0,0.0
2024-08-26 18:00:00,0.0,221.3173609256339,-22.13173609256339,-0.10000000000000053
2024-08-26 19:00:00,0.0,400.3230691237228,-40.032306912372285,-0.15000000000000036
2024-08-26 20:00:00,719.496136605765,0.0,71.9496136605765,0.05000000000000071
2024-08-26 21:00:00,419.47307318551344,0.0,41.947307318551346,0.40000000000000036
2024-08-26 22:00:00,800.0,0.0,80.0,0.15000000000000036
2024-08-26 23:00:00,722.2207530829202,0.0,72.22207530829202,0.049999999999998934
2024-08-27 00:00:00,0.0,491.82868743270416,-49.18286874327042,-0.049999999999998934
2024-08-27 01:00:00,0.0,600.0,-60.0,-0.05000000000000071
2024-08-27 02:00:00,0.0,600.0,-60.0,-0.09999999999999964
2024-08-27 03:00:00,0.0,542.0214286880125,-54.20214286880125,-0.05000000000000071
2024-08-27 04:00:00,0.0,600.0,-60.0,-0.15000000000000036
2024-08-27 05:00:00,0.0,356.80065250731343,-35.680065250731346,-0.049999999999998934
2024-08-27 06:00:00,0.0,432.6955996176512,-43.269559961765125,-0.05000000000000071
2024-08-27 07:00:00,0.0,600.0,-60.0,-0.04999999999999982
2024-08-27 08:00:00,0.0,587.0593129255574,-58.70593129255574,-0.04999999999999982
2024-08-27 09:00:00,656.566125990843,0.0,65.65661259908431,0.05000000000000071
2024-08-27 10:00:00,0.0,381.14805844475774,-38.114805844475775,-0.05000000000000071
2024-08-27 11:00:00,784.036996832061,0.0,78.40369968320611,0.1999999999999993
2024-08-27 12:00:00,800.0,0.0,80.0,0.05000000000000071
2024-08-27 13:00:00,0.0,0.0,0.0,0.0
2024-08-27 14:00:00,0.0,442.9458132980978,-44.29458132980978,-0.09999999999999964
2024-08-27 15:00:00,0.0,429.86633280793177,-42.98663328079318,-0.05000000000000071
2024-08-27 16:00:00,0.0,600.0,-60.0,-0.04999999999999982
2024-08-27 17:00:00,0.0,478.98554876625457,-47.89855487662546,-0.10000000000000053
2024-08-27 18:00:00,0.0,0.0,0.0,0.0
2024-08-27 19:00:00,0.0,600.0,-60.0,-0.09999999999999964
2024-08-27 20:00:00,0.0,0.0,0.0,0.0
2024-08-27 21:00:00,800.0,0.0,80.0,0.15000000000000036
2024-08-27 22:00:00,574.37235157475,0.0,57.43723515747501,0.20000000000000018
2024-08-27 23:00:00,800.0,0.0,80.0,0.20000000000000018
2024-08-28 00:00:00,350.11716644856335,0.0,35.011716644856335,0.09999999999999964
2024-08-28 01:00:00,0.0,0.0,0.0,0.0
2024-08-28 02:00:00,0.0,406.5219163701132,-40.65219163701133,-0.05000000000000071
2024-08-28 03:00:00,0.0,485.3146957070344,-48.53146957070344,-0.049999999999998934
2024-08-28 04:00:00,0.0,454.57379746538095,-45.457379746538095,-0.05000000000000071
2024-08-28 05:00:00,0.0,442.9194883082463,-44.29194883082463,-0.04999999999999982
2024-08-28 06:00:00,0.0,270.5313566987899,-27.053135669878994,-0.09999999999999964
2024-08-28 07:00:00,0.0,486.7015735277047,-48.670157352770474,-0.04999999999999982
2024-08-28 08:00:00,0.0,0.0,0.0,0.0
2024-08-28 09:00:00,0.0,448.6074230741558,-44.860742307415585,-0.09999999999999964
2024-08-28 10:00:00,0.0,0.0,0.0,0.0
2024-08-28 11:00:00,0.0,0.0,0.0,0.0
2024-08-28 12:00:00,800.0,0.0,80.0,0.049999999999998934
2024-08-28 13:00:00,458.7118536917963,0.0,45.871185369179635,0.05000000000000071
2024-08-28 14:00:00,0.0,486.5916180722743,-48.659161807227434,-0.05000000000000071
2024-08-28 15:00:00,0.0,0.0,0.0,0.0
2024-08-28 16:00:00,0.0,346.97729298224635,-34.69772929822464,-0.049999999999998934
2024-08-28 17:00:00,0.0,585.4224109932829,-58.542241099328294,-0.10000000000000142
2024-08-28 18:00:00,800.0,0.0,80.0,0.05000000000000071
2024-08-28 19:00:00,0.0,0.0,0.0,0.0
2024-08-28 20:00:00,0.0,0.0,0.0,0.0
2024-08-28 21:00:00,0.0,0.0,0.0,0.0
2024-08-28 22:00:00,800.0,0.0,80.0,0.05000000000000071
2024-08-28 23:00:00,800.0,0.0,80.0,0.14999999999999947
2024-08-29 00:00:00,576.064935950338,0.0,57.60649359503381,0.20000000000000018
2024-08-29 01:00:00,440.1641785156417,0.0,44.01641785156417,0.09999999999999964
2024-08-29 02:00:00,738.8314946420307,0.0,73.88314946420307,0.04999999999999982
2024-08-29 03:00:00,800.0,0.0,80.0,0.04999999999999982
2024-08-29 04:00:00,0.0,442.3466755733671,-44.234667557336714,-0.15000000000000036
2024-08-29 05:00:00,0.0,568.8560553695141,-56.88560553695142,-0.049999999999998934
2024-08-29 06:00:00,0.0,484.2771028925557,-48.42771028925557,-0.05000000000000071
2024-08-29 07:00:00,0.0,356.10655069707485,-35.610655069707484,-0.049999999999998934
2024-08-29 08:00:00,0.0,425.6509087670979,-42.565090876709796,-0.10000000000000142
2024-08-29 09:00:00,0.0,427.53605704522283,-42.753605704522286,-0.049999999999998934
2024-08-29 10:00:00,0.0,518.5869468360363,-51.85869468360363,-0.10000000000000053
2024-08-29 11:00:00,0.0,498.09897704025167,-49.80989770402517,-0.04999999999999982
2024-08-29 12:00:00,0.0,490.7486295188992,-49.07486295188992,-0.04999999999999982
2024-08-29 13:00:00,800.0,0.0,80.0,0.04999999999999982
2024-08-29 14:00:00,709.8783096056454,0.0,70.98783096056455,0.04999999999999982
2024-08-29 15:00:00,800.0,0.0,80.0,0.04999999999999982
2024-08-29 16:00:00,710.8363357023278,0.0,71.08363357023278,0.05000000000000071
2024-08-29 17:00:00,0.0,0.0,0.0,0.0
2024-08-29 18:00:00,0.0,0.0,0.0,0.0
2024-08-29 19:00:00,0.0,376.646988224465,-37.6646988224465,-0.05000000000000071
2024-08-29 20:00:00,0.0,452.0130444171086,-45.20130444171086,-0.04999999999999982
2024-08-29 21:00:00,0.0,0.0,0.0,0.0
2024-08-29 22:00:00,0.0,387.86282857347584,-38.78628285734759,-0.09999999999999964
2024-08-29 23:00:00,0.0,0.0,0.0,0.0
2024-08-30 00:00:00,489.92830520026877,0.0,48.99283052002688,0.09999999999999964
2024-08-30 01:00:00,800.0,0.0,80.0,0.14999999999999947
2024-08-30 02:00:00,651.4241165315781,0.0,65.14241165315781,0.20000000000000107
2024-08-30 03:00:00,557.1292049988634,0.0,55.712920499886344,0.1999999999999993
2024-08-30 04:00:00,800.0,0.0,80.0,0.05000000000000071
2024-08-30 05:00:00,0.0,377.3835812584677,-37.73835812584677,-0.20000000000000107
2024-08-30 06:00:00,0.0,532.8252277204255,-53.28252277204255,-0.049999999999998934
2024-08-30 07:00:00,0.0,385.5793917224531,-38.55793917224531,-0.05000000000000071
2024-08-30 08:00:00,0.0,537.1730768711064,-53.71730768711065,-0.049999999999998934
2024-08-30 09:00:00,0.0,453.9297720671892,-45.392977206718925,-0.10000000000000142
2024-08-30 10:00:00,0.0,471.23604264759564,-47.123604264759564,-0.14999999999999947
2024-08-30 11:00:00,0.0,573.6530151464376,-57.36530151464376,-0.04999999999999982
2024-08-30 12:00:00,0.0,595.5029720623576,-59.55029720623576,-0.09999999999999964
2024-08-30 13:00:00,0.0,527.3631799680229,-52.73631799680229,-0.05000000000000071
2024-08-30 14:00:00,0.0,0.0,0.0,0.0
2024-08-30 15:00:00,635.2407125461489,0.0,63.52407125461489,0.15000000000000036
2024-08-30 16:00:00,800.0,0.0,80.0,0.09999999999999964
2024-08-30 17:00:00,638.4430420256635,0.0,63.844304202566356,0.09999999999999964
2024-08-30 18:00:00,0.0,0.0,0.0,0.0
2024-08-30 19:00:00,0.0,455.4849023973158,-45.548490239731585,-0.049999999999998934
2024-08-30 20:00:00,0.0,308.21356126546766,-30.821356126546767,-0.10000000000000053
2024-08-30 21:00:00,0.0,506.84456584382514,-50.68445658438252,-0.09999999999999964
2024-08-30 22:00:00,0.0,504.67775985340813,-50.467775985340815,-0.04999999999999982
2024-08-30 23:00:00,0.0,568.7549399888059,-56.875493998880586,-0.10000000000000053
2024-08-31 00:00:00,0.0,0.0,0.0,0.0
2024-08-31 01:00:00,0.0,0.0,0.0,0.0
2024-08-31 02:00:00,599.8592983223001,0.0,59.98592983223001,0.20000000000000018
2024-08-31 03:00:00,577.2066021183912,0.0,57.72066021183912,0.40000000000000036
2024-08-31 04:00:00,363.45622021571666,0.0,36.345622021571664,0.25
2024-08-31 05:00:00,800.0,0.0,80.0,0.04999999999999982
2024-08-31 06:00:00,0.0,486.05030869910814,-48.60503086991082,-0.04999999999999982
2024-08-31 07:00:00,0.0,438.8131789843224,-43.88131789843224,-0.15000000000000036
2024-08-31 08:00:00,0.0,312.8447623254526,-31.284476232545263,-0.15000000000000036
2024-08-31 09:00:00,0.0,400.6579986490392,-40.06579986490392,-0.09999999999999964
2024-08-31 10:00:00,0.0,600.0,-60.0,-0.15000000000000036
2024-08-31 11:00:00,0.0,490.42144449810553,-49.04214444981056,-0.09999999999999964
2024-08-31 12:00:00,0.0,499.78852569333424,-49.97885256933343,-0.20000000000000018
2024-08-31 13:00:00,0.0,0.0,0.0,0.0
2024-08-31 14:00:00,0.0,534.3592769349622,-53.43592769349622,-0.04999999999999982
2024-08-31 15:00:00,800.0,0.0,80.0,0.09999999999999964
2024-08-31 16:00:00,800.0,0.0,80.0,0.20000000000000107
2024-08-31 17:00:00,800.0,0.0,80.0,0.14999999999999858
2024-08-31 18:00:00,800.0,0.0,80.0,0.10000000000000142
2024-08-31 19:00:00,0.0,422.5327846657375,-42.253278466573754,-0.05000000000000071
2024-08-31 20:00:00,0.0,471.83963495539564,-47.183963495539565,-0.09999999999999964
2024-08-31 21:00:00,0.0,433.97360744138297,-43.3973607441383,-0.10000000000000053
2024-08-31 22:00:00,0.0,501.74104690034403,-50.174104690034405,-0.09999999999999964
2024-08-31 23:00:00,0.0,402.5979598981878,-40.259795989818784,-0.04999999999999982
2024-09-01 00:00:00,0.0,600.0,-60.0,-0.10000000000000053
2024-09-01 01:00:00,0.0,557.7065501559457,-55.77065501559457,-0.09999999999999964
2024-09-01 02:00:00,0.0,0.0,0.0,0.0
2024-09-01 03:00:00,570.2356018863048,0.0,57.02356018863048,0.35000000000000053
2024-09-01 04:00:00,532.7881592320458,0.0,53.27881592320458,0.4499999999999993
2024-09-01 05:00:00,800.0,0.0,80.0,0.25
2024-09-01 06:00:00,800.0,0.0,80.0,0.04999999999999982
2024-09-01 07:00:00,0.0,241.17447862127824,-24.117447862127825,-0.10000000000000053
2024-09-01 08:00:00,0.0,455.3945813002693,-45.53945813002693,-0.14999999999999947
2024-09-01 09:00:00,0.0,454.15909271590124,-45.415909271590124,-0.09999999999999964
2024-09-01 10:00:00,0.0,453.5246071274541,-45.35246071274541,-0.20000000000000018
2024-09-01 11:00:00,0.0,182.75806964550588,-18.27580696455059,-0.15000000000000036
2024-09-01 12:00:00,0.0,545.4273437586228,-54.54273437586228,-0.09999999999999964
2024-09-01 13:00:00,0.0,392.6423499325967,-39.26423499325967,-0.09999999999999964
2024-09-01 14:00:00,0.0,439.3081600978765,-43.930816009787655,-0.10000000000000053
2024-09-01 15:00:00,0.0,578.8816227404685,-57.888162274046856,-0.09999999999999964
2024-09-01 16:00:00,695.89265611412,0.0,69.589265611412,0.2999999999999998
2024-09-01 17:00:00,309.21758583668924,0.0,30.921758583668925,0.25
2024-09-01 18:00:00,725.0503835085556,0.0,72.50503835085556,0.1999999999999993
2024-09-01 19:00:00,0.0,0.0,0.0,0.0
2024-09-01 20:00:00,0.0,356.41823634351067,-35.64182363435107,-0.14999999999999858
2024-09-01 21:00:00,0.0,469.21689166636764,-46.92168916663677,-0.15000000000000036
2024-09-01 22:00:00,0.0,461.4424462379107,-46.144244623791074,-0.10000000000000053
2024-09-01 23:00:00,0.0,407.874473849921,-40.787447384992106,-0.09999999999999964
2024-09-02 00:00:00,0.0,394.70573587471483,-39.470573587471485,-0.10000000000000053
2024-09-02 01:00:00,0.0,406.57523712588636,-40.65752371258864,-0.04999999999999982
2024-09-02 02:00:00,0.0,483.7614479478983,-48.37614479478984,-0.09999999999999964
2024-09-02 03:00:00,800.0,0.0,80.0,0.04999999999999982
2024-09-02 04:00:00,371.0226337361017,0.0,37.10226337361017,0.5499999999999998
2024-09-02 05:00:00,787.4646806107883,0.0,78.74646806107883,0.35000000000000053
2024-09-02 06:00:00,800.0,0.0,80.0,0.1999999999999993
2024-09-02 07:00:00,0.0,446.0905132589589,-44.60905132589589,-0.04999999999999982
2024-09-02 08:00:00,0.0,512.5960759169127,-51.25960759169127,-0.14999999999999947
2024-09-02 09:00:00,0.0,532.8411403787331,-53.284114037873316,-0.15000000000000036
2024-09-02 10:00:00,0.0,563.7163276717945,-56.37163276717945,-0.15000000000000036
2024-09-02 11:00:00,0.0,346.9531392499848,-34.69531392499848,-0.1999999999999993
2024-09-02 12:00:00,0.0,439.3791655529607,-43.93791655529608,-0.05000000000000071
2024-09-02 13:00:00,0.0,546.2782574814545,-54.627825748145455,-0.1999999999999993
2024-09-02 14:00:00,0.0,416.1275853861835,-41.61275853861835,-0.10000000000000053
2024-09-02 15:00:00,0.0,588.0920866739043,-58.809208667390436,-0.09999999999999964
2024-09-02 16:00:00,800.0,0.0,80.0,0.14999999999999947
2024-09-02 17:00:00,569.133408663152,0.0,56.913340866315195,0.35000000000000053
2024-09-02 18:00:00,547.2321914301174,0.0,54.72321914301174,0.25
2024-09-02 19:00:00,800.0,0.0,80.0,0.04999999999999982
2024-09-02 20:00:00,0.0,377.142624193833,-37.7142624193833,-0.05000000000000071
2024-09-02 21:00:00,0.0,496.0896876614588,-49.608968766145885,-0.09999999999999964
2024-09-02 22:00:00,0.0,522.9561326898248,-52.295613268982486,-0.14999999999999947
2024-09-02 23:00:00,0.0,348.5008280505704,-34.85008280505704,-0.15000000000000036
2024-09-03 00:00:00,0.0,476.8395233479158,-47.683952334791584,-0.14999999999999947
2024-09-03 01:00:00,0.0,410.97970676681115,-41.097970676681115,-0.10000000000000053
2024-09-03 02:00:00,0.0,493.0060320066836,-49.30060320066836,-0.09999999999999964
2024-09-03 03:00:00,0.0,493.6262001243372,-49.36262001243372,-0.10000000000000053
2024-09-03 04:00:00,800.0,0.0,80.0,0.40000000000000036
2024-09-03 05:00:00,578.4431712333412,0.0,57.84431712333412,0.5999999999999996
2024-09-03 06:00:00,680.3571228301817,0.0,68.03571228301817,0.3000000000000007
2024-09-03 07:00:00,0.0,0.0,0.0,0.0
2024-09-03 08:00:00,0.0,281.8979227231904,-28.18979227231904,-0.15000000000000036
2024-09-03 09:00:00,0.0,438.46358163211556,-43.84635816321156,-0.15000000000000036
2024-09-03 10:00:00,0.0,600.0,-60.0,-0.1999999999999993
2024-09-03 11:00:00,0.0,509.3381315582945,-50.933813155829455,-0.09999999999999964
2024-09-03 12:00:00,0.0,600.0,-60.0,-0.20000000000000107
2024-09-03 13:00:00,0.0,514.2335993666966,-51.42335993666966,-0.09999999999999964
2024-09-03 14:00:00,0.0,600.0,-60.0,-0.15000000000000036
2024-09-03 15:00:00,0.0,527.7266943806719,-52.7726694380672,-0.04999999999999982
2024-09-03 16:00:00,0.0,417.88895623257025,-41.78889562325703,-0.09999999999999964
2024-09-03 17:00:00,800.0,0.0,80.0,0.39999999999999947
2024-09-03 18:00:00,640.7304748555187,0.0,64.07304748555187,0.25
2024-09-03 19:00:00,800.0,0.0,80.0,0.20000000000000107
2024-09-03 20:00:00,0.0,367.85336693997414,-36.785336693997415,-8.881784197001252e-16
2024-09-03 21:00:00,0.0,600.0,-60.0,-0.10000000000000053
2024-09-03 22:00:00,0.0,600.0,-60.0,-0.14999999999999858
2024-09-03 23:00:00,0.0,467.63428083004027,-46.76342808300403,-0.15000000000000036
2024-09-04 00:00:00,0.0,435.40400144358944,-43.54040014435895,-0.15000000000000036
2024-09-04 01:00:00,0.0,476.4707818681724,-47.64707818681725,-0.15000000000000036
2024-09-04 02:00:00,0.0,438.5734707411277,-43.857347074112774,-0.14999999999999947
2024-09-04 03:00:00,0.0,493.27978150617133,-49.327978150617135,-0.10000000000000053
2024-09-04 04:00:00,0.0,0.0,0.0,0.0
2024-09-04 05:00:00,800.0,0.0,80.0,0.6000000000000005
2024-09-04 06:00:00,677.1461754429272,0.0,67.71461754429272,0.39999999999999947
2024-09-04 07:00:00,800.0,0.0,80.0,0.20000000000000018
2024-09-04 08:00:00,0.0,373.2941787208016,-37.329417872080164,-0.04999999999999982
2024-09-04 09:00:00,0.0,600.0,-60.0,-0.20000000000000018
2024-09-04 10:00:00,0.0,499.7809830113348,-49.978098301133485,-0.10000000000000053
2024-09-04 11:00:00,0.0,572.5608962395431,-57.25608962395432,-0.14999999999999858
2024-09-04 12:00:00,0.0,403.0297776025622,-40.302977760256226,-0.15000000000000036
2024-09-04 13:00:00,0.0,483.22333574286176,-48.322333574286176,-0.15000000000000036
2024-09-04 14:00:00,0.0,600.0,-60.0,-0.20000000000000018
2024-09-04 15:00:00,0.0,363.66888341946907,-36.36688834194691,-0.09999999999999964
2024-09-04 16:00:00,0.0,381.30711977236155,-38.13071197723615,-0.10000000000000053
2024-09-04 17:00:00,708.3913263420457,0.0,70.83913263420457,0.25
2024-09-04 18:00:00,757.0073864434776,0.0,75.70073864434777,0.5
2024-09-04 19:00:00,612.6051739503021,0.0,61.260517395030206,0.25
2024-09-04 20:00:00,0.0,0.0,0.0,0.0
2024-09-04 21:00:00,0.0,485.0645278070458,-48.506452780704585,-0.09999999999999964
2024-09-04 22:00:00,0.0,540.6063994181051,-54.06063994181051,-0.15000000000000036
2024-09-04 23:00:00,0.0,526.0005691022184,-52.60005691022184,-0.15000000000000036
2024-09-05 00:00:00,0.0,600.0,-60.0,-0.14999999999999947
2024-09-05 01:00:00,0.0,553.9065981326152,-55.39065981326152,-0.09999999999999964
2024-09-05 02:00:00,0.0,339.9585515460193,-33.995855154601934,-0.15000000000000036
2024-09-05 03:00:00,0.0,300.70971815760464,-30.070971815760466,-0.09999999999999964
2024-09-05 04:00:00,0.0,547.0130572302672,-54.70130572302673,-0.10000000000000053
2024-09-05 05:00:00,511.69360997805325,0.0,51.16936099780533,0.40000000000000036
2024-09-05 06:00:00,582.4641035225536,0.0,58.24641035225537,0.5
2024-09-05 07:00:00,539.7991948746436,0.0,53.979919487464365,0.2999999999999998
2024-09-05 08:00:00,800.0,0.0,80.0,0.10000000000000053
2024-09-05 09:00:00,0.0,349.06635159399184,-34.90663515939919,-0.20000000000000018
2024-09-05 10:00:00,0.0,600.0,-60.0,-0.14999999999999947
2024-09-05 11:00:00,0.0,538.7954836370659,-53.87954836370659,-0.15000000000000036
2024-09-05 12:00:00,0.0,546.6592557265624,-54.66592557265624,-0.20000000000000018
2024-09-05 13:00:00,0.0,428.21290857746607,-42.82129085774661,-0.20000000000000018
2024-09-05 14:00:00,0.0,585.7758674178452,-58.57758674178453,-0.09999999999999964
2024-09-05 15:00:00,0.0,462.4991944868984,-46.24991944868984,-0.10000000000000053
2024-09-05 16:00:00,0.0,600.0,-60.0,-0.14999999999999947
2024-09-05 17:00:00,0.0,0.0,0.0,0.0
2024-09-05 18:00:00,800.0,0.0,80.0,0.5
2024-09-05 19:00:00,800.0,0.0,80.0,0.34999999999999964
2024-09-05 20:00:00,675.9577477532082,0.0,67.59577477532082,0.15000000000000036
2024-09-05 21:00:00,0.0,491.1532825044011,-49.115328250440115,-0.05000000000000071
2024-09-05 22:00:00,0.0,566.0708077780961,-56.607080777809614,-0.15000000000000036
2024-09-05 23:00:00,0.0,370.7515656418825,-37.075156564188255,-0.14999999999999858
2024-09-06 00:00:00,0.0,600.0,-60.0,-0.15000000000000036
2024-09-06 01:00:00,0.0,395.2788826463575,-39.52788826463575,-0.15000000000000036
2024-09-06 02:00:00,0.0,515.1485826345032,-51.51485826345032,-0.20000000000000018
2024-09-06 03:00:00,0.0,546.9368345435984,-54.69368345435984,-0.09999999999999964
2024-09-06 04:00:00,0.0,442.50451777460296,-44.2504517774603,-0.10000000000000053
2024-09-06 05:00:00,0.0,0.0,0.0,0.0
2024-09-06 06:00:00,589.5805139039567,0.0,58.95805139039567,0.6500000000000004
2024-09-06 07:00:00,536.4210075099344,0.0,53.64210075099344,0.34999999999999964
2024-09-06 08:00:00,800.0,0.0,80.0,0.15000000000000036
2024-09-06 09:00:00,0.0,420.03048661937294,-42.0030486619373,-0.04999999999999982
2024-09-06 10:00:00,0.0,359.98012675492794,-35.998012675492795,-0.20000000000000018
2024-09-06 11:00:00,0.0,571.2144269221202,-57.12144269221202,-0.1999999999999993
2024-09-06 12:00:00,0.0,538.0276036747817,-53.80276036747818,-0.15000000000000036
2024-09-06 13:00:00,0.0,572.3276299637304,-57.23276299637304,-0.15000000000000036
2024-09-06 14:00:00,0.0,600.0,-60.0,-0.09999999999999964
2024-09-06 15:00:00,0.0,590.246455744888,-59.0246455744888,-0.20000000000000018
2024-09-06 16:00:00,0.0,430.6745074147542,-43.067450741475426,-0.10000000000000053
2024-09-06 17:00:00,0.0,450.63360916386523,-45.06336091638653,-0.04999999999999982
2024-09-06 18:00:00,800.0,0.0,80.0,0.35000000000000053
2024-09-06 19:00:00,346.34495751757356,0.0,34.634495751757356,0.40000000000000036
2024-09-06 20:00:00,800.0,0.0,80.0,0.29999999999999893
2024-09-06 21:00:00,0.0,0.0,0.0,0.0
2024-09-06 22:00:00,0.0,363.165312541965,-36.316531254196505,-0.1999999999999993
2024-09-06 23:00:00,0.0,570.1044924203121,-57.010449242031214,-0.09999999999999964
2024-09-07 00:00:00,0.0,439.1735591266679,-43.91735591266679,-0.15000000000000036
2024-09-07 01:00:00,0.0,548.6050255989062,-54.86050255989062,-0.15000000000000036
2024-09-07 02:00:00,0.0,513.920441309834,-51.39204413098341,-0.09999999999999964
2024-09-07 03:00:00,0.0,600.0,-60.0,-0.20000000000000018
2024-09-07 04:00:00,0.0,587.1656249584228,-58.71656249584228,-0.10000000000000053
2024-09-07 05:00:00,0.0,600.0,-60.0,-0.14999999999999947
2024-09-07 06:00:00,615.4020927458017,0.0,61.54020927458018,0.35000000000000053
2024-09-07 07:00:00,403.4423253874621,0.0,40.34423253874621,0.5499999999999989
2024-09-07 08:00:00,800.0,0.0,80.0,0.20000000000000107
2024-09-07 09:00:00,800.0,0.0,80.0,0.049999999999998934
2024-09-07 10:00:00,0.0,279.11330340917846,-27.911330340917846,-0.1999999999999993
2024-09-07 11:00:00,0.0,390.83947150212884,-39.083947150212886,-0.09999999999999964
2024-09-07 12:00:00,0.0,507.8176616649163,-50.78176616649163,-0.20000000000000107
2024-09-07 13:00:00,0.0,600.0,-60.0,-0.09999999999999964
2024-09-07 14:00:00,0.0,521.3315155739305,-52.13315155739305,-0.20000000000000018
2024-09-07 15:00:00,0.0,414.4107515846151,-41.441075158461516,-0.14999999999999947
2024-09-07 16:00:00,0.0,461.3327780913726,-46.13327780913726,-0.15000000000000036
2024-09-07 17:00:00,0.0,600.0,-60.0,-0.10000000000000009
2024-09-07 18:00:00,478.76521156615405,0.0,47.87652115661541,0.19999999999999973
2024-09-07 19:00:00,733.2928635108276,0.0,73.32928635108276,0.6000000000000005
2024-09-07 20:00:00,800.0,0.0,80.0,0.2999999999999998
2024-09-07 21:00:00,800.0,0.0,80.0,0.15000000000000036
2024-09-07 22:00:00,0.0,498.1363413293315,-49.81363413293315,-0.15000000000000036
2024-09-07 23:00:00,0.0,494.2058103490603,-49.420581034906036,-0.15000000000000036
2024-09-08 00:00:00,0.0,450.7894774028909,-45.078947740289095,-0.1999999999999993
2024-09-08 01:00:00,0.0,589.9215544413543,-58.99215544413543,-0.15000000000000036
2024-09-08 02:00:00,0.0,589.061102135286,-58.9061102135286,-0.20000000000000018
2024-09-08 03:00:00,0.0,390.84761298401014,-39.08476129840102,-0.09999999999999964
2024-09-08 04:00:00,0.0,391.1588657147985,-39.11588657147985,-0.15000000000000036
2024-09-08 05:00:00,0.0,531.6644339468539,-53.166443394685395,-0.09999999999999964
2024-09-08 06:00:00,800.0,0.0,80.0,0.04999999999999982
2024-09-08 07:00:00,628.9116223907716,0.0,62.89116223907717,0.5999999999999996
2024-09-08 08:00:00,800.0,0.0,80.0,0.35000000000000053
2024-09-08 09:00:00,533.6186787828642,0.0,53.361867878286425,0.09999999999999964
2024-09-08 10:00:00,0.0,585.5734978717998,-58.55734978717998,-0.10000000000000053
2024-09-08 11:00:00,0.0,454.71729025236675,-45.47172902523668,-0.14999999999999858
2024-09-08 12:00:00,0.0,570.4089025177575,-57.04089025177575,-0.20000000000000107
2024-09-08 13:00:00,0.0,376.9442949460303,-37.694429494603035,-0.1999999999999993
2024-09-08 14:00:00,0.0,383.11804189100957,-38.31180418910096,-0.15000000000000036
2024-09-08 15:00:00,0.0,351.45272852231466,-35.145272852231464,-0.15000000000000036
2024-09-08 16:00:00,0.0,523.9688794834221,-52.39688794834222,-0.09999999999999964
2024-09-08 17:00:00,0.0,436.9318529798989,-43.69318529798989,-0.20000000000000018
2024-09-08 18:00:00,456.9866609717359,0.0,45.69866609717359,0.10000000000000009
2024-09-08 19:00:00,747.4387217632401,0.0,74.74387217632402,0.5000000000000004
2024-09-08 20:00:00,800.0,0.0,80.0,0.4499999999999993
2024-09-08 21:00:00,681.1639051953476,0.0,68.11639051953476,0.25
2024-09-08 22:00:00,0.0,439.1545416463841,-43.91545416463841,-0.049999999999998934
2024-09-08 23:00:00,0.0,555.5907593227007,-55.559075932270076,-0.20000000000000107
2024-09-09 00:00:00,0.0,401.94991502551534,-40.19499150255154,-0.14999999999999947
2024-09-09 01:00:00,0.0,449.2575605249943,-44.92575605249943,-0.20000000000000018
2024-09-09 02:00:00,0.0,414.8487850566807,-41.48487850566807,-0.15000000000000036
2024-09-09 03:00:00,0.0,526.0387935965506,-52.60387935965506,-0.14999999999999947
2024-09-09 04:00:00,0.0,600.0,-60.0,-0.15000000000000036
2024-09-09 05:00:00,0.0,324.31699790375086,-32.431699790375085,-0.09999999999999964
2024-09-09 06:00:00,0.0,0.0,0.0,0.0
2024-09-09 07:00:00,678.8181581029485,0.0,67.88181581029485,0.2499999999999991
2024-09-09 08:00:00,800.0,0.0,80.0,0.45000000000000107
2024-09-09 09:00:00,527.6092989441219,0.0,52.760929894412186,0.1999999999999993
2024-09-09 10:00:00,0.0,0.0,0.0,0.0
2024-09-09 11:00:00,0.0,600.0,-60.0,-0.14999999999999947
2024-09-09 12:00:00,0.0,509.4679432132756,-50.94679432132756,-0.20000000000000018
2024-09-09 13:00:00,0.0,520.4739767591979,-52.04739767591979,-0.25
2024-09-09 14:00:00,0.0,420.94898458900457,-42.09489845890046,-0.09999999999999964
2024-09-09 15:00:00,0.0,424.29093983987315,-42.429093983987315,-0.15000000000000036
2024-09-09 16:00:00,0.0,418.5651142686627,-41.85651142686627,-0.10000000000000009
2024-09-09 17:00:00,0.0,530.666576407481,-53.066657640748105,-0.10000000000000009
2024-09-09 18:00:00,0.0,0.0,0.0,0.0
2024-09-09 19:00:00,250.93298378202195,0.0,25.093298378202196,0.2999999999999998
2024-09-09 20:00:00,800.0,0.0,80.0,0.5500000000000007
2024-09-09 21:00:00,623.4576782728449,0.0,62.34576782728449,0.1999999999999993
2024-09-09 22:00:00,684.9338128769267,0.0,68.49338128769267,0.15000000000000036
2024-09-09 23:00:00,0.0,600.0,-60.0,-0.1999999999999993
2024-09-10 00:00:00,0.0,384.4788807931688,-38.44788807931688,-0.15000000000000036
2024-09-10 01:00:00,0.0,579.7265429051903,-57.97265429051903,-0.3000000000000007
2024-09-10 02:00:00,0.0,394.20427705555466,-39.42042770555547,-0.15000000000000036
2024-09-10 03:00:00,0.0,530.4866673642761,-53.048666736427606,-0.09999999999999964
2024-09-10 04:00:00,0.0,489.734223314471,-48.973422331447104,-0.09999999999999964
2024-09-10 05:00:00,0.0,375.3877724102367,-37.53877724102367,-0.04999999999999982
2024-09-10 06:00:00,0.0,583.3190842490278,-58.331908424902785,-0.050000000000000266
2024-09-10 07:00:00,0.0,0.0,0.0,0.0
2024-09-10 08:00:00,800.0,0.0,80.0,0.3500000000000001
2024-09-10 09:00:00,800.0,0.0,80.0,0.2999999999999998
2024-09-10 10:00:00,696.4527195505904,0.0,69.64527195505904,0.10000000000000053
2024-09-10 11:00:00,0.0,364.5713374002822,-36.45713374002822,-0.15000000000000036
2024-09-10 12:00:00,0.0,520.3730426494795,-52.037304264947956,-0.25
2024-09-10 13:00:00,0.0,554.7597920321748,-55.475979203217484,-0.15000000000000036
2024-09-10 14:00:00,0.0,449.7607162913643,-44.976071629136435,-0.09999999999999964
2024-09-10 15:00:00,0.0,491.12520975556447,-49.11252097555645,-0.04999999999999982
2024-09-10 16:00:00,0.0,375.27700120698114,-37.527700120698114,-0.15000000000000036
2024-09-10 17:00:00,0.0,0.0,0.0,0.0
2024-09-10 18:00:00,0.0,530.9714801837405,-53.09714801837405,-0.04999999999999982
2024-09-10 19:00:00,800.0,0.0,80.0,0.1499999999999999
2024-09-10 20:00:00,800.0,0.0,80.0,0.30000000000000027
2024-09-10 21:00:00,522.2890173266561,0.0,52.22890173266561,0.09999999999999964
2024-09-10 22:00:00,800.0,0.0,80.0,0.15000000000000036
2024-09-10 23:00:00,0.0,0.0,0.0,0.0
2024-09-11 00:00:00,0.0,459.26639759612635,-45.92663975961264,-0.15000000000000036
2024-09-11 01:00:00,0.0,531.7661389273704,-53.176613892737045,-0.14999999999999947
2024-09-11 02:00:00,0.0,482.2920534862774,-48.229205348627744,-0.05000000000000071
2024-09-11 03:00:00,0.0,421.6749435464089,-42.167494354640894,-0.04999999999999982
2024-09-11 04:00:00,0.0,391.6784108745343,-39.16784108745343,-0.1499999999999999
2024-09-11 05:00:00,0.0,0.0,0.0,0.0
2024-09-11 06:00:00,0.0,511.3657023224365,-51.136570232243656,-0.050000000000000266
2024-09-11 07:00:00,800.0,0.0,80.0,0.050000000000000266
2024-09-11 08:00:00,558.6167516261182,0.0,55.861675162611824,0.10000000000000009
2024-09-11 09:00:00,800.0,0.0,80.0,0.20000000000000018
2024-09-11 10:00:00,707.5680497752542,0.0,70.75680497752542,0.09999999999999964
2024-09-11 11:00:00,0.0,402.9786836493194,-40.297868364931944,-0.04999999999999982
2024-09-11 12:00:00,0.0,0.0,0.0,0.0
2024-09-11 13:00:00,0.0,427.88407057677495,-42.788407057677496,-0.09999999999999964
2024-09-11 14:00:00,0.0,503.20148159335713,-50.320148159335716,-0.10000000000000053
2024-09-11 15:00:00,0.0,0.0,0.0,0.0
2024-09-11 16:00:00,0.0,0.0,0.0,0.0
2024-09-11 17:00:00,785.0767485878201,0.0,78.50767485878202,8.881784197001252e-16
2024-09-11 18:00:00,0.0,0.0,0.0,0.0
2024-09-11 19:00:00,800.0,0.0,80.0,0.09999999999999964
2024-09-11 20:00:00,800.0,0.0,80.0,0.14999999999999947
2024-09-11 21:00:00,694.6327745955374,0.0,69.46327745955374,0.20000000000000018
2024-09-11 22:00:00,209.31994306911167,0.0,20.931994306911168,0.15000000000000036
2024-09-11 23:00:00,651.2274881093036,0.0,65.12274881093036,0.04999999999999982
2024-09-12 00:00:00,0.0,249.92091152683264,-24.992091152683265,-0.04999999999999982
2024-09-12 01:00:00,0.0,593.7828503034536,-59.37828503034537,-0.10000000000000053
2024-09-12 02:00:00,0.0,369.51007218769564,-36.95100721876957,-0.09999999999999964
2024-09-12 03:00:00,0.0,482.78322353289747,-48.27832235328975,-0.04999999999999982
2024-09-12 04:00:00,0.0,519.7494483869466,-51.97494483869466,-0.05000000000000071
2024-09-12 05:00:00,0.0,600.0,-60.0,-0.04999999999999982
2024-09-12 06:00:00,0.0,483.07571822579814,-48.30757182257982,-0.04999999999999982
2024-09-12 07:00:00,0.0,484.10497855714203,-48.410497855714205,-0.04999999999999982
2024-09-12 08:00:00,0.0,600.0,-60.0,-0.04999999999999982
2024-09-12 09:00:00,0.0,0.0,0.0,0.0
2024-09-12 10:00:00,514.9376587813263,0.0,51.49376587813263,0.04999999999999982
2024-09-12 11:00:00,0.0,0.0,0.0,0.0
2024-09-12 12:00:00,0.0,0.0,0.0,0.0
2024-09-12 13:00:00,0.0,561.842310488539,-56.18423104885391,-0.04999999999999982
2024-09-12 14:00:00,0.0,0.0,0.0,0.0
2024-09-12 15:00:00,0.0,422.86319432338905,-42.28631943233891,-0.05000000000000071
2024-09-12 16:00:00,0.0,462.64093910292235,-46.26409391029224,-0.049999999999998934
2024-09-12 17:00:00,0.0,434.16075585491956,-43.41607558549196,-0.05000000000000071
2024-09-12 18:00:00,0.0,424.7225304514996,-42.47225304514996,-0.04999999999999982
2024-09-12 19:00:00,0.0,0.0,0.0,0.0
2024-09-12 20:00:00,401.4869246513519,0.0,40.14869246513519,0.04999999999999982
2024-09-12 21:00:00,800.0,0.0,80.0,0.09999999999999964
2024-09-12 22:00:00,457.50260534302504,0.0,45.750260534302505,0.09999999999999964
2024-09-12 23:00:00,549.6370144327337,0.0,54.96370144327338,0.10000000000000053
2024-09-13 00:00:00,800.0,0.0,80.0,0.04999999999999982
2024-09-13 01:00:00,0.0,0.0,0.0,0.0
2024-09-13 02:00:00,0.0,376.8241453005592,-37.68241453005592,-0.04999999999999982
2024-09-13 03:00:00,0.0,600.0,-60.0,-0.10000000000000053
2024-09-13 04:00:00,0.0,0.0,0.0,0.0
2024-09-13 05:00:00,0.0,374.4856506830597,-37.448565068305975,-0.09999999999999964
2024-09-13 06:00:00,0.0,376.8618430244414,-37.68618430244414,-0.04999999999999982
2024-09-13 07:00:00,0.0,0.0,0.0,0.0
2024-09-13 08:00:00,0.0,504.85578998608503,-50.4855789986085,-0.04999999999999982
2024-09-13 09:00:00,0.0,528.6935138227535,-52.869351382275354,-0.04999999999999982
2024-09-13 10:00:00,0.0,399.157666520821,-39.915766652082105,-0.10000000000000009
2024-09-13 11:00:00,800.0,0.0,80.0,0.050000000000000266
2024-09-13 12:00:00,0.0,541.8411480998029,-54.184114809980294,-0.050000000000000266
2024-09-13 13:00:00,800.0,0.0,80.0,0.050000000000000266
2024-09-13 14:00:00,0.0,0.0,0.0,0.0
2024-09-13 15:00:00,0.0,468.09158776017296,-46.8091587760173,-0.050000000000000266
2024-09-13 16:00:00,0.0,0.0,0.0,0.0
2024-09-13 17:00:00,0.0,0.0,0.0,0.0
2024-09-13 18:00:00,0.0,0.0,0.0,0.0
2024-09-13 19:00:00,0.0,451.2584994519513,-45.125849945195135,-0.10000000000000009
2024-09-13 20:00:00,0.0,499.80908799325863,-49.98090879932587,-0.1499999999999999
2024-09-13 21:00:00,0.0,576.0150908199719,-57.60150908199719,-0.050000000000000266
2024-09-13 22:00:00,0.0,0.0,0.0,0.0
2024-09-13 23:00:00,800.0,0.0,80.0,0.15000000000000036
2024-09-14 00:00:00,800.0,0.0,80.0,0.25
2024-09-14 01:00:00,800.0,0.0,80.0,0.14999999999999947
2024-09-14 02:00:00,661.7912687815876,0.0,66.17912687815877,0.10000000000000053
2024-09-14 03:00:00,0.0,0.0,0.0,0.0
2024-09-14 04:00:00,0.0,478.9829116010753,-47.89829116010753,-8.881784197001252e-16
2024-09-14 05:00:00,0.0,396.54136843632364,-39.654136843632365,-0.049999999999998934
2024-09-14 06:00:00,0.0,425.52240556726235,-42.55224055672624,-0.10000000000000053
2024-09-14 07:00:00,0.0,396.6076132570253,-39.66076132570254,-0.04999999999999982
2024-09-14 08:00:00,0.0,295.02556675603466,-29.50255667560347,-0.10000000000000009
2024-09-14 09:00:00,0.0,593.9775709754982,-59.39775709754983,-0.24999999999999956
2024-09-14 10:00:00,0.0,478.9645093580959,-47.89645093580959,-0.10000000000000053
2024-09-14 11:00:00,0.0,488.5775108448545,-48.85775108448545,-0.04999999999999982
2024-09-14 12:00:00,0.0,347.8629673056367,-34.78629673056367,-0.10000000000000009
2024-09-14 13:00:00,621.1838225359021,0.0,62.11838225359021,0.050000000000000266
2024-09-14 14:00:00,523.2815145785898,0.0,52.328151457858986,0.09999999999999964
2024-09-14 15:00:00,594.483046848429,0.0,59.4483046848429,0.20000000000000018
2024-09-14 16:00:00,596.3540778641773,0.0,59.63540778641773,0.1499999999999999
2024-09-14 17:00:00,0.0,389.44758990094545,-38.94475899009455,-0.050000000000000266
2024-09-14 18:00:00,636.5380657429712,0.0,63.65380657429712,0.050000000000000266
2024-09-14 19:00:00,0.0,509.3170761471087,-50.931707614710874,-0.10000000000000009
2024-09-14 20:00:00,0.0,600.0,-60.0,-0.04999999999999982
2024-09-14 21:00:00,0.0,381.26728047294046,-38.126728047294044,-0.20000000000000018
2024-09-14 22:00:00,0.0,499.8669512918965,-49.986695129189656,-0.04999999999999982
2024-09-14 23:00:00,0.0,578.7643252507839,-57.8764325250784,-0.04999999999999982
2024-09-15 00:00:00,616.604895177424,0.0,61.660489517742405,0.14999999999999947
2024-09-15 01:00:00,800.0,0.0,80.0,0.20000000000000018
2024-09-15 02:00:00,800.0,0.0,80.0,0.2999999999999998
2024-09-15 03:00:00,410.11497305246576,0.0,41.01149730524658,0.20000000000000018
2024-09-15 04:00:00,327.63751208099484,0.0,32.763751208099485,0.04999999999999982
2024-09-15 05:00:00,0.0,475.83796959091995,-47.583796959092,-0.09999999999999964
2024-09-15 06:00:00,0.0,439.9961436859185,-43.99961436859186,-0.09999999999999964
2024-09-15 07:00:00,0.0,428.7006671903,-42.87006671903001,-0.15000000000000036
2024-09-15 08:00:00,0.0,542.7404253133403,-54.27404253133403,-0.04999999999999982
2024-09-15 09:00:00,0.0,488.3399854333924,-48.83399854333925,-0.10000000000000053
2024-09-15 10:00:00,0.0,530.8228987648442,-53.082289876484424,-0.14999999999999947
2024-09-15 11:00:00,0.0,547.4812649859696,-54.74812649859696,-0.10000000000000009
2024-09-15 12:00:00,0.0,525.913943750314,-52.591394375031406,-0.1499999999999999
2024-09-15 13:00:00,0.0,0.0,0.0,0.0
2024-09-15 14:00:00,400.107279632423,0.0,40.0107279632423,0.1499999999999999
2024-09-15 15:00:00,776.3155584063051,0.0,77.63155584063051,0.2999999999999998
2024-09-15 16:00:00,800.0,0.0,80.0,0.25000000000000044
2024-09-15 17:00:00,691.5159308575816,0.0,69.15159308575817,0.049999999999998934
2024-09-15 18:00:00,0.0,479.36768112481997,-47.936768112482,-0.14999999999999858
2024-09-15 19:00:00,0.0,407.4854092697575,-40.74854092697575,-0.05000000000000071
2024-09-15 20:00:00,0.0,383.9003989323679,-38.390039893236796,-0.10000000000000009
2024-09-15 21:00:00,0.0,503.22966441903606,-50.32296644190361,-0.050000000000000266
2024-09-15 22:00:00,0.0,565.9588398593238,-56.59588398593238,-0.09999999999999964
2024-09-15 23:00:00,0.0,427.7374809447527,-42.77374809447527,-0.09999999999999964
2024-09-16 00:00:00,0.0,600.0,-60.0,-0.10000000000000053
2024-09-16 01:00:00,0.0,0.0,0.0,0.0
2024-09-16 02:00:00,800.0,0.0,80.0,0.4500000000000002
2024-09-16 03:00:00,800.0,0.0,80.0,0.34999999999999964
2024-09-16 04:00:00,682.1054335358806,0.0,68.21054335358806,0.20000000000000018
2024-09-16 05:00:00,0.0,391.54873233631326,-39.15487323363133,-0.04999999999999982
2024-09-16 06:00:00,0.0,507.7628582972173,-50.77628582972173,-0.15000000000000036
2024-09-16 07:00:00,0.0,480.69467227988946,-48.06946722798895,-0.14999999999999947
2024-09-16 08:00:00,0.0,546.818929565298,-54.68189295652981,-0.14999999999999947
2024-09-16 09:00:00,0.0,454.7921899257615,-45.47921899257615,-0.10000000000000053
2024-09-16 10:00:00,0.0,600.0,-60.0,-0.050000000000000266
2024-09-16 11:00:00,0.0,337.2936900360611,-33.72936900360611,-0.04999999999999982
2024-09-16 12:00:00,0.0,520.4137165337087,-52.041371653370874,-0.10000000000000009
2024-09-16 13:00:00,0.0,0.0,0.0,0.0
2024-09-16 14:00:00,567.6359326243224,0.0,56.763593262432245,0.34999999999999964
2024-09-16 15:00:00,782.7223127239682,0.0,78.27223127239682,0.5
2024-09-16 16:00:00,709.6837552949393,0.0,70.96837552949393,0.25
2024-09-16 17:00:00,640.5900133130606,0.0,64.05900133130606,0.10000000000000053
2024-09-16 18:00:00,0.0,506.88461834983764,-50.68846183498377,-0.10000000000000053
2024-09-16 19:00:00,0.0,465.22053575049955,-46.52205357504996,-0.25
2024-09-16 20:00:00,0.0,0.0,0.0,
2024-09-16 21:00:00,0.0,0.0,0.0,
2024-09-16 22:00:00,0.0,0.0,0.0,
2024-09-16 23:00:00,0.0,0.0,0.0,
2024-09-17 00:00:00,0.0,476.7716933274091,-47.67716933274091,-0.15000000000000036
2024-09-17 01:00:00,0.0,492.1635267801411,-49.21635267801412,-0.09999999999999964
2024-09-17 02:00:00,0.0,0.0,0.0,0.0
2024-09-17 03:00:00,595.6178805276688,0.0,59.561788052766886,0.8999999999999995
2024-09-17 04:00:00,477.42502703016777,0.0,47.74250270301678,0.5
2024-09-17 05:00:00,692.4457934221995,0.0,69.24457934221995,0.2999999999999998
2024-09-17 06:00:00,0.0,534.3524707041449,-53.4352470704145,-0.04999999999999982
2024-09-17 07:00:00,0.0,527.4522018952897,-52.74522018952897,-0.20000000000000018
2024-09-17 08:00:00,0.0,489.2500956615895,-48.925009566158955,-0.29999999999999893
2024-09-17 09:00:00,0.0,403.29304632827274,-40.329304632827274,-0.3000000000000007
2024-09-17 10:00:00,0.0,514.3800364562917,-51.43800364562917,-0.1999999999999993
2024-09-17 11:00:00,0.0,350.714780672483,-35.0714780672483,-0.20000000000000107
2024-09-17 12:00:00,0.0,517.0377506691852,-51.703775066918524,-0.15000000000000036
2024-09-17 13:00:00,0.0,400.91352678129914,-40.091352678129915,-0.14999999999999858
2024-09-17 14:00:00,0.0,600.0,-60.0,-0.15000000000000036
2024-09-17 15:00:00,0.0,496.2192647389354,-49.621926473893545,-0.10000000000000053
2024-09-17 16:00:00,581.2694883763088,0.0,58.126948837630884,0.7999999999999998
2024-09-17 17:00:00,800.0,0.0,80.0,0.3000000000000007
2024-09-17 18:00:00,782.8386048586545,0.0,78.28386048586546,0.1999999999999993
2024-09-17 19:00:00,0.0,296.610853733576,-29.6610853733576,-0.15000000000000036
2024-09-17 20:00:00,0.0,463.48193023152083,-46.348193023152085,-0.14999999999999947
2024-09-17 21:00:00,0.0,432.4595447309189,-43.24595447309189,-0.2999999999999998
2024-09-17 22:00:00,0.0,445.6759222428744,-44.56759222428744,-0.20000000000000018
2024-09-17 23:00:00,0.0,525.5780177856104,-52.55780177856104,-0.20000000000000018
2024-09-18 00:00:00,0.0,473.93122653712976,-47.39312265371298,-0.15000000000000036
2024-09-18 01:00:00,800.0,0.0,80.0,0.05000000000000071
2024-09-18 02:00:00,0.0,446.69070498995114,-44.66907049899512,-0.04999999999999982
2024-09-18 03:00:00,0.0,0.0,0.0,0.0
2024-09-18 04:00:00,721.3297326664236,0.0,72.13297326664237,0.6499999999999995
2024-09-18 05:00:00,693.5852219930771,0.0,69.35852219930771,0.3000000000000007
2024-09-18 06:00:00,600.8002157170696,0.0,60.080021571706965,0.14999999999999947
2024-09-18 07:00:00,0.0,511.0113144440552,-51.101131444405524,-0.09999999999999964
2024-09-18 08:00:00,0.0,385.756917582731,-38.5756917582731,-0.20000000000000018
2024-09-18 09:00:00,0.0,382.8590983689341,-38.28590983689341,-0.25
2024-09-18 10:00:00,0.0,438.95077602212683,-43.89507760221269,-0.09999999999999964
2024-09-18 11:00:00,0.0,372.84980527595235,-37.28498052759524,-0.20000000000000018
2024-09-18 12:00:00,0.0,519.420564682642,-51.9420564682642,-0.20000000000000018
2024-09-18 13:00:00,0.0,437.5453010464298,-43.75453010464298,-0.20000000000000018
2024-09-18 14:00:00,0.0,600.0,-60.0,-0.1499999999999999
2024-09-18 15:00:00,0.0,338.25515655971924,-33.82551565597193,-0.1499999999999999
2024-09-18 16:00:00,123.53128791532518,0.0,12.35312879153252,0.20000000000000018
2024-09-18 17:00:00,706.7067158070589,0.0,70.6706715807059,0.75
2024-09-18 18:00:00,510.47134903141665,0.0,51.04713490314167,0.20000000000000018
2024-09-18 19:00:00,0.0,0.0,0.0,0.0
2024-09-18 20:00:00,0.0,355.2226875940088,-35.52226875940088,-0.15000000000000036
2024-09-18 21:00:00,0.0,440.09433081991847,-44.00943308199185,-0.20000000000000018
2024-09-18 22:00:00,0.0,504.67397828829854,-50.46739782882986,-0.09999999999999964
2024-09-18 23:00:00,0.0,443.00135596251096,-44.300135596251096,-0.10000000000000053
2024-09-19 00:00:00,0.0,600.0,-60.0,-0.1999999999999993
2024-09-19 01:00:00,0.0,600.0,-60.0,-0.20000000000000018
2024-09-19 02:00:00,0.0,577.1209313717764,-57.71209313717764,-0.15000000000000036
2024-09-19 03:00:00,0.0,403.46738507914256,-40.34673850791426,-0.09999999999999964
2024-09-19 04:00:00,222.7965297543529,0.0,22.27965297543529,0.4999999999999991
2024-09-19 05:00:00,800.0,0.0,80.0,0.6000000000000014
2024-09-19 06:00:00,533.4125528133767,0.0,53.34125528133767,0.2499999999999991
2024-09-19 07:00:00,791.0722520522422,0.0,79.10722520522422,0.04999999999999982
2024-09-19 08:00:00,0.0,361.233133632346,-36.1233133632346,-0.25
2024-09-19 09:00:00,0.0,508.9418437027383,-50.894184370273834,-0.14999999999999947
2024-09-19 10:00:00,0.0,600.0,-60.0,-0.20000000000000018
2024-09-19 11:00:00,0.0,600.0,-60.0,-0.09999999999999964
2024-09-19 12:00:00,0.0,497.78599298487484,-49.778599298487485,-0.10000000000000053
2024-09-19 13:00:00,0.0,351.96228909384575,-35.19622890938458,-0.20000000000000018
2024-09-19 14:00:00,0.0,500.0184197074178,-50.001841970741786,-0.14999999999999947
2024-09-19 15:00:00,0.0,469.62605917953675,-46.96260591795368,-0.10000000000000009
2024-09-19 16:00:00,0.0,333.0182999854268,-33.30182999854268,-0.19999999999999973
2024-09-19 17:00:00,732.7402535232768,0.0,73.27402535232768,0.9499999999999993
2024-09-19 18:00:00,395.0030028259902,0.0,39.50030028259903,0.25
2024-09-19 19:00:00,800.0,0.0,80.0,0.20000000000000018
2024-09-19 20:00:00,0.0,374.33548929604035,-37.43354892960404,-0.14999999999999947
2024-09-19 21:00:00,0.0,381.30301441959386,-38.13030144195939,-0.25
2024-09-19 22:00:00,0.0,446.39760339454426,-44.639760339454426,-0.15000000000000036
2024-09-19 23:00:00,0.0,528.6020194521315,-52.86020194521315,-0.15000000000000036
2024-09-20 00:00:00,0.0,559.2385482406241,-55.92385482406242,-0.09999999999999964
2024-09-20 01:00:00,0.0,429.73131035502,-42.97313103550201,-0.15000000000000036
2024-09-20 02:00:00,0.0,593.8900060362731,-59.389000603627316,-0.04999999999999982
2024-09-20 03:00:00,0.0,456.9594921941949,-45.6959492194195,-0.10000000000000009
2024-09-20 04:00:00,0.0,466.04771555725006,-46.60477155572501,-0.09999999999999964
2024-09-20 05:00:00,452.84707409162246,0.0,45.28470740916225,0.8000000000000003
2024-09-20 06:00:00,511.1805073982065,0.0,51.11805073982065,0.2999999999999998
2024-09-20 07:00:00,400.1514811954689,0.0,40.01514811954689,0.14999999999999947
2024-09-20 08:00:00,0.0,451.5403857846134,-45.154038578461346,-0.14999999999999947
2024-09-20 09:00:00,0.0,361.96201837263584,-36.19620183726359,-0.25
2024-09-20 10:00:00,0.0,411.3596834094433,-41.13596834094433,-0.20000000000000018
2024-09-20 11:00:00,0.0,363.56397926319096,-36.3563979263191,-0.15000000000000036
2024-09-20 12:00:00,0.0,372.6848866077052,-37.26848866077052,-0.14999999999999947
2024-09-20 13:00:00,0.0,448.7607883237221,-44.876078832372215,-0.10000000000000053
2024-09-20 14:00:00,0.0,0.0,0.0,0.0
2024-09-20 15:00:00,0.0,388.6838743773568,-38.868387437735684,-0.25
2024-09-20 16:00:00,0.0,430.05842081977346,-43.00584208197735,-0.14999999999999947
2024-09-20 17:00:00,628.2170851083246,0.0,62.82170851083246,0.25
2024-09-20 18:00:00,584.7563348230361,0.0,58.475633482303614,0.7000000000000002
2024-09-20 19:00:00,650.8456999208926,0.0,65.08456999208926,0.14999999999999947
2024-09-20 20:00:00,531.9871997885361,0.0,53.19871997885362,0.04999999999999982
2024-09-20 21:00:00,0.0,512.9051708145191,-51.29051708145192,-0.1999999999999993
2024-09-20 22:00:00,0.0,483.5211610775066,-48.35211610775066,-0.20000000000000018
2024-09-20 23:00:00,0.0,391.89427614265554,-39.189427614265554,-0.15000000000000036
2024-09-21 00:00:00,0.0,600.0,-60.0,-0.09999999999999964
2024-09-21 01:00:00,0.0,478.72107725984057,-47.87210772598406,-0.15000000000000036
2024-09-21 02:00:00,0.0,470.47832310863834,-47.04783231086384,-0.09999999999999964
2024-09-21 03:00:00,0.0,393.8014339543825,-39.38014339543825,-0.10000000000000053
2024-09-21 04:00:00,0.0,393.8529134785463,-39.38529134785463,-0.09999999999999964
2024-09-21 05:00:00,0.0,328.8256672345885,-32.88256672345885,-0.15000000000000036
2024-09-21 06:00:00,800.0,0.0,80.0,0.6000000000000005
2024-09-21 07:00:00,614.9756931676882,0.0,61.49756931676882,0.20000000000000018
2024-09-21 08:00:00,702.0599568978665,0.0,70.20599568978666,0.25
2024-09-21 09:00:00,0.0,404.1988457071461,-40.419884570714615,-0.10000000000000053
2024-09-21 10:00:00,0.0,493.7568432598551,-49.37568432598551,-0.20000000000000018
2024-09-21 11:00:00,0.0,519.6661581492693,-51.96661581492694,-0.14999999999999947
2024-09-21 12:00:00,0.0,600.0,-60.0,-0.20000000000000018
2024-09-21 13:00:00,0.0,521.1875018882478,-52.11875018882478,-0.04999999999999982
2024-09-21 14:00:00,0.0,600.0,-60.0,-0.15000000000000036
2024-09-21 15:00:00,0.0,600.0,-60.0,-0.19999999999999973
2024-09-21 16:00:00,0.0,537.2070737410685,-53.72070737410685,-0.050000000000000266
2024-09-21 17:00:00,0.0,0.0,0.0,0.0
2024-09-21 18:00:00,477.9735273105143,0.0,47.79735273105143,0.6500000000000004
2024-09-21 19:00:00,761.1310001790544,0.0,76.11310001790544,0.39999999999999947
2024-09-21 20:00:00,800.0,0.0,80.0,0.20000000000000018
2024-09-21 21:00:00,0.0,0.0,0.0,0.0
2024-09-21 22:00:00,0.0,482.0625643677948,-48.20625643677948,-0.20000000000000018
2024-09-21 23:00:00,0.0,494.1420038984133,-49.414200389841334,-0.25
2024-09-22 00:00:00,0.0,299.6855291807736,-29.96855291807736,-0.09999999999999964
2024-09-22 01:00:00,0.0,577.1452667483591,-57.71452667483591,-0.09999999999999964
2024-09-22 02:00:00,0.0,279.9643528676704,-27.996435286767042,-0.20000000000000018
2024-09-22 03:00:00,0.0,588.7827221176855,-58.87827221176855,-0.050000000000000266
2024-09-22 04:00:00,0.0,441.7073380359524,-44.17073380359524,-0.10000000000000009
2024-09-22 05:00:00,0.0,363.0008088181273,-36.30008088181273,-0.09999999999999964
2024-09-22 06:00:00,450.1705096288035,0.0,45.01705096288035,0.19999999999999973
2024-09-22 07:00:00,413.50720537146066,0.0,41.35072053714607,0.5500000000000003
2024-09-22 08:00:00,800.0,0.0,80.0,0.20000000000000018
2024-09-22 09:00:00,0.0,579.3686383285024,-57.936863832850236,-0.10000000000000053
2024-09-22 10:00:00,0.0,560.8982569584584,-56.089825695845846,-0.09999999999999964
2024-09-22 11:00:00,616.0700906641081,0.0,61.60700906641081,0.14999999999999947
2024-09-22 12:00:00,0.0,337.7622329909219,-33.776223299092194,-0.1999999999999993
2024-09-22 13:00:00,0.0,513.915371264977,-51.3915371264977,-0.25
2024-09-22 14:00:00,0.0,415.0574068862593,-41.505740688625934,-0.15000000000000036
2024-09-22 15:00:00,0.0,350.9710913580637,-35.09710913580637,-0.15000000000000036
2024-09-22 16:00:00,0.0,585.9542182792367,-58.59542182792367,-0.09999999999999964
2024-09-22 17:00:00,0.0,520.7846140553004,-52.07846140553004,-0.04999999999999982
2024-09-22 18:00:00,0.0,0.0,0.0,0.0
2024-09-22 19:00:00,800.0,0.0,80.0,0.8499999999999996
2024-09-22 20:00:00,772.5549917647885,0.0,77.25549917647885,0.35000000000000053
2024-09-22 21:00:00,615.8275121268271,0.0,61.58275121268271,0.1999999999999993
2024-09-22 22:00:00,0.0,600.0,-60.0,-0.14999999999999947
2024-09-22 23:00:00,0.0,396.0816241848548,-39.60816241848548,-0.2999999999999998
2024-09-23 00:00:00,0.0,454.0734113645203,-45.40734113645203,-0.25
2024-09-23 01:00:00,0.0,485.9403439260045,-48.594034392600456,-0.25
2024-09-23 02:00:00,0.0,600.0,-60.0,-0.15000000000000036
2024-09-23 03:00:00,0.0,539.2187082369318,-53.92187082369318,-0.04999999999999982
2024-09-23 04:00:00,0.0,350.58412500455734,-35.05841250045574,-0.10000000000000009
2024-09-23 05:00:00,0.0,511.7473688692625,-51.174736886926254,-0.10000000000000009
2024-09-23 06:00:00,0.0,452.8171264267788,-45.28171264267789,-0.04999999999999982
2024-09-23 07:00:00,416.3089251803917,0.0,41.630892518039175,0.2999999999999998
2024-09-23 08:00:00,432.6743259244004,0.0,43.267432592440045,0.5
2024-09-23 09:00:00,800.0,0.0,80.0,0.34999999999999964
2024-09-23 10:00:00,0.0,0.0,0.0,0.0
2024-09-23 11:00:00,0.0,554.4670422619847,-55.44670422619848,-0.2999999999999998
2024-09-23 12:00:00,0.0,430.1239089095999,-43.01239089095999,-0.2999999999999998
2024-09-23 13:00:00,0.0,433.8771341507991,-43.387713415079915,-0.25
2024-09-23 14:00:00,0.0,461.2410920337324,-46.124109203373244,-0.10000000000000009
2024-09-23 15:00:00,0.0,394.82561858710284,-39.482561858710284,-0.10000000000000009
2024-09-23 16:00:00,0.0,486.4930816270859,-48.64930816270859,-0.04999999999999982
2024-09-23 17:00:00,0.0,405.00435197807104,-40.50043519780711,-0.10000000000000009
2024-09-23 18:00:00,0.0,600.0,-60.0,-0.050000000000000266
2024-09-23 19:00:00,615.0553750311893,0.0,61.50553750311894,0.30000000000000027
2024-09-23 20:00:00,494.9893562005078,0.0,49.49893562005079,0.6999999999999997
2024-09-23 21:00:00,800.0,0.0,80.0,0.3000000000000007
2024-09-23 22:00:00,674.3819060400134,0.0,67.43819060400135,0.1999999999999993
2024-09-23 23:00:00,0.0,485.03717254001765,-48.50371725400177,-0.25
2024-09-24 00:00:00,0.0,486.7523369714518,-48.67523369714519,-0.34999999999999964
2024-09-24 01:00:00,0.0,365.961841821362,-36.5961841821362,-0.2999999999999998
2024-09-24 02:00:00,0.0,288.42993982085335,-28.842993982085336,-0.15000000000000036
2024-09-24 03:00:00,0.0,536.43647386467,-53.643647386467,-0.09999999999999964
2024-09-24 04:00:00,0.0,497.88374673890206,-49.78837467389021,-0.10000000000000009
2024-09-24 05:00:00,0.0,600.0,-60.0,-0.10000000000000009
2024-09-24 06:00:00,0.0,404.76755989904535,-40.47675598990454,-0.04999999999999982
2024-09-24 07:00:00,0.0,0.0,0.0,0.0
2024-09-24 08:00:00,800.0,0.0,80.0,0.2999999999999998
2024-09-24 09:00:00,786.2565399779534,0.0,78.62565399779534,0.4500000000000002
2024-09-24 10:00:00,528.4729330934856,0.0,52.847293309348565,0.09999999999999964
2024-09-24 11:00:00,0.0,496.20687822699733,-49.620687822699736,-0.14999999999999947
2024-09-24 12:00:00,0.0,354.04555579230055,-35.404555579230056,-0.25
2024-09-24 13:00:00,0.0,563.6131432440003,-56.361314324400034,-0.20000000000000018
2024-09-24 14:00:00,0.0,449.8492392499511,-44.984923924995115,-0.15000000000000036
2024-09-24 15:00:00,0.0,450.3782841581308,-45.03782841581308,-0.04999999999999982
2024-09-24 16:00:00,0.0,417.7865995122379,-41.778659951223794,-0.10000000000000009
2024-09-24 17:00:00,0.0,519.1659393675307,-51.91659393675307,-0.10000000000000009
2024-09-24 18:00:00,0.0,0.0,0.0,0.0
2024-09-24 19:00:00,800.0,0.0,80.0,0.10000000000000009
2024-09-24 20:00:00,560.2268456175382,0.0,56.02268456175382,0.3999999999999999
2024-09-24 21:00:00,654.680763501523,0.0,65.4680763501523,0.4500000000000002
2024-09-24 22:00:00,657.6156732911388,0.0,65.76156732911389,0.25
2024-09-24 23:00:00,732.7534610556289,0.0,73.27534610556289,0.05000000000000071
2024-09-25 00:00:00,0.0,600.0,-60.0,-0.20000000000000107
2024-09-25 01:00:00,0.0,465.92839475876036,-46.59283947587604,-0.2999999999999998
2024-09-25 02:00:00,0.0,386.5002116547108,-38.65002116547109,-0.25
2024-09-25 03:00:00,0.0,387.04117973569555,-38.70411797356956,-0.04999999999999982
2024-09-25 04:00:00,0.0,600.0,-60.0,-0.1499999999999999
2024-09-25 05:00:00,0.0,528.587279796757,-52.858727979675706,-0.050000000000000266
2024-09-25 06:00:00,0.0,407.12097117456045,-40.71209711745605,-0.09999999999999964
2024-09-25 07:00:00,0.0,433.9893234075128,-43.39893234075129,-0.050000000000000266
2024-09-25 08:00:00,0.0,507.0244703870895,-50.702447038708954,-0.050000000000000266
2024-09-25 09:00:00,596.5632451109594,0.0,59.656324511095946,0.20000000000000018
2024-09-25 10:00:00,800.0,0.0,80.0,0.04999999999999982
2024-09-25 11:00:00,556.405544051163,0.0,55.640554405116305,0.10000000000000053
2024-09-25 12:00:00,0.0,495.2600783828326,-49.52600783828326,-0.050000000000000266
2024-09-25 13:00:00,0.0,384.0074003969684,-38.40074003969684,-0.10000000000000009
2024-09-25 14:00:00,0.0,421.9354308161359,-42.1935430816136,-0.09999999999999964
2024-09-25 15:00:00,0.0,469.87463801312754,-46.98746380131276,-0.050000000000000266
2024-09-25 16:00:00,0.0,473.2921452024106,-47.32921452024107,-0.10000000000000009
2024-09-25 17:00:00,0.0,585.7322411857276,-58.57322411857277,-0.04999999999999982
2024-09-25 18:00:00,0.0,600.0,-60.0,-0.04999999999999982
2024-09-25 19:00:00,716.4119202579838,0.0,71.64119202579838,0.04999999999999982
2024-09-25 20:00:00,800.0,0.0,80.0,0.1499999999999999
2024-09-25 21:00:00,800.0,0.0,80.0,0.25
2024-09-25 22:00:00,686.6974122948159,0.0,68.66974122948159,0.25000000000000044
2024-09-25 23:00:00,664.4622171581581,0.0,66.44622171581581,0.1999999999999993
2024-09-26 00:00:00,791.623927349476,0.0,79.16239273494762,0.05000000000000071
2024-09-26 01:00:00,0.0,413.4723957283033,-41.34723957283033,-0.20000000000000018
2024-09-26 02:00:00,0.0,499.40768572698425,-49.94076857269843,-0.20000000000000018
2024-09-26 03:00:00,0.0,300.7714952595166,-30.07714952595166,-0.10000000000000009
2024-09-26 04:00:00,0.0,370.11522377738396,-37.011522377738395,-0.10000000000000009
2024-09-26 05:00:00,0.0,451.47881674365436,-45.147881674365436,-0.09999999999999964
2024-09-26 06:00:00,0.0,332.441117955155,-33.2441117955155,-0.050000000000000266
2024-09-26 07:00:00,0.0,591.1612533272234,-59.11612533272235,-0.10000000000000009
2024-09-26 08:00:00,0.0,600.0,-60.0,-0.04999999999999982
2024-09-26 09:00:00,0.0,0.0,0.0,0.0
2024-09-26 10:00:00,0.0,0.0,0.0,0.0
2024-09-26 11:00:00,707.3730611956527,0.0,70.73730611956528,0.09999999999999964
2024-09-26 12:00:00,0.0,0.0,0.0,0.0
2024-09-26 13:00:00,392.54833825618124,0.0,39.25483382561813,0.050000000000000266
2024-09-26 14:00:00,0.0,0.0,0.0,0.0
2024-09-26 15:00:00,0.0,403.87476019613877,-40.38747601961388,-0.1499999999999999
2024-09-26 16:00:00,0.0,0.0,0.0,0.0
2024-09-26 17:00:00,0.0,0.0,0.0,0.0
2024-09-26 18:00:00,0.0,373.43292752201614,-37.34329275220161,-0.04999999999999982
2024-09-26 19:00:00,0.0,0.0,0.0,0.0
2024-09-26 20:00:00,800.0,0.0,80.0,0.09999999999999964
2024-09-26 21:00:00,0.0,474.7191985988497,-47.47191985988497,-0.04999999999999982
2024-09-26 22:00:00,800.0,0.0,80.0,0.1499999999999999
2024-09-26 23:00:00,710.6958962453533,0.0,71.06958962453534,0.1499999999999999
2024-09-27 00:00:00,707.0371212359306,0.0,70.70371212359306,0.10000000000000009
2024-09-27 01:00:00,564.7064242858835,0.0,56.47064242858835,0.10000000000000009
2024-09-27 02:00:00,0.0,328.5811180436558,-32.858111804365585,-0.050000000000000266
2024-09-27 03:00:00,0.0,542.6446449664288,-54.26446449664289,-0.04999999999999982
2024-09-27 04:00:00,0.0,301.6320496559611,-30.163204965596112,-0.050000000000000266
2024-09-27 05:00:00,0.0,600.0,-60.0,-0.09999999999999964
2024-09-27 06:00:00,0.0,501.77140402422145,-50.17714040242215,-0.10000000000000009
2024-09-27 07:00:00,0.0,333.69260829719116,-33.36926082971912,-0.050000000000000266
2024-09-27 08:00:00,0.0,443.3388682786069,-44.333886827860695,-0.09999999999999964
2024-09-27 09:00:00,0.0,570.2922666962681,-57.029226669626816,-0.04999999999999982
2024-09-27 10:00:00,0.0,0.0,0.0,0.0
2024-09-27 11:00:00,0.0,0.0,0.0,0.0
2024-09-27 12:00:00,0.0,0.0,0.0,0.0
2024-09-27 13:00:00,0.0,0.0,0.0,0.0
2024-09-27 14:00:00,213.74120002060147,0.0,21.37412000206015,0.14999999999999947
2024-09-27 15:00:00,536.932786399455,0.0,53.693278639945504,0.10000000000000053
2024-09-27 16:00:00,503.27168717852305,0.0,50.32716871785231,0.04999999999999982
2024-09-27 17:00:00,0.0,0.0,0.0,0.0
2024-09-27 18:00:00,0.0,600.0,-60.0,-0.04999999999999982
2024-09-27 19:00:00,0.0,353.78231642566374,-35.37823164256638,-0.050000000000000266
2024-09-27 20:00:00,0.0,422.3203654669295,-42.23203654669295,-0.10000000000000009
2024-09-27 21:00:00,0.0,546.619441225236,-54.6619441225236,-0.04999999999999982
2024-09-27 22:00:00,0.0,0.0,0.0,0.0
2024-09-27 23:00:00,0.0,308.71354031882464,-30.871354031882465,-0.04999999999999982
2024-09-28 00:00:00,800.0,0.0,80.0,0.09999999999999964
2024-09-28 01:00:00,515.5271136298256,0.0,51.55271136298256,0.20000000000000018
2024-09-28 02:00:00,501.5552731077051,0.0,50.15552731077051,0.19999999999999973
2024-09-28 03:00:00,510.7291825244434,0.0,51.07291825244434,0.1499999999999999
2024-09-28 04:00:00,0.0,539.6601606068568,-53.96601606068569,-0.04999999999999982
2024-09-28 05:00:00,0.0,341.7222047316817,-34.172220473168174,-0.10000000000000009
2024-09-28 06:00:00,0.0,533.7849841491393,-53.378498414913935,-0.10000000000000009
2024-09-28 07:00:00,0.0,580.0615641169722,-58.006156411697226,-0.09999999999999964
2024-09-28 08:00:00,0.0,476.4165479383366,-47.64165479383366,-0.04999999999999982
2024-09-28 09:00:00,0.0,499.34647166556107,-49.93464716655611,-0.15000000000000036
2024-09-28 10:00:00,0.0,447.9903592182974,-44.79903592182974,-0.04999999999999982
2024-09-28 11:00:00,0.0,290.5328633996758,-29.053286339967585,-0.04999999999999982
2024-09-28 12:00:00,0.0,383.6933556311996,-38.36933556311996,-0.050000000000000266
2024-09-28 13:00:00,0.0,0.0,0.0,0.0
2024-09-28 14:00:00,610.4001135499446,0.0,61.04001135499447,0.10000000000000009
2024-09-28 15:00:00,800.0,0.0,80.0,0.2999999999999998
2024-09-28 16:00:00,565.0803490351254,0.0,56.508034903512545,0.10000000000000009
2024-09-28 17:00:00,0.0,0.0,0.0,0.0
2024-09-28 18:00:00,0.0,600.0,-60.0,-0.050000000000000266
2024-09-28 19:00:00,0.0,507.52887616428814,-50.752887616428815,-0.09999999999999964
2024-09-28 20:00:00,0.0,402.29156186496874,-40.22915618649688,-0.10000000000000009
2024-09-28 21:00:00,0.0,476.0428979977259,-47.604289799772594,-0.10000000000000009
2024-09-28 22:00:00,0.0,483.3849163834065,-48.338491638340656,-0.04999999999999982
2024-09-28 23:00:00,0.0,383.91091620987845,-38.391091620987844,-0.04999999999999982
2024-09-29 00:00:00,0.0,469.20781462152587,-46.92078146215259,-0.10000000000000009
2024-09-29 01:00:00,714.3600822225279,0.0,71.4360082222528,0.1499999999999999
2024-09-29 02:00:00,743.0218741829956,0.0,74.30218741829957,0.3999999999999999
2024-09-29 03:00:00,800.0,0.0,80.0,0.2999999999999994
2024-09-29 04:00:00,707.5191436434583,0.0,70.75191436434584,0.2500000000000009
2024-09-29 05:00:00,614.8265520415691,0.0,61.48265520415691,0.04999999999999982
2024-09-29 06:00:00,0.0,508.76770709607587,-50.87677070960759,-0.25
2024-09-29 07:00:00,0.0,143.66153102982912,-14.366153102982913,-0.25
2024-09-29 08:00:00,0.0,255.53828331216,-25.553828331216,-0.1499999999999999
2024-09-29 09:00:00,0.0,565.4005753703766,-56.54005753703766,-0.1499999999999999
2024-09-29 10:00:00,0.0,449.28455970839065,-44.92845597083907,-0.10000000000000053
2024-09-29 11:00:00,0.0,340.4566174455875,-34.04566174455875,-0.04999999999999982
2024-09-29 12:00:00,0.0,467.5725221035965,-46.75725221035965,-0.04999999999999982
2024-09-29 13:00:00,0.0,374.391360177726,-37.439136017772604,-0.04999999999999982
2024-09-29 14:00:00,0.0,0.0,0.0,0.0
2024-09-29 15:00:00,773.7647259003651,0.0,77.37647259003651,0.39999999999999947
2024-09-29 16:00:00,593.3030783615692,0.0,59.33030783615692,0.3000000000000007
2024-09-29 17:00:00,800.0,0.0,80.0,0.1999999999999993
2024-09-29 18:00:00,0.0,405.61624210519295,-40.5616242105193,-0.04999999999999982
2024-09-29 19:00:00,0.0,315.4044115612708,-31.540441156127084,-0.25
2024-09-29 20:00:00,0.0,497.32864742461805,-49.73286474246181,-0.19999999999999973
2024-09-29 21:00:00,0.0,418.1206057090893,-41.81206057090893,-0.1499999999999999
2024-09-29 22:00:00,0.0,435.5915931512314,-43.55915931512314,-0.050000000000000266
2024-09-29 23:00:00,0.0,600.0,-60.0,-0.10000000000000009
2024-09-30 00:00:00,0.0,383.013015887149,-38.3013015887149,-0.04999999999999982
2024-09-30 01:00:00,0.0,416.68609659633745,-41.668609659633745,-0.04999999999999982
2024-09-30 02:00:00,315.8894496932251,0.0,31.58894496932251,0.19999999999999973
2024-09-30 03:00:00,724.0558529802752,0.0,72.40558529802752,0.5000000000000004
2024-09-30 04:00:00,679.5541953157417,0.0,67.95541953157418,0.34999999999999964
2024-09-30 05:00:00,649.8598251643448,0.0,64.98598251643448,0.15000000000000036
2024-09-30 06:00:00,0.0,380.42205248109155,-38.042205248109155,-0.05000000000000071
2024-09-30 07:00:00,0.0,556.2364999548593,-55.62364999548593,-0.2999999999999998
2024-09-30 08:00:00,0.0,444.6213765167258,-44.46213765167258,-0.2999999999999998
2024-09-30 09:00:00,0.0,498.56762166445765,-49.85676216644577,-0.1499999999999999
2024-09-30 10:00:00,0.0,469.0408595451787,-46.904085954517875,-0.050000000000000266
2024-09-30 11:00:00,0.0,376.4962123393716,-37.64962123393716,-0.1499999999999999
2024-09-30 12:00:00,0.0,467.4608814855138,-46.74608814855139,-0.10000000000000009
2024-09-30 13:00:00,0.0,0.0,0.0,0.0
2024-09-30 14:00:00,0.0,598.2161288297764,-59.82161288297764,-0.1499999999999999
2024-09-30 15:00:00,527.5599992633358,0.0,52.75599992633359,0.3999999999999999
2024-09-30 16:00:00,191.65538855491377,0.0,19.165538855491377,0.35000000000000053
2024-09-30 17:00:00,675.2826391073942,0.0,67.52826391073943,0.2999999999999998
2024-09-30 18:00:00,800.0,0.0,80.0,0.09999999999999964
2024-09-30 19:00:00,0.0,471.7110044989324,-47.171100449893245,-0.25
2024-09-30 20:00:00,0.0,423.0430701003845,-42.30430701003846,-0.25
2024-09-30 21:00:00,0.0,347.0820275434433,-34.708202754344335,-0.19999999999999973
2024-09-30 22:00:00,0.0,600.0,-60.0,-0.050000000000000266
2024-09-30 23:00:00,0.0,464.0022193981134,-46.400221939811345,-0.09999999999999964
2024-10-01 00:00:00,0.0,288.53486427484586,-28.853486427484587,-0.10000000000000009
2024-10-01 01:00:00,0.0,336.654808246108,-33.6654808246108,-0.10000000000000009
2024-10-01 02:00:00,0.0,323.15199092545043,-32.31519909254504,-0.04999999999999982
2024-10-01 03:00:00,387.653741971318,0.0,38.765374197131806,0.44999999999999973
2024-10-01 04:00:00,532.598937510845,0.0,53.2598937510845,0.5000000000000004
2024-10-01 05:00:00,393.20634961705736,0.0,39.320634961705736,0.29999999999999893
2024-10-01 06:00:00,363.23775067951146,0.0,36.323775067951146,0.05000000000000071
2024-10-01 07:00:00,0.0,435.82633884465514,-43.582633884465515,-0.2999999999999998
2024-10-01 08:00:00,0.0,445.285808493164,-44.5285808493164,-0.2500000000000009
2024-10-01 09:00:00,0.0,323.29198530921644,-32.329198530921644,-0.24999999999999956
2024-10-01 10:00:00,0.0,345.5396968467535,-34.55396968467535,-0.1499999999999999
2024-10-01 11:00:00,0.0,247.62620405881083,-24.762620405881083,-0.09999999999999964
2024-10-01 12:00:00,0.0,274.4278238604524,-27.44278238604524,-0.20000000000000018
2024-10-01 13:00:00,0.0,0.0,0.0,0.0
2024-10-01 14:00:00,0.0,328.3278686210605,-32.83278686210605,-0.15000000000000036
2024-10-01 15:00:00,588.789208361334,0.0,58.8789208361334,0.050000000000000266
2024-10-01 16:00:00,415.6461196300643,0.0,41.56461196300643,0.5
2024-10-01 17:00:00,770.6052849873186,0.0,77.06052849873186,0.3500000000000001
2024-10-01 18:00:00,485.2738468439856,0.0,48.52738468439856,0.25
2024-10-01 19:00:00,0.0,362.89436249708024,-36.289436249708025,-0.04999999999999982
2024-10-01 20:00:00,0.0,274.94224755229203,-27.494224755229205,-0.2999999999999998
2024-10-01 21:00:00,0.0,265.3604237465181,-26.536042374651814,-0.25000000000000044
2024-10-01 22:00:00,0.0,344.5566524383536,-34.45566524383536,-0.19999999999999973
2024-10-01 23:00:00,0.0,272.9370855876059,-27.293708558760592,-0.050000000000000266
2024-10-02 00:00:00,0.0,418.80931856034886,-41.88093185603489,-0.10000000000000009
2024-10-02 01:00:00,0.0,252.72820997026747,-25.27282099702675,-0.04999999999999982
2024-10-02 02:00:00,0.0,342.18255435127077,-34.21825543512708,-0.10000000000000009
2024-10-02 03:00:00,350.9358734447973,0.0,35.09358734447974,0.10000000000000009
2024-10-02 04:00:00,538.153211942074,0.0,53.8153211942074,0.5999999999999996
2024-10-02 05:00:00,393.24449028811347,0.0,39.32444902881135,0.5
2024-10-02 06:00:00,464.5255803326128,0.0,46.45255803326128,0.20000000000000107
2024-10-02 07:00:00,0.0,416.77597577920864,-41.677597577920864,-0.10000000000000053
2024-10-02 08:00:00,0.0,216.6919106787447,-21.669191067874472,-0.35000000000000053
2024-10-02 09:00:00,0.0,225.10826493323725,-22.510826493323727,-0.2999999999999998
2024-10-02 10:00:00,0.0,223.93689731666677,-22.39368973166668,-0.25
2024-10-02 11:00:00,0.0,375.95306394152345,-37.595306394152345,-0.09999999999999964
2024-10-02 12:00:00,0.0,311.4492587464671,-31.14492587464671,-0.10000000000000053
2024-10-02 13:00:00,0.0,305.5844284628677,-30.558442846286773,-0.09999999999999964
2024-10-02 14:00:00,0.0,398.15975043221874,-39.815975043221876,-0.04999999999999982
2024-10-02 15:00:00,0.0,251.64789043903477,-25.16478904390348,-0.10000000000000053
2024-10-02 16:00:00,399.95830196230133,0.0,39.99583019623014,0.4500000000000002
2024-10-02 17:00:00,512.2200821181914,0.0,51.222008211819144,0.5000000000000009
2024-10-02 18:00:00,706.3937154727581,0.0,70.63937154727581,0.29999999999999893
2024-10-02 19:00:00,0.0,398.4054402154269,-39.84054402154269,-0.04999999999999982
2024-10-02 20:00:00,0.0,191.03120236336636,-19.103120236336636,-0.2999999999999998
2024-10-02 21:00:00,0.0,354.37081376374476,-35.43708137637448,-0.25
2024-10-02 22:00:00,0.0,296.1109009824775,-29.611090098247754,-0.20000000000000018
2024-10-02 23:00:00,0.0,268.2327655559479,-26.823276555594788,-0.1499999999999999
2024-10-03 00:00:00,0.0,314.99262590274367,-31.49926259027437,-0.050000000000000266
2024-10-03 01:00:00,0.0,389.86905083916383,-38.98690508391638,-0.09999999999999964
2024-10-03 02:00:00,0.0,302.333357965454,-30.233335796545404,-0.10000000000000009
2024-10-03 03:00:00,0.0,159.42810617696583,-15.942810617696583,-0.1499999999999999
2024-10-03 04:00:00,293.81976422512207,0.0,29.38197642251221,0.34999999999999964
2024-10-03 05:00:00,392.47477690586715,0.0,39.24747769058672,0.5999999999999996
2024-10-03 06:00:00,466.0398035131997,0.0,46.60398035131997,0.25
2024-10-03 07:00:00,439.6727232175915,0.0,43.967272321759154,0.15000000000000036
2024-10-03 08:00:00,0.0,275.8115506839635,-27.581155068396352,-0.25
2024-10-03 09:00:00,0.0,321.5234588475015,-32.152345884750154,-0.2999999999999998
2024-10-03 10:00:00,0.0,219.61185594509652,-21.961185594509654,-0.2999999999999998
2024-10-03 11:00:00,0.0,189.96209166725305,-18.996209166725304,-0.10000000000000009
2024-10-03 12:00:00,0.0,291.67737006246574,-29.167737006246576,-0.1499999999999999
2024-10-03 13:00:00,0.0,437.4535996114737,-43.74535996114737,-0.04999999999999982
2024-10-03 14:00:00,0.0,285.52694506428816,-28.552694506428818,-0.10000000000000053
2024-10-03 15:00:00,0.0,224.67923500678666,-22.467923500678666,-0.04999999999999982
2024-10-03 16:00:00,592.5796193717999,0.0,59.25796193718,0.25
2024-10-03 17:00:00,433.6604286806227,0.0,43.36604286806227,0.6499999999999995
2024-10-03 18:00:00,639.758782057207,0.0,63.975878205720704,0.3500000000000014
2024-10-03 19:00:00,710.8396244303311,0.0,71.08396244303312,0.14999999999999858
2024-10-03 20:00:00,0.0,247.03368333682377,-24.703368333682377,-0.1999999999999993
2024-10-03 21:00:00,0.0,390.2022788663215,-39.02022788663215,-0.34999999999999964
2024-10-03 22:00:00,0.0,405.1492191215085,-40.514921912150854,-0.25000000000000044
2024-10-03 23:00:00,0.0,360.9801320319566,-36.09801320319566,-0.19999999999999973
2024-10-04 00:00:00,0.0,383.05272650355755,-38.305272650355754,-0.10000000000000053
2024-10-04 01:00:00,0.0,372.89153319970455,-37.28915331997046,-0.04999999999999982
2024-10-04 02:00:00,0.0,360.53432104674835,-36.05343210467483,-0.09999999999999964
2024-10-04 03:00:00,0.0,428.3757415337136,-42.837574153371364,-0.10000000000000053
2024-10-04 04:00:00,396.7936354026287,0.0,39.67936354026287,0.05000000000000071
2024-10-04 05:00:00,526.2335600120099,0.0,52.62335600120099,0.75
2024-10-04 06:00:00,413.21370818310356,0.0,41.321370818310356,0.34999999999999964
2024-10-04 07:00:00,551.7358981469798,0.0,55.17358981469798,0.1999999999999993
2024-10-04 08:00:00,0.0,377.26047344146565,-37.726047344146565,-0.09999999999999964
2024-10-04 09:00:00,0.0,325.10992393573025,-32.51099239357303,-0.34999999999999964
2024-10-04 10:00:00,0.0,415.57613089808376,-41.55761308980838,-0.25
2024-10-04 11:00:00,0.0,250.4209503076962,-25.04209503076962,-0.25
2024-10-04 12:00:00,0.0,426.04494576590514,-42.60449457659052,-0.10000000000000009
2024-10-04 13:00:00,0.0,355.93131659318743,-35.59313165931874,-0.10000000000000009
2024-10-04 14:00:00,0.0,397.75073278373895,-39.775073278373895,-0.1499999999999999
2024-10-04 15:00:00,0.0,350.3911085033146,-35.03911085033146,-0.050000000000000266
2024-10-04 16:00:00,0.0,0.0,0.0,0.0
2024-10-04 17:00:00,740.4571401582402,0.0,74.04571401582403,0.7000000000000002
2024-10-04 18:00:00,400.0477612547074,0.0,40.00477612547074,0.4500000000000002
2024-10-04 19:00:00,513.8886245241281,0.0,51.38886245241281,0.25
2024-10-04 20:00:00,0.0,0.0,0.0,0.0
2024-10-04 21:00:00,0.0,235.7365264148529,-23.573652641485292,-0.2999999999999998
2024-10-04 22:00:00,0.0,296.804738266846,-29.680473826684604,-0.40000000000000036
2024-10-04 23:00:00,0.0,224.50903656036098,-22.4509036560361,-0.19999999999999973
2024-10-05 00:00:00,0.0,309.0997896963868,-30.90997896963868,-0.1499999999999999
2024-10-05 01:00:00,0.0,312.06566140706377,-31.20656614070638,-0.10000000000000053
2024-10-05 02:00:00,0.0,356.9390545295711,-35.69390545295711,-0.09999999999999964
2024-10-05 03:00:00,0.0,355.58653182022124,-35.55865318202213,-0.04999999999999982
2024-10-05 04:00:00,0.0,314.0913540138307,-31.40913540138307,-0.050000000000000266
2024-10-05 05:00:00,441.5562374377656,0.0,44.155623743776566,0.3999999999999999
2024-10-05 06:00:00,370.16851397831476,0.0,37.01685139783148,0.5000000000000009
2024-10-05 07:00:00,357.48423697107404,0.0,35.748423697107405,0.34999999999999964
2024-10-05 08:00:00,0.0,0.0,0.0,0.0
2024-10-05 09:00:00,0.0,411.7393713999082,-41.17393713999082,-0.3000000000000007
2024-10-05 10:00:00,0.0,397.2144928004816,-39.72144928004816,-0.25
2024-10-05 11:00:00,0.0,362.78219206770564,-36.278219206770565,-0.24999999999999956
2024-10-05 12:00:00,0.0,339.57178953518553,-33.95717895351856,-0.1499999999999999
2024-10-05 13:00:00,0.0,299.3482427782208,-29.934824277822084,-0.15000000000000036
2024-10-05 14:00:00,0.0,191.47967921118166,-19.147967921118166,-0.04999999999999982
2024-10-05 15:00:00,0.0,384.64194840119893,-38.464194840119895,-0.04999999999999982
2024-10-05 16:00:00,0.0,319.5244659960748,-31.952446599607484,-0.15000000000000036
2024-10-05 17:00:00,724.8780223245,0.0,72.48780223245,0.40000000000000036
2024-10-05 18:00:00,768.5821308432479,0.0,76.8582130843248,0.6000000000000005
2024-10-05 19:00:00,398.90655020088434,0.0,39.89065502008844,0.34999999999999964
2024-10-05 20:00:00,386.69955407526174,0.0,38.669955407526174,0.09999999999999964
2024-10-05 21:00:00,0.0,300.60875820157156,-30.060875820157158,-0.20000000000000018
2024-10-05 22:00:00,0.0,226.59090248012913,-22.659090248012916,-0.39999999999999947
2024-10-05 23:00:00,0.0,359.93423908979844,-35.99342390897984,-0.20000000000000062
2024-10-06 00:00:00,0.0,341.5585910509491,-34.15585910509491,-0.1499999999999999
2024-10-06 01:00:00,0.0,334.41183373158594,-33.441183373158594,-0.1499999999999999
2024-10-06 02:00:00,0.0,348.6506256316267,-34.865062563162674,-0.10000000000000009
2024-10-06 03:00:00,0.0,232.59372987490565,-23.259372987490565,-0.09999999999999964
2024-10-06 04:00:00,0.0,295.87986820740093,-29.587986820740095,-0.050000000000000266
2024-10-06 05:00:00,0.0,0.0,0.0,0.0
2024-10-06 06:00:00,477.2136265155458,0.0,47.721362651554585,0.6000000000000001
2024-10-06 07:00:00,449.5319294182771,0.0,44.953192941827716,0.34999999999999964
2024-10-06 08:00:00,497.37553420558714,0.0,49.73755342055872,0.20000000000000018
2024-10-06 09:00:00,0.0,314.73158963533285,-31.473158963533287,-0.09999999999999964
2024-10-06 10:00:00,0.0,345.6792788986579,-34.56792788986579,-0.35000000000000053
2024-10-06 11:00:00,0.0,319.28301196795405,-31.928301196795406,-0.2999999999999998
2024-10-06 12:00:00,0.0,308.6726967466871,-30.867269674668712,-0.04999999999999982
2024-10-06 13:00:00,0.0,283.5020504464081,-28.35020504464081,-0.15000000000000036
2024-10-06 14:00:00,0.0,242.34763222915333,-24.234763222915333,-0.09999999999999964
2024-10-06 15:00:00,0.0,198.1107493685468,-19.81107493685468,-0.04999999999999982
2024-10-06 16:00:00,0.0,208.66009800302828,-20.86600980030283,-0.10000000000000053
2024-10-06 17:00:00,462.4626837851471,0.0,46.24626837851471,0.050000000000000266
2024-10-06 18:00:00,606.1747700632937,0.0,60.61747700632938,0.6000000000000001
2024-10-06 19:00:00,516.0772183783602,0.0,51.60772183783602,0.40000000000000036
2024-10-06 20:00:00,540.9001588344522,0.0,54.090015883445226,0.29999999999999893
2024-10-06 21:00:00,0.0,334.4252586441684,-33.442525864416844,-0.049999999999998934
2024-10-06 22:00:00,0.0,381.0616693534605,-38.10616693534605,-0.35000000000000053
2024-10-06 23:00:00,0.0,314.7110902183675,-31.47110902183675,-0.2999999999999998
2024-10-07 00:00:00,0.0,287.02664114169625,-28.702664114169625,-0.20000000000000018
2024-10-07 01:00:00,0.0,251.75384784469688,-25.17538478446969,-0.09999999999999964
2024-10-07 02:00:00,0.0,280.7383060741138,-28.07383060741138,-0.15000000000000036
2024-10-07 03:00:00,0.0,494.6204426549298,-49.46204426549298,-0.04999999999999982
2024-10-07 04:00:00,0.0,133.1122788221562,-13.311227882215622,-0.04999999999999982
2024-10-07 05:00:00,0.0,243.10279630169185,-24.310279630169187,-0.050000000000000266
2024-10-07 06:00:00,632.1023054354393,0.0,63.210230543543936,0.3500000000000001
2024-10-07 07:00:00,666.8971195793292,0.0,66.68971195793293,0.40000000000000036
2024-10-07 08:00:00,419.44540315895006,0.0,41.94454031589501,0.25
2024-10-07 09:00:00,0.0,0.0,0.0,0.0
2024-10-07 10:00:00,0.0,268.72219721310023,-26.872219721310024,-0.35000000000000053
2024-10-07 11:00:00,0.0,300.9758898070668,-30.09758898070668,-0.19999999999999973
2024-10-07 12:00:00,0.0,258.83451156243564,-25.883451156243567,-0.10000000000000009
2024-10-07 13:00:00,0.0,339.9390137190595,-33.993901371905956,-0.15000000000000036
2024-10-07 14:00:00,0.0,388.95586302159484,-38.89558630215949,-0.14999999999999947
2024-10-07 15:00:00,0.0,0.0,0.0,0.0
2024-10-07 16:00:00,0.0,396.40628559625617,-39.64062855962562,-0.10000000000000053
2024-10-07 17:00:00,0.0,0.0,0.0,0.0
2024-10-07 18:00:00,476.64357604183056,0.0,47.66435760418306,0.4500000000000002
2024-10-07 19:00:00,403.1433364043164,0.0,40.31433364043164,0.39999999999999947
2024-10-07 20:00:00,649.745684254033,0.0,64.9745684254033,0.3000000000000007
2024-10-07 21:00:00,336.34651928409727,0.0,33.63465192840973,0.15000000000000036
2024-10-07 22:00:00,0.0,305.9520933973198,-30.59520933973198,-0.3000000000000007
2024-10-07 23:00:00,0.0,273.4701479476546,-27.34701479476546,-0.2999999999999998
2024-10-08 00:00:00,0.0,334.73861165846876,-33.47386116584688,-0.1499999999999999
2024-10-08 01:00:00,0.0,439.7646532202324,-43.976465322023245,-0.1499999999999999
2024-10-08 02:00:00,0.0,343.2643703577261,-34.32643703577261,-0.10000000000000009
2024-10-08 03:00:00,0.0,160.51632853725357,-16.05163285372536,-0.050000000000000266
2024-10-08 04:00:00,0.0,351.83812086794296,-35.1838120867943,-0.14999999999999947
2024-10-08 05:00:00,0.0,305.6038037236112,-30.56038037236112,-0.10000000000000053
2024-10-08 06:00:00,0.0,0.0,0.0,0.0
2024-10-08 07:00:00,241.62992289061975,0.0,24.162992289061975,0.40000000000000036
2024-10-08 08:00:00,538.6373930081031,0.0,53.863739300810316,0.25
2024-10-08 09:00:00,700.7591147428196,0.0,70.07591147428197,0.20000000000000018
2024-10-08 10:00:00,0.0,318.0493958125951,-31.80493958125951,-0.20000000000000018
2024-10-08 11:00:00,0.0,319.18887030933286,-31.918887030933288,-0.25
2024-10-08 12:00:00,0.0,378.9441872378485,-37.89441872378485,-0.10000000000000009
2024-10-08 13:00:00,0.0,322.6182984641536,-32.26182984641536,-0.1499999999999999
2024-10-08 14:00:00,0.0,289.49892141203543,-28.949892141203545,-0.1499999999999999
2024-10-08 15:00:00,0.0,216.25795530580092,-21.625795530580092,-4.440892098500626e-16
2024-10-08 16:00:00,0.0,354.92208205236295,-35.492208205236295,-0.09999999999999964
2024-10-08 17:00:00,0.0,0.0,0.0,0.0
2024-10-08 18:00:00,372.0420999816088,0.0,37.204209998160884,0.04999999999999982
2024-10-08 19:00:00,309.4633510898853,0.0,30.94633510898853,0.5
2024-10-08 20:00:00,546.5793031379516,0.0,54.65793031379516,0.35000000000000053
2024-10-08 21:00:00,424.37140741751983,0.0,42.43714074175199,0.1999999999999993
2024-10-08 22:00:00,0.0,0.0,0.0,0.0
2024-10-08 23:00:00,0.0,316.9085416172773,-31.69085416172773,-0.2999999999999998
2024-10-09 00:00:00,0.0,312.53488713485575,-31.253488713485577,-0.25
2024-10-09 01:00:00,0.0,332.72720763374605,-33.27272076337461,-0.1499999999999999
2024-10-09 02:00:00,0.0,227.49668544579336,-22.749668544579336,-0.10000000000000009
2024-10-09 03:00:00,0.0,407.23352049962153,-40.72335204996216,-0.04999999999999982
2024-10-09 04:00:00,0.0,407.94205507172506,-40.79420550717251,-0.04999999999999982
2024-10-09 05:00:00,0.0,203.36410308794223,-20.336410308794225,-0.10000000000000053
2024-10-09 06:00:00,0.0,367.44210264453505,-36.74421026445351,-0.09999999999999964
2024-10-09 07:00:00,619.1848030508911,0.0,61.91848030508911,0.20000000000000018
2024-10-09 08:00:00,511.6634277003139,0.0,51.16634277003139,0.2999999999999998
2024-10-09 09:00:00,674.8356426022618,0.0,67.48356426022619,0.09999999999999964
2024-10-09 10:00:00,374.8489564267496,0.0,37.484895642674964,0.050000000000000266
2024-10-09 11:00:00,0.0,314.78113734399744,-31.478113734399745,-0.19999999999999973
2024-10-09 12:00:00,0.0,320.53704078023816,-32.05370407802382,-0.10000000000000053
2024-10-09 13:00:00,0.0,308.7507259574522,-30.87507259574522,-0.09999999999999964
2024-10-09 14:00:00,0.0,438.03146940536146,-43.80314694053615,-0.04999999999999982
2024-10-09 15:00:00,0.0,335.8213167044736,-33.58213167044736,-0.15000000000000036
2024-10-09 16:00:00,0.0,325.6785473173044,-32.56785473173044,-0.04999999999999982
2024-10-09 17:00:00,0.0,382.69125567965426,-38.269125567965425,-0.04999999999999982
2024-10-09 18:00:00,0.0,0.0,0.0,0.0
2024-10-09 19:00:00,216.59707140000177,0.0,21.65970714000018,0.39999999999999947
2024-10-09 20:00:00,494.58396005145073,0.0,49.458396005145076,0.25
2024-10-09 21:00:00,315.67453045110904,0.0,31.567453045110906,0.15000000000000036
2024-10-09 22:00:00,377.78869898555257,0.0,37.77886989855526,0.04999999999999982
2024-10-09 23:00:00,0.0,356.0666548764476,-35.60666548764476,-0.04999999999999982
2024-10-10 00:00:00,0.0,273.8083879498388,-27.38083879498388,-0.15000000000000036
2024-10-10 01:00:00,0.0,347.30883492056864,-34.73088349205687,-0.19999999999999973
2024-10-10 02:00:00,0.0,226.08721026431647,-22.60872102643165,-0.1499999999999999
2024-10-10 03:00:00,0.0,347.7189486588972,-34.77189486588972,-0.04999999999999982
2024-10-10 04:00:00,0.0,303.3413162459726,-30.334131624597262,-0.050000000000000266
2024-10-10 05:00:00,0.0,357.42102637455105,-35.742102637455105,-0.050000000000000266
2024-10-10 06:00:00,0.0,241.29551038873532,-24.129551038873533,-0.09999999999999964
2024-10-10 07:00:00,0.0,0.0,0.0,0.0
2024-10-10 08:00:00,555.0607434347588,0.0,55.50607434347589,0.20000000000000018
2024-10-10 09:00:00,338.10418948112795,0.0,33.8104189481128,0.25
2024-10-10 10:00:00,605.8680204337852,0.0,60.586802043378526,0.04999999999999982
2024-10-10 11:00:00,0.0,384.42688831701264,-38.44268883170127,-0.04999999999999982
2024-10-10 12:00:00,0.0,288.0441128256507,-28.80441128256507,-0.10000000000000053
2024-10-10 13:00:00,0.0,304.1876870033707,-30.41876870033707,-0.09999999999999964
2024-10-10 14:00:00,0.0,271.15585164485526,-27.115585164485527,-0.10000000000000009
2024-10-10 15:00:00,0.0,365.83970627466465,-36.583970627466464,-0.050000000000000266
2024-10-10 16:00:00,0.0,357.4394159782453,-35.74394159782453,-0.04999999999999982
2024-10-10 17:00:00,0.0,400.63323790475533,-40.063323790475536,-0.04999999999999982
2024-10-10 18:00:00,0.0,0.0,0.0,0.0
2024-10-10 19:00:00,395.24411507412924,0.0,39.52441150741293,0.1499999999999999
2024-10-10 20:00:00,434.47807212002533,0.0,43.44780721200254,0.30000000000000027
2024-10-10 21:00:00,404.42424903622964,0.0,40.442424903622964,0.19999999999999973
2024-10-10 22:00:00,557.3498410773351,0.0,55.73498410773351,0.10000000000000009
2024-10-10 23:00:00,0.0,0.0,0.0,0.0
2024-10-11 00:00:00,0.0,363.0730776700317,-36.307307767003174,-0.04999999999999982
2024-10-11 01:00:00,0.0,237.7922532756098,-23.77922532756098,-0.20000000000000018
2024-10-11 02:00:00,0.0,201.0044093277662,-20.10044093277662,-0.15000000000000036
2024-10-11 03:00:00,0.0,297.093108224941,-29.7093108224941,-0.04999999999999982
2024-10-11 04:00:00,0.0,458.6328824778376,-45.863288247783764,-0.04999999999999982
2024-10-11 05:00:00,0.0,309.8216026572537,-30.982160265725373,-0.10000000000000009
2024-10-11 06:00:00,0.0,401.1234024081209,-40.112340240812095,-0.050000000000000266
2024-10-11 07:00:00,0.0,244.4349039103902,-24.44349039103902,-0.04999999999999982
2024-10-11 08:00:00,0.0,0.0,0.0,0.0
2024-10-11 09:00:00,0.0,429.643437686522,-42.964343768652206,-0.04999999999999982
2024-10-11 10:00:00,0.0,333.7081499383356,-33.37081499383356,-1.65
2024-10-11 11:00:00,524.6353050386447,0.0,52.46353050386447,2.05
2024-10-11 12:00:00,0.0,295.5796743463273,-29.55796743463273,-0.10000000000000009
2024-10-11 13:00:00,0.0,317.49764090954096,-31.7497640909541,-0.04999999999999982
2024-10-11 14:00:00,0.0,336.7212562820859,-33.67212562820859,-0.04999999999999982
2024-10-11 15:00:00,0.0,387.99983632915496,-38.7999836329155,-0.20000000000000018
2024-10-11 16:00:00,544.5767188491639,0.0,54.45767188491639,0.09999999999999964
2024-10-11 17:00:00,0.0,274.9836068529508,-27.498360685295083,-0.09999999999999964
2024-10-11 18:00:00,454.97350132165934,0.0,45.497350132165934,0.04999999999999982
2024-10-11 19:00:00,0.0,339.8668603855316,-33.98668603855316,-0.09999999999999964
2024-10-11 20:00:00,215.65849104240831,0.0,21.565849104240833,0.1499999999999999
2024-10-11 21:00:00,588.8262005439393,0.0,58.88262005439393,0.19999999999999973
2024-10-11 22:00:00,320.39217081703106,0.0,32.03921708170311,0.15000000000000036
2024-10-11 23:00:00,642.8936689875525,0.0,64.28936689875525,0.09999999999999964
2024-10-12 00:00:00,0.0,0.0,0.0,0.0
2024-10-12 01:00:00,0.0,0.0,0.0,0.0
2024-10-12 02:00:00,0.0,368.0527549474032,-36.80527549474032,-0.09999999999999964
2024-10-12 03:00:00,0.0,437.97796885864983,-43.79779688586498,-0.15000000000000036
2024-10-12 04:00:00,0.0,296.1433463612634,-29.614334636126344,-0.04999999999999982
2024-10-12 05:00:00,0.0,381.019833384987,-38.101983338498705,-0.04999999999999982
2024-10-12 06:00:00,0.0,327.55205175660245,-32.755205175660244,-0.10000000000000009
2024-10-12 07:00:00,0.0,148.6481911965801,-14.864819119658009,-0.050000000000000266
2024-10-12 08:00:00,0.0,367.38210220788767,-36.738210220788766,-0.09999999999999964
2024-10-12 09:00:00,0.0,264.70112954510313,-26.470112954510313,-0.25
2024-10-12 10:00:00,276.7078477263323,0.0,27.670784772633233,0.2999999999999998
2024-10-12 11:00:00,0.0,333.4838088349959,-33.348380883499594,-0.04999999999999982
2024-10-12 12:00:00,315.5682325961491,0.0,31.55682325961491,0.09999999999999964
2024-10-12 13:00:00,729.2507726168067,0.0,72.92507726168067,0.10000000000000053
2024-10-12 14:00:00,648.2066257827555,0.0,64.82066257827556,0.04999999999999982
2024-10-12 15:00:00,0.0,295.33520161134777,-29.533520161134778,-0.04999999999999982
2024-10-12 16:00:00,0.0,0.0,0.0,0.0
2024-10-12 17:00:00,0.0,302.58680549804524,-30.258680549804524,-0.10000000000000053
2024-10-12 18:00:00,0.0,0.0,0.0,0.0
2024-10-12 19:00:00,0.0,271.01779277192213,-27.101779277192215,-0.04999999999999982
2024-10-12 20:00:00,0.0,0.0,0.0,0.0
2024-10-12 21:00:00,0.0,0.0,0.0,0.0
2024-10-12 22:00:00,548.5546124003357,0.0,54.85546124003358,0.04999999999999982
2024-10-12 23:00:00,102.62125666122753,0.0,10.262125666122754,0.20000000000000018
2024-10-13 00:00:00,460.7500013158018,0.0,46.07500013158018,0.15000000000000036
2024-10-13 01:00:00,585.566717564203,0.0,58.55667175642031,0.09999999999999964
2024-10-13 02:00:00,412.3537052141324,0.0,41.235370521413245,0.10000000000000009
2024-10-13 03:00:00,0.0,187.02480812203765,-18.702480812203767,-0.050000000000000266
2024-10-13 04:00:00,0.0,390.91819355298645,-39.09181935529865,-0.09999999999999964
2024-10-13 05:00:00,0.0,324.04660436988826,-32.40466043698883,-0.15000000000000036
2024-10-13 06:00:00,0.0,304.83399897291554,-30.483399897291555,-0.04999999999999982
2024-10-13 07:00:00,0.0,275.7661865848511,-27.57661865848511,-0.09999999999999964
2024-10-13 08:00:00,0.0,245.41218674083981,-24.541218674083982,-0.15000000000000036
2024-10-13 09:00:00,0.0,0.0,0.0,0.0
2024-10-13 10:00:00,0.0,217.95020695088525,-21.795020695088525,-0.04999999999999982
2024-10-13 11:00:00,0.0,415.6460045757003,-41.56460045757004,-0.04999999999999982
2024-10-13 12:00:00,0.0,0.0,0.0,0.0
2024-10-13 13:00:00,627.8636144349906,0.0,62.78636144349906,0.19999999999999973
2024-10-13 14:00:00,321.52514764457135,0.0,32.15251476445714,0.19999999999999973
2024-10-13 15:00:00,590.2779707031547,0.0,59.02779707031547,0.10000000000000053
2024-10-13 16:00:00,552.0671848183564,0.0,55.206718481835644,0.04999999999999982
2024-10-13 17:00:00,0.0,281.9325301547453,-28.19325301547453,-0.10000000000000009
2024-10-13 18:00:00,0.0,336.66907683032787,-33.66690768303279,-0.050000000000000266
2024-10-13 19:00:00,0.0,248.7236163194877,-24.87236163194877,-0.09999999999999964
2024-10-13 20:00:00,0.0,340.21719125190435,-34.02171912519044,-0.10000000000000009
2024-10-13 21:00:00,0.0,243.79536097028642,-24.379536097028645,-0.050000000000000266
2024-10-13 22:00:00,0.0,342.574500456533,-34.2574500456533,-0.04999999999999982
2024-10-13 23:00:00,0.0,339.78055572760155,-33.978055572760155,-0.04999999999999982
2024-10-14 00:00:00,414.0519265429608,0.0,41.40519265429609,0.09999999999999964
2024-10-14 01:00:00,583.2311986724154,0.0,58.323119867241545,0.30000000000000027
2024-10-14 02:00:00,373.55167212102407,0.0,37.35516721210241,0.19999999999999973
2024-10-14 03:00:00,687.3006269914225,0.0,68.73006269914225,0.15000000000000036
2024-10-14 04:00:00,0.0,250.46265555090014,-25.046265555090017,-0.04999999999999982
2024-10-14 05:00:00,0.0,299.2611131885478,-29.926111318854783,-4.440892098500626e-16
2024-10-14 06:00:00,0.0,250.0038017895302,-25.000380178953023,-0.19999999999999973
2024-10-14 07:00:00,0.0,237.76846882401088,-23.776846882401088,-0.15000000000000036
2024-10-14 08:00:00,0.0,373.34076047929227,-37.33407604792923,-0.14999999999999947
2024-10-14 09:00:00,0.0,349.6091367961468,-34.960913679614684,-0.10000000000000053
2024-10-14 10:00:00,0.0,454.51148907400056,-45.45114890740006,-0.04999999999999982
2024-10-14 11:00:00,0.0,245.68886649142678,-24.56888664914268,-0.09999999999999964
2024-10-14 12:00:00,0.0,0.0,0.0,0.0
2024-10-14 13:00:00,0.0,0.0,0.0,0.0
2024-10-14 14:00:00,318.558113215659,0.0,31.8558113215659,0.25
2024-10-14 15:00:00,345.9056826648406,0.0,34.59056826648406,0.2999999999999998
2024-10-14 16:00:00,516.8997846446576,0.0,51.68997846446577,0.09999999999999964
2024-10-14 17:00:00,0.0,0.0,0.0,0.0
2024-10-14 18:00:00,0.0,372.3321803802969,-37.23321803802969,-0.14999999999999947
2024-10-14 19:00:00,0.0,267.4447120778196,-26.74447120778196,-0.15000000000000036
2024-10-14 20:00:00,0.0,343.0171987091213,-34.30171987091213,-0.1499999999999999
2024-10-14 21:00:00,0.0,341.1276703392604,-34.11276703392604,-0.10000000000000009
2024-10-14 22:00:00,0.0,296.7999461599279,-29.679994615992793,-0.04999999999999982
2024-10-14 23:00:00,0.0,359.34853194350694,-35.934853194350694,-0.10000000000000009
2024-10-15 00:00:00,0.0,0.0,0.0,0.0
2024-10-15 01:00:00,0.0,0.0,0.0,0.0
2024-10-15 02:00:00,519.7330535936809,0.0,51.97330535936809,0.44999999999999973
2024-10-15 03:00:00,506.62238115551577,0.0,50.66223811555158,0.40000000000000036
2024-10-15 04:00:00,481.987596851988,0.0,48.1987596851988,0.2999999999999998
2024-10-15 05:00:00,689.8778859557999,0.0,68.98778859558,0.05000000000000071
2024-10-15 06:00:00,0.0,341.9219693543105,-34.19219693543105,-0.20000000000000107
2024-10-15 07:00:00,0.0,233.68780092207544,-23.368780092207544,-0.34999999999999964
2024-10-15 08:00:00,0.0,331.8069111433954,-33.18069111433954,-0.15000000000000036
2024-10-15 09:00:00,0.0,236.97884466322708,-23.69788446632271,-0.1999999999999993
2024-10-15 10:00:00,0.0,276.0592744329846,-27.60592744329846,-0.10000000000000053
2024-10-15 11:00:00,0.0,338.0192644454285,-33.80192644454285,-0.04999999999999982
2024-10-15 12:00:00,0.0,300.24809374743154,-30.024809374743157,-0.09999999999999964
2024-10-15 13:00:00,0.0,354.96672339018204,-35.496672339018204,-0.10000000000000053
2024-10-15 14:00:00,748.58162204304,0.0,74.85816220430401,0.10000000000000053
2024-10-15 15:00:00,595.1498841860871,0.0,59.51498841860871,0.5499999999999998
2024-10-15 16:00:00,596.3471125087106,0.0,59.63471125087106,0.09999999999999964
2024-10-15 17:00:00,463.5893780563011,0.0,46.35893780563011,0.20000000000000018
2024-10-15 18:00:00,0.0,0.0,0.0,0.0
2024-10-15 19:00:00,0.0,353.4793799028689,-35.347937990286894,-0.20000000000000018
2024-10-15 20:00:00,0.0,365.0376366998439,-36.503763669984394,-0.20000000000000018
2024-10-15 21:00:00,0.0,420.0672449813391,-42.00672449813391,-0.14999999999999947
2024-10-15 22:00:00,0.0,374.1400470794223,-37.41400470794223,-0.10000000000000009
2024-10-15 23:00:00,0.0,295.04671605380304,-29.504671605380306,-0.050000000000000266
2024-10-16 00:00:00,0.0,404.8550634081313,-40.48550634081313,-0.09999999999999964
2024-10-16 01:00:00,0.0,312.76475858827416,-31.276475858827418,-0.2999999999999998
2024-10-16 02:00:00,573.8630469684258,0.0,57.386304696842586,0.34999999999999964
2024-10-16 03:00:00,516.6328510938226,0.0,51.663285109382265,0.5499999999999998
2024-10-16 04:00:00,650.8401366800074,0.0,65.08401366800074,0.2500000000000009
2024-10-16 05:00:00,286.92718308756764,0.0,28.692718308756767,0.3999999999999986
2024-10-16 06:00:00,185.82886278338285,0.0,18.582886278338286,8.881784197001252e-16
2024-10-16 07:00:00,0.0,305.95342322860654,-30.595342322860656,-0.35000000000000053
2024-10-16 08:00:00,0.0,256.84982898921544,-25.684982898921547,-0.2999999999999998
2024-10-16 09:00:00,0.0,319.1474966238186,-31.914749662381862,-0.20000000000000018
2024-10-16 10:00:00,0.0,420.04475984181005,-42.004475984181006,-0.14999999999999947
2024-10-16 11:00:00,0.0,259.1033899481418,-25.910338994814182,-0.10000000000000009
2024-10-16 12:00:00,0.0,304.8567092001437,-30.48567092001437,-0.10000000000000009
2024-10-16 13:00:00,0.0,0.0,0.0,0.0
2024-10-16 14:00:00,0.0,348.6222184855174,-34.86222184855174,-0.04999999999999982
2024-10-16 15:00:00,590.0635246785588,0.0,59.00635246785588,0.34999999999999964
2024-10-16 16:00:00,543.4700653830186,0.0,54.347006538301855,0.5499999999999998
2024-10-16 17:00:00,478.0092768561945,0.0,47.800927685619456,0.34999999999999964
2024-10-16 18:00:00,199.27217749969574,0.0,19.927217749969575,0.05000000000000071
2024-10-16 19:00:00,0.0,260.2437973017116,-26.024379730171162,-0.20000000000000018
2024-10-16 20:00:00,0.0,351.38369481456465,-35.138369481456465,-0.34999999999999964
2024-10-16 21:00:00,0.0,369.31012815612115,-36.931012815612114,-0.20000000000000018
2024-10-16 22:00:00,0.0,371.9786612215248,-37.19786612215248,-0.20000000000000018
2024-10-16 23:00:00,0.0,387.0395728016038,-38.70395728016038,-0.09999999999999964
2024-10-17 00:00:00,0.0,282.63892425788583,-28.263892425788583,-0.050000000000000266
2024-10-17 01:00:00,0.0,407.811951547975,-40.7811951547975,-0.10000000000000009
2024-10-17 02:00:00,0.0,371.6259571099133,-37.16259571099133,-0.04999999999999982
2024-10-17 03:00:00,604.2688886783883,0.0,60.426888867838834,0.20000000000000018
2024-10-17 04:00:00,391.70021853265354,0.0,39.170021853265354,0.7000000000000002
2024-10-17 05:00:00,298.1730592929714,0.0,29.81730592929714,0.29999999999999893
2024-10-17 06:00:00,357.3724087875747,0.0,35.737240878757476,0.20000000000000107
2024-10-17 07:00:00,0.0,246.13685646290895,-24.613685646290897,-0.10000000000000053
2024-10-17 08:00:00,0.0,377.8532532938041,-37.785325329380406,-0.4500000000000002
2024-10-17 09:00:00,0.0,402.2875577389772,-40.228755773897724,-0.49999999999999956
2024-10-17 10:00:00,342.02837441125786,0.0,34.20283744112579,0.04999999999999982
2024-10-17 11:00:00,0.0,336.3030428609267,-33.630304286092674,-0.1499999999999999
2024-10-17 12:00:00,0.0,0.0,0.0,0.0
2024-10-17 13:00:00,0.0,352.7749379762811,-35.27749379762811,-0.10000000000000009
2024-10-17 14:00:00,0.0,314.37987964391544,-31.437987964391546,-0.1499999999999999
2024-10-17 15:00:00,0.0,0.0,0.0,0.0
2024-10-17 16:00:00,575.8925299196792,0.0,57.589252991967925,0.6999999999999997
2024-10-17 17:00:00,454.52855079128943,0.0,45.452855079128945,0.3999999999999999
2024-10-17 18:00:00,601.0548507915628,0.0,60.10548507915628,0.35000000000000053
2024-10-17 19:00:00,0.0,250.38012869014042,-25.038012869014043,-0.04999999999999982
2024-10-17 20:00:00,0.0,266.66057475093896,-26.666057475093897,-0.35000000000000053
2024-10-17 21:00:00,0.0,379.865493254282,-37.9865493254282,-0.2999999999999998
2024-10-17 22:00:00,0.0,300.21928847308595,-30.021928847308597,-0.25
2024-10-17 23:00:00,0.0,396.60748501160765,-39.66074850116077,-0.10000000000000009
2024-10-18 00:00:00,0.0,492.36375086541693,-49.2363750865417,-0.10000000000000009
2024-10-18 01:00:00,0.0,196.44278184583624,-19.644278184583627,-0.09999999999999964
2024-10-18 02:00:00,0.0,274.6586554861133,-27.46586554861133,-0.10000000000000053
2024-10-18 03:00:00,0.0,390.1845632459842,-39.01845632459842,-0.04999999999999982
2024-10-18 04:00:00,570.1558404443958,0.0,57.015584044439585,0.5499999999999998
2024-10-18 05:00:00,374.5966718481867,0.0,37.45966718481867,0.5500000000000007
2024-10-18 06:00:00,595.2632883946799,0.0,59.52632883946799,0.25
2024-10-18 07:00:00,676.4993955310458,0.0,67.64993955310459,0.04999999999999982
2024-10-18 08:00:00,0.0,378.4841275581252,-37.84841275581252,-0.2999999999999998
2024-10-18 09:00:00,0.0,330.6136612833534,-33.061366128335344,-0.40000000000000036
2024-10-18 10:00:00,0.0,372.64386334213447,-37.26438633421345,-0.25
2024-10-18 11:00:00,0.0,308.98890616633247,-30.89889061663325,-0.10000000000000009
2024-10-18 12:00:00,0.0,337.7513426984941,-33.77513426984941,-0.10000000000000009
2024-10-18 13:00:00,0.0,232.47384162943098,-23.2473841629431,-0.04999999999999982
2024-10-18 14:00:00,0.0,294.2004994958142,-29.420049949581422,-0.15000000000000036
2024-10-18 15:00:00,0.0,288.45043277783196,-28.845043277783198,-0.09999999999999964
2024-10-18 16:00:00,791.4735140035149,0.0,79.1473514003515,0.25
2024-10-18 17:00:00,265.0313254782735,0.0,26.503132547827352,0.8499999999999996
2024-10-18 18:00:00,463.74179594093494,0.0,46.3741795940935,0.25
2024-10-18 19:00:00,562.7446771519899,0.0,56.274467715198995,0.20000000000000018
2024-10-18 20:00:00,0.0,408.1471726147774,-40.81471726147774,-0.14999999999999947
2024-10-18 21:00:00,0.0,255.60871777151291,-25.56087177715129,-0.40000000000000036
2024-10-18 22:00:00,0.0,239.1069197693379,-23.91069197693379,-0.3500000000000001
2024-10-18 23:00:00,0.0,378.8780824758399,-37.88780824758399,-0.1499999999999999
2024-10-19 00:00:00,0.0,252.05962383935235,-25.205962383935237,-0.20000000000000018
2024-10-19 01:00:00,0.0,324.0642933916999,-32.40642933916999,-0.04999999999999982
2024-10-19 02:00:00,0.0,371.720487224773,-37.17204872247731,-0.15000000000000036
2024-10-19 03:00:00,0.0,343.63145368469793,-34.363145368469795,-0.09999999999999964
2024-10-19 04:00:00,0.0,305.2270431835151,-30.52270431835151,-0.04999999999999982
2024-10-19 05:00:00,597.7693412993718,0.0,59.77693412993719,0.6499999999999995
2024-10-19 06:00:00,327.93850350143634,0.0,32.793850350143636,0.40000000000000036
2024-10-19 07:00:00,700.5561158138111,0.0,70.05561158138111,0.25
2024-10-19 08:00:00,0.0,320.0218795910994,-32.00218795910994,-0.04999999999999982
2024-10-19 09:00:00,0.0,436.14513800160967,-43.61451380016097,-0.40000000000000036
2024-10-19 10:00:00,0.0,358.2591186455503,-35.82591186455503,-0.25
2024-10-19 11:00:00,0.0,242.01739689239014,-24.201739689239016,-0.20000000000000018
2024-10-19 12:00:00,0.0,331.14362133433497,-33.114362133433495,-0.14999999999999947
2024-10-19 13:00:00,0.0,470.32467128570386,-47.03246712857039,-0.050000000000000266
2024-10-19 14:00:00,0.0,377.12054990543675,-37.71205499054368,-0.10000000000000009
2024-10-19 15:00:00,0.0,321.6932382412296,-32.16932382412296,-0.09999999999999964
2024-10-19 16:00:00,0.0,379.25680504079946,-37.92568050407995,-0.10000000000000009
2024-10-19 17:00:00,460.77311261724935,0.0,46.07731126172494,0.75
2024-10-19 18:00:00,367.1445342795311,0.0,36.71445342795311,0.6000000000000001
2024-10-19 19:00:00,566.1907306217796,0.0,56.61907306217796,0.34999999999999964
2024-10-19 20:00:00,414.3735804036415,0.0,41.43735804036415,0.15000000000000036
2024-10-19 21:00:00,0.0,400.8982846031339,-40.08982846031339,-0.10000000000000053
2024-10-19 22:00:00,0.0,286.79071291691787,-28.679071291691788,-0.4499999999999993
2024-10-19 23:00:00,0.0,263.06055055695833,-26.306055055695836,-0.35000000000000053
2024-10-20 00:00:00,0.0,422.6186025212173,-42.261860252121735,-0.19999999999999973
2024-10-20 01:00:00,0.0,271.80849988983664,-27.180849988983667,-0.20000000000000018
2024-10-20 02:00:00,0.0,428.6748421082365,-42.86748421082365,-0.10000000000000009
2024-10-20 03:00:00,0.0,372.9939260107321,-37.29939260107321,-0.09999999999999964
2024-10-20 04:00:00,0.0,315.27126724554086,-31.527126724554087,-0.10000000000000053
2024-10-20 05:00:00,415.23565335789687,0.0,41.52356533578969,0.15000000000000036
2024-10-20 06:00:00,485.16970512224526,0.0,48.51697051222453,0.7999999999999998
2024-10-20 07:00:00,273.9114412059215,0.0,27.391144120592152,0.2999999999999998
2024-10-20 08:00:00,238.7585409036434,0.0,23.875854090364342,0.20000000000000018
2024-10-20 09:00:00,0.0,294.70827583946397,-29.4708275839464,-0.25
2024-10-20 10:00:00,0.0,414.7720727065888,-41.47720727065888,-0.39999999999999947
2024-10-20 11:00:00,0.0,337.36945416492966,-33.736945416492965,-0.25000000000000044
2024-10-20 12:00:00,0.0,412.6958048211326,-41.26958048211326,-0.19999999999999973
2024-10-20 13:00:00,0.0,324.6042957290726,-32.46042957290726,-0.10000000000000053
2024-10-20 14:00:00,0.0,438.0743332214387,-43.80743332214387,-0.2999999999999998
2024-10-20 15:00:00,276.9159745350024,0.0,27.691597453500243,0.04999999999999982
2024-10-20 16:00:00,0.0,308.42443366252303,-30.842443366252304,-0.14999999999999947
2024-10-20 17:00:00,0.0,0.0,0.0,0.0
2024-10-20 18:00:00,510.8991665588548,0.0,51.08991665588548,0.8999999999999995
2024-10-20 19:00:00,433.4057967014158,0.0,43.34057967014158,0.40000000000000036
2024-10-20 20:00:00,424.11544690153875,0.0,42.411544690153875,0.25
2024-10-20 21:00:00,0.0,314.3374307044587,-31.43374307044587,-0.05000000000000071
2024-10-20 22:00:00,0.0,295.49672910526925,-29.549672910526926,-0.39999999999999947
2024-10-20 23:00:00,0.0,312.25446569870724,-31.225446569870726,-0.34999999999999964
2024-10-21 00:00:00,0.0,401.30154782558975,-40.130154782558975,-0.20000000000000018
2024-10-21 01:00:00,0.0,426.09827720242833,-42.60982772024283,-0.10000000000000009
2024-10-21 02:00:00,0.0,304.9573737827021,-30.495737378270213,-0.1499999999999999
2024-10-21 03:00:00,0.0,375.11111196710647,-37.51111119671065,-0.10000000000000009
2024-10-21 04:00:00,0.0,401.4244522250351,-40.14244522250351,-0.050000000000000266
2024-10-21 05:00:00,0.0,391.4652787812166,-39.14652787812167,-0.09999999999999964
2024-10-21 06:00:00,550.7959316736603,0.0,55.079593167366035,0.40000000000000036
2024-10-21 07:00:00,382.24809724605177,0.0,38.22480972460518,0.4499999999999993
2024-10-21 08:00:00,304.03447890997927,0.0,30.403447890997928,0.25
2024-10-21 09:00:00,0.0,0.0,0.0,0.0
2024-10-21 10:00:00,0.0,282.89276482670925,-28.289276482670928,-0.34999999999999964
2024-10-21 11:00:00,0.0,280.3889012602378,-28.03889012602378,-0.15000000000000036
2024-10-21 12:00:00,0.0,256.11946058080184,-25.611946058080186,-0.24999999999999956
2024-10-21 13:00:00,0.0,316.15602148923244,-31.615602148923244,-0.1499999999999999
2024-10-21 14:00:00,0.0,304.0410945065156,-30.40410945065156,-0.10000000000000009
2024-10-21 15:00:00,0.0,323.62804480049965,-32.36280448004997,-0.050000000000000266
2024-10-21 16:00:00,0.0,190.45552810118073,-19.045552810118075,-0.04999999999999982
2024-10-21 17:00:00,0.0,393.2848870780823,-39.32848870780823,-0.09999999999999964
2024-10-21 18:00:00,156.17039078691374,0.0,15.617039078691375,0.5999999999999996
2024-10-21 19:00:00,566.3075717609106,0.0,56.630757176091066,0.5499999999999998
2024-10-21 20:00:00,492.2985886556395,0.0,49.229858865563955,0.35000000000000053
2024-10-21 21:00:00,351.69012491926094,0.0,35.1690124919261,0.14999999999999947
2024-10-21 22:00:00,0.0,308.8550336946181,-30.885503369461812,-0.20000000000000018
2024-10-21 23:00:00,0.0,344.8056246522125,-34.48056246522125,-0.39999999999999947
2024-10-22 00:00:00,0.0,394.6381019156389,-39.463810191563894,-0.30000000000000027
2024-10-22 01:00:00,0.0,301.0577891709962,-30.105778917099624,-0.1499999999999999
2024-10-22 02:00:00,0.0,263.5905566442258,-26.35905566442258,-0.15000000000000036
2024-10-22 03:00:00,0.0,346.05296922657635,-34.60529692265764,-0.09999999999999964
2024-10-22 04:00:00,0.0,350.0378154687167,-35.00378154687167,-0.10000000000000009
2024-10-22 05:00:00,0.0,260.9366378925874,-26.09366378925874,-0.10000000000000009
2024-10-22 06:00:00,0.0,435.3830103533164,-43.53830103533164,-0.04999999999999982
2024-10-22 07:00:00,436.1890841433459,0.0,43.61890841433459,0.5499999999999998
2024-10-22 08:00:00,592.4398851373358,0.0,59.243988513733576,0.35000000000000053
2024-10-22 09:00:00,498.2972201421314,0.0,49.82972201421314,0.1999999999999993
2024-10-22 10:00:00,0.0,387.08916065520566,-38.70891606552057,-0.09999999999999964
2024-10-22 11:00:00,0.0,391.9218899345457,-39.19218899345457,-0.3500000000000001
2024-10-22 12:00:00,0.0,389.90623263676343,-38.99062326367635,-0.19999999999999973
2024-10-22 13:00:00,0.0,239.01660123658098,-23.9016601236581,-0.15000000000000036
2024-10-22 14:00:00,0.0,301.8335085180962,-30.18335085180962,-0.09999999999999964
2024-10-22 15:00:00,0.0,224.0036627583066,-22.400366275830663,-0.3500000000000001
2024-10-22 16:00:00,422.082594208321,0.0,42.2082594208321,0.19999999999999973
2024-10-22 17:00:00,0.0,241.40065840949717,-24.140065840949717,-0.14999999999999947
2024-10-22 18:00:00,0.0,0.0,0.0,0.0
2024-10-22 19:00:00,509.20440820608354,0.0,50.920440820608356,0.44999999999999973
2024-10-22 20:00:00,421.96515469509694,0.0,42.1965154695097,0.44999999999999973
2024-10-22 21:00:00,664.1246521610962,0.0,66.41246521610962,0.25
2024-10-22 22:00:00,282.7537507094897,0.0,28.275375070948968,0.04999999999999982
2024-10-22 23:00:00,0.0,339.5281174622245,-33.95281174622245,-0.2999999999999998
2024-10-23 00:00:00,0.0,308.8248559895181,-30.88248559895181,-0.25
2024-10-23 01:00:00,0.0,214.83535520428063,-21.483535520428063,-0.19999999999999973
2024-10-23 02:00:00,0.0,280.1346321914724,-28.01346321914724,-0.1499999999999999
2024-10-23 03:00:00,0.0,393.39402693285297,-39.3394026932853,-0.04999999999999982
2024-10-23 04:00:00,0.0,365.63153229819994,-36.563153229819996,-0.10000000000000053
2024-10-23 05:00:00,0.0,296.56827119971365,-29.656827119971368,-0.04999999999999982
2024-10-23 06:00:00,0.0,383.4000446418944,-38.34000446418944,-0.09999999999999964
2024-10-23 07:00:00,0.0,364.5130047510301,-36.45130047510301,-0.10000000000000053
2024-10-23 08:00:00,387.83391910927884,0.0,38.78339191092789,0.35000000000000053
2024-10-23 09:00:00,499.4469687036892,0.0,49.94469687036892,0.25
2024-10-23 10:00:00,729.5695607350203,0.0,72.95695607350204,0.04999999999999982
2024-10-23 11:00:00,0.0,332.69600515587086,-33.269600515587086,-0.15000000000000036
2024-10-23 12:00:00,0.0,393.76068792019225,-39.376068792019225,-0.1499999999999999
2024-10-23 13:00:00,0.0,308.40837049087776,-30.840837049087778,-0.1499999999999999
2024-10-23 14:00:00,426.52275215224495,0.0,42.6522752152245,0.04999999999999982
2024-10-23 15:00:00,0.0,294.3798354851301,-29.437983548513014,-0.09999999999999964
2024-10-23 16:00:00,0.0,365.5212493586238,-36.55212493586238,-0.10000000000000009
2024-10-23 17:00:00,0.0,0.0,0.0,0.0
2024-10-23 18:00:00,0.0,339.237936313911,-33.9237936313911,-0.050000000000000266
2024-10-23 19:00:00,550.6563031714678,0.0,55.065630317146784,0.30000000000000027
2024-10-23 20:00:00,404.90795991466615,0.0,40.49079599146662,0.2999999999999998
2024-10-23 21:00:00,417.3589039482229,0.0,41.73589039482229,0.3500000000000001
2024-10-23 22:00:00,494.50579897706984,0.0,49.45057989770699,0.20000000000000018
2024-10-23 23:00:00,0.0,283.5658189423791,-28.356581894237912,-0.04999999999999982
2024-10-24 00:00:00,0.0,227.45501060131517,-22.745501060131517,-0.30000000000000027
2024-10-24 01:00:00,0.0,295.8089100948882,-29.58089100948882,-0.1499999999999999
2024-10-24 02:00:00,0.0,243.09025124995696,-24.3090251249957,-0.20000000000000018
2024-10-24 03:00:00,0.0,345.12742413216466,-34.512742413216465,-0.09999999999999964
2024-10-24 04:00:00,0.0,393.5278915550461,-39.35278915550461,-0.10000000000000053
2024-10-24 05:00:00,0.0,468.7509278912905,-46.87509278912905,-0.04999999999999982
2024-10-24 06:00:00,0.0,276.6419813471074,-27.66419813471074,-0.04999999999999982
2024-10-24 07:00:00,0.0,250.59191044554424,-25.059191044554424,-0.10000000000000009
2024-10-24 08:00:00,671.3643150561912,0.0,67.13643150561913,0.050000000000000266
2024-10-24 09:00:00,665.8666926865001,0.0,66.58666926865001,0.14999999999999947
2024-10-24 10:00:00,793.5586124654867,0.0,79.35586124654867,0.15000000000000036
2024-10-24 11:00:00,734.2353927951523,0.0,73.42353927951523,0.04999999999999982
2024-10-24 12:00:00,0.0,306.0709663588146,-30.60709663588146,-0.04999999999999982
2024-10-24 13:00:00,0.0,331.4899268112365,-33.14899268112365,-0.15000000000000036
2024-10-24 14:00:00,0.0,306.43794672785447,-30.643794672785447,-0.09999999999999964
2024-10-24 15:00:00,0.0,0.0,0.0,0.0
2024-10-24 16:00:00,0.0,366.39913731534756,-36.639913731534755,-0.10000000000000009
2024-10-24 17:00:00,0.0,408.74327182452674,-40.874327182452674,-0.050000000000000266
2024-10-24 18:00:00,0.0,0.0,0.0,0.0
2024-10-24 19:00:00,374.9888570500951,0.0,37.498885705009506,0.15000000000000036
2024-10-24 20:00:00,368.74209480741877,0.0,36.874209480741875,0.2999999999999998
2024-10-24 21:00:00,787.3859212138747,0.0,78.73859212138747,0.15000000000000036
2024-10-24 22:00:00,338.9304594591576,0.0,33.89304594591576,0.24999999999999956
2024-10-24 23:00:00,750.3201678796339,0.0,75.0320167879634,0.10000000000000009
2024-10-25 00:00:00,0.0,275.258001558366,-27.525800155836603,-0.04999999999999982
2024-10-25 01:00:00,0.0,258.7475511785471,-25.87475511785471,-0.20000000000000018
2024-10-25 02:00:00,0.0,367.27286025045953,-36.727286025045956,-0.1499999999999999
2024-10-25 03:00:00,0.0,361.2747909737909,-36.127479097379094,-0.10000000000000009
2024-10-25 04:00:00,0.0,404.92160838119844,-40.492160838119844,-0.09999999999999964
2024-10-25 05:00:00,0.0,466.2875080285817,-46.62875080285818,-0.15000000000000036
2024-10-25 06:00:00,0.0,0.0,0.0,0.0
2024-10-25 07:00:00,0.0,354.9269388919312,-35.49269388919312,-0.10000000000000009
2024-10-25 08:00:00,370.4679362085973,0.0,37.04679362085973,4.440892098500626e-16
2024-10-25 09:00:00,459.9672519220845,0.0,45.99672519220845,0.04999999999999982
2024-10-25 10:00:00,387.1785578357068,0.0,38.717855783570684,0.1499999999999999
2024-10-25 11:00:00,364.992495248256,0.0,36.4992495248256,0.1499999999999999
2024-10-25 12:00:00,489.21879201872696,0.0,48.9218792018727,0.04999999999999982
2024-10-25 13:00:00,0.0,311.75619683438606,-31.175619683438608,-0.04999999999999982
2024-10-25 14:00:00,0.0,335.75414481603434,-33.57541448160344,-0.15000000000000036
2024-10-25 15:00:00,504.97215946869267,0.0,50.49721594686927,4.440892098500626e-16
2024-10-25 16:00:00,430.19871721884533,0.0,43.019871721884535,0.050000000000000266
2024-10-25 17:00:00,0.0,291.08507247060504,-29.108507247060505,-0.050000000000000266
2024-10-25 18:00:00,0.0,0.0,0.0,0.0
2024-10-25 19:00:00,0.0,322.5695827597545,-32.25695827597545,-0.050000000000000266
2024-10-25 20:00:00,0.0,0.0,0.0,0.0
2024-10-25 21:00:00,396.7930976315001,0.0,39.67930976315001,0.10000000000000053
2024-10-25 22:00:00,761.2520994084488,0.0,76.12520994084488,0.19999999999999973
2024-10-25 23:00:00,66.83460218164242,0.0,6.683460218164242,0.1499999999999999
2024-10-26 00:00:00,402.9532760786741,0.0,40.295327607867414,0.09999999999999964
2024-10-26 01:00:00,0.0,0.0,0.0,0.0
2024-10-26 02:00:00,0.0,319.4604669240949,-31.94604669240949,-0.09999999999999964
2024-10-26 03:00:00,0.0,280.72686287187673,-28.072686287187675,-0.09999999999999964
2024-10-26 04:00:00,0.0,372.0699653303572,-37.20699653303572,-0.10000000000000053
2024-10-26 05:00:00,0.0,326.04597363035873,-32.60459736303587,-0.04999999999999982
2024-10-26 06:00:00,0.0,248.78525638328318,-24.87852563832832,-0.09999999999999964
2024-10-26 07:00:00,0.0,478.09840216302854,-47.80984021630286,-0.10000000000000053
2024-10-26 08:00:00,0.0,323.5910733065481,-32.35910733065481,-0.09999999999999964
2024-10-26 09:00:00,417.08283750908464,0.0,41.708283750908464,0.04999999999999982
2024-10-26 10:00:00,0.0,297.1321628367131,-29.713216283671315,-0.04999999999999982
2024-10-26 11:00:00,0.0,0.0,0.0,0.0
2024-10-26 12:00:00,618.8058690867745,0.0,61.88058690867745,0.04999999999999982
2024-10-26 13:00:00,375.19060334770325,0.0,37.51906033477032,0.10000000000000009
2024-10-26 14:00:00,637.4786910505969,0.0,63.74786910505969,0.19999999999999973
2024-10-26 15:00:00,755.9579335056678,0.0,75.59579335056678,0.050000000000000266
2024-10-26 16:00:00,0.0,201.54457208440755,-20.154457208440757,-0.050000000000000266
2024-10-26 17:00:00,0.0,342.63694896540153,-34.26369489654015,-0.04999999999999982
2024-10-26 18:00:00,0.0,385.74793337960847,-38.57479333796085,-0.04999999999999982
2024-10-26 19:00:00,0.0,302.86102831734075,-30.286102831734077,-0.10000000000000053
2024-10-26 20:00:00,0.0,285.79698018700446,-28.579698018700448,-0.04999999999999982
2024-10-26 21:00:00,0.0,228.63135743580312,-22.863135743580315,-0.04999999999999982
2024-10-26 22:00:00,0.0,0.0,0.0,0.0
2024-10-26 23:00:00,0.0,0.0,0.0,0.0
2024-10-27 00:00:00,459.57341224648854,0.0,45.95734122464886,0.1499999999999999
2024-10-27 01:00:00,430.53122226957817,0.0,43.05312222695782,0.20000000000000018
2024-10-27 02:00:00,529.8503001617153,0.0,52.98503001617153,0.1499999999999999
2024-10-27 03:00:00,0.0,0.0,0.0,0.0
2024-10-27 04:00:00,0.0,407.8136391750419,-40.781363917504194,-0.04999999999999982
2024-10-27 05:00:00,0.0,212.8686162137015,-21.28686162137015,-0.10000000000000009
2024-10-27 06:00:00,0.0,318.30857080356805,-31.830857080356807,-0.1499999999999999
2024-10-27 07:00:00,0.0,277.2966053656503,-27.72966053656503,-0.10000000000000009
2024-10-27 08:00:00,0.0,307.1972335001642,-30.719723350016423,-0.10000000000000009
2024-10-27 09:00:00,0.0,316.28120222592554,-31.628120222592557,-0.04999999999999982
2024-10-27 10:00:00,0.0,444.2563405690912,-44.425634056909125,-0.10000000000000009
2024-10-27 11:00:00,0.0,383.16797810028623,-38.316797810028625,-0.050000000000000266
2024-10-27 12:00:00,467.757508180597,0.0,46.7757508180597,0.050000000000000266
2024-10-27 13:00:00,0.0,0.0,0.0,0.0
2024-10-27 14:00:00,527.27123264661,0.0,52.727123264661,0.19999999999999973
2024-10-27 15:00:00,435.48936734615097,0.0,43.5489367346151,0.25
2024-10-27 16:00:00,309.424718489384,0.0,30.942471848938403,0.10000000000000053
2024-10-27 17:00:00,0.0,376.0977373022653,-37.60977373022653,-0.050000000000000266
2024-10-27 18:00:00,0.0,304.46067242195573,-30.446067242195575,-0.10000000000000009
2024-10-27 19:00:00,0.0,194.92480508199364,-19.492480508199364,-0.10000000000000009
2024-10-27 20:00:00,0.0,351.8973794327911,-35.18973794327911,-0.04999999999999982
2024-10-27 21:00:00,0.0,345.7097329374702,-34.57097329374702,-0.10000000000000009
2024-10-27 22:00:00,0.0,295.6698506913565,-29.56698506913565,-0.04999999999999982
2024-10-27 23:00:00,0.0,393.513398951123,-39.351339895112304,-0.10000000000000009
2024-10-28 00:00:00,0.0,335.64642885280887,-33.56464288528089,-4.440892098500626e-16
2024-10-28 01:00:00,481.76738652865987,0.0,48.17673865286599,0.30000000000000027
2024-10-28 02:00:00,275.66970234674335,0.0,27.566970234674336,0.30000000000000027
2024-10-28 03:00:00,617.8232884412721,0.0,61.782328844127214,0.09999999999999964
2024-10-28 04:00:00,424.88726809104674,0.0,42.488726809104676,0.10000000000000053
2024-10-28 05:00:00,0.0,301.80206283040076,-30.18020628304008,-0.10000000000000053
2024-10-28 06:00:00,0.0,336.7159579300338,-33.671595793003384,-0.19999999999999973
2024-10-28 07:00:00,0.0,325.5795669929825,-32.55795669929825,-0.10000000000000009
2024-10-28 08:00:00,0.0,209.89583649553825,-20.989583649553825,-0.1499999999999999
2024-10-28 09:00:00,0.0,304.1515948955549,-30.415159489555492,-0.10000000000000009
2024-10-28 10:00:00,0.0,284.13446214731346,-28.413446214731348,-0.10000000000000009
2024-10-28 11:00:00,0.0,294.062553367175,-29.4062553367175,-0.04999999999999982
2024-10-28 12:00:00,0.0,306.5407232389864,-30.654072323898642,-0.10000000000000009
2024-10-28 13:00:00,0.0,0.0,0.0,0.0
2024-10-28 14:00:00,361.1525740235795,0.0,36.115257402357955,0.3500000000000001
2024-10-28 15:00:00,648.2329281583806,0.0,64.82329281583806,0.25
2024-10-28 16:00:00,423.4536595450188,0.0,42.34536595450189,0.1499999999999999
2024-10-28 17:00:00,0.0,0.0,0.0,0.0
2024-10-28 18:00:00,0.0,295.3981148088858,-29.53981148088858,-0.09999999999999964
2024-10-28 19:00:00,0.0,315.9478370133495,-31.59478370133495,-0.10000000000000053
2024-10-28 20:00:00,0.0,306.47827179386377,-30.64782717938638,-0.14999999999999947
2024-10-28 21:00:00,0.0,319.7176098262534,-31.97176098262534,-0.15000000000000036
2024-10-28 22:00:00,0.0,269.93283093860487,-26.993283093860487,-0.04999999999999982
2024-10-28 23:00:00,0.0,287.7247461091785,-28.772474610917854,-0.10000000000000009
2024-10-29 00:00:00,0.0,456.5536555036613,-45.65536555036613,-0.050000000000000266
2024-10-29 01:00:00,0.0,0.0,0.0,0.0
2024-10-29 02:00:00,359.6733854264754,0.0,35.967338542647546,0.3500000000000001
2024-10-29 03:00:00,708.3989173719947,0.0,70.83989173719947,0.30000000000000027
2024-10-29 04:00:00,559.5326973600035,0.0,55.95326973600035,0.24999999999999956
2024-10-29 05:00:00,579.3431320939787,0.0,57.93431320939788,0.10000000000000009
2024-10-29 06:00:00,0.0,316.34011482347086,-31.634011482347088,-0.20000000000000018
2024-10-29 07:00:00,0.0,271.58944345964125,-27.158944345964127,-0.2999999999999998
2024-10-29 08:00:00,0.0,394.13230058212974,-39.413230058212974,-0.14999999999999947
2024-10-29 09:00:00,0.0,418.7249752209831,-41.872497522098314,-0.050000000000000266
2024-10-29 10:00:00,0.0,313.2787708324925,-31.327877083249252,-0.10000000000000009
2024-10-29 11:00:00,0.0,293.23476247013275,-29.323476247013275,-0.09999999999999964
2024-10-29 12:00:00,0.0,372.7970147930842,-37.27970147930842,-0.25
2024-10-29 13:00:00,370.3067897099656,0.0,37.03067897099656,0.14999999999999947
2024-10-29 14:00:00,463.26373367422934,0.0,46.32637336742294,0.15000000000000036
2024-10-29 15:00:00,351.4180174655424,0.0,35.14180174655424,0.34999999999999964
2024-10-29 16:00:00,318.0039510841739,0.0,31.80039510841739,0.30000000000000027
2024-10-29 17:00:00,0.0,321.327806918177,-32.1327806918177,-0.050000000000000266
2024-10-29 18:00:00,0.0,0.0,0.0,0.0
2024-10-29 19:00:00,0.0,282.613380548885,-28.2613380548885,-0.04999999999999982
2024-10-29 20:00:00,0.0,227.38975821402263,-22.738975821402263,-0.25
2024-10-29 21:00:00,0.0,398.3851081678142,-39.83851081678142,-0.09999999999999964
2024-10-29 22:00:00,0.0,308.9260357553457,-30.892603575534572,-0.10000000000000053
2024-10-29 23:00:00,0.0,377.55785991930327,-37.75578599193033,-0.09999999999999964
2024-10-30 00:00:00,0.0,318.36720529976867,-31.83672052997687,-0.04999999999999982
2024-10-30 01:00:00,0.0,359.77319134224075,-35.977319134224075,-0.050000000000000266
2024-10-30 02:00:00,522.2048660938273,0.0,52.22048660938273,0.04999999999999982
2024-10-30 03:00:00,328.8107463220803,0.0,32.88107463220803,0.5000000000000004
2024-10-30 04:00:00,420.56259226069824,0.0,42.05625922606983,0.34999999999999964
2024-10-30 05:00:00,561.9330855950772,0.0,56.19330855950772,0.25
2024-10-30 06:00:00,0.0,241.19888079719655,-24.119888079719658,-0.05000000000000071
2024-10-30 07:00:00,0.0,237.04714588325464,-23.704714588325466,-0.2499999999999991
2024-10-30 08:00:00,0.0,343.0676819760503,-34.30676819760503,-0.2999999999999998
2024-10-30 09:00:00,0.0,385.23160938517253,-38.52316093851726,-0.15000000000000036
2024-10-30 10:00:00,0.0,239.67377533842526,-23.967377533842527,-0.09999999999999964
2024-10-30 11:00:00,0.0,247.6550136079692,-24.76550136079692,-0.10000000000000053
2024-10-30 12:00:00,0.0,374.8758573844873,-37.48758573844873,-0.09999999999999964
2024-10-30 13:00:00,0.0,203.08865264787073,-20.308865264787073,-0.04999999999999982
2024-10-30 14:00:00,0.0,290.3344774947363,-29.03344774947363,-0.050000000000000266
2024-10-30 15:00:00,735.3974687716421,0.0,73.53974687716422,0.44999999999999973
2024-10-30 16:00:00,299.57010178935917,0.0,29.957010178935917,0.5
2024-10-30 17:00:00,457.6704874656038,0.0,45.767048746560384,0.04999999999999982
2024-10-30 18:00:00,516.2929486782084,0.0,51.629294867820846,0.05000000000000071
2024-10-30 19:00:00,0.0,418.50198892235795,-41.850198892235795,-0.20000000000000018
2024-10-30 20:00:00,0.0,328.046472483438,-32.8046472483438,-0.20000000000000018
2024-10-30 21:00:00,0.0,290.66166655111937,-29.06616665511194,-0.1499999999999999
2024-10-30 22:00:00,0.0,296.42014159843393,-29.642014159843395,-0.1499999999999999
2024-10-30 23:00:00,0.0,224.54180657551137,-22.454180657551138,-0.10000000000000009
2024-10-31 00:00:00,0.0,356.436668954875,-35.643666895487506,-0.050000000000000266
2024-10-31 01:00:00,0.0,320.0265740140603,-32.00265740140603,-0.09999999999999964
2024-10-31 02:00:00,0.0,0.0,0.0,0.0
2024-10-31 03:00:00,535.2887127201548,0.0,53.52887127201548,0.2999999999999998
2024-10-31 04:00:00,431.3298097300002,0.0,43.13298097300002,0.3500000000000001
2024-10-31 05:00:00,527.97542399579,0.0,52.79754239957901,0.1499999999999999
2024-10-31 06:00:00,0.0,0.0,0.0,0.0
2024-10-31 07:00:00,0.0,248.18727235525768,-24.81872723552577,-0.1499999999999999
2024-10-31 08:00:00,0.0,371.97554702277154,-37.19755470227715,-0.20000000000000018
2024-10-31 09:00:00,0.0,360.21046460304217,-36.02104646030422,-0.1499999999999999
2024-10-31 10:00:00,0.0,361.4151573794551,-36.14151573794551,-0.04999999999999982
2024-10-31 11:00:00,0.0,321.58636392538193,-32.15863639253819,-0.15000000000000036
2024-10-31 12:00:00,0.0,330.2049908057776,-33.02049908057776,-0.04999999999999982
2024-10-31 13:00:00,0.0,192.62405394301277,-19.26240539430128,-0.10000000000000009
2024-10-31 14:00:00,0.0,339.0111567179628,-33.90111567179628,-0.04999999999999982
2024-10-31 15:00:00,459.9624301298063,0.0,45.996243012980635,0.25
2024-10-31 16:00:00,379.93129888056444,0.0,37.993129888056444,0.44999999999999973
2024-10-31 17:00:00,443.6851241925891,0.0,44.36851241925891,0.20000000000000018
2024-10-31 18:00:00,606.8183826193784,0.0,60.68183826193785,0.15000000000000036
2024-10-31 19:00:00,0.0,387.68198286772576,-38.76819828677258,-0.15000000000000036
2024-10-31 20:00:00,0.0,289.8633895061294,-28.986338950612943,-0.15000000000000036
2024-10-31 21:00:00,0.0,428.3969932365505,-42.839699323655054,-0.14999999999999947
2024-10-31 22:00:00,0.0,199.7848465651603,-19.97848465651603,-0.15000000000000036
2024-10-31 23:00:00,0.0,196.2262964481599,-19.62262964481599,-0.04999999999999982
2024-11-01 00:00:00,0.0,339.79516425503795,-33.979516425503796,-0.04999999999999982
2024-11-01 01:00:00,0.0,351.3962957547079,-35.13962957547079,-0.10000000000000009
2024-11-01 02:00:00,0.0,219.25394152278506,-21.925394152278507,-4.440892098500626e-16
2024-11-01 03:00:00,0.0,358.3345007394331,-35.83345007394331,-0.39999999999999947
2024-11-01 04:00:00,616.0997451460019,0.0,61.60997451460019,1.0999999999999996
2024-11-01 05:00:00,600.1119195830403,0.0,60.01119195830403,0.2999999999999998
2024-11-01 06:00:00,546.8971726944342,0.0,54.68971726944342,0.20000000000000107
2024-11-01 07:00:00,0.0,258.06250238249055,-25.806250238249056,-0.10000000000000053
2024-11-01 08:00:00,0.0,369.1241121050808,-36.91241121050808,-0.2999999999999998
2024-11-01 09:00:00,0.0,302.7622073244276,-30.276220732442763,-0.25000000000000044
2024-11-01 10:00:00,0.0,194.00131620880535,-19.400131620880536,-0.19999999999999973
2024-11-01 11:00:00,0.0,367.6302186152762,-36.76302186152762,-0.15000000000000036
2024-11-01 12:00:00,0.0,264.976047804247,-26.4976047804247,-0.14999999999999947
2024-11-01 13:00:00,0.0,239.41512306031214,-23.941512306031214,-0.10000000000000053
2024-11-01 14:00:00,0.0,279.8989334216997,-27.989893342169974,-0.1499999999999999
2024-11-01 15:00:00,672.7113715203704,0.0,67.27113715203704,0.1499999999999999
2024-11-01 16:00:00,396.20424421313487,0.0,39.62042442131349,0.8999999999999995
2024-11-01 17:00:00,373.7410597900225,0.0,37.37410597900225,0.40000000000000036
2024-11-01 18:00:00,532.2020037706717,0.0,53.22020037706717,0.20000000000000018
2024-11-01 19:00:00,0.0,361.35621001760796,-36.135621001760796,-0.09999999999999964
2024-11-01 20:00:00,0.0,258.26436408795394,-25.826436408795395,-0.14999999999999947
2024-11-01 21:00:00,0.0,268.7316363902724,-26.87316363902724,-0.25
2024-11-01 22:00:00,0.0,336.4460848806235,-33.64460848806235,-0.3000000000000007
2024-11-01 23:00:00,0.0,258.0001352811635,-25.800013528116352,-0.20000000000000018
2024-11-02 00:00:00,0.0,339.6840754615911,-33.968407546159106,-0.14999999999999947
2024-11-02 01:00:00,0.0,268.3725390889872,-26.83725390889872,-0.10000000000000053
2024-11-02 02:00:00,0.0,350.2630623425443,-35.02630623425443,-0.20000000000000018
2024-11-02 03:00:00,0.0,297.9956505298419,-29.799565052984192,-0.09999999999999964
2024-11-02 04:00:00,439.96305653545505,0.0,43.996305653545505,0.3500000000000001
2024-11-02 05:00:00,598.9923901381827,0.0,59.899239013818274,0.49999999999999956
2024-11-02 06:00:00,474.41524939804845,0.0,47.44152493980485,0.25
2024-11-02 07:00:00,0.0,0.0,0.0,0.0
2024-11-02 08:00:00,0.0,281.99861459480144,-28.199861459480147,-0.14999999999999947
2024-11-02 09:00:00,0.0,381.7172084845882,-38.17172084845882,-0.15000000000000036
2024-11-02 10:00:00,0.0,221.44920430457057,-22.14492043045706,-0.2999999999999998
2024-11-02 11:00:00,0.0,413.3154313530771,-41.33154313530771,-0.1499999999999999
2024-11-02 12:00:00,0.0,316.7684515451726,-31.67684515451726,-0.1499999999999999
2024-11-02 13:00:00,0.0,321.68865281500274,-32.168865281500274,-0.10000000000000009
2024-11-02 14:00:00,582.5059698279541,0.0,58.250596982795415,0.050000000000000266
2024-11-02 15:00:00,0.0,231.7622960175978,-23.176229601759783,-0.05000000000000071
2024-11-02 16:00:00,444.5575828776738,0.0,44.45575828776738,0.15000000000000036
2024-11-02 17:00:00,441.58842649708504,0.0,44.158842649708504,0.7999999999999998
2024-11-02 18:00:00,531.373666632662,0.0,53.1373666632662,0.2999999999999998
2024-11-02 19:00:00,441.30098076106594,0.0,44.1300980761066,0.25
2024-11-02 20:00:00,0.0,384.45641830391764,-38.445641830391764,-0.14999999999999947
2024-11-02 21:00:00,0.0,319.13076804026184,-31.913076804026186,-0.39999999999999947
2024-11-02 22:00:00,0.0,448.412993776082,-44.8412993776082,-0.3000000000000007
2024-11-02 23:00:00,0.0,407.93699974111007,-40.79369997411101,-0.20000000000000018
2024-11-03 00:00:00,0.0,257.8218912380219,-25.782189123802194,-0.09999999999999964
2024-11-03 01:00:00,0.0,286.7775997940434,-28.677759979404343,-0.050000000000000266
2024-11-03 02:00:00,0.0,246.70102373673146,-24.670102373673146,-0.1499999999999999
2024-11-03 03:00:00,0.0,275.83116180015827,-27.58311618001583,-0.04999999999999982
2024-11-03 04:00:00,0.0,320.2436682492256,-32.02436682492256,-0.050000000000000266
2024-11-03 05:00:00,535.6314817195853,0.0,53.56314817195853,0.5
2024-11-03 06:00:00,605.1368814537973,0.0,60.51368814537973,0.3500000000000001
2024-11-03 07:00:00,722.0906258847206,0.0,72.20906258847207,0.15000000000000036
2024-11-03 08:00:00,0.0,345.3756903247058,-34.53756903247058,-0.09999999999999964
2024-11-03 09:00:00,0.0,302.1539361209214,-30.215393612092143,-0.35000000000000053
2024-11-03 10:00:00,0.0,370.98661736363397,-37.0986617363634,-0.15000000000000036
2024-11-03 11:00:00,0.0,269.4737984590178,-26.947379845901782,-0.1499999999999999
2024-11-03 12:00:00,0.0,300.07705440952475,-30.007705440952478,-0.1499999999999999
2024-11-03 13:00:00,0.0,283.33743562207394,-28.333743562207395,-0.04999999999999982
2024-11-03 14:00:00,0.0,381.6010542997079,-38.16010542997079,-0.15000000000000036
2024-11-03 15:00:00,0.0,0.0,0.0,0.0
2024-11-03 16:00:00,485.2798837642895,0.0,48.52798837642895,0.10000000000000009
2024-11-03 17:00:00,218.50106400309363,0.0,21.850106400309365,0.6000000000000001
2024-11-03 18:00:00,369.12724946118374,0.0,36.912724946118374,0.34999999999999964
2024-11-03 19:00:00,272.14767620351563,0.0,27.214767620351566,0.3000000000000007
2024-11-03 20:00:00,0.0,310.4661260875169,-31.04661260875169,-0.05000000000000071
2024-11-03 21:00:00,0.0,314.74460333882115,-31.474460333882117,-0.34999999999999964
2024-11-03 22:00:00,0.0,393.358568873106,-39.3358568873106,-0.25
2024-11-03 23:00:00,0.0,309.2035417882165,-30.920354178821654,-0.25
2024-11-04 00:00:00,0.0,300.39540890729774,-30.039540890729775,-0.04999999999999982
2024-11-04 01:00:00,0.0,297.52105148353075,-29.752105148353078,-0.15000000000000036
2024-11-04 02:00:00,0.0,253.42032410949918,-25.34203241094992,-0.04999999999999982
2024-11-04 03:00:00,0.0,427.59341984456455,-42.759341984456455,-0.10000000000000009
2024-11-04 04:00:00,0.0,330.7365974337228,-33.07365974337228,-0.1499999999999999
2024-11-04 05:00:00,657.0191149059033,0.0,65.70191149059033,0.2999999999999998
2024-11-04 06:00:00,315.3250125119777,0.0,31.532501251197772,0.4500000000000002
2024-11-04 07:00:00,708.4301811186829,0.0,70.84301811186829,0.1999999999999993
2024-11-04 08:00:00,598.7861674595181,0.0,59.87861674595181,0.10000000000000142
2024-11-04 09:00:00,0.0,520.1250280072841,-52.01250280072841,-0.4000000000000008
2024-11-04 10:00:00,0.0,283.34014806691675,-28.334014806691677,-0.2999999999999998
2024-11-04 11:00:00,0.0,379.54297884590324,-37.954297884590325,-1.9500000000000002
2024-11-04 12:00:00,510.8303749240131,0.0,51.08303749240131,2.0
2024-11-04 13:00:00,0.0,374.9463668950442,-37.494636689504425,-0.1499999999999999
2024-11-04 14:00:00,0.0,0.0,0.0,0.0
2024-11-04 15:00:00,0.0,428.6009504763423,-42.86009504763423,-0.25
2024-11-04 16:00:00,236.19726035299723,0.0,23.619726035299724,0.04999999999999982
2024-11-04 17:00:00,520.2870427640532,0.0,52.02870427640533,0.3500000000000001
2024-11-04 18:00:00,572.8758086252482,0.0,57.28758086252482,0.5000000000000004
2024-11-04 19:00:00,449.57797159342726,0.0,44.95779715934273,0.29999999999999893
2024-11-04 20:00:00,515.8107467026233,0.0,51.58107467026233,0.20000000000000107
2024-11-04 21:00:00,0.0,265.0905891536248,-26.509058915362484,-0.10000000000000053
2024-11-04 22:00:00,0.0,404.7596770460881,-40.47596770460881,-0.35000000000000053
2024-11-04 23:00:00,0.0,304.10487856853405,-30.410487856853408,-0.2999999999999994
2024-11-05 00:00:00,0.0,323.5521094394554,-32.35521094394554,-0.1499999999999999
2024-11-05 01:00:00,0.0,278.05599520683336,-27.805599520683337,-0.050000000000000266
2024-11-05 02:00:00,0.0,380.4270874271764,-38.04270874271764,-0.09999999999999964
2024-11-05 03:00:00,0.0,299.93411390512745,-29.993411390512748,-0.10000000000000009
2024-11-05 04:00:00,0.0,254.99529620885693,-25.499529620885696,-0.10000000000000009
2024-11-05 05:00:00,0.0,0.0,0.0,0.0
2024-11-05 06:00:00,589.673723631363,0.0,58.967372363136306,0.5
2024-11-05 07:00:00,746.1976752255673,0.0,74.61976752255673,0.30000000000000027
2024-11-05 08:00:00,586.3800871963526,0.0,58.638008719635266,0.20000000000000018
2024-11-05 09:00:00,0.0,345.32485185893904,-34.532485185893904,-0.05000000000000071
2024-11-05 10:00:00,0.0,285.0660340825609,-28.506603408256094,-0.2999999999999998
2024-11-05 11:00:00,0.0,170.19000669848703,-17.019000669848705,-0.2999999999999998
2024-11-05 12:00:00,0.0,419.64143822702556,-41.96414382270256,-0.04999999999999982
2024-11-05 13:00:00,0.0,308.8646621311056,-30.886466213110563,-0.10000000000000009
2024-11-05 14:00:00,0.0,229.9543311406671,-22.995433114066714,-0.050000000000000266
2024-11-05 15:00:00,0.0,379.4465186726135,-37.94465186726135,-0.1499999999999999
2024-11-05 16:00:00,0.0,318.1784858329766,-31.81784858329766,-0.10000000000000009
2024-11-05 17:00:00,0.0,322.42319120457364,-32.24231912045737,-0.04999999999999982
2024-11-05 18:00:00,668.4462061883431,0.0,66.84462061883431,0.5499999999999998
2024-11-05 19:00:00,200.9843850544163,0.0,20.09843850544163,0.35000000000000053
2024-11-05 20:00:00,526.3026133847318,0.0,52.63026133847318,0.25
2024-11-05 21:00:00,462.2494514363063,0.0,46.224945143630634,0.09999999999999964
2024-11-05 22:00:00,0.0,309.0158135575699,-30.901581355756992,-0.25
2024-11-05 23:00:00,0.0,276.64002644884306,-27.664002644884306,-0.30000000000000027
2024-11-06 00:00:00,0.0,325.96976865617165,-32.596976865617165,-0.1499999999999999
2024-11-06 01:00:00,0.0,335.15110796881964,-33.51511079688196,-0.1499999999999999
2024-11-06 02:00:00,0.0,327.36748114208547,-32.736748114208545,-0.10000000000000009
2024-11-06 03:00:00,0.0,284.90104394786965,-28.490104394786968,-0.04999999999999982
2024-11-06 04:00:00,0.0,291.23487929439847,-29.123487929439847,-0.15000000000000036
2024-11-06 05:00:00,0.0,334.38855891209766,-33.43885589120977,-0.04999999999999982
2024-11-06 06:00:00,516.8512606711828,0.0,51.68512606711828,0.10000000000000009
2024-11-06 07:00:00,548.1492621338178,0.0,54.81492621338179,0.3999999999999999
2024-11-06 08:00:00,339.8350232800381,0.0,33.983502328003816,0.20000000000000018
2024-11-06 09:00:00,418.8040588082346,0.0,41.88040588082346,0.09999999999999964
2024-11-06 10:00:00,0.0,395.1474946236763,-39.51474946236763,-0.19999999999999973
2024-11-06 11:00:00,0.0,232.33763341335677,-23.233763341335678,-0.19999999999999973
2024-11-06 12:00:00,0.0,352.5056015090097,-35.250560150900974,-0.15000000000000036
2024-11-06 13:00:00,0.0,256.51197648459834,-25.651197648459835,-0.09999999999999964
2024-11-06 14:00:00,0.0,325.1584115728924,-32.515841157289245,-0.10000000000000053
2024-11-06 15:00:00,0.0,369.0716050998594,-36.90716050998594,-0.04999999999999982
2024-11-06 16:00:00,0.0,325.00058806277906,-32.500058806277906,-0.04999999999999982
2024-11-06 17:00:00,0.0,216.62411563137195,-21.662411563137198,-0.04999999999999982
2024-11-06 18:00:00,315.17387250873134,0.0,31.517387250873135,0.34999999999999964
2024-11-06 19:00:00,313.2294566030622,0.0,31.32294566030622,0.40000000000000036
2024-11-06 20:00:00,551.988689718932,0.0,55.198868971893205,0.39999999999999947
2024-11-06 21:00:00,264.6934228578531,0.0,26.46934228578531,0.15000000000000036
2024-11-06 22:00:00,0.0,285.6622515435906,-28.566225154359064,-0.09999999999999964
2024-11-06 23:00:00,0.0,361.1682837477389,-36.11682837477389,-0.40000000000000036
2024-11-07 00:00:00,0.0,335.45995902892423,-33.54599590289242,-0.1499999999999999
2024-11-07 01:00:00,0.0,250.40023892157512,-25.040023892157514,-0.1499999999999999
2024-11-07 02:00:00,0.0,285.8808054890376,-28.58808054890376,-0.10000000000000009
2024-11-07 03:00:00,0.0,328.8053110758361,-32.88053110758361,-0.10000000000000009
2024-11-07 04:00:00,0.0,489.5753397734966,-48.95753397734966,-0.10000000000000009
2024-11-07 05:00:00,0.0,289.89994747352694,-28.989994747352696,-0.10000000000000009
2024-11-07 06:00:00,0.0,0.0,0.0,0.0
2024-11-07 07:00:00,476.04313771219546,0.0,47.60431377121955,0.25
2024-11-07 08:00:00,488.06640385548104,0.0,48.80664038554811,0.25
2024-11-07 09:00:00,295.46466499069487,0.0,29.54646649906949,0.15000000000000036
2024-11-07 10:00:00,0.0,330.3577261196205,-33.03577261196205,-0.10000000000000053
2024-11-07 11:00:00,0.0,247.5892238097522,-24.75892238097522,-0.09999999999999964
2024-11-07 12:00:00,0.0,369.1189897597104,-36.91189897597104,-0.15000000000000036
2024-11-07 13:00:00,0.0,466.5413404582268,-46.65413404582268,-0.09999999999999964
2024-11-07 14:00:00,0.0,193.93949382528297,-19.393949382528298,-0.10000000000000009
2024-11-07 15:00:00,0.0,337.0893708002453,-33.70893708002453,-0.050000000000000266
2024-11-07 16:00:00,0.0,405.367437953739,-40.5367437953739,-0.04999999999999982
2024-11-07 17:00:00,0.0,284.87797690365494,-28.487797690365497,-0.14999999999999947
2024-11-07 18:00:00,315.7166766974424,0.0,31.57166766974424,0.14999999999999947
2024-11-07 19:00:00,426.6312872040881,0.0,42.663128720408814,0.4500000000000002
2024-11-07 20:00:00,209.36475858424654,0.0,20.936475858424657,0.1499999999999999
2024-11-07 21:00:00,260.882660938772,0.0,26.088266093877202,0.1499999999999999
2024-11-07 22:00:00,742.9113726938951,0.0,74.29113726938952,0.04999999999999982
2024-11-07 23:00:00,0.0,247.10907638160467,-24.710907638160467,-0.14999999999999947
2024-11-08 00:00:00,0.0,355.79181258175254,-35.579181258175254,-0.15000000000000036
2024-11-08 01:00:00,0.0,311.5080694668427,-31.15080694668427,-0.1499999999999999
2024-11-08 02:00:00,0.0,277.31325892269336,-27.73132589226934,-0.10000000000000009
2024-11-08 03:00:00,0.0,252.06874018139627,-25.20687401813963,-0.04999999999999982
2024-11-08 04:00:00,0.0,247.69995858899546,-24.76999585889955,-0.15000000000000036
2024-11-08 05:00:00,0.0,0.0,0.0,0.0
2024-11-08 06:00:00,0.0,249.99755918329606,-24.99975591832961,-0.09999999999999964
2024-11-08 07:00:00,401.29731729966284,0.0,40.12973172996629,0.04999999999999982
2024-11-08 08:00:00,440.32803397495354,0.0,44.03280339749536,0.20000000000000018
2024-11-08 09:00:00,269.5357452410775,0.0,26.95357452410775,0.20000000000000018
2024-11-08 10:00:00,463.87642505113774,0.0,46.387642505113774,0.09999999999999964
2024-11-08 11:00:00,0.0,282.5052055955124,-28.25052055955124,-0.09999999999999964
2024-11-08 12:00:00,0.0,248.98104757883044,-24.898104757883047,-0.15000000000000036
2024-11-08 13:00:00,0.0,251.38013873351406,-25.138013873351408,-0.09999999999999964
2024-11-08 14:00:00,0.0,361.59096641582414,-36.159096641582416,-0.10000000000000053
2024-11-08 15:00:00,0.0,200.98886705900946,-20.09888670590095,-0.04999999999999982
2024-11-08 16:00:00,0.0,264.5822603106127,-26.458226031061272,-0.04999999999999982
2024-11-08 17:00:00,0.0,0.0,0.0,0.0
2024-11-08 18:00:00,0.0,260.8244025308838,-26.08244025308838,-0.04999999999999982
2024-11-08 19:00:00,627.6993827405107,0.0,62.76993827405107,0.19999999999999973
2024-11-08 20:00:00,607.0552210674387,0.0,60.70552210674387,0.3999999999999999
2024-11-08 21:00:00,698.8215935881346,0.0,69.88215935881347,0.10000000000000009
2024-11-08 22:00:00,636.7369235352465,0.0,63.67369235352466,0.1499999999999999
2024-11-08 23:00:00,0.0,0.0,0.0,0.0
2024-11-09 00:00:00,0.0,383.14258835074577,-38.314258835074575,-0.09999999999999964
2024-11-09 01:00:00,0.0,288.34086302640407,-28.834086302640408,-0.15000000000000036
2024-11-09 02:00:00,0.0,275.6506672814571,-27.565066728145712,-0.1499999999999999
2024-11-09 03:00:00,0.0,196.69754300143242,-19.669754300143243,-0.1499999999999999
2024-11-09 04:00:00,0.0,265.12888788126617,-26.512888788126617,-0.04999999999999982
2024-11-09 05:00:00,0.0,327.61970674392455,-32.76197067439246,-0.050000000000000266
2024-11-09 06:00:00,0.0,338.21966834724407,-33.82196683472441,-0.10000000000000009
2024-11-09 07:00:00,0.0,0.0,0.0,0.0
2024-11-09 08:00:00,0.0,222.424898807203,-22.2424898807203,-0.04999999999999982
2024-11-09 09:00:00,373.756824396188,0.0,37.3756824396188,0.20000000000000018
2024-11-09 10:00:00,798.6694761449197,0.0,79.86694761449198,0.14999999999999947
2024-11-09 11:00:00,532.7059707000216,0.0,53.27059707000216,0.10000000000000053
2024-11-09 12:00:00,0.0,327.2906397508424,-32.72906397508424,-0.050000000000000266
2024-11-09 13:00:00,0.0,389.29865018746995,-38.929865018746995,-0.10000000000000009
2024-11-09 14:00:00,0.0,453.92933810898364,-45.39293381089837,-0.09999999999999964
2024-11-09 15:00:00,0.0,284.53047358739286,-28.453047358739287,-0.050000000000000266
2024-11-09 16:00:00,0.0,330.1960201199759,-33.01960201199759,-0.10000000000000009
2024-11-09 17:00:00,0.0,0.0,0.0,0.0
2024-11-09 18:00:00,0.0,0.0,0.0,0.0
2024-11-09 19:00:00,0.0,0.0,0.0,0.0
2024-11-09 20:00:00,271.9988715018526,0.0,27.199887150185262,0.15000000000000036
2024-11-09 21:00:00,714.2528632656426,0.0,71.42528632656426,0.25
2024-11-09 22:00:00,184.28051187520623,0.0,18.428051187520623,0.14999999999999947
2024-11-09 23:00:00,255.48401080674535,0.0,25.548401080674537,0.050000000000000266
2024-11-10 00:00:00,388.1990251975464,0.0,38.81990251975464,0.04999999999999982
2024-11-10 01:00:00,0.0,323.78867672958347,-32.37886767295835,-0.04999999999999982
2024-11-10 02:00:00,0.0,304.8331931858762,-30.483319318587622,-0.1499999999999999
2024-11-10 03:00:00,0.0,288.81814552295356,-28.881814552295356,-0.15000000000000036
2024-11-10 04:00:00,0.0,363.7769746367753,-36.377697463677535,-0.09999999999999964
2024-11-10 05:00:00,0.0,322.2939768753162,-32.22939768753162,-0.04999999999999982
2024-11-10 06:00:00,0.0,215.8093502718953,-21.580935027189533,-0.10000000000000053
2024-11-10 07:00:00,0.0,251.74403303682183,-25.174403303682183,-0.04999999999999982
2024-11-10 08:00:00,0.0,303.90820406946,-30.390820406946002,-0.09999999999999964
2024-11-10 09:00:00,0.0,380.904937241774,-38.0904937241774,-0.050000000000000266
2024-11-10 10:00:00,635.6257521047389,0.0,63.562575210473895,0.050000000000000266
2024-11-10 11:00:00,527.035638442566,0.0,52.7035638442566,0.19999999999999973
2024-11-10 12:00:00,121.10220855347936,0.0,12.110220855347936,0.10000000000000009
2024-11-10 13:00:00,601.4378925008242,0.0,60.14378925008242,0.1499999999999999
2024-11-10 14:00:00,0.0,366.76796698089436,-36.67679669808944,-0.050000000000000266
2024-11-10 15:00:00,0.0,273.961318654087,-27.3961318654087,-0.04999999999999982
2024-11-10 16:00:00,0.0,341.2536686350793,-34.12536686350793,-0.14999999999999947
2024-11-10 17:00:00,0.0,260.34073185026426,-26.03407318502643,-0.05000000000000071
2024-11-10 18:00:00,0.0,0.0,0.0,0.0
2024-11-10 19:00:00,0.0,335.6176352195073,-33.56176352195073,-0.14999999999999947
2024-11-10 20:00:00,327.8294607521285,0.0,32.782946075212855,0.04999999999999982
2024-11-10 21:00:00,0.0,0.0,0.0,0.0
2024-11-10 22:00:00,316.50869393607104,0.0,31.650869393607106,0.09999999999999964
2024-11-10 23:00:00,431.80690614043357,0.0,43.18069061404336,0.30000000000000027
2024-11-11 00:00:00,289.6667034687942,0.0,28.96667034687942,0.1499999999999999
2024-11-11 01:00:00,387.50304376819406,0.0,38.75030437681941,0.10000000000000009
2024-11-11 02:00:00,0.0,0.0,0.0,0.0
2024-11-11 03:00:00,0.0,307.4219018121195,-30.74219018121195,-0.10000000000000009
2024-11-11 04:00:00,0.0,271.716557436745,-27.171655743674503,-0.1499999999999999
2024-11-11 05:00:00,0.0,348.23401817543134,-34.823401817543136,-0.1499999999999999
2024-11-11 06:00:00,0.0,334.0359844650746,-33.40359844650746,-0.04999999999999982
2024-11-11 07:00:00,0.0,335.07003136295106,-33.507003136295104,-0.10000000000000053
2024-11-11 08:00:00,0.0,198.09851199027602,-19.809851199027605,-0.04999999999999982
2024-11-11 09:00:00,0.0,364.6414506321282,-36.464145063212825,-0.09999999999999964
2024-11-11 10:00:00,0.0,289.427527306085,-28.9427527306085,-0.050000000000000266
2024-11-11 11:00:00,0.0,0.0,0.0,0.0
2024-11-11 12:00:00,502.2945236927668,0.0,50.229452369276686,0.19999999999999973
2024-11-11 13:00:00,492.6476022160965,0.0,49.264760221609656,0.25
2024-11-11 14:00:00,305.2505416256884,0.0,30.525054162568843,0.15000000000000036
2024-11-11 15:00:00,0.0,0.0,0.0,0.0
2024-11-11 16:00:00,0.0,463.5761031031982,-46.35761031031982,-0.09999999999999964
2024-11-11 17:00:00,0.0,288.0951487191037,-28.80951487191037,-0.10000000000000053
2024-11-11 18:00:00,0.0,342.61564061188994,-34.261564061189,-0.09999999999999964
2024-11-11 19:00:00,0.0,371.3826599092964,-37.138265990929646,-0.15000000000000036
2024-11-11 20:00:00,0.0,0.0,0.0,0.0
2024-11-11 21:00:00,0.0,291.78733878156544,-29.178733878156546,-0.09999999999999964
2024-11-11 22:00:00,0.0,0.0,0.0,0.0
2024-11-11 23:00:00,0.0,0.0,0.0,0.0
2024-11-12 00:00:00,450.6085982219183,0.0,45.06085982219184,0.25
2024-11-12 01:00:00,496.0665946670999,0.0,49.60665946670999,0.25
2024-11-12 02:00:00,285.8750303610115,0.0,28.587503036101154,0.1499999999999999
2024-11-12 03:00:00,557.1285784768268,0.0,55.71285784768268,0.04999999999999982
2024-11-12 04:00:00,0.0,280.80573078684745,-28.080573078684747,-0.050000000000000266
2024-11-12 05:00:00,0.0,211.12906448999092,-21.112906448999095,-0.14999999999999947
2024-11-12 06:00:00,0.0,247.5695940365071,-24.75695940365071,-0.20000000000000018
2024-11-12 07:00:00,0.0,195.75933944787727,-19.575933944787728,-0.10000000000000009
2024-11-12 08:00:00,0.0,331.30183971330183,-33.13018397133018,-0.050000000000000266
2024-11-12 09:00:00,0.0,288.9092404680719,-28.890924046807193,-0.14999999999999947
2024-11-12 10:00:00,0.0,367.70029379584633,-36.770029379584635,-0.10000000000000009
2024-11-12 11:00:00,0.0,270.5708165181642,-27.057081651816418,-4.440892098500626e-16
2024-11-12 12:00:00,0.0,267.7885544022567,-26.77885544022567,-0.09999999999999964
2024-11-12 13:00:00,201.83989506515172,0.0,20.183989506515175,0.2999999999999998
2024-11-12 14:00:00,538.0601058965839,0.0,53.80601058965839,0.3500000000000001
2024-11-12 15:00:00,405.00444651370793,0.0,40.5004446513708,0.1499999999999999
2024-11-12 16:00:00,584.4899002223256,0.0,58.44899002223256,0.10000000000000009
2024-11-12 17:00:00,0.0,0.0,0.0,0.0
2024-11-12 18:00:00,0.0,249.89151230258193,-24.989151230258194,-0.25
2024-11-12 19:00:00,0.0,335.04965436921674,-33.50496543692167,-0.1499999999999999
2024-11-12 20:00:00,0.0,306.53464251203883,-30.653464251203886,-0.1499999999999999
2024-11-12 21:00:00,0.0,304.0504669355745,-30.405046693557452,-0.10000000000000009
2024-11-12 22:00:00,0.0,271.32968644285336,-27.132968644285338,-0.04999999999999982
2024-11-12 23:00:00,0.0,239.84582869857078,-23.98458286985708,-0.04999999999999982
2024-11-13 00:00:00,0.0,283.51496340934347,-28.351496340934347,-0.050000000000000266
2024-11-13 01:00:00,515.9306226038434,0.0,51.59306226038434,0.19999999999999973
2024-11-13 02:00:00,549.4677808228895,0.0,54.94677808228895,0.40000000000000036
2024-11-13 03:00:00,436.4989706699724,0.0,43.64989706699724,0.19999999999999973
2024-11-13 04:00:00,644.7538611291556,0.0,64.47538611291556,0.10000000000000009
2024-11-13 05:00:00,0.0,305.44814140193387,-30.544814140193388,-0.10000000000000009
2024-11-13 06:00:00,0.0,376.6449179734419,-37.66449179734419,-0.1499999999999999
2024-11-13 07:00:00,0.0,343.10256641267335,-34.31025664126734,-0.15000000000000036
2024-11-13 08:00:00,0.0,246.47057732934752,-24.647057732934755,-0.14999999999999947
2024-11-13 09:00:00,0.0,393.23264271826883,-39.323264271826886,-0.15000000000000036
2024-11-13 10:00:00,0.0,0.0,0.0,0.0
2024-11-13 11:00:00,0.0,317.82128089815865,-31.782128089815867,-0.1499999999999999
2024-11-13 12:00:00,0.0,0.0,0.0,0.0
2024-11-13 13:00:00,0.0,440.03333678405374,-44.003333678405376,-0.050000000000000266
2024-11-13 14:00:00,592.4792513099401,0.0,59.24792513099401,0.5
2024-11-13 15:00:00,0.0,0.0,0.0,0.25
2024-11-13 16:00:00,408.82100475777946,0.0,40.882100475777946,0.20000000000000018
2024-11-13 17:00:00,451.1562101345267,0.0,45.115621013452675,0.15000000000000036
2024-11-13 18:00:00,0.0,195.69974650522482,-19.569974650522482,-0.20000000000000018
2024-11-13 19:00:00,0.0,281.1044491287236,-28.110444912872364,-0.25
2024-11-13 20:00:00,0.0,328.18133914708136,-32.818133914708135,-0.20000000000000018
2024-11-13 21:00:00,0.0,304.2557554007755,-30.425575540077553,-0.14999999999999947
2024-11-13 22:00:00,0.0,330.8385603462395,-33.08385603462395,-0.05000000000000071
2024-11-13 23:00:00,0.0,275.9151097678173,-27.59151097678173,-0.04999999999999982
2024-11-14 00:00:00,0.0,305.203579416367,-30.520357941636703,-0.04999999999999982
2024-11-14 01:00:00,0.0,236.0265338696081,-23.60265338696081,-0.10000000000000009
2024-11-14 02:00:00,658.81574701524,0.0,65.881574701524,0.30000000000000027
2024-11-14 03:00:00,547.778748179629,0.0,54.7778748179629,0.44999999999999973
2024-11-14 04:00:00,451.895621017492,0.0,45.1895621017492,0.1499999999999999
2024-11-14 05:00:00,335.6204395726359,0.0,33.56204395726359,0.04999999999999982
2024-11-14 06:00:00,0.0,302.4598191300128,-30.245981913001284,-0.09999999999999964
2024-11-14 07:00:00,0.0,389.29999444307236,-38.92999944430724,-0.20000000000000018
2024-11-14 08:00:00,0.0,399.4284488832816,-39.94284488832816,-0.20000000000000018
2024-11-14 09:00:00,0.0,369.0112168623316,-36.90112168623316,-0.09999999999999964
2024-11-14 10:00:00,0.0,178.21160815303637,-17.82116081530364,-0.10000000000000009
2024-11-14 11:00:00,0.0,352.27749411490123,-35.22774941149012,-0.050000000000000266
2024-11-14 12:00:00,0.0,342.9934862210903,-34.29934862210903,-0.09999999999999964
2024-11-14 13:00:00,0.0,224.68905600932442,-22.468905600932445,-0.15000000000000036
2024-11-14 14:00:00,403.06273317155313,0.0,40.306273317155316,0.10000000000000053
2024-11-14 15:00:00,540.8470982439035,0.0,54.08470982439035,0.5999999999999996
2024-11-14 16:00:00,777.5368582392372,0.0,77.75368582392372,0.2999999999999998
2024-11-14 17:00:00,800.0,0.0,80.0,0.10000000000000053
2024-11-14 18:00:00,381.664990442368,0.0,38.1664990442368,0.04999999999999982
2024-11-14 19:00:00,0.0,264.4284710076209,-26.44284710076209,-0.20000000000000018
2024-11-14 20:00:00,0.0,389.8429204605436,-38.984292046054364,-0.19999999999999973
2024-11-14 21:00:00,0.0,249.9532626118311,-24.99532626118311,-0.20000000000000018
2024-11-14 22:00:00,0.0,291.46901295679044,-29.146901295679044,-0.10000000000000009
2024-11-14 23:00:00,0.0,268.4077911255682,-26.840779112556824,-0.09999999999999964
2024-11-15 00:00:00,0.0,347.82937078728935,-34.782937078728935,-0.10000000000000053
2024-11-15 01:00:00,0.0,400.8114990719763,-40.081149907197634,-0.09999999999999964
2024-11-15 02:00:00,0.0,388.37911658971706,-38.837911658971706,-0.10000000000000009
2024-11-15 03:00:00,602.4118834522978,0.0,60.24118834522979,0.5
2024-11-15 04:00:00,762.9983847866506,0.0,76.29983847866507,0.2999999999999998
2024-11-15 05:00:00,501.2783199911227,0.0,50.127831999112274,0.1499999999999999
2024-11-15 06:00:00,0.0,0.0,0.0,0.0
2024-11-15 07:00:00,0.0,269.3203433669689,-26.932034336696894,-0.14999999999999947
2024-11-15 08:00:00,0.0,385.3083262337276,-38.53083262337276,-0.25
2024-11-15 09:00:00,0.0,274.57472204930536,-27.45747220493054,-0.15000000000000036
2024-11-15 10:00:00,0.0,424.57731019341975,-42.45773101934198,-0.04999999999999982
2024-11-15 11:00:00,0.0,297.8464924350758,-29.78464924350758,-0.10000000000000009
2024-11-15 12:00:00,0.0,376.05304073428863,-37.60530407342886,-0.10000000000000009
2024-11-15 13:00:00,0.0,347.2765550943947,-34.72765550943947,-0.09999999999999964
2024-11-15 14:00:00,0.0,262.9213627273577,-26.29213627273577,-0.050000000000000266
2024-11-15 15:00:00,183.80300022198605,0.0,18.380300022198607,0.3500000000000001
2024-11-15 16:00:00,346.96045092781344,0.0,34.69604509278135,0.5
2024-11-15 17:00:00,431.0745520401852,0.0,43.10745520401852,0.1999999999999993
2024-11-15 18:00:00,583.1476629796737,0.0,58.31476629796737,0.10000000000000053
2024-11-15 19:00:00,0.0,328.11058175734297,-32.811058175734296,-0.04999999999999982
2024-11-15 20:00:00,0.0,284.9966865339301,-28.49966865339301,-0.20000000000000018
2024-11-15 21:00:00,0.0,347.49104791752706,-34.74910479175271,-0.25
2024-11-15 22:00:00,0.0,242.1158308590521,-24.21158308590521,-0.1499999999999999
2024-11-15 23:00:00,0.0,265.2417605803923,-26.52417605803923,-0.1499999999999999
2024-11-16 00:00:00,0.0,390.12456518276764,-39.012456518276764,-0.04999999999999982
2024-11-16 01:00:00,0.0,299.7658519550543,-29.976585195505432,-0.10000000000000053
2024-11-16 02:00:00,0.0,280.6735413263344,-28.06735413263344,-0.14999999999999947
2024-11-16 03:00:00,0.0,0.0,0.0,0.0
2024-11-16 04:00:00,478.9196784255051,0.0,47.891967842550514,0.5499999999999998
2024-11-16 05:00:00,727.2665144020393,0.0,72.72665144020394,0.25
2024-11-16 06:00:00,583.9924587292692,0.0,58.39924587292692,0.09999999999999964
2024-11-16 07:00:00,647.445628491289,0.0,64.7445628491289,0.05000000000000071
2024-11-16 08:00:00,0.0,359.1466607225001,-35.91466607225001,-0.20000000000000018
2024-11-16 09:00:00,0.0,373.4785276502523,-37.34785276502523,-0.20000000000000018
2024-11-16 10:00:00,0.0,291.8817690184294,-29.18817690184294,-0.15000000000000036
2024-11-16 11:00:00,0.0,243.55430674256303,-24.355430674256304,-0.09999999999999964
2024-11-16 12:00:00,0.0,366.2357382623884,-36.62357382623884,-0.15000000000000036
2024-11-16 13:00:00,0.0,240.0381844678988,-24.00381844678988,-0.04999999999999982
2024-11-16 14:00:00,0.0,232.12202000373625,-23.212202000373626,-0.1499999999999999
2024-11-16 15:00:00,0.0,0.0,0.0,0.0
2024-11-16 16:00:00,377.47629047900074,0.0,37.74762904790008,0.6000000000000001
2024-11-16 17:00:00,596.2313675561187,0.0,59.623136755611874,0.5500000000000007
2024-11-16 18:00:00,619.182620116349,0.0,61.9182620116349,0.29999999999999893
2024-11-16 19:00:00,471.20429924951696,0.0,47.1204299249517,0.09999999999999964
2024-11-16 20:00:00,0.0,400.6295515592883,-40.06295515592883,-0.1999999999999993
2024-11-16 21:00:00,0.0,337.16641704597646,-33.71664170459765,-0.40000000000000036
2024-11-16 22:00:00,0.0,307.91671676316975,-30.791671676316977,-0.2999999999999998
2024-11-16 23:00:00,0.0,329.6504529639617,-32.96504529639617,-0.09999999999999964
2024-11-17 00:00:00,0.0,283.86963250873686,-28.386963250873688,-0.15000000000000036
2024-11-17 01:00:00,0.0,350.98743249183406,-35.09874324918341,-0.09999999999999964
2024-11-17 02:00:00,0.0,355.19638097086073,-35.51963809708607,-0.10000000000000053
2024-11-17 03:00:00,0.0,341.5641718235115,-34.156417182351156,-0.14999999999999947
2024-11-17 04:00:00,305.4076172284557,0.0,30.540761722845573,0.04999999999999982
2024-11-17 05:00:00,373.0148530421012,0.0,37.301485304210125,0.5999999999999996
2024-11-17 06:00:00,413.0544983735748,0.0,41.305449837357486,0.15000000000000036
2024-11-17 07:00:00,565.761565689098,0.0,56.5761565689098,0.15000000000000036
2024-11-17 08:00:00,0.0,309.06508079170663,-30.906508079170663,-0.10000000000000053
2024-11-17 09:00:00,0.0,303.2121175906909,-30.321211759069094,-0.2999999999999998
2024-11-17 10:00:00,0.0,261.5628578471327,-26.156285784713273,-0.10000000000000009
2024-11-17 11:00:00,0.0,321.00034292875193,-32.10003429287519,-0.19999999999999973
2024-11-17 12:00:00,0.0,293.42581757895124,-29.342581757895125,-0.050000000000000266
2024-11-17 13:00:00,0.0,192.53517467217733,-19.253517467217733,-0.050000000000000266
2024-11-17 14:00:00,0.0,420.1517035995412,-42.01517035995412,-0.09999999999999964
2024-11-17 15:00:00,0.0,258.43122497858684,-25.843122497858687,-0.04999999999999982
2024-11-17 16:00:00,254.5034409360089,0.0,25.45034409360089,0.39999999999999947
2024-11-17 17:00:00,228.01291632469844,0.0,22.801291632469844,0.75
2024-11-17 18:00:00,674.7506502182064,0.0,67.47506502182064,0.4500000000000002
2024-11-17 19:00:00,599.1784427553993,0.0,59.91784427553993,0.20000000000000018
2024-11-17 20:00:00,0.0,292.9154623396563,-29.291546233965633,-0.04999999999999982
2024-11-17 21:00:00,0.0,379.9359362142958,-37.99359362142958,-0.25
2024-11-17 22:00:00,0.0,277.51309446336154,-27.751309446336155,-0.5000000000000009
2024-11-17 23:00:00,0.0,459.59475691850594,-45.9594756918506,-0.2999999999999994
2024-11-18 00:00:00,0.0,269.0306126040103,-26.90306126040103,-0.1499999999999999
2024-11-18 01:00:00,0.0,335.97630854638635,-33.59763085463864,-0.10000000000000009
2024-11-18 02:00:00,0.0,496.68019076154565,-49.668019076154565,-0.10000000000000009
2024-11-18 03:00:00,0.0,458.85479252687674,-45.885479252687674,-0.1499999999999999
2024-11-18 04:00:00,0.0,247.4106731395653,-24.74106731395653,-0.050000000000000266
2024-11-18 05:00:00,515.6421741400069,0.0,51.564217414000694,0.30000000000000027
2024-11-18 06:00:00,521.4541706261409,0.0,52.145417062614094,0.5000000000000004
2024-11-18 07:00:00,570.9443795891268,0.0,57.094437958912685,0.2999999999999998
2024-11-18 08:00:00,546.5956768496065,0.0,54.659567684960656,0.09999999999999964
2024-11-18 09:00:00,0.0,250.1783491060492,-25.017834910604922,-0.2999999999999998
2024-11-18 10:00:00,0.0,327.0920734447347,-32.70920734447347,-0.40000000000000036
2024-11-18 11:00:00,0.0,363.85091787765055,-36.385091787765056,-0.14999999999999947
2024-11-18 12:00:00,0.0,378.28917584144074,-37.82891758414407,-0.10000000000000053
2024-11-18 13:00:00,0.0,272.862528088459,-27.2862528088459,-0.04999999999999982
2024-11-18 14:00:00,0.0,410.1117192912454,-41.011171929124544,-0.1499999999999999
2024-11-18 15:00:00,0.0,325.8761756245059,-32.58761756245059,-0.050000000000000266
2024-11-18 16:00:00,0.0,380.614305545741,-38.0614305545741,-0.04999999999999982
2024-11-18 17:00:00,505.29124030177064,0.0,50.529124030177066,0.3500000000000001
2024-11-18 18:00:00,449.8095690982556,0.0,44.980956909825565,0.6999999999999997
2024-11-18 19:00:00,407.61009611324516,0.0,40.76100961132452,0.3000000000000007
2024-11-18 20:00:00,413.5575946742728,0.0,41.35575946742728,0.1999999999999993
2024-11-18 21:00:00,0.0,238.161905335966,-23.8161905335966,-0.09999999999999964
2024-11-18 22:00:00,0.0,366.19663522827136,-36.61966352282714,-0.40000000000000036
2024-11-18 23:00:00,0.0,286.87991522881254,-28.687991522881255,-0.2999999999999998
2024-11-19 00:00:00,0.0,398.50135413656403,-39.8501354136564,-0.25
2024-11-19 01:00:00,0.0,354.6393448564535,-35.463934485645346,-0.1499999999999999
2024-11-19 02:00:00,0.0,200.29032703308104,-20.029032703308104,-0.10000000000000009
2024-11-19 03:00:00,0.0,309.8789940500802,-30.987899405008022,-0.09999999999999964
2024-11-19 04:00:00,0.0,235.2136025896506,-23.52136025896506,-0.10000000000000053
2024-11-19 05:00:00,0.0,0.0,0.0,0.0
2024-11-19 06:00:00,526.9080782608889,0.0,52.6908078260889,0.25
2024-11-19 07:00:00,577.5223717713714,0.0,57.75223717713714,0.40000000000000036
2024-11-19 08:00:00,300.51475901387226,0.0,30.051475901387228,0.25
2024-11-19 09:00:00,0.0,324.66799316159046,-32.46679931615905,-0.04999999999999982
2024-11-19 10:00:00,0.0,266.76862064086026,-26.676862064086027,-0.30000000000000027
2024-11-19 11:00:00,0.0,256.98671215815324,-25.698671215815324,-0.19999999999999973
2024-11-19 12:00:00,0.0,341.07582158263284,-34.107582158263284,-0.20000000000000018
2024-11-19 13:00:00,0.0,284.27771547262364,-28.427771547262367,-0.10000000000000009
2024-11-19 14:00:00,0.0,371.46893805430557,-37.14689380543056,-0.050000000000000266
2024-11-19 15:00:00,0.0,299.7431490481465,-29.97431490481465,-0.14999999999999947
2024-11-19 16:00:00,0.0,191.76313303432613,-19.176313303432615,-0.10000000000000009
2024-11-19 17:00:00,428.1049982292789,0.0,42.810499822927895,0.10000000000000009
2024-11-19 18:00:00,556.0084741361992,0.0,55.600847413619924,0.5499999999999998
2024-11-19 19:00:00,440.50393640548026,0.0,44.05039364054803,0.4499999999999993
2024-11-19 20:00:00,429.5129959891045,0.0,42.95129959891045,0.25
2024-11-19 21:00:00,528.7397849001082,0.0,52.87397849001083,0.15000000000000036
2024-11-19 22:00:00,0.0,341.07570181367174,-34.10757018136717,-0.1999999999999993
2024-11-19 23:00:00,0.0,234.35712687020447,-23.435712687020448,-0.40000000000000036
2024-11-20 00:00:00,0.0,372.2382144843824,-37.223821448438244,-0.20000000000000018
2024-11-20 01:00:00,0.0,318.17646564155785,-31.817646564155787,-0.20000000000000018
2024-11-20 02:00:00,0.0,347.874007174594,-34.7874007174594,-0.09999999999999964
2024-11-20 03:00:00,0.0,413.85394027576234,-41.38539402757624,-0.04999999999999982
2024-11-20 04:00:00,0.0,298.4853597468406,-29.848535974684058,-0.15000000000000036
2024-11-20 05:00:00,0.0,296.0627090098088,-29.606270900980885,-0.09999999999999964
2024-11-20 06:00:00,467.87260647789276,0.0,46.78726064778928,0.04999999999999982
2024-11-20 07:00:00,358.37607764970494,0.0,35.83760776497049,0.34999999999999964
2024-11-20 08:00:00,684.9875343334942,0.0,68.49875343334942,0.20000000000000018
2024-11-20 09:00:00,288.5517827222005,0.0,28.855178272220055,0.25
2024-11-20 10:00:00,0.0,268.948812367412,-26.894881236741202,-0.1499999999999999
2024-11-20 11:00:00,0.0,287.7188598101356,-28.77188598101356,-0.25
2024-11-20 12:00:00,0.0,234.20287680545155,-23.420287680545158,-0.10000000000000009
2024-11-20 13:00:00,0.0,463.3846138439543,-46.33846138439543,-0.1499999999999999
2024-11-20 14:00:00,0.0,360.0265683608733,-36.00265683608733,-0.10000000000000009
2024-11-20 15:00:00,0.0,0.0,0.0,0.0
2024-11-20 16:00:00,0.0,600.0,-60.0,-0.09999999999999964
2024-11-20 17:00:00,0.0,418.50268869105435,-41.850268869105435,-0.10000000000000009
2024-11-20 18:00:00,455.1457961953895,0.0,45.51457961953895,0.10000000000000009
2024-11-20 19:00:00,527.8441127326801,0.0,52.784411273268006,0.5
2024-11-20 20:00:00,523.828304818813,0.0,52.3828304818813,0.4500000000000002
2024-11-20 21:00:00,558.7321324059261,0.0,55.87321324059261,0.1999999999999993
2024-11-20 22:00:00,0.0,0.0,0.0,0.0
2024-11-20 23:00:00,0.0,338.579915556434,-33.8579915556434,-0.25
2024-11-21 00:00:00,0.0,226.15673231838585,-22.615673231838585,-0.24999999999999956
2024-11-21 01:00:00,0.0,237.59364031654627,-23.759364031654627,-0.20000000000000018
2024-11-21 02:00:00,0.0,357.7427868356901,-35.77427868356901,-0.1499999999999999
2024-11-21 03:00:00,0.0,358.472596746724,-35.8472596746724,-0.10000000000000009
2024-11-21 04:00:00,0.0,211.4340589036718,-21.14340589036718,-0.050000000000000266
2024-11-21 05:00:00,0.0,270.35651689242684,-27.035651689242684,-0.09999999999999964
2024-11-21 06:00:00,0.0,0.0,0.0,0.0
2024-11-21 07:00:00,0.0,0.0,0.0,0.0
2024-11-21 08:00:00,598.7086141360343,0.0,59.87086141360343,0.20000000000000018
2024-11-21 09:00:00,219.41985782997938,0.0,21.94198578299794,0.09999999999999964
2024-11-21 10:00:00,530.589242402725,0.0,53.058924240272496,0.20000000000000018
2024-11-21 11:00:00,0.0,405.9894704114032,-40.59894704114032,-0.09999999999999964
2024-11-21 12:00:00,0.0,341.42672466736724,-34.14267246673673,-0.20000000000000018
2024-11-21 13:00:00,0.0,256.3473624113439,-25.63473624113439,-0.10000000000000009
2024-11-21 14:00:00,0.0,333.252758797606,-33.3252758797606,-0.10000000000000009
2024-11-21 15:00:00,0.0,334.3746509416644,-33.43746509416644,-0.04999999999999982
2024-11-21 16:00:00,0.0,397.3293753663261,-39.73293753663261,-0.10000000000000009
2024-11-21 17:00:00,0.0,444.9133995119687,-44.49133995119687,-0.050000000000000266
2024-11-21 18:00:00,0.0,0.0,0.0,0.0
2024-11-21 19:00:00,542.0808102223788,0.0,54.20808102223788,0.25
2024-11-21 20:00:00,553.9754999354059,0.0,55.39754999354059,0.35000000000000053
2024-11-21 21:00:00,374.6534683726236,0.0,37.46534683726236,0.24999999999999956
2024-11-21 22:00:00,151.61092147297637,0.0,15.161092147297637,0.19999999999999973
2024-11-21 23:00:00,0.0,0.0,0.0,0.0
2024-11-22 00:00:00,0.0,362.8638403218661,-36.28638403218661,-0.2999999999999998
2024-11-22 01:00:00,0.0,362.8295999139425,-36.28295999139425,-0.20000000000000018
2024-11-22 02:00:00,0.0,336.7902901878284,-33.67902901878284,-0.14999999999999947
2024-11-22 03:00:00,0.0,281.41650326296894,-28.141650326296897,-0.10000000000000009
2024-11-22 04:00:00,0.0,319.55075443499686,-31.955075443499688,-0.10000000000000009
2024-11-22 05:00:00,0.0,285.555188304528,-28.555518830452797,-0.04999999999999982
2024-11-22 06:00:00,0.0,294.2842320045869,-29.428423200458692,-0.04999999999999982
2024-11-22 07:00:00,0.0,396.6407988531251,-39.66407988531251,-0.050000000000000266
2024-11-22 08:00:00,319.0747590313225,0.0,31.90747590313225,0.050000000000000266
2024-11-22 09:00:00,624.8534093114313,0.0,62.48534093114313,0.25
2024-11-22 10:00:00,359.7514919127297,0.0,35.97514919127297,0.09999999999999964
2024-11-22 11:00:00,0.0,0.0,0.0,0.0
2024-11-22 12:00:00,0.0,305.1796288303714,-30.517962883037143,-0.04999999999999982
2024-11-22 13:00:00,0.0,274.0045668864461,-27.400456688644613,-0.10000000000000009
2024-11-22 14:00:00,0.0,206.1862340697911,-20.61862340697911,-0.10000000000000009
2024-11-22 15:00:00,0.0,214.8573143414149,-21.485731434141492,-0.04999999999999982
2024-11-22 16:00:00,0.0,321.34150330096554,-32.13415033009655,-0.10000000000000009
2024-11-22 17:00:00,0.0,275.6432027040784,-27.564320270407844,-0.050000000000000266
2024-11-22 18:00:00,0.0,301.27102959879346,-30.12710295987935,-0.04999999999999982
2024-11-22 19:00:00,0.0,0.0,0.0,0.0
2024-11-22 20:00:00,333.5042179426079,0.0,33.35042179426079,0.4500000000000002
2024-11-22 21:00:00,519.0883814673978,0.0,51.90883814673978,0.25
2024-11-22 22:00:00,566.3923738091556,0.0,56.63923738091557,0.09999999999999964
2024-11-22 23:00:00,437.58328902462057,0.0,43.75832890246206,0.050000000000000266
2024-11-23 00:00:00,0.0,0.0,0.0,0.0
2024-11-23 01:00:00,0.0,259.4317224829646,-25.94317224829646,-0.19999999999999973
2024-11-23 02:00:00,0.0,360.34529162652075,-36.03452916265208,-0.15000000000000036
2024-11-23 03:00:00,0.0,245.88311011487392,-24.58831101148739,-0.09999999999999964
2024-11-23 04:00:00,0.0,314.7671208956842,-31.47671208956842,-0.10000000000000053
2024-11-23 05:00:00,0.0,185.70798709086284,-18.570798709086286,-0.04999999999999982
2024-11-23 06:00:00,0.0,388.8877299126692,-38.888772991266926,-0.04999999999999982
2024-11-23 07:00:00,0.0,371.50345748213147,-37.15034574821315,-0.04999999999999982
2024-11-23 08:00:00,0.0,407.77667628872155,-40.77766762887216,-0.050000000000000266
2024-11-23 09:00:00,543.5462392876743,0.0,54.35462392876744,0.10000000000000009
2024-11-23 10:00:00,388.0727320582466,0.0,38.80727320582466,0.20000000000000018
2024-11-23 11:00:00,333.00012426922177,0.0,33.30001242692218,0.04999999999999982
2024-11-23 12:00:00,597.3839588435291,0.0,59.73839588435291,0.04999999999999982
2024-11-23 13:00:00,0.0,295.48763456167484,-29.548763456167485,-0.04999999999999982
2024-11-23 14:00:00,0.0,403.7242908297972,-40.37242908297972,-0.10000000000000009
2024-11-23 15:00:00,0.0,349.51191387995976,-34.951191387995976,-0.10000000000000009
2024-11-23 16:00:00,0.0,310.56265492820523,-31.056265492820526,-0.04999999999999982
2024-11-23 17:00:00,0.0,392.8181375044378,-39.28181375044378,-0.04999999999999982
2024-11-23 18:00:00,0.0,209.94376193874137,-20.99437619387414,-0.050000000000000266
2024-11-23 19:00:00,0.0,359.3098825003549,-35.93098825003549,-0.050000000000000266
2024-11-23 20:00:00,527.3238208774239,0.0,52.732382087742394,0.050000000000000266
2024-11-23 21:00:00,459.3934842974377,0.0,45.939348429743774,0.19999999999999973
2024-11-23 22:00:00,398.5512416276408,0.0,39.855124162764085,0.25
2024-11-23 23:00:00,372.6477704336125,0.0,37.26477704336125,0.050000000000000266
2024-11-24 00:00:00,397.5554401597222,0.0,39.75554401597222,0.10000000000000009
2024-11-24 01:00:00,0.0,0.0,0.0,0.0
2024-11-24 02:00:00,0.0,330.5662037002854,-33.05662037002855,-0.20000000000000018
2024-11-24 03:00:00,0.0,205.91009239079233,-20.591009239079234,-0.1499999999999999
2024-11-24 04:00:00,0.0,336.5734260334046,-33.65734260334046,-0.050000000000000266
2024-11-24 05:00:00,0.0,248.1408286144369,-24.814082861443694,-0.04999999999999982
2024-11-24 06:00:00,0.0,302.3793889838156,-30.23793889838156,-0.1499999999999999
2024-11-24 07:00:00,0.0,256.0950135731796,-25.60950135731796,-0.050000000000000266
2024-11-24 08:00:00,415.67768046019137,0.0,41.56776804601914,0.050000000000000266
2024-11-24 09:00:00,0.0,444.43011705710774,-44.443011705710774,-0.10000000000000009
2024-11-24 10:00:00,340.1220439828257,0.0,34.01220439828257,0.04999999999999982
2024-11-24 11:00:00,476.7514400578901,0.0,47.67514400578901,0.15000000000000036
2024-11-24 12:00:00,587.6679426360826,0.0,58.76679426360826,0.20000000000000018
2024-11-24 13:00:00,429.459181450924,0.0,42.945918145092406,0.09999999999999964
2024-11-24 14:00:00,0.0,0.0,0.0,0.0
2024-11-24 15:00:00,0.0,214.30975091780562,-21.430975091780564,-0.04999999999999982
2024-11-24 16:00:00,0.0,402.9737113892877,-40.297371138928774,-0.04999999999999982
2024-11-24 17:00:00,0.0,329.35598087963285,-32.935598087963285,-0.15000000000000036
2024-11-24 18:00:00,0.0,0.0,0.0,0.0
2024-11-24 19:00:00,0.0,377.5230076765245,-37.75230076765245,-0.09999999999999964
2024-11-24 20:00:00,0.0,0.0,0.0,0.0
2024-11-24 21:00:00,0.0,251.36680740097484,-25.136680740097486,-0.050000000000000266
2024-11-24 22:00:00,432.0457997742485,0.0,43.20457997742486,0.1499999999999999
2024-11-24 23:00:00,463.7255108004306,0.0,46.37255108004306,0.20000000000000018
2024-11-25 00:00:00,270.67779123910634,0.0,27.067779123910636,0.1499999999999999
2024-11-25 01:00:00,541.3787830546643,0.0,54.13787830546643,0.10000000000000009
2024-11-25 02:00:00,0.0,0.0,0.0,0.0
2024-11-25 03:00:00,0.0,258.53293574852836,-25.853293574852838,-0.10000000000000009
2024-11-25 04:00:00,0.0,282.6938923944092,-28.269389239440923,-0.10000000000000009
2024-11-25 05:00:00,0.0,397.76397983881066,-39.77639798388107,-0.1499999999999999
2024-11-25 06:00:00,0.0,354.1115293367864,-35.41115293367864,-0.050000000000000266
2024-11-25 07:00:00,0.0,319.969318401136,-31.9969318401136,-0.14999999999999947
2024-11-25 08:00:00,0.0,0.0,0.0,0.0
2024-11-25 09:00:00,0.0,254.38661620226483,-25.438661620226483,-0.050000000000000266
2024-11-25 10:00:00,0.0,365.1834734901851,-36.51834734901851,-0.10000000000000009
2024-11-25 11:00:00,411.275660276395,0.0,41.1275660276395,0.04999999999999982
2024-11-25 12:00:00,501.0623975962749,0.0,50.10623975962749,0.20000000000000018
2024-11-25 13:00:00,483.27879529067116,0.0,48.32787952906712,0.25
2024-11-25 14:00:00,507.0109860346895,0.0,50.70109860346895,0.04999999999999982
2024-11-25 15:00:00,259.25230861451905,0.0,25.925230861451908,0.10000000000000053
2024-11-25 16:00:00,0.0,245.79494152486603,-24.579494152486603,-0.10000000000000053
2024-11-25 17:00:00,0.0,282.6931834827176,-28.26931834827176,-0.09999999999999964
2024-11-25 18:00:00,0.0,356.625794348449,-35.6625794348449,-0.15000000000000036
2024-11-25 19:00:00,0.0,300.2205556760768,-30.02205556760768,-0.04999999999999982
2024-11-25 20:00:00,0.0,249.28295627844489,-24.92829562784449,-0.04999999999999982
2024-11-25 21:00:00,0.0,377.12449488966695,-37.7124494889667,-0.04999999999999982
2024-11-25 22:00:00,0.0,156.27944840738368,-15.627944840738369,-0.15000000000000036
2024-11-25 23:00:00,496.3892407289575,0.0,49.63892407289575,0.04999999999999982
2024-11-26 00:00:00,469.2781796695366,0.0,46.92781796695366,0.10000000000000053
2024-11-26 01:00:00,374.97138855860874,0.0,37.497138855860875,0.14999999999999947
2024-11-26 02:00:00,546.0771175169473,0.0,54.60771175169473,0.10000000000000053
2024-11-26 03:00:00,0.0,0.0,0.0,0.0
2024-11-26 04:00:00,0.0,368.4162720589503,-36.84162720589503,-0.15000000000000036
2024-11-26 05:00:00,0.0,334.88436604972236,-33.488436604972236,-0.04999999999999982
2024-11-26 06:00:00,0.0,274.61923658923405,-27.461923658923407,-0.10000000000000009
2024-11-26 07:00:00,0.0,307.50211224296066,-30.750211224296066,-0.10000000000000009
2024-11-26 08:00:00,0.0,285.4523883280831,-28.54523883280831,-0.04999999999999982
2024-11-26 09:00:00,0.0,0.0,0.0,0.0
2024-11-26 10:00:00,0.0,437.51666998064184,-43.75166699806419,-0.15000000000000036
2024-11-26 11:00:00,0.0,146.47941110225378,-14.647941110225378,-0.09999999999999964
2024-11-26 12:00:00,0.0,0.0,0.0,0.0
2024-11-26 13:00:00,334.080902146928,0.0,33.4080902146928,0.25
2024-11-26 14:00:00,559.020763997146,0.0,55.9020763997146,0.34999999999999964
2024-11-26 15:00:00,418.7735682591199,0.0,41.87735682591199,0.10000000000000009
2024-11-26 16:00:00,315.09981044446096,0.0,31.509981044446096,0.25000000000000044
2024-11-26 17:00:00,0.0,0.0,0.0,0.0
2024-11-26 18:00:00,0.0,354.9833085675306,-35.498330856753064,-0.05000000000000071
2024-11-26 19:00:00,0.0,325.5034251746204,-32.55034251746204,-0.14999999999999947
2024-11-26 20:00:00,0.0,381.26719904021013,-38.126719904021016,-0.10000000000000053
2024-11-26 21:00:00,0.0,324.01941289411934,-32.40194128941194,-0.14999999999999947
2024-11-26 22:00:00,0.0,336.4883155140702,-33.64883155140702,-0.050000000000000266
2024-11-26 23:00:00,0.0,0.0,0.0,0.0
2024-11-27 00:00:00,0.0,264.8935664345802,-26.48935664345802,-0.050000000000000266
2024-11-27 01:00:00,451.7943610397888,0.0,45.17943610397888,0.10000000000000053
2024-11-27 02:00:00,295.5826527102388,0.0,29.55826527102388,0.34999999999999964
2024-11-27 03:00:00,283.1102163479357,0.0,28.311021634793573,0.15000000000000036
2024-11-27 04:00:00,401.749830387386,0.0,40.1749830387386,0.04999999999999982
2024-11-27 05:00:00,0.0,376.3883114813667,-37.638831148136674,-0.10000000000000009
2024-11-27 06:00:00,0.0,368.9644094755581,-36.89644094755581,-0.1499999999999999
2024-11-27 07:00:00,0.0,316.23682865349235,-31.623682865349238,-0.15000000000000036
2024-11-27 08:00:00,0.0,361.26712726785547,-36.12671272678555,-0.09999999999999964
2024-11-27 09:00:00,0.0,261.962351858142,-26.1962351858142,-0.10000000000000009
2024-11-27 10:00:00,0.0,311.85642937850963,-31.185642937850965,-0.10000000000000009
2024-11-27 11:00:00,0.0,366.8501229774988,-36.685012297749886,-0.04999999999999982
2024-11-27 12:00:00,0.0,288.0706948584166,-28.80706948584166,-0.04999999999999982
2024-11-27 13:00:00,0.0,0.0,0.0,0.0
2024-11-27 14:00:00,800.0,0.0,80.0,0.19999999999999973
2024-11-27 15:00:00,652.5211192091408,0.0,65.25211192091409,0.25
2024-11-27 16:00:00,500.7063754874257,0.0,50.070637548742575,0.1499999999999999
2024-11-27 17:00:00,0.0,0.0,0.0,0.0
2024-11-27 18:00:00,0.0,331.7838702683371,-33.17838702683371,-0.04999999999999982
2024-11-27 19:00:00,0.0,311.74462282007494,-31.174462282007497,-0.15000000000000036
2024-11-27 20:00:00,0.0,268.9421723472249,-26.894217234722493,-0.14999999999999947
2024-11-27 21:00:00,0.0,337.2181322752476,-33.72181322752476,-0.20000000000000018
2024-11-27 22:00:00,435.48319723869145,0.0,43.54831972386915,0.09999999999999964
2024-11-27 23:00:00,0.0,296.84680346382265,-29.684680346382265,-0.09999999999999964
2024-11-28 00:00:00,0.0,420.36484678669177,-42.03648467866918,-0.04999999999999982
2024-11-28 01:00:00,0.0,239.47716336998283,-23.947716336998283,-0.10000000000000009
2024-11-28 02:00:00,730.9319462502839,0.0,73.09319462502839,0.1499999999999999
2024-11-28 03:00:00,439.49672289990275,0.0,43.949672289990275,0.2999999999999998
2024-11-28 04:00:00,401.71658317534366,0.0,40.171658317534366,0.20000000000000018
2024-11-28 05:00:00,317.3762043775182,0.0,31.737620437751822,0.09999999999999964
2024-11-28 06:00:00,0.0,375.0505168432025,-37.50505168432025,-0.1999999999999993
2024-11-28 07:00:00,0.0,178.09308594251786,-17.809308594251785,-0.15000000000000036
2024-11-28 08:00:00,0.0,258.4892123233211,-25.848921232332113,-0.10000000000000009
2024-11-28 09:00:00,0.0,314.1534188381824,-31.415341883818243,-0.050000000000000266
2024-11-28 10:00:00,0.0,0.0,0.0,0.0
2024-11-28 11:00:00,0.0,332.59127016944205,-33.259127016944205,-0.09999999999999964
2024-11-28 12:00:00,0.0,366.5196980617883,-36.65196980617883,-0.10000000000000009
2024-11-28 13:00:00,0.0,305.0130726357203,-30.50130726357203,-0.050000000000000266
2024-11-28 14:00:00,427.44342342232426,0.0,42.74434234223243,0.05000000000000071
2024-11-28 15:00:00,392.28079076368067,0.0,39.22807907636807,0.39999999999999947
2024-11-28 16:00:00,633.021390728418,0.0,63.30213907284181,0.15000000000000036
2024-11-28 17:00:00,664.0301051092517,0.0,66.40301051092517,0.14999999999999947
2024-11-28 18:00:00,0.0,420.5945439219648,-42.059454392196486,-0.04999999999999982
2024-11-28 19:00:00,0.0,456.43932891988356,-45.64393289198836,-0.1499999999999999
2024-11-28 20:00:00,0.0,239.19713432059456,-23.919713432059456,-0.1499999999999999
2024-11-28 21:00:00,0.0,288.7627099373933,-28.876270993739332,-0.10000000000000009
2024-11-28 22:00:00,0.0,369.9539851862267,-36.99539851862267,-0.050000000000000266
2024-11-28 23:00:00,0.0,287.3221309568071,-28.73221309568071,-0.09999999999999964
2024-11-29 00:00:00,0.0,228.96346539731766,-22.896346539731766,-0.10000000000000009
2024-11-29 01:00:00,0.0,271.69984959097843,-27.169984959097846,-0.050000000000000266
2024-11-29 02:00:00,0.0,0.0,0.0,0.0
2024-11-29 03:00:00,372.26862501623214,0.0,37.226862501623216,0.30000000000000027
2024-11-29 04:00:00,481.90894746799324,0.0,48.19089474679933,0.25
2024-11-29 05:00:00,749.3628260425062,0.0,74.93628260425062,0.10000000000000009
2024-11-29 06:00:00,621.9399018366497,0.0,62.19399018366497,0.04999999999999982
2024-11-29 07:00:00,0.0,310.80039658726025,-31.080039658726026,-0.20000000000000018
2024-11-29 08:00:00,0.0,325.59352251517225,-32.559352251517225,-0.14999999999999947
2024-11-29 09:00:00,0.0,361.63375863846557,-36.16337586384656,-0.10000000000000053
2024-11-29 10:00:00,0.0,248.88634982875232,-24.88863498287523,-0.09999999999999964
2024-11-29 11:00:00,0.0,184.9324891921394,-18.49324891921394,-0.10000000000000009
2024-11-29 12:00:00,0.0,0.0,0.0,0.0
2024-11-29 13:00:00,0.0,419.3059307009597,-41.93059307009597,-0.050000000000000266
2024-11-29 14:00:00,0.0,271.838967234272,-27.1838967234272,-0.04999999999999982
2024-11-29 15:00:00,438.8621264505462,0.0,43.88621264505463,0.3500000000000001
2024-11-29 16:00:00,531.6243411670781,0.0,53.162434116707814,0.30000000000000027
2024-11-29 17:00:00,385.9707760402564,0.0,38.59707760402564,0.19999999999999973
2024-11-29 18:00:00,260.7672966493212,0.0,26.076729664932124,4.440892098500626e-16
2024-11-29 19:00:00,0.0,260.8067264477397,-26.080672644773973,-4.440892098500626e-16
2024-11-29 20:00:00,0.0,249.54110240196727,-24.954110240196727,-0.1499999999999999
2024-11-29 21:00:00,0.0,304.4754681251957,-30.44754681251957,-0.20000000000000018
2024-11-29 22:00:00,0.0,252.54095834808106,-25.25409583480811,-0.09999999999999964
2024-11-29 23:00:00,0.0,332.88000166155643,-33.28800016615565,-0.10000000000000053
2024-11-30 00:00:00,0.0,386.50294831178064,-38.650294831178066,-0.04999999999999982
2024-11-30 01:00:00,0.0,355.5110150850721,-35.55110150850721,-0.09999999999999964
2024-11-30 02:00:00,0.0,447.595053251135,-44.75950532511351,-0.050000000000000266
2024-11-30 03:00:00,607.8921956022717,0.0,60.789219560227174,0.050000000000000266
2024-11-30 04:00:00,586.9094575314672,0.0,58.69094575314672,0.39999999999999947
2024-11-30 05:00:00,469.3991840688855,0.0,46.93991840688855,0.25
2024-11-30 06:00:00,605.5086589657902,0.0,60.550865896579026,0.10000000000000053
2024-11-30 07:00:00,0.0,360.567028340942,-36.0567028340942,-0.050000000000000266
2024-11-30 08:00:00,0.0,303.3367369891894,-30.33367369891894,-0.25
2024-11-30 09:00:00,0.0,307.33786043565425,-30.733786043565427,-0.1499999999999999
2024-11-30 10:00:00,0.0,0.0,0.0,0.0
2024-11-30 11:00:00,0.0,476.7648736341278,-47.67648736341278,-0.15000000000000036
2024-11-30 12:00:00,0.0,342.3240157502369,-34.232401575023694,-0.04999999999999982
2024-11-30 13:00:00,0.0,268.5953361075395,-26.85953361075395,-0.04999999999999982
2024-11-30 14:00:00,0.0,326.5555434626703,-32.65555434626703,-0.10000000000000009
2024-11-30 15:00:00,589.0089944108425,0.0,58.900899441084256,0.25
2024-11-30 16:00:00,282.3390000216351,0.0,28.233900002163512,0.44999999999999973
2024-11-30 17:00:00,413.880185622309,0.0,41.388018562230904,0.20000000000000018
2024-11-30 18:00:00,547.9433975084913,0.0,54.79433975084913,0.15000000000000036
2024-11-30 19:00:00,0.0,364.1970656217788,-36.41970656217788,-0.050000000000000266
2024-11-30 20:00:00,0.0,340.5848555395247,-34.05848555395247,-0.1499999999999999
2024-11-30 21:00:00,0.0,338.5518432118957,-33.85518432118957,-0.20000000000000018
2024-11-30 22:00:00,0.0,221.87337453475033,-22.187337453475035,-0.1499999999999999
2024-11-30 23:00:00,0.0,341.5822487389015,-34.158224873890155,-0.10000000000000009
2024-12-01 00:00:00,0.0,286.3580258345108,-28.63580258345108,-0.09999999999999964
2024-12-01 01:00:00,0.0,290.6814534685516,-29.06814534685516,-0.10000000000000053
2024-12-01 02:00:00,0.0,366.62722975339113,-36.662722975339115,-0.04999999999999982
2024-12-01 03:00:00,0.0,248.6799807317053,-24.867998073170533,-0.04999999999999982
2024-12-01 04:00:00,800.0,0.0,80.0,0.2999999999999998
2024-12-01 05:00:00,391.9036556792612,0.0,39.19036556792612,0.3500000000000001
2024-12-01 06:00:00,461.0318875847178,0.0,46.10318875847179,0.10000000000000009
2024-12-01 07:00:00,678.9570091180404,0.0,67.89570091180404,0.04999999999999982
2024-12-01 08:00:00,0.0,262.64377441794795,-26.264377441794796,-0.1499999999999999
2024-12-01 09:00:00,0.0,219.60766793305476,-21.960766793305478,-0.19999999999999973
2024-12-01 10:00:00,0.0,343.3941191615064,-34.339411916150645,-0.10000000000000053
2024-12-01 11:00:00,0.0,285.9281603846885,-28.592816038468854,-0.14999999999999947
2024-12-01 12:00:00,0.0,413.553404922778,-41.355340492277804,-0.050000000000000266
2024-12-01 13:00:00,0.0,321.58296568159517,-32.15829656815952,-0.050000000000000266
2024-12-01 14:00:00,0.0,279.0775648846416,-27.907756488464162,-0.09999999999999964
2024-12-01 15:00:00,0.0,0.0,0.0,0.0
2024-12-01 16:00:00,338.5431002182733,0.0,33.85431002182733,0.5
2024-12-01 17:00:00,640.85727835639,0.0,64.085727835639,0.2999999999999998
2024-12-01 18:00:00,606.8738219150644,0.0,60.68738219150644,0.15000000000000036
2024-12-01 19:00:00,472.3203210942092,0.0,47.23203210942092,0.09999999999999964
2024-12-01 20:00:00,0.0,389.4435821641371,-38.94435821641372,-0.09999999999999964
2024-12-01 21:00:00,0.0,386.2304192496393,-38.62304192496393,-0.20000000000000018
2024-12-01 22:00:00,0.0,262.26061703320454,-26.226061703320454,-0.1499999999999999
2024-12-01 23:00:00,0.0,383.72595173997513,-38.37259517399752,-0.1499999999999999
2024-12-02 00:00:00,0.0,273.7426908593512,-27.374269085935126,-0.15000000000000036
2024-12-02 01:00:00,0.0,366.86894642427825,-36.68689464242782,-0.09999999999999964
2024-12-02 02:00:00,0.0,342.62319268887506,-34.26231926888751,-0.15000000000000036
2024-12-02 03:00:00,362.77864424444175,0.0,36.277864424444175,0.04999999999999982
2024-12-02 04:00:00,0.0,0.0,0.0,0.0
2024-12-02 05:00:00,474.94157272710015,0.0,47.49415727271002,0.4500000000000002
2024-12-02 06:00:00,547.1816454886601,0.0,54.718164548866014,0.20000000000000018
2024-12-02 07:00:00,671.5235121527969,0.0,67.1523512152797,0.09999999999999964
2024-12-02 08:00:00,0.0,364.4485255238063,-36.44485255238063,-0.09999999999999964
2024-12-02 09:00:00,0.0,277.2859393551382,-27.728593935513825,-0.15000000000000036
2024-12-02 10:00:00,0.0,297.93533393923184,-29.793533393923184,-0.19999999999999973
2024-12-02 11:00:00,0.0,323.5017985430309,-32.350179854303086,-0.10000000000000009
2024-12-02 12:00:00,0.0,274.7179421896536,-27.471794218965364,-0.09999999999999964
2024-12-02 13:00:00,0.0,398.8780671026169,-39.88780671026169,-0.10000000000000053
2024-12-02 14:00:00,0.0,353.3437385816562,-35.33437385816563,-0.04999999999999982
2024-12-02 15:00:00,0.0,0.0,0.0,0.0
2024-12-02 16:00:00,303.6531959955669,0.0,30.36531959955669,0.20000000000000018
2024-12-02 17:00:00,364.8976243414916,0.0,36.48976243414916,0.5
2024-12-02 18:00:00,798.9835978980109,0.0,79.89835978980109,0.20000000000000018
2024-12-02 19:00:00,135.5877432237696,0.0,13.55877432237696,0.14999999999999947
2024-12-02 20:00:00,0.0,0.0,0.0,0.0
2024-12-02 21:00:00,0.0,367.3851483601348,-36.73851483601348,-0.14999999999999947
2024-12-02 22:00:00,0.0,324.3626876492272,-32.43626876492272,-0.20000000000000018
2024-12-02 23:00:00,0.0,228.29433604706932,-22.829433604706935,-0.20000000000000018
2024-12-03 00:00:00,0.0,280.60004588344714,-28.060004588344714,-0.09999999999999964
2024-12-03 01:00:00,0.0,271.3294276925319,-27.13294276925319,-0.10000000000000009
2024-12-03 02:00:00,0.0,315.08488422230977,-31.50848842223098,-0.10000000000000009
2024-12-03 03:00:00,0.0,347.26227904689506,-34.72622790468951,-0.04999999999999982
2024-12-03 04:00:00,0.0,302.81916119570735,-30.281916119570738,-0.10000000000000053
2024-12-03 05:00:00,220.794662757644,0.0,22.079466275764403,0.25
2024-12-03 06:00:00,429.7685100376562,0.0,42.976851003765624,0.40000000000000036
2024-12-03 07:00:00,499.7076955388259,0.0,49.97076955388259,0.1499999999999999
2024-12-03 08:00:00,686.1173199577288,0.0,68.61173199577289,0.050000000000000266
2024-12-03 09:00:00,0.0,359.0664780744669,-35.90664780744669,-0.3500000000000001
2024-12-03 10:00:00,0.0,314.00336134508956,-31.400336134508958,-4.440892098500626e-16
2024-12-03 11:00:00,0.0,340.14014200654265,-34.014014200654266,-0.14999999999999947
2024-12-03 12:00:00,0.0,349.223951530886,-34.9223951530886,-0.050000000000000266
2024-12-03 13:00:00,0.0,305.95827169490883,-30.595827169490885,-0.1499999999999999
2024-12-03 14:00:00,0.0,0.0,0.0,0.0
2024-12-03 15:00:00,0.0,488.3545565588665,-48.83545565588665,-0.04999999999999982
2024-12-03 16:00:00,0.0,258.5925983397956,-25.85925983397956,-0.050000000000000266
2024-12-03 17:00:00,566.7950876269688,0.0,56.679508762696884,0.5
2024-12-03 18:00:00,552.7806735128951,0.0,55.27806735128951,0.25
2024-12-03 19:00:00,443.7008969296585,0.0,44.37008969296585,0.30000000000000027
2024-12-03 20:00:00,385.8387379906393,0.0,38.58387379906393,0.14999999999999947
2024-12-03 21:00:00,0.0,345.17025618233106,-34.517025618233106,-0.14999999999999947
2024-12-03 22:00:00,0.0,339.6249642286196,-33.96249642286196,-0.30000000000000027
2024-12-03 23:00:00,0.0,247.98945010941964,-24.798945010941964,-0.1499999999999999
2024-12-04 00:00:00,0.0,358.4862121977783,-35.84862121977783,-0.15000000000000036
2024-12-04 01:00:00,0.0,331.85408080507756,-33.185408080507756,-0.14999999999999947
2024-12-04 02:00:00,0.0,304.1674201405553,-30.41674201405553,-0.050000000000000266
2024-12-04 03:00:00,0.0,321.81414976226057,-32.18141497622606,-0.10000000000000009
2024-12-04 04:00:00,0.0,346.1724934985057,-34.61724934985057,-0.09999999999999964
2024-12-04 05:00:00,0.0,0.0,0.0,0.0
2024-12-04 06:00:00,364.2757649441088,0.0,36.42757649441088,0.2999999999999998
2024-12-04 07:00:00,398.88368731811903,0.0,39.88836873181191,0.2999999999999998
2024-12-04 08:00:00,0.0,0.0,0.0,0.0
2024-12-04 09:00:00,0.0,316.4835082768218,-31.64835082768218,-0.04999999999999982
2024-12-04 10:00:00,0.0,340.83196632203504,-34.0831966322035,-0.04999999999999982
2024-12-04 11:00:00,0.0,224.9734758738579,-22.49734758738579,-0.15000000000000036
2024-12-04 12:00:00,0.0,311.4766079998641,-31.14766079998641,-0.1499999999999999
2024-12-04 13:00:00,0.0,329.4916194443862,-32.94916194443862,-0.04999999999999982
2024-12-04 14:00:00,0.0,364.9689171518716,-36.49689171518716,-0.20000000000000018
2024-12-04 15:00:00,0.0,0.0,0.0,0.0
2024-12-04 16:00:00,0.0,288.82283031612684,-28.882283031612687,-0.10000000000000009
2024-12-04 17:00:00,709.7251018877204,0.0,70.97251018877203,0.15000000000000036
2024-12-04 18:00:00,298.56142534768543,0.0,29.856142534768544,0.5
2024-12-04 19:00:00,561.2366207164943,0.0,56.12366207164943,0.25
2024-12-04 20:00:00,371.6265850515862,0.0,37.16265850515862,0.25
2024-12-04 21:00:00,564.0761863531345,0.0,56.407618635313455,0.04999999999999982
2024-12-04 22:00:00,0.0,342.6210395530695,-34.262103955306955,-0.20000000000000018
2024-12-04 23:00:00,0.0,305.2416979202272,-30.524169792022718,-0.25
2024-12-05 00:00:00,0.0,248.67821299400703,-24.867821299400703,-0.1499999999999999
2024-12-05 01:00:00,0.0,378.5450542184745,-37.85450542184745,-0.10000000000000009
2024-12-05 02:00:00,0.0,469.79048930089516,-46.97904893008952,-0.19999999999999973
2024-12-05 03:00:00,0.0,380.7827258853439,-38.07827258853439,-0.10000000000000009
2024-12-05 04:00:00,0.0,0.0,0.0,0.0
2024-12-05 05:00:00,0.0,392.5420172948777,-39.254201729487775,-0.04999999999999982
2024-12-05 06:00:00,604.5850041512251,0.0,60.458500415122515,0.04999999999999982
2024-12-05 07:00:00,421.4294236281679,0.0,42.1429423628168,0.3999999999999999
2024-12-05 08:00:00,485.85286628124,0.0,48.585286628124,0.20000000000000018
2024-12-05 09:00:00,0.0,263.6862695608712,-26.368626956087123,-0.1499999999999999
2024-12-05 10:00:00,0.0,0.0,0.0,0.0
2024-12-05 11:00:00,0.0,356.22340733182176,-35.62234073318218,-0.25
2024-12-05 12:00:00,0.0,375.5333560098953,-37.55333560098953,-0.050000000000000266
2024-12-05 13:00:00,0.0,263.20820485889277,-26.32082048588928,-0.10000000000000009
2024-12-05 14:00:00,0.0,285.18352662367624,-28.518352662367626,-0.04999999999999982
2024-12-05 15:00:00,0.0,322.4973019121756,-32.24973019121756,-0.10000000000000009
2024-12-05 16:00:00,0.0,319.15513903374483,-31.915513903374485,-0.050000000000000266
2024-12-05 17:00:00,0.0,0.0,0.0,0.0
2024-12-05 18:00:00,528.50094169539,0.0,52.850094169539005,0.30000000000000027
2024-12-05 19:00:00,800.0,0.0,80.0,0.3500000000000001
2024-12-05 20:00:00,420.14365054824975,0.0,42.01436505482498,0.20000000000000018
2024-12-05 21:00:00,413.485260323169,0.0,41.3485260323169,0.20000000000000018
2024-12-05 22:00:00,0.0,418.4377797821397,-41.84377797821398,-0.10000000000000053
2024-12-05 23:00:00,0.0,249.39574250988971,-24.939574250988972,-0.19999999999999973
2024-12-06 00:00:00,0.0,375.28555875717126,-37.528555875717124,-0.20000000000000018
2024-12-06 01:00:00,0.0,336.77218691855415,-33.677218691855415,-0.1499999999999999
2024-12-06 02:00:00,0.0,413.1359226278729,-41.313592262787296,-0.04999999999999982
2024-12-06 03:00:00,0.0,259.1704618017807,-25.91704618017807,-0.25
2024-12-06 04:00:00,0.0,0.0,0.0,0.0
2024-12-06 05:00:00,0.0,0.0,0.0,0.0
2024-12-06 06:00:00,0.0,242.0522576862383,-24.205225768623833,-0.10000000000000053
2024-12-06 07:00:00,606.5852871863057,0.0,60.65852871863057,0.25000000000000044
2024-12-06 08:00:00,436.7683561056163,0.0,43.67683561056163,0.19999999999999973
2024-12-06 09:00:00,462.64298022885293,0.0,46.2642980228853,0.25
2024-12-06 10:00:00,0.0,0.0,0.0,0.0
2024-12-06 11:00:00,0.0,331.1873073966791,-33.11873073966791,-0.1499999999999999
2024-12-06 12:00:00,0.0,475.3350768477576,-47.53350768477576,-0.1499999999999999
2024-12-06 13:00:00,0.0,381.63515310062587,-38.163515310062586,-0.15000000000000036
2024-12-06 14:00:00,0.0,469.3187313319057,-46.93187313319058,-0.09999999999999964
2024-12-06 15:00:00,0.0,286.2575014763917,-28.625750147639174,-0.04999999999999982
2024-12-06 16:00:00,0.0,312.8090634287629,-31.280906342876293,-0.10000000000000053
2024-12-06 17:00:00,0.0,313.8831248066721,-31.38831248066721,-0.04999999999999982
2024-12-06 18:00:00,0.0,0.0,0.0,0.0
2024-12-06 19:00:00,585.6610203482845,0.0,58.566102034828454,0.4500000000000002
2024-12-06 20:00:00,203.9522389588985,0.0,20.395223895889853,0.25
2024-12-06 21:00:00,411.63461892046485,0.0,41.163461892046485,0.1499999999999999
2024-12-06 22:00:00,716.7435351946277,0.0,71.67435351946277,0.1499999999999999
2024-12-06 23:00:00,0.0,336.71475832475835,-33.671475832475835,-0.1499999999999999
2024-12-07 00:00:00,0.0,270.21537565832557,-27.02153756583256,-0.19999999999999973
2024-12-07 01:00:00,0.0,259.8134105084312,-25.981341050843124,-0.15000000000000036
2024-12-07 02:00:00,0.0,447.9670461722403,-44.79670461722404,-0.09999999999999964
2024-12-07 03:00:00,0.0,227.03675700022103,-22.703675700022103,-0.15000000000000036
2024-12-07 04:00:00,0.0,400.9628475697849,-40.09628475697849,-0.04999999999999982
2024-12-07 05:00:00,0.0,387.75957453036096,-38.7759574530361,-0.04999999999999982
2024-12-07 06:00:00,0.0,302.1180251593122,-30.211802515931222,-0.10000000000000053
2024-12-07 07:00:00,0.0,0.0,0.0,0.0
2024-12-07 08:00:00,466.066995270794,0.0,46.6066995270794,0.20000000000000018
2024-12-07 09:00:00,537.70081428276,0.0,53.770081428276,0.30000000000000027
2024-12-07 10:00:00,800.0,0.0,80.0,0.10000000000000009
2024-12-07 11:00:00,0.0,324.26618278339225,-32.42661827833923,-0.050000000000000266
2024-12-07 12:00:00,0.0,263.46256006863945,-26.346256006863946,-0.1499999999999999
2024-12-07 13:00:00,0.0,378.57880566998836,-37.85788056699884,-0.10000000000000009
2024-12-07 14:00:00,0.0,313.23493630556135,-31.323493630556136,-0.1499999999999999
2024-12-07 15:00:00,0.0,353.34008326189326,-35.33400832618933,-0.04999999999999982
2024-12-07 16:00:00,0.0,268.3881855298278,-26.838818552982783,-0.10000000000000053
2024-12-07 17:00:00,0.0,340.05331561898396,-34.005331561898394,-0.04999999999999982
2024-12-07 18:00:00,0.0,349.930944187896,-34.9930944187896,-0.04999999999999982
2024-12-07 19:00:00,430.6080280540975,0.0,43.06080280540975,0.09999999999999964
2024-12-07 20:00:00,303.1251784853172,0.0,30.31251784853172,0.4500000000000002
2024-12-07 21:00:00,689.8486523113748,0.0,68.98486523113749,0.20000000000000018
2024-12-07 22:00:00,575.2021981208029,0.0,57.52021981208029,0.1499999999999999
2024-12-07 23:00:00,0.0,0.0,0.0,0.0
2024-12-08 00:00:00,0.0,261.3281638314519,-26.13281638314519,-0.10000000000000009
2024-12-08 01:00:00,0.0,227.8509890642819,-22.78509890642819,-0.20000000000000018
2024-12-08 02:00:00,0.0,276.37460176491567,-27.63746017649157,-0.09999999999999964
2024-12-08 03:00:00,0.0,311.0547064038278,-31.105470640382784,-0.10000000000000009
2024-12-08 04:00:00,0.0,270.87600252496657,-27.087600252496657,-0.10000000000000009
2024-12-08 05:00:00,0.0,248.06634870116343,-24.806634870116344,-0.09999999999999964
2024-12-08 06:00:00,0.0,251.4491673424378,-25.14491673424378,-0.050000000000000266
2024-12-08 07:00:00,0.0,277.9297230142978,-27.79297230142978,-0.050000000000000266
2024-12-08 08:00:00,0.0,0.0,0.0,0.0
2024-12-08 09:00:00,477.24058256805426,0.0,47.72405825680543,0.40000000000000036
2024-12-08 10:00:00,510.9604650947948,0.0,51.096046509479486,0.09999999999999964
2024-12-08 11:00:00,406.68533750861224,0.0,40.66853375086123,0.20000000000000018
2024-12-08 12:00:00,0.0,219.88596116291777,-21.988596116291777,-0.09999999999999964
2024-12-08 13:00:00,0.0,310.50599869832365,-31.050599869832368,-0.15000000000000036
2024-12-08 14:00:00,0.0,291.70302871803324,-29.170302871803326,-0.20000000000000018
2024-12-08 15:00:00,0.0,0.0,0.0,0.0
2024-12-08 16:00:00,0.0,322.8963898957999,-32.28963898957999,-0.09999999999999964
2024-12-08 17:00:00,0.0,220.48792720357483,-22.048792720357483,-0.04999999999999982
2024-12-08 18:00:00,0.0,263.3974577372533,-26.339745773725333,-0.10000000000000053
2024-12-08 19:00:00,0.0,358.0318536841918,-35.80318536841918,-0.09999999999999964
2024-12-08 20:00:00,472.1024610805099,0.0,47.210246108050995,0.09999999999999964
2024-12-08 21:00:00,267.08406769240867,0.0,26.708406769240867,0.40000000000000036
2024-12-08 22:00:00,549.0462621557114,0.0,54.90462621557114,0.25
2024-12-08 23:00:00,518.2506194096018,0.0,51.82506194096018,0.1499999999999999
2024-12-09 00:00:00,0.0,0.0,0.0,0.0
2024-12-09 01:00:00,0.0,241.63828201286464,-24.163828201286464,-0.1499999999999999
2024-12-09 02:00:00,0.0,316.2223595022277,-31.62223595022277,-0.15000000000000036
2024-12-09 03:00:00,0.0,209.82233442294807,-20.98223344229481,-0.14999999999999947
2024-12-09 04:00:00,0.0,318.73258315524515,-31.873258315524517,-0.10000000000000053
2024-12-09 05:00:00,0.0,304.1903133035262,-30.41903133035262,-0.04999999999999982
2024-12-09 06:00:00,0.0,300.96998956614453,-30.096998956614456,-0.09999999999999964
2024-12-09 07:00:00,0.0,168.90475301295453,-16.890475301295453,-0.10000000000000053
2024-12-09 08:00:00,0.0,328.42739560761635,-32.842739560761636,-0.04999999999999982
2024-12-09 09:00:00,0.0,0.0,0.0,0.0
2024-12-09 10:00:00,503.2273911729857,0.0,50.32273911729857,0.15000000000000036
2024-12-09 11:00:00,594.6199017842587,0.0,59.46199017842587,0.19999999999999973
2024-12-09 12:00:00,561.3655293528461,0.0,56.13655293528461,0.1499999999999999
2024-12-09 13:00:00,405.06214389870206,0.0,40.50621438987021,0.10000000000000009
2024-12-09 14:00:00,0.0,356.5501966059898,-35.65501966059898,-0.1499999999999999
2024-12-09 15:00:00,0.0,336.4856782816852,-33.64856782816852,-0.10000000000000009
2024-12-09 16:00:00,0.0,257.59962035968795,-25.759962035968798,-0.10000000000000009
2024-12-09 17:00:00,0.0,241.2383125961965,-24.12383125961965,-0.09999999999999964
2024-12-09 18:00:00,0.0,320.852450709082,-32.0852450709082,-0.050000000000000266
2024-12-09 19:00:00,0.0,261.10513197730893,-26.110513197730896,-0.10000000000000009
2024-12-09 20:00:00,0.0,291.0665352198658,-29.10665352198658,-0.04999999999999982
2024-12-09 21:00:00,593.1121597197456,0.0,59.31121597197456,0.09999999999999964
2024-12-09 22:00:00,614.762094662761,0.0,61.4762094662761,0.25
2024-12-09 23:00:00,385.51365841850844,0.0,38.551365841850846,0.25
2024-12-10 00:00:00,501.91743826050845,0.0,50.191743826050846,0.15000000000000036
2024-12-10 01:00:00,617.8175011100661,0.0,61.781750111006616,0.04999999999999982
2024-12-10 02:00:00,0.0,192.97862525989353,-19.297862525989355,-0.09999999999999964
2024-12-10 03:00:00,0.0,271.86983710561805,-27.186983710561805,-0.15000000000000036
2024-12-10 04:00:00,0.0,323.7716995648057,-32.37716995648057,-0.20000000000000018
2024-12-10 05:00:00,0.0,277.933484219674,-27.793348421967405,-0.09999999999999964
2024-12-10 06:00:00,0.0,396.99729220821996,-39.699729220822,-0.10000000000000009
2024-12-10 07:00:00,0.0,389.12959969005055,-38.91295996900506,-0.04999999999999982
2024-12-10 08:00:00,0.0,246.63071366879282,-24.663071366879283,-0.050000000000000266
2024-12-10 09:00:00,0.0,324.65378712653154,-32.465378712653155,-0.04999999999999982
2024-12-10 10:00:00,0.0,0.0,0.0,0.0
2024-12-10 11:00:00,463.46605755230644,0.0,46.34660575523065,0.25
2024-12-10 12:00:00,504.3526269620255,0.0,50.43526269620256,0.2999999999999998
2024-12-10 13:00:00,390.47224985064406,0.0,39.04722498506441,0.10000000000000009
2024-12-10 14:00:00,533.1752718899954,0.0,53.31752718899955,0.10000000000000009
2024-12-10 15:00:00,0.0,329.38912015981737,-32.938912015981735,-0.04999999999999982
2024-12-10 16:00:00,0.0,365.1061583950403,-36.510615839504034,-0.15000000000000036
2024-12-10 17:00:00,0.0,307.7016328582873,-30.770163285828733,-0.09999999999999964
2024-12-10 18:00:00,0.0,260.0758055164411,-26.00758055164411,-0.10000000000000053
2024-12-10 19:00:00,0.0,358.97679727476657,-35.89767972747666,-0.14999999999999947
2024-12-10 20:00:00,0.0,360.3700390074072,-36.03700390074072,-0.050000000000000266
2024-12-10 21:00:00,0.0,324.60287120471514,-32.46028712047151,-0.050000000000000266
2024-12-10 22:00:00,0.0,0.0,0.0,0.0
2024-12-10 23:00:00,433.8817150476082,0.0,43.38817150476083,0.20000000000000018
2024-12-11 00:00:00,502.40310323880266,0.0,50.240310323880266,0.25
2024-12-11 01:00:00,564.668245966133,0.0,56.4668245966133,0.25
2024-12-11 02:00:00,504.0257968826107,0.0,50.40257968826107,0.04999999999999982
2024-12-11 03:00:00,0.0,334.7492103594994,-33.47492103594994,-0.04999999999999982
2024-12-11 04:00:00,0.0,382.66251976510836,-38.26625197651084,-0.1499999999999999
2024-12-11 05:00:00,0.0,395.05016054854434,-39.50501605485444,-0.19999999999999973
2024-12-11 06:00:00,0.0,376.79877919666603,-37.6798779196666,-0.10000000000000053
2024-12-11 07:00:00,0.0,353.74567501655304,-35.37456750165531,-0.09999999999999964
2024-12-11 08:00:00,0.0,328.1968305979575,-32.81968305979575,-0.10000000000000009
2024-12-11 09:00:00,0.0,422.92729708659965,-42.29272970865997,-0.10000000000000009
2024-12-11 10:00:00,0.0,0.0,0.0,0.0
2024-12-11 11:00:00,0.0,336.0695069043607,-33.60695069043607,-0.04999999999999982
2024-12-11 12:00:00,574.5642514841641,0.0,57.45642514841641,0.2999999999999998
2024-12-11 13:00:00,525.1320759114683,0.0,52.51320759114683,0.2999999999999998
2024-12-11 14:00:00,409.35702145613993,0.0,40.935702145613995,0.10000000000000053
2024-12-11 15:00:00,0.0,0.0,0.0,0.0
2024-12-11 16:00:00,0.0,0.0,0.0,0.0
2024-12-11 17:00:00,0.0,418.9409579463079,-41.89409579463079,-0.10000000000000053
2024-12-11 18:00:00,0.0,241.91489114810133,-24.191489114810135,-0.19999999999999973
2024-12-11 19:00:00,0.0,203.28046408808257,-20.32804640880826,-0.10000000000000009
2024-12-11 20:00:00,0.0,301.33968472102265,-30.133968472102268,-0.04999999999999982
2024-12-11 21:00:00,0.0,327.4092324207737,-32.74092324207737,-0.10000000000000009
2024-12-11 22:00:00,0.0,318.82304045718945,-31.882304045718946,-0.050000000000000266
2024-12-11 23:00:00,0.0,172.21467729816254,-17.221467729816254,-0.04999999999999982
2024-12-12 00:00:00,377.3305111934514,0.0,37.73305111934514,0.04999999999999982
2024-12-12 01:00:00,505.20023958537524,0.0,50.52002395853753,0.30000000000000027
2024-12-12 02:00:00,504.059283055485,0.0,50.40592830554851,0.19999999999999973
2024-12-12 03:00:00,367.43886902111524,0.0,36.74388690211153,0.15000000000000036
2024-12-12 04:00:00,0.0,279.09114370511696,-27.9091143705117,-0.04999999999999982
2024-12-12 05:00:00,0.0,365.51299782114853,-36.55129978211485,-0.10000000000000053
2024-12-12 06:00:00,0.0,318.90396824295544,-31.890396824295546,-0.19999999999999973
2024-12-12 07:00:00,0.0,384.0254452151873,-38.402544521518735,-0.10000000000000009
2024-12-12 08:00:00,0.0,394.85748961250016,-39.48574896125002,-0.04999999999999982
2024-12-12 09:00:00,0.0,242.13547575639205,-24.213547575639208,-0.15000000000000036
2024-12-12 10:00:00,0.0,302.9968722269182,-30.29968722269182,-0.09999999999999964
2024-12-12 11:00:00,0.0,0.0,0.0,0.0
2024-12-12 12:00:00,0.0,205.05306155283137,-20.505306155283137,-0.04999999999999982
2024-12-12 13:00:00,674.8910585889527,0.0,67.48910585889527,0.2999999999999998
2024-12-12 14:00:00,798.3294343328033,0.0,79.83294343328033,0.3999999999999999
2024-12-12 15:00:00,497.9879244340017,0.0,49.798792443400174,0.1499999999999999
2024-12-12 16:00:00,382.20702386452615,0.0,38.220702386452615,0.15000000000000036
2024-12-12 17:00:00,0.0,269.21726637657855,-26.921726637657855,-0.050000000000000266
2024-12-12 18:00:00,0.0,323.4245950580947,-32.34245950580947,-0.1499999999999999
2024-12-12 19:00:00,0.0,324.37278228481364,-32.43727822848137,-0.20000000000000018
2024-12-12 20:00:00,0.0,337.97954482698,-33.797954482697996,-0.09999999999999964
2024-12-12 21:00:00,0.0,329.62613065811644,-32.962613065811645,-0.050000000000000266
2024-12-12 22:00:00,0.0,253.19039760438895,-25.319039760438898,-0.10000000000000009
2024-12-12 23:00:00,0.0,310.662841837384,-31.066284183738404,-0.09999999999999964
2024-12-13 00:00:00,0.0,272.30425929077614,-27.230425929077615,-0.050000000000000266
2024-12-13 01:00:00,0.0,0.0,0.0,0.0
2024-12-13 02:00:00,371.99032849331667,0.0,37.199032849331665,0.3500000000000001
2024-12-13 03:00:00,515.3292601382963,0.0,51.53292601382963,0.20000000000000018
2024-12-13 04:00:00,103.03025381659302,0.0,10.303025381659303,0.14999999999999947
2024-12-13 05:00:00,0.0,246.77592955571077,-24.67759295557108,-0.04999999999999982
2024-12-13 06:00:00,0.0,424.2015422365893,-42.42015422365893,-0.1499999999999999
2024-12-13 07:00:00,0.0,377.6244113648283,-37.76244113648283,-0.19999999999999973
2024-12-13 08:00:00,0.0,263.1601254722317,-26.31601254722317,-0.10000000000000053
2024-12-13 09:00:00,0.0,350.27152378193773,-35.027152378193776,-0.04999999999999982
2024-12-13 10:00:00,0.0,401.17696823178346,-40.11769682317835,-0.1499999999999999
2024-12-13 11:00:00,0.0,282.31960166073196,-28.231960166073197,-0.1499999999999999
2024-12-13 12:00:00,0.0,0.0,0.0,0.0
2024-12-13 13:00:00,0.0,286.94067043357865,-28.694067043357865,-0.04999999999999982
2024-12-13 14:00:00,644.2113268604467,0.0,64.42113268604467,0.34999999999999964
2024-12-13 15:00:00,633.2003716189922,0.0,63.32003716189922,0.2999999999999998
2024-12-13 16:00:00,460.2543019460679,0.0,46.0254301946068,0.15000000000000036
2024-12-13 17:00:00,466.94973300972396,0.0,46.6949733009724,0.1499999999999999
2024-12-13 18:00:00,0.0,342.5283869766487,-34.25283869766487,-0.050000000000000266
2024-12-13 19:00:00,0.0,420.43447074061623,-42.043447074061625,-0.19999999999999973
2024-12-13 20:00:00,0.0,229.47575499295544,-22.947575499295546,-0.1499999999999999
2024-12-13 21:00:00,0.0,333.3426907146744,-33.33426907146744,-0.10000000000000009
2024-12-13 22:00:00,0.0,404.9748993324172,-40.497489933241724,-0.10000000000000009
2024-12-13 23:00:00,0.0,236.12060171352476,-23.61206017135248,-0.09999999999999964
2024-12-14 00:00:00,0.0,306.5834199761725,-30.65834199761725,-0.25
2024-12-14 01:00:00,0.0,0.0,0.0,0.0
2024-12-14 02:00:00,800.0,0.0,80.0,0.04999999999999982
2024-12-14 03:00:00,292.005500911467,0.0,29.2005500911467,0.34999999999999964
2024-12-14 04:00:00,385.6265079561298,0.0,38.56265079561298,0.20000000000000018
2024-12-14 05:00:00,573.3995771102054,0.0,57.339957711020546,0.15000000000000036
2024-12-14 06:00:00,0.0,300.6341638792635,-30.063416387926353,-0.050000000000000266
2024-12-14 07:00:00,0.0,223.9658484895633,-22.396584848956334,-0.10000000000000009
2024-12-14 08:00:00,0.0,386.1777686890334,-38.61777686890335,-0.20000000000000018
2024-12-14 09:00:00,0.0,296.62058332279815,-29.662058332279816,-0.09999999999999964
2024-12-14 10:00:00,0.0,272.94053151973907,-27.29405315197391,-0.10000000000000009
2024-12-14 11:00:00,0.0,0.0,0.0,0.0
2024-12-14 12:00:00,0.0,270.14486396557623,-27.014486396557626,-0.1499999999999999
2024-12-14 13:00:00,0.0,373.1395721012447,-37.31395721012447,-0.04999999999999982
2024-12-14 14:00:00,0.0,300.0634373372269,-30.00634373372269,-0.10000000000000009
2024-12-14 15:00:00,241.47082091610122,0.0,24.147082091610123,0.5499999999999998
2024-12-14 16:00:00,541.0569479686764,0.0,54.10569479686764,0.3999999999999999
2024-12-14 17:00:00,613.6877942669828,0.0,61.36877942669828,0.10000000000000009
2024-12-14 18:00:00,440.1933918796512,0.0,44.01933918796512,0.10000000000000009
2024-12-14 19:00:00,0.0,360.8421952002191,-36.08421952002191,-0.15000000000000036
2024-12-14 20:00:00,0.0,355.6923769302224,-35.56923769302224,-0.14999999999999947
2024-12-14 21:00:00,0.0,350.630288968504,-35.0630288968504,-0.20000000000000018
2024-12-14 22:00:00,0.0,337.1868371861982,-33.71868371861982,-0.10000000000000009
2024-12-14 23:00:00,0.0,316.0927552388028,-31.60927552388028,-0.10000000000000009
2024-12-15 00:00:00,0.0,348.12433288900337,-34.81243328890034,-0.09999999999999964
2024-12-15 01:00:00,0.0,359.48026192449043,-35.94802619244904,-0.050000000000000266
2024-12-15 02:00:00,0.0,422.6631354648829,-42.26631354648829,-0.10000000000000009
2024-12-15 03:00:00,0.0,388.73139700313266,-38.87313970031327,-0.04999999999999982
2024-12-15 04:00:00,452.2551632172371,0.0,45.22551632172372,0.34999999999999964
2024-12-15 05:00:00,433.3230068477885,0.0,43.33230068477886,0.30000000000000027
2024-12-15 06:00:00,614.5718872953195,0.0,61.45718872953195,0.10000000000000009
2024-12-15 07:00:00,0.0,338.7657645593963,-33.876576455939635,-0.04999999999999982
2024-12-15 08:00:00,0.0,275.3643947821857,-27.53643947821857,-0.20000000000000018
2024-12-15 09:00:00,0.0,365.34721767714234,-36.53472176771424,-0.15000000000000036
2024-12-15 10:00:00,0.0,290.3187071148392,-29.03187071148392,-0.09999999999999964
2024-12-15 11:00:00,0.0,249.26496165523588,-24.926496165523588,-0.15000000000000036
2024-12-15 12:00:00,0.0,292.20757269032896,-29.220757269032898,-0.04999999999999982
2024-12-15 13:00:00,0.0,432.5783252940881,-43.25783252940881,-0.04999999999999982
2024-12-15 14:00:00,0.0,347.90866191466586,-34.790866191466584,-0.10000000000000009
2024-12-15 15:00:00,0.0,245.97153735107824,-24.597153735107824,-0.050000000000000266
2024-12-15 16:00:00,487.88011537933056,0.0,48.78801153793306,0.5500000000000003
2024-12-15 17:00:00,411.03845326991603,0.0,41.1038453269916,0.30000000000000027
2024-12-15 18:00:00,384.3389549571137,0.0,38.43389549571137,0.19999999999999973
2024-12-15 19:00:00,0.0,0.0,0.0,0.0
2024-12-15 20:00:00,0.0,270.9977512516354,-27.099775125163543,-0.10000000000000009
2024-12-15 21:00:00,0.0,330.7619168098453,-33.07619168098453,-0.20000000000000018
2024-12-15 22:00:00,0.0,284.5278034383546,-28.452780343835464,-0.19999999999999973
2024-12-15 23:00:00,0.0,308.6304221507912,-30.863042215079123,-0.10000000000000009
2024-12-16 00:00:00,0.0,304.5740653973728,-30.45740653973728,-0.09999999999999964
2024-12-16 01:00:00,0.0,265.5460622723207,-26.55460622723207,-0.050000000000000266
2024-12-16 02:00:00,0.0,315.5244946307083,-31.552449463070833,-0.10000000000000009
2024-12-16 03:00:00,0.0,447.91116342718453,-44.79111634271845,-0.04999999999999982
2024-12-16 04:00:00,224.54500980921645,0.0,22.454500980921647,0.04999999999999982
2024-12-16 05:00:00,287.58057608953806,0.0,28.758057608953806,0.3500000000000001
2024-12-16 06:00:00,604.6149190329868,0.0,60.46149190329868,0.19999999999999973
2024-12-16 07:00:00,345.3879440840102,0.0,34.538794408401024,0.15000000000000036
2024-12-16 08:00:00,0.0,370.65529590476956,-37.065529590476956,-0.15000000000000036
2024-12-16 09:00:00,0.0,286.3985039896003,-28.63985039896003,-0.1999999999999993
2024-12-16 10:00:00,0.0,311.040828825435,-31.104082882543505,-0.05000000000000071
2024-12-16 11:00:00,0.0,201.14321571715365,-20.114321571715365,-0.14999999999999947
2024-12-16 12:00:00,0.0,352.4408894726598,-35.244088947265986,-0.050000000000000266
2024-12-16 13:00:00,0.0,413.3571280608124,-41.33571280608124,-0.050000000000000266
2024-12-16 14:00:00,0.0,280.94664556475834,-28.094664556475834,-0.09999999999999964
2024-12-16 15:00:00,0.0,286.6783339699159,-28.667833396991593,-0.10000000000000009
2024-12-16 16:00:00,496.1489279433181,0.0,49.61489279433181,0.050000000000000266
2024-12-16 17:00:00,456.99298415229936,0.0,45.69929841522994,0.5999999999999996
2024-12-16 18:00:00,269.68915194168494,0.0,26.968915194168495,0.25
2024-12-16 19:00:00,430.90363971646474,0.0,43.090363971646475,0.20000000000000018
2024-12-16 20:00:00,626.26226828403,0.0,62.626226828403006,0.04999999999999982
2024-12-16 21:00:00,0.0,307.55431597134395,-30.755431597134397,-0.19999999999999973
2024-12-16 22:00:00,0.0,361.88627823186204,-36.1886278231862,-0.20000000000000018
2024-12-16 23:00:00,0.0,321.02515130774987,-32.10251513077499,-0.25
2024-12-17 00:00:00,0.0,319.55443843107116,-31.95544384310712,-0.10000000000000009
2024-12-17 01:00:00,0.0,331.59103919238123,-33.15910391923813,-0.04999999999999982
2024-12-17 02:00:00,0.0,251.8807648347829,-25.18807648347829,-0.10000000000000009
2024-12-17 03:00:00,0.0,284.5152821425145,-28.45152821425145,-0.050000000000000266
2024-12-17 04:00:00,0.0,374.1353141019766,-37.413531410197656,-0.04999999999999982
2024-12-17 05:00:00,380.41215699978045,0.0,38.041215699978046,0.10000000000000009
2024-12-17 06:00:00,735.5104649929618,0.0,73.55104649929619,0.3999999999999999
2024-12-17 07:00:00,505.9586608529017,0.0,50.59586608529017,0.20000000000000018
2024-12-17 08:00:00,465.7342585511154,0.0,46.57342585511154,0.04999999999999982
2024-12-17 09:00:00,0.0,347.8352634358314,-34.78352634358314,-0.1499999999999999
2024-12-17 10:00:00,0.0,293.6891650083617,-29.368916500836175,-0.25
2024-12-17 11:00:00,0.0,381.7824861613033,-38.17824861613033,-0.050000000000000266
2024-12-17 12:00:00,0.0,435.21600396972826,-43.52160039697283,-0.14999999999999947
2024-12-17 13:00:00,0.0,321.6338747859465,-32.16338747859465,-0.050000000000000266
2024-12-17 14:00:00,0.0,357.6355195336556,-35.763551953365564,-0.10000000000000009
2024-12-17 15:00:00,0.0,364.6621230079769,-36.46621230079769,-0.09999999999999964
2024-12-17 16:00:00,0.0,379.8204388598708,-37.98204388598708,-0.050000000000000266
2024-12-17 17:00:00,197.6191085106145,0.0,19.76191085106145,0.3999999999999999
2024-12-17 18:00:00,300.2809137489365,0.0,30.02809137489365,0.4500000000000002
2024-12-17 19:00:00,726.8287613756065,0.0,72.68287613756065,0.1499999999999999
2024-12-17 20:00:00,411.00435916568273,0.0,41.10043591656827,0.19999999999999973
2024-12-17 21:00:00,0.0,397.3507913575904,-39.735079135759044,-0.09999999999999964
2024-12-17 22:00:00,0.0,264.30744399445246,-26.430744399445246,-0.20000000000000018
2024-12-17 23:00:00,0.0,295.6545438342801,-29.565454383428012,-0.20000000000000018
2024-12-18 00:00:00,0.0,309.1298496239987,-30.912984962399875,-0.09999999999999964
2024-12-18 01:00:00,0.0,282.2915759100337,-28.22915759100337,-0.15000000000000036
2024-12-18 02:00:00,0.0,344.9387898744573,-34.49387898744573,-0.09999999999999964
2024-12-18 03:00:00,0.0,390.6031509509507,-39.06031509509507,-0.04999999999999982
2024-12-18 04:00:00,0.0,372.1932456148813,-37.21932456148813,-0.10000000000000053
2024-12-18 05:00:00,0.0,0.0,0.0,0.0
2024-12-18 06:00:00,212.3090185944854,0.0,21.23090185944854,0.25
2024-12-18 07:00:00,660.6672251475852,0.0,66.06672251475852,0.35000000000000053
2024-12-18 08:00:00,798.1118704990931,0.0,79.81118704990932,0.14999999999999947
2024-12-18 09:00:00,0.0,343.7735956997753,-34.37735956997753,-0.04999999999999982
2024-12-18 10:00:00,0.0,451.2332245246448,-45.123322452464485,-0.25
2024-12-18 11:00:00,0.0,290.59411554662523,-29.059411554662525,-0.04999999999999982
2024-12-18 12:00:00,0.0,286.06862205414654,-28.606862205414657,-0.20000000000000018
2024-12-18 13:00:00,0.0,255.2267617410032,-25.522676174100322,-0.09999999999999964
2024-12-18 14:00:00,0.0,316.0947726188938,-31.60947726188938,-0.050000000000000266
2024-12-18 15:00:00,0.0,367.2404952220841,-36.72404952220841,-0.10000000000000009
2024-12-18 16:00:00,0.0,264.8772279560001,-26.487722795600014,-0.04999999999999982
2024-12-18 17:00:00,0.0,0.0,0.0,0.0
2024-12-18 18:00:00,572.7278888963195,0.0,57.272788889631954,0.5
2024-12-18 19:00:00,464.3410166879471,0.0,46.43410166879471,0.34999999999999964
2024-12-18 20:00:00,506.74077044599403,0.0,50.67407704459941,0.20000000000000018
2024-12-18 21:00:00,559.9154672277241,0.0,55.99154672277241,0.04999999999999982
2024-12-18 22:00:00,0.0,409.6329113326021,-40.96329113326021,-0.14999999999999947
2024-12-18 23:00:00,0.0,330.98656902325837,-33.098656902325835,-0.20000000000000018
2024-12-19 00:00:00,0.0,217.6503993713727,-21.765039937137274,-0.20000000000000018
2024-12-19 01:00:00,0.0,308.88876956446745,-30.888876956446747,-0.1499999999999999
2024-12-19 02:00:00,0.0,248.75316379165616,-24.875316379165618,-0.050000000000000266
2024-12-19 03:00:00,0.0,251.41001525101996,-25.141001525102,-0.09999999999999964
2024-12-19 04:00:00,0.0,188.5177516204676,-18.85177516204676,-0.04999999999999982
2024-12-19 05:00:00,0.0,311.33159339794975,-31.133159339794975,-0.10000000000000053
2024-12-19 06:00:00,0.0,0.0,0.0,0.0
2024-12-19 07:00:00,342.00042298910586,0.0,34.20004229891059,0.35000000000000053
2024-12-19 08:00:00,681.6606395468751,0.0,68.16606395468752,0.25
2024-12-19 09:00:00,696.490684774533,0.0,69.6490684774533,0.04999999999999982
2024-12-19 10:00:00,0.0,408.2200325735752,-40.82200325735752,-0.04999999999999982
2024-12-19 11:00:00,0.0,352.3851395377421,-35.23851395377421,-0.10000000000000053
2024-12-19 12:00:00,0.0,336.10407583007907,-33.610407583007905,-0.25
2024-12-19 13:00:00,0.0,290.802609068698,-29.080260906869803,-0.09999999999999964
2024-12-19 14:00:00,0.0,395.98306374526044,-39.59830637452605,-0.10000000000000009
2024-12-19 15:00:00,0.0,0.0,0.0,0.0
2024-12-19 16:00:00,0.0,350.07736996485727,-35.007736996485725,-0.10000000000000009
2024-12-19 17:00:00,0.0,342.30725700210155,-34.23072570021016,-0.04999999999999982
2024-12-19 18:00:00,359.13238177284467,0.0,35.91323817728447,0.09999999999999964
2024-12-19 19:00:00,660.6961894932356,0.0,66.06961894932356,0.5
2024-12-19 20:00:00,500.23581472921313,0.0,50.023581472921315,0.20000000000000018
2024-12-19 21:00:00,181.8710975649643,0.0,18.18710975649643,0.1499999999999999
2024-12-19 22:00:00,453.8252546636463,0.0,45.38252546636463,4.440892098500626e-16
2024-12-19 23:00:00,0.0,407.89383175805085,-40.789383175805085,-0.20000000000000018
2024-12-20 00:00:00,0.0,447.06037297054354,-44.70603729705436,-0.15000000000000036
2024-12-20 01:00:00,0.0,237.5681711179456,-23.75681711179456,-0.14999999999999947
2024-12-20 02:00:00,0.0,306.6702288482536,-30.66702288482536,-0.10000000000000053
2024-12-20 03:00:00,0.0,366.6463921814582,-36.66463921814582,-0.09999999999999964
2024-12-20 04:00:00,0.0,319.8530694929392,-31.98530694929392,-0.15000000000000036
2024-12-20 05:00:00,0.0,336.6981113335761,-33.66981113335761,-0.04999999999999982
2024-12-20 06:00:00,0.0,372.6863488678808,-37.26863488678808,-0.04999999999999982
2024-12-20 07:00:00,556.5856659258995,0.0,55.658566592589956,0.09999999999999964
2024-12-20 08:00:00,166.49821737176833,0.0,16.649821737176833,0.35000000000000053
2024-12-20 09:00:00,562.2852910345546,0.0,56.22852910345546,0.25
2024-12-20 10:00:00,0.0,282.6230583538435,-28.26230583538435,-0.15000000000000036
2024-12-20 11:00:00,0.0,0.0,0.0,0.0
2024-12-20 12:00:00,0.0,353.6045049022633,-35.36045049022633,-0.20000000000000018
2024-12-20 13:00:00,0.0,321.12402153062214,-32.11240215306221,-0.09999999999999964
2024-12-20 14:00:00,0.0,411.89036292631016,-41.189036292631016,-0.04999999999999982
2024-12-20 15:00:00,0.0,339.60917211591004,-33.960917211591,-0.10000000000000053
2024-12-20 16:00:00,0.0,419.37242694426743,-41.93724269442674,-0.09999999999999964
2024-12-20 17:00:00,0.0,291.2411236316277,-29.124112363162773,-0.09999999999999964
2024-12-20 18:00:00,632.4552336061389,0.0,63.245523360613895,0.04999999999999982
2024-12-20 19:00:00,518.2428556129503,0.0,51.82428556129503,0.34999999999999964
2024-12-20 20:00:00,800.0,0.0,80.0,0.3500000000000001
2024-12-20 21:00:00,247.788187881615,0.0,24.7788187881615,0.1499999999999999
2024-12-20 22:00:00,558.7718764334262,0.0,55.87718764334262,0.10000000000000009
2024-12-20 23:00:00,0.0,291.5048528694433,-29.15048528694433,-0.050000000000000266
2024-12-21 00:00:00,0.0,327.9735661640737,-32.79735661640737,-0.19999999999999973
2024-12-21 01:00:00,0.0,253.03446170129266,-25.303446170129266,-0.1499999999999999
2024-12-21 02:00:00,0.0,345.1772268867826,-34.51772268867826,-0.15000000000000036
2024-12-21 03:00:00,0.0,319.46579390800713,-31.946579390800714,-0.09999999999999964
2024-12-21 04:00:00,0.0,235.03905592476357,-23.503905592476357,-0.04999999999999982
2024-12-21 05:00:00,0.0,302.51882956765746,-30.251882956765748,-0.050000000000000266
2024-12-21 06:00:00,0.0,245.27756342769746,-24.52775634276975,-0.10000000000000009
2024-12-21 07:00:00,0.0,214.06700808339912,-21.406700808339913,-0.04999999999999982
2024-12-21 08:00:00,552.9793917981835,0.0,55.29793917981836,0.25
2024-12-21 09:00:00,704.4315389055085,0.0,70.44315389055086,0.2999999999999998
2024-12-21 10:00:00,550.2675093355773,0.0,55.026750933557736,0.10000000000000009
2024-12-21 11:00:00,169.01618322767663,0.0,16.901618322767664,0.050000000000000266
2024-12-21 12:00:00,0.0,293.86908345459113,-29.386908345459116,-0.20000000000000018
2024-12-21 13:00:00,0.0,302.59689702122444,-30.259689702122444,-0.15000000000000036
2024-12-21 14:00:00,0.0,410.4037766568893,-41.040377665688936,-0.04999999999999982
2024-12-21 15:00:00,0.0,282.7124386166854,-28.27124386166854,-0.09999999999999964
2024-12-21 16:00:00,0.0,389.6870154155218,-38.96870154155218,-0.15000000000000036
2024-12-21 17:00:00,0.0,279.9456495576619,-27.994564955766194,-0.04999999999999982
2024-12-21 18:00:00,0.0,322.76822457326574,-32.276822457326574,-0.04999999999999982
2024-12-21 19:00:00,376.8032941422175,0.0,37.68032941422175,0.04999999999999982
2024-12-21 20:00:00,761.8758185045805,0.0,76.18758185045805,0.3999999999999999
2024-12-21 21:00:00,553.0405736195875,0.0,55.30405736195875,0.25
2024-12-21 22:00:00,387.7953730621864,0.0,38.77953730621864,0.1499999999999999
2024-12-21 23:00:00,350.239435072351,0.0,35.0239435072351,0.04999999999999982
2024-12-22 00:00:00,0.0,469.5365522815834,-46.95365522815834,-0.14999999999999947
2024-12-22 01:00:00,0.0,443.17235117917664,-44.31723511791767,-0.15000000000000036
2024-12-22 02:00:00,0.0,181.34900205307252,-18.134900205307254,-0.1499999999999999
2024-12-22 03:00:00,0.0,353.7314935407796,-35.37314935407796,-0.10000000000000009
2024-12-22 04:00:00,0.0,311.1493986233593,-31.11493986233593,-0.04999999999999982
2024-12-22 05:00:00,0.0,403.0024387054658,-40.30024387054658,-0.10000000000000009
2024-12-22 06:00:00,0.0,354.1635441034616,-35.416354410346166,-0.10000000000000009
2024-12-22 07:00:00,0.0,378.1150441323591,-37.811504413235916,-0.04999999999999982
2024-12-22 08:00:00,379.6710035935087,0.0,37.96710035935087,0.09999999999999964
2024-12-22 09:00:00,800.0,0.0,80.0,0.20000000000000018
2024-12-22 10:00:00,419.7701347431522,0.0,41.97701347431522,0.20000000000000018
2024-12-22 11:00:00,389.7808457051896,0.0,38.978084570518966,0.1499999999999999
2024-12-22 12:00:00,0.0,301.9988183215483,-30.19988183215483,-0.10000000000000009
2024-12-22 13:00:00,0.0,402.00036364530155,-40.200036364530156,-0.09999999999999964
2024-12-22 14:00:00,0.0,229.97802391450207,-22.997802391450207,-0.15000000000000036
2024-12-22 15:00:00,0.0,312.47513949601205,-31.247513949601206,-0.09999999999999964
2024-12-22 16:00:00,0.0,264.9392914252713,-26.49392914252713,-0.10000000000000053
2024-12-22 17:00:00,0.0,272.58039814034055,-27.258039814034056,-0.04999999999999982
2024-12-22 18:00:00,0.0,299.18760947459947,-29.918760947459948,-0.04999999999999982
2024-12-22 19:00:00,0.0,0.0,0.0,0.0
2024-12-22 20:00:00,338.6750358546896,0.0,33.86750358546896,0.04999999999999982
2024-12-22 21:00:00,687.5170863188594,0.0,68.75170863188593,0.35000000000000053
2024-12-22 22:00:00,458.8134739740544,0.0,45.88134739740544,0.14999999999999947
2024-12-22 23:00:00,242.06912597641772,0.0,24.206912597641775,0.15000000000000036
2024-12-23 00:00:00,0.0,329.1069617970072,-32.91069617970072,-0.050000000000000266
2024-12-23 01:00:00,0.0,364.0726006060988,-36.40726006060988,-0.1499999999999999
2024-12-23 02:00:00,0.0,334.69454530350856,-33.46945453035086,-0.15000000000000036
2024-12-23 03:00:00,0.0,207.6679980187384,-20.76679980187384,-0.24999999999999956
2024-12-23 04:00:00,0.0,0.0,0.0,0.0
2024-12-23 05:00:00,0.0,321.4607410133135,-32.14607410133135,-0.050000000000000266
2024-12-23 06:00:00,0.0,334.2136434491413,-33.42136434491413,-0.09999999999999964
2024-12-23 07:00:00,0.0,255.58909531001694,-25.558909531001696,-0.10000000000000009
2024-12-23 08:00:00,0.0,0.0,0.0,0.0
2024-12-23 09:00:00,345.11501399240797,0.0,34.5115013992408,0.19999999999999973
2024-12-23 10:00:00,516.8453180200356,0.0,51.68453180200356,0.20000000000000018
2024-12-23 11:00:00,574.7097705311514,0.0,57.47097705311515,0.20000000000000018
2024-12-23 12:00:00,602.7982908020265,0.0,60.27982908020265,0.04999999999999982
2024-12-23 13:00:00,0.0,383.02040758960146,-38.302040758960146,-0.04999999999999982
2024-12-23 14:00:00,0.0,329.6506745004384,-32.96506745004384,-0.20000000000000018
2024-12-23 15:00:00,0.0,315.32710097751544,-31.532710097751547,-0.04999999999999982
2024-12-23 16:00:00,0.0,396.33358757606203,-39.6333587576062,-0.10000000000000009
2024-12-23 17:00:00,0.0,358.4276225079415,-35.84276225079415,-0.050000000000000266
2024-12-23 18:00:00,0.0,328.31077250618614,-32.83107725061861,-0.09999999999999964
2024-12-23 19:00:00,0.0,0.0,0.0,0.0
2024-12-23 20:00:00,0.0,0.0,0.0,0.0
2024-12-23 21:00:00,402.0476928711253,0.0,40.20476928711253,0.2999999999999998
2024-12-23 22:00:00,594.1724630053172,0.0,59.41724630053173,0.25
2024-12-23 23:00:00,472.0783510466218,0.0,47.20783510466218,0.04999999999999982
2024-12-24 00:00:00,472.25738261881713,0.0,47.225738261881716,0.15000000000000036
2024-12-24 01:00:00,0.0,378.2648720655678,-37.82648720655678,-0.10000000000000009
2024-12-24 02:00:00,0.0,293.6607215709417,-29.36607215709417,-0.1499999999999999
2024-12-24 03:00:00,0.0,283.4563064151525,-28.34563064151525,-0.15000000000000036
2024-12-24 04:00:00,0.0,280.3525041482582,-28.035250414825825,-0.09999999999999964
2024-12-24 05:00:00,0.0,500.4134251219162,-50.04134251219162,-0.04999999999999982
2024-12-24 06:00:00,0.0,246.34277496487312,-24.634277496487314,-0.050000000000000266
2024-12-24 07:00:00,0.0,284.6794497858441,-28.467944978584413,-0.050000000000000266
2024-12-24 08:00:00,0.0,383.9467287854473,-38.39467287854473,-0.09999999999999964
2024-12-24 09:00:00,0.0,0.0,0.0,0.0
2024-12-24 10:00:00,554.3981596426262,0.0,55.43981596426262,0.20000000000000018
2024-12-24 11:00:00,618.981730439156,0.0,61.8981730439156,0.25
2024-12-24 12:00:00,579.3140513551318,0.0,57.93140513551319,0.14999999999999947
2024-12-24 13:00:00,163.34206421250434,0.0,16.334206421250435,0.10000000000000009
2024-12-24 14:00:00,0.0,268.9249934665397,-26.892499346653974,-0.050000000000000266
2024-12-24 15:00:00,0.0,305.25138227410656,-30.525138227410658,-0.09999999999999964
2024-12-24 16:00:00,0.0,438.6654492088982,-43.86654492088982,-0.15000000000000036
2024-12-24 17:00:00,0.0,297.1171671728122,-29.71171671728122,-0.09999999999999964
2024-12-24 18:00:00,0.0,294.5927446935946,-29.459274469359464,-0.04999999999999982
2024-12-24 19:00:00,0.0,237.39578514793175,-23.739578514793177,-0.10000000000000009
2024-12-24 20:00:00,0.0,368.7114563406949,-36.87114563406949,-4.440892098500626e-16
2024-12-24 21:00:00,358.6444466493301,0.0,35.86444466493301,4.440892098500626e-16
2024-12-24 22:00:00,154.3193828236632,0.0,15.431938282366321,0.10000000000000009
2024-12-24 23:00:00,411.9690538945992,0.0,41.19690538945992,0.20000000000000018
2024-12-25 00:00:00,375.07693834048354,0.0,37.507693834048354,0.1999999999999993
2024-12-25 01:00:00,528.1978494260745,0.0,52.819784942607455,0.050000000000000266
2024-12-25 02:00:00,0.0,302.26685798044065,-30.226685798044066,-0.1499999999999999
2024-12-25 03:00:00,0.0,424.23258705862224,-42.423258705862224,-0.09999999999999964
2024-12-25 04:00:00,0.0,265.557743306551,-26.5557743306551,-0.10000000000000053
2024-12-25 05:00:00,0.0,415.30498922980905,-41.53049892298091,-0.09999999999999964
2024-12-25 06:00:00,0.0,253.5967636544343,-25.359676365443434,-0.10000000000000009
2024-12-25 07:00:00,0.0,331.18954733750684,-33.118954733750684,-0.050000000000000266
2024-12-25 08:00:00,0.0,393.97048316475616,-39.39704831647562,-0.04999999999999982
2024-12-25 09:00:00,0.0,0.0,0.0,0.0
2024-12-25 10:00:00,0.0,309.70873537663135,-30.970873537663138,-0.04999999999999982
2024-12-25 11:00:00,0.0,0.0,0.0,0.0
2024-12-25 12:00:00,767.2345003013689,0.0,76.7234500301369,0.34999999999999964
2024-12-25 13:00:00,435.33450309447016,0.0,43.53345030944702,0.20000000000000018
2024-12-25 14:00:00,616.6607257265354,0.0,61.66607257265354,0.09999999999999964
2024-12-25 15:00:00,0.0,0.0,0.0,0.0
2024-12-25 16:00:00,0.0,194.8302045642726,-19.483020456427262,-0.14999999999999947
2024-12-25 17:00:00,0.0,291.20531005807726,-29.120531005807727,-0.050000000000000266
2024-12-25 18:00:00,0.0,304.40087131762004,-30.440087131762006,-0.1499999999999999
2024-12-25 19:00:00,0.0,462.19754528932947,-46.21975452893295,-0.04999999999999982
2024-12-25 20:00:00,0.0,318.9336830830386,-31.893368308303863,-0.10000000000000009
2024-12-25 21:00:00,0.0,342.62599498235795,-34.262599498235794,-4.440892098500626e-16
2024-12-25 22:00:00,0.0,282.9724472305925,-28.29724472305925,-0.09999999999999964
2024-12-25 23:00:00,0.0,470.9803865549665,-47.09803865549665,-0.04999999999999982
2024-12-26 00:00:00,576.2926196364432,0.0,57.629261963644325,0.20000000000000018
2024-12-26 01:00:00,331.9814572019227,0.0,33.19814572019227,0.19999999999999973
2024-12-26 02:00:00,423.18014444202163,0.0,42.31801444420216,0.050000000000000266
2024-12-26 03:00:00,761.7754557518917,0.0,76.17754557518917,0.09999999999999964
2024-12-26 04:00:00,0.0,349.3861304705576,-34.93861304705576,-0.20000000000000018
2024-12-26 05:00:00,0.0,419.27228543318364,-41.927228543318364,-0.09999999999999964
2024-12-26 06:00:00,0.0,388.80569521131133,-38.880569521131136,-0.10000000000000009
2024-12-26 07:00:00,0.0,273.68702073630214,-27.368702073630217,-0.050000000000000266
2024-12-26 08:00:00,0.0,291.4054024453933,-29.14054024453933,-0.04999999999999982
2024-12-26 09:00:00,0.0,321.95194302268544,-32.19519430226855,-0.04999999999999982
2024-12-26 10:00:00,0.0,327.6971869978798,-32.76971869978798,-0.15000000000000036
2024-12-26 11:00:00,786.5354321663488,0.0,78.65354321663489,0.050000000000000266
2024-12-26 12:00:00,494.2010684928348,0.0,49.420106849283485,0.19999999999999973
2024-12-26 13:00:00,374.54083579007767,0.0,37.454083579007765,0.30000000000000027
2024-12-26 14:00:00,429.7582226706336,0.0,42.975822267063364,0.1499999999999999
2024-12-26 15:00:00,800.0,0.0,80.0,0.1499999999999999
2024-12-26 16:00:00,570.4248965685725,0.0,57.042489656857256,4.440892098500626e-16
2024-12-26 17:00:00,0.0,434.92300548440846,-43.49230054844085,-4.440892098500626e-16
2024-12-26 18:00:00,0.0,466.0203799657176,-46.60203799657177,-0.1499999999999999
2024-12-26 19:00:00,0.0,367.4006301021604,-36.74006301021604,-0.15000000000000036
2024-12-26 20:00:00,0.0,336.75160732328294,-33.675160732328294,-0.04999999999999982
2024-12-26 21:00:00,0.0,236.51362863613764,-23.651362863613766,-0.09999999999999964
2024-12-26 22:00:00,0.0,249.55651421241322,-24.955651421241324,-0.10000000000000009
2024-12-26 23:00:00,0.0,464.48977530754377,-46.44897753075438,-0.050000000000000266
2024-12-27 00:00:00,0.0,0.0,0.0,0.0
2024-12-27 01:00:00,440.87457843783784,0.0,44.08745784378379,0.10000000000000053
2024-12-27 02:00:00,554.1018307739997,0.0,55.41018307739998,0.2999999999999998
2024-12-27 03:00:00,666.476903818282,0.0,66.64769038182821,0.09999999999999964
2024-12-27 04:00:00,381.80724011679416,0.0,38.180724011679416,0.04999999999999982
2024-12-27 05:00:00,0.0,283.75337781079827,-28.37533778107983,-0.14999999999999947
2024-12-27 06:00:00,0.0,400.11086032163416,-40.01108603216342,-0.15000000000000036
2024-12-27 07:00:00,0.0,380.45786007805367,-38.04578600780537,-0.04999999999999982
2024-12-27 08:00:00,0.0,407.3573170279244,-40.73573170279244,-0.10000000000000009
2024-12-27 09:00:00,0.0,454.341287792834,-45.434128779283405,-0.050000000000000266
2024-12-27 10:00:00,0.0,240.42623557045442,-24.042623557045445,-0.09999999999999964
2024-12-27 11:00:00,0.0,345.13290459845155,-34.51329045984516,-0.04999999999999982
2024-12-27 12:00:00,0.0,0.0,0.0,0.0
2024-12-27 13:00:00,645.8028270833622,0.0,64.58028270833623,0.09999999999999964
2024-12-27 14:00:00,446.292055194585,0.0,44.6292055194585,0.3500000000000001
2024-12-27 15:00:00,388.0141390675366,0.0,38.80141390675366,0.19999999999999973
2024-12-27 16:00:00,532.5529315509343,0.0,53.25529315509343,0.05000000000000071
2024-12-27 17:00:00,0.0,0.0,0.0,0.0
2024-12-27 18:00:00,0.0,338.0737675063067,-33.807376750630674,-0.10000000000000053
2024-12-27 19:00:00,0.0,261.5053789734936,-26.15053789734936,-0.09999999999999964
2024-12-27 20:00:00,0.0,451.1230985786264,-45.11230985786264,-0.15000000000000036
2024-12-27 21:00:00,0.0,371.3222025408759,-37.13222025408759,-0.09999999999999964
2024-12-27 22:00:00,0.0,423.76638362929,-42.376638362929,-0.10000000000000009
2024-12-27 23:00:00,0.0,271.6470483115409,-27.164704831154094,-0.10000000000000009
2024-12-28 00:00:00,0.0,383.6730779499015,-38.36730779499015,-0.04999999999999982
2024-12-28 01:00:00,0.0,223.610419604791,-22.3610419604791,-0.04999999999999982
2024-12-28 02:00:00,386.7058882861381,0.0,38.67058882861381,0.09999999999999964
2024-12-28 03:00:00,484.98884323778185,0.0,48.498884323778185,0.20000000000000018
2024-12-28 04:00:00,328.2830104249014,0.0,32.828301042490146,0.25
2024-12-28 05:00:00,0.0,282.87643453290394,-28.287643453290396,-0.050000000000000266
2024-12-28 06:00:00,0.0,213.0103667353828,-21.30103667353828,-0.050000000000000266
2024-12-28 07:00:00,0.0,411.3876183605395,-41.13876183605395,-0.14999999999999947
2024-12-28 08:00:00,0.0,215.78158163995647,-21.57815816399565,-0.050000000000000266
2024-12-28 09:00:00,0.0,323.30618063353813,-32.33061806335382,-0.10000000000000009
2024-12-28 10:00:00,0.0,250.36783107139104,-25.036783107139104,-0.04999999999999982
2024-12-28 11:00:00,0.0,401.1684681177227,-40.11684681177227,-0.1499999999999999
2024-12-28 12:00:00,0.0,429.36633321252344,-42.936633321252344,-4.440892098500626e-16
2024-12-28 13:00:00,0.0,285.53339405774,-28.553339405774,-0.04999999999999982
2024-12-28 14:00:00,438.7967819005702,0.0,43.87967819005702,0.20000000000000018
2024-12-28 15:00:00,214.7497782600158,0.0,21.47497782600158,0.2999999999999998
2024-12-28 16:00:00,375.74858615394993,0.0,37.574858615394994,0.25
2024-12-28 17:00:00,800.0,0.0,80.0,0.050000000000000266
2024-12-28 18:00:00,567.3624689550212,0.0,56.73624689550212,0.04999999999999982
2024-12-28 19:00:00,0.0,320.0845278326835,-32.008452783268346,-0.1499999999999999
2024-12-28 20:00:00,0.0,306.27095668280907,-30.62709566828091,-0.20000000000000018
2024-12-28 21:00:00,0.0,237.2815286705682,-23.72815286705682,-0.14999999999999947
2024-12-28 22:00:00,0.0,292.9474599572547,-29.29474599572547,-0.050000000000000266
2024-12-28 23:00:00,0.0,269.8392284478609,-26.98392284478609,-0.10000000000000009
2024-12-29 00:00:00,0.0,220.80799302119246,-22.080799302119246,-0.04999999999999982
2024-12-29 01:00:00,0.0,333.23541075276097,-33.3235410752761,-0.04999999999999982
2024-12-29 02:00:00,0.0,0.0,0.0,0.0
2024-12-29 03:00:00,584.701919354846,0.0,58.47019193548461,0.19999999999999973
2024-12-29 04:00:00,309.7657828151218,0.0,30.97657828151218,0.2999999999999998
2024-12-29 05:00:00,680.4700858840743,0.0,68.04700858840742,0.10000000000000009
2024-12-29 06:00:00,0.0,0.0,0.0,0.0
2024-12-29 07:00:00,0.0,393.899529935043,-39.3899529935043,-0.09999999999999964
2024-12-29 08:00:00,0.0,344.21035848025184,-34.421035848025184,-0.15000000000000036
2024-12-29 09:00:00,0.0,334.7957286243684,-33.47957286243684,-0.1499999999999999
2024-12-29 10:00:00,0.0,312.9945057395435,-31.299450573954353,-0.050000000000000266
2024-12-29 11:00:00,0.0,384.12642649499554,-38.41264264949956,-0.04999999999999982
2024-12-29 12:00:00,0.0,298.183395597624,-29.8183395597624,-0.09999999999999964
2024-12-29 13:00:00,0.0,409.5326847707196,-40.95326847707196,-0.10000000000000053
2024-12-29 14:00:00,244.5313630315692,0.0,24.453136303156924,0.050000000000000266
2024-12-29 15:00:00,510.03519889105155,0.0,51.003519889105156,0.3500000000000001
2024-12-29 16:00:00,355.7583112591746,0.0,35.57583112591746,0.34999999999999964
2024-12-29 17:00:00,583.8624522024783,0.0,58.38624522024783,0.15000000000000036
2024-12-29 18:00:00,404.39333403339333,0.0,40.43933340333933,0.09999999999999964
2024-12-29 19:00:00,0.0,243.32784441224064,-24.332784441224064,-0.04999999999999982
2024-12-29 20:00:00,0.0,265.90797921821286,-26.590797921821288,-0.20000000000000018
2024-12-29 21:00:00,0.0,437.3823322159373,-43.73823322159373,-0.1499999999999999
2024-12-29 22:00:00,0.0,262.1373914655466,-26.213739146554662,-0.1499999999999999
2024-12-29 23:00:00,0.0,289.1349581251151,-28.91349581251151,-0.10000000000000009
2024-12-30 00:00:00,0.0,250.52359294702023,-25.052359294702025,-0.050000000000000266
2024-12-30 01:00:00,0.0,330.93128519270516,-33.093128519270515,-0.04999999999999982
2024-12-30 02:00:00,0.0,329.26192907813424,-32.92619290781342,-0.04999999999999982
2024-12-30 03:00:00,0.0,0.0,0.0,0.0
2024-12-30 04:00:00,405.76076989313555,0.0,40.576076989313556,0.2999999999999998
2024-12-30 05:00:00,476.3787862305259,0.0,47.63787862305259,0.20000000000000018
2024-12-30 06:00:00,314.44890434389225,0.0,31.444890434389226,0.1499999999999999
2024-12-30 07:00:00,0.0,312.50142931754175,-31.250142931754176,-0.10000000000000009
2024-12-30 08:00:00,0.0,305.36191146329753,-30.536191146329756,-0.19999999999999973
2024-12-30 09:00:00,0.0,287.3256856953699,-28.73256856953699,-0.050000000000000266
2024-12-30 10:00:00,0.0,291.28055941214143,-29.128055941214143,-0.1499999999999999
2024-12-30 11:00:00,0.0,400.45114000329545,-40.04511400032955,-0.050000000000000266
2024-12-30 12:00:00,0.0,263.17300405711563,-26.317300405711563,-0.04999999999999982
2024-12-30 13:00:00,0.0,353.1104837380792,-35.31104837380792,-0.1499999999999999
2024-12-30 14:00:00,0.0,285.5492518680857,-28.554925186808575,-0.10000000000000009
2024-12-30 15:00:00,326.93404424045747,0.0,32.693404424045745,0.15000000000000036
2024-12-30 16:00:00,470.7078830346326,0.0,47.07078830346326,0.5
2024-12-30 17:00:00,766.914969487299,0.0,76.6914969487299,0.25
2024-12-30 18:00:00,664.7642277015802,0.0,66.47642277015802,0.09999999999999964
2024-12-30 19:00:00,727.365441184556,0.0,72.7365441184556,0.15000000000000036
2024-12-30 20:00:00,0.0,490.0408863576122,-49.00408863576122,-0.20000000000000018
2024-12-30 21:00:00,0.0,455.84896471034307,-45.58489647103431,-0.15000000000000036
2024-12-30 22:00:00,0.0,299.9553198214992,-29.99553198214992,-0.14999999999999947
2024-12-30 23:00:00,0.0,362.27602873931926,-36.22760287393193,-0.10000000000000053
2024-12-31 00:00:00,0.0,335.33125322381227,-33.53312532238123,-0.14999999999999947
2024-12-31 01:00:00,0.0,291.26496031531815,-29.126496031531815,-0.10000000000000053
2024-12-31 02:00:00,0.0,265.49019762525876,-26.549019762525877,-0.09999999999999964
2024-12-31 03:00:00,0.0,0.0,0.0,0.0
2024-12-31 04:00:00,481.77331709514795,0.0,48.177331709514796,0.04999999999999982
2024-12-31 05:00:00,178.0338973981604,0.0,17.80338973981604,0.40000000000000036
2024-12-31 06:00:00,459.99660154901926,0.0,45.99966015490193,0.14999999999999947
2024-12-31 07:00:00,351.1545430487889,0.0,35.115454304878895,0.15000000000000036
2024-12-31 08:00:00,0.0,323.8009225688843,-32.38009225688843,-0.10000000000000009
2024-12-31 09:00:00,0.0,398.78759887457335,-39.878759887457335,-0.19999999999999973
2024-12-31 10:00:00,0.0,298.2003517871193,-29.820035178711933,-0.15000000000000036
2024-12-31 11:00:00,0.0,240.87987253948415,-24.087987253948416,-0.09999999999999964
2024-12-31 12:00:00,0.0,326.87195593358126,-32.687195593358126,-0.050000000000000266
2024-12-31 13:00:00,0.0,228.61469555700762,-22.861469555700765,-0.10000000000000009
2024-12-31 14:00:00,0.0,274.67158634412715,-27.467158634412716,-0.04999999999999982
2024-12-31 15:00:00,0.0,326.7788745738698,-32.67788745738698,-0.04999999999999982
2024-12-31 16:00:00,577.6276432137458,0.0,57.76276432137459,0.2999999999999998
2024-12-31 17:00:00,590.1929420209239,0.0,59.01929420209239,0.4500000000000002
2024-12-31 18:00:00,200.0515211318141,0.0,20.00515211318141,0.19999999999999973
2024-12-31 19:00:00,0.0,0.0,0.0,0.0
2024-12-31 20:00:00,506.44344581946757,0.0,50.64434458194676,0.1499999999999999
2024-12-31 21:00:00,0.0,282.2146054163715,-28.221460541637153,-0.1499999999999999
2024-12-31 22:00:00,0.0,379.19124544034304,-37.919124544034304,-0.25
2024-12-31 23:00:00,0.0,248.3345111760394,-24.833451117603943,-0.1499999999999999
