名称,日期,时间,数值
下游闸内水位,2023/10/31,16:02:12,3.4
下游闸外水位,2023/10/31,16:02:12,3.3
上游闸内水位,2023/10/31,16:05:16,3.4
上游闸外水位,2023/10/31,16:05:16,3.8
上游闸内水位,2023/10/31,16:06:46,3.6
上游闸外水位,2023/10/31,16:06:46,3.7
上游闸内水位,2023/10/31,16:15:17,3.8
上游闸外水位,2023/10/31,16:15:17,3.8
下游闸内水位,2023/10/31,16:18:05,3.9
下游闸外水位,2023/10/31,16:18:05,3.3
下游闸内水位,2023/10/31,16:21:07,3.4
下游闸外水位,2023/10/31,16:21:07,3.3
下游闸内水位,2023/10/31,16:44:38,3.5
下游闸外水位,2023/10/31,16:44:38,3.4
上游闸内水位,2023/10/31,16:47:23,3.5
上游闸外水位,2023/10/31,16:47:23,3.8
上游闸内水位,2023/10/31,16:49:02,3.7
上游闸外水位,2023/10/31,16:49:02,3.8
内河侧水位,2023/10/31,17:00:00,3.8
长江侧水位,2023/10/31,17:00:00,3.7
上游闸内水位,2023/10/31,18:01:49,4.3
上游闸外水位,2023/10/31,18:01:49,4.2
下游闸内水位,2023/10/31,18:04:21,4.3
下游闸外水位,2023/10/31,18:04:21,4.8
下游闸内水位,2023/10/31,18:06:23,4.7
下游闸外水位,2023/10/31,18:06:23,4.8
下游闸内水位,2023/10/31,18:21:20,4.9
下游闸外水位,2023/10/31,18:21:20,4.8
上游闸内水位,2023/10/31,18:27:54,4.5
上游闸外水位,2023/10/31,18:27:54,4.4
上游闸内水位,2023/10/31,18:55:20,4.5
上游闸外水位,2023/10/31,18:55:20,4.5
下游闸内水位,2023/10/31,18:57:52,4.6
下游闸外水位,2023/10/31,18:57:52,5.1
下游闸内水位,2023/10/31,18:59:57,4.9
下游闸外水位,2023/10/31,18:59:57,5.1
内河侧水位,2023/10/31,19:00:00,4.5
长江侧水位,2023/10/31,19:00:00,5.1
内河侧水位,2023/10/31,22:00:00,4.6
长江侧水位,2023/10/31,22:00:00,4.6
上游闸内水位,2023/10/31,23:36:18,4.2
上游闸外水位,2023/10/31,23:36:18,4.2
下游闸内水位,2023/10/31,23:39:26,4.2
下游闸外水位,2023/10/31,23:39:26,4.2
上游闸内水位,2023/10/01,0:29:20,4.0
上游闸外水位,2023/10/01,0:29:20,4.0
上游闸内水位,2023/10/01,0:37:36,4.0
上游闸外水位,2023/10/01,0:37:36,4.0
下游闸内水位,2023/10/01,0:41:26,4.0
下游闸外水位,2023/10/01,0:41:26,4.4
下游闸内水位,2023/10/01,0:44:16,4.4
下游闸外水位,2023/10/01,0:44:16,4.4
内河侧水位,2023/10/01,1:00:00,4.0
长江侧水位,2023/10/01,1:00:00,4.3
上游闸内水位,2023/10/01,2:14:15,4.0
上游闸外水位,2023/10/01,2:14:15,3.9
下游闸内水位,2023/10/01,2:18:18,4.0
下游闸外水位,2023/10/01,2:18:18,4.1
下游闸内水位,2023/10/01,2:20:35,4.2
下游闸外水位,2023/10/01,2:20:35,4.1
内河侧水位,2023/10/01,3:00:00,3.9
长江侧水位,2023/10/01,3:00:00,4.0
下游闸内水位,2023/10/01,4:30:08,4.2
下游闸外水位,2023/10/01,4:30:08,4.1
上游闸内水位,2023/10/01,4:32:48,4.2
上游闸外水位,2023/10/01,4:32:48,3.9
上游闸内水位,2023/10/01,4:34:20,4.1
上游闸外水位,2023/10/01,4:34:20,3.9
内河侧水位,2023/10/01,5:00:00,3.9
长江侧水位,2023/10/01,5:00:00,4.8
上游闸内水位,2023/10/01,5:15:00,3.9
上游闸外水位,2023/10/01,5:15:00,3.9
下游闸内水位,2023/10/01,5:17:36,3.9
下游闸外水位,2023/10/01,5:17:36,5.2
下游闸内水位,2023/10/01,5:21:34,5.1
下游闸外水位,2023/10/01,5:21:34,5.2
下游闸内水位,2023/10/01,5:40:40,5.6
下游闸外水位,2023/10/01,5:40:40,5.5
上游闸内水位,2023/10/01,5:43:42,5.5
上游闸外水位,2023/10/01,5:43:42,3.9
上游闸内水位,2023/10/01,5:49:15,3.9
上游闸外水位,2023/10/01,5:49:15,3.9
内河侧水位,2023/10/01,6:00:00,3.9
长江侧水位,2023/10/01,6:00:00,5.6
上游闸内水位,2023/10/01,7:00:10,4.0
上游闸外水位,2023/10/01,7:00:10,4.0
上游闸内水位,2023/10/01,7:33:26,4.0
上游闸外水位,2023/10/01,7:33:26,4.0
下游闸内水位,2023/10/01,7:36:04,4.1
下游闸外水位,2023/10/01,7:36:04,5.9
下游闸内水位,2023/10/01,7:40:56,5.7
下游闸外水位,2023/10/01,7:40:56,5.8
内河侧水位,2023/10/01,0:00:00,4.0
长江侧水位,2023/10/01,0:00:00,4.5
下游闸内水位,2023/10/01,1:28:15,4.3
下游闸外水位,2023/10/01,1:28:15,4.2
上游闸内水位,2023/10/01,1:31:08,4.3
上游闸外水位,2023/10/01,1:31:08,3.9
上游闸内水位,2023/10/01,1:33:12,4.0
上游闸外水位,2023/10/01,1:33:12,3.9
内河侧水位,2023/10/01,2:00:01,3.9
长江侧水位,2023/10/01,2:00:01,4.2
下游闸内水位,2023/10/01,3:01:40,4.1
下游闸外水位,2023/10/01,3:01:40,4.0
上游闸内水位,2023/10/01,3:04:17,4.1
上游闸外水位,2023/10/01,3:04:17,3.9
上游闸内水位,2023/10/01,3:05:49,4.0
上游闸外水位,2023/10/01,3:05:49,3.9
上游闸内水位,2023/10/01,3:40:58,3.9
上游闸外水位,2023/10/01,3:40:58,3.9
下游闸内水位,2023/10/01,3:43:34,3.9
下游闸外水位,2023/10/01,3:43:34,3.9
内河侧水位,2023/10/01,4:00:00,3.9
长江侧水位,2023/10/01,4:00:00,3.9
下游闸内水位,2023/10/01,8:01:45,5.8
下游闸外水位,2023/10/01,8:01:45,5.8
上游闸内水位,2023/10/01,8:04:26,5.8
上游闸外水位,2023/10/01,8:04:26,4.0
上游闸内水位,2023/10/01,8:09:18,4.1
上游闸外水位,2023/10/01,8:09:18,3.9
下游闸内水位,2023/10/01,9:38:49,5.2
下游闸外水位,2023/10/01,9:38:49,5.2
上游闸内水位,2023/10/01,9:46:02,4.2
上游闸外水位,2023/10/01,9:46:02,4.0
内河侧水位,2023/10/01,10:00:00,4.0
长江侧水位,2023/10/01,10:00:00,5.1
下游闸内水位,2023/10/01,11:06:01,4.9
下游闸外水位,2023/10/01,11:06:01,4.9
上游闸内水位,2023/10/01,11:09:00,4.9
上游闸外水位,2023/10/01,11:09:00,4.0
上游闸内水位,2023/10/01,11:12:41,4.1
上游闸外水位,2023/10/01,11:12:41,4.0
上游闸内水位,2023/10/01,11:51:15,4.0
上游闸外水位,2023/10/01,11:51:15,4.0
下游闸内水位,2023/10/01,11:53:51,4.0
下游闸外水位,2023/10/01,11:53:51,4.7
下游闸内水位,2023/10/01,11:56:09,4.5
下游闸外水位,2023/10/01,11:56:09,4.7
内河侧水位,2023/10/01,12:00:00,4.0
长江侧水位,2023/10/01,12:00:00,4.6
上游闸内水位,2023/10/01,13:05:34,4.0
上游闸外水位,2023/10/01,13:05:34,4.0
下游闸内水位,2023/10/01,13:08:14,4.0
下游闸外水位,2023/10/01,13:08:14,4.5
下游闸内水位,2023/10/01,13:10:11,4.3
下游闸外水位,2023/10/01,13:10:11,4.4
下游闸内水位,2023/10/01,13:41:24,4.4
下游闸外水位,2023/10/01,13:41:24,4.3
上游闸内水位,2023/10/01,13:50:35,4.4
上游闸外水位,2023/10/01,13:50:35,4.0
上游闸内水位,2023/10/01,13:52:42,4.1
上游闸外水位,2023/10/01,13:52:42,3.9
内河侧水位,2023/10/01,14:00:00,4.0
长江侧水位,2023/10/01,14:00:00,4.3
下游闸内水位,2023/10/01,16:05:40,4.1
下游闸外水位,2023/10/01,16:05:40,4.0
上游闸内水位,2023/10/01,16:13:15,4.1
上游闸外水位,2023/10/01,16:13:15,3.9
上游闸内水位,2023/10/01,16:14:40,4.0
上游闸内水位,2023/10/01,6:11:52,4.0
上游闸外水位,2023/10/01,6:11:52,3.9
下游闸内水位,2023/10/01,6:14:25,4.0
下游闸外水位,2023/10/01,6:14:25,5.7
下游闸内水位,2023/10/01,6:18:58,5.5
下游闸外水位,2023/10/01,6:18:58,5.7
下游闸内水位,2023/10/01,6:51:56,6.0
下游闸外水位,2023/10/01,6:51:56,5.9
上游闸内水位,2023/10/01,6:54:49,5.9
上游闸外水位,2023/10/01,6:54:49,4.0
内河侧水位,2023/10/01,7:00:00,3.9
长江侧水位,2023/10/01,7:00:00,5.9
上游闸外水位,2023/10/01,16:14:40,3.9
上游闸内水位,2023/10/01,16:29:12,3.9
上游闸外水位,2023/10/01,16:29:12,3.9
下游闸内水位,2023/10/01,16:32:10,4.0
下游闸外水位,2023/10/01,16:32:10,4.0
下游闸内水位,2023/10/01,16:33:32,4.0
下游闸外水位,2023/10/01,16:33:32,4.0
下游闸内水位,2023/10/01,16:55:02,4.3
下游闸外水位,2023/10/01,16:55:02,4.2
上游闸内水位,2023/10/01,16:58:02,4.3
上游闸外水位,2023/10/01,16:58:02,4.0
内河侧水位,2023/10/01,17:00:00,4.0
长江侧水位,2023/10/01,17:00:00,4.4
上游闸内水位,2023/10/01,17:00:08,4.1
上游闸外水位,2023/10/01,17:00:08,4.0
上游闸内水位,2023/10/01,17:35:33,4.3
上游闸外水位,2023/10/01,17:35:33,4.3
下游闸内水位,2023/10/01,17:38:03,4.4
下游闸外水位,2023/10/01,17:38:03,5.3
下游闸内水位,2023/10/01,17:41:11,5.2
下游闸外水位,2023/10/01,17:41:11,5.3
内河侧水位,2023/10/01,18:00:00,4.5
长江侧水位,2023/10/01,18:00:00,5.6
下游闸内水位,2023/10/01,18:22:07,5.7
下游闸外水位,2023/10/01,18:22:07,5.7
上游闸内水位,2023/10/01,18:24:44,5.7
上游闸外水位,2023/10/01,18:24:44,4.6
上游闸内水位,2023/10/01,18:28:23,4.7
上游闸外水位,2023/10/01,18:28:23,4.6
内河侧水位,2023/10/01,19:00:00,4.8
长江侧水位,2023/10/01,19:00:00,5.9
下游闸内水位,2023/10/01,20:02:05,5.0
下游闸外水位,2023/10/01,20:02:05,5.9
下游闸内水位,2023/10/01,20:05:04,5.7
下游闸外水位,2023/10/01,20:05:04,5.9
下游闸内水位,2023/10/01,20:42:17,5.7
下游闸外水位,2023/10/01,20:42:17,5.7
上游闸内水位,2023/10/01,20:44:56,5.7
上游闸外水位,2023/10/01,20:44:56,4.9
上游闸内水位,2023/10/01,20:47:48,5.1
上游闸外水位,2023/10/01,20:47:48,4.9
内河侧水位,2023/10/01,21:00:00,4.9
长江侧水位,2023/10/01,21:00:00,5.5
下游闸内水位,2023/10/01,21:36:16,5.4
下游闸外水位,2023/10/01,21:36:16,5.4
下游闸内水位,2023/10/01,22:17:51,5.2
下游闸外水位,2023/10/01,22:17:51,5.2
上游闸内水位,2023/10/01,22:20:30,5.2
上游闸外水位,2023/10/01,22:20:30,4.8
内河侧水位,2023/10/01,23:00:00,4.7
长江侧水位,2023/10/01,23:00:00,5.0
下游闸内水位,2023/10/02,1:06:09,4.6
下游闸外水位,2023/10/02,1:06:09,4.5
上游闸内水位,2023/10/02,1:08:52,4.6
上游闸外水位,2023/10/02,1:08:52,4.5
上游闸内水位,2023/10/02,1:10:23,4.5
上游闸外水位,2023/10/02,1:10:23,4.5
上游闸内水位,2023/10/02,1:51:09,4.4
上游闸外水位,2023/10/02,1:51:09,4.4
上游闸内水位,2023/10/02,1:52:39,4.4
上游闸外水位,2023/10/02,1:52:39,4.4
下游闸内水位,2023/10/02,1:55:00,4.4
下游闸外水位,2023/10/02,1:55:00,4.4
内河侧水位,2023/10/02,2:00:00,4.4
长江侧水位,2023/10/02,2:00:00,4.4
上游闸内水位,2023/10/02,3:22:21,4.2
上游闸外水位,2023/10/02,3:22:21,4.2
下游闸内水位,2023/10/01,12:28:09,4.6
下游闸外水位,2023/10/01,12:28:09,4.6
上游闸内水位,2023/10/01,12:30:58,4.6
上游闸外水位,2023/10/01,12:30:58,4.0
上游闸内水位,2023/10/01,12:33:27,4.1
上游闸外水位,2023/10/01,12:33:27,4.0
内河侧水位,2023/10/01,13:00:00,4.0
长江侧水位,2023/10/01,13:00:00,4.4
上游闸内水位,2023/10/01,15:18:10,3.9
上游闸外水位,2023/10/01,15:18:10,3.9
下游闸内水位,2023/10/01,15:20:41,3.9
下游闸外水位,2023/10/01,15:20:41,4.1
下游闸内水位,2023/10/01,15:22:06,4.1
下游闸外水位,2023/10/01,15:22:06,4.1
内河侧水位,2023/10/01,16:00:00,3.9
长江侧水位,2023/10/01,16:00:00,4.0
上游闸内水位,2023/10/01,23:00:03,4.8
上游闸外水位,2023/10/01,23:00:03,4.7
下游闸内水位,2023/10/01,23:03:18,4.8
下游闸外水位,2023/10/01,23:03:18,5.0
下游闸内水位,2023/10/02,3:24:52,4.3
下游闸外水位,2023/10/02,3:24:52,4.2
下游闸内水位,2023/10/02,3:40:11,4.2
下游闸外水位,2023/10/02,3:40:11,4.1
上游闸内水位,2023/10/02,3:42:46,4.2
上游闸外水位,2023/10/02,3:42:46,4.1
上游闸内水位,2023/10/02,3:44:14,4.2
上游闸外水位,2023/10/02,3:44:14,4.2
内河侧水位,2023/10/02,4:00:00,4.1
长江侧水位,2023/10/02,4:00:00,4.1
下游闸内水位,2023/10/02,5:01:18,4.1
下游闸外水位,2023/10/02,5:01:18,4.1
下游闸内水位,2023/10/02,5:48:01,5.1
下游闸外水位,2023/10/02,5:48:01,5.0
上游闸内水位,2023/10/02,5:50:37,5.1
上游闸外水位,2023/10/02,5:50:37,4.4
内河侧水位,2023/10/02,6:00:00,4.5
长江侧水位,2023/10/02,6:00:00,5.2
下游闸内水位,2023/10/02,8:11:52,5.9
下游闸外水位,2023/10/02,8:11:52,5.8
上游闸内水位,2023/10/02,8:14:27,5.9
上游闸外水位,2023/10/02,8:14:27,4.9
上游闸内水位,2023/10/02,8:17:42,5.1
上游闸外水位,2023/10/02,8:17:42,4.9
上游闸内水位,2023/10/02,8:35:19,5.0
上游闸外水位,2023/10/02,8:35:19,4.9
下游闸内水位,2023/10/02,8:38:22,5.0
下游闸外水位,2023/10/02,8:38:22,5.7
下游闸内水位,2023/10/02,8:40:57,5.5
下游闸外水位,2023/10/02,8:40:57,5.6
内河侧水位,2023/10/02,9:00:00,4.9
长江侧水位,2023/10/02,9:00:00,5.5
上游闸内水位,2023/10/02,9:35:47,4.9
上游闸外水位,2023/10/02,9:35:47,4.9
下游闸内水位,2023/10/02,9:38:30,4.9
下游闸外水位,2023/10/02,9:38:30,5.3
下游闸内水位,2023/10/02,9:40:05,5.2
下游闸外水位,2023/10/02,9:40:05,5.3
内河侧水位,2023/10/02,10:00:00,4.9
长江侧水位,2023/10/02,10:00:00,5.2
下游闸内水位,2023/10/02,10:11:28,5.3
下游闸外水位,2023/10/02,10:11:28,5.2
上游闸内水位,2023/10/02,10:14:39,5.2
上游闸外水位,2023/10/02,10:14:39,4.8
上游闸内水位,2023/10/02,10:16:19,5.0
上游闸外水位,2023/10/02,10:16:19,4.8
上游闸内水位,2023/10/02,10:49:16,4.8
上游闸外水位,2023/10/02,10:49:16,4.8
下游闸内水位,2023/10/02,10:52:10,4.8
下游闸外水位,2023/10/02,10:52:10,5.0
下游闸内水位,2023/10/02,10:53:26,4.9
下游闸外水位,2023/10/02,10:53:26,5.0
内河侧水位,2023/10/02,11:00:00,4.7
长江侧水位,2023/10/02,11:00:00,5.0
内河侧水位,2023/10/02,13:00:00,4.5
内河侧水位,2023/10/01,8:00:00,4.0
长江侧水位,2023/10/01,8:00:00,5.7
上游闸内水位,2023/10/01,8:24:30,4.1
上游闸外水位,2023/10/01,8:24:30,4.0
下游闸内水位,2023/10/01,8:27:11,4.1
下游闸外水位,2023/10/01,8:27:11,5.6
下游闸内水位,2023/10/01,8:31:58,5.5
下游闸外水位,2023/10/01,8:31:58,5.5
下游闸内水位,2023/10/01,8:44:40,5.5
下游闸外水位,2023/10/01,8:44:40,5.4
上游闸内水位,2023/10/01,8:47:25,5.5
上游闸外水位,2023/10/01,8:47:25,4.0
上游闸内水位,2023/10/01,8:51:45,4.1
上游闸外水位,2023/10/01,8:51:45,4.0
内河侧水位,2023/10/01,9:00:00,4.0
长江侧水位,2023/10/01,9:00:00,5.3
上游闸内水位,2023/10/01,9:05:24,4.0
上游闸外水位,2023/10/01,9:05:24,4.0
下游闸内水位,2023/10/01,9:08:07,4.1
下游闸外水位,2023/10/01,9:08:07,5.3
下游闸内水位,2023/10/01,9:11:51,5.2
下游闸外水位,2023/10/01,9:11:51,5.3
上游闸内水位,2023/10/01,9:42:22,5.2
上游闸外水位,2023/10/01,9:42:22,4.0
上游闸内水位,2023/10/01,10:23:47,4.0
上游闸外水位,2023/10/01,10:23:47,4.0
下游闸内水位,2023/10/01,10:26:25,4.0
下游闸外水位,2023/10/01,10:26:25,5.0
下游闸内水位,2023/10/01,10:29:33,4.8
下游闸外水位,2023/10/01,10:29:33,4.9
内河侧水位,2023/10/01,11:00:00,4.0
长江侧水位,2023/10/01,11:00:00,4.8
上游闸内水位,2023/10/01,14:21:16,4.0
上游闸外水位,2023/10/01,14:21:16,3.9
下游闸内水位,2023/10/01,14:23:48,4.0
下游闸外水位,2023/10/01,14:23:48,4.2
下游闸内水位,2023/10/01,14:54:41,4.2
下游闸外水位,2023/10/01,14:54:41,4.1
上游闸内水位,2023/10/01,14:57:18,4.2
上游闸外水位,2023/10/01,14:57:18,3.9
上游闸内水位,2023/10/01,14:58:44,4.1
上游闸外水位,2023/10/01,14:58:44,3.9
内河侧水位,2023/10/01,15:00:00,3.9
长江侧水位,2023/10/01,15:00:00,4.2
上游闸内水位,2023/10/01,19:00:39,4.8
上游闸外水位,2023/10/01,19:00:39,4.7
下游闸内水位,2023/10/01,19:03:15,4.8
下游闸外水位,2023/10/01,19:03:15,5.9
下游闸内水位,2023/10/01,19:06:30,5.7
下游闸外水位,2023/10/01,19:06:30,5.9
下游闸内水位,2023/10/01,19:23:10,6.0
下游闸外水位,2023/10/01,19:23:10,6.0
上游闸内水位,2023/10/01,19:25:53,6.1
上游闸外水位,2023/10/01,19:25:53,4.9
上游闸内水位,2023/10/01,19:29:41,5.0
上游闸外水位,2023/10/01,19:29:41,4.8
上游闸内水位,2023/10/01,19:59:31,5.0
上游闸外水位,2023/10/01,19:59:31,4.9
内河侧水位,2023/10/01,20:00:00,4.9
长江侧水位,2023/10/01,20:00:00,5.9
上游闸内水位,2023/10/01,21:03:56,5.0
上游闸外水位,2023/10/01,21:03:56,5.0
下游闸内水位,2023/10/01,21:06:30,5.0
下游闸外水位,2023/10/01,21:06:30,5.5
下游闸内水位,2023/10/01,21:08:29,5.3
下游闸外水位,2023/10/01,21:08:29,5.4
上游闸内水位,2023/10/01,21:39:05,5.4
上游闸外水位,2023/10/01,21:39:05,4.9
上游闸内水位,2023/10/01,21:41:26,5.0
上游闸外水位,2023/10/01,21:41:26,4.9
上游闸内水位,2023/10/01,21:51:58,4.9
上游闸外水位,2023/10/01,21:51:58,4.9
下游闸内水位,2023/10/01,21:54:32,4.9
下游闸外水位,2023/10/01,21:54:32,5.3
下游闸内水位,2023/10/01,21:56:04,5.1
下游闸外水位,2023/10/01,21:56:04,5.3
内河侧水位,2023/10/01,22:00:00,4.9
长江侧水位,2023/10/01,22:00:00,5.3
下游闸内水位,2023/10/01,23:35:08,4.9
下游闸外水位,2023/10/01,23:35:08,4.8
上游闸内水位,2023/10/01,23:37:44,4.9
上游闸外水位,2023/10/01,23:37:44,4.7
上游闸内水位,2023/10/01,23:39:17,4.8
上游闸外水位,2023/10/01,23:39:17,4.7
内河侧水位,2023/10/02,0:00:00,4.6
长江侧水位,2023/10/02,0:00:00,4.8
下游闸内水位,2023/10/02,0:28:12,4.7
上游闸内水位,2023/10/02,0:23:35,4.6
上游闸外水位,2023/10/02,0:23:35,4.6
下游闸内水位,2023/10/02,0:26:53,4.6
下游闸外水位,2023/10/02,0:26:53,4.7
下游闸外水位,2023/10/02,0:28:12,4.7
内河侧水位,2023/10/02,1:00:00,4.5
长江侧水位,2023/10/02,1:00:00,4.6
下游闸内水位,2023/10/02,2:34:07,4.4
下游闸外水位,2023/10/02,2:34:07,4.3
上游闸内水位,2023/10/02,2:37:25,4.3
上游闸外水位,2023/10/02,2:37:25,4.3
上游闸内水位,2023/10/02,2:38:54,4.3
上游闸外水位,2023/10/02,2:38:54,4.3
内河侧水位,2023/10/02,3:00:00,4.2
长江侧水位,2023/10/02,3:00:00,4.2
上游闸内水位,2023/10/02,4:11:26,4.1
上游闸外水位,2023/10/02,4:11:26,4.1
下游闸内水位,2023/10/02,4:14:05,4.1
下游闸外水位,2023/10/02,4:14:05,4.0
下游闸内水位,2023/10/02,4:31:15,4.1
下游闸外水位,2023/10/02,4:31:15,4.0
上游闸内水位,2023/10/02,4:34:17,4.1
上游闸外水位,2023/10/02,4:34:17,4.1
上游闸内水位,2023/10/02,4:35:44,4.1
上游闸外水位,2023/10/02,4:35:44,4.1
上游闸内水位,2023/10/02,4:58:40,4.1
上游闸外水位,2023/10/02,4:58:40,4.1
内河侧水位,2023/10/02,5:00:00,4.1
长江侧水位,2023/10/02,5:00:00,4.1
上游闸内水位,2023/10/02,5:53:23,4.5
上游闸外水位,2023/10/02,5:53:23,4.4
上游闸内水位,2023/10/02,6:30:52,4.6
上游闸外水位,2023/10/02,6:30:52,4.6
下游闸内水位,2023/10/02,6:33:22,4.6
下游闸外水位,2023/10/02,6:33:22,5.5
下游闸内水位,2023/10/02,6:36:14,5.4
下游闸外水位,2023/10/02,6:36:14,5.5
内河侧水位,2023/10/02,7:00:00,4.7
长江侧水位,2023/10/02,7:00:00,5.6
下游闸内水位,2023/10/02,9:03:13,5.6
下游闸外水位,2023/10/02,9:03:13,5.5
上游闸内水位,2023/10/02,9:06:58,5.6
上游闸外水位,2023/10/02,9:06:58,4.9
上游闸内水位,2023/10/02,9:09:24,5.1
上游闸外水位,2023/10/02,9:09:24,4.9
下游闸内水位,2023/10/02,11:13:10,5.0
下游闸外水位,2023/10/02,11:13:10,4.9
上游闸内水位,2023/10/02,11:19:39,5.0
上游闸外水位,2023/10/02,11:19:39,4.7
上游闸内水位,2023/10/02,11:21:19,4.8
上游闸外水位,2023/10/02,11:21:19,4.7
下游闸内水位,2023/10/02,11:24:34,4.7
下游闸外水位,2023/10/02,11:24:34,4.9
内河侧水位,2023/10/02,12:00:00,4.7
长江侧水位,2023/10/02,12:00:00,4.8
内河侧水位,2023/10/02,14:00:00,4.4
长江侧水位,2023/10/02,14:00:00,4.4
下游闸内水位,2023/10/02,15:20:42,4.3
下游闸外水位,2023/10/02,15:20:42,4.2
上游闸内水位,2023/10/02,15:23:43,4.3
上游闸外水位,2023/10/02,15:23:43,4.2
上游闸内水位,2023/10/02,15:25:10,4.2
上游闸外水位,2023/10/02,15:25:10,4.2
上游闸内水位,2023/10/02,15:50:53,4.2
上游闸外水位,2023/10/02,15:50:53,4.1
下游闸内水位,2023/10/02,15:53:33,4.2
下游闸外水位,2023/10/02,15:53:33,4.1
下游闸内水位,2023/10/02,15:54:48,4.2
下游闸外水位,2023/10/02,15:54:48,4.1
内河侧水位,2023/10/02,16:00:00,4.1
长江侧水位,2023/10/02,16:00:00,4.1
下游闸内水位,2023/10/02,16:24:42,4.1
下游闸外水位,2023/10/02,16:24:42,4.1
上游闸内水位,2023/10/02,16:27:18,4.1
上游闸外水位,2023/10/02,16:27:18,4.1
上游闸内水位,2023/10/02,16:29:19,4.1
上游闸外水位,2023/10/02,16:29:19,4.1
内河侧水位,2023/10/02,17:00:00,4.0
长江侧水位,2023/10/02,17:00:00,4.0
上游闸内水位,2023/10/02,17:53:34,4.3
上游闸外水位,2023/10/02,17:53:34,4.3
下游闸内水位,2023/10/02,18:41:26,5.6
下游闸外水位,2023/10/02,18:41:26,5.5
上游闸内水位,2023/10/02,18:44:19,5.6
上游闸外水位,2023/10/02,18:44:19,4.6
上游闸内水位,2023/10/02,18:47:42,4.7
上游闸外水位,2023/10/02,18:47:42,4.6
下游闸内水位,2023/10/02,7:12:42,5.8
下游闸外水位,2023/10/02,7:12:42,5.7
上游闸内水位,2023/10/02,7:15:22,5.8
上游闸外水位,2023/10/02,7:15:22,4.8
上游闸内水位,2023/10/02,7:19:07,4.8
上游闸外水位,2023/10/02,7:19:07,4.7
上游闸内水位,2023/10/02,7:47:15,4.9
上游闸外水位,2023/10/02,7:47:15,4.9
下游闸内水位,2023/10/02,7:49:52,4.9
下游闸外水位,2023/10/02,7:49:52,5.8
下游闸内水位,2023/10/02,7:52:50,5.7
下游闸外水位,2023/10/02,7:52:50,5.8
内河侧水位,2023/10/02,8:00:00,4.9
长江侧水位,2023/10/02,8:00:00,5.8
内河侧水位,2023/10/02,19:00:00,4.7
长江侧水位,2023/10/02,19:00:00,5.6
上游闸内水位,2023/10/02,19:38:06,5.9
上游闸外水位,2023/10/02,19:38:06,4.8
上游闸内水位,2023/10/02,20:17:23,4.9
上游闸外水位,2023/10/02,20:17:23,4.9
下游闸内水位,2023/10/02,20:20:44,4.9
下游闸外水位,2023/10/02,20:20:44,5.9
下游闸内水位,2023/10/02,20:24:28,5.9
下游闸外水位,2023/10/02,20:24:28,5.9
下游闸内水位,2023/10/02,20:57:46,5.8
下游闸外水位,2023/10/02,20:57:46,5.8
内河侧水位,2023/10/02,21:00:00,4.9
长江侧水位,2023/10/02,21:00:00,5.7
上游闸内水位,2023/10/02,21:34:37,5.0
上游闸外水位,2023/10/02,21:34:37,4.9
下游闸内水位,2023/10/02,21:38:01,5.0
下游闸外水位,2023/10/02,21:38:01,5.5
下游闸内水位,2023/10/02,21:39:55,5.3
下游闸外水位,2023/10/02,21:39:55,5.5
内河侧水位,2023/10/02,22:00:00,4.9
长江侧水位,2023/10/02,22:00:00,5.4
下游闸内水位,2023/10/02,22:18:54,5.4
下游闸外水位,2023/10/02,22:18:54,5.3
上游闸内水位,2023/10/02,22:22:29,5.3
上游闸外水位,2023/10/02,22:22:29,4.9
上游闸内水位,2023/10/02,22:24:40,5.0
上游闸外水位,2023/10/02,22:24:40,4.9
上游闸内水位,2023/10/02,22:57:56,4.8
上游闸外水位,2023/10/02,22:57:56,4.8
内河侧水位,2023/10/02,23:00:00,4.8
长江侧水位,2023/10/02,23:00:00,5.1
下游闸内水位,2023/10/02,23:00:33,4.9
下游闸外水位,2023/10/02,23:00:33,5.1
下游闸内水位,2023/10/02,23:02:02,5.0
下游闸外水位,2023/10/02,23:02:02,5.1
下游闸内水位,2023/10/02,23:38:38,5.0
下游闸外水位,2023/10/02,23:38:38,5.0
上游闸内水位,2023/10/02,23:41:23,5.0
上游闸外水位,2023/10/02,23:41:23,4.7
上游闸内水位,2023/10/02,23:42:57,4.9
上游闸外水位,2023/10/02,23:42:57,4.7
内河侧水位,2023/10/03,0:00:00,4.7
长江侧水位,2023/10/03,0:00:00,4.9
上游闸内水位,2023/10/03,0:23:09,4.7
上游闸外水位,2023/10/03,0:23:09,4.7
下游闸内水位,2023/10/03,0:26:00,4.7
下游闸外水位,2023/10/03,0:26:00,4.8
下游闸内水位,2023/10/03,0:27:23,4.8
下游闸外水位,2023/10/03,0:27:23,4.8
内河侧水位,2023/10/03,1:00:00,4.6
长江侧水位,2023/10/03,1:00:00,4.7
下游闸内水位,2023/10/03,1:02:12,4.8
下游闸外水位,2023/10/03,1:02:12,4.7
上游闸内水位,2023/10/03,1:06:16,4.7
上游闸外水位,2023/10/03,1:06:16,4.6
上游闸内水位,2023/10/03,1:07:58,4.6
上游闸外水位,2023/10/03,1:07:58,4.6
上游闸内水位,2023/10/03,1:43:14,4.5
上游闸外水位,2023/10/03,1:43:14,4.5
下游闸内水位,2023/10/03,1:46:13,4.6
下游闸外水位,2023/10/03,1:46:13,4.5
下游闸内水位,2023/10/03,1:47:43,4.6
下游闸外水位,2023/10/03,1:47:43,4.5
内河侧水位,2023/10/03,2:00:00,4.5
长江侧水位,2023/10/03,2:00:00,4.5
下游闸内水位,2023/10/03,2:23:39,4.6
下游闸外水位,2023/10/03,2:23:39,4.5
上游闸内水位,2023/10/03,2:26:20,4.5
上游闸外水位,2023/10/03,2:26:20,4.4
上游闸内水位,2023/10/03,2:27:48,4.5
上游闸外水位,2023/10/03,2:27:48,4.4
内河侧水位,2023/10/03,3:00:00,4.2
长江侧水位,2023/10/02,13:00:00,4.6
上游闸内水位,2023/10/02,14:57:27,4.3
上游闸外水位,2023/10/02,14:57:27,4.3
内河侧水位,2023/10/02,15:00:00,4.2
长江侧水位,2023/10/02,15:00:00,4.3
上游闸内水位,2023/10/02,21:00:27,5.8
上游闸外水位,2023/10/02,21:00:27,4.9
上游闸内水位,2023/10/02,21:04:03,5.0
上游闸外水位,2023/10/02,21:04:03,4.9
长江侧水位,2023/10/03,3:00:00,4.4
上游闸内水位,2023/10/03,3:01:56,4.3
上游闸外水位,2023/10/03,3:01:56,4.2
下游闸内水位,2023/10/03,3:05:11,4.3
下游闸外水位,2023/10/03,3:05:11,4.3
下游闸内水位,2023/10/03,3:06:57,4.4
下游闸外水位,2023/10/03,3:06:57,4.4
下游闸内水位,2023/10/03,3:40:19,4.4
下游闸外水位,2023/10/03,3:40:19,4.3
上游闸内水位,2023/10/03,3:43:03,4.3
上游闸外水位,2023/10/03,3:43:03,4.2
上游闸内水位,2023/10/03,3:44:46,4.2
上游闸外水位,2023/10/03,3:44:46,4.2
内河侧水位,2023/10/03,4:00:00,4.1
长江侧水位,2023/10/03,4:00:00,4.2
上游闸内水位,2023/10/03,4:25:03,4.1
上游闸外水位,2023/10/03,4:25:03,4.1
上游闸内水位,2023/10/03,4:27:40,4.1
上游闸外水位,2023/10/03,4:27:40,4.1
下游闸内水位,2023/10/03,4:28:08,4.2
下游闸外水位,2023/10/03,4:28:08,4.2
下游闸内水位,2023/10/03,4:29:26,4.2
下游闸外水位,2023/10/03,4:29:26,4.2
内河侧水位,2023/10/03,5:00:00,4.1
长江侧水位,2023/10/03,5:00:00,4.1
下游闸内水位,2023/10/03,5:11:01,4.2
下游闸外水位,2023/10/03,5:11:01,4.1
上游闸内水位,2023/10/03,5:13:42,4.2
上游闸外水位,2023/10/03,5:13:42,4.1
上游闸内水位,2023/10/03,5:15:12,4.1
上游闸外水位,2023/10/03,5:15:12,4.1
上游闸内水位,2023/10/03,5:53:08,4.2
上游闸外水位,2023/10/03,5:53:08,4.1
下游闸内水位,2023/10/03,5:55:39,4.2
下游闸外水位,2023/10/03,5:55:39,4.4
下游闸内水位,2023/10/03,5:57:05,4.4
下游闸外水位,2023/10/03,5:57:05,4.4
内河侧水位,2023/10/03,6:00:00,4.2
长江侧水位,2023/10/03,6:00:00,4.5
下游闸内水位,2023/10/03,6:33:06,5.1
下游闸外水位,2023/10/03,6:33:06,5.0
上游闸内水位,2023/10/03,6:35:45,5.1
上游闸外水位,2023/10/03,6:35:45,4.4
上游闸内水位,2023/10/03,6:38:30,4.6
上游闸外水位,2023/10/03,6:38:30,4.4
内河侧水位,2023/10/03,7:00:00,4.5
长江侧水位,2023/10/03,7:00:00,5.3
上游闸内水位,2023/10/03,7:10:34,4.6
上游闸外水位,2023/10/03,7:10:34,4.5
下游闸内水位,2023/10/03,7:15:40,5.1
下游闸外水位,2023/10/03,7:15:40,5.3
下游闸内水位,2023/10/03,7:51:55,5.6
下游闸外水位,2023/10/03,7:51:55,5.5
上游闸内水位,2023/10/03,7:54:37,5.6
上游闸外水位,2023/10/03,7:54:37,4.7
上游闸内水位,2023/10/03,7:57:46,4.8
上游闸外水位,2023/10/03,7:57:46,4.7
内河侧水位,2023/10/03,8:00:00,4.7
长江侧水位,2023/10/03,8:00:00,5.5
上游闸内水位,2023/10/03,8:18:58,4.8
上游闸外水位,2023/10/03,8:18:58,4.8
下游闸内水位,2023/10/03,8:21:31,4.8
下游闸外水位,2023/10/03,8:21:31,5.6
下游闸内水位,2023/10/03,8:24:06,5.4
下游闸外水位,2023/10/03,8:24:06,5.6
下游闸内水位,2023/10/03,8:51:38,5.6
下游闸外水位,2023/10/03,8:51:38,5.5
上游闸内水位,2023/10/03,8:54:24,5.5
上游闸外水位,2023/10/03,8:54:24,4.8
上游闸内水位,2023/10/03,8:57:56,4.9
上游闸外水位,2023/10/03,8:57:56,4.8
内河侧水位,2023/10/03,9:00:00,4.8
长江侧水位,2023/10/03,9:00:00,5.5
上游闸内水位,2023/10/03,9:26:46,4.8
上游闸外水位,2023/10/03,9:26:46,4.8
下游闸内水位,2023/10/03,9:29:27,4.9
下游闸外水位,2023/10/03,9:29:27,5.3
下游闸内水位,2023/10/03,9:31:29,5.2
上游闸内水位,2023/10/02,17:07:17,4.1
上游闸外水位,2023/10/02,17:07:17,4.0
下游闸内水位,2023/10/02,17:10:01,4.1
下游闸外水位,2023/10/02,17:10:01,4.0
下游闸内水位,2023/10/02,17:12:23,4.2
下游闸外水位,2023/10/02,17:12:23,4.1
下游闸内水位,2023/10/02,17:27:22,4.4
下游闸外水位,2023/10/02,17:27:22,4.3
上游闸内水位,2023/10/02,17:29:59,4.4
上游闸外水位,2023/10/02,17:29:59,4.1
上游闸内水位,2023/10/02,17:31:44,4.2
上游闸外水位,2023/10/02,17:31:44,4.1
下游闸内水位,2023/10/02,17:56:19,4.4
下游闸外水位,2023/10/02,17:56:19,5.0
下游闸内水位,2023/10/02,17:58:40,4.8
下游闸外水位,2023/10/02,17:58:40,5.0
内河侧水位,2023/10/02,18:00:00,4.3
长江侧水位,2023/10/02,18:00:00,5.0
上游闸内水位,2023/10/02,19:20:31,4.7
上游闸外水位,2023/10/02,19:20:31,4.7
下游闸内水位,2023/10/02,19:23:47,4.8
下游闸外水位,2023/10/02,19:23:47,5.7
下游闸内水位,2023/10/02,19:27:52,5.8
下游闸外水位,2023/10/02,19:27:52,5.8
下游闸内水位,2023/10/02,19:34:12,5.9
下游闸外水位,2023/10/02,19:34:12,5.8
上游闸内水位,2023/10/02,19:42:12,4.8
上游闸外水位,2023/10/02,19:42:12,4.8
内河侧水位,2023/10/02,20:00:00,4.9
长江侧水位,2023/10/02,20:00:00,5.9
内河侧水位,2023/10/03,10:00:00,4.8
长江侧水位,2023/10/03,10:00:00,5.2
下游闸内水位,2023/10/03,10:07:52,5.2
下游闸外水位,2023/10/03,10:07:52,5.2
上游闸内水位,2023/10/03,10:11:25,5.2
上游闸外水位,2023/10/03,10:11:25,4.8
上游闸内水位,2023/10/03,10:13:32,4.9
上游闸外水位,2023/10/03,10:13:32,4.8
上游闸内水位,2023/10/03,10:48:01,4.8
上游闸外水位,2023/10/03,10:48:01,4.7
下游闸内水位,2023/10/03,10:50:50,4.8
下游闸外水位,2023/10/03,10:50:50,5.0
下游闸内水位,2023/10/03,10:52:21,5.0
下游闸外水位,2023/10/03,10:52:21,5.0
内河侧水位,2023/10/03,11:00:00,4.7
长江侧水位,2023/10/03,11:00:00,5.0
下游闸内水位,2023/10/03,11:09:30,5.0
下游闸外水位,2023/10/03,11:09:30,5.0
上游闸内水位,2023/10/03,11:13:26,5.0
上游闸外水位,2023/10/03,11:13:26,4.7
上游闸内水位,2023/10/03,11:15:37,4.8
上游闸外水位,2023/10/03,11:15:37,4.7
上游闸内水位,2023/10/03,11:39:52,4.7
上游闸外水位,2023/10/03,11:39:52,4.7
下游闸内水位,2023/10/03,11:42:46,4.7
下游闸外水位,2023/10/03,11:42:46,4.8
下游闸内水位,2023/10/03,11:44:14,4.8
下游闸外水位,2023/10/03,11:44:14,4.8
内河侧水位,2023/10/03,12:00:00,4.6
长江侧水位,2023/10/03,12:00:00,4.8
下游闸内水位,2023/10/03,12:17:40,4.8
下游闸外水位,2023/10/03,12:17:40,4.7
上游闸内水位,2023/10/03,12:20:23,4.8
上游闸外水位,2023/10/03,12:20:23,4.6
上游闸内水位,2023/10/03,12:21:53,4.7
上游闸外水位,2023/10/03,12:21:53,4.6
上游闸内水位,2023/10/03,12:45:09,4.6
上游闸外水位,2023/10/03,12:45:09,4.5
下游闸内水位,2023/10/03,12:47:47,4.6
下游闸外水位,2023/10/03,12:47:47,4.6
内河侧水位,2023/10/03,13:00:00,4.5
长江侧水位,2023/10/03,13:00:00,4.6
下游闸内水位,2023/10/03,13:16:30,4.6
下游闸外水位,2023/10/03,13:16:30,4.5
上游闸内水位,2023/10/03,13:19:06,4.6
上游闸外水位,2023/10/03,13:19:06,4.5
上游闸内水位,2023/10/03,13:20:41,4.5
上游闸外水位,2023/10/03,13:20:41,4.5
上游闸内水位,2023/10/03,13:51:30,4.4
上游闸外水位,2023/10/03,13:51:30,4.4
下游闸内水位,2023/10/03,13:54:03,4.5
下游闸外水位,2023/10/03,13:54:03,4.4
内河侧水位,2023/10/03,14:00:00,4.4
长江侧水位,2023/10/03,14:00:00,4.4
下游闸内水位,2023/10/03,14:26:41,4.4
下游闸外水位,2023/10/03,14:26:41,4.4
上游闸内水位,2023/10/03,14:30:01,4.4
下游闸内水位,2023/10/03,7:13:15,4.6
下游闸外水位,2023/10/03,7:13:15,5.3
上游闸外水位,2023/10/03,14:30:01,4.4
上游闸内水位,2023/10/03,14:31:29,4.4
上游闸外水位,2023/10/03,14:31:29,4.3
上游闸内水位,2023/10/03,14:59:58,4.3
上游闸外水位,2023/10/03,14:59:58,4.3
内河侧水位,2023/10/03,15:00:00,4.3
长江侧水位,2023/10/03,15:00:00,4.3
下游闸内水位,2023/10/03,15:02:35,4.3
下游闸外水位,2023/10/03,15:02:35,4.3
下游闸内水位,2023/10/03,15:36:36,4.3
下游闸外水位,2023/10/03,15:36:36,4.2
上游闸内水位,2023/10/03,15:39:10,4.2
上游闸外水位,2023/10/03,15:39:10,4.2
上游闸内水位,2023/10/03,15:40:38,4.2
上游闸外水位,2023/10/03,15:40:38,4.2
内河侧水位,2023/10/03,16:00:00,4.2
长江侧水位,2023/10/03,16:00:00,4.2
上游闸内水位,2023/10/03,16:08:07,4.2
上游闸外水位,2023/10/03,16:08:07,4.1
下游闸内水位,2023/10/03,16:10:38,4.2
下游闸外水位,2023/10/03,16:10:38,4.1
上游闸内水位,2023/10/03,16:32:58,4.2
上游闸外水位,2023/10/03,16:32:58,4.1
上游闸内水位,2023/10/03,16:34:54,4.1
上游闸外水位,2023/10/03,16:34:54,4.1
上游闸内水位,2023/10/03,16:58:00,4.1
上游闸外水位,2023/10/03,16:58:00,4.1
内河侧水位,2023/10/03,17:00:00,4.1
长江侧水位,2023/10/03,17:00:00,4.1
下游闸内水位,2023/10/03,17:00:34,4.1
下游闸外水位,2023/10/03,17:00:34,4.1
下游闸内水位,2023/10/03,17:01:49,4.1
下游闸外水位,2023/10/03,17:01:49,4.0
下游闸内水位,2023/10/03,17:28:37,4.1
下游闸外水位,2023/10/03,17:28:37,4.0
上游闸内水位,2023/10/03,17:31:18,4.1
上游闸外水位,2023/10/03,17:31:18,4.0
上游闸内水位,2023/10/03,17:32:47,4.1
上游闸外水位,2023/10/03,17:32:47,4.0
上游闸内水位,2023/10/03,17:57:02,4.1
上游闸外水位,2023/10/03,17:57:02,4.1
下游闸内水位,2023/10/03,17:59:37,4.1
下游闸外水位,2023/10/03,17:59:37,4.3
内河侧水位,2023/10/03,18:00:00,4.1
长江侧水位,2023/10/03,18:00:00,4.3
下游闸内水位,2023/10/03,18:38:23,5.1
下游闸外水位,2023/10/03,18:38:23,5.0
上游闸内水位,2023/10/03,18:42:52,5.1
上游闸外水位,2023/10/03,18:42:52,4.4
上游闸内水位,2023/10/03,18:45:57,4.5
上游闸外水位,2023/10/03,18:45:57,4.4
内河侧水位,2023/10/03,19:00:00,4.4
长江侧水位,2023/10/03,19:00:00,5.3
上游闸内水位,2023/10/03,19:06:44,4.6
上游闸外水位,2023/10/03,19:06:44,4.5
下游闸内水位,2023/10/03,19:10:17,4.6
下游闸外水位,2023/10/03,19:10:17,5.4
下游闸内水位,2023/10/03,19:13:02,5.3
下游闸外水位,2023/10/03,19:13:02,5.4
下游闸内水位,2023/10/03,19:46:51,5.7
下游闸外水位,2023/10/03,19:46:51,5.6
上游闸内水位,2023/10/03,19:49:40,5.7
上游闸外水位,2023/10/03,19:49:40,4.7
上游闸内水位,2023/10/03,19:53:30,4.7
上游闸外水位,2023/10/03,19:53:30,4.6
下游闸内水位,2023/10/03,20:40:11,5.9
下游闸外水位,2023/10/03,20:40:11,5.8
内河侧水位,2023/10/03,22:00:00,4.9
长江侧水位,2023/10/03,22:00:00,5.5
上游闸内水位,2023/10/03,22:03:17,4.9
上游闸外水位,2023/10/03,22:03:17,4.9
下游闸内水位,2023/10/03,22:06:27,4.9
下游闸外水位,2023/10/03,22:06:27,5.4
下游闸内水位,2023/10/03,22:08:19,5.3
下游闸外水位,2023/10/03,22:08:19,5.4
下游闸内水位,2023/10/03,22:55:10,5.3
下游闸外水位,2023/10/03,22:55:10,5.2
上游闸内水位,2023/10/03,22:57:45,5.3
上游闸外水位,2023/10/03,22:57:45,4.8
上游闸内水位,2023/10/03,22:59:48,5.0
上游闸外水位,2023/10/03,22:59:48,4.8
内河侧水位,2023/10/03,23:00:00,4.9
长江侧水位,2023/10/03,23:00:00,5.2
上游闸内水位,2023/10/03,23:36:30,4.8
上游闸外水位,2023/10/03,23:36:30,4.8
下游闸外水位,2023/10/03,9:31:29,5.3
内河侧水位,2023/10/04,7:00:00,4.3
长江侧水位,2023/10/04,7:00:00,4.7
下游闸内水位,2023/10/04,7:09:19,4.9
下游闸外水位,2023/10/04,7:09:19,4.8
上游闸内水位,2023/10/04,7:12:00,4.9
上游闸外水位,2023/10/04,7:12:00,4.4
上游闸内水位,2023/10/04,7:14:21,4.5
上游闸外水位,2023/10/04,7:14:21,4.4
上游闸内水位,2023/10/04,7:36:00,4.5
上游闸外水位,2023/10/04,7:36:00,4.5
下游闸内水位,2023/10/04,7:38:44,4.5
下游闸外水位,2023/10/04,7:38:44,5.1
下游闸内水位,2023/10/04,7:40:46,4.9
下游闸外水位,2023/10/04,7:40:46,5.0
下游闸内水位,2023/10/04,7:55:06,5.2
下游闸外水位,2023/10/04,7:55:06,5.2
上游闸内水位,2023/10/04,7:57:43,5.2
上游闸外水位,2023/10/04,7:57:43,4.5
内河侧水位,2023/10/04,8:00:00,4.5
长江侧水位,2023/10/04,8:00:00,5.2
上游闸内水位,2023/10/04,8:00:31,4.6
上游闸外水位,2023/10/04,8:00:31,4.5
上游闸内水位,2023/10/04,8:16:14,4.6
上游闸外水位,2023/10/04,8:16:14,4.6
下游闸内水位,2023/10/04,8:18:52,4.6
下游闸外水位,2023/10/04,8:18:52,5.3
下游闸内水位,2023/10/04,8:21:09,5.1
下游闸外水位,2023/10/04,8:21:09,5.2
下游闸内水位,2023/10/04,8:49:17,5.4
下游闸外水位,2023/10/04,8:49:17,5.3
上游闸内水位,2023/10/04,8:51:56,5.4
上游闸外水位,2023/10/04,8:51:56,4.7
上游闸内水位,2023/10/04,8:54:42,4.8
上游闸外水位,2023/10/04,8:54:42,4.6
内河侧水位,2023/10/04,9:00:00,4.7
长江侧水位,2023/10/04,9:00:00,5.3
上游闸内水位,2023/10/04,9:23:35,4.7
上游闸外水位,2023/10/04,9:23:35,4.7
下游闸内水位,2023/10/04,9:26:06,4.7
下游闸外水位,2023/10/04,9:26:06,5.3
下游闸内水位,2023/10/04,9:28:10,5.1
下游闸外水位,2023/10/04,9:28:10,5.2
上游闸内水位,2023/10/04,10:47:49,4.7
上游闸外水位,2023/10/04,10:47:49,4.6
下游闸内水位,2023/10/04,10:50:20,4.7
下游闸外水位,2023/10/04,10:50:20,5.0
下游闸内水位,2023/10/04,10:51:38,4.8
下游闸外水位,2023/10/04,10:51:38,4.9
内河侧水位,2023/10/04,11:00:00,4.6
长江侧水位,2023/10/04,11:00:00,4.9
上游闸内水位,2023/10/04,11:00:29,4.9
上游闸外水位,2023/10/04,11:00:29,4.6
上游闸内水位,2023/10/04,11:15:39,4.9
上游闸外水位,2023/10/04,11:15:39,4.6
内河侧水位,2023/10/04,12:00:00,4.7
长江侧水位,2023/10/04,12:00:00,4.7
内河侧水位,2023/10/04,13:00:00,4.6
长江侧水位,2023/10/04,13:00:00,4.5
内河侧水位,2023/10/04,14:00:00,4.4
长江侧水位,2023/10/04,14:00:00,4.4
下游闸内水位,2023/10/04,14:59:40,4.4
下游闸外水位,2023/10/04,14:59:40,4.3
内河侧水位,2023/10/04,15:00:00,4.3
长江侧水位,2023/10/04,15:00:00,4.3
上游闸内水位,2023/10/04,15:40:17,4.2
上游闸外水位,2023/10/04,15:40:17,4.1
下游闸内水位,2023/10/04,15:42:49,4.2
下游闸外水位,2023/10/04,15:42:49,4.2
下游闸内水位,2023/10/04,15:44:07,4.2
下游闸外水位,2023/10/04,15:44:07,4.2
内河侧水位,2023/10/04,16:00:00,4.1
长江侧水位,2023/10/04,16:00:00,4.2
下游闸内水位,2023/10/04,16:20:24,4.2
下游闸外水位,2023/10/04,16:20:24,4.1
上游闸内水位,2023/10/04,16:24:52,4.2
上游闸外水位,2023/10/04,16:24:52,4.0
上游闸内水位,2023/10/04,16:26:19,4.1
上游闸外水位,2023/10/04,16:26:19,4.0
内河侧水位,2023/10/04,17:00:00,4.0
长江侧水位,2023/10/04,17:00:00,4.1
上游闸内水位,2023/10/04,17:01:29,4.0
上游闸外水位,2023/10/04,17:01:29,4.0
下游闸内水位,2023/10/04,17:04:04,4.0
下游闸外水位,2023/10/04,17:04:04,4.1
下游闸内水位,2023/10/04,17:05:30,4.1
下游闸外水位,2023/10/04,17:05:30,4.0
下游闸内水位,2023/10/03,16:29:14,4.1
下游闸外水位,2023/10/03,16:29:14,4.1
内河侧水位,2023/10/03,20:00:00,4.6
长江侧水位,2023/10/03,20:00:00,5.6
上游闸内水位,2023/10/03,20:31:50,4.8
上游闸外水位,2023/10/03,20:31:50,4.8
下游闸内水位,2023/10/03,20:34:32,4.9
下游闸外水位,2023/10/03,20:34:32,5.8
内河侧水位,2023/10/03,21:00:00,4.9
长江侧水位,2023/10/03,21:00:00,5.7
下游闸内水位,2023/10/03,21:12:13,5.8
下游闸外水位,2023/10/03,21:12:13,5.7
上游闸内水位,2023/10/03,21:17:45,5.0
上游闸外水位,2023/10/03,21:17:45,4.9
下游闸内水位,2023/10/04,2:30:25,4.5
下游闸外水位,2023/10/04,2:30:25,4.5
下游闸内水位,2023/10/04,5:10:09,4.2
下游闸外水位,2023/10/04,5:10:09,4.1
下游闸内水位,2023/10/04,17:39:16,4.1
下游闸外水位,2023/10/04,17:39:16,4.1
上游闸内水位,2023/10/04,17:44:30,4.1
上游闸外水位,2023/10/04,17:44:30,4.0
内河侧水位,2023/10/04,18:00:00,4.0
长江侧水位,2023/10/04,18:00:00,4.1
上游闸内水位,2023/10/04,18:23:10,4.0
上游闸外水位,2023/10/04,18:23:10,3.9
下游闸内水位,2023/10/04,18:28:02,4.0
下游闸外水位,2023/10/04,18:28:02,4.3
下游闸内水位,2023/10/04,18:29:31,4.2
下游闸外水位,2023/10/04,18:29:31,4.3
内河侧水位,2023/10/04,19:00:00,4.3
长江侧水位,2023/10/04,19:00:00,4.8
下游闸内水位,2023/10/04,19:04:22,4.9
下游闸外水位,2023/10/04,19:04:22,4.9
上游闸内水位,2023/10/04,19:06:59,5.0
上游闸外水位,2023/10/04,19:06:59,4.4
上游闸内水位,2023/10/04,19:09:34,4.5
上游闸外水位,2023/10/04,19:09:34,4.3
上游闸内水位,2023/10/04,19:42:14,4.6
上游闸外水位,2023/10/04,19:42:14,4.6
下游闸内水位,2023/10/04,19:44:56,4.6
下游闸外水位,2023/10/04,19:44:56,5.3
下游闸内水位,2023/10/04,19:47:13,5.1
下游闸外水位,2023/10/04,19:47:13,5.2
内河侧水位,2023/10/04,20:00:00,4.6
长江侧水位,2023/10/04,20:00:00,5.3
下游闸内水位,2023/10/04,20:17:32,5.5
下游闸外水位,2023/10/04,20:17:32,5.4
上游闸内水位,2023/10/04,20:20:25,5.5
上游闸外水位,2023/10/04,20:20:25,4.7
上游闸内水位,2023/10/04,20:23:13,4.9
上游闸外水位,2023/10/04,20:23:13,4.7
内河侧水位,2023/10/04,21:00:00,4.9
长江侧水位,2023/10/04,21:00:00,5.6
上游闸内水位,2023/10/04,21:01:19,4.9
上游闸外水位,2023/10/04,21:01:19,4.9
下游闸内水位,2023/10/04,21:03:50,4.9
下游闸外水位,2023/10/04,21:03:50,5.6
下游闸内水位,2023/10/04,21:06:09,5.4
下游闸外水位,2023/10/04,21:06:09,5.6
下游闸内水位,2023/10/04,21:48:18,5.6
下游闸外水位,2023/10/04,21:48:18,5.6
上游闸内水位,2023/10/04,21:50:53,5.6
上游闸外水位,2023/10/04,21:50:53,4.9
上游闸内水位,2023/10/04,21:57:01,5.0
上游闸外水位,2023/10/04,21:57:01,4.9
内河侧水位,2023/10/04,22:00:00,4.9
长江侧水位,2023/10/04,22:00:00,5.5
上游闸内水位,2023/10/04,22:41:24,5.0
上游闸外水位,2023/10/04,22:41:24,4.9
下游闸内水位,2023/10/04,22:45:18,5.0
下游闸外水位,2023/10/04,22:45:18,5.3
下游闸内水位,2023/10/04,22:46:50,5.2
下游闸外水位,2023/10/04,22:46:50,5.3
内河侧水位,2023/10/04,23:00:00,4.9
长江侧水位,2023/10/04,23:00:00,5.3
下游闸内水位,2023/10/04,23:29:22,5.2
下游闸外水位,2023/10/04,23:29:22,5.1
上游闸内水位,2023/10/04,23:32:51,5.1
上游闸外水位,2023/10/04,23:32:51,4.8
上游闸内水位,2023/10/04,23:36:11,4.8
上游闸外水位,2023/10/04,23:36:11,4.8
内河侧水位,2023/10/05,0:00:00,4.8
长江侧水位,2023/10/05,0:00:00,5.0
上游闸内水位,2023/10/05,0:06:49,4.8
上游闸外水位,2023/10/05,0:06:49,4.8
下游闸内水位,2023/10/05,0:09:24,4.8
上游闸内水位,2023/10/03,21:14:46,5.7
上游闸外水位,2023/10/03,21:14:46,4.9
上游闸内水位,2023/10/04,10:03:21,4.8
上游闸外水位,2023/10/04,10:03:21,4.7
上游闸内水位,2023/10/05,2:06:23,4.7
上游闸外水位,2023/10/05,2:06:23,4.5
下游闸内水位,2023/10/05,3:45:10,4.4
下游闸外水位,2023/10/05,3:45:10,4.4
下游闸内水位,2023/10/05,3:46:28,4.4
下游闸外水位,2023/10/05,3:46:28,4.4
上游闸内水位,2023/10/05,19:32:04,5.0
上游闸外水位,2023/10/05,19:32:04,4.5
上游闸内水位,2023/10/05,19:34:16,4.6
上游闸外水位,2023/10/05,19:34:16,4.5
上游闸内水位,2023/10/05,21:39:15,4.9
上游闸外水位,2023/10/05,21:39:15,4.9
下游闸内水位,2023/10/05,21:41:56,5.0
下游闸外水位,2023/10/05,21:41:56,5.5
上游闸内水位,2023/10/06,2:52:38,4.6
上游闸外水位,2023/10/06,2:52:38,4.5
下游闸内水位,2023/10/06,9:58:35,4.6
下游闸外水位,2023/10/06,9:58:35,4.5
内河侧水位,2023/10/06,10:00:00,4.4
长江侧水位,2023/10/06,10:00:00,4.6
上游闸内水位,2023/10/06,10:01:12,4.7
上游闸外水位,2023/10/06,10:01:12,4.4
上游闸内水位,2023/10/06,10:02:45,4.5
上游闸外水位,2023/10/06,10:02:45,4.4
上游闸内水位,2023/10/06,10:32:23,4.4
上游闸外水位,2023/10/06,10:32:23,4.4
下游闸内水位,2023/10/06,10:34:59,4.4
下游闸外水位,2023/10/06,10:34:59,4.6
下游闸内水位,2023/10/06,10:36:22,4.6
下游闸外水位,2023/10/06,10:36:22,4.5
内河侧水位,2023/10/06,11:00:00,4.4
长江侧水位,2023/10/06,11:00:00,4.5
下游闸内水位,2023/10/06,11:07:15,4.6
下游闸外水位,2023/10/06,11:07:15,4.5
上游闸内水位,2023/10/06,11:11:28,4.6
上游闸外水位,2023/10/06,11:11:28,4.4
上游闸内水位,2023/10/06,11:13:09,4.5
上游闸外水位,2023/10/06,11:13:09,4.4
上游闸内水位,2023/10/06,11:46:40,4.4
上游闸外水位,2023/10/06,11:46:40,4.4
下游闸内水位,2023/10/06,11:49:26,4.4
下游闸外水位,2023/10/06,11:49:26,4.4
内河侧水位,2023/10/06,12:00:00,4.4
长江侧水位,2023/10/06,12:00:00,4.4
下游闸内水位,2023/10/06,12:26:38,4.5
下游闸外水位,2023/10/06,12:26:38,4.4
上游闸内水位,2023/10/06,12:29:34,4.4
上游闸外水位,2023/10/06,12:29:34,4.3
上游闸内水位,2023/10/06,12:31:06,4.4
上游闸外水位,2023/10/06,12:31:06,4.3
内河侧水位,2023/10/06,13:00:00,4.3
长江侧水位,2023/10/06,13:00:00,4.3
上游闸内水位,2023/10/06,13:06:54,4.3
上游闸外水位,2023/10/06,13:06:54,4.3
下游闸内水位,2023/10/06,13:09:52,4.3
下游闸外水位,2023/10/06,13:09:52,4.3
下游闸内水位,2023/10/06,13:11:11,4.4
下游闸外水位,2023/10/06,13:11:11,4.3
下游闸内水位,2023/10/06,13:45:18,4.3
下游闸外水位,2023/10/06,13:45:18,4.3
上游闸内水位,2023/10/06,13:48:05,4.3
上游闸外水位,2023/10/06,13:48:05,4.2
上游闸内水位,2023/10/06,13:49:32,4.3
上游闸外水位,2023/10/06,13:49:32,4.2
内河侧水位,2023/10/06,14:00:00,4.2
长江侧水位,2023/10/06,14:00:00,4.2
上游闸内水位,2023/10/06,14:18:03,4.2
上游闸外水位,2023/10/06,14:18:03,4.2
下游闸内水位,2023/10/06,14:20:42,4.3
下游闸外水位,2023/10/06,14:20:42,4.2
下游闸内水位,2023/10/06,14:22:02,4.3
下游闸外水位,2023/10/06,14:22:02,4.2
下游闸内水位,2023/10/06,14:39:56,4.3
下游闸外水位,2023/10/06,14:39:56,4.2
上游闸内水位,2023/10/06,14:42:46,4.2
上游闸外水位,2023/10/06,14:42:46,4.2
上游闸内水位,2023/10/06,14:44:16,4.2
上游闸外水位,2023/10/06,14:44:16,4.2
内河侧水位,2023/10/06,15:00:00,4.2
长江侧水位,2023/10/06,15:00:00,4.2
上游闸内水位,2023/10/06,15:08:14,4.2
上游闸外水位,2023/10/06,15:08:14,4.2
下游闸内水位,2023/10/06,15:10:47,4.2
下游闸内水位,2023/10/03,23:39:06,4.8
下游闸外水位,2023/10/03,23:39:06,5.1
下游闸内水位,2023/10/03,23:41:24,5.1
下游闸外水位,2023/10/03,23:41:24,5.0
内河侧水位,2023/10/04,0:00:00,4.7
长江侧水位,2023/10/04,0:00:00,5.0
下游闸内水位,2023/10/04,0:17:53,5.0
下游闸外水位,2023/10/04,0:17:53,4.9
上游闸内水位,2023/10/04,0:20:32,4.9
上游闸外水位,2023/10/04,0:20:32,4.7
上游闸内水位,2023/10/04,0:23:06,4.7
上游闸外水位,2023/10/04,0:23:06,4.7
上游闸内水位,2023/10/04,0:57:18,4.7
上游闸外水位,2023/10/04,0:57:18,4.6
内河侧水位,2023/10/04,1:00:00,4.6
长江侧水位,2023/10/04,1:00:00,4.8
下游闸内水位,2023/10/04,1:00:23,4.7
下游闸外水位,2023/10/04,1:00:23,4.8
下游闸内水位,2023/10/04,1:02:42,4.9
下游闸外水位,2023/10/04,1:02:42,4.8
内河侧水位,2023/10/04,2:00:00,4.5
长江侧水位,2023/10/04,2:00:00,4.6
下游闸内水位,2023/10/04,2:04:24,4.6
下游闸外水位,2023/10/04,2:04:24,4.6
上游闸内水位,2023/10/04,2:07:05,4.6
上游闸外水位,2023/10/04,2:07:05,4.5
上游闸内水位,2023/10/04,2:08:46,4.5
上游闸外水位,2023/10/04,2:08:46,4.5
上游闸内水位,2023/10/04,2:26:07,4.5
上游闸外水位,2023/10/04,2:26:07,4.5
下游闸内水位,2023/10/04,2:29:05,4.5
下游闸外水位,2023/10/04,2:29:05,4.5
下游闸内水位,2023/10/04,2:58:32,4.5
下游闸外水位,2023/10/04,2:58:32,4.4
内河侧水位,2023/10/04,3:00:00,4.4
长江侧水位,2023/10/04,3:00:00,4.4
上游闸内水位,2023/10/04,3:01:24,4.5
上游闸外水位,2023/10/04,3:01:24,4.4
上游闸内水位,2023/10/04,3:02:57,4.4
上游闸外水位,2023/10/04,3:02:57,4.4
上游闸内水位,2023/10/04,3:41:34,4.3
上游闸外水位,2023/10/04,3:41:34,4.3
下游闸内水位,2023/10/04,3:44:14,4.4
下游闸外水位,2023/10/04,3:44:14,4.3
下游闸内水位,2023/10/04,3:45:33,4.4
下游闸外水位,2023/10/04,3:45:33,4.3
内河侧水位,2023/10/04,4:00:00,4.3
长江侧水位,2023/10/04,4:00:00,4.3
下游闸内水位,2023/10/04,4:22:39,4.3
下游闸外水位,2023/10/04,4:22:39,4.2
上游闸内水位,2023/10/04,4:25:36,4.3
上游闸外水位,2023/10/04,4:25:36,4.2
上游闸内水位,2023/10/04,4:27:10,4.3
上游闸外水位,2023/10/04,4:27:10,4.2
内河侧水位,2023/10/04,5:00:00,4.2
长江侧水位,2023/10/04,5:00:00,4.2
上游闸内水位,2023/10/04,5:05:09,4.2
上游闸外水位,2023/10/04,5:05:09,4.2
下游闸内水位,2023/10/04,5:08:16,4.2
下游闸外水位,2023/10/04,5:08:16,4.1
下游闸内水位,2023/10/04,5:49:57,4.2
下游闸外水位,2023/10/04,5:49:57,4.1
上游闸内水位,2023/10/04,5:52:49,4.2
上游闸外水位,2023/10/04,5:52:49,4.1
上游闸内水位,2023/10/04,5:54:19,4.2
上游闸外水位,2023/10/04,5:54:19,4.1
内河侧水位,2023/10/04,6:00:00,4.1
长江侧水位,2023/10/04,6:00:00,4.1
上游闸内水位,2023/10/04,6:29:47,4.2
上游闸外水位,2023/10/04,6:29:47,4.2
下游闸内水位,2023/10/04,6:32:23,4.2
下游闸外水位,2023/10/04,6:32:23,4.4
下游闸内水位,2023/10/04,9:58:28,5.3
下游闸外水位,2023/10/04,9:58:28,5.2
内河侧水位,2023/10/04,10:00:00,4.7
长江侧水位,2023/10/04,10:00:00,5.2
上游闸内水位,2023/10/04,10:01:11,5.2
上游闸外水位,2023/10/04,10:01:11,4.7
上游闸内水位,2023/10/05,6:56:26,4.1
上游闸外水位,2023/10/05,6:56:26,4.1
下游闸内水位,2023/10/05,6:58:56,4.2
下游闸外水位,2023/10/05,6:58:56,4.3
内河侧水位,2023/10/05,7:00:00,4.2
长江侧水位,2023/10/05,7:00:00,4.2
下游闸内水位,2023/10/05,7:06:39,4.4
下游闸外水位,2023/10/05,7:06:39,4.3
上游闸内水位,2023/10/05,7:09:57,4.3
下游闸外水位,2023/10/05,0:09:24,5.0
下游闸内水位,2023/10/05,0:10:44,4.9
下游闸外水位,2023/10/05,0:10:44,4.9
下游闸内水位,2023/10/05,0:41:05,4.9
下游闸外水位,2023/10/05,0:41:05,4.9
上游闸内水位,2023/10/05,0:47:43,4.9
上游闸外水位,2023/10/05,0:47:43,4.7
上游闸内水位,2023/10/05,0:49:49,4.7
上游闸外水位,2023/10/05,0:49:49,4.7
内河侧水位,2023/10/05,1:00:00,4.7
长江侧水位,2023/10/05,1:00:00,4.8
上游闸内水位,2023/10/05,1:23:34,4.6
上游闸外水位,2023/10/05,1:23:34,4.6
下游闸内水位,2023/10/05,1:26:07,4.7
下游闸外水位,2023/10/05,1:26:07,4.7
下游闸内水位,2023/10/05,1:27:50,4.8
下游闸外水位,2023/10/05,1:27:50,4.7
内河侧水位,2023/10/05,2:00:00,4.5
长江侧水位,2023/10/05,2:00:00,4.6
下游闸内水位,2023/10/05,2:03:47,4.7
下游闸外水位,2023/10/05,2:03:47,4.6
上游闸内水位,2023/10/05,2:08:13,4.6
上游闸外水位,2023/10/05,2:08:13,4.5
上游闸内水位,2023/10/05,2:36:17,4.5
上游闸外水位,2023/10/05,2:36:17,4.5
下游闸内水位,2023/10/05,2:38:49,4.5
下游闸外水位,2023/10/05,2:38:49,4.5
内河侧水位,2023/10/05,3:00:00,4.4
长江侧水位,2023/10/05,3:00:00,4.5
下游闸内水位,2023/10/05,3:12:14,4.5
下游闸外水位,2023/10/05,3:12:14,4.5
上游闸内水位,2023/10/05,3:14:52,4.5
上游闸外水位,2023/10/05,3:14:52,4.4
上游闸内水位,2023/10/05,3:16:21,4.4
上游闸外水位,2023/10/05,3:16:21,4.4
上游闸内水位,2023/10/05,3:42:34,4.4
上游闸外水位,2023/10/05,3:42:34,4.3
内河侧水位,2023/10/05,4:00:00,4.3
长江侧水位,2023/10/05,4:00:00,4.3
下游闸内水位,2023/10/05,4:16:06,4.4
下游闸外水位,2023/10/05,4:16:06,4.3
上游闸内水位,2023/10/05,4:18:44,4.4
上游闸外水位,2023/10/05,4:18:44,4.3
上游闸内水位,2023/10/05,4:20:11,4.3
上游闸外水位,2023/10/05,4:20:11,4.3
上游闸内水位,2023/10/05,4:50:54,4.3
上游闸外水位,2023/10/05,4:50:54,4.2
下游闸内水位,2023/10/05,4:53:28,4.3
下游闸外水位,2023/10/05,4:53:28,4.2
下游闸内水位,2023/10/05,4:54:47,4.3
下游闸外水位,2023/10/05,4:54:47,4.2
内河侧水位,2023/10/05,5:00:00,4.2
长江侧水位,2023/10/05,5:00:00,4.2
下游闸内水位,2023/10/05,5:28:05,4.2
下游闸外水位,2023/10/05,5:28:05,4.2
上游闸内水位,2023/10/05,5:30:44,4.2
上游闸外水位,2023/10/05,5:30:44,4.2
上游闸内水位,2023/10/05,5:32:12,4.2
上游闸外水位,2023/10/05,5:32:12,4.2
内河侧水位,2023/10/05,6:00:00,4.1
长江侧水位,2023/10/05,6:00:00,4.2
上游闸内水位,2023/10/05,6:00:47,4.2
上游闸外水位,2023/10/05,6:00:47,4.1
下游闸内水位,2023/10/05,6:03:20,4.2
下游闸外水位,2023/10/05,6:03:20,4.2
下游闸内水位,2023/10/05,6:04:40,4.2
下游闸外水位,2023/10/05,6:04:40,4.1
下游闸内水位,2023/10/05,6:30:02,4.2
下游闸外水位,2023/10/05,6:30:02,4.1
上游闸内水位,2023/10/05,6:32:45,4.2
上游闸外水位,2023/10/05,6:32:45,4.1
上游闸内水位,2023/10/05,6:34:15,4.2
上游闸外水位,2023/10/05,6:34:15,4.1
上游闸外水位,2023/10/05,7:09:57,4.2
上游闸内水位,2023/10/05,7:11:33,4.2
上游闸外水位,2023/10/05,7:11:33,4.2
上游闸内水位,2023/10/05,7:31:48,4.3
上游闸外水位,2023/10/05,7:31:48,4.3
下游闸内水位,2023/10/05,7:34:35,4.3
下游闸外水位,2023/10/05,7:34:35,4.5
下游闸内水位,2023/10/05,7:36:00,4.5
下游闸外水位,2023/10/05,7:36:00,4.4
下游闸内水位,2023/10/05,7:55:46,4.8
下游闸外水位,2023/10/05,7:55:46,4.7
上游闸内水位,2023/10/05,7:58:30,4.8
上游闸外水位,2023/10/05,7:58:30,4.4
内河侧水位,2023/10/05,8:00:00,4.4
长江侧水位,2023/10/05,8:00:00,4.7
上游闸内水位,2023/10/05,8:00:15,4.5
上游闸外水位,2023/10/05,8:00:15,4.4
上游闸内水位,2023/10/05,8:27:31,4.5
上游闸外水位,2023/10/05,8:27:31,4.5
下游闸内水位,2023/10/05,8:30:44,4.5
下游闸外水位,2023/10/05,8:30:44,4.9
下游闸内水位,2023/10/05,8:51:19,5.0
下游闸外水位,2023/10/05,8:51:19,5.0
上游闸内水位,2023/10/05,8:53:57,5.0
上游闸外水位,2023/10/05,8:53:57,4.6
上游闸内水位,2023/10/05,8:55:56,4.7
上游闸外水位,2023/10/05,8:55:56,4.5
内河侧水位,2023/10/05,9:00:00,4.5
长江侧水位,2023/10/05,9:00:00,5.0
上游闸内水位,2023/10/05,9:19:44,4.6
上游闸外水位,2023/10/05,9:19:44,4.6
下游闸内水位,2023/10/05,9:22:24,4.7
下游闸外水位,2023/10/05,9:22:24,5.0
下游闸内水位,2023/10/05,9:23:49,4.9
下游闸外水位,2023/10/05,9:23:49,5.0
内河侧水位,2023/10/05,20:00:00,4.6
长江侧水位,2023/10/05,20:00:00,5.1
上游闸内水位,2023/10/05,20:05:48,4.7
上游闸外水位,2023/10/05,20:05:48,4.6
下游闸内水位,2023/10/05,20:08:24,4.7
下游闸外水位,2023/10/05,20:08:24,5.2
下游闸内水位,2023/10/05,20:10:25,5.0
下游闸外水位,2023/10/05,20:10:25,5.2
下游闸内水位,2023/10/05,20:47:34,5.5
下游闸外水位,2023/10/05,20:47:34,5.4
上游闸内水位,2023/10/05,20:50:09,5.5
上游闸外水位,2023/10/05,20:50:09,4.8
上游闸内水位,2023/10/05,20:55:57,4.8
上游闸外水位,2023/10/05,20:55:57,4.8
内河侧水位,2023/10/05,21:00:00,4.8
长江侧水位,2023/10/05,21:00:00,5.4
下游闸内水位,2023/10/05,21:44:01,5.3
下游闸外水位,2023/10/05,21:44:01,5.5
内河侧水位,2023/10/05,22:00:00,4.9
长江侧水位,2023/10/05,22:00:00,5.5
下游闸内水位,2023/10/05,22:21:06,5.5
下游闸外水位,2023/10/05,22:21:06,5.4
上游闸内水位,2023/10/05,22:23:49,5.5
上游闸外水位,2023/10/05,22:23:49,4.9
上游闸内水位,2023/10/05,22:27:43,4.9
上游闸外水位,2023/10/05,22:27:43,4.9
上游闸内水位,2023/10/05,22:59:47,5.0
上游闸外水位,2023/10/05,22:59:47,4.9
内河侧水位,2023/10/05,23:00:00,4.9
长江侧水位,2023/10/05,23:00:00,5.3
下游闸内水位,2023/10/05,23:02:53,5.0
下游闸外水位,2023/10/05,23:02:53,5.3
下游闸内水位,2023/10/05,23:38:47,5.2
下游闸外水位,2023/10/05,23:38:47,5.1
上游闸内水位,2023/10/05,23:40:39,5.2
上游闸外水位,2023/10/05,23:40:39,4.9
内河侧水位,2023/10/06,0:00:00,4.8
长江侧水位,2023/10/06,0:00:00,5.1
上游闸内水位,2023/10/06,0:32:44,4.8
上游闸外水位,2023/10/06,0:32:44,4.8
下游闸内水位,2023/10/06,0:35:08,4.8
下游闸外水位,2023/10/06,0:35:08,4.9
内河侧水位,2023/10/06,1:00:00,4.7
长江侧水位,2023/10/06,1:00:00,4.9
下游闸内水位,2023/10/06,1:19:34,4.9
下游闸外水位,2023/10/06,1:19:34,4.8
上游闸内水位,2023/10/06,1:21:30,4.9
上游闸外水位,2023/10/06,1:21:30,4.7
上游闸内水位,2023/10/06,1:39:28,4.7
上游闸外水位,2023/10/06,1:39:28,4.7
下游闸内水位,2023/10/06,1:39:49,4.7
下游闸外水位,2023/10/06,1:39:49,4.8
下游闸外水位,2023/10/06,15:10:47,4.1
下游闸内水位,2023/10/06,15:40:52,4.2
下游闸外水位,2023/10/06,15:40:52,4.1
下游闸内水位,2023/10/06,15:41:23,4.2
下游闸外水位,2023/10/06,15:41:23,4.1
上游闸内水位,2023/10/06,15:43:53,4.1
上游闸外水位,2023/10/06,15:43:53,4.1
内河侧水位,2023/10/06,16:00:00,4.1
长江侧水位,2023/10/06,16:00:00,4.1
上游闸内水位,2023/10/06,16:17:57,4.1
上游闸外水位,2023/10/06,16:17:57,4.1
下游闸内水位,2023/10/06,16:20:30,4.1
下游闸外水位,2023/10/06,16:20:30,4.1
下游闸内水位,2023/10/06,16:21:51,4.1
下游闸内水位,2023/10/05,9:54:01,5.1
下游闸外水位,2023/10/05,9:54:01,5.0
上游闸内水位,2023/10/05,9:58:20,5.1
上游闸外水位,2023/10/05,9:58:20,4.7
内河侧水位,2023/10/05,10:00:00,4.7
长江侧水位,2023/10/05,10:00:00,5.0
上游闸内水位,2023/10/05,10:00:07,4.8
上游闸外水位,2023/10/05,10:00:07,4.6
上游闸内水位,2023/10/05,10:39:09,4.7
上游闸外水位,2023/10/05,10:39:09,4.7
下游闸内水位,2023/10/05,10:41:45,4.7
下游闸外水位,2023/10/05,10:41:45,4.9
下游闸内水位,2023/10/05,10:43:03,4.8
下游闸外水位,2023/10/05,10:43:03,4.9
内河侧水位,2023/10/05,11:00:00,4.6
长江侧水位,2023/10/05,11:00:00,4.9
下游闸内水位,2023/10/05,11:04:51,4.9
下游闸外水位,2023/10/05,11:04:51,4.9
上游闸内水位,2023/10/05,11:07:32,4.9
上游闸外水位,2023/10/05,11:07:32,4.6
上游闸内水位,2023/10/05,11:10:43,4.6
上游闸外水位,2023/10/05,11:10:43,4.6
上游闸内水位,2023/10/05,11:35:53,4.6
上游闸外水位,2023/10/05,11:35:53,4.6
下游闸内水位,2023/10/05,11:38:31,4.6
下游闸外水位,2023/10/05,11:38:31,4.7
上游闸内水位,2023/10/05,11:49:14,4.7
上游闸外水位,2023/10/05,11:49:14,4.6
上游闸内水位,2023/10/05,11:49:37,4.8
上游闸外水位,2023/10/05,11:49:37,4.6
内河侧水位,2023/10/05,12:00:00,4.6
长江侧水位,2023/10/05,12:00:00,4.6
内河侧水位,2023/10/05,13:00:00,4.6
长江侧水位,2023/10/05,13:00:00,4.6
内河侧水位,2023/10/05,14:00:00,4.5
长江侧水位,2023/10/05,14:00:00,4.5
内河侧水位,2023/10/05,15:00:00,4.3
长江侧水位,2023/10/05,15:00:00,4.4
下游闸内水位,2023/10/05,15:53:11,4.2
下游闸外水位,2023/10/05,15:53:11,4.3
内河侧水位,2023/10/05,16:00:00,4.3
长江侧水位,2023/10/05,16:00:00,4.3
上游闸内水位,2023/10/05,16:35:26,4.3
上游闸外水位,2023/10/05,16:35:26,4.2
下游闸内水位,2023/10/05,16:38:04,4.3
下游闸外水位,2023/10/05,16:38:04,4.2
下游闸内水位,2023/10/05,16:39:19,4.3
下游闸外水位,2023/10/05,16:39:19,4.3
下游闸内水位,2023/10/05,16:55:14,4.3
下游闸外水位,2023/10/05,16:55:14,4.2
上游闸内水位,2023/10/05,16:58:05,4.3
上游闸外水位,2023/10/05,16:58:05,4.2
内河侧水位,2023/10/05,17:00:00,4.2
长江侧水位,2023/10/05,17:00:00,4.2
上游闸内水位,2023/10/05,17:21:22,4.2
上游闸外水位,2023/10/05,17:21:22,4.2
下游闸内水位,2023/10/05,17:24:17,4.2
下游闸外水位,2023/10/05,17:24:17,4.2
下游闸内水位,2023/10/05,17:25:36,4.3
下游闸外水位,2023/10/05,17:25:36,4.2
内河侧水位,2023/10/05,18:00:00,4.2
长江侧水位,2023/10/05,18:00:00,4.2
下游闸内水位,2023/10/05,18:03:57,4.3
下游闸外水位,2023/10/05,18:03:57,4.2
上游闸内水位,2023/10/05,18:06:37,4.3
上游闸外水位,2023/10/05,18:06:37,4.2
上游闸内水位,2023/10/05,18:08:09,4.2
上游闸外水位,2023/10/05,18:08:09,4.2
上游闸内水位,2023/10/05,18:49:38,4.3
上游闸外水位,2023/10/05,18:49:38,4.3
下游闸内水位,2023/10/05,18:52:12,4.3
下游闸外水位,2023/10/05,18:52:12,4.5
下游闸内水位,2023/10/05,18:55:49,4.6
下游闸外水位,2023/10/05,18:55:49,4.5
内河侧水位,2023/10/05,19:00:00,4.3
长江侧水位,2023/10/05,19:00:00,4.6
下游闸内水位,2023/10/05,19:29:20,5.0
下游闸外水位,2023/10/05,19:29:20,4.9
内河侧水位,2023/10/06,2:00:00,4.6
长江侧水位,2023/10/06,2:00:00,4.7
下游闸内水位,2023/10/06,2:08:18,4.8
下游闸外水位,2023/10/06,2:08:18,4.7
上游闸内水位,2023/10/06,2:11:03,4.8
上游闸外水位,2023/10/06,2:11:03,4.6
上游闸内水位,2023/10/06,2:12:38,4.7
上游闸外水位,2023/10/06,2:12:38,4.6
下游闸内水位,2023/10/06,2:55:32,4.6
下游闸外水位,2023/10/06,2:55:32,4.6
下游闸内水位,2023/10/06,2:57:05,4.7
下游闸外水位,2023/10/06,2:57:05,4.6
内河侧水位,2023/10/06,3:00:00,4.5
长江侧水位,2023/10/06,3:00:00,4.6
下游闸内水位,2023/10/06,3:39:31,4.6
下游闸外水位,2023/10/06,3:39:31,4.5
上游闸内水位,2023/10/06,3:42:20,4.6
上游闸外水位,2023/10/06,3:42:20,4.4
上游闸内水位,2023/10/06,3:43:51,4.5
上游闸外水位,2023/10/06,3:43:51,4.5
内河侧水位,2023/10/06,4:00:00,4.4
长江侧水位,2023/10/06,4:00:00,4.5
上游闸内水位,2023/10/06,4:22:09,4.4
上游闸外水位,2023/10/06,4:22:09,4.4
下游闸内水位,2023/10/06,4:24:58,4.4
下游闸外水位,2023/10/06,4:24:58,4.4
下游闸内水位,2023/10/06,4:26:25,4.5
下游闸外水位,2023/10/06,4:26:25,4.4
下游闸内水位,2023/10/06,4:59:38,4.4
下游闸外水位,2023/10/06,4:59:38,4.3
内河侧水位,2023/10/06,5:00:00,4.3
长江侧水位,2023/10/06,5:00:00,4.3
上游闸内水位,2023/10/06,5:02:16,4.4
上游闸外水位,2023/10/06,5:02:16,4.3
上游闸内水位,2023/10/06,5:03:48,4.3
上游闸外水位,2023/10/06,5:03:48,4.3
上游闸内水位,2023/10/06,5:38:26,4.3
上游闸外水位,2023/10/06,5:38:26,4.3
下游闸内水位,2023/10/06,5:40:58,4.3
下游闸外水位,2023/10/06,5:40:58,4.2
下游闸内水位,2023/10/06,5:42:17,4.3
下游闸外水位,2023/10/06,5:42:17,4.2
内河侧水位,2023/10/06,6:00:00,4.2
长江侧水位,2023/10/06,6:00:00,4.2
下游闸内水位,2023/10/06,6:16:15,4.3
下游闸外水位,2023/10/06,6:16:15,4.2
上游闸内水位,2023/10/06,6:18:52,4.3
上游闸外水位,2023/10/06,6:18:52,4.2
上游闸内水位,2023/10/06,6:20:27,4.2
上游闸外水位,2023/10/06,6:20:27,4.2
上游闸内水位,2023/10/06,6:58:24,4.2
上游闸外水位,2023/10/06,6:58:24,4.2
内河侧水位,2023/10/06,7:00:00,4.2
长江侧水位,2023/10/06,7:00:00,4.2
下游闸内水位,2023/10/06,7:01:00,4.2
下游闸外水位,2023/10/06,7:01:00,4.2
下游闸内水位,2023/10/06,7:02:17,4.2
下游闸外水位,2023/10/06,7:02:17,4.1
下游闸内水位,2023/10/06,7:33:05,4.2
下游闸外水位,2023/10/06,7:33:05,4.2
上游闸内水位,2023/10/06,7:35:41,4.2
上游闸外水位,2023/10/06,7:35:41,4.2
上游闸内水位,2023/10/06,7:37:11,4.2
上游闸外水位,2023/10/06,7:37:11,4.2
内河侧水位,2023/10/06,8:00:00,4.2
长江侧水位,2023/10/06,8:00:00,4.2
上游闸内水位,2023/10/06,8:01:26,4.2
上游闸外水位,2023/10/06,8:01:26,4.2
下游闸内水位,2023/10/06,8:04:14,4.2
下游闸外水位,2023/10/06,8:04:14,4.2
下游闸内水位,2023/10/06,8:05:32,4.3
下游闸外水位,2023/10/06,8:05:32,4.3
下游闸内水位,2023/10/06,8:19:12,4.4
下游闸外水位,2023/10/06,8:19:12,4.3
上游闸内水位,2023/10/06,8:22:16,4.3
上游闸外水位,2023/10/06,8:22:16,4.2
上游闸内水位,2023/10/06,8:23:45,4.3
上游闸外水位,2023/10/06,8:23:45,4.2
上游闸内水位,2023/10/06,8:42:27,4.3
上游闸外水位,2023/10/06,8:42:27,4.3
下游闸内水位,2023/10/06,8:45:00,4.3
下游闸外水位,2023/10/06,8:45:00,4.4
内河侧水位,2023/10/06,9:00:00,4.3
长江侧水位,2023/10/06,9:00:00,4.4
下游闸内水位,2023/10/06,9:00:44,4.5
下游闸外水位,2023/10/06,9:00:44,4.5
上游闸内水位,2023/10/06,9:03:22,4.6
上游闸外水位,2023/10/06,9:03:22,4.3
上游闸内水位,2023/10/06,9:04:53,4.4
上游闸外水位,2023/10/06,9:04:53,4.3
上游闸内水位,2023/10/06,9:27:03,4.4
上游闸外水位,2023/10/06,9:27:03,4.3
下游闸内水位,2023/10/06,9:29:38,4.4
下游闸外水位,2023/10/06,9:29:38,4.5
下游闸内水位,2023/10/06,9:30:56,4.5
下游闸外水位,2023/10/06,9:30:56,4.5
下游闸外水位,2023/10/06,16:21:51,4.1
下游闸内水位,2023/10/06,16:51:22,4.1
下游闸外水位,2023/10/06,16:51:22,4.0
上游闸内水位,2023/10/06,16:53:58,4.1
上游闸外水位,2023/10/06,16:53:58,4.0
上游闸内水位,2023/10/06,16:55:25,4.1
上游闸外水位,2023/10/06,16:55:25,4.0
内河侧水位,2023/10/06,17:00:01,4.0
长江侧水位,2023/10/06,17:00:01,4.0
上游闸内水位,2023/10/06,17:16:20,4.0
上游闸外水位,2023/10/06,17:16:20,4.0
下游闸内水位,2023/10/06,17:18:53,4.1
下游闸外水位,2023/10/06,17:18:53,4.0
下游闸内水位,2023/10/06,17:20:16,4.1
下游闸外水位,2023/10/06,17:20:16,4.0
下游闸内水位,2023/10/06,17:43:40,4.1
下游闸外水位,2023/10/06,17:43:40,4.0
上游闸内水位,2023/10/06,17:46:15,4.0
上游闸外水位,2023/10/06,17:46:15,4.0
上游闸内水位,2023/10/06,17:47:43,4.0
上游闸外水位,2023/10/06,17:47:43,4.0
内河侧水位,2023/10/06,18:00:00,4.0
长江侧水位,2023/10/06,18:00:00,4.0
上游闸内水位,2023/10/06,18:19:15,4.0
上游闸外水位,2023/10/06,18:19:15,4.0
下游闸内水位,2023/10/06,18:22:06,4.0
下游闸外水位,2023/10/06,18:22:06,4.0
下游闸内水位,2023/10/06,18:23:23,4.0
下游闸外水位,2023/10/06,18:23:23,4.0
下游闸内水位,2023/10/06,18:38:46,4.1
下游闸外水位,2023/10/06,18:38:46,4.0
上游闸内水位,2023/10/06,18:41:27,4.1
上游闸外水位,2023/10/06,18:41:27,4.0
上游闸内水位,2023/10/06,18:42:57,4.0
上游闸外水位,2023/10/06,18:42:57,4.0
内河侧水位,2023/10/06,19:00:00,4.0
长江侧水位,2023/10/06,19:00:00,4.0
上游闸内水位,2023/10/06,19:02:20,4.0
上游闸外水位,2023/10/06,19:02:20,4.0
下游闸内水位,2023/10/06,19:04:57,4.1
下游闸外水位,2023/10/06,19:04:57,4.0
下游闸内水位,2023/10/06,19:06:36,4.1
下游闸外水位,2023/10/06,19:06:36,4.0
下游闸内水位,2023/10/06,19:37:27,4.2
下游闸外水位,2023/10/06,19:37:27,4.2
上游闸内水位,2023/10/06,19:40:16,4.3
上游闸外水位,2023/10/06,19:40:16,4.1
上游闸内水位,2023/10/06,19:41:59,4.2
上游闸外水位,2023/10/06,19:41:59,4.1
内河侧水位,2023/10/06,20:00:00,4.2
长江侧水位,2023/10/06,20:00:00,4.3
上游闸内水位,2023/10/06,20:16:37,4.3
上游闸外水位,2023/10/06,20:16:37,4.2
下游闸内水位,2023/10/06,20:19:09,4.3
下游闸外水位,2023/10/06,20:19:09,4.5
内河侧水位,2023/10/06,21:00:00,4.3
长江侧水位,2023/10/06,21:00:00,4.6
下游闸内水位,2023/10/06,21:01:22,4.7
下游闸外水位,2023/10/06,21:01:22,4.7
上游闸内水位,2023/10/06,21:04:01,4.7
上游闸外水位,2023/10/06,21:04:01,4.4
上游闸内水位,2023/10/06,21:06:01,4.5
上游闸外水位,2023/10/06,21:06:01,4.4
下游闸内水位,2023/10/06,21:39:27,4.5
下游闸外水位,2023/10/06,21:39:27,4.8
上游闸内水位,2023/10/07,3:29:29,4.3
上游闸外水位,2023/10/07,3:29:29,4.3
下游闸内水位,2023/10/07,3:32:04,4.3
下游闸外水位,2023/10/07,3:32:04,4.3
下游闸内水位,2023/10/07,3:34:12,4.4
下游闸外水位,2023/10/07,3:34:12,4.3
内河侧水位,2023/10/07,4:00:00,4.2
长江侧水位,2023/10/07,4:00:00,4.2
下游闸内水位,2023/10/07,4:14:54,4.3
下游闸外水位,2023/10/07,4:14:54,4.2
上游闸内水位,2023/10/07,4:17:37,4.3
上游闸外水位,2023/10/07,4:17:37,4.2
上游闸内水位,2023/10/07,4:19:08,4.3
上游闸外水位,2023/10/07,4:19:08,4.2
上游闸内水位,2023/10/07,4:56:59,4.2
上游闸外水位,2023/10/07,4:56:59,4.2
下游闸内水位,2023/10/07,4:59:31,4.2
下游闸外水位,2023/10/07,4:59:31,4.2
内河侧水位,2023/10/07,5:00:00,4.2
长江侧水位,2023/10/07,5:00:00,4.2
下游闸内水位,2023/10/07,5:40:05,4.2
下游闸外水位,2023/10/07,5:40:05,4.1
上游闸内水位,2023/10/06,21:36:53,4.5
上游闸外水位,2023/10/06,21:36:53,4.4
上游闸内水位,2023/10/07,5:42:43,4.2
上游闸外水位,2023/10/07,5:42:43,4.1
上游闸内水位,2023/10/07,5:44:15,4.1
上游闸外水位,2023/10/07,5:44:15,4.1
内河侧水位,2023/10/07,6:00:00,4.0
长江侧水位,2023/10/07,6:00:00,4.1
上游闸内水位,2023/10/07,6:22:05,4.1
上游闸外水位,2023/10/07,6:22:05,4.1
下游闸内水位,2023/10/07,6:24:41,4.1
下游闸外水位,2023/10/07,6:24:41,4.1
下游闸内水位,2023/10/07,6:54:30,4.1
下游闸外水位,2023/10/07,6:54:30,4.1
上游闸内水位,2023/10/07,6:57:06,4.1
上游闸外水位,2023/10/07,6:57:06,4.1
上游闸内水位,2023/10/07,6:58:37,4.1
上游闸外水位,2023/10/07,6:58:37,4.1
内河侧水位,2023/10/07,7:00:00,4.0
长江侧水位,2023/10/07,7:00:00,4.1
上游闸内水位,2023/10/07,7:29:36,4.1
上游闸外水位,2023/10/07,7:29:36,4.0
下游闸内水位,2023/10/07,7:32:17,4.1
下游闸外水位,2023/10/07,7:32:17,4.0
下游闸内水位,2023/10/07,7:53:10,4.1
下游闸外水位,2023/10/07,7:53:10,4.0
上游闸内水位,2023/10/07,7:56:00,4.1
上游闸外水位,2023/10/07,7:56:00,4.0
上游闸内水位,2023/10/07,7:57:31,4.1
上游闸外水位,2023/10/07,7:57:31,4.0
内河侧水位,2023/10/07,8:00:00,4.0
长江侧水位,2023/10/07,8:00:00,4.0
上游闸内水位,2023/10/07,8:07:42,4.0
上游闸外水位,2023/10/07,8:07:42,4.0
下游闸内水位,2023/10/07,8:10:21,4.1
下游闸外水位,2023/10/07,8:10:21,4.1
下游闸内水位,2023/10/07,8:41:29,4.2
下游闸外水位,2023/10/07,8:41:29,4.1
上游闸内水位,2023/10/07,8:44:17,4.1
上游闸外水位,2023/10/07,8:44:17,4.1
上游闸内水位,2023/10/07,8:45:47,4.1
上游闸外水位,2023/10/07,8:45:47,4.1
内河侧水位,2023/10/07,9:00:00,4.1
长江侧水位,2023/10/07,9:00:00,4.1
上游闸内水位,2023/10/07,9:14:37,4.1
上游闸外水位,2023/10/07,9:14:37,4.1
下游闸内水位,2023/10/07,9:17:15,4.2
下游闸外水位,2023/10/07,9:17:15,4.1
下游闸内水位,2023/10/07,9:18:35,4.2
下游闸外水位,2023/10/07,9:18:35,4.1
内河侧水位,2023/10/07,16:00:00,4.0
长江侧水位,2023/10/07,16:00:00,4.1
下游闸内水位,2023/10/07,16:32:11,4.1
下游闸外水位,2023/10/07,16:32:11,4.0
上游闸内水位,2023/10/07,16:34:47,4.1
上游闸外水位,2023/10/07,16:34:47,3.9
上游闸内水位,2023/10/07,16:36:29,4.0
上游闸外水位,2023/10/07,16:36:29,3.9
内河侧水位,2023/10/07,17:00:00,3.9
长江侧水位,2023/10/07,17:00:00,4.0
上游闸内水位,2023/10/07,17:17:28,3.9
上游闸外水位,2023/10/07,17:17:28,3.9
下游闸内水位,2023/10/07,17:20:08,3.9
下游闸外水位,2023/10/07,17:20:08,4.0
下游闸内水位,2023/10/07,17:21:43,4.0
下游闸外水位,2023/10/07,17:21:43,4.0
内河侧水位,2023/10/07,18:00:00,3.9
长江侧水位,2023/10/07,18:00:00,4.0
下游闸内水位,2023/10/07,18:02:00,4.1
下游闸外水位,2023/10/07,18:02:00,4.0
上游闸内水位,2023/10/07,18:05:02,4.1
上游闸外水位,2023/10/07,18:05:02,3.9
上游闸内水位,2023/10/07,18:06:35,4.0
上游闸外水位,2023/10/07,18:06:35,3.9
下游闸内水位,2023/10/07,21:35:01,4.3
下游闸外水位,2023/10/07,21:35:01,4.4
下游闸内水位,2023/10/07,21:36:25,4.4
下游闸外水位,2023/10/07,21:36:25,4.4
上游闸内水位,2023/10/07,22:24:53,4.5
上游闸外水位,2023/10/07,22:24:53,4.4
下游闸内水位,2023/10/07,22:27:31,4.5
下游闸外水位,2023/10/07,22:27:31,4.6
下游闸内水位,2023/10/07,22:28:52,4.6
下游闸外水位,2023/10/07,22:28:52,4.6
内河侧水位,2023/10/07,23:00:00,4.5
长江侧水位,2023/10/07,23:00:00,4.6
下游闸内水位,2023/10/07,23:06:18,4.7
内河侧水位,2023/10/06,22:00:00,4.5
长江侧水位,2023/10/06,22:00:00,4.8
下游闸内水位,2023/10/06,22:23:07,4.9
下游闸外水位,2023/10/06,22:23:07,4.8
上游闸内水位,2023/10/06,22:27:57,4.9
上游闸外水位,2023/10/06,22:27:57,4.5
上游闸内水位,2023/10/06,22:29:50,4.7
上游闸外水位,2023/10/06,22:29:50,4.5
内河侧水位,2023/10/06,23:00:00,4.6
长江侧水位,2023/10/06,23:00:00,4.8
上游闸内水位,2023/10/06,23:00:46,4.6
上游闸外水位,2023/10/06,23:00:46,4.6
下游闸内水位,2023/10/06,23:03:16,4.6
下游闸外水位,2023/10/06,23:03:16,4.8
下游闸内水位,2023/10/06,23:04:54,4.8
下游闸外水位,2023/10/06,23:04:54,4.8
下游闸内水位,2023/10/06,23:43:20,4.8
下游闸外水位,2023/10/06,23:43:20,4.7
上游闸内水位,2023/10/06,23:46:01,4.8
上游闸外水位,2023/10/06,23:46:01,4.6
上游闸内水位,2023/10/06,23:47:30,4.7
上游闸外水位,2023/10/06,23:47:30,4.6
内河侧水位,2023/10/07,0:00:00,4.6
长江侧水位,2023/10/07,0:00:00,4.7
上游闸内水位,2023/10/07,0:28:14,4.6
上游闸外水位,2023/10/07,0:28:14,4.5
下游闸内水位,2023/10/07,0:31:50,4.6
下游闸外水位,2023/10/07,0:31:50,4.6
下游闸内水位,2023/10/07,0:37:37,4.7
下游闸外水位,2023/10/07,0:37:37,4.6
内河侧水位,2023/10/07,1:00:00,4.5
长江侧水位,2023/10/07,1:00:00,4.6
下游闸内水位,2023/10/07,1:16:13,4.6
下游闸外水位,2023/10/07,1:16:13,4.6
上游闸内水位,2023/10/07,1:18:50,4.6
上游闸外水位,2023/10/07,1:18:50,4.5
上游闸内水位,2023/10/07,1:20:19,4.5
上游闸外水位,2023/10/07,1:20:19,4.5
上游闸内水位,2023/10/07,1:59:31,4.4
上游闸外水位,2023/10/07,1:59:31,4.4
内河侧水位,2023/10/07,2:00:00,4.4
长江侧水位,2023/10/07,2:00:00,4.5
下游闸内水位,2023/10/07,2:02:05,4.5
下游闸外水位,2023/10/07,2:02:05,4.5
下游闸内水位,2023/10/07,2:03:25,4.5
下游闸外水位,2023/10/07,2:03:25,4.5
下游闸内水位,2023/10/07,2:47:34,4.5
下游闸外水位,2023/10/07,2:47:34,4.4
上游闸内水位,2023/10/07,2:50:11,4.4
上游闸外水位,2023/10/07,2:50:11,4.3
上游闸内水位,2023/10/07,2:51:42,4.4
上游闸外水位,2023/10/07,2:51:42,4.3
内河侧水位,2023/10/07,3:00:00,4.3
长江侧水位,2023/10/07,3:00:00,4.4
下游闸内水位,2023/10/07,9:53:48,4.3
下游闸外水位,2023/10/07,9:53:48,4.2
上游闸内水位,2023/10/07,9:56:25,4.3
上游闸外水位,2023/10/07,9:56:25,4.1
上游闸内水位,2023/10/07,9:58:15,4.2
上游闸外水位,2023/10/07,9:58:15,4.2
内河侧水位,2023/10/07,10:00:00,4.2
长江侧水位,2023/10/07,10:00:00,4.2
上游闸内水位,2023/10/07,10:39:03,4.2
上游闸外水位,2023/10/07,10:39:03,4.2
下游闸内水位,2023/10/07,10:42:01,4.3
下游闸外水位,2023/10/07,10:42:01,4.2
下游闸内水位,2023/10/07,10:59:36,4.3
下游闸外水位,2023/10/07,10:59:36,4.3
内河侧水位,2023/10/07,11:00:00,4.2
长江侧水位,2023/10/07,11:00:00,4.3
上游闸内水位,2023/10/07,11:02:14,4.3
上游闸外水位,2023/10/07,11:02:14,4.2
上游闸内水位,2023/10/07,11:03:44,4.3
上游闸外水位,2023/10/07,11:03:44,4.2
上游闸内水位,2023/10/07,11:34:00,4.3
上游闸外水位,2023/10/07,11:34:00,4.2
下游闸内水位,2023/10/07,11:36:39,4.3
下游闸外水位,2023/10/07,11:36:39,4.3
上游闸内水位,2023/10/07,11:53:48,4.3
上游闸外水位,2023/10/07,11:53:48,4.2
内河侧水位,2023/10/07,12:00:00,4.2
长江侧水位,2023/10/07,12:00:00,4.2
内河侧水位,2023/10/07,13:00:00,4.2
长江侧水位,2023/10/07,13:00:00,4.2
内河侧水位,2023/10/07,14:00:00,4.2
长江侧水位,2023/10/07,14:00:00,4.1
内河侧水位,2023/10/07,15:00:00,4.1
长江侧水位,2023/10/07,15:00:00,4.1
上游闸内水位,2023/10/07,15:57:17,4.1
上游闸外水位,2023/10/07,15:57:17,4.1
上游闸内水位,2023/10/07,18:37:22,3.8
上游闸外水位,2023/10/07,18:37:22,3.8
下游闸内水位,2023/10/07,18:44:49,3.9
下游闸外水位,2023/10/07,18:44:49,4.0
内河侧水位,2023/10/07,19:00:00,4.0
长江侧水位,2023/10/07,19:00:00,4.0
下游闸内水位,2023/10/07,19:23:11,4.2
下游闸外水位,2023/10/07,19:23:11,4.1
上游闸内水位,2023/10/07,19:26:10,4.2
上游闸外水位,2023/10/07,19:26:10,4.0
上游闸内水位,2023/10/07,19:27:45,4.1
上游闸外水位,2023/10/07,19:27:45,4.0
上游闸内水位,2023/10/07,19:44:42,4.1
上游闸外水位,2023/10/07,19:44:42,4.1
下游闸内水位,2023/10/07,19:47:40,4.1
下游闸外水位,2023/10/07,19:47:40,4.1
内河侧水位,2023/10/07,20:00:00,4.1
长江侧水位,2023/10/07,20:00:00,4.1
下游闸内水位,2023/10/07,20:15:33,4.3
下游闸外水位,2023/10/07,20:15:33,4.2
上游闸内水位,2023/10/07,20:18:32,4.3
上游闸外水位,2023/10/07,20:18:32,4.1
上游闸内水位,2023/10/07,20:20:02,4.2
上游闸外水位,2023/10/07,20:20:02,4.1
内河侧水位,2023/10/07,21:00:00,4.2
长江侧水位,2023/10/07,21:00:00,4.3
上游闸内水位,2023/10/07,21:31:55,4.3
上游闸外水位,2023/10/07,21:31:55,4.3
下游闸内水位,2023/10/07,21:50:57,4.6
下游闸外水位,2023/10/07,21:50:57,4.5
上游闸内水位,2023/10/07,21:53:35,4.6
上游闸外水位,2023/10/07,21:53:35,4.3
上游闸内水位,2023/10/07,21:55:10,4.4
上游闸外水位,2023/10/07,21:55:10,4.4
内河侧水位,2023/10/07,22:00:00,4.4
长江侧水位,2023/10/07,22:00:00,4.5
下游闸外水位,2023/10/07,23:06:18,4.7
上游闸内水位,2023/10/07,23:08:57,4.7
上游闸外水位,2023/10/07,23:08:57,4.5
上游闸内水位,2023/10/07,23:10:32,4.6
上游闸外水位,2023/10/07,23:10:32,4.5
上游闸内水位,2023/10/07,23:24:23,4.6
上游闸外水位,2023/10/07,23:24:23,4.5
下游闸内水位,2023/10/07,23:27:03,4.6
下游闸外水位,2023/10/07,23:27:03,4.6
下游闸内水位,2023/10/07,23:28:45,4.7
下游闸外水位,2023/10/07,23:28:45,4.7
下游闸内水位,2023/10/07,23:53:20,4.7
下游闸外水位,2023/10/07,23:53:20,4.7
上游闸内水位,2023/10/07,23:55:56,4.7
上游闸外水位,2023/10/07,23:55:56,4.5
上游闸内水位,2023/10/07,23:57:32,4.6
上游闸外水位,2023/10/07,23:57:32,4.5
内河侧水位,2023/10/08,0:00:00,4.5
长江侧水位,2023/10/08,0:00:00,4.6
上游闸内水位,2023/10/08,0:35:08,4.5
上游闸外水位,2023/10/08,0:35:08,4.5
下游闸内水位,2023/10/08,0:37:52,4.6
下游闸外水位,2023/10/08,0:37:52,4.6
内河侧水位,2023/10/08,1:00:00,4.5
长江侧水位,2023/10/08,1:00:00,4.6
下游闸内水位,2023/10/08,1:15:35,4.6
下游闸外水位,2023/10/08,1:15:35,4.6
上游闸内水位,2023/10/08,1:18:23,4.6
上游闸外水位,2023/10/08,1:18:23,4.5
上游闸内水位,2023/10/08,1:20:25,4.5
上游闸外水位,2023/10/08,1:20:25,4.5
上游闸内水位,2023/10/08,1:35:29,4.5
上游闸外水位,2023/10/08,1:35:29,4.5
下游闸内水位,2023/10/08,1:39:24,4.5
下游闸外水位,2023/10/08,1:39:24,4.6
内河侧水位,2023/10/08,2:00:00,4.5
长江侧水位,2023/10/08,2:00:00,4.5
下游闸内水位,2023/10/08,2:09:48,4.6
下游闸外水位,2023/10/08,2:09:48,4.5
上游闸内水位,2023/10/08,2:12:28,4.6
上游闸外水位,2023/10/08,2:12:28,4.5
上游闸内水位,2023/10/08,2:14:02,4.5
上游闸外水位,2023/10/08,2:14:02,4.5
上游闸内水位,2023/10/08,2:53:51,4.5
上游闸外水位,2023/10/08,2:53:51,4.4
下游闸内水位,2023/10/08,2:56:33,4.5
下游闸外水位,2023/10/08,2:56:33,4.5
下游闸内水位,2023/10/08,2:57:55,4.5
下游闸外水位,2023/10/08,2:57:55,4.5
内河侧水位,2023/10/08,3:00:00,4.4
长江侧水位,2023/10/08,3:00:00,4.5
下游闸内水位,2023/10/08,3:33:46,4.5
下游闸外水位,2023/10/08,3:33:46,4.5
上游闸内水位,2023/10/08,3:36:23,4.5
上游闸外水位,2023/10/08,3:36:23,4.4
上游闸内水位,2023/10/08,3:38:01,4.4
上游闸外水位,2023/10/08,3:38:01,4.4
内河侧水位,2023/10/08,4:00:00,4.4
长江侧水位,2023/10/08,4:00:00,4.4
上游闸内水位,2023/10/08,4:15:07,4.4
上游闸外水位,2023/10/08,4:15:07,4.4
下游闸内水位,2023/10/08,4:17:42,4.4
下游闸外水位,2023/10/08,4:17:42,4.4
下游闸内水位,2023/10/08,4:51:55,4.4
下游闸外水位,2023/10/08,4:51:55,4.4
上游闸内水位,2023/10/08,4:54:31,4.4
上游闸外水位,2023/10/08,4:54:31,4.3
上游闸内水位,2023/10/08,4:56:05,4.4
上游闸外水位,2023/10/08,4:56:05,4.3
内河侧水位,2023/10/08,5:00:00,4.3
长江侧水位,2023/10/08,5:00:00,4.4
上游闸内水位,2023/10/08,5:34:25,4.3
上游闸外水位,2023/10/08,5:34:25,4.3
下游闸内水位,2023/10/08,5:37:09,4.3
下游闸外水位,2023/10/08,5:37:09,4.3
内河侧水位,2023/10/08,6:00:00,4.3
长江侧水位,2023/10/08,6:00:00,4.3
下游闸内水位,2023/10/08,6:17:55,4.3
下游闸外水位,2023/10/08,6:17:55,4.3
上游闸内水位,2023/10/08,6:20:36,4.3
上游闸外水位,2023/10/08,6:20:36,4.2
上游闸内水位,2023/10/08,6:22:15,4.3
上游闸外水位,2023/10/08,6:22:15,4.2
上游闸内水位,2023/10/08,6:51:07,4.2
上游闸外水位,2023/10/08,6:51:07,4.2
下游闸内水位,2023/10/08,6:53:41,4.2
下游闸外水位,2023/10/08,6:53:41,4.2
内河侧水位,2023/10/08,7:00:00,4.2
长江侧水位,2023/10/08,7:00:00,4.2
下游闸内水位,2023/10/08,7:24:17,4.2
下游闸外水位,2023/10/08,7:24:17,4.2
上游闸内水位,2023/10/08,7:26:54,4.2
上游闸外水位,2023/10/08,7:26:54,4.2
上游闸内水位,2023/10/08,7:28:47,4.2
上游闸外水位,2023/10/08,7:28:47,4.2
下游闸内水位,2023/10/08,7:57:37,4.2
下游闸外水位,2023/10/08,7:57:37,4.1
下游闸内水位,2023/10/08,7:58:55,4.2
下游闸外水位,2023/10/08,7:58:55,4.1
内河侧水位,2023/10/08,8:00:00,4.1
长江侧水位,2023/10/08,8:00:00,4.1
下游闸内水位,2023/10/08,8:10:36,4.2
下游闸外水位,2023/10/08,8:10:36,4.1
上游闸内水位,2023/10/08,8:13:13,4.2
上游闸外水位,2023/10/08,8:13:13,4.1
上游闸内水位,2023/10/08,8:14:46,4.1
上游闸外水位,2023/10/08,8:14:46,4.1
上游闸内水位,2023/10/08,8:43:22,4.1
上游闸外水位,2023/10/08,8:43:22,4.1
下游闸内水位,2023/10/08,8:45:59,4.1
下游闸外水位,2023/10/08,8:45:59,4.1
下游闸内水位,2023/10/08,8:47:21,4.2
下游闸外水位,2023/10/08,8:47:21,4.1
内河侧水位,2023/10/08,9:00:00,4.1
长江侧水位,2023/10/08,9:00:00,4.1
下游闸内水位,2023/10/08,9:18:24,4.1
下游闸外水位,2023/10/08,9:18:24,4.1
上游闸内水位,2023/10/08,9:21:16,4.1
上游闸外水位,2023/10/08,9:21:16,4.1
上游闸内水位,2023/10/08,9:22:53,4.1
上游闸外水位,2023/10/08,9:22:53,4.1
上游闸内水位,2023/10/08,9:40:39,4.1
上游闸外水位,2023/10/08,9:40:39,4.0
下游闸内水位,2023/10/08,9:44:05,4.1
下游闸外水位,2023/10/08,9:44:05,4.1
下游闸内水位,2023/10/08,9:45:41,4.1
下游闸外水位,2023/10/08,9:45:41,4.1
内河侧水位,2023/10/08,10:00:00,4.1
长江侧水位,2023/10/08,10:00:00,4.0
下游闸内水位,2023/10/08,10:05:48,4.1
下游闸外水位,2023/10/08,10:05:48,4.0
上游闸内水位,2023/10/08,21:44:22,4.1
上游闸外水位,2023/10/08,21:44:22,4.1
下游闸内水位,2023/10/08,21:47:03,4.1
下游闸外水位,2023/10/08,21:47:03,4.1
上游闸内水位,2023/10/08,7:55:01,4.2
上游闸外水位,2023/10/08,7:55:01,4.1
下游闸内水位,2023/10/08,14:39:51,4.1
下游闸外水位,2023/10/08,14:39:51,4.1
内河侧水位,2023/10/08,15:00:00,4.1
长江侧水位,2023/10/08,15:00:00,4.1
上游闸内水位,2023/10/08,15:15:12,4.1
上游闸外水位,2023/10/08,15:15:12,4.1
上游闸内水位,2023/10/08,16:44:30,4.1
上游闸外水位,2023/10/08,16:44:30,4.1
内河侧水位,2023/10/08,17:00:00,4.1
长江侧水位,2023/10/08,17:00:00,4.1
下游闸内水位,2023/10/08,17:22:01,4.2
下游闸外水位,2023/10/08,17:22:01,4.1
内河侧水位,2023/10/08,22:00:00,4.1
长江侧水位,2023/10/08,22:00:00,4.1
下游闸内水位,2023/10/08,22:32:39,4.2
下游闸外水位,2023/10/08,22:32:39,4.1
上游闸内水位,2023/10/08,22:35:17,4.2
上游闸外水位,2023/10/08,22:35:17,4.1
上游闸内水位,2023/10/08,22:36:47,4.1
上游闸外水位,2023/10/08,22:36:47,4.1
内河侧水位,2023/10/08,23:00:00,4.1
长江侧水位,2023/10/08,23:00:00,4.1
上游闸内水位,2023/10/08,23:20:06,4.1
上游闸外水位,2023/10/08,23:20:06,4.1
下游闸内水位,2023/10/08,23:22:51,4.2
下游闸外水位,2023/10/08,23:22:51,4.2
下游闸内水位,2023/10/08,23:59:47,4.4
下游闸外水位,2023/10/08,23:59:47,4.3
内河侧水位,2023/10/09,0:00:00,4.2
长江侧水位,2023/10/09,0:00:00,4.3
上游闸内水位,2023/10/09,0:02:25,4.4
上游闸外水位,2023/10/09,0:02:25,4.2
上游闸内水位,2023/10/09,0:03:56,4.3
上游闸外水位,2023/10/09,0:03:56,4.2
上游闸内水位,2023/10/09,0:40:28,4.3
上游闸外水位,2023/10/09,0:40:28,4.2
下游闸内水位,2023/10/09,0:43:09,4.3
下游闸外水位,2023/10/09,0:43:09,4.4
下游闸内水位,2023/10/09,0:44:27,4.4
下游闸外水位,2023/10/09,0:44:27,4.3
内河侧水位,2023/10/09,1:00:00,4.3
长江侧水位,2023/10/09,1:00:00,4.4
下游闸内水位,2023/10/09,1:32:26,4.5
下游闸外水位,2023/10/09,1:32:26,4.4
上游闸内水位,2023/10/09,1:36:21,4.5
上游闸外水位,2023/10/09,1:36:21,4.3
上游闸内水位,2023/10/09,1:37:54,4.4
上游闸外水位,2023/10/09,1:37:54,4.4
内河侧水位,2023/10/09,2:00:00,4.4
长江侧水位,2023/10/09,2:00:00,4.5
上游闸内水位,2023/10/09,2:12:37,4.4
上游闸外水位,2023/10/09,2:12:37,4.4
下游闸内水位,2023/10/09,2:14:44,4.4
下游闸外水位,2023/10/09,2:14:44,4.5
下游闸内水位,2023/10/09,2:58:27,4.6
下游闸外水位,2023/10/09,2:58:27,4.5
内河侧水位,2023/10/09,3:00:00,4.4
长江侧水位,2023/10/09,3:00:00,4.5
上游闸内水位,2023/10/09,3:00:36,4.5
上游闸外水位,2023/10/09,3:00:36,4.4
上游闸内水位,2023/10/09,3:37:56,4.4
上游闸外水位,2023/10/09,3:37:56,4.4
下游闸内水位,2023/10/09,3:40:40,4.4
下游闸外水位,2023/10/09,3:40:40,4.4
内河侧水位,2023/10/09,4:00:00,4.4
长江侧水位,2023/10/09,4:00:00,4.4
下游闸内水位,2023/10/09,4:19:46,4.5
下游闸外水位,2023/10/09,4:19:46,4.4
上游闸内水位,2023/10/09,4:23:19,4.5
上游闸外水位,2023/10/09,4:23:19,4.4
内河侧水位,2023/10/09,5:00:00,4.3
长江侧水位,2023/10/09,5:00:00,4.4
上游闸内水位,2023/10/09,5:02:44,4.4
上游闸外水位,2023/10/09,5:02:44,4.3
下游闸内水位,2023/10/09,5:05:19,4.4
下游闸外水位,2023/10/09,5:05:19,4.4
下游闸内水位,2023/10/09,5:06:39,4.4
下游闸外水位,2023/10/09,5:06:39,4.4
下游闸内水位,2023/10/09,5:42:41,4.4
下游闸外水位,2023/10/09,5:42:41,4.3
上游闸内水位,2023/10/09,5:45:22,4.4
上游闸外水位,2023/10/09,5:45:22,4.3
上游闸内水位,2023/10/09,5:46:53,4.3
上游闸外水位,2023/10/09,5:46:53,4.3
内河侧水位,2023/10/09,6:00:00,4.3
上游闸内水位,2023/10/08,10:08:41,4.1
上游闸外水位,2023/10/08,10:08:41,4.0
上游闸内水位,2023/10/08,10:10:12,4.1
上游闸外水位,2023/10/08,10:10:12,4.1
下游闸内水位,2023/10/09,8:10:53,4.2
下游闸外水位,2023/10/09,8:10:53,4.1
下游闸内水位,2023/10/09,9:33:07,4.0
下游闸外水位,2023/10/09,9:33:07,4.0
内河侧水位,2023/10/09,19:00:00,4.2
长江侧水位,2023/10/09,19:00:00,4.2
下游闸内水位,2023/10/09,21:36:43,4.1
下游闸外水位,2023/10/09,21:36:43,4.0
内河侧水位,2023/10/10,14:00:00,3.9
长江侧水位,2023/10/10,14:00:00,4.0
上游闸内水位,2023/10/10,23:58:11,3.9
上游闸外水位,2023/10/10,23:58:11,3.9
下游闸内水位,2023/10/11,3:03:16,4.4
下游闸外水位,2023/10/11,3:03:16,4.5
内河侧水位,2023/10/11,10:00:00,4.1
长江侧水位,2023/10/11,10:00:00,4.1
内河侧水位,2023/10/11,11:00:00,4.0
长江侧水位,2023/10/11,11:00:00,4.0
内河侧水位,2023/10/11,12:00:00,3.9
长江侧水位,2023/10/11,12:00:00,3.9
内河侧水位,2023/10/11,13:00:00,3.8
长江侧水位,2023/10/11,13:00:00,3.8
内河侧水位,2023/10/11,14:00:00,3.8
长江侧水位,2023/10/11,14:00:00,3.8
上游闸内水位,2023/10/11,14:18:33,3.8
上游闸外水位,2023/10/11,14:18:33,3.8
下游闸内水位,2023/10/11,14:53:57,4.1
下游闸外水位,2023/10/11,14:53:57,4.0
上游闸内水位,2023/10/11,14:56:36,4.1
上游闸外水位,2023/10/11,14:56:36,3.9
上游闸内水位,2023/10/11,14:57:36,4.1
上游闸外水位,2023/10/11,14:57:36,3.9
上游闸内水位,2023/10/11,14:59:04,4.0
上游闸外水位,2023/10/11,14:59:04,4.0
内河侧水位,2023/10/11,15:00:00,4.0
长江侧水位,2023/10/11,15:00:00,4.1
上游闸内水位,2023/10/11,15:34:25,4.2
上游闸外水位,2023/10/11,15:34:25,4.2
下游闸内水位,2023/10/11,15:37:46,4.3
下游闸外水位,2023/10/11,15:37:46,4.3
内河侧水位,2023/10/11,16:00:00,4.3
长江侧水位,2023/10/11,16:00:00,4.5
下游闸内水位,2023/10/11,16:15:49,4.6
下游闸外水位,2023/10/11,16:15:49,4.5
上游闸内水位,2023/10/11,16:18:44,4.6
上游闸外水位,2023/10/11,16:18:44,4.4
上游闸内水位,2023/10/11,16:20:14,4.5
上游闸外水位,2023/10/11,16:20:14,4.4
上游闸内水位,2023/10/11,16:53:06,4.5
上游闸外水位,2023/10/11,16:53:06,4.5
下游闸内水位,2023/10/11,16:55:56,4.5
下游闸外水位,2023/10/11,16:55:56,4.6
下游闸内水位,2023/10/11,16:57:31,4.7
下游闸外水位,2023/10/11,16:57:31,4.6
内河侧水位,2023/10/11,17:00:00,4.5
长江侧水位,2023/10/11,17:00:00,4.6
下游闸内水位,2023/10/11,17:32:18,4.7
下游闸外水位,2023/10/11,17:32:18,4.7
上游闸内水位,2023/10/11,17:34:57,4.7
上游闸外水位,2023/10/11,17:34:57,4.6
上游闸内水位,2023/10/11,17:36:30,4.6
上游闸外水位,2023/10/11,17:36:30,4.6
上游闸内水位,2023/10/11,17:59:26,4.6
上游闸外水位,2023/10/11,17:59:26,4.6
内河侧水位,2023/10/11,18:00:00,4.5
长江侧水位,2023/10/11,18:00:00,4.6
下游闸内水位,2023/10/11,18:02:07,4.6
下游闸外水位,2023/10/11,18:02:07,4.6
下游闸内水位,2023/10/11,18:03:24,4.7
下游闸外水位,2023/10/11,18:03:24,4.6
下游闸内水位,2023/10/11,18:14:34,4.6
下游闸外水位,2023/10/11,18:14:34,4.6
上游闸内水位,2023/10/11,18:17:14,4.7
上游闸外水位,2023/10/11,18:17:14,4.5
上游闸内水位,2023/10/11,18:18:41,4.6
上游闸外水位,2023/10/11,18:18:41,4.5
上游闸内水位,2023/10/11,18:47:16,4.5
上游闸外水位,2023/10/11,18:47:16,4.5
下游闸内水位,2023/10/11,18:49:45,4.5
下游闸外水位,2023/10/11,18:49:45,4.5
下游闸内水位,2023/10/11,18:51:01,4.6
下游闸外水位,2023/10/11,18:51:01,4.5
内河侧水位,2023/10/11,19:00:00,4.5
上游闸内水位,2023/10/08,10:40:00,4.1
上游闸外水位,2023/10/08,10:40:00,4.0
下游闸内水位,2023/10/08,10:42:31,4.1
下游闸外水位,2023/10/08,10:42:31,4.0
下游闸内水位,2023/10/08,10:43:49,4.1
下游闸外水位,2023/10/08,10:43:49,4.0
内河侧水位,2023/10/08,11:00:00,4.0
长江侧水位,2023/10/08,11:00:00,4.1
下游闸内水位,2023/10/08,11:00:49,4.1
下游闸外水位,2023/10/08,11:00:49,4.1
上游闸内水位,2023/10/08,11:03:24,4.1
上游闸外水位,2023/10/08,11:03:24,4.0
上游闸内水位,2023/10/08,11:04:53,4.1
上游闸外水位,2023/10/08,11:04:53,4.1
上游闸内水位,2023/10/08,11:25:36,4.1
上游闸外水位,2023/10/08,11:25:36,4.0
下游闸内水位,2023/10/08,11:28:08,4.1
下游闸外水位,2023/10/08,11:28:08,4.0
下游闸内水位,2023/10/08,11:29:31,4.1
下游闸外水位,2023/10/08,11:29:31,4.0
上游闸内水位,2023/10/08,11:38:09,4.1
上游闸外水位,2023/10/08,11:38:09,4.1
内河侧水位,2023/10/08,12:00:00,4.1
长江侧水位,2023/10/08,12:00:00,4.1
内河侧水位,2023/10/08,13:00:00,4.1
长江侧水位,2023/10/08,13:00:00,4.1
内河侧水位,2023/10/08,14:00:00,4.1
长江侧水位,2023/10/08,14:00:00,4.1
下游闸内水位,2023/10/08,14:00:14,4.1
下游闸外水位,2023/10/08,14:00:14,4.1
上游闸内水位,2023/10/08,14:35:57,4.1
上游闸外水位,2023/10/08,14:35:57,4.1
下游闸内水位,2023/10/08,14:38:32,4.1
下游闸外水位,2023/10/08,14:38:32,4.1
下游闸内水位,2023/10/08,14:51:47,4.1
下游闸外水位,2023/10/08,14:51:47,4.0
上游闸内水位,2023/10/08,14:54:24,4.1
上游闸外水位,2023/10/08,14:54:24,4.1
上游闸内水位,2023/10/08,14:55:52,4.1
上游闸外水位,2023/10/08,14:55:52,4.1
下游闸内水位,2023/10/08,15:18:06,4.1
下游闸外水位,2023/10/08,15:18:06,4.1
下游闸内水位,2023/10/08,15:19:23,4.1
下游闸外水位,2023/10/08,15:19:23,4.1
下游闸内水位,2023/10/08,15:55:22,4.2
下游闸外水位,2023/10/08,15:55:22,4.1
上游闸内水位,2023/10/08,15:58:09,4.1
上游闸外水位,2023/10/08,15:58:09,4.1
上游闸内水位,2023/10/08,15:59:42,4.1
上游闸外水位,2023/10/08,15:59:42,4.1
内河侧水位,2023/10/08,16:00:00,4.1
长江侧水位,2023/10/08,16:00:00,4.1
下游闸内水位,2023/10/08,16:47:06,4.1
下游闸外水位,2023/10/08,16:47:06,4.1
下游闸内水位,2023/10/08,16:49:54,4.2
下游闸外水位,2023/10/08,16:49:54,4.1
上游闸内水位,2023/10/08,17:25:51,4.1
上游闸外水位,2023/10/08,17:25:51,4.1
上游闸内水位,2023/10/08,17:27:20,4.1
上游闸外水位,2023/10/08,17:27:20,4.1
上游闸内水位,2023/10/08,17:47:16,4.1
上游闸外水位,2023/10/08,17:47:16,4.1
下游闸内水位,2023/10/08,17:50:53,4.1
下游闸外水位,2023/10/08,17:50:53,4.1
下游闸内水位,2023/10/08,17:52:11,4.1
下游闸外水位,2023/10/08,17:52:11,4.1
内河侧水位,2023/10/08,18:00:00,4.1
长江侧水位,2023/10/08,18:00:00,4.1
下游闸内水位,2023/10/08,18:00:51,4.1
下游闸外水位,2023/10/08,18:00:51,4.1
上游闸内水位,2023/10/08,18:03:29,4.1
上游闸外水位,2023/10/08,18:03:29,4.1
上游闸内水位,2023/10/08,18:04:59,4.1
上游闸外水位,2023/10/08,18:04:59,4.1
上游闸内水位,2023/10/08,18:41:39,4.1
上游闸外水位,2023/10/08,18:41:39,4.1
下游闸内水位,2023/10/08,18:44:14,4.1
下游闸外水位,2023/10/08,18:44:14,4.1
下游闸内水位,2023/10/08,18:45:32,4.1
下游闸外水位,2023/10/08,18:45:32,4.1
内河侧水位,2023/10/08,19:00:00,4.1
长江侧水位,2023/10/08,19:00:00,4.1
下游闸内水位,2023/10/08,19:31:44,4.2
下游闸外水位,2023/10/08,19:31:44,4.1
上游闸内水位,2023/10/08,19:34:28,4.2
上游闸外水位,2023/10/08,19:34:28,4.1
上游闸内水位,2023/10/08,19:36:07,4.1
上游闸外水位,2023/10/08,19:36:07,4.1
内河侧水位,2023/10/08,20:00:00,4.1
长江侧水位,2023/10/08,20:00:00,4.1
上游闸内水位,2023/10/08,20:15:29,4.1
上游闸外水位,2023/10/08,20:15:29,4.1
下游闸内水位,2023/10/08,20:18:03,4.1
下游闸外水位,2023/10/08,20:18:03,4.1
下游闸内水位,2023/10/08,20:19:21,4.1
下游闸外水位,2023/10/08,20:19:21,4.1
下游闸内水位,2023/10/08,20:57:30,4.1
下游闸外水位,2023/10/08,20:57:30,4.1
内河侧水位,2023/10/08,21:00:00,4.0
长江侧水位,2023/10/08,21:00:00,4.1
上游闸内水位,2023/10/08,21:02:22,4.1
上游闸外水位,2023/10/08,21:02:22,4.0
上游闸内水位,2023/10/08,21:04:27,4.1
上游闸外水位,2023/10/08,21:04:27,4.0
下游闸内水位,2023/10/09,9:46:22,4.0
下游闸外水位,2023/10/09,9:46:22,3.9
上游闸内水位,2023/10/09,9:49:02,4.0
上游闸外水位,2023/10/09,9:49:02,4.0
上游闸内水位,2023/10/09,9:50:29,4.0
上游闸外水位,2023/10/09,9:50:29,4.0
内河侧水位,2023/10/09,10:00:00,4.0
长江侧水位,2023/10/09,10:00:00,3.9
上游闸内水位,2023/10/09,10:12:27,4.0
上游闸外水位,2023/10/09,10:12:27,4.0
下游闸内水位,2023/10/09,10:15:07,4.0
下游闸外水位,2023/10/09,10:15:07,3.9
下游闸内水位,2023/10/09,10:26:29,4.0
下游闸外水位,2023/10/09,10:26:29,3.9
上游闸内水位,2023/10/09,10:29:09,4.0
上游闸外水位,2023/10/09,10:29:09,3.9
上游闸内水位,2023/10/09,10:30:35,4.0
上游闸外水位,2023/10/09,10:30:35,3.9
上游闸内水位,2023/10/09,10:48:34,4.0
上游闸外水位,2023/10/09,10:48:34,3.9
下游闸内水位,2023/10/09,10:51:12,4.0
下游闸外水位,2023/10/09,10:51:12,3.9
内河侧水位,2023/10/09,11:00:00,3.9
长江侧水位,2023/10/09,11:00:00,3.9
下游闸内水位,2023/10/09,11:03:20,4.0
下游闸外水位,2023/10/09,11:03:20,3.9
上游闸内水位,2023/10/09,11:06:54,3.9
上游闸外水位,2023/10/09,11:06:54,3.9
上游闸内水位,2023/10/09,11:08:31,3.9
上游闸外水位,2023/10/09,11:08:31,3.9
上游闸内水位,2023/10/09,11:31:44,3.9
上游闸外水位,2023/10/09,11:31:44,3.9
下游闸内水位,2023/10/09,11:33:54,3.9
下游闸外水位,2023/10/09,11:33:54,3.8
上游闸内水位,2023/10/09,11:47:24,3.9
上游闸外水位,2023/10/09,11:47:24,3.9
内河侧水位,2023/10/09,12:00:00,3.9
长江侧水位,2023/10/09,12:00:00,3.9
内河侧水位,2023/10/09,13:00:00,3.9
长江侧水位,2023/10/09,13:00:00,3.9
上游闸内水位,2023/10/09,13:03:39,3.9
上游闸外水位,2023/10/09,13:03:39,3.9
下游闸内水位,2023/10/09,13:31:15,4.0
下游闸外水位,2023/10/09,13:31:15,3.9
下游闸内水位,2023/10/09,13:34:10,4.0
下游闸外水位,2023/10/09,13:34:10,3.9
上游闸内水位,2023/10/09,13:36:22,4.0
上游闸外水位,2023/10/09,13:36:22,3.9
上游闸内水位,2023/10/09,13:37:50,4.0
上游闸外水位,2023/10/09,13:37:50,3.9
内河侧水位,2023/10/09,14:00:00,4.0
长江侧水位,2023/10/09,14:00:00,4.0
上游闸内水位,2023/10/09,14:03:59,4.0
上游闸外水位,2023/10/09,14:03:59,4.0
下游闸内水位,2023/10/09,14:06:38,4.0
下游闸外水位,2023/10/09,14:06:38,4.0
下游闸内水位,2023/10/09,14:07:55,4.1
下游闸外水位,2023/10/09,14:07:55,4.0
下游闸内水位,2023/10/09,14:40:42,4.2
下游闸外水位,2023/10/09,14:40:42,4.1
上游闸内水位,2023/10/09,14:43:26,4.2
上游闸外水位,2023/10/09,14:43:26,4.1
上游闸内水位,2023/10/09,14:44:55,4.1
上游闸外水位,2023/10/09,14:44:55,4.1
内河侧水位,2023/10/09,15:00:00,4.1
长江侧水位,2023/10/09,15:00:00,4.1
上游闸内水位,2023/10/09,15:17:08,4.2
上游闸外水位,2023/10/09,15:17:08,4.1
下游闸内水位,2023/10/09,15:19:42,4.2
下游闸外水位,2023/10/09,15:19:42,4.2
长江侧水位,2023/10/09,6:00:00,4.3
上游闸内水位,2023/10/09,6:17:48,4.3
上游闸外水位,2023/10/09,6:17:48,4.3
下游闸内水位,2023/10/09,6:20:24,4.3
下游闸外水位,2023/10/09,6:20:24,4.3
下游闸内水位,2023/10/09,6:21:41,4.4
下游闸外水位,2023/10/09,6:21:41,4.3
下游闸内水位,2023/10/09,6:57:13,4.3
下游闸外水位,2023/10/09,6:57:13,4.2
上游闸内水位,2023/10/09,6:59:51,4.3
上游闸外水位,2023/10/09,6:59:51,4.2
内河侧水位,2023/10/09,7:00:00,4.2
长江侧水位,2023/10/09,7:00:00,4.2
上游闸内水位,2023/10/09,7:01:24,4.3
上游闸外水位,2023/10/09,7:01:24,4.2
上游闸内水位,2023/10/09,7:33:36,4.2
上游闸外水位,2023/10/09,7:33:36,4.2
下游闸内水位,2023/10/09,7:37:46,4.2
下游闸外水位,2023/10/09,7:37:46,4.2
下游闸内水位,2023/10/09,7:39:03,4.2
下游闸外水位,2023/10/09,7:39:03,4.2
内河侧水位,2023/10/09,8:00:00,4.1
长江侧水位,2023/10/09,8:00:00,4.1
上游闸内水位,2023/10/09,8:15:18,4.2
上游闸外水位,2023/10/09,8:15:18,4.1
上游闸内水位,2023/10/09,8:17:00,4.2
上游闸外水位,2023/10/09,8:17:00,4.1
上游闸内水位,2023/10/09,8:42:32,4.1
上游闸外水位,2023/10/09,8:42:32,4.1
下游闸内水位,2023/10/09,8:48:28,4.1
下游闸外水位,2023/10/09,8:48:28,4.1
内河侧水位,2023/10/09,9:00:00,4.1
长江侧水位,2023/10/09,9:00:00,4.0
下游闸内水位,2023/10/09,9:10:29,4.1
下游闸外水位,2023/10/09,9:10:29,4.0
上游闸内水位,2023/10/09,9:13:21,4.0
上游闸外水位,2023/10/09,9:13:21,4.0
上游闸内水位,2023/10/09,9:14:50,4.1
上游闸外水位,2023/10/09,9:14:50,4.0
上游闸内水位,2023/10/09,9:30:34,4.0
上游闸外水位,2023/10/09,9:30:34,4.0
下游闸内水位,2023/10/09,15:20:59,4.2
下游闸外水位,2023/10/09,15:20:59,4.2
下游闸内水位,2023/10/09,15:56:42,4.3
下游闸外水位,2023/10/09,15:56:42,4.2
上游闸内水位,2023/10/09,15:59:25,4.3
上游闸外水位,2023/10/09,15:59:25,4.2
内河侧水位,2023/10/09,16:00:00,4.2
长江侧水位,2023/10/09,16:00:00,4.2
上游闸内水位,2023/10/09,16:00:52,4.2
上游闸外水位,2023/10/09,16:00:52,4.2
上游闸内水位,2023/10/09,16:32:47,4.2
上游闸外水位,2023/10/09,16:32:47,4.2
下游闸内水位,2023/10/09,16:35:28,4.2
下游闸外水位,2023/10/09,16:35:28,4.2
下游闸内水位,2023/10/09,16:36:44,4.3
下游闸外水位,2023/10/09,16:36:44,4.2
内河侧水位,2023/10/09,17:00:00,4.2
长江侧水位,2023/10/09,17:00:00,4.2
下游闸内水位,2023/10/09,17:14:16,4.3
下游闸外水位,2023/10/09,17:14:16,4.3
上游闸内水位,2023/10/09,17:16:54,4.3
上游闸外水位,2023/10/09,17:16:54,4.2
上游闸内水位,2023/10/09,17:18:23,4.3
上游闸外水位,2023/10/09,17:18:23,4.2
上游闸内水位,2023/10/09,17:40:12,4.3
上游闸外水位,2023/10/09,17:40:12,4.2
下游闸内水位,2023/10/09,17:42:53,4.3
下游闸外水位,2023/10/09,17:42:53,4.2
下游闸内水位,2023/10/09,17:44:19,4.3
下游闸外水位,2023/10/09,17:44:19,4.3
下游闸内水位,2023/10/09,17:55:04,4.3
下游闸外水位,2023/10/09,17:55:04,4.3
上游闸内水位,2023/10/09,17:57:42,4.3
上游闸外水位,2023/10/09,17:57:42,4.2
上游闸内水位,2023/10/09,17:59:14,4.3
上游闸外水位,2023/10/09,17:59:14,4.2
内河侧水位,2023/10/09,18:00:00,4.2
长江侧水位,2023/10/09,18:00:00,4.3
上游闸内水位,2023/10/09,18:08:27,4.3
上游闸外水位,2023/10/09,18:08:27,4.2
下游闸内水位,2023/10/09,18:10:57,4.3
下游闸外水位,2023/10/09,18:10:57,4.2
下游闸内水位,2023/10/09,18:12:12,4.3
下游闸外水位,2023/10/09,18:12:12,4.2
下游闸内水位,2023/10/09,18:42:10,4.3
下游闸外水位,2023/10/09,18:42:10,4.2
上游闸内水位,2023/10/09,18:44:45,4.3
上游闸外水位,2023/10/09,18:44:45,4.2
上游闸内水位,2023/10/09,18:46:11,4.2
上游闸外水位,2023/10/09,18:46:11,4.2
上游闸内水位,2023/10/09,19:16:51,4.2
上游闸外水位,2023/10/09,19:16:51,4.2
下游闸内水位,2023/10/09,19:19:27,4.2
下游闸外水位,2023/10/09,19:19:27,4.2
下游闸内水位,2023/10/09,19:20:44,4.3
下游闸外水位,2023/10/09,19:20:44,4.2
内河侧水位,2023/10/09,20:00:00,4.1
长江侧水位,2023/10/09,20:00:00,4.1
下游闸内水位,2023/10/09,20:04:55,4.2
下游闸外水位,2023/10/09,20:04:55,4.1
上游闸内水位,2023/10/09,20:07:35,4.2
上游闸外水位,2023/10/09,20:07:35,4.1
上游闸内水位,2023/10/09,20:09:05,4.2
上游闸外水位,2023/10/09,20:09:05,4.1
上游闸内水位,2023/10/09,20:55:15,4.1
上游闸外水位,2023/10/09,20:55:15,4.1
下游闸内水位,2023/10/09,20:58:44,4.1
下游闸外水位,2023/10/09,20:58:44,4.1
内河侧水位,2023/10/09,21:00:00,4.1
长江侧水位,2023/10/09,21:00:00,4.1
内河侧水位,2023/10/10,8:00:00,4.3
长江侧水位,2023/10/10,8:00:00,4.2
上游闸内水位,2023/10/10,13:41:05,3.9
上游闸外水位,2023/10/10,13:41:05,3.9
下游闸内水位,2023/10/10,13:43:40,3.9
下游闸外水位,2023/10/10,13:43:40,3.8
下游闸内水位,2023/10/10,13:56:07,4.0
下游闸外水位,2023/10/10,13:56:07,3.9
上游闸内水位,2023/10/10,13:58:43,4.0
上游闸外水位,2023/10/10,13:58:43,3.9
上游闸内水位,2023/10/10,14:19:38,4.0
上游闸外水位,2023/10/10,14:19:38,4.0
下游闸内水位,2023/10/10,14:22:13,4.0
下游闸外水位,2023/10/10,14:22:13,4.1
内河侧水位,2023/10/10,15:00:00,4.2
长江侧水位,2023/10/10,15:00:00,4.3
下游闸内水位,2023/10/10,15:15:22,4.4
下游闸外水位,2023/10/10,15:15:22,4.3
上游闸内水位,2023/10/10,15:19:01,4.4
上游闸外水位,2023/10/10,15:19:01,4.2
上游闸内水位,2023/10/10,15:20:49,4.3
上游闸外水位,2023/10/10,15:20:49,4.2
上游闸内水位,2023/10/10,15:53:51,4.4
上游闸外水位,2023/10/10,15:53:51,4.3
下游闸内水位,2023/10/10,15:56:29,4.4
下游闸外水位,2023/10/10,15:56:29,4.4
内河侧水位,2023/10/10,16:00:00,4.3
长江侧水位,2023/10/10,16:00:00,4.5
下游闸内水位,2023/10/10,16:29:59,4.6
下游闸外水位,2023/10/10,16:29:59,4.5
上游闸内水位,2023/10/10,16:32:38,4.6
上游闸外水位,2023/10/10,16:32:38,4.4
上游闸内水位,2023/10/10,16:34:08,4.5
上游闸外水位,2023/10/10,16:34:08,4.4
内河侧水位,2023/10/10,17:00:00,4.5
长江侧水位,2023/10/10,17:00:00,4.6
上游闸内水位,2023/10/10,17:14:15,4.5
上游闸外水位,2023/10/10,17:14:15,4.4
下游闸内水位,2023/10/10,17:18:18,4.5
下游闸外水位,2023/10/10,17:18:18,4.5
下游闸内水位,2023/10/10,17:50:58,4.5
下游闸外水位,2023/10/10,17:50:58,4.5
上游闸内水位,2023/10/10,17:53:48,4.5
上游闸外水位,2023/10/10,17:53:48,4.4
上游闸内水位,2023/10/10,17:55:27,4.5
上游闸外水位,2023/10/10,17:55:27,4.4
内河侧水位,2023/10/10,18:00:00,4.4
长江侧水位,2023/10/10,18:00:00,4.5
上游闸内水位,2023/10/10,18:21:59,4.4
上游闸外水位,2023/10/10,18:21:59,4.4
下游闸内水位,2023/10/10,18:24:31,4.5
下游闸外水位,2023/10/10,18:24:31,4.4
下游闸内水位,2023/10/10,18:25:47,4.5
下游闸外水位,2023/10/10,18:25:47,4.4
下游闸内水位,2023/10/10,18:51:28,4.4
下游闸外水位,2023/10/10,18:51:28,4.4
上游闸内水位,2023/10/10,18:54:08,4.4
上游闸外水位,2023/10/10,18:54:08,4.4
上游闸内水位,2023/10/10,18:55:40,4.4
上游闸外水位,2023/10/10,18:55:40,4.4
内河侧水位,2023/10/10,19:00:00,4.3
长江侧水位,2023/10/10,19:00:00,4.3
上游闸内水位,2023/10/10,19:21:55,4.3
上游闸内水位,2023/10/09,21:41:37,4.1
上游闸外水位,2023/10/09,21:41:37,4.0
上游闸内水位,2023/10/09,21:43:17,4.1
上游闸外水位,2023/10/09,21:43:17,4.0
内河侧水位,2023/10/09,22:00:00,3.9
长江侧水位,2023/10/09,22:00:00,4.0
上游闸内水位,2023/10/09,22:29:53,4.0
上游闸外水位,2023/10/09,22:29:53,4.0
下游闸内水位,2023/10/09,22:32:24,4.0
下游闸外水位,2023/10/09,22:32:24,4.0
下游闸内水位,2023/10/09,22:34:00,4.0
下游闸外水位,2023/10/09,22:34:00,4.0
内河侧水位,2023/10/09,23:00:00,4.0
长江侧水位,2023/10/09,23:00:00,4.0
下游闸内水位,2023/10/09,23:55:54,4.0
下游闸外水位,2023/10/09,23:55:54,4.0
上游闸内水位,2023/10/09,23:58:35,4.0
上游闸外水位,2023/10/09,23:58:35,4.0
内河侧水位,2023/10/10,0:00:00,4.0
长江侧水位,2023/10/10,0:00:00,3.9
上游闸内水位,2023/10/10,0:00:08,4.0
上游闸外水位,2023/10/10,0:00:08,4.0
上游闸内水位,2023/10/10,0:39:59,4.0
上游闸外水位,2023/10/10,0:39:59,4.0
下游闸内水位,2023/10/10,0:43:08,4.0
下游闸外水位,2023/10/10,0:43:08,4.0
下游闸内水位,2023/10/10,0:44:43,4.1
下游闸外水位,2023/10/10,0:44:43,4.0
内河侧水位,2023/10/10,1:00:00,4.1
长江侧水位,2023/10/10,1:00:00,4.1
下游闸内水位,2023/10/10,1:22:35,4.3
下游闸外水位,2023/10/10,1:22:35,4.2
上游闸内水位,2023/10/10,1:25:16,4.3
上游闸外水位,2023/10/10,1:25:16,4.1
上游闸内水位,2023/10/10,1:27:05,4.2
上游闸外水位,2023/10/10,1:27:05,4.1
内河侧水位,2023/10/10,2:00:00,4.3
长江侧水位,2023/10/10,2:00:00,4.4
上游闸内水位,2023/10/10,2:11:03,4.4
上游闸外水位,2023/10/10,2:11:03,4.3
下游闸内水位,2023/10/10,2:13:53,4.4
下游闸外水位,2023/10/10,2:13:53,4.5
下游闸内水位,2023/10/10,2:15:44,4.5
下游闸外水位,2023/10/10,2:15:44,4.5
下游闸内水位,2023/10/10,2:56:49,4.7
下游闸外水位,2023/10/10,2:56:49,4.6
上游闸内水位,2023/10/10,2:59:42,4.7
上游闸外水位,2023/10/10,2:59:42,4.5
内河侧水位,2023/10/10,3:00:00,4.5
长江侧水位,2023/10/10,3:00:00,4.6
上游闸内水位,2023/10/10,3:01:13,4.6
上游闸外水位,2023/10/10,3:01:13,4.5
上游闸内水位,2023/10/10,3:40:04,4.6
上游闸外水位,2023/10/10,3:40:04,4.6
下游闸内水位,2023/10/10,3:44:14,4.6
下游闸外水位,2023/10/10,3:44:14,4.7
内河侧水位,2023/10/10,4:00:00,4.6
长江侧水位,2023/10/10,4:00:00,4.7
下游闸内水位,2023/10/10,4:23:40,4.7
下游闸外水位,2023/10/10,4:23:40,4.7
上游闸内水位,2023/10/10,4:26:29,4.7
上游闸外水位,2023/10/10,4:26:29,4.6
上游闸内水位,2023/10/10,4:27:59,4.6
上游闸外水位,2023/10/10,4:27:59,4.6
内河侧水位,2023/10/10,5:00:00,4.6
长江侧水位,2023/10/10,5:00:00,4.6
上游闸内水位,2023/10/10,5:08:10,4.6
上游闸外水位,2023/10/10,5:08:10,4.6
下游闸内水位,2023/10/10,5:10:50,4.6
下游闸外水位,2023/10/10,5:10:50,4.6
下游闸内水位,2023/10/10,5:12:07,4.6
下游闸外水位,2023/10/10,5:12:07,4.6
下游闸内水位,2023/10/10,5:54:40,4.6
下游闸外水位,2023/10/10,5:54:40,4.5
上游闸内水位,2023/10/10,5:57:22,4.6
上游闸外水位,2023/10/10,5:57:22,4.5
上游闸内水位,2023/10/10,5:59:19,4.5
上游闸外水位,2023/10/10,5:59:19,4.5
内河侧水位,2023/10/10,6:00:00,4.5
长江侧水位,2023/10/10,6:00:00,4.5
上游闸内水位,2023/10/10,6:37:48,4.4
上游闸外水位,2023/10/10,6:37:48,4.4
下游闸内水位,2023/10/10,6:40:27,4.5
下游闸外水位,2023/10/10,6:40:27,4.4
下游闸内水位,2023/10/10,6:41:43,4.5
下游闸外水位,2023/10/10,6:41:43,4.4
内河侧水位,2023/10/10,7:00:00,4.4
长江侧水位,2023/10/10,7:00:00,4.4
下游闸内水位,2023/10/10,7:17:39,4.4
下游闸外水位,2023/10/10,7:17:39,4.3
上游闸内水位,2023/10/10,7:20:17,4.4
上游闸外水位,2023/10/10,7:20:17,4.3
上游闸内水位,2023/10/10,7:21:55,4.4
上游闸外水位,2023/10/10,7:21:55,4.3
上游闸内水位,2023/10/10,7:51:20,4.3
上游闸外水位,2023/10/10,7:51:20,4.3
下游闸内水位,2023/10/10,7:54:18,4.3
下游闸外水位,2023/10/10,7:54:18,4.3
下游闸内水位,2023/10/10,7:55:46,4.3
下游闸外水位,2023/10/10,7:55:46,4.3
下游闸内水位,2023/10/10,8:10:19,4.3
下游闸外水位,2023/10/10,8:10:19,4.2
上游闸内水位,2023/10/10,8:13:05,4.3
上游闸外水位,2023/10/10,8:13:05,4.2
上游闸内水位,2023/10/10,8:14:35,4.3
上游闸外水位,2023/10/10,8:14:35,4.2
上游闸内水位,2023/10/10,8:36:25,4.2
上游闸外水位,2023/10/10,8:36:25,4.2
下游闸内水位,2023/10/10,8:40:54,4.2
下游闸外水位,2023/10/10,8:40:54,4.2
下游闸内水位,2023/10/10,8:43:27,4.3
下游闸外水位,2023/10/10,8:43:27,4.2
上游闸内水位,2023/10/10,8:57:45,4.2
上游闸外水位,2023/10/10,8:57:45,4.2
内河侧水位,2023/10/10,9:00:00,4.2
长江侧水位,2023/10/10,9:00:00,4.2
内河侧水位,2023/10/10,10:00:00,4.1
长江侧水位,2023/10/10,10:00:00,4.0
内河侧水位,2023/10/10,11:00:01,4.0
长江侧水位,2023/10/10,11:00:01,4.0
内河侧水位,2023/10/10,12:00:00,3.9
长江侧水位,2023/10/10,12:00:00,3.8
内河侧水位,2023/10/10,13:00:00,3.8
长江侧水位,2023/10/10,13:00:00,3.7
下游闸内水位,2023/10/10,13:04:03,3.9
下游闸外水位,2023/10/10,13:04:03,3.8
上游闸外水位,2023/10/10,19:21:55,4.3
下游闸内水位,2023/10/10,19:29:44,4.4
下游闸外水位,2023/10/10,19:29:44,4.3
下游闸内水位,2023/10/10,19:31:15,4.4
下游闸外水位,2023/10/10,19:31:15,4.3
内河侧水位,2023/10/10,20:00:00,4.2
长江侧水位,2023/10/10,20:00:00,4.2
下游闸内水位,2023/10/10,20:11:52,4.3
下游闸外水位,2023/10/10,20:11:52,4.2
上游闸内水位,2023/10/10,20:14:56,4.3
上游闸外水位,2023/10/10,20:14:56,4.2
上游闸内水位,2023/10/10,20:16:25,4.3
上游闸外水位,2023/10/10,20:16:25,4.2
内河侧水位,2023/10/10,21:00:00,4.1
长江侧水位,2023/10/10,21:00:00,4.1
上游闸内水位,2023/10/10,21:00:27,4.2
上游闸外水位,2023/10/10,21:00:27,4.1
下游闸内水位,2023/10/10,21:08:21,4.2
下游闸外水位,2023/10/10,21:08:21,4.1
下游闸内水位,2023/10/10,21:11:45,4.2
下游闸外水位,2023/10/10,21:11:45,4.1
下游闸内水位,2023/10/10,21:48:51,4.1
下游闸外水位,2023/10/10,21:48:51,4.1
上游闸内水位,2023/10/10,21:51:30,4.1
上游闸外水位,2023/10/10,21:51:30,4.1
上游闸内水位,2023/10/10,21:52:59,4.1
上游闸外水位,2023/10/10,21:52:59,4.1
内河侧水位,2023/10/10,22:00:00,4.1
长江侧水位,2023/10/10,22:00:00,4.1
上游闸内水位,2023/10/10,22:28:50,4.1
上游闸外水位,2023/10/10,22:28:50,4.0
下游闸内水位,2023/10/10,22:31:23,4.1
下游闸外水位,2023/10/10,22:31:23,4.0
下游闸内水位,2023/10/10,22:32:48,4.1
下游闸外水位,2023/10/10,22:32:48,4.0
内河侧水位,2023/10/10,23:00:00,4.0
长江侧水位,2023/10/10,23:00:00,3.9
下游闸内水位,2023/10/10,23:10:53,4.0
下游闸外水位,2023/10/10,23:10:53,3.9
上游闸内水位,2023/10/10,23:13:38,4.0
上游闸外水位,2023/10/10,23:13:38,4.0
上游闸内水位,2023/10/10,23:15:10,4.0
上游闸外水位,2023/10/10,23:15:10,4.0
内河侧水位,2023/10/11,0:00:00,3.9
长江侧水位,2023/10/11,0:00:00,3.9
下游闸内水位,2023/10/11,0:00:49,3.9
下游闸外水位,2023/10/11,0:00:49,3.9
下游闸内水位,2023/10/11,0:02:15,4.0
下游闸外水位,2023/10/11,0:02:15,3.9
下游闸内水位,2023/10/11,0:46:13,3.9
下游闸外水位,2023/10/11,0:46:13,3.8
上游闸内水位,2023/10/11,0:48:49,3.9
上游闸外水位,2023/10/11,0:48:49,3.9
上游闸内水位,2023/10/11,0:50:21,3.9
上游闸外水位,2023/10/11,0:50:21,3.9
内河侧水位,2023/10/11,1:00:00,3.8
长江侧水位,2023/10/11,1:00:00,3.8
上游闸内水位,2023/10/11,1:26:11,3.9
上游闸外水位,2023/10/11,1:26:11,3.9
下游闸内水位,2023/10/11,1:28:49,3.9
下游闸外水位,2023/10/11,1:28:49,3.9
内河侧水位,2023/10/11,2:00:00,4.0
长江侧水位,2023/10/11,2:00:00,4.0
下游闸内水位,2023/10/11,2:09:18,4.2
下游闸外水位,2023/10/11,2:09:18,4.1
上游闸内水位,2023/10/11,2:11:53,4.2
上游闸外水位,2023/10/11,2:11:53,4.1
上游闸内水位,2023/10/11,2:13:29,4.1
上游闸外水位,2023/10/11,2:13:29,4.1
内河侧水位,2023/10/11,3:00:00,4.3
长江侧水位,2023/10/11,3:00:00,4.5
上游闸内水位,2023/10/11,3:00:43,4.4
上游闸外水位,2023/10/11,3:00:43,4.4
下游闸内水位,2023/10/11,3:04:40,4.5
下游闸外水位,2023/10/11,3:04:40,4.5
下游闸内水位,2023/10/11,3:16:43,4.7
下游闸外水位,2023/10/11,3:16:43,4.6
上游闸内水位,2023/10/11,3:19:24,4.7
上游闸外水位,2023/10/11,3:19:24,4.4
上游闸内水位,2023/10/11,3:20:56,4.5
上游闸外水位,2023/10/11,3:20:56,4.4
上游闸内水位,2023/10/11,3:45:01,4.6
上游闸外水位,2023/10/11,3:45:01,4.6
下游闸内水位,2023/10/11,3:48:08,4.6
下游闸外水位,2023/10/11,3:48:08,4.7
下游闸内水位,2023/10/11,3:49:53,4.8
下游闸外水位,2023/10/11,3:49:53,4.8
内河侧水位,2023/10/11,4:00:00,4.6
长江侧水位,2023/10/11,4:00:00,4.8
下游闸内水位,2023/10/11,4:31:13,4.9
下游闸外水位,2023/10/11,4:31:13,4.8
上游闸内水位,2023/10/11,4:33:51,4.9
上游闸外水位,2023/10/11,4:33:51,4.7
上游闸内水位,2023/10/11,4:35:36,4.8
上游闸外水位,2023/10/11,4:35:36,4.7
内河侧水位,2023/10/11,5:00:00,4.7
长江侧水位,2023/10/11,5:00:00,4.8
上游闸内水位,2023/10/11,5:14:59,4.8
上游闸外水位,2023/10/11,5:14:59,4.7
下游闸内水位,2023/10/11,5:17:34,4.8
下游闸外水位,2023/10/11,5:17:34,4.8
下游闸内水位,2023/10/11,5:55:07,4.7
下游闸外水位,2023/10/11,5:55:07,4.7
上游闸内水位,2023/10/11,5:58:56,4.7
上游闸外水位,2023/10/11,5:58:56,4.7
内河侧水位,2023/10/11,6:00:00,4.6
长江侧水位,2023/10/11,6:00:00,4.7
上游闸内水位,2023/10/11,6:01:36,4.7
上游闸外水位,2023/10/11,6:01:36,4.6
上游闸内水位,2023/10/11,6:35:21,4.6
上游闸外水位,2023/10/11,6:35:21,4.6
下游闸内水位,2023/10/11,6:37:54,4.6
下游闸外水位,2023/10/11,6:37:54,4.5
内河侧水位,2023/10/11,7:00:00,4.5
长江侧水位,2023/10/11,7:00:00,4.5
下游闸内水位,2023/10/11,7:11:18,4.5
下游闸外水位,2023/10/11,7:11:18,4.5
上游闸内水位,2023/10/11,7:14:28,4.5
上游闸外水位,2023/10/11,7:14:28,4.5
上游闸内水位,2023/10/11,7:15:58,4.5
上游闸外水位,2023/10/11,7:15:58,4.5
上游闸内水位,2023/10/11,7:36:29,4.5
上游闸外水位,2023/10/11,7:36:29,4.4
下游闸内水位,2023/10/11,7:39:15,4.5
下游闸外水位,2023/10/11,7:39:15,4.4
下游闸内水位,2023/10/11,7:40:33,4.5
下游闸外水位,2023/10/11,7:40:33,4.4
内河侧水位,2023/10/11,8:00:00,4.4
长江侧水位,2023/10/11,8:00:00,4.4
下游闸内水位,2023/10/11,8:09:27,4.4
下游闸外水位,2023/10/11,8:09:27,4.3
下游闸内水位,2023/10/11,8:10:45,4.4
下游闸外水位,2023/10/11,8:10:45,4.3
上游闸内水位,2023/10/11,8:12:53,4.4
上游闸外水位,2023/10/11,8:12:53,4.3
上游闸内水位,2023/10/11,8:14:23,4.4
上游闸外水位,2023/10/11,8:14:23,4.3
上游闸内水位,2023/10/11,8:30:26,4.4
上游闸外水位,2023/10/11,8:30:26,4.3
下游闸内水位,2023/10/11,8:32:58,4.3
下游闸外水位,2023/10/11,8:32:58,4.3
下游闸内水位,2023/10/11,8:34:38,4.4
下游闸外水位,2023/10/11,8:34:38,4.3
下游闸内水位,2023/10/11,8:45:33,4.3
下游闸外水位,2023/10/11,8:45:33,4.3
上游闸内水位,2023/10/11,8:49:01,4.3
上游闸外水位,2023/10/11,8:49:01,4.3
上游闸内水位,2023/10/11,8:50:34,4.3
上游闸外水位,2023/10/11,8:50:34,4.3
上游闸内水位,2023/10/11,8:56:51,4.3
上游闸外水位,2023/10/11,8:56:51,4.3
下游闸内水位,2023/10/11,8:59:41,4.3
下游闸外水位,2023/10/11,8:59:41,4.2
内河侧水位,2023/10/11,9:00:00,4.2
长江侧水位,2023/10/11,9:00:00,4.2
下游闸内水位,2023/10/11,9:00:58,4.3
下游闸外水位,2023/10/11,9:00:58,4.2
上游闸内水位,2023/10/11,9:24:33,4.2
上游闸外水位,2023/10/11,9:24:33,4.2
上游闸内水位,2023/10/11,21:44:30,4.2
上游闸外水位,2023/10/11,21:44:30,4.2
下游闸内水位,2023/10/11,21:48:57,4.2
下游闸外水位,2023/10/11,21:48:57,4.1
下游闸内水位,2023/10/11,21:50:15,4.2
下游闸外水位,2023/10/11,21:50:15,4.1
下游闸内水位,2023/10/12,3:28:15,4.7
下游闸外水位,2023/10/12,3:28:15,4.6
上游闸内水位,2023/10/12,3:30:53,4.8
上游闸外水位,2023/10/12,3:30:53,4.5
上游闸内水位,2023/10/12,3:32:25,4.6
上游闸外水位,2023/10/12,3:32:25,4.5
下游闸内水位,2023/10/12,9:53:50,4.4
下游闸外水位,2023/10/12,9:53:50,4.3
上游闸内水位,2023/10/12,9:57:08,4.4
上游闸外水位,2023/10/12,9:57:08,4.3
上游闸内水位,2023/10/12,9:59:33,4.3
上游闸外水位,2023/10/12,9:59:33,4.3
内河侧水位,2023/10/12,10:00:00,4.3
长江侧水位,2023/10/12,10:00:00,4.3
上游闸内水位,2023/10/12,10:26:26,4.3
上游闸外水位,2023/10/12,10:26:26,4.3
下游闸内水位,2023/10/12,10:29:18,4.3
下游闸外水位,2023/10/12,10:29:18,4.2
下游闸内水位,2023/10/12,10:31:41,4.3
下游闸外水位,2023/10/12,10:31:41,4.2
内河侧水位,2023/10/12,11:00:00,4.2
长江侧水位,2023/10/12,11:00:00,4.1
下游闸内水位,2023/10/12,11:06:35,4.2
下游闸外水位,2023/10/12,11:06:35,4.1
上游闸内水位,2023/10/12,11:09:13,4.2
上游闸外水位,2023/10/12,11:09:13,4.2
上游闸内水位,2023/10/12,11:11:23,4.2
上游闸外水位,2023/10/12,11:11:23,4.2
上游闸内水位,2023/10/12,11:45:59,4.1
上游闸外水位,2023/10/12,11:45:59,4.1
下游闸内水位,2023/10/12,11:48:39,4.1
下游闸外水位,2023/10/12,11:48:39,4.0
内河侧水位,2023/10/12,12:00:00,4.0
长江侧水位,2023/10/12,12:00:00,4.1
下游闸内水位,2023/10/12,12:24:06,4.0
下游闸外水位,2023/10/12,12:24:06,3.9
上游闸内水位,2023/10/12,12:26:45,4.0
上游闸外水位,2023/10/12,12:26:45,4.0
下游闸内水位,2023/10/12,12:27:36,4.0
下游闸外水位,2023/10/12,12:27:36,3.9
上游闸内水位,2023/10/12,12:30:05,4.0
上游闸外水位,2023/10/12,12:30:05,4.0
内河侧水位,2023/10/12,13:00:00,4.0
长江侧水位,2023/10/12,13:00:00,3.9
内河侧水位,2023/10/12,14:00:01,3.8
长江侧水位,2023/10/12,14:00:01,3.8
下游闸内水位,2023/10/12,14:54:00,4.1
下游闸外水位,2023/10/12,14:54:00,4.0
下游闸内水位,2023/10/12,14:55:25,4.0
下游闸外水位,2023/10/12,14:55:25,4.0
内河侧水位,2023/10/12,15:00:00,4.0
长江侧水位,2023/10/12,15:00:00,4.1
上游闸内水位,2023/10/12,15:39:44,4.4
上游闸外水位,2023/10/12,15:39:44,4.3
下游闸内水位,2023/10/12,15:42:36,4.4
下游闸外水位,2023/10/12,15:42:36,4.6
下游闸内水位,2023/10/12,15:44:36,4.6
长江侧水位,2023/10/11,19:00:00,4.5
下游闸内水位,2023/10/11,19:40:32,4.5
下游闸外水位,2023/10/11,19:40:32,4.4
上游闸内水位,2023/10/11,19:43:11,4.5
上游闸外水位,2023/10/11,19:43:11,4.4
上游闸内水位,2023/10/11,19:44:38,4.4
上游闸外水位,2023/10/11,19:44:38,4.4
内河侧水位,2023/10/11,20:00:00,4.4
长江侧水位,2023/10/11,20:00:00,4.3
上游闸内水位,2023/10/11,20:22:57,4.3
上游闸外水位,2023/10/11,20:22:57,4.3
下游闸内水位,2023/10/11,20:25:39,4.3
下游闸外水位,2023/10/11,20:25:39,4.3
下游闸内水位,2023/10/11,20:27:01,4.4
下游闸外水位,2023/10/11,20:27:01,4.3
内河侧水位,2023/10/11,21:00:00,4.2
长江侧水位,2023/10/11,21:00:00,4.2
下游闸内水位,2023/10/11,21:06:44,4.3
下游闸外水位,2023/10/11,21:06:44,4.2
上游闸内水位,2023/10/11,21:09:26,4.3
上游闸外水位,2023/10/11,21:09:26,4.2
上游闸内水位,2023/10/11,21:10:58,4.2
上游闸外水位,2023/10/11,21:10:58,4.2
内河侧水位,2023/10/11,22:00:00,4.1
长江侧水位,2023/10/11,22:00:00,4.1
下游闸内水位,2023/10/11,22:26:39,4.1
下游闸外水位,2023/10/11,22:26:39,4.0
上游闸内水位,2023/10/11,22:29:47,4.1
上游闸外水位,2023/10/11,22:29:47,4.1
上游闸内水位,2023/10/11,22:31:18,4.1
上游闸外水位,2023/10/11,22:31:18,4.1
内河侧水位,2023/10/11,23:00:00,4.0
长江侧水位,2023/10/11,23:00:00,4.0
上游闸内水位,2023/10/11,23:07:44,4.0
上游闸外水位,2023/10/11,23:07:44,3.9
下游闸内水位,2023/10/11,23:10:17,4.0
下游闸外水位,2023/10/11,23:10:17,4.0
下游闸内水位,2023/10/11,23:45:55,4.0
下游闸外水位,2023/10/11,23:45:55,3.9
上游闸内水位,2023/10/11,23:48:36,4.0
上游闸外水位,2023/10/11,23:48:36,3.9
上游闸内水位,2023/10/11,23:50:13,3.9
上游闸外水位,2023/10/11,23:50:13,3.9
内河侧水位,2023/10/12,0:00:00,3.9
长江侧水位,2023/10/12,0:00:00,3.9
上游闸内水位,2023/10/12,0:28:12,3.9
上游闸外水位,2023/10/12,0:28:12,3.9
下游闸内水位,2023/10/12,0:30:47,3.9
下游闸外水位,2023/10/12,0:30:47,3.8
下游闸内水位,2023/10/12,0:32:31,3.9
下游闸外水位,2023/10/12,0:32:31,3.8
内河侧水位,2023/10/12,1:00:00,3.8
长江侧水位,2023/10/12,1:00:00,3.8
下游闸内水位,2023/10/12,1:18:06,3.8
下游闸外水位,2023/10/12,1:18:06,3.8
上游闸内水位,2023/10/12,1:21:33,3.8
上游闸外水位,2023/10/12,1:21:33,3.8
上游闸内水位,2023/10/12,1:23:50,3.9
上游闸外水位,2023/10/12,1:23:50,3.8
内河侧水位,2023/10/12,2:00:00,3.8
长江侧水位,2023/10/12,2:00:00,3.9
上游闸内水位,2023/10/12,2:01:28,3.8
上游闸外水位,2023/10/12,2:01:28,3.8
下游闸内水位,2023/10/12,2:40:03,4.3
下游闸外水位,2023/10/12,2:40:03,4.2
上游闸内水位,2023/10/12,2:42:56,4.3
上游闸外水位,2023/10/12,2:42:56,4.0
上游闸内水位,2023/10/12,2:44:31,4.1
上游闸外水位,2023/10/12,2:44:31,4.0
内河侧水位,2023/10/12,3:00:00,4.2
长江侧水位,2023/10/12,3:00:00,4.4
内河侧水位,2023/10/12,4:00:00,4.6
长江侧水位,2023/10/12,4:00:00,4.8
下游闸内水位,2023/10/12,4:11:32,4.7
下游闸外水位,2023/10/12,4:11:32,4.9
下游闸内水位,2023/10/12,4:13:12,4.9
下游闸外水位,2023/10/12,4:13:12,4.9
下游闸内水位,2023/10/12,4:53:59,5.1
下游闸外水位,2023/10/12,4:53:59,5.1
上游闸内水位,2023/10/12,4:56:44,5.1
上游闸外水位,2023/10/12,4:56:44,4.8
上游闸内水位,2023/10/12,4:58:26,5.0
上游闸外水位,2023/10/12,4:58:26,4.9
内河侧水位,2023/10/12,5:00:00,4.8
长江侧水位,2023/10/12,5:00:00,5.1
上游闸内水位,2023/10/12,5:36:13,4.9
上游闸外水位,2023/10/12,5:36:13,4.9
下游闸内水位,2023/10/12,2:04:03,3.9
下游闸外水位,2023/10/12,2:04:03,3.9
上游闸内水位,2023/10/12,4:08:48,4.7
上游闸外水位,2023/10/12,4:08:48,4.6
下游闸内水位,2023/10/12,5:38:53,5.0
下游闸外水位,2023/10/12,5:38:53,5.1
下游闸内水位,2023/10/12,5:40:12,5.1
下游闸外水位,2023/10/12,5:40:12,5.0
内河侧水位,2023/10/12,6:00:00,4.9
长江侧水位,2023/10/12,6:00:00,5.0
下游闸内水位,2023/10/12,6:15:00,5.0
下游闸外水位,2023/10/12,6:15:00,5.0
上游闸内水位,2023/10/12,6:17:44,5.0
上游闸外水位,2023/10/12,6:17:44,4.9
上游闸内水位,2023/10/12,6:19:16,4.9
上游闸外水位,2023/10/12,6:19:16,4.9
上游闸内水位,2023/10/12,6:55:58,4.8
上游闸外水位,2023/10/12,6:55:58,4.8
下游闸内水位,2023/10/12,6:59:48,4.8
下游闸外水位,2023/10/12,6:59:48,4.8
内河侧水位,2023/10/12,7:00:00,4.8
长江侧水位,2023/10/12,7:00:00,4.8
下游闸内水位,2023/10/12,7:01:05,4.9
下游闸外水位,2023/10/12,7:01:05,4.8
上游闸内水位,2023/10/12,7:39:29,4.7
上游闸外水位,2023/10/12,7:39:29,4.7
内河侧水位,2023/10/12,8:00:00,4.6
长江侧水位,2023/10/12,8:00:00,4.5
内河侧水位,2023/10/12,9:00:00,4.5
长江侧水位,2023/10/12,9:00:00,4.4
上游闸内水位,2023/10/12,9:31:10,4.4
上游闸外水位,2023/10/12,9:31:10,4.4
内河侧水位,2023/10/12,21:00:00,4.4
长江侧水位,2023/10/12,21:00:00,4.5
下游闸内水位,2023/10/12,21:07:16,4.5
下游闸外水位,2023/10/12,21:07:16,4.5
上游闸内水位,2023/10/12,21:50:50,4.4
上游闸外水位,2023/10/12,21:50:50,4.3
下游闸内水位,2023/10/12,21:53:29,4.4
下游闸外水位,2023/10/12,21:53:29,4.4
内河侧水位,2023/10/12,22:00:00,4.3
长江侧水位,2023/10/12,22:00:00,4.3
下游闸内水位,2023/10/12,22:29:05,4.3
下游闸外水位,2023/10/12,22:29:05,4.3
上游闸内水位,2023/10/12,22:31:46,4.3
上游闸外水位,2023/10/12,22:31:46,4.3
上游闸内水位,2023/10/12,22:33:14,4.3
上游闸外水位,2023/10/12,22:33:14,4.3
内河侧水位,2023/10/12,23:00:00,4.2
长江侧水位,2023/10/12,23:00:00,4.2
上游闸内水位,2023/10/12,23:09:38,4.2
上游闸外水位,2023/10/12,23:09:38,4.2
下游闸内水位,2023/10/12,23:13:29,4.2
下游闸外水位,2023/10/12,23:13:29,4.2
下游闸内水位,2023/10/12,23:16:19,4.3
下游闸外水位,2023/10/12,23:16:19,4.2
下游闸内水位,2023/10/12,23:52:16,4.2
下游闸外水位,2023/10/12,23:52:16,4.1
上游闸内水位,2023/10/12,23:54:51,4.1
上游闸外水位,2023/10/12,23:54:51,4.1
上游闸内水位,2023/10/12,23:57:29,4.1
上游闸外水位,2023/10/12,23:57:29,4.1
内河侧水位,2023/10/13,0:00:00,4.1
长江侧水位,2023/10/13,0:00:00,4.1
上游闸内水位,2023/10/13,0:36:41,4.1
上游闸外水位,2023/10/13,0:36:41,4.0
下游闸内水位,2023/10/13,0:39:14,4.1
下游闸外水位,2023/10/13,0:39:14,4.0
下游闸内水位,2023/10/13,0:41:34,4.0
下游闸外水位,2023/10/13,0:41:34,4.0
内河侧水位,2023/10/13,1:00:00,4.0
长江侧水位,2023/10/13,1:00:00,3.9
下游闸内水位,2023/10/13,1:15:46,4.0
下游闸外水位,2023/10/13,1:15:46,3.9
上游闸内水位,2023/10/13,1:18:28,4.0
上游闸外水位,2023/10/13,1:18:28,3.9
上游闸内水位,2023/10/13,1:20:00,4.0
上游闸外水位,2023/10/13,1:20:00,3.9
上游闸内水位,2023/10/13,1:58:45,3.9
上游闸外水位,2023/10/13,1:58:45,3.9
内河侧水位,2023/10/13,2:00:00,3.9
长江侧水位,2023/10/13,2:00:00,3.9
下游闸内水位,2023/10/13,2:01:22,4.0
下游闸外水位,2023/10/13,2:01:22,3.9
下游闸内水位,2023/10/13,2:03:02,3.9
下游闸外水位,2023/10/13,2:03:02,3.9
下游闸内水位,2023/10/13,2:39:19,4.1
上游闸内水位,2023/10/12,3:15:27,4.3
上游闸外水位,2023/10/12,3:15:27,4.3
下游闸内水位,2023/10/12,3:17:59,4.4
下游闸外水位,2023/10/12,3:17:59,4.6
下游闸外水位,2023/10/13,2:39:19,4.0
上游闸内水位,2023/10/13,2:42:04,4.0
上游闸外水位,2023/10/13,2:42:04,3.9
上游闸内水位,2023/10/13,2:43:42,3.9
上游闸外水位,2023/10/13,2:43:42,3.9
内河侧水位,2023/10/13,3:00:00,3.9
长江侧水位,2023/10/13,3:00:00,4.2
上游闸内水位,2023/10/13,3:16:09,4.1
上游闸外水位,2023/10/13,3:16:09,4.1
下游闸内水位,2023/10/13,3:18:43,4.2
下游闸外水位,2023/10/13,3:18:43,4.5
下游闸内水位,2023/10/13,3:21:14,4.5
下游闸外水位,2023/10/13,3:21:14,4.6
内河侧水位,2023/10/13,4:00:00,4.4
长江侧水位,2023/10/13,4:00:00,5.0
下游闸内水位,2023/10/13,4:14:02,5.1
下游闸外水位,2023/10/13,4:14:02,5.1
上游闸内水位,2023/10/13,4:16:39,5.1
上游闸外水位,2023/10/13,4:16:39,4.5
上游闸内水位,2023/10/13,4:19:11,4.6
上游闸外水位,2023/10/13,4:19:11,4.5
上游闸内水位,2023/10/13,4:54:25,4.7
上游闸外水位,2023/10/13,4:54:25,4.6
下游闸内水位,2023/10/13,4:57:12,4.7
下游闸外水位,2023/10/13,4:57:12,5.2
下游闸内水位,2023/10/13,4:59:28,5.1
下游闸外水位,2023/10/13,4:59:28,5.2
内河侧水位,2023/10/13,5:00:00,4.6
长江侧水位,2023/10/13,5:00:00,5.2
下游闸内水位,2023/10/13,5:39:36,5.4
下游闸外水位,2023/10/13,5:39:36,5.3
上游闸内水位,2023/10/13,5:42:18,5.4
上游闸外水位,2023/10/13,5:42:18,4.8
上游闸内水位,2023/10/13,5:44:45,4.9
上游闸外水位,2023/10/13,5:44:45,4.8
内河侧水位,2023/10/13,6:00:00,4.8
长江侧水位,2023/10/13,6:00:00,5.3
上游闸内水位,2023/10/13,6:17:33,4.8
上游闸外水位,2023/10/13,6:17:33,4.8
下游闸内水位,2023/10/13,6:20:10,4.9
下游闸外水位,2023/10/13,6:20:10,5.2
下游闸内水位,2023/10/13,6:21:36,5.1
下游闸外水位,2023/10/13,6:21:36,5.2
下游闸内水位,2023/10/13,6:59:18,5.2
下游闸外水位,2023/10/13,6:59:18,5.1
内河侧水位,2023/10/13,7:00:00,4.8
长江侧水位,2023/10/13,7:00:00,5.1
上游闸内水位,2023/10/13,7:01:55,5.1
上游闸外水位,2023/10/13,7:01:55,4.8
上游闸内水位,2023/10/13,7:03:25,5.0
上游闸外水位,2023/10/13,7:03:25,4.8
上游闸内水位,2023/10/13,7:25:50,4.8
上游闸外水位,2023/10/13,7:25:50,4.7
下游闸内水位,2023/10/13,7:28:22,4.8
下游闸外水位,2023/10/13,7:28:22,5.0
上游闸内水位,2023/10/13,7:38:27,4.9
上游闸外水位,2023/10/13,7:38:27,4.7
上游闸内水位,2023/10/13,7:52:31,4.8
上游闸外水位,2023/10/13,7:52:31,4.8
下游闸内水位,2023/10/13,7:52:34,4.9
下游闸外水位,2023/10/13,7:52:34,4.8
内河侧水位,2023/10/13,8:00:00,4.8
长江侧水位,2023/10/13,8:00:00,4.8
内河侧水位,2023/10/13,9:00:00,4.6
长江侧水位,2023/10/13,9:00:00,4.6
下游闸内水位,2023/10/13,9:16:09,4.6
下游闸外水位,2023/10/13,9:16:09,4.6
上游闸内水位,2023/10/13,10:36:18,4.4
上游闸外水位,2023/10/13,10:36:18,4.4
下游闸内水位,2023/10/13,11:08:04,4.3
下游闸外水位,2023/10/13,11:08:04,4.3
下游闸内水位,2023/10/13,21:39:01,4.5
下游闸外水位,2023/10/13,21:39:01,4.4
内河侧水位,2023/10/13,22:00:00,4.4
长江侧水位,2023/10/13,22:00:00,4.4
下游闸内水位,2023/10/13,22:18:38,4.4
下游闸外水位,2023/10/13,22:18:38,4.3
上游闸内水位,2023/10/13,22:25:21,4.4
上游闸外水位,2023/10/13,22:25:21,4.3
上游闸内水位,2023/10/13,22:26:56,4.3
上游闸外水位,2023/10/13,22:26:56,4.3
内河侧水位,2023/10/13,23:00:00,4.3
长江侧水位,2023/10/13,23:00:00,4.3
下游闸外水位,2023/10/12,15:44:36,4.6
内河侧水位,2023/10/12,16:00:00,4.4
长江侧水位,2023/10/12,16:00:00,4.6
下游闸内水位,2023/10/12,16:16:48,4.9
下游闸外水位,2023/10/12,16:16:48,4.8
上游闸内水位,2023/10/12,16:19:47,4.9
上游闸外水位,2023/10/12,16:19:47,4.5
上游闸内水位,2023/10/12,16:21:41,4.6
上游闸外水位,2023/10/12,16:21:41,4.5
内河侧水位,2023/10/12,17:00:00,4.7
长江侧水位,2023/10/12,17:00:00,5.0
上游闸内水位,2023/10/12,17:07:31,4.7
上游闸外水位,2023/10/12,17:07:31,4.7
下游闸内水位,2023/10/12,17:10:12,4.7
下游闸外水位,2023/10/12,17:10:12,5.0
下游闸内水位,2023/10/12,17:11:33,4.9
下游闸外水位,2023/10/12,17:11:33,5.0
下游闸内水位,2023/10/12,17:41:38,5.1
下游闸外水位,2023/10/12,17:41:38,5.0
上游闸内水位,2023/10/12,17:44:14,5.1
上游闸外水位,2023/10/12,17:44:14,4.7
上游闸内水位,2023/10/12,17:46:22,4.8
上游闸外水位,2023/10/12,17:46:22,4.7
内河侧水位,2023/10/12,18:00:00,4.7
长江侧水位,2023/10/12,18:00:00,5.0
上游闸内水位,2023/10/12,18:07:52,4.7
上游闸外水位,2023/10/12,18:07:52,4.7
下游闸内水位,2023/10/12,18:10:27,4.7
下游闸外水位,2023/10/12,18:10:27,5.0
下游闸内水位,2023/10/12,18:47:49,5.0
下游闸外水位,2023/10/12,18:47:49,4.9
上游闸内水位,2023/10/12,18:50:31,5.0
上游闸外水位,2023/10/12,18:50:31,4.7
上游闸内水位,2023/10/12,18:52:25,4.8
上游闸外水位,2023/10/12,18:52:25,4.7
内河侧水位,2023/10/12,19:00:00,4.6
长江侧水位,2023/10/12,19:00:00,4.8
上游闸内水位,2023/10/12,19:20:39,4.7
上游闸外水位,2023/10/12,19:20:39,4.6
下游闸内水位,2023/10/12,19:23:20,4.7
下游闸外水位,2023/10/12,19:23:20,4.8
下游闸内水位,2023/10/12,19:48:40,4.8
下游闸外水位,2023/10/12,19:48:40,4.7
上游闸内水位,2023/10/12,19:51:25,4.8
上游闸外水位,2023/10/12,19:51:25,4.6
上游闸内水位,2023/10/12,19:53:01,4.6
上游闸外水位,2023/10/12,19:53:01,4.6
内河侧水位,2023/10/12,20:00:00,4.6
长江侧水位,2023/10/12,20:00:00,4.7
上游闸内水位,2023/10/12,20:28:46,4.5
上游闸外水位,2023/10/12,20:28:46,4.5
下游闸内水位,2023/10/12,20:31:22,4.5
下游闸外水位,2023/10/12,20:31:22,4.6
下游闸内水位,2023/10/12,20:32:56,4.6
下游闸外水位,2023/10/12,20:32:56,4.6
上游闸内水位,2023/10/12,21:10:09,4.5
上游闸外水位,2023/10/12,21:10:09,4.4
上游闸内水位,2023/10/12,21:11:44,4.5
上游闸外水位,2023/10/12,21:11:44,4.4
上游闸内水位,2023/10/13,9:50:06,4.5
上游闸外水位,2023/10/13,9:50:06,4.5
下游闸内水位,2023/10/13,9:53:20,4.5
下游闸外水位,2023/10/13,9:53:20,4.4
下游闸内水位,2023/10/13,9:54:46,4.5
下游闸外水位,2023/10/13,9:54:46,4.5
内河侧水位,2023/10/13,10:00:00,4.5
长江侧水位,2023/10/13,10:00:00,4.5
下游闸内水位,2023/10/13,10:21:38,4.5
下游闸外水位,2023/10/13,10:21:38,4.4
上游闸内水位,2023/10/13,10:24:35,4.5
上游闸外水位,2023/10/13,10:24:35,4.4
内河侧水位,2023/10/13,11:00:00,4.3
长江侧水位,2023/10/13,11:00:00,4.3
上游闸内水位,2023/10/13,11:05:03,4.3
上游闸外水位,2023/10/13,11:05:03,4.3
下游闸内水位,2023/10/13,11:09:31,4.4
下游闸外水位,2023/10/13,11:09:31,4.3
下游闸内水位,2023/10/13,11:24:06,4.3
下游闸外水位,2023/10/13,11:24:06,4.3
上游闸内水位,2023/10/13,11:26:47,4.3
上游闸外水位,2023/10/13,11:26:47,4.3
上游闸内水位,2023/10/13,11:28:57,4.3
上游闸外水位,2023/10/13,11:28:57,4.2
上游闸内水位,2023/10/13,11:46:04,4.2
上游闸外水位,2023/10/13,11:46:04,4.2
下游闸内水位,2023/10/13,11:48:41,4.3
下游闸外水位,2023/10/13,11:48:41,4.2
下游闸内水位,2023/10/13,11:50:17,4.2
下游闸外水位,2023/10/13,11:50:17,4.2
内河侧水位,2023/10/13,12:00:00,4.2
长江侧水位,2023/10/13,12:00:00,4.2
上游闸内水位,2023/10/13,12:05:46,4.2
上游闸外水位,2023/10/13,12:05:46,4.2
内河侧水位,2023/10/13,13:00:00,4.1
长江侧水位,2023/10/13,13:00:00,4.0
内河侧水位,2023/10/13,14:00:00,3.9
长江侧水位,2023/10/13,14:00:00,3.9
内河侧水位,2023/10/13,15:00:00,3.9
长江侧水位,2023/10/13,15:00:00,3.9
上游闸内水位,2023/10/13,15:27:22,4.0
上游闸外水位,2023/10/13,15:27:22,4.0
下游闸内水位,2023/10/13,15:50:19,4.4
下游闸外水位,2023/10/13,15:50:19,4.4
上游闸内水位,2023/10/13,15:53:09,4.5
上游闸外水位,2023/10/13,15:53:09,4.1
上游闸内水位,2023/10/13,15:54:45,4.3
上游闸外水位,2023/10/13,15:54:45,4.2
内河侧水位,2023/10/13,16:00:00,4.1
长江侧水位,2023/10/13,16:00:00,4.4
上游闸内水位,2023/10/13,16:29:44,4.3
上游闸外水位,2023/10/13,16:29:44,4.3
下游闸内水位,2023/10/13,16:32:22,4.3
下游闸外水位,2023/10/13,16:32:22,4.8
下游闸内水位,2023/10/13,16:34:16,4.7
下游闸外水位,2023/10/13,16:34:16,4.8
内河侧水位,2023/10/13,17:00:00,4.4
长江侧水位,2023/10/13,17:00:00,4.9
下游闸内水位,2023/10/13,17:10:22,5.0
下游闸外水位,2023/10/13,17:10:22,5.0
上游闸内水位,2023/10/13,17:13:36,5.0
上游闸外水位,2023/10/13,17:13:36,4.4
上游闸内水位,2023/10/13,17:16:03,4.6
上游闸外水位,2023/10/13,17:16:03,4.4
上游闸内水位,2023/10/13,17:52:05,4.6
上游闸外水位,2023/10/13,17:52:05,4.5
下游闸内水位,2023/10/13,17:54:46,4.6
下游闸外水位,2023/10/13,17:54:46,5.1
下游闸内水位,2023/10/13,17:56:56,5.0
下游闸外水位,2023/10/13,17:56:56,5.1
内河侧水位,2023/10/13,18:00:00,4.5
长江侧水位,2023/10/13,18:00:00,5.1
下游闸内水位,2023/10/13,18:13:29,5.2
下游闸外水位,2023/10/13,18:13:29,5.2
上游闸内水位,2023/10/13,18:16:11,5.2
上游闸外水位,2023/10/13,18:16:11,4.6
上游闸内水位,2023/10/13,18:18:47,4.7
上游闸外水位,2023/10/13,18:18:47,4.6
上游闸内水位,2023/10/13,18:34:10,4.7
上游闸外水位,2023/10/13,18:34:10,4.6
下游闸内水位,2023/10/13,18:37:30,4.7
下游闸外水位,2023/10/13,18:37:30,5.1
下游闸内水位,2023/10/13,18:39:06,4.9
下游闸外水位,2023/10/13,18:39:06,5.1
内河侧水位,2023/10/13,19:00:00,4.7
长江侧水位,2023/10/13,19:00:00,5.0
下游闸内水位,2023/10/13,19:13:56,5.1
下游闸外水位,2023/10/13,19:13:56,5.0
上游闸内水位,2023/10/13,19:21:49,5.0
上游闸外水位,2023/10/13,19:21:49,4.7
上游闸内水位,2023/10/13,19:24:02,4.7
上游闸外水位,2023/10/13,19:24:02,4.7
内河侧水位,2023/10/13,20:00:00,4.6
长江侧水位,2023/10/13,20:00:00,4.8
上游闸内水位,2023/10/13,20:05:53,4.7
上游闸外水位,2023/10/13,20:05:53,4.6
下游闸内水位,2023/10/13,20:09:01,4.7
下游闸外水位,2023/10/13,20:09:01,4.8
下游闸内水位,2023/10/13,20:10:19,4.7
下游闸外水位,2023/10/13,20:10:19,4.7
下游闸内水位,2023/10/13,20:52:28,4.7
下游闸外水位,2023/10/13,20:52:28,4.6
上游闸内水位,2023/10/13,20:55:14,4.7
上游闸外水位,2023/10/13,20:55:14,4.5
上游闸内水位,2023/10/13,20:56:58,4.6
上游闸外水位,2023/10/13,20:56:58,4.5
内河侧水位,2023/10/13,21:00:00,4.5
长江侧水位,2023/10/13,21:00:00,4.6
上游闸内水位,2023/10/13,21:34:38,4.5
上游闸外水位,2023/10/13,21:34:38,4.5
下游闸内水位,2023/10/13,21:37:41,4.5
下游闸外水位,2023/10/13,21:37:41,4.5
上游闸内水位,2023/10/13,23:04:47,4.3
上游闸外水位,2023/10/13,23:04:47,4.3
下游闸内水位,2023/10/13,23:07:18,4.3
下游闸外水位,2023/10/13,23:07:18,4.2
上游闸内水位,2023/10/13,23:58:43,4.2
上游闸外水位,2023/10/13,23:58:43,4.1
内河侧水位,2023/10/14,0:00:00,4.1
长江侧水位,2023/10/14,0:00:00,4.1
上游闸内水位,2023/10/14,0:48:49,4.0
上游闸外水位,2023/10/14,0:48:49,4.0
下游闸内水位,2023/10/14,0:53:49,4.0
下游闸外水位,2023/10/14,0:53:49,3.9
下游闸内水位,2023/10/14,0:55:09,4.0
下游闸外水位,2023/10/14,0:55:09,3.9
内河侧水位,2023/10/14,1:00:00,4.0
长江侧水位,2023/10/14,1:00:00,4.0
下游闸内水位,2023/10/14,1:33:57,4.0
下游闸外水位,2023/10/14,1:33:57,3.9
上游闸内水位,2023/10/14,1:36:34,3.9
上游闸外水位,2023/10/14,1:36:34,3.9
上游闸内水位,2023/10/14,1:38:08,4.0
上游闸外水位,2023/10/14,1:38:08,3.9
内河侧水位,2023/10/14,2:00:00,3.9
长江侧水位,2023/10/14,2:00:00,3.8
上游闸内水位,2023/10/14,2:12:52,3.9
上游闸外水位,2023/10/14,2:12:52,3.9
下游闸内水位,2023/10/14,2:15:24,4.0
下游闸外水位,2023/10/14,2:15:24,3.8
下游闸内水位,2023/10/14,2:54:00,3.9
下游闸外水位,2023/10/14,2:54:00,3.8
上游闸内水位,2023/10/14,2:56:48,3.9
上游闸外水位,2023/10/14,2:56:48,3.9
上游闸内水位,2023/10/14,2:58:18,3.9
上游闸外水位,2023/10/14,2:58:18,3.9
内河侧水位,2023/10/14,3:00:00,3.9
长江侧水位,2023/10/14,3:00:00,3.8
上游闸内水位,2023/10/14,3:36:01,4.0
上游闸外水位,2023/10/14,3:36:01,4.0
下游闸内水位,2023/10/14,3:38:33,4.0
下游闸外水位,2023/10/14,3:38:33,4.1
下游闸内水位,2023/10/14,3:40:09,4.1
下游闸外水位,2023/10/14,3:40:09,4.1
内河侧水位,2023/10/14,4:00:00,4.1
长江侧水位,2023/10/14,4:00:00,4.4
下游闸内水位,2023/10/14,4:25:04,4.8
下游闸外水位,2023/10/14,4:25:04,4.8
上游闸内水位,2023/10/14,4:27:41,4.8
上游闸外水位,2023/10/14,4:27:41,4.3
上游闸内水位,2023/10/14,4:29:49,4.5
上游闸外水位,2023/10/14,4:29:49,4.3
内河侧水位,2023/10/14,10:00:00,4.4
长江侧水位,2023/10/14,10:00:00,4.5
上游闸内水位,2023/10/14,10:07:32,4.4
上游闸外水位,2023/10/14,10:07:32,4.4
下游闸内水位,2023/10/14,10:10:13,4.5
下游闸外水位,2023/10/14,10:10:13,4.4
下游闸内水位,2023/10/14,10:11:43,4.5
下游闸外水位,2023/10/14,10:11:43,4.4
下游闸内水位,2023/10/14,10:42:02,4.4
下游闸外水位,2023/10/14,10:42:02,4.3
上游闸内水位,2023/10/14,10:45:12,4.4
上游闸外水位,2023/10/14,10:45:12,4.3
上游闸内水位,2023/10/14,10:46:58,4.4
上游闸外水位,2023/10/14,10:46:58,4.3
内河侧水位,2023/10/14,11:00:00,4.3
长江侧水位,2023/10/14,11:00:00,4.3
上游闸内水位,2023/10/14,11:14:57,4.3
上游闸外水位,2023/10/14,11:14:57,4.3
下游闸内水位,2023/10/14,11:18:38,4.3
下游闸外水位,2023/10/14,11:18:38,4.2
下游闸内水位,2023/10/14,11:20:07,4.3
下游闸外水位,2023/10/14,11:20:07,4.2
下游闸内水位,2023/10/14,11:51:26,4.2
下游闸外水位,2023/10/14,11:51:26,4.2
上游闸内水位,2023/10/14,11:54:20,4.2
上游闸外水位,2023/10/14,11:54:20,4.2
上游闸内水位,2023/10/14,11:55:59,4.2
上游闸外水位,2023/10/14,11:55:59,4.2
内河侧水位,2023/10/14,12:00:00,4.1
长江侧水位,2023/10/14,12:00:00,4.1
上游闸内水位,2023/10/14,12:27:51,4.1
上游闸外水位,2023/10/14,12:27:51,4.1
下游闸内水位,2023/10/14,12:30:38,4.1
下游闸外水位,2023/10/14,12:30:38,4.1
下游闸内水位,2023/10/14,12:32:44,4.2
下游闸外水位,2023/10/14,12:32:44,4.1
内河侧水位,2023/10/14,13:00:00,4.0
长江侧水位,2023/10/14,13:00:00,4.0
下游闸内水位,2023/10/14,13:03:49,4.0
下游闸外水位,2023/10/14,13:03:49,4.0
下游闸内水位,2023/10/13,23:56:07,4.2
下游闸外水位,2023/10/13,23:56:07,4.1
上游闸内水位,2023/10/14,13:06:51,4.0
上游闸外水位,2023/10/14,13:06:51,4.0
上游闸内水位,2023/10/14,13:08:57,4.0
上游闸外水位,2023/10/14,13:08:57,4.0
上游闸内水位,2023/10/14,13:37:48,4.0
上游闸外水位,2023/10/14,13:37:48,3.9
下游闸内水位,2023/10/14,13:40:55,4.0
下游闸外水位,2023/10/14,13:40:55,3.8
下游闸内水位,2023/10/14,13:42:44,3.9
下游闸外水位,2023/10/14,13:42:44,3.8
内河侧水位,2023/10/14,14:00:00,3.9
长江侧水位,2023/10/14,14:00:00,3.8
下游闸内水位,2023/10/14,14:18:24,3.9
下游闸外水位,2023/10/14,14:18:24,3.8
上游闸内水位,2023/10/14,14:21:19,3.9
上游闸外水位,2023/10/14,14:21:19,3.9
上游闸内水位,2023/10/14,14:23:01,3.9
上游闸外水位,2023/10/14,14:23:01,3.9
内河侧水位,2023/10/14,15:00:00,3.9
长江侧水位,2023/10/14,15:00:00,3.8
上游闸内水位,2023/10/14,15:04:00,3.9
上游闸外水位,2023/10/14,15:04:00,3.9
下游闸内水位,2023/10/14,15:06:41,3.9
下游闸外水位,2023/10/14,15:06:41,3.7
下游闸内水位,2023/10/14,15:07:58,3.8
下游闸外水位,2023/10/14,15:07:58,3.8
下游闸内水位,2023/10/14,15:30:05,3.9
下游闸外水位,2023/10/14,15:30:05,3.8
上游闸内水位,2023/10/14,15:32:48,3.9
上游闸外水位,2023/10/14,15:32:48,3.9
上游闸内水位,2023/10/14,15:34:13,3.9
上游闸外水位,2023/10/14,15:34:13,3.9
上游闸内水位,2023/10/14,15:46:27,3.9
上游闸外水位,2023/10/14,15:46:27,3.9
下游闸内水位,2023/10/14,15:49:01,3.9
下游闸外水位,2023/10/14,15:49:01,4.0
内河侧水位,2023/10/14,16:00:00,4.0
长江侧水位,2023/10/14,16:00:00,4.1
下游闸内水位,2023/10/14,16:14:45,4.5
下游闸外水位,2023/10/14,16:14:45,4.4
上游闸内水位,2023/10/14,16:17:40,4.4
上游闸外水位,2023/10/14,16:17:40,4.1
上游闸内水位,2023/10/14,16:19:10,4.3
上游闸外水位,2023/10/14,16:19:10,4.1
上游闸内水位,2023/10/14,16:52:21,4.4
上游闸外水位,2023/10/14,16:52:21,4.3
下游闸内水位,2023/10/14,16:55:00,4.4
下游闸外水位,2023/10/14,16:55:00,4.8
下游闸内水位,2023/10/14,16:56:46,4.7
下游闸外水位,2023/10/14,16:56:46,4.8
内河侧水位,2023/10/14,17:00:00,4.4
长江侧水位,2023/10/14,17:00:00,4.8
下游闸内水位,2023/10/14,17:40:48,5.1
下游闸外水位,2023/10/14,17:40:48,5.1
上游闸内水位,2023/10/14,17:43:36,5.2
上游闸外水位,2023/10/14,17:43:36,4.6
上游闸内水位,2023/10/14,17:46:01,4.7
上游闸外水位,2023/10/14,17:46:01,4.6
内河侧水位,2023/10/14,18:00:00,4.6
长江侧水位,2023/10/14,18:00:00,5.1
上游闸内水位,2023/10/14,18:20:32,4.7
上游闸外水位,2023/10/14,18:20:32,4.7
下游闸内水位,2023/10/14,18:23:15,4.7
下游闸外水位,2023/10/14,18:23:15,5.2
下游闸内水位,2023/10/14,18:26:11,5.2
下游闸外水位,2023/10/14,18:26:11,5.2
下游闸内水位,2023/10/14,18:44:19,5.3
下游闸外水位,2023/10/14,18:44:19,5.2
上游闸内水位,2023/10/14,18:46:59,5.2
上游闸外水位,2023/10/14,18:46:59,4.7
上游闸内水位,2023/10/14,18:49:41,4.8
上游闸外水位,2023/10/14,18:49:41,4.7
上游闸内水位,2023/10/14,18:58:35,4.8
上游闸外水位,2023/10/14,18:58:35,4.7
内河侧水位,2023/10/14,19:00:00,4.7
长江侧水位,2023/10/14,19:00:00,5.1
下游闸内水位,2023/10/14,19:01:13,4.8
下游闸外水位,2023/10/14,19:01:13,5.2
下游闸内水位,2023/10/14,19:02:43,5.0
下游闸外水位,2023/10/14,19:02:43,5.1
上游闸内水位,2023/10/15,9:48:10,4.6
上游闸外水位,2023/10/15,9:48:10,4.5
下游闸内水位,2023/10/15,9:50:55,4.6
下游闸外水位,2023/10/15,9:50:55,4.6
下游闸内水位,2023/10/15,9:52:35,4.6
内河侧水位,2023/10/14,5:00:00,4.5
长江侧水位,2023/10/14,5:00:00,5.0
上游闸内水位,2023/10/14,5:10:46,4.5
上游闸外水位,2023/10/14,5:10:46,4.5
下游闸内水位,2023/10/14,5:13:16,4.6
下游闸外水位,2023/10/14,5:13:16,5.1
下游闸内水位,2023/10/14,5:15:19,4.9
下游闸外水位,2023/10/14,5:15:19,5.0
下游闸内水位,2023/10/14,5:51:10,5.3
下游闸外水位,2023/10/14,5:51:10,5.2
上游闸内水位,2023/10/14,5:53:53,5.3
上游闸外水位,2023/10/14,5:53:53,4.7
上游闸内水位,2023/10/14,5:56:20,4.8
上游闸外水位,2023/10/14,5:56:20,4.7
内河侧水位,2023/10/14,6:00:00,4.7
长江侧水位,2023/10/14,6:00:00,5.2
上游闸内水位,2023/10/14,6:22:35,4.8
上游闸外水位,2023/10/14,6:22:35,4.7
下游闸内水位,2023/10/14,6:25:35,4.8
下游闸外水位,2023/10/14,6:25:35,5.2
下游闸内水位,2023/10/14,6:27:29,5.1
下游闸外水位,2023/10/14,6:27:29,5.2
下游闸内水位,2023/10/14,6:55:20,5.2
下游闸外水位,2023/10/14,6:55:20,5.1
上游闸内水位,2023/10/14,6:58:05,5.2
上游闸外水位,2023/10/14,6:58:05,4.8
上游闸内水位,2023/10/14,6:59:58,4.9
上游闸外水位,2023/10/14,6:59:58,4.8
内河侧水位,2023/10/14,7:00:00,4.8
长江侧水位,2023/10/14,7:00:00,5.1
上游闸内水位,2023/10/14,7:27:41,4.8
上游闸外水位,2023/10/14,7:27:41,4.7
下游闸内水位,2023/10/14,7:30:12,4.8
下游闸外水位,2023/10/14,7:30:12,5.0
下游闸内水位,2023/10/14,7:31:39,4.9
下游闸外水位,2023/10/14,7:31:39,5.0
下游闸内水位,2023/10/14,7:59:58,4.9
下游闸外水位,2023/10/14,7:59:58,4.9
内河侧水位,2023/10/14,8:00:00,4.7
长江侧水位,2023/10/14,8:00:00,4.8
上游闸内水位,2023/10/14,8:02:51,4.9
上游闸外水位,2023/10/14,8:02:51,4.7
上游闸内水位,2023/10/14,8:04:24,4.8
上游闸外水位,2023/10/14,8:04:24,4.7
上游闸内水位,2023/10/14,8:25:56,4.7
上游闸外水位,2023/10/14,8:25:56,4.7
下游闸内水位,2023/10/14,8:28:29,4.7
下游闸外水位,2023/10/14,8:28:29,4.7
下游闸内水位,2023/10/14,8:29:52,4.8
下游闸外水位,2023/10/14,8:29:52,4.7
下游闸内水位,2023/10/14,8:42:10,4.8
下游闸外水位,2023/10/14,8:42:10,4.7
上游闸内水位,2023/10/14,8:45:12,4.7
上游闸外水位,2023/10/14,8:45:12,4.6
上游闸内水位,2023/10/14,8:47:01,4.6
上游闸外水位,2023/10/14,8:47:01,4.6
上游闸内水位,2023/10/14,8:59:32,4.6
上游闸外水位,2023/10/14,8:59:32,4.6
内河侧水位,2023/10/14,9:00:00,4.6
长江侧水位,2023/10/14,9:00:00,4.6
下游闸内水位,2023/10/14,9:02:38,4.6
下游闸外水位,2023/10/14,9:02:38,4.6
下游闸内水位,2023/10/14,9:04:27,4.7
下游闸外水位,2023/10/14,9:04:27,4.6
下游闸内水位,2023/10/14,9:32:05,4.6
下游闸外水位,2023/10/14,9:32:05,4.5
上游闸内水位,2023/10/14,9:35:03,4.6
上游闸外水位,2023/10/14,9:35:03,4.5
上游闸内水位,2023/10/14,9:37:02,4.5
上游闸外水位,2023/10/14,9:37:02,4.5
下游闸内水位,2023/10/14,19:31:48,5.1
下游闸外水位,2023/10/14,19:31:48,5.1
上游闸内水位,2023/10/14,19:34:25,5.1
上游闸外水位,2023/10/14,19:34:25,4.7
上游闸内水位,2023/10/14,19:36:07,4.9
上游闸外水位,2023/10/14,19:36:07,4.7
内河侧水位,2023/10/14,20:00:00,4.7
长江侧水位,2023/10/14,20:00:00,4.9
上游闸内水位,2023/10/14,20:22:28,4.7
上游闸外水位,2023/10/14,20:22:28,4.7
下游闸内水位,2023/10/14,20:25:14,4.7
下游闸外水位,2023/10/14,20:25:14,4.8
下游闸内水位,2023/10/14,20:26:45,4.8
下游闸外水位,2023/10/14,20:26:45,4.8
内河侧水位,2023/10/14,21:00:00,4.6
长江侧水位,2023/10/14,21:00:00,4.7
下游闸内水位,2023/10/14,21:12:34,4.7
下游闸外水位,2023/10/14,21:12:34,4.6
上游闸内水位,2023/10/14,21:15:24,4.7
上游闸外水位,2023/10/14,21:15:24,4.6
上游闸内水位,2023/10/14,21:17:16,4.6
上游闸外水位,2023/10/14,21:17:16,4.6
内河侧水位,2023/10/14,22:00:00,4.5
长江侧水位,2023/10/14,22:00:00,4.5
上游闸内水位,2023/10/14,22:02:13,4.5
上游闸外水位,2023/10/14,22:02:13,4.5
下游闸内水位,2023/10/14,22:04:47,4.5
下游闸外水位,2023/10/14,22:04:47,4.5
下游闸内水位,2023/10/14,22:06:10,4.5
下游闸外水位,2023/10/14,22:06:10,4.5
下游闸内水位,2023/10/14,22:51:27,4.4
下游闸外水位,2023/10/14,22:51:27,4.3
下游闸内水位,2023/10/14,22:51:52,4.4
下游闸外水位,2023/10/14,22:51:52,4.3
上游闸内水位,2023/10/14,22:55:09,4.4
上游闸外水位,2023/10/14,22:55:09,4.3
内河侧水位,2023/10/14,23:00:00,4.3
长江侧水位,2023/10/14,23:00:00,4.3
上游闸内水位,2023/10/14,23:00:35,4.3
上游闸外水位,2023/10/14,23:00:35,4.3
上游闸内水位,2023/10/14,23:32:38,4.3
上游闸外水位,2023/10/14,23:32:38,4.2
下游闸内水位,2023/10/14,23:35:23,4.3
下游闸外水位,2023/10/14,23:35:23,4.3
下游闸内水位,2023/10/14,23:36:43,4.3
下游闸外水位,2023/10/14,23:36:43,4.3
内河侧水位,2023/10/15,0:00:00,4.2
长江侧水位,2023/10/15,0:00:00,4.2
下游闸内水位,2023/10/15,0:20:58,4.2
下游闸外水位,2023/10/15,0:20:58,4.1
上游闸内水位,2023/10/15,0:23:56,4.1
上游闸外水位,2023/10/15,0:23:56,4.1
上游闸内水位,2023/10/15,0:25:25,4.2
上游闸外水位,2023/10/15,0:25:25,4.1
内河侧水位,2023/10/15,1:00:00,4.0
长江侧水位,2023/10/15,1:00:00,4.0
上游闸内水位,2023/10/15,1:02:12,4.1
上游闸外水位,2023/10/15,1:02:12,4.0
下游闸内水位,2023/10/15,1:07:27,4.1
下游闸外水位,2023/10/15,1:07:27,4.0
下游闸内水位,2023/10/15,1:08:43,4.0
下游闸外水位,2023/10/15,1:08:43,4.0
下游闸内水位,2023/10/15,1:25:38,4.0
下游闸外水位,2023/10/15,1:25:38,3.9
上游闸内水位,2023/10/15,1:28:22,4.0
上游闸外水位,2023/10/15,1:28:22,4.0
上游闸内水位,2023/10/15,1:30:03,4.0
上游闸外水位,2023/10/15,1:30:03,4.0
上游闸内水位,2023/10/15,1:38:57,4.0
上游闸外水位,2023/10/15,1:38:57,4.0
上游闸内水位,2023/10/15,1:43:47,4.0
上游闸外水位,2023/10/15,1:43:47,4.0
上游闸内水位,2023/10/15,1:56:39,4.0
上游闸外水位,2023/10/15,1:56:39,3.9
下游闸内水位,2023/10/15,1:57:23,4.0
下游闸外水位,2023/10/15,1:57:23,3.8
内河侧水位,2023/10/15,2:00:00,3.9
长江侧水位,2023/10/15,2:00:00,3.8
下游闸内水位,2023/10/15,2:06:52,3.9
下游闸外水位,2023/10/15,2:06:52,3.8
上游闸内水位,2023/10/15,2:09:30,3.9
上游闸外水位,2023/10/15,2:09:30,3.9
上游闸内水位,2023/10/15,2:11:08,4.0
上游闸外水位,2023/10/15,2:11:08,3.9
上游闸内水位,2023/10/15,2:30:05,4.0
上游闸外水位,2023/10/15,2:30:05,3.9
下游闸内水位,2023/10/15,2:32:54,4.0
下游闸外水位,2023/10/15,2:32:54,3.8
下游闸内水位,2023/10/15,2:34:14,3.9
下游闸外水位,2023/10/15,2:34:14,3.8
下游闸内水位,2023/10/15,2:46:06,3.8
下游闸外水位,2023/10/15,2:46:06,3.8
上游闸内水位,2023/10/15,2:48:44,3.8
上游闸外水位,2023/10/15,2:48:44,3.9
上游闸内水位,2023/10/15,2:50:23,3.9
上游闸外水位,2023/10/15,2:50:23,3.9
内河侧水位,2023/10/15,3:00:00,3.9
长江侧水位,2023/10/15,3:00:00,3.8
上游闸内水位,2023/10/15,3:11:09,3.9
上游闸外水位,2023/10/15,3:11:09,3.9
下游闸内水位,2023/10/15,3:14:24,4.0
下游闸外水位,2023/10/15,3:14:24,3.7
下游闸内水位,2023/10/15,3:15:47,3.9
下游闸外水位,2023/10/15,3:15:47,3.7
内河侧水位,2023/10/15,4:00:00,3.9
长江侧水位,2023/10/15,4:00:00,4.0
下游闸内水位,2023/10/15,4:07:58,4.3
下游闸外水位,2023/10/15,4:07:58,4.2
上游闸内水位,2023/10/15,4:10:35,4.3
上游闸外水位,2023/10/15,4:10:35,4.0
上游闸内水位,2023/10/15,4:12:24,4.1
上游闸外水位,2023/10/15,4:12:24,4.0
上游闸内水位,2023/10/15,4:53:38,4.4
上游闸外水位,2023/10/15,4:53:38,4.3
下游闸内水位,2023/10/15,4:56:25,4.4
下游闸外水位,2023/10/15,4:56:25,4.9
下游闸内水位,2023/10/15,4:58:16,4.7
下游闸外水位,2023/10/15,4:58:16,4.9
内河侧水位,2023/10/15,5:00:00,4.4
长江侧水位,2023/10/15,5:00:00,4.9
下游闸内水位,2023/10/15,5:38:40,5.2
下游闸外水位,2023/10/15,5:38:40,5.1
上游闸内水位,2023/10/15,5:41:27,5.2
上游闸外水位,2023/10/15,5:41:27,4.6
上游闸内水位,2023/10/15,5:44:22,4.7
上游闸外水位,2023/10/15,5:44:22,4.6
内河侧水位,2023/10/15,6:00:00,4.7
长江侧水位,2023/10/15,6:00:00,5.2
上游闸内水位,2023/10/15,6:17:13,4.7
上游闸外水位,2023/10/15,6:17:13,4.7
下游闸内水位,2023/10/15,6:20:22,4.8
下游闸外水位,2023/10/15,6:20:22,5.3
下游闸内水位,2023/10/15,6:22:42,5.2
下游闸外水位,2023/10/15,6:22:42,5.2
下游闸内水位,2023/10/15,6:58:38,5.3
下游闸外水位,2023/10/15,6:58:38,5.2
内河侧水位,2023/10/15,7:00:00,4.8
长江侧水位,2023/10/15,7:00:00,5.3
上游闸内水位,2023/10/15,7:01:21,5.3
上游闸外水位,2023/10/15,7:01:21,4.8
上游闸内水位,2023/10/15,7:03:55,4.9
上游闸外水位,2023/10/15,7:03:55,4.8
上游闸内水位,2023/10/15,7:34:08,4.8
上游闸外水位,2023/10/15,7:34:08,4.8
下游闸内水位,2023/10/15,7:36:54,4.9
下游闸外水位,2023/10/15,7:36:54,5.1
下游闸内水位,2023/10/15,7:38:46,5.1
下游闸外水位,2023/10/15,7:38:46,5.1
下游闸内水位,2023/10/15,7:57:26,5.1
下游闸外水位,2023/10/15,7:57:26,5.0
内河侧水位,2023/10/15,8:00:00,4.8
长江侧水位,2023/10/15,8:00:00,5.0
上游闸内水位,2023/10/15,8:00:21,5.1
上游闸外水位,2023/10/15,8:00:21,4.8
上游闸内水位,2023/10/15,8:02:07,4.9
上游闸外水位,2023/10/15,8:02:07,4.8
上游闸内水位,2023/10/15,8:33:01,4.7
上游闸外水位,2023/10/15,8:33:01,4.7
下游闸内水位,2023/10/15,8:35:46,4.8
下游闸外水位,2023/10/15,8:35:46,4.9
下游闸内水位,2023/10/15,8:37:19,4.9
下游闸外水位,2023/10/15,8:37:19,4.8
内河侧水位,2023/10/15,9:00:00,4.6
长江侧水位,2023/10/15,9:00:00,4.8
下游闸内水位,2023/10/15,9:11:26,4.8
下游闸外水位,2023/10/15,9:11:26,4.7
上游闸内水位,2023/10/15,9:14:13,4.8
上游闸外水位,2023/10/15,9:14:13,4.6
上游闸内水位,2023/10/15,9:15:54,4.7
上游闸外水位,2023/10/15,9:15:54,4.6
下游闸外水位,2023/10/15,9:52:35,4.6
上游闸内水位,2023/10/15,10:41:29,4.4
上游闸外水位,2023/10/15,10:41:29,4.4
内河侧水位,2023/10/15,11:00:00,4.4
长江侧水位,2023/10/15,11:00:00,4.4
上游闸内水位,2023/10/15,11:01:19,4.4
上游闸外水位,2023/10/15,11:01:19,4.4
下游闸内水位,2023/10/15,11:03:53,4.4
下游闸外水位,2023/10/15,11:03:53,4.4
下游闸内水位,2023/10/15,11:05:10,4.4
下游闸外水位,2023/10/15,11:05:10,4.3
下游闸内水位,2023/10/15,11:28:15,4.4
下游闸外水位,2023/10/15,11:28:15,4.3
上游闸内水位,2023/10/15,11:30:52,4.3
上游闸外水位,2023/10/15,11:30:52,4.3
上游闸内水位,2023/10/15,11:32:20,4.3
上游闸外水位,2023/10/15,11:32:20,4.3
内河侧水位,2023/10/15,12:00:00,4.2
长江侧水位,2023/10/15,12:00:00,4.2
上游闸内水位,2023/10/15,12:05:32,4.2
上游闸外水位,2023/10/15,12:05:32,4.2
内河侧水位,2023/10/15,10:00:00,4.5
长江侧水位,2023/10/15,10:00:00,4.6
下游闸内水位,2023/10/15,10:20:37,4.5
下游闸外水位,2023/10/15,10:20:37,4.5
上游闸内水位,2023/10/15,10:23:18,4.5
上游闸外水位,2023/10/15,10:23:18,4.4
下游闸内水位,2023/10/15,12:08:27,4.2
下游闸外水位,2023/10/15,12:08:27,4.2
下游闸内水位,2023/10/15,12:10:39,4.3
下游闸外水位,2023/10/15,12:10:39,4.2
下游闸内水位,2023/10/15,12:29:44,4.2
下游闸外水位,2023/10/15,12:29:44,4.1
上游闸内水位,2023/10/15,12:32:27,4.2
上游闸外水位,2023/10/15,12:32:27,4.1
上游闸内水位,2023/10/15,12:34:04,4.1
上游闸外水位,2023/10/15,12:34:04,4.1
上游闸内水位,2023/10/15,12:57:02,4.1
上游闸外水位,2023/10/15,12:57:02,4.1
下游闸内水位,2023/10/15,12:59:39,4.1
下游闸外水位,2023/10/15,12:59:39,4.0
内河侧水位,2023/10/15,13:00:00,4.0
长江侧水位,2023/10/15,13:00:00,4.0
下游闸内水位,2023/10/15,13:01:00,4.1
下游闸外水位,2023/10/15,13:01:00,4.0
上游闸内水位,2023/10/15,13:30:39,4.0
上游闸外水位,2023/10/15,13:30:39,4.0
上游闸内水位,2023/10/15,13:32:12,4.0
上游闸外水位,2023/10/15,13:32:12,4.0
内河侧水位,2023/10/15,14:00:00,4.0
长江侧水位,2023/10/15,14:00:00,3.9
上游闸内水位,2023/10/15,14:03:41,4.0
上游闸外水位,2023/10/15,14:03:41,4.0
下游闸内水位,2023/10/15,14:06:20,4.0
下游闸外水位,2023/10/15,14:06:20,3.8
下游闸内水位,2023/10/15,14:08:00,3.9
下游闸外水位,2023/10/15,14:08:00,3.9
下游闸内水位,2023/10/15,14:41:20,3.8
下游闸外水位,2023/10/15,14:41:20,3.7
上游闸内水位,2023/10/15,14:44:06,3.9
上游闸外水位,2023/10/15,14:44:06,3.9
上游闸内水位,2023/10/15,14:45:45,3.9
上游闸外水位,2023/10/15,14:45:45,3.9
内河侧水位,2023/10/15,15:00:00,3.9
长江侧水位,2023/10/15,15:00:00,3.7
上游闸内水位,2023/10/15,15:15:56,3.9
上游闸外水位,2023/10/15,15:15:56,3.9
下游闸内水位,2023/10/15,15:19:10,4.0
下游闸外水位,2023/10/15,15:19:10,3.7
下游闸内水位,2023/10/15,15:20:45,3.9
下游闸外水位,2023/10/15,15:20:45,3.7
下游闸内水位,2023/10/15,15:46:23,3.8
下游闸外水位,2023/10/15,15:46:23,3.7
上游闸内水位,2023/10/15,15:50:20,3.8
上游闸外水位,2023/10/15,15:50:20,3.9
上游闸内水位,2023/10/15,15:52:03,3.9
上游闸外水位,2023/10/15,15:52:03,3.9
内河侧水位,2023/10/15,16:00:00,3.9
长江侧水位,2023/10/15,16:00:00,3.8
上游闸内水位,2023/10/15,16:23:52,3.9
上游闸外水位,2023/10/15,16:23:52,3.9
下游闸内水位,2023/10/15,16:26:57,4.0
下游闸外水位,2023/10/15,16:26:57,4.2
下游闸内水位,2023/10/15,16:28:59,4.2
下游闸外水位,2023/10/15,16:28:59,4.2
内河侧水位,2023/10/15,17:00:00,4.2
长江侧水位,2023/10/15,17:00:00,4.7
下游闸内水位,2023/10/15,17:01:28,4.8
下游闸外水位,2023/10/15,17:01:28,4.7
上游闸内水位,2023/10/15,17:04:21,4.8
上游闸外水位,2023/10/15,17:04:21,4.3
上游闸内水位,2023/10/15,17:07:14,4.4
上游闸外水位,2023/10/15,17:07:14,4.3
上游闸内水位,2023/10/15,17:34:34,4.5
上游闸外水位,2023/10/15,17:34:34,4.5
下游闸内水位,2023/10/15,17:37:12,4.5
下游闸外水位,2023/10/15,17:37:12,5.0
下游闸内水位,2023/10/15,17:39:10,4.9
下游闸外水位,2023/10/15,17:39:10,5.0
下游闸内水位,2023/10/15,17:55:03,5.2
下游闸外水位,2023/10/15,17:55:03,5.1
内河侧水位,2023/10/15,18:00:00,4.6
长江侧水位,2023/10/15,18:00:00,5.1
上游闸内水位,2023/10/15,18:00:18,4.7
上游闸外水位,2023/10/15,18:00:18,4.6
上游闸内水位,2023/10/15,18:11:43,4.7
上游闸外水位,2023/10/15,18:11:43,4.6
下游闸内水位,2023/10/15,18:14:15,4.7
下游闸内水位,2023/10/15,13:27:54,4.1
下游闸外水位,2023/10/15,13:27:54,4.0
上游闸内水位,2023/10/15,17:57:57,5.1
上游闸外水位,2023/10/15,17:57:57,4.6
内河侧水位,2023/10/15,22:00:00,4.6
长江侧水位,2023/10/15,22:00:00,4.6
上游闸内水位,2023/10/15,22:17:24,4.6
上游闸外水位,2023/10/15,22:17:24,4.5
下游闸内水位,2023/10/15,22:20:04,4.6
下游闸外水位,2023/10/15,22:20:04,4.6
下游闸内水位,2023/10/15,22:21:40,4.6
下游闸外水位,2023/10/15,22:21:40,4.5
内河侧水位,2023/10/15,23:00:00,4.4
长江侧水位,2023/10/15,23:00:00,4.4
下游闸内水位,2023/10/15,23:01:02,4.5
下游闸外水位,2023/10/15,23:01:02,4.4
上游闸内水位,2023/10/15,23:03:43,4.5
上游闸外水位,2023/10/15,23:03:43,4.4
上游闸内水位,2023/10/15,23:05:13,4.4
上游闸外水位,2023/10/15,23:05:13,4.4
上游闸内水位,2023/10/15,23:34:40,4.4
上游闸外水位,2023/10/15,23:34:40,4.3
下游闸内水位,2023/10/15,23:37:17,4.4
下游闸外水位,2023/10/15,23:37:17,4.3
下游闸内水位,2023/10/15,23:38:36,4.4
下游闸外水位,2023/10/15,23:38:36,4.3
内河侧水位,2023/10/16,0:00:01,4.3
长江侧水位,2023/10/16,0:00:01,4.2
下游闸内水位,2023/10/16,0:18:01,4.3
下游闸外水位,2023/10/16,0:18:01,4.2
上游闸内水位,2023/10/16,0:20:42,4.3
上游闸外水位,2023/10/16,0:20:42,4.2
上游闸内水位,2023/10/16,0:22:13,4.3
上游闸外水位,2023/10/16,0:22:13,4.2
内河侧水位,2023/10/16,1:00:00,4.1
长江侧水位,2023/10/16,1:00:00,4.1
上游闸内水位,2023/10/16,1:15:05,4.1
上游闸外水位,2023/10/16,1:15:05,4.1
下游闸内水位,2023/10/16,1:17:41,4.1
下游闸外水位,2023/10/16,1:17:41,4.0
下游闸内水位,2023/10/16,1:19:38,4.1
下游闸外水位,2023/10/16,1:19:38,4.0
内河侧水位,2023/10/16,2:00:00,4.0
长江侧水位,2023/10/16,2:00:00,3.9
下游闸内水位,2023/10/16,2:22:54,4.0
下游闸外水位,2023/10/16,2:22:54,3.9
上游闸内水位,2023/10/16,2:25:33,3.9
上游闸外水位,2023/10/16,2:25:33,4.0
上游闸内水位,2023/10/16,2:27:13,4.0
上游闸外水位,2023/10/16,2:27:13,4.0
内河侧水位,2023/10/16,3:00:00,3.9
长江侧水位,2023/10/16,3:00:00,3.8
上游闸内水位,2023/10/16,3:05:13,4.0
上游闸外水位,2023/10/16,3:05:13,3.9
下游闸内水位,2023/10/16,3:07:48,4.0
下游闸外水位,2023/10/16,3:07:48,3.8
下游闸内水位,2023/10/16,3:10:21,3.9
下游闸外水位,2023/10/16,3:10:21,3.8
下游闸内水位,2023/10/16,3:49:31,3.8
下游闸外水位,2023/10/16,3:49:31,3.7
上游闸内水位,2023/10/16,3:52:15,3.8
上游闸外水位,2023/10/16,3:52:15,3.9
上游闸内水位,2023/10/16,3:53:46,3.9
上游闸外水位,2023/10/16,3:53:46,3.9
内河侧水位,2023/10/16,4:00:00,3.8
长江侧水位,2023/10/16,4:00:00,3.8
上游闸内水位,2023/10/16,4:30:39,3.9
上游闸外水位,2023/10/16,4:30:39,3.9
下游闸内水位,2023/10/16,4:33:14,3.9
下游闸外水位,2023/10/16,4:33:14,4.1
内河侧水位,2023/10/16,5:00:00,3.9
长江侧水位,2023/10/16,5:00:00,4.5
下游闸内水位,2023/10/16,5:14:41,4.8
下游闸外水位,2023/10/16,5:14:41,4.7
上游闸内水位,2023/10/16,5:17:20,4.9
上游闸外水位,2023/10/16,5:17:20,3.9
上游闸内水位,2023/10/16,5:20:43,4.0
上游闸外水位,2023/10/16,5:20:43,3.9
上游闸内水位,2023/10/16,5:55:51,4.3
上游闸外水位,2023/10/16,5:55:51,4.3
下游闸内水位,2023/10/16,5:58:29,4.4
下游闸外水位,2023/10/16,5:58:29,5.0
内河侧水位,2023/10/16,6:00:00,4.4
长江侧水位,2023/10/16,6:00:00,5.0
下游闸内水位,2023/10/16,6:01:00,4.9
下游闸外水位,2023/10/16,6:01:00,5.0
下游闸内水位,2023/10/16,6:20:46,5.3
下游闸外水位,2023/10/15,18:14:15,5.2
下游闸内水位,2023/10/15,18:16:27,5.1
下游闸外水位,2023/10/15,18:16:27,5.2
下游闸内水位,2023/10/15,18:44:31,5.4
下游闸外水位,2023/10/15,18:44:31,5.4
上游闸内水位,2023/10/15,18:47:43,5.4
上游闸外水位,2023/10/15,18:47:43,4.7
上游闸内水位,2023/10/15,18:49:38,5.1
上游闸外水位,2023/10/15,18:49:38,4.7
上游闸内水位,2023/10/15,18:51:09,4.9
上游闸外水位,2023/10/15,18:51:09,4.7
内河侧水位,2023/10/15,19:00:00,4.8
长江侧水位,2023/10/15,19:00:00,5.3
上游闸内水位,2023/10/15,19:27:23,4.8
上游闸外水位,2023/10/15,19:27:23,4.8
下游闸内水位,2023/10/15,19:30:04,4.9
下游闸外水位,2023/10/15,19:30:04,5.3
下游闸内水位,2023/10/15,19:31:46,5.1
下游闸外水位,2023/10/15,19:31:46,5.3
内河侧水位,2023/10/15,20:00:00,4.8
长江侧水位,2023/10/15,20:00:00,5.1
下游闸内水位,2023/10/15,20:05:36,5.2
下游闸外水位,2023/10/15,20:05:36,5.1
上游闸内水位,2023/10/15,20:08:39,5.2
上游闸外水位,2023/10/15,20:08:39,4.8
上游闸内水位,2023/10/15,20:10:31,4.9
上游闸外水位,2023/10/15,20:10:31,4.8
上游闸内水位,2023/10/15,20:47:38,4.8
上游闸外水位,2023/10/15,20:47:38,4.7
下游闸内水位,2023/10/15,20:50:34,4.8
下游闸外水位,2023/10/15,20:50:34,4.9
下游闸内水位,2023/10/15,20:52:09,4.9
下游闸外水位,2023/10/15,20:52:09,4.9
内河侧水位,2023/10/15,21:00:00,4.7
长江侧水位,2023/10/15,21:00:00,4.8
下游闸内水位,2023/10/15,21:32:53,4.8
下游闸外水位,2023/10/15,21:32:53,4.7
上游闸内水位,2023/10/15,21:35:51,4.8
上游闸外水位,2023/10/15,21:35:51,4.6
上游闸内水位,2023/10/15,21:37:42,4.7
上游闸外水位,2023/10/15,21:37:42,4.6
下游闸外水位,2023/10/16,6:20:46,5.2
上游闸内水位,2023/10/16,6:23:33,5.3
上游闸外水位,2023/10/16,6:23:33,4.5
上游闸内水位,2023/10/16,6:26:36,4.6
上游闸外水位,2023/10/16,6:26:36,4.5
上游闸内水位,2023/10/16,6:51:05,4.7
上游闸外水位,2023/10/16,6:51:05,4.7
下游闸内水位,2023/10/16,6:53:43,4.7
下游闸外水位,2023/10/16,6:53:43,5.3
下游闸内水位,2023/10/16,6:55:53,5.1
下游闸外水位,2023/10/16,6:55:53,5.3
内河侧水位,2023/10/16,7:00:00,4.7
长江侧水位,2023/10/16,7:00:00,5.3
下游闸内水位,2023/10/16,7:17:00,5.3
下游闸外水位,2023/10/16,7:17:00,5.3
上游闸内水位,2023/10/16,7:20:39,5.3
上游闸外水位,2023/10/16,7:20:39,4.7
上游闸内水位,2023/10/16,7:23:06,4.9
上游闸外水位,2023/10/16,7:23:06,4.8
上游闸内水位,2023/10/16,7:38:58,4.8
上游闸外水位,2023/10/16,7:38:58,4.8
下游闸内水位,2023/10/16,7:42:17,4.8
下游闸外水位,2023/10/16,7:42:17,5.2
下游闸内水位,2023/10/16,7:43:45,5.0
下游闸外水位,2023/10/16,7:43:45,5.2
下游闸内水位,2023/10/16,7:57:11,5.2
下游闸外水位,2023/10/16,7:57:11,5.1
上游闸内水位,2023/10/16,7:59:49,5.2
上游闸外水位,2023/10/16,7:59:49,4.8
内河侧水位,2023/10/16,8:00:00,4.8
长江侧水位,2023/10/16,8:00:00,5.1
上游闸内水位,2023/10/16,8:01:42,4.9
上游闸外水位,2023/10/16,8:01:42,4.8
上游闸内水位,2023/10/16,8:09:30,4.8
上游闸外水位,2023/10/16,8:09:30,4.8
下游闸内水位,2023/10/16,8:12:14,4.8
下游闸外水位,2023/10/16,8:12:14,5.1
下游闸内水位,2023/10/16,8:36:27,5.0
下游闸外水位,2023/10/16,8:36:27,5.0
上游闸内水位,2023/10/16,8:39:22,5.0
上游闸外水位,2023/10/16,8:39:22,4.7
上游闸内水位,2023/10/16,8:40:56,4.9
上游闸外水位,2023/10/16,8:40:56,4.7
内河侧水位,2023/10/16,9:00:01,4.8
长江侧水位,2023/10/16,9:00:01,4.8
上游闸内水位,2023/10/16,9:14:54,4.7
上游闸外水位,2023/10/16,9:14:54,4.7
下游闸内水位,2023/10/16,9:18:03,4.7
下游闸外水位,2023/10/16,9:18:03,4.7
下游闸内水位,2023/10/16,9:20:02,4.8
下游闸外水位,2023/10/16,9:20:02,4.8
上游闸内水位,2023/10/16,10:43:03,4.5
上游闸外水位,2023/10/16,10:43:03,4.5
下游闸内水位,2023/10/16,10:46:14,4.5
下游闸外水位,2023/10/16,10:46:14,4.5
下游闸内水位,2023/10/16,10:47:45,4.6
下游闸外水位,2023/10/16,10:47:45,4.5
下游闸内水位,2023/10/16,10:59:11,4.5
下游闸外水位,2023/10/16,10:59:11,4.5
内河侧水位,2023/10/16,11:00:00,4.5
长江侧水位,2023/10/16,11:00:00,4.5
下游闸内水位,2023/10/16,11:02:10,4.5
下游闸外水位,2023/10/16,11:02:10,4.5
上游闸内水位,2023/10/16,11:02:36,4.4
上游闸外水位,2023/10/16,11:02:36,4.4
上游闸内水位,2023/10/16,11:04:47,4.5
上游闸外水位,2023/10/16,11:04:47,4.4
上游闸内水位,2023/10/16,11:35:25,4.4
上游闸外水位,2023/10/16,11:35:25,4.4
下游闸内水位,2023/10/16,11:37:59,4.4
下游闸外水位,2023/10/16,11:37:59,4.3
下游闸内水位,2023/10/16,11:39:15,4.4
下游闸外水位,2023/10/16,11:39:15,4.3
上游闸内水位,2023/10/16,11:54:50,4.4
上游闸外水位,2023/10/16,11:54:50,4.3
内河侧水位,2023/10/16,12:00:00,4.3
长江侧水位,2023/10/16,12:00:00,4.3
内河侧水位,2023/10/16,13:00:00,4.1
长江侧水位,2023/10/16,13:00:00,4.1
内河侧水位,2023/10/16,14:00:00,4.0
长江侧水位,2023/10/16,14:00:00,4.0
内河侧水位,2023/10/16,15:00:00,3.9
长江侧水位,2023/10/16,15:00:00,3.8
内河侧水位,2023/10/16,16:00:00,3.8
长江侧水位,2023/10/16,16:00:00,3.7
上游闸内水位,2023/10/16,16:07:19,3.8
上游闸外水位,2023/10/16,16:07:19,3.7
上游闸内水位,2023/10/16,16:08:27,3.8
上游闸外水位,2023/10/16,16:08:27,3.8
下游闸内水位,2023/10/16,16:09:33,3.8
下游闸外水位,2023/10/16,16:09:33,3.7
上游闸内水位,2023/10/16,16:09:35,3.8
上游闸外水位,2023/10/16,16:09:35,3.7
上游闸内水位,2023/10/16,16:10:43,3.8
上游闸外水位,2023/10/16,16:10:43,3.8
上游闸内水位,2023/10/16,16:11:51,3.8
上游闸外水位,2023/10/16,16:11:51,3.8
上游闸内水位,2023/10/16,16:13:29,3.8
上游闸外水位,2023/10/16,16:13:29,3.8
上游闸内水位,2023/10/16,16:14:37,3.8
上游闸外水位,2023/10/16,16:14:37,3.8
上游闸内水位,2023/10/16,22:12:03,4.5
上游闸外水位,2023/10/16,22:12:03,4.4
下游闸内水位,2023/10/16,22:14:40,4.5
下游闸外水位,2023/10/16,22:14:40,4.8
下游闸内水位,2023/10/16,22:16:04,4.6
下游闸外水位,2023/10/16,22:16:04,4.7
下游闸内水位,2023/10/17,6:16:46,5.0
下游闸外水位,2023/10/17,6:16:46,5.0
上游闸内水位,2023/10/17,16:45:08,3.8
上游闸外水位,2023/10/17,16:45:08,3.8
上游闸内水位,2023/10/17,17:25:09,4.1
上游闸外水位,2023/10/17,17:25:09,4.1
上游闸内水位,2023/10/17,17:29:25,4.1
上游闸外水位,2023/10/17,17:29:25,4.1
下游闸内水位,2023/10/17,21:49:09,5.0
下游闸外水位,2023/10/17,21:49:09,5.0
上游闸内水位,2023/10/17,21:51:54,5.0
上游闸外水位,2023/10/17,21:51:54,4.8
上游闸内水位,2023/10/17,21:53:59,4.8
上游闸外水位,2023/10/17,21:53:59,4.8
内河侧水位,2023/10/17,22:00:00,4.7
长江侧水位,2023/10/17,22:00:00,4.9
上游闸内水位,2023/10/17,22:46:01,4.7
上游闸外水位,2023/10/17,22:46:01,4.6
下游闸内水位,2023/10/17,22:54:37,4.7
下游闸外水位,2023/10/17,22:54:37,4.7
下游闸内水位,2023/10/17,22:55:59,4.7
下游闸外水位,2023/10/17,22:55:59,4.7
内河侧水位,2023/10/17,23:00:00,4.6
长江侧水位,2023/10/17,23:00:00,4.7
下游闸内水位,2023/10/17,23:34:39,4.6
下游闸外水位,2023/10/17,23:34:39,4.6
内河侧水位,2023/10/16,10:00:00,4.6
长江侧水位,2023/10/16,10:00:00,4.6
下游闸内水位,2023/10/16,10:02:44,4.7
下游闸外水位,2023/10/16,10:02:44,4.6
上游闸内水位,2023/10/16,10:05:23,4.7
上游闸外水位,2023/10/16,10:05:23,4.6
上游闸内水位,2023/10/16,10:06:53,4.6
上游闸外水位,2023/10/16,10:06:53,4.6
内河侧水位,2023/10/16,17:00:00,3.8
长江侧水位,2023/10/16,17:00:00,4.5
上游闸内水位,2023/10/16,17:27:53,4.0
上游闸外水位,2023/10/16,17:27:53,4.0
内河侧水位,2023/10/16,18:00:00,4.2
长江侧水位,2023/10/16,18:00:00,5.1
上游闸内水位,2023/10/16,18:33:37,4.3
上游闸外水位,2023/10/16,18:33:37,4.3
上游闸内水位,2023/10/16,18:35:49,4.3
上游闸外水位,2023/10/16,18:35:49,4.3
上游闸内水位,2023/10/16,18:42:50,4.4
上游闸外水位,2023/10/16,18:42:50,4.3
内河侧水位,2023/10/16,19:00:00,4.4
长江侧水位,2023/10/16,19:00:00,5.4
上游闸内水位,2023/10/16,19:21:30,4.5
上游闸外水位,2023/10/16,19:21:30,4.4
上游闸内水位,2023/10/16,19:32:27,4.5
上游闸外水位,2023/10/16,19:32:27,4.4
内河侧水位,2023/10/16,20:00:00,4.5
长江侧水位,2023/10/16,20:00:00,5.4
上游闸内水位,2023/10/16,20:02:06,4.5
上游闸外水位,2023/10/16,20:02:06,4.5
下游闸内水位,2023/10/16,20:07:23,4.5
下游闸外水位,2023/10/16,20:07:23,5.4
下游闸内水位,2023/10/16,20:10:29,5.3
下游闸外水位,2023/10/16,20:10:29,5.3
下游闸内水位,2023/10/16,20:31:07,5.3
下游闸外水位,2023/10/16,20:31:07,5.2
上游闸内水位,2023/10/16,20:34:03,5.3
上游闸外水位,2023/10/16,20:34:03,4.5
上游闸内水位,2023/10/16,20:37:00,4.6
上游闸外水位,2023/10/16,20:37:00,4.5
上游闸内水位,2023/10/16,20:47:57,4.5
上游闸外水位,2023/10/16,20:47:57,4.5
下游闸内水位,2023/10/16,20:50:41,4.5
下游闸外水位,2023/10/16,20:50:41,5.1
下游闸内水位,2023/10/16,20:52:59,5.0
下游闸外水位,2023/10/16,20:52:59,5.1
内河侧水位,2023/10/16,21:00:00,4.5
长江侧水位,2023/10/16,21:00:00,5.1
下游闸内水位,2023/10/16,21:16:38,5.1
下游闸外水位,2023/10/16,21:16:38,5.0
上游闸内水位,2023/10/16,21:19:22,5.1
上游闸外水位,2023/10/16,21:19:22,4.5
上游闸内水位,2023/10/16,21:22:49,4.6
上游闸外水位,2023/10/16,21:22:49,4.5
上游闸内水位,2023/10/16,21:24:17,4.5
上游闸外水位,2023/10/16,21:24:17,4.5
内河侧水位,2023/10/16,22:00:00,4.4
长江侧水位,2023/10/16,22:00:00,4.8
下游闸内水位,2023/10/16,22:51:27,4.7
下游闸外水位,2023/10/16,22:51:27,4.6
上游闸内水位,2023/10/16,22:54:05,4.6
上游闸外水位,2023/10/16,22:54:05,4.4
上游闸内水位,2023/10/16,22:56:32,4.5
上游闸外水位,2023/10/16,22:56:32,4.4
内河侧水位,2023/10/16,23:00:00,4.5
长江侧水位,2023/10/16,23:00:00,4.6
上游闸内水位,2023/10/16,23:40:25,4.5
上游闸外水位,2023/10/16,23:40:25,4.4
下游闸内水位,2023/10/16,23:43:01,4.5
下游闸外水位,2023/10/16,23:43:01,4.5
下游闸内水位,2023/10/16,23:45:25,4.6
下游闸外水位,2023/10/16,23:45:25,4.5
内河侧水位,2023/10/17,0:00:00,4.4
长江侧水位,2023/10/17,0:00:00,4.4
下游闸内水位,2023/10/17,0:28:14,4.4
下游闸外水位,2023/10/17,0:28:14,4.4
上游闸内水位,2023/10/17,0:31:32,4.4
上游闸外水位,2023/10/17,0:31:32,4.3
上游闸内水位,2023/10/17,0:33:27,4.4
上游闸外水位,2023/10/17,0:33:27,4.3
内河侧水位,2023/10/17,1:00:00,4.3
长江侧水位,2023/10/17,1:00:00,4.3
上游闸内水位,2023/10/17,1:16:34,4.2
上游闸外水位,2023/10/17,1:16:34,4.2
下游闸内水位,2023/10/17,1:19:06,4.3
下游闸外水位,2023/10/17,1:19:06,4.2
下游闸内水位,2023/10/17,1:20:27,4.3
下游闸外水位,2023/10/17,1:20:27,4.2
下游闸内水位,2023/10/17,1:58:24,4.1
下游闸外水位,2023/10/17,1:58:24,4.0
内河侧水位,2023/10/17,2:00:00,4.1
长江侧水位,2023/10/17,2:00:00,4.0
上游闸内水位,2023/10/17,2:01:10,4.1
上游闸外水位,2023/10/17,2:01:10,4.1
上游闸内水位,2023/10/17,2:02:42,4.1
上游闸外水位,2023/10/17,2:02:42,4.1
上游闸内水位,2023/10/17,2:43:56,4.0
上游闸外水位,2023/10/17,2:43:56,4.0
下游闸内水位,2023/10/17,2:46:31,4.0
下游闸外水位,2023/10/17,2:46:31,3.9
内河侧水位,2023/10/17,3:00:00,4.0
长江侧水位,2023/10/17,3:00:00,3.9
下游闸内水位,2023/10/17,3:23:36,4.0
下游闸外水位,2023/10/17,3:23:36,3.9
上游闸内水位,2023/10/17,3:26:12,3.9
上游闸外水位,2023/10/17,3:26:12,3.9
上游闸内水位,2023/10/17,3:27:42,4.0
上游闸外水位,2023/10/17,3:27:42,3.9
内河侧水位,2023/10/17,4:00:00,3.9
长江侧水位,2023/10/17,4:00:00,3.8
上游闸内水位,2023/10/17,4:10:24,3.9
上游闸外水位,2023/10/17,4:10:24,3.9
下游闸内水位,2023/10/17,4:13:25,3.9
下游闸外水位,2023/10/17,4:13:25,3.8
下游闸内水位,2023/10/17,4:57:28,4.1
下游闸外水位,2023/10/17,4:57:28,4.0
内河侧水位,2023/10/17,5:00:00,3.9
长江侧水位,2023/10/17,5:00:00,4.1
上游闸内水位,2023/10/17,5:00:12,4.1
上游闸外水位,2023/10/17,5:00:12,3.9
上游闸内水位,2023/10/17,5:02:08,4.0
上游闸外水位,2023/10/17,5:02:08,3.9
上游闸内水位,2023/10/17,5:20:46,3.9
上游闸外水位,2023/10/17,5:20:46,3.8
下游闸内水位,2023/10/17,5:23:21,3.9
下游闸外水位,2023/10/17,5:23:21,4.5
下游闸内水位,2023/10/17,5:25:22,4.3
下游闸外水位,2023/10/17,5:25:22,4.4
下游闸内水位,2023/10/17,5:50:38,4.9
下游闸外水位,2023/10/17,5:50:38,4.8
上游闸内水位,2023/10/17,5:53:17,4.9
上游闸外水位,2023/10/17,5:53:17,4.3
上游闸内水位,2023/10/17,5:57:24,4.3
上游闸外水位,2023/10/17,5:57:24,4.3
内河侧水位,2023/10/17,6:00:00,4.4
长江侧水位,2023/10/17,6:00:00,4.9
上游闸内水位,2023/10/17,6:11:12,4.4
上游闸外水位,2023/10/17,6:11:12,4.4
下游闸内水位,2023/10/17,6:13:47,4.5
下游闸外水位,2023/10/17,6:13:47,5.0
下游闸内水位,2023/10/17,6:40:37,5.2
下游闸外水位,2023/10/17,6:40:37,5.1
上游闸内水位,2023/10/17,6:43:28,5.2
上游闸外水位,2023/10/17,6:43:28,4.6
上游闸内水位,2023/10/17,6:46:33,4.6
上游闸外水位,2023/10/17,6:46:33,4.6
内河侧水位,2023/10/17,7:00:00,4.7
长江侧水位,2023/10/17,7:00:00,5.2
上游闸内水位,2023/10/17,7:16:32,4.7
上游闸外水位,2023/10/17,7:16:32,4.7
下游闸内水位,2023/10/17,7:19:15,4.7
下游闸外水位,2023/10/17,7:19:15,5.3
下游闸内水位,2023/10/17,7:21:16,5.1
下游闸外水位,2023/10/17,7:21:16,5.2
下游闸内水位,2023/10/17,7:43:36,5.4
下游闸外水位,2023/10/17,7:43:36,5.3
上游闸内水位,2023/10/17,7:46:13,5.3
上游闸外水位,2023/10/17,7:46:13,4.8
上游闸内水位,2023/10/17,7:49:24,4.8
上游闸外水位,2023/10/17,7:49:24,4.8
内河侧水位,2023/10/17,8:00:01,4.8
长江侧水位,2023/10/17,8:00:01,5.2
上游闸内水位,2023/10/17,8:08:25,4.8
上游闸外水位,2023/10/17,8:08:25,4.8
下游闸内水位,2023/10/17,8:10:59,4.8
下游闸外水位,2023/10/17,8:10:59,5.2
下游闸内水位,2023/10/17,8:12:50,5.1
下游闸外水位,2023/10/17,8:12:50,5.2
下游闸内水位,2023/10/17,8:43:12,5.1
下游闸外水位,2023/10/17,8:43:12,5.1
上游闸内水位,2023/10/17,8:45:53,5.1
上游闸外水位,2023/10/17,8:45:53,4.8
上游闸内水位,2023/10/17,8:47:47,4.9
上游闸外水位,2023/10/17,8:47:47,4.8
内河侧水位,2023/10/17,9:00:00,4.7
长江侧水位,2023/10/17,9:00:00,5.0
上游闸内水位,2023/10/17,9:24:33,4.7
上游闸外水位,2023/10/17,9:24:33,4.7
下游闸内水位,2023/10/17,9:27:17,4.7
下游闸外水位,2023/10/17,9:27:17,4.9
下游闸内水位,2023/10/17,9:28:40,4.9
下游闸外水位,2023/10/17,9:28:40,4.9
上游闸内水位,2023/10/17,23:38:55,4.6
上游闸外水位,2023/10/17,23:38:55,4.5
上游闸内水位,2023/10/17,23:40:39,4.5
上游闸外水位,2023/10/17,23:40:39,4.5
内河侧水位,2023/10/18,0:00:00,4.4
长江侧水位,2023/10/18,0:00:00,4.5
上游闸内水位,2023/10/18,0:21:52,4.4
上游闸外水位,2023/10/18,0:21:52,4.4
下游闸内水位,2023/10/18,0:26:17,4.5
下游闸外水位,2023/10/18,0:26:17,4.4
内河侧水位,2023/10/18,1:00:00,4.3
长江侧水位,2023/10/18,1:00:00,4.3
下游闸内水位,2023/10/18,1:07:36,4.4
下游闸外水位,2023/10/18,1:07:36,4.3
上游闸内水位,2023/10/18,1:11:07,4.4
上游闸外水位,2023/10/18,1:11:07,4.3
上游闸内水位,2023/10/18,1:12:35,4.3
上游闸外水位,2023/10/18,1:12:35,4.3
下游闸内水位,2023/10/18,1:57:22,4.2
下游闸外水位,2023/10/18,1:57:22,4.1
下游闸内水位,2023/10/18,1:59:34,4.2
下游闸外水位,2023/10/18,1:59:34,4.1
内河侧水位,2023/10/18,2:00:00,4.1
长江侧水位,2023/10/18,2:00:00,4.1
下游闸内水位,2023/10/18,2:49:29,4.1
下游闸外水位,2023/10/18,2:49:29,4.0
上游闸内水位,2023/10/18,2:52:05,4.1
上游闸外水位,2023/10/18,2:52:05,4.0
上游闸内水位,2023/10/18,2:53:53,4.0
上游闸外水位,2023/10/18,2:53:53,4.0
内河侧水位,2023/10/18,3:00:00,4.0
长江侧水位,2023/10/18,3:00:00,4.0
上游闸内水位,2023/10/18,3:36:14,4.0
上游闸外水位,2023/10/18,3:36:14,4.0
上游闸内水位,2023/10/18,3:39:26,4.0
上游闸外水位,2023/10/18,3:39:26,3.9
下游闸内水位,2023/10/18,3:40:36,4.0
下游闸外水位,2023/10/18,3:40:36,3.9
内河侧水位,2023/10/18,4:00:00,3.9
长江侧水位,2023/10/18,4:00:00,3.9
下游闸内水位,2023/10/18,4:29:36,3.9
下游闸外水位,2023/10/18,4:29:36,3.8
下游闸内水位,2023/10/18,4:33:28,3.9
下游闸外水位,2023/10/18,4:33:28,3.8
上游闸内水位,2023/10/18,4:34:03,3.9
上游闸外水位,2023/10/18,4:34:03,3.9
上游闸内水位,2023/10/18,4:37:24,4.0
上游闸外水位,2023/10/18,4:37:24,3.9
上游闸内水位,2023/10/18,4:57:59,4.0
上游闸外水位,2023/10/18,4:57:59,3.9
内河侧水位,2023/10/18,5:00:00,3.9
长江侧水位,2023/10/18,5:00:00,3.8
下游闸内水位,2023/10/18,5:00:40,4.0
下游闸外水位,2023/10/18,5:00:40,3.8
下游闸内水位,2023/10/18,5:01:59,3.9
下游闸外水位,2023/10/18,5:01:59,3.8
下游闸内水位,2023/10/18,5:28:01,4.0
下游闸外水位,2023/10/18,5:28:01,3.9
上游闸内水位,2023/10/18,5:30:39,4.0
上游闸外水位,2023/10/18,5:30:39,3.9
上游闸内水位,2023/10/18,5:33:26,4.0
上游闸外水位,2023/10/18,5:33:26,3.9
内河侧水位,2023/10/18,6:00:00,4.1
长江侧水位,2023/10/18,6:00:00,4.3
上游闸内水位,2023/10/18,6:16:35,4.3
上游闸外水位,2023/10/18,6:16:35,4.2
下游闸内水位,2023/10/18,6:21:20,4.5
下游闸外水位,2023/10/18,6:21:20,4.6
内河侧水位,2023/10/18,7:00:00,4.4
长江侧水位,2023/10/18,7:00:00,4.9
下游闸内水位,2023/10/18,7:05:27,5.0
下游闸外水位,2023/10/18,7:05:27,4.9
上游闸内水位,2023/10/18,7:08:03,5.0
上游闸外水位,2023/10/18,7:08:03,4.5
上游闸内水位,2023/10/18,7:10:36,4.6
上游闸外水位,2023/10/18,7:10:36,4.5
上游闸内水位,2023/10/18,7:25:50,4.5
上游闸外水位,2023/10/18,7:25:50,4.5
下游闸内水位,2023/10/18,7:28:23,4.6
内河侧水位,2023/10/17,10:00:00,4.6
长江侧水位,2023/10/17,10:00:00,4.7
下游闸内水位,2023/10/17,10:05:27,4.8
下游闸外水位,2023/10/17,10:05:27,4.7
上游闸内水位,2023/10/17,10:08:05,4.8
上游闸外水位,2023/10/17,10:08:05,4.6
上游闸内水位,2023/10/17,10:09:38,4.7
上游闸外水位,2023/10/17,10:09:38,4.6
内河侧水位,2023/10/17,11:00:00,4.5
长江侧水位,2023/10/17,11:00:00,4.5
内河侧水位,2023/10/17,12:00:00,4.5
长江侧水位,2023/10/17,12:00:00,4.4
上游闸内水位,2023/10/17,12:09:56,4.3
上游闸外水位,2023/10/17,12:09:56,4.3
下游闸内水位,2023/10/17,12:12:41,4.3
下游闸外水位,2023/10/17,12:12:41,4.3
下游闸内水位,2023/10/17,12:13:59,4.4
下游闸外水位,2023/10/17,12:13:59,4.3
上游闸内水位,2023/10/17,12:45:57,4.3
上游闸外水位,2023/10/17,12:45:57,4.2
内河侧水位,2023/10/17,13:00:00,4.2
长江侧水位,2023/10/17,13:00:00,4.1
内河侧水位,2023/10/17,14:00:00,4.1
长江侧水位,2023/10/17,14:00:00,4.0
内河侧水位,2023/10/17,15:00:00,3.9
长江侧水位,2023/10/17,15:00:00,3.9
内河侧水位,2023/10/17,16:00:00,3.8
长江侧水位,2023/10/17,16:00:00,3.7
上游闸内水位,2023/10/17,16:41:44,3.8
上游闸外水位,2023/10/17,16:41:44,3.8
上游闸内水位,2023/10/17,16:42:52,3.8
上游闸外水位,2023/10/17,16:42:52,3.8
上游闸内水位,2023/10/17,16:44:00,3.8
上游闸外水位,2023/10/17,16:44:00,3.8
下游闸内水位,2023/10/17,16:44:47,3.9
下游闸外水位,2023/10/17,16:44:47,3.7
上游闸内水位,2023/10/17,16:46:15,3.8
上游闸外水位,2023/10/17,16:46:15,3.8
上游闸内水位,2023/10/17,16:47:24,3.8
上游闸外水位,2023/10/17,16:47:24,3.8
内河侧水位,2023/10/17,17:00:00,3.8
长江侧水位,2023/10/17,17:00:00,3.9
上游闸内水位,2023/10/17,17:04:40,3.9
上游闸外水位,2023/10/17,17:04:40,3.9
上游闸内水位,2023/10/17,17:09:16,4.0
上游闸外水位,2023/10/17,17:09:16,3.9
上游闸内水位,2023/10/17,17:13:08,4.0
上游闸外水位,2023/10/17,17:13:08,4.0
上游闸内水位,2023/10/17,17:22:04,4.1
上游闸外水位,2023/10/17,17:22:04,4.0
上游闸内水位,2023/10/17,17:25:39,4.1
上游闸外水位,2023/10/17,17:25:39,4.1
上游闸内水位,2023/10/17,17:26:40,4.1
上游闸外水位,2023/10/17,17:26:40,4.1
上游闸内水位,2023/10/17,17:57:15,4.2
上游闸外水位,2023/10/17,17:57:15,4.3
上游闸内水位,2023/10/17,17:59:52,4.3
上游闸外水位,2023/10/17,17:59:52,4.3
内河侧水位,2023/10/17,18:00:01,4.3
长江侧水位,2023/10/17,18:00:01,4.9
上游闸内水位,2023/10/17,18:12:42,4.5
上游闸外水位,2023/10/17,18:12:42,4.4
上游闸内水位,2023/10/17,18:17:48,4.5
上游闸外水位,2023/10/17,18:17:48,4.5
上游闸内水位,2023/10/17,18:22:04,4.5
上游闸外水位,2023/10/17,18:22:04,4.5
上游闸内水位,2023/10/17,18:22:16,4.5
上游闸外水位,2023/10/17,18:22:16,4.5
上游闸内水位,2023/10/17,18:26:03,4.5
上游闸外水位,2023/10/17,18:26:03,4.5
上游闸内水位,2023/10/17,18:27:49,4.5
上游闸外水位,2023/10/17,18:27:49,4.5
上游闸内水位,2023/10/17,18:29:35,4.5
上游闸外水位,2023/10/17,18:29:35,4.5
上游闸内水位,2023/10/17,18:36:25,0.3
上游闸外水位,2023/10/17,18:36:25,4.5
上游闸内水位,2023/10/17,18:37:36,0.3
上游闸外水位,2023/10/17,18:37:36,4.5
上游闸内水位,2023/10/17,18:38:45,0.3
上游闸外水位,2023/10/17,18:38:45,4.6
上游闸内水位,2023/10/17,18:39:53,0.3
上游闸外水位,2023/10/17,18:39:53,4.6
上游闸内水位,2023/10/17,18:40:58,0.3
上游闸外水位,2023/10/17,18:40:58,4.6
上游闸内水位,2023/10/17,18:42:07,0.3
上游闸外水位,2023/10/17,18:42:07,4.6
内河侧水位,2023/10/17,19:00:00,4.6
长江侧水位,2023/10/17,19:00:00,5.3
上游闸内水位,2023/10/17,19:30:02,4.8
上游闸外水位,2023/10/17,19:30:02,4.8
上游闸内水位,2023/10/17,19:33:44,4.8
上游闸外水位,2023/10/17,19:33:44,4.8
上游闸内水位,2023/10/17,19:36:30,4.8
上游闸外水位,2023/10/17,19:36:30,4.8
上游闸内水位,2023/10/17,19:41:34,4.8
上游闸外水位,2023/10/17,19:41:34,4.8
下游闸内水位,2023/10/17,19:44:16,4.8
下游闸外水位,2023/10/17,19:44:16,5.5
下游闸内水位,2023/10/17,19:46:28,5.3
下游闸外水位,2023/10/17,19:46:28,5.4
内河侧水位,2023/10/17,20:00:00,4.8
长江侧水位,2023/10/17,20:00:00,5.4
下游闸内水位,2023/10/17,20:12:58,5.5
下游闸外水位,2023/10/17,20:12:58,5.4
上游闸内水位,2023/10/17,20:15:37,5.4
上游闸外水位,2023/10/17,20:15:37,4.9
上游闸内水位,2023/10/17,20:18:10,5.0
上游闸外水位,2023/10/17,20:18:10,4.9
内河侧水位,2023/10/17,21:00:00,4.9
长江侧水位,2023/10/17,21:00:00,5.2
上游闸内水位,2023/10/17,21:02:26,4.9
上游闸外水位,2023/10/17,21:02:26,4.9
下游闸内水位,2023/10/17,21:04:59,4.9
下游闸外水位,2023/10/17,21:04:59,5.2
下游闸内水位,2023/10/17,21:06:17,5.0
下游闸外水位,2023/10/17,21:06:17,5.1
上游闸内水位,2023/10/18,1:52:28,4.2
上游闸外水位,2023/10/18,1:52:28,4.2
下游闸内水位,2023/10/18,6:19:39,4.3
下游闸外水位,2023/10/18,6:19:39,4.6
上游闸内水位,2023/10/18,9:49:52,4.7
上游闸外水位,2023/10/18,9:49:52,4.6
下游闸内水位,2023/10/18,9:52:32,4.7
下游闸外水位,2023/10/18,9:52:32,4.7
下游闸内水位,2023/10/18,9:53:55,4.7
下游闸外水位,2023/10/18,9:53:55,4.7
内河侧水位,2023/10/18,10:00:00,4.6
长江侧水位,2023/10/18,10:00:00,4.7
下游闸内水位,2023/10/18,10:07:01,4.8
下游闸外水位,2023/10/18,10:07:01,4.7
上游闸内水位,2023/10/18,10:08:05,4.8
上游闸外水位,2023/10/18,10:08:05,4.6
上游闸内水位,2023/10/18,10:12:22,4.6
上游闸外水位,2023/10/18,10:12:22,4.5
下游闸内水位,2023/10/18,10:14:21,4.7
下游闸外水位,2023/10/18,10:14:21,4.6
下游闸内水位,2023/10/18,10:32:36,4.7
下游闸外水位,2023/10/18,10:32:36,4.6
上游闸内水位,2023/10/18,10:35:16,4.7
上游闸外水位,2023/10/18,10:35:16,4.5
上游闸内水位,2023/10/18,10:36:47,4.6
上游闸外水位,2023/10/18,10:36:47,4.5
上游闸内水位,2023/10/18,10:49:35,4.5
上游闸外水位,2023/10/18,10:49:35,4.5
下游闸内水位,2023/10/18,10:52:12,4.5
下游闸外水位,2023/10/18,10:52:12,4.5
下游闸内水位,2023/10/18,10:53:28,4.6
下游闸外水位,2023/10/18,10:53:28,4.5
内河侧水位,2023/10/18,11:00:00,4.5
长江侧水位,2023/10/18,11:00:00,4.5
下游闸内水位,2023/10/18,11:12:44,4.6
下游闸外水位,2023/10/18,11:12:44,4.5
上游闸内水位,2023/10/18,11:15:24,4.5
上游闸外水位,2023/10/18,11:15:24,4.4
下游闸内水位,2023/10/18,11:26:07,4.4
下游闸外水位,2023/10/18,11:26:07,4.4
下游闸内水位,2023/10/18,11:29:19,4.5
下游闸外水位,2023/10/18,11:29:19,4.4
上游闸内水位,2023/10/18,11:48:26,4.4
上游闸外水位,2023/10/18,11:48:26,4.4
下游闸内水位,2023/10/18,11:50:42,4.4
下游闸外水位,2023/10/18,11:50:42,4.3
内河侧水位,2023/10/18,12:00:00,4.3
长江侧水位,2023/10/18,12:00:00,4.3
上游闸内水位,2023/10/18,12:03:28,4.4
上游闸外水位,2023/10/18,12:03:28,4.3
内河侧水位,2023/10/18,13:00:00,4.2
长江侧水位,2023/10/18,13:00:00,4.2
内河侧水位,2023/10/18,14:00:00,4.1
长江侧水位,2023/10/18,14:00:00,3.9
内河侧水位,2023/10/18,15:00:00,3.9
长江侧水位,2023/10/18,15:00:00,3.9
内河侧水位,2023/10/18,16:00:00,3.8
长江侧水位,2023/10/18,16:00:00,3.7
下游闸外水位,2023/10/18,7:28:23,5.0
下游闸内水位,2023/10/18,7:29:55,4.8
下游闸外水位,2023/10/18,7:29:55,5.0
下游闸内水位,2023/10/18,7:57:37,5.1
下游闸外水位,2023/10/18,7:57:37,5.1
内河侧水位,2023/10/18,8:00:00,4.6
长江侧水位,2023/10/18,8:00:00,5.1
上游闸内水位,2023/10/18,8:00:13,5.1
上游闸外水位,2023/10/18,8:00:13,4.6
上游闸内水位,2023/10/18,8:02:34,4.8
上游闸外水位,2023/10/18,8:02:34,4.7
上游闸内水位,2023/10/18,8:32:21,4.7
上游闸外水位,2023/10/18,8:32:21,4.7
上游闸内水位,2023/10/18,8:36:22,4.7
上游闸外水位,2023/10/18,8:36:22,4.7
下游闸内水位,2023/10/18,8:39:32,4.7
下游闸外水位,2023/10/18,8:39:32,5.0
下游闸内水位,2023/10/18,8:41:15,5.0
下游闸外水位,2023/10/18,8:41:15,5.0
内河侧水位,2023/10/18,9:00:00,4.7
长江侧水位,2023/10/18,9:00:00,4.9
下游闸内水位,2023/10/18,9:10:42,5.0
下游闸外水位,2023/10/18,9:10:42,4.9
上游闸内水位,2023/10/18,9:13:29,5.0
上游闸外水位,2023/10/18,9:13:29,4.7
上游闸内水位,2023/10/18,9:15:02,4.8
上游闸外水位,2023/10/18,9:15:02,4.7
内河侧水位,2023/10/18,22:00:00,4.8
长江侧水位,2023/10/18,22:00:00,5.0
上游闸内水位,2023/10/18,22:12:53,4.8
上游闸外水位,2023/10/18,22:12:53,4.8
下游闸内水位,2023/10/18,22:15:39,4.8
下游闸外水位,2023/10/18,22:15:39,4.9
下游闸内水位,2023/10/18,22:17:03,4.9
下游闸外水位,2023/10/18,22:17:03,4.9
下游闸内水位,2023/10/18,22:57:42,4.9
下游闸外水位,2023/10/18,22:57:42,4.8
内河侧水位,2023/10/18,23:00:00,4.6
长江侧水位,2023/10/18,23:00:00,4.7
上游闸内水位,2023/10/18,23:00:22,4.8
上游闸外水位,2023/10/18,23:00:22,4.6
上游闸内水位,2023/10/18,23:02:10,4.7
上游闸外水位,2023/10/18,23:02:10,4.6
上游闸内水位,2023/10/18,23:50:16,4.6
上游闸外水位,2023/10/18,23:50:16,4.5
下游闸内水位,2023/10/18,23:52:48,4.6
下游闸外水位,2023/10/18,23:52:48,4.6
内河侧水位,2023/10/19,0:00:00,4.5
长江侧水位,2023/10/19,0:00:00,4.5
下游闸内水位,2023/10/19,0:48:07,4.5
下游闸外水位,2023/10/19,0:48:07,4.4
上游闸内水位,2023/10/19,0:50:45,4.4
上游闸外水位,2023/10/19,0:50:45,4.4
上游闸内水位,2023/10/19,0:52:17,4.4
上游闸外水位,2023/10/19,0:52:17,4.4
内河侧水位,2023/10/19,1:00:00,4.3
长江侧水位,2023/10/19,1:00:00,4.4
上游闸内水位,2023/10/19,1:31:29,4.3
上游闸外水位,2023/10/19,1:31:29,4.3
下游闸内水位,2023/10/19,1:34:25,4.3
下游闸外水位,2023/10/19,1:34:25,4.2
下游闸内水位,2023/10/19,1:35:41,4.3
下游闸外水位,2023/10/19,1:35:41,4.2
内河侧水位,2023/10/19,2:00:00,4.2
长江侧水位,2023/10/19,2:00:00,4.2
下游闸内水位,2023/10/19,2:15:27,4.2
下游闸外水位,2023/10/19,2:15:27,4.2
上游闸内水位,2023/10/19,2:18:13,4.2
上游闸外水位,2023/10/19,2:18:13,4.1
上游闸内水位,2023/10/19,2:19:41,4.2
上游闸外水位,2023/10/19,2:19:41,4.1
上游闸内水位,2023/10/19,2:54:54,4.1
上游闸外水位,2023/10/19,2:54:54,4.0
下游闸内水位,2023/10/19,2:57:30,4.1
下游闸外水位,2023/10/19,2:57:30,4.0
内河侧水位,2023/10/19,3:00:00,4.1
长江侧水位,2023/10/19,3:00:00,4.0
下游闸内水位,2023/10/19,3:08:29,4.1
下游闸外水位,2023/10/19,3:08:29,4.0
上游闸内水位,2023/10/19,3:11:08,4.0
上游闸外水位,2023/10/19,3:11:08,4.0
上游闸内水位,2023/10/19,3:12:38,4.1
上游闸外水位,2023/10/19,3:12:38,4.0
上游闸内水位,2023/10/19,3:42:01,4.0
上游闸外水位,2023/10/19,3:42:01,4.0
下游闸内水位,2023/10/19,3:44:34,4.0
下游闸外水位,2023/10/19,3:44:34,3.9
上游闸内水位,2023/10/18,16:24:07,3.8
上游闸外水位,2023/10/18,16:24:07,3.7
下游闸内水位,2023/10/18,16:26:49,3.6
下游闸外水位,2023/10/18,16:26:49,3.6
下游闸内水位,2023/10/18,16:39:08,3.8
下游闸外水位,2023/10/18,16:39:08,3.8
上游闸内水位,2023/10/18,16:41:46,3.9
上游闸外水位,2023/10/18,16:41:46,3.8
上游闸内水位,2023/10/18,16:43:19,3.8
上游闸外水位,2023/10/18,16:43:19,3.8
内河侧水位,2023/10/18,17:00:00,3.8
长江侧水位,2023/10/18,17:00:00,3.7
上游闸内水位,2023/10/18,17:03:24,3.9
上游闸外水位,2023/10/18,17:03:24,3.8
下游闸内水位,2023/10/18,17:06:01,3.8
下游闸外水位,2023/10/18,17:06:01,3.7
下游闸内水位,2023/10/18,17:07:21,3.8
下游闸外水位,2023/10/18,17:07:21,3.7
下游闸内水位,2023/10/18,17:18:34,3.8
下游闸外水位,2023/10/18,17:18:34,3.8
上游闸内水位,2023/10/18,17:23:05,3.8
上游闸外水位,2023/10/18,17:23:05,3.8
上游闸内水位,2023/10/18,17:47:58,3.9
上游闸外水位,2023/10/18,17:47:58,3.9
下游闸内水位,2023/10/18,17:51:58,4.1
下游闸外水位,2023/10/18,17:51:58,4.3
内河侧水位,2023/10/18,18:00:00,4.0
长江侧水位,2023/10/18,18:00:00,4.5
下游闸内水位,2023/10/18,18:27:58,4.9
下游闸外水位,2023/10/18,18:27:58,4.8
上游闸内水位,2023/10/18,18:30:45,4.9
上游闸外水位,2023/10/18,18:30:45,4.3
上游闸内水位,2023/10/18,18:33:19,4.5
上游闸外水位,2023/10/18,18:33:19,4.3
内河侧水位,2023/10/18,19:00:00,4.5
长江侧水位,2023/10/18,19:00:00,5.0
上游闸内水位,2023/10/18,19:17:13,4.6
上游闸外水位,2023/10/18,19:17:13,4.5
下游闸内水位,2023/10/18,19:19:46,4.6
下游闸外水位,2023/10/18,19:19:46,5.2
下游闸内水位,2023/10/18,19:22:07,5.1
下游闸外水位,2023/10/18,19:22:07,5.2
内河侧水位,2023/10/18,20:00:00,4.7
长江侧水位,2023/10/18,20:00:00,5.3
下游闸内水位,2023/10/18,20:05:24,5.4
下游闸外水位,2023/10/18,20:05:24,5.3
上游闸内水位,2023/10/18,20:08:03,5.4
上游闸外水位,2023/10/18,20:08:03,4.7
上游闸内水位,2023/10/18,20:10:48,4.9
上游闸外水位,2023/10/18,20:10:48,4.7
上游闸内水位,2023/10/18,20:49:00,4.9
上游闸外水位,2023/10/18,20:49:00,4.8
下游闸内水位,2023/10/18,20:53:36,5.2
下游闸外水位,2023/10/18,20:53:36,5.3
内河侧水位,2023/10/18,21:00:00,4.8
长江侧水位,2023/10/18,21:00:00,5.3
下游闸内水位,2023/10/18,21:31:10,5.2
下游闸外水位,2023/10/18,21:31:10,5.1
内河侧水位,2023/10/19,4:00:00,4.0
长江侧水位,2023/10/19,4:00:00,3.8
下游闸内水位,2023/10/19,4:27:32,3.9
下游闸外水位,2023/10/19,4:27:32,3.8
上游闸内水位,2023/10/19,4:30:11,3.9
上游闸外水位,2023/10/19,4:30:11,3.9
上游闸内水位,2023/10/19,4:32:07,4.0
上游闸外水位,2023/10/19,4:32:07,3.9
下游闸内水位,2023/10/19,9:40:36,4.8
下游闸外水位,2023/10/19,9:40:36,4.7
下游闸内水位,2023/10/19,21:54:44,5.1
下游闸外水位,2023/10/19,21:54:44,5.1
上游闸内水位,2023/10/19,21:57:36,5.1
上游闸外水位,2023/10/19,21:57:36,4.7
上游闸内水位,2023/10/19,21:59:17,4.9
上游闸外水位,2023/10/19,21:59:17,4.7
内河侧水位,2023/10/19,22:00:00,4.7
长江侧水位,2023/10/19,22:00:00,5.1
上游闸内水位,2023/10/19,22:20:46,4.7
上游闸外水位,2023/10/19,22:20:46,4.7
下游闸内水位,2023/10/19,22:24:44,4.8
下游闸外水位,2023/10/19,22:24:44,4.9
下游闸内水位,2023/10/19,22:28:12,5.0
下游闸外水位,2023/10/19,22:28:12,4.9
下游闸内水位,2023/10/19,22:57:01,4.9
下游闸外水位,2023/10/19,22:57:01,4.8
上游闸内水位,2023/10/19,22:59:54,4.8
上游闸外水位,2023/10/19,22:59:54,4.6
内河侧水位,2023/10/19,23:00:00,4.6
上游闸内水位,2023/10/18,17:21:36,3.9
上游闸外水位,2023/10/18,17:21:36,3.8
下游闸内水位,2023/10/18,17:50:28,3.9
下游闸外水位,2023/10/18,17:50:28,4.3
下游闸内水位,2023/10/18,20:51:32,4.9
下游闸外水位,2023/10/18,20:51:32,5.3
下游闸内水位,2023/10/19,7:57:18,4.9
下游闸外水位,2023/10/19,7:57:18,4.8
下游闸内水位,2023/10/19,10:17:21,4.6
下游闸外水位,2023/10/19,10:17:21,4.6
下游闸内水位,2023/10/19,11:30:53,4.4
下游闸外水位,2023/10/19,11:30:53,4.3
下游闸内水位,2023/10/19,17:32:39,3.7
下游闸外水位,2023/10/19,17:32:39,3.7
上游闸内水位,2023/10/19,17:47:21,3.8
上游闸外水位,2023/10/19,17:47:21,3.8
下游闸内水位,2023/10/19,18:31:00,4.3
下游闸外水位,2023/10/19,18:31:00,4.4
下游闸内水位,2023/10/19,19:07:01,4.7
下游闸外水位,2023/10/19,19:07:01,4.8
上游闸内水位,2023/10/19,19:37:09,5.1
上游闸外水位,2023/10/19,19:37:09,4.4
长江侧水位,2023/10/19,23:00:00,4.8
上游闸内水位,2023/10/19,23:02:33,4.7
上游闸外水位,2023/10/19,23:02:33,4.6
上游闸内水位,2023/10/20,1:18:10,4.3
上游闸外水位,2023/10/20,1:18:10,4.3
上游闸内水位,2023/10/20,7:28:24,4.1
上游闸外水位,2023/10/20,7:28:24,4.0
内河侧水位,2023/10/20,10:00:00,4.6
长江侧水位,2023/10/20,10:00:00,4.6
内河侧水位,2023/10/20,11:00:00,4.5
长江侧水位,2023/10/20,11:00:00,4.2
内河侧水位,2023/10/20,12:00:00,4.4
长江侧水位,2023/10/20,12:00:00,4.3
下游闸内水位,2023/10/20,12:21:00,4.3
下游闸外水位,2023/10/20,12:21:00,4.3
内河侧水位,2023/10/20,13:00:00,4.1
长江侧水位,2023/10/20,13:00:00,4.1
内河侧水位,2023/10/20,14:00:00,4.1
长江侧水位,2023/10/20,14:00:00,4.0
内河侧水位,2023/10/20,15:00:00,3.9
长江侧水位,2023/10/20,15:00:00,3.9
内河侧水位,2023/10/20,16:00:00,3.8
长江侧水位,2023/10/20,16:00:00,3.8
下游闸内水位,2023/10/20,16:18:55,3.8
下游闸外水位,2023/10/20,16:18:55,3.8
内河侧水位,2023/10/20,17:00:00,3.8
长江侧水位,2023/10/20,17:00:00,3.7
上游闸内水位,2023/10/20,17:05:45,3.8
上游闸外水位,2023/10/20,17:05:45,3.8
下游闸内水位,2023/10/20,17:08:18,3.8
下游闸外水位,2023/10/20,17:08:18,3.7
下游闸内水位,2023/10/20,17:09:43,3.8
下游闸外水位,2023/10/20,17:09:43,3.7
下游闸内水位,2023/10/20,17:26:56,3.8
下游闸外水位,2023/10/20,17:26:56,3.7
上游闸内水位,2023/10/20,17:29:34,3.7
上游闸外水位,2023/10/20,17:29:34,3.8
上游闸内水位,2023/10/20,17:31:05,3.8
上游闸外水位,2023/10/20,17:31:05,3.8
内河侧水位,2023/10/20,18:00:00,3.8
长江侧水位,2023/10/20,18:00:00,3.7
上游闸内水位,2023/10/20,18:00:23,3.8
上游闸外水位,2023/10/20,18:00:23,3.8
下游闸内水位,2023/10/20,18:03:01,3.8
下游闸外水位,2023/10/20,18:03:01,3.7
下游闸内水位,2023/10/20,18:04:21,3.8
下游闸外水位,2023/10/20,18:04:21,3.7
下游闸内水位,2023/10/20,18:43:16,3.9
下游闸外水位,2023/10/20,18:43:16,3.8
上游闸内水位,2023/10/20,18:45:58,3.9
上游闸外水位,2023/10/20,18:45:58,3.8
上游闸内水位,2023/10/20,18:47:33,3.9
上游闸外水位,2023/10/20,18:47:33,3.8
内河侧水位,2023/10/20,19:00:00,3.9
长江侧水位,2023/10/20,19:00:00,4.1
上游闸内水位,2023/10/20,19:26:32,4.1
上游闸外水位,2023/10/20,19:26:32,4.1
下游闸内水位,2023/10/20,19:29:15,4.1
下游闸外水位,2023/10/20,19:29:15,4.4
下游闸内水位,2023/10/20,19:30:37,4.3
下游闸外水位,2023/10/20,19:30:37,4.4
内河侧水位,2023/10/20,20:00:00,4.3
长江侧水位,2023/10/20,20:00:00,4.6
下游闸内水位,2023/10/20,20:14:24,4.8
下游闸外水位,2023/10/20,20:14:24,4.7
上游闸内水位,2023/10/18,21:33:48,5.2
上游闸外水位,2023/10/18,21:33:48,4.8
上游闸内水位,2023/10/18,21:35:34,5.0
上游闸外水位,2023/10/18,21:35:34,4.8
上游闸内水位,2023/10/19,10:50:25,4.4
上游闸外水位,2023/10/19,10:50:25,4.4
下游闸内水位,2023/10/19,16:21:33,3.8
下游闸外水位,2023/10/19,16:21:33,3.7
上游闸内水位,2023/10/19,23:23:20,4.6
上游闸外水位,2023/10/19,23:23:20,4.6
下游闸内水位,2023/10/19,23:26:17,4.6
下游闸外水位,2023/10/19,23:26:17,4.7
上游闸内水位,2023/10/20,22:04:09,4.7
上游闸外水位,2023/10/20,22:04:09,4.6
上游闸内水位,2023/10/20,22:45:46,4.6
上游闸外水位,2023/10/20,22:45:46,4.6
下游闸内水位,2023/10/21,4:55:37,3.9
下游闸外水位,2023/10/21,4:55:37,3.8
下游闸内水位,2023/10/21,10:30:05,4.4
下游闸外水位,2023/10/21,10:30:05,4.3
上游闸内水位,2023/10/21,10:32:55,4.4
上游闸外水位,2023/10/21,10:32:55,4.2
上游闸内水位,2023/10/21,10:34:43,4.3
上游闸外水位,2023/10/21,10:34:43,4.2
下游闸内水位,2023/10/21,14:59:40,3.8
下游闸外水位,2023/10/21,14:59:40,3.7
内河侧水位,2023/10/21,23:00:00,4.4
长江侧水位,2023/10/21,23:00:00,4.7
上游闸内水位,2023/10/21,23:00:55,4.5
上游闸外水位,2023/10/21,23:00:55,4.4
下游闸内水位,2023/10/21,23:03:35,4.5
下游闸外水位,2023/10/21,23:03:35,4.6
下游闸内水位,2023/10/21,23:59:43,4.5
下游闸外水位,2023/10/21,23:59:43,4.5
内河侧水位,2023/10/22,0:00:00,4.4
长江侧水位,2023/10/22,0:00:00,4.5
上游闸内水位,2023/10/22,0:02:16,4.5
上游闸外水位,2023/10/22,0:02:16,4.4
上游闸内水位,2023/10/22,0:05:07,4.4
上游闸外水位,2023/10/22,0:05:07,4.3
上游闸内水位,2023/10/22,0:39:22,4.3
上游闸外水位,2023/10/22,0:39:22,4.3
下游闸内水位,2023/10/22,0:42:23,4.3
下游闸外水位,2023/10/22,0:42:23,4.3
下游闸内水位,2023/10/22,0:43:44,4.4
下游闸外水位,2023/10/22,0:43:44,4.3
下游闸内水位,2023/10/22,0:51:09,4.4
下游闸外水位,2023/10/22,0:51:09,4.3
上游闸内水位,2023/10/22,0:53:45,4.4
上游闸外水位,2023/10/22,0:53:45,4.3
上游闸内水位,2023/10/22,0:55:16,4.3
上游闸外水位,2023/10/22,0:55:16,4.3
内河侧水位,2023/10/22,1:00:00,4.2
长江侧水位,2023/10/22,1:00:00,4.3
上游闸内水位,2023/10/22,1:34:32,4.1
上游闸外水位,2023/10/22,1:34:32,4.1
下游闸内水位,2023/10/22,1:37:19,4.1
下游闸外水位,2023/10/22,1:37:19,4.2
下游闸内水位,2023/10/22,1:38:39,4.2
下游闸外水位,2023/10/22,1:38:39,4.2
内河侧水位,2023/10/22,2:00:00,4.0
长江侧水位,2023/10/22,2:00:00,4.2
内河侧水位,2023/10/22,3:00:00,3.9
长江侧水位,2023/10/22,3:00:00,4.0
下游闸内水位,2023/10/22,3:00:41,4.0
下游闸外水位,2023/10/22,3:00:41,4.0
上游闸内水位,2023/10/22,3:03:48,4.0
上游闸外水位,2023/10/22,3:03:48,3.9
上游闸内水位,2023/10/22,3:05:35,3.9
上游闸外水位,2023/10/22,3:05:35,3.9
上游闸内水位,2023/10/22,3:47:03,3.8
上游闸外水位,2023/10/22,3:47:03,3.8
下游闸内水位,2023/10/22,3:49:52,3.9
下游闸外水位,2023/10/22,3:49:52,3.9
内河侧水位,2023/10/22,4:00:00,3.8
长江侧水位,2023/10/22,4:00:00,3.9
下游闸内水位,2023/10/22,4:33:14,3.8
下游闸外水位,2023/10/22,4:33:14,3.8
上游闸内水位,2023/10/22,4:35:54,3.8
上游闸外水位,2023/10/22,4:35:54,3.8
上游闸内水位,2023/10/22,4:37:31,3.8
上游闸外水位,2023/10/22,4:37:31,3.8
内河侧水位,2023/10/22,5:00:00,3.7
长江侧水位,2023/10/22,5:00:00,3.7
上游闸内水位,2023/10/22,5:17:19,3.8
上游闸外水位,2023/10/22,5:17:19,3.8
下游闸内水位,2023/10/22,5:20:05,3.8
内河侧水位,2023/10/19,5:00:00,3.9
长江侧水位,2023/10/19,5:00:00,3.8
上游闸内水位,2023/10/19,5:08:26,3.9
上游闸外水位,2023/10/19,5:08:26,3.9
下游闸内水位,2023/10/19,5:10:57,4.0
下游闸外水位,2023/10/19,5:10:57,3.7
下游闸内水位,2023/10/19,5:46:34,3.8
下游闸外水位,2023/10/19,5:46:34,3.8
上游闸内水位,2023/10/19,5:49:12,3.9
上游闸外水位,2023/10/19,5:49:12,3.9
上游闸内水位,2023/10/19,5:50:45,3.9
上游闸外水位,2023/10/19,5:50:45,3.9
内河侧水位,2023/10/19,6:00:00,3.9
长江侧水位,2023/10/19,6:00:00,3.8
上游闸内水位,2023/10/19,6:27:05,4.0
上游闸外水位,2023/10/19,6:27:05,3.9
下游闸内水位,2023/10/19,6:31:26,4.0
下游闸外水位,2023/10/19,6:31:26,4.2
下游闸内水位,2023/10/19,6:33:26,4.2
下游闸外水位,2023/10/19,6:33:26,4.2
内河侧水位,2023/10/19,7:00:00,4.2
长江侧水位,2023/10/19,7:00:00,4.5
下游闸内水位,2023/10/19,7:01:54,4.6
下游闸外水位,2023/10/19,7:01:54,4.5
上游闸内水位,2023/10/19,7:04:33,4.6
上游闸外水位,2023/10/19,7:04:33,4.2
上游闸内水位,2023/10/19,7:06:37,4.3
上游闸外水位,2023/10/19,7:06:37,4.2
上游闸内水位,2023/10/19,7:28:12,4.4
上游闸外水位,2023/10/19,7:28:12,4.3
下游闸内水位,2023/10/19,7:30:45,4.4
下游闸外水位,2023/10/19,7:30:45,4.7
下游闸内水位,2023/10/19,7:32:16,4.6
下游闸外水位,2023/10/19,7:32:16,4.7
上游闸内水位,2023/10/19,7:59:54,4.9
上游闸外水位,2023/10/19,7:59:54,4.4
内河侧水位,2023/10/19,8:00:00,4.4
长江侧水位,2023/10/19,8:00:00,4.8
上游闸内水位,2023/10/19,8:02:06,4.6
上游闸外水位,2023/10/19,8:02:06,4.5
上游闸内水位,2023/10/19,8:22:18,4.5
上游闸外水位,2023/10/19,8:22:18,4.5
下游闸内水位,2023/10/19,8:24:58,4.6
下游闸外水位,2023/10/19,8:24:58,4.8
下游闸内水位,2023/10/19,8:26:21,4.7
下游闸外水位,2023/10/19,8:26:21,4.8
下游闸内水位,2023/10/19,8:38:55,4.9
下游闸外水位,2023/10/19,8:38:55,4.9
上游闸内水位,2023/10/19,8:41:32,4.9
上游闸外水位,2023/10/19,8:41:32,4.5
上游闸内水位,2023/10/19,8:43:14,4.7
上游闸外水位,2023/10/19,8:43:14,4.5
内河侧水位,2023/10/19,9:00:00,4.5
长江侧水位,2023/10/19,9:00:00,4.8
上游闸内水位,2023/10/19,9:05:29,4.6
上游闸外水位,2023/10/19,9:05:29,4.5
下游闸内水位,2023/10/19,9:08:16,4.6
下游闸外水位,2023/10/19,9:08:16,4.9
下游闸内水位,2023/10/19,9:09:38,4.8
下游闸外水位,2023/10/19,9:09:38,4.8
上游闸内水位,2023/10/19,9:43:20,4.8
上游闸外水位,2023/10/19,9:43:20,4.5
上游闸内水位,2023/10/19,9:44:56,4.6
上游闸外水位,2023/10/19,9:44:56,4.5
内河侧水位,2023/10/19,10:00:00,4.5
长江侧水位,2023/10/19,10:00:00,4.7
上游闸内水位,2023/10/19,10:14:35,4.6
上游闸外水位,2023/10/19,10:14:35,4.5
下游闸内水位,2023/10/19,10:18:43,4.6
下游闸外水位,2023/10/19,10:18:43,4.6
下游闸内水位,2023/10/19,10:33:26,4.6
下游闸外水位,2023/10/19,10:33:26,4.5
上游闸内水位,2023/10/19,10:36:01,4.6
上游闸外水位,2023/10/19,10:36:01,4.4
上游闸内水位,2023/10/19,10:37:33,4.5
上游闸外水位,2023/10/19,10:37:33,4.5
下游闸内水位,2023/10/19,10:53:02,4.5
下游闸外水位,2023/10/19,10:53:02,4.5
下游闸内水位,2023/10/19,10:54:18,4.5
下游闸外水位,2023/10/19,10:54:18,4.5
下游闸内水位,2023/10/19,10:59:21,4.5
下游闸外水位,2023/10/19,10:59:21,4.5
内河侧水位,2023/10/19,11:00:01,4.4
长江侧水位,2023/10/19,11:00:01,4.4
上游闸内水位,2023/10/19,11:02:11,4.5
上游闸外水位,2023/10/19,11:02:11,4.4
上游闸内水位,2023/10/19,11:03:37,4.4
上游闸外水位,2023/10/19,11:03:37,4.4
上游闸内水位,2023/10/19,11:27:07,4.4
上游闸外水位,2023/10/19,11:27:07,4.3
下游闸内水位,2023/10/19,11:29:38,4.4
下游闸外水位,2023/10/19,11:29:38,4.3
内河侧水位,2023/10/19,12:00:00,4.3
长江侧水位,2023/10/19,12:00:00,4.2
下游闸内水位,2023/10/19,12:09:52,4.3
下游闸外水位,2023/10/19,12:09:52,4.2
上游闸内水位,2023/10/19,12:12:43,4.3
上游闸外水位,2023/10/19,12:12:43,4.2
上游闸内水位,2023/10/19,12:29:26,4.2
上游闸外水位,2023/10/19,12:29:26,4.2
下游闸内水位,2023/10/19,12:32:23,4.2
下游闸外水位,2023/10/19,12:32:23,4.2
下游闸内水位,2023/10/19,12:54:45,4.2
下游闸外水位,2023/10/19,12:54:45,4.1
上游闸内水位,2023/10/19,12:57:21,4.2
上游闸外水位,2023/10/19,12:57:21,4.1
上游闸内水位,2023/10/19,12:58:47,4.1
上游闸外水位,2023/10/19,12:58:47,4.1
内河侧水位,2023/10/19,13:00:00,4.1
长江侧水位,2023/10/19,13:00:00,4.1
上游闸内水位,2023/10/19,13:12:19,4.1
上游闸外水位,2023/10/19,13:12:19,4.1
下游闸内水位,2023/10/19,13:14:53,4.1
下游闸外水位,2023/10/19,13:14:53,4.0
下游闸内水位,2023/10/19,13:16:08,4.1
下游闸外水位,2023/10/19,13:16:08,4.1
下游闸内水位,2023/10/19,13:38:11,4.1
下游闸外水位,2023/10/19,13:38:11,4.0
上游闸内水位,2023/10/19,13:38:27,4.1
上游闸外水位,2023/10/19,13:38:27,4.0
下游闸内水位,2023/10/19,13:38:52,4.1
下游闸外水位,2023/10/19,13:38:52,4.0
内河侧水位,2023/10/19,14:00:00,4.0
长江侧水位,2023/10/19,14:00:00,3.9
内河侧水位,2023/10/19,15:00:00,3.8
长江侧水位,2023/10/19,15:00:00,3.8
内河侧水位,2023/10/19,16:00:00,3.7
长江侧水位,2023/10/19,16:00:00,3.7
下游闸内水位,2023/10/19,16:15:30,3.7
下游闸外水位,2023/10/19,16:15:30,3.7
上游闸内水位,2023/10/19,16:52:13,3.8
上游闸外水位,2023/10/19,16:52:13,3.8
下游闸内水位,2023/10/19,16:54:49,3.8
下游闸外水位,2023/10/19,16:54:49,3.6
下游闸内水位,2023/10/19,16:57:11,3.7
下游闸外水位,2023/10/19,16:57:11,3.6
内河侧水位,2023/10/19,17:00:00,3.8
长江侧水位,2023/10/19,17:00:00,3.6
下游闸内水位,2023/10/19,17:09:25,3.7
下游闸外水位,2023/10/19,17:09:25,3.6
上游闸内水位,2023/10/19,17:12:18,3.7
上游闸外水位,2023/10/19,17:12:18,3.8
上游闸内水位,2023/10/19,17:14:15,3.8
上游闸外水位,2023/10/19,17:14:15,3.8
上游闸内水位,2023/10/19,17:28:41,3.8
上游闸外水位,2023/10/19,17:28:41,3.8
下游闸内水位,2023/10/19,17:31:14,3.8
下游闸外水位,2023/10/19,17:31:14,3.6
下游闸内水位,2023/10/19,17:43:00,3.8
下游闸外水位,2023/10/19,17:43:00,3.7
上游闸内水位,2023/10/19,17:45:36,3.8
上游闸外水位,2023/10/19,17:45:36,3.8
内河侧水位,2023/10/19,18:00:00,3.8
长江侧水位,2023/10/19,18:00:00,3.9
上游闸内水位,2023/10/19,18:27:03,4.1
上游闸外水位,2023/10/19,18:27:03,4.0
下游闸内水位,2023/10/19,18:29:33,4.1
下游闸外水位,2023/10/19,18:29:33,4.4
下游闸内水位,2023/10/19,18:48:31,4.7
下游闸外水位,2023/10/19,18:48:31,4.7
上游闸内水位,2023/10/19,18:51:15,4.8
上游闸外水位,2023/10/19,18:51:15,4.2
上游闸内水位,2023/10/19,18:53:40,4.4
上游闸外水位,2023/10/19,18:53:40,4.2
内河侧水位,2023/10/19,19:00:00,4.3
长江侧水位,2023/10/19,19:00:00,4.8
上游闸内水位,2023/10/19,19:01:13,4.3
上游闸外水位,2023/10/19,19:01:13,4.3
下游闸内水位,2023/10/19,19:05:10,4.3
下游闸外水位,2023/10/19,19:05:10,4.8
下游闸内水位,2023/10/19,19:34:24,5.0
下游闸外水位,2023/10/19,19:34:24,5.0
上游闸内水位,2023/10/19,19:39:39,4.6
上游闸外水位,2023/10/19,19:39:39,4.5
内河侧水位,2023/10/19,20:00:00,4.5
长江侧水位,2023/10/19,20:00:00,5.1
上游闸内水位,2023/10/19,20:17:21,4.6
上游闸外水位,2023/10/19,20:17:21,4.6
下游闸内水位,2023/10/19,20:20:20,4.6
下游闸外水位,2023/10/19,20:20:20,5.2
下游闸内水位,2023/10/19,20:22:30,5.1
下游闸外水位,2023/10/19,20:22:30,5.2
下游闸内水位,2023/10/19,20:57:20,5.3
下游闸外水位,2023/10/19,20:57:20,5.3
内河侧水位,2023/10/19,21:00:00,4.7
长江侧水位,2023/10/19,21:00:00,5.2
上游闸内水位,2023/10/19,21:00:01,5.3
上游闸外水位,2023/10/19,21:00:01,4.7
上游闸内水位,2023/10/19,21:02:29,4.9
上游闸外水位,2023/10/19,21:02:29,4.7
上游闸内水位,2023/10/19,21:22:00,4.8
上游闸外水位,2023/10/19,21:22:00,4.8
下游闸内水位,2023/10/19,21:24:33,4.8
下游闸外水位,2023/10/19,21:24:33,5.2
下游闸内水位,2023/10/19,21:26:12,5.1
下游闸外水位,2023/10/19,21:26:12,5.2
下游闸内水位,2023/10/19,23:52:31,4.7
下游闸外水位,2023/10/19,23:52:31,4.6
上游闸内水位,2023/10/19,23:55:17,4.6
上游闸外水位,2023/10/19,23:55:17,4.5
上游闸内水位,2023/10/19,23:56:53,4.6
上游闸外水位,2023/10/19,23:56:53,4.5
内河侧水位,2023/10/20,0:00:00,4.5
长江侧水位,2023/10/20,0:00:00,4.6
上游闸内水位,2023/10/20,0:15:11,4.5
上游闸外水位,2023/10/20,0:15:11,4.5
下游闸内水位,2023/10/20,0:19:45,4.5
下游闸外水位,2023/10/20,0:19:45,4.5
下游闸内水位,2023/10/20,0:21:06,4.5
下游闸外水位,2023/10/20,0:21:06,4.5
下游闸内水位,2023/10/20,0:54:27,4.5
下游闸外水位,2023/10/20,0:54:27,4.4
上游闸内水位,2023/10/20,0:57:10,4.4
上游闸外水位,2023/10/20,0:57:10,4.4
上游闸内水位,2023/10/20,0:58:44,4.4
上游闸外水位,2023/10/20,0:58:44,4.3
内河侧水位,2023/10/20,1:00:00,4.3
长江侧水位,2023/10/20,1:00:00,4.4
下游闸内水位,2023/10/20,1:20:46,4.3
下游闸外水位,2023/10/20,1:20:46,4.3
下游闸内水位,2023/10/20,1:47:13,4.3
下游闸外水位,2023/10/20,1:47:13,4.2
上游闸内水位,2023/10/20,1:49:53,4.3
上游闸外水位,2023/10/20,1:49:53,4.2
上游闸内水位,2023/10/20,1:51:22,4.3
上游闸外水位,2023/10/20,1:51:22,4.2
内河侧水位,2023/10/20,2:00:00,4.2
长江侧水位,2023/10/20,2:00:00,4.2
上游闸内水位,2023/10/20,2:07:21,4.2
上游闸外水位,2023/10/20,2:07:21,4.1
下游闸内水位,2023/10/20,2:09:57,4.2
下游闸外水位,2023/10/20,2:09:57,4.2
下游闸内水位,2023/10/20,2:11:14,4.3
下游闸外水位,2023/10/20,2:11:14,4.2
下游闸内水位,2023/10/20,2:29:37,4.2
下游闸外水位,2023/10/20,2:29:37,4.1
上游闸内水位,2023/10/20,2:32:16,4.2
上游闸外水位,2023/10/20,2:32:16,4.1
上游闸内水位,2023/10/20,2:33:46,4.2
上游闸外水位,2023/10/20,2:33:46,4.1
上游闸内水位,2023/10/20,2:40:34,4.1
上游闸外水位,2023/10/20,2:40:34,4.1
内河侧水位,2023/10/20,3:00:00,4.1
长江侧水位,2023/10/20,3:00:00,4.0
下游闸内水位,2023/10/20,3:37:18,4.0
下游闸外水位,2023/10/20,3:37:18,3.9
下游闸内水位,2023/10/20,3:38:43,4.0
下游闸外水位,2023/10/20,3:38:43,3.9
内河侧水位,2023/10/20,4:00:00,3.9
长江侧水位,2023/10/20,4:00:00,3.9
下游闸内水位,2023/10/20,4:17:37,3.9
下游闸外水位,2023/10/20,4:17:37,3.9
上游闸内水位,2023/10/20,4:20:13,3.9
上游闸外水位,2023/10/20,4:20:13,3.9
上游闸内水位,2023/10/20,4:21:42,3.9
上游闸外水位,2023/10/20,4:21:42,3.9
上游闸内水位,2023/10/20,4:39:54,4.0
上游闸外水位,2023/10/20,4:39:54,3.8
下游闸内水位,2023/10/20,4:44:18,3.9
下游闸外水位,2023/10/20,4:44:18,3.8
下游闸内水位,2023/10/20,4:45:48,3.9
下游闸外水位,2023/10/20,4:45:48,3.8
内河侧水位,2023/10/20,5:00:00,3.9
长江侧水位,2023/10/20,5:00:00,3.8
下游闸内水位,2023/10/20,5:08:52,3.8
下游闸外水位,2023/10/20,5:08:52,3.7
上游闸内水位,2023/10/20,5:13:07,3.8
上游闸外水位,2023/10/20,5:13:07,3.9
上游闸内水位,2023/10/20,5:14:40,3.9
上游闸外水位,2023/10/20,5:14:40,3.9
上游闸内水位,2023/10/20,5:31:13,3.9
上游闸外水位,2023/10/20,5:31:13,3.9
下游闸内水位,2023/10/20,5:37:31,3.9
下游闸外水位,2023/10/20,5:37:31,3.7
下游闸内水位,2023/10/20,5:39:05,3.8
下游闸外水位,2023/10/20,5:39:05,3.7
内河侧水位,2023/10/20,6:00:00,3.8
长江侧水位,2023/10/20,6:00:00,3.7
下游闸内水位,2023/10/20,6:25:09,3.8
下游闸外水位,2023/10/20,6:25:09,3.7
上游闸内水位,2023/10/20,6:28:35,3.8
上游闸外水位,2023/10/20,6:28:35,3.9
上游闸内水位,2023/10/20,6:30:09,3.9
上游闸外水位,2023/10/20,6:30:09,3.8
上游闸内水位,2023/10/20,6:43:21,3.9
上游闸外水位,2023/10/20,6:43:21,3.8
下游闸内水位,2023/10/20,6:45:50,3.9
下游闸外水位,2023/10/20,6:45:50,3.8
下游闸内水位,2023/10/20,6:47:08,3.9
下游闸外水位,2023/10/20,6:47:08,3.8
内河侧水位,2023/10/20,7:00:00,3.9
长江侧水位,2023/10/20,7:00:00,3.9
下游闸内水位,2023/10/20,7:08:26,4.1
下游闸外水位,2023/10/20,7:08:26,4.0
上游闸内水位,2023/10/20,7:12:02,4.1
上游闸外水位,2023/10/20,7:12:02,3.9
上游闸内水位,2023/10/20,7:13:36,4.0
上游闸外水位,2023/10/20,7:13:36,4.0
下游闸内水位,2023/10/20,7:30:57,4.1
下游闸外水位,2023/10/20,7:30:57,4.2
下游闸内水位,2023/10/20,7:38:28,4.3
下游闸外水位,2023/10/20,7:38:28,4.3
上游闸内水位,2023/10/20,7:41:03,4.4
上游闸外水位,2023/10/20,7:41:03,4.1
上游闸内水位,2023/10/20,7:42:40,4.2
上游闸外水位,2023/10/20,7:42:40,4.1
上游闸内水位,2023/10/20,7:47:00,4.1
上游闸外水位,2023/10/20,7:47:00,4.0
下游闸内水位,2023/10/20,7:49:48,4.2
下游闸外水位,2023/10/20,7:49:48,4.4
下游闸内水位,2023/10/20,7:51:10,4.3
下游闸外水位,2023/10/20,7:51:10,4.4
上游闸内水位,2023/10/20,7:55:58,4.5
上游闸外水位,2023/10/20,7:55:58,4.2
上游闸内水位,2023/10/20,7:57:31,4.3
上游闸外水位,2023/10/20,7:57:31,4.2
内河侧水位,2023/10/20,8:00:00,4.2
长江侧水位,2023/10/20,8:00:00,4.5
上游闸内水位,2023/10/20,8:02:31,4.2
上游闸外水位,2023/10/20,8:02:31,4.2
下游闸内水位,2023/10/20,8:05:07,4.2
下游闸外水位,2023/10/20,8:05:07,4.5
下游闸内水位,2023/10/20,8:27:44,4.6
下游闸外水位,2023/10/20,8:27:44,4.6
上游闸内水位,2023/10/20,8:30:18,4.7
上游闸外水位,2023/10/20,8:30:18,4.3
上游闸内水位,2023/10/20,8:32:39,4.4
上游闸外水位,2023/10/20,8:32:39,4.3
上游闸内水位,2023/10/20,8:54:08,4.4
上游闸外水位,2023/10/20,8:54:08,4.4
下游闸内水位,2023/10/20,8:56:54,4.4
下游闸外水位,2023/10/20,8:56:54,4.7
内河侧水位,2023/10/20,9:00:00,4.4
长江侧水位,2023/10/20,9:00:00,4.8
下游闸内水位,2023/10/20,9:10:19,4.8
下游闸外水位,2023/10/20,9:10:19,4.7
上游闸内水位,2023/10/20,9:12:57,4.7
上游闸外水位,2023/10/20,9:12:57,4.4
下游闸内水位,2023/10/20,9:13:21,4.8
下游闸外水位,2023/10/20,9:13:21,4.7
下游闸内水位,2023/10/20,9:15:57,4.5
下游闸外水位,2023/10/20,9:15:57,4.7
下游闸内水位,2023/10/20,21:59:14,5.0
下游闸外水位,2023/10/20,21:59:14,5.0
内河侧水位,2023/10/20,22:00:00,4.6
长江侧水位,2023/10/20,22:00:00,5.0
上游闸内水位,2023/10/20,22:02:03,5.0
上游闸外水位,2023/10/20,22:02:03,4.6
上游闸内水位,2023/10/20,20:17:01,4.8
上游闸外水位,2023/10/20,20:17:01,4.3
上游闸内水位,2023/10/20,20:19:26,4.4
上游闸外水位,2023/10/20,20:19:26,4.3
内河侧水位,2023/10/20,21:00:00,4.5
长江侧水位,2023/10/20,21:00:00,4.9
上游闸内水位,2023/10/20,21:06:34,4.5
上游闸外水位,2023/10/20,21:06:34,4.5
下游闸内水位,2023/10/20,21:09:11,4.5
下游闸外水位,2023/10/20,21:09:11,5.0
下游闸内水位,2023/10/20,21:10:51,4.8
下游闸外水位,2023/10/20,21:10:51,5.0
下游闸内水位,2023/10/20,22:48:39,4.6
下游闸外水位,2023/10/20,22:48:39,4.8
下游闸内水位,2023/10/20,22:50:11,4.8
下游闸外水位,2023/10/20,22:50:11,4.8
内河侧水位,2023/10/20,23:00:00,4.6
长江侧水位,2023/10/20,23:00:00,4.8
下游闸内水位,2023/10/20,23:24:07,4.7
下游闸外水位,2023/10/20,23:24:07,4.7
上游闸内水位,2023/10/20,23:28:05,4.7
上游闸外水位,2023/10/20,23:28:05,4.5
上游闸内水位,2023/10/20,23:29:47,4.6
上游闸外水位,2023/10/20,23:29:47,4.5
内河侧水位,2023/10/21,0:00:00,4.5
长江侧水位,2023/10/21,0:00:00,4.5
上游闸内水位,2023/10/21,0:09:23,4.5
上游闸外水位,2023/10/21,0:09:23,4.4
下游闸内水位,2023/10/21,0:12:11,4.5
下游闸外水位,2023/10/21,0:12:11,4.5
下游闸内水位,2023/10/21,0:13:30,4.5
下游闸外水位,2023/10/21,0:13:30,4.5
内河侧水位,2023/10/21,1:00:00,4.3
长江侧水位,2023/10/21,1:00:00,4.4
下游闸内水位,2023/10/21,1:06:10,4.4
下游闸外水位,2023/10/21,1:06:10,4.3
上游闸内水位,2023/10/21,1:08:53,4.4
上游闸外水位,2023/10/21,1:08:53,4.3
上游闸内水位,2023/10/21,1:10:28,4.3
上游闸外水位,2023/10/21,1:10:28,4.3
上游闸内水位,2023/10/21,1:58:18,4.2
上游闸外水位,2023/10/21,1:58:18,4.2
内河侧水位,2023/10/21,2:00:00,4.2
长江侧水位,2023/10/21,2:00:00,4.2
下游闸内水位,2023/10/21,2:00:49,4.2
下游闸外水位,2023/10/21,2:00:49,4.2
下游闸内水位,2023/10/21,2:02:12,4.3
下游闸外水位,2023/10/21,2:02:12,4.2
下游闸内水位,2023/10/21,2:47:49,4.2
下游闸外水位,2023/10/21,2:47:49,4.1
上游闸内水位,2023/10/21,2:50:27,4.1
上游闸外水位,2023/10/21,2:50:27,4.1
上游闸内水位,2023/10/21,2:52:09,4.1
上游闸外水位,2023/10/21,2:52:09,4.1
内河侧水位,2023/10/21,3:00:00,4.0
长江侧水位,2023/10/21,3:00:00,4.1
上游闸内水位,2023/10/21,3:30:19,4.0
上游闸外水位,2023/10/21,3:30:19,4.0
下游闸内水位,2023/10/21,3:33:10,4.0
下游闸外水位,2023/10/21,3:33:10,4.0
下游闸内水位,2023/10/21,3:35:25,4.1
下游闸外水位,2023/10/21,3:35:25,4.0
内河侧水位,2023/10/21,4:00:00,3.9
长江侧水位,2023/10/21,4:00:00,3.9
下游闸内水位,2023/10/21,4:15:31,4.0
下游闸外水位,2023/10/21,4:15:31,3.9
上游闸内水位,2023/10/21,4:18:22,3.9
上游闸外水位,2023/10/21,4:18:22,3.9
上游闸内水位,2023/10/21,4:19:57,3.9
上游闸外水位,2023/10/21,4:19:57,3.9
上游闸内水位,2023/10/21,4:52:21,3.9
上游闸外水位,2023/10/21,4:52:21,3.9
下游闸内水位,2023/10/21,4:57:22,3.8
下游闸外水位,2023/10/21,4:57:22,3.8
内河侧水位,2023/10/21,5:00:00,3.8
长江侧水位,2023/10/21,5:00:00,3.8
下游闸内水位,2023/10/21,5:34:46,3.8
下游闸外水位,2023/10/21,5:34:46,3.7
上游闸内水位,2023/10/21,5:37:23,3.7
上游闸外水位,2023/10/21,5:37:23,3.8
上游闸内水位,2023/10/21,5:39:00,3.8
上游闸外水位,2023/10/21,5:39:00,3.8
内河侧水位,2023/10/21,6:00:00,3.8
长江侧水位,2023/10/21,6:00:00,3.7
上游闸内水位,2023/10/21,6:15:03,3.9
上游闸外水位,2023/10/21,6:15:03,3.8
下游闸内水位,2023/10/21,6:19:11,3.9
下游闸外水位,2023/10/21,6:19:11,3.7
下游闸内水位,2023/10/21,6:20:37,3.8
下游闸外水位,2023/10/21,6:20:37,3.7
下游闸内水位,2023/10/21,6:52:21,3.7
下游闸外水位,2023/10/21,6:52:21,3.7
上游闸内水位,2023/10/21,6:55:18,3.7
上游闸外水位,2023/10/21,6:55:18,3.8
上游闸内水位,2023/10/21,6:56:56,3.8
上游闸外水位,2023/10/21,6:56:56,3.8
内河侧水位,2023/10/21,7:00:00,3.8
长江侧水位,2023/10/21,7:00:00,3.7
上游闸内水位,2023/10/21,7:26:42,3.8
上游闸外水位,2023/10/21,7:26:42,3.8
下游闸内水位,2023/10/21,7:29:17,3.9
下游闸外水位,2023/10/21,7:29:17,3.7
下游闸内水位,2023/10/21,7:30:37,3.9
下游闸外水位,2023/10/21,7:30:37,3.8
下游闸内水位,2023/10/21,7:50:29,4.0
下游闸外水位,2023/10/21,7:50:29,4.0
上游闸内水位,2023/10/21,7:53:13,4.0
上游闸外水位,2023/10/21,7:53:13,3.9
上游闸内水位,2023/10/21,7:55:05,3.9
上游闸外水位,2023/10/21,7:55:05,3.9
内河侧水位,2023/10/21,8:00:00,3.9
长江侧水位,2023/10/21,8:00:00,4.0
上游闸内水位,2023/10/21,8:09:47,4.0
上游闸外水位,2023/10/21,8:09:47,4.0
下游闸内水位,2023/10/21,8:12:22,4.0
下游闸外水位,2023/10/21,8:12:22,4.0
下游闸内水位,2023/10/21,8:13:44,4.1
下游闸外水位,2023/10/21,8:13:44,4.0
下游闸内水位,2023/10/21,8:43:10,4.3
下游闸外水位,2023/10/21,8:43:10,4.2
上游闸内水位,2023/10/21,8:45:54,4.2
上游闸外水位,2023/10/21,8:45:54,4.1
上游闸内水位,2023/10/21,8:47:31,4.1
上游闸外水位,2023/10/21,8:47:31,4.1
内河侧水位,2023/10/21,9:00:00,4.1
长江侧水位,2023/10/21,9:00:00,4.3
上游闸内水位,2023/10/21,9:19:52,4.2
上游闸外水位,2023/10/21,9:19:52,4.1
下游闸内水位,2023/10/21,9:22:38,4.2
下游闸外水位,2023/10/21,9:22:38,4.3
下游闸内水位,2023/10/21,9:24:07,4.3
下游闸外水位,2023/10/21,9:24:07,4.3
下游闸内水位,2023/10/21,9:34:59,4.4
下游闸外水位,2023/10/21,9:34:59,4.3
上游闸内水位,2023/10/21,9:37:50,4.4
上游闸外水位,2023/10/21,9:37:50,4.2
上游闸内水位,2023/10/21,9:39:48,4.2
上游闸外水位,2023/10/21,9:39:48,4.2
上游闸内水位,2023/10/21,9:56:28,4.2
上游闸外水位,2023/10/21,9:56:28,4.2
下游闸内水位,2023/10/21,9:59:09,4.2
下游闸外水位,2023/10/21,9:59:09,4.3
内河侧水位,2023/10/21,10:00:00,4.2
长江侧水位,2023/10/21,10:00:00,4.3
下游闸内水位,2023/10/21,10:02:26,4.4
下游闸外水位,2023/10/21,10:02:26,4.3
内河侧水位,2023/10/21,11:00:00,4.2
长江侧水位,2023/10/21,11:00:00,4.2
上游闸内水位,2023/10/21,11:15:24,4.2
上游闸外水位,2023/10/21,11:15:24,4.2
下游闸内水位,2023/10/21,11:18:19,4.2
下游闸外水位,2023/10/21,11:18:19,4.2
下游闸内水位,2023/10/21,11:20:00,4.3
下游闸外水位,2023/10/21,11:20:00,4.2
下游闸内水位,2023/10/21,11:58:03,4.2
下游闸外水位,2023/10/21,11:58:03,4.1
内河侧水位,2023/10/21,12:00:00,4.1
长江侧水位,2023/10/21,12:00:00,4.1
上游闸内水位,2023/10/21,12:00:41,4.2
上游闸外水位,2023/10/21,12:00:41,4.1
上游闸内水位,2023/10/21,12:51:26,4.0
上游闸外水位,2023/10/21,12:51:26,4.0
下游闸内水位,2023/10/21,12:54:17,4.0
下游闸外水位,2023/10/21,12:54:17,4.0
下游闸内水位,2023/10/21,12:55:53,4.0
下游闸外水位,2023/10/21,12:55:53,4.0
内河侧水位,2023/10/21,13:00:00,4.0
长江侧水位,2023/10/21,13:00:00,3.9
下游闸内水位,2023/10/21,13:20:04,3.9
下游闸外水位,2023/10/21,13:20:04,3.9
上游闸内水位,2023/10/21,13:23:38,3.9
上游闸外水位,2023/10/21,13:23:38,3.9
上游闸内水位,2023/10/21,13:25:25,3.9
上游闸外水位,2023/10/21,13:25:25,3.9
上游闸内水位,2023/10/21,13:43:06,3.9
上游闸外水位,2023/10/21,13:43:06,3.8
下游闸内水位,2023/10/21,13:45:58,3.9
下游闸外水位,2023/10/21,13:45:58,3.9
下游闸内水位,2023/10/21,13:47:39,3.9
下游闸外水位,2023/10/21,13:47:39,3.9
内河侧水位,2023/10/21,14:00:00,3.8
长江侧水位,2023/10/21,14:00:00,3.9
下游闸内水位,2023/10/21,14:15:28,3.9
下游闸外水位,2023/10/21,14:15:28,3.9
上游闸内水位,2023/10/21,14:18:29,3.8
上游闸外水位,2023/10/21,14:18:29,3.8
上游闸内水位,2023/10/21,14:20:59,3.8
上游闸外水位,2023/10/21,14:20:59,3.8
上游闸内水位,2023/10/21,14:57:06,3.8
上游闸外水位,2023/10/21,14:57:06,3.7
内河侧水位,2023/10/21,15:00:00,3.8
长江侧水位,2023/10/21,15:00:00,3.7
下游闸内水位,2023/10/21,15:01:16,3.8
下游闸外水位,2023/10/21,15:01:16,3.7
下游闸内水位,2023/10/21,15:37:17,3.7
下游闸外水位,2023/10/21,15:37:17,3.7
上游闸内水位,2023/10/21,15:40:09,3.7
上游闸外水位,2023/10/21,15:40:09,3.7
上游闸内水位,2023/10/21,15:41:58,3.8
上游闸外水位,2023/10/21,15:41:58,3.7
内河侧水位,2023/10/21,16:00:00,3.8
长江侧水位,2023/10/21,16:00:00,3.6
上游闸内水位,2023/10/21,16:18:15,3.8
上游闸外水位,2023/10/21,16:18:15,3.7
下游闸内水位,2023/10/21,16:20:46,3.8
下游闸外水位,2023/10/21,16:20:46,3.6
下游闸内水位,2023/10/21,16:22:33,3.7
下游闸外水位,2023/10/21,16:22:33,3.6
下游闸内水位,2023/10/21,16:58:30,3.6
下游闸外水位,2023/10/21,16:58:30,3.5
内河侧水位,2023/10/21,17:00:00,3.8
长江侧水位,2023/10/21,17:00:00,3.5
上游闸内水位,2023/10/21,17:01:08,3.5
上游闸外水位,2023/10/21,17:01:08,3.8
上游闸内水位,2023/10/21,17:02:39,3.7
上游闸外水位,2023/10/21,17:02:39,3.7
上游闸内水位,2023/10/21,17:40:01,3.8
上游闸外水位,2023/10/21,17:40:01,3.8
下游闸内水位,2023/10/21,17:42:33,3.8
下游闸外水位,2023/10/21,17:42:33,3.5
下游闸内水位,2023/10/21,17:44:39,3.6
下游闸外水位,2023/10/21,17:44:39,3.5
内河侧水位,2023/10/21,18:00:00,3.7
长江侧水位,2023/10/21,18:00:00,3.4
下游闸内水位,2023/10/21,18:26:58,3.5
下游闸外水位,2023/10/21,18:26:58,3.4
上游闸内水位,2023/10/21,18:29:38,3.5
上游闸外水位,2023/10/21,18:29:38,3.7
上游闸内水位,2023/10/21,18:31:15,3.7
上游闸外水位,2023/10/21,18:31:15,3.7
上游闸内水位,2023/10/21,18:52:58,3.8
上游闸外水位,2023/10/21,18:52:58,3.7
下游闸内水位,2023/10/21,18:55:37,3.8
下游闸外水位,2023/10/21,18:55:37,3.5
下游闸内水位,2023/10/21,18:57:02,3.7
下游闸外水位,2023/10/21,18:57:02,3.6
内河侧水位,2023/10/21,19:00:00,3.7
长江侧水位,2023/10/21,19:00:00,3.5
下游闸内水位,2023/10/21,19:16:05,3.7
下游闸外水位,2023/10/21,19:16:05,3.7
上游闸内水位,2023/10/21,19:18:48,3.7
上游闸外水位,2023/10/21,19:18:48,3.7
上游闸内水位,2023/10/21,19:20:20,3.8
上游闸外水位,2023/10/21,19:20:20,3.7
上游闸内水位,2023/10/21,19:57:11,3.9
上游闸外水位,2023/10/21,19:57:11,3.9
下游闸内水位,2023/10/21,19:59:44,3.9
下游闸外水位,2023/10/21,19:59:44,4.1
内河侧水位,2023/10/21,20:00:00,3.9
长江侧水位,2023/10/21,20:00:00,4.1
下游闸内水位,2023/10/21,20:01:06,4.1
下游闸外水位,2023/10/21,20:01:06,4.1
下游闸内水位,2023/10/21,20:48:21,4.5
下游闸外水位,2023/10/21,20:48:21,4.4
上游闸内水位,2023/10/21,20:50:59,4.6
上游闸外水位,2023/10/21,20:50:59,4.2
上游闸内水位,2023/10/21,20:53:05,4.3
上游闸外水位,2023/10/21,20:53:05,4.2
内河侧水位,2023/10/21,21:00:00,4.2
长江侧水位,2023/10/21,21:00:00,4.5
上游闸内水位,2023/10/21,21:27:53,4.3
上游闸外水位,2023/10/21,21:27:53,4.3
下游闸内水位,2023/10/21,21:30:29,4.3
下游闸外水位,2023/10/21,21:30:29,4.6
内河侧水位,2023/10/21,22:00:00,4.4
长江侧水位,2023/10/21,22:00:00,4.7
下游闸内水位,2023/10/21,22:13:59,4.8
下游闸外水位,2023/10/21,22:13:59,4.7
上游闸内水位,2023/10/21,22:16:34,4.8
上游闸外水位,2023/10/21,22:16:34,4.4
上游闸内水位,2023/10/21,22:18:22,4.6
上游闸外水位,2023/10/21,22:18:22,4.4
内河侧水位,2023/10/22,6:00:00,3.7
长江侧水位,2023/10/22,6:00:00,3.6
下游闸内水位,2023/10/22,6:06:07,3.7
下游闸外水位,2023/10/22,6:06:07,3.6
上游闸内水位,2023/10/22,6:08:58,3.7
上游闸外水位,2023/10/22,6:08:58,3.7
上游闸内水位,2023/10/22,6:10:35,3.8
上游闸外水位,2023/10/22,6:10:35,3.7
上游闸内水位,2023/10/22,6:54:05,3.8
上游闸外水位,2023/10/22,6:54:05,3.7
内河侧水位,2023/10/22,7:00:00,3.7
长江侧水位,2023/10/22,7:00:00,3.5
下游闸内水位,2023/10/22,7:36:17,3.6
下游闸外水位,2023/10/22,7:36:17,3.5
上游闸内水位,2023/10/22,7:39:04,3.6
上游闸外水位,2023/10/22,7:39:04,3.7
上游闸内水位,2023/10/22,7:40:45,3.7
上游闸外水位,2023/10/22,7:40:45,3.7
内河侧水位,2023/10/22,8:00:00,3.7
长江侧水位,2023/10/22,8:00:00,3.5
上游闸内水位,2023/10/22,8:01:52,3.7
上游闸外水位,2023/10/22,8:01:52,3.7
下游闸内水位,2023/10/22,8:04:32,3.8
下游闸外水位,2023/10/22,8:04:32,3.5
下游闸内水位,2023/10/22,8:06:13,3.6
下游闸外水位,2023/10/22,8:06:13,3.5
下游闸内水位,2023/10/22,8:18:56,3.5
下游闸外水位,2023/10/22,8:18:56,3.4
上游闸内水位,2023/10/22,8:21:45,3.6
上游闸外水位,2023/10/22,8:21:45,3.7
上游闸内水位,2023/10/22,8:23:22,3.7
上游闸外水位,2023/10/22,8:23:22,3.7
上游闸内水位,2023/10/22,8:37:26,3.8
上游闸外水位,2023/10/22,8:37:26,3.7
下游闸内水位,2023/10/22,8:40:02,3.8
下游闸外水位,2023/10/22,8:40:02,3.5
下游闸内水位,2023/10/22,8:48:01,3.7
下游闸外水位,2023/10/22,8:48:01,3.5
上游闸内水位,2023/10/22,8:50:36,3.6
上游闸外水位,2023/10/22,8:50:36,3.7
上游闸内水位,2023/10/22,8:52:06,3.7
上游闸外水位,2023/10/22,8:52:06,3.7
内河侧水位,2023/10/22,9:00:00,3.7
长江侧水位,2023/10/22,9:00:00,3.6
上游闸内水位,2023/10/22,9:23:18,3.7
上游闸外水位,2023/10/22,9:23:18,3.7
下游闸内水位,2023/10/22,9:24:55,3.7
下游闸外水位,2023/10/22,9:24:55,3.7
内河侧水位,2023/10/22,10:00:00,3.7
长江侧水位,2023/10/22,10:00:00,3.8
内河侧水位,2023/10/22,11:00:00,3.9
长江侧水位,2023/10/22,11:00:00,3.9
内河侧水位,2023/10/22,12:00:00,3.9
长江侧水位,2023/10/22,12:00:00,3.9
内河侧水位,2023/10/22,13:00:00,3.8
长江侧水位,2023/10/22,13:00:00,3.8
内河侧水位,2023/10/22,14:00:00,3.7
长江侧水位,2023/10/22,14:00:00,3.7
上游闸内水位,2023/10/22,14:11:30,3.6
上游闸外水位,2023/10/22,14:11:30,3.7
上游闸内水位,2023/10/22,16:24:56,3.7
上游闸外水位,2023/10/22,16:24:56,3.7
下游闸内水位,2023/10/22,16:28:09,3.7
下游闸外水位,2023/10/22,16:28:09,3.5
下游闸内水位,2023/10/22,16:29:43,3.6
下游闸外水位,2023/10/22,16:29:43,3.5
内河侧水位,2023/10/22,17:00:00,3.7
长江侧水位,2023/10/22,17:00:00,3.4
下游闸内水位,2023/10/22,17:04:32,3.5
下游闸外水位,2023/10/22,17:04:32,3.4
上游闸内水位,2023/10/22,17:07:14,3.5
上游闸外水位,2023/10/22,17:07:14,3.7
上游闸内水位,2023/10/22,17:08:53,3.6
上游闸外水位,2023/10/22,17:08:53,3.6
上游闸内水位,2023/10/22,17:43:28,3.7
上游闸外水位,2023/10/22,17:43:28,3.7
下游闸外水位,2023/10/22,5:20:05,3.7
下游闸内水位,2023/10/22,14:34:58,3.6
下游闸外水位,2023/10/22,14:34:58,3.6
上游闸内水位,2023/10/22,14:37:36,3.7
上游闸外水位,2023/10/22,14:37:36,3.7
上游闸内水位,2023/10/22,14:39:06,3.7
上游闸外水位,2023/10/22,14:39:06,3.7
内河侧水位,2023/10/22,15:00:00,3.7
长江侧水位,2023/10/22,15:00:00,3.6
上游闸内水位,2023/10/22,15:32:31,3.7
上游闸外水位,2023/10/22,15:32:31,3.7
下游闸内水位,2023/10/22,15:35:30,3.7
下游闸外水位,2023/10/22,15:35:30,3.6
下游闸内水位,2023/10/22,15:56:59,3.6
下游闸外水位,2023/10/22,15:56:59,3.5
上游闸内水位,2023/10/22,15:59:46,3.5
上游闸外水位,2023/10/22,15:59:46,3.7
内河侧水位,2023/10/22,16:00:00,3.6
长江侧水位,2023/10/22,16:00:00,3.5
上游闸内水位,2023/10/22,16:01:15,3.6
上游闸外水位,2023/10/22,16:01:15,3.6
内河侧水位,2023/10/22,22:00:00,4.1
长江侧水位,2023/10/22,22:00:00,4.3
上游闸内水位,2023/10/22,22:09:19,4.2
上游闸外水位,2023/10/22,22:09:19,4.1
下游闸内水位,2023/10/22,22:54:22,4.5
下游闸外水位,2023/10/22,22:54:22,4.4
上游闸内水位,2023/10/22,22:57:54,4.5
上游闸外水位,2023/10/22,22:57:54,4.3
上游闸内水位,2023/10/22,22:59:30,4.4
上游闸外水位,2023/10/22,22:59:30,4.3
内河侧水位,2023/10/22,23:00:00,4.3
长江侧水位,2023/10/22,23:00:00,4.5
上游闸内水位,2023/10/22,23:43:59,4.4
上游闸外水位,2023/10/22,23:43:59,4.4
下游闸内水位,2023/10/22,23:47:29,4.4
下游闸外水位,2023/10/22,23:47:29,4.5
下游闸内水位,2023/10/22,23:48:50,4.5
下游闸外水位,2023/10/22,23:48:50,4.5
上游闸内水位,2023/10/23,0:33:38,4.5
上游闸外水位,2023/10/23,0:33:38,4.4
上游闸内水位,2023/10/23,0:35:13,4.4
上游闸外水位,2023/10/23,0:35:13,4.4
内河侧水位,2023/10/23,1:00:00,4.4
长江侧水位,2023/10/23,1:00:00,4.4
上游闸内水位,2023/10/23,1:20:03,4.3
上游闸外水位,2023/10/23,1:20:03,4.3
下游闸内水位,2023/10/23,1:22:37,4.3
下游闸外水位,2023/10/23,1:22:37,4.3
下游闸内水位,2023/10/23,1:24:11,4.4
下游闸外水位,2023/10/23,1:24:11,4.3
下游闸内水位,2023/10/23,2:03:08,4.3
下游闸外水位,2023/10/23,2:03:08,4.2
上游闸内水位,2023/10/23,2:05:46,4.3
上游闸外水位,2023/10/23,2:05:46,4.2
上游闸内水位,2023/10/23,2:48:09,4.1
上游闸外水位,2023/10/23,2:48:09,4.1
下游闸内水位,2023/10/23,2:50:40,4.1
下游闸外水位,2023/10/23,2:50:40,4.1
下游闸内水位,2023/10/23,2:51:59,4.2
下游闸外水位,2023/10/23,2:51:59,4.1
下游闸内水位,2023/10/23,3:48:16,4.1
下游闸外水位,2023/10/23,3:48:16,4.0
上游闸内水位,2023/10/23,3:50:53,4.0
上游闸外水位,2023/10/23,3:50:53,3.9
上游闸内水位,2023/10/23,3:52:24,4.0
上游闸外水位,2023/10/23,3:52:24,4.0
内河侧水位,2023/10/23,4:00:00,3.9
长江侧水位,2023/10/23,4:00:00,4.0
上游闸内水位,2023/10/23,4:28:37,3.9
上游闸外水位,2023/10/23,4:28:37,3.8
下游闸内水位,2023/10/23,4:31:15,3.9
下游闸外水位,2023/10/23,4:31:15,3.9
下游闸内水位,2023/10/23,4:32:36,3.9
下游闸外水位,2023/10/23,4:32:36,3.9
内河侧水位,2023/10/23,5:00:00,3.8
长江侧水位,2023/10/23,5:00:00,3.9
下游闸内水位,2023/10/23,5:08:10,3.9
下游闸外水位,2023/10/23,5:08:10,3.8
上游闸内水位,2023/10/23,5:10:55,3.9
上游闸外水位,2023/10/23,5:10:55,3.8
上游闸内水位,2023/10/23,5:12:30,3.8
上游闸外水位,2023/10/23,5:12:30,3.8
上游闸内水位,2023/10/23,5:53:22,3.8
上游闸外水位,2023/10/23,5:53:22,3.8
下游闸内水位,2023/10/23,5:55:58,3.8
下游闸外水位,2023/10/23,5:55:58,3.7
下游闸内水位,2023/10/22,6:56:38,3.8
下游闸外水位,2023/10/22,6:56:38,3.5
下游闸内水位,2023/10/22,6:58:15,3.7
下游闸外水位,2023/10/22,6:58:15,3.5
上游闸内水位,2023/10/22,9:38:26,3.9
上游闸外水位,2023/10/22,9:38:26,3.7
上游闸内水位,2023/10/22,19:15:50,3.4
上游闸外水位,2023/10/22,19:15:50,3.7
上游闸内水位,2023/10/22,20:32:10,3.7
上游闸外水位,2023/10/22,20:32:10,3.7
下游闸内水位,2023/10/22,20:35:03,3.7
下游闸外水位,2023/10/22,20:35:03,3.8
下游闸内水位,2023/10/22,20:38:06,3.9
下游闸外水位,2023/10/22,20:38:06,3.8
下游闸内水位,2023/10/22,22:12:18,4.2
下游闸外水位,2023/10/22,22:12:18,4.3
下游闸内水位,2023/10/22,22:13:39,4.3
下游闸外水位,2023/10/22,22:13:39,4.3
内河侧水位,2023/10/23,0:00:00,4.4
长江侧水位,2023/10/23,0:00:00,4.5
下游闸内水位,2023/10/23,0:28:49,4.5
下游闸外水位,2023/10/23,0:28:49,4.5
内河侧水位,2023/10/23,2:00:00,4.2
长江侧水位,2023/10/23,2:00:00,4.2
内河侧水位,2023/10/23,3:00:00,4.1
长江侧水位,2023/10/23,3:00:00,4.1
下游闸内水位,2023/10/23,9:52:51,3.5
下游闸外水位,2023/10/23,9:52:51,3.5
上游闸内水位,2023/10/23,9:56:12,3.5
上游闸外水位,2023/10/23,9:56:12,3.7
上游闸内水位,2023/10/23,9:57:57,3.7
上游闸外水位,2023/10/23,9:57:57,3.7
内河侧水位,2023/10/23,10:00:00,3.8
长江侧水位,2023/10/23,10:00:00,3.5
上游闸内水位,2023/10/23,10:30:36,3.7
上游闸外水位,2023/10/23,10:30:36,3.7
下游闸内水位,2023/10/23,10:35:55,3.8
下游闸外水位,2023/10/23,10:35:55,3.5
下游闸内水位,2023/10/23,10:37:41,3.6
下游闸外水位,2023/10/23,10:37:41,3.5
下游闸内水位,2023/10/23,11:05:27,3.6
下游闸外水位,2023/10/23,11:05:27,3.6
上游闸内水位,2023/10/23,11:08:39,3.6
上游闸外水位,2023/10/23,11:08:39,3.7
上游闸内水位,2023/10/23,11:10:18,3.7
上游闸外水位,2023/10/23,11:10:18,3.7
上游闸内水位,2023/10/23,11:38:57,3.7
上游闸外水位,2023/10/23,11:38:57,3.7
下游闸内水位,2023/10/23,11:41:48,3.7
下游闸外水位,2023/10/23,11:41:48,3.6
下游闸内水位,2023/10/23,11:43:09,3.7
下游闸外水位,2023/10/23,11:43:09,3.7
下游闸内水位,2023/10/23,12:11:02,3.8
下游闸外水位,2023/10/23,12:11:02,3.8
上游闸内水位,2023/10/23,12:14:01,3.8
上游闸外水位,2023/10/23,12:14:01,3.7
上游闸内水位,2023/10/23,12:15:44,3.7
上游闸外水位,2023/10/23,12:15:44,3.7
上游闸内水位,2023/10/23,12:47:13,3.7
上游闸外水位,2023/10/23,12:47:13,3.7
下游闸内水位,2023/10/23,12:49:51,3.7
下游闸外水位,2023/10/23,12:49:51,3.8
下游闸内水位,2023/10/23,12:52:34,3.8
下游闸外水位,2023/10/23,12:52:34,3.7
内河侧水位,2023/10/23,13:00:00,3.7
长江侧水位,2023/10/23,13:00:00,3.8
下游闸内水位,2023/10/23,13:11:58,3.8
下游闸外水位,2023/10/23,13:11:58,3.8
上游闸内水位,2023/10/23,13:17:25,3.7
上游闸外水位,2023/10/23,13:17:25,3.7
上游闸内水位,2023/10/23,13:19:07,3.7
上游闸外水位,2023/10/23,13:19:07,3.7
上游闸内水位,2023/10/23,13:42:35,3.7
上游闸外水位,2023/10/23,13:42:35,3.7
下游闸内水位,2023/10/23,13:47:18,3.7
下游闸外水位,2023/10/23,13:47:18,3.7
下游闸内水位,2023/10/23,13:49:09,3.8
下游闸外水位,2023/10/23,13:49:09,3.7
内河侧水位,2023/10/23,14:00:00,3.7
长江侧水位,2023/10/23,14:00:00,3.7
下游闸内水位,2023/10/23,14:20:26,3.8
下游闸外水位,2023/10/23,14:20:26,3.7
上游闸内水位,2023/10/23,14:23:10,3.8
上游闸外水位,2023/10/23,14:23:10,3.7
下游闸内水位,2023/10/23,14:39:22,3.8
下游闸外水位,2023/10/23,14:39:22,3.7
内河侧水位,2023/10/23,15:00:00,3.7
下游闸内水位,2023/10/22,17:46:55,3.7
下游闸外水位,2023/10/22,17:46:55,3.4
下游闸内水位,2023/10/22,17:48:48,3.5
下游闸外水位,2023/10/22,17:48:48,3.4
内河侧水位,2023/10/22,18:00:00,3.7
长江侧水位,2023/10/22,18:00:00,3.4
下游闸内水位,2023/10/22,18:22:51,3.4
下游闸外水位,2023/10/22,18:22:51,3.4
上游闸内水位,2023/10/22,18:25:30,3.4
上游闸外水位,2023/10/22,18:25:30,3.7
上游闸内水位,2023/10/22,18:27:01,3.6
上游闸外水位,2023/10/22,18:27:01,3.6
上游闸内水位,2023/10/22,18:50:33,3.7
上游闸外水位,2023/10/22,18:50:33,3.7
下游闸内水位,2023/10/22,18:53:06,3.7
下游闸外水位,2023/10/22,18:53:06,3.4
下游闸内水位,2023/10/22,18:55:04,3.5
下游闸外水位,2023/10/22,18:55:04,3.4
内河侧水位,2023/10/22,19:00:00,3.7
长江侧水位,2023/10/22,19:00:00,3.4
下游闸内水位,2023/10/22,19:12:30,3.4
下游闸外水位,2023/10/22,19:12:30,3.4
上游闸内水位,2023/10/22,19:17:31,3.6
上游闸外水位,2023/10/22,19:17:31,3.6
上游闸内水位,2023/10/22,19:28:00,3.7
上游闸外水位,2023/10/22,19:28:00,3.6
下游闸内水位,2023/10/22,19:30:31,3.7
下游闸外水位,2023/10/22,19:30:31,3.4
下游闸内水位,2023/10/22,19:42:03,3.5
下游闸外水位,2023/10/22,19:42:03,3.4
内河侧水位,2023/10/22,20:00:00,3.6
长江侧水位,2023/10/22,20:00:00,3.5
下游闸内水位,2023/10/22,20:08:51,3.6
下游闸外水位,2023/10/22,20:08:51,3.6
上游闸内水位,2023/10/22,20:11:25,3.7
上游闸外水位,2023/10/22,20:11:25,3.6
上游闸内水位,2023/10/22,20:12:52,3.7
上游闸外水位,2023/10/22,20:12:52,3.7
内河侧水位,2023/10/22,21:00:00,3.8
长江侧水位,2023/10/22,21:00:00,3.9
下游闸内水位,2023/10/22,21:12:10,4.1
下游闸外水位,2023/10/22,21:12:10,4.0
上游闸内水位,2023/10/22,21:15:02,4.1
上游闸外水位,2023/10/22,21:15:02,3.9
上游闸内水位,2023/10/22,21:16:36,4.0
上游闸外水位,2023/10/22,21:16:36,3.9
内河侧水位,2023/10/23,11:00:00,3.7
长江侧水位,2023/10/23,11:00:00,3.6
内河侧水位,2023/10/23,12:00:00,3.7
长江侧水位,2023/10/23,12:00:00,3.7
长江侧水位,2023/10/23,15:00:00,3.6
内河侧水位,2023/10/23,16:00:00,3.6
长江侧水位,2023/10/23,16:00:00,3.6
上游闸内水位,2023/10/23,16:41:49,3.6
上游闸外水位,2023/10/23,16:41:49,3.6
内河侧水位,2023/10/23,17:00:00,3.6
长江侧水位,2023/10/23,17:00:00,3.6
下游闸内水位,2023/10/23,17:08:45,3.6
下游闸外水位,2023/10/23,17:08:45,3.4
上游闸内水位,2023/10/23,17:11:30,3.6
上游闸外水位,2023/10/23,17:11:30,3.6
上游闸内水位,2023/10/23,17:13:44,3.7
上游闸外水位,2023/10/23,17:13:44,3.7
上游闸内水位,2023/10/23,17:38:45,3.7
上游闸外水位,2023/10/23,17:38:45,3.6
下游闸内水位,2023/10/23,17:41:42,3.7
下游闸外水位,2023/10/23,17:41:42,3.5
下游闸内水位,2023/10/23,17:43:01,3.6
下游闸外水位,2023/10/23,17:43:01,3.5
内河侧水位,2023/10/23,18:00:00,3.6
长江侧水位,2023/10/23,18:00:00,3.5
下游闸内水位,2023/10/23,18:21:59,3.6
下游闸外水位,2023/10/23,18:21:59,3.5
上游闸内水位,2023/10/23,18:24:40,3.6
上游闸外水位,2023/10/23,18:24:40,3.7
上游闸内水位,2023/10/23,18:26:08,3.6
上游闸外水位,2023/10/23,18:26:08,3.6
内河侧水位,2023/10/23,19:00:00,3.6
长江侧水位,2023/10/23,19:00:00,3.5
上游闸内水位,2023/10/23,19:10:44,3.7
上游闸外水位,2023/10/23,19:10:44,3.7
下游闸内水位,2023/10/23,19:13:23,3.7
下游闸外水位,2023/10/23,19:13:23,3.4
下游闸内水位,2023/10/23,19:15:03,3.6
下游闸外水位,2023/10/23,19:15:03,3.5
内河侧水位,2023/10/23,20:00:00,3.6
长江侧水位,2023/10/23,20:00:00,3.4
下游闸内水位,2023/10/23,5:57:19,3.8
下游闸外水位,2023/10/23,5:57:19,3.7
内河侧水位,2023/10/23,6:00:00,3.8
长江侧水位,2023/10/23,6:00:00,3.7
下游闸内水位,2023/10/23,6:34:32,3.7
下游闸外水位,2023/10/23,6:34:32,3.7
上游闸内水位,2023/10/23,6:37:09,3.7
上游闸外水位,2023/10/23,6:37:09,3.7
上游闸内水位,2023/10/23,6:38:51,3.8
上游闸外水位,2023/10/23,6:38:51,3.7
内河侧水位,2023/10/23,7:00:00,3.7
长江侧水位,2023/10/23,7:00:00,3.6
上游闸内水位,2023/10/23,7:13:15,3.8
上游闸外水位,2023/10/23,7:13:15,3.7
下游闸内水位,2023/10/23,7:15:59,3.8
下游闸外水位,2023/10/23,7:15:59,3.5
下游闸内水位,2023/10/23,7:51:56,3.6
下游闸外水位,2023/10/23,7:51:56,3.5
上游闸内水位,2023/10/23,7:54:34,3.6
上游闸外水位,2023/10/23,7:54:34,3.7
上游闸内水位,2023/10/23,7:56:07,3.7
上游闸外水位,2023/10/23,7:56:07,3.7
内河侧水位,2023/10/23,8:00:00,3.7
长江侧水位,2023/10/23,8:00:00,3.5
上游闸内水位,2023/10/23,8:15:45,3.8
上游闸外水位,2023/10/23,8:15:45,3.7
上游闸内水位,2023/10/23,8:16:14,3.7
上游闸外水位,2023/10/23,8:16:14,3.7
下游闸内水位,2023/10/23,8:18:38,3.8
下游闸外水位,2023/10/23,8:18:38,3.5
下游闸内水位,2023/10/23,8:19:58,3.7
下游闸外水位,2023/10/23,8:19:58,3.6
下游闸内水位,2023/10/23,8:33:52,3.6
下游闸外水位,2023/10/23,8:33:52,3.5
上游闸内水位,2023/10/23,8:36:27,3.6
上游闸外水位,2023/10/23,8:36:27,3.7
上游闸内水位,2023/10/23,8:38:34,3.8
上游闸外水位,2023/10/23,8:38:34,3.7
内河侧水位,2023/10/23,9:00:00,3.7
长江侧水位,2023/10/23,9:00:00,3.5
上游闸内水位,2023/10/23,9:10:14,3.8
上游闸外水位,2023/10/23,9:10:14,3.7
下游闸内水位,2023/10/23,9:12:49,3.8
下游闸外水位,2023/10/23,9:12:49,3.5
下游闸内水位,2023/10/23,9:16:03,3.5
下游闸外水位,2023/10/23,9:16:03,3.5
下游闸内水位,2023/10/23,20:59:28,3.5
下游闸外水位,2023/10/23,20:59:28,3.4
内河侧水位,2023/10/23,21:00:00,3.6
长江侧水位,2023/10/23,21:00:00,3.4
上游闸内水位,2023/10/23,22:57:39,3.8
上游闸外水位,2023/10/23,22:57:39,3.8
下游闸内水位,2023/10/23,22:59:38,3.8
下游闸外水位,2023/10/23,22:59:38,3.8
内河侧水位,2023/10/23,23:00:00,3.8
长江侧水位,2023/10/23,23:00:00,3.8
下游闸内水位,2023/10/23,23:45:48,4.1
下游闸外水位,2023/10/23,23:45:48,4.0
下游闸内水位,2023/10/23,23:49:09,4.1
下游闸外水位,2023/10/23,23:49:09,4.1
下游闸内水位,2023/10/23,23:49:28,4.1
下游闸外水位,2023/10/23,23:49:28,4.1
上游闸内水位,2023/10/23,23:49:29,4.1
上游闸外水位,2023/10/23,23:49:29,4.0
内河侧水位,2023/10/24,0:00:00,4.0
长江侧水位,2023/10/24,0:00:00,4.1
上游闸内水位,2023/10/24,0:36:06,4.2
上游闸外水位,2023/10/24,0:36:06,4.1
下游闸内水位,2023/10/24,0:38:47,4.2
下游闸外水位,2023/10/24,0:38:47,4.3
内河侧水位,2023/10/24,1:00:00,4.2
长江侧水位,2023/10/24,1:00:00,4.3
下游闸内水位,2023/10/24,1:14:37,4.4
下游闸外水位,2023/10/24,1:14:37,4.3
上游闸内水位,2023/10/24,1:17:13,4.4
上游闸外水位,2023/10/24,1:17:13,4.2
上游闸内水位,2023/10/24,1:18:44,4.3
上游闸外水位,2023/10/24,1:18:44,4.3
上游闸内水位,2023/10/24,1:54:29,4.3
上游闸外水位,2023/10/24,1:54:29,4.3
下游闸内水位,2023/10/24,1:58:24,4.3
下游闸外水位,2023/10/24,1:58:24,4.3
下游闸内水位,2023/10/24,1:59:46,4.4
下游闸外水位,2023/10/24,1:59:46,4.3
内河侧水位,2023/10/24,2:00:00,4.3
长江侧水位,2023/10/24,2:00:00,4.3
下游闸内水位,2023/10/24,2:41:22,4.4
下游闸内水位,2023/10/23,20:04:41,3.5
下游闸外水位,2023/10/23,20:04:41,3.4
上游闸内水位,2023/10/23,20:08:42,3.5
上游闸外水位,2023/10/23,20:08:42,3.6
上游闸内水位,2023/10/23,20:10:17,3.6
上游闸外水位,2023/10/23,20:10:17,3.6
上游闸内水位,2023/10/23,20:53:24,3.6
上游闸外水位,2023/10/23,20:53:24,3.6
下游闸内水位,2023/10/23,20:55:59,3.7
下游闸外水位,2023/10/23,20:55:59,3.4
下游闸内水位,2023/10/23,21:59:54,3.6
下游闸外水位,2023/10/23,21:59:54,3.5
内河侧水位,2023/10/23,22:00:00,3.6
长江侧水位,2023/10/23,22:00:00,3.5
上游闸内水位,2023/10/23,22:01:59,3.6
上游闸外水位,2023/10/23,22:01:59,3.6
下游闸外水位,2023/10/24,2:41:22,4.3
上游闸内水位,2023/10/24,2:44:30,4.3
上游闸外水位,2023/10/24,2:44:30,4.2
上游闸内水位,2023/10/24,2:46:05,4.3
上游闸外水位,2023/10/24,2:46:05,4.2
内河侧水位,2023/10/24,3:00:00,4.2
长江侧水位,2023/10/24,3:00:00,4.2
上游闸内水位,2023/10/24,3:27:45,4.2
上游闸外水位,2023/10/24,3:27:45,4.2
下游闸内水位,2023/10/24,3:30:45,4.2
下游闸外水位,2023/10/24,3:30:45,4.2
下游闸内水位,2023/10/24,3:32:10,4.2
下游闸外水位,2023/10/24,3:32:10,4.1
内河侧水位,2023/10/24,4:00:00,4.1
长江侧水位,2023/10/24,4:00:00,4.1
下游闸内水位,2023/10/24,4:08:42,4.1
下游闸外水位,2023/10/24,4:08:42,4.1
上游闸内水位,2023/10/24,4:11:28,4.1
上游闸外水位,2023/10/24,4:11:28,4.1
上游闸内水位,2023/10/24,4:13:04,4.1
上游闸外水位,2023/10/24,4:13:04,4.1
上游闸内水位,2023/10/24,4:48:25,4.0
上游闸外水位,2023/10/24,4:48:25,4.0
下游闸内水位,2023/10/24,4:51:15,4.0
下游闸外水位,2023/10/24,4:51:15,4.0
下游闸内水位,2023/10/24,4:52:50,4.1
下游闸外水位,2023/10/24,4:52:50,4.0
内河侧水位,2023/10/24,5:00:00,3.9
长江侧水位,2023/10/24,5:00:00,3.9
下游闸内水位,2023/10/24,5:29:43,4.0
下游闸外水位,2023/10/24,5:29:43,3.9
上游闸内水位,2023/10/24,5:32:19,3.9
上游闸外水位,2023/10/24,5:32:19,3.8
上游闸内水位,2023/10/24,5:33:49,3.9
上游闸外水位,2023/10/24,5:33:49,3.8
内河侧水位,2023/10/24,6:00:00,3.8
长江侧水位,2023/10/24,6:00:00,3.8
上游闸内水位,2023/10/24,6:11:20,3.8
上游闸外水位,2023/10/24,6:11:20,3.8
下游闸内水位,2023/10/24,6:13:52,3.8
下游闸外水位,2023/10/24,6:13:52,3.8
下游闸内水位,2023/10/24,6:45:37,3.8
下游闸外水位,2023/10/24,6:45:37,3.7
上游闸内水位,2023/10/24,6:48:58,3.8
上游闸外水位,2023/10/24,6:48:58,3.7
上游闸内水位,2023/10/24,6:50:30,3.8
上游闸外水位,2023/10/24,6:50:30,3.7
内河侧水位,2023/10/24,7:00:00,3.8
长江侧水位,2023/10/24,7:00:00,3.7
上游闸内水位,2023/10/24,7:17:18,3.7
上游闸外水位,2023/10/24,7:17:18,3.7
下游闸内水位,2023/10/24,7:19:49,3.8
下游闸外水位,2023/10/24,7:19:49,3.7
下游闸内水位,2023/10/24,7:22:21,3.7
下游闸外水位,2023/10/24,7:22:21,3.7
下游闸内水位,2023/10/24,7:50:47,3.7
下游闸外水位,2023/10/24,7:50:47,3.6
上游闸内水位,2023/10/24,7:53:36,3.7
上游闸外水位,2023/10/24,7:53:36,3.7
上游闸内水位,2023/10/24,7:55:06,3.7
上游闸外水位,2023/10/24,7:55:06,3.7
内河侧水位,2023/10/24,8:00:00,3.7
长江侧水位,2023/10/24,8:00:00,3.6
上游闸内水位,2023/10/24,8:19:01,3.7
上游闸外水位,2023/10/24,8:19:01,3.7
下游闸内水位,2023/10/24,8:21:35,3.7
下游闸外水位,2023/10/24,8:21:35,3.5
上游闸内水位,2023/10/24,8:33:31,3.6
上游闸外水位,2023/10/24,8:33:31,3.7
内河侧水位,2023/10/24,9:00:00,3.5
长江侧水位,2023/10/24,9:00:00,3.5
下游闸内水位,2023/10/24,9:57:22,3.5
下游闸外水位,2023/10/24,9:57:22,3.4
内河侧水位,2023/10/24,10:00:00,3.5
长江侧水位,2023/10/24,10:00:00,3.3
下游闸内水位,2023/10/24,10:17:51,3.6
下游闸外水位,2023/10/24,10:17:51,3.3
内河侧水位,2023/10/24,11:00:00,3.2
长江侧水位,2023/10/24,11:00:00,3.3
内河侧水位,2023/10/24,12:00:00,3.4
长江侧水位,2023/10/24,12:00:00,3.4
内河侧水位,2023/10/24,13:00:00,3.6
长江侧水位,2023/10/24,13:00:00,3.5
内河侧水位,2023/10/24,14:00:00,3.7
长江侧水位,2023/10/24,14:00:00,3.7
内河侧水位,2023/10/24,15:00:00,3.8
长江侧水位,2023/10/24,15:00:00,3.8
内河侧水位,2023/10/24,16:00:00,3.9
长江侧水位,2023/10/24,16:00:00,3.8
内河侧水位,2023/10/24,17:00:00,3.8
长江侧水位,2023/10/24,17:00:00,3.7
内河侧水位,2023/10/24,18:00:00,3.6
长江侧水位,2023/10/24,18:00:00,3.6
内河侧水位,2023/10/24,19:00:00,3.6
长江侧水位,2023/10/24,19:00:00,3.6
下游闸内水位,2023/10/24,19:27:36,3.6
下游闸外水位,2023/10/24,19:27:36,3.5
内河侧水位,2023/10/24,20:00:00,3.5
长江侧水位,2023/10/24,20:00:00,3.5
下游闸内水位,2023/10/24,20:59:30,3.5
下游闸外水位,2023/10/24,20:59:30,3.4
内河侧水位,2023/10/24,21:00:00,3.4
长江侧水位,2023/10/24,21:00:00,3.4
上游闸内水位,2023/10/24,21:03:16,3.6
上游闸外水位,2023/10/24,21:03:16,3.5
下游闸内水位,2023/10/24,21:05:46,3.6
下游闸外水位,2023/10/24,21:05:46,3.4
上游闸内水位,2023/10/24,21:41:01,3.4
上游闸外水位,2023/10/24,21:41:01,3.5
上游闸内水位,2023/10/24,21:42:33,3.5
上游闸外水位,2023/10/24,21:42:33,3.5
内河侧水位,2023/10/24,22:00:00,3.6
长江侧水位,2023/10/24,22:00:00,3.3
上游闸内水位,2023/10/24,22:19:30,3.6
上游闸外水位,2023/10/24,22:19:30,3.5
下游闸内水位,2023/10/24,22:22:05,3.6
下游闸外水位,2023/10/24,22:22:05,3.3
下游闸内水位,2023/10/24,22:37:47,3.3
下游闸外水位,2023/10/24,22:37:47,3.3
上游闸内水位,2023/10/24,22:40:26,3.3
上游闸外水位,2023/10/24,22:40:26,3.5
上游闸内水位,2023/10/24,22:41:57,3.5
上游闸外水位,2023/10/24,22:41:57,3.5
内河侧水位,2023/10/24,23:00:00,3.6
长江侧水位,2023/10/24,23:00:00,3.3
上游闸内水位,2023/10/24,23:02:03,3.6
上游闸外水位,2023/10/24,23:02:03,3.5
下游闸内水位,2023/10/24,23:15:36,3.4
下游闸外水位,2023/10/24,23:15:36,3.3
上游闸内水位,2023/10/24,23:19:53,3.5
上游闸外水位,2023/10/24,23:19:53,3.5
上游闸内水位,2023/10/24,23:30:05,3.6
上游闸外水位,2023/10/24,23:30:05,3.5
下游闸内水位,2023/10/24,23:32:44,3.6
下游闸外水位,2023/10/24,23:32:44,3.3
下游闸内水位,2023/10/24,23:34:02,3.5
下游闸外水位,2023/10/24,23:34:02,3.3
内河侧水位,2023/10/25,0:00:00,3.6
长江侧水位,2023/10/25,0:00:00,3.4
下游闸内水位,2023/10/25,0:22:35,3.6
下游闸外水位,2023/10/25,0:22:35,3.5
上游闸内水位,2023/10/25,0:25:15,3.6
上游闸外水位,2023/10/25,0:25:15,3.6
上游闸内水位,2023/10/25,0:26:48,3.6
上游闸外水位,2023/10/25,0:26:48,3.6
内河侧水位,2023/10/25,1:00:00,3.8
长江侧水位,2023/10/25,1:00:00,3.9
上游闸内水位,2023/10/25,1:09:35,3.9
上游闸外水位,2023/10/25,1:09:35,3.8
下游闸内水位,2023/10/25,1:12:33,3.9
下游闸外水位,2023/10/25,1:12:33,4.0
下游闸内水位,2023/10/25,1:51:39,4.3
下游闸外水位,2023/10/25,1:51:39,4.3
上游闸内水位,2023/10/25,1:55:04,4.3
上游闸外水位,2023/10/25,1:55:04,4.1
上游闸内水位,2023/10/25,1:56:37,4.2
上游闸外水位,2023/10/25,1:56:37,4.1
内河侧水位,2023/10/25,2:00:00,4.1
下游闸内水位,2023/10/24,21:38:11,3.4
下游闸外水位,2023/10/24,21:38:11,3.3
上游闸内水位,2023/10/24,23:18:21,3.3
上游闸外水位,2023/10/24,23:18:21,3.6
下游闸内水位,2023/10/25,2:43:28,4.5
下游闸外水位,2023/10/25,2:43:28,4.5
下游闸内水位,2023/10/25,6:28:34,4.0
下游闸外水位,2023/10/25,6:28:34,4.0
下游闸内水位,2023/10/25,11:57:04,3.2
下游闸外水位,2023/10/25,11:57:04,3.2
内河侧水位,2023/10/25,12:00:00,3.2
长江侧水位,2023/10/25,12:00:00,3.3
内河侧水位,2023/10/25,13:00:00,3.2
长江侧水位,2023/10/25,13:00:00,3.3
内河侧水位,2023/10/25,14:00:00,3.6
长江侧水位,2023/10/25,14:00:00,3.6
上游闸内水位,2023/10/25,14:46:10,4.0
上游闸外水位,2023/10/25,14:46:10,3.8
内河侧水位,2023/10/25,15:00:00,3.8
长江侧水位,2023/10/25,15:00:00,4.0
下游闸内水位,2023/10/25,15:13:17,4.2
下游闸外水位,2023/10/25,15:13:17,4.2
上游闸内水位,2023/10/25,15:15:56,4.2
上游闸外水位,2023/10/25,15:15:56,3.7
上游闸内水位,2023/10/25,15:18:20,3.9
上游闸外水位,2023/10/25,15:18:20,3.7
上游闸内水位,2023/10/25,15:32:36,3.8
上游闸外水位,2023/10/25,15:32:36,3.6
下游闸内水位,2023/10/25,15:35:09,3.8
下游闸外水位,2023/10/25,15:35:09,4.1
下游闸内水位,2023/10/25,15:36:39,4.0
下游闸外水位,2023/10/25,15:36:39,4.2
下游闸内水位,2023/10/25,15:55:51,4.4
下游闸外水位,2023/10/25,15:55:51,4.4
上游闸内水位,2023/10/25,15:58:28,4.3
上游闸外水位,2023/10/25,15:58:28,3.7
内河侧水位,2023/10/25,16:00:00,3.6
长江侧水位,2023/10/25,16:00:00,4.3
上游闸内水位,2023/10/25,16:01:05,3.8
上游闸外水位,2023/10/25,16:01:05,3.7
上游闸内水位,2023/10/25,16:14:26,3.7
上游闸外水位,2023/10/25,16:14:26,3.7
下游闸内水位,2023/10/25,16:16:57,3.8
下游闸外水位,2023/10/25,16:16:57,4.3
下游闸内水位,2023/10/25,16:19:07,4.2
下游闸外水位,2023/10/25,16:19:07,4.3
下游闸内水位,2023/10/25,16:41:55,4.3
下游闸外水位,2023/10/25,16:41:55,4.3
上游闸内水位,2023/10/25,16:44:30,4.3
上游闸外水位,2023/10/25,16:44:30,3.7
上游闸内水位,2023/10/25,16:47:09,3.8
上游闸外水位,2023/10/25,16:47:09,3.7
内河侧水位,2023/10/25,17:00:00,3.7
长江侧水位,2023/10/25,17:00:00,4.2
上游闸内水位,2023/10/25,17:05:18,3.7
上游闸外水位,2023/10/25,17:05:18,3.7
下游闸内水位,2023/10/25,17:07:54,3.7
下游闸外水位,2023/10/25,17:07:54,4.2
下游闸内水位,2023/10/25,17:09:44,4.1
下游闸外水位,2023/10/25,17:09:44,4.2
下游闸内水位,2023/10/25,17:30:42,4.2
下游闸外水位,2023/10/25,17:30:42,4.1
上游闸内水位,2023/10/25,17:33:59,4.2
上游闸外水位,2023/10/25,17:33:59,3.7
上游闸内水位,2023/10/25,17:36:17,3.8
上游闸外水位,2023/10/25,17:36:17,3.7
内河侧水位,2023/10/25,18:00:00,3.6
长江侧水位,2023/10/25,18:00:00,4.1
上游闸内水位,2023/10/25,18:16:02,3.7
上游闸外水位,2023/10/25,18:16:02,3.7
下游闸内水位,2023/10/25,18:18:52,3.7
下游闸外水位,2023/10/25,18:18:52,4.0
下游闸内水位,2023/10/25,18:43:41,4.0
下游闸外水位,2023/10/25,18:43:41,3.9
上游闸内水位,2023/10/25,18:46:15,4.0
上游闸外水位,2023/10/25,18:46:15,3.7
上游闸内水位,2023/10/25,18:59:46,3.7
上游闸外水位,2023/10/25,18:59:46,3.7
内河侧水位,2023/10/25,19:00:00,3.7
长江侧水位,2023/10/25,19:00:00,3.9
下游闸内水位,2023/10/25,19:02:17,3.7
下游闸外水位,2023/10/25,19:02:17,3.9
下游闸内水位,2023/10/25,19:03:40,3.8
下游闸外水位,2023/10/25,19:03:40,3.8
下游闸内水位,2023/10/25,19:34:09,3.9
下游闸外水位,2023/10/25,19:34:09,3.8
上游闸内水位,2023/10/25,19:36:57,3.8
下游闸内水位,2023/10/24,23:04:41,3.6
下游闸外水位,2023/10/24,23:04:41,3.3
下游闸内水位,2023/10/24,23:06:12,3.5
下游闸外水位,2023/10/24,23:06:12,3.3
上游闸内水位,2023/10/25,21:29:18,3.6
上游闸外水位,2023/10/25,21:29:18,3.6
上游闸内水位,2023/10/25,23:24:24,3.6
上游闸外水位,2023/10/25,23:24:24,3.6
上游闸内水位,2023/10/26,4:55:30,4.6
上游闸外水位,2023/10/26,4:55:30,4.6
下游闸内水位,2023/10/26,4:58:16,4.7
下游闸外水位,2023/10/26,4:58:16,4.7
下游闸内水位,2023/10/26,4:59:40,4.7
下游闸外水位,2023/10/26,4:59:40,4.7
下游闸内水位,2023/10/26,10:33:03,3.6
下游闸外水位,2023/10/26,10:33:03,3.5
上游闸内水位,2023/10/26,10:35:43,3.7
上游闸外水位,2023/10/26,10:35:43,3.7
上游闸内水位,2023/10/26,10:37:13,3.7
上游闸外水位,2023/10/26,10:37:13,3.7
内河侧水位,2023/10/26,11:00:00,3.7
长江侧水位,2023/10/26,11:00:00,3.5
上游闸内水位,2023/10/26,11:05:08,3.7
上游闸外水位,2023/10/26,11:05:08,3.7
下游闸内水位,2023/10/26,11:07:55,3.8
下游闸外水位,2023/10/26,11:07:55,3.4
下游闸内水位,2023/10/26,11:09:28,3.6
下游闸外水位,2023/10/26,11:09:28,3.5
下游闸内水位,2023/10/26,11:33:49,3.5
下游闸外水位,2023/10/26,11:33:49,3.4
上游闸内水位,2023/10/26,11:36:54,3.5
上游闸外水位,2023/10/26,11:36:54,3.7
上游闸内水位,2023/10/26,11:40:49,3.8
上游闸外水位,2023/10/26,11:40:49,3.7
内河侧水位,2023/10/26,12:00:00,3.7
长江侧水位,2023/10/26,12:00:00,3.4
上游闸内水位,2023/10/26,12:09:33,3.7
上游闸外水位,2023/10/26,12:09:33,3.7
下游闸内水位,2023/10/26,12:12:28,3.8
下游闸外水位,2023/10/26,12:12:28,3.3
下游闸内水位,2023/10/26,12:15:05,3.4
下游闸外水位,2023/10/26,12:15:05,3.3
下游闸内水位,2023/10/26,12:52:39,3.4
下游闸外水位,2023/10/26,12:52:39,3.3
上游闸内水位,2023/10/26,12:55:13,3.4
上游闸外水位,2023/10/26,12:55:13,3.7
内河侧水位,2023/10/26,13:00:00,3.7
长江侧水位,2023/10/26,13:00:00,3.3
上游闸内水位,2023/10/26,13:29:26,3.7
上游闸外水位,2023/10/26,13:29:26,3.7
下游闸内水位,2023/10/26,13:32:09,3.8
下游闸外水位,2023/10/26,13:32:09,3.2
下游闸内水位,2023/10/26,13:34:39,3.4
下游闸外水位,2023/10/26,13:34:39,3.2
内河侧水位,2023/10/26,14:00:00,3.7
长江侧水位,2023/10/26,14:00:00,3.4
下游闸内水位,2023/10/26,14:08:18,3.5
下游闸外水位,2023/10/26,14:08:18,3.4
上游闸内水位,2023/10/26,14:11:08,3.6
上游闸外水位,2023/10/26,14:11:08,3.7
上游闸内水位,2023/10/26,14:12:34,3.7
上游闸外水位,2023/10/26,14:12:34,3.7
下游闸内水位,2023/10/26,14:24:48,3.7
下游闸外水位,2023/10/26,14:24:48,3.7
内河侧水位,2023/10/26,15:00:00,4.0
长江侧水位,2023/10/26,15:00:00,4.0
内河侧水位,2023/10/26,16:00:00,4.3
长江侧水位,2023/10/26,16:00:00,4.4
下游闸内水位,2023/10/26,16:14:44,4.5
下游闸外水位,2023/10/26,16:14:44,4.4
内河侧水位,2023/10/26,17:00:00,4.5
长江侧水位,2023/10/26,17:00:00,4.6
上游闸内水位,2023/10/26,17:02:56,4.5
上游闸外水位,2023/10/26,17:02:56,4.5
下游闸内水位,2023/10/26,17:05:47,4.5
下游闸外水位,2023/10/26,17:05:47,4.6
下游闸内水位,2023/10/26,17:10:17,4.6
下游闸外水位,2023/10/26,17:10:17,4.6
下游闸内水位,2023/10/26,17:44:36,4.5
下游闸外水位,2023/10/26,17:44:36,4.5
上游闸内水位,2023/10/26,17:47:15,4.5
上游闸外水位,2023/10/26,17:47:15,4.5
上游闸内水位,2023/10/26,17:48:43,4.5
上游闸外水位,2023/10/26,17:48:43,4.4
内河侧水位,2023/10/26,18:00:00,4.4
长江侧水位,2023/10/26,18:00:00,4.4
上游闸内水位,2023/10/26,18:22:47,4.4
长江侧水位,2023/10/25,2:00:00,4.3
上游闸内水位,2023/10/25,2:39:14,4.3
上游闸外水位,2023/10/25,2:39:14,4.3
下游闸内水位,2023/10/25,2:41:49,4.4
下游闸外水位,2023/10/25,2:41:49,4.5
内河侧水位,2023/10/25,3:00:00,4.4
长江侧水位,2023/10/25,3:00:00,4.5
下游闸内水位,2023/10/25,3:22:12,4.6
下游闸外水位,2023/10/25,3:22:12,4.5
上游闸内水位,2023/10/25,3:26:34,4.6
上游闸外水位,2023/10/25,3:26:34,4.4
上游闸内水位,2023/10/25,3:28:05,4.5
上游闸外水位,2023/10/25,3:28:05,4.4
内河侧水位,2023/10/25,4:00:00,4.4
长江侧水位,2023/10/25,4:00:00,4.5
上游闸内水位,2023/10/25,4:05:26,4.4
上游闸外水位,2023/10/25,4:05:26,4.4
下游闸内水位,2023/10/25,4:07:58,4.4
下游闸外水位,2023/10/25,4:07:58,4.4
下游闸内水位,2023/10/25,4:48:48,4.4
下游闸外水位,2023/10/25,4:48:48,4.3
上游闸内水位,2023/10/25,4:51:22,4.3
上游闸外水位,2023/10/25,4:51:22,4.3
上游闸内水位,2023/10/25,4:52:54,4.3
上游闸外水位,2023/10/25,4:52:54,4.3
内河侧水位,2023/10/25,5:00:00,4.2
长江侧水位,2023/10/25,5:00:00,4.2
上游闸内水位,2023/10/25,5:30:11,4.2
上游闸外水位,2023/10/25,5:30:11,4.2
下游闸内水位,2023/10/25,5:32:47,4.2
下游闸外水位,2023/10/25,5:32:47,4.1
内河侧水位,2023/10/25,6:00:00,4.1
长江侧水位,2023/10/25,6:00:00,4.1
下游闸内水位,2023/10/25,6:07:06,4.1
下游闸外水位,2023/10/25,6:07:06,4.1
上游闸内水位,2023/10/25,6:09:42,4.1
上游闸外水位,2023/10/25,6:09:42,4.0
上游闸内水位,2023/10/25,6:11:13,4.0
上游闸外水位,2023/10/25,6:11:13,4.0
内河侧水位,2023/10/25,7:00:00,3.9
长江侧水位,2023/10/25,7:00:00,3.9
内河侧水位,2023/10/25,8:00:00,3.8
长江侧水位,2023/10/25,8:00:00,3.7
内河侧水位,2023/10/25,9:00:00,3.6
长江侧水位,2023/10/25,9:00:00,3.6
内河侧水位,2023/10/25,10:00:00,3.4
长江侧水位,2023/10/25,10:00:00,3.5
内河侧水位,2023/10/25,11:00:00,3.3
长江侧水位,2023/10/25,11:00:00,3.3
内河侧水位,2023/10/25,22:00:00,3.6
长江侧水位,2023/10/25,22:00:00,3.5
上游闸内水位,2023/10/25,22:04:22,3.6
上游闸外水位,2023/10/25,22:04:22,3.6
下游闸内水位,2023/10/25,22:07:02,3.6
下游闸外水位,2023/10/25,22:07:02,3.5
下游闸内水位,2023/10/25,22:43:57,3.5
下游闸外水位,2023/10/25,22:43:57,3.4
上游闸内水位,2023/10/25,22:46:49,3.5
上游闸外水位,2023/10/25,22:46:49,3.6
上游闸内水位,2023/10/25,22:48:18,3.6
上游闸外水位,2023/10/25,22:48:18,3.6
内河侧水位,2023/10/25,23:00:00,3.5
长江侧水位,2023/10/25,23:00:00,3.3
下游闸内水位,2023/10/25,23:27:01,3.6
下游闸外水位,2023/10/25,23:27:01,3.3
下游闸内水位,2023/10/25,23:28:39,3.5
下游闸外水位,2023/10/25,23:28:39,3.3
内河侧水位,2023/10/26,0:00:00,3.6
长江侧水位,2023/10/26,0:00:00,3.3
下游闸内水位,2023/10/26,0:05:59,3.4
下游闸外水位,2023/10/26,0:05:59,3.3
上游闸内水位,2023/10/26,0:08:36,3.3
上游闸外水位,2023/10/26,0:08:36,3.6
上游闸内水位,2023/10/26,0:10:06,3.5
上游闸外水位,2023/10/26,0:10:06,3.5
上游闸内水位,2023/10/26,0:48:06,3.6
上游闸外水位,2023/10/26,0:48:06,3.6
下游闸内水位,2023/10/26,0:52:58,3.6
下游闸外水位,2023/10/26,0:52:58,3.3
下游闸内水位,2023/10/26,0:54:28,3.5
下游闸外水位,2023/10/26,0:54:28,3.3
内河侧水位,2023/10/26,1:00:00,3.6
长江侧水位,2023/10/26,1:00:00,3.4
下游闸内水位,2023/10/26,1:32:33,3.8
下游闸外水位,2023/10/26,1:32:33,3.7
上游闸内水位,2023/10/26,1:35:22,3.8
上游闸外水位,2023/10/26,1:35:22,3.6
上游闸外水位,2023/10/25,19:36:57,3.7
上游闸内水位,2023/10/25,19:38:31,3.7
上游闸外水位,2023/10/25,19:38:31,3.7
上游闸内水位,2023/10/25,19:57:48,3.7
上游闸外水位,2023/10/25,19:57:48,3.7
内河侧水位,2023/10/25,20:00:00,3.6
长江侧水位,2023/10/25,20:00:00,3.7
下游闸内水位,2023/10/25,20:00:18,3.7
下游闸外水位,2023/10/25,20:00:18,3.7
下游闸内水位,2023/10/25,20:01:41,3.8
下游闸外水位,2023/10/25,20:01:41,3.7
下游闸内水位,2023/10/25,20:29:52,3.7
下游闸外水位,2023/10/25,20:29:52,3.7
上游闸内水位,2023/10/25,20:32:31,3.7
上游闸外水位,2023/10/25,20:32:31,3.6
上游闸内水位,2023/10/25,20:34:02,3.7
上游闸外水位,2023/10/25,20:34:02,3.6
上游闸内水位,2023/10/25,20:51:02,3.7
上游闸外水位,2023/10/25,20:51:02,3.6
下游闸内水位,2023/10/25,20:53:49,3.7
下游闸外水位,2023/10/25,20:53:49,3.6
内河侧水位,2023/10/25,21:00:00,3.6
长江侧水位,2023/10/25,21:00:00,3.6
下游闸内水位,2023/10/25,21:25:02,3.6
下游闸外水位,2023/10/25,21:25:02,3.6
上游闸内水位,2023/10/25,21:27:47,3.6
上游闸外水位,2023/10/25,21:27:47,3.6
上游闸内水位,2023/10/26,1:38:43,3.6
上游闸外水位,2023/10/26,1:38:43,3.6
内河侧水位,2023/10/26,2:00:00,3.8
长江侧水位,2023/10/26,2:00:00,4.0
上游闸内水位,2023/10/26,2:30:44,4.1
上游闸外水位,2023/10/26,2:30:44,4.1
下游闸内水位,2023/10/26,2:33:18,4.2
下游闸外水位,2023/10/26,2:33:18,4.4
下游闸内水位,2023/10/26,2:48:11,4.5
下游闸外水位,2023/10/26,2:48:11,4.4
上游闸内水位,2023/10/26,2:50:51,4.5
上游闸外水位,2023/10/26,2:50:51,4.3
上游闸内水位,2023/10/26,2:52:21,4.4
上游闸外水位,2023/10/26,2:52:21,4.3
内河侧水位,2023/10/26,3:00:00,4.3
长江侧水位,2023/10/26,3:00:00,4.5
上游闸内水位,2023/10/26,3:21:25,4.4
上游闸外水位,2023/10/26,3:21:25,4.4
下游闸内水位,2023/10/26,3:24:10,4.5
下游闸外水位,2023/10/26,3:24:10,4.6
下游闸内水位,2023/10/26,3:25:28,4.6
下游闸外水位,2023/10/26,3:25:28,4.6
内河侧水位,2023/10/26,4:00:00,4.5
长江侧水位,2023/10/26,4:00:00,4.8
下游闸内水位,2023/10/26,4:12:48,4.8
下游闸外水位,2023/10/26,4:12:48,4.8
上游闸内水位,2023/10/26,4:15:23,4.8
上游闸外水位,2023/10/26,4:15:23,4.6
上游闸内水位,2023/10/26,4:16:55,4.7
上游闸外水位,2023/10/26,4:16:55,4.6
内河侧水位,2023/10/26,5:00:00,4.6
长江侧水位,2023/10/26,5:00:00,4.7
下游闸内水位,2023/10/26,5:35:40,4.6
下游闸外水位,2023/10/26,5:35:40,4.5
上游闸内水位,2023/10/26,5:38:18,4.6
上游闸外水位,2023/10/26,5:38:18,4.5
上游闸内水位,2023/10/26,5:39:52,4.5
上游闸外水位,2023/10/26,5:39:52,4.5
内河侧水位,2023/10/26,6:00:00,4.4
长江侧水位,2023/10/26,6:00:00,4.4
上游闸内水位,2023/10/26,6:17:31,4.4
上游闸外水位,2023/10/26,6:17:31,4.3
下游闸内水位,2023/10/26,6:20:02,4.4
下游闸外水位,2023/10/26,6:20:02,4.3
下游闸内水位,2023/10/26,6:59:06,4.3
下游闸外水位,2023/10/26,6:59:06,4.2
内河侧水位,2023/10/26,7:00:00,4.2
长江侧水位,2023/10/26,7:00:00,4.2
上游闸内水位,2023/10/26,7:01:45,4.3
上游闸外水位,2023/10/26,7:01:45,4.1
上游闸内水位,2023/10/26,7:03:18,4.2
上游闸外水位,2023/10/26,7:03:18,4.1
上游闸内水位,2023/10/26,7:26:16,4.1
上游闸外水位,2023/10/26,7:26:16,4.1
下游闸内水位,2023/10/26,7:29:21,4.1
下游闸外水位,2023/10/26,7:29:21,4.1
下游闸内水位,2023/10/26,7:46:01,4.1
下游闸外水位,2023/10/26,7:46:01,4.0
上游闸内水位,2023/10/26,7:48:36,4.1
上游闸外水位,2023/10/26,7:48:36,4.0
下游闸内水位,2023/10/26,7:52:22,4.0
下游闸外水位,2023/10/26,7:52:22,4.0
内河侧水位,2023/10/26,8:00:00,4.0
长江侧水位,2023/10/26,8:00:00,4.0
内河侧水位,2023/10/26,9:00:00,3.9
长江侧水位,2023/10/26,9:00:00,3.8
内河侧水位,2023/10/26,10:00:00,3.7
长江侧水位,2023/10/26,10:00:00,3.6
上游闸内水位,2023/10/26,10:10:47,3.7
上游闸外水位,2023/10/26,10:10:47,3.7
上游闸外水位,2023/10/26,18:22:47,4.3
下游闸内水位,2023/10/26,18:25:20,4.4
下游闸外水位,2023/10/26,18:25:20,4.3
上游闸内水位,2023/10/26,18:41:49,4.3
上游闸外水位,2023/10/26,18:41:49,4.3
内河侧水位,2023/10/26,19:00:00,4.2
长江侧水位,2023/10/26,19:00:00,4.2
上游闸内水位,2023/10/26,19:41:36,4.1
上游闸外水位,2023/10/26,19:41:36,4.1
内河侧水位,2023/10/26,20:00:00,4.0
长江侧水位,2023/10/26,20:00:00,4.0
下游闸内水位,2023/10/26,20:16:02,4.0
下游闸外水位,2023/10/26,20:16:02,3.9
上游闸内水位,2023/10/26,20:18:40,4.0
上游闸外水位,2023/10/26,20:18:40,3.9
上游闸内水位,2023/10/26,20:20:11,4.0
上游闸外水位,2023/10/26,20:20:11,3.9
上游闸内水位,2023/10/26,20:57:27,3.9
上游闸外水位,2023/10/26,20:57:27,3.8
内河侧水位,2023/10/26,21:00:00,3.8
长江侧水位,2023/10/26,21:00:00,3.8
下游闸内水位,2023/10/26,21:00:10,3.9
下游闸外水位,2023/10/26,21:00:10,3.8
内河侧水位,2023/10/26,22:00:00,3.7
长江侧水位,2023/10/26,22:00:00,3.7
下游闸内水位,2023/10/26,23:00:10,3.6
下游闸外水位,2023/10/26,23:00:10,3.5
上游闸内水位,2023/10/26,23:02:48,3.5
上游闸外水位,2023/10/26,23:02:48,3.7
上游闸内水位,2023/10/26,23:04:21,3.7
上游闸外水位,2023/10/26,23:04:21,3.7
上游闸内水位,2023/10/26,23:44:33,3.7
上游闸外水位,2023/10/26,23:44:33,3.7
下游闸内水位,2023/10/26,23:47:07,3.7
下游闸外水位,2023/10/26,23:47:07,3.4
下游闸内水位,2023/10/26,23:49:00,3.5
下游闸外水位,2023/10/26,23:49:00,3.4
上游闸内水位,2023/10/27,1:16:34,3.7
上游闸外水位,2023/10/27,1:16:34,3.6
下游闸内水位,2023/10/27,1:19:14,3.7
下游闸外水位,2023/10/27,1:19:14,3.3
下游闸内水位,2023/10/27,1:24:08,3.3
下游闸外水位,2023/10/27,1:24:08,3.2
下游闸内水位,2023/10/27,1:59:46,3.4
下游闸外水位,2023/10/27,1:59:46,3.4
内河侧水位,2023/10/27,2:00:00,3.6
长江侧水位,2023/10/27,2:00:00,3.4
上游闸内水位,2023/10/27,2:02:30,3.4
上游闸外水位,2023/10/27,2:02:30,3.6
上游闸内水位,2023/10/27,2:04:16,3.6
上游闸外水位,2023/10/27,2:04:16,3.6
上游闸内水位,2023/10/27,2:36:24,3.8
上游闸外水位,2023/10/27,2:36:24,3.8
下游闸内水位,2023/10/27,2:39:02,3.8
下游闸外水位,2023/10/27,2:39:02,4.0
内河侧水位,2023/10/27,3:00:00,4.0
长江侧水位,2023/10/27,3:00:00,4.2
上游闸内水位,2023/10/27,4:06:47,4.4
上游闸外水位,2023/10/27,4:06:47,4.4
内河侧水位,2023/10/27,5:00:00,4.6
长江侧水位,2023/10/27,5:00:00,4.9
下游闸内水位,2023/10/27,6:27:14,4.7
下游闸外水位,2023/10/27,6:27:14,4.6
上游闸内水位,2023/10/27,6:29:55,4.7
上游闸外水位,2023/10/27,6:29:55,4.6
上游闸内水位,2023/10/27,6:31:28,4.6
上游闸外水位,2023/10/27,6:31:28,4.6
内河侧水位,2023/10/27,7:00:00,4.5
长江侧水位,2023/10/27,7:00:00,4.5
上游闸内水位,2023/10/27,8:11:36,4.3
上游闸外水位,2023/10/27,8:11:36,4.2
内河侧水位,2023/10/27,9:00:00,4.0
长江侧水位,2023/10/27,9:00:00,4.0
下游闸内水位,2023/10/27,12:00:46,3.6
下游闸外水位,2023/10/27,12:00:46,3.4
上游闸内水位,2023/10/27,12:05:27,3.6
上游闸外水位,2023/10/27,12:05:27,3.5
下游闸内水位,2023/10/26,21:56:59,3.7
下游闸外水位,2023/10/26,21:56:59,3.7
上游闸内水位,2023/10/26,22:01:27,3.7
上游闸外水位,2023/10/26,22:01:27,3.7
上游闸内水位,2023/10/26,22:30:04,3.7
上游闸外水位,2023/10/26,22:30:04,3.7
下游闸内水位,2023/10/26,22:32:56,3.8
下游闸外水位,2023/10/26,22:32:56,3.6
下游闸内水位,2023/10/26,22:34:21,3.7
下游闸外水位,2023/10/26,22:34:21,3.6
内河侧水位,2023/10/26,23:00:00,3.7
长江侧水位,2023/10/26,23:00:00,3.5
下游闸内水位,2023/10/27,0:28:50,3.4
下游闸外水位,2023/10/27,0:28:50,3.3
上游闸内水位,2023/10/27,0:31:25,3.4
上游闸外水位,2023/10/27,0:31:25,3.7
上游闸内水位,2023/10/27,0:32:56,3.5
上游闸外水位,2023/10/27,0:32:56,3.6
内河侧水位,2023/10/27,1:00:00,3.6
长江侧水位,2023/10/27,1:00:00,3.3
上游闸内水位,2023/10/27,7:05:49,4.5
上游闸外水位,2023/10/27,7:05:49,4.4
下游闸内水位,2023/10/27,7:08:56,4.5
下游闸外水位,2023/10/27,7:08:56,4.4
下游闸内水位,2023/10/27,7:10:15,4.5
下游闸外水位,2023/10/27,7:10:15,4.4
下游闸内水位,2023/10/27,7:28:11,4.4
下游闸外水位,2023/10/27,7:28:11,4.4
上游闸内水位,2023/10/27,7:30:56,4.4
上游闸外水位,2023/10/27,7:30:56,4.4
上游闸内水位,2023/10/27,7:32:48,4.4
上游闸外水位,2023/10/27,7:32:48,4.3
上游闸内水位,2023/10/27,7:45:14,4.3
上游闸外水位,2023/10/27,7:45:14,4.3
下游闸内水位,2023/10/27,7:47:52,4.3
下游闸外水位,2023/10/27,7:47:52,4.3
下游闸内水位,2023/10/27,7:49:10,4.3
下游闸外水位,2023/10/27,7:49:10,4.3
内河侧水位,2023/10/27,8:00:00,4.2
长江侧水位,2023/10/27,8:00:00,4.2
内河侧水位,2023/10/27,10:00:00,3.9
长江侧水位,2023/10/27,10:00:00,3.9
内河侧水位,2023/10/27,11:00:00,3.7
长江侧水位,2023/10/27,11:00:00,3.7
下游闸内水位,2023/10/27,12:07:21,3.6
下游闸外水位,2023/10/27,12:07:21,3.5
下游闸内水位,2023/10/27,12:32:35,3.5
下游闸外水位,2023/10/27,12:32:35,3.5
上游闸内水位,2023/10/27,12:35:14,3.5
上游闸外水位,2023/10/27,12:35:14,3.7
上游闸内水位,2023/10/27,12:36:52,3.7
上游闸外水位,2023/10/27,12:36:52,3.7
上游闸内水位,2023/10/27,12:51:25,3.8
上游闸外水位,2023/10/27,12:51:25,3.7
下游闸内水位,2023/10/27,12:53:56,3.8
下游闸外水位,2023/10/27,12:53:56,3.4
下游闸内水位,2023/10/27,12:56:06,3.5
下游闸外水位,2023/10/27,12:56:06,3.4
内河侧水位,2023/10/27,13:00:00,3.7
长江侧水位,2023/10/27,13:00:00,3.4
下游闸内水位,2023/10/27,13:14:25,3.4
下游闸外水位,2023/10/27,13:14:25,3.3
上游闸内水位,2023/10/27,13:17:25,3.4
上游闸外水位,2023/10/27,13:17:25,3.7
上游闸内水位,2023/10/27,13:18:54,3.6
上游闸外水位,2023/10/27,13:18:54,3.6
上游闸内水位,2023/10/27,13:36:06,3.8
上游闸外水位,2023/10/27,13:36:06,3.7
下游闸内水位,2023/10/27,13:38:57,3.8
下游闸外水位,2023/10/27,13:38:57,3.3
下游闸内水位,2023/10/27,13:41:16,3.4
下游闸外水位,2023/10/27,13:41:16,3.3
内河侧水位,2023/10/27,14:00:00,3.7
长江侧水位,2023/10/27,14:00:00,3.3
下游闸内水位,2023/10/27,15:09:20,4.0
下游闸外水位,2023/10/27,15:09:20,4.0
下游闸内水位,2023/10/27,15:13:11,3.7
下游闸外水位,2023/10/27,15:13:11,4.2
上游闸内水位,2023/10/27,15:13:44,3.9
上游闸外水位,2023/10/27,15:13:44,3.9
下游闸内水位,2023/10/27,15:16:22,4.1
下游闸外水位,2023/10/27,15:16:22,4.3
下游闸内水位,2023/10/27,15:16:52,4.3
下游闸外水位,2023/10/27,15:16:52,4.3
下游闸内水位,2023/10/27,15:48:40,4.6
下游闸外水位,2023/10/27,15:48:40,4.6
上游闸内水位,2023/10/27,15:51:16,4.7
内河侧水位,2023/10/27,0:00:00,3.7
长江侧水位,2023/10/27,0:00:00,3.4
下游闸内水位,2023/10/27,4:09:24,4.5
下游闸外水位,2023/10/27,4:09:24,4.8
下游闸内水位,2023/10/27,5:08:29,5.0
下游闸外水位,2023/10/27,5:08:29,4.9
上游闸内水位,2023/10/27,5:11:04,5.0
上游闸外水位,2023/10/27,5:11:04,4.7
上游闸内水位,2023/10/27,5:12:37,4.8
上游闸外水位,2023/10/27,5:12:37,4.7
上游闸内水位,2023/10/27,5:45:21,4.7
上游闸外水位,2023/10/27,5:45:21,4.7
下游闸内水位,2023/10/27,5:47:56,4.7
下游闸外水位,2023/10/27,5:47:56,4.9
下游闸内水位,2023/10/27,5:49:17,4.8
下游闸外水位,2023/10/27,5:49:17,4.8
内河侧水位,2023/10/27,6:00:01,4.7
长江侧水位,2023/10/27,6:00:01,4.8
上游闸内水位,2023/10/27,11:52:09,3.5
上游闸外水位,2023/10/27,11:52:09,3.5
下游闸内水位,2023/10/27,11:53:48,3.6
下游闸外水位,2023/10/27,11:53:48,3.5
上游闸内水位,2023/10/27,11:54:07,3.6
上游闸外水位,2023/10/27,11:54:07,3.5
内河侧水位,2023/10/27,12:00:00,3.3
长江侧水位,2023/10/27,12:00:00,3.5
上游闸外水位,2023/10/27,15:51:16,4.3
上游闸内水位,2023/10/27,15:52:54,4.4
上游闸外水位,2023/10/27,15:52:54,4.3
内河侧水位,2023/10/27,16:00:00,4.3
长江侧水位,2023/10/27,16:00:00,4.6
下游闸内水位,2023/10/27,17:00:12,5.0
下游闸外水位,2023/10/27,17:00:12,5.0
上游闸内水位,2023/10/27,17:02:51,5.0
上游闸外水位,2023/10/27,17:02:51,4.6
上游闸内水位,2023/10/27,17:04:39,4.8
上游闸外水位,2023/10/27,17:04:39,4.6
上游闸内水位,2023/10/27,17:28:23,4.7
上游闸外水位,2023/10/27,17:28:23,4.7
下游闸内水位,2023/10/27,17:31:15,4.8
下游闸外水位,2023/10/27,17:31:15,5.0
内河侧水位,2023/10/27,18:00:00,4.7
长江侧水位,2023/10/27,18:00:00,4.9
下游闸内水位,2023/10/27,20:02:19,4.5
下游闸外水位,2023/10/27,20:02:19,4.4
下游闸内水位,2023/10/27,20:36:49,4.3
下游闸外水位,2023/10/27,20:36:49,4.3
上游闸内水位,2023/10/27,20:39:31,4.3
上游闸外水位,2023/10/27,20:39:31,4.3
内河侧水位,2023/10/27,21:00:00,4.2
长江侧水位,2023/10/27,21:00:00,4.2
上游闸内水位,2023/10/27,21:14:12,4.2
上游闸外水位,2023/10/27,21:14:12,4.2
上游闸内水位,2023/10/27,22:00:38,4.0
上游闸外水位,2023/10/27,22:00:38,4.0
上游闸内水位,2023/10/27,22:33:30,4.0
上游闸外水位,2023/10/27,22:33:30,4.0
下游闸内水位,2023/10/27,22:37:27,4.0
下游闸外水位,2023/10/27,22:37:27,3.9
内河侧水位,2023/10/27,23:00:00,3.9
长江侧水位,2023/10/27,23:00:00,3.8
上游闸内水位,2023/10/28,0:08:47,3.9
上游闸外水位,2023/10/28,0:08:47,3.8
下游闸内水位,2023/10/28,0:11:19,3.9
下游闸外水位,2023/10/28,0:11:19,3.6
下游闸内水位,2023/10/28,0:12:38,3.8
下游闸外水位,2023/10/28,0:12:38,3.6
下游闸内水位,2023/10/28,0:56:56,3.5
下游闸外水位,2023/10/28,0:56:56,3.5
内河侧水位,2023/10/28,1:00:00,3.8
长江侧水位,2023/10/28,1:00:00,3.5
下游闸内水位,2023/10/28,2:29:42,3.4
下游闸外水位,2023/10/28,2:29:42,3.4
上游闸内水位,2023/10/28,2:32:21,3.4
上游闸外水位,2023/10/28,2:32:21,3.8
上游闸内水位,2023/10/28,2:33:55,3.6
上游闸外水位,2023/10/28,2:33:55,3.7
内河侧水位,2023/10/28,3:00:00,3.8
长江侧水位,2023/10/28,3:00:00,3.7
上游闸内水位,2023/10/28,3:07:53,3.8
上游闸外水位,2023/10/28,3:07:53,3.7
下游闸内水位,2023/10/28,3:10:34,3.8
下游闸外水位,2023/10/28,3:10:34,3.9
下游闸内水位,2023/10/28,3:12:55,4.0
下游闸外水位,2023/10/28,3:12:55,4.0
下游闸内水位,2023/10/28,3:13:30,4.0
下游闸外水位,2023/10/28,3:13:30,4.0
下游闸内水位,2023/10/27,3:20:10,4.6
下游闸外水位,2023/10/27,3:20:10,4.5
上游闸内水位,2023/10/27,3:22:48,4.5
上游闸外水位,2023/10/27,3:22:48,4.2
上游闸内水位,2023/10/27,3:24:23,4.4
上游闸外水位,2023/10/27,3:24:23,4.2
内河侧水位,2023/10/27,4:00:00,4.4
长江侧水位,2023/10/27,4:00:00,4.7
下游闸内水位,2023/10/27,18:06:45,5.0
下游闸外水位,2023/10/27,18:06:45,5.0
上游闸内水位,2023/10/27,18:09:30,5.0
上游闸外水位,2023/10/27,18:09:30,4.7
上游闸内水位,2023/10/27,18:10:57,4.9
上游闸外水位,2023/10/27,18:10:57,4.8
上游闸内水位,2023/10/27,18:51:51,4.7
上游闸外水位,2023/10/27,18:51:51,4.7
上游闸内水位,2023/10/27,18:54:43,4.7
上游闸外水位,2023/10/27,18:54:43,4.7
下游闸内水位,2023/10/27,18:54:50,4.7
下游闸外水位,2023/10/27,18:54:50,4.7
内河侧水位,2023/10/27,19:00:00,4.6
长江侧水位,2023/10/27,19:00:00,4.7
下游闸内水位,2023/10/28,3:24:32,4.2
下游闸外水位,2023/10/28,3:24:32,4.1
上游闸内水位,2023/10/28,3:27:35,4.2
上游闸外水位,2023/10/28,3:27:35,3.8
上游闸内水位,2023/10/28,3:29:22,4.0
上游闸外水位,2023/10/28,3:29:22,3.9
上游闸内水位,2023/10/28,3:46:34,4.1
上游闸外水位,2023/10/28,3:46:34,4.0
下游闸内水位,2023/10/28,3:49:22,4.1
下游闸外水位,2023/10/28,3:49:22,4.5
下游闸内水位,2023/10/28,3:51:22,4.5
下游闸外水位,2023/10/28,3:51:22,4.5
内河侧水位,2023/10/28,4:00:00,4.1
长江侧水位,2023/10/28,4:00:00,4.6
上游闸内水位,2023/10/28,5:31:07,4.6
上游闸外水位,2023/10/28,5:31:07,4.5
下游闸内水位,2023/10/28,5:34:01,4.6
下游闸外水位,2023/10/28,5:34:01,5.1
下游闸内水位,2023/10/28,5:38:39,5.2
下游闸外水位,2023/10/28,5:38:39,5.1
内河侧水位,2023/10/28,6:00:00,4.6
长江侧水位,2023/10/28,6:00:00,5.1
上游闸内水位,2023/10/28,7:14:30,4.8
上游闸外水位,2023/10/28,7:14:30,4.6
上游闸内水位,2023/10/28,7:16:13,4.6
上游闸外水位,2023/10/28,7:16:13,4.5
上游闸内水位,2023/10/28,7:26:39,4.5
上游闸外水位,2023/10/28,7:26:39,4.5
下游闸内水位,2023/10/28,7:29:09,4.6
下游闸外水位,2023/10/28,7:29:09,4.6
下游闸内水位,2023/10/28,7:30:29,4.6
下游闸外水位,2023/10/28,7:30:29,4.6
下游闸内水位,2023/10/28,7:37:02,4.7
下游闸外水位,2023/10/28,7:37:02,4.6
上游闸内水位,2023/10/28,7:40:10,4.6
上游闸外水位,2023/10/28,7:40:10,4.5
上游闸内水位,2023/10/28,7:41:41,4.5
上游闸外水位,2023/10/28,7:41:41,4.5
上游闸内水位,2023/10/28,7:54:05,4.5
上游闸外水位,2023/10/28,7:54:05,4.4
下游闸内水位,2023/10/28,7:57:06,4.5
下游闸外水位,2023/10/28,7:57:06,4.5
下游闸内水位,2023/10/28,7:59:41,4.6
下游闸外水位,2023/10/28,7:59:41,4.5
内河侧水位,2023/10/28,8:00:00,4.5
长江侧水位,2023/10/28,8:00:00,4.5
内河侧水位,2023/10/28,11:00:00,3.9
长江侧水位,2023/10/28,11:00:00,3.8
上游闸内水位,2023/10/28,12:28:12,3.8
上游闸外水位,2023/10/28,12:28:12,3.8
下游闸内水位,2023/10/28,12:31:05,3.9
下游闸外水位,2023/10/28,12:31:05,3.6
下游闸内水位,2023/10/28,12:33:02,3.7
下游闸外水位,2023/10/28,12:33:02,3.6
内河侧水位,2023/10/28,13:00:00,3.8
长江侧水位,2023/10/28,13:00:00,3.5
下游闸内水位,2023/10/28,14:01:05,3.5
下游闸外水位,2023/10/28,14:01:05,3.3
下游闸内水位,2023/10/28,14:39:25,3.3
下游闸外水位,2023/10/28,14:39:25,3.3
上游闸内水位,2023/10/28,14:41:59,3.4
上游闸外水位,2023/10/28,14:41:59,3.8
内河侧水位,2023/10/28,15:00:00,3.7
长江侧水位,2023/10/28,15:00:00,3.3
上游闸内水位,2023/10/28,16:07:57,4.2
下游闸内水位,2023/10/27,14:07:41,3.3
下游闸外水位,2023/10/27,14:07:41,3.3
上游闸内水位,2023/10/27,14:10:28,3.4
上游闸外水位,2023/10/27,14:10:28,3.7
上游闸内水位,2023/10/27,14:11:58,3.6
上游闸外水位,2023/10/27,14:11:58,3.7
下游闸内水位,2023/10/27,14:27:57,3.7
下游闸外水位,2023/10/27,14:27:57,3.4
内河侧水位,2023/10/27,15:00:00,3.7
长江侧水位,2023/10/27,15:00:00,3.8
上游闸内水位,2023/10/27,16:23:14,4.5
上游闸外水位,2023/10/27,16:23:14,4.4
下游闸内水位,2023/10/27,16:25:48,4.5
下游闸外水位,2023/10/27,16:25:48,4.8
内河侧水位,2023/10/27,17:00:00,4.6
长江侧水位,2023/10/27,17:00:00,5.0
下游闸内水位,2023/10/27,20:01:01,4.5
下游闸外水位,2023/10/27,20:01:01,4.4
上游闸内水位,2023/10/27,20:41:10,4.3
上游闸外水位,2023/10/27,20:41:10,4.3
下游闸内水位,2023/10/27,21:56:08,4.1
下游闸外水位,2023/10/27,21:56:08,4.0
下游闸内水位,2023/10/27,22:36:10,4.0
下游闸外水位,2023/10/27,22:36:10,3.9
下游闸内水位,2023/10/27,23:14:23,3.9
下游闸外水位,2023/10/27,23:14:23,3.8
上游闸内水位,2023/10/27,23:17:03,3.8
上游闸外水位,2023/10/27,23:17:03,3.9
上游闸内水位,2023/10/27,23:18:37,3.9
上游闸外水位,2023/10/27,23:18:37,3.9
内河侧水位,2023/10/28,0:00:00,3.8
长江侧水位,2023/10/28,0:00:00,3.6
上游闸内水位,2023/10/28,1:00:21,3.5
上游闸外水位,2023/10/28,1:00:21,3.8
上游闸内水位,2023/10/28,1:01:56,3.7
上游闸外水位,2023/10/28,1:01:56,3.7
上游闸内水位,2023/10/28,1:45:37,3.8
上游闸外水位,2023/10/28,1:45:37,3.8
下游闸内水位,2023/10/28,1:49:02,3.8
下游闸外水位,2023/10/28,1:49:02,3.4
下游闸内水位,2023/10/28,1:51:13,3.6
下游闸外水位,2023/10/28,1:51:13,3.4
内河侧水位,2023/10/28,2:00:00,3.8
长江侧水位,2023/10/28,2:00:00,3.4
下游闸内水位,2023/10/28,6:17:59,5.1
下游闸外水位,2023/10/28,6:17:59,5.0
上游闸内水位,2023/10/28,6:20:38,5.1
上游闸外水位,2023/10/28,6:20:38,4.6
上游闸内水位,2023/10/28,6:22:34,4.8
上游闸外水位,2023/10/28,6:22:34,4.6
上游闸内水位,2023/10/28,6:53:30,4.6
上游闸外水位,2023/10/28,6:53:30,4.6
下游闸内水位,2023/10/28,6:56:00,4.6
下游闸外水位,2023/10/28,6:56:00,4.8
下游闸内水位,2023/10/28,6:58:01,4.9
下游闸外水位,2023/10/28,6:58:01,4.8
内河侧水位,2023/10/28,7:00:00,4.6
长江侧水位,2023/10/28,7:00:00,4.7
下游闸内水位,2023/10/28,7:11:47,4.8
下游闸外水位,2023/10/28,7:11:47,4.7
下游闸内水位,2023/10/28,8:27:23,4.4
下游闸外水位,2023/10/28,8:27:23,4.4
上游闸内水位,2023/10/28,8:31:30,4.4
上游闸外水位,2023/10/28,8:31:30,4.3
上游闸内水位,2023/10/28,8:33:37,4.3
上游闸外水位,2023/10/28,8:33:37,4.3
下游闸内水位,2023/10/28,8:52:23,4.4
下游闸外水位,2023/10/28,8:52:23,4.2
内河侧水位,2023/10/28,9:00:00,4.2
长江侧水位,2023/10/28,9:00:00,4.2
内河侧水位,2023/10/28,10:00:00,4.1
长江侧水位,2023/10/28,10:00:00,4.0
上游闸内水位,2023/10/28,15:22:23,3.8
上游闸外水位,2023/10/28,15:22:23,3.8
下游闸内水位,2023/10/28,15:24:55,3.8
下游闸外水位,2023/10/28,15:24:55,3.7
下游闸内水位,2023/10/28,15:26:12,3.8
下游闸外水位,2023/10/28,15:26:12,3.7
下游闸内水位,2023/10/28,15:46:57,4.1
下游闸外水位,2023/10/28,15:46:57,4.1
上游闸内水位,2023/10/28,15:49:31,4.2
上游闸外水位,2023/10/28,15:49:31,3.9
上游闸内水位,2023/10/28,15:51:00,4.0
上游闸外水位,2023/10/28,15:51:00,3.9
内河侧水位,2023/10/28,16:00:00,4.1
长江侧水位,2023/10/28,16:00:00,4.3
下游闸内水位,2023/10/28,17:27:03,5.0
下游闸内水位,2023/10/27,19:23:12,4.6
下游闸外水位,2023/10/27,19:23:12,4.6
上游闸内水位,2023/10/27,19:25:48,4.6
上游闸外水位,2023/10/27,19:25:48,4.5
上游闸内水位,2023/10/27,19:27:17,4.6
上游闸外水位,2023/10/27,19:27:17,4.5
上游闸内水位,2023/10/27,19:58:31,4.5
上游闸外水位,2023/10/27,19:58:31,4.4
内河侧水位,2023/10/27,20:00:00,4.4
长江侧水位,2023/10/27,20:00:00,4.4
下游闸内水位,2023/10/27,21:16:55,4.2
下游闸外水位,2023/10/27,21:16:55,4.1
上游闸内水位,2023/10/27,21:59:05,4.1
上游闸外水位,2023/10/27,21:59:05,4.0
内河侧水位,2023/10/27,22:00:00,4.0
长江侧水位,2023/10/27,22:00:00,4.0
下游闸内水位,2023/10/28,4:46:22,4.9
下游闸外水位,2023/10/28,4:46:22,4.9
上游闸内水位,2023/10/28,4:49:04,4.9
上游闸外水位,2023/10/28,4:49:04,4.4
上游闸内水位,2023/10/28,4:51:34,4.5
上游闸外水位,2023/10/28,4:51:34,4.4
内河侧水位,2023/10/28,5:00:00,4.4
长江侧水位,2023/10/28,5:00:00,5.0
上游闸内水位,2023/10/28,11:15:46,3.9
上游闸外水位,2023/10/28,11:15:46,3.8
下游闸内水位,2023/10/28,11:46:43,3.8
下游闸外水位,2023/10/28,11:46:43,3.7
上游闸内水位,2023/10/28,11:49:22,3.8
上游闸外水位,2023/10/28,11:49:22,3.8
上游闸内水位,2023/10/28,11:50:50,3.8
上游闸外水位,2023/10/28,11:50:50,3.8
内河侧水位,2023/10/28,12:00:00,3.8
长江侧水位,2023/10/28,12:00:00,3.6
下游闸内水位,2023/10/28,13:13:26,3.5
下游闸外水位,2023/10/28,13:13:26,3.5
上游闸内水位,2023/10/28,13:16:06,3.5
上游闸外水位,2023/10/28,13:16:06,3.8
上游闸内水位,2023/10/28,13:17:40,3.7
上游闸外水位,2023/10/28,13:17:40,3.7
上游闸内水位,2023/10/28,13:56:08,3.8
上游闸外水位,2023/10/28,13:56:08,3.8
下游闸内水位,2023/10/28,13:58:42,3.8
下游闸外水位,2023/10/28,13:58:42,3.3
内河侧水位,2023/10/28,14:00:00,3.8
长江侧水位,2023/10/28,14:00:00,3.3
下游闸外水位,2023/10/28,17:27:03,5.0
上游闸内水位,2023/10/28,17:29:48,5.0
上游闸外水位,2023/10/28,17:29:48,4.5
上游闸内水位,2023/10/28,17:32:14,4.6
上游闸外水位,2023/10/28,17:32:14,4.5
上游闸内水位,2023/10/28,17:49:08,4.6
上游闸外水位,2023/10/28,17:49:08,4.5
下游闸内水位,2023/10/28,17:53:10,4.6
下游闸外水位,2023/10/28,17:53:10,5.1
下游闸内水位,2023/10/28,17:54:58,4.9
下游闸外水位,2023/10/28,17:54:58,5.1
内河侧水位,2023/10/28,18:00:00,4.6
长江侧水位,2023/10/28,18:00:00,5.1
下游闸内水位,2023/10/28,20:36:35,4.5
下游闸外水位,2023/10/28,20:36:35,4.4
上游闸内水位,2023/10/28,20:39:10,4.5
上游闸外水位,2023/10/28,20:39:10,4.4
上游闸内水位,2023/10/28,20:40:40,4.4
上游闸外水位,2023/10/28,20:40:40,4.4
内河侧水位,2023/10/28,21:00:00,4.3
长江侧水位,2023/10/28,21:00:00,4.3
内河侧水位,2023/10/28,22:00:00,4.1
长江侧水位,2023/10/28,22:00:00,4.1
下游闸内水位,2023/10/28,22:08:14,4.1
下游闸外水位,2023/10/28,22:08:14,4.1
上游闸内水位,2023/10/28,22:10:58,4.1
上游闸外水位,2023/10/28,22:10:58,4.1
上游闸内水位,2023/10/28,22:50:10,4.0
上游闸外水位,2023/10/28,22:50:10,4.0
下游闸内水位,2023/10/28,22:52:56,4.0
下游闸外水位,2023/10/28,22:52:56,4.0
下游闸内水位,2023/10/28,22:54:14,4.0
下游闸外水位,2023/10/28,22:54:14,3.9
内河侧水位,2023/10/28,23:00:00,4.0
长江侧水位,2023/10/28,23:00:00,3.9
上游闸内水位,2023/10/29,0:11:55,3.9
上游闸外水位,2023/10/29,0:11:55,3.8
下游闸内水位,2023/10/29,0:14:44,3.9
下游闸外水位,2023/10/29,0:14:44,3.7
下游闸内水位,2023/10/29,0:16:02,3.8
下游闸外水位,2023/10/29,0:16:02,3.7
上游闸外水位,2023/10/28,16:07:57,4.1
下游闸内水位,2023/10/28,16:10:33,4.2
下游闸外水位,2023/10/28,16:10:33,4.5
下游闸内水位,2023/10/28,16:34:57,4.8
下游闸外水位,2023/10/28,16:34:57,4.7
上游闸内水位,2023/10/28,16:38:10,4.7
上游闸外水位,2023/10/28,16:38:10,4.3
上游闸内水位,2023/10/28,16:40:12,4.4
上游闸外水位,2023/10/28,16:40:12,4.3
上游闸内水位,2023/10/28,16:55:00,4.4
上游闸外水位,2023/10/28,16:55:00,4.3
下游闸内水位,2023/10/28,16:57:31,4.4
下游闸外水位,2023/10/28,16:57:31,4.8
下游闸内水位,2023/10/28,16:59:01,4.6
下游闸外水位,2023/10/28,16:59:01,4.8
内河侧水位,2023/10/28,17:00:00,4.4
长江侧水位,2023/10/28,17:00:00,4.8
下游闸内水位,2023/10/28,18:08:00,5.2
下游闸外水位,2023/10/28,18:08:00,5.1
上游闸内水位,2023/10/28,18:10:37,5.1
上游闸外水位,2023/10/28,18:10:37,4.6
上游闸内水位,2023/10/28,18:12:41,4.8
上游闸外水位,2023/10/28,18:12:41,4.6
上游闸内水位,2023/10/28,18:27:40,4.7
上游闸外水位,2023/10/28,18:27:40,4.6
下游闸内水位,2023/10/28,18:30:56,4.7
下游闸外水位,2023/10/28,18:30:56,5.0
下游闸内水位,2023/10/28,18:39:57,5.1
下游闸外水位,2023/10/28,18:39:57,5.0
内河侧水位,2023/10/28,19:00:00,4.6
长江侧水位,2023/10/28,19:00:00,4.9
下游闸内水位,2023/10/29,1:01:22,3.6
下游闸外水位,2023/10/29,1:01:22,3.6
上游闸内水位,2023/10/29,1:04:43,3.6
上游闸外水位,2023/10/29,1:04:43,3.8
上游闸内水位,2023/10/29,1:06:16,3.8
上游闸外水位,2023/10/29,1:06:16,3.8
上游闸内水位,2023/10/29,1:52:22,3.8
上游闸外水位,2023/10/29,1:52:22,3.8
下游闸内水位,2023/10/29,1:54:55,3.9
下游闸外水位,2023/10/29,1:54:55,3.4
下游闸内水位,2023/10/29,1:57:18,3.6
下游闸外水位,2023/10/29,1:57:18,3.4
内河侧水位,2023/10/29,2:00:00,3.8
长江侧水位,2023/10/29,2:00:00,3.4
上游闸内水位,2023/10/29,2:37:48,3.4
上游闸外水位,2023/10/29,2:37:48,3.8
上游闸内水位,2023/10/29,3:14:15,3.8
上游闸外水位,2023/10/29,3:14:15,3.8
下游闸内水位,2023/10/29,3:16:48,3.8
下游闸外水位,2023/10/29,3:16:48,3.4
下游闸内水位,2023/10/29,3:19:10,3.5
下游闸外水位,2023/10/29,3:19:10,3.4
下游闸内水位,2023/10/29,3:31:26,3.5
下游闸外水位,2023/10/29,3:31:26,3.4
上游闸内水位,2023/10/29,3:34:02,3.6
上游闸外水位,2023/10/29,3:34:02,3.8
上游闸内水位,2023/10/29,3:35:34,3.7
上游闸外水位,2023/10/29,3:35:34,3.7
上游闸内水位,2023/10/29,3:56:12,3.8
上游闸外水位,2023/10/29,3:56:12,3.8
下游闸内水位,2023/10/29,3:58:42,3.9
下游闸外水位,2023/10/29,3:58:42,4.0
内河侧水位,2023/10/29,4:00:00,3.9
长江侧水位,2023/10/29,4:00:00,4.0
下游闸内水位,2023/10/29,5:26:46,5.0
下游闸外水位,2023/10/29,5:26:46,4.9
上游闸内水位,2023/10/29,5:29:22,5.0
上游闸外水位,2023/10/29,5:29:22,4.4
上游闸内水位,2023/10/29,5:31:36,4.6
上游闸外水位,2023/10/29,5:31:36,4.4
内河侧水位,2023/10/29,6:00:00,4.5
长江侧水位,2023/10/29,6:00:00,5.0
上游闸内水位,2023/10/29,7:11:09,4.7
上游闸外水位,2023/10/29,7:11:09,4.6
下游闸内水位,2023/10/29,7:13:39,4.7
下游闸外水位,2023/10/29,7:13:39,5.0
下游闸内水位,2023/10/29,7:15:17,4.9
下游闸外水位,2023/10/29,7:15:17,4.9
上游闸内水位,2023/10/29,7:47:11,4.8
上游闸外水位,2023/10/29,7:47:11,4.6
上游闸内水位,2023/10/29,7:48:45,4.7
上游闸外水位,2023/10/29,7:48:45,4.6
内河侧水位,2023/10/29,8:00:00,4.6
长江侧水位,2023/10/29,8:00:00,4.7
上游闸内水位,2023/10/29,8:09:29,4.6
上游闸外水位,2023/10/29,8:09:29,4.5
下游闸内水位,2023/10/28,19:11:32,4.9
下游闸外水位,2023/10/28,19:11:32,4.9
上游闸内水位,2023/10/28,19:15:23,4.9
上游闸外水位,2023/10/28,19:15:23,4.6
上游闸内水位,2023/10/28,19:17:37,4.7
上游闸外水位,2023/10/28,19:17:37,4.6
上游闸内水位,2023/10/28,19:51:34,4.6
上游闸外水位,2023/10/28,19:51:34,4.5
下游闸内水位,2023/10/28,19:55:14,4.6
下游闸外水位,2023/10/28,19:55:14,4.6
下游闸内水位,2023/10/28,19:56:45,4.7
下游闸外水位,2023/10/28,19:56:45,4.6
内河侧水位,2023/10/28,20:00:00,4.5
长江侧水位,2023/10/28,20:00:00,4.6
上游闸内水位,2023/10/28,21:25:09,4.3
上游闸外水位,2023/10/28,21:25:09,4.2
下游闸内水位,2023/10/28,21:27:40,4.3
下游闸外水位,2023/10/28,21:27:40,4.2
上游闸内水位,2023/10/28,22:12:31,4.1
上游闸外水位,2023/10/28,22:12:31,4.1
下游闸内水位,2023/10/28,23:29:15,3.9
下游闸外水位,2023/10/28,23:29:15,3.8
上游闸内水位,2023/10/28,23:32:22,3.9
上游闸外水位,2023/10/28,23:32:22,3.9
内河侧水位,2023/10/29,0:00:00,3.9
长江侧水位,2023/10/29,0:00:00,3.7
下游闸内水位,2023/10/29,4:00:01,4.0
下游闸外水位,2023/10/29,4:00:01,4.0
下游闸内水位,2023/10/29,4:12:33,4.4
下游闸外水位,2023/10/29,4:12:33,4.3
上游闸内水位,2023/10/29,4:15:28,4.4
上游闸外水位,2023/10/29,4:15:28,4.0
上游闸内水位,2023/10/29,4:17:26,4.1
上游闸外水位,2023/10/29,4:17:26,4.0
上游闸内水位,2023/10/29,4:49:59,4.3
上游闸外水位,2023/10/29,4:49:59,4.3
下游闸内水位,2023/10/29,4:52:34,4.3
下游闸外水位,2023/10/29,4:52:34,4.7
下游闸内水位,2023/10/29,4:54:11,4.6
下游闸外水位,2023/10/29,4:54:11,4.7
内河侧水位,2023/10/29,5:00:00,4.3
长江侧水位,2023/10/29,5:00:00,4.8
上游闸内水位,2023/10/29,6:06:44,4.6
上游闸外水位,2023/10/29,6:06:44,4.5
下游闸内水位,2023/10/29,6:09:34,4.6
下游闸外水位,2023/10/29,6:09:34,5.1
下游闸内水位,2023/10/29,6:11:57,5.0
下游闸外水位,2023/10/29,6:11:57,5.1
下游闸内水位,2023/10/29,6:44:16,5.1
下游闸外水位,2023/10/29,6:44:16,5.1
上游闸内水位,2023/10/29,6:46:58,5.1
上游闸外水位,2023/10/29,6:46:58,4.6
上游闸内水位,2023/10/29,6:49:09,4.8
上游闸外水位,2023/10/29,6:49:09,4.6
内河侧水位,2023/10/29,7:00:00,4.5
长江侧水位,2023/10/29,7:00:00,5.0
下游闸内水位,2023/10/29,9:36:22,4.3
下游闸外水位,2023/10/29,9:36:22,4.2
上游闸内水位,2023/10/29,10:15:50,4.1
上游闸外水位,2023/10/29,10:15:50,4.1
下游闸内水位,2023/10/29,10:18:48,4.1
下游闸外水位,2023/10/29,10:18:48,4.1
下游闸内水位,2023/10/29,10:20:05,4.2
下游闸外水位,2023/10/29,10:20:05,4.1
下游闸内水位,2023/10/29,10:50:02,4.1
下游闸外水位,2023/10/29,10:50:02,4.0
上游闸内水位,2023/10/29,10:52:37,4.0
上游闸外水位,2023/10/29,10:52:37,4.0
上游闸内水位,2023/10/29,10:54:04,4.0
上游闸外水位,2023/10/29,10:54:04,4.0
内河侧水位,2023/10/29,11:00:00,4.0
长江侧水位,2023/10/29,11:00:00,4.0
上游闸内水位,2023/10/29,11:35:56,4.0
上游闸外水位,2023/10/29,11:35:56,3.9
下游闸内水位,2023/10/29,11:39:50,4.0
下游闸外水位,2023/10/29,11:39:50,3.8
下游闸内水位,2023/10/29,11:41:54,3.9
下游闸外水位,2023/10/29,11:41:54,3.8
内河侧水位,2023/10/29,12:00:00,3.9
长江侧水位,2023/10/29,12:00:00,3.7
下游闸内水位,2023/10/29,13:29:49,3.6
下游闸外水位,2023/10/29,13:29:49,3.6
上游闸内水位,2023/10/29,13:32:30,3.6
上游闸外水位,2023/10/29,13:32:30,3.8
内河侧水位,2023/10/29,14:00:00,3.8
长江侧水位,2023/10/29,14:00:00,3.4
上游闸内水位,2023/10/29,15:09:14,3.8
内河侧水位,2023/10/29,1:00:00,3.8
长江侧水位,2023/10/29,1:00:00,3.6
下游闸内水位,2023/10/29,2:34:54,3.4
下游闸外水位,2023/10/29,2:34:54,3.3
上游闸内水位,2023/10/29,2:39:23,3.6
上游闸外水位,2023/10/29,2:39:23,3.7
内河侧水位,2023/10/29,3:00:00,3.8
长江侧水位,2023/10/29,3:00:00,3.3
下游闸内水位,2023/10/29,7:44:24,4.8
下游闸外水位,2023/10/29,7:44:24,4.8
下游闸内水位,2023/10/29,9:01:19,4.4
下游闸外水位,2023/10/29,9:01:19,4.4
上游闸内水位,2023/10/29,9:39:55,4.3
上游闸外水位,2023/10/29,9:39:55,4.2
内河侧水位,2023/10/29,10:00:00,4.1
长江侧水位,2023/10/29,10:00:00,4.2
上游闸外水位,2023/10/29,15:09:14,3.8
下游闸内水位,2023/10/29,15:11:46,3.8
下游闸外水位,2023/10/29,15:11:46,3.3
下游闸内水位,2023/10/29,15:14:09,3.5
下游闸外水位,2023/10/29,15:14:09,3.3
下游闸内水位,2023/10/29,15:44:44,3.6
下游闸外水位,2023/10/29,15:44:44,3.5
上游闸内水位,2023/10/29,15:47:23,3.6
上游闸外水位,2023/10/29,15:47:23,3.8
上游闸内水位,2023/10/29,15:49:00,3.8
上游闸外水位,2023/10/29,15:49:00,3.8
内河侧水位,2023/10/29,16:00:00,3.6
长江侧水位,2023/10/29,16:00:00,3.8
上游闸内水位,2023/10/29,16:23:12,4.0
上游闸外水位,2023/10/29,16:23:12,4.0
下游闸内水位,2023/10/29,16:25:43,4.1
下游闸外水位,2023/10/29,16:25:43,4.4
下游闸内水位,2023/10/29,16:27:10,4.3
下游闸外水位,2023/10/29,16:27:10,4.4
下游闸内水位,2023/10/29,16:45:05,4.8
下游闸外水位,2023/10/29,16:45:05,4.8
上游闸内水位,2023/10/29,16:47:42,4.9
上游闸外水位,2023/10/29,16:47:42,4.2
上游闸内水位,2023/10/29,16:50:11,4.4
上游闸外水位,2023/10/29,16:50:11,4.3
内河侧水位,2023/10/29,17:00:00,4.3
长江侧水位,2023/10/29,17:00:00,4.9
下游闸内水位,2023/10/29,17:14:49,4.5
下游闸外水位,2023/10/29,17:14:49,5.0
上游闸内水位,2023/10/29,18:15:10,4.7
上游闸外水位,2023/10/29,18:15:10,4.7
下游闸内水位,2023/10/29,18:17:45,4.7
下游闸外水位,2023/10/29,18:17:45,5.3
下游闸内水位,2023/10/29,18:19:55,5.1
下游闸外水位,2023/10/29,18:19:55,5.3
下游闸内水位,2023/10/29,18:49:00,5.4
下游闸外水位,2023/10/29,18:49:00,5.3
上游闸内水位,2023/10/29,18:52:19,5.4
上游闸外水位,2023/10/29,18:52:19,4.8
上游闸内水位,2023/10/29,18:54:46,4.9
上游闸外水位,2023/10/29,18:54:46,4.8
内河侧水位,2023/10/29,19:00:00,4.8
长江侧水位,2023/10/29,19:00:00,5.3
下游闸内水位,2023/10/29,20:02:29,5.0
下游闸外水位,2023/10/29,20:02:29,5.0
上游闸内水位,2023/10/29,20:04:40,5.0
上游闸外水位,2023/10/29,20:04:40,4.8
下游闸内水位,2023/10/29,20:17:09,4.8
下游闸外水位,2023/10/29,20:17:09,4.9
内河侧水位,2023/10/29,21:00:00,4.6
长江侧水位,2023/10/29,21:00:00,4.6
下游闸内水位,2023/10/29,22:22:56,4.4
下游闸外水位,2023/10/29,22:22:56,4.3
内河侧水位,2023/10/29,23:00:00,4.2
长江侧水位,2023/10/29,23:00:00,4.2
下游闸内水位,2023/10/30,1:42:57,3.8
下游闸外水位,2023/10/30,1:42:57,3.7
内河侧水位,2023/10/30,2:00:00,3.9
长江侧水位,2023/10/30,2:00:00,3.6
上游闸内水位,2023/10/30,2:22:10,3.9
上游闸外水位,2023/10/30,2:22:10,3.9
下游闸内水位,2023/10/30,3:07:45,3.5
下游闸外水位,2023/10/30,3:07:45,3.4
上游闸内水位,2023/10/30,3:10:24,3.5
上游闸外水位,2023/10/30,3:10:24,3.9
上游闸内水位,2023/10/30,3:11:59,3.7
上游闸外水位,2023/10/30,3:11:59,3.8
上游闸内水位,2023/10/30,3:49:50,3.9
上游闸外水位,2023/10/30,3:49:50,3.8
下游闸内水位,2023/10/30,3:52:23,3.9
下游闸外水位,2023/10/30,3:52:23,3.4
下游闸内水位,2023/10/29,8:12:00,4.6
下游闸外水位,2023/10/29,8:12:00,4.6
下游闸内水位,2023/10/29,8:25:16,4.6
下游闸外水位,2023/10/29,8:25:16,4.5
上游闸内水位,2023/10/29,8:29:21,4.5
上游闸外水位,2023/10/29,8:29:21,4.5
上游闸内水位,2023/10/29,8:58:38,4.4
上游闸外水位,2023/10/29,8:58:38,4.4
内河侧水位,2023/10/29,9:00:00,4.4
长江侧水位,2023/10/29,9:00:00,4.4
上游闸内水位,2023/10/29,23:10:00,4.2
上游闸外水位,2023/10/29,23:10:00,4.1
下游闸内水位,2023/10/29,23:13:51,4.2
下游闸外水位,2023/10/29,23:13:51,4.2
下游闸内水位,2023/10/29,23:15:11,4.2
下游闸外水位,2023/10/29,23:15:11,4.1
内河侧水位,2023/10/30,0:00:00,4.0
长江侧水位,2023/10/30,0:00:00,4.0
下游闸内水位,2023/10/30,3:54:43,3.6
下游闸外水位,2023/10/30,3:54:43,3.4
内河侧水位,2023/10/30,4:00:00,3.8
长江侧水位,2023/10/30,4:00:00,3.4
上游闸内水位,2023/10/30,4:38:41,4.2
上游闸外水位,2023/10/30,4:38:41,4.0
上游闸内水位,2023/10/30,5:15:44,4.2
上游闸外水位,2023/10/30,5:15:44,4.2
下游闸内水位,2023/10/30,5:18:18,4.3
下游闸外水位,2023/10/30,5:18:18,4.7
下游闸内水位,2023/10/30,5:20:01,4.6
下游闸外水位,2023/10/30,5:20:01,4.7
下游闸内水位,2023/10/30,5:53:08,4.9
下游闸外水位,2023/10/30,5:53:08,4.9
上游闸内水位,2023/10/30,5:57:43,4.9
上游闸外水位,2023/10/30,5:57:43,4.4
内河侧水位,2023/10/30,6:00:00,4.4
长江侧水位,2023/10/30,6:00:00,4.9
下游闸内水位,2023/10/30,8:02:10,5.0
下游闸外水位,2023/10/30,8:02:10,4.9
上游闸内水位,2023/10/30,8:04:48,4.9
上游闸外水位,2023/10/30,8:04:48,4.7
上游闸内水位,2023/10/30,8:06:25,4.8
上游闸外水位,2023/10/30,8:06:25,4.7
下游闸内水位,2023/10/30,8:47:40,4.6
下游闸外水位,2023/10/30,8:47:40,4.6
下游闸内水位,2023/10/30,8:50:44,4.7
下游闸外水位,2023/10/30,8:50:44,4.6
内河侧水位,2023/10/30,9:00:00,4.5
长江侧水位,2023/10/30,9:00:00,4.6
下游闸内水位,2023/10/30,9:58:45,4.4
下游闸外水位,2023/10/30,9:58:45,4.3
下游闸内水位,2023/10/30,10:00:24,4.4
下游闸外水位,2023/10/30,10:00:24,4.3
下游闸内水位,2023/10/30,10:19:38,4.3
下游闸外水位,2023/10/30,10:19:38,4.2
上游闸内水位,2023/10/30,10:22:46,4.3
上游闸外水位,2023/10/30,10:22:46,4.2
上游闸内水位,2023/10/30,10:25:29,4.3
上游闸外水位,2023/10/30,10:25:29,4.2
上游闸内水位,2023/10/30,10:54:04,4.1
上游闸外水位,2023/10/30,10:54:04,4.1
下游闸内水位,2023/10/30,10:56:56,4.2
下游闸外水位,2023/10/30,10:56:56,4.1
下游闸内水位,2023/10/30,10:58:57,4.2
下游闸外水位,2023/10/30,10:58:57,4.1
内河侧水位,2023/10/30,11:00:00,4.1
长江侧水位,2023/10/30,11:00:00,4.1
下游闸内水位,2023/10/30,12:50:12,3.8
下游闸外水位,2023/10/30,12:50:12,3.8
上游闸内水位,2023/10/30,12:50:13,3.7
上游闸外水位,2023/10/30,12:50:13,3.8
内河侧水位,2023/10/30,13:00:00,3.8
长江侧水位,2023/10/30,13:00:00,3.7
下游闸内水位,2023/10/30,14:03:14,3.6
下游闸外水位,2023/10/30,14:03:14,3.5
上游闸内水位,2023/10/30,14:06:14,3.5
上游闸外水位,2023/10/30,14:06:14,3.8
上游闸内水位,2023/10/30,14:07:57,3.7
上游闸外水位,2023/10/30,14:07:57,3.7
上游闸内水位,2023/10/30,14:40:22,3.8
上游闸外水位,2023/10/30,14:40:22,3.8
下游闸内水位,2023/10/30,14:43:16,3.8
下游闸外水位,2023/10/30,14:43:16,3.5
下游闸内水位,2023/10/30,14:45:46,3.6
下游闸外水位,2023/10/30,14:45:46,3.5
内河侧水位,2023/10/30,15:00:00,3.8
长江侧水位,2023/10/30,15:00:00,3.5
下游闸内水位,2023/10/30,15:24:27,3.4
上游闸内水位,2023/10/29,8:27:49,4.6
上游闸外水位,2023/10/29,8:27:49,4.5
上游闸内水位,2023/10/29,14:02:43,3.8
上游闸外水位,2023/10/29,14:02:43,3.8
下游闸内水位,2023/10/29,14:05:25,3.8
下游闸外水位,2023/10/29,14:05:25,3.5
下游闸内水位,2023/10/29,14:07:45,3.6
下游闸外水位,2023/10/29,14:07:45,3.4
下游闸内水位,2023/10/29,14:37:29,3.4
下游闸外水位,2023/10/29,14:37:29,3.4
上游闸内水位,2023/10/29,14:40:05,3.4
上游闸外水位,2023/10/29,14:40:05,3.8
上游闸内水位,2023/10/29,14:41:48,3.7
上游闸外水位,2023/10/29,14:41:48,3.8
内河侧水位,2023/10/29,15:00:00,3.8
长江侧水位,2023/10/29,15:00:00,3.3
上游闸内水位,2023/10/30,6:00:11,4.5
上游闸外水位,2023/10/30,6:00:11,4.5
上游闸内水位,2023/10/30,6:29:57,4.6
上游闸外水位,2023/10/30,6:29:57,4.6
下游闸内水位,2023/10/30,6:32:35,4.6
下游闸外水位,2023/10/30,6:32:35,5.1
下游闸内水位,2023/10/30,6:34:30,4.9
下游闸外水位,2023/10/30,6:34:30,5.1
内河侧水位,2023/10/30,7:00:00,4.6
长江侧水位,2023/10/30,7:00:00,5.1
下游闸外水位,2023/10/30,15:24:27,3.4
上游闸内水位,2023/10/30,15:27:26,3.4
上游闸外水位,2023/10/30,15:27:26,3.7
上游闸内水位,2023/10/30,15:29:13,3.6
上游闸外水位,2023/10/30,15:29:13,3.7
上游闸内水位,2023/10/30,15:59:31,3.8
上游闸外水位,2023/10/30,15:59:31,3.8
内河侧水位,2023/10/30,16:00:00,3.8
长江侧水位,2023/10/30,16:00:00,3.4
上游闸内水位,2023/10/30,17:28:26,4.3
上游闸外水位,2023/10/30,17:28:26,4.3
下游闸内水位,2023/10/30,17:31:05,4.3
下游闸外水位,2023/10/30,17:31:05,4.9
下游闸内水位,2023/10/30,17:33:21,4.8
下游闸外水位,2023/10/30,17:33:21,4.9
内河侧水位,2023/10/30,18:00:00,4.5
长江侧水位,2023/10/30,18:00:00,5.0
下游闸内水位,2023/10/30,19:03:46,5.4
下游闸外水位,2023/10/30,19:03:46,5.4
上游闸内水位,2023/10/30,19:06:58,5.4
上游闸外水位,2023/10/30,19:06:58,4.7
上游闸内水位,2023/10/30,19:09:32,4.9
上游闸外水位,2023/10/30,19:09:32,4.8
上游闸内水位,2023/10/30,19:18:32,4.8
上游闸外水位,2023/10/30,19:18:32,4.8
下游闸内水位,2023/10/30,19:21:12,4.8
下游闸外水位,2023/10/30,19:21:12,5.4
下游闸内水位,2023/10/30,19:23:25,5.2
下游闸外水位,2023/10/30,19:23:25,5.4
下游闸内水位,2023/10/30,19:39:15,5.4
下游闸外水位,2023/10/30,19:39:15,5.4
上游闸内水位,2023/10/30,19:42:02,5.4
上游闸外水位,2023/10/30,19:42:02,4.8
上游闸内水位,2023/10/30,19:44:31,4.9
上游闸外水位,2023/10/30,19:44:31,4.8
内河侧水位,2023/10/30,20:00:00,4.8
长江侧水位,2023/10/30,20:00:00,5.3
下游闸内水位,2023/10/30,21:01:07,4.9
下游闸外水位,2023/10/30,21:01:07,4.9
上游闸内水位,2023/10/30,21:03:51,4.9
上游闸外水位,2023/10/30,21:03:51,4.7
上游闸内水位,2023/10/30,21:05:30,4.8
上游闸外水位,2023/10/30,21:05:30,4.7
上游闸内水位,2023/10/30,21:42:10,4.6
上游闸外水位,2023/10/30,21:42:10,4.6
下游闸内水位,2023/10/30,21:44:54,4.6
下游闸外水位,2023/10/30,21:44:54,4.7
下游闸内水位,2023/10/30,21:46:17,4.7
下游闸外水位,2023/10/30,21:46:17,4.6
内河侧水位,2023/10/30,22:00:00,4.5
长江侧水位,2023/10/30,22:00:00,4.6
下游闸内水位,2023/10/30,22:17:25,4.5
下游闸外水位,2023/10/30,22:17:25,4.5
上游闸内水位,2023/10/30,22:20:07,4.5
上游闸外水位,2023/10/30,22:20:07,4.5
上游闸内水位,2023/10/30,22:21:38,4.5
上游闸外水位,2023/10/30,22:21:38,4.5
上游闸内水位,2023/10/30,22:58:30,4.4
上游闸外水位,2023/10/30,22:58:30,4.3
内河侧水位,2023/10/30,23:00:00,4.3
长江侧水位,2023/10/30,23:00:00,4.3
下游闸内水位,2023/10/29,12:20:13,3.8
下游闸外水位,2023/10/29,12:20:13,3.7
上游闸内水位,2023/10/29,12:23:00,3.8
上游闸外水位,2023/10/29,12:23:00,3.9
上游闸内水位,2023/10/29,12:54:14,3.9
上游闸外水位,2023/10/29,12:54:14,3.8
下游闸内水位,2023/10/29,12:57:33,3.9
下游闸外水位,2023/10/29,12:57:33,3.6
下游闸内水位,2023/10/29,12:58:50,3.8
下游闸外水位,2023/10/29,12:58:50,3.6
内河侧水位,2023/10/29,13:00:00,3.8
长江侧水位,2023/10/29,13:00:00,3.6
内河侧水位,2023/10/29,22:00:00,4.4
长江侧水位,2023/10/29,22:00:00,4.4
下游闸内水位,2023/10/30,4:36:05,4.2
下游闸外水位,2023/10/30,4:36:05,4.1
内河侧水位,2023/10/30,5:00:00,4.1
长江侧水位,2023/10/30,5:00:00,4.5
上游闸内水位,2023/10/30,13:41:55,3.7
上游闸外水位,2023/10/30,13:41:55,3.6
内河侧水位,2023/10/30,14:00:00,3.7
长江侧水位,2023/10/30,14:00:00,3.6
上游闸内水位,2023/10/30,20:18:49,4.9
上游闸外水位,2023/10/30,20:18:49,4.8
下游闸内水位,2023/10/30,20:21:28,4.8
下游闸外水位,2023/10/30,20:21:28,5.1
下游闸内水位,2023/10/30,20:22:51,5.0
下游闸外水位,2023/10/30,20:22:51,5.1
内河侧水位,2023/10/30,21:00:00,4.7
长江侧水位,2023/10/30,21:00:00,4.9
上游闸内水位,2023/10/31,0:07:54,4.2
上游闸外水位,2023/10/31,0:07:54,4.1
下游闸内水位,2023/10/31,0:15:46,4.1
下游闸外水位,2023/10/31,0:15:46,4.0
内河侧水位,2023/10/31,1:00:00,4.0
长江侧水位,2023/10/31,1:00:00,3.9
下游闸内水位,2023/10/31,2:19:30,3.8
下游闸外水位,2023/10/31,2:19:30,3.7
上游闸内水位,2023/10/31,2:22:08,3.7
上游闸外水位,2023/10/31,2:22:08,3.9
上游闸内水位,2023/10/31,2:23:40,3.9
上游闸外水位,2023/10/31,2:23:40,3.9
内河侧水位,2023/10/31,3:00:00,3.9
长江侧水位,2023/10/31,3:00:00,3.5
内河侧水位,2023/10/31,4:00:00,3.8
长江侧水位,2023/10/31,4:00:00,3.4
上游闸内水位,2023/10/31,5:31:19,4.3
上游闸外水位,2023/10/31,5:31:19,4.0
上游闸内水位,2023/10/31,5:32:51,4.1
上游闸外水位,2023/10/31,5:32:51,4.0
内河侧水位,2023/10/31,6:00:00,4.2
长江侧水位,2023/10/31,6:00:00,4.6
上游闸内水位,2023/10/31,7:17:29,4.5
上游闸外水位,2023/10/31,7:17:29,4.5
下游闸内水位,2023/10/31,7:20:03,4.6
下游闸外水位,2023/10/31,7:20:03,5.0
下游闸内水位,2023/10/31,7:21:31,4.8
下游闸外水位,2023/10/31,7:21:31,4.9
下游闸内水位,2023/10/31,7:57:00,5.0
下游闸外水位,2023/10/31,7:57:00,5.0
上游闸内水位,2023/10/31,7:59:51,5.0
上游闸外水位,2023/10/31,7:59:51,4.6
内河侧水位,2023/10/31,8:00:00,4.6
长江侧水位,2023/10/31,8:00:00,4.9
下游闸内水位,2023/10/31,9:21:25,4.6
下游闸外水位,2023/10/31,9:21:25,4.5
下游闸内水位,2023/10/31,9:23:20,4.6
下游闸外水位,2023/10/31,9:23:20,4.5
下游闸内水位,2023/10/31,9:32:36,4.6
下游闸外水位,2023/10/31,9:32:36,4.5
上游闸内水位,2023/10/31,10:58:29,4.2
上游闸外水位,2023/10/31,10:58:29,4.1
内河侧水位,2023/10/31,11:00:00,4.1
长江侧水位,2023/10/31,11:00:00,4.1
下游闸内水位,2023/10/31,11:01:23,4.2
下游闸外水位,2023/10/31,11:01:23,4.1
下游闸内水位,2023/10/31,11:03:14,4.2
下游闸外水位,2023/10/31,11:03:14,4.1
上游闸内水位,2023/10/31,11:11:17,4.1
上游闸外水位,2023/10/31,11:11:17,4.1
内河侧水位,2023/10/31,12:00:00,4.0
长江侧水位,2023/10/31,12:00:00,3.9
内河侧水位,2023/10/31,13:00:00,3.8
长江侧水位,2023/10/31,13:00:00,3.7
下游闸内水位,2023/10/31,14:31:24,3.5
下游闸外水位,2023/10/31,14:31:24,3.5
上游闸内水位,2023/10/31,14:34:57,3.5
上游闸内水位,2023/10/29,17:12:17,4.4
上游闸外水位,2023/10/29,17:12:17,4.4
下游闸内水位,2023/10/29,17:16:49,4.8
下游闸外水位,2023/10/29,17:16:49,4.9
下游闸内水位,2023/10/29,17:47:42,5.2
下游闸外水位,2023/10/29,17:47:42,5.1
上游闸内水位,2023/10/29,17:50:19,5.2
上游闸外水位,2023/10/29,17:50:19,4.5
上游闸内水位,2023/10/29,17:52:47,4.7
上游闸外水位,2023/10/29,17:52:47,4.6
内河侧水位,2023/10/29,18:00:00,4.6
长江侧水位,2023/10/29,18:00:00,5.2
上游闸内水位,2023/10/29,19:30:45,4.8
上游闸外水位,2023/10/29,19:30:45,4.8
下游闸内水位,2023/10/29,19:33:15,4.9
下游闸外水位,2023/10/29,19:33:15,5.2
内河侧水位,2023/10/29,20:00:00,4.8
长江侧水位,2023/10/29,20:00:00,5.0
上游闸内水位,2023/10/30,1:45:40,3.7
上游闸外水位,2023/10/30,1:45:40,3.9
上游闸内水位,2023/10/30,8:44:33,4.6
上游闸外水位,2023/10/30,8:44:33,4.6
下游闸内水位,2023/10/30,9:15:23,4.6
下游闸外水位,2023/10/30,9:15:23,4.5
上游闸内水位,2023/10/30,9:18:25,4.6
上游闸外水位,2023/10/30,9:18:25,4.5
上游闸内水位,2023/10/30,9:24:50,4.5
上游闸外水位,2023/10/30,9:24:50,4.5
上游闸内水位,2023/10/30,9:55:10,4.4
上游闸外水位,2023/10/30,9:55:10,4.4
内河侧水位,2023/10/30,10:00:00,4.3
长江侧水位,2023/10/30,10:00:00,4.3
下游闸内水位,2023/10/30,11:30:46,4.1
下游闸外水位,2023/10/30,11:30:46,4.0
上游闸内水位,2023/10/30,11:33:37,4.1
上游闸外水位,2023/10/30,11:33:37,4.0
上游闸内水位,2023/10/30,11:35:06,4.0
上游闸外水位,2023/10/30,11:35:06,4.0
下游闸内水位,2023/10/30,11:47:29,4.0
下游闸外水位,2023/10/30,11:47:29,4.0
内河侧水位,2023/10/30,12:00:00,3.9
长江侧水位,2023/10/30,12:00:00,3.9
下游闸内水位,2023/10/30,18:15:11,5.2
下游闸外水位,2023/10/30,18:15:11,5.1
上游闸内水位,2023/10/30,18:17:45,5.2
上游闸外水位,2023/10/30,18:17:45,4.5
上游闸内水位,2023/10/30,18:20:16,4.7
上游闸外水位,2023/10/30,18:20:16,4.6
上游闸内水位,2023/10/30,18:45:53,4.7
上游闸外水位,2023/10/30,18:45:53,4.7
下游闸内水位,2023/10/30,18:48:37,4.7
下游闸外水位,2023/10/30,18:48:37,5.3
下游闸内水位,2023/10/30,18:50:59,5.2
下游闸外水位,2023/10/30,18:50:59,5.3
内河侧水位,2023/10/30,19:00:00,4.7
长江侧水位,2023/10/30,19:00:00,5.4
上游闸内水位,2023/10/31,0:17:35,4.1
上游闸外水位,2023/10/31,0:17:35,4.1
上游闸内水位,2023/10/31,1:27:06,4.0
上游闸外水位,2023/10/31,1:27:06,3.9
下游闸内水位,2023/10/31,1:29:48,4.0
下游闸外水位,2023/10/31,1:29:48,3.8
下游闸内水位,2023/10/31,1:31:06,3.9
下游闸外水位,2023/10/31,1:31:06,3.8
内河侧水位,2023/10/31,2:00:00,3.9
长江侧水位,2023/10/31,2:00:00,3.7
上游闸内水位,2023/10/31,3:03:32,3.9
上游闸外水位,2023/10/31,3:03:32,3.9
下游闸内水位,2023/10/31,3:07:22,3.9
下游闸外水位,2023/10/31,3:07:22,3.6
下游闸内水位,2023/10/31,3:09:20,3.7
下游闸外水位,2023/10/31,3:09:20,3.6
下游闸内水位,2023/10/31,3:55:09,3.5
下游闸外水位,2023/10/31,3:55:09,3.4
上游闸内水位,2023/10/31,3:58:32,3.5
上游闸外水位,2023/10/31,3:58:32,3.9
下游闸内水位,2023/10/31,5:28:24,4.2
下游闸外水位,2023/10/31,5:28:24,4.2
上游闸内水位,2023/10/31,9:18:10,4.5
上游闸外水位,2023/10/31,9:18:10,4.5
上游闸内水位,2023/10/31,9:35:48,4.5
上游闸外水位,2023/10/31,9:35:48,4.5
上游闸内水位,2023/10/31,9:37:45,4.5
上游闸外水位,2023/10/31,9:37:45,4.5
内河侧水位,2023/10/31,10:00:00,4.4
长江侧水位,2023/10/31,10:00:00,4.3
上游闸内水位,2023/10/31,10:06:47,4.4
下游闸内水位,2023/10/30,0:02:13,4.0
下游闸外水位,2023/10/30,0:02:13,4.0
上游闸内水位,2023/10/30,0:04:59,4.0
上游闸外水位,2023/10/30,0:04:59,4.0
上游闸内水位,2023/10/30,0:06:33,4.0
上游闸外水位,2023/10/30,0:06:33,4.0
上游闸内水位,2023/10/30,0:52:03,4.0
上游闸外水位,2023/10/30,0:52:03,4.0
下游闸内水位,2023/10/30,0:55:03,4.0
下游闸外水位,2023/10/30,0:55:03,3.8
内河侧水位,2023/10/30,1:00:00,3.9
长江侧水位,2023/10/30,1:00:00,3.8
上游闸内水位,2023/10/30,1:47:26,3.9
上游闸外水位,2023/10/30,1:47:26,3.9
下游闸内水位,2023/10/30,2:24:46,3.9
下游闸外水位,2023/10/30,2:24:46,3.5
下游闸内水位,2023/10/30,2:26:55,3.7
下游闸外水位,2023/10/30,2:26:55,3.5
内河侧水位,2023/10/30,3:00:00,3.9
长江侧水位,2023/10/30,3:00:00,3.5
下游闸内水位,2023/10/30,16:02:24,3.8
下游闸外水位,2023/10/30,16:02:24,3.3
下游闸内水位,2023/10/30,16:04:39,3.5
下游闸外水位,2023/10/30,16:04:39,3.4
下游闸内水位,2023/10/30,16:42:17,4.2
下游闸外水位,2023/10/30,16:42:17,4.2
上游闸内水位,2023/10/30,16:45:30,4.3
上游闸外水位,2023/10/30,16:45:30,3.8
上游闸内水位,2023/10/30,16:47:51,3.9
上游闸外水位,2023/10/30,16:47:51,3.8
内河侧水位,2023/10/30,17:00:00,4.0
长江侧水位,2023/10/30,17:00:00,4.4
上游闸内水位,2023/10/31,8:03:18,4.6
上游闸外水位,2023/10/31,8:03:18,4.6
上游闸内水位,2023/10/31,8:29:12,4.6
上游闸外水位,2023/10/31,8:29:12,4.6
下游闸内水位,2023/10/31,8:34:47,4.6
下游闸外水位,2023/10/31,8:34:47,4.8
下游闸内水位,2023/10/31,8:36:51,4.8
下游闸外水位,2023/10/31,8:36:51,4.8
下游闸内水位,2023/10/31,8:51:48,4.7
下游闸外水位,2023/10/31,8:51:48,4.7
上游闸内水位,2023/10/31,8:54:55,4.7
上游闸外水位,2023/10/31,8:54:55,4.5
上游闸内水位,2023/10/31,8:56:43,4.6
上游闸外水位,2023/10/31,8:56:43,4.5
内河侧水位,2023/10/31,9:00:00,4.5
长江侧水位,2023/10/31,9:00:00,4.6
上游闸外水位,2023/10/31,10:06:47,4.4
下游闸内水位,2023/10/31,10:09:29,4.4
下游闸外水位,2023/10/31,10:09:29,4.3
下游闸内水位,2023/10/31,10:12:06,4.4
下游闸外水位,2023/10/31,10:12:06,4.3
下游闸内水位,2023/10/31,10:25:31,4.4
下游闸外水位,2023/10/31,10:25:31,4.3
上游闸内水位,2023/10/31,10:28:26,4.3
上游闸外水位,2023/10/31,10:28:26,4.3
上游闸内水位,2023/10/31,10:30:00,4.3
上游闸外水位,2023/10/31,10:30:00,4.3
上游闸外水位,2023/10/31,14:34:57,3.8
上游闸内水位,2023/10/31,14:36:57,3.8
上游闸外水位,2023/10/31,14:36:57,3.7
上游闸内水位,2023/10/31,14:54:37,3.8
上游闸外水位,2023/10/31,14:54:37,3.8
下游闸内水位,2023/10/31,14:57:24,3.8
下游闸外水位,2023/10/31,14:57:24,3.5
下游闸内水位,2023/10/31,14:59:07,3.6
下游闸外水位,2023/10/31,14:59:07,3.5
内河侧水位,2023/10/31,15:00:00,3.8
长江侧水位,2023/10/31,15:00:00,3.5
上游闸内水位,2023/10/31,17:03:46,3.8
上游闸外水位,2023/10/31,17:03:46,3.8
下游闸内水位,2023/10/31,17:06:32,3.8
下游闸外水位,2023/10/31,17:06:32,3.8
下游闸内水位,2023/10/31,17:07:52,3.8
下游闸外水位,2023/10/31,17:07:52,3.7
下游闸内水位,2023/10/31,17:32:40,4.5
下游闸外水位,2023/10/31,17:32:40,4.3
上游闸内水位,2023/10/31,17:35:31,4.4
上游闸外水位,2023/10/31,17:35:31,4.0
上游闸内水位,2023/10/31,17:37:20,4.2
上游闸外水位,2023/10/31,17:37:20,4.0
内河侧水位,2023/10/31,18:00:00,4.2
长江侧水位,2023/10/31,18:00:00,4.7
上游闸内水位,2023/10/31,18:25:32,4.9
上游闸外水位,2023/10/31,18:25:32,4.4
下游闸内水位,2023/10/31,19:32:45,5.3
下游闸内水位,2023/10/30,7:03:42,5.2
下游闸外水位,2023/10/30,7:03:42,5.1
上游闸内水位,2023/10/30,7:06:24,5.2
上游闸外水位,2023/10/30,7:06:24,4.7
上游闸内水位,2023/10/30,7:08:45,4.8
上游闸外水位,2023/10/30,7:08:45,4.7
上游闸内水位,2023/10/30,7:31:18,4.7
上游闸外水位,2023/10/30,7:31:18,4.7
下游闸内水位,2023/10/30,7:34:47,4.7
下游闸外水位,2023/10/30,7:34:47,5.0
下游闸内水位,2023/10/30,7:36:06,4.9
下游闸外水位,2023/10/30,7:36:06,5.0
内河侧水位,2023/10/30,8:00:00,4.7
长江侧水位,2023/10/30,8:00:00,4.9
下游闸内水位,2023/10/30,23:01:04,4.4
下游闸外水位,2023/10/30,23:01:04,4.3
上游闸内水位,2023/10/30,23:58:42,4.2
上游闸外水位,2023/10/30,23:58:42,4.2
下游闸内水位,2023/10/30,23:59:30,4.2
下游闸外水位,2023/10/30,23:59:30,4.1
内河侧水位,2023/10/31,0:00:00,4.1
长江侧水位,2023/10/31,0:00:00,4.1
下游闸内水位,2023/10/31,15:23:36,3.4
下游闸外水位,2023/10/31,15:23:36,3.4
上游闸内水位,2023/10/31,15:26:21,3.4
上游闸外水位,2023/10/31,15:26:21,3.8
上游闸内水位,2023/10/31,15:28:01,3.6
上游闸外水位,2023/10/31,15:28:01,3.7
上游闸内水位,2023/10/31,15:43:53,3.9
上游闸外水位,2023/10/31,15:43:53,3.8
下游闸内水位,2023/10/31,15:46:31,3.8
下游闸外水位,2023/10/31,15:46:31,3.3
下游闸内水位,2023/10/31,15:49:05,3.5
下游闸外水位,2023/10/31,15:49:05,3.3
内河侧水位,2023/10/31,16:00:00,3.8
长江侧水位,2023/10/31,16:00:00,3.2
下游闸外水位,2023/10/31,19:32:45,5.2
上游闸内水位,2023/10/31,19:35:54,5.3
上游闸外水位,2023/10/31,19:35:54,4.7
上游闸内水位,2023/10/31,19:38:29,4.8
上游闸外水位,2023/10/31,19:38:29,4.7
内河侧水位,2023/10/31,20:00:00,4.7
长江侧水位,2023/10/31,20:00:00,5.2
内河侧水位,2023/10/31,21:00:00,4.7
长江侧水位,2023/10/31,21:00:00,5.0
下游闸内水位,2023/10/31,22:09:55,4.6
下游闸外水位,2023/10/31,22:09:55,4.6
上游闸内水位,2023/10/31,22:50:20,4.5
上游闸外水位,2023/10/31,22:50:20,4.4
内河侧水位,2023/10/31,23:00:00,4.4
长江侧水位,2023/10/31,23:00:00,4.4
上游闸内水位,2023/10/31,4:00:10,3.7
上游闸外水位,2023/10/31,4:00:10,3.8
上游闸内水位,2023/10/31,4:45:10,3.9
上游闸外水位,2023/10/31,4:45:10,3.8
下游闸内水位,2023/10/31,4:47:54,3.9
下游闸外水位,2023/10/31,4:47:54,3.5
下游闸内水位,2023/10/31,4:49:55,3.7
下游闸外水位,2023/10/31,4:49:55,3.5
内河侧水位,2023/10/31,5:00:00,3.8
长江侧水位,2023/10/31,5:00:00,3.7
上游闸内水位,2023/10/31,6:05:19,4.3
上游闸外水位,2023/10/31,6:05:19,4.2
下游闸内水位,2023/10/31,6:07:51,4.3
下游闸外水位,2023/10/31,6:07:51,4.7
下游闸内水位,2023/10/31,6:09:19,4.5
下游闸外水位,2023/10/31,6:09:19,4.6
下游闸内水位,2023/10/31,6:39:05,4.9
下游闸外水位,2023/10/31,6:39:05,4.8
上游闸内水位,2023/10/31,6:41:44,4.8
上游闸外水位,2023/10/31,6:41:44,4.4
上游闸内水位,2023/10/31,6:43:33,4.6
上游闸外水位,2023/10/31,6:43:33,4.4
内河侧水位,2023/10/31,7:00:00,4.5
长江侧水位,2023/10/31,7:00:00,4.9
上游闸内水位,2023/10/31,13:51:16,3.7
上游闸外水位,2023/10/31,13:51:16,3.6
内河侧水位,2023/10/31,14:00:00,3.7
长江侧水位,2023/10/31,14:00:00,3.6
上游闸内水位,2023/10/31,20:22:06,4.8
上游闸外水位,2023/10/31,20:22:06,4.7
下游闸内水位,2023/10/31,20:24:45,4.8
下游闸外水位,2023/10/31,20:24:45,5.2
下游闸内水位,2023/10/31,20:26:20,5.0
下游闸外水位,2023/10/31,20:26:20,5.2
下游闸内水位,2023/10/31,21:11:01,5.0
下游闸外水位,2023/10/31,21:11:01,4.9
上游闸内水位,2023/10/31,21:14:15,5.0
上游闸外水位,2023/10/31,21:14:15,4.7
上游闸内水位,2023/10/31,21:16:35,4.7
上游闸外水位,2023/10/31,21:16:35,4.7
上游闸内水位,2023/10/31,22:06:18,4.6
上游闸外水位,2023/10/31,22:06:18,4.6
下游闸内水位,2023/10/31,22:47:43,4.5
下游闸外水位,2023/10/31,22:47:43,4.4
上游闸内水位,2023/10/31,22:51:51,4.4
上游闸外水位,2023/10/31,22:51:51,4.4
