名称,日期,时间,数值
内河侧水位,2024/01/01,0:00:00,3.9
长江侧水位,2024/01/01,0:00:00,3.6
下游闸内水位,2024/01/01,0:23:10,3.5
下游闸外水位,2024/01/01,0:23:10,3.5
上游闸内水位,2024/01/01,0:25:51,3.4
上游闸外水位,2024/01/01,0:25:51,3.9
上游闸内水位,2024/01/01,0:28:23,3.9
上游闸外水位,2024/01/01,0:28:23,3.9
内河侧水位,2024/01/01,1:00:00,3.9
长江侧水位,2024/01/01,1:00:00,3.3
上游闸内水位,2024/01/01,1:06:12,3.9
上游闸外水位,2024/01/01,1:06:12,3.9
下游闸内水位,2024/01/01,1:09:10,3.9
下游闸外水位,2024/01/01,1:09:10,3.3
下游闸内水位,2024/01/01,1:13:30,3.3
下游闸外水位,2024/01/01,1:13:30,3.3
下游闸内水位,2024/01/01,1:54:55,3.2
下游闸外水位,2024/01/01,1:54:55,3.2
上游闸内水位,2024/01/01,1:57:32,3.1
上游闸外水位,2024/01/01,1:57:32,3.8
内河侧水位,2024/01/01,2:00:00,3.8
长江侧水位,2024/01/01,2:00:00,3.1
上游闸内水位,2024/01/01,2:00:09,3.7
上游闸外水位,2024/01/01,2:00:09,3.8
上游闸内水位,2024/01/01,2:36:18,3.8
上游闸外水位,2024/01/01,2:36:18,3.8
下游闸内水位,2024/01/01,2:39:20,3.9
下游闸外水位,2024/01/01,2:39:20,3.0
下游闸内水位,2024/01/01,2:42:51,3.2
下游闸外水位,2024/01/01,2:42:51,3.0
内河侧水位,2024/01/01,3:00:00,3.8
长江侧水位,2024/01/01,3:00:00,3.0
下游闸内水位,2024/01/01,3:27:24,2.9
下游闸外水位,2024/01/01,3:27:24,2.9
上游闸内水位,2024/01/01,3:30:00,2.9
上游闸外水位,2024/01/01,3:30:00,3.8
上游闸内水位,2024/01/01,3:32:55,3.6
上游闸外水位,2024/01/01,3:32:55,3.7
内河侧水位,2024/01/01,4:00:00,3.8
长江侧水位,2024/01/01,4:00:00,2.9
上游闸内水位,2024/01/01,4:01:14,3.8
上游闸外水位,2024/01/01,4:01:14,3.8
下游闸内水位,2024/01/01,4:03:48,3.8
下游闸外水位,2024/01/01,4:03:48,2.8
下游闸内水位,2024/01/01,4:08:17,2.9
下游闸外水位,2024/01/01,4:08:17,2.8
下游闸内水位,2024/01/01,4:48:31,2.8
下游闸外水位,2024/01/01,4:48:31,2.7
上游闸内水位,2024/01/01,4:51:12,2.8
上游闸外水位,2024/01/01,4:51:12,3.8
上游闸内水位,2024/01/01,4:54:25,3.6
上游闸外水位,2024/01/01,4:54:25,3.7
内河侧水位,2024/01/01,5:00:00,3.7
长江侧水位,2024/01/01,5:00:00,2.7
上游闸内水位,2024/01/01,5:33:22,3.8
上游闸外水位,2024/01/01,5:33:22,3.8
下游闸内水位,2024/01/01,5:35:58,3.8
下游闸外水位,2024/01/01,5:35:58,2.7
下游闸内水位,2024/01/01,5:40:53,2.7
下游闸外水位,2024/01/01,5:40:53,2.6
内河侧水位,2024/01/01,6:00:00,3.8
长江侧水位,2024/01/01,6:00:00,2.7
下游闸内水位,2024/01/01,6:24:27,2.6
下游闸外水位,2024/01/01,6:24:27,2.6
上游闸内水位,2024/01/01,6:27:43,2.6
上游闸外水位,2024/01/01,6:27:43,3.8
上游闸内水位,2024/01/01,6:30:59,3.6
上游闸外水位,2024/01/01,6:30:59,3.7
内河侧水位,2024/01/01,7:00:00,3.7
长江侧水位,2024/01/01,7:00:00,2.9
上游闸内水位,2024/01/01,7:08:36,3.8
上游闸外水位,2024/01/01,7:08:36,3.8
下游闸内水位,2024/01/01,7:11:45,3.8
下游闸外水位,2024/01/01,7:11:45,3.1
下游闸内水位,2024/01/01,7:15:01,3.3
下游闸外水位,2024/01/01,7:15:01,3.1
下游闸内水位,2024/01/01,7:50:07,3.6
下游闸外水位,2024/01/01,7:50:07,3.5
上游闸内水位,2024/01/01,7:52:58,3.5
上游闸外水位,2024/01/01,7:52:58,3.8
上游闸内水位,2024/01/01,7:55:09,3.8
上游闸外水位,2024/01/01,7:55:09,3.8
内河侧水位,2024/01/01,8:00:00,3.7
长江侧水位,2024/01/01,8:00:00,3.5
上游闸内水位,2024/01/01,8:25:40,3.8
上游闸外水位,2024/01/01,8:25:40,3.8
下游闸内水位,2024/01/01,8:26:39,3.8
下游闸外水位,2024/01/01,8:26:39,3.7
上游闸内水位,2024/01/01,8:29:51,3.7
上游闸外水位,2024/01/01,8:29:51,3.8
内河侧水位,2024/01/01,9:00:00,3.8
长江侧水位,2024/01/01,9:00:00,3.8
内河侧水位,2024/01/01,10:00:00,3.9
长江侧水位,2024/01/01,10:00:00,3.9
上游闸内水位,2024/01/01,10:43:39,3.6
上游闸外水位,2024/01/01,10:43:39,3.6
内河侧水位,2024/01/01,11:00:00,3.8
长江侧水位,2024/01/01,11:00:00,3.7
下游闸内水位,2024/01/01,11:23:16,3.4
下游闸外水位,2024/01/01,11:23:16,3.4
上游闸内水位,2024/01/01,11:26:20,3.4
上游闸外水位,2024/01/01,11:26:20,3.8
上游闸内水位,2024/01/01,11:28:26,3.7
上游闸外水位,2024/01/01,11:28:26,3.7
内河侧水位,2024/01/01,12:00:00,3.8
长江侧水位,2024/01/01,12:00:00,3.3
上游闸内水位,2024/01/01,12:16:28,3.8
上游闸外水位,2024/01/01,12:16:28,3.8
下游闸内水位,2024/01/01,12:19:03,3.8
下游闸外水位,2024/01/01,12:19:03,3.2
下游闸内水位,2024/01/01,12:21:57,3.4
下游闸外水位,2024/01/01,12:21:57,3.2
内河侧水位,2024/01/01,13:00:00,3.8
长江侧水位,2024/01/01,13:00:00,3.1
下游闸内水位,2024/01/01,13:08:17,3.1
下游闸外水位,2024/01/01,13:08:17,3.1
上游闸内水位,2024/01/01,13:11:09,3.0
上游闸外水位,2024/01/01,13:11:09,3.8
上游闸内水位,2024/01/01,13:15:14,3.4
上游闸外水位,2024/01/01,13:15:14,3.8
上游闸内水位,2024/01/01,13:17:03,3.6
上游闸外水位,2024/01/01,13:17:03,3.8
上游闸内水位,2024/01/01,13:18:25,3.7
上游闸外水位,2024/01/01,13:18:25,3.8
内河侧水位,2024/01/01,14:00:00,3.8
长江侧水位,2024/01/01,14:00:00,2.9
上游闸内水位,2024/01/01,14:00:14,3.8
上游闸外水位,2024/01/01,14:00:14,3.8
下游闸内水位,2024/01/01,14:02:46,3.9
下游闸外水位,2024/01/01,14:02:46,2.9
下游闸内水位,2024/01/01,14:06:41,3.0
下游闸外水位,2024/01/01,14:06:41,2.9
下游闸内水位,2024/01/01,14:54:38,2.8
下游闸外水位,2024/01/01,14:54:38,2.8
上游闸内水位,2024/01/01,14:57:18,2.8
上游闸外水位,2024/01/01,14:57:18,3.8
上游闸内水位,2024/01/01,14:59:59,3.5
上游闸外水位,2024/01/01,14:59:59,3.7
内河侧水位,2024/01/01,15:00:00,3.7
长江侧水位,2024/01/01,15:00:00,2.8
上游闸内水位,2024/01/01,15:42:13,3.8
上游闸外水位,2024/01/01,15:42:13,3.8
下游闸内水位,2024/01/01,15:44:50,3.9
下游闸外水位,2024/01/01,15:44:50,2.6
下游闸内水位,2024/01/01,15:49:03,2.8
下游闸外水位,2024/01/01,15:49:03,2.6
内河侧水位,2024/01/01,16:00:00,3.8
长江侧水位,2024/01/01,16:00:00,2.6
下游闸内水位,2024/01/01,16:39:01,2.6
下游闸外水位,2024/01/01,16:39:01,2.5
上游闸内水位,2024/01/01,16:41:46,2.5
上游闸外水位,2024/01/01,16:41:46,3.8
上游闸内水位,2024/01/01,16:45:10,3.7
上游闸外水位,2024/01/01,16:45:10,3.7
内河侧水位,2024/01/01,18:00:00,3.8
长江侧水位,2024/01/01,18:00:00,2.5
上游闸内水位,2024/01/01,18:11:41,3.8
上游闸外水位,2024/01/01,18:11:41,3.8
下游闸内水位,2024/01/01,18:14:17,3.8
下游闸外水位,2024/01/01,18:14:17,2.4
下游闸内水位,2024/01/01,18:18:48,2.6
下游闸外水位,2024/01/01,18:18:48,2.5
内河侧水位,2024/01/01,17:00:00,3.7
长江侧水位,2024/01/01,17:00:00,2.5
上游闸内水位,2024/01/01,17:20:44,3.8
上游闸外水位,2024/01/01,17:20:44,3.8
下游闸内水位,2024/01/01,17:23:14,3.8
下游闸外水位,2024/01/01,17:23:14,2.4
下游闸内水位,2024/01/01,17:27:53,2.5
下游闸外水位,2024/01/01,17:27:53,2.4
下游闸内水位,2024/01/01,17:51:18,2.4
下游闸外水位,2024/01/01,17:51:18,2.4
下游闸内水位,2024/01/01,18:48:04,2.8
下游闸外水位,2024/01/01,18:48:04,2.8
上游闸内水位,2024/01/01,18:50:59,2.9
上游闸外水位,2024/01/01,18:50:59,3.8
上游闸内水位,2024/01/01,18:53:43,3.6
上游闸外水位,2024/01/01,18:53:43,3.7
内河侧水位,2024/01/01,19:00:00,3.8
长江侧水位,2024/01/01,19:00:00,3.0
上游闸内水位,2024/01/01,19:28:57,3.8
上游闸外水位,2024/01/01,19:28:57,3.8
下游闸内水位,2024/01/01,19:31:34,3.8
下游闸外水位,2024/01/01,19:31:34,3.4
下游闸内水位,2024/01/01,19:33:40,3.6
下游闸外水位,2024/01/01,19:33:40,3.4
内河侧水位,2024/01/01,20:00:00,3.8
长江侧水位,2024/01/01,20:00:00,3.6
下游闸内水位,2024/01/01,20:18:20,3.8
下游闸外水位,2024/01/01,20:18:20,3.7
上游闸内水位,2024/01/01,20:20:56,3.8
上游闸外水位,2024/01/01,20:20:56,3.8
上游闸内水位,2024/01/01,20:22:54,3.8
上游闸外水位,2024/01/01,20:22:54,3.8
上游闸内水位,2024/01/01,20:58:33,3.9
上游闸外水位,2024/01/01,20:58:33,3.9
内河侧水位,2024/01/01,21:00:00,3.9
长江侧水位,2024/01/01,21:00:00,4.0
下游闸内水位,2024/01/01,21:00:06,3.9
下游闸外水位,2024/01/01,21:00:06,4.0
上游闸内水位,2024/01/01,21:15:39,4.1
上游闸外水位,2024/01/01,21:15:39,3.9
上游闸内水位,2024/01/01,21:46:04,4.1
上游闸外水位,2024/01/01,21:46:04,4.0
下游闸内水位,2024/01/01,22:21:59,4.1
下游闸外水位,2024/01/01,22:21:59,4.1
上游闸内水位,2024/01/01,22:24:46,4.1
上游闸外水位,2024/01/01,22:24:46,4.0
上游闸内水位,2024/01/01,22:26:54,4.1
上游闸外水位,2024/01/01,22:26:54,4.0
内河侧水位,2024/01/01,23:00:00,4.0
长江侧水位,2024/01/01,23:00:00,3.9
上游闸内水位,2024/01/01,23:13:27,4.0
上游闸外水位,2024/01/01,23:13:27,4.0
下游闸内水位,2024/01/01,23:16:09,4.0
下游闸外水位,2024/01/01,23:16:09,3.8
下游闸内水位,2024/01/01,23:17:54,3.9
下游闸外水位,2024/01/01,23:17:54,3.8
下游闸内水位,2024/01/01,23:48:07,3.7
下游闸外水位,2024/01/01,23:48:07,3.6
上游闸内水位,2024/01/01,23:50:51,3.6
上游闸外水位,2024/01/01,23:50:51,3.9
上游闸内水位,2024/01/01,23:52:07,3.7
上游闸外水位,2024/01/01,23:52:07,3.9
上游闸内水位,2024/01/01,23:53:40,3.9
上游闸外水位,2024/01/01,23:53:40,3.9
内河侧水位,2024/01/02,0:00:00,3.9
长江侧水位,2024/01/02,0:00:00,3.6
上游闸内水位,2024/01/02,0:30:00,3.9
上游闸外水位,2024/01/02,0:30:00,3.9
下游闸内水位,2024/01/02,0:32:32,4.0
下游闸外水位,2024/01/02,0:32:32,3.4
下游闸内水位,2024/01/02,0:35:16,3.6
下游闸外水位,2024/01/02,0:35:16,3.4
内河侧水位,2024/01/02,1:00:00,3.9
长江侧水位,2024/01/02,1:00:00,3.3
下游闸内水位,2024/01/02,1:22:08,3.3
下游闸外水位,2024/01/02,1:22:08,3.2
上游闸内水位,2024/01/02,1:25:13,3.2
上游闸外水位,2024/01/02,1:25:13,3.9
上游闸内水位,2024/01/02,1:27:27,3.7
上游闸外水位,2024/01/02,1:27:27,3.8
内河侧水位,2024/01/02,2:00:00,3.9
长江侧水位,2024/01/02,2:00:00,3.1
上游闸内水位,2024/01/02,2:10:13,3.9
上游闸外水位,2024/01/02,2:10:13,3.9
下游闸内水位,2024/01/02,2:13:14,3.9
下游闸外水位,2024/01/02,2:13:14,3.1
下游闸内水位,2024/01/02,2:16:33,3.2
上游闸内水位,2024/01/01,17:53:54,2.4
上游闸外水位,2024/01/01,17:53:54,3.8
上游闸内水位,2024/01/01,17:57:51,3.7
上游闸外水位,2024/01/01,17:57:51,3.8
内河侧水位,2024/01/01,22:00:00,4.0
长江侧水位,2024/01/01,22:00:00,4.1
内河侧水位,2024/01/02,3:00:00,3.8
长江侧水位,2024/01/02,3:00:00,2.9
下游闸内水位,2024/01/02,3:12:04,3.0
下游闸外水位,2024/01/02,3:12:04,2.9
上游闸内水位,2024/01/02,3:16:33,3.0
上游闸外水位,2024/01/02,3:16:33,3.8
上游闸内水位,2024/01/02,3:19:21,3.6
上游闸外水位,2024/01/02,3:19:21,3.8
上游闸内水位,2024/01/02,3:55:17,3.8
上游闸外水位,2024/01/02,3:55:17,3.8
下游闸内水位,2024/01/02,3:57:47,3.9
下游闸外水位,2024/01/02,3:57:47,2.8
内河侧水位,2024/01/02,4:00:00,3.8
长江侧水位,2024/01/02,4:00:00,2.8
下游闸内水位,2024/01/02,4:03:26,2.8
下游闸外水位,2024/01/02,4:03:26,2.8
下游闸内水位,2024/01/02,4:32:59,2.7
下游闸外水位,2024/01/02,4:32:59,2.7
上游闸内水位,2024/01/02,4:36:44,2.7
上游闸外水位,2024/01/02,4:36:44,3.8
上游闸内水位,2024/01/02,4:39:41,3.6
上游闸外水位,2024/01/02,4:39:41,3.7
内河侧水位,2024/01/02,5:00:00,3.8
长江侧水位,2024/01/02,5:00:00,2.7
上游闸内水位,2024/01/02,5:16:03,3.8
上游闸外水位,2024/01/02,5:16:03,3.8
下游闸内水位,2024/01/02,5:18:35,3.8
下游闸外水位,2024/01/02,5:18:35,2.6
下游闸内水位,2024/01/02,11:16:45,3.5
下游闸外水位,2024/01/02,11:16:45,3.5
上游闸内水位,2024/01/02,11:19:19,3.6
上游闸外水位,2024/01/02,11:19:19,3.7
上游闸内水位,2024/01/02,11:21:18,3.7
上游闸外水位,2024/01/02,11:21:18,3.7
上游闸内水位,2024/01/02,11:59:59,3.8
上游闸外水位,2024/01/02,11:59:59,3.7
内河侧水位,2024/01/02,12:00:00,3.7
长江侧水位,2024/01/02,12:00:00,3.3
下游闸内水位,2024/01/02,12:02:49,3.8
下游闸外水位,2024/01/02,12:02:49,3.3
下游闸内水位,2024/01/02,12:05:23,3.5
下游闸外水位,2024/01/02,12:05:23,3.3
下游闸内水位,2024/01/02,12:45:33,3.2
下游闸外水位,2024/01/02,12:45:33,3.2
上游闸内水位,2024/01/02,12:48:36,3.2
上游闸外水位,2024/01/02,12:48:36,3.8
上游闸内水位,2024/01/02,12:50:44,3.6
上游闸外水位,2024/01/02,12:50:44,3.7
内河侧水位,2024/01/02,13:00:00,3.8
长江侧水位,2024/01/02,13:00:00,3.1
上游闸内水位,2024/01/02,13:28:29,3.8
上游闸外水位,2024/01/02,13:28:29,3.8
下游闸内水位,2024/01/02,13:31:04,3.8
下游闸外水位,2024/01/02,13:31:04,3.0
下游闸内水位,2024/01/02,13:34:40,3.1
下游闸外水位,2024/01/02,13:34:40,3.0
内河侧水位,2024/01/02,14:00:00,3.8
长江侧水位,2024/01/02,14:00:00,3.0
下游闸内水位,2024/01/02,14:09:48,2.9
下游闸外水位,2024/01/02,14:09:48,2.9
上游闸内水位,2024/01/02,14:12:31,2.9
上游闸外水位,2024/01/02,14:12:31,3.8
上游闸内水位,2024/01/02,14:15:16,3.6
上游闸外水位,2024/01/02,14:15:16,3.7
上游闸内水位,2024/01/02,14:54:10,3.8
上游闸外水位,2024/01/02,14:54:10,3.7
下游闸内水位,2024/01/02,14:59:41,3.8
下游闸外水位,2024/01/02,14:59:41,2.8
内河侧水位,2024/01/02,15:00:00,3.8
长江侧水位,2024/01/02,15:00:00,2.8
下游闸内水位,2024/01/02,15:03:39,2.9
下游闸外水位,2024/01/02,15:03:39,2.8
下游闸内水位,2024/01/02,15:44:19,2.7
下游闸外水位,2024/01/02,15:44:19,2.7
上游闸内水位,2024/01/02,15:47:01,2.6
上游闸外水位,2024/01/02,15:47:01,3.7
上游闸内水位,2024/01/02,15:50:02,3.6
上游闸外水位,2024/01/02,15:50:02,3.7
内河侧水位,2024/01/02,16:00:00,3.7
长江侧水位,2024/01/02,16:00:00,2.7
上游闸内水位,2024/01/02,16:25:30,3.8
下游闸外水位,2024/01/02,2:16:33,3.1
下游闸内水位,2024/01/02,5:23:12,2.7
下游闸外水位,2024/01/02,5:23:12,2.6
内河侧水位,2024/01/02,6:00:00,3.8
长江侧水位,2024/01/02,6:00:00,2.5
下游闸内水位,2024/01/02,6:09:36,2.5
下游闸外水位,2024/01/02,6:09:36,2.5
上游闸内水位,2024/01/02,6:12:17,2.6
上游闸外水位,2024/01/02,6:12:17,3.8
上游闸内水位,2024/01/02,6:16:32,3.8
上游闸外水位,2024/01/02,6:16:32,3.8
上游闸内水位,2024/01/02,6:57:19,3.8
上游闸外水位,2024/01/02,6:57:19,3.8
内河侧水位,2024/01/02,7:00:00,3.8
长江侧水位,2024/01/02,7:00:00,2.5
下游闸内水位,2024/01/02,7:00:32,3.8
下游闸外水位,2024/01/02,7:00:32,2.5
下游闸内水位,2024/01/02,7:05:20,2.6
下游闸外水位,2024/01/02,7:05:20,2.5
下游闸内水位,2024/01/02,7:40:06,2.8
下游闸外水位,2024/01/02,7:40:06,2.8
上游闸内水位,2024/01/02,7:42:46,2.8
上游闸外水位,2024/01/02,7:42:46,3.8
上游闸内水位,2024/01/02,7:45:45,3.6
上游闸外水位,2024/01/02,7:45:45,3.7
内河侧水位,2024/01/02,8:00:00,3.8
长江侧水位,2024/01/02,8:00:00,3.0
上游闸内水位,2024/01/02,8:05:50,3.8
上游闸外水位,2024/01/02,8:05:50,3.8
下游闸内水位,2024/01/02,8:08:25,3.9
下游闸外水位,2024/01/02,8:08:25,3.1
下游闸内水位,2024/01/02,8:11:33,3.3
下游闸外水位,2024/01/02,8:11:33,3.1
下游闸内水位,2024/01/02,8:26:32,3.3
下游闸外水位,2024/01/02,8:26:32,3.3
上游闸内水位,2024/01/02,8:29:07,3.3
上游闸外水位,2024/01/02,8:29:07,3.8
上游闸内水位,2024/01/02,8:31:10,3.6
上游闸外水位,2024/01/02,8:31:10,3.8
上游闸内水位,2024/01/02,8:54:20,3.9
上游闸外水位,2024/01/02,8:54:20,3.8
下游闸内水位,2024/01/02,8:56:57,3.9
下游闸外水位,2024/01/02,8:56:57,3.5
下游闸内水位,2024/01/02,8:58:54,3.6
下游闸外水位,2024/01/02,8:58:54,3.5
内河侧水位,2024/01/02,9:00:00,3.8
长江侧水位,2024/01/02,9:00:00,3.5
上游闸内水位,2024/01/02,9:06:35,3.5
上游闸外水位,2024/01/02,9:06:35,3.8
上游闸内水位,2024/01/02,9:08:30,3.7
上游闸外水位,2024/01/02,9:08:30,3.8
内河侧水位,2024/01/02,10:00:00,3.7
长江侧水位,2024/01/02,10:00:00,3.7
上游闸内水位,2024/01/02,10:48:43,3.7
上游闸外水位,2024/01/02,10:48:43,3.6
内河侧水位,2024/01/02,11:00:00,3.7
长江侧水位,2024/01/02,11:00:00,3.7
下游闸内水位,2024/01/03,0:16:49,3.7
下游闸外水位,2024/01/03,0:16:49,3.7
上游闸内水位,2024/01/03,0:19:37,3.7
上游闸外水位,2024/01/03,0:19:37,3.8
上游闸内水位,2024/01/03,0:21:40,3.8
上游闸外水位,2024/01/03,0:21:40,3.8
内河侧水位,2024/01/03,1:00:00,3.8
长江侧水位,2024/01/03,1:00:00,3.5
上游闸内水位,2024/01/03,1:06:57,3.9
上游闸外水位,2024/01/03,1:06:57,3.8
下游闸内水位,2024/01/03,1:09:32,3.9
下游闸外水位,2024/01/03,1:09:32,3.4
下游闸内水位,2024/01/03,1:12:04,3.5
下游闸外水位,2024/01/03,1:12:04,3.4
内河侧水位,2024/01/03,2:00:00,3.8
长江侧水位,2024/01/03,2:00:00,3.3
下游闸内水位,2024/01/03,2:01:31,3.3
下游闸外水位,2024/01/03,2:01:31,3.2
上游闸内水位,2024/01/03,2:04:10,3.2
上游闸外水位,2024/01/03,2:04:10,3.8
上游闸内水位,2024/01/03,2:06:15,3.6
上游闸外水位,2024/01/03,2:06:15,3.8
上游闸内水位,2024/01/03,2:46:38,3.8
上游闸外水位,2024/01/03,2:46:38,3.8
下游闸内水位,2024/01/03,2:49:16,3.9
下游闸外水位,2024/01/03,2:49:16,3.1
下游闸内水位,2024/01/03,2:52:41,3.3
下游闸外水位,2024/01/03,2:52:41,3.1
内河侧水位,2024/01/03,3:00:00,3.8
长江侧水位,2024/01/03,3:00:00,3.1
上游闸外水位,2024/01/02,16:25:30,3.7
下游闸内水位,2024/01/02,16:28:04,3.8
下游闸外水位,2024/01/02,16:28:04,2.6
下游闸内水位,2024/01/02,16:32:21,2.8
下游闸外水位,2024/01/02,16:32:21,2.6
内河侧水位,2024/01/02,17:00:00,3.7
长江侧水位,2024/01/02,17:00:00,2.5
下游闸内水位,2024/01/02,17:13:33,2.5
下游闸外水位,2024/01/02,17:13:33,2.5
上游闸内水位,2024/01/02,17:17:10,2.5
上游闸外水位,2024/01/02,17:17:10,3.7
上游闸内水位,2024/01/02,17:21:21,3.8
上游闸外水位,2024/01/02,17:21:21,3.8
下游闸内水位,2024/01/02,17:44:01,3.8
下游闸外水位,2024/01/02,17:44:01,2.5
下游闸内水位,2024/01/02,17:48:39,2.6
下游闸外水位,2024/01/02,17:48:39,2.5
内河侧水位,2024/01/02,18:00:00,3.7
长江侧水位,2024/01/02,18:00:00,2.4
下游闸内水位,2024/01/02,18:17:19,2.5
下游闸外水位,2024/01/02,18:17:19,2.5
上游闸内水位,2024/01/02,18:19:57,2.4
上游闸外水位,2024/01/02,18:19:57,3.7
上游闸内水位,2024/01/02,18:48:23,3.7
上游闸外水位,2024/01/02,18:48:23,3.7
下游闸内水位,2024/01/02,18:50:59,3.8
下游闸外水位,2024/01/02,18:50:59,2.6
下游闸内水位,2024/01/02,18:55:13,2.8
下游闸外水位,2024/01/02,18:55:13,2.6
内河侧水位,2024/01/02,19:00:00,3.7
长江侧水位,2024/01/02,19:00:00,2.8
下游闸内水位,2024/01/02,19:30:57,3.2
下游闸外水位,2024/01/02,19:30:57,3.2
上游闸内水位,2024/01/02,19:33:38,3.2
上游闸外水位,2024/01/02,19:33:38,3.7
上游闸内水位,2024/01/02,19:35:38,3.6
上游闸外水位,2024/01/02,19:35:38,3.7
上游闸内水位,2024/01/02,19:54:21,3.8
上游闸外水位,2024/01/02,19:54:21,3.7
下游闸内水位,2024/01/02,19:56:53,3.8
下游闸外水位,2024/01/02,19:56:53,3.5
下游闸内水位,2024/01/02,19:58:35,3.6
下游闸外水位,2024/01/02,19:58:35,3.5
内河侧水位,2024/01/02,20:00:00,3.7
长江侧水位,2024/01/02,20:00:00,3.5
下游闸内水位,2024/01/02,20:08:24,3.6
下游闸外水位,2024/01/02,20:08:24,3.6
上游闸内水位,2024/01/02,20:11:03,3.5
上游闸外水位,2024/01/02,20:11:03,3.7
上游闸内水位,2024/01/02,20:12:45,3.7
上游闸外水位,2024/01/02,20:12:45,3.7
上游闸内水位,2024/01/02,20:18:31,3.7
上游闸外水位,2024/01/02,20:18:31,3.7
下游闸内水位,2024/01/02,20:21:09,3.8
下游闸外水位,2024/01/02,20:21:09,3.7
下游闸内水位,2024/01/02,20:22:42,3.7
下游闸外水位,2024/01/02,20:22:42,3.7
下游闸内水位,2024/01/02,20:56:59,3.9
下游闸外水位,2024/01/02,20:56:59,3.9
内河侧水位,2024/01/02,21:00:00,3.7
长江侧水位,2024/01/02,21:00:00,3.9
上游闸内水位,2024/01/02,21:00:13,3.9
上游闸外水位,2024/01/02,21:00:13,3.7
上游闸内水位,2024/01/02,21:02:09,3.8
上游闸外水位,2024/01/02,21:02:09,3.8
上游闸内水位,2024/01/02,21:24:36,3.8
上游闸外水位,2024/01/02,21:24:36,3.7
下游闸内水位,2024/01/02,21:27:08,3.8
下游闸外水位,2024/01/02,21:27:08,4.0
下游闸内水位,2024/01/02,21:28:45,4.0
下游闸外水位,2024/01/02,21:28:45,4.0
下游闸内水位,2024/01/02,21:52:02,4.1
下游闸外水位,2024/01/02,21:52:02,4.1
上游闸内水位,2024/01/02,21:55:45,4.1
上游闸外水位,2024/01/02,21:55:45,3.8
上游闸内水位,2024/01/02,21:57:46,3.9
上游闸外水位,2024/01/02,21:57:46,3.8
内河侧水位,2024/01/02,22:00:00,3.7
长江侧水位,2024/01/02,22:00:00,4.1
上游闸内水位,2024/01/02,22:14:45,3.8
上游闸外水位,2024/01/02,22:14:45,3.8
下游闸内水位,2024/01/02,22:17:32,3.8
下游闸外水位,2024/01/02,22:17:32,4.1
下游闸内水位,2024/01/02,22:19:07,4.0
下游闸外水位,2024/01/02,22:19:07,4.1
下游闸内水位,2024/01/02,22:47:06,4.1
下游闸外水位,2024/01/02,22:47:06,4.1
上游闸内水位,2024/01/02,17:39:11,3.8
上游闸外水位,2024/01/02,17:39:11,3.7
上游闸内水位,2024/01/02,18:23:24,3.6
上游闸外水位,2024/01/02,18:23:24,3.6
上游闸内水位,2024/01/02,22:49:43,4.1
上游闸外水位,2024/01/02,22:49:43,3.8
上游闸内水位,2024/01/02,22:51:39,3.9
上游闸外水位,2024/01/02,22:51:39,3.8
内河侧水位,2024/01/02,23:00:00,3.8
长江侧水位,2024/01/02,23:00:00,4.1
上游闸内水位,2024/01/02,23:32:02,3.8
上游闸外水位,2024/01/02,23:32:02,3.8
下游闸内水位,2024/01/02,23:34:50,3.9
下游闸外水位,2024/01/02,23:34:50,3.9
下游闸内水位,2024/01/02,23:36:43,4.0
下游闸外水位,2024/01/02,23:36:43,4.0
内河侧水位,2024/01/03,0:00:00,3.8
长江侧水位,2024/01/03,0:00:00,3.8
下游闸内水位,2024/01/03,4:28:50,2.9
下游闸外水位,2024/01/03,4:28:50,2.9
上游闸内水位,2024/01/03,5:34:00,3.6
上游闸外水位,2024/01/03,5:34:00,3.8
内河侧水位,2024/01/03,6:00:00,3.8
长江侧水位,2024/01/03,6:00:00,2.7
上游闸内水位,2024/01/03,6:11:41,3.8
上游闸外水位,2024/01/03,6:11:41,3.8
下游闸内水位,2024/01/03,6:14:20,3.8
下游闸外水位,2024/01/03,6:14:20,2.7
下游闸内水位,2024/01/03,6:18:49,2.8
下游闸外水位,2024/01/03,6:18:49,2.6
下游闸内水位,2024/01/03,6:57:28,2.6
下游闸外水位,2024/01/03,6:57:28,2.6
内河侧水位,2024/01/03,7:00:00,3.8
长江侧水位,2024/01/03,7:00:00,2.6
上游闸内水位,2024/01/03,7:00:36,2.6
上游闸外水位,2024/01/03,7:00:36,3.8
上游闸内水位,2024/01/03,7:03:55,3.6
上游闸外水位,2024/01/03,7:03:55,3.7
上游闸内水位,2024/01/03,7:41:30,3.8
上游闸外水位,2024/01/03,7:41:30,3.8
下游闸内水位,2024/01/03,7:44:03,3.8
下游闸外水位,2024/01/03,7:44:03,2.6
下游闸内水位,2024/01/03,7:48:28,2.8
下游闸外水位,2024/01/03,7:48:28,2.7
内河侧水位,2024/01/03,8:00:00,3.8
长江侧水位,2024/01/03,8:00:00,2.7
下游闸内水位,2024/01/03,8:22:52,3.0
下游闸外水位,2024/01/03,8:22:52,3.0
上游闸内水位,2024/01/03,8:25:39,3.0
上游闸外水位,2024/01/03,8:25:39,3.8
上游闸内水位,2024/01/03,8:27:55,3.5
上游闸外水位,2024/01/03,8:27:55,3.7
上游闸内水位,2024/01/03,8:50:25,3.8
上游闸外水位,2024/01/03,8:50:25,3.8
下游闸内水位,2024/01/03,8:53:12,3.8
下游闸外水位,2024/01/03,8:53:12,3.2
下游闸内水位,2024/01/03,8:56:07,3.4
下游闸外水位,2024/01/03,8:56:07,3.3
内河侧水位,2024/01/03,9:00:00,3.8
长江侧水位,2024/01/03,9:00:00,3.3
下游闸内水位,2024/01/03,9:22:12,3.4
下游闸外水位,2024/01/03,9:22:12,3.4
上游闸内水位,2024/01/03,9:24:49,3.5
上游闸外水位,2024/01/03,9:24:49,3.8
上游闸内水位,2024/01/03,9:26:51,3.7
上游闸外水位,2024/01/03,9:26:51,3.8
下游闸内水位,2024/01/03,9:35:12,3.9
下游闸外水位,2024/01/03,9:35:12,3.5
下游闸内水位,2024/01/03,9:40:11,3.9
下游闸外水位,2024/01/03,9:40:11,3.5
内河侧水位,2024/01/03,10:00:00,3.3
长江侧水位,2024/01/03,10:00:00,3.5
内河侧水位,2024/01/03,11:00:00,3.7
长江侧水位,2024/01/03,11:00:00,3.7
上游闸内水位,2024/01/03,11:13:42,3.7
上游闸外水位,2024/01/03,11:13:42,3.7
下游闸内水位,2024/01/03,11:49:07,3.5
下游闸外水位,2024/01/03,11:49:07,3.5
上游闸内水位,2024/01/03,11:51:54,3.6
上游闸外水位,2024/01/03,11:51:54,3.7
上游闸内水位,2024/01/03,11:53:56,3.7
上游闸外水位,2024/01/03,11:53:56,3.7
内河侧水位,2024/01/03,12:00:00,3.8
长江侧水位,2024/01/03,12:00:00,3.5
上游闸内水位,2024/01/03,12:33:53,3.8
上游闸外水位,2024/01/03,12:33:53,3.7
下游闸内水位,2024/01/03,12:36:26,3.8
下游闸内水位,2024/01/03,3:34:04,3.0
下游闸外水位,2024/01/03,3:34:04,3.0
上游闸内水位,2024/01/03,3:36:40,3.0
上游闸外水位,2024/01/03,3:36:40,3.8
上游闸内水位,2024/01/03,3:39:28,3.6
上游闸外水位,2024/01/03,3:39:28,3.8
内河侧水位,2024/01/03,4:00:00,3.8
长江侧水位,2024/01/03,4:00:00,2.9
上游闸内水位,2024/01/03,4:20:58,3.8
上游闸外水位,2024/01/03,4:20:58,3.8
下游闸内水位,2024/01/03,4:23:30,3.9
下游闸外水位,2024/01/03,4:23:30,2.9
下游闸内水位,2024/01/03,4:24:58,3.7
下游闸外水位,2024/01/03,4:24:58,2.9
内河侧水位,2024/01/03,5:00:00,3.8
长江侧水位,2024/01/03,5:00:00,2.8
下游闸内水位,2024/01/03,5:26:18,2.8
下游闸外水位,2024/01/03,5:26:18,2.7
上游闸内水位,2024/01/03,5:30:43,2.7
上游闸外水位,2024/01/03,5:30:43,3.8
上游闸内水位,2024/01/03,17:46:10,3.7
上游闸外水位,2024/01/03,17:46:10,3.7
下游闸内水位,2024/01/03,17:48:47,3.8
下游闸外水位,2024/01/03,17:48:47,2.5
下游闸内水位,2024/01/03,17:53:49,2.6
下游闸外水位,2024/01/03,17:53:49,2.5
内河侧水位,2024/01/03,18:00:00,3.7
长江侧水位,2024/01/03,18:00:00,2.4
下游闸内水位,2024/01/03,18:41:42,2.5
下游闸外水位,2024/01/03,18:41:42,2.4
上游闸内水位,2024/01/03,18:44:30,2.5
上游闸外水位,2024/01/03,18:44:30,3.7
上游闸内水位,2024/01/03,18:47:57,3.6
上游闸外水位,2024/01/03,18:47:57,3.6
内河侧水位,2024/01/03,19:00:00,3.7
长江侧水位,2024/01/03,19:00:00,2.4
上游闸内水位,2024/01/03,19:12:27,3.8
上游闸外水位,2024/01/03,19:12:27,3.7
下游闸内水位,2024/01/03,19:15:10,3.8
下游闸外水位,2024/01/03,19:15:10,2.4
下游闸内水位,2024/01/03,19:19:57,2.6
下游闸外水位,2024/01/03,19:19:57,2.4
下游闸内水位,2024/01/03,19:51:42,2.6
下游闸外水位,2024/01/03,19:51:42,2.6
上游闸内水位,2024/01/03,19:57:58,3.6
上游闸外水位,2024/01/03,19:57:58,3.7
内河侧水位,2024/01/03,20:00:00,3.8
长江侧水位,2024/01/03,20:00:00,2.7
上游闸内水位,2024/01/03,20:38:04,3.7
上游闸外水位,2024/01/03,20:38:04,3.7
下游闸内水位,2024/01/03,20:40:50,3.8
下游闸外水位,2024/01/03,20:40:50,3.1
下游闸内水位,2024/01/03,20:44:00,3.2
下游闸外水位,2024/01/03,20:44:00,3.1
内河侧水位,2024/01/03,21:00:00,3.7
长江侧水位,2024/01/03,21:00:00,3.2
下游闸内水位,2024/01/03,21:26:19,3.5
下游闸外水位,2024/01/03,21:26:19,3.5
上游闸内水位,2024/01/03,21:28:52,3.4
上游闸外水位,2024/01/03,21:28:52,3.7
上游闸内水位,2024/01/03,21:30:51,3.7
上游闸外水位,2024/01/03,21:30:51,3.7
内河侧水位,2024/01/03,22:00:00,3.7
长江侧水位,2024/01/03,22:00:00,3.6
上游闸内水位,2024/01/03,22:19:35,3.8
上游闸外水位,2024/01/03,22:19:35,3.7
下游闸内水位,2024/01/03,22:22:14,3.8
下游闸外水位,2024/01/03,22:22:14,3.7
下游闸内水位,2024/01/03,22:23:47,3.8
下游闸外水位,2024/01/03,22:23:47,3.7
内河侧水位,2024/01/03,23:00:00,3.7
长江侧水位,2024/01/03,23:00:00,3.8
下游闸内水位,2024/01/03,23:04:14,3.8
下游闸外水位,2024/01/03,23:04:14,3.8
上游闸内水位,2024/01/03,23:06:50,3.8
上游闸外水位,2024/01/03,23:06:50,3.8
上游闸内水位,2024/01/03,23:08:51,3.8
上游闸外水位,2024/01/03,23:08:51,3.8
上游闸内水位,2024/01/03,23:41:50,3.8
上游闸外水位,2024/01/03,23:41:50,3.8
下游闸内水位,2024/01/03,23:44:29,3.8
下游闸外水位,2024/01/03,23:44:29,3.8
下游闸内水位,2024/01/03,23:46:05,3.8
下游闸外水位,2024/01/03,23:46:05,3.8
内河侧水位,2024/01/04,0:00:00,3.8
长江侧水位,2024/01/04,0:00:00,3.7
下游闸内水位,2024/01/04,0:40:25,3.6
下游闸外水位,2024/01/03,12:36:26,3.4
内河侧水位,2024/01/03,13:00:00,3.7
长江侧水位,2024/01/03,13:00:00,3.2
下游闸内水位,2024/01/03,13:12:24,3.2
下游闸外水位,2024/01/03,13:12:24,3.2
上游闸内水位,2024/01/03,13:15:30,3.2
上游闸外水位,2024/01/03,13:15:30,3.7
上游闸内水位,2024/01/03,13:17:37,3.6
上游闸外水位,2024/01/03,13:17:37,3.7
上游闸内水位,2024/01/03,13:56:02,3.8
上游闸外水位,2024/01/03,13:56:02,3.7
下游闸内水位,2024/01/03,13:59:25,3.8
下游闸外水位,2024/01/03,13:59:25,3.0
内河侧水位,2024/01/03,14:00:00,3.7
长江侧水位,2024/01/03,14:00:00,3.1
下游闸内水位,2024/01/03,14:02:48,3.2
下游闸外水位,2024/01/03,14:02:48,3.0
下游闸内水位,2024/01/03,14:44:04,2.9
下游闸外水位,2024/01/03,14:44:04,2.9
上游闸内水位,2024/01/03,14:46:48,2.9
上游闸外水位,2024/01/03,14:46:48,3.7
上游闸内水位,2024/01/03,14:49:46,3.6
上游闸外水位,2024/01/03,14:49:46,3.7
内河侧水位,2024/01/03,15:00:00,3.7
长江侧水位,2024/01/03,15:00:00,2.8
上游闸内水位,2024/01/03,15:05:57,3.8
上游闸外水位,2024/01/03,15:05:57,3.7
下游闸内水位,2024/01/03,15:08:27,3.8
下游闸外水位,2024/01/03,15:08:27,2.9
下游闸内水位,2024/01/03,15:12:20,3.0
下游闸外水位,2024/01/03,15:12:20,2.9
下游闸内水位,2024/01/03,15:34:12,2.8
下游闸外水位,2024/01/03,15:34:12,2.8
上游闸内水位,2024/01/03,15:37:00,2.7
上游闸外水位,2024/01/03,15:37:00,3.7
上游闸内水位,2024/01/03,15:39:54,3.5
上游闸外水位,2024/01/03,15:39:54,3.6
上游闸内水位,2024/01/03,15:54:41,3.8
上游闸外水位,2024/01/03,15:54:41,3.7
下游闸内水位,2024/01/03,15:57:14,3.7
下游闸外水位,2024/01/03,15:57:14,2.7
内河侧水位,2024/01/03,16:00:00,3.7
长江侧水位,2024/01/03,16:00:00,2.8
下游闸内水位,2024/01/03,16:01:06,2.9
下游闸外水位,2024/01/03,16:01:06,2.8
下游闸内水位,2024/01/03,16:11:26,2.7
下游闸外水位,2024/01/03,16:11:26,2.7
上游闸内水位,2024/01/03,16:14:02,2.6
上游闸外水位,2024/01/03,16:14:02,3.7
上游闸内水位,2024/01/03,16:17:35,3.7
上游闸外水位,2024/01/03,16:17:35,3.8
上游闸内水位,2024/01/03,16:26:11,3.7
上游闸外水位,2024/01/03,16:26:11,3.7
下游闸内水位,2024/01/03,16:29:31,3.7
下游闸外水位,2024/01/03,16:29:31,2.6
下游闸内水位,2024/01/03,16:33:36,2.8
下游闸外水位,2024/01/03,16:33:36,2.7
下游闸内水位,2024/01/03,16:59:20,2.6
下游闸外水位,2024/01/03,16:59:20,2.6
内河侧水位,2024/01/03,17:00:00,3.7
长江侧水位,2024/01/03,17:00:00,2.6
上游闸内水位,2024/01/03,17:01:56,2.6
上游闸外水位,2024/01/03,17:01:56,3.7
上游闸内水位,2024/01/03,17:05:36,3.7
上游闸外水位,2024/01/03,17:05:36,3.7
上游闸内水位,2024/01/03,19:54:36,2.6
上游闸外水位,2024/01/03,19:54:36,3.7
下游闸外水位,2024/01/04,0:40:25,3.5
上游闸内水位,2024/01/04,0:43:21,3.5
上游闸外水位,2024/01/04,0:43:21,3.8
上游闸内水位,2024/01/04,0:46:00,3.8
上游闸外水位,2024/01/04,0:46:00,3.8
内河侧水位,2024/01/04,1:00:00,3.8
长江侧水位,2024/01/04,1:00:00,3.4
上游闸内水位,2024/01/04,1:35:03,3.8
上游闸外水位,2024/01/04,1:35:03,3.8
内河侧水位,2024/01/04,2:00:00,3.8
长江侧水位,2024/01/04,2:00:00,3.2
内河侧水位,2024/01/04,3:00:00,3.7
长江侧水位,2024/01/04,3:00:00,3.0
内河侧水位,2024/01/04,4:00:00,3.7
长江侧水位,2024/01/04,4:00:00,2.8
内河侧水位,2024/01/04,5:00:00,3.7
长江侧水位,2024/01/04,5:00:00,2.7
内河侧水位,2024/01/04,6:00:00,3.7
长江侧水位,2024/01/04,6:00:00,2.6
内河侧水位,2024/01/04,7:00:00,3.7
长江侧水位,2024/01/04,7:00:00,2.5
内河侧水位,2024/01/04,8:00:00,3.7
长江侧水位,2024/01/04,8:00:00,2.5
内河侧水位,2024/01/04,9:00:00,3.7
长江侧水位,2024/01/04,9:00:00,2.8
内河侧水位,2024/01/04,10:00:00,3.7
长江侧水位,2024/01/04,10:00:00,3.2
下游闸内水位,2024/01/04,10:34:28,3.6
下游闸外水位,2024/01/04,10:34:28,3.4
下游闸内水位,2024/01/04,10:41:44,3.4
下游闸外水位,2024/01/04,10:41:44,3.4
内河侧水位,2024/01/04,11:00:00,3.7
长江侧水位,2024/01/04,11:00:00,3.4
下游闸内水位,2024/01/04,11:19:14,3.5
下游闸外水位,2024/01/04,11:19:14,3.5
上游闸内水位,2024/01/04,11:23:08,3.5
上游闸外水位,2024/01/04,11:23:08,3.8
上游闸内水位,2024/01/04,11:26:23,3.8
上游闸外水位,2024/01/04,11:26:23,3.8
内河侧水位,2024/01/04,12:00:00,3.8
长江侧水位,2024/01/04,12:00:00,3.5
下游闸内水位,2024/01/04,14:16:29,3.0
下游闸外水位,2024/01/04,14:16:29,3.0
上游闸内水位,2024/01/04,14:19:12,3.0
上游闸外水位,2024/01/04,14:19:12,3.8
上游闸内水位,2024/01/04,14:21:41,3.6
上游闸外水位,2024/01/04,14:21:41,3.7
上游闸内水位,2024/01/04,14:37:39,3.8
上游闸外水位,2024/01/04,14:37:39,3.8
下游闸内水位,2024/01/04,14:40:24,3.9
下游闸外水位,2024/01/04,14:40:24,3.0
下游闸内水位,2024/01/04,14:43:49,3.1
下游闸外水位,2024/01/04,14:43:49,3.0
内河侧水位,2024/01/04,15:00:00,3.8
长江侧水位,2024/01/04,15:00:00,2.9
上游闸内水位,2024/01/04,16:05:01,3.8
上游闸外水位,2024/01/04,16:05:01,3.7
下游闸内水位,2024/01/04,16:07:35,3.8
下游闸外水位,2024/01/04,16:07:35,2.8
下游闸内水位,2024/01/04,16:11:38,2.9
下游闸外水位,2024/01/04,16:11:38,2.8
下游闸内水位,2024/01/04,16:35:46,2.6
下游闸外水位,2024/01/04,16:35:46,2.7
上游闸内水位,2024/01/04,16:38:27,2.7
上游闸外水位,2024/01/04,16:38:27,3.8
上游闸内水位,2024/01/04,16:41:35,3.6
上游闸外水位,2024/01/04,16:41:35,3.7
内河侧水位,2024/01/04,17:00:00,3.7
长江侧水位,2024/01/04,17:00:00,2.6
下游闸内水位,2024/01/04,17:44:22,2.6
下游闸外水位,2024/01/04,17:44:22,2.6
上游闸内水位,2024/01/04,17:46:57,2.6
上游闸外水位,2024/01/04,17:46:57,3.8
上游闸内水位,2024/01/04,17:50:09,3.6
上游闸外水位,2024/01/04,17:50:09,3.7
内河侧水位,2024/01/04,18:00:00,3.7
长江侧水位,2024/01/04,18:00:00,2.4
内河侧水位,2024/01/04,19:00:00,3.8
长江侧水位,2024/01/04,19:00:00,2.4
下游闸内水位,2024/01/04,19:16:30,2.4
下游闸外水位,2024/01/04,19:16:30,2.4
上游闸内水位,2024/01/04,19:20:06,2.4
上游闸外水位,2024/01/04,19:20:06,3.8
上游闸内水位,2024/01/04,19:21:59,2.7
上游闸外水位,2024/01/04,19:21:59,3.8
上游闸内水位,2024/01/04,19:24:04,3.1
上游闸外水位,2024/01/04,19:24:04,3.8
上游闸内水位,2024/01/04,19:25:55,3.6
上游闸外水位,2024/01/04,19:25:55,3.8
上游闸内水位,2024/01/04,19:26:44,3.8
上游闸外水位,2024/01/04,19:26:44,3.8
内河侧水位,2024/01/04,20:00:00,3.8
长江侧水位,2024/01/04,20:00:00,2.5
下游闸内水位,2024/01/04,21:01:41,2.9
下游闸外水位,2024/01/04,21:01:41,2.9
上游闸内水位,2024/01/04,21:04:20,2.9
上游闸外水位,2024/01/04,21:04:20,3.7
上游闸内水位,2024/01/04,21:06:59,3.6
上游闸外水位,2024/01/04,21:06:59,3.7
上游闸内水位,2024/01/04,21:44:33,3.8
上游闸外水位,2024/01/04,21:44:33,3.8
下游闸内水位,2024/01/04,21:47:05,3.8
下游闸外水位,2024/01/04,21:47:05,3.2
下游闸内水位,2024/01/04,21:49:43,3.4
下游闸外水位,2024/01/04,21:49:43,3.2
内河侧水位,2024/01/04,22:00:00,3.8
长江侧水位,2024/01/04,22:00:00,3.3
上游闸内水位,2024/01/04,12:15:49,3.8
上游闸外水位,2024/01/04,12:15:49,3.8
下游闸内水位,2024/01/04,12:18:28,3.8
下游闸外水位,2024/01/04,12:18:28,3.5
下游闸内水位,2024/01/04,12:20:18,3.6
下游闸外水位,2024/01/04,12:20:18,3.5
内河侧水位,2024/01/04,13:00:00,3.8
长江侧水位,2024/01/04,13:00:00,3.3
下游闸内水位,2024/01/04,13:13:32,3.3
下游闸外水位,2024/01/04,13:13:32,3.3
上游闸内水位,2024/01/04,13:16:15,3.3
上游闸外水位,2024/01/04,13:16:15,3.8
上游闸内水位,2024/01/04,13:18:15,3.6
上游闸外水位,2024/01/04,13:18:15,3.7
上游闸内水位,2024/01/04,13:42:42,3.8
上游闸外水位,2024/01/04,13:42:42,3.8
下游闸内水位,2024/01/04,13:45:15,3.8
下游闸外水位,2024/01/04,13:45:15,3.2
下游闸内水位,2024/01/04,13:48:18,3.3
下游闸外水位,2024/01/04,13:48:18,3.2
内河侧水位,2024/01/04,14:00:00,3.8
长江侧水位,2024/01/04,14:00:00,3.1
下游闸内水位,2024/01/04,15:06:17,2.9
下游闸外水位,2024/01/04,15:06:17,2.9
上游闸内水位,2024/01/04,15:10:44,2.8
上游闸外水位,2024/01/04,15:10:44,3.8
上游闸内水位,2024/01/04,15:14:27,3.8
上游闸外水位,2024/01/04,15:14:27,3.8
上游闸内水位,2024/01/04,15:30:20,3.8
上游闸外水位,2024/01/04,15:30:20,3.7
下游闸内水位,2024/01/04,15:32:55,3.8
下游闸外水位,2024/01/04,15:32:55,2.9
下游闸内水位,2024/01/04,15:36:34,3.0
下游闸外水位,2024/01/04,15:36:34,2.9
下游闸内水位,2024/01/04,15:49:22,2.8
下游闸外水位,2024/01/04,15:49:22,2.8
上游闸内水位,2024/01/04,15:51:57,2.9
上游闸外水位,2024/01/04,15:51:57,3.8
上游闸内水位,2024/01/04,15:54:40,3.6
上游闸外水位,2024/01/04,15:54:40,3.7
内河侧水位,2024/01/04,16:00:00,3.7
长江侧水位,2024/01/04,16:00:00,2.7
上游闸内水位,2024/01/04,17:05:04,3.8
上游闸外水位,2024/01/04,17:05:04,3.8
下游闸内水位,2024/01/04,17:08:50,3.8
下游闸外水位,2024/01/04,17:08:50,2.7
下游闸内水位,2024/01/04,17:13:59,2.7
下游闸外水位,2024/01/04,17:13:59,2.6
上游闸内水位,2024/01/04,18:24:02,3.8
上游闸外水位,2024/01/04,18:24:02,3.8
下游闸内水位,2024/01/04,18:26:51,3.8
下游闸外水位,2024/01/04,18:26:51,2.6
下游闸内水位,2024/01/04,18:31:50,2.6
下游闸外水位,2024/01/04,18:31:50,2.5
上游闸内水位,2024/01/04,20:13:58,3.8
上游闸外水位,2024/01/04,20:13:58,3.7
下游闸内水位,2024/01/04,20:16:31,3.8
下游闸外水位,2024/01/04,20:16:31,2.5
下游闸内水位,2024/01/04,20:20:59,2.7
下游闸外水位,2024/01/04,20:20:59,2.6
内河侧水位,2024/01/04,21:00:00,3.8
长江侧水位,2024/01/04,21:00:00,2.9
下游闸内水位,2024/01/04,22:27:37,3.4
下游闸外水位,2024/01/04,22:27:37,3.5
上游闸内水位,2024/01/04,22:30:48,3.5
上游闸外水位,2024/01/04,22:30:48,3.8
上游闸内水位,2024/01/04,22:32:44,3.7
上游闸外水位,2024/01/04,22:32:44,3.7
上游闸内水位,2024/01/04,22:47:09,3.8
上游闸外水位,2024/01/04,22:47:09,3.8
下游闸内水位,2024/01/04,22:49:47,3.8
下游闸外水位,2024/01/04,22:49:47,3.5
下游闸内水位,2024/01/04,22:51:23,3.7
下游闸外水位,2024/01/04,22:51:23,3.5
内河侧水位,2024/01/04,23:00:00,3.8
长江侧水位,2024/01/04,23:00:00,3.5
下游闸内水位,2024/01/04,23:32:19,3.6
下游闸外水位,2024/01/04,23:32:19,3.6
上游闸内水位,2024/01/04,23:35:15,3.6
上游闸外水位,2024/01/04,23:35:15,3.8
上游闸内水位,2024/01/04,23:36:06,3.7
上游闸外水位,2024/01/04,23:36:06,3.7
上游闸内水位,2024/01/04,23:37:28,3.8
上游闸外水位,2024/01/04,23:37:28,3.8
上游闸内水位,2024/01/04,23:55:06,3.8
上游闸外水位,2024/01/04,23:55:06,3.8
下游闸内水位,2024/01/04,23:57:48,3.8
下游闸外水位,2024/01/04,23:57:48,3.6
内河侧水位,2024/01/05,0:00:00,3.8
长江侧水位,2024/01/05,0:00:00,3.6
上游闸内水位,2024/01/05,1:16:56,3.8
上游闸外水位,2024/01/05,1:16:56,3.8
下游闸内水位,2024/01/05,1:20:38,3.8
下游闸外水位,2024/01/05,1:20:38,3.3
下游闸内水位,2024/01/05,1:23:07,3.5
下游闸外水位,2024/01/05,1:23:07,3.3
内河侧水位,2024/01/05,2:00:00,3.8
长江侧水位,2024/01/05,2:00:00,3.2
下游闸内水位,2024/01/05,2:11:08,3.2
下游闸外水位,2024/01/05,2:11:08,3.1
上游闸内水位,2024/01/05,2:14:01,3.1
上游闸外水位,2024/01/05,2:14:01,3.8
上游闸内水位,2024/01/05,2:17:09,3.7
上游闸外水位,2024/01/05,2:17:09,3.8
上游闸内水位,2024/01/05,2:37:13,3.8
上游闸外水位,2024/01/05,2:37:13,3.7
下游闸内水位,2024/01/05,2:40:27,3.8
下游闸外水位,2024/01/05,2:40:27,3.0
下游闸内水位,2024/01/05,2:44:31,3.1
下游闸外水位,2024/01/05,2:44:31,3.0
内河侧水位,2024/01/05,3:00:00,3.7
长江侧水位,2024/01/05,3:00:00,3.0
上游闸内水位,2024/01/05,4:07:55,3.8
上游闸外水位,2024/01/05,4:07:55,3.7
下游闸内水位,2024/01/05,4:11:19,3.8
下游闸外水位,2024/01/05,4:11:19,2.8
下游闸内水位,2024/01/05,4:15:27,2.9
下游闸外水位,2024/01/05,4:15:27,2.8
下游闸内水位,2024/01/05,5:11:15,2.7
下游闸外水位,2024/01/05,5:11:15,2.7
上游闸内水位,2024/01/05,5:58:45,3.7
上游闸外水位,2024/01/05,5:58:45,3.7
内河侧水位,2024/01/05,6:00:00,3.7
长江侧水位,2024/01/05,6:00:00,2.5
下游闸内水位,2024/01/05,6:01:27,3.8
下游闸外水位,2024/01/05,6:01:27,2.5
下游闸内水位,2024/01/05,6:07:48,2.5
下游闸外水位,2024/01/05,6:07:48,2.5
下游闸内水位,2024/01/05,6:52:49,2.4
下游闸外水位,2024/01/05,6:52:49,2.4
上游闸内水位,2024/01/05,6:55:31,2.4
上游闸外水位,2024/01/05,6:55:31,3.7
上游闸内水位,2024/01/05,6:58:47,3.5
上游闸外水位,2024/01/05,6:58:47,3.6
内河侧水位,2024/01/05,7:00:00,3.8
长江侧水位,2024/01/05,7:00:00,2.4
上游闸内水位,2024/01/05,7:31:33,3.7
上游闸外水位,2024/01/05,7:31:33,3.7
下游闸内水位,2024/01/05,7:35:51,3.8
下游闸外水位,2024/01/05,7:35:51,2.3
下游闸内水位,2024/01/05,7:40:50,2.5
下游闸外水位,2024/01/05,7:40:50,2.3
内河侧水位,2024/01/05,8:00:00,3.7
长江侧水位,2024/01/05,8:00:00,2.4
上游闸内水位,2024/01/05,9:01:50,2.2
上游闸外水位,2024/01/05,9:01:50,3.7
上游闸内水位,2024/01/05,9:05:37,3.6
上游闸外水位,2024/01/05,9:05:37,3.7
上游闸内水位,2024/01/05,9:25:16,3.7
上游闸外水位,2024/01/05,9:25:16,3.7
下游闸内水位,2024/01/05,9:27:48,3.8
下游闸外水位,2024/01/05,9:27:48,2.4
下游闸内水位,2024/01/05,9:32:40,2.5
下游闸外水位,2024/01/05,9:32:40,2.4
下游闸内水位,2024/01/05,9:53:14,2.5
下游闸外水位,2024/01/05,9:53:14,2.5
上游闸内水位,2024/01/05,9:55:52,2.5
上游闸外水位,2024/01/05,9:55:52,3.7
上游闸内水位,2024/01/05,9:59:01,3.5
上游闸外水位,2024/01/05,9:59:01,3.7
内河侧水位,2024/01/05,10:00:00,3.7
长江侧水位,2024/01/05,10:00:00,2.6
上游闸内水位,2024/01/05,11:03:12,3.8
上游闸外水位,2024/01/05,11:03:12,3.7
下游闸内水位,2024/01/05,11:05:45,3.8
下游闸外水位,2024/01/05,11:05:45,3.0
下游闸内水位,2024/01/05,11:09:48,3.1
下游闸外水位,2024/01/05,11:09:48,3.0
下游闸内水位,2024/01/05,11:44:42,3.3
下游闸外水位,2024/01/05,11:44:42,3.2
上游闸内水位,2024/01/05,11:47:19,3.3
上游闸外水位,2024/01/05,11:47:19,3.7
上游闸内水位,2024/01/05,11:49:04,3.5
上游闸外水位,2024/01/05,11:49:04,3.6
下游闸内水位,2024/01/05,0:04:17,3.6
下游闸外水位,2024/01/05,0:04:17,3.6
下游闸内水位,2024/01/05,0:32:56,3.6
下游闸外水位,2024/01/05,0:32:56,3.5
上游闸内水位,2024/01/05,0:35:33,3.5
上游闸外水位,2024/01/05,0:35:33,3.8
上游闸内水位,2024/01/05,0:37:27,3.7
上游闸外水位,2024/01/05,0:37:27,3.7
内河侧水位,2024/01/05,1:00:00,3.8
长江侧水位,2024/01/05,1:00:00,3.4
下游闸内水位,2024/01/05,3:25:12,2.9
下游闸外水位,2024/01/05,3:25:12,2.9
上游闸内水位,2024/01/05,3:27:54,2.9
上游闸外水位,2024/01/05,3:27:54,3.7
上游闸内水位,2024/01/05,3:32:12,3.8
上游闸外水位,2024/01/05,3:32:12,3.8
内河侧水位,2024/01/05,4:00:00,3.7
长江侧水位,2024/01/05,4:00:00,2.8
内河侧水位,2024/01/05,5:00:00,3.7
长江侧水位,2024/01/05,5:00:00,2.6
上游闸内水位,2024/01/05,5:13:54,2.7
上游闸外水位,2024/01/05,5:13:54,3.7
上游闸内水位,2024/01/05,5:17:04,3.6
上游闸外水位,2024/01/05,5:17:04,3.7
下游闸内水位,2024/01/05,8:14:13,2.3
下游闸外水位,2024/01/05,8:14:13,2.3
上游闸内水位,2024/01/05,8:17:11,2.3
上游闸外水位,2024/01/05,8:17:11,3.7
上游闸内水位,2024/01/05,8:21:01,3.6
上游闸外水位,2024/01/05,8:21:01,3.7
上游闸内水位,2024/01/05,8:38:23,3.7
上游闸外水位,2024/01/05,8:38:23,3.7
下游闸内水位,2024/01/05,8:41:01,3.8
下游闸外水位,2024/01/05,8:41:01,2.3
下游闸内水位,2024/01/05,8:46:33,2.4
下游闸外水位,2024/01/05,8:46:33,2.3
下游闸内水位,2024/01/05,8:58:18,2.2
下游闸外水位,2024/01/05,8:58:18,2.2
内河侧水位,2024/01/05,9:00:00,3.7
长江侧水位,2024/01/05,9:00:00,2.2
上游闸内水位,2024/01/05,10:21:03,3.7
上游闸外水位,2024/01/05,10:21:03,3.7
下游闸内水位,2024/01/05,10:23:35,3.8
下游闸外水位,2024/01/05,10:23:35,2.8
下游闸内水位,2024/01/05,10:27:22,3.0
下游闸外水位,2024/01/05,10:27:22,2.8
下游闸内水位,2024/01/05,10:39:11,2.9
下游闸外水位,2024/01/05,10:39:11,2.9
上游闸内水位,2024/01/05,10:41:49,2.9
上游闸外水位,2024/01/05,10:41:49,3.8
上游闸内水位,2024/01/05,10:44:27,3.5
上游闸外水位,2024/01/05,10:44:27,3.7
内河侧水位,2024/01/05,11:00:00,3.7
长江侧水位,2024/01/05,11:00:00,3.0
上游闸内水位,2024/01/05,12:23:00,3.8
上游闸外水位,2024/01/05,12:23:00,3.8
下游闸内水位,2024/01/05,12:25:34,3.8
下游闸外水位,2024/01/05,12:25:34,3.3
下游闸内水位,2024/01/05,12:27:58,3.4
下游闸外水位,2024/01/05,12:27:58,3.3
内河侧水位,2024/01/05,13:00:00,3.8
长江侧水位,2024/01/05,13:00:00,3.3
下游闸内水位,2024/01/05,14:16:44,3.2
下游闸外水位,2024/01/05,14:16:44,3.2
上游闸内水位,2024/01/05,14:19:22,3.2
上游闸外水位,2024/01/05,14:19:22,3.8
上游闸内水位,2024/01/05,14:21:29,3.6
上游闸外水位,2024/01/05,14:21:29,3.7
上游闸内水位,2024/01/05,14:37:27,3.8
上游闸外水位,2024/01/05,14:37:27,3.7
下游闸内水位,2024/01/05,14:40:00,3.8
下游闸外水位,2024/01/05,14:40:00,3.1
下游闸内水位,2024/01/05,14:42:54,3.3
下游闸外水位,2024/01/05,14:42:54,3.1
内河侧水位,2024/01/05,15:00:00,3.8
长江侧水位,2024/01/05,15:00:00,3.0
上游闸内水位,2024/01/05,17:03:08,3.8
上游闸外水位,2024/01/05,17:03:08,3.8
下游闸内水位,2024/01/05,17:06:56,3.8
下游闸外水位,2024/01/05,17:06:56,2.8
下游闸内水位,2024/01/05,17:11:10,2.8
下游闸外水位,2024/01/05,17:11:10,2.7
上游闸内水位,2024/01/05,18:06:34,3.8
上游闸外水位,2024/01/05,18:06:34,3.7
上游闸内水位,2024/01/05,19:02:59,3.8
上游闸外水位,2024/01/05,19:02:59,3.7
下游闸内水位,2024/01/05,19:05:33,3.8
内河侧水位,2024/01/05,12:00:00,3.7
长江侧水位,2024/01/05,12:00:00,3.2
下游闸内水位,2024/01/05,13:01:44,3.4
下游闸外水位,2024/01/05,13:01:44,3.3
上游闸内水位,2024/01/05,13:04:26,3.4
上游闸外水位,2024/01/05,13:04:26,3.8
上游闸内水位,2024/01/05,13:06:13,3.6
上游闸外水位,2024/01/05,13:06:13,3.7
上游闸内水位,2024/01/05,13:38:10,3.8
上游闸外水位,2024/01/05,13:38:10,3.8
下游闸内水位,2024/01/05,13:41:11,3.8
下游闸外水位,2024/01/05,13:41:11,3.3
下游闸内水位,2024/01/05,13:43:53,3.4
下游闸外水位,2024/01/05,13:43:53,3.3
内河侧水位,2024/01/05,14:00:00,3.8
长江侧水位,2024/01/05,14:00:00,3.3
下游闸内水位,2024/01/05,15:08:21,3.0
下游闸外水位,2024/01/05,15:08:21,3.0
上游闸内水位,2024/01/05,15:11:01,3.0
上游闸外水位,2024/01/05,15:11:01,3.8
上游闸内水位,2024/01/05,15:13:24,3.5
上游闸外水位,2024/01/05,15:13:24,3.7
上游闸内水位,2024/01/05,15:30:34,3.8
上游闸外水位,2024/01/05,15:30:34,3.7
下游闸内水位,2024/01/05,15:33:07,3.8
下游闸外水位,2024/01/05,15:33:07,3.0
下游闸内水位,2024/01/05,15:36:20,3.1
下游闸外水位,2024/01/05,15:36:20,3.0
下游闸内水位,2024/01/05,15:48:10,2.9
下游闸外水位,2024/01/05,15:48:10,2.9
上游闸内水位,2024/01/05,15:50:50,2.9
上游闸外水位,2024/01/05,15:50:50,3.7
上游闸内水位,2024/01/05,15:53:00,3.5
上游闸外水位,2024/01/05,15:53:00,3.6
内河侧水位,2024/01/05,16:00:00,3.7
长江侧水位,2024/01/05,16:00:00,2.8
下游闸内水位,2024/01/05,17:39:06,2.7
下游闸外水位,2024/01/05,17:39:06,2.7
上游闸内水位,2024/01/05,17:41:57,2.7
上游闸外水位,2024/01/05,17:41:57,3.8
上游闸内水位,2024/01/05,17:45:33,3.7
上游闸外水位,2024/01/05,17:45:33,3.7
内河侧水位,2024/01/05,18:00:00,3.8
长江侧水位,2024/01/05,18:00:00,2.7
下游闸内水位,2024/01/05,18:10:19,3.8
下游闸外水位,2024/01/05,18:10:19,2.6
下游闸内水位,2024/01/05,18:14:49,2.7
下游闸外水位,2024/01/05,18:14:49,2.6
下游闸内水位,2024/01/05,18:42:05,2.6
下游闸外水位,2024/01/05,18:42:05,2.6
上游闸内水位,2024/01/05,18:44:46,2.5
上游闸外水位,2024/01/05,18:44:46,3.7
上游闸内水位,2024/01/05,18:48:01,3.6
上游闸外水位,2024/01/05,18:48:01,3.7
内河侧水位,2024/01/05,19:00:00,3.7
长江侧水位,2024/01/05,19:00:00,2.5
上游闸内水位,2024/01/05,20:26:06,3.8
上游闸外水位,2024/01/05,20:26:06,3.7
下游闸内水位,2024/01/05,20:28:52,3.8
下游闸外水位,2024/01/05,20:28:52,2.4
下游闸内水位,2024/01/05,20:33:36,2.6
下游闸外水位,2024/01/05,20:33:36,2.4
内河侧水位,2024/01/05,21:00:00,3.7
长江侧水位,2024/01/05,21:00:00,2.4
下游闸内水位,2024/01/05,22:01:42,3.0
下游闸外水位,2024/01/05,22:01:42,2.8
下游闸内水位,2024/01/05,22:33:14,3.1
下游闸外水位,2024/01/05,22:33:14,3.0
上游闸内水位,2024/01/05,22:35:50,3.0
上游闸外水位,2024/01/05,22:35:50,3.7
上游闸内水位,2024/01/05,22:38:12,3.6
上游闸外水位,2024/01/05,22:38:12,3.7
上游闸内水位,2024/01/05,22:55:53,3.8
上游闸外水位,2024/01/05,22:55:53,3.7
下游闸内水位,2024/01/05,22:58:27,3.8
下游闸外水位,2024/01/05,22:58:27,3.2
内河侧水位,2024/01/05,23:00:00,3.8
长江侧水位,2024/01/05,23:00:00,3.2
上游闸内水位,2024/01/06,0:18:04,3.8
上游闸外水位,2024/01/06,0:18:04,3.8
下游闸内水位,2024/01/06,0:20:41,3.8
下游闸外水位,2024/01/06,0:20:41,3.5
下游闸内水位,2024/01/06,0:23:27,3.6
下游闸外水位,2024/01/06,0:23:27,3.6
内河侧水位,2024/01/06,1:00:00,3.8
长江侧水位,2024/01/06,1:00:00,3.6
上游闸内水位,2024/01/06,3:02:22,3.2
上游闸内水位,2024/01/05,16:01:59,3.8
上游闸外水位,2024/01/05,16:01:59,3.7
下游闸内水位,2024/01/05,16:04:30,3.8
下游闸外水位,2024/01/05,16:04:30,2.8
下游闸内水位,2024/01/05,16:07:53,3.1
下游闸外水位,2024/01/05,16:07:53,2.9
下游闸内水位,2024/01/05,16:30:03,2.9
下游闸外水位,2024/01/05,16:30:03,2.8
上游闸内水位,2024/01/05,16:32:42,2.7
上游闸外水位,2024/01/05,16:32:42,3.7
上游闸内水位,2024/01/05,16:36:02,3.3
上游闸外水位,2024/01/05,16:36:02,3.7
上游闸内水位,2024/01/05,16:37:34,3.6
上游闸外水位,2024/01/05,16:37:34,3.7
内河侧水位,2024/01/05,17:00:00,3.8
长江侧水位,2024/01/05,17:00:00,2.7
下游闸内水位,2024/01/06,1:02:57,3.6
下游闸外水位,2024/01/06,1:02:57,3.6
上游闸内水位,2024/01/06,1:05:55,3.6
上游闸外水位,2024/01/06,1:05:55,3.8
上游闸内水位,2024/01/06,1:07:52,3.8
上游闸外水位,2024/01/06,1:07:52,3.8
上游闸内水位,2024/01/06,1:57:15,3.8
上游闸外水位,2024/01/06,1:57:15,3.8
下游闸内水位,2024/01/06,1:59:54,3.8
下游闸外水位,2024/01/06,1:59:54,3.4
内河侧水位,2024/01/06,2:00:00,3.8
长江侧水位,2024/01/06,2:00:00,3.4
上游闸外水位,2024/01/06,3:02:22,3.8
上游闸内水位,2024/01/06,3:04:22,3.6
上游闸外水位,2024/01/06,3:04:22,3.7
上游闸内水位,2024/01/06,3:39:58,3.8
上游闸外水位,2024/01/06,3:39:58,3.8
下游闸内水位,2024/01/06,3:42:44,3.8
下游闸外水位,2024/01/06,3:42:44,3.0
下游闸内水位,2024/01/06,3:46:15,3.1
下游闸外水位,2024/01/06,3:46:15,3.0
内河侧水位,2024/01/06,4:00:00,3.8
长江侧水位,2024/01/06,4:00:00,2.9
上游闸内水位,2024/01/06,5:26:01,3.8
上游闸外水位,2024/01/06,5:26:01,3.8
下游闸内水位,2024/01/06,5:28:32,3.8
下游闸外水位,2024/01/06,5:28:32,2.7
下游闸内水位,2024/01/06,5:32:15,2.9
下游闸外水位,2024/01/06,5:32:15,2.8
内河侧水位,2024/01/06,6:00:00,3.8
长江侧水位,2024/01/06,6:00:00,2.7
上游闸内水位,2024/01/06,7:14:28,3.8
上游闸外水位,2024/01/06,7:14:28,3.7
内河侧水位,2024/01/06,8:00:01,3.7
长江侧水位,2024/01/06,8:00:01,2.5
下游闸内水位,2024/01/06,8:05:39,3.7
下游闸外水位,2024/01/06,8:05:39,2.4
下游闸内水位,2024/01/06,8:09:35,2.7
下游闸外水位,2024/01/06,8:09:35,2.5
下游闸内水位,2024/01/06,8:56:11,2.4
下游闸外水位,2024/01/06,8:56:11,2.4
上游闸内水位,2024/01/06,8:58:59,2.4
上游闸外水位,2024/01/06,8:58:59,3.7
内河侧水位,2024/01/06,9:00:00,3.6
长江侧水位,2024/01/06,9:00:00,2.4
下游闸内水位,2024/01/06,10:08:00,2.5
下游闸外水位,2024/01/06,10:08:00,2.5
上游闸内水位,2024/01/06,10:10:51,2.5
上游闸外水位,2024/01/06,10:10:51,3.7
上游闸内水位,2024/01/06,10:14:15,3.6
上游闸外水位,2024/01/06,10:14:15,3.7
上游闸内水位,2024/01/06,10:36:08,3.8
上游闸外水位,2024/01/06,10:36:08,3.8
下游闸内水位,2024/01/06,10:39:45,3.8
下游闸外水位,2024/01/06,10:39:45,2.6
下游闸内水位,2024/01/06,10:44:13,2.7
下游闸外水位,2024/01/06,10:44:13,2.6
内河侧水位,2024/01/06,11:00:00,3.7
长江侧水位,2024/01/06,11:00:00,2.8
下游闸内水位,2024/01/06,12:00:50,3.3
下游闸外水位,2024/01/06,12:00:50,3.2
上游闸内水位,2024/01/06,12:03:26,3.2
上游闸外水位,2024/01/06,12:03:26,3.8
上游闸内水位,2024/01/06,12:05:29,3.6
上游闸外水位,2024/01/06,12:05:29,3.7
上游闸内水位,2024/01/06,12:17:28,3.8
上游闸外水位,2024/01/06,12:17:28,3.8
下游闸内水位,2024/01/06,12:20:00,3.8
下游闸外水位,2024/01/06,12:20:00,3.3
下游闸内水位,2024/01/06,12:22:47,3.4
下游闸外水位,2024/01/06,12:22:47,3.3
下游闸外水位,2024/01/05,19:05:33,2.5
下游闸内水位,2024/01/05,19:10:06,2.6
下游闸外水位,2024/01/05,19:10:06,2.5
下游闸内水位,2024/01/05,19:40:39,2.5
下游闸外水位,2024/01/05,19:40:39,2.5
上游闸内水位,2024/01/05,19:43:16,2.5
上游闸外水位,2024/01/05,19:43:16,3.7
上游闸内水位,2024/01/05,19:46:39,3.6
上游闸外水位,2024/01/05,19:46:39,3.7
内河侧水位,2024/01/05,20:00:00,3.7
长江侧水位,2024/01/05,20:00:00,2.5
下游闸内水位,2024/01/05,21:29:50,2.6
下游闸外水位,2024/01/05,21:29:50,2.6
上游闸内水位,2024/01/05,21:33:33,2.6
上游闸外水位,2024/01/05,21:33:33,3.7
上游闸内水位,2024/01/05,21:36:39,3.5
上游闸外水位,2024/01/05,21:36:39,3.7
上游闸内水位,2024/01/05,21:53:52,3.8
上游闸外水位,2024/01/05,21:53:52,3.7
下游闸内水位,2024/01/05,21:57:51,3.8
下游闸外水位,2024/01/05,21:57:51,2.7
内河侧水位,2024/01/05,22:00:00,3.8
长江侧水位,2024/01/05,22:00:00,2.7
下游闸内水位,2024/01/05,23:01:16,3.3
下游闸外水位,2024/01/05,23:01:16,3.2
下游闸内水位,2024/01/05,23:33:20,3.4
下游闸外水位,2024/01/05,23:33:20,3.4
上游闸内水位,2024/01/05,23:36:11,3.4
上游闸外水位,2024/01/05,23:36:11,3.7
上游闸内水位,2024/01/05,23:38:04,3.6
上游闸外水位,2024/01/05,23:38:04,3.7
内河侧水位,2024/01/06,0:00:00,3.8
长江侧水位,2024/01/06,0:00:00,3.5
下游闸内水位,2024/01/06,4:35:59,2.9
下游闸外水位,2024/01/06,4:35:59,2.9
上游闸内水位,2024/01/06,4:39:12,2.9
上游闸外水位,2024/01/06,4:39:12,3.8
上游闸内水位,2024/01/06,4:41:58,3.6
上游闸外水位,2024/01/06,4:41:58,3.7
内河侧水位,2024/01/06,5:00:00,3.7
长江侧水位,2024/01/06,5:00:00,2.8
下游闸内水位,2024/01/06,6:24:30,2.7
下游闸外水位,2024/01/06,6:24:30,2.6
上游闸内水位,2024/01/06,6:27:15,2.7
上游闸外水位,2024/01/06,6:27:15,3.8
上游闸内水位,2024/01/06,6:30:31,3.6
上游闸外水位,2024/01/06,6:30:31,3.7
内河侧水位,2024/01/06,7:00:00,3.7
长江侧水位,2024/01/06,7:00:00,2.6
下游闸内水位,2024/01/06,11:13:41,2.8
下游闸外水位,2024/01/06,11:13:41,2.8
上游闸内水位,2024/01/06,11:16:20,2.9
上游闸外水位,2024/01/06,11:16:20,3.7
上游闸内水位,2024/01/06,11:19:09,3.6
上游闸外水位,2024/01/06,11:19:09,3.7
上游闸内水位,2024/01/06,11:35:34,3.8
上游闸外水位,2024/01/06,11:35:34,3.8
下游闸内水位,2024/01/06,11:38:13,3.9
下游闸外水位,2024/01/06,11:38:13,3.1
下游闸内水位,2024/01/06,11:41:29,3.2
下游闸外水位,2024/01/06,11:41:29,3.1
内河侧水位,2024/01/06,12:00:00,3.8
长江侧水位,2024/01/06,12:00:00,3.3
内河侧水位,2024/01/06,14:00:00,3.6
长江侧水位,2024/01/06,14:00:00,3.5
下游闸内水位,2024/01/06,15:11:18,3.5
下游闸外水位,2024/01/06,15:11:18,3.5
上游闸内水位,2024/01/06,15:15:09,3.6
上游闸外水位,2024/01/06,15:15:09,3.6
上游闸内水位,2024/01/06,15:18:24,3.7
上游闸外水位,2024/01/06,15:18:24,3.7
上游闸内水位,2024/01/06,15:45:28,3.7
上游闸外水位,2024/01/06,15:45:28,3.7
下游闸内水位,2024/01/06,15:48:08,3.7
下游闸外水位,2024/01/06,15:48:08,3.4
下游闸内水位,2024/01/06,15:49:47,3.6
下游闸外水位,2024/01/06,15:49:47,3.4
内河侧水位,2024/01/06,16:00:00,3.7
长江侧水位,2024/01/06,16:00:00,3.3
上游闸内水位,2024/01/06,19:26:49,3.5
上游闸外水位,2024/01/06,19:26:49,3.7
下游闸内水位,2024/01/06,20:00:22,2.7
下游闸外水位,2024/01/06,20:00:22,2.7
下游闸内水位,2024/01/06,20:13:15,2.6
下游闸外水位,2024/01/06,20:13:15,2.6
上游闸内水位,2024/01/06,20:16:07,2.7
上游闸外水位,2024/01/06,20:16:07,3.7
下游闸内水位,2024/01/06,2:02:04,3.5
下游闸外水位,2024/01/06,2:02:04,3.4
下游闸内水位,2024/01/06,2:12:28,3.4
下游闸外水位,2024/01/06,2:12:28,3.4
上游闸内水位,2024/01/06,2:15:29,3.3
上游闸外水位,2024/01/06,2:15:29,3.8
上游闸内水位,2024/01/06,2:17:40,3.7
上游闸外水位,2024/01/06,2:17:40,3.7
上游闸内水位,2024/01/06,2:42:48,3.8
上游闸外水位,2024/01/06,2:42:48,3.8
下游闸内水位,2024/01/06,2:45:22,3.8
下游闸外水位,2024/01/06,2:45:22,3.2
下游闸内水位,2024/01/06,2:48:06,3.3
下游闸外水位,2024/01/06,2:48:06,3.2
下游闸内水位,2024/01/06,2:59:37,3.2
下游闸外水位,2024/01/06,2:59:37,3.1
内河侧水位,2024/01/06,3:00:00,3.8
长江侧水位,2024/01/06,3:00:00,3.1
上游闸内水位,2024/01/06,18:26:41,3.8
上游闸外水位,2024/01/06,18:26:41,3.7
下游闸内水位,2024/01/06,18:29:12,3.8
下游闸外水位,2024/01/06,18:29:12,2.9
下游闸内水位,2024/01/06,18:32:42,3.0
下游闸外水位,2024/01/06,18:32:42,2.9
内河侧水位,2024/01/06,19:00:00,3.7
长江侧水位,2024/01/06,19:00:00,2.8
上游闸内水位,2024/01/06,20:19:02,3.5
上游闸外水位,2024/01/06,20:19:02,3.7
内河侧水位,2024/01/06,21:00:00,3.7
长江侧水位,2024/01/06,21:00:00,2.6
上游闸内水位,2024/01/06,22:01:33,2.6
上游闸外水位,2024/01/06,22:01:33,3.7
上游闸内水位,2024/01/06,22:04:56,3.6
上游闸外水位,2024/01/06,22:04:56,3.7
上游闸内水位,2024/01/06,22:51:20,3.8
上游闸外水位,2024/01/06,22:51:20,3.7
下游闸内水位,2024/01/06,22:53:53,3.8
下游闸外水位,2024/01/06,22:53:53,2.5
下游闸内水位,2024/01/06,22:58:23,2.7
下游闸外水位,2024/01/06,22:58:23,2.5
内河侧水位,2024/01/06,23:00:00,3.7
长江侧水位,2024/01/06,23:00:00,2.5
上游闸内水位,2024/01/07,0:23:06,3.8
上游闸外水位,2024/01/07,0:23:06,3.7
下游闸内水位,2024/01/07,0:25:37,3.8
下游闸外水位,2024/01/07,0:25:37,2.9
下游闸内水位,2024/01/07,0:29:06,3.1
下游闸外水位,2024/01/07,0:29:06,3.0
内河侧水位,2024/01/07,1:00:00,3.7
长江侧水位,2024/01/07,1:00:00,3.1
下游闸内水位,2024/01/07,1:03:04,3.2
下游闸外水位,2024/01/07,1:03:04,3.1
上游闸内水位,2024/01/07,3:17:14,3.8
上游闸外水位,2024/01/07,3:17:14,3.8
下游闸内水位,2024/01/07,3:19:47,3.8
下游闸外水位,2024/01/07,3:19:47,3.1
下游闸内水位,2024/01/07,3:23:03,3.2
下游闸外水位,2024/01/07,3:23:03,3.1
内河侧水位,2024/01/07,4:00:00,3.7
长江侧水位,2024/01/07,4:00:00,3.0
上游闸内水位,2024/01/07,5:03:15,3.8
上游闸外水位,2024/01/07,5:03:15,3.8
下游闸内水位,2024/01/07,5:05:49,3.8
下游闸外水位,2024/01/07,5:05:49,2.8
下游闸内水位,2024/01/07,5:56:30,2.7
下游闸外水位,2024/01/07,5:56:30,2.6
上游闸内水位,2024/01/07,5:59:22,2.7
上游闸外水位,2024/01/07,5:59:22,3.7
内河侧水位,2024/01/07,6:00:00,3.7
长江侧水位,2024/01/07,6:00:00,2.7
下游闸内水位,2024/01/07,7:33:21,2.4
下游闸外水位,2024/01/07,7:33:21,2.4
上游闸内水位,2024/01/07,7:36:26,2.4
上游闸外水位,2024/01/07,7:36:26,3.7
上游闸内水位,2024/01/07,7:40:05,3.6
上游闸外水位,2024/01/07,7:40:05,3.7
上游闸内水位,2024/01/07,7:57:57,3.8
上游闸外水位,2024/01/07,7:57:57,3.7
内河侧水位,2024/01/07,8:00:00,3.8
长江侧水位,2024/01/07,8:00:00,2.4
下游闸内水位,2024/01/07,8:33:24,2.4
下游闸外水位,2024/01/07,8:33:24,2.4
下游闸内水位,2024/01/07,9:02:59,3.8
下游闸外水位,2024/01/07,9:02:59,2.3
下游闸内水位,2024/01/07,9:08:07,2.5
下游闸外水位,2024/01/07,9:08:07,2.3
下游闸内水位,2024/01/07,9:34:01,2.2
上游闸内水位,2024/01/06,9:02:41,3.6
上游闸外水位,2024/01/06,9:02:41,3.7
上游闸内水位,2024/01/06,9:21:41,3.8
上游闸外水位,2024/01/06,9:21:41,3.7
下游闸内水位,2024/01/06,9:25:12,3.8
下游闸外水位,2024/01/06,9:25:12,2.4
下游闸内水位,2024/01/06,9:29:53,2.4
下游闸外水位,2024/01/06,9:29:53,2.3
内河侧水位,2024/01/06,10:00:00,3.7
长江侧水位,2024/01/06,10:00:00,2.4
上游闸内水位,2024/01/07,1:05:44,3.2
上游闸外水位,2024/01/07,1:05:44,3.7
上游闸内水位,2024/01/07,1:07:48,3.6
上游闸外水位,2024/01/07,1:07:48,3.6
上游闸内水位,2024/01/07,1:40:21,3.8
上游闸外水位,2024/01/07,1:40:21,3.7
下游闸内水位,2024/01/07,1:42:53,3.8
下游闸外水位,2024/01/07,1:42:53,3.3
下游闸内水位,2024/01/07,1:45:44,3.4
下游闸外水位,2024/01/07,1:45:44,3.2
内河侧水位,2024/01/07,2:00:00,3.7
长江侧水位,2024/01/07,2:00:00,3.3
上游闸内水位,2024/01/07,10:15:59,3.8
上游闸外水位,2024/01/07,10:15:59,3.7
下游闸内水位,2024/01/07,10:18:41,3.8
下游闸外水位,2024/01/07,10:18:41,2.2
下游闸内水位,2024/01/07,10:24:07,2.4
下游闸外水位,2024/01/07,10:24:07,2.2
下游闸内水位,2024/01/07,10:46:58,2.2
下游闸外水位,2024/01/07,10:46:58,2.2
上游闸内水位,2024/01/07,10:50:53,2.2
上游闸外水位,2024/01/07,10:50:53,3.8
上游闸内水位,2024/01/07,10:54:31,3.6
上游闸外水位,2024/01/07,10:54:31,3.7
内河侧水位,2024/01/07,11:00:00,3.7
长江侧水位,2024/01/07,11:00:00,2.3
上游闸内水位,2024/01/07,12:02:33,3.6
上游闸外水位,2024/01/07,12:02:33,3.7
上游闸内水位,2024/01/07,12:41:22,3.8
上游闸外水位,2024/01/07,12:41:22,3.8
下游闸内水位,2024/01/07,12:43:58,3.8
下游闸外水位,2024/01/07,12:43:58,3.1
下游闸内水位,2024/01/07,12:47:18,3.2
下游闸外水位,2024/01/07,12:47:18,3.1
内河侧水位,2024/01/07,13:00:00,3.7
长江侧水位,2024/01/07,13:00:00,3.2
上游闸内水位,2024/01/07,14:12:12,3.6
上游闸外水位,2024/01/07,14:12:12,3.8
下游闸内水位,2024/01/07,14:26:58,3.8
下游闸外水位,2024/01/07,14:26:58,3.6
内河侧水位,2024/01/07,15:00:00,3.7
长江侧水位,2024/01/07,15:00:00,3.7
上游闸内水位,2024/01/07,16:27:56,3.8
上游闸外水位,2024/01/07,16:27:56,3.7
下游闸内水位,2024/01/07,16:31:09,3.8
下游闸外水位,2024/01/07,16:31:09,3.6
下游闸内水位,2024/01/07,16:32:43,3.7
下游闸外水位,2024/01/07,16:32:43,3.6
内河侧水位,2024/01/07,17:00:00,3.8
长江侧水位,2024/01/07,17:00:00,3.5
下游闸内水位,2024/01/07,17:06:06,3.5
下游闸外水位,2024/01/07,17:06:06,3.4
上游闸内水位,2024/01/07,17:13:58,3.5
上游闸外水位,2024/01/07,17:13:58,3.7
上游闸内水位,2024/01/07,17:15:50,3.7
上游闸外水位,2024/01/07,17:15:50,3.7
上游闸内水位,2024/01/07,17:47:08,3.8
上游闸外水位,2024/01/07,17:47:08,3.8
下游闸内水位,2024/01/07,17:50:45,3.8
下游闸外水位,2024/01/07,17:50:45,3.2
下游闸内水位,2024/01/07,17:53:37,3.4
下游闸外水位,2024/01/07,17:53:37,3.2
内河侧水位,2024/01/07,18:00:00,3.8
长江侧水位,2024/01/07,18:00:00,3.2
下游闸内水位,2024/01/07,19:17:09,2.9
下游闸外水位,2024/01/07,19:17:09,2.9
上游闸内水位,2024/01/07,19:19:46,3.0
上游闸外水位,2024/01/07,19:19:46,3.8
上游闸内水位,2024/01/07,19:22:13,3.6
上游闸外水位,2024/01/07,19:22:13,3.7
上游闸内水位,2024/01/07,19:34:43,3.8
上游闸外水位,2024/01/07,19:34:43,3.8
下游闸内水位,2024/01/07,19:37:41,3.9
下游闸外水位,2024/01/07,19:37:41,2.9
下游闸内水位,2024/01/07,19:41:51,3.0
下游闸外水位,2024/01/07,19:41:51,2.9
内河侧水位,2024/01/07,20:00:00,3.8
下游闸内水位,2024/01/06,12:32:49,3.4
下游闸外水位,2024/01/06,12:32:49,3.4
上游闸内水位,2024/01/06,12:35:35,3.4
上游闸外水位,2024/01/06,12:35:35,3.8
上游闸内水位,2024/01/06,12:37:20,3.6
上游闸外水位,2024/01/06,12:37:20,3.7
下游闸内水位,2024/01/06,12:47:37,3.8
下游闸外水位,2024/01/06,12:47:37,3.5
内河侧水位,2024/01/06,13:00:00,3.2
长江侧水位,2024/01/06,13:00:00,3.4
上游闸内水位,2024/01/06,14:57:09,3.4
上游闸外水位,2024/01/06,14:57:09,3.5
内河侧水位,2024/01/06,15:00:00,3.7
长江侧水位,2024/01/06,15:00:00,3.4
下游闸内水位,2024/01/06,16:08:20,3.4
下游闸外水位,2024/01/06,16:08:20,3.3
上游闸内水位,2024/01/06,16:11:12,3.3
上游闸外水位,2024/01/06,16:11:12,3.7
上游闸内水位,2024/01/06,16:13:02,3.6
上游闸外水位,2024/01/06,16:13:02,3.7
上游闸内水位,2024/01/06,16:44:39,3.7
上游闸外水位,2024/01/06,16:44:39,3.7
下游闸内水位,2024/01/06,16:47:47,3.8
下游闸外水位,2024/01/06,16:47:47,3.1
下游闸内水位,2024/01/06,16:50:52,3.2
下游闸外水位,2024/01/06,16:50:52,3.1
内河侧水位,2024/01/06,17:00:00,3.7
长江侧水位,2024/01/06,17:00:00,3.2
下游闸内水位,2024/01/06,17:31:29,3.0
下游闸外水位,2024/01/06,17:31:29,3.0
上游闸内水位,2024/01/06,17:39:26,3.0
上游闸外水位,2024/01/06,17:39:26,3.7
上游闸内水位,2024/01/06,17:42:23,3.7
上游闸外水位,2024/01/06,17:42:23,3.7
内河侧水位,2024/01/06,18:00:00,3.7
长江侧水位,2024/01/06,18:00:00,2.9
上游闸内水位,2024/01/06,21:00:39,3.8
上游闸外水位,2024/01/06,21:00:39,3.7
下游闸内水位,2024/01/06,21:03:17,3.8
下游闸外水位,2024/01/06,21:03:17,2.6
下游闸内水位,2024/01/06,21:07:54,2.8
下游闸外水位,2024/01/06,21:07:54,2.5
下游闸内水位,2024/01/06,21:09:51,2.6
下游闸外水位,2024/01/06,21:09:51,2.6
下游闸内水位,2024/01/06,21:58:54,2.5
下游闸外水位,2024/01/06,21:58:54,2.5
内河侧水位,2024/01/06,22:00:00,3.7
长江侧水位,2024/01/06,22:00:00,2.5
下游闸内水位,2024/01/06,23:42:15,2.7
下游闸外水位,2024/01/06,23:42:15,2.7
上游闸内水位,2024/01/06,23:44:59,2.7
上游闸外水位,2024/01/06,23:44:59,3.7
上游闸内水位,2024/01/06,23:48:07,3.6
上游闸外水位,2024/01/06,23:48:07,3.7
内河侧水位,2024/01/07,0:00:00,3.7
长江侧水位,2024/01/07,0:00:00,2.8
下游闸内水位,2024/01/07,4:13:02,3.0
下游闸外水位,2024/01/07,4:13:02,2.9
上游闸内水位,2024/01/07,4:15:37,2.9
上游闸外水位,2024/01/07,4:15:37,3.7
上游闸内水位,2024/01/07,4:18:16,3.5
上游闸外水位,2024/01/07,4:18:16,3.6
内河侧水位,2024/01/07,5:00:00,3.7
长江侧水位,2024/01/07,5:00:00,2.8
下游闸内水位,2024/01/07,5:09:47,2.9
下游闸外水位,2024/01/07,5:09:47,2.8
上游闸内水位,2024/01/07,6:02:26,3.5
上游闸外水位,2024/01/07,6:02:26,3.7
上游闸内水位,2024/01/07,6:44:15,3.8
上游闸外水位,2024/01/07,6:44:15,3.7
下游闸内水位,2024/01/07,6:46:54,3.8
下游闸外水位,2024/01/07,6:46:54,2.5
下游闸内水位,2024/01/07,6:51:32,2.6
下游闸外水位,2024/01/07,6:51:32,2.5
内河侧水位,2024/01/07,7:00:00,3.7
长江侧水位,2024/01/07,7:00:00,2.5
下游闸内水位,2024/01/07,8:00:53,3.8
下游闸外水位,2024/01/07,8:00:53,2.4
下游闸内水位,2024/01/07,8:05:26,2.5
下游闸外水位,2024/01/07,8:05:26,2.4
上游闸内水位,2024/01/07,8:36:03,2.3
上游闸外水位,2024/01/07,8:36:03,3.7
上游闸内水位,2024/01/07,8:40:22,3.7
上游闸外水位,2024/01/07,8:40:22,3.8
上游闸内水位,2024/01/07,8:59:51,3.8
上游闸外水位,2024/01/07,8:59:51,3.7
内河侧水位,2024/01/07,9:00:00,3.7
下游闸内水位,2024/01/06,19:19:50,2.8
下游闸外水位,2024/01/06,19:19:50,2.8
上游闸内水位,2024/01/06,19:23:55,2.8
上游闸外水位,2024/01/06,19:23:55,3.7
上游闸内水位,2024/01/06,19:25:06,3.0
上游闸外水位,2024/01/06,19:25:06,3.6
上游闸内水位,2024/01/06,19:53:07,3.8
上游闸外水位,2024/01/06,19:53:07,3.7
下游闸内水位,2024/01/06,19:55:37,3.7
下游闸外水位,2024/01/06,19:55:37,2.7
内河侧水位,2024/01/06,20:00:00,3.7
长江侧水位,2024/01/06,20:00:00,2.7
长江侧水位,2024/01/07,9:00:00,2.3
上游闸内水位,2024/01/07,11:15:03,3.8
上游闸外水位,2024/01/07,11:15:03,3.7
下游闸内水位,2024/01/07,11:19:25,3.8
下游闸外水位,2024/01/07,11:19:25,2.4
下游闸内水位,2024/01/07,11:24:39,2.5
下游闸外水位,2024/01/07,11:24:39,2.4
下游闸内水位,2024/01/07,11:55:41,2.7
下游闸外水位,2024/01/07,11:55:41,2.7
上游闸内水位,2024/01/07,11:59:34,2.7
上游闸外水位,2024/01/07,11:59:34,3.7
内河侧水位,2024/01/07,12:00:00,3.7
长江侧水位,2024/01/07,12:00:00,2.7
下游闸内水位,2024/01/07,13:17:04,3.4
下游闸外水位,2024/01/07,13:17:04,3.3
上游闸内水位,2024/01/07,13:19:43,3.3
上游闸外水位,2024/01/07,13:19:43,3.8
上游闸内水位,2024/01/07,13:21:33,3.6
上游闸外水位,2024/01/07,13:21:33,3.7
上游闸内水位,2024/01/07,13:42:59,3.8
上游闸外水位,2024/01/07,13:42:59,3.8
下游闸内水位,2024/01/07,13:45:29,3.8
下游闸外水位,2024/01/07,13:45:29,3.5
下游闸内水位,2024/01/07,13:47:25,3.6
下游闸外水位,2024/01/07,13:47:25,3.5
内河侧水位,2024/01/07,14:00:00,3.8
长江侧水位,2024/01/07,14:00:00,3.5
下游闸内水位,2024/01/07,14:11:03,3.6
下游闸外水位,2024/01/07,14:11:03,3.5
上游闸内水位,2024/01/07,15:17:07,3.7
上游闸外水位,2024/01/07,15:17:07,3.7
下游闸内水位,2024/01/07,15:48:25,3.7
下游闸外水位,2024/01/07,15:48:25,3.7
上游闸内水位,2024/01/07,15:51:04,3.7
上游闸外水位,2024/01/07,15:51:04,3.7
上游闸内水位,2024/01/07,15:53:19,3.8
上游闸外水位,2024/01/07,15:53:19,3.7
内河侧水位,2024/01/07,16:00:00,3.7
长江侧水位,2024/01/07,16:00:00,3.7
下游闸内水位,2024/01/07,20:22:51,2.8
下游闸外水位,2024/01/07,20:22:51,2.8
上游闸内水位,2024/01/07,20:25:37,2.8
上游闸外水位,2024/01/07,20:25:37,3.8
上游闸内水位,2024/01/07,20:27:25,3.0
上游闸外水位,2024/01/07,20:27:25,3.8
上游闸内水位,2024/01/07,20:29:03,3.4
上游闸外水位,2024/01/07,20:29:03,3.7
上游闸内水位,2024/01/07,20:30:07,3.7
上游闸外水位,2024/01/07,20:30:07,3.7
上游闸内水位,2024/01/07,20:48:04,3.8
上游闸外水位,2024/01/07,20:48:04,3.7
下游闸内水位,2024/01/07,20:52:12,3.8
下游闸外水位,2024/01/07,20:52:12,2.7
下游闸内水位,2024/01/07,20:56:29,2.9
下游闸外水位,2024/01/07,20:56:29,2.7
内河侧水位,2024/01/07,21:00:00,3.8
长江侧水位,2024/01/07,21:00:00,2.8
上游闸内水位,2024/01/07,22:16:49,3.8
上游闸外水位,2024/01/07,22:16:49,3.8
下游闸内水位,2024/01/07,22:19:47,3.8
下游闸外水位,2024/01/07,22:19:47,2.5
下游闸内水位,2024/01/07,22:26:42,2.6
下游闸外水位,2024/01/07,22:26:42,2.6
内河侧水位,2024/01/07,23:00:00,3.7
长江侧水位,2024/01/07,23:00:00,2.5
下游闸内水位,2024/01/08,0:00:16,3.8
下游闸外水位,2024/01/08,0:00:16,2.4
下游闸内水位,2024/01/08,0:05:36,2.5
下游闸外水位,2024/01/08,0:05:36,2.4
内河侧水位,2024/01/08,1:00:00,3.7
长江侧水位,2024/01/08,1:00:00,2.6
下游闸内水位,2024/01/08,2:00:41,3.8
下游闸外水位,2024/01/08,2:00:41,3.0
下游闸内水位,2024/01/08,2:04:01,3.2
下游闸外水位,2024/01/08,2:04:01,3.1
下游闸内水位,2024/01/07,2:38:42,3.3
下游闸外水位,2024/01/07,2:38:42,3.2
上游闸内水位,2024/01/07,2:41:18,3.2
上游闸外水位,2024/01/07,2:41:18,3.7
上游闸内水位,2024/01/07,2:43:51,3.7
上游闸外水位,2024/01/07,2:43:51,3.7
内河侧水位,2024/01/07,3:00:00,3.7
长江侧水位,2024/01/07,3:00:00,3.2
下游闸内水位,2024/01/07,18:17:34,3.1
下游闸外水位,2024/01/07,18:17:34,3.1
上游闸内水位,2024/01/07,18:20:13,3.2
上游闸外水位,2024/01/07,18:20:13,3.8
上游闸内水位,2024/01/07,18:22:17,3.6
上游闸外水位,2024/01/07,18:22:17,3.7
上游闸内水位,2024/01/07,18:46:28,3.8
上游闸外水位,2024/01/07,18:46:28,3.8
下游闸内水位,2024/01/07,18:49:01,3.8
下游闸外水位,2024/01/07,18:49:01,3.0
下游闸内水位,2024/01/07,18:52:20,3.2
下游闸外水位,2024/01/07,18:52:20,3.1
内河侧水位,2024/01/07,19:00:00,3.8
长江侧水位,2024/01/07,19:00:00,3.0
上游闸内水位,2024/01/08,3:45:01,3.8
上游闸外水位,2024/01/08,3:45:01,3.8
下游闸内水位,2024/01/08,3:48:46,3.8
下游闸外水位,2024/01/08,3:48:46,3.4
下游闸内水位,2024/01/08,3:51:25,3.5
下游闸外水位,2024/01/08,3:51:25,3.4
内河侧水位,2024/01/08,4:00:00,3.8
长江侧水位,2024/01/08,4:00:00,3.4
下游闸内水位,2024/01/08,7:00:06,3.0
下游闸外水位,2024/01/08,7:00:06,2.8
下游闸内水位,2024/01/08,7:40:42,2.7
下游闸外水位,2024/01/08,7:40:42,2.7
上游闸内水位,2024/01/08,7:43:55,2.7
上游闸外水位,2024/01/08,7:43:55,3.8
上游闸内水位,2024/01/08,7:47:10,3.6
上游闸外水位,2024/01/08,7:47:10,3.8
内河侧水位,2024/01/08,8:00:00,3.8
长江侧水位,2024/01/08,8:00:00,2.7
下游闸内水位,2024/01/08,8:17:20,2.8
下游闸外水位,2024/01/08,8:17:20,2.6
上游闸内水位,2024/01/08,9:21:54,3.8
上游闸外水位,2024/01/08,9:21:54,3.7
下游闸内水位,2024/01/08,9:24:28,3.8
下游闸外水位,2024/01/08,9:24:28,2.5
下游闸内水位,2024/01/08,9:29:19,2.6
下游闸外水位,2024/01/08,9:29:19,2.5
下游闸内水位,2024/01/08,9:50:35,2.5
下游闸外水位,2024/01/08,9:50:35,2.5
上游闸内水位,2024/01/08,9:53:14,2.4
上游闸外水位,2024/01/08,9:53:14,3.8
上游闸内水位,2024/01/08,9:56:44,3.6
上游闸外水位,2024/01/08,9:56:44,3.8
内河侧水位,2024/01/08,10:00:00,3.7
长江侧水位,2024/01/08,10:00:00,2.4
上游闸内水位,2024/01/08,10:20:23,3.8
上游闸外水位,2024/01/08,10:20:23,3.8
下游闸内水位,2024/01/08,10:22:55,3.8
下游闸外水位,2024/01/08,10:22:55,2.4
下游闸内水位,2024/01/08,10:27:43,2.5
下游闸外水位,2024/01/08,10:27:43,2.4
下游闸内水位,2024/01/08,10:41:10,2.3
下游闸外水位,2024/01/08,10:41:10,2.3
上游闸内水位,2024/01/08,10:43:47,2.4
上游闸外水位,2024/01/08,10:43:47,3.8
上游闸内水位,2024/01/08,10:47:14,3.6
上游闸外水位,2024/01/08,10:47:14,3.8
内河侧水位,2024/01/08,11:00:00,3.8
长江侧水位,2024/01/08,11:00:00,2.3
上游闸内水位,2024/01/08,12:10:02,3.8
上游闸外水位,2024/01/08,12:10:02,3.8
下游闸内水位,2024/01/08,12:12:50,3.8
下游闸外水位,2024/01/08,12:12:50,2.3
下游闸内水位,2024/01/08,12:17:59,2.5
下游闸外水位,2024/01/08,12:17:59,2.3
下游闸内水位,2024/01/08,12:49:28,2.6
下游闸外水位,2024/01/08,12:49:28,2.6
上游闸内水位,2024/01/08,12:52:14,2.6
上游闸外水位,2024/01/08,12:52:14,3.8
上游闸内水位,2024/01/08,12:55:05,3.2
上游闸外水位,2024/01/08,12:55:05,3.7
上游闸内水位,2024/01/08,12:56:21,3.6
上游闸外水位,2024/01/08,12:56:21,3.7
内河侧水位,2024/01/08,13:00:00,3.8
长江侧水位,2024/01/08,13:00:00,2.6
下游闸内水位,2024/01/08,14:01:04,3.8
下游闸外水位,2024/01/07,9:34:01,2.2
上游闸内水位,2024/01/07,9:36:43,2.2
上游闸外水位,2024/01/07,9:36:43,3.7
上游闸内水位,2024/01/07,9:40:54,3.7
上游闸外水位,2024/01/07,9:40:54,3.7
内河侧水位,2024/01/07,10:00:00,3.7
长江侧水位,2024/01/07,10:00:00,2.3
下游闸内水位,2024/01/08,1:01:33,2.7
下游闸外水位,2024/01/08,1:01:33,2.6
上游闸内水位,2024/01/08,1:05:44,2.7
上游闸外水位,2024/01/08,1:05:44,3.7
上游闸内水位,2024/01/08,1:08:59,3.6
上游闸外水位,2024/01/08,1:08:59,3.7
上游闸内水位,2024/01/08,1:58:09,3.8
上游闸外水位,2024/01/08,1:58:09,3.7
内河侧水位,2024/01/08,2:00:00,3.8
长江侧水位,2024/01/08,2:00:00,3.0
下游闸外水位,2024/01/08,14:01:04,3.2
下游闸内水位,2024/01/08,14:03:36,3.4
下游闸外水位,2024/01/08,14:03:36,3.3
下游闸内水位,2024/01/08,14:15:32,3.3
下游闸外水位,2024/01/08,14:15:32,3.3
上游闸内水位,2024/01/08,14:18:10,3.4
上游闸外水位,2024/01/08,14:18:10,3.8
上游闸内水位,2024/01/08,14:20:02,3.7
上游闸外水位,2024/01/08,14:20:02,3.8
上游闸内水位,2024/01/08,14:34:51,3.8
上游闸外水位,2024/01/08,14:34:51,3.8
下游闸内水位,2024/01/08,14:36:35,3.8
下游闸外水位,2024/01/08,14:36:35,3.5
上游闸内水位,2024/01/08,14:39:58,3.5
上游闸外水位,2024/01/08,14:39:58,3.8
内河侧水位,2024/01/08,15:00:00,3.5
长江侧水位,2024/01/08,15:00:00,3.5
内河侧水位,2024/01/08,17:00:00,3.8
长江侧水位,2024/01/08,17:00:00,3.8
上游闸内水位,2024/01/08,17:04:33,3.8
上游闸外水位,2024/01/08,17:04:33,3.8
下游闸内水位,2024/01/08,17:40:43,3.7
下游闸外水位,2024/01/08,17:40:43,3.7
上游闸内水位,2024/01/08,17:44:03,3.7
上游闸外水位,2024/01/08,17:44:03,3.8
上游闸内水位,2024/01/08,17:46:00,3.8
上游闸外水位,2024/01/08,17:46:00,3.8
内河侧水位,2024/01/08,18:00:00,3.8
长江侧水位,2024/01/08,18:00:00,3.6
下游闸内水位,2024/01/08,19:00:31,3.3
下游闸外水位,2024/01/08,19:00:31,3.3
上游闸内水位,2024/01/08,19:03:32,3.2
上游闸外水位,2024/01/08,19:03:32,3.9
上游闸内水位,2024/01/08,19:08:50,3.9
上游闸外水位,2024/01/08,19:08:50,3.9
下游闸内水位,2024/01/08,19:46:26,3.9
下游闸外水位,2024/01/08,19:46:26,3.1
下游闸内水位,2024/01/08,19:49:48,3.2
下游闸外水位,2024/01/08,19:49:48,3.1
内河侧水位,2024/01/08,21:00:00,3.8
长江侧水位,2024/01/08,21:00:00,2.9
上游闸内水位,2024/01/08,21:00:33,3.8
上游闸外水位,2024/01/08,21:00:33,3.8
下游闸内水位,2024/01/08,21:03:37,3.9
下游闸外水位,2024/01/08,21:03:37,2.9
下游闸内水位,2024/01/08,21:07:47,3.0
下游闸外水位,2024/01/08,21:07:47,2.9
下游闸内水位,2024/01/08,21:42:42,2.8
下游闸外水位,2024/01/08,21:42:42,2.8
上游闸内水位,2024/01/08,21:45:30,2.8
上游闸外水位,2024/01/08,21:45:30,3.8
上游闸内水位,2024/01/08,21:49:31,3.9
上游闸外水位,2024/01/08,21:49:31,3.8
内河侧水位,2024/01/08,23:00:00,3.8
长江侧水位,2024/01/08,23:00:00,2.6
下游闸内水位,2024/01/08,23:24:20,2.5
下游闸外水位,2024/01/08,23:24:20,2.5
上游闸内水位,2024/01/08,23:27:33,2.5
上游闸外水位,2024/01/08,23:27:33,3.8
上游闸内水位,2024/01/08,23:31:02,3.7
上游闸外水位,2024/01/08,23:31:02,3.7
内河侧水位,2024/01/09,0:00:00,3.8
长江侧水位,2024/01/09,0:00:00,2.5
上游闸内水位,2024/01/09,2:22:23,3.8
上游闸外水位,2024/01/09,2:22:23,3.8
下游闸内水位,2024/01/09,2:24:59,3.8
下游闸外水位,2024/01/09,2:24:59,2.7
下游闸内水位,2024/01/09,2:29:20,2.9
下游闸外水位,2024/01/09,2:29:20,2.7
内河侧水位,2024/01/09,3:00:00,3.8
长江侧水位,2024/01/07,20:00:00,2.9
下游闸内水位,2024/01/07,21:47:54,2.7
下游闸外水位,2024/01/07,21:47:54,2.6
上游闸内水位,2024/01/07,21:50:38,2.6
上游闸外水位,2024/01/07,21:50:38,3.7
上游闸内水位,2024/01/07,21:54:01,3.6
上游闸外水位,2024/01/07,21:54:01,3.7
内河侧水位,2024/01/07,22:00:00,3.7
长江侧水位,2024/01/07,22:00:00,2.6
下游闸内水位,2024/01/07,23:06:17,2.5
下游闸外水位,2024/01/07,23:06:17,2.5
上游闸内水位,2024/01/07,23:08:58,2.4
上游闸外水位,2024/01/07,23:08:58,3.7
上游闸内水位,2024/01/07,23:12:30,3.6
上游闸外水位,2024/01/07,23:12:30,3.7
上游闸内水位,2024/01/07,23:57:23,3.8
上游闸外水位,2024/01/07,23:57:23,3.7
内河侧水位,2024/01/08,0:00:00,3.7
长江侧水位,2024/01/08,0:00:00,2.5
下游闸内水位,2024/01/08,4:37:05,3.3
下游闸外水位,2024/01/08,4:37:05,3.3
上游闸内水位,2024/01/08,4:39:44,3.3
上游闸外水位,2024/01/08,4:39:44,3.8
上游闸内水位,2024/01/08,4:42:31,3.8
上游闸外水位,2024/01/08,4:42:31,3.8
内河侧水位,2024/01/08,5:00:00,3.8
长江侧水位,2024/01/08,5:00:00,3.2
上游闸内水位,2024/01/08,5:18:45,3.8
上游闸外水位,2024/01/08,5:18:45,3.8
下游闸内水位,2024/01/08,5:21:18,3.8
下游闸外水位,2024/01/08,5:21:18,3.1
下游闸内水位,2024/01/08,5:24:33,3.3
下游闸外水位,2024/01/08,5:24:33,3.1
内河侧水位,2024/01/08,6:00:00,3.8
长江侧水位,2024/01/08,6:00:00,3.0
下游闸内水位,2024/01/08,6:06:58,3.0
下游闸外水位,2024/01/08,6:06:58,2.9
上游闸内水位,2024/01/08,6:10:31,2.9
上游闸外水位,2024/01/08,6:10:31,3.8
上游闸内水位,2024/01/08,6:13:31,3.7
上游闸外水位,2024/01/08,6:13:31,3.7
上游闸内水位,2024/01/08,6:52:10,3.8
上游闸外水位,2024/01/08,6:52:10,3.8
下游闸内水位,2024/01/08,6:56:12,3.8
下游闸外水位,2024/01/08,6:56:12,2.8
内河侧水位,2024/01/08,7:00:00,3.8
长江侧水位,2024/01/08,7:00:00,2.8
上游闸内水位,2024/01/08,8:09:45,3.8
上游闸外水位,2024/01/08,8:09:45,3.8
下游闸内水位,2024/01/08,8:12:50,3.8
下游闸外水位,2024/01/08,8:12:50,2.6
下游闸内水位,2024/01/08,8:45:37,2.5
下游闸外水位,2024/01/08,8:45:37,2.5
上游闸内水位,2024/01/08,8:48:55,2.5
上游闸外水位,2024/01/08,8:48:55,3.8
上游闸内水位,2024/01/08,8:52:25,3.6
上游闸外水位,2024/01/08,8:52:25,3.8
内河侧水位,2024/01/08,9:00:00,3.8
长江侧水位,2024/01/08,9:00:00,2.5
上游闸内水位,2024/01/08,11:06:12,3.8
上游闸外水位,2024/01/08,11:06:12,3.8
下游闸内水位,2024/01/08,11:09:00,3.8
下游闸外水位,2024/01/08,11:09:00,2.3
下游闸内水位,2024/01/08,11:13:41,2.4
下游闸外水位,2024/01/08,11:13:41,2.3
下游闸内水位,2024/01/08,11:47:31,2.3
下游闸外水位,2024/01/08,11:47:31,2.3
上游闸内水位,2024/01/08,11:50:08,2.3
上游闸外水位,2024/01/08,11:50:08,3.8
上游闸内水位,2024/01/08,11:53:58,3.6
上游闸外水位,2024/01/08,11:53:58,3.7
内河侧水位,2024/01/08,12:00:00,3.7
长江侧水位,2024/01/08,12:00:00,2.3
上游闸内水位,2024/01/08,13:11:53,3.8
上游闸外水位,2024/01/08,13:11:53,3.8
下游闸内水位,2024/01/08,13:14:27,3.8
下游闸外水位,2024/01/08,13:14:27,2.8
下游闸内水位,2024/01/08,13:18:09,3.0
下游闸外水位,2024/01/08,13:18:09,2.9
下游闸内水位,2024/01/08,13:38:28,3.1
下游闸外水位,2024/01/08,13:38:28,3.0
上游闸内水位,2024/01/08,13:41:05,3.1
上游闸外水位,2024/01/08,13:41:05,3.8
上游闸内水位,2024/01/08,13:43:39,3.6
上游闸外水位,2024/01/08,13:43:39,3.7
上游闸内水位,2024/01/08,13:58:30,3.9
上游闸外水位,2024/01/08,13:58:30,3.8
下游闸内水位,2024/01/08,2:53:51,3.3
下游闸外水位,2024/01/08,2:53:51,3.3
上游闸内水位,2024/01/08,2:56:34,3.3
上游闸外水位,2024/01/08,2:56:34,3.8
上游闸内水位,2024/01/08,2:59:09,3.7
上游闸外水位,2024/01/08,2:59:09,3.7
内河侧水位,2024/01/08,3:00:00,3.8
长江侧水位,2024/01/08,3:00:00,3.3
内河侧水位,2024/01/08,14:00:00,3.8
长江侧水位,2024/01/08,14:00:00,3.2
内河侧水位,2024/01/08,16:00:00,3.8
长江侧水位,2024/01/08,16:00:00,3.8
上游闸内水位,2024/01/08,18:28:00,3.9
上游闸外水位,2024/01/08,18:28:00,3.8
下游闸内水位,2024/01/08,18:31:12,3.9
下游闸外水位,2024/01/08,18:31:12,3.4
下游闸内水位,2024/01/08,18:34:22,3.4
下游闸外水位,2024/01/08,18:34:22,3.4
内河侧水位,2024/01/08,19:00:00,3.8
长江侧水位,2024/01/08,19:00:00,3.3
上游闸内水位,2024/01/08,19:42:47,3.9
上游闸外水位,2024/01/08,19:42:47,3.8
内河侧水位,2024/01/08,20:00:00,3.8
长江侧水位,2024/01/08,20:00:00,3.0
下游闸内水位,2024/01/08,20:38:06,3.0
下游闸外水位,2024/01/08,20:38:06,3.0
上游闸内水位,2024/01/08,20:40:53,2.9
上游闸外水位,2024/01/08,20:40:53,3.8
上游闸内水位,2024/01/08,20:43:49,3.7
上游闸外水位,2024/01/08,20:43:49,3.8
内河侧水位,2024/01/08,22:00:00,3.8
长江侧水位,2024/01/08,22:00:00,2.7
上游闸内水位,2024/01/08,22:31:51,3.8
上游闸外水位,2024/01/08,22:31:51,3.8
下游闸内水位,2024/01/08,22:34:39,3.8
下游闸外水位,2024/01/08,22:34:39,2.7
下游闸内水位,2024/01/08,22:38:45,2.8
下游闸外水位,2024/01/08,22:38:45,2.6
上游闸内水位,2024/01/09,0:23:41,3.8
上游闸外水位,2024/01/09,0:23:41,3.8
下游闸内水位,2024/01/09,0:27:53,3.8
下游闸外水位,2024/01/09,0:27:53,2.4
下游闸内水位,2024/01/09,0:32:22,2.6
下游闸外水位,2024/01/09,0:32:22,2.4
内河侧水位,2024/01/09,1:00:00,3.8
长江侧水位,2024/01/09,1:00:00,2.4
下游闸内水位,2024/01/09,3:14:41,3.1
下游闸外水位,2024/01/09,3:14:41,3.1
上游闸内水位,2024/01/09,3:17:18,3.1
上游闸外水位,2024/01/09,3:17:18,3.8
上游闸内水位,2024/01/09,3:19:37,3.6
上游闸外水位,2024/01/09,3:19:37,3.7
上游闸内水位,2024/01/09,3:58:12,3.8
上游闸外水位,2024/01/09,3:58:12,3.8
内河侧水位,2024/01/09,4:00:00,3.8
长江侧水位,2024/01/09,4:00:00,3.3
上游闸内水位,2024/01/09,5:27:58,3.8
上游闸外水位,2024/01/09,5:27:58,3.8
下游闸内水位,2024/01/09,5:30:55,3.8
下游闸外水位,2024/01/09,5:30:55,3.3
下游闸内水位,2024/01/09,5:33:46,3.4
下游闸外水位,2024/01/09,5:33:46,3.3
内河侧水位,2024/01/09,6:00:00,3.8
长江侧水位,2024/01/09,6:00:00,3.2
内河侧水位,2024/01/09,7:00:00,3.8
长江侧水位,2024/01/09,7:00:00,2.9
下游闸内水位,2024/01/09,7:24:54,2.9
下游闸外水位,2024/01/09,7:24:54,2.9
上游闸内水位,2024/01/09,7:27:52,2.9
上游闸外水位,2024/01/09,7:27:52,3.8
上游闸内水位,2024/01/09,7:56:24,3.8
上游闸外水位,2024/01/09,7:56:24,3.8
下游闸内水位,2024/01/09,7:58:55,3.8
下游闸外水位,2024/01/09,7:58:55,2.7
内河侧水位,2024/01/09,8:00:00,3.8
长江侧水位,2024/01/09,8:00:00,2.7
上游闸内水位,2024/01/09,9:03:18,3.8
上游闸外水位,2024/01/09,9:03:18,3.8
下游闸内水位,2024/01/09,9:06:26,3.8
下游闸外水位,2024/01/09,9:06:26,2.6
下游闸内水位,2024/01/09,9:11:00,2.7
下游闸外水位,2024/01/09,9:11:00,2.5
上游闸内水位,2024/01/09,9:33:03,2.5
上游闸外水位,2024/01/09,9:33:03,3.8
上游闸内水位,2024/01/09,9:36:45,3.7
上游闸外水位,2024/01/09,9:36:45,3.8
内河侧水位,2024/01/09,10:00:00,3.8
下游闸内水位,2024/01/09,1:31:50,2.4
下游闸外水位,2024/01/09,1:31:50,2.4
上游闸内水位,2024/01/09,1:34:29,2.4
上游闸外水位,2024/01/09,1:34:29,3.8
上游闸内水位,2024/01/09,1:38:07,3.6
上游闸外水位,2024/01/09,1:38:07,3.7
内河侧水位,2024/01/09,2:00:00,3.8
长江侧水位,2024/01/09,2:00:00,2.5
上游闸内水位,2024/01/09,10:01:27,3.8
上游闸外水位,2024/01/09,10:01:27,3.8
下游闸内水位,2024/01/09,10:04:00,3.8
下游闸外水位,2024/01/09,10:04:00,2.4
下游闸内水位,2024/01/09,10:08:29,2.6
下游闸外水位,2024/01/09,10:08:29,2.5
下游闸内水位,2024/01/09,10:17:53,2.4
下游闸外水位,2024/01/09,10:17:53,2.4
下游闸内水位,2024/01/09,10:34:05,2.4
下游闸外水位,2024/01/09,10:34:05,2.4
下游闸内水位,2024/01/09,10:41:07,2.4
下游闸外水位,2024/01/09,10:41:07,2.4
上游闸内水位,2024/01/09,10:43:56,2.4
上游闸外水位,2024/01/09,10:43:56,3.8
上游闸内水位,2024/01/09,10:47:28,3.6
上游闸外水位,2024/01/09,10:47:28,3.8
内河侧水位,2024/01/09,11:00:00,3.8
长江侧水位,2024/01/09,11:00:00,2.4
下游闸内水位,2024/01/09,11:24:58,3.8
下游闸外水位,2024/01/09,11:24:58,2.3
下游闸内水位,2024/01/09,12:12:32,2.2
下游闸外水位,2024/01/09,12:12:32,2.2
上游闸内水位,2024/01/09,12:16:33,2.2
上游闸外水位,2024/01/09,12:16:33,3.8
上游闸内水位,2024/01/09,12:20:10,3.6
上游闸外水位,2024/01/09,12:20:10,3.7
内河侧水位,2024/01/09,13:00:00,3.8
长江侧水位,2024/01/09,13:00:00,2.2
上游闸内水位,2024/01/09,14:00:40,3.6
上游闸外水位,2024/01/09,14:00:40,3.7
上游闸内水位,2024/01/09,14:37:35,3.8
上游闸外水位,2024/01/09,14:37:35,3.7
下游闸内水位,2024/01/09,14:40:06,3.8
下游闸外水位,2024/01/09,14:40:06,3.2
下游闸内水位,2024/01/09,14:42:54,3.4
下游闸外水位,2024/01/09,14:42:54,3.2
内河侧水位,2024/01/09,15:00:00,3.8
长江侧水位,2024/01/09,15:00:00,3.4
内河侧水位,2024/01/09,17:00:00,3.9
长江侧水位,2024/01/09,17:00:00,4.0
内河侧水位,2024/01/09,19:00:00,3.9
长江侧水位,2024/01/09,19:00:00,3.6
下游闸内水位,2024/01/09,19:02:10,3.7
下游闸外水位,2024/01/09,19:02:10,3.7
上游闸内水位,2024/01/09,19:05:22,3.6
上游闸外水位,2024/01/09,19:05:22,3.9
上游闸内水位,2024/01/09,19:07:14,3.8
上游闸外水位,2024/01/09,19:07:14,3.8
上游闸内水位,2024/01/09,19:46:50,3.9
上游闸外水位,2024/01/09,19:46:50,3.9
下游闸内水位,2024/01/09,19:51:39,3.9
下游闸外水位,2024/01/09,19:51:39,3.4
下游闸内水位,2024/01/09,19:54:59,3.4
下游闸外水位,2024/01/09,19:54:59,3.3
内河侧水位,2024/01/09,20:00:00,3.8
长江侧水位,2024/01/09,20:00:00,3.3
下游闸内水位,2024/01/09,20:31:26,3.2
下游闸外水位,2024/01/09,20:31:26,3.2
上游闸内水位,2024/01/09,20:35:39,3.2
上游闸外水位,2024/01/09,20:35:39,3.8
上游闸内水位,2024/01/09,20:37:59,3.7
上游闸外水位,2024/01/09,20:37:59,3.8
内河侧水位,2024/01/09,21:00:00,3.8
长江侧水位,2024/01/09,21:00:00,3.0
上游闸内水位,2024/01/09,21:24:13,3.8
上游闸外水位,2024/01/09,21:24:13,3.8
下游闸内水位,2024/01/09,21:26:44,3.9
下游闸外水位,2024/01/09,21:26:44,2.9
下游闸内水位,2024/01/09,21:30:25,3.1
下游闸外水位,2024/01/09,21:30:25,2.9
内河侧水位,2024/01/09,22:00:00,3.8
长江侧水位,2024/01/09,22:00:00,2.9
下游闸内水位,2024/01/09,22:13:08,2.8
下游闸外水位,2024/01/09,22:13:08,2.8
上游闸内水位,2024/01/09,22:19:07,3.7
上游闸外水位,2024/01/09,22:19:07,3.8
上游闸内水位,2024/01/09,22:53:27,3.8
上游闸外水位,2024/01/09,22:53:27,3.8
下游闸内水位,2024/01/09,22:55:57,3.8
长江侧水位,2024/01/09,3:00:00,3.0
下游闸内水位,2024/01/09,4:00:46,3.8
下游闸外水位,2024/01/09,4:00:46,3.3
下游闸内水位,2024/01/09,4:03:33,3.4
下游闸外水位,2024/01/09,4:03:33,3.3
下游闸内水位,2024/01/09,4:43:29,3.4
下游闸外水位,2024/01/09,4:43:29,3.4
上游闸内水位,2024/01/09,4:46:10,3.4
上游闸外水位,2024/01/09,4:46:10,3.8
上游闸内水位,2024/01/09,4:48:17,3.7
上游闸外水位,2024/01/09,4:48:17,3.8
内河侧水位,2024/01/09,5:00:00,3.7
长江侧水位,2024/01/09,5:00:00,3.4
下游闸内水位,2024/01/09,6:20:51,3.1
下游闸外水位,2024/01/09,6:20:51,3.1
上游闸内水位,2024/01/09,6:24:17,3.1
上游闸外水位,2024/01/09,6:24:17,3.8
上游闸内水位,2024/01/09,6:26:32,3.6
上游闸外水位,2024/01/09,6:26:32,3.6
上游闸内水位,2024/01/09,6:48:04,3.8
上游闸外水位,2024/01/09,6:48:04,3.8
下游闸内水位,2024/01/09,6:54:51,3.8
下游闸外水位,2024/01/09,6:54:51,3.0
下游闸内水位,2024/01/09,6:58:20,3.1
下游闸外水位,2024/01/09,6:58:20,3.0
上游闸内水位,2024/01/09,7:30:34,3.6
上游闸外水位,2024/01/09,7:30:34,3.7
下游闸内水位,2024/01/09,8:03:19,2.8
下游闸外水位,2024/01/09,8:03:19,2.7
下游闸内水位,2024/01/09,8:26:48,2.7
下游闸外水位,2024/01/09,8:26:48,2.7
上游闸内水位,2024/01/09,8:29:31,2.7
上游闸外水位,2024/01/09,8:29:31,3.8
上游闸内水位,2024/01/09,8:32:40,3.6
上游闸外水位,2024/01/09,8:32:40,3.7
内河侧水位,2024/01/09,9:00:00,3.8
长江侧水位,2024/01/09,9:00:00,2.6
下游闸内水位,2024/01/09,9:29:40,2.5
下游闸外水位,2024/01/09,9:29:40,2.5
上游闸内水位,2024/01/09,11:22:27,3.8
上游闸外水位,2024/01/09,11:22:27,3.8
下游闸内水位,2024/01/09,11:30:14,2.4
下游闸外水位,2024/01/09,11:30:14,2.3
内河侧水位,2024/01/09,12:00:00,3.8
长江侧水位,2024/01/09,12:00:00,2.2
上游闸内水位,2024/01/09,13:03:03,3.8
上游闸外水位,2024/01/09,13:03:03,3.8
下游闸内水位,2024/01/09,13:05:32,3.8
下游闸外水位,2024/01/09,13:05:32,2.2
下游闸内水位,2024/01/09,13:10:55,2.4
下游闸外水位,2024/01/09,13:10:55,2.2
下游闸内水位,2024/01/09,13:54:51,2.6
下游闸外水位,2024/01/09,13:54:51,2.6
上游闸内水位,2024/01/09,13:57:32,2.7
上游闸外水位,2024/01/09,13:57:32,3.8
内河侧水位,2024/01/09,14:00:00,3.5
长江侧水位,2024/01/09,14:00:00,2.7
上游闸内水位,2024/01/09,15:14:19,3.5
上游闸外水位,2024/01/09,15:14:19,3.8
内河侧水位,2024/01/09,16:00:00,3.7
长江侧水位,2024/01/09,16:00:00,3.7
内河侧水位,2024/01/09,18:00:00,3.9
长江侧水位,2024/01/09,18:00:00,3.9
上游闸内水位,2024/01/09,18:29:00,3.8
上游闸外水位,2024/01/09,18:29:00,3.8
上游闸内水位,2024/01/09,22:16:00,2.8
上游闸外水位,2024/01/09,22:16:00,3.8
上游闸内水位,2024/01/10,0:41:13,3.8
上游闸外水位,2024/01/10,0:41:13,3.8
下游闸内水位,2024/01/10,20:40:43,3.6
下游闸外水位,2024/01/10,20:40:43,3.5
下游闸内水位,2024/01/11,2:32:33,2.5
下游闸外水位,2024/01/11,2:32:33,2.5
上游闸内水位,2024/01/11,6:12:32,3.9
上游闸外水位,2024/01/11,6:12:32,3.8
上游闸内水位,2024/01/11,9:56:55,2.9
上游闸外水位,2024/01/11,9:56:55,3.8
上游闸内水位,2024/01/12,2:43:21,3.9
上游闸外水位,2024/01/12,2:43:21,3.8
上游闸内水位,2024/01/12,5:07:40,3.6
上游闸外水位,2024/01/12,5:07:40,3.8
上游闸内水位,2024/01/12,5:43:00,3.8
上游闸外水位,2024/01/12,5:43:00,3.8
下游闸内水位,2024/01/12,5:45:43,3.9
下游闸外水位,2024/01/12,5:45:43,3.4
下游闸内水位,2024/01/12,5:48:10,3.6
下游闸外水位,2024/01/12,5:48:10,3.4
长江侧水位,2024/01/09,10:00:00,2.5
下游闸内水位,2024/01/12,9:43:48,3.3
下游闸外水位,2024/01/12,9:43:48,3.1
上游闸内水位,2024/01/12,10:23:50,3.6
上游闸外水位,2024/01/12,10:23:50,3.7
上游闸内水位,2024/01/12,11:48:55,2.6
上游闸外水位,2024/01/12,11:48:55,3.8
上游闸内水位,2024/01/12,15:08:44,3.8
上游闸外水位,2024/01/12,15:08:44,3.8
上游闸内水位,2024/01/12,17:13:16,3.7
上游闸外水位,2024/01/12,17:13:16,3.8
下游闸内水位,2024/01/13,0:29:31,3.2
下游闸外水位,2024/01/13,0:29:31,3.0
上游闸内水位,2024/01/13,14:18:54,3.6
上游闸外水位,2024/01/13,14:18:54,3.8
下游闸内水位,2024/01/13,14:35:06,3.9
下游闸外水位,2024/01/13,14:35:06,2.5
下游闸内水位,2024/01/13,14:39:38,2.7
下游闸外水位,2024/01/13,14:39:38,2.5
下游闸内水位,2024/01/13,17:35:17,3.5
下游闸外水位,2024/01/13,17:35:17,3.4
上游闸内水位,2024/01/14,4:40:37,2.5
上游闸外水位,2024/01/14,4:40:37,3.9
上游闸内水位,2024/01/14,6:08:17,3.6
上游闸外水位,2024/01/14,6:08:17,3.8
上游闸内水位,2024/01/14,21:41:39,4.3
上游闸外水位,2024/01/14,21:41:39,4.3
下游闸内水位,2024/01/15,0:40:25,4.0
下游闸外水位,2024/01/15,0:40:25,3.3
下游闸内水位,2024/01/15,2:46:48,3.9
下游闸外水位,2024/01/15,2:46:48,2.9
下游闸内水位,2024/01/15,10:47:05,3.9
下游闸外水位,2024/01/15,10:47:05,3.9
上游闸内水位,2024/01/15,12:02:09,3.8
上游闸外水位,2024/01/15,12:02:09,3.9
内河侧水位,2024/01/16,1:00:00,4.0
长江侧水位,2024/01/16,1:00:00,3.5
下游闸内水位,2024/01/16,3:57:49,2.8
下游闸外水位,2024/01/16,3:57:49,2.8
内河侧水位,2024/01/16,9:00:00,3.7
长江侧水位,2024/01/16,9:00:00,3.7
内河侧水位,2024/01/16,10:00:00,3.9
长江侧水位,2024/01/16,10:00:00,4.0
内河侧水位,2024/01/16,11:00:00,3.9
长江侧水位,2024/01/16,11:00:00,3.9
下游闸内水位,2024/01/16,11:06:13,3.8
下游闸外水位,2024/01/16,11:06:13,3.8
下游闸内水位,2024/01/16,12:53:17,3.4
下游闸外水位,2024/01/16,12:53:17,3.2
上游闸内水位,2024/01/16,13:28:19,3.8
上游闸外水位,2024/01/16,13:28:19,3.9
下游闸内水位,2024/01/16,14:53:18,2.9
下游闸外水位,2024/01/16,14:53:18,2.8
下游闸内水位,2024/01/16,17:08:37,3.9
下游闸外水位,2024/01/16,17:08:37,2.5
下游闸内水位,2024/01/16,17:13:55,2.6
下游闸外水位,2024/01/16,17:13:55,2.5
上游闸内水位,2024/01/16,17:38:03,3.8
上游闸外水位,2024/01/16,17:38:03,3.9
下游闸内水位,2024/01/17,14:49:28,3.2
下游闸外水位,2024/01/17,14:49:28,3.0
上游闸内水位,2024/01/17,17:04:27,3.7
上游闸外水位,2024/01/17,17:04:27,3.8
下游闸内水位,2024/01/18,14:15:19,3.9
下游闸外水位,2024/01/18,14:15:19,3.4
上游闸内水位,2024/01/18,14:55:28,3.2
上游闸外水位,2024/01/18,14:55:28,3.8
上游闸内水位,2024/01/18,19:10:54,3.9
上游闸外水位,2024/01/18,19:10:54,3.8
上游闸内水位,2024/01/18,20:56:00,3.9
上游闸外水位,2024/01/18,20:56:00,3.8
上游闸内水位,2024/01/18,23:26:04,3.9
上游闸外水位,2024/01/18,23:26:04,3.9
上游闸内水位,2024/01/19,4:11:16,3.6
上游闸外水位,2024/01/19,4:11:16,3.8
下游闸内水位,2024/01/19,4:51:13,3.1
下游闸外水位,2024/01/19,4:51:13,2.9
上游闸内水位,2024/01/19,5:36:12,2.8
上游闸外水位,2024/01/19,5:36:12,3.9
上游闸内水位,2024/01/19,5:39:47,3.8
上游闸外水位,2024/01/19,5:39:47,3.9
下游闸内水位,2024/01/19,6:31:21,2.7
下游闸外水位,2024/01/19,6:31:21,2.6
上游闸内水位,2024/01/19,7:16:18,2.7
上游闸外水位,2024/01/19,7:16:18,3.9
下游闸内水位,2024/01/19,8:41:13,2.4
下游闸外水位,2024/01/19,8:41:13,2.4
下游闸外水位,2024/01/09,22:55:57,2.7
内河侧水位,2024/01/09,23:00:00,3.8
长江侧水位,2024/01/09,23:00:00,2.7
下游闸内水位,2024/01/09,23:00:07,2.9
下游闸外水位,2024/01/09,23:00:07,2.7
下游闸内水位,2024/01/09,23:39:29,2.7
下游闸外水位,2024/01/09,23:39:29,2.7
上游闸内水位,2024/01/09,23:42:16,2.6
上游闸外水位,2024/01/09,23:42:16,3.8
上游闸内水位,2024/01/09,23:47:54,3.9
上游闸外水位,2024/01/09,23:47:54,3.8
内河侧水位,2024/01/10,0:00:00,3.7
长江侧水位,2024/01/10,0:00:00,2.6
下游闸内水位,2024/01/10,0:43:44,3.8
下游闸外水位,2024/01/10,0:43:44,2.5
下游闸内水位,2024/01/10,0:48:43,2.6
下游闸外水位,2024/01/10,0:48:43,2.5
内河侧水位,2024/01/10,1:00:00,3.8
长江侧水位,2024/01/10,1:00:00,2.4
下游闸内水位,2024/01/10,1:33:36,2.4
下游闸外水位,2024/01/10,1:33:36,2.4
上游闸内水位,2024/01/10,1:36:11,2.3
上游闸外水位,2024/01/10,1:36:11,3.8
上游闸内水位,2024/01/10,1:40:04,3.7
上游闸外水位,2024/01/10,1:40:04,3.8
内河侧水位,2024/01/10,2:00:00,3.7
长江侧水位,2024/01/10,2:00:00,2.4
上游闸内水位,2024/01/10,2:13:31,3.8
上游闸外水位,2024/01/10,2:13:31,3.8
下游闸内水位,2024/01/10,2:16:03,3.8
下游闸外水位,2024/01/10,2:16:03,2.4
下游闸内水位,2024/01/10,2:20:54,2.6
下游闸外水位,2024/01/10,2:20:54,2.4
内河侧水位,2024/01/10,3:00:00,3.8
长江侧水位,2024/01/10,3:00:00,2.7
下游闸内水位,2024/01/10,3:03:33,2.7
下游闸外水位,2024/01/10,3:03:33,2.7
上游闸内水位,2024/01/10,3:06:24,2.7
上游闸外水位,2024/01/10,3:06:24,3.8
上游闸内水位,2024/01/10,3:09:57,3.7
上游闸外水位,2024/01/10,3:09:57,3.8
上游闸内水位,2024/01/10,3:32:40,3.8
上游闸外水位,2024/01/10,3:32:40,3.8
下游闸内水位,2024/01/10,3:35:18,3.8
下游闸外水位,2024/01/10,3:35:18,3.1
下游闸内水位,2024/01/10,3:38:25,3.3
下游闸外水位,2024/01/10,3:38:25,3.1
内河侧水位,2024/01/10,4:00:00,3.8
长江侧水位,2024/01/10,4:00:00,3.3
下游闸内水位,2024/01/10,4:10:34,3.4
下游闸外水位,2024/01/10,4:10:34,3.4
上游闸内水位,2024/01/10,4:13:11,3.4
上游闸外水位,2024/01/10,4:13:11,3.8
上游闸内水位,2024/01/10,4:15:19,3.7
上游闸外水位,2024/01/10,4:15:19,3.7
上游闸内水位,2024/01/10,4:32:18,3.8
上游闸外水位,2024/01/10,4:32:18,3.8
下游闸内水位,2024/01/10,4:34:50,3.8
下游闸外水位,2024/01/10,4:34:50,3.5
下游闸内水位,2024/01/10,4:36:41,3.6
下游闸外水位,2024/01/10,4:36:41,3.5
内河侧水位,2024/01/10,5:00:00,3.8
长江侧水位,2024/01/10,5:00:00,3.5
下游闸内水位,2024/01/10,5:07:58,3.6
下游闸外水位,2024/01/10,5:07:58,3.6
上游闸内水位,2024/01/10,5:10:37,3.6
上游闸外水位,2024/01/10,5:10:37,3.8
上游闸内水位,2024/01/10,5:12:35,3.8
上游闸外水位,2024/01/10,5:12:35,3.8
内河侧水位,2024/01/10,6:00:00,3.8
长江侧水位,2024/01/10,6:00:00,3.7
上游闸内水位,2024/01/10,6:06:12,3.8
上游闸外水位,2024/01/10,6:06:12,3.8
下游闸内水位,2024/01/10,6:10:07,3.8
下游闸外水位,2024/01/10,6:10:07,3.7
下游闸内水位,2024/01/10,6:12:12,3.7
下游闸外水位,2024/01/10,6:12:12,3.6
下游闸内水位,2024/01/10,6:29:29,3.6
下游闸外水位,2024/01/10,6:29:29,3.6
下游闸内水位,2024/01/10,6:51:18,3.4
下游闸外水位,2024/01/10,6:51:18,3.4
上游闸内水位,2024/01/10,6:55:46,3.4
上游闸外水位,2024/01/10,6:55:46,3.8
上游闸内水位,2024/01/10,6:58:03,3.8
上游闸外水位,2024/01/10,6:58:03,3.8
内河侧水位,2024/01/10,7:00:00,3.8
长江侧水位,2024/01/10,7:00:00,3.4
上游闸内水位,2024/01/10,7:30:53,3.8
上游闸外水位,2024/01/10,7:30:53,3.8
下游闸内水位,2024/01/10,7:34:22,3.8
下游闸外水位,2024/01/10,7:34:22,3.2
下游闸内水位,2024/01/10,7:37:21,3.4
下游闸外水位,2024/01/10,7:37:21,3.2
内河侧水位,2024/01/10,8:00:00,3.8
长江侧水位,2024/01/10,8:00:00,3.1
下游闸内水位,2024/01/10,8:05:06,3.1
下游闸外水位,2024/01/10,8:05:06,3.1
上游闸内水位,2024/01/10,8:07:46,3.1
上游闸外水位,2024/01/10,8:07:46,3.8
上游闸内水位,2024/01/10,8:10:03,3.6
上游闸外水位,2024/01/10,8:10:03,3.7
上游闸内水位,2024/01/10,8:32:41,3.8
上游闸外水位,2024/01/10,8:32:41,3.8
下游闸内水位,2024/01/10,8:35:27,3.8
下游闸外水位,2024/01/10,8:35:27,3.0
下游闸内水位,2024/01/10,8:39:05,3.1
下游闸外水位,2024/01/10,8:39:05,3.0
内河侧水位,2024/01/10,9:00:00,3.8
长江侧水位,2024/01/10,9:00:00,2.9
下游闸内水位,2024/01/10,9:08:42,2.9
下游闸外水位,2024/01/10,9:08:42,2.9
上游闸内水位,2024/01/10,9:11:20,2.9
上游闸外水位,2024/01/10,9:11:20,3.8
上游闸内水位,2024/01/10,9:14:10,3.6
上游闸外水位,2024/01/10,9:14:10,3.7
上游闸内水位,2024/01/10,9:49:01,3.8
上游闸外水位,2024/01/10,9:49:01,3.8
下游闸内水位,2024/01/10,9:51:38,3.8
下游闸外水位,2024/01/10,9:51:38,2.8
下游闸内水位,2024/01/10,9:55:54,2.9
下游闸外水位,2024/01/10,9:55:54,2.7
内河侧水位,2024/01/10,10:00:00,3.8
长江侧水位,2024/01/10,10:00:00,2.7
下游闸内水位,2024/01/10,10:22:19,2.7
下游闸外水位,2024/01/10,10:22:19,2.7
上游闸内水位,2024/01/10,10:25:06,2.7
上游闸外水位,2024/01/10,10:25:06,3.8
上游闸内水位,2024/01/10,10:28:18,3.6
上游闸外水位,2024/01/10,10:28:18,3.8
上游闸内水位,2024/01/10,10:59:05,3.8
上游闸外水位,2024/01/10,10:59:05,3.8
内河侧水位,2024/01/10,11:00:00,3.8
长江侧水位,2024/01/10,11:00:00,2.5
下游闸内水位,2024/01/10,11:01:44,3.8
下游闸外水位,2024/01/10,11:01:44,2.6
下游闸内水位,2024/01/10,11:06:17,2.7
下游闸外水位,2024/01/10,11:06:17,2.6
下游闸内水位,2024/01/10,11:47:19,2.5
下游闸外水位,2024/01/10,11:47:19,2.5
上游闸内水位,2024/01/10,11:50:04,2.5
上游闸外水位,2024/01/10,11:50:04,3.8
上游闸内水位,2024/01/10,11:53:34,3.6
上游闸外水位,2024/01/10,11:53:34,3.7
内河侧水位,2024/01/10,12:00:00,3.8
长江侧水位,2024/01/10,12:00:00,2.5
上游闸内水位,2024/01/10,12:18:45,3.8
上游闸外水位,2024/01/10,12:18:45,3.8
下游闸内水位,2024/01/10,12:21:19,3.8
下游闸外水位,2024/01/10,12:21:19,2.4
下游闸内水位,2024/01/10,12:26:06,2.5
下游闸外水位,2024/01/10,12:26:06,2.4
下游闸内水位,2024/01/10,12:58:41,2.4
下游闸外水位,2024/01/10,12:58:41,2.4
内河侧水位,2024/01/10,13:00:00,3.7
长江侧水位,2024/01/10,13:00:00,2.4
上游闸内水位,2024/01/10,13:01:24,2.3
上游闸外水位,2024/01/10,13:01:24,3.7
上游闸内水位,2024/01/10,13:04:59,3.6
上游闸外水位,2024/01/10,13:04:59,3.7
上游闸内水位,2024/01/10,13:38:40,3.8
上游闸外水位,2024/01/10,13:38:40,3.7
下游闸内水位,2024/01/10,13:41:20,3.8
下游闸外水位,2024/01/10,13:41:20,2.3
下游闸内水位,2024/01/10,13:46:40,2.4
下游闸外水位,2024/01/10,13:46:40,2.3
内河侧水位,2024/01/10,14:00:00,3.7
长江侧水位,2024/01/10,14:00:00,2.3
下游闸内水位,2024/01/10,14:29:37,2.3
下游闸外水位,2024/01/10,14:29:37,2.4
上游闸内水位,2024/01/10,14:32:43,2.4
上游闸外水位,2024/01/10,14:32:43,3.7
上游闸内水位,2024/01/10,14:36:27,3.6
上游闸外水位,2024/01/10,14:36:27,3.7
上游闸内水位,2024/01/10,14:55:21,3.7
上游闸外水位,2024/01/10,14:55:21,3.6
下游闸内水位,2024/01/10,14:57:53,3.7
下游闸外水位,2024/01/10,14:57:53,2.7
内河侧水位,2024/01/10,15:00:00,3.7
长江侧水位,2024/01/10,15:00:00,2.8
下游闸内水位,2024/01/10,15:01:31,3.0
下游闸外水位,2024/01/10,15:01:31,2.8
下游闸内水位,2024/01/10,15:26:59,3.2
下游闸外水位,2024/01/10,15:26:59,3.2
上游闸内水位,2024/01/10,15:29:34,3.2
上游闸外水位,2024/01/10,15:29:34,3.7
上游闸内水位,2024/01/10,15:31:36,3.6
上游闸外水位,2024/01/10,15:31:36,3.7
上游闸内水位,2024/01/10,15:46:47,3.8
上游闸外水位,2024/01/10,15:46:47,3.7
下游闸内水位,2024/01/10,15:48:53,3.8
下游闸外水位,2024/01/10,15:48:53,3.4
内河侧水位,2024/01/10,16:00:00,3.7
长江侧水位,2024/01/10,16:00:00,3.6
下游闸内水位,2024/01/10,16:14:09,3.7
下游闸外水位,2024/01/10,16:14:09,3.7
上游闸内水位,2024/01/10,16:14:59,3.7
上游闸外水位,2024/01/10,16:14:59,3.8
下游闸内水位,2024/01/10,16:30:36,3.8
下游闸外水位,2024/01/10,16:30:36,3.8
内河侧水位,2024/01/10,17:00:00,3.7
长江侧水位,2024/01/10,17:00:00,3.9
内河侧水位,2024/01/10,18:00:00,4.0
长江侧水位,2024/01/10,18:00:00,4.1
上游闸内水位,2024/01/10,18:01:42,4.0
上游闸外水位,2024/01/10,18:01:42,4.0
下游闸内水位,2024/01/10,18:42:59,4.1
下游闸外水位,2024/01/10,18:42:59,4.1
上游闸内水位,2024/01/10,18:45:50,4.1
上游闸外水位,2024/01/10,18:45:50,3.9
上游闸内水位,2024/01/10,18:47:43,4.0
上游闸外水位,2024/01/10,18:47:43,3.9
内河侧水位,2024/01/10,19:00:00,4.0
长江侧水位,2024/01/10,19:00:00,4.1
上游闸内水位,2024/01/10,19:13:43,4.0
上游闸外水位,2024/01/10,19:13:43,3.9
下游闸内水位,2024/01/10,19:16:16,4.0
下游闸外水位,2024/01/10,19:16:16,4.0
下游闸内水位,2024/01/10,19:17:52,4.0
下游闸外水位,2024/01/10,19:17:52,4.0
下游闸内水位,2024/01/10,19:48:35,3.8
下游闸外水位,2024/01/10,19:48:35,3.8
上游闸内水位,2024/01/10,19:51:20,3.8
上游闸外水位,2024/01/10,19:51:20,3.9
上游闸内水位,2024/01/10,19:52:44,3.9
上游闸外水位,2024/01/10,19:52:44,3.9
上游闸内水位,2024/01/10,19:53:41,4.0
上游闸外水位,2024/01/10,19:53:41,3.9
内河侧水位,2024/01/10,20:00:00,3.9
长江侧水位,2024/01/10,20:00:00,3.7
上游闸内水位,2024/01/10,20:34:09,4.0
上游闸外水位,2024/01/10,20:34:09,3.9
下游闸内水位,2024/01/10,20:37:43,4.0
下游闸外水位,2024/01/10,20:37:43,3.5
内河侧水位,2024/01/10,21:00:00,3.9
长江侧水位,2024/01/10,21:00:00,3.4
下游闸内水位,2024/01/10,21:20:07,3.2
下游闸外水位,2024/01/10,21:20:07,3.2
上游闸内水位,2024/01/10,21:23:04,3.2
上游闸外水位,2024/01/10,21:23:04,3.9
上游闸内水位,2024/01/10,21:25:16,3.7
上游闸外水位,2024/01/10,21:25:16,3.8
内河侧水位,2024/01/10,22:00:00,3.9
长江侧水位,2024/01/10,22:00:00,3.1
上游闸内水位,2024/01/10,22:11:31,3.9
上游闸外水位,2024/01/10,22:11:31,3.9
下游闸内水位,2024/01/10,22:14:05,3.9
下游闸外水位,2024/01/10,22:14:05,3.0
下游闸内水位,2024/01/10,22:18:05,3.1
下游闸外水位,2024/01/10,22:18:05,3.0
内河侧水位,2024/01/10,23:00:00,3.9
长江侧水位,2024/01/10,23:00:00,2.9
下游闸内水位,2024/01/10,23:11:32,2.9
下游闸外水位,2024/01/10,23:11:32,2.9
上游闸内水位,2024/01/10,23:15:39,2.9
上游闸外水位,2024/01/10,23:15:39,3.9
上游闸内水位,2024/01/10,23:18:54,3.7
上游闸外水位,2024/01/10,23:18:54,3.8
内河侧水位,2024/01/11,0:00:00,3.9
长江侧水位,2024/01/11,0:00:00,2.8
上游闸内水位,2024/01/11,0:00:56,3.9
上游闸外水位,2024/01/11,0:00:56,3.9
下游闸内水位,2024/01/11,0:04:28,3.9
下游闸外水位,2024/01/11,0:04:28,2.8
下游闸内水位,2024/01/11,0:08:51,2.9
下游闸外水位,2024/01/11,0:08:51,2.7
内河侧水位,2024/01/11,1:00:00,3.8
长江侧水位,2024/01/11,1:00:00,2.6
下游闸内水位,2024/01/11,1:07:12,2.6
下游闸外水位,2024/01/11,1:07:12,2.6
上游闸内水位,2024/01/11,1:09:48,2.6
上游闸外水位,2024/01/11,1:09:48,3.8
上游闸内水位,2024/01/11,1:12:42,3.4
上游闸外水位,2024/01/11,1:12:42,3.8
上游闸内水位,2024/01/11,1:13:53,3.6
上游闸外水位,2024/01/11,1:13:53,3.8
内河侧水位,2024/01/11,2:00:00,3.8
长江侧水位,2024/01/11,2:00:00,2.5
上游闸内水位,2024/01/11,2:08:34,3.8
上游闸外水位,2024/01/11,2:08:34,3.8
下游闸内水位,2024/01/11,2:11:04,3.9
下游闸外水位,2024/01/11,2:11:04,2.5
下游闸内水位,2024/01/11,2:15:57,2.6
下游闸外水位,2024/01/11,2:15:57,2.5
上游闸内水位,2024/01/11,2:35:09,2.5
上游闸外水位,2024/01/11,2:35:09,3.8
上游闸内水位,2024/01/11,2:38:39,3.6
上游闸外水位,2024/01/11,2:38:39,3.8
内河侧水位,2024/01/11,3:00:00,3.8
长江侧水位,2024/01/11,3:00:00,2.4
上游闸内水位,2024/01/11,3:00:10,3.8
上游闸外水位,2024/01/11,3:00:10,3.8
下游闸内水位,2024/01/11,3:02:49,3.9
下游闸外水位,2024/01/11,3:02:49,2.4
下游闸内水位,2024/01/11,3:07:46,2.6
下游闸外水位,2024/01/11,3:07:46,2.4
下游闸内水位,2024/01/11,3:50:13,2.7
下游闸外水位,2024/01/11,3:50:13,2.7
上游闸内水位,2024/01/11,3:53:21,2.7
上游闸外水位,2024/01/11,3:53:21,3.8
内河侧水位,2024/01/11,4:00:00,3.8
长江侧水位,2024/01/11,4:00:00,2.9
上游闸内水位,2024/01/11,4:00:14,3.8
上游闸外水位,2024/01/11,4:00:14,3.8
上游闸内水位,2024/01/11,4:37:54,3.8
上游闸外水位,2024/01/11,4:37:54,3.8
下游闸内水位,2024/01/11,4:40:29,3.9
下游闸外水位,2024/01/11,4:40:29,3.4
下游闸内水位,2024/01/11,4:43:07,3.5
下游闸外水位,2024/01/11,4:43:07,3.4
内河侧水位,2024/01/11,5:00:00,3.8
长江侧水位,2024/01/11,5:00:00,3.5
下游闸内水位,2024/01/11,5:23:51,3.6
下游闸外水位,2024/01/11,5:23:51,3.6
上游闸内水位,2024/01/11,5:26:39,3.6
上游闸外水位,2024/01/11,5:26:39,3.8
上游闸内水位,2024/01/11,5:28:52,3.8
上游闸外水位,2024/01/11,5:28:52,3.8
内河侧水位,2024/01/11,6:00:00,3.8
长江侧水位,2024/01/11,6:00:00,3.7
下游闸内水位,2024/01/11,6:15:18,3.9
下游闸外水位,2024/01/11,6:15:18,3.8
下游闸内水位,2024/01/11,6:16:58,3.8
下游闸外水位,2024/01/11,6:16:58,3.8
内河侧水位,2024/01/11,7:00:00,3.8
长江侧水位,2024/01/11,7:00:00,3.7
下游闸内水位,2024/01/11,7:04:06,3.7
下游闸外水位,2024/01/11,7:04:06,3.7
上游闸内水位,2024/01/11,7:06:42,3.7
上游闸外水位,2024/01/11,7:06:42,3.8
上游闸内水位,2024/01/11,7:08:55,3.9
上游闸外水位,2024/01/11,7:08:55,3.8
上游闸内水位,2024/01/11,7:44:47,3.9
上游闸外水位,2024/01/11,7:44:47,3.8
下游闸内水位,2024/01/11,7:47:28,3.9
下游闸外水位,2024/01/11,7:47:28,3.4
下游闸内水位,2024/01/11,7:49:55,3.6
下游闸外水位,2024/01/11,7:49:55,3.4
内河侧水位,2024/01/11,8:00:00,3.8
长江侧水位,2024/01/11,8:00:00,3.4
下游闸内水位,2024/01/11,8:25:44,3.3
下游闸外水位,2024/01/11,8:25:44,3.3
上游闸内水位,2024/01/11,8:28:32,3.3
上游闸外水位,2024/01/11,8:28:32,3.8
上游闸内水位,2024/01/11,8:30:56,3.7
上游闸外水位,2024/01/11,8:30:56,3.8
内河侧水位,2024/01/11,9:00:00,3.8
长江侧水位,2024/01/11,9:00:00,3.1
上游闸内水位,2024/01/11,9:09:27,3.9
上游闸外水位,2024/01/11,9:09:27,3.8
下游闸内水位,2024/01/11,9:12:10,3.9
下游闸外水位,2024/01/11,9:12:10,3.0
下游闸内水位,2024/01/11,9:15:44,3.2
下游闸外水位,2024/01/11,9:15:44,3.0
下游闸内水位,2024/01/11,9:54:16,3.0
下游闸外水位,2024/01/11,9:54:16,3.0
上游闸内水位,2024/01/11,9:59:47,3.6
上游闸外水位,2024/01/11,9:59:47,3.8
内河侧水位,2024/01/11,10:00:00,3.7
长江侧水位,2024/01/11,10:00:00,2.8
上游闸内水位,2024/01/11,10:22:32,3.9
上游闸外水位,2024/01/11,10:22:32,3.8
下游闸内水位,2024/01/11,10:25:10,3.9
下游闸外水位,2024/01/11,10:25:10,2.8
下游闸内水位,2024/01/11,10:29:28,2.9
下游闸外水位,2024/01/11,10:29:28,2.8
下游闸内水位,2024/01/11,10:47:07,2.8
下游闸外水位,2024/01/11,10:47:07,2.8
上游闸内水位,2024/01/11,10:50:08,2.8
上游闸外水位,2024/01/11,10:50:08,3.8
上游闸内水位,2024/01/11,10:53:08,3.6
上游闸外水位,2024/01/11,10:53:08,3.7
内河侧水位,2024/01/11,11:00:00,3.8
长江侧水位,2024/01/11,11:00:00,2.7
上游闸内水位,2024/01/11,11:17:01,3.9
上游闸外水位,2024/01/11,11:17:01,3.8
下游闸内水位,2024/01/11,11:19:48,3.8
下游闸外水位,2024/01/11,11:19:48,2.7
下游闸内水位,2024/01/11,11:24:18,2.8
下游闸外水位,2024/01/11,11:24:18,2.7
下游闸内水位,2024/01/11,11:57:44,2.6
下游闸外水位,2024/01/11,11:57:44,2.6
内河侧水位,2024/01/11,12:00:00,3.8
长江侧水位,2024/01/11,12:00:00,2.6
上游闸内水位,2024/01/11,12:00:24,2.6
上游闸外水位,2024/01/11,12:00:24,3.8
上游闸内水位,2024/01/11,12:03:45,3.7
上游闸外水位,2024/01/11,12:03:45,3.8
上游闸内水位,2024/01/11,12:35:11,3.8
上游闸外水位,2024/01/11,12:35:11,3.8
下游闸内水位,2024/01/11,12:37:44,3.9
下游闸外水位,2024/01/11,12:37:44,2.5
下游闸内水位,2024/01/11,12:42:30,2.6
下游闸外水位,2024/01/11,12:42:30,2.5
内河侧水位,2024/01/11,13:00:00,3.8
长江侧水位,2024/01/11,13:00:00,2.5
下游闸内水位,2024/01/11,13:21:30,2.4
下游闸外水位,2024/01/11,13:21:30,2.4
上游闸内水位,2024/01/11,13:24:07,2.4
上游闸外水位,2024/01/11,13:24:07,3.8
上游闸内水位,2024/01/11,13:27:38,3.6
上游闸外水位,2024/01/11,13:27:38,3.7
上游闸内水位,2024/01/11,13:46:14,3.8
上游闸外水位,2024/01/11,13:46:14,3.7
下游闸内水位,2024/01/11,13:48:46,3.8
下游闸外水位,2024/01/11,13:48:46,2.2
下游闸内水位,2024/01/11,13:53:47,2.5
下游闸外水位,2024/01/11,13:53:47,2.3
内河侧水位,2024/01/11,14:00:00,3.8
长江侧水位,2024/01/11,14:00:00,2.2
下游闸内水位,2024/01/11,14:29:27,2.2
下游闸外水位,2024/01/11,14:29:27,2.2
上游闸内水位,2024/01/11,14:33:25,2.2
上游闸外水位,2024/01/11,14:33:25,3.8
上游闸内水位,2024/01/11,14:42:28,3.7
上游闸外水位,2024/01/11,14:42:28,3.8
上游闸内水位,2024/01/11,14:43:43,3.8
上游闸外水位,2024/01/11,14:43:43,3.8
内河侧水位,2024/01/11,15:00:00,3.8
长江侧水位,2024/01/11,15:00:00,2.3
上游闸内水位,2024/01/11,15:31:11,3.8
上游闸外水位,2024/01/11,15:31:11,3.8
下游闸内水位,2024/01/11,15:33:52,3.8
下游闸外水位,2024/01/11,15:33:52,2.7
下游闸内水位,2024/01/11,15:38:07,2.8
下游闸外水位,2024/01/11,15:38:07,2.7
内河侧水位,2024/01/11,16:00:00,3.8
长江侧水位,2024/01/11,16:00:00,3.0
下游闸内水位,2024/01/11,16:19:54,3.3
下游闸外水位,2024/01/11,16:19:54,3.3
上游闸内水位,2024/01/11,16:22:31,3.4
上游闸外水位,2024/01/11,16:22:31,3.8
上游闸内水位,2024/01/11,16:24:22,3.7
上游闸外水位,2024/01/11,16:24:22,3.8
下游闸内水位,2024/01/11,16:44:09,4.0
下游闸外水位,2024/01/11,16:44:09,3.7
内河侧水位,2024/01/11,17:00:00,3.7
长江侧水位,2024/01/11,17:00:00,3.7
内河侧水位,2024/01/11,18:00:00,4.0
长江侧水位,2024/01/11,18:00:00,4.0
内河侧水位,2024/01/11,19:00:00,4.1
长江侧水位,2024/01/11,19:00:00,4.2
上游闸内水位,2024/01/11,19:20:11,4.2
上游闸外水位,2024/01/11,19:20:11,4.1
下游闸内水位,2024/01/11,19:23:06,4.4
下游闸外水位,2024/01/11,19:23:06,4.3
内河侧水位,2024/01/11,20:00:00,4.1
长江侧水位,2024/01/11,20:00:00,4.1
下游闸内水位,2024/01/11,20:24:59,4.1
下游闸外水位,2024/01/11,20:24:59,3.9
下游闸内水位,2024/01/11,20:27:03,3.9
下游闸外水位,2024/01/11,20:27:03,3.8
内河侧水位,2024/01/11,21:00:00,4.0
长江侧水位,2024/01/11,21:00:00,3.6
下游闸内水位,2024/01/11,21:07:51,3.6
下游闸外水位,2024/01/11,21:07:51,3.6
上游闸内水位,2024/01/11,21:10:52,3.6
上游闸外水位,2024/01/11,21:10:52,4.0
上游闸内水位,2024/01/11,21:12:58,3.9
上游闸外水位,2024/01/11,21:12:58,4.0
上游闸内水位,2024/01/11,21:33:02,4.0
上游闸外水位,2024/01/11,21:33:02,4.0
下游闸内水位,2024/01/11,21:35:45,4.0
下游闸外水位,2024/01/11,21:35:45,3.4
下游闸内水位,2024/01/11,21:39:17,3.5
下游闸外水位,2024/01/11,21:39:17,3.4
内河侧水位,2024/01/11,22:00:00,4.0
长江侧水位,2024/01/11,22:00:00,3.3
下游闸内水位,2024/01/11,22:03:38,3.2
下游闸外水位,2024/01/11,22:03:38,3.2
上游闸内水位,2024/01/11,22:06:19,3.2
上游闸外水位,2024/01/11,22:06:19,4.0
上游闸内水位,2024/01/11,22:08:29,3.7
上游闸外水位,2024/01/11,22:08:29,3.9
上游闸内水位,2024/01/11,22:48:16,4.0
上游闸外水位,2024/01/11,22:48:16,3.9
下游闸内水位,2024/01/11,22:51:02,4.0
下游闸外水位,2024/01/11,22:51:02,3.1
下游闸内水位,2024/01/11,22:55:04,3.2
下游闸外水位,2024/01/11,22:55:04,3.1
内河侧水位,2024/01/11,23:00:00,3.9
长江侧水位,2024/01/11,23:00:00,3.0
下游闸内水位,2024/01/11,23:42:30,2.9
下游闸外水位,2024/01/11,23:42:30,2.9
上游闸内水位,2024/01/11,23:45:54,3.0
上游闸外水位,2024/01/11,23:45:54,3.9
上游闸内水位,2024/01/11,23:49:43,3.9
上游闸外水位,2024/01/11,23:49:43,3.9
内河侧水位,2024/01/12,0:00:00,3.9
长江侧水位,2024/01/12,0:00:00,2.9
上游闸内水位,2024/01/12,0:46:32,3.9
上游闸外水位,2024/01/12,0:46:32,3.9
下游闸内水位,2024/01/12,0:49:11,3.9
下游闸外水位,2024/01/12,0:49:11,2.7
下游闸内水位,2024/01/12,0:53:56,2.8
下游闸外水位,2024/01/12,0:53:56,2.7
内河侧水位,2024/01/12,1:00:00,3.9
长江侧水位,2024/01/12,1:00:00,2.7
下游闸内水位,2024/01/12,1:58:11,2.5
下游闸外水位,2024/01/12,1:58:11,2.5
内河侧水位,2024/01/12,2:00:00,3.8
长江侧水位,2024/01/12,2:00:00,2.5
上游闸内水位,2024/01/12,2:01:00,2.5
上游闸外水位,2024/01/12,2:01:00,3.8
上游闸内水位,2024/01/12,2:05:06,3.8
上游闸外水位,2024/01/12,2:05:06,3.8
下游闸内水位,2024/01/12,2:45:52,3.9
下游闸外水位,2024/01/12,2:45:52,2.5
下游闸内水位,2024/01/12,2:52:14,2.4
下游闸外水位,2024/01/12,2:52:14,2.4
内河侧水位,2024/01/12,3:00:00,3.8
长江侧水位,2024/01/12,3:00:00,2.4
下游闸内水位,2024/01/12,3:35:38,2.3
下游闸外水位,2024/01/12,3:35:38,2.3
上游闸内水位,2024/01/12,3:38:16,2.3
上游闸外水位,2024/01/12,3:38:16,3.8
上游闸内水位,2024/01/12,3:42:00,3.6
上游闸外水位,2024/01/12,3:42:00,3.8
内河侧水位,2024/01/12,4:00:00,3.8
长江侧水位,2024/01/12,4:00:00,2.3
上游闸内水位,2024/01/12,4:29:43,3.8
上游闸外水位,2024/01/12,4:29:43,3.8
下游闸内水位,2024/01/12,4:32:16,3.9
下游闸外水位,2024/01/12,4:32:16,2.6
下游闸内水位,2024/01/12,4:36:51,2.8
下游闸外水位,2024/01/12,4:36:51,2.6
下游闸内水位,2024/01/12,4:59:30,3.0
下游闸外水位,2024/01/12,4:59:30,3.0
内河侧水位,2024/01/12,5:00:00,3.8
长江侧水位,2024/01/12,5:00:00,3.0
上游闸内水位,2024/01/12,5:05:08,3.0
上游闸外水位,2024/01/12,5:05:08,3.8
内河侧水位,2024/01/12,18:00:00,4.0
长江侧水位,2024/01/12,18:00:00,4.0
上游闸内水位,2024/01/12,18:41:33,4.2
上游闸外水位,2024/01/12,18:41:33,4.2
内河侧水位,2024/01/12,19:00:00,4.2
长江侧水位,2024/01/12,19:00:00,4.3
下游闸内水位,2024/01/12,19:22:30,4.4
下游闸外水位,2024/01/12,19:22:30,4.4
上游闸内水位,2024/01/12,19:25:22,4.4
上游闸外水位,2024/01/12,19:25:22,4.3
上游闸内水位,2024/01/12,19:27:04,4.3
上游闸外水位,2024/01/12,19:27:04,4.3
上游闸内水位,2024/01/12,19:52:16,4.4
上游闸外水位,2024/01/12,19:52:16,4.3
下游闸内水位,2024/01/12,19:55:01,4.4
下游闸外水位,2024/01/12,19:55:01,4.4
下游闸内水位,2024/01/12,19:56:34,4.4
下游闸外水位,2024/01/12,19:56:34,4.4
内河侧水位,2024/01/12,20:00:00,4.3
长江侧水位,2024/01/12,20:00:00,4.3
下游闸内水位,2024/01/12,20:29:04,4.3
下游闸外水位,2024/01/12,20:29:04,4.3
上游闸内水位,2024/01/12,20:32:03,4.3
上游闸外水位,2024/01/12,20:32:03,4.2
上游闸内水位,2024/01/12,20:34:21,4.3
上游闸外水位,2024/01/12,20:34:21,4.2
内河侧水位,2024/01/12,21:00:00,4.2
长江侧水位,2024/01/12,21:00:00,4.1
上游闸内水位,2024/01/12,21:16:15,4.2
上游闸外水位,2024/01/12,21:16:15,4.1
下游闸内水位,2024/01/12,21:18:45,4.2
下游闸外水位,2024/01/12,21:18:45,4.0
下游闸内水位,2024/01/12,21:20:12,4.1
下游闸外水位,2024/01/12,21:20:12,4.0
内河侧水位,2024/01/12,22:00:00,4.1
长江侧水位,2024/01/12,22:00:00,3.7
下游闸内水位,2024/01/12,22:00:31,3.7
下游闸外水位,2024/01/12,22:00:31,3.7
上游闸内水位,2024/01/12,22:03:32,3.6
上游闸外水位,2024/01/12,22:03:32,4.0
上游闸内水位,2024/01/12,22:05:27,3.9
上游闸外水位,2024/01/12,22:05:27,4.0
上游闸内水位,2024/01/12,22:44:57,4.0
上游闸外水位,2024/01/12,22:44:57,4.0
下游闸内水位,2024/01/12,22:48:57,4.0
下游闸外水位,2024/01/12,22:48:57,3.4
下游闸内水位,2024/01/12,22:51:55,3.5
下游闸外水位,2024/01/12,22:51:55,3.4
内河侧水位,2024/01/12,23:00:00,4.0
长江侧水位,2024/01/12,23:00:00,3.3
下游闸内水位,2024/01/12,23:35:52,3.1
下游闸外水位,2024/01/12,23:35:52,3.2
上游闸内水位,2024/01/12,23:39:42,3.2
上游闸外水位,2024/01/12,23:39:42,3.9
上游闸内水位,2024/01/12,23:42:01,3.7
上游闸外水位,2024/01/12,23:42:01,3.8
内河侧水位,2024/01/13,0:00:00,3.9
长江侧水位,2024/01/13,0:00:00,3.1
上游闸内水位,2024/01/13,0:22:57,3.9
上游闸外水位,2024/01/13,0:22:57,3.9
下游闸内水位,2024/01/13,0:25:55,4.0
下游闸外水位,2024/01/13,0:25:55,3.0
内河侧水位,2024/01/13,1:00:00,3.9
长江侧水位,2024/01/13,1:00:00,2.9
下游闸内水位,2024/01/13,1:14:38,2.9
下游闸外水位,2024/01/13,1:14:38,2.9
上游闸内水位,2024/01/13,1:17:22,2.9
上游闸外水位,2024/01/13,1:17:22,3.9
上游闸内水位,2024/01/13,1:20:22,3.7
上游闸外水位,2024/01/13,1:20:22,3.8
内河侧水位,2024/01/13,2:00:00,3.8
长江侧水位,2024/01/13,2:00:00,2.8
上游闸内水位,2024/01/13,2:10:21,3.9
上游闸外水位,2024/01/13,2:10:21,3.9
下游闸内水位,2024/01/13,2:13:10,3.9
下游闸外水位,2024/01/13,2:13:10,2.7
下游闸内水位,2024/01/13,2:17:31,2.9
下游闸外水位,2024/01/13,2:17:31,2.7
内河侧水位,2024/01/12,6:00:00,3.8
长江侧水位,2024/01/12,6:00:00,3.5
下游闸内水位,2024/01/12,6:01:08,3.5
下游闸外水位,2024/01/12,6:01:08,3.5
上游闸内水位,2024/01/12,6:02:30,3.6
上游闸外水位,2024/01/12,6:02:30,3.8
上游闸内水位,2024/01/12,6:04:31,3.8
上游闸外水位,2024/01/12,6:04:31,3.8
内河侧水位,2024/01/12,7:00:00,3.7
长江侧水位,2024/01/12,7:00:00,3.7
上游闸内水位,2024/01/12,7:52:53,3.7
上游闸外水位,2024/01/12,7:52:53,3.7
内河侧水位,2024/01/12,8:00:00,3.7
长江侧水位,2024/01/12,8:00:00,3.6
上游闸内水位,2024/01/12,8:04:54,3.9
上游闸外水位,2024/01/12,8:04:54,3.8
下游闸内水位,2024/01/12,8:18:21,3.6
下游闸外水位,2024/01/12,8:18:21,3.6
上游闸内水位,2024/01/12,8:21:35,3.5
上游闸外水位,2024/01/12,8:21:35,3.5
下游闸内水位,2024/01/12,8:21:43,3.6
下游闸外水位,2024/01/12,8:21:43,3.5
下游闸内水位,2024/01/12,8:26:48,3.7
下游闸外水位,2024/01/12,8:26:48,3.5
下游闸内水位,2024/01/12,8:28:41,3.8
下游闸外水位,2024/01/12,8:28:41,3.4
上游闸内水位,2024/01/12,8:31:54,3.9
上游闸外水位,2024/01/12,8:31:54,3.8
下游闸内水位,2024/01/12,8:35:22,3.7
下游闸外水位,2024/01/12,8:35:22,3.4
下游闸内水位,2024/01/12,8:36:51,3.6
下游闸外水位,2024/01/12,8:36:51,3.5
下游闸内水位,2024/01/12,8:59:30,3.3
下游闸外水位,2024/01/12,8:59:30,3.3
内河侧水位,2024/01/12,9:00:00,3.8
长江侧水位,2024/01/12,9:00:00,3.3
上游闸内水位,2024/01/12,9:02:15,3.3
上游闸外水位,2024/01/12,9:02:15,3.8
上游闸内水位,2024/01/12,9:05:46,3.9
上游闸外水位,2024/01/12,9:05:46,3.8
上游闸内水位,2024/01/12,9:37:53,3.8
上游闸外水位,2024/01/12,9:37:53,3.8
下游闸内水位,2024/01/12,9:40:33,3.8
下游闸外水位,2024/01/12,9:40:33,3.1
内河侧水位,2024/01/12,10:00:00,3.8
长江侧水位,2024/01/12,10:00:00,3.0
下游闸内水位,2024/01/12,10:17:36,3.0
下游闸外水位,2024/01/12,10:17:36,2.9
上游闸内水位,2024/01/12,10:21:10,2.9
上游闸外水位,2024/01/12,10:21:10,3.8
上游闸内水位,2024/01/12,10:58:20,3.8
上游闸外水位,2024/01/12,10:58:20,3.8
内河侧水位,2024/01/12,11:00:00,3.8
长江侧水位,2024/01/12,11:00:00,2.9
下游闸内水位,2024/01/12,11:00:53,3.9
下游闸外水位,2024/01/12,11:00:53,2.8
下游闸内水位,2024/01/12,11:05:03,3.0
下游闸外水位,2024/01/12,11:05:03,2.8
下游闸内水位,2024/01/12,11:46:19,2.7
下游闸外水位,2024/01/12,11:46:19,2.6
上游闸内水位,2024/01/12,11:50:55,3.0
上游闸外水位,2024/01/12,11:50:55,3.8
上游闸内水位,2024/01/12,11:53:01,3.7
上游闸外水位,2024/01/12,11:53:01,3.8
内河侧水位,2024/01/12,12:00:00,3.7
长江侧水位,2024/01/12,12:00:00,2.7
上游闸内水位,2024/01/12,12:34:58,3.8
上游闸外水位,2024/01/12,12:34:58,3.8
下游闸内水位,2024/01/12,12:38:22,3.8
下游闸外水位,2024/01/12,12:38:22,2.6
下游闸内水位,2024/01/12,12:43:23,2.6
下游闸外水位,2024/01/12,12:43:23,2.5
内河侧水位,2024/01/12,13:00:00,3.8
长江侧水位,2024/01/12,13:00:00,2.5
下游闸内水位,2024/01/12,13:11:39,2.5
下游闸外水位,2024/01/12,13:11:39,2.5
上游闸内水位,2024/01/12,13:14:17,2.5
上游闸外水位,2024/01/12,13:14:17,3.8
上游闸内水位,2024/01/12,13:18:00,3.7
上游闸外水位,2024/01/12,13:18:00,3.8
上游闸内水位,2024/01/12,13:53:37,3.8
上游闸外水位,2024/01/12,13:53:37,3.8
下游闸内水位,2024/01/12,13:56:10,3.8
下游闸外水位,2024/01/12,13:56:10,2.4
内河侧水位,2024/01/12,14:00:00,3.8
长江侧水位,2024/01/12,14:00:00,2.4
下游闸内水位,2024/01/12,14:01:37,2.4
下游闸外水位,2024/01/12,14:01:37,2.4
下游闸内水位,2024/01/12,14:54:12,2.3
下游闸外水位,2024/01/12,14:54:12,2.3
上游闸内水位,2024/01/12,14:59:29,2.3
上游闸外水位,2024/01/12,14:59:29,3.8
内河侧水位,2024/01/12,15:00:00,3.7
长江侧水位,2024/01/12,15:00:00,2.2
上游闸内水位,2024/01/12,15:08:11,3.8
上游闸外水位,2024/01/12,15:08:11,3.8
上游闸内水位,2024/01/12,15:49:33,3.8
上游闸外水位,2024/01/12,15:49:33,3.8
下游闸内水位,2024/01/12,15:52:09,3.8
下游闸外水位,2024/01/12,15:52:09,2.3
下游闸内水位,2024/01/12,15:57:15,2.4
下游闸外水位,2024/01/12,15:57:15,2.3
内河侧水位,2024/01/12,16:00:00,3.8
长江侧水位,2024/01/12,16:00:00,2.3
下游闸内水位,2024/01/12,16:38:26,3.1
下游闸外水位,2024/01/12,16:38:26,3.0
上游闸内水位,2024/01/12,16:41:11,3.1
上游闸外水位,2024/01/12,16:41:11,3.8
上游闸内水位,2024/01/12,16:43:21,3.6
上游闸外水位,2024/01/12,16:43:21,3.6
上游闸内水位,2024/01/12,16:58:26,3.8
上游闸外水位,2024/01/12,16:58:26,3.8
内河侧水位,2024/01/12,17:00:00,3.8
长江侧水位,2024/01/12,17:00:00,3.4
下游闸内水位,2024/01/12,17:00:56,3.8
下游闸外水位,2024/01/12,17:00:56,3.5
下游闸内水位,2024/01/12,17:02:40,3.6
下游闸外水位,2024/01/12,17:02:40,3.5
内河侧水位,2024/01/13,3:00:00,3.8
长江侧水位,2024/01/13,3:00:00,2.6
下游闸内水位,2024/01/13,3:02:27,2.6
下游闸外水位,2024/01/13,3:02:27,2.6
上游闸内水位,2024/01/13,3:05:11,2.6
上游闸外水位,2024/01/13,3:05:11,3.8
上游闸内水位,2024/01/13,3:08:48,3.7
上游闸外水位,2024/01/13,3:08:48,3.8
上游闸内水位,2024/01/13,3:50:03,3.9
上游闸外水位,2024/01/13,3:50:03,3.8
下游闸内水位,2024/01/13,3:52:41,3.9
下游闸外水位,2024/01/13,3:52:41,2.5
下游闸内水位,2024/01/13,3:57:23,2.6
下游闸外水位,2024/01/13,3:57:23,2.5
内河侧水位,2024/01/13,4:00:00,3.8
长江侧水位,2024/01/13,4:00:00,2.4
下游闸内水位,2024/01/13,4:47:38,2.5
下游闸外水位,2024/01/13,4:47:38,2.5
上游闸内水位,2024/01/13,4:50:26,2.5
上游闸外水位,2024/01/13,4:50:26,3.8
上游闸内水位,2024/01/13,4:53:56,3.7
上游闸外水位,2024/01/13,4:53:56,3.8
内河侧水位,2024/01/13,5:00:00,3.8
长江侧水位,2024/01/13,5:00:00,2.5
上游闸内水位,2024/01/13,5:38:29,3.9
上游闸外水位,2024/01/13,5:38:29,3.8
下游闸内水位,2024/01/13,5:41:00,3.8
下游闸外水位,2024/01/13,5:41:00,3.2
下游闸内水位,2024/01/13,5:43:45,3.4
下游闸外水位,2024/01/13,5:43:45,3.3
内河侧水位,2024/01/13,6:00:00,3.8
长江侧水位,2024/01/13,6:00:00,3.5
下游闸内水位,2024/01/13,6:28:09,3.7
下游闸外水位,2024/01/13,6:28:09,3.7
上游闸内水位,2024/01/13,6:30:27,3.7
上游闸外水位,2024/01/13,6:30:27,3.8
下游闸内水位,2024/01/13,6:45:38,3.9
下游闸外水位,2024/01/13,6:45:38,3.8
下游闸内水位,2024/01/13,6:49:23,3.8
下游闸外水位,2024/01/13,6:49:23,3.8
下游闸内水位,2024/01/13,6:49:58,3.8
下游闸外水位,2024/01/13,6:49:58,3.8
内河侧水位,2024/01/13,7:00:00,3.8
长江侧水位,2024/01/13,7:00:00,3.8
内河侧水位,2024/01/13,8:00:00,3.9
长江侧水位,2024/01/13,8:00:00,4.0
上游闸内水位,2024/01/13,8:13:26,4.0
上游闸外水位,2024/01/13,8:13:26,3.8
下游闸内水位,2024/01/13,8:28:55,3.9
下游闸外水位,2024/01/13,8:28:55,3.9
上游闸内水位,2024/01/13,8:31:43,3.9
上游闸外水位,2024/01/13,8:31:43,3.9
上游闸内水位,2024/01/13,8:33:53,3.9
上游闸外水位,2024/01/13,8:33:53,3.9
内河侧水位,2024/01/13,9:00:00,3.9
长江侧水位,2024/01/13,9:00:00,3.8
上游闸内水位,2024/01/13,9:05:22,3.9
上游闸外水位,2024/01/13,9:05:22,3.9
下游闸内水位,2024/01/13,9:08:01,4.0
下游闸外水位,2024/01/13,9:08:01,3.7
下游闸内水位,2024/01/13,9:09:36,3.8
下游闸外水位,2024/01/13,9:09:36,3.8
下游闸内水位,2024/01/13,9:41:37,3.5
下游闸外水位,2024/01/13,9:41:37,3.5
上游闸内水位,2024/01/13,9:44:12,3.5
上游闸外水位,2024/01/13,9:44:12,3.9
上游闸内水位,2024/01/13,9:46:07,3.8
上游闸外水位,2024/01/13,9:46:07,3.9
内河侧水位,2024/01/13,10:00:00,3.9
长江侧水位,2024/01/13,10:00:00,3.4
上游闸内水位,2024/01/13,10:17:09,3.9
上游闸外水位,2024/01/13,10:17:09,3.9
下游闸内水位,2024/01/13,10:19:53,3.9
下游闸外水位,2024/01/13,10:19:53,3.3
下游闸内水位,2024/01/13,10:22:46,3.5
下游闸外水位,2024/01/13,10:22:46,3.3
内河侧水位,2024/01/13,11:00:00,3.9
长江侧水位,2024/01/13,11:00:00,3.2
下游闸内水位,2024/01/13,11:04:43,3.1
下游闸外水位,2024/01/13,11:04:43,3.1
上游闸内水位,2024/01/13,11:07:23,3.0
上游闸外水位,2024/01/13,11:07:23,3.9
上游闸内水位,2024/01/13,11:10:55,3.4
上游闸外水位,2024/01/13,11:10:55,3.9
上游闸内水位,2024/01/13,11:12:51,3.6
上游闸外水位,2024/01/13,11:12:51,3.9
上游闸内水位,2024/01/13,11:14:23,3.8
上游闸外水位,2024/01/13,11:14:23,3.8
上游闸内水位,2024/01/13,11:58:27,3.9
上游闸外水位,2024/01/13,11:58:27,3.9
内河侧水位,2024/01/13,12:00:00,3.9
长江侧水位,2024/01/13,12:00:00,2.9
下游闸内水位,2024/01/13,12:01:57,3.9
下游闸外水位,2024/01/13,12:01:57,2.9
下游闸内水位,2024/01/13,12:05:58,3.0
下游闸外水位,2024/01/13,12:05:58,2.9
下游闸内水位,2024/01/13,12:50:27,2.8
下游闸外水位,2024/01/13,12:50:27,2.8
上游闸内水位,2024/01/13,12:53:07,2.7
上游闸外水位,2024/01/13,12:53:07,3.8
上游闸内水位,2024/01/13,12:56:11,3.7
上游闸外水位,2024/01/13,12:56:11,3.8
内河侧水位,2024/01/13,13:00:00,3.8
长江侧水位,2024/01/13,13:00:00,2.8
上游闸内水位,2024/01/13,13:41:06,3.9
上游闸外水位,2024/01/13,13:41:06,3.8
下游闸内水位,2024/01/13,13:43:39,3.9
下游闸外水位,2024/01/13,13:43:39,2.6
下游闸内水位,2024/01/13,13:48:55,2.7
下游闸外水位,2024/01/13,13:48:55,2.6
内河侧水位,2024/01/13,14:00:00,3.8
长江侧水位,2024/01/13,14:00:00,2.6
下游闸内水位,2024/01/13,14:13:20,2.6
下游闸外水位,2024/01/13,14:13:20,2.6
上游闸内水位,2024/01/13,14:15:55,2.6
上游闸外水位,2024/01/13,14:15:55,3.8
上游闸内水位,2024/01/13,14:32:36,3.9
上游闸外水位,2024/01/13,14:32:36,3.8
内河侧水位,2024/01/13,15:00:00,3.8
长江侧水位,2024/01/13,15:00:00,2.5
下游闸内水位,2024/01/13,15:10:50,2.5
下游闸外水位,2024/01/13,15:10:50,2.5
上游闸内水位,2024/01/13,15:13:26,2.4
上游闸外水位,2024/01/13,15:13:26,3.8
上游闸内水位,2024/01/13,15:16:42,3.6
上游闸外水位,2024/01/13,15:16:42,3.8
上游闸内水位,2024/01/13,15:54:19,3.8
上游闸外水位,2024/01/13,15:54:19,3.8
下游闸内水位,2024/01/13,15:56:59,3.9
下游闸外水位,2024/01/13,15:56:59,2.3
内河侧水位,2024/01/13,16:00:00,3.8
长江侧水位,2024/01/13,16:00:00,2.3
下游闸内水位,2024/01/13,16:02:00,2.5
下游闸外水位,2024/01/13,16:02:00,2.3
下游闸内水位,2024/01/13,16:50:10,2.5
下游闸外水位,2024/01/13,16:50:10,2.4
上游闸内水位,2024/01/13,16:52:43,2.5
上游闸外水位,2024/01/13,16:52:43,3.8
上游闸内水位,2024/01/13,16:55:56,3.6
上游闸外水位,2024/01/13,16:55:56,3.8
内河侧水位,2024/01/13,17:00:00,3.8
长江侧水位,2024/01/13,17:00:00,2.6
上游闸内水位,2024/01/13,17:30:21,3.8
上游闸外水位,2024/01/13,17:30:21,3.8
下游闸内水位,2024/01/13,17:32:55,3.8
下游闸外水位,2024/01/13,17:32:55,3.3
上游闸内水位,2024/01/13,17:52:19,3.7
上游闸外水位,2024/01/13,17:52:19,3.8
上游闸内水位,2024/01/13,17:54:30,3.8
上游闸外水位,2024/01/13,17:54:30,3.8
内河侧水位,2024/01/13,18:00:00,3.8
长江侧水位,2024/01/13,18:00:00,3.8
内河侧水位,2024/01/13,19:00:00,4.2
长江侧水位,2024/01/13,19:00:00,4.2
内河侧水位,2024/01/13,20:00:00,4.4
长江侧水位,2024/01/13,20:00:00,4.5
上游闸内水位,2024/01/13,20:04:34,4.5
上游闸外水位,2024/01/13,20:04:34,4.4
下游闸内水位,2024/01/13,20:55:29,4.5
下游闸外水位,2024/01/13,20:55:29,4.5
上游闸内水位,2024/01/13,20:58:20,4.5
上游闸外水位,2024/01/13,20:58:20,4.4
内河侧水位,2024/01/13,21:00:00,4.4
长江侧水位,2024/01/13,21:00:00,4.4
上游闸内水位,2024/01/13,21:00:06,4.4
上游闸外水位,2024/01/13,21:00:06,4.4
上游闸内水位,2024/01/13,21:33:02,4.3
上游闸外水位,2024/01/13,21:33:02,4.3
下游闸内水位,2024/01/13,21:36:03,4.3
下游闸外水位,2024/01/13,21:36:03,4.3
下游闸内水位,2024/01/13,21:37:27,4.3
下游闸外水位,2024/01/13,21:37:27,4.3
内河侧水位,2024/01/13,22:00:00,4.2
长江侧水位,2024/01/13,22:00:00,4.1
下游闸内水位,2024/01/13,22:16:10,4.0
下游闸外水位,2024/01/13,22:16:10,4.0
上游闸内水位,2024/01/13,22:18:56,3.9
上游闸外水位,2024/01/13,22:18:56,4.2
上游闸内水位,2024/01/13,22:20:42,4.1
上游闸外水位,2024/01/13,22:20:42,4.1
内河侧水位,2024/01/13,23:00:00,4.1
长江侧水位,2024/01/13,23:00:00,3.7
上游闸内水位,2024/01/13,23:01:15,4.1
上游闸外水位,2024/01/13,23:01:15,4.1
下游闸内水位,2024/01/13,23:03:51,4.2
下游闸外水位,2024/01/13,23:03:51,3.6
下游闸内水位,2024/01/13,23:06:36,3.8
下游闸外水位,2024/01/13,23:06:36,3.6
下游闸内水位,2024/01/13,23:44:22,3.4
下游闸外水位,2024/01/13,23:44:22,3.4
上游闸内水位,2024/01/13,23:47:40,3.4
上游闸外水位,2024/01/13,23:47:40,4.1
上游闸内水位,2024/01/13,23:49:52,3.9
上游闸外水位,2024/01/13,23:49:52,4.0
内河侧水位,2024/01/14,0:00:00,4.0
长江侧水位,2024/01/14,0:00:00,3.4
上游闸内水位,2024/01/14,0:25:53,4.1
上游闸外水位,2024/01/14,0:25:53,4.0
下游闸内水位,2024/01/14,0:28:24,4.1
下游闸外水位,2024/01/14,0:28:24,3.2
下游闸内水位,2024/01/14,0:32:01,3.4
下游闸外水位,2024/01/14,0:32:01,3.2
内河侧水位,2024/01/14,1:00:00,4.0
长江侧水位,2024/01/14,1:00:00,3.1
下游闸内水位,2024/01/14,1:15:58,3.1
下游闸外水位,2024/01/14,1:15:58,3.1
上游闸内水位,2024/01/14,1:18:43,3.1
上游闸外水位,2024/01/14,1:18:43,4.0
上游闸内水位,2024/01/14,1:21:32,3.8
上游闸外水位,2024/01/14,1:21:32,4.0
内河侧水位,2024/01/14,2:00:00,3.9
长江侧水位,2024/01/14,2:00:00,3.0
上游闸内水位,2024/01/14,2:07:30,4.0
上游闸外水位,2024/01/14,2:07:30,3.9
下游闸内水位,2024/01/14,2:10:25,4.0
下游闸外水位,2024/01/14,2:10:25,2.9
下游闸内水位,2024/01/14,2:14:38,3.1
下游闸外水位,2024/01/14,2:14:38,2.9
内河侧水位,2024/01/14,3:00:00,3.9
长江侧水位,2024/01/14,3:00:00,2.8
下游闸内水位,2024/01/14,3:03:04,2.8
下游闸外水位,2024/01/14,3:03:04,2.8
上游闸内水位,2024/01/14,3:05:46,2.8
上游闸外水位,2024/01/14,3:05:46,3.9
上游闸内水位,2024/01/14,3:08:56,3.8
上游闸外水位,2024/01/14,3:08:56,3.9
上游闸内水位,2024/01/14,3:47:49,4.0
上游闸外水位,2024/01/14,3:47:49,3.9
下游闸内水位,2024/01/14,3:50:24,4.0
下游闸外水位,2024/01/14,3:50:24,2.6
下游闸内水位,2024/01/14,3:55:07,2.8
下游闸外水位,2024/01/14,3:55:07,2.6
内河侧水位,2024/01/14,4:00:00,3.9
长江侧水位,2024/01/14,4:00:00,2.6
下游闸内水位,2024/01/14,4:35:53,2.5
下游闸外水位,2024/01/14,4:35:53,2.5
上游闸内水位,2024/01/14,4:44:18,3.8
上游闸外水位,2024/01/14,4:44:18,3.9
内河侧水位,2024/01/14,5:00:00,3.9
长江侧水位,2024/01/14,5:00:00,2.5
上游闸内水位,2024/01/14,5:17:36,3.9
上游闸外水位,2024/01/14,5:17:36,3.9
下游闸内水位,2024/01/14,5:20:27,3.9
下游闸外水位,2024/01/14,5:20:27,2.5
下游闸内水位,2024/01/14,5:25:12,2.7
下游闸外水位,2024/01/14,5:25:12,2.5
内河侧水位,2024/01/14,6:00:00,3.9
长江侧水位,2024/01/14,6:00:00,2.8
下游闸内水位,2024/01/14,6:03:02,3.0
下游闸外水位,2024/01/14,6:03:02,2.9
上游闸内水位,2024/01/14,6:05:38,3.0
上游闸外水位,2024/01/14,6:05:38,3.9
上游闸内水位,2024/01/14,6:25:33,3.9
上游闸外水位,2024/01/14,6:25:33,3.9
下游闸内水位,2024/01/14,6:28:04,4.0
下游闸外水位,2024/01/14,6:28:04,3.3
下游闸内水位,2024/01/14,6:31:01,3.5
下游闸外水位,2024/01/14,6:31:01,3.3
下游闸内水位,2024/01/14,6:57:37,3.7
下游闸外水位,2024/01/14,6:57:37,3.7
下游闸内水位,2024/01/14,6:59:12,3.7
下游闸外水位,2024/01/14,6:59:12,3.7
内河侧水位,2024/01/14,7:00:00,3.9
长江侧水位,2024/01/14,7:00:00,3.7
上游闸内水位,2024/01/14,7:00:10,3.7
上游闸外水位,2024/01/14,7:00:10,3.9
下游闸内水位,2024/01/14,7:12:54,4.0
下游闸外水位,2024/01/14,7:12:54,3.8
内河侧水位,2024/01/14,8:00:00,3.9
长江侧水位,2024/01/14,8:00:00,3.9
内河侧水位,2024/01/14,9:00:00,4.0
长江侧水位,2024/01/14,9:00:00,4.1
上游闸内水位,2024/01/14,9:13:29,4.1
上游闸外水位,2024/01/14,9:13:29,4.0
下游闸内水位,2024/01/14,9:37:12,4.0
下游闸外水位,2024/01/14,9:37:12,3.9
上游闸内水位,2024/01/14,9:39:49,3.9
上游闸外水位,2024/01/14,9:39:49,4.0
上游闸内水位,2024/01/14,9:41:40,4.0
上游闸外水位,2024/01/14,9:41:40,4.0
内河侧水位,2024/01/14,10:00:00,4.0
长江侧水位,2024/01/14,10:00:00,3.7
上游闸内水位,2024/01/14,10:13:52,4.0
上游闸外水位,2024/01/14,10:13:52,4.0
下游闸内水位,2024/01/14,10:16:25,4.0
下游闸外水位,2024/01/14,10:16:25,3.6
下游闸内水位,2024/01/14,10:18:37,3.7
下游闸外水位,2024/01/14,10:18:37,3.6
下游闸内水位,2024/01/14,10:48:09,3.5
下游闸外水位,2024/01/14,10:48:09,3.5
上游闸内水位,2024/01/14,10:50:46,3.5
上游闸外水位,2024/01/14,10:50:46,3.9
上游闸内水位,2024/01/14,10:52:37,3.8
上游闸外水位,2024/01/14,10:52:37,3.9
内河侧水位,2024/01/14,11:00:00,3.9
长江侧水位,2024/01/14,11:00:00,3.4
上游闸内水位,2024/01/14,11:25:58,4.0
上游闸外水位,2024/01/14,11:25:58,3.9
下游闸内水位,2024/01/14,11:28:33,4.0
下游闸外水位,2024/01/14,11:28:33,3.2
下游闸内水位,2024/01/14,11:31:39,3.4
下游闸外水位,2024/01/14,11:31:39,3.2
内河侧水位,2024/01/14,12:00:00,3.9
长江侧水位,2024/01/14,12:00:00,3.2
下游闸内水位,2024/01/14,12:06:40,3.1
下游闸外水位,2024/01/14,12:06:40,3.1
上游闸内水位,2024/01/14,12:09:23,3.1
上游闸外水位,2024/01/14,12:09:23,3.9
上游闸内水位,2024/01/14,12:11:52,3.7
上游闸外水位,2024/01/14,12:11:52,3.8
上游闸内水位,2024/01/14,12:51:04,3.9
上游闸外水位,2024/01/14,12:51:04,3.9
下游闸内水位,2024/01/14,12:53:50,3.9
下游闸外水位,2024/01/14,12:53:50,2.8
下游闸内水位,2024/01/14,12:59:20,2.9
下游闸外水位,2024/01/14,12:59:20,2.9
内河侧水位,2024/01/14,13:00:00,3.9
长江侧水位,2024/01/14,13:00:00,2.9
下游闸内水位,2024/01/14,13:47:51,2.8
下游闸外水位,2024/01/14,13:47:51,2.8
上游闸内水位,2024/01/14,13:50:30,2.8
上游闸外水位,2024/01/14,13:50:30,3.9
上游闸内水位,2024/01/14,13:53:33,3.7
上游闸外水位,2024/01/14,13:53:33,3.8
内河侧水位,2024/01/14,14:00:00,3.8
长江侧水位,2024/01/14,14:00:00,2.7
上游闸内水位,2024/01/14,14:16:39,3.9
上游闸外水位,2024/01/14,14:16:39,3.8
下游闸内水位,2024/01/14,14:19:11,3.9
下游闸外水位,2024/01/14,14:19:11,2.7
下游闸内水位,2024/01/14,14:24:19,2.8
下游闸外水位,2024/01/14,14:24:19,2.7
下游闸内水位,2024/01/14,14:50:05,2.6
下游闸外水位,2024/01/14,14:50:05,2.6
上游闸内水位,2024/01/14,14:52:52,2.6
上游闸外水位,2024/01/14,14:52:52,3.8
上游闸内水位,2024/01/14,14:56:12,3.7
上游闸外水位,2024/01/14,14:56:12,3.8
内河侧水位,2024/01/14,15:00:00,3.8
长江侧水位,2024/01/14,15:00:00,2.6
上游闸内水位,2024/01/14,15:26:49,3.8
上游闸外水位,2024/01/14,15:26:49,3.8
下游闸内水位,2024/01/14,15:29:29,3.9
下游闸外水位,2024/01/14,15:29:29,2.5
下游闸内水位,2024/01/14,15:34:25,2.6
下游闸外水位,2024/01/14,15:34:25,2.5
内河侧水位,2024/01/14,16:00:00,3.8
长江侧水位,2024/01/14,16:00:00,2.4
下游闸内水位,2024/01/14,16:09:15,2.4
下游闸外水位,2024/01/14,16:09:15,2.4
上游闸内水位,2024/01/14,16:12:01,2.4
上游闸外水位,2024/01/14,16:12:01,3.8
上游闸内水位,2024/01/14,16:15:30,3.6
上游闸外水位,2024/01/14,16:15:30,3.8
上游闸内水位,2024/01/14,16:55:44,3.8
上游闸外水位,2024/01/14,16:55:44,3.8
下游闸内水位,2024/01/14,16:58:20,3.8
下游闸外水位,2024/01/14,16:58:20,2.3
内河侧水位,2024/01/14,17:00:00,3.8
长江侧水位,2024/01/14,17:00:00,2.3
下游闸内水位,2024/01/14,17:03:25,2.5
下游闸外水位,2024/01/14,17:03:25,2.3
下游闸内水位,2024/01/14,17:51:33,2.7
下游闸外水位,2024/01/14,17:51:33,2.7
上游闸内水位,2024/01/14,17:55:35,2.8
上游闸外水位,2024/01/14,17:55:35,3.8
上游闸内水位,2024/01/14,17:58:29,3.6
上游闸外水位,2024/01/14,17:58:29,3.7
内河侧水位,2024/01/14,18:00:00,3.9
长江侧水位,2024/01/14,18:00:00,3.0
上游闸内水位,2024/01/14,18:18:38,3.8
上游闸外水位,2024/01/14,18:18:38,3.8
下游闸内水位,2024/01/14,18:21:26,3.8
下游闸外水位,2024/01/14,18:21:26,3.4
下游闸内水位,2024/01/14,18:23:29,3.6
下游闸外水位,2024/01/14,18:23:29,3.4
上游闸内水位,2024/01/14,18:31:12,3.6
上游闸外水位,2024/01/14,18:31:12,3.8
内河侧水位,2024/01/14,19:00:00,3.8
长江侧水位,2024/01/14,19:00:00,3.8
下游闸内水位,2024/01/14,19:20:48,4.0
下游闸外水位,2024/01/14,19:20:48,4.0
上游闸内水位,2024/01/14,19:24:37,3.9
上游闸外水位,2024/01/14,19:24:37,3.8
下游闸内水位,2024/01/14,19:24:40,3.9
下游闸外水位,2024/01/14,19:24:40,4.1
下游闸内水位,2024/01/14,19:52:24,4.2
下游闸外水位,2024/01/14,19:52:24,4.2
上游闸内水位,2024/01/14,19:55:23,4.2
上游闸外水位,2024/01/14,19:55:23,4.1
上游闸内水位,2024/01/14,19:58:09,4.1
上游闸外水位,2024/01/14,19:58:09,4.1
内河侧水位,2024/01/14,20:00:00,4.1
长江侧水位,2024/01/14,20:00:00,4.2
上游闸内水位,2024/01/14,20:15:51,4.2
上游闸外水位,2024/01/14,20:15:51,4.2
下游闸内水位,2024/01/14,20:18:22,4.3
下游闸外水位,2024/01/14,20:18:22,4.3
下游闸内水位,2024/01/14,20:20:09,4.4
下游闸外水位,2024/01/14,20:20:09,4.3
下游闸内水位,2024/01/14,20:47:07,4.4
下游闸外水位,2024/01/14,20:47:07,4.4
上游闸内水位,2024/01/14,20:50:03,4.4
上游闸外水位,2024/01/14,20:50:03,4.3
上游闸内水位,2024/01/14,20:52:55,4.3
上游闸外水位,2024/01/14,20:52:55,4.3
内河侧水位,2024/01/14,21:00:00,4.3
长江侧水位,2024/01/14,21:00:00,4.4
上游闸内水位,2024/01/14,21:10:06,4.4
上游闸外水位,2024/01/14,21:10:06,4.3
下游闸内水位,2024/01/14,21:12:44,4.4
下游闸外水位,2024/01/14,21:12:44,4.4
下游闸内水位,2024/01/14,21:14:19,4.4
下游闸外水位,2024/01/14,21:14:19,4.4
下游闸内水位,2024/01/14,21:35:45,4.4
下游闸外水位,2024/01/14,21:35:45,4.4
上游闸内水位,2024/01/14,21:38:43,4.4
上游闸外水位,2024/01/14,21:38:43,4.3
上游闸内水位,2024/01/14,21:57:37,4.2
上游闸外水位,2024/01/14,21:57:37,4.2
内河侧水位,2024/01/14,22:00:00,4.2
长江侧水位,2024/01/14,22:00:00,4.2
下游闸内水位,2024/01/14,22:00:23,4.3
下游闸外水位,2024/01/14,22:00:23,4.2
下游闸内水位,2024/01/14,22:02:00,4.2
下游闸外水位,2024/01/14,22:02:00,4.2
下游闸内水位,2024/01/14,22:25:38,4.1
下游闸外水位,2024/01/14,22:25:38,4.1
上游闸内水位,2024/01/14,22:31:14,4.1
上游闸外水位,2024/01/14,22:31:14,4.1
上游闸内水位,2024/01/14,22:33:05,4.2
上游闸外水位,2024/01/14,22:33:05,4.1
上游闸内水位,2024/01/14,22:48:11,4.2
上游闸外水位,2024/01/14,22:48:11,4.1
下游闸内水位,2024/01/14,22:50:46,4.1
下游闸外水位,2024/01/14,22:50:46,3.9
下游闸内水位,2024/01/14,22:52:19,4.0
下游闸外水位,2024/01/14,22:52:19,3.9
内河侧水位,2024/01/14,23:00:00,4.1
长江侧水位,2024/01/14,23:00:00,3.8
下游闸内水位,2024/01/14,23:20:17,3.7
下游闸外水位,2024/01/14,23:20:17,3.7
上游闸内水位,2024/01/14,23:23:49,3.7
上游闸外水位,2024/01/14,23:23:49,4.1
上游闸内水位,2024/01/14,23:25:55,4.0
上游闸外水位,2024/01/14,23:25:55,4.0
上游闸内水位,2024/01/14,23:42:54,4.1
上游闸外水位,2024/01/14,23:42:54,4.0
下游闸内水位,2024/01/14,23:45:33,4.1
下游闸外水位,2024/01/14,23:45:33,3.6
下游闸内水位,2024/01/14,23:48:27,3.7
下游闸外水位,2024/01/14,23:48:27,3.6
内河侧水位,2024/01/15,0:00:00,4.0
长江侧水位,2024/01/15,0:00:00,3.5
下游闸内水位,2024/01/15,0:09:50,3.5
下游闸外水位,2024/01/15,0:09:50,3.4
上游闸内水位,2024/01/15,0:13:59,3.4
上游闸外水位,2024/01/15,0:13:59,4.0
上游闸内水位,2024/01/15,0:18:52,4.1
上游闸外水位,2024/01/15,0:18:52,4.0
上游闸内水位,2024/01/15,0:37:41,4.0
上游闸外水位,2024/01/15,0:37:41,4.0
下游闸内水位,2024/01/15,0:43:46,3.4
下游闸外水位,2024/01/15,0:43:46,3.3
内河侧水位,2024/01/15,1:00:00,4.0
长江侧水位,2024/01/15,1:00:00,3.2
下游闸内水位,2024/01/15,1:15:48,3.2
下游闸外水位,2024/01/15,1:15:48,3.1
上游闸内水位,2024/01/15,1:19:03,3.2
上游闸外水位,2024/01/15,1:19:03,3.9
上游闸内水位,2024/01/15,1:21:38,3.8
上游闸外水位,2024/01/15,1:21:38,3.9
上游闸内水位,2024/01/15,1:39:55,4.0
上游闸外水位,2024/01/15,1:39:55,3.9
下游闸内水位,2024/01/15,1:42:32,4.0
下游闸外水位,2024/01/15,1:42:32,3.1
下游闸内水位,2024/01/15,1:46:25,3.2
下游闸外水位,2024/01/15,1:46:25,3.0
内河侧水位,2024/01/15,2:00:00,3.9
长江侧水位,2024/01/15,2:00:00,3.0
下游闸内水位,2024/01/15,2:20:34,3.0
下游闸外水位,2024/01/15,2:20:34,2.9
上游闸内水位,2024/01/15,2:23:07,2.9
上游闸外水位,2024/01/15,2:23:07,3.9
上游闸内水位,2024/01/15,2:26:02,3.7
上游闸外水位,2024/01/15,2:26:02,3.8
上游闸内水位,2024/01/15,2:41:06,4.0
上游闸外水位,2024/01/15,2:41:06,3.9
下游闸内水位,2024/01/15,2:51:01,3.0
下游闸外水位,2024/01/15,2:51:01,2.9
内河侧水位,2024/01/15,3:00:00,3.9
长江侧水位,2024/01/15,3:00:00,2.9
下游闸内水位,2024/01/15,3:15:39,2.8
下游闸外水位,2024/01/15,3:15:39,2.8
上游闸内水位,2024/01/15,3:18:13,2.8
上游闸外水位,2024/01/15,3:18:13,3.9
上游闸内水位,2024/01/15,3:21:25,3.7
上游闸外水位,2024/01/15,3:21:25,3.8
上游闸内水位,2024/01/15,3:38:24,3.9
上游闸外水位,2024/01/15,3:38:24,3.9
下游闸内水位,2024/01/15,3:40:56,4.0
下游闸外水位,2024/01/15,3:40:56,2.7
下游闸内水位,2024/01/15,3:45:30,2.9
下游闸外水位,2024/01/15,3:45:30,2.7
内河侧水位,2024/01/15,4:00:00,3.9
长江侧水位,2024/01/15,4:00:00,2.7
下游闸内水位,2024/01/15,4:11:02,2.6
下游闸外水位,2024/01/15,4:11:02,2.6
上游闸内水位,2024/01/15,4:13:43,2.6
上游闸外水位,2024/01/15,4:13:43,3.9
上游闸内水位,2024/01/15,4:18:09,3.9
上游闸外水位,2024/01/15,4:18:09,3.9
上游闸内水位,2024/01/15,4:33:48,3.9
上游闸外水位,2024/01/15,4:33:48,3.9
下游闸内水位,2024/01/15,4:36:43,3.9
下游闸外水位,2024/01/15,4:36:43,2.6
下游闸内水位,2024/01/15,4:41:21,2.7
下游闸外水位,2024/01/15,4:41:21,2.6
内河侧水位,2024/01/15,5:00:00,3.9
长江侧水位,2024/01/15,5:00:00,2.5
下游闸内水位,2024/01/15,5:11:53,2.5
下游闸外水位,2024/01/15,5:11:53,2.5
上游闸内水位,2024/01/15,5:14:44,2.5
上游闸外水位,2024/01/15,5:14:44,3.9
上游闸内水位,2024/01/15,5:18:24,3.7
上游闸外水位,2024/01/15,5:18:24,3.8
上游闸内水位,2024/01/15,5:33:54,3.9
上游闸外水位,2024/01/15,5:33:54,3.8
下游闸内水位,2024/01/15,5:36:30,3.9
下游闸外水位,2024/01/15,5:36:30,2.5
下游闸内水位,2024/01/15,5:42:13,2.5
下游闸外水位,2024/01/15,5:42:13,2.4
内河侧水位,2024/01/15,6:00:00,3.9
长江侧水位,2024/01/15,6:00:00,2.5
下游闸内水位,2024/01/15,6:16:25,2.6
下游闸外水位,2024/01/15,6:16:25,2.6
上游闸内水位,2024/01/15,6:19:09,2.6
上游闸外水位,2024/01/15,6:19:09,3.8
上游闸内水位,2024/01/15,6:22:39,3.7
上游闸外水位,2024/01/15,6:22:39,3.8
上游闸内水位,2024/01/15,6:40:51,3.9
上游闸外水位,2024/01/15,6:40:51,3.9
下游闸内水位,2024/01/15,6:43:22,3.9
下游闸外水位,2024/01/15,6:43:22,3.0
下游闸内水位,2024/01/15,6:46:57,3.2
下游闸外水位,2024/01/15,6:46:57,3.1
内河侧水位,2024/01/15,7:00:00,3.8
长江侧水位,2024/01/15,7:00:00,3.4
下游闸内水位,2024/01/15,7:09:54,3.6
下游闸外水位,2024/01/15,7:09:54,3.6
上游闸内水位,2024/01/15,7:11:09,3.6
上游闸外水位,2024/01/15,7:11:09,3.8
上游闸内水位,2024/01/15,7:13:09,3.8
上游闸外水位,2024/01/15,7:13:09,3.8
下游闸内水位,2024/01/15,7:23:49,3.9
下游闸外水位,2024/01/15,7:23:49,3.7
内河侧水位,2024/01/15,8:00:00,3.9
长江侧水位,2024/01/15,8:00:00,4.0
内河侧水位,2024/01/15,9:00:00,4.1
长江侧水位,2024/01/15,9:00:00,4.2
内河侧水位,2024/01/15,10:00:00,4.2
长江侧水位,2024/01/15,10:00:00,4.2
内河侧水位,2024/01/15,11:00:00,3.8
长江侧水位,2024/01/15,11:00:00,3.8
下游闸内水位,2024/01/15,11:24:38,3.7
下游闸外水位,2024/01/15,11:24:38,3.6
上游闸内水位,2024/01/15,11:27:37,3.7
上游闸外水位,2024/01/15,11:27:37,3.5
下游闸内水位,2024/01/15,11:57:41,3.5
下游闸外水位,2024/01/15,11:57:41,3.5
内河侧水位,2024/01/15,12:00:00,3.9
长江侧水位,2024/01/15,12:00:00,3.5
上游闸内水位,2024/01/15,12:00:15,3.5
上游闸外水位,2024/01/15,12:00:15,3.9
上游闸内水位,2024/01/15,12:19:28,3.9
上游闸外水位,2024/01/15,12:19:28,3.9
下游闸内水位,2024/01/15,12:22:00,4.0
下游闸外水位,2024/01/15,12:22:00,3.4
下游闸内水位,2024/01/15,12:24:53,3.5
下游闸外水位,2024/01/15,12:24:53,3.4
下游闸内水位,2024/01/15,12:50:28,3.3
下游闸外水位,2024/01/15,12:50:28,3.3
上游闸内水位,2024/01/15,12:53:11,3.3
上游闸外水位,2024/01/15,12:53:11,3.9
上游闸内水位,2024/01/15,12:55:00,3.7
上游闸外水位,2024/01/15,12:55:00,3.8
内河侧水位,2024/01/15,13:00:00,3.8
长江侧水位,2024/01/15,13:00:00,3.2
上游闸内水位,2024/01/15,13:25:41,3.9
上游闸外水位,2024/01/15,13:25:41,3.9
下游闸内水位,2024/01/15,13:28:10,3.9
下游闸外水位,2024/01/15,13:28:10,3.1
下游闸内水位,2024/01/15,13:31:23,3.3
下游闸外水位,2024/01/15,13:31:23,3.2
内河侧水位,2024/01/15,14:00:00,3.9
长江侧水位,2024/01/15,14:00:00,3.0
下游闸内水位,2024/01/15,14:13:15,3.0
下游闸外水位,2024/01/15,14:13:15,3.0
上游闸内水位,2024/01/15,14:15:55,3.0
上游闸外水位,2024/01/15,14:15:55,3.9
上游闸内水位,2024/01/15,14:18:34,3.7
上游闸外水位,2024/01/15,14:18:34,3.8
上游闸内水位,2024/01/15,14:59:33,3.9
上游闸外水位,2024/01/15,14:59:33,3.9
内河侧水位,2024/01/15,15:00:00,3.9
长江侧水位,2024/01/15,15:00:00,2.9
下游闸内水位,2024/01/15,15:02:07,3.9
下游闸外水位,2024/01/15,15:02:07,2.8
下游闸内水位,2024/01/15,15:07:16,2.9
下游闸外水位,2024/01/15,15:07:16,2.8
下游闸内水位,2024/01/15,15:49:05,2.7
下游闸外水位,2024/01/15,15:49:05,2.7
上游闸内水位,2024/01/15,15:51:47,2.7
上游闸外水位,2024/01/15,15:51:47,3.9
上游闸内水位,2024/01/15,15:54:58,3.7
上游闸外水位,2024/01/15,15:54:58,3.8
内河侧水位,2024/01/15,16:00:00,3.8
长江侧水位,2024/01/15,16:00:00,2.7
上游闸内水位,2024/01/15,16:38:25,3.9
上游闸外水位,2024/01/15,16:38:25,3.9
下游闸内水位,2024/01/15,16:41:01,3.9
下游闸外水位,2024/01/15,16:41:01,2.6
下游闸内水位,2024/01/15,16:45:50,2.7
下游闸外水位,2024/01/15,16:45:50,2.6
内河侧水位,2024/01/15,17:00:00,3.9
长江侧水位,2024/01/15,17:00:00,2.6
下游闸内水位,2024/01/15,17:25:02,2.6
下游闸外水位,2024/01/15,17:25:02,2.6
下游闸内水位,2024/01/16,17:31:06,2.5
下游闸外水位,2024/01/16,17:31:06,2.5
上游闸内水位,2024/01/16,17:34:30,2.5
上游闸外水位,2024/01/16,17:34:30,3.9
下游闸内水位,2024/01/16,18:21:14,2.4
下游闸外水位,2024/01/16,18:21:14,2.3
上游闸内水位,2024/01/16,18:23:51,2.4
上游闸外水位,2024/01/16,18:23:51,3.9
上游闸内水位,2024/01/16,18:27:31,3.7
上游闸外水位,2024/01/16,18:27:31,3.9
上游闸内水位,2024/01/16,18:44:41,3.9
上游闸外水位,2024/01/16,18:44:41,3.9
下游闸内水位,2024/01/16,18:47:10,4.0
下游闸外水位,2024/01/16,18:47:10,2.5
下游闸内水位,2024/01/16,18:52:01,2.6
下游闸外水位,2024/01/16,18:52:01,2.5
内河侧水位,2024/01/16,19:00:00,3.9
长江侧水位,2024/01/16,19:00:00,2.6
下游闸内水位,2024/01/16,19:18:27,2.9
下游闸外水位,2024/01/16,19:18:27,2.9
上游闸内水位,2024/01/16,19:21:38,3.0
上游闸外水位,2024/01/16,19:21:38,3.9
上游闸内水位,2024/01/16,19:24:29,3.7
上游闸外水位,2024/01/16,19:24:29,3.8
上游闸内水位,2024/01/16,19:41:32,3.9
上游闸外水位,2024/01/16,19:41:32,3.8
下游闸内水位,2024/01/16,19:44:03,3.9
下游闸外水位,2024/01/16,19:44:03,3.4
下游闸内水位,2024/01/16,19:46:52,3.5
下游闸外水位,2024/01/16,19:46:52,3.4
内河侧水位,2024/01/16,20:00:00,3.9
长江侧水位,2024/01/16,20:00:00,3.6
上游闸内水位,2024/01/16,20:01:28,3.7
上游闸外水位,2024/01/16,20:01:28,3.9
上游闸内水位,2024/01/16,20:04:56,3.7
上游闸外水位,2024/01/16,20:04:56,3.9
内河侧水位,2024/01/16,21:00:00,3.9
上游闸内水位,2024/01/15,17:27:47,2.5
上游闸外水位,2024/01/15,17:27:47,3.9
上游闸内水位,2024/01/15,17:31:19,3.7
上游闸外水位,2024/01/15,17:31:19,3.8
内河侧水位,2024/01/15,18:00:00,3.8
长江侧水位,2024/01/15,18:00:00,2.5
上游闸内水位,2024/01/15,18:02:01,3.9
上游闸外水位,2024/01/15,18:02:01,3.9
下游闸内水位,2024/01/15,18:08:07,3.9
下游闸外水位,2024/01/15,18:08:07,2.5
下游闸内水位,2024/01/15,18:13:11,2.6
下游闸外水位,2024/01/15,18:13:11,2.5
下游闸内水位,2024/01/15,18:31:18,2.8
下游闸外水位,2024/01/15,18:31:18,2.7
上游闸内水位,2024/01/15,18:36:21,2.8
上游闸外水位,2024/01/15,18:36:21,3.9
上游闸内水位,2024/01/15,18:39:18,3.6
上游闸外水位,2024/01/15,18:39:18,3.8
内河侧水位,2024/01/15,19:00:00,3.8
长江侧水位,2024/01/15,19:00:00,3.4
上游闸内水位,2024/01/15,19:04:47,3.9
上游闸外水位,2024/01/15,19:04:47,3.9
下游闸内水位,2024/01/15,19:07:27,3.9
下游闸外水位,2024/01/15,19:07:27,3.5
下游闸内水位,2024/01/15,19:09:15,3.7
下游闸外水位,2024/01/15,19:09:15,3.5
上游闸内水位,2024/01/15,19:18:03,3.7
上游闸外水位,2024/01/15,19:18:03,3.8
内河侧水位,2024/01/15,20:00:00,4.0
长江侧水位,2024/01/15,20:00:00,4.0
内河侧水位,2024/01/15,21:00:00,4.3
长江侧水位,2024/01/15,21:00:00,4.4
内河侧水位,2024/01/15,22:00:00,4.5
长江侧水位,2024/01/15,22:00:00,4.5
内河侧水位,2024/01/15,23:00:00,4.2
长江侧水位,2024/01/15,23:00:00,4.3
上游闸内水位,2024/01/15,23:38:44,3.9
上游闸外水位,2024/01/15,23:38:44,3.9
内河侧水位,2024/01/16,0:00:00,4.1
长江侧水位,2024/01/16,0:00:00,3.8
下游闸内水位,2024/01/16,0:28:46,3.6
下游闸外水位,2024/01/16,0:28:46,3.6
上游闸内水位,2024/01/16,0:31:22,3.7
上游闸外水位,2024/01/16,0:31:22,4.1
上游闸内水位,2024/01/16,0:33:28,4.0
上游闸外水位,2024/01/16,0:33:28,4.0
上游闸内水位,2024/01/16,1:23:50,4.0
上游闸外水位,2024/01/16,1:23:50,4.0
下游闸内水位,2024/01/16,1:26:27,4.1
下游闸外水位,2024/01/16,1:26:27,3.3
下游闸内水位,2024/01/16,1:29:48,3.5
下游闸外水位,2024/01/16,1:29:48,3.3
内河侧水位,2024/01/16,2:00:00,4.0
长江侧水位,2024/01/16,2:00:00,3.2
下游闸内水位,2024/01/16,2:18:52,3.2
下游闸外水位,2024/01/16,2:18:52,3.2
上游闸内水位,2024/01/16,2:21:30,3.1
上游闸外水位,2024/01/16,2:21:30,4.0
上游闸内水位,2024/01/16,2:24:07,3.7
上游闸外水位,2024/01/16,2:24:07,3.9
内河侧水位,2024/01/16,3:00:00,4.0
长江侧水位,2024/01/16,3:00:00,3.0
上游闸内水位,2024/01/16,3:05:15,4.0
上游闸外水位,2024/01/16,3:05:15,4.0
下游闸内水位,2024/01/16,3:07:45,4.0
下游闸外水位,2024/01/16,3:07:45,3.0
下游闸内水位,2024/01/16,3:11:56,3.1
下游闸外水位,2024/01/16,3:11:56,3.0
内河侧水位,2024/01/16,4:00:00,3.9
长江侧水位,2024/01/16,4:00:00,2.8
上游闸内水位,2024/01/16,4:00:55,2.8
上游闸外水位,2024/01/16,4:00:55,3.9
上游闸内水位,2024/01/16,4:04:10,3.8
上游闸外水位,2024/01/16,4:04:10,3.9
上游闸内水位,2024/01/16,4:48:29,4.0
上游闸外水位,2024/01/16,4:48:29,3.9
下游闸内水位,2024/01/16,4:51:09,3.9
下游闸外水位,2024/01/16,4:51:09,2.6
下游闸内水位,2024/01/16,4:55:54,2.8
下游闸外水位,2024/01/16,4:55:54,2.6
内河侧水位,2024/01/16,5:00:00,3.9
长江侧水位,2024/01/16,5:00:00,2.7
下游闸内水位,2024/01/16,5:44:43,2.6
下游闸外水位,2024/01/16,5:44:43,2.6
上游闸内水位,2024/01/16,5:47:30,2.6
上游闸外水位,2024/01/16,5:47:30,3.9
上游闸内水位,2024/01/16,5:51:10,3.8
上游闸外水位,2024/01/16,5:51:10,3.9
内河侧水位,2024/01/16,6:00:00,3.9
长江侧水位,2024/01/16,6:00:00,2.5
上游闸内水位,2024/01/16,6:35:58,3.9
上游闸外水位,2024/01/16,6:35:58,3.9
下游闸内水位,2024/01/16,6:39:45,4.0
下游闸外水位,2024/01/16,6:39:45,2.5
下游闸内水位,2024/01/16,6:45:00,2.6
下游闸外水位,2024/01/16,6:45:00,2.4
内河侧水位,2024/01/16,7:00:00,3.9
长江侧水位,2024/01/16,7:00:00,2.5
下游闸内水位,2024/01/16,7:29:51,2.7
下游闸外水位,2024/01/16,7:29:51,2.8
上游闸内水位,2024/01/16,7:32:49,2.8
上游闸外水位,2024/01/16,7:32:49,3.9
上游闸内水位,2024/01/16,7:36:02,3.7
上游闸外水位,2024/01/16,7:36:02,3.9
内河侧水位,2024/01/16,8:00:00,3.9
长江侧水位,2024/01/16,8:00:00,3.3
上游闸内水位,2024/01/16,8:16:56,3.9
上游闸外水位,2024/01/16,8:16:56,3.9
下游闸内水位,2024/01/16,8:19:28,4.0
下游闸外水位,2024/01/16,8:19:28,3.5
下游闸内水位,2024/01/16,8:21:51,3.7
下游闸外水位,2024/01/16,8:21:51,3.5
上游闸内水位,2024/01/16,8:37:51,3.7
上游闸外水位,2024/01/16,8:37:51,3.9
上游闸内水位,2024/01/16,11:22:29,4.0
上游闸外水位,2024/01/16,11:22:29,3.9
下游闸内水位,2024/01/16,11:24:58,3.9
下游闸外水位,2024/01/16,11:24:58,3.7
下游闸内水位,2024/01/16,11:26:44,3.8
下游闸外水位,2024/01/16,11:26:44,3.7
内河侧水位,2024/01/16,12:00:00,3.9
长江侧水位,2024/01/16,12:00:00,3.5
下游闸内水位,2024/01/16,12:02:45,3.5
下游闸外水位,2024/01/16,12:02:45,3.4
上游闸内水位,2024/01/16,12:05:25,3.4
上游闸外水位,2024/01/16,12:05:25,3.9
上游闸内水位,2024/01/16,12:07:23,3.8
上游闸外水位,2024/01/16,12:07:23,3.9
上游闸内水位,2024/01/16,12:47:17,4.0
上游闸外水位,2024/01/16,12:47:17,3.9
下游闸内水位,2024/01/16,12:49:55,4.0
下游闸外水位,2024/01/16,12:49:55,3.3
内河侧水位,2024/01/16,13:00:00,3.9
长江侧水位,2024/01/16,13:00:00,3.2
下游闸内水位,2024/01/16,13:22:37,3.1
下游闸外水位,2024/01/16,13:22:37,3.1
上游闸内水位,2024/01/16,13:25:34,3.1
上游闸外水位,2024/01/16,13:25:34,3.9
内河侧水位,2024/01/16,14:00:00,3.9
长江侧水位,2024/01/16,14:00:00,3.0
上游闸内水位,2024/01/16,14:00:02,4.0
上游闸外水位,2024/01/16,14:00:02,3.9
下游闸内水位,2024/01/16,14:02:33,3.9
下游闸外水位,2024/01/16,14:02:33,3.0
下游闸内水位,2024/01/16,14:06:30,3.1
下游闸外水位,2024/01/16,14:06:30,3.0
上游闸内水位,2024/01/16,14:55:53,2.9
上游闸外水位,2024/01/16,14:55:53,3.9
上游闸内水位,2024/01/16,14:59:19,3.3
上游闸外水位,2024/01/16,14:59:19,3.9
内河侧水位,2024/01/16,15:00:00,3.9
长江侧水位,2024/01/16,15:00:00,2.8
上游闸内水位,2024/01/16,15:01:05,3.6
上游闸外水位,2024/01/16,15:01:05,3.9
上游闸内水位,2024/01/16,15:02:13,3.8
上游闸外水位,2024/01/16,15:02:13,3.9
上游闸内水位,2024/01/16,15:44:17,3.9
上游闸外水位,2024/01/16,15:44:17,3.9
下游闸内水位,2024/01/16,15:46:49,4.0
下游闸外水位,2024/01/16,15:46:49,2.7
下游闸内水位,2024/01/16,15:51:17,2.8
下游闸外水位,2024/01/16,15:51:17,2.7
内河侧水位,2024/01/16,16:00:00,3.9
长江侧水位,2024/01/16,16:00:00,2.7
下游闸内水位,2024/01/16,16:31:32,2.7
下游闸外水位,2024/01/16,16:31:32,2.7
上游闸内水位,2024/01/16,16:34:34,2.6
上游闸外水位,2024/01/16,16:34:34,3.9
上游闸内水位,2024/01/16,16:39:20,4.0
上游闸外水位,2024/01/16,16:39:20,4.0
内河侧水位,2024/01/16,17:00:00,3.9
长江侧水位,2024/01/16,17:00:00,2.5
上游闸内水位,2024/01/16,17:03:56,3.9
上游闸外水位,2024/01/16,17:03:56,3.9
上游闸内水位,2024/01/16,17:46:43,4.0
上游闸外水位,2024/01/16,17:46:43,3.9
下游闸内水位,2024/01/16,17:49:30,3.9
下游闸外水位,2024/01/16,17:49:30,2.4
下游闸内水位,2024/01/16,17:54:36,2.6
下游闸外水位,2024/01/16,17:54:36,2.4
内河侧水位,2024/01/16,18:00:00,3.9
长江侧水位,2024/01/16,18:00:00,2.3
长江侧水位,2024/01/16,21:00:00,4.0
上游闸内水位,2024/01/16,21:49:26,4.1
上游闸外水位,2024/01/16,21:49:26,4.1
内河侧水位,2024/01/16,22:00:00,4.1
长江侧水位,2024/01/16,22:00:00,4.2
下游闸内水位,2024/01/16,22:26:19,4.4
下游闸外水位,2024/01/16,22:26:19,4.4
上游闸内水位,2024/01/16,22:28:57,4.4
上游闸外水位,2024/01/16,22:28:57,4.0
上游闸内水位,2024/01/16,22:30:51,4.2
上游闸外水位,2024/01/16,22:30:51,4.1
内河侧水位,2024/01/16,23:00:00,4.0
长江侧水位,2024/01/16,23:00:00,4.3
上游闸内水位,2024/01/16,23:12:28,4.1
上游闸外水位,2024/01/16,23:12:28,4.0
下游闸内水位,2024/01/16,23:15:07,4.1
下游闸外水位,2024/01/16,23:15:07,4.2
下游闸内水位,2024/01/16,23:16:47,4.2
下游闸外水位,2024/01/16,23:16:47,4.2
内河侧水位,2024/01/17,0:00:00,4.0
长江侧水位,2024/01/17,0:00:00,3.9
下游闸内水位,2024/01/17,0:06:43,3.9
下游闸外水位,2024/01/17,0:06:43,3.9
上游闸内水位,2024/01/17,0:09:38,3.8
上游闸外水位,2024/01/17,0:09:38,4.0
上游闸内水位,2024/01/17,0:11:48,4.0
上游闸外水位,2024/01/17,0:11:48,4.0
上游闸内水位,2024/01/17,0:58:45,4.0
上游闸外水位,2024/01/17,0:58:45,4.0
内河侧水位,2024/01/17,1:00:00,4.0
长江侧水位,2024/01/17,1:00:00,3.5
下游闸内水位,2024/01/17,1:02:00,4.0
下游闸外水位,2024/01/17,1:02:00,3.5
下游闸内水位,2024/01/17,1:07:28,3.5
下游闸外水位,2024/01/17,1:07:28,3.5
下游闸内水位,2024/01/17,1:50:50,3.3
下游闸外水位,2024/01/17,1:50:50,3.3
上游闸内水位,2024/01/17,1:53:54,3.3
上游闸外水位,2024/01/17,1:53:54,4.0
上游闸内水位,2024/01/17,1:56:08,3.8
上游闸外水位,2024/01/17,1:56:08,3.9
内河侧水位,2024/01/17,2:00:00,3.9
长江侧水位,2024/01/17,2:00:00,3.3
上游闸内水位,2024/01/17,2:29:38,4.0
上游闸外水位,2024/01/17,2:29:38,3.9
下游闸内水位,2024/01/17,2:32:11,4.0
下游闸外水位,2024/01/17,2:32:11,3.2
下游闸内水位,2024/01/17,2:36:12,3.2
下游闸外水位,2024/01/17,2:36:12,3.1
内河侧水位,2024/01/17,3:00:00,3.9
长江侧水位,2024/01/17,3:00:00,3.0
下游闸内水位,2024/01/17,3:18:50,3.0
下游闸外水位,2024/01/17,3:18:50,3.0
上游闸内水位,2024/01/17,3:21:25,3.0
上游闸外水位,2024/01/17,3:21:25,3.9
上游闸内水位,2024/01/17,3:24:16,3.8
上游闸外水位,2024/01/17,3:24:16,3.9
上游闸内水位,2024/01/17,3:59:01,3.9
上游闸外水位,2024/01/17,3:59:01,3.9
内河侧水位,2024/01/17,4:00:00,3.9
长江侧水位,2024/01/17,4:00:00,2.9
下游闸内水位,2024/01/17,4:02:11,4.0
下游闸外水位,2024/01/17,4:02:11,2.9
下游闸内水位,2024/01/17,4:06:25,3.1
下游闸外水位,2024/01/17,4:06:25,2.9
下游闸内水位,2024/01/17,4:50:10,2.8
下游闸外水位,2024/01/17,4:50:10,2.8
上游闸内水位,2024/01/17,4:52:44,2.8
上游闸外水位,2024/01/17,4:52:44,3.9
上游闸内水位,2024/01/17,4:55:57,3.8
上游闸外水位,2024/01/17,4:55:57,3.9
内河侧水位,2024/01/17,5:00:00,3.9
长江侧水位,2024/01/17,5:00:00,2.8
上游闸内水位,2024/01/17,5:31:01,3.9
上游闸外水位,2024/01/17,5:31:01,3.9
下游闸内水位,2024/01/17,5:34:42,4.0
下游闸外水位,2024/01/17,5:34:42,2.7
下游闸内水位,2024/01/17,5:41:50,2.7
下游闸外水位,2024/01/17,5:41:50,2.6
内河侧水位,2024/01/17,6:00:00,3.9
长江侧水位,2024/01/17,6:00:00,2.6
下游闸内水位,2024/01/17,6:21:55,2.6
下游闸外水位,2024/01/17,6:21:55,2.5
上游闸内水位,2024/01/17,6:24:33,2.5
上游闸外水位,2024/01/17,6:24:33,3.9
上游闸内水位,2024/01/17,6:28:02,3.8
上游闸外水位,2024/01/17,6:28:02,3.9
内河侧水位,2024/01/17,7:00:00,3.9
长江侧水位,2024/01/17,7:00:00,2.5
上游闸内水位,2024/01/17,7:06:45,3.9
上游闸外水位,2024/01/17,7:06:45,3.9
下游闸内水位,2024/01/17,7:10:19,4.0
下游闸外水位,2024/01/17,7:10:19,2.5
下游闸内水位,2024/01/17,7:16:24,2.5
下游闸外水位,2024/01/17,7:16:24,2.5
内河侧水位,2024/01/17,8:00:00,3.9
长江侧水位,2024/01/17,8:00:00,2.7
下游闸内水位,2024/01/17,8:03:26,2.8
下游闸外水位,2024/01/17,8:03:26,2.8
上游闸内水位,2024/01/17,8:06:04,2.8
上游闸外水位,2024/01/17,8:06:04,3.9
上游闸内水位,2024/01/17,8:09:03,3.7
上游闸外水位,2024/01/17,8:09:03,3.8
上游闸内水位,2024/01/17,8:36:36,3.9
上游闸外水位,2024/01/17,8:36:36,3.9
下游闸内水位,2024/01/17,8:39:08,4.0
下游闸外水位,2024/01/17,8:39:08,3.3
下游闸内水位,2024/01/17,8:41:58,3.5
下游闸外水位,2024/01/17,8:41:58,3.4
内河侧水位,2024/01/17,9:00:00,3.9
长江侧水位,2024/01/17,9:00:00,3.6
下游闸内水位,2024/01/17,9:13:23,3.7
下游闸外水位,2024/01/17,9:13:23,3.7
上游闸内水位,2024/01/17,9:15:48,3.7
上游闸外水位,2024/01/17,9:15:48,3.9
下游闸内水位,2024/01/17,9:30:25,4.0
下游闸外水位,2024/01/17,9:30:25,3.8
内河侧水位,2024/01/17,10:00:00,3.7
长江侧水位,2024/01/17,10:00:00,3.8
内河侧水位,2024/01/17,11:00:00,4.0
长江侧水位,2024/01/17,11:00:00,4.0
内河侧水位,2024/01/17,12:00:00,3.8
长江侧水位,2024/01/17,12:00:00,3.8
上游闸内水位,2024/01/17,12:13:26,3.7
上游闸外水位,2024/01/17,12:13:26,3.7
下游闸内水位,2024/01/17,12:49:32,3.6
下游闸外水位,2024/01/17,12:49:32,3.5
上游闸内水位,2024/01/17,12:52:13,3.5
上游闸外水位,2024/01/17,12:52:13,3.9
上游闸内水位,2024/01/17,12:54:03,3.8
上游闸外水位,2024/01/17,12:54:03,3.8
内河侧水位,2024/01/17,13:00:00,3.9
长江侧水位,2024/01/17,13:00:00,3.5
上游闸内水位,2024/01/17,13:37:54,3.9
上游闸外水位,2024/01/17,13:37:54,3.9
下游闸内水位,2024/01/17,13:40:32,3.9
下游闸外水位,2024/01/17,13:40:32,3.3
下游闸内水位,2024/01/17,13:43:46,3.4
下游闸外水位,2024/01/17,13:43:46,3.3
内河侧水位,2024/01/17,14:00:00,3.9
长江侧水位,2024/01/17,14:00:00,3.2
下游闸内水位,2024/01/17,14:07:30,3.2
下游闸外水位,2024/01/17,14:07:30,3.1
上游闸内水位,2024/01/17,14:11:31,3.2
上游闸外水位,2024/01/17,14:11:31,3.9
上游闸内水位,2024/01/17,14:13:38,3.7
上游闸外水位,2024/01/17,14:13:38,3.8
上游闸内水位,2024/01/17,14:43:07,3.9
上游闸外水位,2024/01/17,14:43:07,3.9
下游闸内水位,2024/01/17,14:45:40,3.9
下游闸外水位,2024/01/17,14:45:40,3.0
内河侧水位,2024/01/17,15:00:00,3.9
长江侧水位,2024/01/17,15:00:00,3.0
下游闸内水位,2024/01/17,15:26:32,3.0
下游闸外水位,2024/01/17,15:26:32,2.9
上游闸内水位,2024/01/17,15:29:08,2.9
上游闸外水位,2024/01/17,15:29:08,3.9
上游闸内水位,2024/01/17,15:32:01,3.7
上游闸外水位,2024/01/17,15:32:01,3.9
内河侧水位,2024/01/17,16:00:01,3.9
长江侧水位,2024/01/17,16:00:01,2.8
上游闸内水位,2024/01/17,16:12:08,3.9
上游闸外水位,2024/01/17,16:12:08,3.9
下游闸内水位,2024/01/17,16:14:40,3.9
下游闸外水位,2024/01/17,16:14:40,2.8
下游闸内水位,2024/01/17,16:19:13,2.9
下游闸外水位,2024/01/17,16:19:13,2.8
下游闸内水位,2024/01/17,16:57:25,2.7
下游闸外水位,2024/01/17,16:57:25,2.7
内河侧水位,2024/01/17,17:00:00,3.9
长江侧水位,2024/01/17,17:00:00,2.7
上游闸内水位,2024/01/17,17:01:13,2.7
上游闸外水位,2024/01/17,17:01:13,3.9
内河侧水位,2024/01/17,23:00:00,4.1
长江侧水位,2024/01/17,23:00:00,4.2
下游闸内水位,2024/01/17,23:29:30,4.1
下游闸外水位,2024/01/17,23:29:30,4.1
上游闸内水位,2024/01/17,23:32:12,4.3
上游闸外水位,2024/01/17,23:32:12,4.0
上游闸内水位,2024/01/17,23:35:38,4.0
上游闸外水位,2024/01/17,23:35:38,4.0
内河侧水位,2024/01/18,0:00:00,4.0
长江侧水位,2024/01/18,0:00:00,4.0
上游闸内水位,2024/01/18,0:25:16,4.0
上游闸外水位,2024/01/18,0:25:16,4.0
下游闸内水位,2024/01/18,0:28:03,4.0
下游闸外水位,2024/01/18,0:28:03,3.9
下游闸内水位,2024/01/18,0:30:08,3.9
下游闸外水位,2024/01/18,0:30:08,3.8
内河侧水位,2024/01/18,1:00:00,3.9
长江侧水位,2024/01/18,1:00:00,3.6
下游闸内水位,2024/01/18,1:08:20,3.6
下游闸外水位,2024/01/18,1:08:20,3.6
上游闸内水位,2024/01/18,1:13:50,3.6
上游闸外水位,2024/01/18,1:13:50,3.9
上游闸内水位,2024/01/18,1:15:46,3.9
上游闸外水位,2024/01/18,1:15:46,3.9
上游闸内水位,2024/01/18,1:56:32,4.0
上游闸外水位,2024/01/18,1:56:32,3.9
下游闸内水位,2024/01/18,1:59:06,4.0
下游闸外水位,2024/01/18,1:59:06,3.3
内河侧水位,2024/01/18,2:00:00,3.9
长江侧水位,2024/01/18,2:00:00,3.4
下游闸内水位,2024/01/18,2:02:19,3.5
下游闸外水位,2024/01/18,2:02:19,3.3
下游闸内水位,2024/01/18,2:43:06,3.2
下游闸外水位,2024/01/18,2:43:06,3.2
上游闸内水位,2024/01/18,2:46:31,3.2
上游闸外水位,2024/01/18,2:46:31,3.9
上游闸内水位,2024/01/18,2:49:17,3.8
上游闸外水位,2024/01/18,2:49:17,3.9
内河侧水位,2024/01/18,3:00:00,3.9
长江侧水位,2024/01/18,3:00:00,3.1
上游闸内水位,2024/01/18,3:29:32,3.9
上游闸外水位,2024/01/18,3:29:32,3.9
下游闸内水位,2024/01/18,3:32:14,3.9
下游闸外水位,2024/01/18,3:32:14,3.0
下游闸内水位,2024/01/18,3:36:01,3.2
下游闸外水位,2024/01/18,3:36:01,3.0
内河侧水位,2024/01/18,4:00:00,3.9
长江侧水位,2024/01/18,4:00:00,2.9
下游闸内水位,2024/01/18,4:15:58,2.9
下游闸外水位,2024/01/18,4:15:58,2.9
上游闸内水位,2024/01/18,4:18:50,2.9
上游闸外水位,2024/01/18,4:18:50,3.9
上游闸内水位,2024/01/18,4:22:54,3.9
上游闸外水位,2024/01/18,4:22:54,3.9
上游闸内水位,2024/01/18,4:57:11,3.9
上游闸外水位,2024/01/18,4:57:11,3.9
下游闸内水位,2024/01/18,4:59:47,3.9
下游闸外水位,2024/01/18,4:59:47,2.8
内河侧水位,2024/01/18,5:00:00,3.9
长江侧水位,2024/01/18,5:00:00,2.8
下游闸内水位,2024/01/18,5:04:05,2.9
下游闸外水位,2024/01/18,5:04:05,2.8
上游闸内水位,2024/01/18,17:19:28,3.9
上游闸外水位,2024/01/18,17:19:28,3.9
下游闸内水位,2024/01/18,17:22:05,3.9
下游闸外水位,2024/01/18,17:22:05,2.7
下游闸内水位,2024/01/18,17:26:39,2.9
下游闸外水位,2024/01/18,17:26:39,2.7
下游闸内水位,2024/01/19,17:16:24,3.2
下游闸外水位,2024/01/19,17:16:24,3.1
内河侧水位,2024/01/19,18:00:00,3.9
长江侧水位,2024/01/19,18:00:00,2.9
下游闸内水位,2024/01/19,18:00:21,2.9
下游闸外水位,2024/01/19,18:00:21,2.9
上游闸内水位,2024/01/19,18:03:11,2.9
上游闸外水位,2024/01/19,18:03:11,3.9
上游闸内水位,2024/01/19,18:06:07,3.7
上游闸外水位,2024/01/19,18:06:07,3.8
上游闸内水位,2024/01/19,18:50:22,3.9
上游闸外水位,2024/01/19,18:50:22,3.9
上游闸内水位,2024/01/17,17:26:14,3.9
上游闸外水位,2024/01/17,17:26:14,3.9
下游闸内水位,2024/01/17,17:29:49,3.9
下游闸外水位,2024/01/17,17:29:49,2.7
下游闸内水位,2024/01/17,17:35:15,2.7
下游闸外水位,2024/01/17,17:35:15,2.6
内河侧水位,2024/01/17,18:00:00,3.9
长江侧水位,2024/01/17,18:00:00,2.5
下游闸内水位,2024/01/17,18:07:14,2.6
下游闸外水位,2024/01/17,18:07:14,2.5
上游闸内水位,2024/01/17,18:10:42,2.6
上游闸外水位,2024/01/17,18:10:42,3.9
上游闸内水位,2024/01/17,18:14:12,3.7
上游闸外水位,2024/01/17,18:14:12,3.8
上游闸内水位,2024/01/17,18:34:54,3.9
上游闸外水位,2024/01/17,18:34:54,3.9
下游闸内水位,2024/01/17,18:37:34,3.9
下游闸外水位,2024/01/17,18:37:34,2.4
下游闸内水位,2024/01/17,18:42:33,2.6
下游闸外水位,2024/01/17,18:42:33,2.4
下游闸内水位,2024/01/17,18:54:32,2.5
下游闸外水位,2024/01/17,18:54:32,2.5
上游闸内水位,2024/01/17,18:57:28,2.5
上游闸外水位,2024/01/17,18:57:28,3.9
内河侧水位,2024/01/17,19:00:00,3.6
长江侧水位,2024/01/17,19:00:00,2.5
上游闸内水位,2024/01/17,19:04:18,3.9
上游闸外水位,2024/01/17,19:04:18,3.9
上游闸内水位,2024/01/17,19:40:06,3.9
上游闸外水位,2024/01/17,19:40:06,3.8
下游闸内水位,2024/01/17,19:42:40,3.9
下游闸外水位,2024/01/17,19:42:40,2.6
下游闸内水位,2024/01/17,19:47:15,2.8
下游闸外水位,2024/01/17,19:47:15,2.6
内河侧水位,2024/01/17,20:00:00,3.9
长江侧水位,2024/01/17,20:00:00,2.9
下游闸内水位,2024/01/17,20:31:56,3.4
下游闸外水位,2024/01/17,20:31:56,3.3
上游闸内水位,2024/01/17,20:34:37,3.4
上游闸外水位,2024/01/17,20:34:37,3.9
上游闸内水位,2024/01/17,20:36:37,3.8
上游闸外水位,2024/01/17,20:36:37,3.8
下游闸内水位,2024/01/17,20:54:12,3.9
下游闸外水位,2024/01/17,20:54:12,3.6
内河侧水位,2024/01/17,21:00:00,3.7
长江侧水位,2024/01/17,21:00:00,3.7
内河侧水位,2024/01/17,22:00:00,3.9
长江侧水位,2024/01/17,22:00:00,4.0
上游闸内水位,2024/01/17,22:54:30,4.1
上游闸外水位,2024/01/17,22:54:30,4.1
下游闸内水位,2024/01/18,5:45:24,2.7
下游闸外水位,2024/01/18,5:45:24,2.7
上游闸内水位,2024/01/18,5:48:00,2.6
上游闸外水位,2024/01/18,5:48:00,3.9
上游闸内水位,2024/01/18,5:51:33,3.8
上游闸外水位,2024/01/18,5:51:33,3.8
内河侧水位,2024/01/18,6:00:00,3.8
长江侧水位,2024/01/18,6:00:00,2.7
上游闸内水位,2024/01/18,6:42:51,3.9
上游闸外水位,2024/01/18,6:42:51,3.9
下游闸内水位,2024/01/18,6:45:28,3.9
下游闸外水位,2024/01/18,6:45:28,2.5
下游闸内水位,2024/01/18,6:50:54,2.6
下游闸外水位,2024/01/18,6:50:54,2.5
内河侧水位,2024/01/18,7:00:00,3.8
长江侧水位,2024/01/18,7:00:00,2.5
下游闸内水位,2024/01/18,7:41:10,2.4
下游闸外水位,2024/01/18,7:41:10,2.4
上游闸内水位,2024/01/18,7:44:39,2.5
上游闸外水位,2024/01/18,7:44:39,3.8
上游闸内水位,2024/01/18,7:48:24,3.7
上游闸外水位,2024/01/18,7:48:24,3.8
内河侧水位,2024/01/18,8:00:00,3.9
长江侧水位,2024/01/18,8:00:00,2.4
上游闸内水位,2024/01/18,8:25:33,3.9
上游闸外水位,2024/01/18,8:25:33,3.9
下游闸内水位,2024/01/18,8:28:38,3.9
下游闸外水位,2024/01/18,8:28:38,2.6
下游闸内水位,2024/01/18,8:34:15,2.6
下游闸外水位,2024/01/18,8:34:15,2.6
下游闸内水位,2024/01/18,8:57:59,3.0
下游闸外水位,2024/01/18,8:57:59,3.0
内河侧水位,2024/01/18,9:00:00,3.9
长江侧水位,2024/01/18,9:00:00,3.0
上游闸内水位,2024/01/18,9:00:37,3.0
上游闸外水位,2024/01/18,9:00:37,3.8
上游闸内水位,2024/01/18,9:03:38,3.8
上游闸外水位,2024/01/18,9:03:38,3.8
上游闸内水位,2024/01/18,9:16:11,3.9
上游闸外水位,2024/01/18,9:16:11,3.9
下游闸内水位,2024/01/18,9:18:54,3.9
下游闸外水位,2024/01/18,9:18:54,3.2
下游闸内水位,2024/01/18,9:22:04,3.4
下游闸外水位,2024/01/18,9:22:04,3.3
下游闸内水位,2024/01/18,9:53:28,3.6
下游闸外水位,2024/01/18,9:53:28,3.6
上游闸内水位,2024/01/18,9:55:12,3.6
上游闸外水位,2024/01/18,9:55:12,3.9
内河侧水位,2024/01/18,10:00:00,3.8
长江侧水位,2024/01/18,10:00:00,3.6
下游闸内水位,2024/01/18,10:14:04,3.9
下游闸外水位,2024/01/18,10:14:04,3.7
内河侧水位,2024/01/18,11:00:00,3.8
长江侧水位,2024/01/18,11:00:00,3.9
内河侧水位,2024/01/18,12:00:00,3.9
长江侧水位,2024/01/18,12:00:00,4.0
内河侧水位,2024/01/18,13:00:00,3.6
长江侧水位,2024/01/18,13:00:00,3.7
上游闸内水位,2024/01/18,13:26:56,3.5
上游闸外水位,2024/01/18,13:26:56,3.4
下游闸内水位,2024/01/18,13:44:50,3.5
下游闸外水位,2024/01/18,13:44:50,3.5
上游闸内水位,2024/01/18,13:47:26,3.4
上游闸外水位,2024/01/18,13:47:26,3.8
上游闸内水位,2024/01/18,13:49:26,3.7
上游闸外水位,2024/01/18,13:49:26,3.8
内河侧水位,2024/01/18,14:00:00,3.8
长江侧水位,2024/01/18,14:00:00,3.4
上游闸内水位,2024/01/18,14:12:31,3.8
上游闸外水位,2024/01/18,14:12:31,3.8
下游闸内水位,2024/01/18,14:18:16,3.4
下游闸外水位,2024/01/18,14:18:16,3.3
下游闸内水位,2024/01/18,14:52:50,3.2
下游闸外水位,2024/01/18,14:52:50,3.2
上游闸内水位,2024/01/18,14:58:15,3.8
上游闸外水位,2024/01/18,14:58:15,3.8
内河侧水位,2024/01/18,15:00:00,3.9
长江侧水位,2024/01/18,15:00:00,3.1
上游闸内水位,2024/01/18,15:39:52,3.9
上游闸外水位,2024/01/18,15:39:52,3.9
上游闸内水位,2024/01/18,15:41:21,3.9
上游闸外水位,2024/01/18,15:41:21,3.9
下游闸内水位,2024/01/18,15:43:36,3.9
下游闸外水位,2024/01/18,15:43:36,3.0
下游闸内水位,2024/01/18,15:47:23,3.2
下游闸外水位,2024/01/18,15:47:23,3.0
内河侧水位,2024/01/18,16:00:00,3.9
长江侧水位,2024/01/18,16:00:00,3.0
下游闸内水位,2024/01/18,16:31:09,2.9
下游闸外水位,2024/01/18,16:31:09,2.9
上游闸内水位,2024/01/18,16:34:14,2.9
上游闸外水位,2024/01/18,16:34:14,3.9
上游闸内水位,2024/01/18,16:38:05,3.9
上游闸外水位,2024/01/18,16:38:05,3.9
内河侧水位,2024/01/18,17:00:00,3.9
长江侧水位,2024/01/18,17:00:00,2.8
内河侧水位,2024/01/18,18:00:00,3.8
长江侧水位,2024/01/18,18:00:00,2.7
下游闸内水位,2024/01/18,18:12:14,2.7
下游闸外水位,2024/01/18,18:12:14,2.7
上游闸内水位,2024/01/18,18:16:11,2.7
上游闸外水位,2024/01/18,18:16:11,3.9
上游闸内水位,2024/01/18,18:19:29,3.7
上游闸外水位,2024/01/18,18:19:29,3.8
内河侧水位,2024/01/18,19:00:00,3.8
长江侧水位,2024/01/18,19:00:00,2.6
下游闸内水位,2024/01/18,19:19:20,3.9
下游闸外水位,2024/01/18,19:19:20,2.6
下游闸内水位,2024/01/18,19:24:06,2.7
下游闸外水位,2024/01/18,19:24:06,2.6
内河侧水位,2024/01/18,20:00:00,3.8
长江侧水位,2024/01/18,20:00:00,2.6
下游闸内水位,2024/01/18,20:11:00,2.6
下游闸外水位,2024/01/18,20:11:00,2.6
上游闸内水位,2024/01/18,20:13:36,2.6
上游闸外水位,2024/01/18,20:13:36,3.8
上游闸内水位,2024/01/18,20:17:00,3.7
上游闸外水位,2024/01/18,20:17:00,3.8
下游闸内水位,2024/01/18,20:58:46,3.9
下游闸外水位,2024/01/18,20:58:46,3.0
内河侧水位,2024/01/18,21:00:00,3.9
长江侧水位,2024/01/18,21:00:00,3.1
下游闸内水位,2024/01/18,21:02:07,3.2
下游闸外水位,2024/01/18,21:02:07,3.1
下游闸内水位,2024/01/18,21:42:59,3.5
下游闸外水位,2024/01/18,21:42:59,3.5
上游闸内水位,2024/01/18,21:46:37,3.5
上游闸外水位,2024/01/18,21:46:37,3.8
上游闸内水位,2024/01/18,21:48:32,3.8
上游闸外水位,2024/01/18,21:48:32,3.8
内河侧水位,2024/01/18,22:00:00,3.8
长江侧水位,2024/01/18,22:00:00,3.7
上游闸内水位,2024/01/18,22:36:29,3.9
上游闸外水位,2024/01/18,22:36:29,3.8
下游闸内水位,2024/01/18,22:39:07,3.9
下游闸外水位,2024/01/18,22:39:07,3.8
下游闸内水位,2024/01/18,22:40:42,3.9
下游闸外水位,2024/01/18,22:40:42,3.9
内河侧水位,2024/01/18,23:00:00,3.9
长江侧水位,2024/01/18,23:00:00,4.0
下游闸内水位,2024/01/18,23:21:17,4.0
下游闸外水位,2024/01/18,23:21:17,4.0
上游闸内水位,2024/01/18,23:24:07,4.0
上游闸外水位,2024/01/18,23:24:07,3.9
内河侧水位,2024/01/19,0:00:00,3.9
长江侧水位,2024/01/19,0:00:00,4.1
上游闸内水位,2024/01/19,0:07:09,3.9
上游闸外水位,2024/01/19,0:07:09,3.9
下游闸内水位,2024/01/19,0:10:14,3.9
下游闸外水位,2024/01/19,0:10:14,4.0
下游闸内水位,2024/01/19,0:12:31,4.1
下游闸外水位,2024/01/19,0:12:31,4.0
下游闸内水位,2024/01/19,0:53:28,3.9
下游闸外水位,2024/01/19,0:53:28,3.8
上游闸内水位,2024/01/19,0:56:14,3.9
上游闸外水位,2024/01/19,0:56:14,3.9
上游闸内水位,2024/01/19,0:58:08,3.9
上游闸外水位,2024/01/19,0:58:08,3.9
内河侧水位,2024/01/19,1:00:00,3.9
长江侧水位,2024/01/19,1:00:00,3.8
上游闸内水位,2024/01/19,1:34:22,3.9
上游闸外水位,2024/01/19,1:34:22,3.9
下游闸内水位,2024/01/19,1:36:56,3.9
下游闸外水位,2024/01/19,1:36:56,3.6
下游闸内水位,2024/01/19,1:38:54,3.7
下游闸外水位,2024/01/19,1:38:54,3.6
内河侧水位,2024/01/19,2:00:00,3.9
长江侧水位,2024/01/19,2:00:00,3.5
下游闸内水位,2024/01/19,2:31:54,3.4
下游闸外水位,2024/01/19,2:31:54,3.3
上游闸内水位,2024/01/19,2:34:31,3.3
上游闸外水位,2024/01/19,2:34:31,3.9
上游闸内水位,2024/01/19,2:36:33,3.7
上游闸外水位,2024/01/19,2:36:33,3.8
内河侧水位,2024/01/19,3:00:00,3.9
长江侧水位,2024/01/19,3:00:00,3.2
上游闸内水位,2024/01/19,3:13:05,3.9
上游闸外水位,2024/01/19,3:13:05,3.9
下游闸内水位,2024/01/19,3:15:37,3.9
下游闸外水位,2024/01/19,3:15:37,3.2
下游闸内水位,2024/01/19,3:18:59,3.3
下游闸外水位,2024/01/19,3:18:59,3.2
内河侧水位,2024/01/19,4:00:00,3.9
长江侧水位,2024/01/19,4:00:00,3.1
下游闸内水位,2024/01/19,4:06:00,3.0
下游闸外水位,2024/01/19,4:06:00,3.0
上游闸内水位,2024/01/19,4:08:47,3.1
上游闸外水位,2024/01/19,4:08:47,3.9
上游闸内水位,2024/01/19,4:44:46,3.9
上游闸外水位,2024/01/19,4:44:46,3.9
下游闸内水位,2024/01/19,4:47:17,3.9
下游闸外水位,2024/01/19,4:47:17,2.9
内河侧水位,2024/01/19,5:00:00,3.9
长江侧水位,2024/01/19,5:00:00,2.9
下游闸内水位,2024/01/19,5:33:08,2.8
下游闸外水位,2024/01/19,5:33:08,2.8
内河侧水位,2024/01/19,6:00:00,3.9
长江侧水位,2024/01/19,6:00:00,2.8
上游闸内水位,2024/01/19,6:19:53,3.9
上游闸外水位,2024/01/19,6:19:53,3.9
下游闸内水位,2024/01/19,6:22:28,3.9
下游闸外水位,2024/01/19,6:22:28,2.7
内河侧水位,2024/01/19,7:00:00,3.9
长江侧水位,2024/01/19,7:00:00,2.7
下游闸内水位,2024/01/19,7:13:39,2.7
下游闸外水位,2024/01/19,7:13:39,2.6
上游闸内水位,2024/01/19,7:19:28,3.6
上游闸外水位,2024/01/19,7:19:28,3.8
上游闸内水位,2024/01/19,7:54:28,3.9
上游闸外水位,2024/01/19,7:54:28,3.9
下游闸内水位,2024/01/19,7:57:06,3.9
下游闸外水位,2024/01/19,7:57:06,2.6
内河侧水位,2024/01/19,8:00:00,3.9
长江侧水位,2024/01/19,8:00:00,2.5
下游闸内水位,2024/01/19,8:02:05,2.6
下游闸外水位,2024/01/19,8:02:05,2.5
上游闸内水位,2024/01/19,8:44:03,2.6
上游闸外水位,2024/01/19,8:44:03,3.9
上游闸内水位,2024/01/19,8:47:27,3.7
上游闸外水位,2024/01/19,8:47:27,3.8
内河侧水位,2024/01/19,9:00:00,3.9
长江侧水位,2024/01/19,9:00:00,2.6
上游闸内水位,2024/01/19,9:11:30,3.9
上游闸外水位,2024/01/19,9:11:30,3.9
下游闸内水位,2024/01/19,9:14:02,3.9
下游闸外水位,2024/01/19,9:14:02,2.7
下游闸内水位,2024/01/19,9:18:34,2.8
下游闸外水位,2024/01/19,9:18:34,2.7
下游闸内水位,2024/01/19,9:40:22,2.9
下游闸外水位,2024/01/19,9:40:22,2.9
上游闸内水位,2024/01/19,9:42:55,3.0
上游闸外水位,2024/01/19,9:42:55,3.9
上游闸内水位,2024/01/19,9:45:34,3.6
上游闸外水位,2024/01/19,9:45:34,3.8
内河侧水位,2024/01/19,10:00:00,3.9
长江侧水位,2024/01/19,10:00:00,3.2
上游闸内水位,2024/01/19,10:13:17,3.9
上游闸外水位,2024/01/19,10:13:17,3.9
下游闸内水位,2024/01/19,10:15:49,3.9
下游闸外水位,2024/01/19,10:15:49,3.4
下游闸内水位,2024/01/19,10:18:46,3.5
下游闸外水位,2024/01/19,10:18:46,3.4
下游闸内水位,2024/01/19,10:44:50,3.7
下游闸外水位,2024/01/19,10:44:50,3.6
上游闸内水位,2024/01/19,10:46:54,3.6
上游闸外水位,2024/01/19,10:46:54,3.9
下游闸内水位,2024/01/19,10:57:52,3.9
下游闸外水位,2024/01/19,10:57:52,3.7
内河侧水位,2024/01/19,11:00:00,3.7
长江侧水位,2024/01/19,11:00:00,3.7
内河侧水位,2024/01/19,12:00:00,3.9
长江侧水位,2024/01/19,12:00:00,3.9
内河侧水位,2024/01/19,13:00:00,4.0
长江侧水位,2024/01/19,13:00:00,4.0
内河侧水位,2024/01/19,14:00:00,3.7
长江侧水位,2024/01/19,14:00:00,3.7
下游闸内水位,2024/01/19,14:25:35,3.6
下游闸外水位,2024/01/19,14:25:35,3.6
下游闸内水位,2024/01/19,14:27:54,3.6
下游闸外水位,2024/01/19,14:27:54,3.6
上游闸内水位,2024/01/19,14:44:20,3.9
上游闸外水位,2024/01/19,14:44:20,3.8
下游闸内水位,2024/01/19,14:46:50,3.8
下游闸外水位,2024/01/19,14:46:50,3.5
下游闸内水位,2024/01/19,14:48:20,3.7
下游闸外水位,2024/01/19,14:48:20,3.5
内河侧水位,2024/01/19,15:00:00,3.8
长江侧水位,2024/01/19,15:00:00,3.5
下游闸内水位,2024/01/19,15:06:45,3.4
下游闸外水位,2024/01/19,15:06:45,3.4
上游闸内水位,2024/01/19,15:09:26,3.4
上游闸外水位,2024/01/19,15:09:26,3.8
上游闸内水位,2024/01/19,15:11:31,3.7
上游闸外水位,2024/01/19,15:11:31,3.8
上游闸内水位,2024/01/19,15:42:33,3.9
上游闸外水位,2024/01/19,15:42:33,3.8
下游闸内水位,2024/01/19,15:45:04,3.9
下游闸外水位,2024/01/19,15:45:04,3.3
下游闸内水位,2024/01/19,15:48:07,3.4
下游闸外水位,2024/01/19,15:48:07,3.2
内河侧水位,2024/01/19,16:00:00,3.8
长江侧水位,2024/01/19,16:00:00,3.1
下游闸内水位,2024/01/19,16:24:54,3.2
下游闸外水位,2024/01/19,16:24:54,3.2
上游闸内水位,2024/01/19,16:27:32,3.2
上游闸外水位,2024/01/19,16:27:32,3.9
上游闸内水位,2024/01/19,16:29:56,3.7
上游闸外水位,2024/01/19,16:29:56,3.8
内河侧水位,2024/01/19,17:00:00,3.8
长江侧水位,2024/01/19,17:00:00,3.1
上游闸内水位,2024/01/19,17:10:10,3.9
上游闸外水位,2024/01/19,17:10:10,3.9
下游闸内水位,2024/01/19,17:12:49,3.9
下游闸外水位,2024/01/19,17:12:49,3.0
下游闸内水位,2024/01/19,18:52:52,3.9
下游闸外水位,2024/01/19,18:52:52,2.8
下游闸内水位,2024/01/19,18:57:03,3.0
下游闸外水位,2024/01/19,18:57:03,2.8
内河侧水位,2024/01/19,19:00:00,3.9
长江侧水位,2024/01/19,19:00:00,2.8
下游闸内水位,2024/01/19,19:22:30,2.8
下游闸外水位,2024/01/19,19:22:30,2.8
上游闸内水位,2024/01/19,19:25:05,2.8
上游闸外水位,2024/01/19,19:25:05,3.9
上游闸内水位,2024/01/19,19:28:13,3.7
上游闸外水位,2024/01/19,19:28:13,3.9
内河侧水位,2024/01/19,20:00:00,3.9
长江侧水位,2024/01/19,20:00:00,2.7
下游闸内水位,2024/01/19,20:04:59,3.9
下游闸外水位,2024/01/19,20:04:59,2.7
下游闸内水位,2024/01/19,20:09:40,2.8
下游闸外水位,2024/01/19,20:09:40,2.7
下游闸内水位,2024/01/19,20:52:20,2.7
下游闸外水位,2024/01/19,20:52:20,2.7
上游闸内水位,2024/01/19,20:55:02,2.7
上游闸外水位,2024/01/19,20:55:02,3.9
上游闸内水位,2024/01/19,20:58:27,3.7
上游闸外水位,2024/01/19,20:58:27,3.8
内河侧水位,2024/01/19,21:00:00,4.0
长江侧水位,2024/01/19,21:00:00,2.7
上游闸内水位,2024/01/19,21:28:17,3.9
上游闸外水位,2024/01/19,21:28:17,3.9
下游闸内水位,2024/01/19,21:31:14,3.9
下游闸外水位,2024/01/19,21:31:14,2.8
下游闸内水位,2024/01/19,21:36:11,2.8
下游闸外水位,2024/01/19,21:36:11,2.8
内河侧水位,2024/01/19,22:00:00,3.9
长江侧水位,2024/01/19,22:00:00,2.9
下游闸内水位,2024/01/19,22:38:28,3.3
下游闸外水位,2024/01/19,22:38:28,3.3
上游闸内水位,2024/01/19,22:41:04,3.3
上游闸外水位,2024/01/19,22:41:04,3.9
上游闸内水位,2024/01/19,22:43:15,3.7
上游闸外水位,2024/01/19,22:43:15,3.8
内河侧水位,2024/01/19,23:00:00,3.9
长江侧水位,2024/01/19,23:00:00,3.5
上游闸内水位,2024/01/19,23:41:38,3.9
上游闸外水位,2024/01/19,23:41:38,3.9
下游闸内水位,2024/01/19,23:44:17,4.0
下游闸外水位,2024/01/19,23:44:17,3.7
下游闸内水位,2024/01/19,23:46:00,3.8
下游闸外水位,2024/01/19,23:46:00,3.7
内河侧水位,2024/01/20,0:00:00,3.9
长江侧水位,2024/01/20,0:00:00,3.7
下游闸内水位,2024/01/20,0:43:12,3.8
下游闸外水位,2024/01/20,0:43:12,3.8
上游闸内水位,2024/01/20,0:45:51,3.8
上游闸外水位,2024/01/20,0:45:51,3.9
上游闸内水位,2024/01/20,0:47:56,3.9
上游闸外水位,2024/01/20,0:47:56,3.9
内河侧水位,2024/01/20,1:00:00,3.9
长江侧水位,2024/01/20,1:00:00,3.8
上游闸内水位,2024/01/20,1:22:24,4.0
上游闸外水位,2024/01/20,1:22:24,3.9
下游闸内水位,2024/01/20,1:24:58,4.0
下游闸外水位,2024/01/20,1:24:58,3.7
内河侧水位,2024/01/20,2:00:00,3.9
长江侧水位,2024/01/20,2:00:00,3.5
下游闸内水位,2024/01/20,2:08:18,3.5
下游闸外水位,2024/01/20,2:08:18,3.5
上游闸内水位,2024/01/20,2:10:53,3.5
上游闸外水位,2024/01/20,2:10:53,3.9
上游闸内水位,2024/01/20,2:13:29,3.9
上游闸外水位,2024/01/20,2:13:29,3.9
上游闸内水位,2024/01/20,2:46:31,4.0
上游闸外水位,2024/01/20,2:46:31,3.9
下游闸内水位,2024/01/20,2:49:02,4.0
下游闸外水位,2024/01/20,2:49:02,3.3
下游闸内水位,2024/01/20,2:52:08,3.5
下游闸外水位,2024/01/20,2:52:08,3.3
内河侧水位,2024/01/20,3:00:00,3.9
长江侧水位,2024/01/20,3:00:00,3.3
下游闸内水位,2024/01/20,3:38:39,3.2
下游闸外水位,2024/01/20,3:38:39,3.2
上游闸内水位,2024/01/20,3:41:26,3.1
上游闸外水位,2024/01/20,3:41:26,3.9
上游闸内水位,2024/01/20,3:43:54,3.7
上游闸外水位,2024/01/20,3:43:54,3.8
内河侧水位,2024/01/20,4:00:00,3.9
长江侧水位,2024/01/20,4:00:00,3.1
上游闸内水位,2024/01/20,4:24:37,3.9
上游闸外水位,2024/01/20,4:24:37,3.9
下游闸内水位,2024/01/20,4:27:09,4.0
下游闸外水位,2024/01/20,4:27:09,3.0
下游闸内水位,2024/01/20,4:31:04,3.2
上游闸内水位,2024/01/19,20:01:54,3.9
上游闸外水位,2024/01/19,20:01:54,3.9
下游闸内水位,2024/01/20,1:27:11,3.8
下游闸外水位,2024/01/20,1:27:11,3.7
下游闸外水位,2024/01/20,4:31:04,3.0
内河侧水位,2024/01/20,5:00:00,3.9
长江侧水位,2024/01/20,5:00:00,2.9
下游闸内水位,2024/01/20,5:15:15,2.9
下游闸外水位,2024/01/20,5:15:15,2.9
上游闸内水位,2024/01/20,5:17:57,2.9
上游闸外水位,2024/01/20,5:17:57,3.9
上游闸内水位,2024/01/20,5:21:02,3.7
上游闸外水位,2024/01/20,5:21:02,3.9
上游闸内水位,2024/01/20,5:59:33,3.9
上游闸外水位,2024/01/20,5:59:33,3.9
内河侧水位,2024/01/20,6:00:00,3.9
长江侧水位,2024/01/20,6:00:00,2.8
下游闸内水位,2024/01/20,6:02:05,4.0
下游闸外水位,2024/01/20,6:02:05,2.8
下游闸内水位,2024/01/20,6:06:37,2.9
下游闸外水位,2024/01/20,6:06:37,2.8
下游闸内水位,2024/01/20,6:50:22,2.7
下游闸外水位,2024/01/20,6:50:22,2.7
上游闸内水位,2024/01/20,6:53:02,2.6
上游闸外水位,2024/01/20,6:53:02,3.9
上游闸内水位,2024/01/20,6:56:30,3.7
上游闸外水位,2024/01/20,6:56:30,3.9
内河侧水位,2024/01/20,7:00:00,3.9
长江侧水位,2024/01/20,7:00:00,2.7
上游闸内水位,2024/01/20,7:34:46,3.9
上游闸外水位,2024/01/20,7:34:46,3.9
下游闸内水位,2024/01/20,7:37:20,4.0
下游闸外水位,2024/01/20,7:37:20,2.6
下游闸内水位,2024/01/20,7:42:31,2.7
下游闸外水位,2024/01/20,7:42:31,2.5
内河侧水位,2024/01/20,8:00:00,3.9
长江侧水位,2024/01/20,8:00:00,2.6
下游闸内水位,2024/01/20,8:17:54,2.5
下游闸外水位,2024/01/20,8:17:54,2.5
上游闸内水位,2024/01/20,8:20:33,2.5
上游闸外水位,2024/01/20,8:20:33,3.9
上游闸内水位,2024/01/20,8:24:20,3.8
上游闸外水位,2024/01/20,8:24:20,3.9
上游闸内水位,2024/01/20,8:44:31,4.0
上游闸外水位,2024/01/20,8:44:31,3.9
下游闸内水位,2024/01/20,8:47:02,4.0
下游闸外水位,2024/01/20,8:47:02,2.4
下游闸内水位,2024/01/20,8:52:12,2.6
下游闸外水位,2024/01/20,8:52:12,2.5
内河侧水位,2024/01/20,9:00:00,3.9
长江侧水位,2024/01/20,9:00:00,2.5
下游闸内水位,2024/01/20,9:22:04,2.4
下游闸外水位,2024/01/20,9:22:04,2.4
上游闸内水位,2024/01/20,9:25:05,2.5
上游闸外水位,2024/01/20,9:25:05,3.9
上游闸内水位,2024/01/20,9:28:53,3.8
上游闸外水位,2024/01/20,9:28:53,3.9
上游闸内水位,2024/01/20,9:52:38,4.0
上游闸外水位,2024/01/20,9:52:38,4.0
下游闸内水位,2024/01/20,9:55:09,4.0
下游闸外水位,2024/01/20,9:55:09,2.5
内河侧水位,2024/01/20,10:00:00,3.9
长江侧水位,2024/01/20,10:00:00,2.5
下游闸内水位,2024/01/20,10:00:14,2.6
下游闸外水位,2024/01/20,10:00:14,2.5
下游闸内水位,2024/01/20,10:25:14,2.7
下游闸外水位,2024/01/20,10:25:14,2.7
上游闸内水位,2024/01/20,10:28:43,2.8
上游闸外水位,2024/01/20,10:28:43,3.9
上游闸内水位,2024/01/20,10:32:01,3.8
上游闸外水位,2024/01/20,10:32:01,3.9
内河侧水位,2024/01/20,11:00:00,4.0
长江侧水位,2024/01/20,11:00:00,3.1
上游闸内水位,2024/01/20,11:03:26,4.0
上游闸外水位,2024/01/20,11:03:26,4.0
下游闸内水位,2024/01/20,11:06:02,4.0
下游闸外水位,2024/01/20,11:06:02,3.2
下游闸内水位,2024/01/20,11:10:01,3.3
下游闸外水位,2024/01/20,11:10:01,3.2
下游闸内水位,2024/01/20,11:46:18,3.5
下游闸外水位,2024/01/20,11:46:18,3.5
上游闸内水位,2024/01/20,11:49:07,3.5
上游闸外水位,2024/01/20,11:49:07,4.0
上游闸内水位,2024/01/20,11:51:11,3.9
上游闸外水位,2024/01/20,11:51:11,3.9
内河侧水位,2024/01/20,12:00:00,3.9
长江侧水位,2024/01/20,12:00:00,3.6
上游闸内水位,2024/01/20,12:21:45,4.0
上游闸外水位,2024/01/20,12:21:45,4.0
下游闸内水位,2024/01/20,12:25:33,4.1
下游闸外水位,2024/01/20,12:25:33,3.7
下游闸内水位,2024/01/20,12:28:27,3.7
下游闸外水位,2024/01/20,12:28:27,3.7
下游闸内水位,2024/01/20,12:57:30,3.8
下游闸外水位,2024/01/20,12:57:30,3.8
内河侧水位,2024/01/20,13:00:00,4.0
长江侧水位,2024/01/20,13:00:00,3.8
上游闸内水位,2024/01/20,13:00:05,3.9
上游闸外水位,2024/01/20,13:00:05,4.0
上游闸内水位,2024/01/20,13:02:15,4.0
上游闸外水位,2024/01/20,13:02:15,4.0
上游闸内水位,2024/01/20,13:37:36,4.0
上游闸外水位,2024/01/20,13:37:36,4.0
下游闸内水位,2024/01/20,13:40:11,4.0
下游闸外水位,2024/01/20,13:40:11,3.8
下游闸内水位,2024/01/20,13:41:52,3.9
下游闸外水位,2024/01/20,13:41:52,3.9
内河侧水位,2024/01/20,14:00:00,4.0
长江侧水位,2024/01/20,14:00:00,3.9
下游闸内水位,2024/01/20,14:20:38,3.9
下游闸外水位,2024/01/20,14:20:38,3.9
上游闸内水位,2024/01/20,14:23:12,3.9
上游闸外水位,2024/01/20,14:23:12,4.0
上游闸内水位,2024/01/20,14:25:16,4.0
上游闸外水位,2024/01/20,14:25:16,4.0
上游闸内水位,2024/01/20,14:38:47,4.0
上游闸外水位,2024/01/20,14:38:47,4.0
下游闸内水位,2024/01/20,14:41:19,4.0
下游闸外水位,2024/01/20,14:41:19,3.8
下游闸内水位,2024/01/20,14:42:58,3.9
下游闸外水位,2024/01/20,14:42:58,3.8
内河侧水位,2024/01/20,15:00:00,4.0
长江侧水位,2024/01/20,15:00:00,3.8
下游闸内水位,2024/01/20,15:18:05,3.7
下游闸外水位,2024/01/20,15:18:05,3.7
上游闸内水位,2024/01/20,15:20:46,3.7
上游闸外水位,2024/01/20,15:20:46,4.0
上游闸内水位,2024/01/20,15:22:44,3.9
上游闸外水位,2024/01/20,15:22:44,4.0
上游闸内水位,2024/01/20,15:37:36,4.0
上游闸外水位,2024/01/20,15:37:36,4.0
下游闸内水位,2024/01/20,15:42:02,4.0
下游闸外水位,2024/01/20,15:42:02,3.6
下游闸内水位,2024/01/20,15:44:16,3.7
下游闸外水位,2024/01/20,15:44:16,3.6
内河侧水位,2024/01/20,16:00:00,4.0
长江侧水位,2024/01/20,16:00:00,3.5
下游闸内水位,2024/01/20,16:07:48,3.5
下游闸外水位,2024/01/20,16:07:48,3.5
上游闸内水位,2024/01/20,16:14:11,3.5
上游闸外水位,2024/01/20,16:14:11,4.0
上游闸内水位,2024/01/20,16:16:14,3.8
上游闸外水位,2024/01/20,16:16:14,3.9
上游闸内水位,2024/01/20,16:31:02,4.0
上游闸外水位,2024/01/20,16:31:02,4.0
下游闸内水位,2024/01/20,16:36:20,4.0
下游闸外水位,2024/01/20,16:36:20,3.4
下游闸内水位,2024/01/20,16:39:28,3.5
下游闸外水位,2024/01/20,16:39:28,3.4
内河侧水位,2024/01/20,17:00:00,4.0
长江侧水位,2024/01/20,17:00:00,3.3
上游闸内水位,2024/01/20,17:48:07,4.0
上游闸外水位,2024/01/20,17:48:07,3.9
下游闸内水位,2024/01/20,17:51:07,4.0
下游闸外水位,2024/01/20,17:51:07,3.2
下游闸内水位,2024/01/20,17:55:02,3.3
下游闸外水位,2024/01/20,17:55:02,3.2
内河侧水位,2024/01/20,18:00:00,3.9
长江侧水位,2024/01/20,18:00:00,3.1
下游闸内水位,2024/01/20,18:21:22,3.2
下游闸外水位,2024/01/20,18:21:22,3.1
上游闸内水位,2024/01/20,18:24:22,3.1
上游闸外水位,2024/01/20,18:24:22,3.9
上游闸内水位,2024/01/20,18:27:54,4.0
上游闸外水位,2024/01/20,18:27:54,4.0
上游闸内水位,2024/01/20,18:46:13,4.0
上游闸外水位,2024/01/20,18:46:13,3.9
下游闸内水位,2024/01/20,18:49:03,4.0
下游闸外水位,2024/01/20,18:49:03,3.0
下游闸内水位,2024/01/20,18:53:09,3.2
下游闸外水位,2024/01/20,18:53:09,3.0
内河侧水位,2024/01/20,19:00:00,3.9
长江侧水位,2024/01/20,19:00:00,3.0
下游闸内水位,2024/01/20,19:18:27,3.0
下游闸内水位,2024/01/20,17:07:52,3.3
下游闸外水位,2024/01/20,17:07:52,3.3
上游闸内水位,2024/01/20,17:10:45,3.3
上游闸外水位,2024/01/20,17:10:45,3.9
上游闸内水位,2024/01/20,17:12:52,3.7
上游闸外水位,2024/01/20,17:12:52,3.9
上游闸内水位,2024/01/21,17:49:52,4.0
上游闸外水位,2024/01/21,17:49:52,4.0
下游闸内水位,2024/01/21,17:52:31,4.0
下游闸外水位,2024/01/21,17:52:31,3.8
下游闸内水位,2024/01/21,17:54:17,3.9
下游闸外水位,2024/01/21,17:54:17,3.8
内河侧水位,2024/01/21,18:00:00,4.0
长江侧水位,2024/01/21,18:00:00,3.7
下游闸内水位,2024/01/21,18:20:33,3.6
下游闸外水位,2024/01/21,18:20:33,3.6
上游闸内水位,2024/01/21,18:23:32,3.6
上游闸外水位,2024/01/21,18:23:32,4.0
上游闸内水位,2024/01/21,18:25:41,3.9
上游闸外水位,2024/01/21,18:25:41,3.9
上游闸内水位,2024/01/21,18:56:29,4.0
上游闸外水位,2024/01/21,18:56:29,4.0
下游闸内水位,2024/01/21,18:59:03,4.0
下游闸外水位,2024/01/21,18:59:03,3.4
内河侧水位,2024/01/21,19:00:00,4.0
长江侧水位,2024/01/21,19:00:00,3.5
下游闸内水位,2024/01/21,19:02:02,3.6
下游闸外水位,2024/01/21,19:02:02,3.4
下游闸内水位,2024/01/21,19:35:29,3.3
下游闸外水位,2024/01/21,19:35:29,3.3
上游闸内水位,2024/01/21,19:41:03,3.8
上游闸外水位,2024/01/21,19:41:03,3.9
内河侧水位,2024/01/21,20:00:00,4.0
长江侧水位,2024/01/21,20:00:00,3.2
上游闸内水位,2024/01/21,20:17:17,4.0
上游闸外水位,2024/01/21,20:17:17,4.0
下游闸内水位,2024/01/21,20:20:06,4.0
下游闸外水位,2024/01/21,20:20:06,3.2
下游闸内水位,2024/01/21,20:23:50,3.3
下游闸外水位,2024/01/21,20:23:50,3.1
内河侧水位,2024/01/21,21:00:00,3.9
长江侧水位,2024/01/21,21:00:00,3.1
下游闸内水位,2024/01/21,21:10:27,3.1
下游闸外水位,2024/01/21,21:10:27,3.0
上游闸内水位,2024/01/21,21:13:04,3.1
上游闸外水位,2024/01/21,21:13:04,3.9
上游闸内水位,2024/01/21,21:17:30,4.0
上游闸外水位,2024/01/21,21:17:30,4.0
下游闸内水位,2024/01/22,8:04:41,3.0
下游闸外水位,2024/01/22,8:04:41,3.0
上游闸内水位,2024/01/23,5:08:03,3.3
上游闸外水位,2024/01/23,5:08:03,3.9
上游闸内水位,2024/01/23,5:10:50,3.8
上游闸外水位,2024/01/23,5:10:50,3.8
下游闸内水位,2024/01/23,16:45:20,3.9
下游闸外水位,2024/01/23,16:45:20,3.6
内河侧水位,2024/01/23,17:00:00,3.9
长江侧水位,2024/01/23,17:00:00,3.6
下游闸内水位,2024/01/23,17:06:39,3.7
下游闸外水位,2024/01/23,17:06:39,3.7
上游闸内水位,2024/01/23,17:09:24,3.7
上游闸外水位,2024/01/23,17:09:24,3.9
上游闸内水位,2024/01/23,17:11:42,3.9
上游闸外水位,2024/01/23,17:11:42,3.8
上游闸内水位,2024/01/23,17:24:30,3.9
上游闸外水位,2024/01/23,17:24:30,3.8
下游闸内水位,2024/01/23,17:27:05,3.9
下游闸外水位,2024/01/23,17:27:05,3.7
下游闸内水位,2024/01/23,17:28:47,3.8
下游闸外水位,2024/01/23,17:28:47,3.7
下游闸内水位,2024/01/24,5:51:00,3.2
下游闸外水位,2024/01/24,5:51:00,3.1
上游闸内水位,2024/01/24,5:53:45,3.1
上游闸外水位,2024/01/24,5:53:45,3.8
上游闸内水位,2024/01/24,5:56:27,3.7
上游闸外水位,2024/01/24,5:56:27,3.8
内河侧水位,2024/01/24,6:00:00,3.8
长江侧水位,2024/01/24,6:00:00,3.2
上游闸内水位,2024/01/24,6:24:45,3.9
上游闸外水位,2024/01/24,6:24:45,3.8
下游闸内水位,2024/01/24,6:27:15,3.9
下游闸外水位,2024/01/24,6:27:15,3.2
下游闸内水位,2024/01/24,6:30:41,3.3
下游闸外水位,2024/01/24,6:30:41,3.1
内河侧水位,2024/01/24,7:00:00,3.9
长江侧水位,2024/01/24,7:00:00,3.1
下游闸内水位,2024/01/24,7:09:24,3.1
下游闸外水位,2024/01/20,19:18:27,3.0
上游闸内水位,2024/01/20,19:21:22,3.0
上游闸外水位,2024/01/20,19:21:22,3.9
上游闸内水位,2024/01/20,19:26:00,4.1
上游闸外水位,2024/01/20,19:26:00,4.0
内河侧水位,2024/01/20,20:00:00,3.9
长江侧水位,2024/01/20,20:00:00,2.9
上游闸内水位,2024/01/20,20:09:04,4.0
上游闸外水位,2024/01/20,20:09:04,3.9
下游闸内水位,2024/01/20,20:11:43,4.0
下游闸外水位,2024/01/20,20:11:43,2.9
下游闸内水位,2024/01/20,20:16:14,3.0
下游闸外水位,2024/01/20,20:16:14,2.8
内河侧水位,2024/01/20,21:00:00,3.9
长江侧水位,2024/01/20,21:00:00,2.7
下游闸内水位,2024/01/20,21:01:02,2.8
下游闸外水位,2024/01/20,21:01:02,2.7
上游闸内水位,2024/01/20,21:05:56,2.8
上游闸外水位,2024/01/20,21:05:56,3.9
上游闸内水位,2024/01/20,21:09:22,3.8
上游闸外水位,2024/01/20,21:09:22,3.9
上游闸内水位,2024/01/20,21:43:04,3.9
上游闸外水位,2024/01/20,21:43:04,3.9
下游闸内水位,2024/01/20,21:45:43,4.0
下游闸外水位,2024/01/20,21:45:43,2.7
下游闸内水位,2024/01/20,21:50:42,2.8
下游闸外水位,2024/01/20,21:50:42,2.7
内河侧水位,2024/01/20,22:00:00,3.9
长江侧水位,2024/01/20,22:00:00,2.6
下游闸内水位,2024/01/20,22:27:22,2.6
下游闸外水位,2024/01/20,22:27:22,2.6
上游闸内水位,2024/01/20,22:31:03,2.6
上游闸外水位,2024/01/20,22:31:03,3.9
上游闸内水位,2024/01/20,22:34:39,3.8
上游闸外水位,2024/01/20,22:34:39,3.9
内河侧水位,2024/01/20,23:00:00,4.0
长江侧水位,2024/01/20,23:00:00,2.6
上游闸内水位,2024/01/20,23:17:52,4.0
上游闸外水位,2024/01/20,23:17:52,3.9
下游闸内水位,2024/01/20,23:20:36,4.0
下游闸外水位,2024/01/20,23:20:36,2.6
下游闸内水位,2024/01/20,23:26:04,2.7
下游闸外水位,2024/01/20,23:26:04,2.6
内河侧水位,2024/01/21,0:00:00,3.9
长江侧水位,2024/01/21,0:00:00,2.7
下游闸内水位,2024/01/21,0:08:35,2.8
下游闸外水位,2024/01/21,0:08:35,2.7
上游闸内水位,2024/01/21,0:12:18,2.8
上游闸外水位,2024/01/21,0:12:18,3.9
上游闸内水位,2024/01/21,0:15:51,3.8
上游闸外水位,2024/01/21,0:15:51,3.9
上游闸内水位,2024/01/21,0:55:46,4.0
上游闸外水位,2024/01/21,0:55:46,3.9
下游闸内水位,2024/01/21,0:58:37,4.0
下游闸外水位,2024/01/21,0:58:37,3.1
内河侧水位,2024/01/21,1:00:00,3.9
长江侧水位,2024/01/21,1:00:00,3.1
下游闸内水位,2024/01/21,1:02:16,3.3
下游闸外水位,2024/01/21,1:02:16,3.1
下游闸内水位,2024/01/21,1:11:15,3.2
下游闸外水位,2024/01/21,1:11:15,3.2
上游闸内水位,2024/01/21,1:13:51,3.2
上游闸外水位,2024/01/21,1:13:51,3.9
上游闸内水位,2024/01/21,1:16:06,3.7
上游闸外水位,2024/01/21,1:16:06,3.9
上游闸内水位,2024/01/21,1:56:39,4.0
上游闸外水位,2024/01/21,1:56:39,3.9
下游闸内水位,2024/01/21,1:59:16,4.0
下游闸外水位,2024/01/21,1:59:16,3.3
内河侧水位,2024/01/21,2:00:00,3.9
长江侧水位,2024/01/21,2:00:00,3.3
下游闸内水位,2024/01/21,2:02:40,3.4
下游闸外水位,2024/01/21,2:02:40,3.3
内河侧水位,2024/01/21,3:00:00,3.9
长江侧水位,2024/01/21,3:00:00,3.3
下游闸内水位,2024/01/21,3:00:55,3.3
下游闸外水位,2024/01/21,3:00:55,3.3
上游闸内水位,2024/01/21,3:03:34,3.3
上游闸外水位,2024/01/21,3:03:34,3.9
上游闸内水位,2024/01/21,3:05:58,3.8
上游闸外水位,2024/01/21,3:05:58,3.9
上游闸内水位,2024/01/21,3:51:47,4.0
上游闸外水位,2024/01/21,3:51:47,3.9
下游闸内水位,2024/01/21,3:54:20,4.0
下游闸外水位,2024/01/21,3:54:20,3.2
下游闸内水位,2024/01/21,3:57:46,3.3
下游闸外水位,2024/01/21,3:57:46,3.2
内河侧水位,2024/01/21,4:00:00,3.9
长江侧水位,2024/01/21,4:00:00,3.1
下游闸内水位,2024/01/21,4:41:20,3.1
下游闸外水位,2024/01/21,4:41:20,3.1
上游闸内水位,2024/01/21,4:44:07,3.1
上游闸外水位,2024/01/21,4:44:07,3.9
上游闸内水位,2024/01/21,4:46:31,3.7
上游闸外水位,2024/01/21,4:46:31,3.8
内河侧水位,2024/01/21,5:00:00,3.9
长江侧水位,2024/01/21,5:00:00,3.0
上游闸内水位,2024/01/21,5:19:19,4.0
上游闸外水位,2024/01/21,5:19:19,3.9
下游闸内水位,2024/01/21,5:21:54,4.0
下游闸外水位,2024/01/21,5:21:54,3.0
下游闸内水位,2024/01/21,5:25:58,3.1
下游闸外水位,2024/01/21,5:25:58,3.0
内河侧水位,2024/01/21,6:00:00,3.9
长江侧水位,2024/01/21,6:00:00,2.9
下游闸内水位,2024/01/21,6:02:30,2.9
下游闸外水位,2024/01/21,6:02:30,2.9
上游闸内水位,2024/01/21,6:06:11,3.0
上游闸外水位,2024/01/21,6:06:11,3.9
上游闸内水位,2024/01/21,6:09:07,3.7
上游闸外水位,2024/01/21,6:09:07,3.8
上游闸内水位,2024/01/21,6:52:23,3.9
上游闸外水位,2024/01/21,6:52:23,3.9
下游闸内水位,2024/01/21,6:55:23,4.0
下游闸外水位,2024/01/21,6:55:23,2.8
下游闸内水位,2024/01/21,6:59:58,2.9
下游闸外水位,2024/01/21,6:59:58,2.7
内河侧水位,2024/01/21,7:00:00,3.9
长江侧水位,2024/01/21,7:00:00,2.7
下游闸内水位,2024/01/21,7:34:36,2.8
下游闸外水位,2024/01/21,7:34:36,2.8
上游闸内水位,2024/01/21,7:37:14,2.7
上游闸外水位,2024/01/21,7:37:14,3.9
上游闸内水位,2024/01/21,7:40:31,3.7
上游闸外水位,2024/01/21,7:40:31,3.9
内河侧水位,2024/01/21,8:00:00,3.9
长江侧水位,2024/01/21,8:00:00,2.7
上游闸内水位,2024/01/21,8:12:09,4.0
上游闸外水位,2024/01/21,8:12:09,3.9
下游闸内水位,2024/01/21,8:14:41,4.0
下游闸外水位,2024/01/21,8:14:41,2.7
下游闸内水位,2024/01/21,8:19:34,2.8
下游闸外水位,2024/01/21,8:19:34,2.6
下游闸内水位,2024/01/21,8:43:29,2.6
下游闸外水位,2024/01/21,8:43:29,2.6
上游闸内水位,2024/01/21,8:47:50,2.6
上游闸外水位,2024/01/21,8:47:50,3.9
上游闸内水位,2024/01/21,8:51:26,3.8
上游闸外水位,2024/01/21,8:51:26,3.9
内河侧水位,2024/01/21,9:00:00,4.0
长江侧水位,2024/01/21,9:00:00,2.6
上游闸内水位,2024/01/21,9:08:52,3.9
上游闸外水位,2024/01/21,9:08:52,3.9
下游闸内水位,2024/01/21,9:11:32,3.9
下游闸外水位,2024/01/21,9:11:32,2.6
下游闸内水位,2024/01/21,9:16:26,2.7
下游闸外水位,2024/01/21,9:16:26,2.5
下游闸内水位,2024/01/21,9:44:27,2.5
下游闸外水位,2024/01/21,9:44:27,2.5
上游闸内水位,2024/01/21,9:47:37,2.5
上游闸外水位,2024/01/21,9:47:37,3.9
上游闸内水位,2024/01/21,9:51:12,3.7
上游闸外水位,2024/01/21,9:51:12,3.9
内河侧水位,2024/01/21,10:00:00,3.9
长江侧水位,2024/01/21,10:00:00,2.5
上游闸内水位,2024/01/21,10:23:58,3.9
上游闸外水位,2024/01/21,10:23:58,3.9
下游闸内水位,2024/01/21,10:27:01,4.0
下游闸外水位,2024/01/21,10:27:01,2.5
下游闸内水位,2024/01/21,10:32:07,2.6
下游闸外水位,2024/01/21,10:32:07,2.5
内河侧水位,2024/01/21,11:00:00,3.9
长江侧水位,2024/01/21,11:00:00,2.5
下游闸内水位,2024/01/21,11:00:41,2.5
下游闸外水位,2024/01/21,11:00:41,2.5
上游闸内水位,2024/01/21,11:03:35,2.5
上游闸外水位,2024/01/21,11:03:35,3.9
上游闸内水位,2024/01/21,11:07:21,3.8
上游闸外水位,2024/01/21,11:07:21,3.9
上游闸内水位,2024/01/21,11:36:44,3.9
上游闸外水位,2024/01/21,11:36:44,3.9
上游闸内水位,2024/01/21,11:37:04,3.9
上游闸外水位,2024/01/21,11:37:04,3.9
下游闸内水位,2024/01/21,11:40:54,3.9
下游闸外水位,2024/01/21,11:40:54,2.7
下游闸内水位,2024/01/21,11:45:28,2.9
下游闸外水位,2024/01/21,11:45:28,2.7
内河侧水位,2024/01/21,12:00:01,3.9
长江侧水位,2024/01/21,12:00:01,2.8
下游闸内水位,2024/01/21,12:14:15,3.0
下游闸外水位,2024/01/21,12:14:15,2.9
上游闸内水位,2024/01/21,12:16:53,3.0
上游闸外水位,2024/01/21,12:16:53,3.9
上游闸内水位,2024/01/21,12:19:28,3.6
上游闸外水位,2024/01/21,12:19:28,3.8
上游闸内水位,2024/01/21,12:51:41,3.9
上游闸外水位,2024/01/21,12:51:41,3.9
下游闸内水位,2024/01/21,12:54:10,4.0
下游闸外水位,2024/01/21,12:54:10,3.4
下游闸内水位,2024/01/21,12:56:54,3.6
下游闸外水位,2024/01/21,12:56:54,3.4
内河侧水位,2024/01/21,13:00:00,3.9
长江侧水位,2024/01/21,13:00:00,3.5
下游闸内水位,2024/01/21,13:29:19,3.7
下游闸外水位,2024/01/21,13:29:19,3.6
上游闸内水位,2024/01/21,13:31:56,3.7
上游闸外水位,2024/01/21,13:31:56,3.9
上游闸内水位,2024/01/21,13:33:57,3.9
上游闸外水位,2024/01/21,13:33:57,3.9
内河侧水位,2024/01/21,14:00:00,3.9
长江侧水位,2024/01/21,14:00:00,3.8
上游闸内水位,2024/01/21,14:09:25,4.0
上游闸外水位,2024/01/21,14:09:25,3.9
下游闸内水位,2024/01/21,14:11:54,4.0
下游闸外水位,2024/01/21,14:11:54,3.8
下游闸内水位,2024/01/21,14:13:34,3.9
下游闸外水位,2024/01/21,14:13:34,3.9
下游闸内水位,2024/01/21,14:47:13,4.1
下游闸外水位,2024/01/21,14:47:13,4.0
上游闸内水位,2024/01/21,14:51:20,4.1
上游闸外水位,2024/01/21,14:51:20,3.9
上游闸内水位,2024/01/21,14:53:25,4.0
上游闸外水位,2024/01/21,14:53:25,3.9
内河侧水位,2024/01/21,15:00:00,3.9
长江侧水位,2024/01/21,15:00:00,4.0
上游闸内水位,2024/01/21,15:27:37,4.0
上游闸外水位,2024/01/21,15:27:37,3.9
下游闸内水位,2024/01/21,15:30:08,4.0
下游闸外水位,2024/01/21,15:30:08,4.1
下游闸内水位,2024/01/21,15:31:53,4.1
下游闸外水位,2024/01/21,15:31:53,4.1
内河侧水位,2024/01/21,16:00:00,3.9
长江侧水位,2024/01/21,16:00:00,4.1
下游闸内水位,2024/01/21,16:04:54,4.1
下游闸外水位,2024/01/21,16:04:54,4.1
上游闸内水位,2024/01/21,16:07:54,4.1
上游闸外水位,2024/01/21,16:07:54,4.0
上游闸内水位,2024/01/21,16:09:56,4.0
上游闸外水位,2024/01/21,16:09:56,3.9
上游闸内水位,2024/01/21,16:40:08,4.0
上游闸外水位,2024/01/21,16:40:08,4.0
下游闸内水位,2024/01/21,16:42:39,4.0
下游闸外水位,2024/01/21,16:42:39,4.1
下游闸内水位,2024/01/21,16:44:19,4.1
下游闸外水位,2024/01/21,16:44:19,4.1
内河侧水位,2024/01/21,17:00:00,4.0
长江侧水位,2024/01/21,17:00:00,4.0
下游闸内水位,2024/01/21,17:22:10,3.9
下游闸外水位,2024/01/21,17:22:10,3.9
上游闸内水位,2024/01/21,17:24:45,3.9
上游闸外水位,2024/01/21,17:24:45,4.0
上游闸内水位,2024/01/21,17:27:02,4.0
上游闸外水位,2024/01/21,17:27:02,4.0
上游闸内水位,2024/01/21,19:38:47,3.3
上游闸外水位,2024/01/21,19:38:47,4.0
上游闸内水位,2024/01/21,21:55:42,3.9
上游闸外水位,2024/01/21,21:55:42,3.9
下游闸内水位,2024/01/21,21:59:07,4.0
下游闸外水位,2024/01/21,21:59:07,3.0
内河侧水位,2024/01/21,22:00:00,3.9
长江侧水位,2024/01/21,22:00:00,3.0
下游闸内水位,2024/01/21,22:03:21,3.1
下游闸外水位,2024/01/21,22:03:21,2.9
下游闸内水位,2024/01/21,22:54:34,2.9
下游闸外水位,2024/01/21,22:54:34,2.9
上游闸内水位,2024/01/21,22:57:11,2.9
上游闸外水位,2024/01/21,22:57:11,3.9
内河侧水位,2024/01/21,23:00:00,3.9
长江侧水位,2024/01/21,23:00:00,2.9
上游闸内水位,2024/01/21,23:00:20,3.7
上游闸外水位,2024/01/21,23:00:20,3.9
上游闸内水位,2024/01/21,23:41:09,4.0
上游闸外水位,2024/01/21,23:41:09,3.9
下游闸内水位,2024/01/21,23:44:06,4.0
下游闸外水位,2024/01/21,23:44:06,2.7
下游闸内水位,2024/01/21,23:48:46,2.9
下游闸外水位,2024/01/21,23:48:46,2.8
内河侧水位,2024/01/22,0:00:00,3.9
长江侧水位,2024/01/22,0:00:00,2.7
下游闸内水位,2024/01/22,0:47:19,2.8
下游闸外水位,2024/01/22,0:47:19,2.8
上游闸内水位,2024/01/22,0:49:57,2.7
上游闸外水位,2024/01/22,0:49:57,3.9
上游闸内水位,2024/01/22,0:53:18,3.7
上游闸外水位,2024/01/22,0:53:18,3.9
内河侧水位,2024/01/22,1:00:00,3.9
长江侧水位,2024/01/22,1:00:00,2.8
上游闸内水位,2024/01/22,1:27:07,3.9
上游闸外水位,2024/01/22,1:27:07,3.9
下游闸内水位,2024/01/22,1:30:12,4.0
下游闸外水位,2024/01/22,1:30:12,2.9
下游闸内水位,2024/01/22,1:34:31,3.1
下游闸外水位,2024/01/22,1:34:31,2.9
内河侧水位,2024/01/22,2:00:00,3.9
长江侧水位,2024/01/22,2:00:00,3.1
下游闸内水位,2024/01/22,2:36:55,3.3
下游闸外水位,2024/01/22,2:36:55,3.3
上游闸内水位,2024/01/22,2:39:53,3.3
上游闸外水位,2024/01/22,2:39:53,3.9
上游闸内水位,2024/01/22,2:42:15,3.8
上游闸外水位,2024/01/22,2:42:15,3.9
内河侧水位,2024/01/22,3:00:00,3.9
长江侧水位,2024/01/22,3:00:00,3.4
上游闸内水位,2024/01/22,3:24:07,3.9
上游闸外水位,2024/01/22,3:24:07,3.9
下游闸内水位,2024/01/22,3:26:47,4.0
下游闸外水位,2024/01/22,3:26:47,3.5
下游闸内水位,2024/01/22,3:29:48,3.6
下游闸外水位,2024/01/22,3:29:48,3.5
内河侧水位,2024/01/22,4:00:00,3.9
长江侧水位,2024/01/22,4:00:00,3.6
下游闸内水位,2024/01/22,4:20:30,3.6
下游闸外水位,2024/01/22,4:20:30,3.6
上游闸内水位,2024/01/22,4:26:05,3.6
上游闸外水位,2024/01/22,4:26:05,3.9
上游闸内水位,2024/01/22,4:28:23,3.9
上游闸外水位,2024/01/22,4:28:23,3.9
上游闸内水位,2024/01/22,4:45:22,3.9
上游闸外水位,2024/01/22,4:45:22,3.9
下游闸内水位,2024/01/22,4:47:57,4.0
下游闸外水位,2024/01/22,4:47:57,3.6
下游闸内水位,2024/01/22,4:50:04,3.7
下游闸外水位,2024/01/22,4:50:04,3.6
内河侧水位,2024/01/22,5:00:00,3.9
长江侧水位,2024/01/22,5:00:00,3.6
下游闸内水位,2024/01/22,5:21:16,3.5
下游闸外水位,2024/01/22,5:21:16,3.5
上游闸内水位,2024/01/22,5:23:57,3.5
上游闸外水位,2024/01/22,5:23:57,3.9
上游闸内水位,2024/01/22,5:26:15,3.8
上游闸外水位,2024/01/22,5:26:15,3.9
内河侧水位,2024/01/22,6:00:00,3.9
长江侧水位,2024/01/22,6:00:00,3.4
上游闸内水位,2024/01/22,6:10:26,4.0
上游闸外水位,2024/01/22,6:10:26,3.9
下游闸内水位,2024/01/22,6:13:03,4.0
下游闸外水位,2024/01/22,6:13:03,3.3
下游闸内水位,2024/01/22,6:16:08,3.5
下游闸外水位,2024/01/22,6:16:08,3.3
下游闸内水位,2024/01/22,6:56:48,3.2
下游闸外水位,2024/01/22,6:56:48,3.2
上游闸内水位,2024/01/22,6:59:39,3.2
上游闸外水位,2024/01/22,6:59:39,3.9
内河侧水位,2024/01/22,7:00:00,3.9
长江侧水位,2024/01/22,7:00:00,3.2
上游闸内水位,2024/01/22,7:02:15,3.7
上游闸外水位,2024/01/22,7:02:15,3.8
上游闸内水位,2024/01/22,7:29:11,3.9
上游闸外水位,2024/01/22,7:29:11,3.9
下游闸内水位,2024/01/22,7:31:42,4.0
下游闸外水位,2024/01/22,7:31:42,3.1
下游闸内水位,2024/01/22,7:35:30,3.2
下游闸外水位,2024/01/22,7:35:30,3.1
内河侧水位,2024/01/22,8:00:00,3.9
长江侧水位,2024/01/22,8:00:00,3.0
上游闸内水位,2024/01/22,8:07:33,2.9
上游闸外水位,2024/01/22,8:07:33,3.9
上游闸内水位,2024/01/22,8:10:34,3.7
上游闸外水位,2024/01/22,8:10:34,3.8
上游闸内水位,2024/01/22,8:43:49,3.9
上游闸外水位,2024/01/22,8:43:49,3.9
下游闸内水位,2024/01/22,8:46:33,3.9
下游闸外水位,2024/01/22,8:46:33,2.9
下游闸内水位,2024/01/22,8:51:12,3.0
下游闸外水位,2024/01/22,8:51:12,2.9
内河侧水位,2024/01/22,9:00:00,3.9
长江侧水位,2024/01/22,9:00:00,2.9
下游闸内水位,2024/01/22,9:19:27,2.8
下游闸外水位,2024/01/22,9:19:27,2.8
上游闸内水位,2024/01/22,9:22:06,2.9
上游闸外水位,2024/01/22,9:22:06,3.9
上游闸内水位,2024/01/22,9:25:21,3.7
上游闸外水位,2024/01/22,9:25:21,3.9
上游闸内水位,2024/01/22,9:50:45,3.9
上游闸外水位,2024/01/22,9:50:45,3.9
下游闸内水位,2024/01/22,9:53:22,3.9
下游闸外水位,2024/01/22,9:53:22,2.7
下游闸内水位,2024/01/22,9:57:56,2.9
下游闸外水位,2024/01/22,9:57:56,2.7
内河侧水位,2024/01/22,10:00:00,3.9
长江侧水位,2024/01/22,10:00:00,2.7
下游闸内水位,2024/01/22,10:24:50,2.7
下游闸外水位,2024/01/22,10:24:50,2.7
上游闸内水位,2024/01/22,10:27:31,2.7
上游闸外水位,2024/01/22,10:27:31,3.9
上游闸内水位,2024/01/22,10:31:03,3.7
上游闸外水位,2024/01/22,10:31:03,3.9
内河侧水位,2024/01/22,11:00:00,3.9
长江侧水位,2024/01/22,11:00:00,2.6
上游闸内水位,2024/01/22,11:03:10,3.9
上游闸外水位,2024/01/22,11:03:10,3.9
下游闸内水位,2024/01/22,11:05:44,3.9
下游闸外水位,2024/01/22,11:05:44,2.6
下游闸内水位,2024/01/22,11:10:53,2.7
下游闸外水位,2024/01/22,11:10:53,2.6
下游闸内水位,2024/01/22,11:49:34,2.6
下游闸外水位,2024/01/22,11:49:34,2.5
上游闸内水位,2024/01/22,11:52:19,2.6
上游闸外水位,2024/01/22,11:52:19,3.9
上游闸内水位,2024/01/22,11:56:01,3.8
上游闸外水位,2024/01/22,11:56:01,3.9
内河侧水位,2024/01/22,12:00:00,3.8
长江侧水位,2024/01/22,12:00:00,2.5
上游闸内水位,2024/01/22,12:18:55,4.0
上游闸外水位,2024/01/22,12:18:55,4.0
下游闸内水位,2024/01/22,12:21:29,4.0
下游闸外水位,2024/01/22,12:21:29,2.6
下游闸内水位,2024/01/22,12:26:42,2.7
下游闸外水位,2024/01/22,12:26:42,2.5
下游闸内水位,2024/01/22,12:54:58,2.5
下游闸外水位,2024/01/22,12:54:58,2.6
上游闸内水位,2024/01/22,12:57:38,2.6
上游闸外水位,2024/01/22,12:57:38,3.9
内河侧水位,2024/01/22,13:00:00,3.7
长江侧水位,2024/01/22,13:00:00,2.7
上游闸内水位,2024/01/22,13:01:27,3.8
上游闸外水位,2024/01/22,13:01:27,3.9
上游闸内水位,2024/01/22,13:38:58,3.9
上游闸外水位,2024/01/22,13:38:58,3.9
下游闸内水位,2024/01/22,13:41:30,3.9
下游闸外水位,2024/01/22,13:41:30,3.0
下游闸内水位,2024/01/22,13:45:25,3.2
下游闸外水位,2024/01/22,13:45:25,3.0
内河侧水位,2024/01/22,14:00:00,3.9
长江侧水位,2024/01/22,14:00:00,3.2
下游闸内水位,2024/01/22,14:21:08,3.4
下游闸外水位,2024/01/22,14:21:08,3.4
上游闸内水位,2024/01/22,14:23:43,3.4
上游闸外水位,2024/01/22,14:23:43,3.9
上游闸内水位,2024/01/22,14:25:58,3.8
上游闸外水位,2024/01/22,14:25:58,3.9
下游闸内水位,2024/01/22,14:49:20,4.0
下游闸外水位,2024/01/22,14:49:20,3.6
下游闸内水位,2024/01/22,14:55:08,3.9
下游闸外水位,2024/01/22,14:55:08,3.7
内河侧水位,2024/01/22,15:00:00,3.7
长江侧水位,2024/01/22,15:00:00,3.7
内河侧水位,2024/01/22,16:00:00,3.9
长江侧水位,2024/01/22,16:00:00,4.0
内河侧水位,2024/01/22,17:00:00,4.0
长江侧水位,2024/01/22,17:00:00,4.0
内河侧水位,2024/01/22,18:00:00,3.8
长江侧水位,2024/01/22,18:00:00,3.8
上游闸内水位,2024/01/22,18:28:13,3.7
上游闸外水位,2024/01/22,18:28:13,3.5
内河侧水位,2024/01/22,19:00:00,3.9
长江侧水位,2024/01/22,19:00:00,3.5
下游闸内水位,2024/01/22,19:05:16,3.6
下游闸外水位,2024/01/22,19:05:16,3.6
上游闸内水位,2024/01/22,19:08:13,3.4
上游闸外水位,2024/01/22,19:08:13,3.9
上游闸内水位,2024/01/22,19:10:49,3.8
上游闸外水位,2024/01/22,19:10:49,3.8
上游闸内水位,2024/01/22,19:58:07,3.9
上游闸外水位,2024/01/22,19:58:07,3.9
内河侧水位,2024/01/22,20:00:00,3.9
长江侧水位,2024/01/22,20:00:00,3.3
下游闸内水位,2024/01/22,20:00:45,3.9
下游闸外水位,2024/01/22,20:00:45,3.3
下游闸内水位,2024/01/22,20:04:20,3.4
下游闸外水位,2024/01/22,20:04:20,3.2
下游闸内水位,2024/01/22,20:47:17,3.1
下游闸外水位,2024/01/22,20:47:17,3.1
上游闸内水位,2024/01/22,20:50:00,3.2
上游闸外水位,2024/01/22,20:50:00,3.9
上游闸内水位,2024/01/22,20:52:50,3.7
上游闸外水位,2024/01/22,20:52:50,3.8
内河侧水位,2024/01/22,21:00:00,3.9
长江侧水位,2024/01/22,21:00:00,3.1
上游闸内水位,2024/01/22,21:37:33,3.9
上游闸外水位,2024/01/22,21:37:33,3.9
下游闸内水位,2024/01/22,21:43:08,3.9
下游闸外水位,2024/01/22,21:43:08,3.0
下游闸内水位,2024/01/22,21:47:10,3.1
下游闸外水位,2024/01/22,21:47:10,3.0
内河侧水位,2024/01/22,22:00:00,3.9
长江侧水位,2024/01/22,22:00:00,2.9
下游闸内水位,2024/01/22,22:39:47,2.9
下游闸外水位,2024/01/22,22:39:47,2.8
上游闸内水位,2024/01/22,22:42:25,2.8
上游闸外水位,2024/01/22,22:42:25,3.9
上游闸内水位,2024/01/22,22:45:33,3.6
上游闸外水位,2024/01/22,22:45:33,3.8
内河侧水位,2024/01/22,23:00:00,3.9
长江侧水位,2024/01/22,23:00:00,2.8
上游闸内水位,2024/01/22,23:28:40,3.9
上游闸外水位,2024/01/22,23:28:40,3.9
下游闸内水位,2024/01/22,23:32:45,3.9
下游闸外水位,2024/01/22,23:32:45,2.7
下游闸内水位,2024/01/22,23:37:43,2.8
下游闸外水位,2024/01/22,23:37:43,2.7
内河侧水位,2024/01/23,0:00:00,3.9
长江侧水位,2024/01/23,0:00:00,2.6
下游闸内水位,2024/01/23,0:22:18,2.5
下游闸外水位,2024/01/23,0:22:18,2.5
上游闸内水位,2024/01/23,0:24:53,2.5
上游闸外水位,2024/01/23,0:24:53,3.9
上游闸内水位,2024/01/23,0:28:42,3.7
上游闸外水位,2024/01/23,0:28:42,3.8
内河侧水位,2024/01/23,1:00:00,3.9
长江侧水位,2024/01/23,1:00:00,2.5
上游闸内水位,2024/01/23,1:07:41,3.9
上游闸外水位,2024/01/23,1:07:41,3.9
下游闸内水位,2024/01/23,1:10:41,3.9
下游闸外水位,2024/01/23,1:10:41,2.5
下游闸内水位,2024/01/23,1:17:12,2.4
下游闸外水位,2024/01/23,1:17:12,2.4
下游闸内水位,2024/01/23,1:32:00,2.5
下游闸外水位,2024/01/23,1:32:00,2.5
上游闸内水位,2024/01/23,1:38:16,2.5
上游闸外水位,2024/01/23,1:38:16,3.9
上游闸内水位,2024/01/23,1:42:09,3.7
上游闸外水位,2024/01/23,1:42:09,3.9
内河侧水位,2024/01/23,2:00:00,3.9
长江侧水位,2024/01/23,2:00:00,2.4
上游闸内水位,2024/01/23,2:19:30,3.9
上游闸外水位,2024/01/23,2:19:30,3.9
下游闸内水位,2024/01/23,2:22:12,3.9
下游闸外水位,2024/01/23,2:22:12,2.5
下游闸内水位,2024/01/23,2:27:22,2.7
下游闸外水位,2024/01/23,2:27:22,2.5
内河侧水位,2024/01/23,3:00:00,3.9
长江侧水位,2024/01/23,3:00:00,2.7
下游闸内水位,2024/01/23,3:29:44,2.9
下游闸外水位,2024/01/23,3:29:44,2.9
上游闸内水位,2024/01/23,3:32:21,2.9
上游闸外水位,2024/01/23,3:32:21,3.9
上游闸内水位,2024/01/23,3:35:48,3.7
上游闸外水位,2024/01/23,3:35:48,3.8
内河侧水位,2024/01/23,4:00:00,3.9
长江侧水位,2024/01/23,4:00:00,3.1
上游闸内水位,2024/01/23,4:11:28,3.9
上游闸外水位,2024/01/23,4:11:28,3.9
下游闸内水位,2024/01/23,4:21:39,3.9
下游闸外水位,2024/01/23,4:21:39,3.2
下游闸内水位,2024/01/23,4:25:04,3.3
下游闸外水位,2024/01/23,4:25:04,3.2
内河侧水位,2024/01/23,5:00:00,3.9
长江侧水位,2024/01/23,5:00:00,3.3
下游闸内水位,2024/01/23,5:05:28,3.3
下游闸外水位,2024/01/23,5:05:28,3.3
上游闸内水位,2024/01/23,5:54:49,3.9
上游闸外水位,2024/01/23,5:54:49,3.9
下游闸内水位,2024/01/23,5:57:20,3.9
下游闸外水位,2024/01/23,5:57:20,3.2
内河侧水位,2024/01/23,6:00:01,3.9
长江侧水位,2024/01/23,6:00:01,3.3
下游闸内水位,2024/01/23,6:00:46,3.4
下游闸外水位,2024/01/23,6:00:46,3.3
下游闸内水位,2024/01/23,6:47:18,3.1
下游闸外水位,2024/01/23,6:47:18,3.1
上游闸内水位,2024/01/23,6:49:51,3.1
上游闸外水位,2024/01/23,6:49:51,3.9
上游闸内水位,2024/01/23,6:52:45,3.7
上游闸外水位,2024/01/23,6:52:45,3.8
内河侧水位,2024/01/23,7:00:00,3.9
长江侧水位,2024/01/23,7:00:00,3.0
上游闸内水位,2024/01/23,7:30:10,3.9
上游闸外水位,2024/01/23,7:30:10,3.9
下游闸内水位,2024/01/23,7:32:40,3.9
下游闸外水位,2024/01/23,7:32:40,2.9
下游闸内水位,2024/01/23,7:36:57,3.1
下游闸外水位,2024/01/23,7:36:57,2.9
内河侧水位,2024/01/23,8:00:00,3.9
长江侧水位,2024/01/23,8:00:00,2.8
下游闸内水位,2024/01/23,8:13:27,2.8
下游闸外水位,2024/01/23,8:13:27,2.8
上游闸内水位,2024/01/23,8:16:02,2.8
上游闸外水位,2024/01/23,8:16:02,3.9
上游闸内水位,2024/01/23,8:19:21,3.7
上游闸外水位,2024/01/23,8:19:21,3.8
内河侧水位,2024/01/23,9:00:00,3.9
长江侧水位,2024/01/23,9:00:00,2.7
上游闸内水位,2024/01/23,9:02:14,3.9
上游闸外水位,2024/01/23,9:02:14,3.9
下游闸内水位,2024/01/23,9:04:46,3.9
下游闸外水位,2024/01/23,9:04:46,2.7
下游闸内水位,2024/01/23,9:09:46,2.8
下游闸外水位,2024/01/23,9:09:46,2.6
下游闸内水位,2024/01/23,9:46:17,2.6
下游闸外水位,2024/01/23,9:46:17,2.6
上游闸内水位,2024/01/23,9:48:59,2.6
上游闸外水位,2024/01/23,9:48:59,3.9
上游闸内水位,2024/01/23,9:52:41,3.7
上游闸外水位,2024/01/23,9:52:41,3.8
内河侧水位,2024/01/23,10:00:00,3.9
长江侧水位,2024/01/23,10:00:00,2.6
上游闸内水位,2024/01/23,10:30:43,3.9
上游闸外水位,2024/01/23,10:30:43,3.9
下游闸内水位,2024/01/23,10:33:20,3.9
下游闸外水位,2024/01/23,10:33:20,2.5
下游闸内水位,2024/01/23,10:38:29,2.6
下游闸外水位,2024/01/23,10:38:29,2.5
内河侧水位,2024/01/23,11:00:00,3.9
长江侧水位,2024/01/23,11:00:00,2.4
下游闸内水位,2024/01/23,11:03:34,2.4
下游闸外水位,2024/01/23,11:03:34,2.4
上游闸内水位,2024/01/23,11:06:14,2.4
上游闸外水位,2024/01/23,11:06:14,3.8
上游闸内水位,2024/01/23,11:10:07,3.7
上游闸外水位,2024/01/23,11:10:07,3.8
上游闸内水位,2024/01/23,11:26:10,3.9
上游闸外水位,2024/01/23,11:26:10,3.8
下游闸内水位,2024/01/23,11:29:08,3.9
下游闸外水位,2024/01/23,11:29:08,2.4
下游闸内水位,2024/01/23,11:34:52,2.5
下游闸外水位,2024/01/23,11:34:52,2.3
内河侧水位,2024/01/23,12:00:00,3.8
长江侧水位,2024/01/23,12:00:00,2.2
下游闸内水位,2024/01/23,12:02:41,2.3
下游闸外水位,2024/01/23,12:02:41,2.3
上游闸内水位,2024/01/23,12:05:19,2.3
上游闸外水位,2024/01/23,12:05:19,3.8
上游闸内水位,2024/01/23,12:09:42,3.8
上游闸外水位,2024/01/23,12:09:42,3.9
上游闸内水位,2024/01/23,12:34:17,3.9
上游闸外水位,2024/01/23,12:34:17,3.8
下游闸内水位,2024/01/23,12:38:07,3.9
下游闸外水位,2024/01/23,12:38:07,2.2
下游闸内水位,2024/01/23,12:44:45,2.2
下游闸外水位,2024/01/23,12:44:45,2.1
内河侧水位,2024/01/23,13:00:00,3.8
长江侧水位,2024/01/23,13:00:00,2.2
下游闸内水位,2024/01/23,13:20:39,2.2
下游闸外水位,2024/01/23,13:20:39,2.2
上游闸内水位,2024/01/23,13:23:21,2.1
上游闸外水位,2024/01/23,13:23:21,3.8
上游闸内水位,2024/01/23,13:28:10,3.8
上游闸外水位,2024/01/23,13:28:10,3.9
内河侧水位,2024/01/23,14:00:00,3.8
长江侧水位,2024/01/23,14:00:00,2.2
上游闸内水位,2024/01/23,14:10:39,3.9
上游闸外水位,2024/01/23,14:10:39,3.8
下游闸内水位,2024/01/23,14:13:20,3.9
下游闸外水位,2024/01/23,14:13:20,2.2
下游闸内水位,2024/01/23,14:18:49,2.4
下游闸外水位,2024/01/23,14:18:49,2.3
下游闸内水位,2024/01/23,14:58:05,2.7
下游闸外水位,2024/01/23,14:58:05,2.7
内河侧水位,2024/01/23,15:00:00,3.8
长江侧水位,2024/01/23,15:00:00,2.7
上游闸内水位,2024/01/23,15:00:42,2.8
上游闸外水位,2024/01/23,15:00:42,3.8
上游闸内水位,2024/01/23,15:03:53,3.6
上游闸外水位,2024/01/23,15:03:53,3.8
上游闸内水位,2024/01/23,15:41:11,3.9
上游闸外水位,2024/01/23,15:41:11,3.8
下游闸内水位,2024/01/23,15:43:45,3.9
下游闸外水位,2024/01/23,15:43:45,3.2
下游闸内水位,2024/01/23,15:46:39,3.4
下游闸外水位,2024/01/23,15:46:39,3.3
内河侧水位,2024/01/23,16:00:00,3.8
长江侧水位,2024/01/23,16:00:00,3.2
下游闸内水位,2024/01/23,16:21:29,3.5
下游闸外水位,2024/01/23,16:21:29,3.5
上游闸内水位,2024/01/23,16:24:05,3.5
上游闸外水位,2024/01/23,16:24:05,3.8
上游闸内水位,2024/01/23,16:26:16,3.8
上游闸外水位,2024/01/23,16:26:16,3.8
上游闸内水位,2024/01/23,16:42:46,3.9
上游闸外水位,2024/01/23,16:42:46,3.8
下游闸内水位,2024/01/23,16:47:13,3.7
下游闸外水位,2024/01/23,16:47:13,3.6
下游闸内水位,2024/01/23,17:53:30,3.8
下游闸外水位,2024/01/23,17:53:30,3.7
上游闸内水位,2024/01/23,17:56:20,3.8
上游闸外水位,2024/01/23,17:56:20,3.8
上游闸内水位,2024/01/23,17:58:34,3.9
上游闸外水位,2024/01/23,17:58:34,3.9
内河侧水位,2024/01/23,18:00:00,3.9
长江侧水位,2024/01/23,18:00:00,3.7
上游闸内水位,2024/01/23,18:14:38,3.9
上游闸外水位,2024/01/23,18:14:38,3.8
下游闸内水位,2024/01/23,18:17:15,3.9
下游闸外水位,2024/01/23,18:17:15,3.7
下游闸内水位,2024/01/23,18:19:11,3.8
下游闸外水位,2024/01/23,18:19:11,3.7
下游闸内水位,2024/01/23,18:30:28,3.7
下游闸外水位,2024/01/23,18:30:28,3.6
上游闸内水位,2024/01/23,18:33:23,3.7
上游闸外水位,2024/01/23,18:33:23,3.9
上游闸内水位,2024/01/23,18:35:30,3.9
上游闸外水位,2024/01/23,18:35:30,3.9
内河侧水位,2024/01/23,19:00:00,3.9
长江侧水位,2024/01/23,19:00:00,3.5
上游闸内水位,2024/01/23,19:07:08,3.9
上游闸外水位,2024/01/23,19:07:08,3.9
下游闸内水位,2024/01/23,19:09:56,3.9
下游闸外水位,2024/01/23,19:09:56,3.4
下游闸内水位,2024/01/23,19:13:35,3.5
下游闸外水位,2024/01/23,19:13:35,3.4
下游闸内水位,2024/01/23,19:58:29,3.2
下游闸外水位,2024/01/23,19:58:29,3.2
内河侧水位,2024/01/23,20:00:00,3.8
长江侧水位,2024/01/23,20:00:00,3.2
上游闸内水位,2024/01/23,20:01:15,3.2
上游闸外水位,2024/01/23,20:01:15,3.8
上游闸内水位,2024/01/23,20:03:45,3.7
上游闸外水位,2024/01/23,20:03:45,3.8
上游闸内水位,2024/01/23,20:43:20,3.9
上游闸外水位,2024/01/23,20:43:20,3.8
下游闸内水位,2024/01/23,20:45:56,3.9
下游闸外水位,2024/01/23,20:45:56,3.0
下游闸内水位,2024/01/23,20:49:57,3.1
下游闸外水位,2024/01/23,20:49:57,3.0
内河侧水位,2024/01/23,21:00:00,3.8
长江侧水位,2024/01/23,21:00:00,3.0
下游闸内水位,2024/01/23,21:36:53,2.9
下游闸外水位,2024/01/23,21:36:53,2.8
上游闸内水位,2024/01/23,21:39:39,2.8
上游闸外水位,2024/01/23,21:39:39,3.8
上游闸内水位,2024/01/23,21:42:59,3.7
上游闸外水位,2024/01/23,21:42:59,3.8
内河侧水位,2024/01/23,22:00:00,3.8
长江侧水位,2024/01/23,22:00:00,2.8
上游闸内水位,2024/01/23,22:01:57,3.9
上游闸外水位,2024/01/23,22:01:57,3.8
下游闸内水位,2024/01/23,22:06:21,3.9
下游闸外水位,2024/01/23,22:06:21,2.8
下游闸内水位,2024/01/23,22:11:01,2.8
下游闸外水位,2024/01/23,22:11:01,2.7
下游闸内水位,2024/01/23,22:42:50,2.7
下游闸外水位,2024/01/23,22:42:50,2.7
上游闸内水位,2024/01/23,22:46:05,2.7
上游闸外水位,2024/01/23,22:46:05,3.8
上游闸内水位,2024/01/23,22:49:33,3.7
上游闸外水位,2024/01/23,22:49:33,3.8
内河侧水位,2024/01/23,23:00:00,3.8
长江侧水位,2024/01/23,23:00:00,2.6
上游闸内水位,2024/01/23,23:30:14,3.9
上游闸外水位,2024/01/23,23:30:14,3.8
下游闸内水位,2024/01/23,23:34:54,3.9
下游闸外水位,2024/01/23,23:34:54,2.5
下游闸内水位,2024/01/23,23:39:52,2.6
下游闸外水位,2024/01/23,23:39:52,2.5
内河侧水位,2024/01/24,0:00:00,3.8
长江侧水位,2024/01/24,0:00:00,2.5
下游闸内水位,2024/01/24,0:28:52,2.4
下游闸外水位,2024/01/24,0:28:52,2.4
上游闸内水位,2024/01/24,0:31:44,2.4
上游闸外水位,2024/01/24,0:31:44,3.8
上游闸内水位,2024/01/24,0:37:03,3.9
上游闸外水位,2024/01/24,0:37:03,3.9
内河侧水位,2024/01/24,1:00:00,3.8
长江侧水位,2024/01/24,1:00:00,2.3
上游闸内水位,2024/01/24,1:11:12,3.9
上游闸外水位,2024/01/24,1:11:12,3.8
下游闸内水位,2024/01/24,1:13:46,3.9
下游闸外水位,2024/01/24,1:13:46,2.3
下游闸内水位,2024/01/24,1:19:17,2.4
下游闸外水位,2024/01/24,1:19:17,2.2
下游闸内水位,2024/01/24,1:30:11,2.2
下游闸外水位,2024/01/24,1:30:11,2.2
上游闸内水位,2024/01/24,1:32:45,2.2
上游闸外水位,2024/01/24,1:32:45,3.8
上游闸内水位,2024/01/24,1:37:08,3.7
上游闸外水位,2024/01/24,1:37:08,3.8
上游闸内水位,2024/01/24,1:56:08,3.9
上游闸外水位,2024/01/24,1:56:08,3.8
下游闸内水位,2024/01/24,1:59:08,3.9
下游闸外水位,2024/01/24,1:59:08,2.2
内河侧水位,2024/01/24,2:00:00,3.8
长江侧水位,2024/01/24,2:00:00,2.2
下游闸内水位,2024/01/24,2:13:46,2.6
下游闸外水位,2024/01/24,2:13:46,2.2
下游闸内水位,2024/01/24,2:16:12,2.3
下游闸外水位,2024/01/24,2:16:12,2.2
下游闸内水位,2024/01/24,2:26:12,2.1
下游闸外水位,2024/01/24,2:26:12,2.1
上游闸内水位,2024/01/24,2:28:57,2.2
上游闸外水位,2024/01/24,2:28:57,3.8
上游闸内水位,2024/01/24,2:33:30,3.8
上游闸外水位,2024/01/24,2:33:30,3.8
内河侧水位,2024/01/24,3:00:00,3.8
长江侧水位,2024/01/24,3:00:00,2.1
上游闸内水位,2024/01/24,3:02:50,3.9
上游闸外水位,2024/01/24,3:02:50,3.8
下游闸内水位,2024/01/24,3:05:47,3.9
下游闸外水位,2024/01/24,3:05:47,2.2
下游闸内水位,2024/01/24,3:11:22,2.4
下游闸外水位,2024/01/24,3:11:22,2.2
内河侧水位,2024/01/24,4:00:00,3.8
长江侧水位,2024/01/24,4:00:00,2.5
下游闸内水位,2024/01/24,4:02:21,2.6
下游闸外水位,2024/01/24,4:02:21,2.6
上游闸内水位,2024/01/24,4:05:11,2.6
上游闸外水位,2024/01/24,4:05:11,3.8
上游闸内水位,2024/01/24,4:08:32,3.6
上游闸外水位,2024/01/24,4:08:32,3.7
上游闸内水位,2024/01/24,4:54:58,3.9
上游闸外水位,2024/01/24,4:54:58,3.8
下游闸内水位,2024/01/24,4:57:31,3.9
下游闸外水位,2024/01/24,4:57:31,3.0
内河侧水位,2024/01/24,5:00:00,3.8
长江侧水位,2024/01/24,5:00:00,3.0
下游闸内水位,2024/01/24,5:01:56,3.1
下游闸外水位,2024/01/24,5:01:56,3.0
下游闸内水位,2024/01/24,10:32:49,2.3
下游闸外水位,2024/01/24,10:32:49,2.4
上游闸内水位,2024/01/24,10:35:31,2.3
上游闸外水位,2024/01/24,10:35:31,3.8
上游闸内水位,2024/01/24,10:39:40,3.8
上游闸外水位,2024/01/24,10:39:40,3.8
内河侧水位,2024/01/24,11:00:00,3.8
长江侧水位,2024/01/24,11:00:00,2.3
上游闸内水位,2024/01/24,11:14:03,3.9
上游闸外水位,2024/01/24,11:14:03,3.8
下游闸内水位,2024/01/24,11:16:36,3.9
下游闸外水位,2024/01/24,11:16:36,2.3
下游闸内水位,2024/01/24,11:22:41,2.4
下游闸外水位,2024/01/24,11:22:41,2.3
下游闸内水位,2024/01/24,11:40:29,2.3
下游闸外水位,2024/01/24,11:40:29,2.3
上游闸内水位,2024/01/24,11:43:15,2.3
上游闸外水位,2024/01/24,11:43:15,3.8
上游闸内水位,2024/01/24,11:46:53,3.6
上游闸外水位,2024/01/24,11:46:53,3.8
内河侧水位,2024/01/24,12:00:00,3.9
长江侧水位,2024/01/24,12:00:00,2.2
上游闸内水位,2024/01/24,12:08:26,3.8
上游闸外水位,2024/01/24,12:08:26,3.8
下游闸内水位,2024/01/24,12:11:14,3.9
下游闸外水位,2024/01/24,12:11:14,2.2
下游闸内水位,2024/01/24,12:17:09,2.3
下游闸外水位,2024/01/24,12:17:09,2.2
下游闸内水位,2024/01/24,12:52:33,2.1
下游闸外水位,2024/01/24,12:52:33,2.1
上游闸内水位,2024/01/24,12:55:18,2.1
上游闸外水位,2024/01/24,12:55:18,3.8
上游闸内水位,2024/01/24,12:59:10,3.6
上游闸外水位,2024/01/24,12:59:10,3.8
内河侧水位,2024/01/24,13:00:00,3.8
长江侧水位,2024/01/24,13:00:00,2.1
上游闸内水位,2024/01/24,13:36:07,3.8
上游闸外水位,2024/01/24,13:36:07,3.8
下游闸内水位,2024/01/24,13:38:42,3.8
下游闸外水位,2024/01/24,13:38:42,2.0
下游闸内水位,2024/01/24,13:44:41,2.1
下游闸外水位,2024/01/24,13:44:41,2.0
内河侧水位,2024/01/24,14:00:00,3.8
长江侧水位,2024/01/24,14:00:00,2.0
下游闸内水位,2024/01/24,14:19:04,2.0
下游闸外水位,2024/01/24,14:19:04,2.0
下游闸内水位,2024/01/24,14:25:11,2.0
下游闸外水位,2024/01/24,14:25:11,2.0
上游闸内水位,2024/01/24,14:27:27,2.0
上游闸外水位,2024/01/24,14:27:27,3.8
上游闸内水位,2024/01/24,14:31:33,3.6
上游闸外水位,2024/01/24,14:31:33,3.8
内河侧水位,2024/01/24,15:00:00,3.8
长江侧水位,2024/01/24,15:00:00,2.2
上游闸内水位,2024/01/24,15:09:42,3.8
上游闸外水位,2024/01/24,15:09:42,3.8
下游闸内水位,2024/01/24,15:12:29,3.8
下游闸外水位,2024/01/24,15:12:29,2.2
下游闸内水位,2024/01/24,15:17:24,2.5
下游闸外水位,2024/01/24,15:17:24,2.4
下游闸内水位,2024/01/24,15:39:25,2.8
下游闸外水位,2024/01/24,15:39:25,2.7
上游闸内水位,2024/01/24,15:42:01,2.8
上游闸外水位,2024/01/24,15:42:01,3.8
上游闸内水位,2024/01/24,15:44:58,3.6
上游闸外水位,2024/01/24,15:44:58,3.7
内河侧水位,2024/01/24,16:00:00,3.8
长江侧水位,2024/01/24,16:00:00,3.1
上游闸内水位,2024/01/24,16:10:46,3.8
上游闸外水位,2024/01/24,16:10:46,3.8
下游闸内水位,2024/01/24,16:13:19,3.8
下游闸外水位,2024/01/24,16:13:19,3.2
下游闸内水位,2024/01/24,16:16:44,3.3
下游闸外水位,2024/01/24,16:16:44,3.3
下游闸内水位,2024/01/24,16:46:04,3.5
下游闸外水位,2024/01/24,16:46:04,3.4
上游闸内水位,2024/01/24,16:51:19,3.5
上游闸外水位,2024/01/24,16:51:19,3.8
上游闸内水位,2024/01/24,16:54:41,3.9
上游闸外水位,2024/01/24,16:54:41,3.8
内河侧水位,2024/01/24,17:00:00,3.8
长江侧水位,2024/01/24,17:00:00,3.5
下游闸内水位,2024/01/24,17:10:36,3.9
下游闸外水位,2024/01/24,7:09:24,3.0
上游闸内水位,2024/01/24,7:12:01,3.0
上游闸外水位,2024/01/24,7:12:01,3.8
上游闸内水位,2024/01/24,7:14:40,3.6
上游闸外水位,2024/01/24,7:14:40,3.8
上游闸内水位,2024/01/24,7:52:09,3.9
上游闸外水位,2024/01/24,7:52:09,3.9
下游闸内水位,2024/01/24,7:54:40,3.9
下游闸外水位,2024/01/24,7:54:40,2.9
下游闸内水位,2024/01/24,7:58:50,3.0
下游闸外水位,2024/01/24,7:58:50,2.9
内河侧水位,2024/01/24,8:00:00,3.8
长江侧水位,2024/01/24,8:00:00,2.9
下游闸内水位,2024/01/24,8:20:06,2.8
下游闸外水位,2024/01/24,8:20:06,2.8
上游闸内水位,2024/01/24,8:23:00,2.7
上游闸外水位,2024/01/24,8:23:00,3.8
上游闸内水位,2024/01/24,8:26:22,3.7
上游闸外水位,2024/01/24,8:26:22,3.8
上游闸内水位,2024/01/24,8:51:04,3.9
上游闸外水位,2024/01/24,8:51:04,3.9
下游闸内水位,2024/01/24,8:54:56,3.9
下游闸外水位,2024/01/24,8:54:56,2.7
下游闸内水位,2024/01/24,8:59:56,2.7
下游闸外水位,2024/01/24,8:59:56,2.6
内河侧水位,2024/01/24,9:00:00,3.8
长江侧水位,2024/01/24,9:00:00,2.6
下游闸内水位,2024/01/24,9:31:31,2.6
下游闸外水位,2024/01/24,9:31:31,2.6
上游闸内水位,2024/01/24,9:35:11,2.5
上游闸外水位,2024/01/24,9:35:11,3.8
上游闸内水位,2024/01/24,9:39:59,3.9
上游闸外水位,2024/01/24,9:39:59,3.9
内河侧水位,2024/01/24,10:00:00,3.8
长江侧水位,2024/01/24,10:00:00,2.5
下游闸内水位,2024/01/24,10:04:28,3.9
下游闸外水位,2024/01/24,10:04:28,2.5
下游闸内水位,2024/01/24,10:09:21,2.7
下游闸外水位,2024/01/24,10:09:21,2.5
内河侧水位,2024/01/24,18:00:00,3.8
长江侧水位,2024/01/24,18:00:00,3.8
上游闸内水位,2024/01/24,18:53:51,3.8
上游闸外水位,2024/01/24,18:53:51,3.8
内河侧水位,2024/01/24,19:00:00,3.8
长江侧水位,2024/01/24,19:00:00,3.8
下游闸内水位,2024/01/24,19:32:45,3.7
下游闸外水位,2024/01/24,19:32:45,3.7
上游闸内水位,2024/01/24,19:35:21,3.7
上游闸外水位,2024/01/24,19:35:21,3.8
内河侧水位,2024/01/24,20:00:00,3.8
长江侧水位,2024/01/24,20:00:00,3.6
上游闸内水位,2024/01/24,20:25:06,3.9
上游闸外水位,2024/01/24,20:25:06,3.8
下游闸内水位,2024/01/24,20:28:53,3.9
下游闸外水位,2024/01/24,20:28:53,3.4
下游闸内水位,2024/01/24,20:31:44,3.5
下游闸外水位,2024/01/24,20:31:44,3.4
内河侧水位,2024/01/24,21:00:00,3.8
长江侧水位,2024/01/24,21:00:00,3.2
下游闸内水位,2024/01/24,21:13:45,3.2
下游闸外水位,2024/01/24,21:13:45,3.2
上游闸内水位,2024/01/24,21:17:42,3.2
上游闸外水位,2024/01/24,21:17:42,3.8
上游闸内水位,2024/01/24,21:20:02,3.6
上游闸外水位,2024/01/24,21:20:02,3.8
上游闸内水位,2024/01/24,21:59:54,3.9
上游闸外水位,2024/01/24,21:59:54,3.8
内河侧水位,2024/01/24,22:00:00,3.8
长江侧水位,2024/01/24,22:00:00,3.0
下游闸内水位,2024/01/24,22:02:31,3.9
下游闸外水位,2024/01/24,22:02:31,3.0
下游闸内水位,2024/01/24,22:06:23,3.1
下游闸外水位,2024/01/24,22:06:23,3.0
下游闸内水位,2024/01/24,22:47:54,2.8
下游闸外水位,2024/01/24,22:47:54,2.8
上游闸内水位,2024/01/24,22:50:41,2.8
上游闸外水位,2024/01/24,22:50:41,3.8
上游闸内水位,2024/01/24,22:53:52,3.7
上游闸外水位,2024/01/24,22:53:52,3.8
内河侧水位,2024/01/24,23:00:00,3.8
长江侧水位,2024/01/24,23:00:00,2.8
上游闸内水位,2024/01/24,23:36:41,3.9
上游闸外水位,2024/01/24,23:36:41,3.8
下游闸内水位,2024/01/24,23:39:36,3.9
下游闸外水位,2024/01/24,23:39:36,2.7
下游闸内水位,2024/01/24,23:44:38,2.7
下游闸外水位,2024/01/24,23:44:38,2.7
上游闸内水位,2024/01/24,10:01:48,3.9
上游闸外水位,2024/01/24,10:01:48,3.9
上游闸内水位,2024/01/24,19:37:27,3.9
上游闸外水位,2024/01/24,19:37:27,3.8
内河侧水位,2024/01/25,0:00:00,3.8
长江侧水位,2024/01/25,0:00:00,2.7
下游闸内水位,2024/01/25,0:35:54,2.6
下游闸外水位,2024/01/25,0:35:54,2.5
上游闸内水位,2024/01/25,0:38:34,2.6
上游闸外水位,2024/01/25,0:38:34,3.8
上游闸内水位,2024/01/25,0:42:13,3.6
上游闸外水位,2024/01/25,0:42:13,3.8
内河侧水位,2024/01/25,1:00:00,3.7
长江侧水位,2024/01/25,1:00:00,2.5
上游闸内水位,2024/01/25,1:18:27,3.9
上游闸外水位,2024/01/25,1:18:27,3.8
下游闸内水位,2024/01/25,1:21:04,3.9
下游闸外水位,2024/01/25,1:21:04,2.4
下游闸内水位,2024/01/25,1:26:17,2.5
下游闸外水位,2024/01/25,1:26:17,2.4
内河侧水位,2024/01/25,2:00:00,3.8
长江侧水位,2024/01/25,2:00:00,2.3
下游闸内水位,2024/01/25,2:11:34,2.3
下游闸外水位,2024/01/25,2:11:34,2.3
上游闸内水位,2024/01/25,2:14:11,2.2
上游闸外水位,2024/01/25,2:14:11,3.8
上游闸内水位,2024/01/25,2:18:18,3.7
上游闸外水位,2024/01/25,2:18:18,3.8
内河侧水位,2024/01/25,3:00:00,3.8
长江侧水位,2024/01/25,3:00:00,2.3
上游闸内水位,2024/01/25,3:03:18,3.8
上游闸外水位,2024/01/25,3:03:18,3.8
下游闸内水位,2024/01/25,3:05:57,3.9
下游闸外水位,2024/01/25,3:05:57,2.2
下游闸内水位,2024/01/25,3:11:27,2.3
下游闸外水位,2024/01/25,3:11:27,2.2
下游闸内水位,2024/01/25,3:57:15,2.4
下游闸外水位,2024/01/25,3:57:15,2.4
上游闸内水位,2024/01/25,3:59:52,2.4
上游闸外水位,2024/01/25,3:59:52,3.8
内河侧水位,2024/01/25,4:00:00,3.8
长江侧水位,2024/01/25,4:00:00,2.4
上游闸内水位,2024/01/25,4:03:41,3.6
上游闸外水位,2024/01/25,4:03:41,3.7
上游闸内水位,2024/01/25,4:44:51,3.9
上游闸外水位,2024/01/25,4:44:51,3.8
下游闸内水位,2024/01/25,4:47:24,3.9
下游闸外水位,2024/01/25,4:47:24,3.0
下游闸内水位,2024/01/25,4:50:55,3.2
下游闸外水位,2024/01/25,4:50:55,3.1
内河侧水位,2024/01/25,5:00:00,3.8
长江侧水位,2024/01/25,5:00:00,3.1
下游闸内水位,2024/01/25,5:31:40,3.3
下游闸外水位,2024/01/25,5:31:40,3.3
上游闸内水位,2024/01/25,5:34:15,3.3
上游闸外水位,2024/01/25,5:34:15,3.8
上游闸内水位,2024/01/25,5:36:43,3.7
上游闸外水位,2024/01/25,5:36:43,3.8
内河侧水位,2024/01/25,6:00:00,3.8
长江侧水位,2024/01/25,6:00:00,3.5
上游闸内水位,2024/01/25,6:11:05,3.9
上游闸外水位,2024/01/25,6:11:05,3.8
下游闸内水位,2024/01/25,6:13:37,3.9
下游闸外水位,2024/01/25,6:13:37,3.5
下游闸内水位,2024/01/25,6:15:34,3.7
下游闸外水位,2024/01/25,6:15:34,3.5
下游闸内水位,2024/01/25,6:53:46,3.6
下游闸外水位,2024/01/25,6:53:46,3.6
上游闸内水位,2024/01/25,6:56:31,3.6
上游闸外水位,2024/01/25,6:56:31,3.8
上游闸内水位,2024/01/25,6:58:51,3.8
上游闸外水位,2024/01/25,6:58:51,3.8
内河侧水位,2024/01/25,7:00:00,3.9
长江侧水位,2024/01/25,7:00:00,3.6
上游闸内水位,2024/01/25,7:26:51,3.9
上游闸外水位,2024/01/25,7:26:51,3.8
下游闸内水位,2024/01/25,7:29:22,3.9
下游闸外水位,2024/01/25,7:29:22,3.6
下游闸内水位,2024/01/25,7:32:06,3.6
下游闸外水位,2024/01/25,7:32:06,3.5
下游闸内水位,2024/01/25,7:46:02,3.5
下游闸外水位,2024/01/25,7:46:02,3.5
上游闸内水位,2024/01/25,7:48:42,3.4
上游闸外水位,2024/01/25,7:48:42,3.9
上游闸内水位,2024/01/25,7:51:04,3.8
上游闸外水位,2024/01/25,7:51:04,3.8
内河侧水位,2024/01/25,8:00:00,3.8
下游闸外水位,2024/01/24,17:10:36,3.6
上游闸内水位,2024/01/25,17:08:18,3.6
上游闸外水位,2024/01/25,17:08:18,3.8
上游闸内水位,2024/01/25,17:12:28,3.9
上游闸外水位,2024/01/25,17:12:28,3.8
上游闸内水位,2024/01/25,17:36:28,3.8
上游闸外水位,2024/01/25,17:36:28,3.8
下游闸内水位,2024/01/25,17:37:39,3.9
下游闸外水位,2024/01/25,17:37:39,3.8
上游闸内水位,2024/01/25,17:41:26,3.9
上游闸外水位,2024/01/25,17:41:26,3.8
上游闸内水位,2024/01/26,10:34:23,3.9
上游闸外水位,2024/01/26,10:34:23,3.8
下游闸内水位,2024/01/26,10:36:57,3.9
下游闸外水位,2024/01/26,10:36:57,3.0
下游闸内水位,2024/01/26,10:41:12,3.1
下游闸外水位,2024/01/26,10:41:12,3.0
下游闸内水位,2024/01/26,10:55:06,3.0
下游闸外水位,2024/01/26,10:55:06,2.9
上游闸内水位,2024/01/26,10:57:42,2.9
上游闸外水位,2024/01/26,10:57:42,3.9
内河侧水位,2024/01/26,11:00:00,3.8
长江侧水位,2024/01/26,11:00:00,3.0
上游闸内水位,2024/01/26,11:00:22,3.6
上游闸外水位,2024/01/26,11:00:22,3.8
上游闸内水位,2024/01/26,11:14:03,3.9
上游闸外水位,2024/01/26,11:14:03,3.9
下游闸内水位,2024/01/26,11:16:36,3.9
下游闸外水位,2024/01/26,11:16:36,2.9
下游闸内水位,2024/01/26,11:20:31,3.1
下游闸外水位,2024/01/26,11:20:31,2.9
下游闸内水位,2024/01/26,11:35:40,2.9
下游闸外水位,2024/01/26,11:35:40,2.9
上游闸内水位,2024/01/26,11:38:18,2.9
上游闸外水位,2024/01/26,11:38:18,3.9
上游闸内水位,2024/01/26,11:41:13,3.6
上游闸外水位,2024/01/26,11:41:13,3.8
内河侧水位,2024/01/26,12:00:00,3.8
长江侧水位,2024/01/26,12:00:00,2.8
上游闸内水位,2024/01/26,12:04:23,3.9
上游闸外水位,2024/01/26,12:04:23,3.9
下游闸内水位,2024/01/26,12:08:06,3.9
下游闸外水位,2024/01/26,12:08:06,2.8
下游闸内水位,2024/01/26,12:12:29,2.9
下游闸外水位,2024/01/26,12:12:29,2.7
下游闸内水位,2024/01/26,12:43:18,2.7
下游闸外水位,2024/01/26,12:43:18,2.7
上游闸内水位,2024/01/26,12:46:18,2.7
上游闸外水位,2024/01/26,12:46:18,3.9
上游闸内水位,2024/01/26,12:49:25,3.6
上游闸外水位,2024/01/26,12:49:25,3.8
内河侧水位,2024/01/26,13:00:00,3.8
长江侧水位,2024/01/26,13:00:00,2.6
上游闸内水位,2024/01/26,13:25:49,3.9
上游闸外水位,2024/01/26,13:25:49,3.8
下游闸内水位,2024/01/26,13:28:36,3.9
下游闸外水位,2024/01/26,13:28:36,2.5
下游闸内水位,2024/01/26,13:33:17,2.7
下游闸外水位,2024/01/26,13:33:17,2.6
内河侧水位,2024/01/26,14:00:00,3.8
长江侧水位,2024/01/26,14:00:00,2.5
下游闸内水位,2024/01/26,14:13:45,2.5
下游闸外水位,2024/01/26,14:13:45,2.5
下游闸内水位,2024/01/26,14:14:29,2.5
下游闸外水位,2024/01/26,14:14:29,2.5
上游闸内水位,2024/01/26,14:17:14,2.5
上游闸外水位,2024/01/26,14:17:14,3.8
上游闸内水位,2024/01/26,14:20:47,3.7
上游闸外水位,2024/01/26,14:20:47,3.8
上游闸内水位,2024/01/26,14:53:39,3.9
上游闸外水位,2024/01/26,14:53:39,3.8
下游闸内水位,2024/01/26,14:56:10,3.9
下游闸外水位,2024/01/26,14:56:10,2.4
内河侧水位,2024/01/26,15:00:00,3.8
长江侧水位,2024/01/26,15:00:00,2.3
下游闸内水位,2024/01/26,15:02:03,2.4
下游闸外水位,2024/01/26,15:02:03,2.3
下游闸内水位,2024/01/26,15:39:53,2.3
下游闸外水位,2024/01/26,15:39:53,2.3
上游闸内水位,2024/01/26,15:42:28,2.3
上游闸外水位,2024/01/26,15:42:28,3.8
上游闸内水位,2024/01/26,15:46:19,3.7
上游闸外水位,2024/01/26,15:46:19,3.8
内河侧水位,2024/01/26,16:00:00,3.8
长江侧水位,2024/01/26,16:00:00,2.4
上游闸内水位,2024/01/26,16:07:56,3.8
上游闸外水位,2024/01/26,16:07:56,3.8
长江侧水位,2024/01/25,8:00:00,3.4
上游闸内水位,2024/01/25,8:08:10,3.9
上游闸外水位,2024/01/25,8:08:10,3.8
下游闸内水位,2024/01/25,8:11:58,3.9
下游闸外水位,2024/01/25,8:11:58,3.3
下游闸内水位,2024/01/25,8:14:58,3.4
下游闸外水位,2024/01/25,8:14:58,3.3
下游闸内水位,2024/01/25,8:40:13,3.1
下游闸外水位,2024/01/25,8:40:13,3.2
上游闸内水位,2024/01/25,8:42:52,3.1
上游闸外水位,2024/01/25,8:42:52,3.8
上游闸内水位,2024/01/25,8:45:16,3.6
上游闸外水位,2024/01/25,8:45:16,3.7
内河侧水位,2024/01/25,9:00:00,3.9
长江侧水位,2024/01/25,9:00:00,3.1
上游闸内水位,2024/01/25,9:14:45,3.9
上游闸外水位,2024/01/25,9:14:45,3.8
下游闸内水位,2024/01/25,9:17:39,3.9
下游闸外水位,2024/01/25,9:17:39,3.0
下游闸内水位,2024/01/25,9:21:28,3.1
下游闸外水位,2024/01/25,9:21:28,3.0
下游闸内水位,2024/01/25,9:47:43,2.9
下游闸外水位,2024/01/25,9:47:43,2.9
上游闸内水位,2024/01/25,9:50:29,2.9
上游闸外水位,2024/01/25,9:50:29,3.8
上游闸内水位,2024/01/25,9:52:19,3.0
上游闸外水位,2024/01/25,9:52:19,3.8
上游闸内水位,2024/01/25,9:53:45,3.2
上游闸外水位,2024/01/25,9:53:45,3.8
上游闸内水位,2024/01/25,9:55:25,3.5
上游闸外水位,2024/01/25,9:55:25,3.8
上游闸内水位,2024/01/25,9:56:48,3.7
上游闸外水位,2024/01/25,9:56:48,3.8
内河侧水位,2024/01/25,10:00:00,3.8
长江侧水位,2024/01/25,10:00:00,2.9
上游闸内水位,2024/01/25,10:18:53,3.9
上游闸外水位,2024/01/25,10:18:53,3.8
下游闸内水位,2024/01/25,10:21:26,3.9
下游闸外水位,2024/01/25,10:21:26,2.8
下游闸内水位,2024/01/25,10:25:48,2.9
下游闸外水位,2024/01/25,10:25:48,2.8
下游闸内水位,2024/01/25,10:56:27,2.7
下游闸外水位,2024/01/25,10:56:27,2.7
上游闸内水位,2024/01/25,10:59:05,2.7
上游闸外水位,2024/01/25,10:59:05,3.8
内河侧水位,2024/01/25,11:00:00,3.8
长江侧水位,2024/01/25,11:00:00,2.7
上游闸内水位,2024/01/25,11:03:37,3.3
上游闸外水位,2024/01/25,11:03:37,3.8
上游闸内水位,2024/01/25,11:05:29,3.6
上游闸外水位,2024/01/25,11:05:29,3.8
上游闸内水位,2024/01/25,11:06:47,3.8
上游闸外水位,2024/01/25,11:06:47,3.8
上游闸内水位,2024/01/25,11:45:50,3.9
上游闸外水位,2024/01/25,11:45:50,3.9
下游闸内水位,2024/01/25,11:48:28,3.9
下游闸外水位,2024/01/25,11:48:28,2.6
下游闸内水位,2024/01/25,11:53:14,2.7
下游闸外水位,2024/01/25,11:53:14,2.5
内河侧水位,2024/01/25,12:00:00,3.8
长江侧水位,2024/01/25,12:00:00,2.5
下游闸内水位,2024/01/25,12:34:30,2.5
下游闸外水位,2024/01/25,12:34:30,2.5
上游闸内水位,2024/01/25,12:37:11,2.4
上游闸外水位,2024/01/25,12:37:11,3.8
上游闸内水位,2024/01/25,12:40:40,3.6
上游闸外水位,2024/01/25,12:40:40,3.8
内河侧水位,2024/01/25,13:00:00,3.8
长江侧水位,2024/01/25,13:00:00,2.3
上游闸内水位,2024/01/25,13:07:53,3.9
上游闸外水位,2024/01/25,13:07:53,3.8
下游闸内水位,2024/01/25,13:10:26,3.9
下游闸外水位,2024/01/25,13:10:26,2.4
下游闸内水位,2024/01/25,13:15:25,2.5
下游闸外水位,2024/01/25,13:15:25,2.4
下游闸内水位,2024/01/25,13:35:15,2.4
下游闸外水位,2024/01/25,13:35:15,2.4
上游闸内水位,2024/01/25,13:37:52,2.3
上游闸外水位,2024/01/25,13:37:52,3.8
上游闸内水位,2024/01/25,13:41:33,3.7
上游闸外水位,2024/01/25,13:41:33,3.7
上游闸内水位,2024/01/25,13:56:17,3.8
上游闸外水位,2024/01/25,13:56:17,3.8
下游闸内水位,2024/01/25,13:59:21,3.8
下游闸外水位,2024/01/25,13:59:21,2.2
内河侧水位,2024/01/25,14:00:00,3.8
长江侧水位,2024/01/25,14:00:00,2.3
下游闸内水位,2024/01/25,14:04:41,2.3
下游闸外水位,2024/01/25,14:04:41,2.2
下游闸内水位,2024/01/25,14:42:05,2.2
下游闸外水位,2024/01/25,14:42:05,2.2
上游闸内水位,2024/01/25,14:44:40,2.2
上游闸外水位,2024/01/25,14:44:40,3.8
上游闸内水位,2024/01/25,14:48:31,3.7
上游闸外水位,2024/01/25,14:48:31,3.8
内河侧水位,2024/01/25,15:00:00,3.8
长江侧水位,2024/01/25,15:00:00,2.2
上游闸内水位,2024/01/25,15:03:51,3.8
上游闸外水位,2024/01/25,15:03:51,3.7
下游闸内水位,2024/01/25,15:06:27,3.8
下游闸外水位,2024/01/25,15:06:27,2.2
下游闸内水位,2024/01/25,15:11:52,2.3
下游闸外水位,2024/01/25,15:11:52,2.2
下游闸内水位,2024/01/25,15:44:47,2.5
下游闸外水位,2024/01/25,15:44:47,2.5
上游闸内水位,2024/01/25,15:47:21,2.5
上游闸外水位,2024/01/25,15:47:21,3.8
上游闸内水位,2024/01/25,15:50:49,3.7
上游闸外水位,2024/01/25,15:50:49,3.7
内河侧水位,2024/01/25,16:00:00,3.8
长江侧水位,2024/01/25,16:00:00,2.7
上游闸内水位,2024/01/25,16:28:06,3.8
上游闸外水位,2024/01/25,16:28:06,3.8
下游闸内水位,2024/01/25,16:30:43,3.9
下游闸外水位,2024/01/25,16:30:43,3.2
下游闸内水位,2024/01/25,16:33:39,3.4
下游闸外水位,2024/01/25,16:33:39,3.2
内河侧水位,2024/01/25,17:00:00,3.8
长江侧水位,2024/01/25,17:00:00,3.6
下游闸内水位,2024/01/25,17:05:30,3.6
下游闸外水位,2024/01/25,17:05:30,3.6
内河侧水位,2024/01/25,18:00:00,3.9
长江侧水位,2024/01/25,18:00:00,3.9
内河侧水位,2024/01/25,19:00:00,4.0
长江侧水位,2024/01/25,19:00:00,4.1
内河侧水位,2024/01/25,20:00:00,3.9
长江侧水位,2024/01/25,20:00:00,4.0
上游闸内水位,2024/01/25,20:15:42,3.9
上游闸外水位,2024/01/25,20:15:42,3.9
下游闸内水位,2024/01/25,20:55:20,3.6
下游闸外水位,2024/01/25,20:55:20,3.6
上游闸内水位,2024/01/25,20:58:14,3.6
上游闸外水位,2024/01/25,20:58:14,4.0
内河侧水位,2024/01/25,21:00:00,3.9
长江侧水位,2024/01/25,21:00:00,3.6
上游闸内水位,2024/01/25,21:00:27,3.9
上游闸外水位,2024/01/25,21:00:27,3.9
上游闸内水位,2024/01/25,21:46:16,4.0
上游闸外水位,2024/01/25,21:46:16,3.9
下游闸内水位,2024/01/25,21:48:52,3.9
下游闸外水位,2024/01/25,21:48:52,3.3
下游闸内水位,2024/01/25,21:52:24,3.4
下游闸外水位,2024/01/25,21:52:24,3.3
内河侧水位,2024/01/25,22:00:00,3.9
长江侧水位,2024/01/25,22:00:00,3.3
下游闸内水位,2024/01/25,22:35:37,3.1
下游闸外水位,2024/01/25,22:35:37,3.1
上游闸内水位,2024/01/25,22:38:16,3.1
上游闸外水位,2024/01/25,22:38:16,3.9
上游闸内水位,2024/01/25,22:40:45,3.7
上游闸外水位,2024/01/25,22:40:45,3.8
内河侧水位,2024/01/25,23:00:00,3.9
长江侧水位,2024/01/25,23:00:00,3.1
上游闸内水位,2024/01/25,23:25:07,3.9
上游闸外水位,2024/01/25,23:25:07,3.9
下游闸内水位,2024/01/25,23:27:40,3.9
下游闸外水位,2024/01/25,23:27:40,3.0
下游闸内水位,2024/01/25,23:31:51,3.1
下游闸外水位,2024/01/25,23:31:51,2.9
内河侧水位,2024/01/26,0:00:00,3.9
长江侧水位,2024/01/26,0:00:00,2.9
下游闸内水位,2024/01/26,0:38:06,2.8
下游闸外水位,2024/01/26,0:38:06,2.8
下游闸内水位,2024/01/26,0:41:29,2.8
下游闸外水位,2024/01/26,0:41:29,2.8
上游闸内水位,2024/01/26,0:44:19,2.8
上游闸外水位,2024/01/26,0:44:19,3.9
上游闸内水位,2024/01/26,0:46:08,3.0
上游闸外水位,2024/01/26,0:46:08,3.9
上游闸内水位,2024/01/26,0:48:16,3.5
上游闸外水位,2024/01/26,0:48:16,3.9
上游闸内水位,2024/01/26,0:49:56,3.9
上游闸外水位,2024/01/26,0:49:56,3.9
内河侧水位,2024/01/26,1:00:00,3.8
长江侧水位,2024/01/26,1:00:00,2.7
上游闸内水位,2024/01/26,1:33:07,3.9
上游闸外水位,2024/01/26,1:33:07,3.8
下游闸内水位,2024/01/26,1:35:43,3.9
下游闸外水位,2024/01/26,1:35:43,2.6
下游闸内水位,2024/01/26,1:40:28,2.8
下游闸外水位,2024/01/26,1:40:28,2.6
下游闸内水位,2024/01/26,1:58:17,2.6
下游闸外水位,2024/01/26,1:58:17,2.6
内河侧水位,2024/01/26,2:00:00,3.8
长江侧水位,2024/01/26,2:00:00,2.6
上游闸内水位,2024/01/26,2:01:05,2.6
上游闸外水位,2024/01/26,2:01:05,3.8
上游闸内水位,2024/01/26,2:04:28,3.7
上游闸外水位,2024/01/26,2:04:28,3.8
上游闸内水位,2024/01/26,2:22:48,3.9
上游闸外水位,2024/01/26,2:22:48,3.8
下游闸内水位,2024/01/26,2:25:19,3.9
下游闸外水位,2024/01/26,2:25:19,2.5
下游闸内水位,2024/01/26,2:30:08,2.7
下游闸外水位,2024/01/26,2:30:08,2.5
下游闸内水位,2024/01/26,2:40:14,2.5
下游闸外水位,2024/01/26,2:40:14,2.5
上游闸内水位,2024/01/26,2:42:49,2.4
上游闸外水位,2024/01/26,2:42:49,3.8
上游闸内水位,2024/01/26,2:46:29,3.7
上游闸外水位,2024/01/26,2:46:29,3.8
内河侧水位,2024/01/26,3:00:00,3.8
长江侧水位,2024/01/26,3:00:00,2.4
上游闸内水位,2024/01/26,3:11:12,3.9
上游闸外水位,2024/01/26,3:11:12,3.8
下游闸内水位,2024/01/26,3:13:58,3.9
下游闸外水位,2024/01/26,3:13:58,2.4
下游闸内水位,2024/01/26,3:19:03,2.5
下游闸外水位,2024/01/26,3:19:03,2.4
内河侧水位,2024/01/26,4:00:00,3.8
长江侧水位,2024/01/26,4:00:00,2.4
下游闸内水位,2024/01/26,4:23:15,2.5
下游闸外水位,2024/01/26,4:23:15,2.5
上游闸内水位,2024/01/26,4:25:50,2.5
上游闸外水位,2024/01/26,4:25:50,3.8
上游闸内水位,2024/01/26,4:29:37,3.7
上游闸外水位,2024/01/26,4:29:37,3.8
内河侧水位,2024/01/26,5:00:00,3.8
长江侧水位,2024/01/26,5:00:00,2.9
上游闸内水位,2024/01/26,5:16:22,3.9
上游闸外水位,2024/01/26,5:16:22,3.8
下游闸内水位,2024/01/26,5:19:16,3.9
下游闸外水位,2024/01/26,5:19:16,3.2
下游闸内水位,2024/01/26,5:22:43,3.3
下游闸外水位,2024/01/26,5:22:43,3.2
内河侧水位,2024/01/26,6:00:00,3.8
长江侧水位,2024/01/26,6:00:00,3.5
下游闸内水位,2024/01/26,6:10:16,3.6
下游闸外水位,2024/01/26,6:10:16,3.6
上游闸内水位,2024/01/26,6:12:51,3.6
上游闸外水位,2024/01/26,6:12:51,3.9
上游闸内水位,2024/01/26,6:15:12,3.9
上游闸外水位,2024/01/26,6:15:12,3.8
内河侧水位,2024/01/26,7:00:00,3.9
长江侧水位,2024/01/26,7:00:00,3.7
上游闸内水位,2024/01/26,7:03:33,3.9
上游闸外水位,2024/01/26,7:03:33,3.9
下游闸内水位,2024/01/26,7:06:08,3.9
下游闸外水位,2024/01/26,7:06:08,3.8
下游闸内水位,2024/01/26,7:08:02,3.8
下游闸外水位,2024/01/26,7:08:02,3.8
下游闸内水位,2024/01/26,7:50:59,3.8
下游闸外水位,2024/01/26,7:50:59,3.8
上游闸内水位,2024/01/26,7:54:37,3.8
上游闸外水位,2024/01/26,7:54:37,3.9
上游闸内水位,2024/01/26,7:56:58,3.9
上游闸外水位,2024/01/26,7:56:58,3.9
内河侧水位,2024/01/26,8:00:00,3.9
长江侧水位,2024/01/26,8:00:00,3.8
上游闸内水位,2024/01/26,8:20:59,3.9
上游闸外水位,2024/01/26,8:20:59,3.9
下游闸内水位,2024/01/26,8:23:30,3.9
下游闸外水位,2024/01/26,8:23:30,3.7
下游闸内水位,2024/01/26,8:25:13,3.8
下游闸外水位,2024/01/26,8:25:13,3.7
下游闸内水位,2024/01/26,8:54:28,3.5
下游闸外水位,2024/01/26,8:54:28,3.4
内河侧水位,2024/01/26,9:00:00,3.9
长江侧水位,2024/01/26,9:00:00,3.5
上游闸内水位,2024/01/26,9:00:11,3.5
上游闸外水位,2024/01/26,9:00:11,3.9
上游闸内水位,2024/01/26,9:02:28,3.8
上游闸外水位,2024/01/26,9:02:28,3.9
上游闸内水位,2024/01/26,9:39:28,3.9
上游闸外水位,2024/01/26,9:39:28,3.9
下游闸内水位,2024/01/26,9:42:02,3.9
下游闸外水位,2024/01/26,9:42:02,3.2
下游闸内水位,2024/01/26,9:45:22,3.3
下游闸外水位,2024/01/26,9:45:22,3.2
内河侧水位,2024/01/26,10:00:00,3.9
长江侧水位,2024/01/26,10:00:00,3.1
下游闸内水位,2024/01/26,10:17:09,3.1
下游闸外水位,2024/01/26,10:17:09,3.1
上游闸内水位,2024/01/26,10:19:47,3.0
上游闸外水位,2024/01/26,10:19:47,3.9
上游闸内水位,2024/01/26,10:22:31,3.7
上游闸外水位,2024/01/26,10:22:31,3.8
上游闸内水位,2024/01/26,17:08:15,3.9
上游闸外水位,2024/01/26,17:08:15,3.9
下游闸内水位,2024/01/26,17:10:48,4.0
下游闸外水位,2024/01/26,17:10:48,3.5
下游闸内水位,2024/01/26,17:13:32,3.6
下游闸外水位,2024/01/26,17:13:32,3.5
下游闸内水位,2024/01/26,17:27:17,3.7
下游闸外水位,2024/01/26,17:27:17,3.7
上游闸内水位,2024/01/27,5:27:04,3.8
上游闸外水位,2024/01/27,5:27:04,3.8
下游闸内水位,2024/01/27,6:05:31,3.9
下游闸外水位,2024/01/27,6:05:31,3.5
下游闸内水位,2024/01/27,6:07:38,3.7
下游闸外水位,2024/01/27,6:07:38,3.6
上游闸内水位,2024/01/27,6:47:14,3.9
上游闸外水位,2024/01/27,6:47:14,3.9
下游闸内水位,2024/01/27,7:26:02,4.0
下游闸外水位,2024/01/27,7:26:02,3.9
上游闸内水位,2024/01/27,8:05:50,4.0
上游闸外水位,2024/01/27,8:05:50,3.9
上游闸内水位,2024/01/27,8:08:05,3.9
上游闸外水位,2024/01/27,8:08:05,3.9
上游闸内水位,2024/01/27,8:31:24,3.9
上游闸外水位,2024/01/27,8:31:24,3.9
下游闸内水位,2024/01/27,8:34:32,3.9
下游闸外水位,2024/01/27,8:34:32,3.9
下游闸内水位,2024/01/27,8:36:36,4.0
下游闸外水位,2024/01/27,8:36:36,3.9
上游闸内水位,2024/01/27,9:06:53,3.8
上游闸外水位,2024/01/27,9:06:53,3.9
上游闸内水位,2024/01/27,9:09:28,3.9
上游闸外水位,2024/01/27,9:09:28,3.9
上游闸内水位,2024/01/27,9:42:43,3.9
上游闸外水位,2024/01/27,9:42:43,3.9
下游闸内水位,2024/01/27,9:45:39,3.9
下游闸外水位,2024/01/27,9:45:39,3.5
下游闸内水位,2024/01/27,9:48:03,3.7
下游闸外水位,2024/01/27,9:48:03,3.5
上游闸内水位,2024/01/27,10:22:28,3.3
上游闸外水位,2024/01/27,10:22:28,3.9
上游闸内水位,2024/01/27,10:24:33,3.7
上游闸外水位,2024/01/27,10:24:33,3.8
上游闸内水位,2024/01/27,10:52:47,3.9
上游闸外水位,2024/01/27,10:52:47,3.9
下游闸内水位,2024/01/27,10:55:46,3.9
下游闸外水位,2024/01/27,10:55:46,3.2
下游闸内水位,2024/01/27,10:59:40,3.3
下游闸外水位,2024/01/27,10:59:40,3.2
上游闸内水位,2024/01/27,11:26:18,3.7
上游闸外水位,2024/01/27,11:26:18,3.8
上游闸内水位,2024/01/27,11:49:17,3.9
上游闸外水位,2024/01/27,11:49:17,3.9
下游闸内水位,2024/01/27,11:52:07,3.9
下游闸外水位,2024/01/27,11:52:07,3.0
下游闸内水位,2024/01/27,11:55:47,3.2
下游闸外水位,2024/01/27,11:55:47,3.0
上游闸内水位,2024/01/27,12:27:51,3.0
上游闸外水位,2024/01/27,12:27:51,3.9
上游闸内水位,2024/01/27,12:30:25,3.6
上游闸外水位,2024/01/27,12:30:25,3.8
下游闸内水位,2024/01/27,13:11:06,3.6
下游闸外水位,2024/01/27,13:11:06,2.7
下游闸内水位,2024/01/27,13:14:12,2.9
下游闸外水位,2024/01/27,13:14:12,2.8
上游闸内水位,2024/01/27,14:05:24,2.7
上游闸外水位,2024/01/27,14:05:24,3.8
上游闸内水位,2024/01/27,14:08:36,3.7
上游闸外水位,2024/01/27,14:08:36,3.8
上游闸内水位,2024/01/27,14:45:27,3.9
上游闸外水位,2024/01/27,14:45:27,3.8
下游闸内水位,2024/01/27,14:49:33,3.9
下游闸内水位,2024/01/26,16:10:27,3.9
下游闸外水位,2024/01/26,16:10:27,2.5
下游闸内水位,2024/01/26,16:15:17,2.7
下游闸外水位,2024/01/26,16:15:17,2.5
下游闸内水位,2024/01/26,16:40:53,3.0
下游闸外水位,2024/01/26,16:40:53,3.0
上游闸内水位,2024/01/26,16:43:26,3.0
上游闸外水位,2024/01/26,16:43:26,3.9
上游闸内水位,2024/01/26,16:46:22,3.8
上游闸外水位,2024/01/26,16:46:22,3.8
内河侧水位,2024/01/26,17:00:00,3.9
长江侧水位,2024/01/26,17:00:00,3.3
上游闸内水位,2024/01/26,17:30:00,3.7
上游闸外水位,2024/01/26,17:30:00,3.9
下游闸内水位,2024/01/26,17:37:11,3.9
下游闸外水位,2024/01/26,17:37:11,3.8
内河侧水位,2024/01/26,18:00:00,3.9
长江侧水位,2024/01/26,18:00:00,3.9
上游闸内水位,2024/01/26,18:29:03,4.1
上游闸外水位,2024/01/26,18:29:03,4.0
内河侧水位,2024/01/26,19:00:00,3.9
长江侧水位,2024/01/26,19:00:00,4.2
下游闸内水位,2024/01/26,19:01:34,4.2
下游闸外水位,2024/01/26,19:01:34,4.2
上游闸内水位,2024/01/26,19:04:26,4.2
上游闸外水位,2024/01/26,19:04:26,3.9
上游闸内水位,2024/01/26,19:06:41,4.0
上游闸外水位,2024/01/26,19:06:41,3.9
上游闸内水位,2024/01/26,19:47:44,4.0
上游闸外水位,2024/01/26,19:47:44,3.9
下游闸内水位,2024/01/26,19:50:26,4.0
下游闸外水位,2024/01/26,19:50:26,4.3
下游闸内水位,2024/01/26,19:53:18,4.3
下游闸外水位,2024/01/26,19:53:18,4.3
内河侧水位,2024/01/26,20:00:00,3.9
长江侧水位,2024/01/26,20:00:00,4.3
下游闸内水位,2024/01/26,20:26:21,4.2
下游闸外水位,2024/01/26,20:26:21,4.2
上游闸内水位,2024/01/26,20:30:09,4.2
上游闸外水位,2024/01/26,20:30:09,3.9
上游闸内水位,2024/01/26,20:32:09,4.0
上游闸外水位,2024/01/26,20:32:09,3.9
内河侧水位,2024/01/26,21:00:00,4.0
长江侧水位,2024/01/26,21:00:00,4.0
上游闸内水位,2024/01/26,21:10:27,4.0
上游闸外水位,2024/01/26,21:10:27,3.9
下游闸内水位,2024/01/26,21:13:14,4.0
下游闸外水位,2024/01/26,21:13:14,3.9
下游闸内水位,2024/01/26,21:14:53,3.9
下游闸外水位,2024/01/26,21:14:53,3.9
下游闸内水位,2024/01/26,21:51:28,3.7
下游闸外水位,2024/01/26,21:51:28,3.7
上游闸内水位,2024/01/26,21:54:12,3.7
上游闸外水位,2024/01/26,21:54:12,3.9
上游闸内水位,2024/01/26,21:56:14,3.9
上游闸外水位,2024/01/26,21:56:14,3.9
内河侧水位,2024/01/26,22:00:00,3.9
长江侧水位,2024/01/26,22:00:00,3.6
上游闸内水位,2024/01/26,22:11:59,4.0
上游闸外水位,2024/01/26,22:11:59,3.9
下游闸内水位,2024/01/26,22:16:14,4.0
下游闸外水位,2024/01/26,22:16:14,3.5
下游闸内水位,2024/01/26,22:18:47,3.7
下游闸外水位,2024/01/26,22:18:47,3.5
下游闸内水位,2024/01/26,22:55:39,3.4
下游闸外水位,2024/01/26,22:55:39,3.4
上游闸内水位,2024/01/26,22:58:21,3.3
上游闸外水位,2024/01/26,22:58:21,3.9
内河侧水位,2024/01/26,23:00:00,3.8
长江侧水位,2024/01/26,23:00:00,3.3
上游闸内水位,2024/01/26,23:00:56,3.8
上游闸外水位,2024/01/26,23:00:56,3.9
上游闸内水位,2024/01/26,23:46:24,3.9
上游闸外水位,2024/01/26,23:46:24,3.9
下游闸内水位,2024/01/26,23:49:08,4.0
下游闸外水位,2024/01/26,23:49:08,3.2
下游闸内水位,2024/01/26,23:52:35,3.3
下游闸外水位,2024/01/26,23:52:35,3.2
内河侧水位,2024/01/27,0:00:00,3.9
长江侧水位,2024/01/27,0:00:00,3.1
下游闸内水位,2024/01/27,0:30:32,3.1
下游闸外水位,2024/01/27,0:30:32,3.1
上游闸内水位,2024/01/27,0:33:54,3.0
上游闸外水位,2024/01/27,0:33:54,3.9
上游闸内水位,2024/01/27,0:36:50,3.8
上游闸外水位,2024/01/27,0:36:50,3.9
内河侧水位,2024/01/27,1:00:00,3.9
长江侧水位,2024/01/27,1:00:00,3.0
上游闸内水位,2024/01/27,1:11:57,3.9
上游闸外水位,2024/01/27,1:11:57,3.9
下游闸内水位,2024/01/27,1:14:30,3.9
下游闸外水位,2024/01/27,1:14:30,2.9
下游闸内水位,2024/01/27,1:18:34,3.1
下游闸外水位,2024/01/27,1:18:34,3.0
内河侧水位,2024/01/27,2:00:00,3.9
长江侧水位,2024/01/27,2:00:00,2.8
下游闸内水位,2024/01/27,2:01:05,2.8
下游闸外水位,2024/01/27,2:01:05,2.8
上游闸内水位,2024/01/27,2:03:50,2.8
上游闸外水位,2024/01/27,2:03:50,3.9
上游闸内水位,2024/01/27,2:07:11,3.7
上游闸外水位,2024/01/27,2:07:11,3.8
上游闸内水位,2024/01/27,2:55:24,3.9
上游闸外水位,2024/01/27,2:55:24,3.9
下游闸内水位,2024/01/27,2:58:39,3.9
下游闸外水位,2024/01/27,2:58:39,2.7
内河侧水位,2024/01/27,3:00:00,3.9
长江侧水位,2024/01/27,3:00:00,2.6
下游闸内水位,2024/01/27,3:03:31,2.8
下游闸外水位,2024/01/27,3:03:31,2.6
下游闸内水位,2024/01/27,3:52:51,2.6
下游闸外水位,2024/01/27,3:52:51,2.5
上游闸内水位,2024/01/27,3:55:30,2.5
上游闸外水位,2024/01/27,3:55:30,3.9
上游闸内水位,2024/01/27,3:59:23,3.8
上游闸外水位,2024/01/27,3:59:23,3.8
内河侧水位,2024/01/27,4:00:00,3.9
长江侧水位,2024/01/27,4:00:00,2.5
上游闸内水位,2024/01/27,4:35:44,3.9
上游闸外水位,2024/01/27,4:35:44,3.9
下游闸内水位,2024/01/27,4:38:27,3.9
下游闸外水位,2024/01/27,4:38:27,2.6
下游闸内水位,2024/01/27,4:43:15,2.7
下游闸外水位,2024/01/27,4:43:15,2.6
下游闸内水位,2024/01/27,6:42:20,3.8
下游闸外水位,2024/01/27,6:42:20,3.8
下游闸外水位,2024/01/27,14:49:33,2.6
下游闸内水位,2024/01/27,14:54:12,2.7
下游闸外水位,2024/01/27,14:54:12,2.6
内河侧水位,2024/01/27,15:00:00,3.8
长江侧水位,2024/01/27,15:00:00,2.5
下游闸内水位,2024/01/27,15:36:47,2.5
下游闸外水位,2024/01/27,15:36:47,2.5
上游闸内水位,2024/01/27,15:39:24,2.5
上游闸外水位,2024/01/27,15:39:24,3.8
上游闸内水位,2024/01/27,15:42:58,3.7
上游闸外水位,2024/01/27,15:42:58,3.8
内河侧水位,2024/01/27,16:00:00,3.8
长江侧水位,2024/01/27,16:00:00,2.4
上游闸内水位,2024/01/27,16:06:28,3.9
上游闸外水位,2024/01/27,16:06:28,3.9
下游闸内水位,2024/01/27,16:09:08,3.9
下游闸外水位,2024/01/27,16:09:08,2.5
下游闸内水位,2024/01/27,16:14:06,2.6
下游闸外水位,2024/01/27,16:14:06,2.4
下游闸内水位,2024/01/27,16:23:57,2.5
下游闸外水位,2024/01/27,16:23:57,2.5
上游闸内水位,2024/01/27,16:26:34,2.6
上游闸外水位,2024/01/27,16:26:34,3.8
上游闸内水位,2024/01/27,16:30:07,3.7
上游闸外水位,2024/01/27,16:30:07,3.8
上游闸内水位,2024/01/27,16:50:37,3.9
上游闸外水位,2024/01/27,16:50:37,3.8
下游闸内水位,2024/01/27,16:53:19,3.9
下游闸外水位,2024/01/27,16:53:19,2.7
下游闸内水位,2024/01/27,16:58:42,2.8
下游闸外水位,2024/01/27,16:58:42,2.7
内河侧水位,2024/01/27,17:00:00,3.8
长江侧水位,2024/01/27,17:00:00,2.7
下游闸内水位,2024/01/27,17:46:56,3.7
下游闸外水位,2024/01/27,17:46:56,3.6
上游闸内水位,2024/01/27,17:49:34,3.7
上游闸外水位,2024/01/27,17:49:34,3.8
上游闸内水位,2024/01/27,17:51:28,3.8
上游闸外水位,2024/01/27,17:51:28,3.8
内河侧水位,2024/01/27,18:00:00,3.8
长江侧水位,2024/01/27,18:00:00,3.8
下游闸内水位,2024/01/27,18:00:22,3.9
下游闸外水位,2024/01/27,18:00:22,3.8
内河侧水位,2024/01/27,20:00:00,4.3
长江侧水位,2024/01/27,20:00:00,4.4
下游闸内水位,2024/01/27,20:06:49,4.5
下游闸外水位,2024/01/27,20:06:49,4.4
上游闸内水位,2024/01/27,20:10:09,4.4
内河侧水位,2024/01/27,5:00:00,3.9
长江侧水位,2024/01/27,5:00:00,2.7
下游闸内水位,2024/01/27,5:21:18,3.0
下游闸外水位,2024/01/27,5:21:18,3.0
上游闸内水位,2024/01/27,5:23:51,3.0
上游闸外水位,2024/01/27,5:23:51,3.9
内河侧水位,2024/01/27,6:00:00,3.8
长江侧水位,2024/01/27,6:00:00,3.5
上游闸内水位,2024/01/27,6:03:01,3.9
上游闸外水位,2024/01/27,6:03:01,3.9
上游闸内水位,2024/01/27,6:45:00,3.8
上游闸外水位,2024/01/27,6:45:00,3.9
内河侧水位,2024/01/27,7:00:00,3.9
长江侧水位,2024/01/27,7:00:00,3.9
上游闸内水位,2024/01/27,7:21:35,3.9
上游闸外水位,2024/01/27,7:21:35,3.9
下游闸内水位,2024/01/27,7:24:19,3.9
下游闸外水位,2024/01/27,7:24:19,3.9
内河侧水位,2024/01/27,8:00:00,3.9
长江侧水位,2024/01/27,8:00:00,4.0
下游闸内水位,2024/01/27,8:02:26,4.0
下游闸外水位,2024/01/27,8:02:26,4.0
内河侧水位,2024/01/27,9:00:00,3.9
长江侧水位,2024/01/27,9:00:00,3.8
下游闸内水位,2024/01/27,9:02:33,3.8
下游闸外水位,2024/01/27,9:02:33,3.8
内河侧水位,2024/01/27,10:00:00,3.9
长江侧水位,2024/01/27,10:00:00,3.5
下游闸内水位,2024/01/27,10:19:43,3.4
下游闸外水位,2024/01/27,10:19:43,3.4
内河侧水位,2024/01/27,11:00:00,3.9
长江侧水位,2024/01/27,11:00:00,3.2
下游闸内水位,2024/01/27,11:21:11,3.1
下游闸外水位,2024/01/27,11:21:11,3.1
上游闸内水位,2024/01/27,11:23:48,3.1
上游闸外水位,2024/01/27,11:23:48,3.9
内河侧水位,2024/01/27,12:00:00,3.9
长江侧水位,2024/01/27,12:00:00,3.0
下游闸内水位,2024/01/27,12:25:04,3.0
下游闸外水位,2024/01/27,12:25:04,3.0
内河侧水位,2024/01/27,13:00:00,3.9
长江侧水位,2024/01/27,13:00:00,2.8
上游闸内水位,2024/01/27,13:06:46,3.9
上游闸外水位,2024/01/27,13:06:46,3.9
下游闸内水位,2024/01/27,13:09:20,3.9
下游闸外水位,2024/01/27,13:09:20,2.8
内河侧水位,2024/01/27,14:00:00,3.9
长江侧水位,2024/01/27,14:00:00,2.7
下游闸内水位,2024/01/27,14:02:26,2.7
下游闸外水位,2024/01/27,14:02:26,2.7
内河侧水位,2024/01/27,19:00:00,4.1
长江侧水位,2024/01/27,19:00:00,4.2
上游闸内水位,2024/01/27,19:33:49,4.3
上游闸外水位,2024/01/27,19:33:49,4.3
上游闸外水位,2024/01/27,20:10:09,4.3
上游闸内水位,2024/01/27,20:12:31,4.4
上游闸外水位,2024/01/27,20:12:31,4.3
内河侧水位,2024/01/27,21:00:00,4.3
长江侧水位,2024/01/27,21:00:00,4.3
上游闸内水位,2024/01/27,21:05:09,4.3
上游闸外水位,2024/01/27,21:05:09,4.2
下游闸内水位,2024/01/27,21:07:48,4.3
下游闸外水位,2024/01/27,21:07:48,4.2
下游闸内水位,2024/01/27,21:09:25,4.3
下游闸外水位,2024/01/27,21:09:25,4.2
下游闸内水位,2024/01/27,21:51:47,4.0
下游闸外水位,2024/01/27,21:51:47,3.9
上游闸内水位,2024/01/27,21:54:54,3.9
上游闸外水位,2024/01/27,21:54:54,4.1
上游闸内水位,2024/01/27,21:56:56,4.1
上游闸外水位,2024/01/27,21:56:56,4.1
内河侧水位,2024/01/27,22:00:00,4.1
长江侧水位,2024/01/27,22:00:00,3.9
上游闸内水位,2024/01/27,22:33:11,4.1
上游闸外水位,2024/01/27,22:33:11,4.1
下游闸内水位,2024/01/27,22:36:00,4.1
下游闸外水位,2024/01/27,22:36:00,3.7
下游闸内水位,2024/01/27,22:38:43,3.8
下游闸外水位,2024/01/27,22:38:43,3.6
内河侧水位,2024/01/27,23:00:00,4.1
长江侧水位,2024/01/27,23:00:00,3.6
下游闸内水位,2024/01/27,23:17:04,3.5
下游闸外水位,2024/01/27,23:17:04,3.5
上游闸内水位,2024/01/27,23:20:36,3.5
上游闸外水位,2024/01/27,23:20:36,4.0
上游闸内水位,2024/01/27,23:23:08,3.9
上游闸外水位,2024/01/27,23:23:08,4.0
内河侧水位,2024/01/28,0:00:00,4.0
长江侧水位,2024/01/28,0:00:00,3.3
上游闸内水位,2024/01/28,0:00:24,4.0
上游闸外水位,2024/01/28,0:00:24,4.0
下游闸内水位,2024/01/28,0:02:57,4.1
下游闸外水位,2024/01/28,0:02:57,3.3
下游闸内水位,2024/01/28,0:06:13,3.5
下游闸外水位,2024/01/28,0:06:13,3.3
下游闸内水位,2024/01/28,0:59:55,3.2
下游闸外水位,2024/01/28,0:59:55,3.2
内河侧水位,2024/01/28,1:00:00,3.9
长江侧水位,2024/01/28,1:00:00,3.2
上游闸内水位,2024/01/28,1:02:54,3.2
上游闸外水位,2024/01/28,1:02:54,3.9
上游闸内水位,2024/01/28,1:05:27,3.7
上游闸外水位,2024/01/28,1:05:27,3.9
上游闸内水位,2024/01/28,1:50:12,4.0
上游闸外水位,2024/01/28,1:50:12,3.9
下游闸内水位,2024/01/28,1:54:34,4.0
下游闸外水位,2024/01/28,1:54:34,3.0
下游闸内水位,2024/01/28,1:58:46,3.1
下游闸外水位,2024/01/28,1:58:46,3.0
内河侧水位,2024/01/28,2:00:00,3.9
长江侧水位,2024/01/28,2:00:00,3.0
下游闸内水位,2024/01/28,2:43:21,2.9
下游闸外水位,2024/01/28,2:43:21,2.8
上游闸内水位,2024/01/28,2:45:56,2.9
上游闸外水位,2024/01/28,2:45:56,3.9
上游闸内水位,2024/01/28,2:48:52,3.7
上游闸外水位,2024/01/28,2:48:52,3.9
内河侧水位,2024/01/28,3:00:00,3.9
长江侧水位,2024/01/28,3:00:00,2.8
上游闸内水位,2024/01/28,3:30:40,3.9
上游闸外水位,2024/01/28,3:30:40,3.9
下游闸内水位,2024/01/28,3:33:22,4.0
下游闸外水位,2024/01/28,3:33:22,2.7
下游闸内水位,2024/01/28,3:38:03,2.8
下游闸外水位,2024/01/28,3:38:03,2.7
内河侧水位,2024/01/28,4:00:00,3.9
长江侧水位,2024/01/28,4:00:00,2.7
下游闸内水位,2024/01/28,4:13:03,2.7
下游闸外水位,2024/01/28,4:13:03,2.6
上游闸内水位,2024/01/28,4:15:39,2.7
上游闸外水位,2024/01/28,4:15:39,3.9
上游闸内水位,2024/01/28,4:19:06,3.7
上游闸外水位,2024/01/28,4:19:06,3.9
上游闸内水位,2024/01/28,18:17:29,3.7
上游闸外水位,2024/01/28,18:17:29,3.9
内河侧水位,2024/01/28,19:00:00,3.9
长江侧水位,2024/01/28,19:00:00,4.0
内河侧水位,2024/01/28,20:00:00,4.3
长江侧水位,2024/01/28,20:00:00,4.3
内河侧水位,2024/01/28,21:00:00,4.4
长江侧水位,2024/01/28,21:00:00,4.4
下游闸内水位,2024/01/28,21:01:52,4.5
下游闸外水位,2024/01/28,21:01:52,4.4
内河侧水位,2024/01/28,22:00:00,4.1
长江侧水位,2024/01/28,22:00:00,4.1
上游闸内水位,2024/01/28,22:13:51,4.1
上游闸外水位,2024/01/28,22:13:51,4.0
下游闸内水位,2024/01/28,22:49:23,3.9
下游闸外水位,2024/01/28,22:49:23,3.8
上游闸内水位,2024/01/28,22:52:00,3.8
上游闸外水位,2024/01/28,22:52:00,4.1
上游闸内水位,2024/01/28,22:54:11,4.0
上游闸外水位,2024/01/28,22:54:11,4.1
内河侧水位,2024/01/28,23:00:00,4.0
长江侧水位,2024/01/28,23:00:00,3.8
上游闸内水位,2024/01/28,23:40:01,4.1
上游闸外水位,2024/01/28,23:40:01,4.0
下游闸内水位,2024/01/28,23:42:33,4.1
下游闸外水位,2024/01/28,23:42:33,3.5
下游闸内水位,2024/01/28,23:45:28,3.7
下游闸外水位,2024/01/28,23:45:28,3.5
内河侧水位,2024/01/29,0:00:00,4.0
长江侧水位,2024/01/29,0:00:00,3.4
下游闸内水位,2024/01/29,0:27:59,3.4
下游闸外水位,2024/01/29,0:27:59,3.4
上游闸内水位,2024/01/29,0:30:39,3.4
上游闸外水位,2024/01/29,0:30:39,4.0
上游闸内水位,2024/01/29,0:32:50,3.8
上游闸外水位,2024/01/29,0:32:50,3.9
内河侧水位,2024/01/29,1:00:00,3.9
长江侧水位,2024/01/29,1:00:00,3.3
上游闸内水位,2024/01/29,1:20:00,4.0
上游闸外水位,2024/01/29,1:20:00,4.0
下游闸内水位,2024/01/29,1:27:56,3.4
上游闸内水位,2024/01/28,4:48:02,3.9
上游闸外水位,2024/01/28,4:48:02,3.9
下游闸内水位,2024/01/28,4:50:33,3.9
下游闸外水位,2024/01/28,4:50:33,2.6
下游闸内水位,2024/01/28,4:55:22,2.7
下游闸外水位,2024/01/28,4:55:22,2.6
内河侧水位,2024/01/28,5:00:00,3.9
长江侧水位,2024/01/28,5:00:00,2.6
下游闸内水位,2024/01/28,5:30:22,2.8
下游闸外水位,2024/01/28,5:30:22,2.8
上游闸内水位,2024/01/28,5:33:03,2.8
上游闸外水位,2024/01/28,5:33:03,3.9
上游闸内水位,2024/01/28,5:36:38,3.8
上游闸外水位,2024/01/28,5:36:38,3.8
内河侧水位,2024/01/28,6:00:00,3.9
长江侧水位,2024/01/28,6:00:00,3.1
上游闸内水位,2024/01/28,6:09:16,3.9
上游闸外水位,2024/01/28,6:09:16,3.9
下游闸内水位,2024/01/28,6:11:57,3.9
下游闸外水位,2024/01/28,6:11:57,3.3
下游闸内水位,2024/01/28,6:15:42,3.4
下游闸外水位,2024/01/28,6:15:42,3.3
下游闸内水位,2024/01/28,6:52:51,3.8
下游闸外水位,2024/01/28,6:52:51,3.8
上游闸内水位,2024/01/28,6:57:30,3.8
上游闸外水位,2024/01/28,6:57:30,3.9
内河侧水位,2024/01/28,7:00:00,3.9
长江侧水位,2024/01/28,7:00:00,3.8
上游闸内水位,2024/01/28,7:00:15,3.9
上游闸外水位,2024/01/28,7:00:15,3.9
下游闸内水位,2024/01/28,7:13:17,4.0
下游闸外水位,2024/01/28,7:13:17,3.9
内河侧水位,2024/01/28,8:00:00,3.9
长江侧水位,2024/01/28,8:00:00,4.0
内河侧水位,2024/01/28,9:00:00,4.0
长江侧水位,2024/01/28,9:00:00,4.1
上游闸内水位,2024/01/28,9:50:12,3.7
上游闸外水位,2024/01/28,9:50:12,3.7
内河侧水位,2024/01/28,10:00:01,3.8
长江侧水位,2024/01/28,10:00:01,3.6
下游闸内水位,2024/01/28,10:25:55,3.6
下游闸外水位,2024/01/28,10:25:55,3.6
上游闸内水位,2024/01/28,10:28:34,3.5
上游闸外水位,2024/01/28,10:28:34,3.9
上游闸内水位,2024/01/28,10:30:38,3.8
上游闸外水位,2024/01/28,10:30:38,3.8
内河侧水位,2024/01/28,11:00:00,3.9
长江侧水位,2024/01/28,11:00:00,3.4
上游闸内水位,2024/01/28,11:04:04,4.0
上游闸外水位,2024/01/28,11:04:04,3.9
下游闸内水位,2024/01/28,11:07:10,3.9
下游闸外水位,2024/01/28,11:07:10,3.3
下游闸内水位,2024/01/28,11:10:04,3.5
下游闸外水位,2024/01/28,11:10:04,3.3
下游闸内水位,2024/01/28,11:37:56,3.2
下游闸外水位,2024/01/28,11:37:56,3.2
上游闸内水位,2024/01/28,11:40:45,3.2
上游闸外水位,2024/01/28,11:40:45,3.9
上游闸内水位,2024/01/28,11:42:53,3.7
上游闸外水位,2024/01/28,11:42:53,3.8
内河侧水位,2024/01/28,12:00:00,3.8
长江侧水位,2024/01/28,12:00:00,3.2
上游闸内水位,2024/01/28,12:25:44,3.9
上游闸外水位,2024/01/28,12:25:44,3.9
下游闸内水位,2024/01/28,12:29:07,3.9
下游闸外水位,2024/01/28,12:29:07,3.1
下游闸内水位,2024/01/28,12:32:43,3.2
下游闸外水位,2024/01/28,12:32:43,3.1
下游闸内水位,2024/01/28,12:59:33,3.0
下游闸外水位,2024/01/28,12:59:33,3.0
内河侧水位,2024/01/28,13:00:00,3.9
长江侧水位,2024/01/28,13:00:00,3.0
上游闸内水位,2024/01/28,13:02:45,3.0
上游闸外水位,2024/01/28,13:02:45,3.9
上游闸内水位,2024/01/28,13:05:26,3.7
上游闸外水位,2024/01/28,13:05:26,3.8
上游闸内水位,2024/01/28,13:43:17,3.9
上游闸外水位,2024/01/28,13:43:17,3.8
下游闸内水位,2024/01/28,13:46:14,3.9
下游闸外水位,2024/01/28,13:46:14,2.9
下游闸内水位,2024/01/28,13:50:22,3.0
下游闸外水位,2024/01/28,13:50:22,2.8
内河侧水位,2024/01/28,14:00:00,3.9
长江侧水位,2024/01/28,14:00:00,2.9
下游闸内水位,2024/01/28,14:37:07,2.7
下游闸外水位,2024/01/28,14:37:07,2.7
上游闸内水位,2024/01/28,14:39:59,2.8
上游闸外水位,2024/01/28,14:39:59,3.9
上游闸内水位,2024/01/28,14:42:54,3.7
上游闸外水位,2024/01/28,14:42:54,3.8
内河侧水位,2024/01/28,15:00:00,3.8
长江侧水位,2024/01/28,15:00:00,2.7
上游闸内水位,2024/01/28,15:02:55,3.9
上游闸外水位,2024/01/28,15:02:55,3.9
下游闸内水位,2024/01/28,15:05:31,3.9
下游闸外水位,2024/01/28,15:05:31,2.6
下游闸内水位,2024/01/28,15:10:24,2.7
下游闸外水位,2024/01/28,15:10:24,2.6
下游闸内水位,2024/01/28,15:43:24,2.6
下游闸外水位,2024/01/28,15:43:24,2.6
上游闸内水位,2024/01/28,15:46:00,2.6
上游闸外水位,2024/01/28,15:46:00,3.8
上游闸内水位,2024/01/28,15:49:27,3.7
上游闸外水位,2024/01/28,15:49:27,3.9
内河侧水位,2024/01/28,16:00:00,3.8
长江侧水位,2024/01/28,16:00:00,2.5
上游闸内水位,2024/01/28,16:05:59,3.9
上游闸外水位,2024/01/28,16:05:59,3.7
下游闸内水位,2024/01/28,16:08:35,3.9
下游闸外水位,2024/01/28,16:08:35,2.5
下游闸内水位,2024/01/28,16:13:30,2.7
下游闸外水位,2024/01/28,16:13:30,2.5
下游闸内水位,2024/01/28,16:36:45,2.5
下游闸外水位,2024/01/28,16:36:45,2.5
上游闸内水位,2024/01/28,16:39:33,2.5
上游闸外水位,2024/01/28,16:39:33,3.8
上游闸内水位,2024/01/28,16:42:51,3.6
上游闸外水位,2024/01/28,16:42:51,3.8
上游闸内水位,2024/01/28,16:58:46,3.9
上游闸外水位,2024/01/28,16:58:46,3.8
内河侧水位,2024/01/28,17:00:00,3.8
长江侧水位,2024/01/28,17:00:00,2.5
下游闸内水位,2024/01/28,17:01:17,3.9
下游闸外水位,2024/01/28,17:01:17,2.5
下游闸内水位,2024/01/28,17:06:14,2.6
下游闸外水位,2024/01/28,17:06:14,2.5
下游闸内水位,2024/01/28,17:23:55,2.7
下游闸外水位,2024/01/28,17:23:55,2.7
上游闸内水位,2024/01/28,17:26:37,2.8
上游闸外水位,2024/01/28,17:26:37,3.8
上游闸内水位,2024/01/28,17:29:26,3.6
上游闸外水位,2024/01/28,17:29:26,3.8
上游闸内水位,2024/01/28,17:58:26,3.9
上游闸外水位,2024/01/28,17:58:26,3.8
内河侧水位,2024/01/28,18:00:00,3.8
长江侧水位,2024/01/28,18:00:00,3.4
下游闸内水位,2024/01/28,18:01:05,3.9
下游闸外水位,2024/01/28,18:01:05,3.4
下游闸内水位,2024/01/28,18:03:30,3.6
下游闸外水位,2024/01/28,18:03:30,3.4
下游闸内水位,2024/01/29,1:24:20,4.0
下游闸外水位,2024/01/29,1:24:20,3.2
下游闸外水位,2024/01/29,1:27:56,3.2
内河侧水位,2024/01/29,2:00:00,3.9
长江侧水位,2024/01/29,2:00:00,3.1
下游闸内水位,2024/01/29,2:08:51,3.1
下游闸外水位,2024/01/29,2:08:51,3.1
上游闸内水位,2024/01/29,2:11:34,3.0
上游闸外水位,2024/01/29,2:11:34,3.9
上游闸内水位,2024/01/29,2:14:27,3.8
上游闸外水位,2024/01/29,2:14:27,3.9
内河侧水位,2024/01/29,3:00:00,3.9
长江侧水位,2024/01/29,3:00:00,3.0
上游闸内水位,2024/01/29,3:01:18,3.9
上游闸外水位,2024/01/29,3:01:18,3.9
下游闸内水位,2024/01/29,3:04:50,4.0
下游闸外水位,2024/01/29,3:04:50,3.0
下游闸内水位,2024/01/29,3:09:31,3.0
下游闸外水位,2024/01/29,3:09:31,2.9
下游闸内水位,2024/01/29,3:58:33,2.8
下游闸外水位,2024/01/29,3:58:33,2.8
内河侧水位,2024/01/29,4:00:00,3.9
长江侧水位,2024/01/29,4:00:00,2.8
上游闸内水位,2024/01/29,4:01:36,2.8
上游闸外水位,2024/01/29,4:01:36,3.9
上游闸内水位,2024/01/29,4:05:01,3.8
上游闸外水位,2024/01/29,4:05:01,3.9
上游闸内水位,2024/01/29,4:48:24,3.9
上游闸外水位,2024/01/29,4:48:24,3.9
下游闸内水位,2024/01/29,4:50:54,4.0
下游闸外水位,2024/01/29,4:50:54,2.7
下游闸内水位,2024/01/29,4:55:35,2.8
下游闸外水位,2024/01/29,4:55:35,2.7
内河侧水位,2024/01/29,5:00:00,3.9
长江侧水位,2024/01/29,5:00:00,2.6
下游闸内水位,2024/01/29,5:40:02,2.7
下游闸外水位,2024/01/29,5:40:02,2.7
上游闸内水位,2024/01/29,5:42:36,2.7
上游闸外水位,2024/01/29,5:42:36,3.9
下游闸内水位,2024/01/29,7:28:15,4.0
下游闸外水位,2024/01/29,7:28:15,3.9
下游闸内水位,2024/01/30,7:23:07,3.7
下游闸外水位,2024/01/30,7:23:07,3.7
内河侧水位,2024/01/30,15:00:00,3.9
长江侧水位,2024/01/30,15:00:00,3.1
上游闸内水位,2024/01/30,15:02:48,4.0
上游闸外水位,2024/01/30,15:02:48,3.9
上游闸内水位,2024/01/30,17:36:03,3.9
上游闸外水位,2024/01/30,17:36:03,3.9
下游闸内水位,2024/01/30,17:38:46,4.0
下游闸外水位,2024/01/30,17:38:46,2.7
内河侧水位,2024/01/30,18:00:00,3.9
长江侧水位,2024/01/30,18:00:00,2.8
下游闸内水位,2024/01/30,18:03:44,2.9
下游闸外水位,2024/01/30,18:03:44,2.8
上游闸内水位,2024/01/30,18:07:03,2.8
上游闸外水位,2024/01/30,18:07:03,3.9
上游闸内水位,2024/01/30,18:09:56,3.7
上游闸外水位,2024/01/30,18:09:56,3.8
上游闸内水位,2024/01/30,18:19:12,3.9
上游闸外水位,2024/01/30,18:19:12,3.9
下游闸内水位,2024/01/30,18:22:03,3.9
下游闸外水位,2024/01/30,18:22:03,3.0
下游闸内水位,2024/01/30,18:25:45,3.2
下游闸外水位,2024/01/30,18:25:45,3.0
下游闸内水位,2024/01/30,18:51:09,3.6
下游闸外水位,2024/01/30,18:51:09,3.5
上游闸内水位,2024/01/30,18:55:36,3.8
上游闸外水位,2024/01/30,18:55:36,3.8
内河侧水位,2024/01/30,19:00:00,3.9
长江侧水位,2024/01/30,19:00:00,3.7
上游闸内水位,2024/01/30,19:12:21,3.9
上游闸外水位,2024/01/30,19:12:21,3.8
下游闸内水位,2024/01/30,19:15:04,4.0
下游闸外水位,2024/01/30,19:15:04,3.9
下游闸内水位,2024/01/30,19:16:32,3.9
下游闸外水位,2024/01/30,19:16:32,3.8
下游闸内水位,2024/01/30,19:38:42,4.1
下游闸外水位,2024/01/30,19:38:42,4.1
上游闸内水位,2024/01/30,19:41:16,4.1
上游闸外水位,2024/01/30,19:41:16,4.0
上游闸内水位,2024/01/30,19:42:59,4.0
上游闸外水位,2024/01/30,19:42:59,4.0
上游闸内水位,2024/01/30,19:57:19,4.1
上游闸外水位,2024/01/30,19:57:19,4.0
下游闸内水位,2024/01/30,19:59:14,4.2
下游闸外水位,2024/01/30,19:59:14,4.2
内河侧水位,2024/01/30,20:00:00,4.1
长江侧水位,2024/01/30,20:00:00,4.2
下游闸内水位,2024/01/30,20:21:41,4.3
下游闸外水位,2024/01/30,20:21:41,4.3
上游闸内水位,2024/01/30,20:24:26,4.3
上游闸外水位,2024/01/30,20:24:26,4.2
上游闸内水位,2024/01/30,20:26:09,4.3
上游闸外水位,2024/01/30,20:26:09,4.2
上游闸内水位,2024/01/30,20:42:03,4.3
上游闸外水位,2024/01/30,20:42:03,4.3
下游闸内水位,2024/01/30,20:44:34,4.3
下游闸外水位,2024/01/30,20:44:34,4.4
下游闸内水位,2024/01/30,20:46:03,4.4
下游闸外水位,2024/01/30,20:46:03,4.4
内河侧水位,2024/01/30,21:00:00,4.4
长江侧水位,2024/01/30,21:00:00,4.5
下游闸内水位,2024/01/30,21:22:11,4.6
下游闸外水位,2024/01/30,21:22:11,4.5
上游闸内水位,2024/01/30,21:25:15,4.5
上游闸外水位,2024/01/30,21:25:15,4.4
上游闸内水位,2024/01/30,21:26:59,4.5
上游闸外水位,2024/01/30,21:26:59,4.4
上游闸内水位,2024/01/30,21:46:59,4.5
上游闸外水位,2024/01/30,21:46:59,4.4
下游闸内水位,2024/01/30,21:49:29,4.5
下游闸外水位,2024/01/30,21:49:29,4.5
内河侧水位,2024/01/30,22:00:00,4.5
长江侧水位,2024/01/30,22:00:00,4.5
下游闸内水位,2024/01/30,22:21:45,4.4
下游闸外水位,2024/01/30,22:21:45,4.4
上游闸内水位,2024/01/30,22:26:23,4.4
上游闸外水位,2024/01/30,22:26:23,4.4
上游闸内水位,2024/01/30,22:28:07,4.4
上游闸外水位,2024/01/30,22:28:07,4.4
上游闸内水位,2024/01/29,5:45:26,3.5
上游闸外水位,2024/01/29,5:45:26,3.7
内河侧水位,2024/01/29,6:00:00,3.9
长江侧水位,2024/01/29,6:00:00,2.8
上游闸内水位,2024/01/29,6:31:36,3.9
上游闸外水位,2024/01/29,6:31:36,3.9
下游闸内水位,2024/01/29,6:34:06,3.9
下游闸外水位,2024/01/29,6:34:06,3.3
下游闸内水位,2024/01/29,6:36:54,3.5
下游闸外水位,2024/01/29,6:36:54,3.4
内河侧水位,2024/01/29,7:00:00,3.9
长江侧水位,2024/01/29,7:00:00,3.6
下游闸内水位,2024/01/29,7:12:59,3.8
下游闸外水位,2024/01/29,7:12:59,3.8
上游闸内水位,2024/01/29,7:14:27,3.8
上游闸外水位,2024/01/29,7:14:27,3.9
内河侧水位,2024/01/29,8:00:00,3.8
长江侧水位,2024/01/29,8:00:00,3.9
内河侧水位,2024/01/29,9:00:00,4.1
长江侧水位,2024/01/29,9:00:00,4.1
下游闸内水位,2024/01/29,9:56:29,3.8
下游闸外水位,2024/01/29,9:56:29,3.9
内河侧水位,2024/01/29,10:00:00,3.9
长江侧水位,2024/01/29,10:00:00,3.9
下游闸内水位,2024/01/29,10:13:07,3.9
下游闸外水位,2024/01/29,10:13:07,3.8
下游闸内水位,2024/01/29,10:15:20,3.7
下游闸外水位,2024/01/29,10:15:20,3.8
下游闸内水位,2024/01/29,10:16:43,3.8
下游闸外水位,2024/01/29,10:16:43,3.8
下游闸内水位,2024/01/29,10:17:55,3.8
下游闸外水位,2024/01/29,10:17:55,3.8
上游闸内水位,2024/01/29,10:18:45,3.8
上游闸外水位,2024/01/29,10:18:45,3.6
下游闸内水位,2024/01/29,10:21:55,3.8
下游闸外水位,2024/01/29,10:21:55,3.7
下游闸内水位,2024/01/29,10:44:44,3.6
下游闸外水位,2024/01/29,10:44:44,3.6
上游闸内水位,2024/01/29,10:47:21,3.7
上游闸外水位,2024/01/29,10:47:21,3.9
上游闸内水位,2024/01/29,10:49:23,3.9
上游闸外水位,2024/01/29,10:49:23,3.9
内河侧水位,2024/01/29,11:00:00,3.8
长江侧水位,2024/01/29,11:00:00,3.5
上游闸内水位,2024/01/29,11:22:53,3.9
上游闸外水位,2024/01/29,11:22:53,3.9
下游闸内水位,2024/01/29,11:27:51,4.0
下游闸外水位,2024/01/29,11:27:51,3.5
下游闸内水位,2024/01/29,11:31:43,3.5
下游闸外水位,2024/01/29,11:31:43,3.4
内河侧水位,2024/01/29,12:00:00,3.9
长江侧水位,2024/01/29,12:00:00,3.4
下游闸内水位,2024/01/29,12:07:02,3.3
下游闸外水位,2024/01/29,12:07:02,3.3
上游闸内水位,2024/01/29,12:10:01,3.3
上游闸外水位,2024/01/29,12:10:01,3.9
上游闸内水位,2024/01/29,12:11:58,3.7
上游闸外水位,2024/01/29,12:11:58,3.8
上游闸内水位,2024/01/29,12:54:08,4.0
上游闸外水位,2024/01/29,12:54:08,3.9
下游闸内水位,2024/01/29,12:56:45,4.0
下游闸外水位,2024/01/29,12:56:45,3.2
内河侧水位,2024/01/29,13:00:00,3.9
长江侧水位,2024/01/29,13:00:00,3.2
下游闸内水位,2024/01/29,13:00:17,3.3
下游闸外水位,2024/01/29,13:00:17,3.2
下游闸内水位,2024/01/29,13:37:35,3.1
下游闸外水位,2024/01/29,13:37:35,3.1
上游闸内水位,2024/01/29,13:40:16,3.1
上游闸外水位,2024/01/29,13:40:16,3.9
上游闸内水位,2024/01/29,13:42:50,3.7
上游闸外水位,2024/01/29,13:42:50,3.8
上游闸内水位,2024/01/29,13:58:41,4.0
上游闸外水位,2024/01/29,13:58:41,3.8
内河侧水位,2024/01/29,14:00:00,3.9
长江侧水位,2024/01/29,14:00:00,3.0
下游闸内水位,2024/01/29,14:01:21,4.0
下游闸外水位,2024/01/29,14:01:21,3.0
下游闸内水位,2024/01/29,14:05:22,3.1
下游闸外水位,2024/01/29,14:05:22,3.0
下游闸内水位,2024/01/29,14:37:55,2.9
下游闸外水位,2024/01/29,14:37:55,2.9
上游闸内水位,2024/01/29,14:40:52,2.9
上游闸外水位,2024/01/29,14:40:52,3.9
上游闸内水位,2024/01/29,14:48:51,3.9
上游闸外水位,2024/01/29,14:48:51,3.9
上游闸内水位,2024/01/29,14:49:38,3.9
上游闸外水位,2024/01/29,14:49:38,3.9
内河侧水位,2024/01/29,15:00:00,3.5
长江侧水位,2024/01/29,15:00:00,2.9
上游闸内水位,2024/01/29,15:15:01,3.9
上游闸外水位,2024/01/29,15:15:01,3.9
下游闸内水位,2024/01/29,15:17:47,3.9
下游闸外水位,2024/01/29,15:17:47,2.8
下游闸内水位,2024/01/29,15:22:13,2.9
下游闸外水位,2024/01/29,15:22:13,2.8
下游闸内水位,2024/01/29,15:36:03,2.8
下游闸外水位,2024/01/29,15:36:03,2.8
上游闸内水位,2024/01/29,15:38:40,2.8
上游闸外水位,2024/01/29,15:38:40,3.9
上游闸内水位,2024/01/29,15:42:35,3.9
上游闸外水位,2024/01/29,15:42:35,3.9
内河侧水位,2024/01/29,16:00:00,3.9
长江侧水位,2024/01/29,16:00:00,2.8
上游闸内水位,2024/01/29,16:10:41,3.9
上游闸外水位,2024/01/29,16:10:41,3.9
下游闸内水位,2024/01/29,16:13:14,3.9
下游闸外水位,2024/01/29,16:13:14,2.7
下游闸内水位,2024/01/29,16:17:54,2.8
下游闸外水位,2024/01/29,16:17:54,2.7
内河侧水位,2024/01/29,17:00:00,3.9
长江侧水位,2024/01/29,17:00:00,2.6
下游闸内水位,2024/01/29,17:04:55,2.5
下游闸外水位,2024/01/29,17:04:55,2.5
上游闸内水位,2024/01/29,17:07:52,2.6
上游闸外水位,2024/01/29,17:07:52,3.9
上游闸内水位,2024/01/29,17:11:11,3.7
上游闸外水位,2024/01/29,17:11:11,3.8
上游闸内水位,2024/01/29,17:56:54,3.9
上游闸外水位,2024/01/29,17:56:54,3.9
下游闸内水位,2024/01/29,17:59:27,3.9
下游闸外水位,2024/01/29,17:59:27,2.9
内河侧水位,2024/01/29,18:00:00,3.9
长江侧水位,2024/01/29,18:00:00,3.0
下游闸内水位,2024/01/29,18:03:15,3.2
下游闸外水位,2024/01/29,18:03:15,3.0
下游闸内水位,2024/01/29,18:20:22,3.4
下游闸外水位,2024/01/29,18:20:22,3.3
上游闸内水位,2024/01/29,18:23:07,3.4
上游闸外水位,2024/01/29,18:23:07,3.9
上游闸内水位,2024/01/29,18:24:53,3.7
上游闸外水位,2024/01/29,18:24:53,3.8
上游闸内水位,2024/01/29,18:28:50,3.9
上游闸外水位,2024/01/29,18:28:50,3.9
下游闸内水位,2024/01/29,18:31:26,3.9
下游闸外水位,2024/01/29,18:31:26,3.5
下游闸内水位,2024/01/29,18:33:15,3.7
下游闸外水位,2024/01/29,18:33:15,3.6
上游闸内水位,2024/01/29,18:33:38,3.6
上游闸外水位,2024/01/29,18:33:38,3.9
内河侧水位,2024/01/29,19:00:00,3.8
长江侧水位,2024/01/29,19:00:00,3.8
上游闸内水位,2024/01/29,19:48:11,4.2
上游闸外水位,2024/01/29,19:48:11,4.2
内河侧水位,2024/01/29,20:00:00,4.2
长江侧水位,2024/01/29,20:00:00,4.2
下游闸内水位,2024/01/29,20:31:02,4.5
下游闸外水位,2024/01/29,20:31:02,4.4
上游闸内水位,2024/01/29,20:33:44,4.4
上游闸外水位,2024/01/29,20:33:44,4.3
上游闸内水位,2024/01/29,20:35:29,4.4
上游闸外水位,2024/01/29,20:35:29,4.3
内河侧水位,2024/01/29,21:00:00,4.4
长江侧水位,2024/01/29,21:00:00,4.5
上游闸内水位,2024/01/29,21:23:25,4.5
上游闸外水位,2024/01/29,21:23:25,4.4
上游闸内水位,2024/01/29,21:26:08,4.5
上游闸外水位,2024/01/29,21:26:08,4.4
下游闸内水位,2024/01/29,21:26:36,4.5
下游闸外水位,2024/01/29,21:26:36,4.5
下游闸内水位,2024/01/29,21:28:07,4.5
下游闸外水位,2024/01/29,21:28:07,4.5
内河侧水位,2024/01/29,22:00:00,4.3
长江侧水位,2024/01/29,22:00:00,4.3
下游闸内水位,2024/01/29,22:20:08,4.2
下游闸外水位,2024/01/29,22:20:08,4.2
上游闸内水位,2024/01/29,22:23:07,4.2
上游闸外水位,2024/01/29,22:23:07,4.3
上游闸内水位,2024/01/29,22:25:18,4.3
上游闸外水位,2024/01/29,22:25:18,4.3
内河侧水位,2024/01/29,23:00:00,4.2
长江侧水位,2024/01/29,23:00:00,4.0
上游闸内水位,2024/01/29,23:03:38,4.2
上游闸外水位,2024/01/29,23:03:38,4.2
下游闸内水位,2024/01/29,23:06:44,4.2
下游闸外水位,2024/01/29,23:06:44,3.9
下游闸内水位,2024/01/29,23:08:53,4.0
下游闸外水位,2024/01/29,23:08:53,3.9
上游闸内水位,2024/01/29,23:45:54,3.8
上游闸外水位,2024/01/29,23:45:54,4.1
内河侧水位,2024/01/30,0:00:00,4.1
长江侧水位,2024/01/30,0:00:00,3.7
上游闸内水位,2024/01/30,0:28:38,4.1
上游闸外水位,2024/01/30,0:28:38,4.1
下游闸内水位,2024/01/30,0:36:39,3.6
下游闸外水位,2024/01/30,0:36:39,3.5
内河侧水位,2024/01/30,1:00:00,4.0
长江侧水位,2024/01/30,1:00:00,3.4
下游闸内水位,2024/01/30,1:17:38,3.4
下游闸外水位,2024/01/30,1:17:38,3.4
上游闸内水位,2024/01/30,1:20:16,3.4
上游闸外水位,2024/01/30,1:20:16,4.0
上游闸内水位,2024/01/30,1:22:33,3.9
上游闸外水位,2024/01/30,1:22:33,4.0
内河侧水位,2024/01/30,2:00:00,4.0
长江侧水位,2024/01/30,2:00:00,3.3
上游闸内水位,2024/01/30,2:16:29,4.0
上游闸外水位,2024/01/30,2:16:29,4.0
下游闸内水位,2024/01/30,2:19:09,4.0
下游闸外水位,2024/01/30,2:19:09,3.2
下游闸内水位,2024/01/30,2:22:46,3.3
下游闸外水位,2024/01/30,2:22:46,3.2
内河侧水位,2024/01/30,3:00:00,4.0
长江侧水位,2024/01/30,3:00:00,3.1
下游闸内水位,2024/01/30,3:06:41,3.1
下游闸外水位,2024/01/30,3:06:41,3.1
上游闸内水位,2024/01/30,3:09:18,3.1
上游闸外水位,2024/01/30,3:09:18,4.0
上游闸内水位,2024/01/30,3:11:45,3.7
上游闸外水位,2024/01/30,3:11:45,3.9
上游闸内水位,2024/01/30,3:51:40,4.0
上游闸外水位,2024/01/30,3:51:40,3.9
下游闸内水位,2024/01/30,3:54:30,4.0
下游闸外水位,2024/01/30,3:54:30,3.0
下游闸内水位,2024/01/30,3:58:48,3.1
下游闸外水位,2024/01/30,3:58:48,3.0
内河侧水位,2024/01/30,4:00:00,4.0
长江侧水位,2024/01/30,4:00:00,2.9
下游闸内水位,2024/01/30,4:47:27,2.9
下游闸外水位,2024/01/30,4:47:27,2.9
上游闸内水位,2024/01/30,4:50:04,2.8
上游闸外水位,2024/01/30,4:50:04,3.9
上游闸内水位,2024/01/30,4:53:30,3.9
上游闸外水位,2024/01/30,4:53:30,3.9
内河侧水位,2024/01/30,5:00:00,3.9
长江侧水位,2024/01/30,5:00:00,2.8
上游闸内水位,2024/01/30,5:35:36,4.0
上游闸外水位,2024/01/30,5:35:36,3.9
下游闸内水位,2024/01/30,5:38:14,4.0
下游闸外水位,2024/01/30,5:38:14,2.8
下游闸内水位,2024/01/30,5:42:54,2.9
下游闸外水位,2024/01/30,5:42:54,2.8
内河侧水位,2024/01/30,6:00:00,3.9
长江侧水位,2024/01/30,6:00:00,2.8
下游闸内水位,2024/01/30,6:29:32,3.0
下游闸外水位,2024/01/30,6:29:32,3.0
上游闸内水位,2024/01/30,6:32:15,3.1
上游闸外水位,2024/01/30,6:32:15,3.9
上游闸内水位,2024/01/30,6:35:03,3.7
上游闸外水位,2024/01/30,6:35:03,3.9
内河侧水位,2024/01/30,7:00:00,4.0
长江侧水位,2024/01/30,7:00:00,3.4
上游闸内水位,2024/01/30,7:16:41,4.0
上游闸外水位,2024/01/30,7:16:41,3.9
下游闸内水位,2024/01/30,7:19:15,4.0
下游闸外水位,2024/01/30,7:19:15,3.6
上游闸内水位,2024/01/30,7:37:13,3.8
上游闸外水位,2024/01/30,7:37:13,3.9
内河侧水位,2024/01/30,8:00:00,3.9
长江侧水位,2024/01/30,8:00:00,4.0
内河侧水位,2024/01/30,9:00:00,4.1
长江侧水位,2024/01/30,9:00:00,4.2
内河侧水位,2024/01/30,10:00:00,4.2
长江侧水位,2024/01/30,10:00:00,4.2
下游闸内水位,2024/01/30,10:39:51,4.0
下游闸外水位,2024/01/30,10:39:51,4.0
下游闸内水位,2024/01/30,10:42:02,4.1
下游闸外水位,2024/01/30,10:42:02,3.9
上游闸内水位,2024/01/30,10:46:00,4.0
上游闸外水位,2024/01/30,10:46:00,4.0
下游闸内水位,2024/01/30,10:50:59,4.1
下游闸内水位,2024/01/29,23:42:53,3.8
下游闸外水位,2024/01/29,23:42:53,3.7
上游闸内水位,2024/01/29,23:47:59,4.1
上游闸外水位,2024/01/29,23:47:59,4.1
下游闸内水位,2024/01/30,0:32:44,4.1
下游闸外水位,2024/01/30,0:32:44,3.5
下游闸外水位,2024/01/30,10:50:59,3.9
下游闸内水位,2024/01/30,10:52:34,3.9
下游闸外水位,2024/01/30,10:52:34,3.9
内河侧水位,2024/01/30,11:00:00,4.1
长江侧水位,2024/01/30,11:00:00,3.9
下游闸内水位,2024/01/30,11:27:02,3.8
下游闸外水位,2024/01/30,11:27:02,3.8
上游闸内水位,2024/01/30,11:29:40,3.7
上游闸外水位,2024/01/30,11:29:40,4.0
上游闸内水位,2024/01/30,11:31:40,4.0
上游闸外水位,2024/01/30,11:31:40,4.0
上游闸内水位,2024/01/30,11:51:35,4.1
上游闸外水位,2024/01/30,11:51:35,4.0
内河侧水位,2024/01/30,12:00:00,4.0
长江侧水位,2024/01/30,12:00:00,3.6
上游闸内水位,2024/01/30,12:06:35,4.1
上游闸外水位,2024/01/30,12:06:35,4.0
上游闸内水位,2024/01/30,12:08:31,4.0
上游闸外水位,2024/01/30,12:08:31,4.0
上游闸内水位,2024/01/30,12:32:14,4.0
上游闸外水位,2024/01/30,12:32:14,4.0
下游闸内水位,2024/01/30,12:34:46,4.0
下游闸外水位,2024/01/30,12:34:46,3.5
下游闸内水位,2024/01/30,12:37:39,3.6
下游闸外水位,2024/01/30,12:37:39,3.5
下游闸内水位,2024/01/30,12:44:52,3.4
下游闸外水位,2024/01/30,12:44:52,3.3
上游闸内水位,2024/01/30,12:47:28,3.4
上游闸外水位,2024/01/30,12:47:28,4.0
上游闸内水位,2024/01/30,12:49:25,3.8
上游闸外水位,2024/01/30,12:49:25,3.9
内河侧水位,2024/01/30,13:00:00,4.0
长江侧水位,2024/01/30,13:00:00,3.3
上游闸内水位,2024/01/30,13:01:09,4.0
上游闸外水位,2024/01/30,13:01:09,4.0
下游闸内水位,2024/01/30,13:03:42,4.0
下游闸外水位,2024/01/30,13:03:42,3.3
下游闸内水位,2024/01/30,13:06:54,3.5
下游闸外水位,2024/01/30,13:06:54,3.3
下游闸内水位,2024/01/30,13:14:11,3.4
下游闸外水位,2024/01/30,13:14:11,3.4
上游闸内水位,2024/01/30,13:16:55,3.3
上游闸外水位,2024/01/30,13:16:55,4.0
上游闸内水位,2024/01/30,13:19:13,3.8
上游闸外水位,2024/01/30,13:19:13,3.9
上游闸内水位,2024/01/30,13:36:25,4.0
上游闸外水位,2024/01/30,13:36:25,3.9
下游闸内水位,2024/01/30,13:40:58,4.0
下游闸外水位,2024/01/30,13:40:58,3.2
下游闸内水位,2024/01/30,13:44:13,3.4
下游闸外水位,2024/01/30,13:44:13,3.3
下游闸内水位,2024/01/30,13:53:42,3.2
下游闸外水位,2024/01/30,13:53:42,3.2
上游闸内水位,2024/01/30,13:56:21,3.2
上游闸外水位,2024/01/30,13:56:21,3.9
上游闸内水位,2024/01/30,13:58:28,3.7
上游闸外水位,2024/01/30,13:58:28,3.9
内河侧水位,2024/01/30,14:00:00,4.0
长江侧水位,2024/01/30,14:00:00,3.2
上游闸内水位,2024/01/30,14:19:38,4.0
上游闸外水位,2024/01/30,14:19:38,3.9
下游闸内水位,2024/01/30,14:22:16,4.0
下游闸外水位,2024/01/30,14:22:16,3.2
下游闸内水位,2024/01/30,14:26:14,3.2
下游闸外水位,2024/01/30,14:26:14,3.1
下游闸内水位,2024/01/30,14:39:11,3.1
下游闸外水位,2024/01/30,14:39:11,3.1
上游闸内水位,2024/01/30,14:41:57,3.1
上游闸外水位,2024/01/30,14:41:57,3.9
上游闸内水位,2024/01/30,14:44:27,3.7
上游闸外水位,2024/01/30,14:44:27,3.9
下游闸内水位,2024/01/30,15:05:43,4.0
下游闸外水位,2024/01/30,15:05:43,3.0
下游闸内水位,2024/01/30,15:09:34,3.2
下游闸外水位,2024/01/30,15:09:34,3.0
下游闸内水位,2024/01/30,15:42:10,3.0
下游闸外水位,2024/01/30,15:42:10,2.9
上游闸内水位,2024/01/30,15:44:45,2.9
上游闸外水位,2024/01/30,15:44:45,3.9
上游闸内水位,2024/01/30,15:47:37,3.7
上游闸外水位,2024/01/30,15:47:37,3.8
内河侧水位,2024/01/30,16:00:00,3.8
长江侧水位,2024/01/30,16:00:00,2.9
上游闸内水位,2024/01/30,16:17:21,4.0
上游闸外水位,2024/01/30,16:17:21,3.9
下游闸内水位,2024/01/30,16:20:21,4.0
下游闸外水位,2024/01/30,16:20:21,2.8
下游闸内水位,2024/01/30,16:24:52,3.0
下游闸外水位,2024/01/30,16:24:52,2.8
内河侧水位,2024/01/30,17:00:00,3.9
长江侧水位,2024/01/30,17:00:00,2.7
下游闸内水位,2024/01/30,17:01:03,2.8
下游闸外水位,2024/01/30,17:01:03,2.8
上游闸内水位,2024/01/30,17:04:46,2.8
上游闸外水位,2024/01/30,17:04:46,3.9
上游闸内水位,2024/01/30,17:07:55,3.8
上游闸外水位,2024/01/30,17:07:55,3.9
上游闸内水位,2024/01/30,22:50:08,4.3
上游闸外水位,2024/01/30,22:50:08,4.3
下游闸内水位,2024/01/30,22:53:45,4.3
下游闸外水位,2024/01/30,22:53:45,4.2
下游闸内水位,2024/01/30,22:55:12,4.3
下游闸外水位,2024/01/30,22:55:12,4.2
内河侧水位,2024/01/30,23:00:00,4.2
长江侧水位,2024/01/30,23:00:00,4.1
下游闸内水位,2024/01/30,23:15:32,4.1
下游闸外水位,2024/01/30,23:15:32,4.0
上游闸内水位,2024/01/30,23:18:05,4.0
上游闸外水位,2024/01/30,23:18:05,4.2
上游闸内水位,2024/01/30,23:20:05,4.2
上游闸外水位,2024/01/30,23:20:05,4.2
上游闸内水位,2024/01/30,23:33:21,4.2
上游闸外水位,2024/01/30,23:33:21,4.2
下游闸内水位,2024/01/30,23:35:52,4.2
下游闸外水位,2024/01/30,23:35:52,3.9
下游闸内水位,2024/01/30,23:37:35,4.0
下游闸外水位,2024/01/30,23:37:35,3.9
内河侧水位,2024/01/31,0:00:00,4.1
长江侧水位,2024/01/31,0:00:00,3.8
下游闸内水位,2024/01/31,0:01:47,3.8
下游闸外水位,2024/01/31,0:01:47,3.8
上游闸内水位,2024/01/31,0:04:38,3.8
上游闸外水位,2024/01/31,0:04:38,4.1
上游闸内水位,2024/01/31,0:08:23,4.2
上游闸外水位,2024/01/31,0:08:23,4.2
上游闸内水位,2024/01/31,0:27:06,4.2
上游闸外水位,2024/01/31,0:27:06,4.1
下游闸内水位,2024/01/31,0:29:39,4.2
下游闸外水位,2024/01/31,0:29:39,3.7
下游闸内水位,2024/01/31,0:34:12,3.7
下游闸外水位,2024/01/31,0:34:12,3.6
内河侧水位,2024/01/31,1:00:00,4.1
长江侧水位,2024/01/31,1:00:00,3.5
下游闸内水位,2024/01/31,1:06:46,3.6
下游闸外水位,2024/01/31,1:06:46,3.5
下游闸内水位,2024/01/31,1:09:29,3.6
下游闸外水位,2024/01/31,1:09:29,3.5
下游闸内水位,2024/01/31,1:11:03,3.5
下游闸外水位,2024/01/31,1:11:03,3.5
下游闸内水位,2024/01/31,1:19:55,3.5
下游闸外水位,2024/01/31,1:19:55,3.5
上游闸内水位,2024/01/31,1:22:30,3.5
上游闸外水位,2024/01/31,1:22:30,4.1
上游闸内水位,2024/01/31,1:24:50,3.9
上游闸外水位,2024/01/31,1:24:50,4.0
上游闸内水位,2024/01/31,1:42:22,4.1
上游闸外水位,2024/01/31,1:42:22,4.0
内河侧水位,2024/01/31,2:00:01,4.0
长江侧水位,2024/01/31,2:00:01,3.4
下游闸内水位,2024/01/31,2:04:13,4.1
下游闸外水位,2024/01/31,2:04:13,3.4
下游闸内水位,2024/01/31,8:18:48,3.9
下游闸外水位,2024/01/31,8:18:48,3.9
下游闸内水位,2024/01/31,8:31:32,4.0
下游闸外水位,2024/01/31,8:31:32,4.0
上游闸内水位,2024/01/31,8:34:31,4.0
上游闸外水位,2024/01/31,8:34:31,3.9
上游闸内水位,2024/01/31,8:36:39,3.9
上游闸外水位,2024/01/31,8:36:39,3.9
上游闸内水位,2024/01/31,8:43:40,4.0
上游闸外水位,2024/01/31,8:43:40,4.0
内河侧水位,2024/01/31,9:00:00,3.9
长江侧水位,2024/01/31,9:00:00,4.1
上游闸内水位,2024/01/31,9:07:39,4.0
上游闸外水位,2024/01/31,9:07:39,3.9
上游闸内水位,2024/01/31,9:09:42,4.0
上游闸外水位,2024/01/31,9:09:42,3.9
上游闸内水位,2024/01/31,9:39:34,4.0
下游闸内水位,2024/01/30,17:43:33,2.9
下游闸外水位,2024/01/30,17:43:33,2.8
上游闸内水位,2024/01/30,18:53:51,3.6
上游闸外水位,2024/01/30,18:53:51,3.9
上游闸外水位,2024/01/31,9:39:34,4.0
下游闸内水位,2024/01/31,9:42:04,4.0
下游闸外水位,2024/01/31,9:42:04,4.2
下游闸内水位,2024/01/31,9:43:39,4.2
下游闸外水位,2024/01/31,9:43:39,4.2
下游闸内水位,2024/01/31,9:55:36,4.4
下游闸外水位,2024/01/31,9:55:36,4.3
上游闸内水位,2024/01/31,9:58:13,4.3
上游闸外水位,2024/01/31,9:58:13,4.0
内河侧水位,2024/01/31,10:00:00,4.0
长江侧水位,2024/01/31,10:00:00,4.2
上游闸内水位,2024/01/31,10:00:07,4.1
上游闸外水位,2024/01/31,10:00:07,4.0
上游闸内水位,2024/01/31,10:18:44,4.0
上游闸外水位,2024/01/31,10:18:44,4.0
下游闸内水位,2024/01/31,10:21:23,4.1
下游闸外水位,2024/01/31,10:21:23,4.2
下游闸内水位,2024/01/31,10:22:56,4.2
下游闸外水位,2024/01/31,10:22:56,4.2
下游闸内水位,2024/01/31,10:33:38,4.1
下游闸外水位,2024/01/31,10:33:38,4.1
上游闸内水位,2024/01/31,10:36:17,4.1
上游闸外水位,2024/01/31,10:36:17,4.0
上游闸内水位,2024/01/31,10:38:03,4.0
上游闸外水位,2024/01/31,10:38:03,4.0
上游闸内水位,2024/01/31,10:48:40,4.0
上游闸外水位,2024/01/31,10:48:40,4.0
下游闸内水位,2024/01/31,10:51:12,4.1
下游闸外水位,2024/01/31,10:51:12,4.0
下游闸内水位,2024/01/31,10:52:48,4.0
下游闸外水位,2024/01/31,10:52:48,4.0
内河侧水位,2024/01/31,11:00:00,4.0
长江侧水位,2024/01/31,11:00:00,4.0
下游闸内水位,2024/01/31,11:08:48,3.9
下游闸外水位,2024/01/31,11:08:48,3.9
上游闸内水位,2024/01/31,11:11:28,3.9
上游闸外水位,2024/01/31,11:11:28,4.0
上游闸内水位,2024/01/31,11:13:13,4.0
上游闸外水位,2024/01/31,11:13:13,4.0
上游闸内水位,2024/01/31,11:32:48,4.0
上游闸外水位,2024/01/31,11:32:48,4.0
下游闸内水位,2024/01/31,11:37:20,4.1
下游闸外水位,2024/01/31,11:37:20,3.8
下游闸内水位,2024/01/31,11:39:02,3.9
下游闸外水位,2024/01/31,11:39:02,3.8
下游闸内水位,2024/01/31,11:47:27,3.7
下游闸外水位,2024/01/31,11:47:27,3.7
上游闸内水位,2024/01/31,11:50:04,3.7
上游闸外水位,2024/01/31,11:50:04,4.0
上游闸内水位,2024/01/31,11:51:53,4.0
上游闸外水位,2024/01/31,11:51:53,4.0
内河侧水位,2024/01/31,12:00:00,4.0
长江侧水位,2024/01/31,12:00:00,3.7
上游闸内水位,2024/01/31,12:15:27,4.0
上游闸外水位,2024/01/31,12:15:27,4.0
下游闸内水位,2024/01/31,12:18:08,4.1
下游闸外水位,2024/01/31,12:18:08,3.6
下游闸内水位,2024/01/31,12:20:41,3.7
下游闸外水位,2024/01/31,12:20:41,3.6
下游闸内水位,2024/01/31,12:40:11,3.5
下游闸外水位,2024/01/31,12:40:11,3.6
上游闸内水位,2024/01/31,12:42:51,3.5
上游闸外水位,2024/01/31,12:42:51,4.0
上游闸内水位,2024/01/31,12:44:40,3.8
上游闸外水位,2024/01/31,12:44:40,3.9
内河侧水位,2024/01/31,13:00:00,4.0
长江侧水位,2024/01/31,13:00:00,3.5
上游闸内水位,2024/01/31,13:02:46,4.0
上游闸外水位,2024/01/31,13:02:46,4.0
下游闸内水位,2024/01/31,13:05:49,4.0
下游闸外水位,2024/01/31,13:05:49,3.5
下游闸内水位,2024/01/31,13:08:55,3.5
下游闸外水位,2024/01/31,13:08:55,3.4
下游闸内水位,2024/01/31,13:20:25,3.4
下游闸外水位,2024/01/31,13:20:25,3.4
上游闸内水位,2024/01/31,13:23:03,3.4
上游闸外水位,2024/01/31,13:23:03,4.0
上游闸内水位,2024/01/31,13:24:58,3.8
上游闸外水位,2024/01/31,13:24:58,3.9
上游闸内水位,2024/01/31,13:47:36,4.1
上游闸外水位,2024/01/31,13:47:36,4.0
下游闸内水位,2024/01/31,13:50:24,4.1
下游闸外水位,2024/01/31,13:50:24,3.3
内河侧水位,2024/01/31,3:00:00,4.0
长江侧水位,2024/01/31,3:00:00,3.2
内河侧水位,2024/01/31,4:00:00,4.0
长江侧水位,2024/01/31,4:00:00,3.0
内河侧水位,2024/01/31,5:00:00,3.9
长江侧水位,2024/01/31,5:00:00,2.9
内河侧水位,2024/01/31,6:00:00,3.9
长江侧水位,2024/01/31,6:00:00,2.8
内河侧水位,2024/01/31,7:00:00,3.9
长江侧水位,2024/01/31,7:00:00,3.0
内河侧水位,2024/01/31,8:00:00,3.9
长江侧水位,2024/01/31,8:00:00,3.8
下游闸内水位,2024/01/31,13:53:37,3.5
下游闸外水位,2024/01/31,13:53:37,3.3
内河侧水位,2024/01/31,14:00:01,4.0
长江侧水位,2024/01/31,14:00:01,3.2
下游闸内水位,2024/01/31,14:38:36,3.1
下游闸外水位,2024/01/31,14:38:36,3.2
上游闸内水位,2024/01/31,14:41:22,3.2
上游闸外水位,2024/01/31,14:41:22,4.0
上游闸内水位,2024/01/31,14:43:54,3.8
上游闸外水位,2024/01/31,14:43:54,3.9
内河侧水位,2024/01/31,15:00:00,4.0
长江侧水位,2024/01/31,15:00:00,3.1
上游闸内水位,2024/01/31,15:12:53,4.0
上游闸外水位,2024/01/31,15:12:53,4.0
下游闸内水位,2024/01/31,15:15:45,4.0
下游闸外水位,2024/01/31,15:15:45,3.1
下游闸内水位,2024/01/31,15:19:47,3.2
下游闸外水位,2024/01/31,15:19:47,3.1
下游闸内水位,2024/01/31,15:53:39,3.0
下游闸外水位,2024/01/31,15:53:39,3.0
上游闸内水位,2024/01/31,15:56:20,3.0
上游闸外水位,2024/01/31,15:56:20,4.0
上游闸内水位,2024/01/31,15:59:08,3.8
上游闸外水位,2024/01/31,15:59:08,3.9
内河侧水位,2024/01/31,16:00:00,4.0
长江侧水位,2024/01/31,16:00:00,3.0
上游闸内水位,2024/01/31,16:28:29,4.0
上游闸外水位,2024/01/31,16:28:29,4.0
下游闸内水位,2024/01/31,16:31:04,4.0
下游闸外水位,2024/01/31,16:31:04,3.0
下游闸内水位,2024/01/31,16:35:19,3.1
下游闸外水位,2024/01/31,16:35:19,2.9
内河侧水位,2024/01/31,17:00:00,4.0
长江侧水位,2024/01/31,17:00:00,2.8
下游闸内水位,2024/01/31,17:07:21,2.9
下游闸外水位,2024/01/31,17:07:21,2.9
下游闸内水位,2024/01/31,17:41:18,2.9
下游闸外水位,2024/01/31,17:41:18,2.8
上游闸内水位,2024/01/31,18:40:06,4.0
上游闸外水位,2024/01/31,18:40:06,3.9
下游闸内水位,2024/01/31,18:42:44,4.0
下游闸外水位,2024/01/31,18:42:44,2.9
下游闸内水位,2024/01/31,19:30:24,3.7
下游闸外水位,2024/01/31,19:30:24,3.7
上游闸内水位,2024/01/31,19:33:06,3.7
上游闸外水位,2024/01/31,19:33:06,4.0
上游闸内水位,2024/01/31,19:35:11,4.0
上游闸外水位,2024/01/31,19:35:11,4.0
内河侧水位,2024/01/31,20:00:00,4.0
长江侧水位,2024/01/31,20:00:00,4.0
上游闸内水位,2024/01/31,20:19:56,4.1
上游闸外水位,2024/01/31,20:19:56,4.0
下游闸内水位,2024/01/31,20:22:31,4.1
下游闸外水位,2024/01/31,20:22:31,4.1
下游闸内水位,2024/01/31,20:24:27,4.2
下游闸外水位,2024/01/31,20:24:27,4.1
内河侧水位,2024/01/31,21:00:00,4.2
长江侧水位,2024/01/31,21:00:00,4.3
下游闸内水位,2024/01/31,21:07:11,4.4
下游闸外水位,2024/01/31,21:07:11,4.4
上游闸内水位,2024/01/31,21:09:56,4.4
上游闸外水位,2024/01/31,21:09:56,4.3
上游闸内水位,2024/01/31,21:11:50,4.3
上游闸外水位,2024/01/31,21:11:50,4.3
上游闸内水位,2024/01/31,21:28:53,4.4
上游闸外水位,2024/01/31,21:28:53,4.4
下游闸内水位,2024/01/31,21:31:30,4.4
下游闸外水位,2024/01/31,21:31:30,4.5
下游闸内水位,2024/01/31,21:32:58,4.5
下游闸外水位,2024/01/31,21:32:58,4.5
下游闸内水位,2024/01/31,21:57:50,4.5
下游闸外水位,2024/01/31,21:57:50,4.5
内河侧水位,2024/01/31,22:00:00,4.4
长江侧水位,2024/01/31,22:00:00,4.5
上游闸内水位,2024/01/31,22:00:29,4.5
上游闸内水位,2024/01/31,17:09:59,2.9
上游闸外水位,2024/01/31,17:09:59,4.0
上游闸内水位,2024/01/31,17:14:05,4.0
上游闸外水位,2024/01/31,17:14:05,4.0
上游闸内水位,2024/01/31,17:33:57,4.0
上游闸外水位,2024/01/31,17:33:57,3.9
下游闸内水位,2024/01/31,17:36:34,4.1
下游闸外水位,2024/01/31,17:36:34,2.8
内河侧水位,2024/01/31,18:00:00,3.9
长江侧水位,2024/01/31,18:00:00,2.8
下游闸内水位,2024/01/31,18:03:57,2.8
下游闸外水位,2024/01/31,18:03:57,2.8
上游闸内水位,2024/01/31,18:06:37,2.8
上游闸外水位,2024/01/31,18:06:37,3.9
上游闸内水位,2024/01/31,18:10:04,3.9
上游闸外水位,2024/01/31,18:10:04,4.0
下游闸内水位,2024/01/31,18:46:46,3.1
下游闸外水位,2024/01/31,18:46:46,3.0
内河侧水位,2024/01/31,19:00:00,4.0
长江侧水位,2024/01/31,19:00:00,3.2
上游闸内水位,2024/01/31,22:19:02,4.5
上游闸外水位,2024/01/31,22:19:02,4.4
下游闸内水位,2024/01/31,22:21:40,4.5
下游闸外水位,2024/01/31,22:21:40,4.5
下游闸内水位,2024/01/31,22:23:13,4.5
下游闸外水位,2024/01/31,22:23:13,4.5
下游闸内水位,2024/01/31,22:41:50,4.4
下游闸外水位,2024/01/31,22:41:50,4.4
上游闸内水位,2024/01/31,22:46:22,4.4
上游闸外水位,2024/01/31,22:46:22,4.4
内河侧水位,2024/01/31,23:00:00,4.3
长江侧水位,2024/01/31,23:00:00,4.2
上游闸内水位,2024/01/31,23:01:04,4.3
上游闸外水位,2024/01/31,23:01:04,4.3
下游闸内水位,2024/01/31,23:03:37,4.3
下游闸外水位,2024/01/31,23:03:37,4.2
下游闸内水位,2024/01/31,23:05:16,4.2
下游闸外水位,2024/01/31,23:05:16,4.2
下游闸内水位,2024/01/31,23:33:44,4.0
下游闸外水位,2024/01/31,23:33:44,3.9
上游闸内水位,2024/01/31,23:36:25,4.1
上游闸外水位,2024/01/31,23:36:25,4.2
上游闸内水位,2024/01/31,23:38:13,4.2
上游闸外水位,2024/01/31,23:38:13,4.2
上游闸外水位,2024/01/31,22:00:29,4.4
上游闸内水位,2024/01/31,22:02:20,4.5
上游闸外水位,2024/01/31,22:02:20,4.4
上游闸内水位,2024/01/31,22:44:36,4.4
上游闸外水位,2024/01/31,22:44:36,4.4
