名称,日期,时间,数值
下游闸内水位,2024/05/02,16:21:56,5.0
下游闸外水位,2024/05/02,16:21:56,5.0
上游闸内水位,2024/05/02,16:24:29,5.0
上游闸外水位,2024/05/02,16:24:29,4.4
上游闸内水位,2024/05/02,16:27:09,4.5
上游闸外水位,2024/05/02,16:27:09,4.4
内河侧水位,2024/05/02,17:00:00,4.5
长江侧水位,2024/05/02,17:00:00,5.0
上游闸内水位,2024/05/02,17:06:18,4.4
上游闸外水位,2024/05/02,17:06:18,4.5
下游闸内水位,2024/05/02,17:08:48,4.4
下游闸外水位,2024/05/02,17:08:48,5.0
下游闸内水位,2024/05/02,17:12:32,5.0
下游闸外水位,2024/05/02,17:12:32,5.0
下游闸内水位,2024/05/02,17:50:19,4.9
下游闸外水位,2024/05/02,17:50:19,4.9
上游闸内水位,2024/05/02,17:53:14,4.9
上游闸外水位,2024/05/02,17:53:14,4.5
上游闸内水位,2024/05/02,17:54:43,4.7
上游闸外水位,2024/05/02,17:54:43,4.5
内河侧水位,2024/05/02,18:00:00,4.6
长江侧水位,2024/05/02,18:00:00,4.9
上游闸内水位,2024/05/02,18:18:55,4.4
上游闸外水位,2024/05/02,18:18:55,4.5
下游闸内水位,2024/05/02,18:21:47,4.4
下游闸外水位,2024/05/02,18:21:47,4.9
下游闸内水位,2024/05/02,18:23:46,4.7
下游闸外水位,2024/05/02,18:23:46,4.8
下游闸内水位,2024/05/02,18:38:25,4.8
下游闸外水位,2024/05/02,18:38:25,4.8
上游闸内水位,2024/05/02,18:43:21,4.8
上游闸外水位,2024/05/02,18:43:21,4.4
上游闸内水位,2024/05/02,18:45:33,4.5
上游闸外水位,2024/05/02,18:45:33,4.4
内河侧水位,2024/05/02,19:00:00,4.4
长江侧水位,2024/05/02,19:00:00,4.8
上游闸内水位,2024/05/02,19:14:00,4.4
上游闸外水位,2024/05/02,19:14:00,4.4
下游闸内水位,2024/05/02,19:17:36,4.4
下游闸外水位,2024/05/02,19:17:36,4.8
下游闸内水位,2024/05/02,19:19:21,4.6
下游闸外水位,2024/05/02,19:19:21,4.8
下游闸内水位,2024/05/02,19:57:55,4.7
下游闸外水位,2024/05/02,19:57:55,4.7
内河侧水位,2024/05/02,20:00:00,4.4
长江侧水位,2024/05/02,20:00:00,4.7
上游闸内水位,2024/05/02,20:01:26,4.7
上游闸外水位,2024/05/02,20:01:26,4.4
上游闸内水位,2024/05/02,20:02:57,4.5
上游闸外水位,2024/05/02,20:02:57,4.4
上游闸内水位,2024/05/02,20:42:16,4.3
上游闸外水位,2024/05/02,20:42:16,4.4
下游闸内水位,2024/05/02,20:44:50,4.3
下游闸外水位,2024/05/02,20:44:50,4.6
下游闸内水位,2024/05/02,20:46:33,4.5
下游闸外水位,2024/05/02,20:46:33,4.6
内河侧水位,2024/05/02,21:00:00,4.4
长江侧水位,2024/05/02,21:00:00,4.6
下游闸内水位,2024/05/02,21:38:45,4.6
下游闸外水位,2024/05/02,21:38:45,4.6
上游闸内水位,2024/05/02,21:41:41,4.6
上游闸外水位,2024/05/02,21:41:41,4.3
上游闸内水位,2024/05/02,21:43:20,4.4
上游闸外水位,2024/05/02,21:43:20,4.3
内河侧水位,2024/05/02,22:00:00,4.3
长江侧水位,2024/05/02,22:00:00,4.6
上游闸内水位,2024/05/02,22:27:15,4.3
上游闸外水位,2024/05/02,22:27:15,4.2
下游闸内水位,2024/05/02,22:29:52,4.2
下游闸外水位,2024/05/02,22:29:52,4.6
下游闸内水位,2024/05/02,22:31:25,4.4
下游闸外水位,2024/05/02,22:31:25,4.6
上游闸内水位,2024/05/03,20:19:53,4.5
上游闸外水位,2024/05/03,20:19:53,4.5
下游闸内水位,2024/05/03,20:22:26,4.5
下游闸外水位,2024/05/03,20:22:26,5.0
下游闸内水位,2024/05/03,20:24:38,4.8
下游闸外水位,2024/05/03,20:24:38,5.0
内河侧水位,2024/05/03,21:00:00,4.2
长江侧水位,2024/05/03,21:00:00,4.9
下游闸内水位,2024/05/03,21:10:22,4.8
下游闸外水位,2024/05/03,21:10:22,4.9
上游闸内水位,2024/05/03,21:13:00,4.9
上游闸外水位,2024/05/03,21:13:00,4.2
上游闸内水位,2024/05/03,21:15:49,4.3
上游闸外水位,2024/05/03,21:15:49,4.2
内河侧水位,2024/05/03,22:00:00,4.1
上游闸外水位,2024/05/05,14:08:47,3.6
上游闸内水位,2024/05/05,14:38:22,3.7
上游闸外水位,2024/05/05,14:38:22,3.7
下游闸内水位,2024/05/05,14:40:56,3.8
下游闸外水位,2024/05/05,14:40:56,5.3
下游闸内水位,2024/05/05,14:45:45,5.3
下游闸外水位,2024/05/05,14:45:45,5.4
上游闸内水位,2024/05/05,15:23:55,3.8
上游闸外水位,2024/05/05,15:23:55,3.6
上游闸外水位,2024/05/05,20:20:26,3.7
上游闸内水位,2024/05/05,20:56:29,3.8
上游闸外水位,2024/05/05,20:56:29,3.8
下游闸内水位,2024/05/05,20:59:20,3.8
下游闸外水位,2024/05/05,20:59:20,5.2
内河侧水位,2024/05/05,21:00:00,3.7
长江侧水位,2024/05/05,21:00:00,5.1
下游闸内水位,2024/05/05,21:03:29,5.1
下游闸外水位,2024/05/05,21:03:29,5.2
下游闸内水位,2024/05/05,21:33:39,5.2
下游闸外水位,2024/05/05,21:33:39,5.2
上游闸内水位,2024/05/05,21:38:19,5.2
上游闸外水位,2024/05/05,21:38:19,3.7
上游闸内水位,2024/05/05,21:42:50,3.8
上游闸外水位,2024/05/05,21:42:50,3.7
内河侧水位,2024/05/05,22:00:00,3.8
长江侧水位,2024/05/05,22:00:00,5.1
下游闸内水位,2024/05/05,22:42:06,3.8
下游闸外水位,2024/05/05,22:42:06,5.0
下游闸内水位,2024/05/05,22:45:58,4.9
下游闸外水位,2024/05/05,22:45:58,5.0
内河侧水位,2024/05/05,23:00:00,3.7
长江侧水位,2024/05/05,23:00:00,4.9
上游闸内水位,2024/05/05,23:53:09,4.9
上游闸外水位,2024/05/05,23:53:09,3.7
上游闸内水位,2024/05/05,23:57:08,3.8
上游闸外水位,2024/05/05,23:57:08,3.7
内河侧水位,2024/05/06,0:00:00,3.8
长江侧水位,2024/05/06,0:00:00,4.8
上游闸内水位,2024/05/06,0:30:28,3.8
上游闸外水位,2024/05/06,0:30:28,3.7
下游闸内水位,2024/05/06,0:33:03,3.8
下游闸外水位,2024/05/06,0:33:03,4.8
下游闸内水位,2024/05/06,0:37:21,4.7
下游闸外水位,2024/05/06,0:37:21,4.8
下游闸内水位,2024/05/06,0:43:32,4.8
下游闸外水位,2024/05/06,0:43:32,4.7
上游闸内水位,2024/05/06,0:46:06,4.8
上游闸外水位,2024/05/06,0:46:06,3.7
上游闸内水位,2024/05/06,0:50:02,3.8
上游闸外水位,2024/05/06,0:50:02,3.7
内河侧水位,2024/05/06,1:00:00,3.7
长江侧水位,2024/05/06,1:00:00,4.7
上游闸内水位,2024/05/06,1:04:29,3.8
上游闸外水位,2024/05/06,1:04:29,3.7
下游闸内水位,2024/05/06,1:07:15,3.8
下游闸外水位,2024/05/06,1:07:15,4.7
下游闸内水位,2024/05/06,1:11:17,4.7
下游闸外水位,2024/05/06,1:11:17,4.8
下游闸内水位,2024/05/06,1:44:02,4.8
下游闸外水位,2024/05/06,1:44:02,4.8
上游闸内水位,2024/05/06,1:46:56,4.8
上游闸外水位,2024/05/06,1:46:56,3.7
上游闸内水位,2024/05/06,1:50:46,3.8
上游闸外水位,2024/05/06,1:50:46,3.7
内河侧水位,2024/05/06,2:00:00,3.7
长江侧水位,2024/05/06,2:00:00,4.8
上游闸内水位,2024/05/06,2:34:03,3.8
上游闸外水位,2024/05/06,2:34:03,3.7
下游闸内水位,2024/05/06,2:37:00,3.8
下游闸外水位,2024/05/06,2:37:00,5.0
下游闸内水位,2024/05/06,2:41:22,5.0
下游闸外水位,2024/05/06,2:41:22,5.1
内河侧水位,2024/05/06,3:00:00,3.7
长江侧水位,2024/05/06,3:00:00,5.3
下游闸内水位,2024/05/06,3:16:45,5.5
下游闸外水位,2024/05/06,3:16:45,5.5
上游闸内水位,2024/05/06,3:19:20,5.5
上游闸外水位,2024/05/06,3:19:20,3.7
上游闸内水位,2024/05/06,3:24:36,3.7
上游闸外水位,2024/05/06,3:24:36,3.6
下游闸内水位,2024/05/06,4:06:53,3.7
下游闸外水位,2024/05/06,4:06:53,5.8
下游闸内水位,2024/05/06,4:12:23,5.7
下游闸外水位,2024/05/06,4:12:23,5.8
下游闸内水位,2024/05/06,4:44:44,5.9
下游闸外水位,2024/05/06,4:44:44,5.9
上游闸内水位,2024/05/06,4:47:20,5.9
下游闸内水位,2024/05/08,6:52:32,6.3
下游闸外水位,2024/05/08,6:52:32,6.3
下游闸内水位,2024/05/08,6:57:30,6.3
下游闸外水位,2024/05/08,6:57:30,6.3
内河侧水位,2024/05/08,7:00:00,4.8
长江侧水位,2024/05/08,7:00:00,6.3
上游闸内水位,2024/05/08,7:01:00,6.3
上游闸外水位,2024/05/08,7:01:00,4.8
上游闸内水位,2024/05/08,7:05:53,4.8
上游闸外水位,2024/05/08,7:05:53,4.7
上游闸内水位,2024/05/08,7:27:51,4.8
上游闸外水位,2024/05/08,7:27:51,4.8
下游闸内水位,2024/05/08,7:30:25,4.8
下游闸外水位,2024/05/08,7:30:25,6.2
下游闸内水位,2024/05/08,7:34:38,6.1
下游闸外水位,2024/05/08,7:34:38,6.2
内河侧水位,2024/05/08,8:00:00,4.8
长江侧水位,2024/05/08,8:00:00,6.1
下游闸内水位,2024/05/08,8:10:43,6.1
下游闸外水位,2024/05/08,8:10:43,6.1
上游闸内水位,2024/05/08,8:13:20,6.1
上游闸外水位,2024/05/08,8:13:20,4.8
上游闸内水位,2024/05/08,8:17:39,4.9
上游闸外水位,2024/05/08,8:17:39,4.7
下游闸外水位,2024/05/08,13:41:54,5.1
内河侧水位,2024/05/08,14:00:00,4.5
长江侧水位,2024/05/08,14:00:00,5.1
下游闸内水位,2024/05/08,14:07:53,5.0
下游闸外水位,2024/05/08,14:07:53,5.0
上游闸内水位,2024/05/08,14:10:27,5.0
上游闸外水位,2024/05/08,14:10:27,4.5
上游闸内水位,2024/05/08,14:12:54,4.6
上游闸外水位,2024/05/08,14:12:54,4.5
上游闸内水位,2024/05/08,14:46:21,4.5
上游闸外水位,2024/05/08,14:46:21,4.5
下游闸内水位,2024/05/08,14:48:51,4.5
下游闸外水位,2024/05/08,14:48:51,5.0
下游闸内水位,2024/05/08,14:50:55,4.9
下游闸外水位,2024/05/08,14:50:55,5.0
内河侧水位,2024/05/08,15:00:00,4.4
长江侧水位,2024/05/08,15:00:00,4.9
下游闸内水位,2024/05/08,15:25:15,4.9
下游闸外水位,2024/05/08,15:25:15,4.9
上游闸内水位,2024/05/08,15:29:06,4.9
上游闸外水位,2024/05/08,15:29:06,4.4
上游闸内水位,2024/05/08,15:31:25,4.6
上游闸外水位,2024/05/08,15:31:25,4.4
下游闸内水位,2024/05/08,16:48:26,5.6
下游闸外水位,2024/05/08,16:48:26,5.6
上游闸内水位,2024/05/08,16:51:00,5.7
上游闸外水位,2024/05/08,16:51:00,4.5
上游闸内水位,2024/05/08,16:55:04,4.6
上游闸外水位,2024/05/08,16:55:04,4.5
内河侧水位,2024/05/08,17:00:00,4.5
长江侧水位,2024/05/08,17:00:00,5.8
上游闸内水位,2024/05/08,17:26:00,4.7
上游闸外水位,2024/05/08,17:26:00,4.6
下游闸内水位,2024/05/08,17:28:36,4.7
下游闸外水位,2024/05/08,17:28:36,6.0
下游闸内水位,2024/05/08,17:32:46,5.9
下游闸外水位,2024/05/08,17:32:46,6.1
内河侧水位,2024/05/08,18:00:00,4.7
长江侧水位,2024/05/08,18:00:00,6.1
下游闸内水位,2024/05/08,18:07:39,6.2
下游闸外水位,2024/05/08,18:07:39,6.2
上游闸内水位,2024/05/08,18:10:19,6.2
上游闸外水位,2024/05/08,18:10:19,4.7
上游闸内水位,2024/05/08,18:14:48,4.8
上游闸外水位,2024/05/08,18:14:48,4.7
上游闸内水位,2024/05/08,18:48:05,4.9
上游闸外水位,2024/05/08,18:48:05,4.8
下游闸内水位,2024/05/08,18:50:40,4.8
下游闸外水位,2024/05/08,18:50:40,6.2
下游闸内水位,2024/05/08,18:55:02,6.1
下游闸外水位,2024/05/08,18:55:02,6.2
内河侧水位,2024/05/08,19:00:00,4.8
长江侧水位,2024/05/08,19:00:00,6.2
下游闸内水位,2024/05/08,19:11:19,6.2
下游闸外水位,2024/05/08,19:11:19,6.2
上游闸内水位,2024/05/08,19:14:05,6.2
上游闸外水位,2024/05/08,19:14:05,4.8
上游闸内水位,2024/05/08,19:18:24,4.9
上游闸外水位,2024/05/08,19:18:24,4.8
上游闸内水位,2024/05/08,19:42:36,4.9
上游闸外水位,2024/05/08,19:42:36,4.8
下游闸内水位,2024/05/08,19:45:12,4.9
下游闸外水位,2024/05/08,19:45:12,6.1
下游闸内水位,2024/05/11,0:55:19,5.2
下游闸外水位,2024/05/11,0:55:19,5.3
内河侧水位,2024/05/11,1:00:00,4.0
长江侧水位,2024/05/11,1:00:00,5.3
下游闸内水位,2024/05/11,1:09:32,5.3
下游闸外水位,2024/05/11,1:09:32,5.3
上游闸内水位,2024/05/11,1:12:08,5.3
上游闸外水位,2024/05/11,1:12:08,4.0
上游闸内水位,2024/05/11,1:16:15,4.1
上游闸外水位,2024/05/11,1:16:15,4.0
上游闸内水位,2024/05/11,1:38:45,4.1
上游闸外水位,2024/05/11,1:38:45,4.0
下游闸内水位,2024/05/11,1:41:18,4.1
下游闸外水位,2024/05/11,1:41:18,5.2
下游闸内水位,2024/05/11,1:44:40,5.0
下游闸外水位,2024/05/11,1:44:40,5.1
下游闸内水位,2024/05/11,1:57:52,5.1
下游闸外水位,2024/05/11,1:57:52,5.1
内河侧水位,2024/05/11,2:00:00,4.0
长江侧水位,2024/05/11,2:00:00,5.1
上游闸内水位,2024/05/11,2:00:58,5.1
上游闸外水位,2024/05/11,2:00:58,4.0
上游闸内水位,2024/05/11,2:04:52,4.1
上游闸外水位,2024/05/11,2:04:52,3.9
上游闸内水位,2024/05/11,2:29:48,4.1
上游闸外水位,2024/05/11,2:29:48,4.0
下游闸内水位,2024/05/11,2:33:00,4.1
下游闸外水位,2024/05/11,2:33:00,5.1
下游闸内水位,2024/05/11,2:36:14,4.9
下游闸外水位,2024/05/11,2:36:14,5.1
下游闸内水位,2024/05/11,2:46:28,5.1
下游闸外水位,2024/05/11,2:46:28,5.0
上游闸内水位,2024/05/11,2:49:04,5.0
上游闸外水位,2024/05/11,2:49:04,4.0
上游闸内水位,2024/05/11,2:52:38,4.1
上游闸外水位,2024/05/11,2:52:38,3.9
内河侧水位,2024/05/11,3:00:00,4.0
长江侧水位,2024/05/11,3:00:00,5.0
上游闸内水位,2024/05/11,3:16:16,4.1
上游闸外水位,2024/05/11,3:16:16,4.0
下游闸内水位,2024/05/11,3:18:46,4.0
下游闸外水位,2024/05/11,3:18:46,5.0
下游闸内水位,2024/05/11,3:21:56,4.8
下游闸外水位,2024/05/11,3:21:56,4.9
下游闸内水位,2024/05/11,3:32:29,5.0
下游闸外水位,2024/05/11,3:32:29,5.0
上游闸内水位,2024/05/11,5:58:37,3.9
上游闸外水位,2024/05/11,5:58:37,3.8
内河侧水位,2024/05/11,6:00:00,3.8
长江侧水位,2024/05/11,6:00:00,5.4
上游闸内水位,2024/05/11,6:07:06,4.0
上游闸外水位,2024/05/11,6:07:06,3.9
下游闸内水位,2024/05/11,6:09:40,3.9
下游闸外水位,2024/05/11,6:09:40,5.6
下游闸内水位,2024/05/11,6:14:37,5.5
下游闸外水位,2024/05/11,6:14:37,5.7
下游闸内水位,2024/05/11,6:21:01,5.8
下游闸外水位,2024/05/11,6:21:01,5.8
上游闸内水位,2024/05/11,6:23:36,5.8
上游闸外水位,2024/05/11,6:23:36,3.9
上游闸内水位,2024/05/11,6:28:45,3.9
上游闸外水位,2024/05/11,6:28:45,3.8
上游闸内水位,2024/05/11,6:39:57,3.9
上游闸外水位,2024/05/11,6:39:57,3.8
下游闸内水位,2024/05/11,6:42:47,4.0
下游闸外水位,2024/05/11,6:42:47,5.9
下游闸内水位,2024/05/11,6:48:50,6.0
下游闸外水位,2024/05/11,6:48:50,6.0
内河侧水位,2024/05/11,7:00:00,3.9
长江侧水位,2024/05/11,7:00:00,6.0
下游闸内水位,2024/05/11,7:16:18,6.2
下游闸外水位,2024/05/11,7:16:18,6.2
上游闸内水位,2024/05/11,7:19:10,6.2
上游闸外水位,2024/05/11,7:19:10,3.9
上游闸内水位,2024/05/11,7:25:02,4.0
上游闸外水位,2024/05/11,7:25:02,3.9
内河侧水位,2024/05/11,8:00:00,3.9
长江侧水位,2024/05/11,8:00:00,6.3
上游闸内水位,2024/05/11,8:00:42,3.9
上游闸外水位,2024/05/11,8:00:42,3.9
下游闸内水位,2024/05/11,8:03:17,3.9
下游闸外水位,2024/05/11,8:03:17,6.3
下游闸内水位,2024/05/11,8:10:59,6.2
下游闸外水位,2024/05/11,8:10:59,6.3
下游闸内水位,2024/05/11,8:31:47,6.3
下游闸外水位,2024/05/11,8:31:47,6.3
上游闸内水位,2024/05/11,8:40:20,4.0
上游闸外水位,2024/05/13,9:39:35,3.8
内河侧水位,2024/05/13,10:00:00,3.8
长江侧水位,2024/05/13,10:00:00,6.1
上游闸内水位,2024/05/13,10:12:22,3.9
上游闸外水位,2024/05/13,10:12:22,3.8
下游闸内水位,2024/05/13,10:14:56,3.9
下游闸外水位,2024/05/13,10:14:56,6.1
下游闸内水位,2024/05/13,10:20:24,5.9
下游闸外水位,2024/05/13,10:20:24,6.0
下游闸内水位,2024/05/13,10:59:14,6.0
下游闸外水位,2024/05/13,10:59:14,6.0
内河侧水位,2024/05/13,11:00:00,3.8
长江侧水位,2024/05/13,11:00:00,5.9
上游闸内水位,2024/05/13,11:01:49,5.9
上游闸外水位,2024/05/13,11:01:49,3.8
上游闸内水位,2024/05/13,11:07:18,3.9
上游闸外水位,2024/05/13,11:07:18,3.8
上游闸内水位,2024/05/13,11:44:32,3.9
上游闸外水位,2024/05/13,11:44:32,3.8
下游闸内水位,2024/05/13,11:47:04,3.9
下游闸外水位,2024/05/13,11:47:04,5.8
下游闸内水位,2024/05/13,11:52:10,5.7
下游闸外水位,2024/05/13,11:52:10,5.8
内河侧水位,2024/05/13,12:00:00,3.9
长江侧水位,2024/05/13,12:00:00,5.8
下游闸内水位,2024/05/13,12:20:43,5.7
下游闸外水位,2024/05/13,12:20:43,5.7
上游闸内水位,2024/05/13,12:24:12,5.7
上游闸外水位,2024/05/13,12:24:12,3.9
上游闸内水位,2024/05/13,12:29:31,3.9
上游闸外水位,2024/05/13,12:29:31,3.8
内河侧水位,2024/05/13,13:00:00,3.9
长江侧水位,2024/05/13,13:00:00,5.6
上游闸内水位,2024/05/13,13:02:15,3.9
上游闸外水位,2024/05/13,13:02:15,3.9
下游闸内水位,2024/05/13,13:04:54,4.0
下游闸外水位,2024/05/13,13:04:54,5.6
下游闸内水位,2024/05/13,13:09:44,5.5
下游闸外水位,2024/05/13,13:09:44,5.6
下游闸内水位,2024/05/13,13:33:14,5.5
下游闸外水位,2024/05/13,13:33:14,5.5
上游闸内水位,2024/05/13,13:35:58,5.5
上游闸外水位,2024/05/13,13:35:58,3.9
上游闸内水位,2024/05/13,13:40:45,4.0
上游闸外水位,2024/05/13,13:40:45,3.9
上游闸内水位,2024/05/13,13:48:24,4.0
上游闸外水位,2024/05/13,13:48:24,3.9
下游闸内水位,2024/05/13,13:51:09,4.0
下游闸外水位,2024/05/13,13:51:09,5.5
内河侧水位,2024/05/13,14:00:00,3.9
长江侧水位,2024/05/13,14:00:00,5.5
下游闸内水位,2024/05/13,14:07:05,5.4
下游闸外水位,2024/05/13,14:07:05,5.4
下游闸内水位,2024/05/13,14:34:19,5.4
下游闸外水位,2024/05/13,14:34:19,5.4
上游闸内水位,2024/05/13,14:36:53,5.3
上游闸外水位,2024/05/13,14:36:53,3.9
上游闸内水位,2024/05/13,14:41:24,4.0
上游闸外水位,2024/05/13,14:41:24,3.9
上游闸内水位,2024/05/13,14:57:57,4.0
上游闸外水位,2024/05/13,14:57:57,4.0
内河侧水位,2024/05/13,15:00:00,3.9
长江侧水位,2024/05/13,15:00:00,5.3
下游闸内水位,2024/05/13,15:01:05,4.0
下游闸外水位,2024/05/13,15:01:05,5.3
下游闸内水位,2024/05/13,15:05:06,5.2
下游闸外水位,2024/05/13,15:05:06,5.3
下游闸内水位,2024/05/13,15:25:31,5.3
下游闸外水位,2024/05/13,15:25:31,5.3
上游闸内水位,2024/05/13,15:28:17,5.3
上游闸外水位,2024/05/13,15:28:17,3.9
上游闸内水位,2024/05/13,15:32:41,4.0
上游闸外水位,2024/05/13,15:32:41,3.9
下游闸内水位,2024/05/13,21:04:08,5.1
下游闸外水位,2024/05/13,21:04:08,5.2
上游闸内水位,2024/05/14,8:19:49,4.6
上游闸外水位,2024/05/14,8:19:49,4.4
上游闸内水位,2024/05/14,9:14:49,5.7
上游闸外水位,2024/05/14,9:14:49,4.5
下游闸内水位,2024/05/14,10:29:54,5.8
下游闸外水位,2024/05/14,10:29:54,5.8
内河侧水位,2024/05/14,11:00:00,4.7
长江侧水位,2024/05/14,11:00:00,5.8
上游闸内水位,2024/05/14,11:13:59,4.7
上游闸外水位,2024/05/14,11:13:59,4.7
内河侧水位,2024/05/14,12:00:00,4.7
长江侧水位,2024/05/14,12:00:00,5.6
内河侧水位,2024/05/01,3:00:00,3.7
长江侧水位,2024/05/01,3:00:00,4.9
下游闸内水位,2024/05/01,3:20:44,4.8
下游闸外水位,2024/05/01,3:20:44,4.8
上游闸内水位,2024/05/01,3:23:20,4.8
上游闸外水位,2024/05/01,3:23:20,3.7
内河侧水位,2024/05/01,4:00:00,3.7
长江侧水位,2024/05/01,4:00:00,4.8
上游闸内水位,2024/05/01,4:07:49,3.8
上游闸外水位,2024/05/01,4:07:49,3.7
内河侧水位,2024/05/01,6:00:00,3.7
长江侧水位,2024/05/01,6:00:00,4.7
下游闸内水位,2024/05/01,6:18:03,4.6
下游闸外水位,2024/05/01,6:18:03,4.6
上游闸内水位,2024/05/01,10:50:23,5.3
上游闸外水位,2024/05/01,10:50:23,3.7
上游闸内水位,2024/05/01,13:10:21,3.8
上游闸外水位,2024/05/01,13:10:21,3.8
上游闸内水位,2024/05/01,13:35:28,3.9
上游闸外水位,2024/05/01,13:35:28,3.7
上游闸内水位,2024/05/01,19:58:07,3.8
上游闸外水位,2024/05/01,19:58:07,3.7
内河侧水位,2024/05/01,20:00:00,3.7
长江侧水位,2024/05/01,20:00:00,4.6
下游闸内水位,2024/05/01,20:01:34,3.8
下游闸外水位,2024/05/01,20:01:34,4.6
下游闸内水位,2024/05/01,13:17:18,5.1
下游闸外水位,2024/05/01,13:17:18,5.2
下游闸内水位,2024/05/01,15:17:29,3.8
下游闸外水位,2024/05/01,15:17:29,5.0
上游闸内水位,2024/05/02,1:50:10,3.8
上游闸外水位,2024/05/02,1:50:10,3.7
上游闸内水位,2024/05/02,2:56:13,3.8
上游闸外水位,2024/05/02,2:56:13,3.7
下游闸内水位,2024/05/02,3:38:54,4.7
下游闸外水位,2024/05/02,3:38:54,4.7
上游闸内水位,2024/05/02,15:43:00,4.5
上游闸外水位,2024/05/02,15:43:00,4.5
下游闸内水位,2024/05/02,15:45:56,4.4
下游闸外水位,2024/05/02,15:45:56,5.1
下游闸内水位,2024/05/02,15:48:32,4.9
下游闸外水位,2024/05/02,15:48:32,5.1
内河侧水位,2024/05/02,16:00:00,4.5
长江侧水位,2024/05/02,16:00:00,5.1
内河侧水位,2024/05/02,23:00:00,4.3
长江侧水位,2024/05/02,23:00:00,4.7
下游闸内水位,2024/05/02,23:07:57,4.6
下游闸外水位,2024/05/02,23:07:57,4.6
上游闸内水位,2024/05/02,23:10:32,4.6
上游闸外水位,2024/05/02,23:10:32,4.3
上游闸内水位,2024/05/02,23:12:24,4.4
上游闸外水位,2024/05/02,23:12:24,4.2
上游闸内水位,2024/05/02,23:56:14,4.3
上游闸外水位,2024/05/02,23:56:14,4.3
下游闸内水位,2024/05/02,23:58:49,4.3
下游闸外水位,2024/05/02,23:58:49,4.8
内河侧水位,2024/05/03,0:00:00,4.3
长江侧水位,2024/05/03,0:00:00,4.7
下游闸内水位,2024/05/03,0:00:55,4.6
下游闸外水位,2024/05/03,0:00:55,4.8
下游闸内水位,2024/05/03,0:15:25,4.9
下游闸外水位,2024/05/03,0:15:25,4.9
上游闸内水位,2024/05/03,0:18:22,4.9
上游闸外水位,2024/05/03,0:18:22,4.3
上游闸内水位,2024/05/03,0:20:25,4.5
上游闸外水位,2024/05/03,0:20:25,4.4
上游闸内水位,2024/05/03,0:35:32,4.3
上游闸外水位,2024/05/03,0:35:32,4.4
下游闸内水位,2024/05/03,0:38:02,4.3
下游闸外水位,2024/05/03,0:38:02,4.9
下游闸内水位,2024/05/03,0:40:26,4.7
下游闸外水位,2024/05/03,0:40:26,4.9
内河侧水位,2024/05/03,1:00:00,4.4
长江侧水位,2024/05/03,1:00:00,4.9
下游闸内水位,2024/05/03,1:12:37,4.9
下游闸外水位,2024/05/03,1:12:37,5.0
上游闸内水位,2024/05/03,1:15:15,5.0
上游闸外水位,2024/05/03,1:15:15,4.4
上游闸内水位,2024/05/03,1:17:36,4.5
上游闸外水位,2024/05/03,1:17:36,4.4
上游闸内水位,2024/05/03,1:39:16,4.3
上游闸外水位,2024/05/03,1:39:16,4.4
下游闸内水位,2024/05/03,1:41:48,4.4
下游闸外水位,2024/05/03,1:41:48,5.0
下游闸内水位,2024/05/03,1:44:28,4.9
下游闸外水位,2024/05/03,1:44:28,4.9
内河侧水位,2024/05/03,2:00:00,4.4
长江侧水位,2024/05/03,2:00:00,5.0
下游闸内水位,2024/05/03,2:23:26,5.0
下游闸外水位,2024/05/03,2:23:26,5.0
上游闸内水位,2024/05/03,2:26:02,5.0
上游闸外水位,2024/05/03,2:26:02,4.4
上游闸内水位,2024/05/03,2:28:35,4.5
上游闸外水位,2024/05/03,2:28:35,4.4
上游闸内水位,2024/05/03,2:48:05,4.4
上游闸外水位,2024/05/03,2:48:05,4.4
下游闸内水位,2024/05/03,2:50:54,4.3
下游闸外水位,2024/05/03,2:50:54,5.0
下游闸内水位,2024/05/03,2:53:34,4.9
下游闸外水位,2024/05/03,2:53:34,5.0
内河侧水位,2024/05/03,3:00:00,4.4
长江侧水位,2024/05/03,3:00:00,5.0
下游闸内水位,2024/05/03,3:18:27,5.0
下游闸外水位,2024/05/03,3:18:27,5.0
上游闸内水位,2024/05/03,3:21:12,5.0
上游闸外水位,2024/05/03,3:21:12,4.4
上游闸内水位,2024/05/03,3:23:16,4.6
上游闸外水位,2024/05/03,3:23:16,4.4
内河侧水位,2024/05/03,4:00:00,4.3
长江侧水位,2024/05/03,4:00:00,4.9
上游闸内水位,2024/05/03,4:09:54,4.4
内河侧水位,2024/05/01,0:00:00,3.8
长江侧水位,2024/05/01,0:00:00,5.1
下游闸内水位,2024/05/01,0:00:35,5.1
下游闸外水位,2024/05/01,0:00:35,5.1
上游闸内水位,2024/05/01,0:03:22,5.1
上游闸外水位,2024/05/01,0:03:22,3.8
上游闸内水位,2024/05/01,0:08:03,3.8
上游闸外水位,2024/05/01,0:08:03,3.7
上游闸内水位,2024/05/01,0:50:22,3.8
上游闸外水位,2024/05/01,0:50:22,3.8
下游闸内水位,2024/05/01,0:53:04,3.8
下游闸外水位,2024/05/01,0:53:04,5.0
下游闸内水位,2024/05/01,0:57:05,4.9
下游闸外水位,2024/05/01,0:57:05,5.0
内河侧水位,2024/05/01,1:00:00,3.8
长江侧水位,2024/05/01,1:00:00,5.0
下游闸内水位,2024/05/01,1:36:15,4.9
下游闸外水位,2024/05/01,1:36:15,5.0
上游闸内水位,2024/05/01,1:38:57,5.0
上游闸外水位,2024/05/01,1:38:57,3.8
上游闸内水位,2024/05/01,1:43:03,3.9
上游闸外水位,2024/05/01,1:43:03,3.7
内河侧水位,2024/05/01,2:00:00,3.8
长江侧水位,2024/05/01,2:00:00,5.0
上游闸内水位,2024/05/01,2:20:50,3.8
上游闸外水位,2024/05/01,2:20:50,3.8
下游闸内水位,2024/05/01,2:23:21,3.8
下游闸外水位,2024/05/01,2:23:21,4.9
下游闸内水位,2024/05/01,2:29:10,4.9
下游闸外水位,2024/05/01,2:29:10,4.9
上游闸内水位,2024/05/01,3:27:17,3.8
上游闸外水位,2024/05/01,3:27:17,3.7
下游闸内水位,2024/05/01,4:10:23,3.8
下游闸外水位,2024/05/01,4:10:23,4.7
下游闸内水位,2024/05/01,4:18:17,4.7
下游闸外水位,2024/05/01,4:18:17,4.8
下游闸内水位,2024/05/01,4:56:30,4.7
下游闸外水位,2024/05/01,4:56:30,4.7
内河侧水位,2024/05/01,5:00:00,3.7
长江侧水位,2024/05/01,5:00:00,4.7
上游闸内水位,2024/05/01,5:00:03,4.6
上游闸外水位,2024/05/01,5:00:03,3.7
上游闸内水位,2024/05/01,5:03:39,3.8
上游闸外水位,2024/05/01,5:03:39,3.7
上游闸内水位,2024/05/01,5:35:31,3.7
上游闸外水位,2024/05/01,5:35:31,3.7
下游闸内水位,2024/05/01,5:38:34,3.7
下游闸外水位,2024/05/01,5:38:34,4.7
下游闸内水位,2024/05/01,5:41:57,4.5
下游闸外水位,2024/05/01,5:41:57,4.6
上游闸内水位,2024/05/01,6:22:06,4.6
上游闸外水位,2024/05/01,6:22:06,3.7
上游闸内水位,2024/05/01,6:25:40,3.8
上游闸外水位,2024/05/01,6:25:40,3.6
内河侧水位,2024/05/01,7:00:00,3.6
长江侧水位,2024/05/01,7:00:00,4.6
上游闸内水位,2024/05/01,7:05:22,3.7
上游闸外水位,2024/05/01,7:05:22,3.6
下游闸内水位,2024/05/01,7:08:08,3.7
下游闸外水位,2024/05/01,7:08:08,4.7
下游闸内水位,2024/05/01,7:13:03,4.5
下游闸外水位,2024/05/01,7:13:03,4.7
下游闸内水位,2024/05/01,7:35:40,4.6
下游闸外水位,2024/05/01,7:35:40,4.7
上游闸内水位,2024/05/01,7:38:14,4.7
上游闸外水位,2024/05/01,7:38:14,3.7
上游闸内水位,2024/05/01,7:42:12,3.7
上游闸外水位,2024/05/01,7:42:12,3.6
内河侧水位,2024/05/01,8:00:00,3.6
长江侧水位,2024/05/01,8:00:00,4.7
上游闸内水位,2024/05/01,8:01:31,3.7
上游闸外水位,2024/05/01,8:01:31,3.7
下游闸内水位,2024/05/01,8:04:04,3.7
下游闸外水位,2024/05/01,8:04:04,4.8
下游闸内水位,2024/05/01,8:07:56,4.6
下游闸外水位,2024/05/01,8:07:56,4.8
下游闸内水位,2024/05/01,8:30:53,4.9
下游闸外水位,2024/05/01,8:30:53,4.9
上游闸内水位,2024/05/01,8:33:47,4.8
上游闸外水位,2024/05/01,8:33:47,3.7
上游闸内水位,2024/05/01,8:37:48,3.8
上游闸外水位,2024/05/01,8:37:48,3.6
内河侧水位,2024/05/01,9:00:00,3.6
长江侧水位,2024/05/01,9:00:00,5.1
上游闸内水位,2024/05/01,9:07:54,3.7
上游闸外水位,2024/05/01,9:07:54,3.7
下游闸内水位,2024/05/01,9:10:27,3.7
下游闸外水位,2024/05/01,9:10:27,5.1
下游闸内水位,2024/05/01,9:15:05,5.0
下游闸外水位,2024/05/01,9:15:05,5.2
下游闸内水位,2024/05/01,9:33:29,5.2
下游闸外水位,2024/05/01,9:33:29,5.2
上游闸内水位,2024/05/01,9:36:06,5.2
上游闸外水位,2024/05/01,9:36:06,3.7
上游闸内水位,2024/05/01,9:40:45,3.8
上游闸外水位,2024/05/01,9:40:45,3.6
内河侧水位,2024/05/01,10:00:00,3.7
长江侧水位,2024/05/01,10:00:00,5.3
上游闸内水位,2024/05/01,10:04:40,3.8
上游闸外水位,2024/05/01,10:04:40,3.7
下游闸内水位,2024/05/01,10:07:13,3.8
下游闸外水位,2024/05/01,10:07:13,5.3
下游闸内水位,2024/05/01,10:11:52,5.2
下游闸外水位,2024/05/01,10:11:52,5.3
下游闸内水位,2024/05/01,10:47:45,5.4
下游闸外水位,2024/05/01,10:47:45,5.4
上游闸内水位,2024/05/01,10:55:12,3.8
上游闸外水位,2024/05/01,10:55:12,3.7
内河侧水位,2024/05/01,11:00:00,3.7
长江侧水位,2024/05/01,11:00:00,5.4
上游闸内水位,2024/05/01,11:09:20,3.8
上游闸外水位,2024/05/01,11:09:20,3.8
下游闸内水位,2024/05/01,11:12:01,3.8
下游闸外水位,2024/05/01,11:12:01,5.3
下游闸内水位,2024/05/01,11:16:45,5.2
下游闸外水位,2024/05/01,11:16:45,5.4
下游闸内水位,2024/05/01,11:37:52,5.3
下游闸外水位,2024/05/01,11:37:52,5.3
上游闸内水位,2024/05/01,11:42:08,5.3
上游闸外水位,2024/05/01,11:42:08,3.7
上游闸内水位,2024/05/01,11:46:57,3.8
上游闸外水位,2024/05/01,11:46:57,3.7
内河侧水位,2024/05/01,12:00:00,3.7
长江侧水位,2024/05/01,12:00:00,5.3
上游闸内水位,2024/05/01,12:05:40,3.8
上游闸外水位,2024/05/01,12:05:40,3.8
下游闸内水位,2024/05/01,12:08:13,3.8
下游闸外水位,2024/05/01,12:08:13,5.3
下游闸内水位,2024/05/01,12:12:55,5.2
下游闸外水位,2024/05/01,12:12:55,5.3
下游闸内水位,2024/05/01,12:35:32,5.3
下游闸外水位,2024/05/01,12:35:32,5.3
上游闸内水位,2024/05/01,12:39:07,5.2
上游闸外水位,2024/05/01,12:39:07,3.8
上游闸内水位,2024/05/01,12:43:42,3.8
上游闸外水位,2024/05/01,12:43:42,3.7
内河侧水位,2024/05/01,13:00:00,3.8
长江侧水位,2024/05/01,13:00:00,5.2
下游闸内水位,2024/05/01,13:12:54,3.8
下游闸外水位,2024/05/01,13:12:54,5.2
内河侧水位,2024/05/01,16:00:00,3.8
长江侧水位,2024/05/01,16:00:00,4.9
下游闸内水位,2024/05/01,16:00:49,4.9
下游闸外水位,2024/05/01,16:00:49,4.9
上游闸内水位,2024/05/01,16:03:27,4.9
上游闸外水位,2024/05/01,16:03:27,3.8
上游闸内水位,2024/05/01,16:07:15,3.9
上游闸外水位,2024/05/01,16:07:15,3.7
上游闸内水位,2024/05/01,16:25:17,3.9
上游闸外水位,2024/05/01,16:25:17,3.8
下游闸内水位,2024/05/01,16:27:49,3.8
下游闸外水位,2024/05/01,16:27:49,4.9
下游闸内水位,2024/05/01,16:31:24,4.7
下游闸外水位,2024/05/01,16:31:24,4.8
内河侧水位,2024/05/01,17:00:00,3.8
长江侧水位,2024/05/01,17:00:00,4.8
下游闸内水位,2024/05/01,13:28:31,5.1
下游闸外水位,2024/05/01,13:28:31,5.1
上游闸内水位,2024/05/01,13:31:07,5.2
上游闸外水位,2024/05/01,13:31:07,3.8
上游闸内水位,2024/05/01,13:58:27,3.8
上游闸外水位,2024/05/01,13:58:27,3.8
内河侧水位,2024/05/01,14:00:00,3.8
长江侧水位,2024/05/01,14:00:00,5.1
下游闸内水位,2024/05/01,14:01:02,3.9
下游闸外水位,2024/05/01,14:01:02,5.1
下游闸内水位,2024/05/01,14:05:09,5.0
下游闸外水位,2024/05/01,14:05:09,5.2
下游闸内水位,2024/05/01,14:37:05,5.0
下游闸外水位,2024/05/01,14:37:05,5.1
上游闸内水位,2024/05/01,14:39:44,5.0
上游闸外水位,2024/05/01,14:39:44,3.8
上游闸内水位,2024/05/01,14:43:57,3.8
上游闸外水位,2024/05/01,14:43:57,3.7
内河侧水位,2024/05/01,15:00:00,3.8
长江侧水位,2024/05/01,15:00:00,5.0
上游闸内水位,2024/05/01,15:14:51,3.8
上游闸外水位,2024/05/01,15:14:51,3.8
下游闸内水位,2024/05/01,15:22:28,5.0
下游闸外水位,2024/05/01,15:22:28,5.0
下游闸内水位,2024/05/01,17:09:43,4.8
下游闸外水位,2024/05/01,17:09:43,4.8
上游闸内水位,2024/05/01,17:12:21,4.8
上游闸外水位,2024/05/01,17:12:21,3.8
上游闸内水位,2024/05/01,17:16:10,3.8
上游闸外水位,2024/05/01,17:16:10,3.7
上游闸内水位,2024/05/01,17:47:31,3.8
上游闸外水位,2024/05/01,17:47:31,3.8
下游闸内水位,2024/05/01,17:50:06,3.8
下游闸外水位,2024/05/01,17:50:06,4.7
下游闸内水位,2024/05/01,17:53:54,4.7
下游闸外水位,2024/05/01,17:53:54,4.8
内河侧水位,2024/05/01,18:00:00,3.7
长江侧水位,2024/05/01,18:00:00,4.8
下游闸内水位,2024/05/01,18:23:21,4.6
下游闸外水位,2024/05/01,18:23:21,4.6
上游闸内水位,2024/05/01,18:26:12,4.6
上游闸外水位,2024/05/01,18:26:12,3.8
上游闸内水位,2024/05/01,18:29:40,3.9
上游闸外水位,2024/05/01,18:29:40,3.7
上游闸内水位,2024/05/01,18:59:27,3.8
上游闸外水位,2024/05/01,18:59:27,3.7
内河侧水位,2024/05/01,19:00:00,3.7
长江侧水位,2024/05/01,19:00:00,4.7
下游闸内水位,2024/05/01,19:02:57,3.8
下游闸外水位,2024/05/01,19:02:57,4.6
下游闸内水位,2024/05/01,19:05:57,4.5
下游闸外水位,2024/05/01,19:05:57,4.6
下游闸内水位,2024/05/01,19:24:39,4.7
下游闸外水位,2024/05/01,19:24:39,4.7
上游闸内水位,2024/05/01,19:27:58,4.7
上游闸外水位,2024/05/01,19:27:58,3.7
上游闸内水位,2024/05/01,19:31:36,3.9
上游闸外水位,2024/05/01,19:31:36,3.7
上游闸内水位,2024/05/02,3:41:34,4.7
上游闸外水位,2024/05/02,3:41:34,3.7
上游闸内水位,2024/05/02,3:45:29,3.7
上游闸外水位,2024/05/02,3:45:29,3.6
内河侧水位,2024/05/02,4:00:00,3.7
长江侧水位,2024/05/02,4:00:00,4.7
上游闸内水位,2024/05/02,4:11:00,3.8
上游闸外水位,2024/05/02,4:11:00,3.7
下游闸内水位,2024/05/02,4:13:33,3.7
下游闸外水位,2024/05/02,4:13:33,4.7
下游闸内水位,2024/05/02,4:16:54,4.5
下游闸外水位,2024/05/02,4:16:54,4.7
下游闸内水位,2024/05/02,4:33:04,4.6
下游闸外水位,2024/05/02,4:33:04,4.6
上游闸内水位,2024/05/02,4:35:48,4.7
上游闸外水位,2024/05/02,4:35:48,3.7
上游闸内水位,2024/05/02,4:39:41,3.7
上游闸外水位,2024/05/02,4:39:41,3.6
上游闸内水位,2024/05/02,4:59:53,3.7
上游闸外水位,2024/05/02,4:59:53,3.6
内河侧水位,2024/05/02,5:00:00,3.7
长江侧水位,2024/05/02,5:00:00,4.7
下游闸内水位,2024/05/02,5:02:48,3.7
下游闸外水位,2024/05/02,5:02:48,4.6
下游闸内水位,2024/05/02,5:06:11,4.5
下游闸外水位,2024/05/02,5:06:11,4.6
下游闸内水位,2024/05/02,5:18:04,4.7
下游闸外水位,2024/05/02,5:18:04,4.7
上游闸内水位,2024/05/02,5:20:50,4.6
下游闸内水位,2024/05/01,20:04:34,4.4
下游闸外水位,2024/05/01,20:04:34,4.5
下游闸内水位,2024/05/01,20:38:19,4.6
下游闸外水位,2024/05/01,20:38:19,4.6
上游闸内水位,2024/05/01,20:44:20,4.6
上游闸外水位,2024/05/01,20:44:20,3.7
上游闸内水位,2024/05/01,20:49:01,3.7
上游闸外水位,2024/05/01,20:49:01,3.6
内河侧水位,2024/05/01,21:00:00,3.7
长江侧水位,2024/05/01,21:00:00,4.6
上游闸内水位,2024/05/01,21:28:46,3.7
上游闸外水位,2024/05/01,21:28:46,3.7
下游闸内水位,2024/05/01,21:32:04,3.8
下游闸外水位,2024/05/01,21:32:04,4.6
下游闸内水位,2024/05/01,21:35:25,4.5
下游闸外水位,2024/05/01,21:35:25,4.6
内河侧水位,2024/05/01,22:00:00,3.7
长江侧水位,2024/05/01,22:00:00,4.7
下游闸内水位,2024/05/01,22:11:24,4.7
下游闸外水位,2024/05/01,22:11:24,4.7
上游闸内水位,2024/05/01,22:14:27,4.7
上游闸外水位,2024/05/01,22:14:27,3.7
上游闸内水位,2024/05/01,22:18:02,3.8
上游闸外水位,2024/05/01,22:18:02,3.6
内河侧水位,2024/05/01,23:00:00,3.7
长江侧水位,2024/05/01,23:00:00,4.8
上游闸内水位,2024/05/01,23:04:31,3.8
上游闸外水位,2024/05/01,23:04:31,3.7
下游闸内水位,2024/05/01,23:09:25,3.7
下游闸外水位,2024/05/01,23:09:25,4.8
下游闸内水位,2024/05/01,23:13:04,4.7
下游闸外水位,2024/05/01,23:13:04,4.8
下游闸内水位,2024/05/01,23:58:04,4.8
下游闸外水位,2024/05/01,23:58:04,4.9
内河侧水位,2024/05/02,0:00:00,3.7
长江侧水位,2024/05/02,0:00:00,4.9
上游闸内水位,2024/05/02,0:03:24,4.9
上游闸外水位,2024/05/02,0:03:24,3.7
上游闸内水位,2024/05/02,0:07:27,3.8
上游闸外水位,2024/05/02,0:07:27,3.6
上游闸内水位,2024/05/02,0:45:50,3.8
上游闸外水位,2024/05/02,0:45:50,3.7
下游闸内水位,2024/05/02,0:49:00,3.8
下游闸外水位,2024/05/02,0:49:00,4.9
下游闸内水位,2024/05/02,0:52:44,4.7
下游闸外水位,2024/05/02,0:52:44,4.9
内河侧水位,2024/05/02,1:00:00,3.7
长江侧水位,2024/05/02,1:00:00,4.9
下游闸内水位,2024/05/02,1:36:09,4.8
下游闸外水位,2024/05/02,1:36:09,4.9
上游闸内水位,2024/05/02,1:38:49,4.8
上游闸外水位,2024/05/02,1:38:49,3.7
上游闸内水位,2024/05/02,1:42:33,3.8
上游闸外水位,2024/05/02,1:42:33,3.7
内河侧水位,2024/05/02,2:00:00,3.7
长江侧水位,2024/05/02,2:00:00,4.9
上游闸内水位,2024/05/02,2:19:53,3.8
上游闸外水位,2024/05/02,2:19:53,3.7
下游闸内水位,2024/05/02,2:22:42,3.7
下游闸外水位,2024/05/02,2:22:42,4.8
下游闸内水位,2024/05/02,2:26:14,4.6
下游闸外水位,2024/05/02,2:26:14,4.8
下游闸内水位,2024/05/02,2:49:35,4.7
下游闸外水位,2024/05/02,2:49:35,4.8
上游闸内水位,2024/05/02,2:52:35,4.7
上游闸外水位,2024/05/02,2:52:35,3.7
内河侧水位,2024/05/02,3:00:00,3.8
长江侧水位,2024/05/02,3:00:00,4.8
上游闸内水位,2024/05/02,3:23:17,3.8
上游闸外水位,2024/05/02,3:23:17,3.7
下游闸内水位,2024/05/02,3:25:57,3.7
下游闸外水位,2024/05/02,3:25:57,4.8
下游闸内水位,2024/05/02,3:29:23,4.6
下游闸外水位,2024/05/02,3:29:23,4.7
上游闸外水位,2024/05/02,5:20:50,3.6
上游闸内水位,2024/05/02,5:24:21,3.8
上游闸外水位,2024/05/02,5:24:21,3.6
上游闸内水位,2024/05/02,5:44:11,3.7
上游闸外水位,2024/05/02,5:44:11,3.7
下游闸内水位,2024/05/02,5:46:41,3.7
下游闸外水位,2024/05/02,5:46:41,4.6
下游闸内水位,2024/05/02,5:51:53,4.7
下游闸外水位,2024/05/02,5:51:53,4.6
内河侧水位,2024/05/02,6:00:00,3.6
长江侧水位,2024/05/02,6:00:00,4.6
下游闸内水位,2024/05/02,6:07:32,4.6
下游闸外水位,2024/05/02,6:07:32,4.6
上游闸内水位,2024/05/02,6:10:21,4.6
上游闸外水位,2024/05/02,6:10:21,3.6
上游闸内水位,2024/05/02,6:15:41,3.6
上游闸外水位,2024/05/02,6:15:41,3.6
上游闸内水位,2024/05/02,6:24:45,3.7
上游闸外水位,2024/05/02,6:24:45,3.6
下游闸内水位,2024/05/02,6:27:22,3.7
下游闸外水位,2024/05/02,6:27:22,4.6
下游闸内水位,2024/05/02,6:30:30,4.4
下游闸外水位,2024/05/02,6:30:30,4.5
内河侧水位,2024/05/02,7:00:00,3.6
长江侧水位,2024/05/02,7:00:00,4.6
下游闸内水位,2024/05/02,7:11:01,4.5
下游闸外水位,2024/05/02,7:11:01,4.5
上游闸内水位,2024/05/02,7:13:38,4.6
上游闸外水位,2024/05/02,7:13:38,3.6
上游闸内水位,2024/05/02,7:17:09,3.7
上游闸外水位,2024/05/02,7:17:09,3.6
上游闸内水位,2024/05/02,7:37:00,3.7
上游闸外水位,2024/05/02,7:37:00,3.6
下游闸内水位,2024/05/02,7:40:14,3.7
下游闸外水位,2024/05/02,7:40:14,4.6
下游闸内水位,2024/05/02,7:44:24,4.5
下游闸外水位,2024/05/02,7:44:24,4.6
下游闸内水位,2024/05/02,7:53:25,4.5
下游闸外水位,2024/05/02,7:53:25,4.5
上游闸内水位,2024/05/02,7:56:43,4.5
上游闸外水位,2024/05/02,7:56:43,3.8
内河侧水位,2024/05/02,8:00:00,3.7
长江侧水位,2024/05/02,8:00:00,4.5
上游闸内水位,2024/05/02,8:00:06,3.9
上游闸外水位,2024/05/02,8:00:06,3.8
上游闸内水位,2024/05/02,8:39:42,4.0
上游闸外水位,2024/05/02,8:39:42,3.9
下游闸内水位,2024/05/02,8:42:21,4.0
下游闸外水位,2024/05/02,8:42:21,4.6
下游闸内水位,2024/05/02,8:46:04,4.6
下游闸外水位,2024/05/02,8:46:04,4.7
内河侧水位,2024/05/02,9:00:00,4.0
长江侧水位,2024/05/02,9:00:00,4.7
下游闸内水位,2024/05/02,9:04:17,4.7
下游闸外水位,2024/05/02,9:04:17,4.7
上游闸内水位,2024/05/02,9:06:59,4.7
上游闸外水位,2024/05/02,9:06:59,4.0
上游闸内水位,2024/05/02,9:10:08,4.1
上游闸外水位,2024/05/02,9:10:08,4.0
上游闸内水位,2024/05/02,9:36:43,4.1
上游闸外水位,2024/05/02,9:36:43,4.1
下游闸内水位,2024/05/02,9:39:18,4.1
下游闸外水位,2024/05/02,9:39:18,4.8
下游闸内水位,2024/05/02,9:41:58,4.6
下游闸外水位,2024/05/02,9:41:58,4.8
内河侧水位,2024/05/02,10:00:00,4.1
长江侧水位,2024/05/02,10:00:00,4.9
下游闸内水位,2024/05/02,10:14:15,4.9
下游闸外水位,2024/05/02,10:14:15,5.0
上游闸内水位,2024/05/02,10:17:31,5.0
上游闸外水位,2024/05/02,10:17:31,4.1
上游闸内水位,2024/05/02,10:20:56,4.2
上游闸外水位,2024/05/02,10:20:56,4.1
上游闸内水位,2024/05/02,10:51:37,4.3
上游闸外水位,2024/05/02,10:51:37,4.2
下游闸内水位,2024/05/02,10:54:22,4.2
下游闸外水位,2024/05/02,10:54:22,5.1
下游闸内水位,2024/05/02,10:57:23,4.9
下游闸外水位,2024/05/02,10:57:23,5.1
内河侧水位,2024/05/02,11:00:00,4.2
长江侧水位,2024/05/02,11:00:00,5.1
下游闸内水位,2024/05/02,11:28:30,5.2
下游闸外水位,2024/05/02,11:28:30,5.2
上游闸内水位,2024/05/02,11:31:22,5.2
上游闸外水位,2024/05/02,11:31:22,4.3
上游闸内水位,2024/05/02,11:34:54,4.4
上游闸外水位,2024/05/02,11:34:54,4.2
内河侧水位,2024/05/02,12:00:00,4.3
长江侧水位,2024/05/02,12:00:00,5.3
上游闸内水位,2024/05/02,12:09:43,4.4
上游闸外水位,2024/05/02,12:09:43,4.3
下游闸内水位,2024/05/02,12:12:18,4.4
下游闸外水位,2024/05/02,12:12:18,5.2
下游闸内水位,2024/05/02,12:15:23,5.1
下游闸外水位,2024/05/02,12:15:23,5.3
下游闸内水位,2024/05/02,12:45:10,5.3
下游闸外水位,2024/05/02,12:45:10,5.3
上游闸内水位,2024/05/02,12:47:49,5.3
上游闸外水位,2024/05/02,12:47:49,4.4
上游闸内水位,2024/05/02,12:51:08,4.5
上游闸外水位,2024/05/02,12:51:08,4.3
内河侧水位,2024/05/02,13:00:00,4.4
长江侧水位,2024/05/02,13:00:00,5.3
上游闸内水位,2024/05/02,13:18:38,4.4
上游闸外水位,2024/05/02,13:18:38,4.4
下游闸内水位,2024/05/02,13:21:16,4.5
下游闸外水位,2024/05/02,13:21:16,5.3
下游闸内水位,2024/05/02,13:24:36,5.2
下游闸外水位,2024/05/02,13:24:36,5.3
下游闸内水位,2024/05/02,13:48:20,5.2
下游闸外水位,2024/05/02,13:48:20,5.3
上游闸内水位,2024/05/02,13:50:57,5.2
上游闸外水位,2024/05/02,13:50:57,4.4
上游闸内水位,2024/05/02,13:54:00,4.6
上游闸外水位,2024/05/02,13:54:00,4.4
内河侧水位,2024/05/02,14:00:00,4.4
长江侧水位,2024/05/02,14:00:00,5.2
上游闸内水位,2024/05/02,14:23:42,4.5
上游闸外水位,2024/05/02,14:23:42,4.5
下游闸内水位,2024/05/02,14:27:40,4.5
下游闸外水位,2024/05/02,14:27:40,5.2
下游闸内水位,2024/05/02,14:30:49,5.1
下游闸外水位,2024/05/02,14:30:49,5.2
内河侧水位,2024/05/02,15:00:00,4.4
长江侧水位,2024/05/02,15:00:00,5.2
下游闸内水位,2024/05/02,15:01:44,5.2
下游闸外水位,2024/05/02,15:01:44,5.2
上游闸内水位,2024/05/02,15:04:17,5.2
上游闸外水位,2024/05/02,15:04:17,4.4
上游闸内水位,2024/05/02,15:07:21,4.5
上游闸外水位,2024/05/02,15:07:21,4.4
下游闸内水位,2024/05/03,15:58:11,5.3
下游闸外水位,2024/05/03,15:58:11,5.4
内河侧水位,2024/05/03,16:00:00,4.5
长江侧水位,2024/05/03,16:00:00,5.4
上游闸内水位,2024/05/03,16:00:51,5.4
上游闸外水位,2024/05/03,16:00:51,4.5
上游闸内水位,2024/05/03,16:03:35,5.0
上游闸外水位,2024/05/03,16:03:35,4.5
上游闸内水位,2024/05/03,16:05:30,4.7
上游闸外水位,2024/05/03,16:05:30,4.5
上游闸内水位,2024/05/03,16:39:49,4.6
上游闸外水位,2024/05/03,16:39:49,4.5
下游闸内水位,2024/05/03,16:42:19,4.6
下游闸外水位,2024/05/03,16:42:19,5.3
下游闸内水位,2024/05/03,16:45:12,5.1
下游闸外水位,2024/05/03,16:45:12,5.3
内河侧水位,2024/05/03,17:00:00,4.6
长江侧水位,2024/05/03,17:00:00,5.3
下游闸内水位,2024/05/03,17:23:54,5.2
下游闸外水位,2024/05/03,17:23:54,5.3
上游闸内水位,2024/05/03,17:26:31,5.2
上游闸外水位,2024/05/03,17:26:31,4.6
上游闸内水位,2024/05/03,17:30:03,4.6
上游闸外水位,2024/05/03,17:30:03,4.6
上游闸内水位,2024/05/03,17:53:48,4.6
上游闸外水位,2024/05/03,17:53:48,4.6
下游闸内水位,2024/05/03,17:58:11,4.6
下游闸外水位,2024/05/03,17:58:11,5.2
内河侧水位,2024/05/03,18:00:00,4.6
长江侧水位,2024/05/03,18:00:00,5.2
下游闸内水位,2024/05/03,18:00:46,5.0
下游闸外水位,2024/05/03,18:00:46,5.2
下游闸内水位,2024/05/03,18:12:03,5.2
下游闸外水位,2024/05/03,18:12:03,5.2
上游闸内水位,2024/05/03,18:14:39,5.1
上游闸外水位,2024/05/03,18:14:39,4.6
上游闸内水位,2024/05/03,18:16:51,4.7
上游闸外水位,2024/05/03,18:16:51,4.5
上游闸内水位,2024/05/03,18:50:14,4.5
上游闸外水位,2024/05/03,18:50:14,4.6
下游闸内水位,2024/05/03,18:52:44,4.5
下游闸外水位,2024/05/03,18:52:44,5.1
下游闸内水位,2024/05/03,18:55:02,4.9
下游闸外水位,2024/05/03,18:55:02,5.1
内河侧水位,2024/05/03,19:00:00,4.5
长江侧水位,2024/05/03,19:00:00,5.1
下游闸内水位,2024/05/03,19:26:37,5.0
下游闸外水位,2024/05/03,19:26:37,5.1
上游闸内水位,2024/05/03,19:29:14,5.0
上游闸外水位,2024/05/03,19:29:14,4.5
上游闸内水位,2024/05/03,19:34:30,4.7
上游闸外水位,2024/05/03,19:34:30,4.5
上游闸内水位,2024/05/03,19:35:51,4.6
上游闸外水位,2024/05/03,19:35:51,4.6
内河侧水位,2024/05/03,20:00:00,4.5
长江侧水位,2024/05/03,20:00:00,5.0
上游闸外水位,2024/05/03,4:09:54,4.3
下游闸内水位,2024/05/03,4:13:18,4.3
下游闸外水位,2024/05/03,4:13:18,4.9
下游闸内水位,2024/05/03,4:15:44,4.8
下游闸外水位,2024/05/03,4:15:44,4.9
下游闸内水位,2024/05/03,4:33:11,4.9
下游闸外水位,2024/05/03,4:33:11,4.9
上游闸内水位,2024/05/03,4:35:48,4.9
上游闸外水位,2024/05/03,4:35:48,4.3
上游闸内水位,2024/05/03,4:38:36,4.4
上游闸外水位,2024/05/03,4:38:36,4.2
内河侧水位,2024/05/03,5:00:00,4.3
长江侧水位,2024/05/03,5:00:00,4.9
上游闸内水位,2024/05/03,5:05:05,4.3
上游闸外水位,2024/05/03,5:05:05,4.3
下游闸内水位,2024/05/03,5:08:34,4.3
下游闸外水位,2024/05/03,5:08:34,4.9
下游闸内水位,2024/05/03,5:11:51,4.9
下游闸外水位,2024/05/03,5:11:51,4.9
下游闸内水位,2024/05/03,5:26:44,4.9
下游闸外水位,2024/05/03,5:26:44,4.9
上游闸内水位,2024/05/03,5:29:24,4.9
上游闸外水位,2024/05/03,5:29:24,4.3
上游闸内水位,2024/05/03,5:32:45,4.3
上游闸外水位,2024/05/03,5:32:45,4.3
上游闸内水位,2024/05/03,5:51:07,4.4
上游闸外水位,2024/05/03,5:51:07,4.3
下游闸内水位,2024/05/03,5:53:44,4.3
下游闸外水位,2024/05/03,5:53:44,4.8
下游闸内水位,2024/05/03,5:58:32,4.9
下游闸外水位,2024/05/03,5:58:32,4.9
内河侧水位,2024/05/03,6:00:00,4.3
长江侧水位,2024/05/03,6:00:00,4.9
下游闸内水位,2024/05/03,6:34:47,4.8
下游闸外水位,2024/05/03,6:34:47,4.8
上游闸内水位,2024/05/03,6:44:04,4.8
上游闸外水位,2024/05/03,6:44:04,4.3
上游闸内水位,2024/05/03,6:47:52,4.3
上游闸外水位,2024/05/03,6:47:52,4.2
内河侧水位,2024/05/03,7:00:00,4.2
长江侧水位,2024/05/03,7:00:00,4.8
上游闸内水位,2024/05/03,7:12:12,4.3
上游闸外水位,2024/05/03,7:12:12,4.3
下游闸内水位,2024/05/03,7:14:54,4.3
下游闸外水位,2024/05/03,7:14:54,4.8
下游闸内水位,2024/05/03,7:18:03,4.8
下游闸外水位,2024/05/03,7:18:03,4.8
下游闸内水位,2024/05/03,7:45:19,4.7
下游闸外水位,2024/05/03,7:45:19,4.7
上游闸内水位,2024/05/03,7:48:03,4.8
上游闸外水位,2024/05/03,7:48:03,4.2
上游闸内水位,2024/05/03,7:50:24,4.4
上游闸外水位,2024/05/03,7:50:24,4.2
内河侧水位,2024/05/03,8:00:00,4.2
长江侧水位,2024/05/03,8:00:00,4.7
上游闸内水位,2024/05/03,8:26:15,4.3
上游闸外水位,2024/05/03,8:26:15,4.2
下游闸内水位,2024/05/03,8:29:32,4.3
下游闸外水位,2024/05/03,8:29:32,4.7
下游闸内水位,2024/05/03,8:31:37,4.6
下游闸外水位,2024/05/03,8:31:37,4.7
下游闸内水位,2024/05/03,8:52:31,4.7
下游闸外水位,2024/05/03,8:52:31,4.7
上游闸内水位,2024/05/03,8:55:59,4.7
上游闸外水位,2024/05/03,8:55:59,4.2
上游闸内水位,2024/05/03,8:58:21,4.3
上游闸外水位,2024/05/03,8:58:21,4.2
内河侧水位,2024/05/03,9:00:00,4.2
长江侧水位,2024/05/03,9:00:00,4.7
上游闸内水位,2024/05/03,9:26:45,4.3
上游闸外水位,2024/05/03,9:26:45,4.2
下游闸内水位,2024/05/03,9:29:24,4.3
下游闸外水位,2024/05/03,9:29:24,4.7
下游闸内水位,2024/05/03,9:31:19,4.5
下游闸外水位,2024/05/03,9:31:19,4.7
内河侧水位,2024/05/03,10:00:00,4.2
长江侧水位,2024/05/03,10:00:00,4.6
下游闸内水位,2024/05/03,10:02:17,4.7
下游闸外水位,2024/05/03,10:02:17,4.7
上游闸内水位,2024/05/03,10:05:00,4.7
上游闸外水位,2024/05/03,10:05:00,4.2
上游闸内水位,2024/05/03,10:07:13,4.4
上游闸外水位,2024/05/03,10:07:13,4.2
上游闸内水位,2024/05/03,10:37:02,4.3
上游闸外水位,2024/05/03,10:37:02,4.2
下游闸内水位,2024/05/03,10:39:39,4.3
下游闸外水位,2024/05/03,10:39:39,4.7
下游闸内水位,2024/05/03,10:41:26,4.5
下游闸外水位,2024/05/03,10:41:26,4.7
内河侧水位,2024/05/03,11:00:00,4.2
长江侧水位,2024/05/03,11:00:00,4.7
下游闸内水位,2024/05/03,11:12:56,4.7
下游闸外水位,2024/05/03,11:12:56,4.8
上游闸内水位,2024/05/03,11:15:39,4.9
上游闸外水位,2024/05/03,11:15:39,4.2
上游闸内水位,2024/05/03,11:19:25,4.2
上游闸外水位,2024/05/03,11:19:25,4.2
上游闸内水位,2024/05/03,11:53:38,4.3
上游闸外水位,2024/05/03,11:53:38,4.3
下游闸内水位,2024/05/03,11:56:14,4.3
下游闸外水位,2024/05/03,11:56:14,5.0
下游闸内水位,2024/05/03,11:58:52,4.9
下游闸外水位,2024/05/03,11:58:52,5.0
内河侧水位,2024/05/03,12:00:00,4.3
长江侧水位,2024/05/03,12:00:00,5.0
下游闸内水位,2024/05/03,12:31:23,5.1
下游闸外水位,2024/05/03,12:31:23,5.1
上游闸内水位,2024/05/03,12:34:01,5.1
上游闸外水位,2024/05/03,12:34:01,4.3
上游闸内水位,2024/05/03,12:37:07,4.5
上游闸外水位,2024/05/03,12:37:07,4.3
内河侧水位,2024/05/03,13:00:00,4.3
长江侧水位,2024/05/03,13:00:00,5.3
上游闸内水位,2024/05/03,13:09:29,4.4
上游闸外水位,2024/05/03,13:09:29,4.4
下游闸内水位,2024/05/03,13:12:23,4.4
下游闸外水位,2024/05/03,13:12:23,5.3
下游闸内水位,2024/05/03,13:15:14,5.1
下游闸外水位,2024/05/03,13:15:14,5.3
下游闸内水位,2024/05/03,13:46:47,5.4
下游闸外水位,2024/05/03,13:46:47,5.4
上游闸内水位,2024/05/03,13:49:32,5.4
上游闸外水位,2024/05/03,13:49:32,4.4
上游闸内水位,2024/05/03,13:52:59,4.6
上游闸外水位,2024/05/03,13:52:59,4.4
内河侧水位,2024/05/03,14:00:00,4.4
长江侧水位,2024/05/03,14:00:00,5.4
上游闸内水位,2024/05/03,14:13:29,4.5
上游闸外水位,2024/05/03,14:13:29,4.4
下游闸内水位,2024/05/03,14:16:39,4.5
下游闸外水位,2024/05/03,14:16:39,5.5
下游闸内水位,2024/05/03,14:19:43,5.2
下游闸外水位,2024/05/03,14:19:43,5.4
下游闸内水位,2024/05/03,14:46:34,5.5
下游闸外水位,2024/05/03,14:46:34,5.5
上游闸内水位,2024/05/03,14:49:10,5.4
上游闸外水位,2024/05/03,14:49:10,4.5
上游闸内水位,2024/05/03,14:52:44,4.6
上游闸外水位,2024/05/03,14:52:44,4.5
内河侧水位,2024/05/03,15:00:00,4.5
长江侧水位,2024/05/03,15:00:00,5.4
上游闸内水位,2024/05/03,15:25:10,4.5
上游闸外水位,2024/05/03,15:25:10,4.5
下游闸内水位,2024/05/03,15:27:49,4.6
下游闸外水位,2024/05/03,15:27:49,5.4
下游闸内水位,2024/05/03,15:30:41,5.2
下游闸外水位,2024/05/03,15:30:41,5.4
下游闸内水位,2024/05/04,5:33:12,3.9
下游闸外水位,2024/05/04,5:33:12,5.1
下游闸内水位,2024/05/04,15:37:41,5.6
下游闸外水位,2024/05/04,15:37:41,5.6
上游闸内水位,2024/05/04,15:40:52,5.6
上游闸外水位,2024/05/04,15:40:52,3.8
上游闸内水位,2024/05/04,15:45:52,3.9
上游闸外水位,2024/05/04,15:45:52,3.7
上游闸内水位,2024/05/04,15:58:11,3.9
上游闸外水位,2024/05/04,15:58:11,3.8
内河侧水位,2024/05/04,16:00:00,3.8
长江侧水位,2024/05/04,16:00:00,5.5
下游闸内水位,2024/05/04,16:01:12,3.9
下游闸外水位,2024/05/04,16:01:12,5.6
下游闸内水位,2024/05/04,16:06:15,5.5
下游闸外水位,2024/05/04,16:06:15,5.6
下游闸内水位,2024/05/04,16:32:24,5.5
下游闸外水位,2024/05/04,16:32:24,5.5
上游闸内水位,2024/05/04,16:35:00,5.5
上游闸外水位,2024/05/04,16:35:00,3.8
上游闸内水位,2024/05/04,16:39:47,3.9
上游闸外水位,2024/05/04,16:39:47,3.8
内河侧水位,2024/05/04,17:00:00,3.8
长江侧水位,2024/05/04,17:00:00,5.5
上游闸内水位,2024/05/04,17:12:51,3.9
上游闸外水位,2024/05/04,17:12:51,3.8
下游闸内水位,2024/05/04,17:16:19,3.9
长江侧水位,2024/05/03,22:00:00,4.8
上游闸内水位,2024/05/03,22:01:21,4.1
上游闸外水位,2024/05/03,22:01:21,4.1
下游闸内水位,2024/05/03,22:03:58,4.1
下游闸外水位,2024/05/03,22:03:58,4.8
下游闸内水位,2024/05/03,22:06:45,4.6
下游闸外水位,2024/05/03,22:06:45,4.8
下游闸内水位,2024/05/03,22:51:45,4.7
下游闸外水位,2024/05/03,22:51:45,4.7
上游闸内水位,2024/05/03,22:54:33,4.7
上游闸外水位,2024/05/03,22:54:33,4.0
上游闸内水位,2024/05/03,22:57:20,4.1
上游闸外水位,2024/05/03,22:57:20,4.0
内河侧水位,2024/05/03,23:00:00,4.0
长江侧水位,2024/05/03,23:00:00,4.7
上游闸内水位,2024/05/03,23:33:39,4.0
上游闸外水位,2024/05/03,23:33:39,3.9
下游闸内水位,2024/05/03,23:36:14,4.0
下游闸外水位,2024/05/03,23:36:14,4.7
下游闸内水位,2024/05/03,23:38:03,4.2
下游闸外水位,2024/05/03,23:38:03,4.7
下游闸内水位,2024/05/03,23:39:59,4.5
下游闸外水位,2024/05/03,23:39:59,4.7
内河侧水位,2024/05/04,0:00:00,3.9
长江侧水位,2024/05/04,0:00:00,4.7
下游闸内水位,2024/05/04,0:15:37,4.7
下游闸外水位,2024/05/04,0:15:37,4.7
上游闸内水位,2024/05/04,0:18:20,4.7
上游闸外水位,2024/05/04,0:18:20,3.9
上游闸内水位,2024/05/04,0:21:38,4.0
上游闸外水位,2024/05/04,0:21:38,3.8
内河侧水位,2024/05/04,1:00:00,3.9
长江侧水位,2024/05/04,1:00:00,4.8
上游闸内水位,2024/05/04,1:03:01,3.9
上游闸外水位,2024/05/04,1:03:01,3.9
下游闸内水位,2024/05/04,1:05:37,3.9
下游闸外水位,2024/05/04,1:05:37,4.8
下游闸内水位,2024/05/04,1:09:13,4.4
下游闸外水位,2024/05/04,1:09:13,4.9
下游闸内水位,2024/05/04,1:11:12,4.8
下游闸外水位,2024/05/04,1:11:12,4.9
下游闸内水位,2024/05/04,1:47:17,5.0
下游闸外水位,2024/05/04,1:47:17,4.9
上游闸内水位,2024/05/04,1:51:18,5.0
上游闸外水位,2024/05/04,1:51:18,3.8
上游闸内水位,2024/05/04,1:55:50,3.9
上游闸外水位,2024/05/04,1:55:50,3.8
内河侧水位,2024/05/04,2:00:00,3.8
长江侧水位,2024/05/04,2:00:00,5.0
上游闸内水位,2024/05/04,2:46:09,3.9
上游闸外水位,2024/05/04,2:46:09,3.8
下游闸内水位,2024/05/04,2:48:41,3.9
下游闸外水位,2024/05/04,2:48:41,5.2
下游闸内水位,2024/05/04,2:52:41,5.0
下游闸外水位,2024/05/04,2:52:41,5.2
内河侧水位,2024/05/04,3:00:00,3.8
长江侧水位,2024/05/04,3:00:00,5.1
下游闸内水位,2024/05/04,3:52:24,5.2
下游闸外水位,2024/05/04,3:52:24,5.2
上游闸内水位,2024/05/04,3:55:00,5.2
上游闸外水位,2024/05/04,3:55:00,3.8
上游闸内水位,2024/05/04,3:59:30,3.9
上游闸外水位,2024/05/04,3:59:30,3.8
内河侧水位,2024/05/04,4:00:00,3.8
长江侧水位,2024/05/04,4:00:00,5.2
上游闸内水位,2024/05/04,4:44:36,3.9
上游闸外水位,2024/05/04,4:44:36,3.9
下游闸内水位,2024/05/04,4:47:53,3.9
下游闸外水位,2024/05/04,4:47:53,5.1
下游闸内水位,2024/05/04,4:52:03,5.1
下游闸外水位,2024/05/04,4:52:03,5.2
内河侧水位,2024/05/04,5:00:00,3.8
长江侧水位,2024/05/04,5:00:00,5.2
下游闸内水位,2024/05/04,5:04:11,5.1
下游闸外水位,2024/05/04,5:04:11,5.1
上游闸内水位,2024/05/04,5:06:44,5.2
上游闸外水位,2024/05/04,5:06:44,3.8
上游闸内水位,2024/05/04,5:10:58,3.9
上游闸外水位,2024/05/04,5:10:58,3.8
上游闸内水位,2024/05/04,5:30:44,3.9
上游闸外水位,2024/05/04,5:30:44,3.9
下游闸内水位,2024/05/04,5:37:06,4.9
下游闸外水位,2024/05/04,5:37:06,5.1
下游闸内水位,2024/05/04,5:48:59,5.1
下游闸外水位,2024/05/04,5:48:59,5.1
上游闸内水位,2024/05/04,5:52:51,5.1
上游闸外水位,2024/05/04,5:52:51,3.8
上游闸内水位,2024/05/04,5:57:14,3.9
上游闸外水位,2024/05/04,5:57:14,3.8
内河侧水位,2024/05/04,6:00:00,3.9
长江侧水位,2024/05/04,6:00:00,5.0
上游闸内水位,2024/05/04,6:19:07,3.9
上游闸外水位,2024/05/04,6:19:07,3.8
下游闸内水位,2024/05/04,6:21:39,4.0
下游闸外水位,2024/05/04,6:21:39,5.0
下游闸内水位,2024/05/04,6:25:18,4.9
下游闸外水位,2024/05/04,6:25:18,5.1
下游闸内水位,2024/05/04,6:36:49,5.1
下游闸外水位,2024/05/04,6:36:49,5.0
上游闸内水位,2024/05/04,6:39:57,5.0
上游闸外水位,2024/05/04,6:39:57,3.9
上游闸内水位,2024/05/04,6:43:59,3.9
上游闸外水位,2024/05/04,6:43:59,3.8
内河侧水位,2024/05/04,7:00:00,3.8
长江侧水位,2024/05/04,7:00:00,5.0
上游闸内水位,2024/05/04,7:05:36,3.8
上游闸外水位,2024/05/04,7:05:36,3.8
下游闸内水位,2024/05/04,7:08:13,3.9
下游闸外水位,2024/05/04,7:08:13,4.9
下游闸内水位,2024/05/04,7:11:50,4.8
下游闸外水位,2024/05/04,7:11:50,5.0
下游闸内水位,2024/05/04,7:32:21,5.0
下游闸外水位,2024/05/04,7:32:21,5.0
上游闸内水位,2024/05/04,7:35:09,4.9
上游闸外水位,2024/05/04,7:35:09,3.8
上游闸内水位,2024/05/04,7:39:06,3.9
上游闸外水位,2024/05/04,7:39:06,3.8
上游闸内水位,2024/05/04,7:55:39,3.9
上游闸外水位,2024/05/04,7:55:39,3.8
下游闸内水位,2024/05/04,7:58:13,3.9
下游闸外水位,2024/05/04,7:58:13,4.9
内河侧水位,2024/05/04,8:00:00,3.8
长江侧水位,2024/05/04,8:00:00,4.9
下游闸内水位,2024/05/04,8:03:53,5.0
下游闸外水位,2024/05/04,8:03:53,5.0
下游闸内水位,2024/05/04,8:35:03,4.9
下游闸外水位,2024/05/04,8:35:03,4.9
上游闸内水位,2024/05/04,8:37:51,4.9
上游闸外水位,2024/05/04,8:37:51,3.8
上游闸内水位,2024/05/04,8:41:30,3.9
上游闸外水位,2024/05/04,8:41:30,3.8
内河侧水位,2024/05/04,9:00:00,3.9
长江侧水位,2024/05/04,9:00:00,4.8
上游闸内水位,2024/05/04,9:15:26,3.9
上游闸外水位,2024/05/04,9:15:26,3.8
下游闸内水位,2024/05/04,9:18:00,3.9
下游闸外水位,2024/05/04,9:18:00,4.8
下游闸内水位,2024/05/04,9:21:14,4.7
下游闸外水位,2024/05/04,9:21:14,4.8
下游闸内水位,2024/05/04,9:34:09,4.7
下游闸外水位,2024/05/04,9:34:09,4.7
上游闸内水位,2024/05/04,9:36:46,4.8
上游闸外水位,2024/05/04,9:36:46,3.8
上游闸内水位,2024/05/04,9:40:18,4.0
上游闸外水位,2024/05/04,9:40:18,3.8
内河侧水位,2024/05/04,10:00:00,3.8
长江侧水位,2024/05/04,10:00:00,4.7
上游闸内水位,2024/05/04,10:04:41,3.9
上游闸外水位,2024/05/04,10:04:41,3.8
下游闸内水位,2024/05/04,10:07:33,3.9
下游闸外水位,2024/05/04,10:07:33,4.7
下游闸内水位,2024/05/04,10:10:38,4.6
下游闸外水位,2024/05/04,10:10:38,4.8
下游闸内水位,2024/05/04,10:42:31,4.7
下游闸外水位,2024/05/04,10:42:31,4.7
上游闸内水位,2024/05/04,10:45:07,4.8
上游闸外水位,2024/05/04,10:45:07,3.8
上游闸内水位,2024/05/04,10:48:40,3.9
上游闸外水位,2024/05/04,10:48:40,3.8
内河侧水位,2024/05/04,11:00:00,3.8
长江侧水位,2024/05/04,11:00:00,4.7
上游闸内水位,2024/05/04,11:25:08,3.9
上游闸外水位,2024/05/04,11:25:08,3.8
下游闸内水位,2024/05/04,11:27:43,3.8
下游闸外水位,2024/05/04,11:27:43,4.7
下游闸内水位,2024/05/04,11:30:37,4.5
下游闸外水位,2024/05/04,11:30:37,4.6
内河侧水位,2024/05/04,12:00:00,3.8
长江侧水位,2024/05/04,12:00:00,4.7
下游闸内水位,2024/05/04,12:05:55,4.8
下游闸外水位,2024/05/04,12:05:55,4.8
上游闸内水位,2024/05/04,12:08:44,4.8
上游闸外水位,2024/05/04,12:08:44,3.8
上游闸内水位,2024/05/04,12:12:21,3.9
上游闸外水位,2024/05/04,12:12:21,3.7
上游闸内水位,2024/05/04,12:27:14,3.8
上游闸外水位,2024/05/04,12:27:14,3.8
下游闸内水位,2024/05/04,12:29:50,3.8
下游闸外水位,2024/05/04,12:29:50,4.8
下游闸内水位,2024/05/04,12:33:06,4.6
下游闸外水位,2024/05/04,12:33:06,4.8
下游闸内水位,2024/05/04,12:58:25,5.0
下游闸外水位,2024/05/04,12:58:25,4.9
内河侧水位,2024/05/04,13:00:00,3.7
长江侧水位,2024/05/04,13:00:00,5.0
上游闸内水位,2024/05/04,13:01:04,5.0
上游闸外水位,2024/05/04,13:01:04,3.7
上游闸内水位,2024/05/04,13:05:16,3.8
上游闸外水位,2024/05/04,13:05:16,3.6
上游闸内水位,2024/05/04,13:42:53,3.8
上游闸外水位,2024/05/04,13:42:53,3.7
下游闸内水位,2024/05/04,13:45:25,3.8
下游闸外水位,2024/05/04,13:45:25,5.2
下游闸内水位,2024/05/04,13:49:57,5.1
下游闸外水位,2024/05/04,13:49:57,5.3
内河侧水位,2024/05/04,14:00:00,3.8
长江侧水位,2024/05/04,14:00:00,5.3
下游闸内水位,2024/05/04,14:29:38,5.4
下游闸外水位,2024/05/04,14:29:38,5.4
上游闸内水位,2024/05/04,14:32:40,5.5
上游闸外水位,2024/05/04,14:32:40,3.8
上游闸内水位,2024/05/04,14:37:44,3.8
上游闸外水位,2024/05/04,14:37:44,3.7
内河侧水位,2024/05/04,15:00:00,3.8
长江侧水位,2024/05/04,15:00:00,5.5
上游闸内水位,2024/05/04,15:08:46,3.9
上游闸外水位,2024/05/04,15:08:46,3.8
下游闸内水位,2024/05/04,15:11:23,3.8
下游闸外水位,2024/05/04,15:11:23,5.5
下游闸内水位,2024/05/04,15:17:58,5.6
下游闸外水位,2024/05/04,15:17:58,5.6
内河侧水位,2024/05/04,22:00:00,3.8
长江侧水位,2024/05/04,22:00:00,4.9
内河侧水位,2024/05/05,4:00:00,3.7
长江侧水位,2024/05/05,4:00:00,5.5
上游闸内水位,2024/05/05,4:14:11,3.8
上游闸外水位,2024/05/05,4:14:11,3.7
下游闸内水位,2024/05/05,4:18:53,3.8
下游闸外水位,2024/05/05,4:18:53,5.5
下游闸内水位,2024/05/05,4:23:49,5.4
下游闸外水位,2024/05/05,4:23:49,5.5
上游闸内水位,2024/05/05,6:39:00,3.8
上游闸外水位,2024/05/05,6:39:00,3.7
下游闸内水位,2024/05/05,6:41:31,3.7
下游闸外水位,2024/05/05,6:41:31,5.4
下游闸内水位,2024/05/05,6:46:11,5.2
下游闸外水位,2024/05/05,6:46:11,5.4
内河侧水位,2024/05/05,7:00:00,3.7
长江侧水位,2024/05/05,7:00:00,5.3
下游闸内水位,2024/05/05,7:13:35,5.3
下游闸外水位,2024/05/05,7:13:35,5.2
上游闸内水位,2024/05/05,7:16:12,5.3
上游闸外水位,2024/05/05,7:16:12,3.7
上游闸内水位,2024/05/05,7:22:05,3.7
上游闸外水位,2024/05/05,7:22:05,3.7
上游闸内水位,2024/05/05,7:42:09,3.8
上游闸外水位,2024/05/05,7:42:09,3.7
下游闸内水位,2024/05/05,7:44:59,3.8
下游闸外水位,2024/05/05,7:44:59,5.2
下游闸内水位,2024/05/05,7:49:27,5.1
下游闸外水位,2024/05/05,7:49:27,5.3
内河侧水位,2024/05/05,8:00:00,3.7
长江侧水位,2024/05/05,8:00:00,5.2
下游闸内水位,2024/05/05,8:00:15,5.2
下游闸外水位,2024/05/05,8:00:15,5.2
上游闸内水位,2024/05/05,8:02:53,5.2
上游闸外水位,2024/05/05,8:02:53,3.7
上游闸内水位,2024/05/05,8:07:34,3.8
上游闸外水位,2024/05/05,8:07:34,3.6
上游闸内水位,2024/05/05,8:43:32,3.8
上游闸外水位,2024/05/05,8:43:32,3.7
下游闸内水位,2024/05/05,8:46:06,3.8
下游闸外水位,2024/05/05,8:46:06,5.1
下游闸内水位,2024/05/05,8:50:14,5.0
下游闸外水位,2024/05/05,8:50:14,5.1
内河侧水位,2024/05/05,9:00:00,3.7
长江侧水位,2024/05/05,9:00:00,5.1
下游闸内水位,2024/05/05,9:19:22,5.0
下游闸外水位,2024/05/05,9:19:22,5.0
上游闸内水位,2024/05/05,9:22:34,5.1
上游闸外水位,2024/05/05,9:22:34,3.7
下游闸外水位,2024/05/04,17:16:19,5.5
下游闸内水位,2024/05/04,17:20:55,5.3
下游闸外水位,2024/05/04,17:20:55,5.5
下游闸内水位,2024/05/04,17:30:30,5.5
下游闸外水位,2024/05/04,17:30:30,5.4
下游闸内水位,2024/05/04,17:35:07,5.4
下游闸外水位,2024/05/04,17:35:07,5.3
下游闸内水位,2024/05/04,17:36:56,5.4
下游闸外水位,2024/05/04,17:36:56,5.5
下游闸内水位,2024/05/04,17:42:28,5.4
下游闸外水位,2024/05/04,17:42:28,5.4
上游闸内水位,2024/05/04,17:46:01,5.5
上游闸外水位,2024/05/04,17:46:01,3.8
上游闸内水位,2024/05/04,17:51:07,3.9
上游闸外水位,2024/05/04,17:51:07,3.7
内河侧水位,2024/05/04,18:00:00,3.9
长江侧水位,2024/05/04,18:00:00,5.4
上游闸内水位,2024/05/04,18:13:34,3.9
上游闸外水位,2024/05/04,18:13:34,3.8
下游闸内水位,2024/05/04,18:17:17,3.9
下游闸外水位,2024/05/04,18:17:17,5.3
下游闸内水位,2024/05/04,18:21:49,5.2
下游闸外水位,2024/05/04,18:21:49,5.4
内河侧水位,2024/05/04,19:00:00,3.8
长江侧水位,2024/05/04,19:00:00,5.3
下游闸内水位,2024/05/04,19:02:07,5.3
下游闸外水位,2024/05/04,19:02:07,5.3
上游闸内水位,2024/05/04,19:04:46,5.2
上游闸外水位,2024/05/04,19:04:46,3.8
上游闸内水位,2024/05/04,19:09:27,3.9
上游闸外水位,2024/05/04,19:09:27,3.8
上游闸内水位,2024/05/04,19:44:13,3.9
上游闸外水位,2024/05/04,19:44:13,3.8
下游闸内水位,2024/05/04,19:46:48,3.9
下游闸外水位,2024/05/04,19:46:48,5.2
下游闸内水位,2024/05/04,19:50:49,5.0
下游闸外水位,2024/05/04,19:50:49,5.2
内河侧水位,2024/05/04,20:00:00,3.8
长江侧水位,2024/05/04,20:00:00,5.2
下游闸内水位,2024/05/04,20:26:17,5.1
下游闸外水位,2024/05/04,20:26:17,5.1
上游闸内水位,2024/05/04,20:30:30,5.1
上游闸外水位,2024/05/04,20:30:30,3.8
上游闸内水位,2024/05/04,20:35:25,3.9
上游闸外水位,2024/05/04,20:35:25,3.8
内河侧水位,2024/05/04,21:00:00,3.8
长江侧水位,2024/05/04,21:00:00,5.0
上游闸内水位,2024/05/04,21:27:47,3.9
上游闸外水位,2024/05/04,21:27:47,3.8
下游闸内水位,2024/05/04,21:30:59,3.9
下游闸外水位,2024/05/04,21:30:59,4.9
下游闸内水位,2024/05/04,21:34:42,4.8
下游闸外水位,2024/05/04,21:34:42,5.0
下游闸内水位,2024/05/04,22:15:44,4.9
下游闸外水位,2024/05/04,22:15:44,4.9
上游闸内水位,2024/05/04,22:18:40,4.9
上游闸外水位,2024/05/04,22:18:40,3.8
上游闸内水位,2024/05/04,22:22:36,3.9
上游闸外水位,2024/05/04,22:22:36,3.7
上游闸内水位,2024/05/04,22:56:24,3.8
上游闸外水位,2024/05/04,22:56:24,3.8
下游闸内水位,2024/05/04,22:59:01,3.8
下游闸外水位,2024/05/04,22:59:01,4.8
内河侧水位,2024/05/04,23:00:00,3.8
长江侧水位,2024/05/04,23:00:00,4.7
下游闸内水位,2024/05/04,23:02:16,4.6
下游闸外水位,2024/05/04,23:02:16,4.8
下游闸内水位,2024/05/04,23:44:32,4.8
下游闸外水位,2024/05/04,23:44:32,4.8
上游闸内水位,2024/05/04,23:47:16,4.8
上游闸外水位,2024/05/04,23:47:16,3.8
上游闸内水位,2024/05/04,23:50:52,3.9
上游闸外水位,2024/05/04,23:50:52,3.7
内河侧水位,2024/05/05,0:00:00,3.8
长江侧水位,2024/05/05,0:00:00,4.7
上游闸内水位,2024/05/05,0:06:53,3.8
上游闸外水位,2024/05/05,0:06:53,3.7
下游闸内水位,2024/05/05,0:09:38,3.8
下游闸外水位,2024/05/05,0:09:38,4.7
下游闸内水位,2024/05/05,0:12:52,4.6
下游闸外水位,2024/05/05,0:12:52,4.7
下游闸内水位,2024/05/05,0:38:46,4.7
下游闸外水位,2024/05/05,0:38:46,4.7
上游闸内水位,2024/05/05,0:41:31,4.8
上游闸外水位,2024/05/05,0:41:31,3.8
上游闸内水位,2024/05/05,0:45:07,3.9
上游闸外水位,2024/05/05,0:45:07,3.7
内河侧水位,2024/05/05,1:00:00,3.7
长江侧水位,2024/05/05,1:00:00,4.7
上游闸内水位,2024/05/05,1:30:27,3.8
上游闸外水位,2024/05/05,1:30:27,3.7
下游闸内水位,2024/05/05,1:33:00,3.8
下游闸外水位,2024/05/05,1:33:00,4.8
下游闸内水位,2024/05/05,1:37:11,4.7
下游闸外水位,2024/05/05,1:37:11,4.9
下游闸内水位,2024/05/05,1:56:21,4.9
下游闸外水位,2024/05/05,1:56:21,4.9
上游闸内水位,2024/05/05,1:59:00,5.0
上游闸外水位,2024/05/05,1:59:00,3.7
内河侧水位,2024/05/05,2:00:00,3.7
长江侧水位,2024/05/05,2:00:00,5.0
上游闸内水位,2024/05/05,2:03:08,3.8
上游闸外水位,2024/05/05,2:03:08,3.6
上游闸内水位,2024/05/05,2:33:00,3.8
上游闸外水位,2024/05/05,2:33:00,3.7
下游闸内水位,2024/05/05,2:37:53,3.8
下游闸外水位,2024/05/05,2:37:53,5.2
下游闸内水位,2024/05/05,2:42:36,5.1
下游闸外水位,2024/05/05,2:42:36,5.3
内河侧水位,2024/05/05,3:00:00,3.7
长江侧水位,2024/05/05,3:00:00,5.4
下游闸内水位,2024/05/05,3:22:47,5.4
下游闸外水位,2024/05/05,3:22:47,5.4
上游闸内水位,2024/05/05,3:26:19,5.4
上游闸外水位,2024/05/05,3:26:19,3.7
上游闸内水位,2024/05/05,3:31:32,3.7
上游闸外水位,2024/05/05,3:31:32,3.6
内河侧水位,2024/05/05,5:00:00,3.7
长江侧水位,2024/05/05,5:00:00,5.5
下游闸内水位,2024/05/05,5:02:24,5.6
下游闸外水位,2024/05/05,5:02:24,5.6
上游闸内水位,2024/05/05,5:05:10,5.5
上游闸外水位,2024/05/05,5:05:10,3.7
上游闸内水位,2024/05/05,5:10:23,3.7
上游闸外水位,2024/05/05,5:10:23,3.6
上游闸内水位,2024/05/05,5:43:48,3.7
上游闸外水位,2024/05/05,5:43:48,3.7
下游闸内水位,2024/05/05,5:46:19,3.7
下游闸外水位,2024/05/05,5:46:19,5.5
下游闸内水位,2024/05/05,5:51:42,5.3
下游闸外水位,2024/05/05,5:51:42,5.5
内河侧水位,2024/05/05,6:00:00,3.7
长江侧水位,2024/05/05,6:00:00,5.5
下游闸内水位,2024/05/05,6:13:55,5.4
下游闸外水位,2024/05/05,6:13:55,5.4
上游闸内水位,2024/05/05,6:16:31,5.4
上游闸外水位,2024/05/05,6:16:31,3.7
上游闸内水位,2024/05/05,6:21:33,3.8
上游闸外水位,2024/05/05,6:21:33,3.6
下游闸内水位,2024/05/05,11:26:04,4.8
下游闸外水位,2024/05/05,11:26:04,4.8
上游闸内水位,2024/05/05,11:29:29,4.9
上游闸外水位,2024/05/05,11:29:29,3.7
上游闸内水位,2024/05/05,11:33:31,3.8
上游闸外水位,2024/05/05,11:33:31,3.6
内河侧水位,2024/05/05,12:00:00,3.7
长江侧水位,2024/05/05,12:00:00,4.8
上游闸内水位,2024/05/05,12:05:55,3.8
上游闸外水位,2024/05/05,12:05:55,3.7
下游闸内水位,2024/05/05,12:08:25,3.8
下游闸外水位,2024/05/05,12:08:25,4.8
下游闸内水位,2024/05/05,12:11:37,4.6
下游闸外水位,2024/05/05,12:11:37,4.7
下游闸内水位,2024/05/05,12:43:10,4.7
下游闸外水位,2024/05/05,12:43:10,4.7
上游闸内水位,2024/05/05,12:45:57,4.8
上游闸外水位,2024/05/05,12:45:57,3.7
上游闸内水位,2024/05/05,12:49:38,3.8
上游闸外水位,2024/05/05,12:49:38,3.7
内河侧水位,2024/05/05,13:00:00,3.8
长江侧水位,2024/05/05,13:00:00,4.7
上游闸内水位,2024/05/05,13:23:59,3.8
上游闸外水位,2024/05/05,13:23:59,3.7
下游闸内水位,2024/05/05,13:26:34,3.8
下游闸外水位,2024/05/05,13:26:34,4.9
下游闸内水位,2024/05/05,13:30:04,4.7
下游闸外水位,2024/05/05,13:30:04,4.8
内河侧水位,2024/05/05,14:00:01,3.7
长江侧水位,2024/05/05,14:00:01,5.0
下游闸内水位,2024/05/05,14:01:19,5.0
下游闸外水位,2024/05/05,14:01:19,5.0
上游闸内水位,2024/05/05,14:03:57,5.1
上游闸外水位,2024/05/05,14:03:57,3.7
上游闸内水位,2024/05/05,14:08:47,3.7
上游闸内水位,2024/05/05,9:26:54,3.8
上游闸外水位,2024/05/05,9:26:54,3.6
上游闸内水位,2024/05/05,9:50:14,3.8
上游闸外水位,2024/05/05,9:50:14,3.7
下游闸内水位,2024/05/05,9:52:44,3.8
下游闸外水位,2024/05/05,9:52:44,5.0
下游闸内水位,2024/05/05,9:56:22,4.8
下游闸外水位,2024/05/05,9:56:22,5.0
内河侧水位,2024/05/05,10:00:01,3.7
长江侧水位,2024/05/05,10:00:01,4.9
下游闸内水位,2024/05/05,10:14:56,5.0
下游闸外水位,2024/05/05,10:14:56,4.9
上游闸内水位,2024/05/05,10:17:35,5.0
上游闸外水位,2024/05/05,10:17:35,3.7
上游闸内水位,2024/05/05,10:22:00,3.8
上游闸外水位,2024/05/05,10:22:00,3.7
上游闸内水位,2024/05/05,10:47:36,3.8
上游闸外水位,2024/05/05,10:47:36,3.7
下游闸内水位,2024/05/05,10:50:06,3.8
下游闸外水位,2024/05/05,10:50:06,4.9
下游闸内水位,2024/05/05,10:53:46,4.8
下游闸外水位,2024/05/05,10:53:46,4.9
内河侧水位,2024/05/05,11:00:00,3.7
长江侧水位,2024/05/05,11:00:00,4.8
内河侧水位,2024/05/05,15:00:00,3.7
长江侧水位,2024/05/05,15:00:00,5.4
下游闸内水位,2024/05/05,15:15:53,5.6
下游闸外水位,2024/05/05,15:15:53,5.6
上游闸内水位,2024/05/05,15:18:32,5.6
上游闸外水位,2024/05/05,15:18:32,3.7
内河侧水位,2024/05/05,16:00:00,3.7
长江侧水位,2024/05/05,16:00:00,5.7
上游闸内水位,2024/05/05,16:00:31,3.7
上游闸外水位,2024/05/05,16:00:31,3.7
下游闸内水位,2024/05/05,16:03:17,3.7
下游闸外水位,2024/05/05,16:03:17,5.7
下游闸内水位,2024/05/05,16:08:28,5.6
下游闸外水位,2024/05/05,16:08:28,5.7
下游闸内水位,2024/05/05,16:44:49,5.7
下游闸外水位,2024/05/05,16:44:49,5.7
上游闸内水位,2024/05/05,16:48:31,5.8
上游闸外水位,2024/05/05,16:48:31,3.7
上游闸内水位,2024/05/05,16:53:56,3.8
上游闸外水位,2024/05/05,16:53:56,3.6
内河侧水位,2024/05/05,17:00:00,3.7
长江侧水位,2024/05/05,17:00:00,5.7
上游闸内水位,2024/05/05,17:14:34,3.8
上游闸外水位,2024/05/05,17:14:34,3.7
下游闸内水位,2024/05/05,17:17:23,3.8
下游闸外水位,2024/05/05,17:17:23,5.7
下游闸内水位,2024/05/05,17:22:36,5.6
下游闸外水位,2024/05/05,17:22:36,5.7
下游闸内水位,2024/05/05,17:34:06,5.6
下游闸外水位,2024/05/05,17:34:06,5.6
上游闸内水位,2024/05/05,17:36:42,5.7
上游闸外水位,2024/05/05,17:36:42,3.7
上游闸内水位,2024/05/05,17:42:04,3.8
上游闸外水位,2024/05/05,17:42:04,3.6
内河侧水位,2024/05/05,18:00:00,3.7
长江侧水位,2024/05/05,18:00:00,5.7
上游闸内水位,2024/05/05,18:06:58,3.8
上游闸外水位,2024/05/05,18:06:58,3.7
下游闸内水位,2024/05/05,18:09:46,3.8
下游闸外水位,2024/05/05,18:09:46,5.6
下游闸内水位,2024/05/05,18:14:55,5.5
下游闸外水位,2024/05/05,18:14:55,5.6
下游闸内水位,2024/05/05,18:45:55,5.6
下游闸外水位,2024/05/05,18:45:55,5.6
上游闸内水位,2024/05/05,18:48:52,5.6
上游闸外水位,2024/05/05,18:48:52,3.7
上游闸内水位,2024/05/05,18:54:04,3.8
上游闸外水位,2024/05/05,18:54:04,3.6
内河侧水位,2024/05/05,19:00:00,3.7
长江侧水位,2024/05/05,19:00:00,5.5
上游闸内水位,2024/05/05,19:26:53,3.8
上游闸外水位,2024/05/05,19:26:53,3.7
下游闸内水位,2024/05/05,19:31:34,3.8
下游闸外水位,2024/05/05,19:31:34,5.5
下游闸内水位,2024/05/05,19:36:40,5.4
下游闸外水位,2024/05/05,19:36:40,5.5
内河侧水位,2024/05/05,20:00:00,3.7
长江侧水位,2024/05/05,20:00:00,5.4
下游闸内水位,2024/05/05,20:12:47,5.3
下游闸外水位,2024/05/05,20:12:47,5.3
上游闸内水位,2024/05/05,20:15:30,5.4
上游闸外水位,2024/05/05,20:15:30,3.7
上游闸内水位,2024/05/05,20:20:26,3.8
上游闸内水位,2024/05/05,22:39:30,3.8
上游闸外水位,2024/05/05,22:39:30,3.7
下游闸内水位,2024/05/05,23:50:32,4.8
下游闸外水位,2024/05/05,23:50:32,4.9
内河侧水位,2024/05/06,4:00:00,3.7
长江侧水位,2024/05/06,4:00:00,5.7
上游闸内水位,2024/05/06,4:04:17,3.7
上游闸外水位,2024/05/06,4:04:17,3.7
上游闸内水位,2024/05/06,15:37:00,5.7
上游闸外水位,2024/05/06,15:37:00,3.7
上游闸内水位,2024/05/06,15:42:20,3.8
上游闸外水位,2024/05/06,15:42:20,3.7
内河侧水位,2024/05/06,16:00:00,3.8
长江侧水位,2024/05/06,16:00:00,5.8
上游闸内水位,2024/05/06,16:18:02,3.8
上游闸外水位,2024/05/06,16:18:02,3.7
下游闸内水位,2024/05/06,16:20:37,3.8
下游闸外水位,2024/05/06,16:20:37,5.9
下游闸内水位,2024/05/06,16:26:12,5.8
下游闸外水位,2024/05/06,16:26:12,6.0
下游闸内水位,2024/05/06,16:59:46,6.0
下游闸外水位,2024/05/06,16:59:46,6.1
内河侧水位,2024/05/06,17:00:00,3.7
长江侧水位,2024/05/06,17:00:00,6.1
上游闸内水位,2024/05/06,17:02:20,6.1
上游闸外水位,2024/05/06,17:02:20,3.7
上游闸内水位,2024/05/06,17:08:18,3.8
上游闸外水位,2024/05/06,17:08:18,3.7
上游闸内水位,2024/05/06,17:30:36,3.8
上游闸外水位,2024/05/06,17:30:36,3.7
下游闸内水位,2024/05/06,17:33:16,3.8
下游闸外水位,2024/05/06,17:33:16,6.0
下游闸内水位,2024/05/06,17:38:59,5.9
下游闸外水位,2024/05/06,17:38:59,6.0
内河侧水位,2024/05/06,18:00:00,3.7
长江侧水位,2024/05/06,18:00:00,6.0
下游闸内水位,2024/05/06,18:05:05,5.9
下游闸外水位,2024/05/06,18:05:05,5.9
上游闸内水位,2024/05/06,18:07:47,6.0
上游闸外水位,2024/05/06,18:07:47,3.7
上游闸内水位,2024/05/06,18:20:24,4.4
上游闸外水位,2024/05/06,18:20:24,3.7
上游闸内水位,2024/05/06,18:23:12,3.8
上游闸外水位,2024/05/06,18:23:12,3.7
内河侧水位,2024/05/06,19:00:00,3.7
长江侧水位,2024/05/06,19:00:00,5.8
上游闸内水位,2024/05/06,19:05:50,3.8
上游闸外水位,2024/05/06,19:05:50,3.7
下游闸内水位,2024/05/06,19:08:27,3.8
下游闸外水位,2024/05/06,19:08:27,5.8
下游闸内水位,2024/05/06,19:14:16,5.7
下游闸外水位,2024/05/06,19:14:16,5.8
下游闸内水位,2024/05/06,23:36:36,5.1
下游闸外水位,2024/05/06,23:36:36,5.1
上游闸内水位,2024/05/07,1:08:43,4.9
上游闸外水位,2024/05/07,1:08:43,3.7
上游闸内水位,2024/05/07,1:12:49,3.8
上游闸外水位,2024/05/07,1:12:49,3.7
上游闸内水位,2024/05/07,1:50:22,3.8
上游闸外水位,2024/05/07,1:50:22,3.7
下游闸内水位,2024/05/07,1:53:01,3.8
下游闸外水位,2024/05/07,1:53:01,4.9
下游闸内水位,2024/05/07,1:54:47,3.9
下游闸外水位,2024/05/07,1:54:47,4.8
下游闸内水位,2024/05/07,1:57:28,4.4
下游闸外水位,2024/05/07,1:57:28,4.8
下游闸内水位,2024/05/07,1:59:37,4.8
下游闸外水位,2024/05/07,1:59:37,4.8
内河侧水位,2024/05/07,2:00:00,3.7
长江侧水位,2024/05/07,2:00:00,4.8
下游闸内水位,2024/05/07,2:18:00,4.8
下游闸外水位,2024/05/07,2:18:00,4.8
上游闸内水位,2024/05/07,2:20:43,4.8
上游闸外水位,2024/05/07,2:20:43,3.7
上游闸内水位,2024/05/07,2:25:10,3.7
上游闸外水位,2024/05/07,2:25:10,3.7
上游闸内水位,2024/05/07,2:47:46,3.8
上游闸外水位,2024/05/07,2:47:46,3.7
下游闸内水位,2024/05/07,2:50:22,3.8
下游闸外水位,2024/05/07,2:50:22,4.9
下游闸内水位,2024/05/07,2:54:22,4.9
下游闸外水位,2024/05/07,2:54:22,5.0
内河侧水位,2024/05/07,3:00:00,3.7
长江侧水位,2024/05/07,3:00:00,5.0
下游闸内水位,2024/05/07,3:49:30,5.8
下游闸外水位,2024/05/07,3:49:30,5.8
上游闸内水位,2024/05/07,3:52:20,5.8
上游闸外水位,2024/05/06,4:47:20,3.7
上游闸内水位,2024/05/06,4:53:03,3.8
上游闸外水位,2024/05/06,4:53:03,3.6
内河侧水位,2024/05/06,5:00:00,3.7
长江侧水位,2024/05/06,5:00:00,5.9
上游闸内水位,2024/05/06,5:26:08,3.7
上游闸外水位,2024/05/06,5:26:08,3.7
下游闸内水位,2024/05/06,5:29:17,3.7
下游闸外水位,2024/05/06,5:29:17,5.9
下游闸内水位,2024/05/06,5:36:18,5.9
下游闸外水位,2024/05/06,5:36:18,5.9
内河侧水位,2024/05/06,6:00:00,3.7
长江侧水位,2024/05/06,6:00:00,5.8
下游闸内水位,2024/05/06,6:06:10,5.8
下游闸外水位,2024/05/06,6:06:10,5.8
上游闸内水位,2024/05/06,6:10:09,5.9
上游闸外水位,2024/05/06,6:10:09,3.7
上游闸内水位,2024/05/06,6:15:43,3.8
上游闸外水位,2024/05/06,6:15:43,3.6
上游闸内水位,2024/05/06,6:47:21,3.7
上游闸外水位,2024/05/06,6:47:21,3.7
下游闸内水位,2024/05/06,6:50:51,3.7
下游闸外水位,2024/05/06,6:50:51,5.8
下游闸内水位,2024/05/06,6:56:16,5.6
下游闸外水位,2024/05/06,6:56:16,5.8
内河侧水位,2024/05/06,7:00:00,3.7
长江侧水位,2024/05/06,7:00:00,5.7
下游闸内水位,2024/05/06,7:07:58,5.6
下游闸外水位,2024/05/06,7:07:58,5.6
上游闸内水位,2024/05/06,7:10:35,5.7
上游闸外水位,2024/05/06,7:10:35,3.7
上游闸内水位,2024/05/06,7:16:04,3.7
上游闸外水位,2024/05/06,7:16:04,3.6
上游闸内水位,2024/05/06,7:29:56,3.8
上游闸外水位,2024/05/06,7:29:56,3.7
下游闸内水位,2024/05/06,7:32:28,3.8
下游闸外水位,2024/05/06,7:32:28,5.7
下游闸内水位,2024/05/06,7:37:56,5.5
下游闸外水位,2024/05/06,7:37:56,5.6
下游闸内水位,2024/05/06,7:52:13,5.5
下游闸外水位,2024/05/06,7:52:13,5.5
上游闸内水位,2024/05/06,7:54:48,5.7
上游闸外水位,2024/05/06,7:54:48,3.7
内河侧水位,2024/05/06,8:00:00,3.6
长江侧水位,2024/05/06,8:00:00,5.6
上游闸内水位,2024/05/06,8:00:08,3.8
上游闸外水位,2024/05/06,8:00:08,3.6
上游闸内水位,2024/05/06,8:12:26,3.7
上游闸外水位,2024/05/06,8:12:26,3.7
下游闸内水位,2024/05/06,8:15:10,3.7
下游闸外水位,2024/05/06,8:15:10,5.6
下游闸内水位,2024/05/06,8:20:29,5.4
下游闸外水位,2024/05/06,8:20:29,5.5
下游闸内水位,2024/05/06,8:29:57,5.5
下游闸外水位,2024/05/06,8:29:57,5.5
上游闸内水位,2024/05/06,8:32:54,5.4
上游闸外水位,2024/05/06,8:32:54,3.7
上游闸内水位,2024/05/06,8:38:04,3.7
上游闸外水位,2024/05/06,8:38:04,3.6
上游闸内水位,2024/05/06,8:58:50,3.7
上游闸外水位,2024/05/06,8:58:50,3.7
内河侧水位,2024/05/06,9:00:00,3.7
长江侧水位,2024/05/06,9:00:00,5.4
下游闸内水位,2024/05/06,9:01:32,3.8
下游闸外水位,2024/05/06,9:01:32,5.4
下游闸内水位,2024/05/06,9:06:41,5.3
下游闸外水位,2024/05/06,9:06:41,5.4
下游闸内水位,2024/05/06,9:17:54,5.3
下游闸外水位,2024/05/06,9:17:54,5.4
上游闸内水位,2024/05/06,9:20:31,5.3
上游闸外水位,2024/05/06,9:20:31,3.7
上游闸内水位,2024/05/06,9:25:36,3.8
上游闸外水位,2024/05/06,9:25:36,3.6
内河侧水位,2024/05/06,10:00:00,3.7
长江侧水位,2024/05/06,10:00:00,5.3
上游闸内水位,2024/05/06,10:15:01,3.8
上游闸外水位,2024/05/06,10:15:01,3.7
下游闸内水位,2024/05/06,10:17:35,3.8
下游闸外水位,2024/05/06,10:17:35,5.3
下游闸内水位,2024/05/06,10:22:13,5.1
下游闸外水位,2024/05/06,10:22:13,5.3
下游闸内水位,2024/05/06,11:10:20,5.1
下游闸外水位,2024/05/06,11:10:20,5.2
上游闸内水位,2024/05/06,11:12:58,5.1
上游闸外水位,2024/05/06,11:12:58,3.7
上游闸内水位,2024/05/06,11:18:05,3.7
上游闸外水位,2024/05/06,11:18:05,3.7
内河侧水位,2024/05/06,11:00:00,3.7
长江侧水位,2024/05/06,11:00:00,5.2
下游闸内水位,2024/05/06,11:24:56,3.8
下游闸外水位,2024/05/06,11:24:56,5.1
下游闸内水位,2024/05/06,11:29:04,5.0
下游闸外水位,2024/05/06,11:29:04,5.1
下游闸内水位,2024/05/06,11:49:18,5.1
下游闸外水位,2024/05/06,11:49:18,5.1
上游闸内水位,2024/05/06,11:52:08,5.0
上游闸外水位,2024/05/06,11:52:08,3.7
上游闸内水位,2024/05/06,11:54:26,4.8
上游闸外水位,2024/05/06,11:54:26,3.7
内河侧水位,2024/05/06,12:00:00,3.8
长江侧水位,2024/05/06,12:00:00,5.0
上游闸内水位,2024/05/06,12:00:13,4.1
上游闸外水位,2024/05/06,12:00:13,3.7
上游闸内水位,2024/05/06,12:47:20,3.8
上游闸外水位,2024/05/06,12:47:20,3.7
下游闸内水位,2024/05/06,12:49:58,3.8
下游闸外水位,2024/05/06,12:49:58,5.0
下游闸内水位,2024/05/06,12:53:47,4.8
下游闸外水位,2024/05/06,12:53:47,4.9
内河侧水位,2024/05/06,13:00:00,3.7
长江侧水位,2024/05/06,13:00:00,4.9
下游闸内水位,2024/05/06,13:30:00,4.9
下游闸外水位,2024/05/06,13:30:00,5.0
上游闸内水位,2024/05/06,13:32:39,4.9
上游闸外水位,2024/05/06,13:32:39,3.8
上游闸内水位,2024/05/06,13:36:21,3.9
上游闸外水位,2024/05/06,13:36:21,3.8
内河侧水位,2024/05/06,14:00:00,3.9
长江侧水位,2024/05/06,14:00:00,4.9
上游闸内水位,2024/05/06,14:00:19,3.9
上游闸外水位,2024/05/06,14:00:19,3.9
下游闸内水位,2024/05/06,14:03:05,4.0
下游闸外水位,2024/05/06,14:03:05,4.9
下游闸内水位,2024/05/06,14:06:20,4.7
下游闸外水位,2024/05/06,14:06:20,4.8
下游闸内水位,2024/05/06,14:22:17,4.9
下游闸外水位,2024/05/06,14:22:17,4.9
上游闸内水位,2024/05/06,14:24:50,5.0
上游闸外水位,2024/05/06,14:24:50,3.9
上游闸内水位,2024/05/06,14:28:40,4.0
上游闸外水位,2024/05/06,14:28:40,3.8
上游闸内水位,2024/05/06,14:54:59,3.9
上游闸外水位,2024/05/06,14:54:59,3.8
下游闸内水位,2024/05/06,14:57:41,3.8
下游闸外水位,2024/05/06,14:57:41,5.3
内河侧水位,2024/05/06,15:00:00,3.8
长江侧水位,2024/05/06,15:00:00,5.3
下游闸内水位,2024/05/06,15:02:23,5.2
下游闸外水位,2024/05/06,15:02:23,5.4
下游闸内水位,2024/05/06,15:34:14,5.7
下游闸外水位,2024/05/06,15:34:14,5.7
下游闸内水位,2024/05/06,19:52:59,5.7
下游闸外水位,2024/05/06,19:52:59,5.7
上游闸内水位,2024/05/06,19:55:36,5.7
上游闸外水位,2024/05/06,19:55:36,3.7
内河侧水位,2024/05/06,20:00:00,3.6
长江侧水位,2024/05/06,20:00:00,5.7
上游闸内水位,2024/05/06,20:00:51,3.8
上游闸外水位,2024/05/06,20:00:51,3.6
上游闸内水位,2024/05/06,20:33:34,3.8
上游闸外水位,2024/05/06,20:33:34,3.7
下游闸内水位,2024/05/06,20:36:05,3.8
下游闸外水位,2024/05/06,20:36:05,5.6
下游闸内水位,2024/05/06,20:41:06,5.4
下游闸外水位,2024/05/06,20:41:06,5.5
内河侧水位,2024/05/06,21:00:00,3.7
长江侧水位,2024/05/06,21:00:00,5.5
下游闸内水位,2024/05/06,21:01:50,5.5
下游闸外水位,2024/05/06,21:01:50,5.5
上游闸内水位,2024/05/06,21:05:40,5.5
上游闸外水位,2024/05/06,21:05:40,3.7
上游闸内水位,2024/05/06,21:10:42,3.8
上游闸外水位,2024/05/06,21:10:42,3.7
上游闸内水位,2024/05/06,21:35:44,3.8
上游闸外水位,2024/05/06,21:35:44,3.8
下游闸内水位,2024/05/06,21:39:35,3.8
下游闸外水位,2024/05/06,21:39:35,5.4
下游闸内水位,2024/05/06,21:48:43,5.4
下游闸外水位,2024/05/06,21:48:43,5.4
内河侧水位,2024/05/06,22:00:00,3.8
长江侧水位,2024/05/06,22:00:00,5.3
下游闸内水位,2024/05/06,22:26:19,5.3
下游闸外水位,2024/05/06,22:26:19,5.2
上游闸内水位,2024/05/06,22:29:33,5.2
上游闸外水位,2024/05/06,22:29:33,3.7
上游闸内水位,2024/05/06,22:34:27,3.8
上游闸外水位,2024/05/06,22:34:27,3.7
内河侧水位,2024/05/06,23:00:00,3.8
长江侧水位,2024/05/06,23:00:00,5.2
上游闸内水位,2024/05/06,23:15:28,3.8
上游闸外水位,2024/05/06,23:15:28,3.7
下游闸内水位,2024/05/06,23:18:35,3.8
下游闸外水位,2024/05/06,23:18:35,5.1
下游闸内水位,2024/05/06,23:22:38,5.0
下游闸外水位,2024/05/06,23:22:38,5.1
上游闸内水位,2024/05/06,23:39:12,5.1
上游闸外水位,2024/05/06,23:39:12,3.7
上游闸内水位,2024/05/06,23:43:25,3.8
上游闸外水位,2024/05/06,23:43:25,3.7
内河侧水位,2024/05/07,0:00:00,3.7
长江侧水位,2024/05/07,0:00:00,5.1
上游闸内水位,2024/05/07,0:00:42,3.8
上游闸外水位,2024/05/07,0:00:42,3.7
下游闸内水位,2024/05/07,0:03:14,3.8
下游闸外水位,2024/05/07,0:03:14,5.1
下游闸内水位,2024/05/07,0:09:16,4.6
下游闸外水位,2024/05/07,0:09:16,5.0
下游闸内水位,2024/05/07,0:11:19,5.0
下游闸外水位,2024/05/07,0:11:19,5.0
下游闸内水位,2024/05/07,0:22:02,5.0
下游闸外水位,2024/05/07,0:22:02,5.0
上游闸内水位,2024/05/07,0:24:45,5.0
上游闸外水位,2024/05/07,0:24:45,3.7
上游闸内水位,2024/05/07,0:28:52,3.8
上游闸外水位,2024/05/07,0:28:52,3.7
上游闸内水位,2024/05/07,0:46:55,3.8
上游闸外水位,2024/05/07,0:46:55,3.7
下游闸内水位,2024/05/07,0:49:27,3.8
下游闸外水位,2024/05/07,0:49:27,5.0
下游闸内水位,2024/05/07,0:53:14,4.4
下游闸外水位,2024/05/07,0:53:14,4.9
下游闸内水位,2024/05/07,0:54:54,4.8
下游闸外水位,2024/05/07,0:54:54,4.9
内河侧水位,2024/05/07,1:00:00,3.7
长江侧水位,2024/05/07,1:00:00,4.9
下游闸内水位,2024/05/07,1:06:05,4.9
下游闸外水位,2024/05/07,1:06:05,4.9
上游闸外水位,2024/05/07,3:52:20,3.7
上游闸内水位,2024/05/07,3:57:50,3.8
上游闸外水位,2024/05/07,3:57:50,3.7
内河侧水位,2024/05/07,4:00:00,3.7
长江侧水位,2024/05/07,4:00:00,5.8
上游闸内水位,2024/05/07,4:34:43,3.8
上游闸外水位,2024/05/07,4:34:43,3.7
下游闸内水位,2024/05/07,4:37:15,3.8
下游闸外水位,2024/05/07,4:37:15,6.1
下游闸内水位,2024/05/07,4:43:24,6.0
下游闸外水位,2024/05/07,4:43:24,6.1
内河侧水位,2024/05/07,5:00:00,3.7
长江侧水位,2024/05/07,5:00:00,6.2
下游闸内水位,2024/05/07,5:21:24,6.2
下游闸外水位,2024/05/07,5:21:24,6.3
上游闸内水位,2024/05/07,5:24:15,6.3
上游闸外水位,2024/05/07,5:24:15,3.7
上游闸内水位,2024/05/07,5:30:21,3.8
上游闸外水位,2024/05/07,5:30:21,3.7
内河侧水位,2024/05/07,6:00:00,3.7
长江侧水位,2024/05/07,6:00:00,6.3
上游闸内水位,2024/05/07,6:02:31,3.8
上游闸外水位,2024/05/07,6:02:31,3.7
下游闸内水位,2024/05/07,6:05:09,3.8
下游闸外水位,2024/05/07,6:05:09,6.2
下游闸内水位,2024/05/07,6:14:43,6.2
下游闸外水位,2024/05/07,6:14:43,6.2
下游闸内水位,2024/05/07,6:50:42,6.1
下游闸外水位,2024/05/07,6:50:42,6.1
上游闸内水位,2024/05/07,6:53:32,6.1
上游闸外水位,2024/05/07,6:53:32,3.7
上游闸内水位,2024/05/07,6:59:29,3.8
上游闸外水位,2024/05/07,6:59:29,3.7
内河侧水位,2024/05/07,7:00:00,3.7
长江侧水位,2024/05/07,7:00:00,6.1
上游闸内水位,2024/05/07,7:35:41,3.8
上游闸外水位,2024/05/07,7:35:41,3.7
下游闸内水位,2024/05/07,7:44:05,5.8
下游闸外水位,2024/05/07,7:44:05,5.9
内河侧水位,2024/05/07,8:00:00,3.7
长江侧水位,2024/05/07,8:00:00,5.9
下游闸内水位,2024/05/07,8:20:44,5.8
下游闸外水位,2024/05/07,8:20:44,5.8
上游闸内水位,2024/05/07,8:23:16,5.8
下游闸内水位,2024/05/07,7:38:29,3.8
下游闸外水位,2024/05/07,7:38:29,6.0
下游闸内水位,2024/05/07,15:57:14,5.5
下游闸外水位,2024/05/07,15:57:14,5.5
上游闸内水位,2024/05/07,15:59:51,5.6
上游闸外水位,2024/05/07,15:59:51,3.8
内河侧水位,2024/05/07,16:00:00,3.8
长江侧水位,2024/05/07,16:00:00,5.5
上游闸内水位,2024/05/07,16:04:50,3.8
上游闸外水位,2024/05/07,16:04:50,3.7
上游闸内水位,2024/05/07,16:38:43,3.8
上游闸外水位,2024/05/07,16:38:43,3.8
下游闸内水位,2024/05/07,16:41:18,3.8
下游闸外水位,2024/05/07,16:41:18,5.8
下游闸内水位,2024/05/07,16:46:59,5.8
下游闸外水位,2024/05/07,16:46:59,5.9
内河侧水位,2024/05/07,17:00:00,3.8
长江侧水位,2024/05/07,17:00:00,6.0
下游闸内水位,2024/05/07,17:26:26,6.1
下游闸外水位,2024/05/07,17:26:26,6.1
上游闸内水位,2024/05/07,17:34:16,6.0
上游闸外水位,2024/05/07,17:34:16,3.8
上游闸内水位,2024/05/07,17:39:54,3.8
上游闸外水位,2024/05/07,17:39:54,3.7
内河侧水位,2024/05/07,18:00:00,3.7
长江侧水位,2024/05/07,18:00:00,6.1
上游闸内水位,2024/05/07,18:19:39,3.8
上游闸外水位,2024/05/07,18:19:39,3.7
下游闸内水位,2024/05/07,18:22:14,3.8
下游闸外水位,2024/05/07,18:22:14,6.1
下游闸内水位,2024/05/07,18:28:25,6.0
下游闸外水位,2024/05/07,18:28:25,6.1
内河侧水位,2024/05/07,19:00:00,3.8
长江侧水位,2024/05/07,19:00:00,6.1
下游闸内水位,2024/05/07,19:10:26,6.0
下游闸外水位,2024/05/07,19:10:26,6.0
上游闸内水位,2024/05/07,19:13:04,6.0
上游闸外水位,2024/05/07,19:13:04,3.8
上游闸内水位,2024/05/07,19:18:47,3.8
上游闸外水位,2024/05/07,19:18:47,3.7
上游闸内水位,2024/05/07,19:56:26,3.8
上游闸外水位,2024/05/07,19:56:26,3.8
下游闸内水位,2024/05/07,19:59:11,3.8
下游闸外水位,2024/05/07,19:59:11,5.9
内河侧水位,2024/05/07,20:00:00,3.7
长江侧水位,2024/05/07,20:00:00,5.8
下游闸内水位,2024/05/07,20:04:29,5.7
下游闸外水位,2024/05/07,20:04:29,5.8
下游闸内水位,2024/05/07,20:21:38,5.8
下游闸外水位,2024/05/07,20:21:38,5.8
上游闸内水位,2024/05/07,20:24:39,5.8
上游闸外水位,2024/05/07,20:24:39,3.8
上游闸内水位,2024/05/07,20:30:06,3.8
上游闸外水位,2024/05/07,20:30:06,3.7
上游闸内水位,2024/05/07,20:50:00,4.0
上游闸外水位,2024/05/07,20:50:00,4.0
下游闸内水位,2024/05/07,20:52:42,4.1
下游闸外水位,2024/05/07,20:52:42,5.7
内河侧水位,2024/05/07,21:00:00,4.0
长江侧水位,2024/05/07,21:00:00,5.7
下游闸内水位,2024/05/07,21:45:41,5.5
下游闸外水位,2024/05/07,21:45:41,5.6
上游闸内水位,2024/05/07,21:48:41,5.5
上游闸外水位,2024/05/07,21:48:41,4.3
上游闸内水位,2024/05/07,21:52:48,4.4
上游闸外水位,2024/05/07,21:52:48,4.2
内河侧水位,2024/05/07,22:00:00,4.3
长江侧水位,2024/05/07,22:00:00,5.5
上游闸内水位,2024/05/07,22:26:21,4.4
上游闸外水位,2024/05/07,22:26:21,4.4
下游闸内水位,2024/05/07,22:29:12,4.4
下游闸外水位,2024/05/07,22:29:12,5.4
下游闸内水位,2024/05/07,22:32:56,5.3
下游闸外水位,2024/05/07,22:32:56,5.4
内河侧水位,2024/05/07,23:00:00,4.4
长江侧水位,2024/05/07,23:00:00,5.4
下游闸内水位,2024/05/07,23:11:34,5.3
下游闸外水位,2024/05/07,23:11:34,5.3
上游闸内水位,2024/05/07,23:14:21,5.3
上游闸外水位,2024/05/07,23:14:21,4.4
上游闸内水位,2024/05/07,23:56:37,4.5
上游闸外水位,2024/05/07,23:56:37,4.4
内河侧水位,2024/05/08,0:00:00,4.4
长江侧水位,2024/05/08,0:00:00,5.2
下游闸内水位,2024/05/08,0:00:15,4.5
下游闸外水位,2024/05/08,0:00:15,5.2
下游闸内水位,2024/05/08,0:03:01,5.0
上游闸外水位,2024/05/07,8:23:16,3.7
上游闸内水位,2024/05/07,8:28:48,3.8
上游闸外水位,2024/05/07,8:28:48,3.7
上游闸内水位,2024/05/07,8:51:22,3.8
上游闸外水位,2024/05/07,8:51:22,3.7
下游闸内水位,2024/05/07,8:53:57,3.8
下游闸外水位,2024/05/07,8:53:57,5.7
下游闸内水位,2024/05/07,8:59:05,5.6
下游闸外水位,2024/05/07,8:59:05,5.7
内河侧水位,2024/05/07,9:00:00,3.7
长江侧水位,2024/05/07,9:00:00,5.7
下游闸内水位,2024/05/07,9:25:02,5.6
下游闸外水位,2024/05/07,9:25:02,5.6
上游闸内水位,2024/05/07,9:27:38,5.6
上游闸外水位,2024/05/07,9:27:38,3.7
上游闸内水位,2024/05/07,9:32:52,3.8
上游闸外水位,2024/05/07,9:32:52,3.7
上游闸内水位,2024/05/07,9:49:55,3.9
上游闸外水位,2024/05/07,9:49:55,3.8
内河侧水位,2024/05/07,10:00:00,3.8
长江侧水位,2024/05/07,10:00:00,5.5
上游闸内水位,2024/05/07,10:00:38,3.9
上游闸外水位,2024/05/07,10:00:38,3.7
上游闸内水位,2024/05/07,10:02:10,3.8
上游闸外水位,2024/05/07,10:02:10,3.7
上游闸内水位,2024/05/07,10:13:46,3.8
上游闸外水位,2024/05/07,10:13:46,3.8
下游闸内水位,2024/05/07,10:16:41,3.8
下游闸外水位,2024/05/07,10:16:41,5.4
下游闸内水位,2024/05/07,10:21:24,5.3
下游闸外水位,2024/05/07,10:21:24,5.5
下游闸内水位,2024/05/07,10:35:34,5.4
下游闸外水位,2024/05/07,10:35:34,5.4
下游闸内水位,2024/05/07,10:44:46,5.4
下游闸外水位,2024/05/07,10:44:46,5.4
内河侧水位,2024/05/07,11:00:00,3.8
长江侧水位,2024/05/07,11:00:00,5.4
下游闸内水位,2024/05/07,11:04:38,5.3
下游闸外水位,2024/05/07,11:04:38,5.3
上游闸内水位,2024/05/07,11:07:23,5.4
上游闸外水位,2024/05/07,11:07:23,3.8
上游闸内水位,2024/05/07,11:12:10,3.8
上游闸外水位,2024/05/07,11:12:10,3.7
上游闸内水位,2024/05/07,11:28:55,3.8
上游闸外水位,2024/05/07,11:28:55,3.8
下游闸内水位,2024/05/07,11:31:44,3.9
下游闸外水位,2024/05/07,11:31:44,5.3
下游闸内水位,2024/05/07,11:38:26,5.3
下游闸外水位,2024/05/07,11:38:26,5.3
下游闸内水位,2024/05/07,11:57:02,5.1
下游闸外水位,2024/05/07,11:57:02,5.2
上游闸内水位,2024/05/07,11:59:38,5.2
上游闸外水位,2024/05/07,11:59:38,3.8
内河侧水位,2024/05/07,12:00:00,3.8
长江侧水位,2024/05/07,12:00:00,5.2
上游闸内水位,2024/05/07,12:01:40,4.9
上游闸外水位,2024/05/07,12:01:40,3.8
上游闸内水位,2024/05/07,12:04:58,3.9
上游闸外水位,2024/05/07,12:04:58,3.8
上游闸内水位,2024/05/07,12:23:24,3.9
上游闸外水位,2024/05/07,12:23:24,3.8
下游闸内水位,2024/05/07,12:26:02,3.9
下游闸外水位,2024/05/07,12:26:02,5.1
下游闸内水位,2024/05/07,12:29:59,5.0
下游闸外水位,2024/05/07,12:29:59,5.1
下游闸内水位,2024/05/07,12:52:05,5.0
下游闸外水位,2024/05/07,12:52:05,5.0
上游闸内水位,2024/05/07,12:54:46,5.1
上游闸外水位,2024/05/07,12:54:46,3.8
上游闸内水位,2024/05/07,12:58:59,3.9
上游闸外水位,2024/05/07,12:58:59,3.7
内河侧水位,2024/05/07,13:00:00,3.8
长江侧水位,2024/05/07,13:00:00,5.0
上游闸内水位,2024/05/07,13:23:39,3.9
上游闸外水位,2024/05/07,13:23:39,3.8
下游闸内水位,2024/05/07,13:26:11,3.9
下游闸外水位,2024/05/07,13:26:11,5.0
下游闸内水位,2024/05/07,13:29:45,4.8
下游闸外水位,2024/05/07,13:29:45,5.0
下游闸内水位,2024/05/07,13:44:29,4.9
下游闸外水位,2024/05/07,13:44:29,5.0
上游闸内水位,2024/05/07,13:47:09,4.9
上游闸外水位,2024/05/07,13:47:09,3.8
上游闸内水位,2024/05/07,13:51:05,3.9
上游闸外水位,2024/05/07,13:51:05,3.7
内河侧水位,2024/05/07,14:00:00,3.8
长江侧水位,2024/05/07,14:00:00,4.9
上游闸内水位,2024/05/07,14:10:59,3.8
上游闸外水位,2024/05/07,14:10:59,3.8
下游闸内水位,2024/05/07,14:13:28,3.8
下游闸外水位,2024/05/07,14:13:28,4.9
下游闸内水位,2024/05/07,14:16:58,4.7
下游闸外水位,2024/05/07,14:16:58,4.9
下游闸内水位,2024/05/07,14:51:16,4.9
下游闸外水位,2024/05/07,14:51:16,4.9
上游闸内水位,2024/05/07,14:53:57,4.9
上游闸外水位,2024/05/07,14:53:57,3.8
上游闸内水位,2024/05/07,14:57:50,3.9
上游闸外水位,2024/05/07,14:57:50,3.7
内河侧水位,2024/05/07,15:00:00,3.7
长江侧水位,2024/05/07,15:00:00,4.9
上游闸内水位,2024/05/07,15:20:43,3.8
上游闸外水位,2024/05/07,15:20:43,3.8
下游闸内水位,2024/05/07,15:23:17,3.9
下游闸外水位,2024/05/07,15:23:17,5.0
下游闸内水位,2024/05/07,15:27:00,4.9
下游闸外水位,2024/05/07,15:27:00,5.1
下游闸内水位,2024/05/07,20:57:32,5.6
下游闸外水位,2024/05/07,20:57:32,5.7
上游闸内水位,2024/05/07,23:17:45,4.5
上游闸外水位,2024/05/07,23:17:45,4.4
上游闸内水位,2024/05/08,8:53:14,4.8
上游闸外水位,2024/05/08,8:53:14,4.8
下游闸内水位,2024/05/08,8:56:18,4.8
下游闸外水位,2024/05/08,8:56:18,5.9
下游闸内水位,2024/05/08,8:59:41,5.7
下游闸外水位,2024/05/08,8:59:41,5.9
内河侧水位,2024/05/08,9:00:00,4.7
长江侧水位,2024/05/08,9:00:00,5.9
下游闸内水位,2024/05/08,9:29:47,5.8
下游闸外水位,2024/05/08,9:29:47,5.8
上游闸内水位,2024/05/08,9:32:24,5.8
上游闸外水位,2024/05/08,9:32:24,4.7
上游闸内水位,2024/05/08,9:36:11,4.8
上游闸外水位,2024/05/08,9:36:11,4.7
内河侧水位,2024/05/08,10:00:00,4.7
长江侧水位,2024/05/08,10:00:00,5.7
上游闸内水位,2024/05/08,10:06:48,4.8
上游闸外水位,2024/05/08,10:06:48,4.7
下游闸内水位,2024/05/08,10:10:59,4.8
下游闸外水位,2024/05/08,10:10:59,5.6
下游闸内水位,2024/05/08,10:15:27,5.7
下游闸外水位,2024/05/08,10:15:27,5.7
下游闸内水位,2024/05/08,10:34:16,5.6
下游闸外水位,2024/05/08,10:34:16,5.6
上游闸内水位,2024/05/08,10:36:54,5.6
上游闸外水位,2024/05/08,10:36:54,4.7
上游闸内水位,2024/05/08,10:40:23,4.8
上游闸外水位,2024/05/08,10:40:23,4.6
内河侧水位,2024/05/08,11:00:00,4.7
长江侧水位,2024/05/08,11:00:00,5.5
上游闸内水位,2024/05/08,11:04:35,4.7
上游闸外水位,2024/05/08,11:04:35,4.7
下游闸内水位,2024/05/08,11:07:07,4.7
下游闸外水位,2024/05/08,11:07:07,5.5
下游闸内水位,2024/05/08,11:10:21,5.4
下游闸外水位,2024/05/08,11:10:21,5.5
下游闸内水位,2024/05/08,11:44:46,5.4
下游闸外水位,2024/05/08,11:44:46,5.4
上游闸内水位,2024/05/08,11:47:22,5.4
上游闸外水位,2024/05/08,11:47:22,4.6
上游闸内水位,2024/05/08,11:50:28,4.7
上游闸外水位,2024/05/08,11:50:28,4.6
内河侧水位,2024/05/08,12:00:00,4.7
长江侧水位,2024/05/08,12:00:00,5.4
上游闸内水位,2024/05/08,12:25:37,4.6
上游闸外水位,2024/05/08,12:25:37,4.6
下游闸内水位,2024/05/08,12:28:10,4.6
下游闸外水位,2024/05/08,12:28:10,5.3
下游闸内水位,2024/05/08,12:30:42,5.1
下游闸外水位,2024/05/08,12:30:42,5.3
内河侧水位,2024/05/08,13:00:00,4.6
长江侧水位,2024/05/08,13:00:00,5.2
下游闸内水位,2024/05/08,13:06:43,5.1
下游闸外水位,2024/05/08,13:06:43,5.2
上游闸内水位,2024/05/08,13:09:20,5.1
上游闸外水位,2024/05/08,13:09:20,4.5
上游闸内水位,2024/05/08,13:12:03,4.7
上游闸外水位,2024/05/08,13:12:03,4.5
上游闸内水位,2024/05/08,13:37:14,4.6
上游闸外水位,2024/05/08,13:37:14,4.5
下游闸内水位,2024/05/08,13:39:45,4.6
下游闸外水位,2024/05/08,13:39:45,5.1
下游闸内水位,2024/05/08,13:41:54,4.9
下游闸外水位,2024/05/08,0:03:01,5.2
下游闸内水位,2024/05/08,0:38:22,5.1
下游闸外水位,2024/05/08,0:38:22,5.1
上游闸内水位,2024/05/08,0:40:58,5.1
上游闸外水位,2024/05/08,0:40:58,4.4
上游闸内水位,2024/05/08,0:43:55,4.5
上游闸外水位,2024/05/08,0:43:55,4.4
内河侧水位,2024/05/08,1:00:00,4.4
长江侧水位,2024/05/08,1:00:00,5.1
上游闸内水位,2024/05/08,1:18:47,4.4
上游闸外水位,2024/05/08,1:18:47,4.4
下游闸内水位,2024/05/08,1:21:16,4.4
下游闸外水位,2024/05/08,1:21:16,5.0
下游闸内水位,2024/05/08,1:23:36,4.8
下游闸外水位,2024/05/08,1:23:36,5.0
内河侧水位,2024/05/08,2:00:00,4.3
长江侧水位,2024/05/08,2:00:00,4.9
下游闸内水位,2024/05/08,2:11:23,4.9
下游闸外水位,2024/05/08,2:11:23,4.9
上游闸内水位,2024/05/08,2:15:15,4.9
上游闸外水位,2024/05/08,2:15:15,4.3
上游闸内水位,2024/05/08,2:17:57,4.5
上游闸外水位,2024/05/08,2:17:57,4.3
上游闸内水位,2024/05/08,2:54:51,4.4
上游闸外水位,2024/05/08,2:54:51,4.3
下游闸内水位,2024/05/08,2:57:21,4.4
下游闸外水位,2024/05/08,2:57:21,4.8
下游闸内水位,2024/05/08,2:59:14,4.6
下游闸外水位,2024/05/08,2:59:14,4.8
内河侧水位,2024/05/08,3:00:00,4.3
长江侧水位,2024/05/08,3:00:00,4.8
下游闸内水位,2024/05/08,3:43:56,5.0
下游闸外水位,2024/05/08,3:43:56,5.0
上游闸内水位,2024/05/08,3:46:38,5.0
上游闸外水位,2024/05/08,3:46:38,4.3
上游闸内水位,2024/05/08,3:49:42,4.5
上游闸外水位,2024/05/08,3:49:42,4.3
内河侧水位,2024/05/08,4:00:00,4.4
长江侧水位,2024/05/08,4:00:00,5.4
上游闸内水位,2024/05/08,4:27:04,4.5
上游闸外水位,2024/05/08,4:27:04,4.4
下游闸内水位,2024/05/08,4:35:33,4.5
下游闸外水位,2024/05/08,4:35:33,5.9
下游闸内水位,2024/05/08,4:40:01,5.8
下游闸外水位,2024/05/08,4:40:01,6.0
下游闸内水位,2024/05/08,4:54:03,6.1
下游闸外水位,2024/05/08,4:54:03,6.1
上游闸内水位,2024/05/08,4:56:39,6.1
上游闸外水位,2024/05/08,4:56:39,4.5
内河侧水位,2024/05/08,5:00:00,4.5
长江侧水位,2024/05/08,5:00:00,6.1
上游闸内水位,2024/05/08,5:01:46,4.6
上游闸外水位,2024/05/08,5:01:46,4.5
上游闸内水位,2024/05/08,5:18:38,4.7
上游闸外水位,2024/05/08,5:18:38,4.6
下游闸内水位,2024/05/08,5:22:50,4.7
下游闸外水位,2024/05/08,5:22:50,6.2
下游闸内水位,2024/05/08,5:27:34,6.1
下游闸外水位,2024/05/08,5:27:34,6.3
下游闸内水位,2024/05/08,5:38:46,6.3
下游闸外水位,2024/05/08,5:38:46,6.3
上游闸内水位,2024/05/08,5:41:40,6.3
上游闸外水位,2024/05/08,5:41:40,4.6
上游闸内水位,2024/05/08,5:47:21,4.7
上游闸外水位,2024/05/08,5:47:21,4.7
内河侧水位,2024/05/08,6:00:00,4.7
长江侧水位,2024/05/08,6:00:00,6.4
上游闸内水位,2024/05/08,6:07:01,4.8
上游闸外水位,2024/05/08,6:07:01,4.7
下游闸内水位,2024/05/08,6:09:36,4.8
下游闸外水位,2024/05/08,6:09:36,6.4
下游闸内水位,2024/05/08,6:14:25,6.3
下游闸外水位,2024/05/08,6:14:25,6.4
下游闸内水位,2024/05/08,6:21:16,6.5
下游闸外水位,2024/05/08,6:21:16,6.5
上游闸内水位,2024/05/08,6:23:58,6.4
上游闸外水位,2024/05/08,6:23:58,4.7
上游闸内水位,2024/05/08,6:28:58,4.8
上游闸外水位,2024/05/08,6:28:58,4.7
上游闸内水位,2024/05/08,6:38:49,4.8
上游闸外水位,2024/05/08,6:38:49,4.7
下游闸内水位,2024/05/08,6:41:21,4.8
下游闸外水位,2024/05/08,6:41:21,6.4
下游闸内水位,2024/05/08,6:46:08,6.3
下游闸外水位,2024/05/08,6:46:08,6.4
下游闸内水位,2024/05/08,6:52:11,6.3
下游闸外水位,2024/05/08,6:52:11,6.3
内河侧水位,2024/05/08,16:00:00,4.4
长江侧水位,2024/05/08,16:00:00,5.0
上游闸内水位,2024/05/08,16:08:09,4.5
上游闸外水位,2024/05/08,16:08:09,4.4
下游闸内水位,2024/05/08,16:10:43,4.5
下游闸外水位,2024/05/08,16:10:43,5.2
下游闸内水位,2024/05/08,16:13:20,5.0
下游闸外水位,2024/05/08,16:13:20,5.2
下游闸内水位,2024/05/08,19:49:02,5.9
下游闸外水位,2024/05/08,19:49:02,6.1
内河侧水位,2024/05/08,20:00:00,4.8
长江侧水位,2024/05/08,20:00:00,6.0
下游闸内水位,2024/05/08,20:21:12,6.0
下游闸外水位,2024/05/08,20:21:12,6.0
上游闸内水位,2024/05/08,20:23:47,6.0
上游闸外水位,2024/05/08,20:23:47,4.8
上游闸内水位,2024/05/08,20:27:46,4.9
上游闸外水位,2024/05/08,20:27:46,4.8
上游闸内水位,2024/05/08,20:59:19,4.9
上游闸外水位,2024/05/08,20:59:19,4.8
内河侧水位,2024/05/08,21:00:00,4.8
长江侧水位,2024/05/08,21:00:00,5.8
下游闸内水位,2024/05/08,21:01:52,4.9
下游闸外水位,2024/05/08,21:01:52,5.9
下游闸内水位,2024/05/08,21:07:11,5.9
下游闸外水位,2024/05/08,21:07:11,5.9
下游闸内水位,2024/05/08,21:51:47,5.7
下游闸外水位,2024/05/08,21:51:47,5.7
上游闸内水位,2024/05/08,21:55:00,5.7
上游闸外水位,2024/05/08,21:55:00,4.8
上游闸内水位,2024/05/08,21:58:17,4.9
上游闸外水位,2024/05/08,21:58:17,4.8
内河侧水位,2024/05/08,22:00:00,4.8
长江侧水位,2024/05/08,22:00:00,5.7
上游闸内水位,2024/05/08,22:39:26,4.8
上游闸外水位,2024/05/08,22:39:26,4.8
下游闸内水位,2024/05/08,22:42:16,4.8
下游闸外水位,2024/05/08,22:42:16,5.6
下游闸内水位,2024/05/08,22:44:59,5.4
下游闸外水位,2024/05/08,22:44:59,5.6
内河侧水位,2024/05/08,23:00:00,4.8
长江侧水位,2024/05/08,23:00:00,5.5
下游闸内水位,2024/05/08,23:35:42,5.4
下游闸外水位,2024/05/08,23:35:42,5.4
上游闸内水位,2024/05/08,23:38:28,5.4
上游闸外水位,2024/05/08,23:38:28,4.7
上游闸内水位,2024/05/08,23:41:18,4.9
上游闸外水位,2024/05/08,23:41:18,4.7
内河侧水位,2024/05/09,0:00:00,4.7
长江侧水位,2024/05/09,0:00:00,5.4
上游闸内水位,2024/05/09,0:14:05,4.8
上游闸外水位,2024/05/09,0:14:05,4.7
下游闸内水位,2024/05/09,0:16:56,4.7
下游闸外水位,2024/05/09,0:16:56,5.3
下游闸内水位,2024/05/09,0:19:18,5.2
下游闸外水位,2024/05/09,0:19:18,5.3
下游闸内水位,2024/05/09,0:52:45,5.2
下游闸外水位,2024/05/09,0:52:45,5.2
上游闸内水位,2024/05/09,0:55:20,5.2
上游闸外水位,2024/05/09,0:55:20,4.7
上游闸内水位,2024/05/09,0:57:50,4.8
上游闸外水位,2024/05/09,0:57:50,4.6
内河侧水位,2024/05/09,1:00:00,4.6
长江侧水位,2024/05/09,1:00:00,5.2
上游闸内水位,2024/05/09,1:32:10,4.7
上游闸外水位,2024/05/09,1:32:10,4.6
上游闸内水位,2024/05/09,1:35:35,4.6
上游闸外水位,2024/05/09,1:35:35,4.6
下游闸内水位,2024/05/09,1:37:17,4.7
下游闸外水位,2024/05/09,1:37:17,5.1
下游闸内水位,2024/05/09,1:39:17,5.0
下游闸外水位,2024/05/09,1:39:17,5.1
下游闸内水位,2024/05/09,1:49:04,5.0
下游闸外水位,2024/05/09,1:49:04,5.1
内河侧水位,2024/05/09,2:00:00,4.6
长江侧水位,2024/05/09,2:00:00,5.1
下游闸内水位,2024/05/09,2:03:59,5.0
下游闸外水位,2024/05/09,2:03:59,5.0
下游闸内水位,2024/05/09,2:31:48,5.0
下游闸外水位,2024/05/09,2:31:48,5.0
上游闸内水位,2024/05/09,2:34:34,5.0
上游闸外水位,2024/05/09,2:34:34,4.5
上游闸内水位,2024/05/09,2:36:56,4.7
上游闸外水位,2024/05/09,2:36:56,4.5
内河侧水位,2024/05/09,3:00:00,4.5
长江侧水位,2024/05/09,3:00:00,4.9
上游闸内水位,2024/05/09,3:22:28,4.5
上游闸外水位,2024/05/09,3:22:28,4.5
下游闸内水位,2024/05/09,3:25:04,4.5
下游闸外水位,2024/05/09,3:25:04,5.0
下游闸内水位,2024/05/09,3:27:09,4.8
下游闸外水位,2024/05/09,3:27:09,4.9
上游闸内水位,2024/05/09,4:58:56,4.7
上游闸外水位,2024/05/09,4:58:56,4.6
下游闸内水位,2024/05/09,7:39:11,5.0
下游闸外水位,2024/05/09,7:39:11,6.5
上游闸内水位,2024/05/09,8:58:40,5.0
上游闸外水位,2024/05/09,8:58:40,4.9
下游闸内水位,2024/05/09,15:04:27,5.1
下游闸外水位,2024/05/09,15:04:27,5.1
上游闸内水位,2024/05/09,15:38:40,4.6
上游闸外水位,2024/05/09,15:38:40,4.5
下游闸内水位,2024/05/09,15:41:16,4.6
下游闸外水位,2024/05/09,15:41:16,5.0
下游闸内水位,2024/05/09,15:43:05,4.9
下游闸外水位,2024/05/09,15:43:05,5.0
内河侧水位,2024/05/09,16:00:00,4.5
长江侧水位,2024/05/09,16:00:00,5.0
下游闸内水位,2024/05/09,16:09:33,5.0
下游闸外水位,2024/05/09,16:09:33,5.0
上游闸内水位,2024/05/09,16:12:15,5.0
上游闸外水位,2024/05/09,16:12:15,4.5
上游闸内水位,2024/05/09,16:19:41,4.6
上游闸外水位,2024/05/09,16:19:41,4.5
上游闸内水位,2024/05/09,16:41:18,4.6
上游闸外水位,2024/05/09,16:41:18,4.5
下游闸内水位,2024/05/09,16:43:50,4.6
下游闸外水位,2024/05/09,16:43:50,5.1
下游闸内水位,2024/05/09,16:45:56,4.9
下游闸外水位,2024/05/09,16:45:56,5.1
内河侧水位,2024/05/09,17:00:00,4.5
长江侧水位,2024/05/09,17:00:00,5.2
下游闸内水位,2024/05/09,17:09:25,5.4
下游闸外水位,2024/05/09,17:09:25,5.3
上游闸内水位,2024/05/09,17:12:39,5.4
上游闸外水位,2024/05/09,17:12:39,4.5
上游闸内水位,2024/05/09,17:15:55,4.7
上游闸外水位,2024/05/09,17:15:55,4.5
上游闸内水位,2024/05/09,17:28:17,4.6
上游闸外水位,2024/05/09,17:28:17,4.5
下游闸内水位,2024/05/09,17:30:48,4.6
下游闸外水位,2024/05/09,17:30:48,5.7
下游闸内水位,2024/05/09,17:34:15,5.5
下游闸外水位,2024/05/09,17:34:15,5.7
下游闸内水位,2024/05/09,17:46:30,5.7
下游闸外水位,2024/05/09,17:46:30,5.8
上游闸内水位,2024/05/09,17:49:05,5.8
上游闸外水位,2024/05/09,17:49:05,4.6
上游闸内水位,2024/05/09,17:53:10,4.7
上游闸外水位,2024/05/09,17:53:10,4.5
内河侧水位,2024/05/09,18:00:00,4.6
长江侧水位,2024/05/09,18:00:00,5.8
上游闸内水位,2024/05/09,18:19:08,4.7
上游闸外水位,2024/05/09,18:19:08,4.7
下游闸内水位,2024/05/09,18:21:41,4.8
下游闸外水位,2024/05/09,18:21:41,6.0
下游闸内水位,2024/05/09,18:25:38,5.9
下游闸外水位,2024/05/09,18:25:38,6.0
内河侧水位,2024/05/09,19:00:00,4.8
长江侧水位,2024/05/09,19:00:00,6.1
下游闸内水位,2024/05/09,19:03:27,6.1
下游闸外水位,2024/05/09,19:03:27,6.1
上游闸内水位,2024/05/09,19:08:31,6.1
上游闸外水位,2024/05/09,19:08:31,4.8
上游闸内水位,2024/05/09,19:12:48,4.9
上游闸外水位,2024/05/09,19:12:48,4.7
上游闸内水位,2024/05/09,19:46:46,4.9
上游闸外水位,2024/05/09,19:46:46,4.8
下游闸内水位,2024/05/09,19:49:38,4.9
下游闸外水位,2024/05/09,19:49:38,6.1
下游闸内水位,2024/05/09,19:53:34,5.9
下游闸外水位,2024/05/09,19:53:34,6.1
内河侧水位,2024/05/09,20:00:00,4.8
长江侧水位,2024/05/09,20:00:00,6.1
下游闸内水位,2024/05/09,20:27:48,6.0
下游闸外水位,2024/05/09,20:27:48,6.1
上游闸内水位,2024/05/09,20:30:30,6.0
上游闸外水位,2024/05/09,20:30:30,4.9
上游闸内水位,2024/05/09,20:34:29,5.0
上游闸外水位,2024/05/09,20:34:29,4.8
内河侧水位,2024/05/09,21:00:00,4.9
长江侧水位,2024/05/09,21:00:00,6.0
上游闸内水位,2024/05/09,21:16:33,4.9
上游闸外水位,2024/05/09,21:16:33,4.9
内河侧水位,2024/05/09,4:00:00,4.5
长江侧水位,2024/05/09,4:00:00,5.0
下游闸内水位,2024/05/09,21:19:11,4.9
下游闸外水位,2024/05/09,21:19:11,5.9
下游闸内水位,2024/05/09,21:22:36,5.7
下游闸外水位,2024/05/09,21:22:36,5.9
内河侧水位,2024/05/09,22:00:00,4.8
长江侧水位,2024/05/09,22:00:00,5.7
下游闸内水位,2024/05/09,22:11:21,5.7
下游闸外水位,2024/05/09,22:11:21,5.7
上游闸内水位,2024/05/09,22:14:10,5.7
上游闸外水位,2024/05/09,22:14:10,4.8
上游闸内水位,2024/05/09,22:17:31,5.0
上游闸外水位,2024/05/09,22:17:31,4.8
上游闸内水位,2024/05/09,22:55:16,4.9
上游闸外水位,2024/05/09,22:55:16,4.8
下游闸内水位,2024/05/09,22:57:48,4.9
下游闸外水位,2024/05/09,22:57:48,5.6
内河侧水位,2024/05/09,23:00:00,4.8
长江侧水位,2024/05/09,23:00:00,5.5
下游闸内水位,2024/05/09,23:00:37,5.4
下游闸外水位,2024/05/09,23:00:37,5.5
下游闸内水位,2024/05/09,23:11:55,5.5
下游闸外水位,2024/05/09,23:11:55,5.5
上游闸内水位,2024/05/09,23:14:34,5.6
上游闸外水位,2024/05/09,23:14:34,4.8
上游闸内水位,2024/05/09,23:17:33,4.9
上游闸外水位,2024/05/09,23:17:33,4.8
上游闸内水位,2024/05/09,23:52:53,4.8
上游闸外水位,2024/05/09,23:52:53,4.8
下游闸内水位,2024/05/09,23:56:10,4.8
下游闸外水位,2024/05/09,23:56:10,5.4
下游闸内水位,2024/05/09,23:58:31,5.1
下游闸外水位,2024/05/09,23:58:31,5.4
下游闸内水位,2024/05/09,23:59:29,5.3
下游闸外水位,2024/05/09,23:59:29,5.4
内河侧水位,2024/05/10,0:00:00,4.8
长江侧水位,2024/05/10,0:00:00,5.4
下游闸内水位,2024/05/10,0:13:29,5.4
下游闸外水位,2024/05/10,0:13:29,5.4
上游闸内水位,2024/05/10,0:16:27,5.4
上游闸外水位,2024/05/10,0:16:27,4.7
上游闸内水位,2024/05/10,0:19:42,4.8
上游闸外水位,2024/05/10,0:19:42,4.7
上游闸内水位,2024/05/10,0:46:30,4.8
上游闸外水位,2024/05/10,0:46:30,4.7
下游闸内水位,2024/05/10,0:49:02,4.8
下游闸外水位,2024/05/10,0:49:02,5.3
下游闸内水位,2024/05/10,0:51:17,5.2
下游闸外水位,2024/05/10,0:51:17,5.3
内河侧水位,2024/05/10,1:00:00,4.7
长江侧水位,2024/05/10,1:00:00,5.3
下游闸内水位,2024/05/10,1:52:29,5.1
下游闸外水位,2024/05/10,1:52:29,5.1
上游闸内水位,2024/05/10,1:55:23,5.1
上游闸外水位,2024/05/10,1:55:23,4.6
上游闸内水位,2024/05/10,1:57:35,4.8
上游闸外水位,2024/05/10,1:57:35,4.6
内河侧水位,2024/05/10,2:00:00,4.6
长江侧水位,2024/05/10,2:00:00,5.2
上游闸内水位,2024/05/10,2:33:52,4.7
上游闸外水位,2024/05/10,2:33:52,4.6
下游闸内水位,2024/05/10,2:36:37,4.6
下游闸外水位,2024/05/10,2:36:37,5.0
下游闸内水位,2024/05/10,2:38:22,4.9
下游闸外水位,2024/05/10,2:38:22,5.0
内河侧水位,2024/05/10,3:00:00,4.6
长江侧水位,2024/05/10,3:00:00,5.0
下游闸内水位,2024/05/10,3:18:17,5.0
下游闸外水位,2024/05/10,3:18:17,5.0
上游闸内水位,2024/05/10,3:20:52,5.0
上游闸外水位,2024/05/10,3:20:52,4.5
上游闸内水位,2024/05/10,3:23:02,4.7
上游闸外水位,2024/05/10,3:23:02,4.5
内河侧水位,2024/05/10,13:00:00,4.8
长江侧水位,2024/05/10,13:00:00,5.5
下游闸内水位,2024/05/10,13:04:05,5.5
下游闸外水位,2024/05/10,13:04:05,5.5
上游闸内水位,2024/05/10,13:07:46,5.5
上游闸外水位,2024/05/10,13:07:46,4.8
上游闸内水位,2024/05/10,13:10:43,4.9
上游闸外水位,2024/05/10,13:10:43,4.8
上游闸内水位,2024/05/10,13:24:18,4.8
上游闸外水位,2024/05/10,13:24:18,4.8
下游闸内水位,2024/05/10,13:28:59,4.8
下游闸外水位,2024/05/10,13:28:59,5.4
下游闸内水位,2024/05/10,13:31:24,5.3
下游闸内水位,2024/05/09,4:16:41,5.1
下游闸外水位,2024/05/09,4:16:41,5.1
上游闸内水位,2024/05/09,4:19:43,5.2
上游闸外水位,2024/05/09,4:19:43,4.5
上游闸内水位,2024/05/09,4:22:43,4.6
上游闸外水位,2024/05/09,4:22:43,4.5
内河侧水位,2024/05/09,5:00:00,4.6
长江侧水位,2024/05/09,5:00:00,6.0
下游闸内水位,2024/05/09,5:01:43,4.7
下游闸外水位,2024/05/09,5:01:43,6.1
下游闸内水位,2024/05/09,5:06:28,6.0
下游闸外水位,2024/05/09,5:06:28,6.1
下游闸内水位,2024/05/09,5:34:09,6.3
下游闸外水位,2024/05/09,5:34:09,6.3
上游闸内水位,2024/05/09,5:36:47,6.4
上游闸外水位,2024/05/09,5:36:47,4.7
上游闸内水位,2024/05/09,5:41:36,4.8
上游闸外水位,2024/05/09,5:41:36,4.7
内河侧水位,2024/05/09,6:00:00,4.8
长江侧水位,2024/05/09,6:00:00,6.4
上游闸内水位,2024/05/09,6:10:39,4.9
上游闸外水位,2024/05/09,6:10:39,4.8
下游闸内水位,2024/05/09,6:13:24,4.9
下游闸外水位,2024/05/09,6:13:24,6.5
下游闸内水位,2024/05/09,6:19:03,6.5
下游闸外水位,2024/05/09,6:19:03,6.6
下游闸内水位,2024/05/09,6:31:02,6.6
下游闸外水位,2024/05/09,6:31:02,6.5
上游闸内水位,2024/05/09,6:33:40,6.6
上游闸外水位,2024/05/09,6:33:40,4.8
上游闸内水位,2024/05/09,6:38:38,5.0
上游闸外水位,2024/05/09,6:38:38,4.8
上游闸内水位,2024/05/09,6:57:22,5.0
上游闸外水位,2024/05/09,6:57:22,4.9
内河侧水位,2024/05/09,7:00:00,4.9
长江侧水位,2024/05/09,7:00:00,6.6
下游闸内水位,2024/05/09,7:01:13,5.0
下游闸外水位,2024/05/09,7:01:13,6.6
下游闸内水位,2024/05/09,7:03:04,5.4
下游闸外水位,2024/05/09,7:03:04,6.6
下游闸内水位,2024/05/09,7:06:29,6.4
下游闸外水位,2024/05/09,7:06:29,6.6
下游闸内水位,2024/05/09,7:19:26,6.6
下游闸外水位,2024/05/09,7:19:26,6.6
上游闸内水位,2024/05/09,7:22:16,6.6
上游闸外水位,2024/05/09,7:22:16,4.9
上游闸内水位,2024/05/09,7:24:28,6.2
上游闸外水位,2024/05/09,7:24:28,4.8
上游闸内水位,2024/05/09,7:26:37,5.7
上游闸外水位,2024/05/09,7:26:37,4.9
下游闸内水位,2024/05/09,7:43:14,5.8
下游闸外水位,2024/05/09,7:43:14,6.5
下游闸内水位,2024/05/09,7:45:44,6.3
下游闸外水位,2024/05/09,7:45:44,6.5
内河侧水位,2024/05/09,8:00:00,4.9
长江侧水位,2024/05/09,8:00:00,6.4
下游闸内水位,2024/05/09,8:19:31,6.4
下游闸外水位,2024/05/09,8:19:31,6.3
上游闸内水位,2024/05/09,8:22:07,6.4
上游闸外水位,2024/05/09,8:22:07,4.9
上游闸内水位,2024/05/09,8:26:37,5.0
上游闸外水位,2024/05/09,8:26:37,4.9
内河侧水位,2024/05/09,9:00:00,4.9
长江侧水位,2024/05/09,9:00:00,6.2
下游闸内水位,2024/05/09,9:01:17,5.0
下游闸外水位,2024/05/09,9:01:17,6.2
下游闸内水位,2024/05/09,9:05:02,6.0
下游闸外水位,2024/05/09,9:05:02,6.2
下游闸内水位,2024/05/09,9:26:55,6.1
下游闸外水位,2024/05/09,9:26:55,6.1
上游闸内水位,2024/05/09,9:29:31,6.1
上游闸外水位,2024/05/09,9:29:31,4.9
上游闸内水位,2024/05/09,9:33:36,5.0
上游闸外水位,2024/05/09,9:33:36,4.8
内河侧水位,2024/05/09,10:00:00,4.9
长江侧水位,2024/05/09,10:00:00,5.9
上游闸内水位,2024/05/09,10:09:51,4.9
上游闸外水位,2024/05/09,10:09:51,4.9
下游闸内水位,2024/05/09,10:13:00,4.9
下游闸外水位,2024/05/09,10:13:00,5.9
下游闸内水位,2024/05/09,10:16:17,5.7
下游闸外水位,2024/05/09,10:16:17,5.9
下游闸内水位,2024/05/09,10:43:39,5.7
下游闸外水位,2024/05/09,10:43:39,5.8
上游闸内水位,2024/05/09,10:46:26,5.8
上游闸外水位,2024/05/09,10:46:26,4.8
上游闸内水位,2024/05/09,10:49:53,5.0
上游闸外水位,2024/05/09,10:49:53,4.8
内河侧水位,2024/05/09,11:00:00,4.8
长江侧水位,2024/05/09,11:00:00,5.7
上游闸内水位,2024/05/09,11:12:45,4.9
上游闸外水位,2024/05/09,11:12:45,4.8
下游闸内水位,2024/05/09,11:15:36,4.8
下游闸外水位,2024/05/09,11:15:36,5.7
下游闸内水位,2024/05/09,11:19:51,5.7
下游闸外水位,2024/05/09,11:19:51,5.7
下游闸内水位,2024/05/09,11:50:12,5.6
下游闸外水位,2024/05/09,11:50:12,5.6
上游闸内水位,2024/05/09,11:52:52,5.6
上游闸外水位,2024/05/09,11:52:52,4.8
上游闸内水位,2024/05/09,11:54:23,5.4
上游闸外水位,2024/05/09,11:54:23,4.8
上游闸内水位,2024/05/09,11:57:02,4.9
上游闸外水位,2024/05/09,11:57:02,4.7
内河侧水位,2024/05/09,12:00:00,4.8
长江侧水位,2024/05/09,12:00:00,5.6
上游闸内水位,2024/05/09,12:18:07,4.8
上游闸外水位,2024/05/09,12:18:07,4.7
下游闸内水位,2024/05/09,12:20:44,4.8
下游闸外水位,2024/05/09,12:20:44,5.5
下游闸内水位,2024/05/09,12:23:26,5.4
下游闸外水位,2024/05/09,12:23:26,5.5
下游闸内水位,2024/05/09,12:49:50,5.4
下游闸外水位,2024/05/09,12:49:50,5.4
上游闸内水位,2024/05/09,12:52:27,5.4
上游闸外水位,2024/05/09,12:52:27,4.7
上游闸内水位,2024/05/09,12:55:18,4.8
上游闸外水位,2024/05/09,12:55:18,4.7
内河侧水位,2024/05/09,13:00:00,4.7
长江侧水位,2024/05/09,13:00:00,5.4
上游闸内水位,2024/05/09,13:19:35,4.7
上游闸外水位,2024/05/09,13:19:35,4.7
下游闸内水位,2024/05/09,13:22:10,4.7
下游闸外水位,2024/05/09,13:22:10,5.3
下游闸内水位,2024/05/09,13:24:28,5.2
下游闸外水位,2024/05/09,13:24:28,5.3
下游闸内水位,2024/05/09,13:54:07,5.3
下游闸外水位,2024/05/09,13:54:07,5.2
上游闸内水位,2024/05/09,13:56:44,5.2
上游闸外水位,2024/05/09,13:56:44,4.6
内河侧水位,2024/05/09,14:00:00,4.6
长江侧水位,2024/05/09,14:00:00,5.2
上游闸内水位,2024/05/09,14:01:04,4.6
上游闸外水位,2024/05/09,14:01:04,4.6
上游闸内水位,2024/05/09,14:33:49,4.7
上游闸外水位,2024/05/09,14:33:49,4.6
下游闸内水位,2024/05/09,14:36:21,4.6
下游闸外水位,2024/05/09,14:36:21,5.2
下游闸内水位,2024/05/09,14:38:19,5.0
下游闸外水位,2024/05/09,14:38:19,5.1
内河侧水位,2024/05/09,15:00:00,4.6
长江侧水位,2024/05/09,15:00:00,5.1
上游闸内水位,2024/05/09,15:07:03,5.0
上游闸外水位,2024/05/09,15:07:03,4.6
上游闸内水位,2024/05/09,15:09:16,4.7
上游闸外水位,2024/05/09,15:09:16,4.6
下游闸外水位,2024/05/10,13:31:24,5.4
下游闸内水位,2024/05/10,13:52:16,5.3
下游闸外水位,2024/05/10,13:52:16,5.3
上游闸内水位,2024/05/10,13:55:10,5.4
上游闸外水位,2024/05/10,13:55:10,4.7
上游闸内水位,2024/05/10,13:57:51,4.9
上游闸外水位,2024/05/10,13:57:51,4.7
内河侧水位,2024/05/10,14:00:00,4.7
长江侧水位,2024/05/10,14:00:00,5.4
上游闸内水位,2024/05/10,14:30:39,4.7
上游闸外水位,2024/05/10,14:30:39,4.7
下游闸内水位,2024/05/10,14:33:11,4.7
下游闸外水位,2024/05/10,14:33:11,5.2
下游闸内水位,2024/05/10,14:35:29,5.1
下游闸外水位,2024/05/10,14:35:29,5.2
内河侧水位,2024/05/10,15:00:00,4.7
长江侧水位,2024/05/10,15:00:00,5.2
下游闸内水位,2024/05/10,15:06:02,5.1
下游闸外水位,2024/05/10,15:06:02,5.1
上游闸内水位,2024/05/10,15:08:41,5.2
上游闸外水位,2024/05/10,15:08:41,4.6
上游闸内水位,2024/05/10,15:11:05,4.8
上游闸外水位,2024/05/10,15:11:05,4.6
上游闸内水位,2024/05/10,15:31:48,4.7
上游闸外水位,2024/05/10,15:31:48,4.6
下游闸内水位,2024/05/10,15:34:20,4.7
下游闸外水位,2024/05/10,15:34:20,5.1
下游闸内水位,2024/05/10,15:35:57,4.9
内河侧水位,2024/05/10,4:00:00,4.5
长江侧水位,2024/05/10,4:00:00,4.9
上游闸内水位,2024/05/10,4:05:31,4.6
上游闸外水位,2024/05/10,4:05:31,4.5
下游闸内水位,2024/05/10,4:08:02,4.6
下游闸外水位,2024/05/10,4:08:02,5.0
下游闸内水位,2024/05/10,4:09:39,4.8
下游闸外水位,2024/05/10,4:09:39,4.9
下游闸内水位,2024/05/10,4:44:15,5.0
下游闸外水位,2024/05/10,4:44:15,5.0
上游闸内水位,2024/05/10,4:46:51,5.1
上游闸外水位,2024/05/10,4:46:51,4.5
上游闸内水位,2024/05/10,4:49:32,4.6
上游闸外水位,2024/05/10,4:49:32,4.5
内河侧水位,2024/05/10,5:00:00,4.5
长江侧水位,2024/05/10,5:00:00,5.3
上游闸内水位,2024/05/10,5:26:43,4.7
上游闸外水位,2024/05/10,5:26:43,4.6
下游闸内水位,2024/05/10,5:29:17,4.7
下游闸外水位,2024/05/10,5:29:17,5.9
下游闸内水位,2024/05/10,5:33:27,5.8
下游闸外水位,2024/05/10,5:33:27,6.0
内河侧水位,2024/05/10,6:00:00,4.7
长江侧水位,2024/05/10,6:00:00,6.2
下游闸内水位,2024/05/10,6:11:50,6.2
下游闸外水位,2024/05/10,6:11:50,6.3
上游闸内水位,2024/05/10,6:14:26,6.3
上游闸外水位,2024/05/10,6:14:26,4.7
上游闸内水位,2024/05/10,6:19:04,4.9
上游闸外水位,2024/05/10,6:19:04,4.7
上游闸内水位,2024/05/10,6:40:52,4.9
上游闸外水位,2024/05/10,6:40:52,4.8
下游闸内水位,2024/05/10,6:43:28,4.9
下游闸外水位,2024/05/10,6:43:28,6.5
下游闸内水位,2024/05/10,6:48:51,6.5
下游闸外水位,2024/05/10,6:48:51,6.5
内河侧水位,2024/05/10,7:00:00,4.9
长江侧水位,2024/05/10,7:00:00,6.5
下游闸内水位,2024/05/10,7:17:04,6.6
下游闸外水位,2024/05/10,7:17:04,6.6
上游闸内水位,2024/05/10,7:22:13,6.6
上游闸外水位,2024/05/10,7:22:13,4.9
上游闸内水位,2024/05/10,7:27:12,5.0
上游闸外水位,2024/05/10,7:27:12,4.9
内河侧水位,2024/05/10,8:00:00,4.9
长江侧水位,2024/05/10,8:00:00,6.5
上游闸内水位,2024/05/10,8:03:03,5.0
上游闸外水位,2024/05/10,8:03:03,4.9
下游闸内水位,2024/05/10,8:07:02,5.0
下游闸外水位,2024/05/10,8:07:02,6.5
下游闸内水位,2024/05/10,8:11:41,6.4
下游闸外水位,2024/05/10,8:11:41,6.6
下游闸内水位,2024/05/10,8:34:04,6.5
下游闸外水位,2024/05/10,8:34:04,6.4
上游闸内水位,2024/05/10,8:37:09,6.5
上游闸外水位,2024/05/10,8:37:09,5.0
上游闸内水位,2024/05/10,8:41:43,5.1
上游闸外水位,2024/05/10,8:41:43,4.9
内河侧水位,2024/05/10,9:00:00,4.9
长江侧水位,2024/05/10,9:00:00,6.3
上游闸内水位,2024/05/10,9:04:09,5.0
上游闸外水位,2024/05/10,9:04:09,5.0
下游闸内水位,2024/05/10,9:06:48,5.0
下游闸外水位,2024/05/10,9:06:48,6.3
下游闸内水位,2024/05/10,9:10:48,6.2
下游闸外水位,2024/05/10,9:10:48,6.3
下游闸内水位,2024/05/10,9:23:05,6.2
下游闸外水位,2024/05/10,9:23:05,6.2
上游闸内水位,2024/05/10,9:25:41,6.2
上游闸外水位,2024/05/10,9:25:41,5.0
上游闸内水位,2024/05/10,9:30:41,5.0
上游闸外水位,2024/05/10,9:30:41,4.9
上游闸内水位,2024/05/10,9:45:34,5.0
上游闸外水位,2024/05/10,9:45:34,5.0
下游闸内水位,2024/05/10,9:48:22,5.0
下游闸外水位,2024/05/10,9:48:22,6.2
下游闸内水位,2024/05/10,9:52:02,6.0
下游闸外水位,2024/05/10,9:52:02,6.1
内河侧水位,2024/05/10,10:00:00,4.9
长江侧水位,2024/05/10,10:00:00,6.1
下游闸内水位,2024/05/10,10:04:37,6.1
下游闸外水位,2024/05/10,10:04:37,6.1
上游闸内水位,2024/05/10,10:07:14,6.1
上游闸外水位,2024/05/10,10:07:14,4.9
上游闸内水位,2024/05/10,10:11:06,5.0
上游闸外水位,2024/05/10,10:11:06,4.9
上游闸内水位,2024/05/10,10:29:33,5.0
上游闸外水位,2024/05/10,10:29:33,4.9
下游闸内水位,2024/05/10,10:32:03,5.0
下游闸外水位,2024/05/10,10:32:03,6.0
下游闸内水位,2024/05/10,10:35:27,5.8
下游闸外水位,2024/05/10,10:35:27,6.0
内河侧水位,2024/05/10,11:00:00,4.9
长江侧水位,2024/05/10,11:00:00,5.8
下游闸内水位,2024/05/10,11:00:23,5.9
下游闸外水位,2024/05/10,11:00:23,5.9
上游闸内水位,2024/05/10,11:03:00,5.8
上游闸外水位,2024/05/10,11:03:00,4.9
上游闸内水位,2024/05/10,11:06:29,5.0
上游闸外水位,2024/05/10,11:06:29,4.8
上游闸内水位,2024/05/10,11:36:50,4.9
上游闸外水位,2024/05/10,11:36:50,4.9
上游闸内水位,2024/05/10,11:37:13,4.9
上游闸外水位,2024/05/10,11:37:13,4.8
下游闸内水位,2024/05/10,11:39:54,4.9
下游闸外水位,2024/05/10,11:39:54,5.8
下游闸内水位,2024/05/10,11:43:00,5.6
下游闸外水位,2024/05/10,11:43:00,5.8
内河侧水位,2024/05/10,12:00:00,4.8
长江侧水位,2024/05/10,12:00:00,5.7
下游闸内水位,2024/05/10,12:15:04,5.7
下游闸外水位,2024/05/10,12:15:04,5.6
上游闸内水位,2024/05/10,12:17:49,5.7
上游闸外水位,2024/05/10,12:17:49,4.8
上游闸内水位,2024/05/10,12:21:19,4.9
上游闸外水位,2024/05/10,12:21:19,4.8
上游闸内水位,2024/05/10,12:36:54,4.9
上游闸外水位,2024/05/10,12:36:54,4.8
下游闸内水位,2024/05/10,12:39:57,4.9
下游闸外水位,2024/05/10,12:39:57,5.5
下游闸内水位,2024/05/10,12:42:43,5.4
下游闸外水位,2024/05/10,12:42:43,5.5
内河侧水位,2024/05/10,16:00:00,4.6
长江侧水位,2024/05/10,16:00:00,5.1
下游闸内水位,2024/05/10,16:01:04,5.1
下游闸外水位,2024/05/10,16:01:04,5.1
上游闸内水位,2024/05/10,16:03:39,5.1
上游闸外水位,2024/05/10,16:03:39,4.6
上游闸内水位,2024/05/10,16:05:50,4.8
上游闸外水位,2024/05/10,16:05:50,4.6
内河侧水位,2024/05/10,17:00:00,4.5
长江侧水位,2024/05/10,17:00:00,5.0
下游闸内水位,2024/05/10,17:11:13,5.0
下游闸外水位,2024/05/10,17:11:13,5.0
上游闸内水位,2024/05/10,17:14:15,5.0
上游闸外水位,2024/05/10,17:14:15,4.5
上游闸内水位,2024/05/11,3:53:52,4.0
上游闸外水位,2024/05/11,3:53:52,4.0
下游闸内水位,2024/05/11,3:57:04,4.0
下游闸外水位,2024/05/11,3:57:04,4.9
内河侧水位,2024/05/11,4:00:00,3.9
长江侧水位,2024/05/11,4:00:00,4.8
下游闸内水位,2024/05/11,4:00:12,4.7
下游闸外水位,2024/05/11,4:00:12,4.8
下游闸内水位,2024/05/11,4:09:39,4.9
下游闸外水位,2024/05/11,4:09:39,4.8
上游闸内水位,2024/05/11,4:12:23,4.9
上游闸外水位,2024/05/11,4:12:23,3.9
上游闸内水位,2024/05/11,4:16:19,4.0
上游闸外水位,2024/05/11,4:16:19,3.9
上游闸内水位,2024/05/11,4:39:11,4.0
上游闸外水位,2024/05/11,4:39:11,3.9
下游闸内水位,2024/05/11,4:42:02,4.0
下游闸外水位,2024/05/11,4:42:02,4.8
下游闸内水位,2024/05/11,4:45:04,4.7
下游闸外水位,2024/05/11,4:45:04,4.8
内河侧水位,2024/05/11,5:00:00,3.9
长江侧水位,2024/05/11,5:00:00,4.8
下游闸内水位,2024/05/11,5:15:07,4.9
下游闸外水位,2024/05/11,5:15:07,4.9
上游闸内水位,2024/05/11,5:18:34,4.8
上游闸外水位,2024/05/11,5:18:34,3.9
上游闸内水位,2024/05/11,5:22:07,4.0
上游闸外水位,2024/05/11,5:22:07,3.9
上游闸内水位,2024/05/11,5:40:06,4.0
上游闸外水位,2024/05/11,5:40:06,3.9
下游闸内水位,2024/05/11,5:42:39,3.9
下游闸外水位,2024/05/11,5:42:39,5.2
下游闸内水位,2024/05/11,5:46:44,5.1
下游闸外水位,2024/05/11,5:46:44,5.3
下游闸内水位,2024/05/11,5:51:13,5.4
下游闸外水位,2024/05/11,5:51:13,5.4
上游闸内水位,2024/05/11,5:53:46,5.4
上游闸外水位,2024/05/11,5:53:46,3.9
下游闸外水位,2024/05/10,15:35:57,5.1
上游闸内水位,2024/05/10,16:38:38,4.6
上游闸外水位,2024/05/10,16:38:38,4.6
下游闸内水位,2024/05/10,16:41:09,4.6
下游闸外水位,2024/05/10,16:41:09,5.0
下游闸内水位,2024/05/10,16:42:37,4.8
下游闸外水位,2024/05/10,16:42:37,5.0
上游闸内水位,2024/05/10,17:16:34,4.7
上游闸外水位,2024/05/10,17:16:34,4.5
上游闸内水位,2024/05/10,17:43:22,4.6
上游闸外水位,2024/05/10,17:43:22,4.5
下游闸内水位,2024/05/10,17:45:55,4.6
下游闸外水位,2024/05/10,17:45:55,5.2
下游闸内水位,2024/05/10,17:48:12,5.0
下游闸外水位,2024/05/10,17:48:12,5.2
内河侧水位,2024/05/10,18:00:00,4.6
长江侧水位,2024/05/10,18:00:00,5.3
下游闸内水位,2024/05/10,18:04:37,5.4
下游闸外水位,2024/05/10,18:04:37,5.3
上游闸内水位,2024/05/10,18:07:29,5.4
上游闸外水位,2024/05/10,18:07:29,4.6
上游闸内水位,2024/05/10,18:10:40,4.7
上游闸外水位,2024/05/10,18:10:40,4.6
上游闸内水位,2024/05/10,18:38:16,4.7
上游闸外水位,2024/05/10,18:38:16,4.6
下游闸内水位,2024/05/10,18:41:06,4.7
下游闸外水位,2024/05/10,18:41:06,5.7
下游闸内水位,2024/05/10,18:44:53,5.6
下游闸外水位,2024/05/10,18:44:53,5.7
内河侧水位,2024/05/10,19:00:00,4.7
长江侧水位,2024/05/10,19:00:00,5.7
下游闸内水位,2024/05/10,19:36:53,5.9
下游闸外水位,2024/05/10,19:36:53,5.9
上游闸内水位,2024/05/10,19:39:39,5.9
上游闸外水位,2024/05/10,19:39:39,4.7
上游闸内水位,2024/05/10,19:44:21,4.6
上游闸外水位,2024/05/10,19:44:21,4.5
内河侧水位,2024/05/10,20:00:00,4.5
长江侧水位,2024/05/10,20:00:00,5.9
上游闸内水位,2024/05/10,20:35:32,4.4
上游闸外水位,2024/05/10,20:35:32,4.4
下游闸内水位,2024/05/10,20:38:06,4.4
下游闸外水位,2024/05/10,20:38:06,5.9
下游闸内水位,2024/05/10,20:42:48,5.9
下游闸外水位,2024/05/10,20:42:48,5.9
内河侧水位,2024/05/10,21:00:00,4.3
长江侧水位,2024/05/10,21:00:00,5.9
下游闸内水位,2024/05/10,21:29:43,5.8
下游闸外水位,2024/05/10,21:29:43,5.8
上游闸内水位,2024/05/10,21:32:21,5.8
上游闸外水位,2024/05/10,21:32:21,4.2
上游闸内水位,2024/05/10,21:37:05,4.3
上游闸外水位,2024/05/10,21:37:05,4.2
内河侧水位,2024/05/10,22:00:00,4.2
长江侧水位,2024/05/10,22:00:00,5.8
上游闸内水位,2024/05/10,22:20:26,4.2
上游闸外水位,2024/05/10,22:20:26,4.2
下游闸内水位,2024/05/10,22:23:10,4.3
下游闸外水位,2024/05/10,22:23:10,5.7
下游闸内水位,2024/05/10,22:27:29,5.6
下游闸外水位,2024/05/10,22:27:29,5.7
内河侧水位,2024/05/10,23:00:00,4.1
长江侧水位,2024/05/10,23:00:00,5.6
下游闸内水位,2024/05/10,23:09:00,5.5
下游闸外水位,2024/05/10,23:09:00,5.5
上游闸内水位,2024/05/10,23:11:36,5.6
上游闸外水位,2024/05/10,23:11:36,4.1
上游闸内水位,2024/05/10,23:16:12,4.2
上游闸外水位,2024/05/10,23:16:12,4.1
上游闸内水位,2024/05/10,23:47:09,4.2
上游闸外水位,2024/05/10,23:47:09,4.1
下游闸内水位,2024/05/10,23:49:45,4.2
下游闸外水位,2024/05/10,23:49:45,5.5
下游闸内水位,2024/05/10,23:53:51,5.3
下游闸外水位,2024/05/10,23:53:51,5.5
内河侧水位,2024/05/11,0:00:00,4.1
长江侧水位,2024/05/11,0:00:00,5.4
下游闸内水位,2024/05/11,0:01:54,5.5
下游闸外水位,2024/05/11,0:01:54,5.4
上游闸内水位,2024/05/11,0:05:07,5.4
上游闸外水位,2024/05/11,0:05:07,4.1
上游闸内水位,2024/05/11,0:09:20,4.2
上游闸外水位,2024/05/11,0:09:20,4.0
上游闸内水位,2024/05/11,0:47:32,4.1
上游闸外水位,2024/05/11,0:47:32,4.0
下游闸内水位,2024/05/11,0:51:32,4.1
下游闸外水位,2024/05/11,0:51:32,5.3
上游闸内水位,2024/05/11,3:35:07,4.9
上游闸外水位,2024/05/11,3:35:07,4.0
上游闸内水位,2024/05/11,3:38:30,4.1
上游闸外水位,2024/05/11,3:38:30,3.9
上游闸内水位,2024/05/11,8:34:37,6.2
上游闸外水位,2024/05/11,8:34:37,3.9
上游闸外水位,2024/05/11,8:40:20,3.8
内河侧水位,2024/05/11,9:00:00,3.8
长江侧水位,2024/05/11,9:00:00,6.2
上游闸内水位,2024/05/11,9:12:17,3.9
上游闸外水位,2024/05/11,9:12:17,3.8
下游闸内水位,2024/05/11,9:14:47,3.9
下游闸外水位,2024/05/11,9:14:47,6.2
下游闸内水位,2024/05/11,9:22:01,6.2
下游闸外水位,2024/05/11,9:22:01,6.2
下游闸内水位,2024/05/11,9:55:54,6.1
下游闸外水位,2024/05/11,9:55:54,6.1
上游闸内水位,2024/05/11,9:58:59,6.1
上游闸外水位,2024/05/11,9:58:59,3.8
内河侧水位,2024/05/11,10:00:00,3.9
长江侧水位,2024/05/11,10:00:00,6.0
上游闸内水位,2024/05/11,10:04:39,3.9
上游闸外水位,2024/05/11,10:04:39,3.8
上游闸内水位,2024/05/11,10:33:42,3.9
上游闸外水位,2024/05/11,10:33:42,3.8
下游闸内水位,2024/05/11,10:36:14,3.9
下游闸外水位,2024/05/11,10:36:14,5.9
下游闸内水位,2024/05/11,10:41:26,5.8
下游闸外水位,2024/05/11,10:41:26,5.9
下游闸内水位,2024/05/11,10:55:45,5.9
下游闸外水位,2024/05/11,10:55:45,5.9
上游闸内水位,2024/05/11,10:58:21,5.9
上游闸外水位,2024/05/11,10:58:21,3.9
内河侧水位,2024/05/11,11:00:00,3.7
长江侧水位,2024/05/11,11:00:00,5.9
上游闸内水位,2024/05/11,11:04:00,3.9
上游闸外水位,2024/05/11,11:04:00,3.8
上游闸内水位,2024/05/11,11:22:54,3.9
上游闸外水位,2024/05/11,11:22:54,3.8
下游闸内水位,2024/05/11,11:25:27,3.9
下游闸外水位,2024/05/11,11:25:27,5.8
下游闸内水位,2024/05/11,11:30:31,5.7
下游闸外水位,2024/05/11,11:30:31,5.8
下游闸内水位,2024/05/11,11:59:49,5.7
下游闸外水位,2024/05/11,11:59:49,5.7
内河侧水位,2024/05/11,12:00:00,3.8
长江侧水位,2024/05/11,12:00:00,5.7
上游闸内水位,2024/05/11,12:02:28,5.7
上游闸外水位,2024/05/11,12:02:28,3.8
上游闸内水位,2024/05/11,12:07:55,3.9
上游闸外水位,2024/05/11,12:07:55,3.8
上游闸内水位,2024/05/11,12:36:39,3.9
上游闸外水位,2024/05/11,12:36:39,3.8
下游闸内水位,2024/05/11,12:39:45,3.9
下游闸外水位,2024/05/11,12:39:45,5.6
下游闸内水位,2024/05/11,12:44:36,5.4
下游闸外水位,2024/05/11,12:44:36,5.6
内河侧水位,2024/05/11,13:00:00,3.8
长江侧水位,2024/05/11,13:00:00,5.5
下游闸内水位,2024/05/11,13:13:10,5.4
下游闸外水位,2024/05/11,13:13:10,5.4
上游闸内水位,2024/05/11,13:15:48,5.5
上游闸外水位,2024/05/11,13:15:48,3.8
上游闸内水位,2024/05/11,13:22:31,4.1
上游闸外水位,2024/05/11,13:22:31,3.8
上游闸内水位,2024/05/11,13:24:05,4.0
上游闸外水位,2024/05/11,13:24:05,3.8
上游闸内水位,2024/05/11,13:27:42,3.9
上游闸外水位,2024/05/11,13:27:42,3.9
上游闸内水位,2024/05/11,13:35:42,3.9
上游闸外水位,2024/05/11,13:35:42,3.8
上游闸内水位,2024/05/11,13:56:36,3.9
上游闸外水位,2024/05/11,13:56:36,3.8
下游闸内水位,2024/05/11,13:59:10,3.9
下游闸外水位,2024/05/11,13:59:10,5.3
内河侧水位,2024/05/11,14:00:00,3.8
长江侧水位,2024/05/11,14:00:00,5.2
下游闸内水位,2024/05/11,14:03:42,5.2
下游闸外水位,2024/05/11,14:03:42,5.3
下游闸内水位,2024/05/11,14:39:27,5.3
下游闸外水位,2024/05/11,14:39:27,5.2
上游闸内水位,2024/05/11,14:42:05,5.2
上游闸外水位,2024/05/11,14:42:05,3.8
上游闸内水位,2024/05/11,14:46:51,3.9
上游闸外水位,2024/05/11,14:46:51,3.8
内河侧水位,2024/05/11,15:00:00,3.9
长江侧水位,2024/05/11,15:00:00,5.2
上游闸内水位,2024/05/11,15:22:06,3.9
上游闸外水位,2024/05/11,15:22:06,3.9
下游闸内水位,2024/05/11,15:24:36,3.9
下游闸外水位,2024/05/11,15:24:36,5.1
下游闸内水位,2024/05/11,15:28:22,5.0
下游闸外水位,2024/05/11,15:28:22,5.1
下游闸内水位,2024/05/11,15:59:02,5.0
下游闸外水位,2024/05/11,15:59:02,5.0
内河侧水位,2024/05/11,16:00:00,3.9
长江侧水位,2024/05/11,16:00:00,5.0
上游闸内水位,2024/05/11,16:01:53,5.1
上游闸外水位,2024/05/11,16:01:53,3.9
上游闸内水位,2024/05/11,16:05:52,4.0
上游闸外水位,2024/05/11,16:05:52,3.9
上游闸内水位,2024/05/11,16:27:12,4.0
上游闸外水位,2024/05/11,16:27:12,3.9
下游闸内水位,2024/05/11,16:29:45,4.0
下游闸外水位,2024/05/11,16:29:45,5.0
下游闸内水位,2024/05/11,16:33:05,4.9
下游闸外水位,2024/05/11,16:33:05,5.0
内河侧水位,2024/05/11,17:00:00,4.0
长江侧水位,2024/05/11,17:00:00,4.9
下游闸内水位,2024/05/11,17:02:23,4.9
下游闸外水位,2024/05/11,17:02:23,4.9
上游闸内水位,2024/05/11,19:22:06,3.9
上游闸外水位,2024/05/11,19:22:06,3.8
下游闸内水位,2024/05/12,2:37:53,5.1
下游闸外水位,2024/05/12,2:37:53,5.1
上游闸内水位,2024/05/12,2:40:36,5.1
上游闸外水位,2024/05/12,2:40:36,3.8
上游闸内水位,2024/05/12,2:44:44,3.9
上游闸外水位,2024/05/12,2:44:44,3.8
内河侧水位,2024/05/12,3:00:00,3.8
长江侧水位,2024/05/12,3:00:00,5.0
上游闸内水位,2024/05/12,3:13:43,3.9
上游闸外水位,2024/05/12,3:13:43,3.8
下游闸内水位,2024/05/12,3:16:19,3.9
下游闸外水位,2024/05/12,3:16:19,4.9
下游闸内水位,2024/05/12,3:19:47,4.8
下游闸外水位,2024/05/12,3:19:47,4.9
下游闸内水位,2024/05/12,3:28:48,5.0
下游闸外水位,2024/05/12,3:28:48,5.0
上游闸内水位,2024/05/12,3:31:29,5.0
上游闸外水位,2024/05/12,3:31:29,3.8
上游闸内水位,2024/05/12,3:52:14,3.9
上游闸外水位,2024/05/12,3:52:14,3.9
下游闸内水位,2024/05/12,3:55:06,3.9
下游闸外水位,2024/05/12,3:55:06,4.9
下游闸内水位,2024/05/12,3:58:20,4.7
下游闸外水位,2024/05/12,3:58:20,4.9
内河侧水位,2024/05/12,4:00:00,3.9
长江侧水位,2024/05/12,4:00:00,5.0
下游闸内水位,2024/05/12,4:27:50,4.8
下游闸外水位,2024/05/12,4:27:50,4.8
上游闸内水位,2024/05/12,4:30:30,4.7
上游闸外水位,2024/05/12,4:30:30,3.8
上游闸内水位,2024/05/12,4:33:54,4.0
上游闸外水位,2024/05/12,4:33:54,3.8
内河侧水位,2024/05/12,5:00:00,3.8
长江侧水位,2024/05/12,5:00:00,4.8
上游闸内水位,2024/05/12,5:28:25,3.9
上游闸外水位,2024/05/12,5:28:25,3.8
下游闸内水位,2024/05/12,5:30:58,3.8
下游闸外水位,2024/05/12,5:30:58,4.8
下游闸内水位,2024/05/12,5:34:17,4.7
下游闸外水位,2024/05/12,5:34:17,4.8
下游闸内水位,2024/05/12,5:50:00,4.9
下游闸外水位,2024/05/12,5:50:00,4.9
上游闸内水位,2024/05/12,5:52:37,5.1
上游闸外水位,2024/05/12,5:52:37,3.8
上游闸内水位,2024/05/12,5:56:45,3.9
上游闸外水位,2024/05/12,5:56:45,3.8
内河侧水位,2024/05/12,6:00:00,3.9
长江侧水位,2024/05/12,6:00:00,5.1
上游闸内水位,2024/05/12,6:26:12,3.9
上游闸外水位,2024/05/12,6:26:12,3.8
下游闸内水位,2024/05/12,6:28:46,3.9
下游闸外水位,2024/05/12,6:28:46,5.5
下游闸内水位,2024/05/12,6:33:30,5.4
下游闸外水位,2024/05/12,6:33:30,5.5
下游闸内水位,2024/05/12,6:49:33,5.8
下游闸外水位,2024/05/12,6:49:33,5.8
上游闸内水位,2024/05/12,6:52:34,5.8
上游闸外水位,2024/05/12,6:52:34,3.8
上游闸内水位,2024/05/12,6:57:56,3.9
上游闸外水位,2024/05/12,6:57:56,3.8
内河侧水位,2024/05/12,7:00:00,3.8
上游闸内水位,2024/05/11,17:05:03,4.9
上游闸外水位,2024/05/11,17:05:03,4.0
上游闸内水位,2024/05/11,17:08:33,4.1
上游闸外水位,2024/05/11,17:08:33,3.9
上游闸内水位,2024/05/11,17:45:40,4.0
上游闸外水位,2024/05/11,17:45:40,4.0
下游闸内水位,2024/05/11,17:48:24,4.0
下游闸外水位,2024/05/11,17:48:24,4.9
下游闸内水位,2024/05/11,17:51:37,4.8
下游闸外水位,2024/05/11,17:51:37,4.9
内河侧水位,2024/05/11,18:00:00,3.9
长江侧水位,2024/05/11,18:00:00,4.9
下游闸内水位,2024/05/11,18:07:46,4.9
下游闸外水位,2024/05/11,18:07:46,4.9
上游闸内水位,2024/05/11,18:10:21,4.9
上游闸外水位,2024/05/11,18:10:21,3.9
上游闸内水位,2024/05/11,18:14:00,4.1
上游闸外水位,2024/05/11,18:14:00,3.9
上游闸内水位,2024/05/11,18:33:07,4.0
上游闸外水位,2024/05/11,18:33:07,3.9
下游闸内水位,2024/05/11,18:35:40,3.9
下游闸外水位,2024/05/11,18:35:40,5.1
下游闸内水位,2024/05/11,18:39:26,5.0
下游闸外水位,2024/05/11,18:39:26,5.1
内河侧水位,2024/05/11,19:00:00,3.9
长江侧水位,2024/05/11,19:00:00,5.3
下游闸内水位,2024/05/11,19:14:29,5.4
下游闸外水位,2024/05/11,19:14:29,5.4
上游闸内水位,2024/05/11,19:17:19,5.4
上游闸外水位,2024/05/11,19:17:19,3.9
上游闸内水位,2024/05/11,19:58:18,4.0
上游闸外水位,2024/05/11,19:58:18,3.9
内河侧水位,2024/05/11,20:00:00,3.9
长江侧水位,2024/05/11,20:00:00,5.6
下游闸内水位,2024/05/11,20:00:54,3.9
下游闸外水位,2024/05/11,20:00:54,5.6
下游闸内水位,2024/05/11,20:05:49,5.5
下游闸外水位,2024/05/11,20:05:49,5.6
下游闸内水位,2024/05/11,20:45:11,5.7
下游闸外水位,2024/05/11,20:45:11,5.7
上游闸内水位,2024/05/11,20:48:14,5.7
上游闸外水位,2024/05/11,20:48:14,3.9
上游闸内水位,2024/05/11,20:53:32,3.9
上游闸外水位,2024/05/11,20:53:32,3.8
内河侧水位,2024/05/11,21:00:00,3.8
长江侧水位,2024/05/11,21:00:00,5.7
上游闸内水位,2024/05/11,21:28:12,4.0
上游闸外水位,2024/05/11,21:28:12,3.9
下游闸内水位,2024/05/11,21:30:52,4.0
下游闸外水位,2024/05/11,21:30:52,5.7
下游闸内水位,2024/05/11,21:35:49,5.6
下游闸外水位,2024/05/11,21:35:49,5.7
内河侧水位,2024/05/11,22:00:00,3.9
长江侧水位,2024/05/11,22:00:00,5.6
下游闸内水位,2024/05/11,22:14:57,5.6
下游闸外水位,2024/05/11,22:14:57,5.6
上游闸内水位,2024/05/11,22:17:41,5.6
上游闸外水位,2024/05/11,22:17:41,3.9
长江侧水位,2024/05/12,7:00:00,5.9
上游闸内水位,2024/05/12,7:14:02,3.9
上游闸外水位,2024/05/12,7:14:02,3.8
下游闸内水位,2024/05/12,7:16:42,3.9
下游闸外水位,2024/05/12,7:16:42,6.0
下游闸内水位,2024/05/12,7:22:22,5.9
下游闸外水位,2024/05/12,7:22:22,6.1
下游闸内水位,2024/05/12,7:30:09,6.2
下游闸外水位,2024/05/12,7:30:09,6.1
上游闸内水位,2024/05/12,7:32:50,6.2
上游闸外水位,2024/05/12,7:32:50,3.8
上游闸内水位,2024/05/12,7:38:36,3.9
上游闸外水位,2024/05/12,7:38:36,3.7
上游闸内水位,2024/05/12,7:55:40,3.9
上游闸外水位,2024/05/12,7:55:40,3.8
下游闸内水位,2024/05/12,7:58:32,3.9
下游闸外水位,2024/05/12,7:58:32,6.3
内河侧水位,2024/05/12,8:00:00,3.8
长江侧水位,2024/05/12,8:00:00,6.2
下游闸内水位,2024/05/12,8:04:36,6.2
下游闸外水位,2024/05/12,8:04:36,6.4
下游闸内水位,2024/05/12,8:21:30,6.4
下游闸外水位,2024/05/12,8:21:30,6.4
上游闸内水位,2024/05/12,8:24:06,6.5
上游闸外水位,2024/05/12,8:24:06,3.8
上游闸内水位,2024/05/12,8:30:44,3.9
上游闸外水位,2024/05/12,8:30:44,3.8
上游闸内水位,2024/05/12,8:40:57,3.9
上游闸外水位,2024/05/12,8:40:57,3.8
上游闸内水位,2024/05/11,22:22:40,3.9
上游闸外水位,2024/05/11,22:22:40,3.8
上游闸内水位,2024/05/11,22:56:30,3.9
上游闸外水位,2024/05/11,22:56:30,3.9
下游闸内水位,2024/05/11,22:59:06,3.9
下游闸外水位,2024/05/11,22:59:06,5.5
内河侧水位,2024/05/11,23:00:00,3.9
长江侧水位,2024/05/11,23:00:00,5.4
下游闸内水位,2024/05/11,23:03:44,5.4
下游闸外水位,2024/05/11,23:03:44,5.5
下游闸内水位,2024/05/11,23:42:39,5.5
下游闸外水位,2024/05/11,23:42:39,5.5
上游闸内水位,2024/05/11,23:45:33,5.4
上游闸外水位,2024/05/11,23:45:33,3.9
上游闸内水位,2024/05/11,23:50:23,3.9
上游闸外水位,2024/05/11,23:50:23,3.8
内河侧水位,2024/05/12,0:00:00,3.9
长江侧水位,2024/05/12,0:00:00,5.4
上游闸内水位,2024/05/12,0:08:29,4.0
上游闸外水位,2024/05/12,0:08:29,3.9
下游闸内水位,2024/05/12,0:11:00,3.9
下游闸外水位,2024/05/12,0:11:00,5.3
下游闸内水位,2024/05/12,0:16:46,5.3
下游闸外水位,2024/05/12,0:16:46,5.3
下游闸内水位,2024/05/12,0:41:19,5.3
下游闸外水位,2024/05/12,0:41:19,5.3
上游闸内水位,2024/05/12,0:44:14,5.3
上游闸外水位,2024/05/12,0:44:14,3.9
上游闸内水位,2024/05/12,0:48:47,3.9
上游闸外水位,2024/05/12,0:48:47,3.8
内河侧水位,2024/05/12,1:00:00,3.8
长江侧水位,2024/05/12,1:00:00,5.2
上游闸内水位,2024/05/12,1:04:55,3.9
上游闸外水位,2024/05/12,1:04:55,3.9
下游闸内水位,2024/05/12,1:07:35,3.9
下游闸外水位,2024/05/12,1:07:35,5.3
下游闸内水位,2024/05/12,1:11:37,5.1
下游闸外水位,2024/05/12,1:11:37,5.3
下游闸内水位,2024/05/12,1:36:56,5.2
下游闸外水位,2024/05/12,1:36:56,5.2
上游闸内水位,2024/05/12,1:39:34,5.1
上游闸外水位,2024/05/12,1:39:34,3.9
上游闸内水位,2024/05/12,1:43:49,4.0
上游闸外水位,2024/05/12,1:43:49,3.8
内河侧水位,2024/05/12,2:00:00,3.9
长江侧水位,2024/05/12,2:00:00,5.1
上游闸内水位,2024/05/12,2:01:39,4.0
上游闸外水位,2024/05/12,2:01:39,3.9
下游闸内水位,2024/05/12,2:04:16,3.9
下游闸外水位,2024/05/12,2:04:16,5.1
下游闸内水位,2024/05/12,2:08:01,5.0
下游闸外水位,2024/05/12,2:08:01,5.1
上游闸内水位,2024/05/12,3:35:42,3.9
上游闸外水位,2024/05/12,3:35:42,3.8
下游闸内水位,2024/05/12,15:56:13,5.2
下游闸外水位,2024/05/12,15:56:13,5.1
上游闸内水位,2024/05/12,15:58:50,5.2
上游闸外水位,2024/05/12,15:58:50,3.8
内河侧水位,2024/05/12,16:00:00,3.8
长江侧水位,2024/05/12,16:00:00,5.1
上游闸内水位,2024/05/12,16:03:41,4.4
上游闸外水位,2024/05/12,16:03:41,3.8
上游闸内水位,2024/05/12,16:06:03,3.9
上游闸外水位,2024/05/12,16:06:03,3.8
上游闸内水位,2024/05/12,16:37:58,3.9
上游闸外水位,2024/05/12,16:37:58,3.8
下游闸内水位,2024/05/12,16:40:30,3.8
下游闸外水位,2024/05/12,16:40:30,5.1
下游闸内水位,2024/05/12,16:45:05,4.0
下游闸外水位,2024/05/12,16:45:05,5.0
下游闸内水位,2024/05/12,16:48:53,4.9
下游闸外水位,2024/05/12,16:48:53,5.0
内河侧水位,2024/05/12,17:00:00,3.8
长江侧水位,2024/05/12,17:00:00,5.1
下游闸内水位,2024/05/12,17:25:53,5.0
下游闸外水位,2024/05/12,17:25:53,5.0
上游闸内水位,2024/05/12,17:28:30,5.0
上游闸外水位,2024/05/12,17:28:30,3.8
上游闸内水位,2024/05/12,17:32:49,3.8
上游闸外水位,2024/05/12,17:32:49,3.7
内河侧水位,2024/05/12,18:00:00,3.8
长江侧水位,2024/05/12,18:00:00,5.0
上游闸内水位,2024/05/12,18:11:20,3.9
上游闸外水位,2024/05/12,18:11:20,3.8
下游闸内水位,2024/05/12,18:13:59,3.9
下游闸外水位,2024/05/12,18:13:59,5.0
下游闸内水位,2024/05/12,18:19:03,5.0
下游闸内水位,2024/05/12,8:43:40,3.9
下游闸外水位,2024/05/12,8:43:40,6.4
下游闸内水位,2024/05/12,8:49:52,6.3
下游闸外水位,2024/05/12,8:49:52,6.5
内河侧水位,2024/05/12,9:00:00,3.8
长江侧水位,2024/05/12,9:00:00,6.4
下游闸内水位,2024/05/12,9:09:09,6.5
下游闸外水位,2024/05/12,9:09:09,6.4
上游闸内水位,2024/05/12,9:12:27,6.4
上游闸外水位,2024/05/12,9:12:27,3.8
上游闸内水位,2024/05/12,9:14:11,6.0
上游闸外水位,2024/05/12,9:14:11,3.7
上游闸内水位,2024/05/12,9:16:55,5.0
上游闸外水位,2024/05/12,9:16:55,3.7
上游闸内水位,2024/05/12,9:20:11,3.9
上游闸外水位,2024/05/12,9:20:11,3.8
上游闸内水位,2024/05/12,9:48:42,3.9
上游闸外水位,2024/05/12,9:48:42,3.8
下游闸内水位,2024/05/12,9:51:18,3.9
下游闸外水位,2024/05/12,9:51:18,6.3
下游闸内水位,2024/05/12,9:54:18,4.8
下游闸外水位,2024/05/12,9:54:18,6.3
下游闸内水位,2024/05/12,9:58:18,6.2
下游闸外水位,2024/05/12,9:58:18,6.4
内河侧水位,2024/05/12,10:00:00,3.8
长江侧水位,2024/05/12,10:00:00,6.4
下游闸内水位,2024/05/12,10:09:53,6.2
下游闸外水位,2024/05/12,10:09:53,6.2
上游闸内水位,2024/05/12,10:12:30,6.3
上游闸外水位,2024/05/12,10:12:30,3.8
上游闸内水位,2024/05/12,10:18:25,3.9
上游闸外水位,2024/05/12,10:18:25,3.8
上游闸内水位,2024/05/12,10:36:34,3.9
上游闸外水位,2024/05/12,10:36:34,3.8
下游闸内水位,2024/05/12,10:39:05,3.9
下游闸外水位,2024/05/12,10:39:05,6.1
下游闸内水位,2024/05/12,10:41:29,4.6
下游闸外水位,2024/05/12,10:41:29,6.1
下游闸内水位,2024/05/12,10:45:42,6.0
下游闸外水位,2024/05/12,10:45:42,6.2
下游闸内水位,2024/05/12,10:56:53,6.1
下游闸外水位,2024/05/12,10:56:53,6.1
上游闸内水位,2024/05/12,10:59:27,6.1
上游闸外水位,2024/05/12,10:59:27,3.8
内河侧水位,2024/05/12,11:00:00,3.9
长江侧水位,2024/05/12,11:00:00,6.1
上游闸内水位,2024/05/12,11:05:03,3.9
上游闸外水位,2024/05/12,11:05:03,3.8
上游闸内水位,2024/05/12,11:29:11,3.9
上游闸外水位,2024/05/12,11:29:11,3.8
下游闸内水位,2024/05/12,11:31:48,3.9
下游闸外水位,2024/05/12,11:31:48,6.0
下游闸内水位,2024/05/12,11:37:22,5.8
下游闸外水位,2024/05/12,11:37:22,6.0
内河侧水位,2024/05/12,12:00:00,3.8
长江侧水位,2024/05/12,12:00:00,5.9
下游闸内水位,2024/05/12,12:06:03,5.9
下游闸外水位,2024/05/12,12:06:03,5.9
上游闸内水位,2024/05/12,12:08:57,5.9
上游闸外水位,2024/05/12,12:08:57,3.8
上游闸内水位,2024/05/12,12:14:31,3.9
上游闸外水位,2024/05/12,12:14:31,3.8
上游闸内水位,2024/05/12,12:47:25,3.9
上游闸外水位,2024/05/12,12:47:25,3.8
下游闸内水位,2024/05/12,12:50:05,3.9
下游闸外水位,2024/05/12,12:50:05,5.7
下游闸内水位,2024/05/12,12:55:30,5.6
下游闸外水位,2024/05/12,12:55:30,5.7
内河侧水位,2024/05/12,13:00:00,3.8
长江侧水位,2024/05/12,13:00:00,5.7
下游闸内水位,2024/05/12,13:25:43,5.7
下游闸外水位,2024/05/12,13:25:43,5.7
上游闸内水位,2024/05/12,13:28:21,5.7
上游闸外水位,2024/05/12,13:28:21,3.8
上游闸内水位,2024/05/12,13:33:39,3.8
上游闸外水位,2024/05/12,13:33:39,3.7
内河侧水位,2024/05/12,14:00:00,3.8
长江侧水位,2024/05/12,14:00:00,5.5
上游闸内水位,2024/05/12,14:14:50,3.8
上游闸外水位,2024/05/12,14:14:50,3.8
下游闸内水位,2024/05/12,14:17:22,3.9
下游闸外水位,2024/05/12,14:17:22,5.5
下游闸内水位,2024/05/12,14:21:50,4.6
下游闸外水位,2024/05/12,14:21:50,5.5
下游闸内水位,2024/05/12,14:24:37,5.3
下游闸外水位,2024/05/12,14:24:37,5.5
下游闸内水位,2024/05/12,14:56:25,5.4
下游闸外水位,2024/05/12,14:56:25,5.4
上游闸内水位,2024/05/12,14:59:23,5.4
上游闸外水位,2024/05/12,14:59:23,3.8
内河侧水位,2024/05/12,15:00:00,3.8
长江侧水位,2024/05/12,15:00:00,5.4
上游闸内水位,2024/05/12,15:04:30,3.8
上游闸外水位,2024/05/12,15:04:30,3.7
上游闸内水位,2024/05/12,15:24:51,3.8
上游闸外水位,2024/05/12,15:24:51,3.7
下游闸内水位,2024/05/12,15:27:23,3.9
下游闸外水位,2024/05/12,15:27:23,5.3
下游闸内水位,2024/05/12,15:31:37,5.1
下游闸外水位,2024/05/12,15:31:37,5.3
下游闸外水位,2024/05/12,18:19:03,5.0
下游闸内水位,2024/05/12,18:38:02,5.0
下游闸外水位,2024/05/12,18:38:02,5.0
上游闸内水位,2024/05/12,18:40:49,5.0
上游闸外水位,2024/05/12,18:40:49,3.8
上游闸内水位,2024/05/12,18:44:48,3.9
上游闸外水位,2024/05/12,18:44:48,3.8
内河侧水位,2024/05/12,19:00:00,3.8
长江侧水位,2024/05/12,19:00:00,5.1
上游闸内水位,2024/05/12,19:10:34,3.9
上游闸外水位,2024/05/12,19:10:34,3.8
下游闸内水位,2024/05/12,19:13:14,3.9
下游闸外水位,2024/05/12,19:13:14,5.2
下游闸内水位,2024/05/12,19:17:09,5.0
下游闸外水位,2024/05/12,19:17:09,5.2
下游闸内水位,2024/05/12,19:49:15,5.4
下游闸外水位,2024/05/12,19:49:15,5.4
上游闸内水位,2024/05/12,19:51:51,5.4
上游闸外水位,2024/05/12,19:51:51,3.8
上游闸内水位,2024/05/12,19:57:32,4.5
上游闸外水位,2024/05/12,19:57:32,3.8
内河侧水位,2024/05/12,20:00:00,3.8
长江侧水位,2024/05/12,20:00:00,5.4
上游闸内水位,2024/05/12,20:00:30,3.9
上游闸外水位,2024/05/12,20:00:30,3.8
上游闸内水位,2024/05/12,20:38:52,3.9
上游闸外水位,2024/05/12,20:38:52,3.8
下游闸内水位,2024/05/12,20:41:33,3.9
下游闸外水位,2024/05/12,20:41:33,5.5
下游闸内水位,2024/05/12,20:47:10,5.5
下游闸外水位,2024/05/12,20:47:10,5.6
内河侧水位,2024/05/12,21:00:01,3.8
长江侧水位,2024/05/12,21:00:01,5.6
下游闸内水位,2024/05/12,21:26:53,5.6
下游闸外水位,2024/05/12,21:26:53,5.7
上游闸内水位,2024/05/12,21:29:30,5.6
上游闸外水位,2024/05/12,21:29:30,3.8
上游闸内水位,2024/05/12,21:34:50,3.8
上游闸外水位,2024/05/12,21:34:50,3.7
内河侧水位,2024/05/12,22:00:00,3.8
长江侧水位,2024/05/12,22:00:00,5.7
上游闸内水位,2024/05/12,22:17:37,3.9
上游闸外水位,2024/05/12,22:17:37,3.8
下游闸内水位,2024/05/12,22:20:24,3.9
下游闸外水位,2024/05/12,22:20:24,5.6
下游闸内水位,2024/05/12,22:25:35,5.5
下游闸外水位,2024/05/12,22:25:35,5.6
内河侧水位,2024/05/12,23:00:00,3.8
长江侧水位,2024/05/12,23:00:00,5.6
下游闸内水位,2024/05/12,23:06:25,5.5
下游闸外水位,2024/05/12,23:06:25,5.5
上游闸内水位,2024/05/12,23:09:17,5.6
上游闸外水位,2024/05/12,23:09:17,3.8
上游闸内水位,2024/05/12,23:14:24,3.9
上游闸外水位,2024/05/12,23:14:24,3.7
上游闸内水位,2024/05/12,23:50:52,3.9
上游闸外水位,2024/05/12,23:50:52,3.8
下游闸内水位,2024/05/12,23:53:49,3.8
下游闸外水位,2024/05/12,23:53:49,5.4
下游闸内水位,2024/05/12,23:56:04,4.1
下游闸外水位,2024/05/12,23:56:04,5.4
内河侧水位,2024/05/13,0:00:00,3.8
长江侧水位,2024/05/13,0:00:00,5.4
下游闸内水位,2024/05/13,0:01:28,5.1
下游闸外水位,2024/05/13,0:01:28,5.4
下游闸内水位,2024/05/13,0:02:51,5.3
下游闸外水位,2024/05/13,0:02:51,5.5
下游闸内水位,2024/05/13,0:40:56,5.3
下游闸外水位,2024/05/13,0:40:56,5.3
上游闸内水位,2024/05/13,0:43:51,5.3
上游闸外水位,2024/05/13,0:43:51,3.8
上游闸内水位,2024/05/13,0:48:32,3.9
上游闸外水位,2024/05/13,0:48:32,3.7
内河侧水位,2024/05/13,1:00:00,3.8
长江侧水位,2024/05/13,1:00:00,5.3
上游闸内水位,2024/05/13,1:34:45,3.9
上游闸外水位,2024/05/13,1:34:45,3.8
下游闸内水位,2024/05/13,1:37:21,3.9
下游闸外水位,2024/05/13,1:37:21,5.2
下游闸内水位,2024/05/13,1:50:34,4.9
下游闸外水位,2024/05/13,1:50:34,5.2
下游闸内水位,2024/05/13,1:52:04,5.0
下游闸外水位,2024/05/13,1:52:04,5.2
下游闸内水位,2024/05/13,1:53:04,5.1
下游闸外水位,2024/05/13,1:53:04,5.2
内河侧水位,2024/05/13,2:00:00,3.8
长江侧水位,2024/05/13,2:00:00,5.2
下游闸内水位,2024/05/13,2:40:05,5.1
下游闸外水位,2024/05/13,2:40:05,5.1
上游闸内水位,2024/05/13,2:42:43,5.1
上游闸外水位,2024/05/13,2:42:43,3.8
上游闸内水位,2024/05/13,2:46:57,3.9
上游闸外水位,2024/05/13,2:46:57,3.7
内河侧水位,2024/05/13,3:00:00,3.8
长江侧水位,2024/05/13,3:00:00,5.1
上游闸内水位,2024/05/13,3:29:51,3.9
上游闸外水位,2024/05/13,3:29:51,3.8
下游闸内水位,2024/05/13,3:32:26,3.9
下游闸外水位,2024/05/13,3:32:26,5.0
下游闸内水位,2024/05/13,3:36:31,4.9
下游闸外水位,2024/05/13,3:36:31,5.1
下游闸内水位,2024/05/13,5:22:53,4.9
下游闸外水位,2024/05/13,5:22:53,4.9
上游闸内水位,2024/05/13,15:54:31,4.0
上游闸外水位,2024/05/13,15:54:31,3.9
下游闸内水位,2024/05/13,15:57:06,4.0
下游闸外水位,2024/05/13,15:57:06,5.2
内河侧水位,2024/05/13,16:00:00,3.9
长江侧水位,2024/05/13,16:00:00,5.2
下游闸内水位,2024/05/13,16:00:51,5.0
下游闸外水位,2024/05/13,16:00:51,5.2
下游闸内水位,2024/05/13,16:26:00,5.1
下游闸外水位,2024/05/13,16:26:00,5.1
上游闸内水位,2024/05/13,16:28:56,5.1
上游闸外水位,2024/05/13,16:28:56,3.9
上游闸内水位,2024/05/13,16:33:14,4.0
上游闸外水位,2024/05/13,16:33:14,3.9
内河侧水位,2024/05/13,17:00:00,3.9
长江侧水位,2024/05/13,17:00:00,5.0
上游闸内水位,2024/05/13,17:08:37,4.0
上游闸外水位,2024/05/13,17:08:37,3.9
下游闸内水位,2024/05/13,17:11:08,4.0
下游闸外水位,2024/05/13,17:11:08,5.0
下游闸内水位,2024/05/13,17:14:35,4.8
下游闸外水位,2024/05/13,17:14:35,5.0
下游闸内水位,2024/05/13,17:48:40,5.0
下游闸外水位,2024/05/13,17:48:40,5.0
上游闸内水位,2024/05/13,17:51:43,5.0
上游闸外水位,2024/05/13,17:51:43,4.0
上游闸内水位,2024/05/13,17:54:58,4.2
上游闸外水位,2024/05/13,17:54:58,4.0
内河侧水位,2024/05/13,18:00:00,4.1
长江侧水位,2024/05/13,18:00:00,4.9
上游闸内水位,2024/05/13,18:33:00,4.3
上游闸外水位,2024/05/13,18:33:00,4.2
下游闸内水位,2024/05/13,18:35:34,4.3
下游闸外水位,2024/05/13,18:35:34,4.9
下游闸内水位,2024/05/13,18:38:26,4.8
下游闸外水位,2024/05/13,18:38:26,4.9
下游闸内水位,2024/05/13,18:56:57,4.8
下游闸外水位,2024/05/13,18:56:57,4.9
上游闸内水位,2024/05/13,18:59:48,4.9
上游闸外水位,2024/05/13,18:59:48,4.2
内河侧水位,2024/05/13,19:00:00,4.3
长江侧水位,2024/05/13,19:00:00,4.9
上游闸内水位,2024/05/13,19:02:51,4.3
上游闸外水位,2024/05/13,19:02:51,4.2
上游闸内水位,2024/05/13,19:30:01,4.3
上游闸外水位,2024/05/13,19:30:01,4.3
下游闸内水位,2024/05/13,19:33:42,4.3
下游闸外水位,2024/05/13,19:33:42,4.9
下游闸内水位,2024/05/13,19:36:10,4.8
下游闸外水位,2024/05/13,19:36:10,4.9
内河侧水位,2024/05/13,20:00:00,4.3
长江侧水位,2024/05/13,20:00:00,5.0
下游闸内水位,2024/05/13,20:12:29,5.0
下游闸外水位,2024/05/13,20:12:29,5.0
上游闸内水位,2024/05/13,20:16:14,5.0
上游闸外水位,2024/05/13,20:16:14,4.3
上游闸内水位,2024/05/13,20:19:29,4.4
上游闸外水位,2024/05/13,20:19:29,4.3
内河侧水位,2024/05/13,4:00:00,3.8
长江侧水位,2024/05/13,4:00:00,4.9
下游闸内水位,2024/05/13,4:19:20,5.0
下游闸外水位,2024/05/13,4:19:20,5.0
上游闸内水位,2024/05/13,4:21:57,4.9
上游闸外水位,2024/05/13,4:21:57,3.8
上游闸内水位,2024/05/13,4:25:51,3.9
上游闸外水位,2024/05/13,4:25:51,3.8
内河侧水位,2024/05/13,5:00:00,3.8
长江侧水位,2024/05/13,5:00:00,4.8
上游闸内水位,2024/05/13,5:02:49,3.9
上游闸外水位,2024/05/13,5:02:49,3.8
下游闸内水位,2024/05/13,5:05:20,3.8
下游闸外水位,2024/05/13,5:05:20,4.9
下游闸内水位,2024/05/13,5:11:13,4.8
下游闸外水位,2024/05/13,5:11:13,4.8
上游闸内水位,2024/05/13,5:25:29,4.8
上游闸外水位,2024/05/13,5:25:29,3.8
上游闸内水位,2024/05/13,5:29:04,3.9
上游闸外水位,2024/05/13,5:29:04,3.8
上游闸内水位,2024/05/13,5:48:12,3.9
上游闸外水位,2024/05/13,5:48:12,3.8
下游闸内水位,2024/05/13,5:50:45,3.9
下游闸外水位,2024/05/13,5:50:45,4.8
下游闸内水位,2024/05/13,5:53:58,4.7
下游闸外水位,2024/05/13,5:53:58,4.8
内河侧水位,2024/05/13,6:00:00,3.8
长江侧水位,2024/05/13,6:00:00,4.9
下游闸内水位,2024/05/13,6:04:44,4.9
下游闸外水位,2024/05/13,6:04:44,4.8
上游闸内水位,2024/05/13,6:07:35,4.8
上游闸外水位,2024/05/13,6:07:35,3.8
上游闸内水位,2024/05/13,6:11:11,3.9
上游闸外水位,2024/05/13,6:11:11,3.8
上游闸内水位,2024/05/13,6:22:57,3.8
上游闸外水位,2024/05/13,6:22:57,3.8
下游闸内水位,2024/05/13,6:25:28,3.9
下游闸外水位,2024/05/13,6:25:28,4.8
下游闸内水位,2024/05/13,6:29:02,4.8
下游闸外水位,2024/05/13,6:29:02,4.9
下游闸内水位,2024/05/13,6:42:54,5.0
下游闸外水位,2024/05/13,6:42:54,5.0
上游闸内水位,2024/05/13,6:45:40,5.1
上游闸外水位,2024/05/13,6:45:40,3.8
上游闸内水位,2024/05/13,6:50:45,3.8
上游闸外水位,2024/05/13,6:50:45,3.7
内河侧水位,2024/05/13,7:00:00,3.8
长江侧水位,2024/05/13,7:00:00,5.2
上游闸内水位,2024/05/13,7:00:29,3.9
上游闸外水位,2024/05/13,7:00:29,3.8
下游闸内水位,2024/05/13,7:03:03,3.8
下游闸外水位,2024/05/13,7:03:03,5.3
下游闸内水位,2024/05/13,7:08:19,5.3
下游闸外水位,2024/05/13,7:08:19,5.3
下游闸内水位,2024/05/13,7:22:54,5.4
下游闸外水位,2024/05/13,7:22:54,5.4
上游闸内水位,2024/05/13,7:25:36,5.5
上游闸外水位,2024/05/13,7:25:36,3.8
上游闸内水位,2024/05/13,7:30:46,3.8
上游闸外水位,2024/05/13,7:30:46,3.7
上游闸内水位,2024/05/13,7:57:01,3.9
上游闸外水位,2024/05/13,7:57:01,3.8
下游闸内水位,2024/05/13,7:59:36,3.9
下游闸外水位,2024/05/13,7:59:36,5.8
内河侧水位,2024/05/13,8:00:00,3.8
长江侧水位,2024/05/13,8:00:00,5.7
下游闸内水位,2024/05/13,8:04:50,5.7
下游闸外水位,2024/05/13,8:04:50,5.8
下游闸内水位,2024/05/13,8:21:15,5.9
下游闸外水位,2024/05/13,8:21:15,5.9
上游闸内水位,2024/05/13,8:23:53,5.9
上游闸外水位,2024/05/13,8:23:53,3.8
上游闸内水位,2024/05/13,8:29:31,3.9
上游闸外水位,2024/05/13,8:29:31,3.8
上游闸内水位,2024/05/13,8:51:40,3.9
上游闸外水位,2024/05/13,8:51:40,3.8
下游闸内水位,2024/05/13,8:55:56,3.9
下游闸外水位,2024/05/13,8:55:56,6.0
内河侧水位,2024/05/13,9:00:00,3.8
长江侧水位,2024/05/13,9:00:00,6.0
下游闸内水位,2024/05/13,9:01:28,5.9
下游闸外水位,2024/05/13,9:01:28,6.0
下游闸内水位,2024/05/13,9:31:22,6.1
下游闸外水位,2024/05/13,9:31:22,6.1
上游闸内水位,2024/05/13,9:33:59,6.1
上游闸外水位,2024/05/13,9:33:59,3.8
上游闸内水位,2024/05/13,9:39:35,3.9
上游闸内水位,2024/05/13,20:58:06,4.4
上游闸外水位,2024/05/13,20:58:06,4.4
内河侧水位,2024/05/13,21:00:00,4.4
长江侧水位,2024/05/13,21:00:00,5.2
下游闸内水位,2024/05/13,21:00:51,4.4
下游闸外水位,2024/05/13,21:00:51,5.2
下游闸内水位,2024/05/13,21:40:38,5.3
下游闸外水位,2024/05/13,21:40:38,5.3
上游闸内水位,2024/05/13,21:43:55,5.3
上游闸外水位,2024/05/13,21:43:55,4.4
上游闸内水位,2024/05/13,21:47:18,4.5
上游闸外水位,2024/05/13,21:47:18,4.4
内河侧水位,2024/05/13,22:00:00,4.4
长江侧水位,2024/05/13,22:00:00,5.3
上游闸内水位,2024/05/13,22:21:36,4.5
上游闸外水位,2024/05/13,22:21:36,4.4
下游闸内水位,2024/05/13,22:25:00,4.5
下游闸外水位,2024/05/13,22:25:00,5.4
下游闸内水位,2024/05/13,22:28:49,5.3
下游闸外水位,2024/05/13,22:28:49,5.4
内河侧水位,2024/05/13,23:00:00,4.5
长江侧水位,2024/05/13,23:00:00,5.4
下游闸内水位,2024/05/13,23:11:32,5.4
下游闸外水位,2024/05/13,23:11:32,5.4
上游闸内水位,2024/05/13,23:14:53,5.4
上游闸外水位,2024/05/13,23:14:53,4.5
上游闸内水位,2024/05/13,23:18:14,4.6
上游闸外水位,2024/05/13,23:18:14,4.4
内河侧水位,2024/05/14,0:00:00,4.5
长江侧水位,2024/05/14,0:00:00,5.3
上游闸内水位,2024/05/14,0:20:58,4.5
上游闸外水位,2024/05/14,0:20:58,4.5
下游闸内水位,2024/05/14,0:23:44,4.5
下游闸外水位,2024/05/14,0:23:44,5.3
下游闸内水位,2024/05/14,0:26:42,5.2
下游闸外水位,2024/05/14,0:26:42,5.3
内河侧水位,2024/05/14,1:00:00,4.5
长江侧水位,2024/05/14,1:00:00,5.2
下游闸内水位,2024/05/14,1:16:46,5.2
下游闸外水位,2024/05/14,1:16:46,5.2
上游闸内水位,2024/05/14,1:19:22,5.2
上游闸外水位,2024/05/14,1:19:22,4.5
上游闸内水位,2024/05/14,1:22:19,4.6
上游闸外水位,2024/05/14,1:22:19,4.4
内河侧水位,2024/05/14,2:00:00,4.4
长江侧水位,2024/05/14,2:00:00,5.1
上游闸内水位,2024/05/14,2:04:01,4.5
上游闸外水位,2024/05/14,2:04:01,4.4
下游闸内水位,2024/05/14,2:06:53,4.5
下游闸外水位,2024/05/14,2:06:53,5.1
下游闸内水位,2024/05/14,2:09:17,5.0
下游闸外水位,2024/05/14,2:09:17,5.1
下游闸内水位,2024/05/14,2:48:10,5.0
下游闸外水位,2024/05/14,2:48:10,5.0
上游闸内水位,2024/05/14,2:50:50,5.0
上游闸外水位,2024/05/14,2:50:50,4.4
上游闸内水位,2024/05/14,2:53:27,4.5
上游闸外水位,2024/05/14,2:53:27,4.4
内河侧水位,2024/05/14,3:00:00,4.4
长江侧水位,2024/05/14,3:00:00,5.0
上游闸内水位,2024/05/14,3:35:22,4.5
上游闸外水位,2024/05/14,3:35:22,4.4
下游闸内水位,2024/05/14,3:39:12,4.5
下游闸外水位,2024/05/14,3:39:12,5.0
下游闸内水位,2024/05/14,3:41:26,4.8
下游闸外水位,2024/05/14,3:41:26,5.0
下游闸内水位,2024/05/14,3:55:33,4.9
下游闸外水位,2024/05/14,3:55:33,4.9
上游闸内水位,2024/05/14,3:58:09,4.9
上游闸外水位,2024/05/14,3:58:09,4.4
内河侧水位,2024/05/14,4:00:00,4.4
长江侧水位,2024/05/14,4:00:00,4.9
上游闸内水位,2024/05/14,4:00:44,4.5
上游闸外水位,2024/05/14,4:00:44,4.4
上游闸内水位,2024/05/14,4:14:20,4.4
上游闸外水位,2024/05/14,4:14:20,4.4
下游闸内水位,2024/05/14,4:16:55,4.4
下游闸外水位,2024/05/14,4:16:55,4.9
下游闸内水位,2024/05/14,4:18:55,4.8
下游闸外水位,2024/05/14,4:18:55,4.9
下游闸内水位,2024/05/14,4:30:28,4.9
下游闸外水位,2024/05/14,4:30:28,4.9
下游闸内水位,2024/05/14,4:30:47,4.9
下游闸外水位,2024/05/14,4:30:47,4.9
下游闸内水位,2024/05/14,4:31:54,4.9
下游闸外水位,2024/05/14,4:31:54,4.9
上游闸内水位,2024/05/14,4:34:32,4.9
上游闸外水位,2024/05/14,4:34:32,4.4
上游闸内水位,2024/05/14,4:37:07,4.5
上游闸外水位,2024/05/14,4:37:07,4.3
上游闸内水位,2024/05/14,4:58:57,4.4
上游闸外水位,2024/05/14,4:58:57,4.3
内河侧水位,2024/05/14,5:00:00,4.4
长江侧水位,2024/05/14,5:00:00,4.8
下游闸内水位,2024/05/14,5:01:51,4.4
下游闸外水位,2024/05/14,5:01:51,4.8
下游闸内水位,2024/05/14,5:04:45,4.8
下游闸外水位,2024/05/14,5:04:45,4.8
下游闸内水位,2024/05/14,5:35:52,4.8
下游闸外水位,2024/05/14,5:35:52,4.8
上游闸内水位,2024/05/14,5:38:43,4.8
上游闸外水位,2024/05/14,5:38:43,4.3
上游闸内水位,2024/05/14,5:40:55,4.5
上游闸外水位,2024/05/14,5:40:55,4.3
内河侧水位,2024/05/14,6:00:00,4.3
长江侧水位,2024/05/14,6:00:00,4.8
上游闸内水位,2024/05/14,6:08:59,4.4
上游闸外水位,2024/05/14,6:08:59,4.3
下游闸内水位,2024/05/14,6:11:36,4.4
下游闸外水位,2024/05/14,6:11:36,4.8
下游闸内水位,2024/05/14,6:13:30,4.7
下游闸外水位,2024/05/14,6:13:30,4.8
下游闸内水位,2024/05/14,6:52:18,4.9
下游闸外水位,2024/05/14,6:52:18,4.9
上游闸内水位,2024/05/14,6:54:53,4.8
上游闸外水位,2024/05/14,6:54:53,4.3
上游闸内水位,2024/05/14,6:58:17,4.4
上游闸外水位,2024/05/14,6:58:17,4.3
内河侧水位,2024/05/14,7:00:00,4.3
长江侧水位,2024/05/14,7:00:00,4.9
上游闸内水位,2024/05/14,7:13:01,4.4
上游闸外水位,2024/05/14,7:13:01,4.3
下游闸内水位,2024/05/14,7:15:33,4.4
下游闸外水位,2024/05/14,7:15:33,5.0
下游闸内水位,2024/05/14,7:17:56,4.8
下游闸外水位,2024/05/14,7:17:56,5.0
下游闸内水位,2024/05/14,7:26:35,4.9
下游闸外水位,2024/05/14,7:26:35,5.0
上游闸内水位,2024/05/14,7:29:10,5.1
上游闸外水位,2024/05/14,7:29:10,4.3
上游闸内水位,2024/05/14,7:32:04,4.5
上游闸外水位,2024/05/14,7:32:04,4.3
上游闸内水位,2024/05/14,7:43:18,4.4
上游闸外水位,2024/05/14,7:43:18,4.4
下游闸内水位,2024/05/14,7:45:47,4.4
下游闸外水位,2024/05/14,7:45:47,5.2
下游闸内水位,2024/05/14,7:49:11,5.1
下游闸外水位,2024/05/14,7:49:11,5.2
内河侧水位,2024/05/14,8:00:00,4.4
长江侧水位,2024/05/14,8:00:00,5.3
下游闸内水位,2024/05/14,8:13:44,5.3
下游闸外水位,2024/05/14,8:13:44,5.4
上游闸内水位,2024/05/14,8:16:25,5.4
上游闸外水位,2024/05/14,8:16:25,4.4
上游闸内水位,2024/05/14,8:36:59,4.5
上游闸外水位,2024/05/14,8:36:59,4.5
下游闸内水位,2024/05/14,8:39:41,4.5
下游闸外水位,2024/05/14,8:39:41,5.5
下游闸内水位,2024/05/14,8:43:20,5.4
下游闸外水位,2024/05/14,8:43:20,5.6
内河侧水位,2024/05/14,9:00:00,4.5
长江侧水位,2024/05/14,9:00:00,5.6
下游闸内水位,2024/05/14,9:11:56,5.6
下游闸外水位,2024/05/14,9:11:56,5.7
上游闸内水位,2024/05/14,9:18:34,4.7
上游闸外水位,2024/05/14,9:18:34,4.5
上游闸内水位,2024/05/14,9:50:12,4.7
上游闸外水位,2024/05/14,9:50:12,4.6
下游闸内水位,2024/05/14,9:52:49,4.7
下游闸外水位,2024/05/14,9:52:49,5.8
下游闸内水位,2024/05/14,9:56:34,5.6
下游闸外水位,2024/05/14,9:56:34,5.8
内河侧水位,2024/05/14,10:00:00,4.6
长江侧水位,2024/05/14,10:00:00,5.8
上游闸内水位,2024/05/14,10:32:49,5.8
上游闸外水位,2024/05/14,10:32:49,4.7
上游闸内水位,2024/05/14,10:36:51,4.7
上游闸外水位,2024/05/14,10:36:51,4.6
下游闸内水位,2024/05/14,11:17:00,4.7
下游闸外水位,2024/05/14,11:17:00,5.8
下游闸内水位,2024/05/14,11:20:19,5.6
下游闸外水位,2024/05/14,11:20:19,5.7
下游闸内水位,2024/05/14,11:41:22,5.7
下游闸外水位,2024/05/14,11:41:22,5.7
上游闸内水位,2024/05/14,11:43:58,5.7
上游闸外水位,2024/05/14,11:43:58,4.7
上游闸内水位,2024/05/14,11:47:43,4.8
上游闸外水位,2024/05/14,11:47:43,4.6
上游闸内水位,2024/05/14,12:14:28,4.8
上游闸外水位,2024/05/14,12:14:28,4.7
下游闸内水位,2024/05/14,12:17:01,4.7
下游闸外水位,2024/05/14,12:17:01,5.6
下游闸内水位,2024/05/14,12:20:07,5.5
下游闸外水位,2024/05/14,12:20:07,5.6
下游闸内水位,2024/05/14,12:54:47,5.6
下游闸外水位,2024/05/14,12:54:47,5.6
上游闸内水位,2024/05/14,12:57:22,5.5
上游闸外水位,2024/05/14,12:57:22,4.7
内河侧水位,2024/05/14,13:00:00,4.7
长江侧水位,2024/05/14,13:00:00,5.5
上游闸内水位,2024/05/14,13:00:24,4.8
上游闸外水位,2024/05/14,13:00:24,4.7
上游闸内水位,2024/05/14,13:39:26,4.7
上游闸外水位,2024/05/14,13:39:26,4.7
下游闸内水位,2024/05/14,13:42:06,4.7
下游闸外水位,2024/05/14,13:42:06,5.5
下游闸内水位,2024/05/14,13:44:48,5.3
下游闸外水位,2024/05/14,13:44:48,5.4
内河侧水位,2024/05/14,14:00:00,4.7
长江侧水位,2024/05/14,14:00:00,5.4
下游闸内水位,2024/05/14,14:16:40,5.3
下游闸外水位,2024/05/14,14:16:40,5.4
上游闸内水位,2024/05/14,14:19:34,5.4
上游闸外水位,2024/05/14,14:19:34,4.7
上游闸内水位,2024/05/14,14:22:24,4.8
上游闸外水位,2024/05/14,14:22:24,4.6
上游闸内水位,2024/05/14,14:54:07,4.7
上游闸外水位,2024/05/14,14:54:07,4.6
下游闸内水位,2024/05/14,14:57:00,4.7
下游闸外水位,2024/05/14,14:57:00,5.3
下游闸内水位,2024/05/14,14:59:26,5.1
下游闸外水位,2024/05/14,14:59:26,5.3
内河侧水位,2024/05/14,15:00:00,4.6
长江侧水位,2024/05/14,15:00:00,5.3
下游闸内水位,2024/05/14,15:33:50,5.2
下游闸外水位,2024/05/14,15:33:50,5.2
上游闸内水位,2024/05/14,15:36:26,5.2
上游闸外水位,2024/05/14,15:36:26,4.6
上游闸内水位,2024/05/14,15:39:09,4.7
上游闸外水位,2024/05/14,15:39:09,4.6
上游闸内水位,2024/05/14,15:59:33,4.7
上游闸外水位,2024/05/14,15:59:33,4.6
内河侧水位,2024/05/14,16:00:00,4.6
长江侧水位,2024/05/14,16:00:00,5.2
下游闸内水位,2024/05/14,16:02:07,4.7
下游闸外水位,2024/05/14,16:02:07,5.2
下游闸内水位,2024/05/14,16:04:16,5.0
下游闸外水位,2024/05/14,16:04:16,5.2
下游闸内水位,2024/05/14,16:34:00,5.1
下游闸外水位,2024/05/14,16:34:00,5.2
上游闸内水位,2024/05/14,16:36:39,5.1
上游闸外水位,2024/05/14,16:36:39,4.6
上游闸内水位,2024/05/14,16:38:55,4.7
上游闸外水位,2024/05/14,16:38:55,4.6
内河侧水位,2024/05/14,17:00:00,4.5
长江侧水位,2024/05/14,17:00:00,5.0
上游闸内水位,2024/05/14,17:11:34,4.6
上游闸外水位,2024/05/14,17:11:34,4.5
下游闸内水位,2024/05/14,17:14:04,4.6
下游闸外水位,2024/05/14,17:14:04,5.0
下游闸内水位,2024/05/14,17:15:50,4.8
下游闸外水位,2024/05/14,17:15:50,5.0
下游闸内水位,2024/05/14,17:33:45,5.0
下游闸外水位,2024/05/14,17:33:45,5.0
上游闸内水位,2024/05/14,17:36:37,5.0
上游闸外水位,2024/05/14,17:36:37,4.5
上游闸内水位,2024/05/14,17:38:55,4.7
上游闸外水位,2024/05/14,17:38:55,4.5
上游闸内水位,2024/05/14,17:59:03,4.6
上游闸外水位,2024/05/14,17:59:03,4.5
内河侧水位,2024/05/14,18:00:00,4.5
长江侧水位,2024/05/14,18:00:00,4.9
下游闸内水位,2024/05/14,18:02:12,4.6
下游闸外水位,2024/05/14,18:02:12,5.0
下游闸内水位,2024/05/14,18:03:53,4.8
下游闸外水位,2024/05/14,18:03:53,4.9
下游闸内水位,2024/05/14,18:42:49,4.9
下游闸外水位,2024/05/14,18:42:49,4.9
上游闸内水位,2024/05/14,18:45:38,4.8
上游闸外水位,2024/05/14,18:45:38,4.5
上游闸内水位,2024/05/14,18:47:34,4.6
上游闸外水位,2024/05/14,18:47:34,4.5
内河侧水位,2024/05/14,19:00:00,4.4
长江侧水位,2024/05/14,19:00:00,4.9
上游闸内水位,2024/05/14,19:26:05,4.5
上游闸外水位,2024/05/14,19:26:05,4.4
下游闸内水位,2024/05/14,19:28:58,4.5
下游闸外水位,2024/05/14,19:28:58,4.9
下游闸内水位,2024/05/14,19:30:46,4.7
下游闸外水位,2024/05/14,19:30:46,4.9
内河侧水位,2024/05/14,20:00:01,4.4
长江侧水位,2024/05/14,20:00:01,4.9
下游闸内水位,2024/05/14,20:04:05,4.8
下游闸外水位,2024/05/14,20:04:05,4.9
上游闸内水位,2024/05/14,20:06:41,4.8
上游闸外水位,2024/05/14,20:06:41,4.4
上游闸内水位,2024/05/14,20:09:12,4.5
上游闸外水位,2024/05/14,20:09:12,4.4
上游闸内水位,2024/05/14,20:41:51,4.5
上游闸外水位,2024/05/14,20:41:51,4.4
下游闸内水位,2024/05/14,20:44:29,4.5
下游闸外水位,2024/05/14,20:44:29,4.9
下游闸内水位,2024/05/14,20:46:33,4.8
下游闸外水位,2024/05/14,20:46:33,4.9
内河侧水位,2024/05/14,21:00:00,4.4
长江侧水位,2024/05/14,21:00:00,5.0
下游闸内水位,2024/05/14,21:25:38,5.0
下游闸外水位,2024/05/14,21:25:38,5.0
上游闸内水位,2024/05/14,21:29:11,5.0
上游闸外水位,2024/05/14,21:29:11,4.4
上游闸内水位,2024/05/14,21:31:46,4.6
上游闸外水位,2024/05/14,21:31:46,4.4
内河侧水位,2024/05/14,22:00:00,4.4
长江侧水位,2024/05/14,22:00:00,5.1
上游闸内水位,2024/05/14,22:17:48,4.5
上游闸外水位,2024/05/14,22:17:48,4.5
下游闸内水位,2024/05/14,22:20:18,4.5
下游闸外水位,2024/05/14,22:20:18,5.2
下游闸内水位,2024/05/14,22:22:57,5.0
下游闸外水位,2024/05/14,22:22:57,5.1
下游闸内水位,2024/05/14,22:56:51,5.2
下游闸外水位,2024/05/14,22:56:51,5.3
内河侧水位,2024/05/14,23:00:00,4.5
长江侧水位,2024/05/14,23:00:00,5.2
上游闸内水位,2024/05/14,23:02:51,5.2
上游闸外水位,2024/05/14,23:02:51,4.5
上游闸内水位,2024/05/14,23:05:52,4.6
上游闸外水位,2024/05/14,23:05:52,4.5
上游闸内水位,2024/05/14,23:56:40,4.5
上游闸外水位,2024/05/14,23:56:40,4.5
下游闸内水位,2024/05/14,23:59:12,4.6
下游闸外水位,2024/05/14,23:59:12,5.3
内河侧水位,2024/05/15,0:00:00,4.5
长江侧水位,2024/05/15,0:00:00,5.2
下游闸内水位,2024/05/15,0:01:51,5.1
下游闸外水位,2024/05/15,0:01:51,5.3
下游闸内水位,2024/05/15,0:14:09,5.2
下游闸外水位,2024/05/15,0:14:09,5.2
上游闸内水位,2024/05/15,0:16:46,5.2
上游闸外水位,2024/05/15,0:16:46,4.5
上游闸内水位,2024/05/15,0:19:40,4.6
上游闸外水位,2024/05/15,0:19:40,4.5
上游闸内水位,2024/05/15,0:41:08,4.5
上游闸外水位,2024/05/15,0:41:08,4.5
下游闸内水位,2024/05/15,0:45:18,4.6
下游闸外水位,2024/05/15,0:45:18,5.2
下游闸内水位,2024/05/15,0:48:06,5.1
下游闸外水位,2024/05/15,0:48:06,5.2
内河侧水位,2024/05/15,1:00:00,4.5
长江侧水位,2024/05/15,1:00:00,5.2
下游闸内水位,2024/05/15,1:35:30,5.1
下游闸外水位,2024/05/15,1:35:30,5.1
上游闸内水位,2024/05/15,1:38:06,5.1
上游闸外水位,2024/05/15,1:38:06,4.5
上游闸内水位,2024/05/15,1:40:54,4.6
上游闸外水位,2024/05/15,1:40:54,4.5
内河侧水位,2024/05/15,2:00:00,4.5
长江侧水位,2024/05/15,2:00:00,5.1
上游闸内水位,2024/05/15,2:20:55,4.5
上游闸外水位,2024/05/15,2:20:55,4.5
下游闸内水位,2024/05/15,2:23:25,4.5
下游闸外水位,2024/05/15,2:23:25,5.1
下游闸内水位,2024/05/15,2:28:19,5.1
下游闸外水位,2024/05/15,2:28:19,5.1
内河侧水位,2024/05/15,3:00:00,4.4
长江侧水位,2024/05/15,3:00:00,5.0
下游闸内水位,2024/05/15,3:04:24,5.0
下游闸外水位,2024/05/15,3:04:24,5.0
上游闸内水位,2024/05/15,3:07:01,5.0
上游闸外水位,2024/05/15,3:07:01,4.4
上游闸内水位,2024/05/15,3:09:32,4.6
上游闸外水位,2024/05/15,3:09:32,4.4
上游闸内水位,2024/05/15,3:27:44,4.5
上游闸外水位,2024/05/15,3:27:44,4.4
下游闸内水位,2024/05/15,3:30:25,4.5
下游闸外水位,2024/05/15,3:30:25,5.0
下游闸内水位,2024/05/15,3:32:29,4.8
下游闸外水位,2024/05/15,3:32:29,5.0
上游闸内水位,2024/05/15,11:45:43,5.5
上游闸外水位,2024/05/15,11:45:43,4.6
上游闸内水位,2024/05/15,15:48:37,4.6
上游闸外水位,2024/05/15,15:48:37,4.6
下游闸内水位,2024/05/15,15:51:39,4.6
下游闸外水位,2024/05/15,15:51:39,0.5
下游闸内水位,2024/05/15,15:56:19,5.0
下游闸外水位,2024/05/15,15:56:19,0.5
内河侧水位,2024/05/15,16:00:00,4.5
长江侧水位,2024/05/15,16:00:00,0.5
下游闸内水位,2024/05/15,16:25:29,5.1
下游闸外水位,2024/05/15,16:25:29,5.0
下游闸内水位,2024/05/15,16:34:01,5.1
下游闸外水位,2024/05/15,16:34:01,1.5
下游闸内水位,2024/05/15,16:39:57,5.0
下游闸外水位,2024/05/15,16:39:57,2.6
下游闸内水位,2024/05/15,16:48:06,5.0
下游闸外水位,2024/05/15,16:48:06,5.1
下游闸内水位,2024/05/15,16:50:39,5.0
下游闸外水位,2024/05/15,16:50:39,5.1
上游闸内水位,2024/05/15,16:53:28,5.0
上游闸外水位,2024/05/15,16:53:28,4.5
上游闸内水位,2024/05/15,16:55:50,4.6
上游闸外水位,2024/05/15,16:55:50,4.5
内河侧水位,2024/05/15,17:00:00,4.5
长江侧水位,2024/05/15,17:00:00,5.0
上游闸内水位,2024/05/15,17:31:37,4.5
上游闸外水位,2024/05/15,17:31:37,4.5
下游闸内水位,2024/05/15,17:34:15,4.5
下游闸外水位,2024/05/15,17:34:15,0.5
下游闸内水位,2024/05/15,17:39:07,5.0
下游闸外水位,2024/05/15,17:39:07,5.1
下游闸内水位,2024/05/15,17:54:13,4.9
下游闸外水位,2024/05/15,17:54:13,3.0
上游闸内水位,2024/05/15,17:56:53,5.0
上游闸外水位,2024/05/15,17:56:53,4.4
上游闸内水位,2024/05/15,17:59:27,4.5
上游闸外水位,2024/05/15,17:59:27,4.4
内河侧水位,2024/05/15,18:00:00,4.4
长江侧水位,2024/05/15,18:00:00,0.5
上游闸内水位,2024/05/15,18:18:43,4.5
上游闸外水位,2024/05/15,18:18:43,4.4
下游闸内水位,2024/05/15,18:21:23,4.4
下游闸外水位,2024/05/15,18:21:23,4.9
下游闸内水位,2024/05/15,18:23:11,4.7
下游闸外水位,2024/05/15,18:23:11,4.9
下游闸内水位,2024/05/15,18:34:12,4.9
下游闸外水位,2024/05/15,18:34:12,4.9
上游闸内水位,2024/05/15,18:37:36,4.8
上游闸外水位,2024/05/15,18:37:36,4.4
上游闸内水位,2024/05/15,18:39:33,4.5
上游闸外水位,2024/05/15,18:39:33,4.4
上游闸内水位,2024/05/15,18:55:58,4.4
上游闸外水位,2024/05/15,18:55:58,4.4
下游闸内水位,2024/05/15,18:58:42,4.4
下游闸外水位,2024/05/15,18:58:42,4.8
内河侧水位,2024/05/15,19:00:00,4.4
长江侧水位,2024/05/15,19:00:00,4.8
下游闸内水位,2024/05/15,19:00:44,4.7
下游闸外水位,2024/05/15,19:00:44,4.8
下游闸内水位,2024/05/15,19:42:50,4.8
下游闸外水位,2024/05/15,19:42:50,4.8
上游闸内水位,2024/05/15,19:45:46,4.8
上游闸外水位,2024/05/15,19:45:46,4.4
上游闸内水位,2024/05/15,19:47:51,4.5
上游闸外水位,2024/05/15,19:47:51,4.3
内河侧水位,2024/05/15,20:00:00,4.3
长江侧水位,2024/05/15,20:00:00,4.8
上游闸内水位,2024/05/15,20:25:55,4.4
上游闸外水位,2024/05/15,20:25:55,4.3
下游闸内水位,2024/05/15,20:30:57,4.4
下游闸外水位,2024/05/15,20:30:57,4.8
下游闸内水位,2024/05/15,20:32:49,4.6
下游闸外水位,2024/05/15,20:32:49,4.8
内河侧水位,2024/05/15,21:00:00,4.3
长江侧水位,2024/05/15,21:00:00,4.8
下游闸内水位,2024/05/15,21:07:48,4.7
内河侧水位,2024/05/15,4:00:00,4.4
长江侧水位,2024/05/15,4:00:00,4.9
下游闸内水位,2024/05/15,4:04:47,4.9
下游闸外水位,2024/05/15,4:04:47,4.9
上游闸内水位,2024/05/15,4:07:25,4.9
上游闸外水位,2024/05/15,4:07:25,4.4
上游闸内水位,2024/05/15,4:09:50,4.6
上游闸外水位,2024/05/15,4:09:50,4.4
上游闸内水位,2024/05/15,4:52:28,4.5
上游闸外水位,2024/05/15,4:52:28,4.4
下游闸内水位,2024/05/15,4:55:04,4.4
下游闸外水位,2024/05/15,4:55:04,4.9
下游闸内水位,2024/05/15,4:57:06,4.7
下游闸外水位,2024/05/15,4:57:06,4.9
内河侧水位,2024/05/15,5:00:00,4.4
长江侧水位,2024/05/15,5:00:00,4.9
下游闸内水位,2024/05/15,5:32:50,4.8
下游闸外水位,2024/05/15,5:32:50,4.9
上游闸内水位,2024/05/15,5:35:35,4.9
上游闸外水位,2024/05/15,5:35:35,4.4
上游闸内水位,2024/05/15,5:37:49,4.5
上游闸外水位,2024/05/15,5:37:49,4.4
内河侧水位,2024/05/15,6:00:00,4.3
长江侧水位,2024/05/15,6:00:00,4.8
上游闸内水位,2024/05/15,6:13:50,4.4
上游闸外水位,2024/05/15,6:13:50,4.4
下游闸内水位,2024/05/15,6:17:12,4.4
下游闸外水位,2024/05/15,6:17:12,4.9
下游闸内水位,2024/05/15,6:19:53,4.8
下游闸外水位,2024/05/15,6:19:53,4.9
下游闸内水位,2024/05/15,6:48:21,4.8
下游闸外水位,2024/05/15,6:48:21,4.8
上游闸内水位,2024/05/15,6:52:04,4.8
上游闸外水位,2024/05/15,6:52:04,4.3
上游闸内水位,2024/05/15,6:54:13,4.5
上游闸外水位,2024/05/15,6:54:13,4.3
内河侧水位,2024/05/15,7:00:00,4.3
长江侧水位,2024/05/15,7:00:00,4.9
上游闸内水位,2024/05/15,7:19:20,4.4
上游闸外水位,2024/05/15,7:19:20,4.3
下游闸内水位,2024/05/15,7:22:11,4.4
下游闸外水位,2024/05/15,7:22:11,4.9
下游闸内水位,2024/05/15,7:24:27,4.8
下游闸外水位,2024/05/15,7:24:27,4.9
内河侧水位,2024/05/15,8:00:00,4.3
长江侧水位,2024/05/15,8:00:00,5.0
上游闸内水位,2024/05/15,8:46:54,4.9
上游闸外水位,2024/05/15,8:46:54,4.4
上游闸内水位,2024/05/15,8:49:22,4.5
上游闸外水位,2024/05/15,8:49:22,4.4
上游闸内水位,2024/05/15,8:58:46,4.5
上游闸外水位,2024/05/15,8:58:46,4.4
内河侧水位,2024/05/15,9:00:00,4.4
长江侧水位,2024/05/15,9:00:00,5.2
下游闸内水位,2024/05/15,9:06:45,4.5
下游闸外水位,2024/05/15,9:06:45,5.2
下游闸内水位,2024/05/15,9:12:57,5.1
下游闸外水位,2024/05/15,9:12:57,5.3
下游闸内水位,2024/05/15,9:22:16,5.3
下游闸外水位,2024/05/15,9:22:16,5.3
下游闸内水位,2024/05/15,9:37:03,5.3
下游闸外水位,2024/05/15,9:37:03,5.3
上游闸内水位,2024/05/15,9:40:00,5.4
上游闸外水位,2024/05/15,9:40:00,4.4
上游闸内水位,2024/05/15,9:43:17,4.6
上游闸外水位,2024/05/15,9:43:17,4.4
上游闸内水位,2024/05/15,9:59:14,4.5
上游闸外水位,2024/05/15,9:59:14,4.5
内河侧水位,2024/05/15,10:00:00,4.5
长江侧水位,2024/05/15,10:00:00,5.4
上游闸内水位,2024/05/15,10:02:22,4.6
上游闸外水位,2024/05/15,10:02:22,4.5
下游闸内水位,2024/05/15,10:02:48,4.6
下游闸外水位,2024/05/15,10:02:48,5.4
下游闸内水位,2024/05/15,10:18:02,5.4
下游闸外水位,2024/05/15,10:18:02,5.4
下游闸内水位,2024/05/15,10:20:25,5.4
下游闸外水位,2024/05/15,10:20:25,5.4
下游闸内水位,2024/05/15,10:39:51,5.5
下游闸外水位,2024/05/15,10:39:51,5.5
上游闸内水位,2024/05/15,10:42:33,5.5
上游闸外水位,2024/05/15,10:42:33,4.5
下游闸内水位,2024/05/15,10:43:49,5.4
下游闸外水位,2024/05/15,10:43:49,5.6
上游闸内水位,2024/05/15,10:46:45,5.5
上游闸外水位,2024/05/15,10:46:45,4.5
上游闸内水位,2024/05/15,10:50:58,5.1
上游闸外水位,2024/05/15,10:50:58,4.5
上游闸内水位,2024/05/15,10:52:55,4.9
上游闸外水位,2024/05/15,10:52:55,4.5
上游闸内水位,2024/05/15,10:54:06,4.8
上游闸外水位,2024/05/15,10:54:06,4.5
上游闸内水位,2024/05/15,10:54:40,4.7
上游闸外水位,2024/05/15,10:54:40,4.5
上游闸内水位,2024/05/15,10:55:36,4.7
上游闸外水位,2024/05/15,10:55:36,4.6
内河侧水位,2024/05/15,11:00:00,4.6
长江侧水位,2024/05/15,11:00:00,5.5
上游闸内水位,2024/05/15,11:12:23,4.6
上游闸外水位,2024/05/15,11:12:23,4.5
下游闸内水位,2024/05/15,11:15:07,4.6
下游闸外水位,2024/05/15,11:15:07,5.5
下游闸内水位,2024/05/15,11:21:02,5.4
下游闸外水位,2024/05/15,11:21:02,5.5
下游闸内水位,2024/05/15,11:34:32,5.5
下游闸外水位,2024/05/15,11:34:32,5.5
下游闸内水位,2024/05/15,11:42:55,5.5
下游闸外水位,2024/05/15,11:42:55,5.5
上游闸内水位,2024/05/15,11:46:36,5.4
上游闸外水位,2024/05/15,11:46:36,4.6
上游闸内水位,2024/05/15,11:48:49,5.1
上游闸外水位,2024/05/15,11:48:49,4.6
上游闸内水位,2024/05/15,11:51:31,4.8
上游闸外水位,2024/05/15,11:51:31,4.6
上游闸内水位,2024/05/15,11:52:36,4.7
上游闸外水位,2024/05/15,11:52:36,4.6
内河侧水位,2024/05/15,12:00:00,4.6
长江侧水位,2024/05/15,12:00:00,5.5
上游闸内水位,2024/05/15,12:12:56,4.7
上游闸外水位,2024/05/15,12:12:56,4.6
下游闸内水位,2024/05/15,12:15:31,4.6
下游闸外水位,2024/05/15,12:15:31,5.5
下游闸内水位,2024/05/15,12:21:33,5.4
下游闸外水位,2024/05/15,12:21:33,5.4
下游闸内水位,2024/05/15,12:46:31,5.4
下游闸外水位,2024/05/15,12:46:31,5.5
下游闸内水位,2024/05/15,12:52:49,5.4
下游闸外水位,2024/05/15,12:52:49,5.5
上游闸内水位,2024/05/15,12:55:28,5.4
上游闸外水位,2024/05/15,12:55:28,4.6
上游闸内水位,2024/05/15,12:58:40,4.7
上游闸外水位,2024/05/15,12:58:40,4.6
内河侧水位,2024/05/15,13:00:00,4.5
长江侧水位,2024/05/15,13:00:00,5.4
上游闸内水位,2024/05/15,13:15:31,4.7
上游闸外水位,2024/05/15,13:15:31,4.6
下游闸内水位,2024/05/15,13:18:15,4.6
下游闸外水位,2024/05/15,13:18:15,5.4
下游闸内水位,2024/05/15,13:23:11,5.3
下游闸外水位,2024/05/15,13:23:11,5.4
下游闸内水位,2024/05/15,13:30:17,5.4
下游闸外水位,2024/05/15,13:30:17,5.4
上游闸内水位,2024/05/15,13:32:53,5.3
上游闸外水位,2024/05/15,13:32:53,4.6
上游闸内水位,2024/05/15,13:35:54,4.7
上游闸外水位,2024/05/15,13:35:54,4.6
上游闸内水位,2024/05/15,13:41:23,4.7
上游闸外水位,2024/05/15,13:41:23,4.6
下游闸内水位,2024/05/15,13:43:54,4.7
下游闸外水位,2024/05/15,13:43:54,5.4
下游闸内水位,2024/05/15,13:48:37,5.2
下游闸外水位,2024/05/15,13:48:37,5.4
内河侧水位,2024/05/15,14:00:00,4.6
长江侧水位,2024/05/15,14:00:00,5.3
下游闸内水位,2024/05/15,14:06:09,5.3
下游闸外水位,2024/05/15,14:06:09,5.3
上游闸内水位,2024/05/15,14:09:30,5.3
上游闸外水位,2024/05/15,14:09:30,4.6
上游闸内水位,2024/05/15,14:12:28,4.7
上游闸外水位,2024/05/15,14:12:28,4.5
上游闸内水位,2024/05/15,14:26:38,4.7
上游闸外水位,2024/05/15,14:26:38,4.6
下游闸内水位,2024/05/15,14:50:03,4.6
下游闸外水位,2024/05/15,14:50:03,5.3
下游闸内水位,2024/05/15,14:57:50,5.2
下游闸外水位,2024/05/15,14:57:50,5.3
内河侧水位,2024/05/15,15:00:00,4.6
长江侧水位,2024/05/15,15:00:00,5.3
下游闸内水位,2024/05/15,15:13:12,5.2
下游闸外水位,2024/05/15,15:13:12,5.3
下游闸内水位,2024/05/15,15:23:44,5.2
下游闸外水位,2024/05/15,15:23:44,5.3
上游闸内水位,2024/05/15,15:26:26,5.2
上游闸外水位,2024/05/15,15:26:26,4.6
上游闸内水位,2024/05/15,15:29:04,4.7
上游闸外水位,2024/05/15,15:29:04,4.5
下游闸外水位,2024/05/15,21:07:48,4.8
上游闸内水位,2024/05/15,21:13:32,4.8
上游闸外水位,2024/05/15,21:13:32,4.3
上游闸内水位,2024/05/15,21:15:39,4.5
上游闸外水位,2024/05/15,21:15:39,4.3
上游闸内水位,2024/05/15,21:47:06,4.4
上游闸外水位,2024/05/15,21:47:06,4.4
下游闸内水位,2024/05/15,21:49:37,4.4
下游闸外水位,2024/05/15,21:49:37,4.9
下游闸内水位,2024/05/15,21:52:23,4.9
下游闸外水位,2024/05/15,21:52:23,4.9
内河侧水位,2024/05/15,22:00:00,4.3
长江侧水位,2024/05/15,22:00:00,5.0
下游闸内水位,2024/05/15,22:33:59,5.0
下游闸外水位,2024/05/15,22:33:59,5.0
上游闸内水位,2024/05/15,22:36:34,5.0
上游闸外水位,2024/05/15,22:36:34,4.4
上游闸内水位,2024/05/15,22:39:23,4.5
上游闸外水位,2024/05/15,22:39:23,4.3
内河侧水位,2024/05/15,23:00:00,4.4
长江侧水位,2024/05/15,23:00:00,5.1
上游闸内水位,2024/05/15,23:19:32,4.4
上游闸外水位,2024/05/15,23:19:32,4.4
下游闸内水位,2024/05/15,23:22:02,4.5
下游闸外水位,2024/05/15,23:22:02,5.2
下游闸内水位,2024/05/15,23:24:42,5.0
下游闸外水位,2024/05/15,23:24:42,5.1
下游闸内水位,2024/05/15,23:57:31,5.2
下游闸外水位,2024/05/15,23:57:31,5.2
内河侧水位,2024/05/16,0:00:00,4.4
长江侧水位,2024/05/16,0:00:00,5.2
上游闸内水位,2024/05/16,0:00:05,5.2
上游闸外水位,2024/05/16,0:00:05,4.4
上游闸内水位,2024/05/16,0:03:02,4.6
上游闸外水位,2024/05/16,0:03:02,4.4
上游闸内水位,2024/05/16,0:39:20,4.5
上游闸外水位,2024/05/16,0:39:20,4.4
下游闸内水位,2024/05/16,0:41:53,4.5
下游闸外水位,2024/05/16,0:41:53,5.2
下游闸内水位,2024/05/16,0:45:01,5.1
下游闸外水位,2024/05/16,0:45:01,5.2
内河侧水位,2024/05/16,1:00:00,4.4
长江侧水位,2024/05/16,1:00:00,5.2
下游闸内水位,2024/05/16,1:20:40,5.1
下游闸外水位,2024/05/16,1:20:40,5.2
上游闸内水位,2024/05/16,1:23:16,5.2
上游闸外水位,2024/05/16,1:23:16,4.4
上游闸内水位,2024/05/16,1:26:14,4.6
上游闸外水位,2024/05/16,1:26:14,4.4
上游闸内水位,2024/05/16,1:58:33,4.5
上游闸外水位,2024/05/16,1:58:33,4.4
内河侧水位,2024/05/16,2:00:00,4.4
长江侧水位,2024/05/16,2:00:00,5.2
下游闸内水位,2024/05/16,2:01:07,4.5
下游闸外水位,2024/05/16,2:01:07,5.2
下游闸内水位,2024/05/16,2:03:50,5.0
下游闸外水位,2024/05/16,2:03:50,5.2
下游闸内水位,2024/05/16,2:52:41,5.1
下游闸外水位,2024/05/16,2:52:41,5.2
上游闸内水位,2024/05/16,2:55:23,5.1
上游闸外水位,2024/05/16,2:55:23,4.4
上游闸内水位,2024/05/16,2:58:19,4.6
上游闸外水位,2024/05/16,2:58:19,4.4
内河侧水位,2024/05/16,3:00:00,4.4
长江侧水位,2024/05/16,3:00:00,5.1
上游闸内水位,2024/05/16,3:37:52,4.5
上游闸外水位,2024/05/16,3:37:52,4.4
下游闸内水位,2024/05/16,3:40:37,4.5
下游闸外水位,2024/05/16,3:40:37,5.1
下游闸内水位,2024/05/16,3:43:51,5.0
下游闸外水位,2024/05/16,3:43:51,5.1
下游闸内水位,2024/05/16,3:57:37,5.1
下游闸外水位,2024/05/16,3:57:37,5.1
内河侧水位,2024/05/16,4:00:00,4.4
长江侧水位,2024/05/16,4:00:00,5.1
上游闸内水位,2024/05/16,4:00:18,5.1
上游闸外水位,2024/05/16,4:00:18,4.4
上游闸内水位,2024/05/16,4:03:07,4.5
上游闸外水位,2024/05/16,4:03:07,4.4
内河侧水位,2024/05/16,13:00:00,4.5
长江侧水位,2024/05/16,13:00:00,5.2
内河侧水位,2024/05/16,16:00:00,4.4
长江侧水位,2024/05/16,16:00:00,5.0
内河侧水位,2024/05/16,17:00:00,4.4
长江侧水位,2024/05/16,17:00:00,5.0
上游闸内水位,2024/05/16,4:25:51,4.5
上游闸外水位,2024/05/16,4:25:51,4.4
下游闸内水位,2024/05/16,4:28:33,4.5
下游闸外水位,2024/05/16,4:28:33,5.1
下游闸内水位,2024/05/16,4:31:04,4.9
下游闸外水位,2024/05/16,4:31:04,5.1
下游闸内水位,2024/05/16,4:45:25,5.0
下游闸外水位,2024/05/16,4:45:25,5.0
上游闸内水位,2024/05/16,4:48:06,5.0
上游闸外水位,2024/05/16,4:48:06,4.4
上游闸内水位,2024/05/16,4:50:48,4.5
上游闸外水位,2024/05/16,4:50:48,4.4
内河侧水位,2024/05/16,5:00:00,4.4
长江侧水位,2024/05/16,5:00:00,5.0
上游闸内水位,2024/05/16,5:12:09,4.4
上游闸外水位,2024/05/16,5:12:09,4.4
下游闸内水位,2024/05/16,5:14:44,4.5
下游闸外水位,2024/05/16,5:14:44,5.0
下游闸内水位,2024/05/16,5:17:28,4.9
下游闸外水位,2024/05/16,5:17:28,5.0
下游闸内水位,2024/05/16,5:29:36,4.9
下游闸外水位,2024/05/16,5:29:36,4.9
上游闸内水位,2024/05/16,5:32:10,5.0
上游闸外水位,2024/05/16,5:32:10,4.4
上游闸内水位,2024/05/16,5:34:49,4.5
上游闸外水位,2024/05/16,5:34:49,4.4
上游闸内水位,2024/05/16,5:47:26,4.4
上游闸外水位,2024/05/16,5:47:26,4.4
下游闸内水位,2024/05/16,5:50:15,4.4
下游闸外水位,2024/05/16,5:50:15,5.0
下游闸内水位,2024/05/16,5:52:25,4.8
下游闸外水位,2024/05/16,5:52:25,5.0
下游闸内水位,2024/05/16,5:59:36,5.0
下游闸外水位,2024/05/16,5:59:36,5.0
内河侧水位,2024/05/16,6:00:00,4.4
长江侧水位,2024/05/16,6:00:00,5.0
上游闸内水位,2024/05/16,6:02:11,4.9
上游闸外水位,2024/05/16,6:02:11,4.4
上游闸内水位,2024/05/16,6:04:25,4.6
上游闸外水位,2024/05/16,6:04:25,4.4
上游闸内水位,2024/05/16,6:31:18,4.4
上游闸外水位,2024/05/16,6:31:18,4.4
下游闸内水位,2024/05/16,6:33:50,4.4
下游闸外水位,2024/05/16,6:33:50,5.0
下游闸内水位,2024/05/16,6:36:52,4.9
下游闸外水位,2024/05/16,6:36:52,4.9
下游闸内水位,2024/05/16,6:59:40,4.8
下游闸外水位,2024/05/16,6:59:40,4.9
内河侧水位,2024/05/16,7:00:00,4.3
长江侧水位,2024/05/16,7:00:00,4.9
上游闸内水位,2024/05/16,7:02:20,4.9
上游闸外水位,2024/05/16,7:02:20,4.3
上游闸内水位,2024/05/16,7:05:01,4.5
上游闸外水位,2024/05/16,7:05:01,4.3
上游闸内水位,2024/05/16,7:21:20,4.4
上游闸外水位,2024/05/16,7:21:20,4.3
下游闸内水位,2024/05/16,7:23:55,4.4
下游闸外水位,2024/05/16,7:23:55,4.9
下游闸内水位,2024/05/16,7:25:56,4.7
下游闸外水位,2024/05/16,7:25:56,4.9
下游闸内水位,2024/05/16,7:55:33,4.8
下游闸外水位,2024/05/16,7:55:33,4.9
上游闸内水位,2024/05/16,7:58:14,4.8
上游闸外水位,2024/05/16,7:58:14,4.3
内河侧水位,2024/05/16,8:00:00,4.3
长江侧水位,2024/05/16,8:00:00,4.8
上游闸内水位,2024/05/16,8:00:29,4.5
上游闸外水位,2024/05/16,8:00:29,4.3
上游闸内水位,2024/05/16,8:24:02,4.4
上游闸外水位,2024/05/16,8:24:02,4.3
下游闸内水位,2024/05/16,8:26:38,4.4
下游闸外水位,2024/05/16,8:26:38,4.9
下游闸内水位,2024/05/16,8:28:54,4.7
下游闸外水位,2024/05/16,8:28:54,4.9
下游闸内水位,2024/05/16,8:38:30,4.9
下游闸外水位,2024/05/16,8:38:30,4.9
下游闸内水位,2024/05/16,8:44:19,4.8
下游闸外水位,2024/05/16,8:44:19,4.9
下游闸内水位,2024/05/16,8:45:45,4.9
下游闸外水位,2024/05/16,8:45:45,4.9
内河侧水位,2024/05/16,9:00:00,4.3
长江侧水位,2024/05/16,9:00:00,4.9
下游闸内水位,2024/05/16,9:16:20,4.9
下游闸外水位,2024/05/16,9:16:20,4.9
上游闸内水位,2024/05/16,9:18:59,4.9
上游闸外水位,2024/05/16,9:18:59,4.3
上游闸内水位,2024/05/16,9:21:28,4.5
上游闸外水位,2024/05/16,9:21:28,4.3
上游闸内水位,2024/05/16,9:34:10,4.4
上游闸外水位,2024/05/16,9:34:10,4.3
下游闸内水位,2024/05/16,9:36:45,4.4
下游闸外水位,2024/05/16,9:36:45,4.9
下游闸内水位,2024/05/16,9:39:06,4.8
下游闸外水位,2024/05/16,9:39:06,4.9
内河侧水位,2024/05/16,10:00:00,4.3
长江侧水位,2024/05/16,10:00:00,5.0
内河侧水位,2024/05/16,11:00:00,4.4
长江侧水位,2024/05/16,11:00:00,5.1
下游闸内水位,2024/05/16,11:08:47,5.1
下游闸外水位,2024/05/16,11:08:47,5.1
上游闸内水位,2024/05/16,11:11:29,5.1
上游闸外水位,2024/05/16,11:11:29,4.4
上游闸内水位,2024/05/16,11:14:28,4.5
上游闸外水位,2024/05/16,11:14:28,4.4
上游闸内水位,2024/05/16,11:28:13,4.5
上游闸外水位,2024/05/16,11:28:13,4.4
下游闸内水位,2024/05/16,11:30:46,4.5
下游闸外水位,2024/05/16,11:30:46,5.2
下游闸内水位,2024/05/16,11:33:27,5.0
下游闸外水位,2024/05/16,11:33:27,5.2
内河侧水位,2024/05/16,12:00:00,4.4
长江侧水位,2024/05/16,12:00:00,5.2
下游闸内水位,2024/05/16,12:20:45,5.2
下游闸外水位,2024/05/16,12:20:45,5.2
上游闸内水位,2024/05/16,12:23:31,5.2
上游闸外水位,2024/05/16,12:23:31,4.4
上游闸内水位,2024/05/16,12:26:33,4.6
上游闸外水位,2024/05/16,12:26:33,4.4
上游闸内水位,2024/05/16,12:45:41,4.5
上游闸外水位,2024/05/16,12:45:41,4.5
下游闸内水位,2024/05/16,12:48:10,4.5
下游闸外水位,2024/05/16,12:48:10,5.2
下游闸内水位,2024/05/16,12:51:16,5.1
下游闸外水位,2024/05/16,12:51:16,5.3
下游闸内水位,2024/05/16,13:56:37,5.2
下游闸外水位,2024/05/16,13:56:37,5.2
上游闸内水位,2024/05/16,13:59:26,5.2
上游闸外水位,2024/05/16,13:59:26,4.5
内河侧水位,2024/05/16,14:00:00,4.5
长江侧水位,2024/05/16,14:00:00,5.2
上游闸内水位,2024/05/16,14:02:19,4.6
上游闸外水位,2024/05/16,14:02:19,4.5
上游闸内水位,2024/05/16,14:11:48,4.6
上游闸外水位,2024/05/16,14:11:48,4.5
下游闸内水位,2024/05/16,14:14:19,4.5
下游闸外水位,2024/05/16,14:14:19,5.2
下游闸内水位,2024/05/16,14:17:20,5.1
下游闸外水位,2024/05/16,14:17:20,5.2
下游闸内水位,2024/05/16,14:40:11,5.1
下游闸外水位,2024/05/16,14:40:11,5.2
下游闸内水位,2024/05/16,14:55:05,5.1
下游闸外水位,2024/05/16,14:55:05,5.1
上游闸内水位,2024/05/16,14:57:42,5.1
上游闸外水位,2024/05/16,14:57:42,4.4
内河侧水位,2024/05/16,15:00:00,4.5
长江侧水位,2024/05/16,15:00:00,5.1
上游闸内水位,2024/05/16,15:00:20,4.6
上游闸外水位,2024/05/16,15:00:20,4.5
上游闸内水位,2024/05/16,15:13:56,4.5
上游闸外水位,2024/05/16,15:13:56,4.5
下游闸内水位,2024/05/16,15:16:29,4.5
下游闸外水位,2024/05/16,15:16:29,5.1
下游闸内水位,2024/05/16,15:18:53,5.0
下游闸外水位,2024/05/16,15:18:53,5.1
下游闸内水位,2024/05/16,19:27:48,4.7
下游闸外水位,2024/05/16,19:27:48,4.7
上游闸内水位,2024/05/16,22:02:53,4.4
上游闸外水位,2024/05/16,22:02:53,4.2
下游闸内水位,2024/05/17,3:34:40,4.6
下游闸外水位,2024/05/17,3:34:40,4.8
上游闸内水位,2024/05/17,15:33:11,4.5
上游闸外水位,2024/05/17,15:33:11,4.4
下游闸内水位,2024/05/17,15:36:06,4.5
下游闸外水位,2024/05/17,15:36:06,5.1
下游闸内水位,2024/05/17,21:57:45,4.6
下游闸外水位,2024/05/17,21:57:45,4.6
内河侧水位,2024/05/17,22:00:00,4.2
长江侧水位,2024/05/17,22:00:00,4.6
上游闸内水位,2024/05/17,22:00:23,4.6
上游闸外水位,2024/05/17,22:00:23,4.2
上游闸内水位,2024/05/17,22:03:39,4.2
上游闸外水位,2024/05/17,22:03:39,4.2
下游闸内水位,2024/05/18,16:05:12,5.1
下游闸外水位,2024/05/18,16:05:12,5.3
内河侧水位,2024/05/16,18:00:00,4.4
长江侧水位,2024/05/16,18:00:00,4.9
下游闸内水位,2024/05/16,18:48:35,4.8
下游闸外水位,2024/05/16,18:48:35,4.8
上游闸内水位,2024/05/16,18:51:27,4.8
上游闸外水位,2024/05/16,18:51:27,4.3
上游闸内水位,2024/05/16,18:53:22,4.5
上游闸外水位,2024/05/16,18:53:22,4.3
上游闸内水位,2024/05/16,18:56:59,4.4
上游闸外水位,2024/05/16,18:56:59,4.3
下游闸内水位,2024/05/16,18:59:31,4.4
下游闸外水位,2024/05/16,18:59:31,4.8
内河侧水位,2024/05/16,19:00:00,4.3
长江侧水位,2024/05/16,19:00:00,4.7
下游闸内水位,2024/05/16,19:01:31,4.7
下游闸外水位,2024/05/16,19:01:31,4.8
上游闸内水位,2024/05/16,19:30:23,4.7
上游闸外水位,2024/05/16,19:30:23,4.3
上游闸内水位,2024/05/16,19:32:53,4.4
上游闸外水位,2024/05/16,19:32:53,4.3
上游闸内水位,2024/05/16,19:48:15,4.4
上游闸外水位,2024/05/16,19:48:15,4.3
下游闸内水位,2024/05/16,19:50:49,4.3
下游闸外水位,2024/05/16,19:50:49,4.7
下游闸内水位,2024/05/16,19:52:25,4.6
下游闸外水位,2024/05/16,19:52:25,4.7
内河侧水位,2024/05/16,20:00:00,4.3
长江侧水位,2024/05/16,20:00:00,4.7
下游闸内水位,2024/05/16,20:10:10,4.7
下游闸外水位,2024/05/16,20:10:10,4.7
上游闸内水位,2024/05/16,20:12:45,4.7
上游闸外水位,2024/05/16,20:12:45,4.3
上游闸内水位,2024/05/16,20:14:20,4.5
上游闸外水位,2024/05/16,20:14:20,4.3
内河侧水位,2024/05/16,21:00:00,4.3
长江侧水位,2024/05/16,21:00:00,4.7
上游闸内水位,2024/05/16,21:03:08,4.3
上游闸外水位,2024/05/16,21:03:08,4.2
下游闸内水位,2024/05/16,21:05:41,4.3
下游闸外水位,2024/05/16,21:05:41,4.6
下游闸内水位,2024/05/16,21:07:27,4.5
下游闸外水位,2024/05/16,21:07:27,4.6
下游闸内水位,2024/05/16,21:58:35,4.6
下游闸外水位,2024/05/16,21:58:35,4.6
内河侧水位,2024/05/16,22:00:00,4.2
长江侧水位,2024/05/16,22:00:00,4.6
上游闸内水位,2024/05/16,22:01:18,4.6
上游闸外水位,2024/05/16,22:01:18,4.2
上游闸内水位,2024/05/16,22:47:15,4.3
上游闸外水位,2024/05/16,22:47:15,4.2
下游闸内水位,2024/05/16,22:49:51,4.3
下游闸外水位,2024/05/16,22:49:51,4.6
下游闸内水位,2024/05/16,22:51:32,4.5
下游闸外水位,2024/05/16,22:51:32,4.6
内河侧水位,2024/05/16,23:00:00,4.2
长江侧水位,2024/05/16,23:00:00,4.6
下游闸内水位,2024/05/16,23:27:15,4.6
下游闸外水位,2024/05/16,23:27:15,4.6
上游闸内水位,2024/05/16,23:30:13,4.6
上游闸外水位,2024/05/16,23:30:13,4.2
上游闸内水位,2024/05/16,23:32:21,4.4
上游闸外水位,2024/05/16,23:32:21,4.2
上游闸内水位,2024/05/16,23:46:47,4.3
上游闸外水位,2024/05/16,23:46:47,4.3
下游闸内水位,2024/05/16,23:49:23,4.3
下游闸外水位,2024/05/16,23:49:23,4.7
下游闸内水位,2024/05/16,23:51:00,4.5
下游闸外水位,2024/05/16,23:51:00,4.7
内河侧水位,2024/05/17,0:00:00,4.2
长江侧水位,2024/05/17,0:00:00,4.7
下游闸内水位,2024/05/17,0:14:56,4.7
下游闸外水位,2024/05/17,0:14:56,4.7
上游闸内水位,2024/05/17,0:17:42,4.7
上游闸外水位,2024/05/17,0:17:42,4.2
上游闸内水位,2024/05/17,0:19:45,4.4
上游闸外水位,2024/05/17,0:19:45,4.2
内河侧水位,2024/05/17,1:00:00,4.2
长江侧水位,2024/05/17,1:00:00,4.8
上游闸内水位,2024/05/17,1:22:32,4.3
上游闸外水位,2024/05/17,1:22:32,4.2
下游闸内水位,2024/05/17,1:25:12,4.3
下游闸外水位,2024/05/17,1:25:12,4.8
下游闸内水位,2024/05/17,1:27:38,4.7
下游闸外水位,2024/05/17,1:27:38,4.8
内河侧水位,2024/05/17,2:00:00,4.3
长江侧水位,2024/05/17,2:00:00,4.8
下游闸内水位,2024/05/17,2:02:12,4.8
下游闸外水位,2024/05/17,2:02:12,4.8
上游闸内水位,2024/05/17,2:04:48,4.8
上游闸外水位,2024/05/17,2:04:48,4.3
上游闸内水位,2024/05/17,2:07:07,4.4
上游闸外水位,2024/05/17,2:07:07,4.2
上游闸内水位,2024/05/17,2:42:09,4.3
上游闸外水位,2024/05/17,2:42:09,4.3
下游闸内水位,2024/05/17,2:44:48,4.3
下游闸外水位,2024/05/17,2:44:48,4.8
下游闸内水位,2024/05/17,2:46:56,4.7
下游闸外水位,2024/05/17,2:46:56,4.8
下游闸内水位,2024/05/17,2:56:49,4.8
下游闸外水位,2024/05/17,2:56:49,4.8
上游闸内水位,2024/05/17,2:59:28,4.8
上游闸外水位,2024/05/17,2:59:28,4.3
内河侧水位,2024/05/17,3:00:00,4.3
长江侧水位,2024/05/17,3:00:00,4.8
上游闸内水位,2024/05/17,3:02:20,4.3
上游闸外水位,2024/05/17,3:02:20,4.3
上游闸内水位,2024/05/17,3:19:31,4.3
上游闸外水位,2024/05/17,3:19:31,4.3
下游闸内水位,2024/05/17,3:32:39,4.3
下游闸外水位,2024/05/17,3:32:39,4.8
内河侧水位,2024/05/17,4:00:00,4.3
长江侧水位,2024/05/17,4:00:00,4.8
下游闸内水位,2024/05/17,4:24:13,4.8
下游闸外水位,2024/05/17,4:24:13,4.8
上游闸内水位,2024/05/17,4:31:54,4.7
上游闸外水位,2024/05/17,4:31:54,4.3
上游闸内水位,2024/05/17,4:34:31,4.4
上游闸外水位,2024/05/17,4:34:31,4.2
内河侧水位,2024/05/17,5:00:00,4.3
长江侧水位,2024/05/17,5:00:00,4.8
上游闸内水位,2024/05/17,5:07:13,4.3
上游闸外水位,2024/05/17,5:07:13,4.2
下游闸内水位,2024/05/17,5:09:47,4.3
下游闸外水位,2024/05/17,5:09:47,4.8
下游闸内水位,2024/05/17,5:11:49,4.6
下游闸外水位,2024/05/17,5:11:49,4.8
下游闸内水位,2024/05/17,5:52:28,4.7
下游闸外水位,2024/05/17,5:52:28,4.7
上游闸内水位,2024/05/17,5:55:17,4.7
上游闸外水位,2024/05/17,5:55:17,4.3
上游闸内水位,2024/05/17,5:57:22,4.4
上游闸外水位,2024/05/17,5:57:22,4.3
内河侧水位,2024/05/17,6:00:00,4.2
长江侧水位,2024/05/17,6:00:00,4.7
上游闸内水位,2024/05/17,6:30:04,4.3
上游闸外水位,2024/05/17,6:30:04,4.2
下游闸内水位,2024/05/17,6:32:54,4.3
下游闸外水位,2024/05/17,6:32:54,4.7
下游闸内水位,2024/05/17,6:34:44,4.5
下游闸外水位,2024/05/17,6:34:44,4.7
下游闸内水位,2024/05/17,6:55:38,4.7
下游闸外水位,2024/05/17,6:55:38,4.7
上游闸内水位,2024/05/17,6:58:39,4.6
上游闸外水位,2024/05/17,6:58:39,4.2
内河侧水位,2024/05/17,7:00:00,4.2
长江侧水位,2024/05/17,7:00:00,4.6
上游闸内水位,2024/05/17,7:00:36,4.4
上游闸外水位,2024/05/17,7:00:36,4.2
上游闸内水位,2024/05/17,7:14:37,4.3
上游闸外水位,2024/05/17,7:14:37,4.2
下游闸内水位,2024/05/17,7:17:19,4.3
下游闸外水位,2024/05/17,7:17:19,4.7
下游闸内水位,2024/05/17,7:19:00,4.5
下游闸外水位,2024/05/17,7:19:00,4.7
下游闸内水位,2024/05/17,7:41:07,4.6
下游闸外水位,2024/05/17,7:41:07,4.6
上游闸内水位,2024/05/17,7:44:18,4.6
上游闸外水位,2024/05/17,7:44:18,4.2
上游闸内水位,2024/05/17,7:46:13,4.4
上游闸外水位,2024/05/17,7:46:13,4.2
上游闸内水位,2024/05/17,7:56:16,4.3
上游闸外水位,2024/05/17,7:56:16,4.2
下游闸内水位,2024/05/17,7:59:05,4.2
下游闸外水位,2024/05/17,7:59:05,4.6
内河侧水位,2024/05/17,8:00:00,4.2
长江侧水位,2024/05/17,8:00:00,4.6
下游闸内水位,2024/05/17,8:00:38,4.4
下游闸外水位,2024/05/17,8:00:38,4.6
内河侧水位,2024/05/17,9:00:00,4.2
长江侧水位,2024/05/17,9:00:00,4.6
内河侧水位,2024/05/17,10:00:00,4.2
长江侧水位,2024/05/17,10:00:00,4.6
下游闸内水位,2024/05/17,10:12:41,4.6
下游闸外水位,2024/05/17,10:12:41,4.6
上游闸内水位,2024/05/17,10:15:37,4.6
上游闸外水位,2024/05/17,10:15:37,4.2
上游闸内水位,2024/05/17,10:17:53,4.3
上游闸外水位,2024/05/17,10:17:53,4.2
上游闸内水位,2024/05/17,10:37:26,4.2
上游闸外水位,2024/05/17,10:37:26,4.2
下游闸内水位,2024/05/17,10:39:56,4.3
下游闸外水位,2024/05/17,10:39:56,4.7
下游闸内水位,2024/05/17,10:41:34,4.5
下游闸外水位,2024/05/17,10:41:34,4.6
内河侧水位,2024/05/17,11:00:00,4.2
长江侧水位,2024/05/17,11:00:00,4.7
下游闸内水位,2024/05/17,11:05:54,4.7
下游闸外水位,2024/05/17,11:05:54,4.7
上游闸内水位,2024/05/17,11:08:39,4.7
上游闸外水位,2024/05/17,11:08:39,4.2
上游闸内水位,2024/05/17,11:10:44,4.4
上游闸外水位,2024/05/17,11:10:44,4.2
上游闸内水位,2024/05/17,11:46:51,4.3
上游闸外水位,2024/05/17,11:46:51,4.2
下游闸内水位,2024/05/17,11:51:34,4.3
下游闸外水位,2024/05/17,11:51:34,4.8
下游闸内水位,2024/05/17,11:53:54,4.7
下游闸外水位,2024/05/17,11:53:54,4.9
内河侧水位,2024/05/17,12:00:00,4.2
长江侧水位,2024/05/17,12:00:00,4.9
下游闸内水位,2024/05/17,12:15:10,4.9
下游闸外水位,2024/05/17,12:15:10,4.9
上游闸内水位,2024/05/17,12:19:37,4.9
上游闸外水位,2024/05/17,12:19:37,4.3
上游闸内水位,2024/05/17,12:22:13,4.4
上游闸外水位,2024/05/17,12:22:13,4.2
上游闸内水位,2024/05/17,12:46:55,4.4
上游闸外水位,2024/05/17,12:46:55,4.3
下游闸内水位,2024/05/17,12:49:27,4.3
下游闸外水位,2024/05/17,12:49:27,5.0
下游闸内水位,2024/05/17,12:52:06,4.9
下游闸外水位,2024/05/17,12:52:06,5.0
内河侧水位,2024/05/17,13:00:00,4.3
长江侧水位,2024/05/17,13:00:00,5.0
下游闸内水位,2024/05/17,13:22:53,5.0
下游闸外水位,2024/05/17,13:22:53,5.1
上游闸内水位,2024/05/17,13:26:13,5.0
上游闸外水位,2024/05/17,13:26:13,4.3
上游闸内水位,2024/05/17,13:29:14,4.4
上游闸外水位,2024/05/17,13:29:14,4.3
内河侧水位,2024/05/17,14:00:00,4.3
长江侧水位,2024/05/17,14:00:00,5.1
上游闸内水位,2024/05/17,14:16:11,4.4
上游闸外水位,2024/05/17,14:16:11,4.3
下游闸内水位,2024/05/17,14:18:44,4.4
下游闸外水位,2024/05/17,14:18:44,5.1
下游闸内水位,2024/05/17,14:21:22,4.9
下游闸外水位,2024/05/17,14:21:22,5.1
内河侧水位,2024/05/17,15:00:00,4.4
长江侧水位,2024/05/17,15:00:00,5.1
下游闸内水位,2024/05/17,15:10:15,5.0
下游闸外水位,2024/05/17,15:10:15,5.1
上游闸内水位,2024/05/17,15:12:51,5.1
上游闸外水位,2024/05/17,15:12:51,4.4
上游闸内水位,2024/05/17,15:15:42,4.5
上游闸外水位,2024/05/17,15:15:42,4.4
上游闸内水位,2024/05/17,15:41:49,5.1
上游闸外水位,2024/05/17,15:41:49,4.4
上游闸内水位,2024/05/17,15:44:29,4.5
上游闸外水位,2024/05/17,15:44:29,4.4
内河侧水位,2024/05/17,16:00:00,4.4
长江侧水位,2024/05/17,16:00:00,5.1
上游闸内水位,2024/05/17,16:04:23,4.5
上游闸外水位,2024/05/17,16:04:23,4.4
下游闸内水位,2024/05/17,16:06:55,4.4
下游闸外水位,2024/05/17,16:06:55,5.0
下游闸内水位,2024/05/17,16:13:44,5.0
下游闸外水位,2024/05/17,16:13:44,5.0
下游闸内水位,2024/05/17,16:49:30,4.9
下游闸外水位,2024/05/17,16:49:30,5.0
上游闸内水位,2024/05/17,16:52:03,5.0
上游闸外水位,2024/05/17,16:52:03,4.4
上游闸内水位,2024/05/17,16:54:34,4.5
上游闸外水位,2024/05/17,16:54:34,4.4
内河侧水位,2024/05/17,17:00:00,4.3
长江侧水位,2024/05/17,17:00:00,5.0
上游闸内水位,2024/05/17,17:17:29,4.4
上游闸外水位,2024/05/17,17:17:29,4.4
下游闸内水位,2024/05/17,17:20:05,4.4
下游闸外水位,2024/05/17,17:20:05,4.9
下游闸内水位,2024/05/17,17:22:02,4.8
下游闸外水位,2024/05/17,17:22:02,4.9
下游闸内水位,2024/05/17,17:48:01,4.9
下游闸外水位,2024/05/17,17:48:01,4.9
上游闸内水位,2024/05/17,17:50:39,4.9
上游闸外水位,2024/05/17,17:50:39,4.4
上游闸内水位,2024/05/17,17:53:02,4.5
上游闸外水位,2024/05/17,17:53:02,4.3
内河侧水位,2024/05/17,18:00:00,4.3
长江侧水位,2024/05/17,18:00:00,4.9
上游闸内水位,2024/05/17,18:30:55,4.4
上游闸外水位,2024/05/17,18:30:55,4.4
下游闸内水位,2024/05/17,18:33:44,4.4
下游闸外水位,2024/05/17,18:33:44,4.9
下游闸内水位,2024/05/17,18:35:42,4.7
下游闸外水位,2024/05/17,18:35:42,4.9
内河侧水位,2024/05/17,19:00:00,4.3
长江侧水位,2024/05/17,19:00:00,4.8
下游闸内水位,2024/05/17,19:09:37,4.8
下游闸外水位,2024/05/17,19:09:37,4.8
上游闸内水位,2024/05/17,19:12:36,4.8
上游闸外水位,2024/05/17,19:12:36,4.3
上游闸内水位,2024/05/17,19:15:36,4.4
上游闸外水位,2024/05/17,19:15:36,4.3
上游闸内水位,2024/05/17,19:50:40,4.4
上游闸外水位,2024/05/17,19:50:40,4.3
下游闸内水位,2024/05/17,19:53:20,4.3
下游闸外水位,2024/05/17,19:53:20,4.7
下游闸内水位,2024/05/17,19:55:41,4.7
下游闸外水位,2024/05/17,19:55:41,4.7
内河侧水位,2024/05/17,20:00:00,4.3
长江侧水位,2024/05/17,20:00:00,4.7
下游闸内水位,2024/05/17,20:31:33,4.7
下游闸外水位,2024/05/17,20:31:33,4.7
上游闸内水位,2024/05/17,20:36:10,4.7
上游闸外水位,2024/05/17,20:36:10,4.3
上游闸内水位,2024/05/17,20:38:10,4.4
上游闸外水位,2024/05/17,20:38:10,4.3
内河侧水位,2024/05/17,21:00:00,4.2
长江侧水位,2024/05/17,21:00:00,4.6
上游闸内水位,2024/05/17,21:14:08,4.3
上游闸外水位,2024/05/17,21:14:08,4.3
下游闸内水位,2024/05/17,21:17:24,4.3
下游闸外水位,2024/05/17,21:17:24,4.6
上游闸内水位,2024/05/17,22:43:23,4.3
上游闸外水位,2024/05/17,22:43:23,4.2
下游闸内水位,2024/05/17,22:47:13,4.2
下游闸外水位,2024/05/17,22:47:13,4.6
下游闸内水位,2024/05/17,22:48:40,4.4
下游闸外水位,2024/05/17,22:48:40,4.5
内河侧水位,2024/05/17,23:00:00,4.2
长江侧水位,2024/05/17,23:00:00,4.6
下游闸内水位,2024/05/17,23:30:08,4.6
下游闸外水位,2024/05/17,23:30:08,4.6
上游闸内水位,2024/05/17,23:32:56,4.5
上游闸外水位,2024/05/17,23:32:56,4.2
上游闸内水位,2024/05/17,23:34:44,4.3
上游闸外水位,2024/05/17,23:34:44,4.2
内河侧水位,2024/05/18,0:00:00,4.2
长江侧水位,2024/05/18,0:00:00,4.5
上游闸内水位,2024/05/18,0:07:51,4.2
上游闸外水位,2024/05/18,0:07:51,4.2
下游闸内水位,2024/05/18,0:10:45,4.2
下游闸外水位,2024/05/18,0:10:45,4.6
下游闸内水位,2024/05/18,0:12:27,4.5
下游闸外水位,2024/05/18,0:12:27,4.6
下游闸内水位,2024/05/18,0:21:58,4.5
下游闸外水位,2024/05/18,0:21:58,4.6
上游闸内水位,2024/05/18,0:24:53,4.6
上游闸外水位,2024/05/18,0:24:53,4.2
上游闸内水位,2024/05/18,0:27:19,4.3
上游闸外水位,2024/05/18,0:27:19,4.2
上游闸内水位,2024/05/18,0:40:40,4.2
上游闸外水位,2024/05/18,0:40:40,4.2
下游闸内水位,2024/05/18,0:43:37,4.3
下游闸外水位,2024/05/18,0:43:37,4.7
下游闸内水位,2024/05/18,0:45:37,4.5
下游闸外水位,2024/05/18,0:45:37,4.7
下游闸内水位,2024/05/18,0:54:17,4.6
下游闸外水位,2024/05/18,0:54:17,4.7
上游闸内水位,2024/05/18,0:57:01,4.8
上游闸外水位,2024/05/18,0:57:01,4.2
上游闸内水位,2024/05/18,0:59:40,4.3
上游闸外水位,2024/05/18,0:59:40,4.2
内河侧水位,2024/05/18,1:00:00,4.2
长江侧水位,2024/05/18,1:00:00,4.8
上游闸内水位,2024/05/18,1:14:28,4.3
上游闸外水位,2024/05/18,1:14:28,4.2
下游闸内水位,2024/05/18,1:16:59,4.3
下游闸外水位,2024/05/18,1:16:59,4.8
下游闸内水位,2024/05/18,1:19:25,4.7
下游闸外水位,2024/05/18,1:19:25,4.8
内河侧水位,2024/05/18,2:00:00,4.2
长江侧水位,2024/05/18,2:00:00,4.9
下游闸内水位,2024/05/18,2:00:04,4.9
下游闸外水位,2024/05/18,2:00:04,4.9
上游闸内水位,2024/05/18,2:02:56,4.9
上游闸外水位,2024/05/18,2:02:56,4.2
上游闸内水位,2024/05/18,2:05:54,4.3
上游闸外水位,2024/05/18,2:05:54,4.2
上游闸内水位,2024/05/18,2:49:43,4.4
上游闸外水位,2024/05/18,2:49:43,4.3
下游闸内水位,2024/05/18,2:52:44,4.3
下游闸外水位,2024/05/18,2:52:44,5.0
下游闸内水位,2024/05/18,2:55:35,4.9
下游闸外水位,2024/05/18,2:55:35,5.0
内河侧水位,2024/05/18,3:00:00,4.3
长江侧水位,2024/05/18,3:00:00,5.0
下游闸内水位,2024/05/18,3:45:59,5.0
下游闸外水位,2024/05/18,3:45:59,5.1
上游闸内水位,2024/05/18,3:48:48,5.0
上游闸外水位,2024/05/18,3:48:48,4.3
上游闸内水位,2024/05/18,3:51:45,4.4
上游闸外水位,2024/05/18,3:51:45,4.3
内河侧水位,2024/05/18,4:00:00,4.3
长江侧水位,2024/05/18,4:00:00,5.0
上游闸内水位,2024/05/18,4:31:00,4.4
上游闸外水位,2024/05/18,4:31:00,4.3
下游闸内水位,2024/05/18,4:34:11,4.4
下游闸外水位,2024/05/18,4:34:11,5.1
下游闸内水位,2024/05/18,4:36:50,4.9
下游闸外水位,2024/05/18,4:36:50,5.1
内河侧水位,2024/05/18,5:00:00,4.3
长江侧水位,2024/05/18,5:00:00,5.0
下游闸内水位,2024/05/18,5:18:28,4.9
下游闸外水位,2024/05/18,5:18:28,5.0
上游闸内水位,2024/05/18,5:21:04,5.0
上游闸外水位,2024/05/18,5:21:04,4.3
上游闸内水位,2024/05/18,5:23:52,4.5
上游闸外水位,2024/05/18,5:23:52,4.3
内河侧水位,2024/05/18,6:00:00,4.4
长江侧水位,2024/05/18,6:00:00,5.0
上游闸内水位,2024/05/18,6:00:24,4.4
上游闸外水位,2024/05/18,6:00:24,4.4
下游闸内水位,2024/05/18,6:03:04,4.4
下游闸外水位,2024/05/18,6:03:04,5.0
下游闸内水位,2024/05/18,6:05:29,4.8
下游闸外水位,2024/05/18,6:05:29,4.9
下游闸内水位,2024/05/18,6:35:55,4.9
下游闸外水位,2024/05/18,6:35:55,4.9
上游闸内水位,2024/05/18,6:38:38,4.9
上游闸外水位,2024/05/18,6:38:38,4.3
上游闸内水位,2024/05/18,6:41:10,4.4
上游闸外水位,2024/05/18,6:41:10,4.3
内河侧水位,2024/05/18,7:00:00,4.4
长江侧水位,2024/05/18,7:00:00,4.9
上游闸内水位,2024/05/18,7:10:59,4.4
上游闸外水位,2024/05/18,7:10:59,4.3
下游闸内水位,2024/05/18,7:13:34,4.4
下游闸外水位,2024/05/18,7:13:34,4.9
下游闸内水位,2024/05/18,7:15:43,4.7
下游闸外水位,2024/05/18,7:15:43,4.9
下游闸内水位,2024/05/18,7:45:18,4.8
下游闸外水位,2024/05/18,7:45:18,4.9
上游闸内水位,2024/05/18,7:47:59,4.8
上游闸外水位,2024/05/18,7:47:59,4.3
上游闸内水位,2024/05/18,7:50:22,4.4
上游闸外水位,2024/05/18,7:50:22,4.3
内河侧水位,2024/05/18,8:00:00,4.3
长江侧水位,2024/05/18,8:00:00,4.8
上游闸内水位,2024/05/18,8:08:59,4.3
上游闸外水位,2024/05/18,8:08:59,4.3
下游闸内水位,2024/05/18,8:11:38,4.3
下游闸外水位,2024/05/18,8:11:38,4.8
下游闸内水位,2024/05/18,8:13:37,4.6
下游闸外水位,2024/05/18,8:13:37,4.8
下游闸内水位,2024/05/18,8:39:50,4.8
下游闸外水位,2024/05/18,8:39:50,4.8
上游闸内水位,2024/05/18,8:42:35,4.8
上游闸外水位,2024/05/18,8:42:35,4.3
上游闸内水位,2024/05/18,8:44:31,4.5
上游闸外水位,2024/05/18,8:44:31,4.3
内河侧水位,2024/05/18,9:00:00,4.3
长江侧水位,2024/05/18,9:00:00,4.8
上游闸内水位,2024/05/18,9:04:53,4.3
上游闸外水位,2024/05/18,9:04:53,4.3
下游闸内水位,2024/05/18,9:07:33,4.3
下游闸外水位,2024/05/18,9:07:33,4.8
下游闸内水位,2024/05/18,9:09:28,4.6
下游闸外水位,2024/05/18,9:09:28,4.7
下游闸内水位,2024/05/18,9:35:09,4.7
下游闸外水位,2024/05/18,9:35:09,4.7
上游闸内水位,2024/05/18,9:38:33,4.6
上游闸外水位,2024/05/18,9:38:33,4.3
上游闸内水位,2024/05/18,9:40:08,4.5
上游闸外水位,2024/05/18,9:40:08,4.3
内河侧水位,2024/05/18,10:00:00,4.3
长江侧水位,2024/05/18,10:00:00,4.7
上游闸内水位,2024/05/18,10:20:20,4.3
上游闸外水位,2024/05/18,10:20:20,4.2
下游闸内水位,2024/05/18,10:22:51,4.2
下游闸外水位,2024/05/18,10:22:51,4.7
下游闸内水位,2024/05/18,10:24:58,4.6
下游闸外水位,2024/05/18,10:24:58,4.7
下游闸内水位,2024/05/18,10:55:29,4.7
下游闸外水位,2024/05/18,10:55:29,4.8
上游闸内水位,2024/05/18,10:58:31,4.7
上游闸外水位,2024/05/18,10:58:31,4.2
内河侧水位,2024/05/18,11:00:00,4.2
长江侧水位,2024/05/18,11:00:00,4.7
上游闸内水位,2024/05/18,11:00:32,4.4
上游闸外水位,2024/05/18,11:00:32,4.2
上游闸内水位,2024/05/18,11:38:23,4.3
上游闸外水位,2024/05/18,11:38:23,4.3
下游闸内水位,2024/05/18,11:41:11,4.3
下游闸外水位,2024/05/18,11:41:11,4.7
下游闸内水位,2024/05/18,11:44:21,4.7
下游闸外水位,2024/05/18,11:44:21,4.8
内河侧水位,2024/05/18,12:00:00,4.2
长江侧水位,2024/05/18,12:00:00,4.8
下游闸内水位,2024/05/18,12:17:22,4.7
下游闸外水位,2024/05/18,12:17:22,4.8
上游闸内水位,2024/05/18,12:19:59,4.7
上游闸外水位,2024/05/18,12:19:59,4.3
上游闸内水位,2024/05/18,12:21:51,4.5
上游闸外水位,2024/05/18,12:21:51,4.3
上游闸内水位,2024/05/18,12:47:40,4.3
上游闸外水位,2024/05/18,12:47:40,4.3
下游闸内水位,2024/05/18,12:50:41,4.3
下游闸外水位,2024/05/18,12:50:41,4.9
下游闸内水位,2024/05/18,12:53:09,4.8
下游闸外水位,2024/05/18,12:53:09,4.9
内河侧水位,2024/05/18,13:00:00,4.2
长江侧水位,2024/05/18,13:00:00,4.9
下游闸内水位,2024/05/18,13:27:59,5.0
下游闸外水位,2024/05/18,13:27:59,5.0
上游闸内水位,2024/05/18,13:30:44,5.0
上游闸外水位,2024/05/18,13:30:44,4.3
上游闸内水位,2024/05/18,13:33:43,4.4
上游闸外水位,2024/05/18,13:33:43,4.3
上游闸内水位,2024/05/18,13:58:10,4.4
上游闸外水位,2024/05/18,13:58:10,4.3
内河侧水位,2024/05/18,14:00:00,4.3
长江侧水位,2024/05/18,14:00:00,5.1
下游闸内水位,2024/05/18,14:00:40,4.4
下游闸外水位,2024/05/18,14:00:40,5.1
下游闸内水位,2024/05/18,14:03:34,5.0
下游闸外水位,2024/05/18,14:03:34,5.1
下游闸内水位,2024/05/18,14:16:38,5.1
下游闸外水位,2024/05/18,14:16:38,5.1
上游闸内水位,2024/05/18,14:19:23,5.1
上游闸外水位,2024/05/18,14:19:23,4.3
上游闸内水位,2024/05/18,14:22:37,4.5
上游闸外水位,2024/05/18,14:22:37,4.3
上游闸内水位,2024/05/18,14:47:55,4.4
上游闸外水位,2024/05/18,14:47:55,4.4
下游闸内水位,2024/05/18,14:50:42,4.4
下游闸外水位,2024/05/18,14:50:42,5.3
下游闸内水位,2024/05/18,14:53:44,5.1
下游闸外水位,2024/05/18,14:53:44,5.3
内河侧水位,2024/05/18,15:00:00,4.4
长江侧水位,2024/05/18,15:00:00,5.2
下游闸内水位,2024/05/18,15:24:49,5.2
下游闸外水位,2024/05/18,15:24:49,5.3
上游闸内水位,2024/05/18,15:28:37,5.3
上游闸外水位,2024/05/18,15:28:37,4.4
上游闸内水位,2024/05/18,15:31:52,4.5
上游闸外水位,2024/05/18,15:31:52,4.4
上游闸内水位,2024/05/18,15:59:57,4.5
上游闸外水位,2024/05/18,15:59:57,4.4
内河侧水位,2024/05/18,16:00:00,4.4
长江侧水位,2024/05/18,16:00:00,5.3
下游闸内水位,2024/05/18,16:02:27,4.5
下游闸外水位,2024/05/18,16:02:27,5.3
下游闸内水位,2024/05/18,16:41:28,5.2
下游闸外水位,2024/05/18,16:41:28,5.2
上游闸内水位,2024/05/18,16:44:07,5.2
上游闸外水位,2024/05/18,16:44:07,4.5
上游闸内水位,2024/05/18,16:47:06,4.6
上游闸外水位,2024/05/18,16:47:06,4.4
内河侧水位,2024/05/18,17:00:00,4.4
长江侧水位,2024/05/18,17:00:00,5.2
上游闸内水位,2024/05/18,17:21:23,4.5
上游闸外水位,2024/05/18,17:21:23,4.5
下游闸内水位,2024/05/18,17:23:52,4.5
下游闸外水位,2024/05/18,17:23:52,5.2
下游闸内水位,2024/05/18,17:26:25,5.0
下游闸外水位,2024/05/18,17:26:25,5.2
内河侧水位,2024/05/18,18:00:00,4.5
长江侧水位,2024/05/18,18:00:00,5.1
下游闸内水位,2024/05/18,18:00:12,5.1
下游闸外水位,2024/05/18,18:00:12,5.1
上游闸内水位,2024/05/18,18:02:48,5.1
上游闸外水位,2024/05/18,18:02:48,4.4
上游闸内水位,2024/05/18,18:05:22,4.6
上游闸外水位,2024/05/18,18:05:22,4.4
上游闸内水位,2024/05/18,18:39:33,4.5
上游闸外水位,2024/05/18,18:39:33,4.4
下游闸内水位,2024/05/18,18:42:08,4.5
下游闸外水位,2024/05/18,18:42:08,5.0
下游闸内水位,2024/05/18,18:44:23,4.9
下游闸外水位,2024/05/18,18:44:23,5.0
内河侧水位,2024/05/18,19:00:00,4.4
长江侧水位,2024/05/18,19:00:00,5.0
下游闸内水位,2024/05/18,19:16:10,5.0
下游闸外水位,2024/05/18,19:16:10,5.0
上游闸内水位,2024/05/18,19:18:44,5.0
上游闸外水位,2024/05/18,19:18:44,4.4
上游闸内水位,2024/05/18,19:21:15,4.5
上游闸外水位,2024/05/18,19:21:15,4.4
上游闸内水位,2024/05/18,19:53:30,4.4
上游闸外水位,2024/05/18,19:53:30,4.4
下游闸内水位,2024/05/18,19:56:02,4.5
下游闸外水位,2024/05/18,19:56:02,4.9
下游闸内水位,2024/05/18,19:58:04,4.8
下游闸外水位,2024/05/18,19:58:04,4.9
内河侧水位,2024/05/18,20:00:00,4.4
长江侧水位,2024/05/18,20:00:00,5.0
下游闸内水位,2024/05/18,20:33:41,4.9
下游闸外水位,2024/05/18,20:33:41,4.9
上游闸内水位,2024/05/18,20:36:17,4.9
上游闸外水位,2024/05/18,20:36:17,4.4
上游闸内水位,2024/05/18,20:38:29,4.5
上游闸外水位,2024/05/18,20:38:29,4.4
内河侧水位,2024/05/18,21:00:00,4.3
长江侧水位,2024/05/18,21:00:00,4.8
上游闸内水位,2024/05/18,21:13:49,4.4
上游闸外水位,2024/05/18,21:13:49,4.3
下游闸内水位,2024/05/18,21:16:23,4.4
下游闸外水位,2024/05/18,21:16:23,4.8
下游闸内水位,2024/05/18,21:18:05,4.6
下游闸外水位,2024/05/18,21:18:05,4.8
内河侧水位,2024/05/18,22:00:00,4.3
长江侧水位,2024/05/18,22:00:00,4.7
下游闸内水位,2024/05/18,22:00:15,4.7
下游闸外水位,2024/05/18,22:00:15,4.7
上游闸内水位,2024/05/18,22:18:47,4.6
上游闸外水位,2024/05/18,22:18:47,4.3
上游闸内水位,2024/05/18,22:19:42,4.6
上游闸外水位,2024/05/18,22:19:42,4.3
上游闸内水位,2024/05/18,22:20:39,4.5
上游闸外水位,2024/05/18,22:20:39,4.3
上游闸内水位,2024/05/18,22:21:32,4.4
上游闸外水位,2024/05/18,22:21:32,4.3
内河侧水位,2024/05/18,23:00:00,4.3
长江侧水位,2024/05/18,23:00:00,4.6
上游闸内水位,2024/05/18,23:03:38,4.3
上游闸外水位,2024/05/18,23:03:38,4.3
下游闸内水位,2024/05/18,23:06:14,4.3
下游闸外水位,2024/05/18,23:06:14,4.7
下游闸内水位,2024/05/18,23:07:49,4.5
下游闸外水位,2024/05/18,23:07:49,4.7
下游闸内水位,2024/05/18,23:17:19,4.6
下游闸外水位,2024/05/18,23:17:19,4.6
上游闸内水位,2024/05/18,23:19:54,4.6
上游闸外水位,2024/05/18,23:19:54,4.2
上游闸内水位,2024/05/18,23:22:03,4.4
上游闸外水位,2024/05/18,23:22:03,4.2
上游闸内水位,2024/05/18,23:38:49,4.3
上游闸外水位,2024/05/18,23:38:49,4.2
下游闸内水位,2024/05/18,23:41:21,4.3
下游闸外水位,2024/05/18,23:41:21,4.6
下游闸内水位,2024/05/18,23:53:08,4.6
下游闸外水位,2024/05/18,23:53:08,4.6
上游闸内水位,2024/05/18,23:55:44,4.6
上游闸外水位,2024/05/18,23:55:44,4.2
上游闸内水位,2024/05/18,23:57:28,4.4
上游闸外水位,2024/05/18,23:57:28,4.2
内河侧水位,2024/05/19,0:00:00,4.2
长江侧水位,2024/05/19,0:00:00,4.7
上游闸内水位,2024/05/19,0:11:50,4.3
上游闸外水位,2024/05/19,0:11:50,4.2
下游闸内水位,2024/05/19,0:14:22,4.3
下游闸外水位,2024/05/19,0:14:22,4.6
下游闸内水位,2024/05/19,0:15:57,4.5
下游闸外水位,2024/05/19,0:15:57,4.6
内河侧水位,2024/05/19,1:00:00,4.2
长江侧水位,2024/05/19,1:00:00,4.8
下游闸内水位,2024/05/19,1:03:05,4.7
下游闸外水位,2024/05/19,1:03:05,4.8
上游闸内水位,2024/05/19,1:05:49,4.7
上游闸外水位,2024/05/19,1:05:49,4.3
上游闸内水位,2024/05/19,1:07:58,4.4
上游闸外水位,2024/05/19,1:07:58,4.2
上游闸内水位,2024/05/19,1:40:39,4.3
上游闸外水位,2024/05/19,1:40:39,4.3
下游闸内水位,2024/05/19,1:43:22,4.3
下游闸外水位,2024/05/19,1:43:22,4.9
下游闸内水位,2024/05/19,1:45:52,4.8
下游闸外水位,2024/05/19,1:45:52,4.9
内河侧水位,2024/05/19,2:00:00,4.3
长江侧水位,2024/05/19,2:00:00,4.9
下游闸内水位,2024/05/19,2:21:06,5.0
下游闸外水位,2024/05/19,2:21:06,5.1
上游闸内水位,2024/05/19,2:23:41,5.1
上游闸外水位,2024/05/19,2:23:41,4.3
上游闸内水位,2024/05/19,2:26:55,4.4
上游闸外水位,2024/05/19,2:26:55,4.3
内河侧水位,2024/05/19,3:00:00,4.4
长江侧水位,2024/05/19,3:00:00,5.2
上游闸内水位,2024/05/19,3:03:27,4.4
上游闸外水位,2024/05/19,3:03:27,4.4
下游闸内水位,2024/05/19,3:05:58,4.4
下游闸外水位,2024/05/19,3:05:58,5.2
下游闸内水位,2024/05/19,3:10:43,5.2
下游闸外水位,2024/05/19,3:10:43,5.3
上游闸内水位,2024/05/19,4:35:16,4.5
上游闸外水位,2024/05/19,4:35:16,4.4
内河侧水位,2024/05/19,5:00:00,4.4
长江侧水位,2024/05/19,5:00:00,5.3
下游闸内水位,2024/05/19,5:18:08,5.2
下游闸外水位,2024/05/19,5:18:08,5.3
上游闸内水位,2024/05/19,11:55:17,4.7
上游闸外水位,2024/05/19,11:55:17,4.3
内河侧水位,2024/05/19,15:00:00,4.4
长江侧水位,2024/05/19,15:00:00,5.2
上游闸内水位,2024/05/19,15:00:04,4.6
上游闸外水位,2024/05/19,15:00:04,4.4
下游闸内水位,2024/05/19,15:29:58,4.6
下游闸外水位,2024/05/19,15:29:58,5.3
上游闸内水位,2024/05/19,15:41:14,5.3
上游闸外水位,2024/05/19,15:41:14,4.5
上游闸内水位,2024/05/19,15:44:15,4.7
上游闸外水位,2024/05/19,15:44:15,4.5
上游闸内水位,2024/05/19,15:49:46,4.6
上游闸外水位,2024/05/19,15:49:46,4.6
下游闸内水位,2024/05/19,15:52:52,4.7
下游闸外水位,2024/05/19,15:52:52,5.3
下游闸内水位,2024/05/19,15:55:34,5.2
下游闸外水位,2024/05/19,15:55:34,5.3
内河侧水位,2024/05/19,16:00:00,4.6
长江侧水位,2024/05/19,16:00:00,5.3
下游闸内水位,2024/05/19,16:14:20,5.3
下游闸外水位,2024/05/19,16:14:20,5.3
上游闸内水位,2024/05/19,16:17:18,5.3
上游闸外水位,2024/05/19,16:17:18,4.7
上游闸内水位,2024/05/19,16:19:51,4.8
上游闸外水位,2024/05/19,16:19:51,4.6
上游闸内水位,2024/05/19,16:50:08,4.7
上游闸外水位,2024/05/19,16:50:08,4.7
下游闸内水位,2024/05/19,16:52:39,4.7
下游闸外水位,2024/05/19,16:52:39,5.3
下游闸内水位,2024/05/19,16:55:03,5.2
下游闸外水位,2024/05/19,16:55:03,5.3
内河侧水位,2024/05/19,17:00:00,0.7
长江侧水位,2024/05/19,17:00:00,5.3
下游闸内水位,2024/05/19,3:53:05,5.3
下游闸外水位,2024/05/19,3:53:05,5.3
上游闸内水位,2024/05/19,3:55:57,5.3
上游闸外水位,2024/05/19,3:55:57,4.4
上游闸内水位,2024/05/19,3:59:28,4.5
上游闸外水位,2024/05/19,3:59:28,4.4
内河侧水位,2024/05/19,4:00:00,4.4
长江侧水位,2024/05/19,4:00:00,5.3
下游闸内水位,2024/05/19,4:37:49,4.5
下游闸外水位,2024/05/19,4:37:49,5.3
下游闸内水位,2024/05/19,4:41:09,5.2
下游闸外水位,2024/05/19,4:41:09,5.3
上游闸内水位,2024/05/19,5:21:05,5.2
上游闸外水位,2024/05/19,5:21:05,4.5
上游闸内水位,2024/05/19,5:23:55,4.6
上游闸外水位,2024/05/19,5:23:55,4.5
上游闸内水位,2024/05/19,5:53:51,4.5
上游闸外水位,2024/05/19,5:53:51,4.5
下游闸内水位,2024/05/19,5:56:21,4.5
下游闸外水位,2024/05/19,5:56:21,5.2
下游闸内水位,2024/05/19,5:59:09,5.1
下游闸外水位,2024/05/19,5:59:09,5.2
内河侧水位,2024/05/19,6:00:00,4.4
长江侧水位,2024/05/19,6:00:00,5.2
下游闸内水位,2024/05/19,6:09:52,5.2
下游闸外水位,2024/05/19,6:09:52,5.2
上游闸内水位,2024/05/19,6:12:32,5.1
上游闸外水位,2024/05/19,6:12:32,4.5
上游闸内水位,2024/05/19,6:16:21,4.5
上游闸外水位,2024/05/19,6:16:21,4.4
上游闸内水位,2024/05/19,6:30:11,4.5
上游闸外水位,2024/05/19,6:30:11,4.8
下游闸内水位,2024/05/19,6:32:48,4.5
下游闸外水位,2024/05/19,6:32:48,5.2
下游闸内水位,2024/05/19,6:35:29,5.0
下游闸外水位,2024/05/19,6:35:29,5.2
内河侧水位,2024/05/19,7:00:00,4.5
长江侧水位,2024/05/19,7:00:00,5.1
下游闸内水位,2024/05/19,7:08:14,5.1
下游闸外水位,2024/05/19,7:08:14,5.1
上游闸内水位,2024/05/19,7:10:49,5.0
上游闸外水位,2024/05/19,7:10:49,4.7
上游闸内水位,2024/05/19,7:12:19,4.8
上游闸外水位,2024/05/19,7:12:19,4.8
上游闸内水位,2024/05/19,7:32:15,4.5
上游闸外水位,2024/05/19,7:32:15,4.8
下游闸内水位,2024/05/19,7:35:12,4.4
下游闸外水位,2024/05/19,7:35:12,5.0
下游闸内水位,2024/05/19,7:37:41,4.9
下游闸外水位,2024/05/19,7:37:41,5.0
下游闸内水位,2024/05/19,7:57:17,5.0
下游闸外水位,2024/05/19,7:57:17,5.0
内河侧水位,2024/05/19,8:00:00,4.6
长江侧水位,2024/05/19,8:00:00,5.0
上游闸内水位,2024/05/19,8:00:03,5.0
上游闸外水位,2024/05/19,8:00:03,4.6
上游闸内水位,2024/05/19,8:01:34,4.7
上游闸外水位,2024/05/19,8:01:34,4.7
上游闸内水位,2024/05/19,8:29:19,4.4
上游闸外水位,2024/05/19,8:29:19,4.7
下游闸内水位,2024/05/19,8:32:03,4.4
下游闸外水位,2024/05/19,8:32:03,5.0
下游闸内水位,2024/05/19,8:34:18,4.8
下游闸外水位,2024/05/19,8:34:18,5.0
内河侧水位,2024/05/19,9:00:00,4.7
长江侧水位,2024/05/19,9:00:00,4.9
下游闸内水位,2024/05/19,9:10:42,4.9
下游闸外水位,2024/05/19,9:10:42,4.9
上游闸内水位,2024/05/19,9:14:09,4.9
上游闸外水位,2024/05/19,9:14:09,4.4
上游闸内水位,2024/05/19,9:19:23,4.4
上游闸外水位,2024/05/19,9:19:23,4.3
上游闸内水位,2024/05/19,9:59:00,4.4
上游闸外水位,2024/05/19,9:59:00,4.3
内河侧水位,2024/05/19,10:00:00,4.3
长江侧水位,2024/05/19,10:00:00,4.8
下游闸内水位,2024/05/19,10:01:55,4.4
下游闸外水位,2024/05/19,10:01:55,4.8
下游闸内水位,2024/05/19,10:03:50,4.7
下游闸外水位,2024/05/19,10:03:50,4.8
下游闸内水位,2024/05/19,10:38:57,4.8
下游闸外水位,2024/05/19,10:38:57,4.8
上游闸内水位,2024/05/19,10:41:55,4.8
上游闸外水位,2024/05/19,10:41:55,4.6
上游闸内水位,2024/05/19,10:43:23,4.6
上游闸外水位,2024/05/19,10:43:23,4.6
内河侧水位,2024/05/19,11:00:00,4.6
长江侧水位,2024/05/19,11:00:00,4.7
上游闸内水位,2024/05/19,11:15:46,4.3
上游闸外水位,2024/05/19,11:15:46,4.4
下游闸内水位,2024/05/19,11:18:19,4.3
下游闸外水位,2024/05/19,11:18:19,4.7
下游闸内水位,2024/05/19,11:20:03,4.6
下游闸外水位,2024/05/19,11:20:03,4.7
下游闸内水位,2024/05/19,11:51:59,4.7
下游闸外水位,2024/05/19,11:51:59,4.7
上游闸内水位,2024/05/19,11:56:50,4.5
上游闸外水位,2024/05/19,11:56:50,4.4
内河侧水位,2024/05/19,12:00:00,4.3
长江侧水位,2024/05/19,12:00:00,4.7
上游闸内水位,2024/05/19,12:37:14,4.3
上游闸外水位,2024/05/19,12:37:14,4.3
下游闸内水位,2024/05/19,12:39:50,4.3
下游闸外水位,2024/05/19,12:39:50,4.7
下游闸内水位,2024/05/19,12:41:46,4.6
下游闸外水位,2024/05/19,12:41:46,4.7
内河侧水位,2024/05/19,13:00:00,4.3
长江侧水位,2024/05/19,13:00:00,4.7
下游闸内水位,2024/05/19,13:18:26,4.7
下游闸外水位,2024/05/19,13:18:26,4.8
上游闸内水位,2024/05/19,13:21:06,4.7
上游闸外水位,2024/05/19,13:21:06,4.3
上游闸内水位,2024/05/19,13:23:02,4.4
上游闸外水位,2024/05/19,13:23:02,4.3
上游闸内水位,2024/05/19,13:39:17,4.4
上游闸外水位,2024/05/19,13:39:17,4.3
下游闸内水位,2024/05/19,13:42:01,4.3
下游闸外水位,2024/05/19,13:42:01,4.9
下游闸内水位,2024/05/19,13:44:21,4.7
下游闸外水位,2024/05/19,13:44:21,4.9
内河侧水位,2024/05/19,14:00:00,4.4
长江侧水位,2024/05/19,14:00:00,5.0
下游闸内水位,2024/05/19,14:06:14,4.9
下游闸外水位,2024/05/19,14:06:14,5.0
上游闸内水位,2024/05/19,14:09:17,4.9
上游闸外水位,2024/05/19,14:09:17,4.4
上游闸内水位,2024/05/19,14:11:40,4.5
上游闸外水位,2024/05/19,14:11:40,4.4
上游闸内水位,2024/05/19,14:26:28,4.5
上游闸外水位,2024/05/19,14:26:28,4.4
下游闸内水位,2024/05/19,14:29:15,4.5
下游闸外水位,2024/05/19,14:29:15,5.1
下游闸内水位,2024/05/19,14:32:05,5.0
下游闸外水位,2024/05/19,14:32:05,5.1
下游闸内水位,2024/05/19,14:54:16,5.1
下游闸外水位,2024/05/19,14:54:16,5.2
上游闸内水位,2024/05/19,14:56:52,5.2
上游闸外水位,2024/05/19,14:56:52,4.4
上游闸内水位,2024/05/19,15:27:26,4.6
上游闸外水位,2024/05/19,15:27:26,4.4
下游闸内水位,2024/05/19,15:32:36,5.1
下游闸外水位,2024/05/19,15:32:36,5.3
下游闸内水位,2024/05/19,15:38:30,5.3
下游闸外水位,2024/05/19,15:38:30,5.3
下游闸内水位,2024/05/19,21:09:07,4.6
下游闸外水位,2024/05/19,21:09:07,4.8
下游闸内水位,2024/05/19,21:10:29,4.7
下游闸外水位,2024/05/19,21:10:29,4.8
下游闸内水位,2024/05/19,21:42:40,4.7
下游闸外水位,2024/05/19,21:42:40,4.8
上游闸内水位,2024/05/19,21:47:46,4.6
上游闸外水位,2024/05/19,21:47:46,4.6
内河侧水位,2024/05/19,22:00:00,4.5
长江侧水位,2024/05/19,22:00:00,4.8
上游闸内水位,2024/05/19,22:20:41,4.5
上游闸外水位,2024/05/19,22:20:41,4.5
下游闸内水位,2024/05/19,22:23:47,4.5
下游闸外水位,2024/05/19,22:23:47,4.8
下游闸内水位,2024/05/19,22:25:08,4.6
下游闸外水位,2024/05/19,22:25:08,4.7
下游闸内水位,2024/05/19,22:33:52,4.6
下游闸外水位,2024/05/19,22:33:52,4.7
上游闸内水位,2024/05/19,22:36:48,4.7
上游闸外水位,2024/05/19,22:36:48,4.5
上游闸内水位,2024/05/19,22:38:32,4.5
上游闸外水位,2024/05/19,22:38:32,4.5
上游闸内水位,2024/05/19,22:58:57,4.5
上游闸外水位,2024/05/19,22:58:57,4.5
内河侧水位,2024/05/19,23:00:00,4.5
长江侧水位,2024/05/19,23:00:00,4.7
下游闸内水位,2024/05/19,23:01:36,4.4
下游闸外水位,2024/05/19,23:01:36,4.7
下游闸内水位,2024/05/19,23:03:14,4.6
下游闸外水位,2024/05/19,23:03:14,4.7
下游闸内水位,2024/05/19,17:14:58,5.3
下游闸外水位,2024/05/19,17:14:58,5.3
上游闸内水位,2024/05/19,17:17:35,5.2
上游闸外水位,2024/05/19,17:17:35,6.0
上游闸内水位,2024/05/19,17:25:34,4.7
上游闸外水位,2024/05/19,17:25:34,4.7
上游闸内水位,2024/05/19,17:34:25,4.7
上游闸外水位,2024/05/19,17:34:25,4.8
下游闸内水位,2024/05/19,17:36:57,4.7
下游闸外水位,2024/05/19,17:36:57,5.3
下游闸内水位,2024/05/19,17:39:09,5.1
下游闸外水位,2024/05/19,17:39:09,5.2
下游闸内水位,2024/05/19,17:59:38,5.2
下游闸外水位,2024/05/19,17:59:38,5.2
内河侧水位,2024/05/19,18:00:00,4.7
长江侧水位,2024/05/19,18:00:00,5.2
上游闸内水位,2024/05/19,18:02:30,5.2
上游闸外水位,2024/05/19,18:02:30,4.7
上游闸内水位,2024/05/19,18:04:49,4.8
上游闸外水位,2024/05/19,18:04:49,4.7
上游闸内水位,2024/05/19,18:34:17,4.7
上游闸外水位,2024/05/19,18:34:17,4.7
下游闸内水位,2024/05/19,18:36:51,4.7
下游闸外水位,2024/05/19,18:36:51,5.1
下游闸内水位,2024/05/19,18:38:49,5.0
下游闸外水位,2024/05/19,18:38:49,5.1
内河侧水位,2024/05/19,19:00:00,4.7
长江侧水位,2024/05/19,19:00:00,5.1
下游闸内水位,2024/05/19,19:09:33,5.0
下游闸外水位,2024/05/19,19:09:33,5.1
上游闸内水位,2024/05/19,19:12:13,5.1
上游闸外水位,2024/05/19,19:12:13,4.7
上游闸内水位,2024/05/19,19:13:44,4.9
上游闸外水位,2024/05/19,19:13:44,4.7
上游闸内水位,2024/05/19,19:56:44,4.6
上游闸外水位,2024/05/19,19:56:44,4.7
内河侧水位,2024/05/19,20:00:00,4.7
长江侧水位,2024/05/19,20:00:00,5.0
下游闸内水位,2024/05/19,20:00:28,4.6
下游闸外水位,2024/05/19,20:00:28,5.0
下游闸内水位,2024/05/19,20:01:50,4.8
下游闸外水位,2024/05/19,20:01:50,4.9
下游闸内水位,2024/05/19,20:42:27,4.8
下游闸外水位,2024/05/19,20:42:27,4.9
上游闸内水位,2024/05/19,20:45:36,4.9
上游闸外水位,2024/05/19,20:45:36,4.6
上游闸内水位,2024/05/19,20:47:10,4.7
上游闸外水位,2024/05/19,20:47:10,4.6
内河侧水位,2024/05/19,21:00:00,4.6
长江侧水位,2024/05/19,21:00:00,4.8
上游闸内水位,2024/05/19,21:05:56,4.6
上游闸外水位,2024/05/19,21:05:56,4.6
上游闸内水位,2024/05/19,21:46:13,4.8
上游闸外水位,2024/05/19,21:46:13,4.5
下游闸内水位,2024/05/19,23:41:16,4.4
下游闸外水位,2024/05/19,23:41:16,4.6
下游闸内水位,2024/05/20,1:16:06,4.5
下游闸外水位,2024/05/20,1:16:06,4.6
上游闸内水位,2024/05/20,2:39:39,4.5
上游闸外水位,2024/05/20,2:39:39,4.5
下游闸内水位,2024/05/20,3:34:11,5.2
下游闸外水位,2024/05/20,3:34:11,5.3
上游闸内水位,2024/05/20,3:37:12,5.2
上游闸外水位,2024/05/20,3:37:12,4.6
上游闸内水位,2024/05/20,3:39:39,4.8
上游闸外水位,2024/05/20,3:39:39,4.6
内河侧水位,2024/05/20,4:00:00,4.7
长江侧水位,2024/05/20,4:00:00,5.4
上游闸内水位,2024/05/20,4:13:40,4.7
上游闸外水位,2024/05/20,4:13:40,4.7
下游闸内水位,2024/05/20,4:18:28,4.7
下游闸外水位,2024/05/20,4:18:28,5.4
下游闸内水位,2024/05/20,4:21:10,5.2
下游闸外水位,2024/05/20,4:21:10,5.4
下游闸内水位,2024/05/20,4:49:57,5.3
下游闸外水位,2024/05/20,4:49:57,5.4
上游闸内水位,2024/05/20,4:53:27,5.3
上游闸外水位,2024/05/20,4:53:27,4.7
上游闸内水位,2024/05/20,4:56:09,4.8
上游闸外水位,2024/05/20,4:56:09,4.7
内河侧水位,2024/05/20,5:00:00,4.8
长江侧水位,2024/05/20,5:00:00,5.4
上游闸内水位,2024/05/20,5:28:34,4.7
上游闸外水位,2024/05/20,5:28:34,4.8
下游闸内水位,2024/05/20,5:31:16,4.7
下游闸外水位,2024/05/20,5:31:16,5.4
下游闸内水位,2024/05/20,5:33:51,5.2
下游闸内水位,2024/05/19,23:13:55,4.6
下游闸外水位,2024/05/19,23:13:55,4.7
上游闸内水位,2024/05/19,23:17:30,4.6
上游闸外水位,2024/05/19,23:17:30,4.4
上游闸内水位,2024/05/19,23:19:10,4.5
上游闸外水位,2024/05/19,23:19:10,4.5
上游闸内水位,2024/05/19,23:38:21,4.4
上游闸外水位,2024/05/19,23:38:21,4.4
内河侧水位,2024/05/20,0:00:00,4.4
长江侧水位,2024/05/20,0:00:00,4.6
下游闸内水位,2024/05/20,0:32:55,4.5
下游闸外水位,2024/05/20,0:32:55,4.6
上游闸内水位,2024/05/20,0:35:32,4.5
上游闸外水位,2024/05/20,0:35:32,4.4
上游闸内水位,2024/05/20,0:37:12,4.4
上游闸外水位,2024/05/20,0:37:12,4.4
内河侧水位,2024/05/20,1:00:00,4.4
长江侧水位,2024/05/20,1:00:00,4.6
上游闸内水位,2024/05/20,1:11:47,4.4
上游闸外水位,2024/05/20,1:11:47,4.4
下游闸内水位,2024/05/20,1:14:28,4.4
下游闸外水位,2024/05/20,1:14:28,4.6
下游闸内水位,2024/05/20,1:59:46,4.7
下游闸外水位,2024/05/20,1:59:46,4.8
内河侧水位,2024/05/20,2:00:00,4.4
长江侧水位,2024/05/20,2:00:00,4.8
上游闸内水位,2024/05/20,2:02:23,4.7
上游闸外水位,2024/05/20,2:02:23,4.4
上游闸内水位,2024/05/20,2:04:04,4.5
上游闸外水位,2024/05/20,2:04:04,4.4
下游闸内水位,2024/05/20,2:42:17,4.5
下游闸外水位,2024/05/20,2:42:17,5.0
下游闸内水位,2024/05/20,2:44:45,4.9
下游闸外水位,2024/05/20,2:44:45,5.1
下游闸内水位,2024/05/20,2:54:14,5.0
下游闸外水位,2024/05/20,2:54:14,5.1
上游闸内水位,2024/05/20,2:56:59,5.1
上游闸外水位,2024/05/20,2:56:59,4.5
上游闸内水位,2024/05/20,2:59:58,4.5
上游闸外水位,2024/05/20,2:59:58,4.5
内河侧水位,2024/05/20,3:00:00,4.5
长江侧水位,2024/05/20,3:00:00,5.1
上游闸内水位,2024/05/20,3:18:05,4.6
上游闸外水位,2024/05/20,3:18:05,4.6
下游闸内水位,2024/05/20,3:21:40,4.6
下游闸外水位,2024/05/20,3:21:40,5.3
下游闸内水位,2024/05/20,3:24:22,5.1
下游闸外水位,2024/05/20,3:24:22,5.2
下游闸外水位,2024/05/20,5:33:51,5.4
下游闸内水位,2024/05/20,5:46:24,5.3
下游闸外水位,2024/05/20,5:46:24,5.3
上游闸内水位,2024/05/20,5:49:09,5.3
上游闸外水位,2024/05/20,5:49:09,4.8
上游闸内水位,2024/05/20,5:51:30,4.9
上游闸外水位,2024/05/20,5:51:30,4.8
内河侧水位,2024/05/20,6:00:00,4.8
长江侧水位,2024/05/20,6:00:00,5.3
上游闸内水位,2024/05/20,6:02:34,4.7
上游闸外水位,2024/05/20,6:02:34,4.8
下游闸内水位,2024/05/20,6:05:04,4.7
下游闸外水位,2024/05/20,6:05:04,5.3
下游闸内水位,2024/05/20,6:07:37,5.2
下游闸外水位,2024/05/20,6:07:37,5.3
下游闸内水位,2024/05/20,6:14:06,5.3
下游闸外水位,2024/05/20,6:14:06,5.3
上游闸内水位,2024/05/20,6:16:56,5.2
上游闸外水位,2024/05/20,6:16:56,4.8
上游闸内水位,2024/05/20,6:19:11,4.9
上游闸外水位,2024/05/20,6:19:11,4.7
上游闸内水位,2024/05/20,6:57:38,4.7
上游闸外水位,2024/05/20,6:57:38,4.7
内河侧水位,2024/05/20,7:00:00,4.7
长江侧水位,2024/05/20,7:00:00,5.2
下游闸内水位,2024/05/20,7:00:24,4.7
下游闸外水位,2024/05/20,7:00:24,5.2
下游闸内水位,2024/05/20,7:02:33,5.1
下游闸外水位,2024/05/20,7:02:33,5.2
下游闸内水位,2024/05/20,7:13:12,5.2
下游闸外水位,2024/05/20,7:13:12,5.2
上游闸内水位,2024/05/20,7:15:49,5.1
上游闸外水位,2024/05/20,7:15:49,4.7
上游闸内水位,2024/05/20,7:17:19,4.9
上游闸外水位,2024/05/20,7:17:19,4.7
上游闸内水位,2024/05/20,7:44:29,4.7
上游闸外水位,2024/05/20,7:44:29,4.7
下游闸内水位,2024/05/20,7:47:01,4.7
下游闸外水位,2024/05/20,7:47:01,5.1
下游闸内水位,2024/05/20,7:49:03,5.0
下游闸外水位,2024/05/20,7:49:03,5.1
内河侧水位,2024/05/20,8:00:00,4.7
长江侧水位,2024/05/20,8:00:00,5.1
下游闸内水位,2024/05/20,8:08:17,5.0
下游闸外水位,2024/05/20,8:08:17,5.1
上游闸内水位,2024/05/20,8:10:53,5.0
上游闸外水位,2024/05/20,8:10:53,4.7
上游闸内水位,2024/05/20,8:12:23,4.8
上游闸外水位,2024/05/20,8:12:23,4.7
上游闸内水位,2024/05/20,8:23:28,4.6
上游闸外水位,2024/05/20,8:23:28,4.7
下游闸内水位,2024/05/20,8:28:46,4.6
下游闸外水位,2024/05/20,8:28:46,5.0
下游闸内水位,2024/05/20,8:30:30,4.9
下游闸外水位,2024/05/20,8:30:30,5.0
下游闸内水位,2024/05/20,8:57:30,4.9
下游闸外水位,2024/05/20,8:57:30,5.0
内河侧水位,2024/05/20,9:00:00,4.6
长江侧水位,2024/05/20,9:00:00,5.0
上游闸内水位,2024/05/20,9:00:24,4.9
上游闸外水位,2024/05/20,9:00:24,4.6
上游闸内水位,2024/05/20,9:01:56,4.7
上游闸外水位,2024/05/20,9:01:56,4.6
下游闸内水位,2024/05/20,9:25:40,4.6
下游闸外水位,2024/05/20,9:25:40,4.9
内河侧水位,2024/05/20,10:00:00,4.7
长江侧水位,2024/05/20,10:00:00,4.8
内河侧水位,2024/05/20,11:00:00,4.6
长江侧水位,2024/05/20,11:00:00,4.7
内河侧水位,2024/05/20,12:00:01,4.6
长江侧水位,2024/05/20,12:00:01,4.6
内河侧水位,2024/05/20,13:00:00,4.5
长江侧水位,2024/05/20,13:00:00,4.5
上游闸内水位,2024/05/20,13:07:50,4.4
上游闸外水位,2024/05/20,13:07:50,4.5
下游闸内水位,2024/05/20,13:38:21,4.5
下游闸外水位,2024/05/20,13:38:21,4.6
上游闸内水位,2024/05/20,13:41:09,4.6
上游闸外水位,2024/05/20,13:41:09,4.4
上游闸内水位,2024/05/20,13:43:14,4.4
上游闸外水位,2024/05/20,13:43:14,4.4
上游闸内水位,2024/05/20,13:58:53,4.4
上游闸外水位,2024/05/20,13:58:53,4.4
内河侧水位,2024/05/20,14:00:00,4.4
长江侧水位,2024/05/20,14:00:00,4.6
下游闸内水位,2024/05/20,14:01:27,4.4
下游闸外水位,2024/05/20,14:01:27,4.6
下游闸内水位,2024/05/20,14:03:38,4.6
下游闸外水位,2024/05/20,14:03:38,4.6
下游闸内水位,2024/05/20,14:27:18,4.8
下游闸外水位,2024/05/20,14:27:18,4.8
下游闸内水位,2024/05/20,14:33:16,4.7
下游闸外水位,2024/05/20,14:33:16,4.8
上游闸内水位,2024/05/20,14:51:07,4.9
上游闸外水位,2024/05/20,14:51:07,4.5
内河侧水位,2024/05/20,15:00:00,4.5
长江侧水位,2024/05/20,15:00:00,4.9
上游闸内水位,2024/05/20,15:29:01,4.6
上游闸外水位,2024/05/20,15:29:01,4.6
下游闸内水位,2024/05/20,15:31:34,4.5
下游闸外水位,2024/05/20,15:31:34,5.1
下游闸内水位,2024/05/21,0:47:07,4.3
下游闸外水位,2024/05/21,0:47:07,4.5
下游闸内水位,2024/05/21,17:57:30,5.3
下游闸外水位,2024/05/21,17:57:30,5.4
上游闸内水位,2024/05/21,18:42:58,5.3
上游闸外水位,2024/05/21,18:42:58,4.8
上游闸内水位,2024/05/22,3:59:27,4.6
上游闸外水位,2024/05/22,3:59:27,4.6
内河侧水位,2024/05/22,4:00:00,4.6
长江侧水位,2024/05/22,4:00:00,5.3
下游闸内水位,2024/05/22,4:02:00,4.6
下游闸外水位,2024/05/22,4:02:00,5.3
下游闸内水位,2024/05/22,4:55:33,5.6
下游闸外水位,2024/05/22,4:55:33,5.6
上游闸内水位,2024/05/22,4:58:39,5.6
上游闸外水位,2024/05/22,4:58:39,4.8
内河侧水位,2024/05/22,5:00:00,4.8
长江侧水位,2024/05/22,5:00:00,5.6
上游闸内水位,2024/05/22,5:01:43,4.9
上游闸外水位,2024/05/22,5:01:43,4.8
上游闸内水位,2024/05/22,5:36:10,4.8
上游闸外水位,2024/05/22,5:36:10,4.8
下游闸内水位,2024/05/22,5:38:41,4.8
下游闸外水位,2024/05/22,5:38:41,5.7
下游闸内水位,2024/05/22,5:41:43,5.5
下游闸内水位,2024/05/20,15:34:03,5.0
下游闸外水位,2024/05/20,15:34:03,5.1
内河侧水位,2024/05/20,16:00:00,4.6
长江侧水位,2024/05/20,16:00:00,5.2
下游闸内水位,2024/05/20,16:15:03,5.2
下游闸外水位,2024/05/20,16:15:03,5.3
上游闸内水位,2024/05/20,16:17:43,5.3
上游闸外水位,2024/05/20,16:17:43,4.7
上游闸内水位,2024/05/20,16:20:11,4.8
上游闸外水位,2024/05/20,16:20:11,4.6
上游闸内水位,2024/05/20,16:59:15,4.7
上游闸外水位,2024/05/20,16:59:15,4.7
内河侧水位,2024/05/20,17:00:00,4.7
长江侧水位,2024/05/20,17:00:00,5.4
下游闸内水位,2024/05/20,17:03:41,4.7
下游闸外水位,2024/05/20,17:03:41,5.4
下游闸内水位,2024/05/20,17:07:54,5.3
下游闸外水位,2024/05/20,17:07:54,5.4
下游闸内水位,2024/05/20,17:42:33,5.3
下游闸外水位,2024/05/20,17:42:33,5.3
上游闸内水位,2024/05/20,17:45:26,5.3
上游闸外水位,2024/05/20,17:45:26,4.7
上游闸内水位,2024/05/20,17:47:37,4.9
上游闸外水位,2024/05/20,17:47:37,4.7
内河侧水位,2024/05/20,18:00:00,4.7
长江侧水位,2024/05/20,18:00:00,5.3
上游闸内水位,2024/05/20,18:26:00,4.7
上游闸外水位,2024/05/20,18:26:00,4.7
下游闸内水位,2024/05/20,18:28:30,4.7
下游闸外水位,2024/05/20,18:28:30,5.2
下游闸内水位,2024/05/20,18:30:33,5.0
下游闸外水位,2024/05/20,18:30:33,5.2
下游闸内水位,2024/05/20,18:55:38,5.1
下游闸外水位,2024/05/20,18:55:38,5.2
上游闸内水位,2024/05/20,18:58:31,5.1
上游闸外水位,2024/05/20,18:58:31,4.7
上游闸内水位,2024/05/20,18:59:58,4.9
上游闸外水位,2024/05/20,18:59:58,4.8
内河侧水位,2024/05/20,19:00:00,4.8
长江侧水位,2024/05/20,19:00:00,5.2
上游闸内水位,2024/05/20,19:31:09,4.7
上游闸外水位,2024/05/20,19:31:09,4.7
下游闸内水位,2024/05/20,19:33:44,4.7
下游闸外水位,2024/05/20,19:33:44,5.1
下游闸内水位,2024/05/20,19:36:24,5.0
下游闸外水位,2024/05/20,19:36:24,5.1
内河侧水位,2024/05/20,20:00:00,4.7
长江侧水位,2024/05/20,20:00:00,5.0
下游闸内水位,2024/05/20,20:34:29,4.9
下游闸外水位,2024/05/20,20:34:29,4.9
上游闸内水位,2024/05/20,20:37:08,4.9
上游闸外水位,2024/05/20,20:37:08,4.7
上游闸内水位,2024/05/20,20:38:34,4.8
上游闸外水位,2024/05/20,20:38:34,4.7
内河侧水位,2024/05/20,21:00:00,4.6
长江侧水位,2024/05/20,21:00:00,4.9
上游闸内水位,2024/05/20,21:27:49,4.6
上游闸外水位,2024/05/20,21:27:49,4.6
下游闸内水位,2024/05/20,21:30:30,4.6
下游闸外水位,2024/05/20,21:30:30,4.8
下游闸内水位,2024/05/20,21:32:26,4.8
下游闸外水位,2024/05/20,21:32:26,4.8
内河侧水位,2024/05/20,22:00:00,4.6
长江侧水位,2024/05/20,22:00:00,4.8
下游闸内水位,2024/05/20,22:17:08,4.7
下游闸外水位,2024/05/20,22:17:08,4.7
上游闸内水位,2024/05/20,22:20:29,4.7
上游闸外水位,2024/05/20,22:20:29,4.5
上游闸内水位,2024/05/20,22:22:02,4.6
上游闸外水位,2024/05/20,22:22:02,4.6
上游闸内水位,2024/05/20,22:59:07,4.5
上游闸外水位,2024/05/20,22:59:07,4.5
内河侧水位,2024/05/20,23:00:00,4.5
长江侧水位,2024/05/20,23:00:00,4.7
下游闸内水位,2024/05/20,23:01:44,4.5
下游闸外水位,2024/05/20,23:01:44,4.6
下游闸内水位,2024/05/20,23:03:06,4.6
下游闸外水位,2024/05/20,23:03:06,4.6
下游闸内水位,2024/05/20,23:36:48,4.6
下游闸外水位,2024/05/20,23:36:48,4.6
上游闸内水位,2024/05/20,23:39:40,4.6
上游闸外水位,2024/05/20,23:39:40,4.4
上游闸内水位,2024/05/20,23:41:09,4.5
上游闸外水位,2024/05/20,23:41:09,4.5
内河侧水位,2024/05/21,0:00:00,4.4
长江侧水位,2024/05/21,0:00:00,4.5
上游闸内水位,2024/05/21,0:09:31,4.4
上游闸外水位,2024/05/21,0:09:31,4.4
下游闸内水位,2024/05/21,0:12:24,4.4
下游闸外水位,2024/05/21,0:12:24,4.5
下游闸内水位,2024/05/21,0:21:54,4.5
下游闸外水位,2024/05/21,0:21:54,4.5
上游闸内水位,2024/05/21,0:24:40,4.5
上游闸外水位,2024/05/21,0:24:40,4.4
上游闸内水位,2024/05/21,0:26:13,4.4
上游闸外水位,2024/05/21,0:26:13,4.4
上游闸内水位,2024/05/21,0:42:46,4.3
上游闸外水位,2024/05/21,0:42:46,4.4
上游闸内水位,2024/05/21,0:44:33,4.3
上游闸外水位,2024/05/21,0:44:33,4.4
下游闸内水位,2024/05/21,0:48:29,4.4
下游闸外水位,2024/05/21,0:48:29,4.5
内河侧水位,2024/05/21,1:00:00,4.4
长江侧水位,2024/05/21,1:00:00,4.5
下游闸内水位,2024/05/21,1:39:40,4.5
下游闸外水位,2024/05/21,1:39:40,4.5
上游闸内水位,2024/05/21,1:42:39,4.5
上游闸外水位,2024/05/21,1:42:39,4.3
上游闸内水位,2024/05/21,1:44:07,4.4
上游闸外水位,2024/05/21,1:44:07,4.4
内河侧水位,2024/05/21,2:00:00,4.3
长江侧水位,2024/05/21,2:00:00,4.5
上游闸内水位,2024/05/21,2:30:35,4.3
上游闸外水位,2024/05/21,2:30:35,4.4
下游闸内水位,2024/05/21,2:33:11,4.3
下游闸外水位,2024/05/21,2:33:11,4.7
下游闸内水位,2024/05/21,2:34:47,4.5
下游闸外水位,2024/05/21,2:34:47,4.7
内河侧水位,2024/05/21,3:00:00,4.5
长江侧水位,2024/05/21,3:00:00,4.9
下游闸内水位,2024/05/21,3:14:11,5.1
下游闸外水位,2024/05/21,3:14:11,5.1
上游闸内水位,2024/05/21,3:16:46,5.1
上游闸外水位,2024/05/21,3:16:46,4.5
上游闸内水位,2024/05/21,3:19:05,4.6
上游闸外水位,2024/05/21,3:19:05,4.5
下游闸外水位,2024/05/22,5:41:43,5.7
内河侧水位,2024/05/22,6:00:00,4.8
长江侧水位,2024/05/22,6:00:00,5.6
下游闸内水位,2024/05/22,6:14:59,5.6
下游闸外水位,2024/05/22,6:14:59,5.6
上游闸内水位,2024/05/22,6:17:38,5.7
上游闸外水位,2024/05/22,6:17:38,4.9
上游闸内水位,2024/05/22,6:20:41,5.0
上游闸外水位,2024/05/22,6:20:41,4.9
上游闸内水位,2024/05/22,6:53:57,4.9
上游闸外水位,2024/05/22,6:53:57,4.9
下游闸内水位,2024/05/22,6:56:34,4.8
下游闸外水位,2024/05/22,6:56:34,5.5
下游闸内水位,2024/05/22,6:59:23,5.4
下游闸外水位,2024/05/22,6:59:23,5.5
内河侧水位,2024/05/22,7:00:00,4.9
长江侧水位,2024/05/22,7:00:00,5.5
下游闸内水位,2024/05/22,7:31:38,5.4
下游闸外水位,2024/05/22,7:31:38,5.4
上游闸内水位,2024/05/22,7:34:14,5.4
上游闸外水位,2024/05/22,7:34:14,4.9
上游闸内水位,2024/05/22,7:36:35,5.0
上游闸外水位,2024/05/22,7:36:35,4.8
内河侧水位,2024/05/22,8:00:00,4.9
长江侧水位,2024/05/22,8:00:00,5.3
上游闸内水位,2024/05/22,8:00:05,4.8
上游闸外水位,2024/05/22,8:00:05,4.8
下游闸内水位,2024/05/22,8:02:40,4.8
下游闸外水位,2024/05/22,8:02:40,5.3
下游闸内水位,2024/05/22,8:04:49,5.2
下游闸外水位,2024/05/22,8:04:49,5.3
下游闸内水位,2024/05/22,8:18:37,5.3
下游闸外水位,2024/05/22,8:18:37,5.3
上游闸内水位,2024/05/22,8:21:23,5.3
上游闸外水位,2024/05/22,8:21:23,4.8
上游闸内水位,2024/05/22,8:23:26,4.9
上游闸外水位,2024/05/22,8:23:26,4.8
上游闸内水位,2024/05/22,8:53:07,4.8
上游闸外水位,2024/05/22,8:53:07,4.8
下游闸内水位,2024/05/22,8:55:41,4.7
下游闸外水位,2024/05/22,8:55:41,5.2
下游闸内水位,2024/05/22,8:57:32,5.0
下游闸外水位,2024/05/22,8:57:32,5.2
内河侧水位,2024/05/22,9:00:00,4.8
长江侧水位,2024/05/22,9:00:00,5.2
下游闸内水位,2024/05/22,9:26:35,5.1
下游闸外水位,2024/05/22,9:26:35,5.1
上游闸内水位,2024/05/22,9:29:11,5.1
内河侧水位,2024/05/21,4:00:00,4.6
长江侧水位,2024/05/21,4:00:00,5.4
上游闸内水位,2024/05/21,4:07:39,4.6
上游闸外水位,2024/05/21,4:07:39,4.7
下游闸内水位,2024/05/21,4:11:21,4.6
下游闸外水位,2024/05/21,4:11:21,5.4
下游闸内水位,2024/05/21,4:14:34,5.3
下游闸外水位,2024/05/21,4:14:34,5.4
内河侧水位,2024/05/21,5:00:00,4.8
长江侧水位,2024/05/21,5:00:00,5.5
下游闸内水位,2024/05/21,5:10:39,5.5
下游闸外水位,2024/05/21,5:10:39,5.6
上游闸内水位,2024/05/21,5:13:20,5.5
上游闸外水位,2024/05/21,5:13:20,4.8
上游闸内水位,2024/05/21,5:16:06,4.9
上游闸外水位,2024/05/21,5:16:06,4.8
内河侧水位,2024/05/21,6:00:00,4.8
长江侧水位,2024/05/21,6:00:00,5.5
上游闸内水位,2024/05/21,6:02:54,4.8
上游闸外水位,2024/05/21,6:02:54,4.8
下游闸内水位,2024/05/21,6:05:27,4.8
下游闸外水位,2024/05/21,6:05:27,5.5
下游闸内水位,2024/05/21,6:08:07,5.3
下游闸外水位,2024/05/21,6:08:07,5.5
下游闸内水位,2024/05/21,6:59:47,5.3
下游闸外水位,2024/05/21,6:59:47,5.4
内河侧水位,2024/05/21,7:00:00,4.8
长江侧水位,2024/05/21,7:00:00,5.4
上游闸内水位,2024/05/21,7:02:27,5.4
上游闸外水位,2024/05/21,7:02:27,4.8
上游闸内水位,2024/05/21,7:04:56,4.9
上游闸外水位,2024/05/21,7:04:56,4.8
上游闸内水位,2024/05/21,7:45:26,4.8
上游闸外水位,2024/05/21,7:45:26,4.8
下游闸内水位,2024/05/21,7:48:03,4.7
下游闸外水位,2024/05/21,7:48:03,5.2
下游闸内水位,2024/05/21,7:50:30,5.1
下游闸外水位,2024/05/21,7:50:30,5.3
内河侧水位,2024/05/21,8:00:00,4.8
长江侧水位,2024/05/21,8:00:00,5.2
下游闸内水位,2024/05/21,8:31:49,5.1
下游闸外水位,2024/05/21,8:31:49,5.1
上游闸内水位,2024/05/21,8:35:08,5.1
上游闸外水位,2024/05/21,8:35:08,4.7
上游闸内水位,2024/05/21,8:37:20,4.8
上游闸外水位,2024/05/21,8:37:20,4.7
内河侧水位,2024/05/21,9:00:00,4.7
长江侧水位,2024/05/21,9:00:00,5.1
上游闸内水位,2024/05/21,9:05:44,4.7
上游闸外水位,2024/05/21,9:05:44,4.7
下游闸内水位,2024/05/21,9:09:10,4.7
下游闸外水位,2024/05/21,9:09:10,5.0
下游闸内水位,2024/05/21,9:10:43,4.9
下游闸外水位,2024/05/21,9:10:43,5.0
下游闸内水位,2024/05/21,9:36:38,4.9
下游闸外水位,2024/05/21,9:36:38,5.0
上游闸内水位,2024/05/21,9:39:23,4.9
上游闸外水位,2024/05/21,9:39:23,4.6
上游闸内水位,2024/05/21,9:40:18,4.9
上游闸外水位,2024/05/21,9:40:18,4.7
上游闸内水位,2024/05/21,9:41:36,4.7
上游闸外水位,2024/05/21,9:41:36,4.7
内河侧水位,2024/05/21,10:00:00,4.6
长江侧水位,2024/05/21,10:00:00,4.9
上游闸内水位,2024/05/21,10:01:48,4.6
上游闸外水位,2024/05/21,10:01:48,4.7
下游闸内水位,2024/05/21,10:04:33,4.6
下游闸外水位,2024/05/21,10:04:33,4.9
下游闸内水位,2024/05/21,10:06:04,4.8
下游闸外水位,2024/05/21,10:06:04,4.9
下游闸内水位,2024/05/21,10:17:26,4.9
下游闸外水位,2024/05/21,10:17:26,4.9
上游闸内水位,2024/05/21,10:19:25,4.8
上游闸外水位,2024/05/21,10:19:25,4.6
下游闸内水位,2024/05/21,10:24:05,4.6
下游闸外水位,2024/05/21,10:24:05,4.9
内河侧水位,2024/05/21,11:00:00,4.7
长江侧水位,2024/05/21,11:00:00,4.8
内河侧水位,2024/05/21,12:00:00,4.6
长江侧水位,2024/05/21,12:00:00,4.7
内河侧水位,2024/05/21,13:00:00,4.5
长江侧水位,2024/05/21,13:00:00,4.6
上游闸内水位,2024/05/21,13:41:23,4.5
上游闸外水位,2024/05/21,13:41:23,4.5
内河侧水位,2024/05/21,14:00:00,4.4
长江侧水位,2024/05/21,14:00:00,4.6
下游闸内水位,2024/05/21,14:14:36,4.5
下游闸外水位,2024/05/21,14:14:36,4.6
上游闸内水位,2024/05/21,14:17:17,4.6
上游闸外水位,2024/05/21,14:17:17,4.4
上游闸内水位,2024/05/21,14:18:44,4.5
上游闸外水位,2024/05/21,14:18:44,4.4
内河侧水位,2024/05/21,15:00:00,4.5
长江侧水位,2024/05/21,15:00:00,4.8
上游闸内水位,2024/05/21,15:01:07,4.4
上游闸外水位,2024/05/21,15:01:07,4.5
下游闸内水位,2024/05/21,15:03:53,4.4
下游闸外水位,2024/05/21,15:03:53,4.7
下游闸内水位,2024/05/21,15:05:39,4.6
下游闸外水位,2024/05/21,15:05:39,4.8
下游闸内水位,2024/05/22,4:04:22,4.7
下游闸外水位,2024/05/22,4:04:22,5.3
下游闸内水位,2024/05/22,4:05:01,4.8
下游闸外水位,2024/05/22,4:05:01,5.3
下游闸内水位,2024/05/22,4:07:14,5.0
下游闸外水位,2024/05/22,4:07:14,5.3
下游闸内水位,2024/05/22,4:08:04,5.1
下游闸外水位,2024/05/22,4:08:04,5.3
下游闸内水位,2024/05/22,15:40:17,4.4
下游闸外水位,2024/05/22,15:40:17,4.7
下游闸内水位,2024/05/22,15:42:02,4.6
下游闸外水位,2024/05/22,15:42:02,4.8
下游闸内水位,2024/05/22,18:44:24,5.4
下游闸外水位,2024/05/22,18:44:24,5.4
上游闸内水位,2024/05/22,18:49:17,4.9
上游闸外水位,2024/05/22,18:49:17,4.8
下游闸内水位,2024/05/22,20:04:19,4.8
下游闸外水位,2024/05/22,20:04:19,5.2
内河侧水位,2024/05/23,4:00:00,4.5
长江侧水位,2024/05/23,4:00:00,5.1
上游闸内水位,2024/05/23,4:14:41,4.5
上游闸外水位,2024/05/23,4:14:41,4.5
下游闸内水位,2024/05/23,4:17:19,4.5
下游闸外水位,2024/05/23,4:17:19,5.3
下游闸内水位,2024/05/23,4:20:22,5.2
下游闸外水位,2024/05/23,4:20:22,5.3
下游闸内水位,2024/05/23,4:33:14,5.4
下游闸外水位,2024/05/23,4:33:14,5.4
上游闸内水位,2024/05/23,4:36:11,5.4
上游闸外水位,2024/05/23,4:36:11,4.6
上游闸内水位,2024/05/23,4:39:16,4.7
上游闸外水位,2024/05/23,4:39:16,4.6
上游闸内水位,2024/05/23,4:59:54,4.7
上游闸外水位,2024/05/23,4:59:54,4.7
内河侧水位,2024/05/23,5:00:00,4.7
长江侧水位,2024/05/23,5:00:00,5.6
下游闸内水位,2024/05/23,5:02:54,4.7
下游闸外水位,2024/05/23,5:02:54,5.6
下游闸内水位,2024/05/23,5:06:03,5.5
下游闸外水位,2024/05/23,5:06:03,5.6
下游闸内水位,2024/05/23,5:39:42,5.8
下游闸外水位,2024/05/23,5:39:42,5.8
上游闸内水位,2024/05/23,5:42:20,5.8
上游闸外水位,2024/05/23,5:42:20,4.8
内河侧水位,2024/05/23,6:00:00,4.9
长江侧水位,2024/05/23,6:00:00,5.8
上游闸内水位,2024/05/23,6:18:28,4.9
上游闸外水位,2024/05/23,6:18:28,4.9
下游闸内水位,2024/05/23,6:21:02,4.9
下游闸外水位,2024/05/23,6:21:02,5.8
下游闸内水位,2024/05/23,6:24:18,5.7
下游闸外水位,2024/05/23,6:24:18,5.8
内河侧水位,2024/05/23,7:00:00,4.9
长江侧水位,2024/05/23,7:00:00,5.7
下游闸内水位,2024/05/23,7:07:16,5.7
下游闸外水位,2024/05/23,7:07:16,5.7
上游闸内水位,2024/05/23,7:10:19,5.7
上游闸外水位,2024/05/23,7:10:19,4.9
上游闸内水位,2024/05/23,7:13:04,5.1
上游闸外水位,2024/05/23,7:13:04,4.9
上游闸内水位,2024/05/23,7:40:38,4.9
上游闸外水位,2024/05/23,7:40:38,4.9
下游闸内水位,2024/05/23,7:43:20,4.9
下游闸外水位,2024/05/23,7:43:20,5.6
下游闸内水位,2024/05/23,7:45:57,5.4
下游闸外水位,2024/05/23,7:45:57,5.6
内河侧水位,2024/05/23,8:00:00,4.9
长江侧水位,2024/05/23,8:00:00,5.5
下游闸内水位,2024/05/23,8:11:23,5.5
下游闸外水位,2024/05/23,8:11:23,5.5
上游闸内水位,2024/05/23,8:13:59,5.5
上游闸外水位,2024/05/23,8:13:59,4.9
上游闸内水位,2024/05/23,8:16:03,5.1
上游闸外水位,2024/05/23,8:16:03,4.9
下游闸内水位,2024/05/21,15:41:16,5.0
下游闸外水位,2024/05/21,15:41:16,5.0
上游闸内水位,2024/05/21,15:46:14,5.0
上游闸外水位,2024/05/21,15:46:14,4.6
上游闸内水位,2024/05/21,15:48:35,4.6
上游闸外水位,2024/05/21,15:48:35,4.5
内河侧水位,2024/05/21,16:00:00,4.5
长江侧水位,2024/05/21,16:00:00,5.1
上游闸内水位,2024/05/21,16:23:39,4.6
上游闸外水位,2024/05/21,16:23:39,4.6
下游闸内水位,2024/05/21,16:26:19,4.6
下游闸外水位,2024/05/21,16:26:19,5.3
下游闸内水位,2024/05/21,16:29:05,5.1
下游闸外水位,2024/05/21,16:29:05,5.3
内河侧水位,2024/05/21,17:00:00,4.7
长江侧水位,2024/05/21,17:00:00,5.3
下游闸内水位,2024/05/21,17:05:30,5.4
下游闸外水位,2024/05/21,17:05:30,5.4
上游闸内水位,2024/05/21,17:08:09,5.4
上游闸外水位,2024/05/21,17:08:09,4.7
上游闸内水位,2024/05/21,17:11:39,4.7
上游闸外水位,2024/05/21,17:11:39,4.7
上游闸内水位,2024/05/21,17:51:55,4.8
上游闸外水位,2024/05/21,17:51:55,4.8
下游闸内水位,2024/05/21,17:54:51,4.7
下游闸外水位,2024/05/21,17:54:51,5.4
内河侧水位,2024/05/21,18:00:00,4.8
长江侧水位,2024/05/21,18:00:00,5.4
下游闸内水位,2024/05/21,18:39:00,5.3
下游闸外水位,2024/05/21,18:39:00,5.3
上游闸内水位,2024/05/21,18:45:02,4.9
上游闸外水位,2024/05/21,18:45:02,4.8
内河侧水位,2024/05/21,19:00:00,4.8
长江侧水位,2024/05/21,19:00:00,5.3
上游闸内水位,2024/05/21,19:26:53,4.8
上游闸外水位,2024/05/21,19:26:53,4.8
下游闸内水位,2024/05/21,19:29:32,4.8
下游闸外水位,2024/05/21,19:29:32,5.2
下游闸内水位,2024/05/21,19:31:30,5.1
下游闸外水位,2024/05/21,19:31:30,5.2
内河侧水位,2024/05/21,20:00:00,4.8
长江侧水位,2024/05/21,20:00:00,5.1
下游闸内水位,2024/05/21,20:12:56,5.1
下游闸外水位,2024/05/21,20:12:56,5.1
上游闸内水位,2024/05/21,20:15:38,5.1
上游闸外水位,2024/05/21,20:15:38,4.8
上游闸内水位,2024/05/21,20:17:10,4.9
上游闸外水位,2024/05/21,20:17:10,4.8
上游闸内水位,2024/05/21,20:59:20,4.7
上游闸外水位,2024/05/21,20:59:20,4.7
内河侧水位,2024/05/21,21:00:00,4.7
长江侧水位,2024/05/21,21:00:00,5.0
下游闸内水位,2024/05/21,21:02:13,4.7
下游闸外水位,2024/05/21,21:02:13,5.0
下游闸内水位,2024/05/21,21:03:42,4.8
下游闸外水位,2024/05/21,21:03:42,5.0
下游闸内水位,2024/05/21,21:23:18,4.9
下游闸外水位,2024/05/21,21:23:18,4.9
上游闸内水位,2024/05/21,21:25:58,4.9
上游闸外水位,2024/05/21,21:25:58,4.7
上游闸内水位,2024/05/21,21:27:36,4.7
上游闸外水位,2024/05/21,21:27:36,4.7
上游闸内水位,2024/05/21,21:51:21,4.6
上游闸外水位,2024/05/21,21:51:21,4.7
下游闸内水位,2024/05/21,21:54:10,4.6
下游闸外水位,2024/05/21,21:54:10,4.9
下游闸内水位,2024/05/21,21:55:29,4.7
下游闸外水位,2024/05/21,21:55:29,4.9
内河侧水位,2024/05/21,22:00:00,4.6
长江侧水位,2024/05/21,22:00:00,4.9
下游闸内水位,2024/05/21,22:47:15,4.8
下游闸外水位,2024/05/21,22:47:15,4.8
上游闸内水位,2024/05/21,22:49:54,4.8
上游闸外水位,2024/05/21,22:49:54,4.6
上游闸内水位,2024/05/21,22:52:20,4.6
上游闸外水位,2024/05/21,22:52:20,4.6
内河侧水位,2024/05/21,23:00:00,4.6
长江侧水位,2024/05/21,23:00:00,4.8
上游闸内水位,2024/05/21,23:34:07,4.5
上游闸外水位,2024/05/21,23:34:07,4.5
下游闸内水位,2024/05/21,23:36:41,4.5
下游闸外水位,2024/05/21,23:36:41,4.7
下游闸内水位,2024/05/21,23:38:05,4.6
下游闸外水位,2024/05/21,23:38:05,4.6
内河侧水位,2024/05/22,0:00:00,4.5
长江侧水位,2024/05/22,0:00:00,4.6
下游闸内水位,2024/05/22,0:16:23,4.6
下游闸外水位,2024/05/22,0:16:23,4.6
上游闸内水位,2024/05/22,0:19:04,4.6
上游闸外水位,2024/05/22,0:19:04,4.5
上游闸内水位,2024/05/22,0:20:35,4.5
上游闸外水位,2024/05/22,0:20:35,4.5
上游闸内水位,2024/05/22,0:56:32,4.4
上游闸外水位,2024/05/22,0:56:32,4.4
下游闸内水位,2024/05/22,0:59:29,4.4
下游闸外水位,2024/05/22,0:59:29,4.5
内河侧水位,2024/05/22,1:00:00,4.4
长江侧水位,2024/05/22,1:00:00,4.5
下游闸内水位,2024/05/22,1:00:45,4.4
下游闸外水位,2024/05/22,1:00:45,4.5
下游闸内水位,2024/05/22,1:40:15,4.4
下游闸外水位,2024/05/22,1:40:15,4.5
上游闸内水位,2024/05/22,1:42:56,4.5
上游闸外水位,2024/05/22,1:42:56,4.4
内河侧水位,2024/05/22,2:00:00,4.3
长江侧水位,2024/05/22,2:00:00,4.5
上游闸内水位,2024/05/22,2:18:09,4.3
上游闸外水位,2024/05/22,2:18:09,4.3
下游闸内水位,2024/05/22,2:20:44,4.3
下游闸外水位,2024/05/22,2:20:44,4.4
内河侧水位,2024/05/22,3:00:00,4.4
长江侧水位,2024/05/22,3:00:00,4.7
下游闸内水位,2024/05/22,3:03:20,4.7
下游闸外水位,2024/05/22,3:03:20,4.7
上游闸内水位,2024/05/22,3:06:04,4.7
上游闸外水位,2024/05/22,3:06:04,4.4
上游闸内水位,2024/05/22,3:07:53,4.5
上游闸外水位,2024/05/22,3:07:53,4.4
内河侧水位,2024/05/22,16:00:00,4.5
长江侧水位,2024/05/22,16:00:00,4.9
下游闸内水位,2024/05/22,16:06:52,5.0
下游闸外水位,2024/05/22,16:06:52,5.0
上游闸内水位,2024/05/22,16:10:00,5.0
上游闸外水位,2024/05/22,16:10:00,4.5
上游闸内水位,2024/05/22,16:12:20,4.6
上游闸外水位,2024/05/22,16:12:20,4.5
上游闸内水位,2024/05/22,16:46:39,4.6
上游闸外水位,2024/05/22,16:46:39,4.6
下游闸内水位,2024/05/22,16:49:17,4.6
下游闸外水位,2024/05/22,16:49:17,5.2
下游闸内水位,2024/05/22,16:52:02,5.1
下游闸外水位,2024/05/22,16:52:02,5.3
内河侧水位,2024/05/22,17:00:00,4.6
长江侧水位,2024/05/22,17:00:00,5.2
下游闸内水位,2024/05/22,17:30:08,5.4
下游闸外水位,2024/05/22,17:30:08,5.4
上游闸内水位,2024/05/22,17:32:51,5.4
上游闸外水位,2024/05/22,17:32:51,4.7
上游闸内水位,2024/05/22,17:35:33,4.8
上游闸外水位,2024/05/22,17:35:33,4.7
内河侧水位,2024/05/22,18:00:00,4.8
长江侧水位,2024/05/22,18:00:00,5.4
上游闸内水位,2024/05/22,18:14:08,4.7
上游闸外水位,2024/05/22,18:14:08,4.8
下游闸内水位,2024/05/22,18:17:23,4.8
下游闸外水位,2024/05/22,18:17:23,5.4
下游闸内水位,2024/05/22,18:20:01,5.3
下游闸外水位,2024/05/22,18:20:01,5.4
上游闸内水位,2024/05/22,18:47:05,5.3
上游闸外水位,2024/05/22,18:47:05,4.8
内河侧水位,2024/05/22,19:00:00,4.8
长江侧水位,2024/05/22,19:00:00,5.3
上游闸内水位,2024/05/22,19:05:10,4.8
上游闸外水位,2024/05/22,19:05:10,4.8
下游闸内水位,2024/05/22,19:07:43,4.8
下游闸外水位,2024/05/22,19:07:43,5.3
下游闸内水位,2024/05/22,19:10:01,5.2
下游闸外水位,2024/05/22,19:10:01,5.3
下游闸内水位,2024/05/22,19:41:10,5.2
下游闸外水位,2024/05/22,19:41:10,5.2
上游闸内水位,2024/05/22,19:43:54,5.2
上游闸外水位,2024/05/22,19:43:54,4.8
上游闸内水位,2024/05/22,19:45:51,4.9
上游闸外水位,2024/05/22,19:45:51,4.8
内河侧水位,2024/05/22,20:00:00,4.8
长江侧水位,2024/05/22,20:00:00,5.2
上游闸内水位,2024/05/22,20:01:42,4.8
上游闸外水位,2024/05/22,20:01:42,4.8
下游闸内水位,2024/05/22,20:06:38,5.1
下游闸外水位,2024/05/22,20:06:38,5.2
下游闸内水位,2024/05/22,20:43:26,5.1
下游闸外水位,2024/05/22,20:43:26,5.1
上游闸内水位,2024/05/22,20:46:11,5.0
上游闸外水位,2024/05/22,20:46:11,4.7
上游闸外水位,2024/05/22,9:29:11,4.7
内河侧水位,2024/05/22,10:00:00,4.7
长江侧水位,2024/05/22,10:00:00,5.0
上游闸内水位,2024/05/22,10:00:24,4.7
上游闸外水位,2024/05/22,10:00:24,4.7
下游闸内水位,2024/05/22,10:02:53,4.7
下游闸外水位,2024/05/22,10:02:53,5.0
下游闸内水位,2024/05/22,10:04:21,4.8
下游闸外水位,2024/05/22,10:04:21,5.0
下游闸内水位,2024/05/22,10:35:51,4.9
下游闸外水位,2024/05/22,10:35:51,4.9
上游闸内水位,2024/05/22,10:38:26,4.9
上游闸外水位,2024/05/22,10:38:26,4.6
上游闸内水位,2024/05/22,10:39:54,4.8
上游闸外水位,2024/05/22,10:39:54,4.7
内河侧水位,2024/05/22,11:00:00,4.6
长江侧水位,2024/05/22,11:00:00,4.8
上游闸内水位,2024/05/22,11:05:59,4.6
上游闸外水位,2024/05/22,11:05:59,4.6
下游闸内水位,2024/05/22,11:08:35,4.6
下游闸外水位,2024/05/22,11:08:35,4.8
下游闸内水位,2024/05/22,11:09:58,4.7
下游闸外水位,2024/05/22,11:09:58,4.8
上游闸内水位,2024/05/22,11:16:08,4.8
上游闸外水位,2024/05/22,11:16:08,4.6
内河侧水位,2024/05/22,12:00:00,4.7
长江侧水位,2024/05/22,12:00:00,4.6
内河侧水位,2024/05/22,13:00:00,4.6
长江侧水位,2024/05/22,13:00:00,4.6
上游闸内水位,2024/05/22,13:22:02,4.5
上游闸外水位,2024/05/22,13:22:02,4.5
上游闸内水位,2024/05/22,13:26:53,4.5
上游闸外水位,2024/05/22,13:26:53,4.5
下游闸内水位,2024/05/22,13:59:20,4.5
下游闸外水位,2024/05/22,13:59:20,4.5
内河侧水位,2024/05/22,14:00:00,4.4
长江侧水位,2024/05/22,14:00:00,4.5
上游闸内水位,2024/05/22,14:02:10,4.5
上游闸外水位,2024/05/22,14:02:10,4.4
上游闸内水位,2024/05/22,14:04:21,4.4
上游闸外水位,2024/05/22,14:04:21,4.4
上游闸内水位,2024/05/22,14:41:44,4.3
上游闸外水位,2024/05/22,14:41:44,4.4
下游闸内水位,2024/05/22,14:44:18,4.3
下游闸外水位,2024/05/22,14:44:18,4.5
内河侧水位,2024/05/22,15:00:00,4.4
长江侧水位,2024/05/22,15:00:00,4.6
下游闸内水位,2024/05/22,15:18:47,4.6
下游闸外水位,2024/05/22,15:18:47,4.6
上游闸内水位,2024/05/22,15:21:38,4.6
上游闸外水位,2024/05/22,15:21:38,4.4
上游闸内水位,2024/05/22,15:23:04,4.4
上游闸外水位,2024/05/22,15:23:04,4.4
上游闸内水位,2024/05/22,15:37:44,4.4
上游闸外水位,2024/05/22,15:37:44,4.4
上游闸内水位,2024/05/22,20:47:48,4.8
上游闸外水位,2024/05/22,20:47:48,4.7
内河侧水位,2024/05/22,21:00:00,4.7
长江侧水位,2024/05/22,21:00:00,5.0
上游闸内水位,2024/05/22,21:27:54,4.7
上游闸外水位,2024/05/22,21:27:54,4.7
下游闸内水位,2024/05/22,21:30:59,4.7
下游闸外水位,2024/05/22,21:30:59,4.9
下游闸内水位,2024/05/22,21:32:23,4.8
下游闸外水位,2024/05/22,21:32:23,4.9
内河侧水位,2024/05/22,22:00:00,4.6
长江侧水位,2024/05/22,22:00:00,4.9
下游闸内水位,2024/05/22,22:32:43,4.8
下游闸外水位,2024/05/22,22:32:43,4.8
上游闸内水位,2024/05/22,22:35:18,4.8
上游闸外水位,2024/05/22,22:35:18,4.6
上游闸内水位,2024/05/22,22:36:47,4.7
上游闸外水位,2024/05/22,22:36:47,4.6
内河侧水位,2024/05/22,23:00:00,4.6
长江侧水位,2024/05/22,23:00:00,4.8
上游闸内水位,2024/05/22,23:16:55,4.5
上游闸外水位,2024/05/22,23:16:55,4.6
下游闸内水位,2024/05/22,23:19:28,4.5
下游闸外水位,2024/05/22,23:19:28,4.7
下游闸内水位,2024/05/22,23:20:54,4.6
下游闸外水位,2024/05/22,23:20:54,4.7
下游闸内水位,2024/05/22,23:58:05,4.6
下游闸外水位,2024/05/22,23:58:05,4.6
内河侧水位,2024/05/23,0:00:00,4.5
长江侧水位,2024/05/23,0:00:00,4.6
上游闸内水位,2024/05/23,0:00:50,4.6
上游闸外水位,2024/05/23,0:00:50,4.5
上游闸内水位,2024/05/23,0:02:19,4.5
上游闸外水位,2024/05/23,0:02:19,4.5
上游闸内水位,2024/05/23,0:37:58,4.4
上游闸外水位,2024/05/23,0:37:58,4.4
下游闸内水位,2024/05/23,0:41:40,4.4
下游闸外水位,2024/05/23,0:41:40,4.5
下游闸内水位,2024/05/23,0:43:04,4.5
下游闸外水位,2024/05/23,0:43:04,4.5
内河侧水位,2024/05/23,1:00:00,4.4
长江侧水位,2024/05/23,1:00:00,4.5
下游闸内水位,2024/05/23,1:22:23,4.4
下游闸外水位,2024/05/23,1:22:23,4.5
上游闸内水位,2024/05/23,1:24:57,4.4
上游闸外水位,2024/05/23,1:24:57,4.4
上游闸内水位,2024/05/23,1:26:30,4.4
上游闸外水位,2024/05/23,1:26:30,4.4
内河侧水位,2024/05/23,2:00:00,4.3
长江侧水位,2024/05/23,2:00:00,4.4
上游闸内水位,2024/05/23,2:03:13,4.3
上游闸外水位,2024/05/23,2:03:13,4.3
下游闸内水位,2024/05/23,2:05:46,4.3
下游闸外水位,2024/05/23,2:05:46,4.4
下游闸内水位,2024/05/23,2:07:16,4.3
下游闸外水位,2024/05/23,2:07:16,4.4
下游闸内水位,2024/05/23,2:37:34,4.3
下游闸外水位,2024/05/23,2:37:34,4.4
上游闸内水位,2024/05/23,2:40:12,4.3
上游闸外水位,2024/05/23,2:40:12,4.3
上游闸内水位,2024/05/23,2:41:44,4.3
上游闸外水位,2024/05/23,2:41:44,4.3
内河侧水位,2024/05/23,3:00:00,4.3
长江侧水位,2024/05/23,3:00:00,4.4
上游闸内水位,2024/05/23,3:20:13,4.3
上游闸外水位,2024/05/23,3:20:13,4.3
下游闸内水位,2024/05/23,3:22:46,4.3
下游闸外水位,2024/05/23,3:22:46,4.6
下游闸内水位,2024/05/23,3:24:04,4.4
下游闸外水位,2024/05/23,3:24:04,4.6
上游闸内水位,2024/05/23,3:40:19,4.7
上游闸外水位,2024/05/23,3:40:19,4.4
上游闸内水位,2024/05/23,3:42:05,4.5
上游闸外水位,2024/05/23,3:42:05,4.4
上游闸内水位,2024/05/23,8:35:56,4.8
上游闸外水位,2024/05/23,8:35:56,4.9
下游闸内水位,2024/05/23,8:38:26,4.8
下游闸外水位,2024/05/23,8:38:26,5.4
下游闸内水位,2024/05/23,8:40:37,5.2
下游闸外水位,2024/05/23,8:40:37,5.4
下游闸内水位,2024/05/23,8:57:30,5.3
下游闸外水位,2024/05/23,8:57:30,5.3
内河侧水位,2024/05/23,9:00:00,4.9
长江侧水位,2024/05/23,9:00:00,5.3
上游闸内水位,2024/05/23,9:00:24,5.3
上游闸外水位,2024/05/23,9:00:24,4.9
上游闸内水位,2024/05/23,9:02:40,4.9
上游闸外水位,2024/05/23,9:02:40,4.8
上游闸内水位,2024/05/23,9:27:45,4.8
上游闸外水位,2024/05/23,9:27:45,4.8
下游闸内水位,2024/05/23,9:30:19,4.8
下游闸外水位,2024/05/23,9:30:19,5.2
下游闸内水位,2024/05/23,9:32:00,5.0
下游闸外水位,2024/05/23,9:32:00,5.2
下游闸内水位,2024/05/23,9:49:56,5.1
下游闸外水位,2024/05/23,9:49:56,5.1
上游闸内水位,2024/05/23,9:52:32,5.2
上游闸外水位,2024/05/23,9:52:32,4.8
上游闸内水位,2024/05/23,9:54:00,5.0
上游闸外水位,2024/05/23,9:54:00,4.8
内河侧水位,2024/05/23,10:00:00,4.8
长江侧水位,2024/05/23,10:00:00,5.1
上游闸内水位,2024/05/23,10:17:01,4.7
上游闸外水位,2024/05/23,10:17:01,4.8
下游闸内水位,2024/05/23,10:19:32,4.7
下游闸外水位,2024/05/23,10:19:32,5.0
下游闸内水位,2024/05/23,10:20:59,4.9
下游闸外水位,2024/05/23,10:20:59,5.0
下游闸内水位,2024/05/23,10:47:06,5.0
下游闸外水位,2024/05/23,10:47:06,5.0
上游闸内水位,2024/05/23,10:49:39,5.0
上游闸外水位,2024/05/23,10:49:39,4.7
内河侧水位,2024/05/23,11:00:00,4.7
长江侧水位,2024/05/23,11:00:00,5.0
上游闸内水位,2024/05/23,11:03:44,4.7
上游闸外水位,2024/05/23,11:03:44,4.7
下游闸内水位,2024/05/23,11:06:14,4.7
下游闸外水位,2024/05/23,11:06:14,5.0
下游闸内水位,2024/05/23,11:14:17,4.9
下游闸内水位,2024/05/23,3:37:41,4.8
下游闸外水位,2024/05/23,3:37:41,4.8
上游闸内水位,2024/05/23,5:45:26,5.0
上游闸外水位,2024/05/23,5:45:26,4.8
下游闸外水位,2024/05/23,11:14:17,4.9
上游闸内水位,2024/05/23,11:17:28,4.9
上游闸外水位,2024/05/23,11:17:28,4.7
上游闸内水位,2024/05/23,11:24:29,4.7
上游闸外水位,2024/05/23,11:24:29,4.7
下游闸内水位,2024/05/23,11:26:49,4.6
下游闸外水位,2024/05/23,11:26:49,4.9
上游闸内水位,2024/05/23,11:27:03,4.6
上游闸外水位,2024/05/23,11:27:03,4.7
上游闸内水位,2024/05/23,11:30:41,4.7
上游闸外水位,2024/05/23,11:30:41,4.7
下游闸内水位,2024/05/23,11:30:44,4.7
下游闸外水位,2024/05/23,11:30:44,4.9
内河侧水位,2024/05/23,12:00:00,4.7
长江侧水位,2024/05/23,12:00:00,4.8
内河侧水位,2024/05/23,13:00:00,4.6
长江侧水位,2024/05/23,13:00:00,4.6
内河侧水位,2024/05/23,14:00:00,4.5
长江侧水位,2024/05/23,14:00:00,4.5
下游闸内水位,2024/05/23,14:54:11,4.4
下游闸外水位,2024/05/23,14:54:11,4.4
内河侧水位,2024/05/23,15:00:00,4.4
长江侧水位,2024/05/23,15:00:00,4.4
下游闸内水位,2024/05/23,15:28:12,4.4
下游闸外水位,2024/05/23,15:28:12,4.4
上游闸内水位,2024/05/23,16:57:36,4.5
上游闸外水位,2024/05/23,16:57:36,4.5
内河侧水位,2024/05/23,17:00:00,4.6
长江侧水位,2024/05/23,17:00:00,5.1
下游闸内水位,2024/05/23,17:00:09,4.5
下游闸外水位,2024/05/23,17:00:09,5.1
下游闸内水位,2024/05/23,17:02:47,5.0
下游闸外水位,2024/05/23,17:02:47,5.2
下游闸内水位,2024/05/23,17:14:01,5.2
下游闸外水位,2024/05/23,17:14:01,5.2
上游闸内水位,2024/05/23,17:16:38,5.2
上游闸外水位,2024/05/23,17:16:38,4.6
上游闸内水位,2024/05/23,17:19:55,4.6
上游闸外水位,2024/05/23,17:19:55,4.6
上游闸内水位,2024/05/23,17:40:19,4.6
上游闸外水位,2024/05/23,17:40:19,4.6
下游闸内水位,2024/05/23,17:43:07,4.6
下游闸外水位,2024/05/23,17:43:07,5.3
下游闸内水位,2024/05/23,17:45:46,5.2
下游闸外水位,2024/05/23,17:45:46,5.3
下游闸内水位,2024/05/23,17:57:39,5.3
下游闸外水位,2024/05/23,17:57:39,5.3
内河侧水位,2024/05/23,18:00:00,4.7
长江侧水位,2024/05/23,18:00:00,5.4
上游闸内水位,2024/05/23,18:00:14,5.4
上游闸外水位,2024/05/23,18:00:14,4.7
上游闸内水位,2024/05/23,18:03:22,4.7
上游闸外水位,2024/05/23,18:03:22,4.7
内河侧水位,2024/05/23,19:00:00,4.8
长江侧水位,2024/05/23,19:00:00,5.4
下游闸内水位,2024/05/23,19:39:36,5.3
下游闸外水位,2024/05/23,19:39:36,5.3
内河侧水位,2024/05/23,20:00:00,4.8
长江侧水位,2024/05/23,20:00:00,5.3
下游闸内水位,2024/05/23,20:08:53,5.2
下游闸外水位,2024/05/23,20:08:53,5.3
上游闸内水位,2024/05/23,20:11:45,5.2
上游闸外水位,2024/05/23,20:11:45,4.8
上游闸内水位,2024/05/23,20:13:38,4.9
上游闸外水位,2024/05/23,20:13:38,4.8
上游闸内水位,2024/05/23,20:30:56,4.7
上游闸外水位,2024/05/23,20:30:56,4.8
下游闸内水位,2024/05/23,20:33:41,4.7
下游闸外水位,2024/05/23,20:33:41,5.2
内河侧水位,2024/05/23,21:00:00,4.8
长江侧水位,2024/05/23,21:00:00,5.1
下游闸内水位,2024/05/23,21:04:55,5.1
下游闸外水位,2024/05/23,21:04:55,5.1
上游闸内水位,2024/05/23,21:12:40,5.0
上游闸外水位,2024/05/23,21:12:40,4.7
上游闸内水位,2024/05/23,21:14:06,4.9
上游闸外水位,2024/05/23,21:14:06,4.8
上游闸内水位,2024/05/23,21:54:27,4.7
上游闸外水位,2024/05/23,21:54:27,4.7
下游闸内水位,2024/05/23,21:57:04,4.7
下游闸外水位,2024/05/23,21:57:04,5.0
下游闸内水位,2024/05/23,22:44:26,4.8
下游闸外水位,2024/05/23,22:44:26,4.8
内河侧水位,2024/05/23,16:00:00,4.4
长江侧水位,2024/05/23,16:00:00,4.6
上游闸内水位,2024/05/23,16:12:38,4.4
上游闸外水位,2024/05/23,16:12:38,4.4
下游闸内水位,2024/05/23,16:15:11,4.4
下游闸外水位,2024/05/23,16:15:11,4.7
下游闸内水位,2024/05/23,16:16:53,4.6
下游闸外水位,2024/05/23,16:16:53,4.7
下游闸内水位,2024/05/23,16:32:08,4.8
下游闸外水位,2024/05/23,16:32:08,4.9
上游闸内水位,2024/05/23,18:20:24,4.7
上游闸外水位,2024/05/23,18:20:24,4.7
下游闸内水位,2024/05/23,20:35:22,5.0
下游闸外水位,2024/05/23,20:35:22,5.2
下游闸内水位,2024/05/24,0:45:02,4.5
下游闸外水位,2024/05/24,0:45:02,4.5
下游闸内水位,2024/05/24,1:55:15,4.4
下游闸外水位,2024/05/24,1:55:15,4.4
内河侧水位,2024/05/24,4:00:00,4.3
长江侧水位,2024/05/24,4:00:00,4.6
下游闸内水位,2024/05/24,4:05:28,4.7
下游闸外水位,2024/05/24,4:05:28,4.7
上游闸内水位,2024/05/24,4:08:04,4.8
上游闸外水位,2024/05/24,4:08:04,4.4
上游闸内水位,2024/05/24,4:09:56,4.5
上游闸外水位,2024/05/24,4:09:56,4.4
上游闸内水位,2024/05/24,4:42:19,4.5
上游闸外水位,2024/05/24,4:42:19,4.5
下游闸内水位,2024/05/24,4:45:06,4.5
下游闸外水位,2024/05/24,4:45:06,5.3
下游闸内水位,2024/05/24,4:48:05,5.2
下游闸外水位,2024/05/24,4:48:05,5.3
内河侧水位,2024/05/24,5:00:00,4.6
长江侧水位,2024/05/24,5:00:00,5.4
下游闸内水位,2024/05/24,5:33:24,5.7
下游闸外水位,2024/05/24,5:33:24,5.6
上游闸内水位,2024/05/24,5:36:27,5.7
上游闸外水位,2024/05/24,5:36:27,4.8
上游闸内水位,2024/05/24,5:39:32,4.9
上游闸外水位,2024/05/24,5:39:32,4.7
内河侧水位,2024/05/24,6:00:00,4.8
长江侧水位,2024/05/24,6:00:00,5.7
上游闸内水位,2024/05/24,6:11:17,4.8
上游闸外水位,2024/05/24,6:11:17,4.8
下游闸内水位,2024/05/24,6:13:48,4.8
下游闸外水位,2024/05/24,6:13:48,5.8
下游闸内水位,2024/05/24,6:17:22,5.7
下游闸外水位,2024/05/24,6:17:22,5.8
下游闸内水位,2024/05/24,6:50:14,5.8
下游闸外水位,2024/05/24,6:50:14,5.8
上游闸内水位,2024/05/24,6:54:02,5.8
上游闸外水位,2024/05/24,6:54:02,4.9
内河侧水位,2024/05/24,7:00:00,4.9
长江侧水位,2024/05/24,7:00:00,5.8
上游闸内水位,2024/05/24,7:01:09,5.0
上游闸外水位,2024/05/24,7:01:09,5.0
上游闸内水位,2024/05/24,7:25:36,4.9
上游闸外水位,2024/05/24,7:25:36,4.9
下游闸内水位,2024/05/24,7:29:59,4.9
下游闸外水位,2024/05/24,7:29:59,5.7
下游闸内水位,2024/05/24,7:32:56,5.6
下游闸外水位,2024/05/24,7:32:56,5.7
下游闸内水位,2024/05/24,7:50:16,5.7
下游闸外水位,2024/05/24,7:50:16,5.7
上游闸内水位,2024/05/24,7:53:00,5.7
上游闸外水位,2024/05/24,7:53:00,4.9
上游闸内水位,2024/05/24,7:56:03,5.0
上游闸外水位,2024/05/24,7:56:03,4.9
内河侧水位,2024/05/24,8:00:00,5.0
长江侧水位,2024/05/24,8:00:00,5.6
上游闸内水位,2024/05/24,8:10:45,4.9
上游闸外水位,2024/05/24,8:10:45,4.9
下游闸内水位,2024/05/24,8:14:59,4.9
下游闸外水位,2024/05/24,8:14:59,5.6
下游闸内水位,2024/05/24,8:17:32,5.4
下游闸外水位,2024/05/24,8:17:32,5.5
下游闸内水位,2024/05/24,8:34:32,5.5
下游闸外水位,2024/05/24,8:34:32,5.5
上游闸内水位,2024/05/24,8:37:08,5.6
上游闸外水位,2024/05/24,8:37:08,4.9
上游闸内水位,2024/05/24,8:39:52,5.0
上游闸外水位,2024/05/24,8:39:52,4.9
上游闸内水位,2024/05/24,8:59:07,4.9
上游闸外水位,2024/05/24,8:59:07,4.9
内河侧水位,2024/05/24,9:00:00,4.9
长江侧水位,2024/05/24,9:00:00,5.4
下游闸内水位,2024/05/24,9:02:18,4.8
上游闸内水位,2024/05/23,16:34:47,4.9
上游闸外水位,2024/05/23,16:34:47,4.5
上游闸内水位,2024/05/23,16:36:58,4.5
上游闸外水位,2024/05/23,16:36:58,4.5
下游闸内水位,2024/05/23,21:59:54,4.9
下游闸外水位,2024/05/23,21:59:54,4.9
内河侧水位,2024/05/23,22:00:00,4.7
长江侧水位,2024/05/23,22:00:00,4.9
下游闸外水位,2024/05/24,9:02:18,5.4
下游闸内水位,2024/05/24,9:04:31,5.3
下游闸外水位,2024/05/24,9:04:31,5.4
下游闸内水位,2024/05/24,9:12:56,5.4
下游闸外水位,2024/05/24,9:12:56,5.3
上游闸内水位,2024/05/24,9:20:56,5.4
上游闸外水位,2024/05/24,9:20:56,4.9
下游闸内水位,2024/05/24,9:22:35,5.3
下游闸外水位,2024/05/24,9:22:35,5.3
下游闸内水位,2024/05/24,9:28:08,5.3
下游闸外水位,2024/05/24,9:28:08,5.3
下游闸内水位,2024/05/24,9:47:23,5.2
下游闸外水位,2024/05/24,9:47:23,5.2
上游闸内水位,2024/05/24,9:50:04,5.2
上游闸外水位,2024/05/24,9:50:04,4.8
上游闸内水位,2024/05/24,9:51:45,5.0
上游闸外水位,2024/05/24,9:51:45,4.9
内河侧水位,2024/05/24,10:00:00,4.8
长江侧水位,2024/05/24,10:00:00,5.2
上游闸内水位,2024/05/24,10:21:22,4.8
上游闸外水位,2024/05/24,10:21:22,4.8
下游闸内水位,2024/05/24,10:23:54,4.8
下游闸外水位,2024/05/24,10:23:54,5.1
下游闸内水位,2024/05/24,10:25:52,5.0
下游闸外水位,2024/05/24,10:25:52,5.1
内河侧水位,2024/05/24,11:00:00,4.8
长江侧水位,2024/05/24,11:00:00,5.0
下游闸内水位,2024/05/24,11:02:28,5.0
下游闸外水位,2024/05/24,11:02:28,5.0
上游闸内水位,2024/05/24,11:05:07,5.1
上游闸外水位,2024/05/24,11:05:07,4.7
上游闸内水位,2024/05/24,11:06:33,4.9
上游闸外水位,2024/05/24,11:06:33,4.8
上游闸内水位,2024/05/24,11:35:13,4.7
上游闸外水位,2024/05/24,11:35:13,4.7
下游闸内水位,2024/05/24,11:36:37,4.7
下游闸外水位,2024/05/24,11:36:37,4.9
下游闸内水位,2024/05/24,11:37:05,4.7
下游闸外水位,2024/05/24,11:37:05,4.9
上游闸内水位,2024/05/24,11:37:23,4.7
上游闸外水位,2024/05/24,11:37:23,4.7
上游闸内水位,2024/05/24,11:43:41,4.9
上游闸外水位,2024/05/24,11:43:41,4.7
内河侧水位,2024/05/24,12:00:00,4.6
长江侧水位,2024/05/24,12:00:00,4.7
内河侧水位,2024/05/24,13:00:00,4.6
长江侧水位,2024/05/24,13:00:00,4.7
上游闸内水位,2024/05/24,13:11:43,4.6
上游闸外水位,2024/05/24,13:11:43,4.7
内河侧水位,2024/05/24,14:00:00,4.5
长江侧水位,2024/05/24,14:00:00,4.5
内河侧水位,2024/05/24,15:00:00,4.4
长江侧水位,2024/05/24,15:00:00,4.4
内河侧水位,2024/05/24,16:00:00,4.4
长江侧水位,2024/05/24,16:00:00,4.4
下游闸内水位,2024/05/24,16:10:57,4.4
下游闸外水位,2024/05/24,16:10:57,4.4
上游闸内水位,2024/05/24,16:50:06,4.4
上游闸外水位,2024/05/24,16:50:06,4.4
下游闸内水位,2024/05/24,16:52:44,4.3
下游闸外水位,2024/05/24,16:52:44,4.7
下游闸内水位,2024/05/24,16:54:14,4.5
下游闸外水位,2024/05/24,16:54:14,4.7
内河侧水位,2024/05/24,17:00:00,4.4
长江侧水位,2024/05/24,17:00:00,4.7
下游闸内水位,2024/05/24,17:19:41,4.9
下游闸外水位,2024/05/24,17:19:41,4.9
上游闸内水位,2024/05/24,17:22:31,4.9
上游闸外水位,2024/05/24,17:22:31,4.5
上游闸内水位,2024/05/24,17:24:43,4.6
上游闸外水位,2024/05/24,17:24:43,4.5
上游闸内水位,2024/05/24,17:56:32,4.6
上游闸外水位,2024/05/24,17:56:32,4.6
下游闸内水位,2024/05/24,17:59:40,4.5
下游闸外水位,2024/05/24,17:59:40,5.2
内河侧水位,2024/05/24,18:00:00,4.6
长江侧水位,2024/05/24,18:00:00,5.2
下游闸内水位,2024/05/24,18:02:39,5.1
下游闸外水位,2024/05/24,18:02:39,5.3
上游闸内水位,2024/05/23,22:48:22,4.8
上游闸外水位,2024/05/23,22:48:22,4.6
上游闸内水位,2024/05/23,22:49:48,4.7
上游闸外水位,2024/05/23,22:49:48,4.6
内河侧水位,2024/05/23,23:00:00,4.6
长江侧水位,2024/05/23,23:00:00,4.8
上游闸内水位,2024/05/23,23:35:55,4.5
上游闸外水位,2024/05/23,23:35:55,4.5
下游闸内水位,2024/05/23,23:39:41,4.5
下游闸外水位,2024/05/23,23:39:41,4.7
内河侧水位,2024/05/24,0:00:00,4.5
长江侧水位,2024/05/24,0:00:00,4.7
下游闸内水位,2024/05/24,0:19:04,4.6
下游闸外水位,2024/05/24,0:19:04,4.6
上游闸内水位,2024/05/24,0:21:45,4.6
上游闸外水位,2024/05/24,0:21:45,4.5
上游闸内水位,2024/05/24,0:23:19,4.5
上游闸外水位,2024/05/24,0:23:19,4.5
上游闸内水位,2024/05/24,0:40:35,4.5
上游闸外水位,2024/05/24,0:40:35,4.5
下游闸内水位,2024/05/24,0:43:35,4.4
下游闸外水位,2024/05/24,0:43:35,4.5
内河侧水位,2024/05/24,1:00:00,4.4
长江侧水位,2024/05/24,1:00:00,4.5
下游闸内水位,2024/05/24,1:08:06,4.5
下游闸外水位,2024/05/24,1:08:06,4.5
上游闸内水位,2024/05/24,1:10:55,4.5
上游闸外水位,2024/05/24,1:10:55,4.4
上游闸内水位,2024/05/24,1:13:03,4.4
上游闸外水位,2024/05/24,1:13:03,4.4
上游闸内水位,2024/05/24,1:49:54,4.3
上游闸外水位,2024/05/24,1:49:54,4.4
下游闸内水位,2024/05/24,1:52:57,4.3
下游闸外水位,2024/05/24,1:52:57,4.4
内河侧水位,2024/05/24,2:00:00,4.3
长江侧水位,2024/05/24,2:00:00,4.4
下游闸内水位,2024/05/24,2:41:19,4.3
下游闸外水位,2024/05/24,2:41:19,4.4
上游闸内水位,2024/05/24,2:43:56,4.3
上游闸外水位,2024/05/24,2:43:56,4.3
上游闸内水位,2024/05/24,2:45:32,4.3
上游闸外水位,2024/05/24,2:45:32,4.3
内河侧水位,2024/05/24,3:00:00,4.2
长江侧水位,2024/05/24,3:00:00,4.3
上游闸内水位,2024/05/24,3:29:11,4.2
上游闸外水位,2024/05/24,3:29:11,4.3
下游闸内水位,2024/05/24,3:31:41,4.2
下游闸外水位,2024/05/24,3:31:41,4.4
上游闸内水位,2024/05/25,3:52:34,4.2
上游闸外水位,2024/05/25,3:52:34,4.2
下游闸内水位,2024/05/25,3:55:08,4.2
下游闸外水位,2024/05/25,3:55:08,4.3
内河侧水位,2024/05/25,4:00:00,4.2
长江侧水位,2024/05/25,4:00:00,4.4
下游闸内水位,2024/05/25,4:07:22,4.4
下游闸外水位,2024/05/25,4:07:22,4.4
上游闸内水位,2024/05/25,4:09:57,4.4
上游闸外水位,2024/05/25,4:09:57,4.3
上游闸内水位,2024/05/25,4:11:29,4.3
上游闸外水位,2024/05/25,4:11:29,4.3
上游闸内水位,2024/05/25,4:36:31,4.3
上游闸外水位,2024/05/25,4:36:31,4.4
下游闸内水位,2024/05/25,4:39:13,4.3
下游闸外水位,2024/05/25,4:39:13,4.8
下游闸内水位,2024/05/25,4:41:34,4.7
下游闸外水位,2024/05/25,4:41:34,4.9
下游闸内水位,2024/05/25,4:56:25,5.2
下游闸外水位,2024/05/25,4:56:25,5.2
上游闸内水位,2024/05/25,4:59:01,5.1
上游闸外水位,2024/05/25,4:59:01,4.5
内河侧水位,2024/05/25,5:00:00,4.5
长江侧水位,2024/05/25,5:00:00,5.2
上游闸内水位,2024/05/25,5:02:28,4.5
上游闸外水位,2024/05/25,5:02:28,4.5
下游闸内水位,2024/05/25,5:25:10,4.6
下游闸外水位,2024/05/25,5:25:10,5.5
下游闸内水位,2024/05/25,5:28:55,5.4
下游闸外水位,2024/05/25,5:28:55,5.5
下游闸内水位,2024/05/25,5:40:43,5.6
下游闸外水位,2024/05/25,5:40:43,5.6
上游闸内水位,2024/05/25,5:43:43,5.6
上游闸外水位,2024/05/25,5:43:43,4.7
内河侧水位,2024/05/25,6:00:00,4.8
长江侧水位,2024/05/25,6:00:00,5.8
上游闸内水位,2024/05/25,6:07:50,4.7
上游闸外水位,2024/05/25,6:07:50,4.8
下游闸内水位,2024/05/25,6:10:30,4.8
下游闸内水位,2024/05/24,18:26:38,5.3
下游闸外水位,2024/05/24,18:26:38,5.3
上游闸内水位,2024/05/24,18:29:16,5.3
上游闸外水位,2024/05/24,18:29:16,4.7
上游闸内水位,2024/05/24,18:31:51,4.8
上游闸外水位,2024/05/24,18:31:51,4.6
上游闸内水位,2024/05/24,18:59:58,4.7
上游闸外水位,2024/05/24,18:59:58,4.7
内河侧水位,2024/05/24,19:00:00,4.7
长江侧水位,2024/05/24,19:00:00,5.4
下游闸内水位,2024/05/24,19:02:43,4.7
下游闸外水位,2024/05/24,19:02:43,5.4
下游闸内水位,2024/05/24,19:05:28,5.3
下游闸外水位,2024/05/24,19:05:28,5.4
下游闸内水位,2024/05/24,19:44:43,5.3
下游闸外水位,2024/05/24,19:44:43,5.4
上游闸内水位,2024/05/24,19:47:29,5.4
上游闸外水位,2024/05/24,19:47:29,4.8
上游闸内水位,2024/05/24,19:53:19,5.0
上游闸外水位,2024/05/24,19:53:19,4.8
上游闸内水位,2024/05/24,19:54:33,4.8
上游闸外水位,2024/05/24,19:54:33,4.8
内河侧水位,2024/05/24,20:00:00,4.8
长江侧水位,2024/05/24,20:00:00,5.3
上游闸内水位,2024/05/24,20:09:54,4.8
上游闸外水位,2024/05/24,20:09:54,4.8
下游闸内水位,2024/05/24,20:42:04,4.8
下游闸外水位,2024/05/24,20:42:04,5.2
下游闸内水位,2024/05/24,20:46:20,5.2
下游闸外水位,2024/05/24,20:46:20,5.3
内河侧水位,2024/05/24,21:00:00,4.8
长江侧水位,2024/05/24,21:00:00,5.2
下游闸内水位,2024/05/24,21:11:36,5.1
下游闸外水位,2024/05/24,21:11:36,5.2
上游闸内水位,2024/05/24,21:14:10,5.1
上游闸外水位,2024/05/24,21:14:10,4.8
上游闸内水位,2024/05/24,21:15:41,4.9
上游闸外水位,2024/05/24,21:15:41,4.8
上游闸内水位,2024/05/24,21:54:11,4.7
上游闸外水位,2024/05/24,21:54:11,4.7
下游闸内水位,2024/05/24,21:57:35,4.7
下游闸外水位,2024/05/24,21:57:35,5.0
下游闸内水位,2024/05/24,21:59:30,4.9
下游闸外水位,2024/05/24,21:59:30,5.0
内河侧水位,2024/05/24,22:00:00,4.7
长江侧水位,2024/05/24,22:00:00,5.0
下游闸内水位,2024/05/24,22:37:30,4.9
下游闸外水位,2024/05/24,22:37:30,4.9
上游闸内水位,2024/05/24,22:40:46,4.9
上游闸外水位,2024/05/24,22:40:46,4.7
上游闸内水位,2024/05/24,22:42:13,4.8
上游闸外水位,2024/05/24,22:42:13,4.7
内河侧水位,2024/05/24,23:00:00,4.7
长江侧水位,2024/05/24,23:00:00,4.8
上游闸内水位,2024/05/24,23:19:05,4.6
上游闸外水位,2024/05/24,23:19:05,4.6
下游闸内水位,2024/05/24,23:21:35,4.6
下游闸外水位,2024/05/24,23:21:35,4.8
内河侧水位,2024/05/25,0:00:00,4.5
长江侧水位,2024/05/25,0:00:00,4.7
下游闸内水位,2024/05/25,0:05:00,4.6
下游闸外水位,2024/05/25,0:05:00,4.7
下游闸内水位,2024/05/25,0:09:47,4.7
下游闸外水位,2024/05/25,0:09:47,4.7
上游闸内水位,2024/05/25,0:11:43,4.6
上游闸外水位,2024/05/25,0:11:43,4.5
上游闸内水位,2024/05/25,0:13:10,4.6
上游闸外水位,2024/05/25,0:13:10,4.6
上游闸内水位,2024/05/25,0:54:46,4.4
上游闸外水位,2024/05/25,0:54:46,4.5
下游闸内水位,2024/05/25,0:57:24,4.4
下游闸外水位,2024/05/25,0:57:24,4.6
下游闸内水位,2024/05/25,0:58:49,4.5
下游闸外水位,2024/05/25,0:58:49,4.6
内河侧水位,2024/05/25,1:00:00,4.5
长江侧水位,2024/05/25,1:00:00,4.6
下游闸内水位,2024/05/25,1:18:37,4.5
下游闸外水位,2024/05/25,1:18:37,4.5
上游闸内水位,2024/05/25,1:21:15,4.5
上游闸外水位,2024/05/25,1:21:15,4.4
上游闸内水位,2024/05/25,1:22:41,4.4
上游闸外水位,2024/05/25,1:22:41,4.4
上游闸内水位,2024/05/25,1:40:03,4.4
上游闸外水位,2024/05/25,1:40:03,4.4
下游闸内水位,2024/05/25,1:42:39,4.3
下游闸外水位,2024/05/25,1:42:39,4.4
下游闸内水位,2024/05/25,1:44:37,4.4
下游闸外水位,2024/05/25,1:44:37,4.5
下游闸内水位,2024/05/25,1:55:45,4.4
下游闸外水位,2024/05/25,1:55:45,4.5
上游闸内水位,2024/05/25,1:58:29,4.4
上游闸外水位,2024/05/25,1:58:29,4.4
内河侧水位,2024/05/25,2:00:00,4.4
长江侧水位,2024/05/25,2:00:00,4.4
上游闸内水位,2024/05/25,2:24:21,4.3
上游闸外水位,2024/05/25,2:24:21,4.3
下游闸内水位,2024/05/25,2:27:02,4.3
下游闸外水位,2024/05/25,2:27:02,4.4
下游闸内水位,2024/05/25,2:29:47,4.4
下游闸外水位,2024/05/25,2:29:47,4.4
下游闸内水位,2024/05/25,2:40:52,4.3
下游闸外水位,2024/05/25,2:40:52,4.4
上游闸内水位,2024/05/25,2:43:36,4.3
上游闸外水位,2024/05/25,2:43:36,4.3
内河侧水位,2024/05/25,3:00:00,4.3
长江侧水位,2024/05/25,3:00:00,4.3
上游闸内水位,2024/05/25,3:07:57,4.2
上游闸外水位,2024/05/25,3:07:57,4.3
下游闸内水位,2024/05/25,3:10:29,4.2
下游闸外水位,2024/05/25,3:10:29,4.3
下游闸内水位,2024/05/25,3:11:45,4.3
下游闸外水位,2024/05/25,3:11:45,4.3
下游闸内水位,2024/05/25,3:24:16,4.3
下游闸外水位,2024/05/25,3:24:16,4.3
上游闸内水位,2024/05/25,3:27:02,4.3
上游闸外水位,2024/05/25,3:27:02,4.3
上游闸内水位,2024/05/25,3:28:33,4.2
上游闸外水位,2024/05/25,3:28:33,4.3
上游闸内水位,2024/05/25,5:22:39,4.6
上游闸外水位,2024/05/25,5:22:39,4.6
上游闸内水位,2024/05/25,15:35:11,4.4
上游闸外水位,2024/05/25,15:35:11,4.4
下游闸内水位,2024/05/25,15:37:43,4.4
下游闸外水位,2024/05/25,15:37:43,4.5
下游闸内水位,2024/05/25,16:14:54,4.4
下游闸外水位,2024/05/25,16:14:54,4.4
上游闸内水位,2024/05/25,16:17:31,4.4
上游闸外水位,2024/05/25,16:17:31,4.3
上游闸内水位,2024/05/25,16:19:15,4.3
上游闸外水位,2024/05/25,16:19:15,4.3
上游闸内水位,2024/05/25,16:56:10,4.3
上游闸外水位,2024/05/25,16:56:10,4.3
内河侧水位,2024/05/25,17:00:00,4.3
长江侧水位,2024/05/25,17:00:00,4.4
下游闸内水位,2024/05/25,17:02:54,4.3
下游闸外水位,2024/05/25,17:02:54,4.5
下游闸内水位,2024/05/25,17:04:22,4.4
下游闸外水位,2024/05/25,17:04:22,4.5
下游闸内水位,2024/05/25,17:46:38,4.9
下游闸外水位,2024/05/25,17:46:38,4.9
上游闸内水位,2024/05/25,17:49:18,5.0
上游闸外水位,2024/05/25,17:49:18,4.5
上游闸内水位,2024/05/25,17:51:44,4.5
上游闸外水位,2024/05/25,17:51:44,4.5
内河侧水位,2024/05/25,18:00:00,4.5
长江侧水位,2024/05/25,18:00:00,5.1
上游闸内水位,2024/05/25,18:26:08,4.6
上游闸外水位,2024/05/25,18:26:08,4.6
下游闸内水位,2024/05/25,18:28:47,4.6
下游闸外水位,2024/05/25,18:28:47,5.3
下游闸内水位,2024/05/25,18:31:29,5.1
下游闸外水位,2024/05/25,18:31:29,5.3
下游闸内水位,2024/05/25,18:47:18,5.3
下游闸外水位,2024/05/25,18:47:18,5.3
上游闸内水位,2024/05/25,18:50:08,5.3
上游闸外水位,2024/05/25,18:50:08,4.7
上游闸内水位,2024/05/25,18:52:52,4.7
上游闸外水位,2024/05/25,18:52:52,4.6
内河侧水位,2024/05/25,19:00:00,4.7
长江侧水位,2024/05/25,19:00:00,5.4
上游闸内水位,2024/05/25,19:14:58,4.7
上游闸外水位,2024/05/25,19:14:58,4.7
下游闸内水位,2024/05/25,19:17:34,4.7
下游闸外水位,2024/05/25,19:17:34,5.4
下游闸内水位,2024/05/25,19:20:16,5.3
下游闸外水位,2024/05/25,19:20:16,5.4
下游闸内水位,2024/05/25,19:58:48,5.5
下游闸外水位,2024/05/25,19:58:48,5.5
内河侧水位,2024/05/25,20:00:00,4.8
长江侧水位,2024/05/25,20:00:00,5.5
上游闸内水位,2024/05/25,20:01:30,5.5
上游闸外水位,2024/05/25,20:01:30,4.8
上游闸内水位,2024/05/25,20:04:02,4.9
上游闸外水位,2024/05/25,20:04:02,4.8
上游闸内水位,2024/05/25,5:47:05,4.8
上游闸外水位,2024/05/25,5:47:05,4.7
下游闸内水位,2024/05/25,7:32:11,5.0
下游闸外水位,2024/05/25,7:32:11,6.0
上游闸内水位,2024/05/25,9:31:01,5.0
上游闸外水位,2024/05/25,9:31:01,4.9
上游闸内水位,2024/05/25,20:44:26,4.8
上游闸外水位,2024/05/25,20:44:26,4.8
下游闸内水位,2024/05/25,20:47:00,4.8
下游闸外水位,2024/05/25,20:47:00,5.4
下游闸内水位,2024/05/25,20:50:28,5.3
下游闸外水位,2024/05/25,20:50:28,5.4
内河侧水位,2024/05/25,21:00:00,4.8
长江侧水位,2024/05/25,21:00:00,5.4
下游闸内水位,2024/05/25,21:31:44,5.2
下游闸外水位,2024/05/25,21:31:44,5.3
上游闸内水位,2024/05/25,21:34:30,5.2
上游闸外水位,2024/05/25,21:34:30,4.8
上游闸内水位,2024/05/25,21:36:28,4.9
上游闸外水位,2024/05/25,21:36:28,4.8
内河侧水位,2024/05/25,22:00:00,4.8
长江侧水位,2024/05/25,22:00:00,5.2
上游闸内水位,2024/05/25,22:10:55,4.8
上游闸外水位,2024/05/25,22:10:55,4.8
下游闸内水位,2024/05/25,22:13:51,4.7
下游闸外水位,2024/05/25,22:13:51,5.1
下游闸内水位,2024/05/25,22:15:47,5.0
下游闸外水位,2024/05/25,22:15:47,5.1
下游闸内水位,2024/05/25,22:44:28,5.0
下游闸外水位,2024/05/25,22:44:28,5.0
上游闸内水位,2024/05/25,22:47:07,5.0
上游闸外水位,2024/05/25,22:47:07,4.7
上游闸内水位,2024/05/25,22:48:52,4.8
上游闸外水位,2024/05/25,22:48:52,4.7
内河侧水位,2024/05/25,23:00:00,4.7
长江侧水位,2024/05/25,23:00:00,5.0
上游闸内水位,2024/05/25,23:29:51,4.7
上游闸外水位,2024/05/25,23:29:51,4.7
下游闸内水位,2024/05/25,23:32:46,4.6
下游闸外水位,2024/05/25,23:32:46,4.9
下游闸内水位,2024/05/25,23:34:18,4.8
下游闸外水位,2024/05/25,23:34:18,4.9
内河侧水位,2024/05/26,0:00:00,4.6
长江侧水位,2024/05/26,0:00:00,4.8
下游闸内水位,2024/05/26,0:18:24,4.7
下游闸外水位,2024/05/26,0:18:24,4.8
上游闸内水位,2024/05/26,0:22:30,4.8
上游闸外水位,2024/05/26,0:22:30,4.6
上游闸内水位,2024/05/26,0:23:59,4.6
上游闸外水位,2024/05/26,0:23:59,4.6
内河侧水位,2024/05/26,1:00:00,4.5
长江侧水位,2024/05/26,1:00:00,4.7
上游闸内水位,2024/05/26,1:02:48,4.5
上游闸外水位,2024/05/26,1:02:48,4.5
下游闸内水位,2024/05/26,1:05:20,4.5
下游闸外水位,2024/05/26,1:05:20,4.7
下游闸内水位,2024/05/26,1:07:12,4.6
下游闸外水位,2024/05/26,1:07:12,4.7
下游闸内水位,2024/05/26,1:52:38,4.6
下游闸外水位,2024/05/26,1:52:38,4.6
上游闸内水位,2024/05/26,1:55:22,4.6
上游闸外水位,2024/05/26,1:55:22,4.5
内河侧水位,2024/05/26,2:00:00,4.4
长江侧水位,2024/05/26,2:00:00,4.5
上游闸内水位,2024/05/26,2:40:56,4.4
上游闸外水位,2024/05/26,2:40:56,4.4
下游闸内水位,2024/05/26,2:43:31,4.3
下游闸外水位,2024/05/26,2:43:31,4.4
下游闸内水位,2024/05/26,2:44:56,4.4
下游闸外水位,2024/05/26,2:44:56,4.4
下游闸内水位,2024/05/26,2:56:21,4.4
下游闸外水位,2024/05/26,2:56:21,4.4
上游闸内水位,2024/05/26,2:58:57,4.4
上游闸外水位,2024/05/26,2:58:57,4.4
内河侧水位,2024/05/26,3:00:00,4.4
长江侧水位,2024/05/26,3:00:00,4.4
上游闸内水位,2024/05/26,3:00:26,4.3
上游闸外水位,2024/05/26,3:00:26,4.4
上游闸内水位,2024/05/26,3:33:58,4.3
上游闸外水位,2024/05/26,3:33:58,4.3
下游闸内水位,2024/05/26,3:36:28,4.3
下游闸外水位,2024/05/26,3:36:28,4.3
下游闸内水位,2024/05/26,3:38:04,4.3
下游闸外水位,2024/05/26,3:38:04,4.3
下游闸内水位,2024/05/26,3:54:11,4.3
下游闸外水位,2024/05/26,3:54:11,4.3
上游闸内水位,2024/05/26,3:57:12,4.3
下游闸外水位,2024/05/25,6:10:30,5.8
下游闸内水位,2024/05/25,6:15:59,5.8
下游闸外水位,2024/05/25,6:15:59,5.8
下游闸内水位,2024/05/25,6:27:18,5.9
下游闸外水位,2024/05/25,6:27:18,5.9
上游闸内水位,2024/05/25,6:30:41,5.9
上游闸外水位,2024/05/25,6:30:41,4.8
上游闸内水位,2024/05/25,6:34:10,5.0
上游闸外水位,2024/05/25,6:34:10,4.8
上游闸内水位,2024/05/25,6:44:40,4.9
上游闸外水位,2024/05/25,6:44:40,4.9
下游闸内水位,2024/05/25,6:47:16,4.9
下游闸外水位,2024/05/25,6:47:16,6.0
下游闸内水位,2024/05/25,6:50:42,5.7
下游闸外水位,2024/05/25,6:50:42,5.9
内河侧水位,2024/05/25,7:00:00,4.9
长江侧水位,2024/05/25,7:00:00,6.0
下游闸内水位,2024/05/25,7:03:35,5.9
下游闸外水位,2024/05/25,7:03:35,6.0
上游闸内水位,2024/05/25,7:06:13,6.0
上游闸外水位,2024/05/25,7:06:13,4.9
上游闸内水位,2024/05/25,7:09:37,5.1
上游闸外水位,2024/05/25,7:09:37,4.9
上游闸内水位,2024/05/25,7:29:36,4.9
上游闸外水位,2024/05/25,7:29:36,5.0
下游闸内水位,2024/05/25,7:35:34,5.8
下游闸外水位,2024/05/25,7:35:34,5.9
下游闸内水位,2024/05/25,7:43:51,5.9
下游闸外水位,2024/05/25,7:43:51,5.9
上游闸内水位,2024/05/25,7:46:29,6.0
上游闸外水位,2024/05/25,7:46:29,5.0
上游闸内水位,2024/05/25,7:49:58,5.1
上游闸外水位,2024/05/25,7:49:58,4.9
内河侧水位,2024/05/25,8:00:00,5.0
长江侧水位,2024/05/25,8:00:00,5.9
上游闸内水位,2024/05/25,8:09:00,5.0
上游闸外水位,2024/05/25,8:09:00,5.0
上游闸内水位,2024/05/25,8:09:13,5.0
上游闸外水位,2024/05/25,8:09:13,5.0
下游闸内水位,2024/05/25,8:11:45,5.0
下游闸外水位,2024/05/25,8:11:45,5.9
下游闸内水位,2024/05/25,8:14:43,5.7
下游闸外水位,2024/05/25,8:14:43,5.8
下游闸内水位,2024/05/25,8:25:12,5.8
下游闸外水位,2024/05/25,8:25:12,5.8
上游闸内水位,2024/05/25,8:27:54,5.7
上游闸外水位,2024/05/25,8:27:54,5.0
上游闸内水位,2024/05/25,8:30:36,5.1
上游闸外水位,2024/05/25,8:30:36,4.9
上游闸内水位,2024/05/25,8:54:07,5.0
上游闸外水位,2024/05/25,8:54:07,5.0
下游闸内水位,2024/05/25,8:56:37,4.9
下游闸外水位,2024/05/25,8:56:37,5.6
内河侧水位,2024/05/25,9:00:00,5.0
长江侧水位,2024/05/25,9:00:00,5.6
下游闸内水位,2024/05/25,9:00:07,5.6
下游闸外水位,2024/05/25,9:00:07,5.6
下游闸内水位,2024/05/25,9:25:54,5.5
下游闸外水位,2024/05/25,9:25:54,5.5
上游闸内水位,2024/05/25,9:28:30,5.5
上游闸外水位,2024/05/25,9:28:30,4.9
上游闸内水位,2024/05/25,9:50:16,4.9
上游闸外水位,2024/05/25,9:50:16,4.9
下游闸内水位,2024/05/25,9:52:47,4.9
下游闸外水位,2024/05/25,9:52:47,5.4
下游闸内水位,2024/05/25,9:54:58,5.2
下游闸外水位,2024/05/25,9:54:58,5.4
内河侧水位,2024/05/25,10:00:00,4.9
长江侧水位,2024/05/25,10:00:00,5.4
下游闸内水位,2024/05/25,10:15:43,5.3
下游闸外水位,2024/05/25,10:15:43,5.3
上游闸内水位,2024/05/25,10:18:23,5.3
上游闸外水位,2024/05/25,10:18:23,4.9
上游闸内水位,2024/05/25,10:20:43,4.9
上游闸外水位,2024/05/25,10:20:43,4.8
上游闸内水位,2024/05/25,10:53:04,4.8
上游闸外水位,2024/05/25,10:53:04,4.8
下游闸内水位,2024/05/25,10:55:38,4.8
下游闸外水位,2024/05/25,10:55:38,5.2
下游闸内水位,2024/05/25,10:57:23,5.0
下游闸外水位,2024/05/25,10:57:23,5.2
内河侧水位,2024/05/25,11:00:00,4.8
长江侧水位,2024/05/25,11:00:00,5.2
内河侧水位,2024/05/25,12:00:00,4.7
长江侧水位,2024/05/25,12:00:00,5.0
下游闸内水位,2024/05/25,12:13:25,5.0
下游闸外水位,2024/05/25,12:13:25,5.0
上游闸内水位,2024/05/25,12:16:09,4.9
上游闸外水位,2024/05/25,12:16:09,4.7
上游闸内水位,2024/05/25,12:17:58,4.8
上游闸外水位,2024/05/25,12:17:58,4.7
上游闸内水位,2024/05/25,12:32:41,4.7
上游闸外水位,2024/05/25,12:32:41,4.7
下游闸内水位,2024/05/25,12:35:13,4.6
下游闸外水位,2024/05/25,12:35:13,4.9
下游闸内水位,2024/05/25,12:36:30,4.8
下游闸外水位,2024/05/25,12:36:30,4.8
内河侧水位,2024/05/25,13:00:00,4.7
长江侧水位,2024/05/25,13:00:00,4.8
下游闸内水位,2024/05/25,13:00:58,4.8
下游闸外水位,2024/05/25,13:00:58,4.8
上游闸内水位,2024/05/25,13:04:08,4.8
上游闸外水位,2024/05/25,13:04:08,4.6
上游闸内水位,2024/05/25,13:38:31,4.5
上游闸外水位,2024/05/25,13:38:31,4.6
下游闸内水位,2024/05/25,13:41:10,4.5
下游闸外水位,2024/05/25,13:41:10,4.7
内河侧水位,2024/05/25,14:00:00,4.6
长江侧水位,2024/05/25,14:00:00,4.7
下游闸内水位,2024/05/25,14:24:29,4.6
下游闸外水位,2024/05/25,14:24:29,4.6
上游闸内水位,2024/05/25,14:27:12,4.6
上游闸外水位,2024/05/25,14:27:12,4.5
上游闸内水位,2024/05/25,14:43:40,4.4
上游闸外水位,2024/05/25,14:43:40,4.5
下游闸内水位,2024/05/25,14:46:14,4.5
下游闸外水位,2024/05/25,14:46:14,4.6
下游闸内水位,2024/05/25,14:47:31,4.5
下游闸外水位,2024/05/25,14:47:31,4.5
内河侧水位,2024/05/25,15:00:00,4.5
长江侧水位,2024/05/25,15:00:00,4.5
下游闸内水位,2024/05/25,15:13:25,4.5
下游闸外水位,2024/05/25,15:13:25,4.5
上游闸内水位,2024/05/25,15:16:06,4.5
上游闸外水位,2024/05/25,15:16:06,4.4
上游闸内水位,2024/05/25,15:17:32,4.4
上游闸外水位,2024/05/25,15:17:32,4.4
下游闸内水位,2024/05/25,15:40:54,4.5
下游闸外水位,2024/05/25,15:40:54,4.5
内河侧水位,2024/05/25,16:00:00,4.4
长江侧水位,2024/05/25,16:00:00,4.4
下游闸内水位,2024/05/26,7:03:10,4.8
下游闸外水位,2024/05/26,7:03:10,5.8
下游闸内水位,2024/05/26,15:41:04,4.5
下游闸外水位,2024/05/26,15:41:04,4.5
上游闸内水位,2024/05/26,15:43:40,4.4
上游闸外水位,2024/05/26,15:43:40,4.4
上游闸内水位,2024/05/26,15:45:02,4.4
上游闸外水位,2024/05/26,15:45:02,4.4
内河侧水位,2024/05/26,16:00:00,4.3
长江侧水位,2024/05/26,16:00:00,4.4
上游闸内水位,2024/05/26,16:21:02,4.3
上游闸外水位,2024/05/26,16:21:02,4.4
下游闸内水位,2024/05/26,16:23:45,4.3
下游闸外水位,2024/05/26,16:23:45,4.4
内河侧水位,2024/05/26,17:00:00,4.2
长江侧水位,2024/05/26,17:00:00,4.4
下游闸内水位,2024/05/26,17:00:59,4.4
下游闸外水位,2024/05/26,17:00:59,4.4
上游闸内水位,2024/05/26,17:03:46,4.4
上游闸外水位,2024/05/26,17:03:46,4.2
上游闸内水位,2024/05/26,17:43:46,4.1
上游闸外水位,2024/05/26,17:43:46,4.1
下游闸内水位,2024/05/26,17:46:16,4.1
下游闸外水位,2024/05/26,17:46:16,4.5
下游闸内水位,2024/05/26,17:47:43,4.2
下游闸外水位,2024/05/26,17:47:43,4.4
内河侧水位,2024/05/26,18:00:00,4.1
长江侧水位,2024/05/26,18:00:00,4.5
下游闸内水位,2024/05/26,18:11:10,4.5
下游闸外水位,2024/05/26,18:11:10,4.6
上游闸内水位,2024/05/26,18:16:46,4.6
上游闸外水位,2024/05/26,18:16:46,4.1
上游闸内水位,2024/05/26,18:20:50,4.0
上游闸外水位,2024/05/26,18:20:50,4.0
上游闸内水位,2024/05/26,18:44:06,4.0
上游闸外水位,2024/05/26,18:44:06,4.1
下游闸内水位,2024/05/26,18:48:06,4.0
下游闸外水位,2024/05/26,18:48:06,4.9
下游闸内水位,2024/05/26,18:52:21,4.9
下游闸外水位,2024/05/26,18:52:21,5.0
内河侧水位,2024/05/26,19:00:00,4.0
长江侧水位,2024/05/26,19:00:00,5.0
下游闸内水位,2024/05/26,19:23:30,5.1
上游闸外水位,2024/05/26,3:57:12,4.3
内河侧水位,2024/05/26,4:00:00,4.3
长江侧水位,2024/05/26,4:00:00,4.3
上游闸内水位,2024/05/26,4:16:58,4.3
上游闸外水位,2024/05/26,4:16:58,4.3
下游闸内水位,2024/05/26,4:20:07,4.2
下游闸外水位,2024/05/26,4:20:07,4.3
下游闸内水位,2024/05/26,4:33:43,4.3
下游闸外水位,2024/05/26,4:33:43,4.3
上游闸内水位,2024/05/26,4:36:16,4.4
上游闸外水位,2024/05/26,4:36:16,4.3
内河侧水位,2024/05/26,5:00:00,4.3
长江侧水位,2024/05/26,5:00:00,4.6
上游闸内水位,2024/05/26,5:00:34,4.3
上游闸外水位,2024/05/26,5:00:34,4.3
下游闸内水位,2024/05/26,5:04:15,4.3
下游闸外水位,2024/05/26,5:04:15,4.7
下游闸内水位,2024/05/26,5:06:01,4.6
下游闸外水位,2024/05/26,5:06:01,4.7
下游闸内水位,2024/05/26,5:18:32,4.9
下游闸外水位,2024/05/26,5:18:32,4.9
上游闸内水位,2024/05/26,5:21:14,4.9
上游闸外水位,2024/05/26,5:21:14,4.4
上游闸内水位,2024/05/26,5:24:00,4.4
上游闸外水位,2024/05/26,5:24:00,4.4
上游闸内水位,2024/05/26,5:46:37,4.5
上游闸外水位,2024/05/26,5:46:37,4.5
下游闸内水位,2024/05/26,5:49:13,4.5
下游闸外水位,2024/05/26,5:49:13,5.3
下游闸内水位,2024/05/26,5:53:01,5.3
下游闸外水位,2024/05/26,5:53:01,5.4
内河侧水位,2024/05/26,6:00:00,4.6
长江侧水位,2024/05/26,6:00:00,5.5
下游闸内水位,2024/05/26,6:04:17,5.4
下游闸外水位,2024/05/26,6:04:17,5.5
上游闸内水位,2024/05/26,6:07:01,5.5
上游闸外水位,2024/05/26,6:07:01,4.6
上游闸内水位,2024/05/26,6:10:01,4.8
上游闸外水位,2024/05/26,6:10:01,4.6
上游闸内水位,2024/05/26,6:27:58,4.7
上游闸外水位,2024/05/26,6:27:58,4.7
下游闸内水位,2024/05/26,6:30:57,4.7
下游闸外水位,2024/05/26,6:30:57,5.7
下游闸内水位,2024/05/26,6:34:44,5.6
下游闸外水位,2024/05/26,6:34:44,5.7
下游闸内水位,2024/05/26,6:44:58,5.8
下游闸外水位,2024/05/26,6:44:58,5.8
上游闸内水位,2024/05/26,6:47:34,5.7
上游闸外水位,2024/05/26,6:47:34,4.8
上游闸内水位,2024/05/26,6:51:51,4.7
上游闸外水位,2024/05/26,6:51:51,4.7
内河侧水位,2024/05/26,7:00:00,4.8
长江侧水位,2024/05/26,7:00:00,5.8
上游闸内水位,2024/05/26,7:00:26,4.8
上游闸外水位,2024/05/26,7:00:26,4.8
下游闸内水位,2024/05/26,7:06:59,5.7
下游闸外水位,2024/05/26,7:06:59,5.8
下游闸内水位,2024/05/26,7:34:52,5.9
下游闸外水位,2024/05/26,7:34:52,5.9
上游闸内水位,2024/05/26,7:37:50,6.0
上游闸外水位,2024/05/26,7:37:50,4.9
上游闸内水位,2024/05/26,7:41:05,5.1
上游闸外水位,2024/05/26,7:41:05,4.9
内河侧水位,2024/05/26,8:00:00,5.0
长江侧水位,2024/05/26,8:00:00,5.9
上游闸内水位,2024/05/26,8:17:28,4.9
上游闸外水位,2024/05/26,8:17:28,4.9
下游闸内水位,2024/05/26,8:20:22,4.9
下游闸外水位,2024/05/26,8:20:22,5.9
下游闸内水位,2024/05/26,8:23:48,5.8
下游闸外水位,2024/05/26,8:23:48,5.9
下游闸内水位,2024/05/26,8:56:27,5.7
下游闸外水位,2024/05/26,8:56:27,5.8
上游闸内水位,2024/05/26,8:59:05,5.8
上游闸外水位,2024/05/26,8:59:05,5.0
内河侧水位,2024/05/26,9:00:00,5.0
长江侧水位,2024/05/26,9:00:00,5.7
上游闸内水位,2024/05/26,9:02:16,5.0
上游闸外水位,2024/05/26,9:02:16,4.9
上游闸内水位,2024/05/26,9:29:02,4.9
上游闸外水位,2024/05/26,9:29:02,4.9
下游闸内水位,2024/05/26,9:31:43,4.9
下游闸外水位,2024/05/26,9:31:43,5.6
下游闸内水位,2024/05/26,9:34:19,5.5
下游闸外水位,2024/05/26,9:34:19,5.6
内河侧水位,2024/05/26,10:00:00,4.9
长江侧水位,2024/05/26,10:00:00,5.5
下游闸内水位,2024/05/26,10:00:51,5.5
下游闸外水位,2024/05/26,10:00:51,5.5
上游闸内水位,2024/05/26,10:03:27,5.5
上游闸外水位,2024/05/26,10:03:27,4.9
上游闸内水位,2024/05/26,10:05:51,5.0
上游闸外水位,2024/05/26,10:05:51,4.9
上游闸内水位,2024/05/26,10:30:13,4.9
上游闸外水位,2024/05/26,10:30:13,4.9
下游闸内水位,2024/05/26,10:33:00,4.8
下游闸外水位,2024/05/26,10:33:00,5.4
下游闸内水位,2024/05/26,10:35:20,5.3
下游闸外水位,2024/05/26,10:35:20,5.4
下游闸内水位,2024/05/26,10:52:42,5.3
下游闸外水位,2024/05/26,10:52:42,5.3
上游闸内水位,2024/05/26,10:55:50,5.3
上游闸外水位,2024/05/26,10:55:50,4.9
上游闸内水位,2024/05/26,10:57:54,5.0
上游闸外水位,2024/05/26,10:57:54,4.9
内河侧水位,2024/05/26,11:00:00,4.8
长江侧水位,2024/05/26,11:00:00,5.3
上游闸内水位,2024/05/26,11:22:44,4.8
上游闸外水位,2024/05/26,11:22:44,4.8
下游闸内水位,2024/05/26,11:25:21,4.8
下游闸外水位,2024/05/26,11:25:21,5.2
下游闸内水位,2024/05/26,11:27:33,5.0
下游闸外水位,2024/05/26,11:27:33,5.2
内河侧水位,2024/05/26,12:00:00,4.8
长江侧水位,2024/05/26,12:00:00,5.1
下游闸内水位,2024/05/26,12:07:03,5.1
下游闸外水位,2024/05/26,12:07:03,5.1
上游闸内水位,2024/05/26,12:09:39,5.0
上游闸外水位,2024/05/26,12:09:39,4.8
上游闸内水位,2024/05/26,12:11:06,4.9
上游闸外水位,2024/05/26,12:11:06,4.8
下游闸内水位,2024/05/26,12:22:21,4.7
下游闸外水位,2024/05/26,12:22:21,5.0
下游闸内水位,2024/05/26,12:26:05,4.7
下游闸外水位,2024/05/26,12:26:05,5.0
内河侧水位,2024/05/26,13:00:00,4.8
长江侧水位,2024/05/26,13:00:00,4.8
内河侧水位,2024/05/26,14:00:00,4.7
长江侧水位,2024/05/26,14:00:00,4.7
上游闸内水位,2024/05/26,14:19:45,4.6
上游闸外水位,2024/05/26,14:19:45,4.6
下游闸内水位,2024/05/26,14:52:31,4.6
下游闸外水位,2024/05/26,14:52:31,4.6
上游闸内水位,2024/05/26,14:55:10,4.6
上游闸外水位,2024/05/26,14:55:10,4.5
内河侧水位,2024/05/26,15:00:00,4.5
长江侧水位,2024/05/26,15:00:00,4.6
上游闸内水位,2024/05/26,15:11:43,4.5
上游闸外水位,2024/05/26,15:11:43,4.5
下游闸内水位,2024/05/26,15:14:41,4.4
下游闸外水位,2024/05/26,15:14:41,4.5
内河侧水位,2024/05/27,4:00:00,3.8
长江侧水位,2024/05/27,4:00:00,4.2
上游闸内水位,2024/05/27,4:05:58,3.8
上游闸外水位,2024/05/27,4:05:58,3.8
下游闸内水位,2024/05/27,4:08:55,3.8
下游闸外水位,2024/05/27,4:08:55,4.2
下游闸内水位,2024/05/27,4:10:41,4.0
下游闸外水位,2024/05/27,4:10:41,4.2
内河侧水位,2024/05/27,5:00:00,3.8
长江侧水位,2024/05/27,5:00:00,4.2
下游闸内水位,2024/05/27,5:05:12,4.2
下游闸外水位,2024/05/27,5:05:12,4.2
上游闸内水位,2024/05/27,5:07:47,4.2
上游闸外水位,2024/05/27,5:07:47,3.8
上游闸内水位,2024/05/27,5:09:43,3.9
上游闸外水位,2024/05/27,5:09:43,3.8
下游闸内水位,2024/05/27,5:51:47,3.8
下游闸外水位,2024/05/27,5:51:47,4.8
下游闸内水位,2024/05/27,5:55:25,4.7
下游闸外水位,2024/05/27,5:55:25,4.8
内河侧水位,2024/05/27,6:00:00,3.8
长江侧水位,2024/05/27,6:00:00,4.9
下游闸内水位,2024/05/27,6:25:05,5.3
下游闸外水位,2024/05/27,6:25:05,5.3
上游闸内水位,2024/05/27,6:27:49,5.3
上游闸外水位,2024/05/27,6:27:49,3.8
上游闸内水位,2024/05/27,6:32:15,3.8
上游闸外水位,2024/05/27,6:32:15,3.7
上游闸内水位,2024/05/27,6:56:10,3.8
上游闸外水位,2024/05/27,6:56:10,3.8
内河侧水位,2024/05/27,7:00:00,3.8
长江侧水位,2024/05/27,7:00:00,5.6
下游闸内水位,2024/05/27,7:01:46,3.8
下游闸外水位,2024/05/26,19:23:30,5.1
上游闸内水位,2024/05/26,19:26:32,5.2
上游闸外水位,2024/05/26,19:26:32,4.0
上游闸内水位,2024/05/26,19:30:29,4.1
上游闸外水位,2024/05/26,19:30:29,4.0
内河侧水位,2024/05/26,20:00:00,4.0
长江侧水位,2024/05/26,20:00:00,5.2
上游闸内水位,2024/05/26,20:09:11,4.0
上游闸外水位,2024/05/26,20:09:11,4.0
下游闸内水位,2024/05/26,20:11:49,4.0
下游闸外水位,2024/05/26,20:11:49,5.3
下游闸内水位,2024/05/26,20:15:56,5.1
下游闸外水位,2024/05/26,20:15:56,5.3
内河侧水位,2024/05/26,21:00:00,4.1
长江侧水位,2024/05/26,21:00:00,5.2
下游闸内水位,2024/05/26,21:03:46,5.2
下游闸外水位,2024/05/26,21:03:46,5.2
上游闸内水位,2024/05/26,21:09:09,5.2
上游闸外水位,2024/05/26,21:09:09,4.1
上游闸内水位,2024/05/26,21:12:49,4.1
上游闸外水位,2024/05/26,21:12:49,4.0
内河侧水位,2024/05/26,22:00:00,4.1
长江侧水位,2024/05/26,22:00:00,5.1
上游闸内水位,2024/05/26,22:03:58,4.0
上游闸外水位,2024/05/26,22:03:58,4.0
下游闸内水位,2024/05/26,22:06:41,4.0
下游闸外水位,2024/05/26,22:06:41,5.1
下游闸内水位,2024/05/26,22:10:25,4.9
下游闸外水位,2024/05/26,22:10:25,5.0
下游闸内水位,2024/05/26,22:57:10,4.9
下游闸外水位,2024/05/26,22:57:10,4.9
上游闸内水位,2024/05/26,22:59:46,4.9
上游闸外水位,2024/05/26,22:59:46,4.0
内河侧水位,2024/05/26,23:00:00,4.0
长江侧水位,2024/05/26,23:00:00,4.9
上游闸内水位,2024/05/26,23:02:49,4.1
上游闸外水位,2024/05/26,23:02:49,4.0
上游闸内水位,2024/05/26,23:42:18,3.9
上游闸外水位,2024/05/26,23:42:18,4.0
下游闸内水位,2024/05/26,23:44:49,3.9
下游闸外水位,2024/05/26,23:44:49,4.8
下游闸内水位,2024/05/26,23:47:53,4.6
下游闸外水位,2024/05/26,23:47:53,4.8
下游闸内水位,2024/05/26,23:54:44,4.7
下游闸外水位,2024/05/26,23:54:44,4.8
上游闸内水位,2024/05/26,23:57:17,4.8
上游闸外水位,2024/05/26,23:57:17,4.0
内河侧水位,2024/05/27,0:00:00,3.9
长江侧水位,2024/05/27,0:00:00,4.7
上游闸内水位,2024/05/27,0:00:10,4.1
上游闸外水位,2024/05/27,0:00:10,3.9
上游闸内水位,2024/05/27,0:14:43,3.9
上游闸外水位,2024/05/27,0:14:43,4.0
下游闸内水位,2024/05/27,0:17:46,3.9
下游闸外水位,2024/05/27,0:17:46,4.7
下游闸内水位,2024/05/27,0:20:36,4.5
下游闸外水位,2024/05/27,0:20:36,4.7
下游闸内水位,2024/05/27,0:29:45,4.7
下游闸外水位,2024/05/27,0:29:45,4.7
下游闸内水位,2024/05/27,0:31:55,4.7
下游闸外水位,2024/05/27,0:31:55,4.7
上游闸内水位,2024/05/27,0:34:30,4.6
上游闸外水位,2024/05/27,0:34:30,3.9
上游闸内水位,2024/05/27,0:36:56,4.1
上游闸外水位,2024/05/27,0:36:56,3.9
上游闸内水位,2024/05/27,0:56:53,3.9
上游闸外水位,2024/05/27,0:56:53,4.0
下游闸内水位,2024/05/27,0:59:24,3.9
下游闸外水位,2024/05/27,0:59:24,4.6
内河侧水位,2024/05/27,1:00:00,3.9
长江侧水位,2024/05/27,1:00:00,4.5
下游闸内水位,2024/05/27,1:02:49,4.5
下游闸外水位,2024/05/27,1:02:49,4.6
下游闸内水位,2024/05/27,1:40:55,4.5
下游闸外水位,2024/05/27,1:40:55,4.5
上游闸内水位,2024/05/27,1:43:31,4.5
上游闸外水位,2024/05/27,1:43:31,3.9
上游闸内水位,2024/05/27,1:46:02,4.0
上游闸外水位,2024/05/27,1:46:02,3.9
内河侧水位,2024/05/27,2:00:00,3.9
长江侧水位,2024/05/27,2:00:00,4.5
上游闸内水位,2024/05/27,2:23:43,3.8
上游闸外水位,2024/05/27,2:23:43,3.9
下游闸内水位,2024/05/27,2:26:19,3.8
下游闸外水位,2024/05/27,2:26:19,4.4
下游闸内水位,2024/05/27,2:28:40,4.3
下游闸外水位,2024/05/27,2:28:40,4.4
内河侧水位,2024/05/27,3:00:00,3.9
长江侧水位,2024/05/27,3:00:00,4.4
下游闸内水位,2024/05/27,3:11:18,4.3
下游闸外水位,2024/05/27,3:11:18,4.3
上游闸内水位,2024/05/27,3:13:53,4.3
上游闸外水位,2024/05/27,3:13:53,3.8
上游闸内水位,2024/05/27,3:16:07,3.9
上游闸外水位,2024/05/27,3:16:07,3.9
上游闸内水位,2024/05/27,5:49:06,3.8
上游闸外水位,2024/05/27,5:49:06,3.8
上游闸内水位,2024/05/27,11:54:19,3.8
上游闸外水位,2024/05/27,11:54:19,3.8
下游闸内水位,2024/05/27,12:43:45,5.1
下游闸外水位,2024/05/27,12:43:45,5.1
上游闸内水位,2024/05/27,15:43:38,3.8
上游闸外水位,2024/05/27,15:43:38,3.8
下游闸内水位,2024/05/27,15:46:09,3.8
下游闸外水位,2024/05/27,15:46:09,4.6
下游闸内水位,2024/05/27,15:49:15,4.4
下游闸外水位,2024/05/27,15:49:15,4.6
内河侧水位,2024/05/27,16:00:00,3.8
长江侧水位,2024/05/27,16:00:00,4.7
下游闸内水位,2024/05/27,16:08:44,4.5
下游闸外水位,2024/05/27,16:08:44,4.6
上游闸内水位,2024/05/27,16:11:18,4.5
上游闸外水位,2024/05/27,16:11:18,3.8
上游闸内水位,2024/05/27,16:14:08,3.9
上游闸外水位,2024/05/27,16:14:08,3.8
上游闸内水位,2024/05/27,16:36:52,3.8
上游闸外水位,2024/05/27,16:36:52,3.8
下游闸内水位,2024/05/27,16:39:24,3.8
下游闸外水位,2024/05/27,16:39:24,4.5
下游闸内水位,2024/05/27,16:42:19,4.4
下游闸外水位,2024/05/27,16:42:19,4.5
内河侧水位,2024/05/27,17:00:00,3.8
长江侧水位,2024/05/27,17:00:00,4.5
下游闸内水位,2024/05/27,17:18:40,4.5
下游闸外水位,2024/05/27,17:18:40,4.5
上游闸内水位,2024/05/27,17:21:15,4.5
上游闸外水位,2024/05/27,17:21:15,3.8
上游闸内水位,2024/05/27,17:23:44,3.9
上游闸外水位,2024/05/27,17:23:44,3.8
上游闸内水位,2024/05/27,17:50:38,3.8
上游闸外水位,2024/05/27,17:50:38,3.8
下游闸内水位,2024/05/27,17:53:09,3.7
下游闸外水位,2024/05/27,17:53:09,4.4
下游闸内水位,2024/05/27,17:55:58,4.3
下游闸外水位,2024/05/27,17:55:58,4.4
内河侧水位,2024/05/27,18:00:00,3.8
长江侧水位,2024/05/27,18:00:00,4.4
下游闸内水位,2024/05/27,18:25:45,4.6
下游闸外水位,2024/05/27,18:25:45,4.6
上游闸内水位,2024/05/27,18:28:22,4.6
上游闸外水位,2024/05/27,18:28:22,3.8
上游闸内水位,2024/05/27,18:31:46,3.8
上游闸外水位,2024/05/27,18:31:46,3.8
内河侧水位,2024/05/27,19:00:00,3.8
长江侧水位,2024/05/27,19:00:00,4.8
上游闸内水位,2024/05/27,19:04:10,3.7
上游闸外水位,2024/05/27,19:04:10,3.8
下游闸内水位,2024/05/27,19:07:00,3.7
下游闸外水位,2024/05/27,19:07:00,4.9
下游闸内水位,2024/05/27,19:10:59,4.7
下游闸外水位,2024/05/27,19:10:59,4.9
下游闸内水位,2024/05/27,19:48:41,5.2
下游闸外水位,2024/05/27,19:48:41,5.2
上游闸内水位,2024/05/27,19:51:17,5.2
上游闸外水位,2024/05/27,19:51:17,4.0
上游闸内水位,2024/05/27,19:55:31,4.0
上游闸外水位,2024/05/27,19:55:31,3.9
内河侧水位,2024/05/27,20:00:00,4.0
长江侧水位,2024/05/27,20:00:00,5.2
上游闸内水位,2024/05/27,20:28:24,4.0
上游闸外水位,2024/05/27,20:28:24,4.0
下游闸内水位,2024/05/27,20:31:18,4.0
下游闸外水位,2024/05/27,20:31:18,5.3
下游闸内水位,2024/05/27,20:35:29,5.2
下游闸外水位,2024/05/27,20:35:29,5.4
内河侧水位,2024/05/27,21:00:00,4.1
长江侧水位,2024/05/27,21:00:00,5.4
下游闸内水位,2024/05/27,21:08:51,5.3
下游闸外水位,2024/05/27,21:08:51,5.4
上游闸内水位,2024/05/27,21:11:27,5.4
上游闸外水位,2024/05/27,21:11:27,4.1
上游闸内水位,2024/05/27,21:15:15,4.2
上游闸外水位,2024/05/27,21:15:15,4.0
上游闸内水位,2024/05/27,21:56:42,4.1
下游闸外水位,2024/05/27,7:01:46,5.6
下游闸内水位,2024/05/27,7:08:33,5.6
下游闸外水位,2024/05/27,7:08:33,5.7
下游闸内水位,2024/05/27,7:42:53,5.9
下游闸外水位,2024/05/27,7:42:53,5.9
上游闸内水位,2024/05/27,7:45:27,5.9
上游闸外水位,2024/05/27,7:45:27,3.8
上游闸内水位,2024/05/27,7:50:55,3.8
上游闸外水位,2024/05/27,7:50:55,3.8
内河侧水位,2024/05/27,8:00:00,3.9
长江侧水位,2024/05/27,8:00:00,5.9
上游闸内水位,2024/05/27,8:14:28,3.8
上游闸外水位,2024/05/27,8:14:28,3.9
下游闸内水位,2024/05/27,8:18:52,3.8
下游闸外水位,2024/05/27,8:18:52,5.9
下游闸内水位,2024/05/27,8:24:29,5.8
下游闸外水位,2024/05/27,8:24:29,5.9
下游闸内水位,2024/05/27,8:39:29,6.0
下游闸外水位,2024/05/27,8:39:29,6.0
上游闸内水位,2024/05/27,8:42:22,6.0
上游闸外水位,2024/05/27,8:42:22,3.8
上游闸内水位,2024/05/27,8:48:12,3.8
上游闸外水位,2024/05/27,8:48:12,3.8
内河侧水位,2024/05/27,9:00:00,3.8
长江侧水位,2024/05/27,9:00:00,5.9
上游闸内水位,2024/05/27,9:15:54,3.8
上游闸外水位,2024/05/27,9:15:54,3.8
下游闸内水位,2024/05/27,9:18:35,3.8
下游闸外水位,2024/05/27,9:18:35,5.8
下游闸内水位,2024/05/27,9:24:47,5.8
下游闸外水位,2024/05/27,9:24:47,5.9
下游闸内水位,2024/05/27,9:55:06,5.7
下游闸外水位,2024/05/27,9:55:06,5.7
上游闸内水位,2024/05/27,9:57:49,5.7
上游闸外水位,2024/05/27,9:57:49,3.8
内河侧水位,2024/05/27,10:00:00,3.8
长江侧水位,2024/05/27,10:00:00,5.7
上游闸内水位,2024/05/27,10:00:51,5.2
上游闸外水位,2024/05/27,10:00:51,3.7
上游闸内水位,2024/05/27,10:02:32,4.9
上游闸外水位,2024/05/27,10:02:32,3.8
上游闸内水位,2024/05/27,10:06:02,3.9
上游闸外水位,2024/05/27,10:06:02,3.7
上游闸内水位,2024/05/27,10:23:36,3.8
上游闸外水位,2024/05/27,10:23:36,3.8
下游闸内水位,2024/05/27,10:26:13,3.8
下游闸外水位,2024/05/27,10:26:13,5.6
下游闸内水位,2024/05/27,10:39:31,5.6
下游闸外水位,2024/05/27,10:39:31,5.6
内河侧水位,2024/05/27,11:00:00,3.8
长江侧水位,2024/05/27,11:00:00,5.4
下游闸内水位,2024/05/27,11:00:47,5.4
下游闸外水位,2024/05/27,11:00:47,5.4
上游闸内水位,2024/05/27,11:03:23,5.4
上游闸外水位,2024/05/27,11:03:23,3.8
上游闸内水位,2024/05/27,11:06:28,4.9
上游闸外水位,2024/05/27,11:06:28,3.7
上游闸内水位,2024/05/27,11:10:00,3.9
上游闸外水位,2024/05/27,11:10:00,3.8
下游闸内水位,2024/05/27,11:57:50,3.8
下游闸外水位,2024/05/27,11:57:50,5.2
内河侧水位,2024/05/27,12:00:00,3.8
长江侧水位,2024/05/27,12:00:00,5.2
下游闸内水位,2024/05/27,12:02:24,5.1
下游闸外水位,2024/05/27,12:02:24,5.2
上游闸内水位,2024/05/27,12:46:25,5.0
上游闸外水位,2024/05/27,12:46:25,3.8
上游闸内水位,2024/05/27,12:50:43,3.9
上游闸外水位,2024/05/27,12:50:43,3.8
内河侧水位,2024/05/27,13:00:00,3.9
长江侧水位,2024/05/27,13:00:00,5.0
上游闸内水位,2024/05/27,13:28:16,3.8
上游闸外水位,2024/05/27,13:28:16,3.8
下游闸内水位,2024/05/27,13:31:04,3.8
下游闸外水位,2024/05/27,13:31:04,4.9
下游闸内水位,2024/05/27,13:34:51,4.8
下游闸外水位,2024/05/27,13:34:51,4.9
内河侧水位,2024/05/27,14:00:00,3.8
长江侧水位,2024/05/27,14:00:00,4.9
下游闸内水位,2024/05/27,14:01:54,4.9
下游闸外水位,2024/05/27,14:01:54,4.9
上游闸内水位,2024/05/27,14:04:30,4.8
上游闸外水位,2024/05/27,14:04:30,3.8
上游闸内水位,2024/05/27,14:07:58,3.9
上游闸外水位,2024/05/27,14:07:58,3.8
上游闸内水位,2024/05/27,14:28:51,3.8
上游闸外水位,2024/05/27,14:28:51,3.8
下游闸内水位,2024/05/27,14:31:37,3.7
下游闸外水位,2024/05/27,14:31:37,4.8
下游闸内水位,2024/05/27,14:35:05,4.6
下游闸外水位,2024/05/27,14:35:05,4.8
内河侧水位,2024/05/27,15:00:00,3.8
长江侧水位,2024/05/27,15:00:00,4.8
下游闸内水位,2024/05/27,15:05:48,4.7
下游闸外水位,2024/05/27,15:05:48,4.7
上游闸内水位,2024/05/27,15:08:32,4.7
上游闸外水位,2024/05/27,15:08:32,3.8
上游闸内水位,2024/05/27,15:11:37,3.9
上游闸外水位,2024/05/27,15:11:37,3.8
内河侧水位,2024/05/28,0:00:00,4.1
长江侧水位,2024/05/28,0:00:00,5.0
下游闸内水位,2024/05/28,0:30:40,4.8
下游闸外水位,2024/05/28,0:30:40,4.8
上游闸内水位,2024/05/28,0:33:15,4.9
上游闸外水位,2024/05/28,0:33:15,4.1
上游闸内水位,2024/05/28,0:36:06,4.2
上游闸外水位,2024/05/28,0:36:06,4.1
内河侧水位,2024/05/28,1:00:00,4.1
长江侧水位,2024/05/28,1:00:00,4.7
上游闸内水位,2024/05/28,1:15:48,4.0
上游闸外水位,2024/05/28,1:15:48,4.0
下游闸内水位,2024/05/28,1:18:21,4.0
下游闸外水位,2024/05/28,1:18:21,4.7
内河侧水位,2024/05/28,2:00:00,4.1
长江侧水位,2024/05/28,2:00:00,4.6
上游闸内水位,2024/05/28,2:01:23,4.1
上游闸外水位,2024/05/28,2:01:23,4.0
内河侧水位,2024/05/28,3:00:00,4.0
长江侧水位,2024/05/28,3:00:00,4.5
下游闸内水位,2024/05/28,3:11:15,4.5
下游闸外水位,2024/05/28,3:11:15,4.5
上游闸内水位,2024/05/28,3:13:49,4.5
上游闸外水位,2024/05/28,3:13:49,4.0
上游闸内水位,2024/05/28,3:15:52,4.1
上游闸外水位,2024/05/28,3:15:52,4.0
下游闸内水位,2024/05/28,3:34:36,4.0
下游闸外水位,2024/05/28,3:34:36,4.4
下游闸内水位,2024/05/28,3:37:13,4.4
下游闸外水位,2024/05/28,3:37:13,4.4
内河侧水位,2024/05/28,4:00:00,4.0
长江侧水位,2024/05/28,4:00:00,4.4
下游闸内水位,2024/05/28,4:22:24,4.3
下游闸外水位,2024/05/28,4:22:24,4.3
上游闸内水位,2024/05/28,4:25:17,4.3
上游闸外水位,2024/05/28,4:25:17,4.0
上游闸内水位,2024/05/28,4:27:04,4.1
上游闸外水位,2024/05/28,4:27:04,4.0
上游闸内水位,2024/05/28,4:55:47,3.9
上游闸外水位,2024/05/28,4:55:47,4.0
下游闸内水位,2024/05/28,4:58:18,3.9
下游闸外水位,2024/05/28,4:58:18,4.3
内河侧水位,2024/05/28,5:00:00,4.0
长江侧水位,2024/05/28,5:00:00,4.3
下游闸内水位,2024/05/28,5:00:47,4.3
下游闸外水位,2024/05/28,5:00:47,4.3
下游闸内水位,2024/05/28,5:32:02,4.3
下游闸外水位,2024/05/28,5:32:02,4.3
上游闸内水位,2024/05/28,5:34:40,4.3
上游闸外水位,2024/05/28,5:34:40,4.0
上游闸内水位,2024/05/28,5:36:15,4.1
上游闸外水位,2024/05/28,5:36:15,4.1
内河侧水位,2024/05/28,6:00:00,4.1
长江侧水位,2024/05/28,6:00:00,4.4
上游闸内水位,2024/05/28,6:12:46,4.1
上游闸外水位,2024/05/28,6:12:46,4.2
下游闸内水位,2024/05/28,6:15:19,4.1
下游闸外水位,2024/05/28,6:15:19,4.6
下游闸内水位,2024/05/28,6:21:07,4.6
下游闸外水位,2024/05/28,6:21:07,4.6
下游闸内水位,2024/05/28,6:32:30,4.8
下游闸外水位,2024/05/28,6:32:30,4.8
上游闸内水位,2024/05/28,6:35:10,4.8
上游闸外水位,2024/05/28,6:35:10,4.2
上游闸内水位,2024/05/28,6:37:38,4.3
上游闸外水位,2024/05/28,6:37:38,4.2
上游闸内水位,2024/05/28,6:55:21,4.3
上游闸外水位,2024/05/28,6:55:21,4.4
下游闸内水位,2024/05/28,6:57:54,4.3
下游闸外水位,2024/05/28,6:57:54,5.1
内河侧水位,2024/05/28,7:00:00,4.4
长江侧水位,2024/05/28,7:00:00,5.1
下游闸内水位,2024/05/28,7:00:49,4.9
下游闸外水位,2024/05/28,7:00:49,5.1
下游闸内水位,2024/05/28,7:15:43,5.2
上游闸外水位,2024/05/27,21:56:42,4.1
下游闸内水位,2024/05/27,21:59:13,4.1
下游闸外水位,2024/05/27,21:59:13,5.3
内河侧水位,2024/05/27,22:00:01,4.1
长江侧水位,2024/05/27,22:00:01,5.2
下游闸内水位,2024/05/27,22:02:58,5.1
下游闸外水位,2024/05/27,22:02:58,5.2
下游闸内水位,2024/05/27,22:47:02,5.1
下游闸外水位,2024/05/27,22:47:02,5.1
上游闸内水位,2024/05/27,22:49:40,5.1
上游闸外水位,2024/05/27,22:49:40,4.1
上游闸内水位,2024/05/27,22:53:25,4.2
上游闸外水位,2024/05/27,22:53:25,4.1
内河侧水位,2024/05/27,23:00:00,4.1
长江侧水位,2024/05/27,23:00:00,5.1
上游闸内水位,2024/05/27,23:43:19,4.1
上游闸外水位,2024/05/27,23:43:19,4.1
下游闸内水位,2024/05/27,23:45:48,4.0
下游闸外水位,2024/05/27,23:45:48,5.0
下游闸内水位,2024/05/27,23:48:56,4.8
下游闸外水位,2024/05/27,23:48:56,4.9
下游闸内水位,2024/05/28,1:21:06,4.6
下游闸外水位,2024/05/28,1:21:06,4.7
下游闸内水位,2024/05/28,1:56:04,4.6
下游闸外水位,2024/05/28,1:56:04,4.7
上游闸内水位,2024/05/28,1:58:38,4.6
上游闸外水位,2024/05/28,1:58:38,4.0
上游闸内水位,2024/05/28,2:48:28,4.0
上游闸外水位,2024/05/28,2:48:28,4.0
下游闸内水位,2024/05/28,2:54:42,4.0
下游闸外水位,2024/05/28,2:54:42,4.5
下游闸内水位,2024/05/28,2:56:58,4.4
下游闸外水位,2024/05/28,2:56:58,4.5
上游闸内水位,2024/05/28,3:32:05,4.0
上游闸外水位,2024/05/28,3:32:05,4.0
内河侧水位,2024/05/28,17:00:00,4.3
长江侧水位,2024/05/28,17:00:00,4.4
下游闸内水位,2024/05/28,17:15:07,4.4
下游闸外水位,2024/05/28,17:15:07,4.4
上游闸内水位,2024/05/28,17:18:28,4.3
上游闸外水位,2024/05/28,17:18:28,4.3
上游闸内水位,2024/05/28,17:19:54,4.3
上游闸外水位,2024/05/28,17:19:54,4.3
内河侧水位,2024/05/28,18:00:00,4.2
长江侧水位,2024/05/28,18:00:00,4.3
上游闸内水位,2024/05/28,18:04:25,4.2
上游闸外水位,2024/05/28,18:04:25,4.2
下游闸内水位,2024/05/28,18:07:03,4.2
下游闸外水位,2024/05/28,18:07:03,4.3
下游闸内水位,2024/05/28,18:08:20,4.2
下游闸外水位,2024/05/28,18:08:20,4.3
下游闸内水位,2024/05/28,18:32:24,4.2
下游闸外水位,2024/05/28,18:32:24,4.3
上游闸内水位,2024/05/28,18:37:47,4.2
上游闸外水位,2024/05/28,18:37:47,4.2
内河侧水位,2024/05/28,19:00:00,4.2
长江侧水位,2024/05/28,19:00:00,4.4
上游闸内水位,2024/05/28,19:05:44,4.2
上游闸外水位,2024/05/28,19:05:44,4.2
下游闸内水位,2024/05/28,19:08:21,4.2
下游闸外水位,2024/05/28,19:08:21,4.4
上游闸内水位,2024/05/29,3:34:48,4.4
上游闸外水位,2024/05/29,3:34:48,4.3
上游闸内水位,2024/05/29,3:36:19,4.3
上游闸外水位,2024/05/29,3:36:19,4.3
上游闸内水位,2024/05/29,4:14:21,4.2
上游闸外水位,2024/05/29,4:14:21,4.2
下游闸内水位,2024/05/29,4:16:51,4.2
下游闸外水位,2024/05/29,4:16:51,4.3
下游闸内水位,2024/05/29,4:18:33,4.2
下游闸外水位,2024/05/29,4:18:33,4.3
下游闸内水位,2024/05/29,4:29:58,4.3
下游闸外水位,2024/05/29,4:29:58,4.3
上游闸内水位,2024/05/29,4:33:48,4.2
上游闸外水位,2024/05/29,4:33:48,4.2
下游闸内水位,2024/05/29,5:06:26,4.1
下游闸外水位,2024/05/29,5:06:26,4.2
下游闸内水位,2024/05/29,5:07:43,4.2
下游闸外水位,2024/05/29,5:07:43,4.2
上游闸内水位,2024/05/29,5:35:23,4.1
上游闸外水位,2024/05/29,5:35:23,4.1
下游闸内水位,2024/05/29,5:38:03,4.1
下游闸外水位,2024/05/29,5:38:03,4.2
下游闸内水位,2024/05/29,5:39:25,4.1
下游闸外水位,2024/05/29,5:39:25,4.2
下游闸内水位,2024/05/29,5:46:05,4.2
下游闸外水位,2024/05/29,5:46:05,4.2
下游闸外水位,2024/05/28,7:15:43,5.3
上游闸内水位,2024/05/28,7:18:22,5.3
上游闸外水位,2024/05/28,7:18:22,4.4
上游闸内水位,2024/05/28,7:21:22,4.5
上游闸外水位,2024/05/28,7:21:22,4.4
上游闸内水位,2024/05/28,7:36:34,4.5
上游闸外水位,2024/05/28,7:36:34,4.5
下游闸内水位,2024/05/28,7:39:20,4.5
下游闸外水位,2024/05/28,7:39:20,5.4
下游闸内水位,2024/05/28,7:42:26,5.2
下游闸外水位,2024/05/28,7:42:26,5.4
内河侧水位,2024/05/28,8:00:00,4.6
长江侧水位,2024/05/28,8:00:00,5.5
下游闸内水位,2024/05/28,8:11:09,5.5
下游闸外水位,2024/05/28,8:11:09,5.6
上游闸内水位,2024/05/28,8:13:47,5.5
上游闸外水位,2024/05/28,8:13:47,4.6
上游闸内水位,2024/05/28,8:17:00,4.7
上游闸外水位,2024/05/28,8:17:00,4.6
上游闸内水位,2024/05/28,8:50:00,4.7
上游闸外水位,2024/05/28,8:50:00,4.7
下游闸内水位,2024/05/28,8:52:33,4.7
下游闸外水位,2024/05/28,8:52:33,5.7
内河侧水位,2024/05/28,9:00:00,4.8
长江侧水位,2024/05/28,9:00:00,5.7
下游闸内水位,2024/05/28,9:13:03,5.7
下游闸外水位,2024/05/28,9:13:03,5.7
下游闸内水位,2024/05/28,9:52:11,5.6
下游闸外水位,2024/05/28,9:52:11,5.6
上游闸内水位,2024/05/28,9:55:24,5.6
上游闸外水位,2024/05/28,9:55:24,4.8
上游闸内水位,2024/05/28,9:58:14,4.9
上游闸外水位,2024/05/28,9:58:14,4.8
内河侧水位,2024/05/28,10:00:00,4.7
长江侧水位,2024/05/28,10:00:00,5.6
上游闸内水位,2024/05/28,10:26:47,4.8
上游闸外水位,2024/05/28,10:26:47,4.8
下游闸内水位,2024/05/28,10:29:39,4.8
下游闸外水位,2024/05/28,10:29:39,5.5
下游闸内水位,2024/05/28,10:32:17,5.3
下游闸外水位,2024/05/28,10:32:17,5.4
下游闸内水位,2024/05/28,10:43:46,5.4
下游闸外水位,2024/05/28,10:43:46,5.4
上游闸内水位,2024/05/28,10:47:59,5.4
上游闸外水位,2024/05/28,10:47:59,4.8
上游闸内水位,2024/05/28,10:50:22,4.9
上游闸外水位,2024/05/28,10:50:22,4.8
内河侧水位,2024/05/28,11:00:00,4.8
长江侧水位,2024/05/28,11:00:00,5.3
上游闸内水位,2024/05/28,11:10:10,4.8
上游闸外水位,2024/05/28,11:10:10,4.8
下游闸内水位,2024/05/28,11:12:50,4.8
下游闸外水位,2024/05/28,11:12:50,5.3
下游闸内水位,2024/05/28,11:17:30,5.3
下游闸外水位,2024/05/28,11:17:30,5.3
下游闸内水位,2024/05/28,11:31:17,5.2
下游闸外水位,2024/05/28,11:31:17,5.2
下游闸内水位,2024/05/28,11:34:18,5.2
下游闸外水位,2024/05/28,11:34:18,5.2
下游闸内水位,2024/05/28,11:45:00,5.2
下游闸外水位,2024/05/28,11:45:00,5.2
内河侧水位,2024/05/28,12:00:00,4.7
长江侧水位,2024/05/28,12:00:00,5.2
下游闸内水位,2024/05/28,12:03:43,5.1
下游闸外水位,2024/05/28,12:03:43,5.1
上游闸内水位,2024/05/28,12:06:21,5.1
上游闸外水位,2024/05/28,12:06:21,4.7
上游闸内水位,2024/05/28,12:08:14,4.9
上游闸外水位,2024/05/28,12:08:14,4.7
上游闸内水位,2024/05/28,12:23:06,4.7
上游闸外水位,2024/05/28,12:23:06,4.7
下游闸内水位,2024/05/28,12:25:40,4.7
下游闸外水位,2024/05/28,12:25:40,5.1
下游闸内水位,2024/05/28,12:27:16,4.9
下游闸外水位,2024/05/28,12:27:16,5.0
下游闸内水位,2024/05/28,12:46:38,5.0
下游闸外水位,2024/05/28,12:46:38,5.0
上游闸内水位,2024/05/28,12:49:15,5.0
上游闸外水位,2024/05/28,12:49:15,4.7
内河侧水位,2024/05/28,13:00:01,4.7
长江侧水位,2024/05/28,13:00:01,5.0
上游闸内水位,2024/05/28,13:10:17,4.6
上游闸外水位,2024/05/28,13:10:17,4.7
下游闸内水位,2024/05/28,13:12:52,4.6
下游闸外水位,2024/05/28,13:12:52,4.9
下游闸内水位,2024/05/28,13:14:09,4.7
下游闸外水位,2024/05/28,13:14:09,4.9
下游闸内水位,2024/05/28,13:40:00,4.9
下游闸外水位,2024/05/28,13:40:00,4.9
上游闸内水位,2024/05/28,13:42:36,4.8
上游闸外水位,2024/05/28,13:42:36,4.6
上游闸内水位,2024/05/28,13:44:05,4.7
上游闸外水位,2024/05/28,13:44:05,4.6
下游闸内水位,2024/05/28,13:59:44,4.6
下游闸外水位,2024/05/28,13:59:44,4.8
内河侧水位,2024/05/28,14:00:00,4.6
长江侧水位,2024/05/28,14:00:00,4.8
内河侧水位,2024/05/28,15:00:01,4.6
长江侧水位,2024/05/28,15:00:01,4.6
内河侧水位,2024/05/28,16:00:00,4.5
长江侧水位,2024/05/28,16:00:00,4.5
上游闸内水位,2024/05/28,16:36:05,4.4
上游闸外水位,2024/05/28,16:36:05,4.4
上游闸内水位,2024/05/28,18:35:16,4.3
上游闸外水位,2024/05/28,18:35:16,4.2
下游闸内水位,2024/05/28,19:48:22,4.6
下游闸外水位,2024/05/28,19:48:22,4.6
上游闸内水位,2024/05/28,19:51:00,4.6
上游闸外水位,2024/05/28,19:51:00,4.3
上游闸内水位,2024/05/28,19:53:00,4.4
上游闸外水位,2024/05/28,19:53:00,4.3
内河侧水位,2024/05/28,20:00:00,4.3
长江侧水位,2024/05/28,20:00:00,4.7
上游闸内水位,2024/05/28,20:35:29,4.4
上游闸外水位,2024/05/28,20:35:29,4.4
下游闸内水位,2024/05/28,20:38:06,4.4
下游闸外水位,2024/05/28,20:38:06,4.9
下游闸内水位,2024/05/28,20:40:28,4.8
下游闸外水位,2024/05/28,20:40:28,4.9
内河侧水位,2024/05/28,21:00:00,4.5
长江侧水位,2024/05/28,21:00:00,5.0
下游闸内水位,2024/05/28,21:19:13,5.0
下游闸外水位,2024/05/28,21:19:13,5.0
上游闸内水位,2024/05/28,21:23:22,5.0
上游闸外水位,2024/05/28,21:23:22,4.5
上游闸内水位,2024/05/28,21:25:48,4.6
上游闸外水位,2024/05/28,21:25:48,4.5
内河侧水位,2024/05/28,22:00:00,4.6
长江侧水位,2024/05/28,22:00:00,5.1
上游闸内水位,2024/05/28,22:02:30,4.5
上游闸外水位,2024/05/28,22:02:30,4.6
下游闸内水位,2024/05/28,22:05:07,4.5
下游闸外水位,2024/05/28,22:05:07,5.1
下游闸内水位,2024/05/28,22:08:07,5.0
下游闸外水位,2024/05/28,22:08:07,5.1
下游闸内水位,2024/05/28,22:55:02,5.0
下游闸外水位,2024/05/28,22:55:02,5.0
上游闸内水位,2024/05/28,22:57:59,5.0
上游闸外水位,2024/05/28,22:57:59,4.6
上游闸内水位,2024/05/28,22:59:51,4.7
上游闸外水位,2024/05/28,22:59:51,4.6
内河侧水位,2024/05/28,23:00:00,4.6
长江侧水位,2024/05/28,23:00:00,5.0
上游闸内水位,2024/05/28,23:47:00,4.5
上游闸外水位,2024/05/28,23:47:00,4.6
下游闸内水位,2024/05/28,23:50:12,4.5
下游闸外水位,2024/05/28,23:50:12,4.9
下游闸内水位,2024/05/28,23:51:47,4.7
下游闸外水位,2024/05/28,23:51:47,4.9
内河侧水位,2024/05/29,0:00:00,4.5
长江侧水位,2024/05/29,0:00:00,4.8
下游闸内水位,2024/05/29,0:31:37,4.7
下游闸外水位,2024/05/29,0:31:37,4.8
上游闸内水位,2024/05/29,0:34:14,4.7
上游闸外水位,2024/05/29,0:34:14,4.5
上游闸内水位,2024/05/29,0:35:48,4.6
上游闸外水位,2024/05/29,0:35:48,4.5
内河侧水位,2024/05/29,1:00:00,4.5
长江侧水位,2024/05/29,1:00:00,4.7
上游闸内水位,2024/05/29,1:23:22,4.4
上游闸外水位,2024/05/29,1:23:22,4.4
下游闸内水位,2024/05/29,1:25:53,4.4
下游闸外水位,2024/05/29,1:25:53,4.6
下游闸内水位,2024/05/29,1:27:16,4.5
下游闸外水位,2024/05/29,1:27:16,4.6
内河侧水位,2024/05/29,2:00:00,4.4
长江侧水位,2024/05/29,2:00:00,4.5
下游闸内水位,2024/05/29,2:05:12,4.5
下游闸外水位,2024/05/29,2:05:12,4.5
上游闸内水位,2024/05/29,2:08:10,4.5
上游闸外水位,2024/05/29,2:08:10,4.4
上游闸内水位,2024/05/29,2:09:41,4.4
上游闸外水位,2024/05/29,2:09:41,4.4
上游闸内水位,2024/05/29,2:46:15,4.3
上游闸外水位,2024/05/29,2:46:15,4.3
下游闸内水位,2024/05/29,2:49:21,4.3
下游闸外水位,2024/05/29,2:49:21,4.4
内河侧水位,2024/05/29,3:00:00,4.3
长江侧水位,2024/05/29,3:00:00,4.4
下游闸内水位,2024/05/29,3:30:13,4.3
下游闸外水位,2024/05/29,3:30:13,4.4
上游闸内水位,2024/05/29,5:48:46,4.1
上游闸外水位,2024/05/29,5:48:46,4.1
上游闸内水位,2024/05/29,5:50:36,4.1
上游闸外水位,2024/05/29,5:50:36,4.2
内河侧水位,2024/05/29,6:00:00,4.1
长江侧水位,2024/05/29,6:00:00,4.2
上游闸内水位,2024/05/29,6:02:20,4.1
上游闸外水位,2024/05/29,6:02:20,4.1
下游闸内水位,2024/05/29,6:04:50,4.1
下游闸外水位,2024/05/29,6:04:50,4.2
下游闸内水位,2024/05/29,6:06:10,4.1
下游闸外水位,2024/05/29,6:06:10,4.1
下游闸内水位,2024/05/29,6:12:35,4.2
下游闸外水位,2024/05/29,6:12:35,4.1
上游闸内水位,2024/05/29,6:15:21,4.2
上游闸外水位,2024/05/29,6:15:21,4.1
上游闸内水位,2024/05/29,6:17:01,4.1
上游闸外水位,2024/05/29,6:17:01,4.1
上游闸内水位,2024/05/29,6:23:39,4.1
上游闸外水位,2024/05/29,6:23:39,4.1
下游闸内水位,2024/05/29,6:26:22,4.1
下游闸外水位,2024/05/29,6:26:22,4.2
下游闸内水位,2024/05/29,6:32:40,4.2
下游闸外水位,2024/05/29,6:32:40,4.3
上游闸内水位,2024/05/29,6:35:36,4.2
上游闸外水位,2024/05/29,6:35:36,4.1
上游闸内水位,2024/05/29,6:37:08,4.1
上游闸外水位,2024/05/29,6:37:08,4.1
内河侧水位,2024/05/29,7:00:00,4.2
长江侧水位,2024/05/29,7:00:00,4.4
上游闸内水位,2024/05/29,7:14:22,4.2
上游闸外水位,2024/05/29,7:14:22,4.2
下游闸内水位,2024/05/29,7:16:57,4.2
下游闸外水位,2024/05/29,7:16:57,4.6
下游闸内水位,2024/05/29,7:18:42,4.4
下游闸外水位,2024/05/29,7:18:42,4.6
内河侧水位,2024/05/29,8:00:00,4.4
长江侧水位,2024/05/29,8:00:00,5.0
下游闸内水位,2024/05/29,8:00:36,5.0
下游闸外水位,2024/05/29,8:00:36,5.0
上游闸内水位,2024/05/29,8:03:14,5.0
上游闸外水位,2024/05/29,8:03:14,4.4
上游闸内水位,2024/05/29,8:05:36,4.6
上游闸外水位,2024/05/29,8:05:36,4.4
上游闸内水位,2024/05/29,8:39:00,4.5
上游闸外水位,2024/05/29,8:39:00,4.5
下游闸内水位,2024/05/29,8:41:40,4.5
下游闸外水位,2024/05/29,8:41:40,5.4
下游闸内水位,2024/05/29,8:44:53,5.2
下游闸外水位,2024/05/29,8:44:53,5.4
内河侧水位,2024/05/29,9:00:00,4.6
长江侧水位,2024/05/29,9:00:00,5.4
下游闸内水位,2024/05/29,9:08:51,5.5
下游闸外水位,2024/05/29,9:08:51,5.5
上游闸内水位,2024/05/29,9:12:04,5.5
上游闸外水位,2024/05/29,9:12:04,4.7
上游闸内水位,2024/05/29,9:15:03,4.8
上游闸外水位,2024/05/29,9:15:03,4.7
上游闸内水位,2024/05/29,9:41:02,4.7
上游闸外水位,2024/05/29,9:41:02,4.7
下游闸内水位,2024/05/29,9:43:40,4.7
下游闸外水位,2024/05/29,9:43:40,5.6
下游闸内水位,2024/05/29,9:46:38,5.4
下游闸外水位,2024/05/29,9:46:38,5.6
下游闸内水位,2024/05/29,9:56:39,5.6
下游闸外水位,2024/05/29,9:56:39,5.6
上游闸内水位,2024/05/29,9:59:30,5.5
上游闸外水位,2024/05/29,9:59:30,4.8
内河侧水位,2024/05/29,10:00:00,4.8
长江侧水位,2024/05/29,10:00:00,5.6
上游闸内水位,2024/05/29,10:02:21,4.9
上游闸外水位,2024/05/29,10:02:21,4.8
上游闸内水位,2024/05/29,10:22:40,4.8
上游闸外水位,2024/05/29,10:22:40,4.8
下游闸内水位,2024/05/29,10:25:20,4.8
下游闸外水位,2024/05/29,10:25:20,5.5
下游闸内水位,2024/05/29,10:28:07,5.4
下游闸外水位,2024/05/29,10:28:07,5.6
下游闸内水位,2024/05/29,10:38:48,5.5
下游闸外水位,2024/05/29,10:38:48,5.5
内河侧水位,2024/05/29,4:00:00,4.2
长江侧水位,2024/05/29,4:00:00,4.3
上游闸内水位,2024/05/29,4:35:19,4.2
上游闸外水位,2024/05/29,4:35:19,4.2
内河侧水位,2024/05/29,5:00:00,4.2
长江侧水位,2024/05/29,5:00:00,4.2
上游闸内水位,2024/05/29,5:03:55,4.1
上游闸外水位,2024/05/29,5:03:55,4.2
下游闸内水位,2024/05/29,5:21:53,4.2
下游闸外水位,2024/05/29,5:21:53,4.2
上游闸内水位,2024/05/29,5:24:30,4.2
上游闸外水位,2024/05/29,5:24:30,4.2
上游闸内水位,2024/05/29,10:41:23,5.5
上游闸外水位,2024/05/29,10:41:23,4.8
上游闸内水位,2024/05/29,10:43:50,5.0
上游闸外水位,2024/05/29,10:43:50,4.7
内河侧水位,2024/05/29,11:00:00,4.8
长江侧水位,2024/05/29,11:00:00,5.5
上游闸内水位,2024/05/29,11:01:58,4.8
上游闸外水位,2024/05/29,11:01:58,4.8
上游闸内水位,2024/05/29,11:03:03,4.8
上游闸外水位,2024/05/29,11:03:03,4.9
下游闸内水位,2024/05/29,11:05:12,4.8
下游闸外水位,2024/05/29,11:05:12,5.5
下游闸内水位,2024/05/29,11:07:35,5.3
下游闸外水位,2024/05/29,11:07:35,5.4
下游闸内水位,2024/05/29,11:35:26,5.3
下游闸外水位,2024/05/29,11:35:26,5.3
上游闸内水位,2024/05/29,11:38:06,5.3
上游闸外水位,2024/05/29,11:38:06,4.8
上游闸内水位,2024/05/29,11:40:12,5.0
上游闸外水位,2024/05/29,11:40:12,4.8
内河侧水位,2024/05/29,12:00:00,4.8
长江侧水位,2024/05/29,12:00:00,5.3
上游闸内水位,2024/05/29,12:02:19,4.8
上游闸外水位,2024/05/29,12:02:19,4.8
下游闸内水位,2024/05/29,12:05:11,4.8
下游闸外水位,2024/05/29,12:05:11,5.3
下游闸内水位,2024/05/29,12:07:05,5.1
下游闸外水位,2024/05/29,12:07:05,5.3
下游闸内水位,2024/05/29,12:33:53,5.1
下游闸外水位,2024/05/29,12:33:53,5.2
上游闸内水位,2024/05/29,12:36:27,5.2
上游闸外水位,2024/05/29,12:36:27,4.8
上游闸内水位,2024/05/29,12:37:53,5.0
上游闸外水位,2024/05/29,12:37:53,4.8
上游闸内水位,2024/05/29,12:52:56,4.8
上游闸外水位,2024/05/29,12:52:56,4.8
下游闸内水位,2024/05/29,12:55:25,4.7
下游闸外水位,2024/05/29,12:55:25,5.1
下游闸内水位,2024/05/29,12:56:52,4.9
下游闸外水位,2024/05/29,12:56:52,5.1
内河侧水位,2024/05/29,13:00:00,4.8
长江侧水位,2024/05/29,13:00:00,5.1
下游闸内水位,2024/05/29,13:18:14,5.0
下游闸外水位,2024/05/29,13:18:14,5.0
上游闸内水位,2024/05/29,13:20:52,5.0
上游闸外水位,2024/05/29,13:20:52,4.7
上游闸内水位,2024/05/29,13:36:59,4.7
上游闸外水位,2024/05/29,13:36:59,4.7
下游闸内水位,2024/05/29,13:39:30,4.7
下游闸外水位,2024/05/29,13:39:30,5.0
内河侧水位,2024/05/29,14:00:00,4.7
长江侧水位,2024/05/29,14:00:00,4.9
下游闸内水位,2024/05/29,14:04:31,4.9
下游闸外水位,2024/05/29,14:04:31,4.9
上游闸内水位,2024/05/29,14:07:13,4.9
上游闸外水位,2024/05/29,14:07:13,4.7
上游闸内水位,2024/05/29,14:09:02,4.7
上游闸外水位,2024/05/29,14:09:02,4.7
上游闸内水位,2024/05/29,14:43:25,4.6
上游闸外水位,2024/05/29,14:43:25,4.6
下游闸内水位,2024/05/29,14:45:55,4.6
下游闸外水位,2024/05/29,14:45:55,4.8
下游闸内水位,2024/05/29,14:47:11,4.7
下游闸外水位,2024/05/29,14:47:11,4.8
内河侧水位,2024/05/29,15:00:00,4.6
长江侧水位,2024/05/29,15:00:00,4.8
下游闸内水位,2024/05/29,15:20:29,4.7
下游闸外水位,2024/05/29,15:20:29,4.7
上游闸内水位,2024/05/29,15:24:05,4.7
上游闸外水位,2024/05/29,15:24:05,4.6
内河侧水位,2024/05/29,16:00:00,4.5
长江侧水位,2024/05/29,16:00:00,4.6
上游闸内水位,2024/05/29,16:03:37,4.5
上游闸外水位,2024/05/29,16:03:37,4.5
下游闸内水位,2024/05/29,16:06:09,4.5
下游闸外水位,2024/05/29,16:06:09,4.6
下游闸内水位,2024/05/29,16:10:28,4.6
下游闸外水位,2024/05/29,16:10:28,4.6
下游闸内水位,2024/05/29,16:43:14,4.5
下游闸外水位,2024/05/29,16:43:14,4.6
上游闸内水位,2024/05/29,16:45:52,4.5
上游闸外水位,2024/05/29,16:45:52,4.5
上游闸内水位,2024/05/29,16:47:15,4.5
上游闸外水位,2024/05/29,16:47:15,4.5
内河侧水位,2024/05/29,17:00:00,4.4
长江侧水位,2024/05/29,17:00:00,4.5
上游闸内水位,2024/05/29,17:04:15,4.4
上游闸外水位,2024/05/29,17:04:15,4.4
下游闸内水位,2024/05/29,17:06:48,4.4
下游闸外水位,2024/05/29,17:06:48,4.5
上游闸内水位,2024/05/29,19:07:15,4.3
上游闸外水位,2024/05/29,19:07:15,4.3
上游闸内水位,2024/05/30,3:37:44,4.3
上游闸外水位,2024/05/30,3:37:44,4.4
下游闸内水位,2024/05/30,3:40:24,4.3
下游闸外水位,2024/05/30,3:40:24,4.5
下游闸内水位,2024/05/30,3:41:54,4.4
下游闸外水位,2024/05/30,3:41:54,4.5
内河侧水位,2024/05/30,4:00:00,4.3
长江侧水位,2024/05/30,4:00:00,4.5
下游闸内水位,2024/05/30,4:43:04,4.4
下游闸外水位,2024/05/30,4:43:04,4.4
上游闸内水位,2024/05/30,4:46:29,4.4
上游闸外水位,2024/05/30,4:46:29,4.3
上游闸内水位,2024/05/30,4:48:05,4.3
上游闸外水位,2024/05/30,4:48:05,4.3
内河侧水位,2024/05/30,5:00:00,4.3
长江侧水位,2024/05/30,5:00:00,4.4
上游闸内水位,2024/05/30,5:22:19,4.2
上游闸外水位,2024/05/30,5:22:19,4.3
下游闸内水位,2024/05/30,5:25:31,4.2
下游闸外水位,2024/05/30,5:25:31,4.3
下游闸内水位,2024/05/30,5:26:58,4.3
下游闸外水位,2024/05/30,5:26:58,4.3
下游闸内水位,2024/05/30,5:38:17,4.4
下游闸外水位,2024/05/30,5:38:17,4.4
上游闸内水位,2024/05/30,5:40:54,4.3
上游闸外水位,2024/05/30,5:40:54,4.3
上游闸内水位,2024/05/30,5:42:30,4.2
上游闸外水位,2024/05/30,5:42:30,4.3
内河侧水位,2024/05/30,6:00:00,4.2
长江侧水位,2024/05/30,6:00:00,4.3
上游闸内水位,2024/05/30,6:01:54,4.2
上游闸外水位,2024/05/30,6:01:54,4.2
下游闸内水位,2024/05/30,6:04:31,4.2
下游闸外水位,2024/05/30,6:04:31,4.3
下游闸内水位,2024/05/30,6:05:47,4.2
下游闸外水位,2024/05/30,6:05:47,4.3
下游闸内水位,2024/05/30,6:21:47,4.2
下游闸外水位,2024/05/30,6:21:47,4.3
上游闸内水位,2024/05/30,6:24:30,4.3
上游闸外水位,2024/05/30,6:24:30,4.2
上游闸内水位,2024/05/30,6:25:57,4.2
上游闸外水位,2024/05/30,6:25:57,4.2
上游闸内水位,2024/05/30,6:47:06,4.2
上游闸外水位,2024/05/30,6:47:06,4.2
下游闸内水位,2024/05/30,6:50:11,4.2
下游闸外水位,2024/05/30,6:50:11,4.3
下游闸内水位,2024/05/30,6:51:31,4.2
下游闸外水位,2024/05/30,6:51:31,4.3
内河侧水位,2024/05/30,7:00:01,4.2
长江侧水位,2024/05/30,7:00:01,4.3
下游闸内水位,2024/05/30,7:25:58,4.3
下游闸外水位,2024/05/30,7:25:58,4.3
上游闸内水位,2024/05/30,7:30:02,4.3
上游闸外水位,2024/05/30,7:30:02,4.2
上游闸内水位,2024/05/30,7:31:28,4.2
上游闸外水位,2024/05/30,7:31:28,4.2
内河侧水位,2024/05/30,8:00:00,4.3
长江侧水位,2024/05/30,8:00:00,4.5
上游闸内水位,2024/05/30,8:06:17,4.2
上游闸外水位,2024/05/30,8:06:17,4.3
下游闸内水位,2024/05/30,8:08:55,4.2
下游闸外水位,2024/05/30,8:08:55,4.5
下游闸内水位,2024/05/30,8:37:35,4.8
下游闸外水位,2024/05/30,8:37:35,4.8
上游闸内水位,2024/05/30,8:40:10,4.8
上游闸外水位,2024/05/30,8:40:10,4.4
上游闸内水位,2024/05/30,8:42:03,4.5
上游闸外水位,2024/05/30,8:42:03,4.4
内河侧水位,2024/05/30,9:00:00,4.4
长江侧水位,2024/05/30,9:00:00,5.0
下游闸内水位,2024/05/29,17:24:03,4.4
下游闸外水位,2024/05/29,17:24:03,4.4
上游闸内水位,2024/05/29,17:26:36,4.4
上游闸外水位,2024/05/29,17:26:36,4.4
上游闸内水位,2024/05/29,17:28:01,4.4
上游闸外水位,2024/05/29,17:28:01,4.4
内河侧水位,2024/05/29,18:00:00,4.3
长江侧水位,2024/05/29,18:00:00,4.4
上游闸内水位,2024/05/29,18:01:05,4.3
上游闸外水位,2024/05/29,18:01:05,4.3
下游闸内水位,2024/05/29,18:03:40,4.3
下游闸外水位,2024/05/29,18:03:40,4.4
下游闸内水位,2024/05/29,18:20:02,4.3
下游闸外水位,2024/05/29,18:20:02,4.4
上游闸内水位,2024/05/29,18:22:54,4.3
上游闸外水位,2024/05/29,18:22:54,4.3
上游闸内水位,2024/05/29,18:46:50,4.3
上游闸外水位,2024/05/29,18:46:50,4.3
下游闸内水位,2024/05/29,18:49:22,4.2
下游闸外水位,2024/05/29,18:49:22,4.3
内河侧水位,2024/05/29,19:00:00,4.3
长江侧水位,2024/05/29,19:00:00,4.3
下游闸内水位,2024/05/29,19:01:57,4.3
下游闸外水位,2024/05/29,19:01:57,4.3
上游闸内水位,2024/05/29,19:05:50,4.3
上游闸外水位,2024/05/29,19:05:50,4.3
上游闸内水位,2024/05/29,19:44:51,4.2
上游闸外水位,2024/05/29,19:44:51,4.3
下游闸内水位,2024/05/29,19:47:25,4.2
下游闸外水位,2024/05/29,19:47:25,4.3
下游闸内水位,2024/05/29,19:48:46,4.3
下游闸外水位,2024/05/29,19:48:46,4.3
内河侧水位,2024/05/29,20:00:00,4.2
长江侧水位,2024/05/29,20:00:00,4.4
下游闸内水位,2024/05/29,20:29:32,4.5
下游闸外水位,2024/05/29,20:29:32,4.5
上游闸内水位,2024/05/29,20:33:25,4.5
上游闸外水位,2024/05/29,20:33:25,4.3
内河侧水位,2024/05/29,21:00:00,4.4
长江侧水位,2024/05/29,21:00:00,4.7
上游闸内水位,2024/05/29,21:15:25,4.3
上游闸外水位,2024/05/29,21:15:25,4.4
下游闸内水位,2024/05/29,21:20:20,4.4
下游闸外水位,2024/05/29,21:20:20,4.8
下游闸内水位,2024/05/29,21:22:13,4.6
下游闸外水位,2024/05/29,21:22:13,4.8
内河侧水位,2024/05/29,22:00:00,4.5
长江侧水位,2024/05/29,22:00:00,4.9
下游闸内水位,2024/05/29,22:00:19,4.9
下游闸外水位,2024/05/29,22:00:19,4.9
上游闸内水位,2024/05/29,22:03:12,4.9
上游闸外水位,2024/05/29,22:03:12,4.5
上游闸内水位,2024/05/29,22:05:03,4.6
上游闸外水位,2024/05/29,22:05:03,4.5
上游闸内水位,2024/05/29,22:38:25,4.5
上游闸外水位,2024/05/29,22:38:25,4.5
下游闸内水位,2024/05/29,22:41:01,4.5
下游闸外水位,2024/05/29,22:41:01,5.0
下游闸内水位,2024/05/29,22:42:56,4.8
下游闸外水位,2024/05/29,22:42:56,5.0
内河侧水位,2024/05/29,23:00:00,4.6
长江侧水位,2024/05/29,23:00:00,5.0
下游闸内水位,2024/05/29,23:32:06,4.9
下游闸外水位,2024/05/29,23:32:06,5.0
上游闸内水位,2024/05/29,23:34:42,4.9
上游闸外水位,2024/05/29,23:34:42,4.6
上游闸内水位,2024/05/29,23:36:11,4.8
上游闸外水位,2024/05/29,23:36:11,4.6
内河侧水位,2024/05/30,0:00:00,4.6
长江侧水位,2024/05/30,0:00:00,4.9
上游闸内水位,2024/05/30,0:19:13,4.5
上游闸外水位,2024/05/30,0:19:13,4.6
下游闸内水位,2024/05/30,0:22:53,4.5
下游闸外水位,2024/05/30,0:22:53,4.9
下游闸内水位,2024/05/30,0:24:21,4.7
下游闸外水位,2024/05/30,0:24:21,4.9
内河侧水位,2024/05/30,1:00:00,4.5
长江侧水位,2024/05/30,1:00:00,4.8
下游闸内水位,2024/05/30,1:10:32,4.8
下游闸外水位,2024/05/30,1:10:32,4.8
上游闸内水位,2024/05/30,1:13:06,4.7
上游闸外水位,2024/05/30,1:13:06,4.5
上游闸内水位,2024/05/30,1:16:18,4.5
上游闸外水位,2024/05/30,1:16:18,4.5
上游闸内水位,2024/05/30,1:57:08,4.4
上游闸外水位,2024/05/30,1:57:08,4.5
下游闸内水位,2024/05/30,1:59:41,4.4
下游闸外水位,2024/05/30,1:59:41,4.7
内河侧水位,2024/05/30,2:00:00,4.5
长江侧水位,2024/05/30,2:00:00,4.7
下游闸内水位,2024/05/30,2:42:56,4.6
下游闸外水位,2024/05/30,2:42:56,4.6
上游闸内水位,2024/05/30,2:45:48,4.6
上游闸外水位,2024/05/30,2:45:48,4.4
内河侧水位,2024/05/30,3:00:00,4.4
长江侧水位,2024/05/30,3:00:00,4.6
上游闸内水位,2024/05/30,9:03:42,4.4
上游闸外水位,2024/05/30,9:03:42,4.4
下游闸内水位,2024/05/30,9:06:15,4.4
下游闸外水位,2024/05/30,9:06:15,5.0
下游闸内水位,2024/05/30,9:08:53,4.9
下游闸外水位,2024/05/30,9:08:53,5.0
下游闸内水位,2024/05/30,9:17:15,5.1
下游闸外水位,2024/05/30,9:17:15,5.1
上游闸内水位,2024/05/30,9:19:50,5.2
上游闸外水位,2024/05/30,9:19:50,4.5
上游闸内水位,2024/05/30,9:46:28,4.6
上游闸外水位,2024/05/30,9:46:28,4.6
下游闸内水位,2024/05/30,9:49:04,4.5
下游闸外水位,2024/05/30,9:49:04,5.3
下游闸内水位,2024/05/30,9:51:43,5.1
下游闸外水位,2024/05/30,9:51:43,5.3
内河侧水位,2024/05/30,10:00:00,4.6
长江侧水位,2024/05/30,10:00:00,5.3
上游闸内水位,2024/05/30,10:05:25,5.3
上游闸外水位,2024/05/30,10:05:25,4.6
上游闸内水位,2024/05/30,10:08:21,4.7
上游闸外水位,2024/05/30,10:08:21,4.6
上游闸内水位,2024/05/30,10:28:56,4.6
上游闸外水位,2024/05/30,10:28:56,4.7
下游闸内水位,2024/05/30,10:32:10,4.7
下游闸外水位,2024/05/30,10:32:10,5.3
下游闸内水位,2024/05/30,10:34:52,5.2
下游闸外水位,2024/05/30,10:34:52,5.4
内河侧水位,2024/05/30,11:00:00,4.7
长江侧水位,2024/05/30,11:00:00,5.4
下游闸内水位,2024/05/30,11:06:48,5.4
下游闸外水位,2024/05/30,11:06:48,5.4
上游闸内水位,2024/05/30,11:09:26,5.4
上游闸外水位,2024/05/30,11:09:26,4.7
上游闸内水位,2024/05/30,11:12:08,4.8
上游闸外水位,2024/05/30,11:12:08,4.7
上游闸内水位,2024/05/30,11:40:32,4.7
上游闸外水位,2024/05/30,11:40:32,4.8
下游闸内水位,2024/05/30,11:43:05,4.7
下游闸外水位,2024/05/30,11:43:05,5.3
下游闸内水位,2024/05/30,11:45:25,5.2
下游闸外水位,2024/05/30,11:45:25,5.3
内河侧水位,2024/05/30,12:00:00,4.8
长江侧水位,2024/05/30,12:00:00,5.3
上游闸内水位,2024/05/30,12:10:11,5.3
上游闸外水位,2024/05/30,12:10:11,4.8
上游闸内水位,2024/05/30,12:12:27,4.9
上游闸外水位,2024/05/30,12:12:27,4.8
上游闸内水位,2024/05/30,12:37:22,4.7
上游闸外水位,2024/05/30,12:37:22,4.8
下游闸内水位,2024/05/30,12:40:02,4.7
下游闸外水位,2024/05/30,12:40:02,5.2
下游闸内水位,2024/05/30,12:42:02,5.0
下游闸外水位,2024/05/30,12:42:02,5.1
内河侧水位,2024/05/30,13:00:00,4.8
长江侧水位,2024/05/30,13:00:00,5.1
下游闸内水位,2024/05/30,13:13:42,5.0
下游闸外水位,2024/05/30,13:13:42,5.1
上游闸内水位,2024/05/30,13:16:18,5.1
上游闸外水位,2024/05/30,13:16:18,4.7
上游闸内水位,2024/05/30,13:50:56,4.7
上游闸外水位,2024/05/30,13:50:56,4.7
下游闸内水位,2024/05/30,13:53:58,4.7
下游闸外水位,2024/05/30,13:53:58,5.0
下游闸内水位,2024/05/30,13:55:56,4.9
下游闸外水位,2024/05/30,13:55:56,5.0
内河侧水位,2024/05/30,14:00:00,4.7
长江侧水位,2024/05/30,14:00:00,4.9
下游闸内水位,2024/05/30,14:30:18,4.8
下游闸外水位,2024/05/30,14:30:18,4.9
上游闸内水位,2024/05/30,14:32:54,4.9
上游闸外水位,2024/05/30,14:32:54,4.6
上游闸内水位,2024/05/30,14:34:27,4.7
上游闸外水位,2024/05/30,14:34:27,4.6
上游闸内水位,2024/05/30,14:56:58,4.5
上游闸外水位,2024/05/30,14:56:58,4.5
下游闸内水位,2024/05/30,14:59:33,4.5
下游闸外水位,2024/05/30,14:59:33,4.8
上游闸内水位,2024/05/30,9:22:37,4.6
上游闸外水位,2024/05/30,9:22:37,4.5
下游闸内水位,2024/05/30,10:02:46,5.3
下游闸外水位,2024/05/30,10:02:46,5.3
下游闸内水位,2024/05/30,12:07:34,5.2
下游闸外水位,2024/05/30,12:07:34,5.3
上游闸内水位,2024/05/30,13:17:53,4.9
上游闸外水位,2024/05/30,13:17:53,4.8
上游闸内水位,2024/05/30,15:34:52,4.7
上游闸外水位,2024/05/30,15:34:52,4.4
上游闸内水位,2024/05/30,15:36:25,4.6
上游闸外水位,2024/05/30,15:36:25,4.5
内河侧水位,2024/05/30,16:00:00,4.4
长江侧水位,2024/05/30,16:00:00,4.7
上游闸内水位,2024/05/30,16:08:09,4.3
上游闸外水位,2024/05/30,16:08:09,4.4
下游闸内水位,2024/05/30,16:10:41,4.3
下游闸外水位,2024/05/30,16:10:41,4.7
下游闸内水位,2024/05/30,16:12:12,4.5
下游闸外水位,2024/05/30,16:12:12,4.6
下游闸内水位,2024/05/30,16:43:58,4.6
下游闸外水位,2024/05/30,16:43:58,4.6
上游闸内水位,2024/05/30,16:46:35,4.6
上游闸外水位,2024/05/30,16:46:35,4.3
上游闸内水位,2024/05/30,16:48:15,4.4
上游闸外水位,2024/05/30,16:48:15,4.3
内河侧水位,2024/05/30,17:00:00,4.3
长江侧水位,2024/05/30,17:00:00,4.5
上游闸内水位,2024/05/30,17:20:46,4.2
上游闸外水位,2024/05/30,17:20:46,4.3
下游闸内水位,2024/05/30,17:23:24,4.2
下游闸外水位,2024/05/30,17:23:24,4.4
下游闸内水位,2024/05/30,17:42:07,4.4
下游闸外水位,2024/05/30,17:42:07,4.4
上游闸内水位,2024/05/30,17:44:44,4.4
上游闸外水位,2024/05/30,17:44:44,4.2
内河侧水位,2024/05/30,18:00:00,4.2
长江侧水位,2024/05/30,18:00:00,4.4
上游闸内水位,2024/05/30,18:02:53,4.2
上游闸外水位,2024/05/30,18:02:53,4.3
下游闸内水位,2024/05/30,18:05:23,4.2
下游闸外水位,2024/05/30,18:05:23,4.4
下游闸内水位,2024/05/30,18:06:42,4.3
下游闸外水位,2024/05/30,18:06:42,4.3
下游闸内水位,2024/05/30,18:42:17,4.4
下游闸外水位,2024/05/30,18:42:17,4.3
上游闸内水位,2024/05/30,18:44:56,4.3
上游闸外水位,2024/05/30,18:44:56,4.2
上游闸内水位,2024/05/30,18:46:42,4.2
上游闸外水位,2024/05/30,18:46:42,4.2
内河侧水位,2024/05/30,19:00:00,4.2
长江侧水位,2024/05/30,19:00:00,4.3
上游闸内水位,2024/05/30,19:21:44,4.1
上游闸外水位,2024/05/30,19:21:44,4.2
下游闸内水位,2024/05/30,19:24:16,4.1
下游闸外水位,2024/05/30,19:24:16,4.3
下游闸内水位,2024/05/30,19:27:40,4.3
下游闸外水位,2024/05/30,19:27:40,4.3
内河侧水位,2024/05/30,20:00:00,4.2
长江侧水位,2024/05/30,20:00:00,4.2
下游闸内水位,2024/05/30,20:02:34,4.2
下游闸外水位,2024/05/30,20:02:34,4.2
上游闸内水位,2024/05/30,20:05:13,4.2
上游闸外水位,2024/05/30,20:05:13,4.2
上游闸内水位,2024/05/30,20:06:44,4.1
上游闸外水位,2024/05/30,20:06:44,4.2
上游闸内水位,2024/05/30,20:39:25,4.0
上游闸外水位,2024/05/30,20:39:25,4.1
下游闸内水位,2024/05/30,20:42:15,4.0
下游闸外水位,2024/05/30,20:42:15,4.2
下游闸内水位,2024/05/30,20:44:17,4.2
下游闸外水位,2024/05/30,20:44:17,4.2
下游闸内水位,2024/05/30,20:50:41,4.2
下游闸外水位,2024/05/30,20:50:41,4.2
上游闸内水位,2024/05/30,20:53:18,4.2
上游闸外水位,2024/05/30,20:53:18,4.1
上游闸内水位,2024/05/30,20:54:56,4.1
上游闸外水位,2024/05/30,20:54:56,4.1
内河侧水位,2024/05/30,21:00:00,4.1
长江侧水位,2024/05/30,21:00:00,4.2
上游闸内水位,2024/05/30,21:34:45,4.1
上游闸外水位,2024/05/30,21:34:45,4.1
下游闸内水位,2024/05/30,21:37:20,4.0
下游闸外水位,2024/05/30,21:37:20,4.3
内河侧水位,2024/05/30,22:00:00,4.1
长江侧水位,2024/05/30,22:00:00,4.5
下游闸内水位,2024/05/30,22:36:26,4.6
内河侧水位,2024/05/30,15:00:00,4.5
长江侧水位,2024/05/30,15:00:00,4.8
下游闸内水位,2024/05/30,15:01:07,4.7
下游闸外水位,2024/05/30,15:01:07,4.8
下游闸内水位,2024/05/30,15:32:16,4.8
下游闸外水位,2024/05/30,15:32:16,4.8
下游闸内水位,2024/05/31,2:03:28,4.5
下游闸外水位,2024/05/31,2:03:28,4.6
下游闸内水位,2024/05/31,4:53:31,4.4
下游闸外水位,2024/05/31,4:53:31,4.3
内河侧水位,2024/05/31,9:00:00,4.1
长江侧水位,2024/05/31,9:00:00,4.2
上游闸内水位,2024/05/31,9:02:15,4.0
上游闸外水位,2024/05/31,9:02:15,4.1
下游闸内水位,2024/05/31,9:04:48,4.0
下游闸外水位,2024/05/31,9:04:48,4.2
下游闸内水位,2024/05/31,9:15:45,4.3
下游闸外水位,2024/05/31,9:15:45,4.3
上游闸内水位,2024/05/31,9:18:21,4.3
上游闸外水位,2024/05/31,9:18:21,4.1
上游闸内水位,2024/05/31,9:19:52,4.2
上游闸外水位,2024/05/31,9:19:52,4.1
上游闸内水位,2024/05/31,9:23:52,4.1
上游闸外水位,2024/05/31,9:23:52,4.2
下游闸内水位,2024/05/31,9:26:24,4.1
下游闸外水位,2024/05/31,9:26:24,4.3
下游闸内水位,2024/05/31,9:27:43,4.2
下游闸外水位,2024/05/31,9:27:43,4.3
下游闸内水位,2024/05/31,9:31:19,4.3
下游闸外水位,2024/05/31,9:31:19,4.3
上游闸内水位,2024/05/31,9:33:56,4.4
上游闸外水位,2024/05/31,9:33:56,4.2
上游闸内水位,2024/05/31,9:35:28,4.2
上游闸外水位,2024/05/31,9:35:28,4.2
上游闸内水位,2024/05/31,9:52:28,4.2
上游闸外水位,2024/05/31,9:52:28,4.2
下游闸内水位,2024/05/31,9:54:59,4.1
下游闸外水位,2024/05/31,9:54:59,4.5
下游闸内水位,2024/05/31,9:56:30,4.4
下游闸外水位,2024/05/31,9:56:30,4.5
内河侧水位,2024/05/31,10:00:00,4.2
长江侧水位,2024/05/31,10:00:00,4.5
下游闸内水位,2024/05/31,10:01:14,4.6
下游闸外水位,2024/05/31,10:01:14,4.6
下游闸内水位,2024/05/31,10:17:33,4.7
下游闸外水位,2024/05/31,10:17:33,4.7
上游闸内水位,2024/05/31,10:20:09,4.7
上游闸外水位,2024/05/31,10:20:09,4.2
上游闸内水位,2024/05/31,10:22:21,4.4
上游闸外水位,2024/05/31,10:22:21,4.3
上游闸内水位,2024/05/31,10:44:00,4.3
上游闸外水位,2024/05/31,10:44:00,4.3
下游闸内水位,2024/05/31,10:46:31,4.3
下游闸外水位,2024/05/31,10:46:31,4.9
内河侧水位,2024/05/31,11:00:00,4.4
长江侧水位,2024/05/31,11:00:00,4.9
下游闸内水位,2024/05/31,11:00:44,4.9
下游闸外水位,2024/05/31,11:00:44,4.9
下游闸内水位,2024/05/31,11:29:45,5.0
下游闸外水位,2024/05/31,11:29:45,5.0
上游闸内水位,2024/05/31,11:32:19,5.0
上游闸外水位,2024/05/31,11:32:19,4.4
上游闸内水位,2024/05/31,11:34:58,4.5
上游闸外水位,2024/05/31,11:34:58,4.4
上游闸内水位,2024/05/31,11:55:51,4.5
上游闸外水位,2024/05/31,11:55:51,4.5
下游闸内水位,2024/05/31,12:01:12,5.0
下游闸外水位,2024/05/31,12:01:12,5.0
下游闸内水位,2024/05/31,12:21:02,5.1
下游闸外水位,2024/05/31,12:21:02,5.1
上游闸内水位,2024/05/31,12:23:42,5.1
上游闸外水位,2024/05/31,12:23:42,4.5
上游闸内水位,2024/05/31,12:25:59,4.7
上游闸外水位,2024/05/31,12:25:59,4.5
上游闸内水位,2024/05/31,12:57:34,4.6
上游闸外水位,2024/05/31,12:57:34,4.6
内河侧水位,2024/05/31,13:00:00,4.6
长江侧水位,2024/05/31,13:00:00,5.0
下游闸内水位,2024/05/31,13:00:06,4.5
下游闸外水位,2024/05/31,13:00:06,5.0
下游闸内水位,2024/05/31,13:02:08,4.9
下游闸外水位,2024/05/31,13:02:08,5.0
下游闸内水位,2024/05/31,13:31:06,5.0
下游闸外水位,2024/05/31,13:31:06,5.0
上游闸内水位,2024/05/31,13:35:15,4.8
上游闸外水位,2024/05/31,13:35:15,4.6
上游闸内水位,2024/05/31,13:46:29,4.6
上游闸内水位,2024/05/30,17:46:09,4.3
上游闸外水位,2024/05/30,17:46:09,4.3
下游闸内水位,2024/05/31,11:58:37,4.5
下游闸外水位,2024/05/31,11:58:37,5.1
内河侧水位,2024/05/31,12:00:00,4.5
长江侧水位,2024/05/31,12:00:00,5.0
上游闸外水位,2024/05/31,13:46:29,4.5
下游闸内水位,2024/05/31,13:49:00,4.5
下游闸外水位,2024/05/31,13:49:00,4.9
下游闸内水位,2024/05/31,13:50:51,4.8
下游闸外水位,2024/05/31,13:50:51,4.9
内河侧水位,2024/05/31,14:00:00,4.6
长江侧水位,2024/05/31,14:00:00,4.9
下游闸内水位,2024/05/31,14:11:53,4.9
下游闸外水位,2024/05/31,14:11:53,4.9
上游闸内水位,2024/05/31,14:14:48,4.9
上游闸外水位,2024/05/31,14:14:48,4.6
上游闸内水位,2024/05/31,14:29:34,4.5
上游闸外水位,2024/05/31,14:29:34,4.6
下游闸内水位,2024/05/31,14:32:47,4.5
下游闸外水位,2024/05/31,14:32:47,4.8
下游闸内水位,2024/05/31,14:34:36,4.8
下游闸外水位,2024/05/31,14:34:36,4.8
下游闸内水位,2024/05/31,14:58:44,4.8
下游闸外水位,2024/05/31,14:58:44,4.8
内河侧水位,2024/05/31,15:00:00,4.5
长江侧水位,2024/05/31,15:00:00,4.8
上游闸内水位,2024/05/31,15:01:18,4.8
上游闸外水位,2024/05/31,15:01:18,4.5
上游闸内水位,2024/05/31,15:04:12,4.5
上游闸外水位,2024/05/31,15:04:12,4.5
上游闸内水位,2024/05/31,15:27:15,4.5
上游闸外水位,2024/05/31,15:27:15,4.5
下游闸内水位,2024/05/31,15:29:44,4.5
下游闸外水位,2024/05/31,15:29:44,4.7
下游闸内水位,2024/05/31,15:31:04,4.6
下游闸外水位,2024/05/31,15:31:04,4.7
下游闸外水位,2024/05/30,22:36:26,4.6
上游闸内水位,2024/05/30,22:39:04,4.6
上游闸外水位,2024/05/30,22:39:04,4.1
上游闸内水位,2024/05/30,22:41:30,4.2
上游闸外水位,2024/05/30,22:41:30,4.1
内河侧水位,2024/05/30,23:00:00,4.2
长江侧水位,2024/05/30,23:00:00,4.7
上游闸内水位,2024/05/30,23:23:39,4.1
上游闸外水位,2024/05/30,23:23:39,4.2
下游闸内水位,2024/05/30,23:26:08,4.1
下游闸外水位,2024/05/30,23:26:08,4.7
下游闸内水位,2024/05/30,23:28:53,4.6
下游闸外水位,2024/05/30,23:28:53,4.8
内河侧水位,2024/05/31,0:00:00,4.2
长江侧水位,2024/05/31,0:00:00,4.8
下游闸内水位,2024/05/31,0:07:06,4.8
下游闸外水位,2024/05/31,0:07:06,4.8
上游闸内水位,2024/05/31,0:09:42,4.8
上游闸外水位,2024/05/31,0:09:42,4.2
上游闸内水位,2024/05/31,0:12:25,4.2
上游闸外水位,2024/05/31,0:12:25,4.1
上游闸内水位,2024/05/31,0:49:10,4.1
上游闸外水位,2024/05/31,0:49:10,4.2
下游闸内水位,2024/05/31,0:51:52,4.1
下游闸外水位,2024/05/31,0:51:52,4.8
下游闸内水位,2024/05/31,0:54:47,4.6
下游闸外水位,2024/05/31,0:54:47,4.7
内河侧水位,2024/05/31,1:00:00,4.2
长江侧水位,2024/05/31,1:00:00,4.7
下游闸内水位,2024/05/31,1:23:45,4.7
下游闸外水位,2024/05/31,1:23:45,4.7
上游闸内水位,2024/05/31,1:26:39,4.7
上游闸外水位,2024/05/31,1:26:39,4.1
上游闸内水位,2024/05/31,1:29:01,4.3
上游闸外水位,2024/05/31,1:29:01,4.1
上游闸内水位,2024/05/31,1:58:22,4.1
上游闸外水位,2024/05/31,1:58:22,4.1
内河侧水位,2024/05/31,2:00:00,4.1
长江侧水位,2024/05/31,2:00:00,4.7
下游闸内水位,2024/05/31,2:01:08,4.1
下游闸外水位,2024/05/31,2:01:08,4.6
下游闸内水位,2024/05/31,2:12:03,4.6
下游闸外水位,2024/05/31,2:12:03,4.6
上游闸内水位,2024/05/31,2:14:46,4.7
上游闸外水位,2024/05/31,2:14:46,4.1
上游闸内水位,2024/05/31,2:17:30,4.1
上游闸外水位,2024/05/31,2:17:30,4.1
上游闸内水位,2024/05/31,2:56:31,4.0
上游闸外水位,2024/05/31,2:56:31,4.1
下游闸内水位,2024/05/31,2:59:27,4.0
下游闸外水位,2024/05/31,2:59:27,4.5
内河侧水位,2024/05/31,3:00:00,4.1
长江侧水位,2024/05/31,3:00:00,4.5
下游闸内水位,2024/05/31,3:01:32,4.4
下游闸外水位,2024/05/31,3:01:32,4.5
下游闸内水位,2024/05/31,3:17:07,4.5
下游闸外水位,2024/05/31,3:17:07,4.5
上游闸内水位,2024/05/31,3:19:50,4.5
上游闸外水位,2024/05/31,3:19:50,4.1
上游闸内水位,2024/05/31,3:21:45,4.2
上游闸外水位,2024/05/31,3:21:45,4.1
上游闸内水位,2024/05/31,3:47:24,4.0
上游闸外水位,2024/05/31,3:47:24,4.1
下游闸内水位,2024/05/31,3:50:02,4.0
下游闸外水位,2024/05/31,3:50:02,4.5
下游闸内水位,2024/05/31,3:51:56,4.3
下游闸外水位,2024/05/31,3:51:56,4.4
内河侧水位,2024/05/31,4:00:00,4.1
长江侧水位,2024/05/31,4:00:00,4.5
下游闸内水位,2024/05/31,4:05:17,4.4
下游闸外水位,2024/05/31,4:05:17,4.4
上游闸内水位,2024/05/31,4:07:55,4.4
上游闸外水位,2024/05/31,4:07:55,4.1
上游闸内水位,2024/05/31,4:09:32,4.2
上游闸外水位,2024/05/31,4:09:32,4.0
上游闸内水位,2024/05/31,4:34:06,4.0
上游闸外水位,2024/05/31,4:34:06,4.1
下游闸内水位,2024/05/31,4:36:50,4.0
下游闸外水位,2024/05/31,4:36:50,4.4
下游闸内水位,2024/05/31,4:38:20,4.2
下游闸外水位,2024/05/31,4:38:20,4.3
上游闸内水位,2024/05/31,4:56:12,4.4
上游闸外水位,2024/05/31,4:56:12,4.1
上游闸内水位,2024/05/31,4:58:05,4.1
上游闸外水位,2024/05/31,4:58:05,4.0
内河侧水位,2024/05/31,5:00:00,4.0
长江侧水位,2024/05/31,5:00:00,4.4
上游闸内水位,2024/05/31,5:18:16,4.0
上游闸外水位,2024/05/31,5:18:16,4.1
下游闸内水位,2024/05/31,5:20:46,4.0
下游闸外水位,2024/05/31,5:20:46,4.3
下游闸内水位,2024/05/31,5:22:20,4.2
下游闸外水位,2024/05/31,5:22:20,4.3
下游闸内水位,2024/05/31,5:40:09,4.3
下游闸外水位,2024/05/31,5:40:09,4.3
上游闸内水位,2024/05/31,5:42:46,4.3
上游闸外水位,2024/05/31,5:42:46,4.1
上游闸内水位,2024/05/31,5:44:17,4.1
上游闸外水位,2024/05/31,5:44:17,4.1
内河侧水位,2024/05/31,6:00:00,4.0
长江侧水位,2024/05/31,6:00:00,4.3
上游闸内水位,2024/05/31,6:16:50,4.0
上游闸外水位,2024/05/31,6:16:50,4.0
上游闸内水位,2024/05/31,6:18:22,3.9
上游闸外水位,2024/05/31,6:18:22,4.0
下游闸内水位,2024/05/31,6:20:35,3.9
下游闸外水位,2024/05/31,6:20:35,4.2
下游闸内水位,2024/05/31,6:41:42,4.2
下游闸外水位,2024/05/31,6:41:42,4.2
上游闸内水位,2024/05/31,6:45:03,4.3
上游闸外水位,2024/05/31,6:45:03,4.0
上游闸内水位,2024/05/31,6:46:51,4.0
上游闸外水位,2024/05/31,6:46:51,4.0
内河侧水位,2024/05/31,7:00:00,4.0
长江侧水位,2024/05/31,7:00:00,4.2
上游闸内水位,2024/05/31,7:13:24,3.9
上游闸外水位,2024/05/31,7:13:24,4.0
下游闸内水位,2024/05/31,7:16:23,3.9
下游闸外水位,2024/05/31,7:16:23,4.2
下游闸内水位,2024/05/31,7:17:45,4.0
下游闸外水位,2024/05/31,7:17:45,4.1
下游闸内水位,2024/05/31,7:42:49,4.1
下游闸外水位,2024/05/31,7:42:49,4.1
上游闸内水位,2024/05/31,7:45:25,4.1
上游闸外水位,2024/05/31,7:45:25,4.0
内河侧水位,2024/05/31,8:00:00,4.1
长江侧水位,2024/05/31,8:00:00,4.1
上游闸内水位,2024/05/31,8:02:10,4.0
上游闸外水位,2024/05/31,8:02:10,4.1
下游闸内水位,2024/05/31,8:04:49,4.0
下游闸外水位,2024/05/31,8:04:49,4.1
下游闸内水位,2024/05/31,8:06:06,4.1
下游闸外水位,2024/05/31,8:06:06,4.1
下游闸内水位,2024/05/31,8:29:57,4.1
下游闸外水位,2024/05/31,8:29:57,4.1
上游闸内水位,2024/05/31,8:32:42,4.2
上游闸外水位,2024/05/31,8:32:42,4.1
上游闸内水位,2024/05/31,8:34:16,4.1
上游闸外水位,2024/05/31,8:34:16,4.1
下游闸内水位,2024/05/31,15:48:01,4.7
下游闸外水位,2024/05/31,15:48:01,4.7
上游闸内水位,2024/05/31,15:50:42,4.7
上游闸外水位,2024/05/31,15:50:42,4.5
内河侧水位,2024/05/31,16:00:00,4.4
长江侧水位,2024/05/31,16:00:00,4.7
上游闸内水位,2024/05/31,16:18:34,4.4
上游闸外水位,2024/05/31,16:18:34,4.4
下游闸内水位,2024/05/31,16:21:09,4.4
下游闸外水位,2024/05/31,16:21:09,4.6
下游闸内水位,2024/05/31,16:22:37,4.5
下游闸外水位,2024/05/31,16:22:37,4.6
下游闸内水位,2024/05/31,16:58:31,4.6
下游闸外水位,2024/05/31,16:58:31,4.5
内河侧水位,2024/05/31,17:00:00,4.4
长江侧水位,2024/05/31,17:00:00,4.5
上游闸内水位,2024/05/31,17:01:16,4.6
上游闸外水位,2024/05/31,17:01:16,4.4
上游闸内水位,2024/05/31,17:02:46,4.4
上游闸外水位,2024/05/31,17:02:46,4.4
上游闸内水位,2024/05/31,17:35:33,4.4
上游闸外水位,2024/05/31,17:35:33,4.4
下游闸内水位,2024/05/31,17:38:58,4.3
下游闸外水位,2024/05/31,17:38:58,4.4
下游闸内水位,2024/05/31,17:40:35,4.4
下游闸外水位,2024/05/31,17:40:35,4.5
内河侧水位,2024/05/31,18:00:00,4.4
长江侧水位,2024/05/31,18:00:00,4.4
下游闸内水位,2024/05/31,18:13:30,4.4
下游闸外水位,2024/05/31,18:13:30,4.4
上游闸内水位,2024/05/31,18:16:21,4.4
上游闸外水位,2024/05/31,18:16:21,4.3
上游闸内水位,2024/05/31,18:17:57,4.3
上游闸外水位,2024/05/31,18:17:57,4.3
上游闸内水位,2024/05/31,18:40:57,4.2
上游闸内水位,2024/05/31,15:52:17,4.5
上游闸外水位,2024/05/31,15:52:17,4.5
上游闸外水位,2024/05/31,18:40:57,4.3
下游闸内水位,2024/05/31,18:43:43,4.2
下游闸外水位,2024/05/31,18:43:43,4.4
下游闸内水位,2024/05/31,18:45:06,4.3
下游闸外水位,2024/05/31,18:45:06,4.3
内河侧水位,2024/05/31,19:00:00,4.3
长江侧水位,2024/05/31,19:00:00,4.3
下游闸内水位,2024/05/31,19:15:39,4.3
下游闸外水位,2024/05/31,19:15:39,4.3
上游闸内水位,2024/05/31,19:18:16,4.3
上游闸外水位,2024/05/31,19:18:16,4.2
上游闸内水位,2024/05/31,19:19:51,4.2
上游闸外水位,2024/05/31,19:19:51,4.2
上游闸内水位,2024/05/31,19:38:34,4.2
上游闸外水位,2024/05/31,19:38:34,4.2
下游闸内水位,2024/05/31,19:41:50,4.2
下游闸外水位,2024/05/31,19:41:50,4.2
下游闸内水位,2024/05/31,19:43:30,4.2
下游闸外水位,2024/05/31,19:43:30,4.2
内河侧水位,2024/05/31,20:00:00,4.2
长江侧水位,2024/05/31,20:00:00,4.2
下游闸内水位,2024/05/31,20:07:46,4.2
下游闸外水位,2024/05/31,20:07:46,4.2
上游闸内水位,2024/05/31,20:11:48,4.2
上游闸外水位,2024/05/31,20:11:48,4.2
上游闸内水位,2024/05/31,20:13:15,4.1
上游闸外水位,2024/05/31,20:13:15,4.2
上游闸内水位,2024/05/31,20:51:17,4.1
上游闸外水位,2024/05/31,20:51:17,4.1
下游闸内水位,2024/05/31,20:53:52,4.1
下游闸外水位,2024/05/31,20:53:52,4.2
下游闸内水位,2024/05/31,20:56:43,4.1
下游闸外水位,2024/05/31,20:56:43,4.1
内河侧水位,2024/05/31,21:00:00,4.1
长江侧水位,2024/05/31,21:00:00,4.1
下游闸内水位,2024/05/31,21:55:55,4.1
下游闸外水位,2024/05/31,21:55:55,4.1
上游闸内水位,2024/05/31,21:58:31,4.1
上游闸外水位,2024/05/31,21:58:31,4.1
内河侧水位,2024/05/31,22:00:00,4.1
长江侧水位,2024/05/31,22:00:00,4.1
上游闸内水位,2024/05/31,22:00:15,4.1
上游闸外水位,2024/05/31,22:00:15,4.1
上游闸内水位,2024/05/31,22:34:50,4.1
上游闸外水位,2024/05/31,22:34:50,4.1
下游闸内水位,2024/05/31,22:37:41,4.1
下游闸外水位,2024/05/31,22:37:41,4.2
下游闸内水位,2024/05/31,22:39:01,4.2
下游闸外水位,2024/05/31,22:39:01,4.2
内河侧水位,2024/05/31,23:00:00,4.2
长江侧水位,2024/05/31,23:00:00,4.3
下游闸内水位,2024/05/31,23:30:04,4.5
下游闸外水位,2024/05/31,23:30:04,4.5
上游闸内水位,2024/05/31,23:33:31,4.5
上游闸外水位,2024/05/31,23:33:31,4.2
上游闸内水位,2024/05/31,23:35:10,4.3
上游闸外水位,2024/05/31,23:35:10,4.2
