名称,日期,时间,数值
下游闸外水位,2024/12/02,17:25:45,3.8
下游闸内水位,2024/12/02,17:54:19,4.0
下游闸外水位,2024/12/02,17:54:19,4.0
上游闸内水位,2024/12/02,17:57:06,4.0
上游闸外水位,2024/12/02,17:57:06,3.9
上游闸内水位,2024/12/02,17:58:41,3.9
上游闸外水位,2024/12/02,17:58:41,3.9
内河侧水位,2024/12/02,18:00:00,3.9
长江侧水位,2024/12/02,18:00:00,4.0
上游闸内水位,2024/12/02,18:11:25,3.9
上游闸外水位,2024/12/02,18:11:25,3.9
下游闸内水位,2024/12/02,18:14:00,3.9
下游闸外水位,2024/12/02,18:14:00,4.1
下游闸内水位,2024/12/02,18:15:22,4.0
下游闸外水位,2024/12/02,18:15:22,4.1
下游闸内水位,2024/12/02,18:39:00,4.2
下游闸外水位,2024/12/02,18:39:00,4.2
上游闸内水位,2024/12/02,18:41:48,4.2
上游闸外水位,2024/12/02,18:41:48,3.9
上游闸内水位,2024/12/02,18:43:25,4.0
上游闸外水位,2024/12/02,18:43:25,4.0
上游闸内水位,2024/12/02,18:56:11,3.8
上游闸外水位,2024/12/02,18:56:11,3.8
下游闸内水位,2024/12/02,18:58:41,3.9
下游闸外水位,2024/12/02,18:58:41,4.2
内河侧水位,2024/12/02,19:00:00,4.0
长江侧水位,2024/12/02,19:00:00,4.2
下游闸内水位,2024/12/02,19:00:09,4.1
下游闸外水位,2024/12/02,19:00:09,4.2
下游闸内水位,2024/12/02,19:21:31,4.3
下游闸外水位,2024/12/02,19:21:31,4.3
上游闸内水位,2024/12/02,19:24:06,4.2
上游闸外水位,2024/12/02,19:24:06,4.0
上游闸内水位,2024/12/02,19:25:40,4.0
上游闸外水位,2024/12/02,19:25:40,4.0
内河侧水位,2024/12/02,20:00:00,4.0
长江侧水位,2024/12/02,20:00:00,4.2
上游闸内水位,2024/12/02,20:07:08,4.1
上游闸外水位,2024/12/02,20:07:08,4.0
上游闸内水位,2024/12/02,20:12:06,3.9
上游闸外水位,2024/12/02,20:12:06,4.0
内河侧水位,2024/12/02,21:00:00,4.0
长江侧水位,2024/12/02,21:00:00,3.9
下游闸内水位,2024/12/02,21:02:06,3.9
下游闸外水位,2024/12/02,21:02:06,3.9
上游闸内水位,2024/12/02,21:04:48,3.9
上游闸外水位,2024/12/02,21:04:48,4.0
上游闸内水位,2024/12/02,21:06:30,4.0
上游闸外水位,2024/12/02,21:06:30,4.0
上游闸内水位,2024/12/02,21:40:03,4.0
上游闸外水位,2024/12/02,21:40:03,4.0
下游闸内水位,2024/12/02,21:42:43,4.0
下游闸外水位,2024/12/02,21:42:43,3.6
上游闸内水位,2024/12/03,10:18:39,3.4
上游闸外水位,2024/12/03,10:18:39,4.0
上游闸内水位,2024/12/03,10:20:23,3.8
上游闸外水位,2024/12/03,10:20:23,3.8
上游闸内水位,2024/12/03,10:41:55,4.0
上游闸外水位,2024/12/03,10:41:55,3.9
下游闸内水位,2024/12/03,10:44:31,3.9
下游闸外水位,2024/12/03,10:44:31,3.1
下游闸内水位,2024/12/03,10:47:52,3.3
下游闸外水位,2024/12/03,10:47:52,3.1
内河侧水位,2024/12/03,11:00:00,4.0
长江侧水位,2024/12/03,11:00:00,2.9
下游闸内水位,2024/12/03,11:08:34,3.0
下游闸外水位,2024/12/03,11:08:34,3.0
上游闸内水位,2024/12/03,11:11:12,3.1
上游闸外水位,2024/12/03,11:11:12,4.0
上游闸内水位,2024/12/03,11:13:43,3.7
上游闸外水位,2024/12/03,11:13:43,3.9
上游闸内水位,2024/12/03,11:45:09,3.9
上游闸外水位,2024/12/03,11:45:09,4.0
下游闸内水位,2024/12/03,11:47:45,3.9
下游闸外水位,2024/12/03,11:47:45,2.7
下游闸内水位,2024/12/03,11:51:41,3.0
下游闸外水位,2024/12/03,11:51:41,2.9
内河侧水位,2024/12/03,12:00:00,3.9
长江侧水位,2024/12/03,12:00:00,2.9
下游闸内水位,2024/12/03,12:32:03,2.8
下游闸外水位,2024/12/03,12:32:03,2.7
上游闸内水位,2024/12/03,12:35:58,2.8
上游闸外水位,2024/12/03,12:35:58,3.9
上游闸内水位,2024/12/03,12:39:32,3.8
上游闸外水位,2024/12/03,12:39:32,4.0
内河侧水位,2024/12/03,13:00:00,3.9
长江侧水位,2024/12/03,13:00:00,2.6
下游闸内水位,2024/12/02,21:44:55,3.7
下游闸外水位,2024/12/02,21:44:55,3.6
内河侧水位,2024/12/02,22:00:00,4.0
长江侧水位,2024/12/02,22:00:00,3.5
下游闸内水位,2024/12/02,22:22:12,3.4
下游闸外水位,2024/12/02,22:22:12,3.3
上游闸内水位,2024/12/02,22:24:49,3.3
上游闸外水位,2024/12/02,22:24:49,4.0
上游闸内水位,2024/12/02,22:27:32,3.8
上游闸外水位,2024/12/02,22:27:32,4.0
内河侧水位,2024/12/02,23:00:00,4.0
长江侧水位,2024/12/02,23:00:00,3.1
上游闸内水位,2024/12/02,23:05:31,3.9
上游闸外水位,2024/12/02,23:05:31,4.0
下游闸内水位,2024/12/02,23:08:42,4.0
下游闸外水位,2024/12/02,23:08:42,3.1
下游闸内水位,2024/12/02,23:12:48,3.2
下游闸外水位,2024/12/02,23:12:48,3.1
下游闸内水位,2024/12/02,23:57:13,3.0
下游闸外水位,2024/12/02,23:57:13,2.9
上游闸内水位,2024/12/02,23:59:54,3.1
上游闸外水位,2024/12/02,23:59:54,4.0
内河侧水位,2024/12/03,0:00:00,4.0
长江侧水位,2024/12/03,0:00:00,2.9
上游闸内水位,2024/12/03,0:02:51,3.9
上游闸外水位,2024/12/03,0:02:51,3.9
上游闸内水位,2024/12/03,0:41:23,3.9
上游闸外水位,2024/12/03,0:41:23,4.0
下游闸内水位,2024/12/03,0:44:36,3.9
下游闸外水位,2024/12/03,0:44:36,2.8
下游闸内水位,2024/12/03,0:47:16,3.7
下游闸外水位,2024/12/03,0:47:16,2.8
下游闸内水位,2024/12/03,0:50:03,3.2
下游闸外水位,2024/12/03,0:50:03,2.8
下游闸内水位,2024/12/03,0:51:35,2.9
下游闸外水位,2024/12/03,0:51:35,2.7
内河侧水位,2024/12/03,1:00:00,4.0
长江侧水位,2024/12/03,1:00:00,2.7
下游闸内水位,2024/12/03,1:02:44,2.8
下游闸外水位,2024/12/03,1:02:44,2.7
上游闸内水位,2024/12/03,1:05:41,2.7
上游闸外水位,2024/12/03,1:05:41,4.0
上游闸内水位,2024/12/03,1:09:22,3.8
上游闸外水位,2024/12/03,1:09:22,4.0
上游闸内水位,2024/12/03,1:32:38,3.9
上游闸外水位,2024/12/03,1:32:38,4.0
下游闸内水位,2024/12/03,1:35:09,3.9
下游闸外水位,2024/12/03,1:35:09,2.6
下游闸内水位,2024/12/03,1:39:39,2.8
下游闸外水位,2024/12/03,1:39:39,2.6
下游闸内水位,2024/12/03,1:50:24,2.6
下游闸外水位,2024/12/03,1:50:24,2.6
上游闸内水位,2024/12/03,1:53:07,2.5
上游闸外水位,2024/12/03,1:53:07,4.0
上游闸内水位,2024/12/03,1:56:56,3.8
上游闸外水位,2024/12/03,1:56:56,4.0
内河侧水位,2024/12/03,2:00:00,3.9
长江侧水位,2024/12/03,2:00:00,2.6
上游闸内水位,2024/12/03,2:17:30,3.9
上游闸外水位,2024/12/03,2:17:30,3.9
下游闸内水位,2024/12/03,2:20:00,4.0
下游闸外水位,2024/12/03,2:20:00,2.5
下游闸内水位,2024/12/03,2:24:54,2.6
下游闸外水位,2024/12/03,2:24:54,2.5
内河侧水位,2024/12/03,3:00:00,3.9
长江侧水位,2024/12/03,3:00:00,2.5
下游闸内水位,2024/12/03,3:19:10,2.4
下游闸外水位,2024/12/03,3:19:10,2.4
上游闸内水位,2024/12/03,3:21:46,2.4
上游闸外水位,2024/12/03,3:21:46,3.9
上游闸内水位,2024/12/03,3:25:54,3.8
上游闸外水位,2024/12/03,3:25:54,4.0
内河侧水位,2024/12/03,4:00:00,3.9
长江侧水位,2024/12/03,4:00:00,2.3
上游闸内水位,2024/12/03,4:11:06,4.0
上游闸外水位,2024/12/03,4:11:06,3.9
下游闸内水位,2024/12/03,4:13:37,3.9
下游闸外水位,2024/12/03,4:13:37,2.4
下游闸内水位,2024/12/03,4:18:37,2.5
下游闸外水位,2024/12/03,4:18:37,2.4
内河侧水位,2024/12/03,5:00:00,3.9
长江侧水位,2024/12/03,5:00:00,2.8
下游闸内水位,2024/12/03,5:20:53,3.2
下游闸外水位,2024/12/03,5:20:53,3.2
上游闸内水位,2024/12/03,5:23:38,3.2
上游闸外水位,2024/12/03,5:23:38,3.9
上游闸内水位,2024/12/03,5:25:55,3.7
上游闸外水位,2024/12/03,5:25:55,3.8
内河侧水位,2024/12/03,6:00:00,3.9
长江侧水位,2024/12/03,6:00:00,3.6
上游闸内水位,2024/12/03,6:05:28,3.9
上游闸外水位,2024/12/03,6:05:28,3.9
下游闸内水位,2024/12/03,6:08:11,3.9
下游闸外水位,2024/12/03,6:08:11,3.7
下游闸内水位,2024/12/03,6:14:38,3.7
下游闸外水位,2024/12/03,6:14:38,3.7
下游闸内水位,2024/12/03,6:52:44,4.0
下游闸外水位,2024/12/03,6:52:44,3.9
上游闸内水位,2024/12/03,6:55:28,3.9
上游闸外水位,2024/12/03,6:55:28,3.9
上游闸内水位,2024/12/03,6:57:13,3.9
上游闸外水位,2024/12/03,6:57:13,3.9
内河侧水位,2024/12/03,7:00:00,3.9
长江侧水位,2024/12/03,7:00:00,3.9
上游闸内水位,2024/12/03,7:21:23,3.9
上游闸外水位,2024/12/03,7:21:23,3.9
下游闸内水位,2024/12/03,7:23:57,3.9
下游闸外水位,2024/12/03,7:23:57,4.0
下游闸内水位,2024/12/03,7:25:23,4.0
下游闸外水位,2024/12/03,7:25:23,4.0
下游闸内水位,2024/12/03,7:30:32,4.0
下游闸外水位,2024/12/03,7:30:32,4.0
上游闸内水位,2024/12/03,7:33:07,4.0
上游闸外水位,2024/12/03,7:33:07,3.9
上游闸内水位,2024/12/03,7:34:50,3.9
上游闸外水位,2024/12/03,7:34:50,3.9
上游闸内水位,2024/12/03,7:43:27,3.9
上游闸外水位,2024/12/03,7:43:27,4.0
下游闸内水位,2024/12/03,7:45:08,3.9
下游闸外水位,2024/12/03,7:45:08,4.0
上游闸内水位,2024/12/03,7:50:05,4.0
上游闸外水位,2024/12/03,7:50:05,4.0
内河侧水位,2024/12/03,8:00:00,4.0
长江侧水位,2024/12/03,8:00:00,3.9
内河侧水位,2024/12/03,9:00:00,3.6
长江侧水位,2024/12/03,9:00:00,3.6
上游闸内水位,2024/12/03,9:01:18,3.7
上游闸外水位,2024/12/03,9:01:18,3.6
下游闸内水位,2024/12/03,9:04:14,3.3
下游闸外水位,2024/12/03,9:04:14,3.4
上游闸内水位,2024/12/03,9:06:36,3.5
上游闸外水位,2024/12/03,9:06:36,3.8
下游闸内水位,2024/12/03,9:06:47,3.7
下游闸外水位,2024/12/03,9:06:47,3.6
上游闸内水位,2024/12/03,9:09:18,3.5
上游闸外水位,2024/12/03,9:09:18,3.9
上游闸内水位,2024/12/03,9:09:47,3.4
上游闸外水位,2024/12/03,9:09:47,3.9
上游闸内水位,2024/12/03,9:11:13,3.4
上游闸外水位,2024/12/03,9:11:13,3.9
下游闸内水位,2024/12/03,9:15:45,3.6
下游闸外水位,2024/12/03,9:15:45,3.5
下游闸内水位,2024/12/03,9:46:16,3.3
下游闸外水位,2024/12/03,9:46:16,3.3
上游闸内水位,2024/12/03,9:48:17,3.4
上游闸外水位,2024/12/03,9:48:17,3.9
下游闸内水位,2024/12/03,10:16:01,3.4
下游闸外水位,2024/12/03,10:16:01,3.3
上游闸内水位,2024/12/03,13:24:02,4.0
上游闸外水位,2024/12/03,13:24:02,3.9
下游闸内水位,2024/12/03,13:26:37,3.9
下游闸外水位,2024/12/03,13:26:37,2.6
下游闸内水位,2024/12/03,13:31:42,2.7
下游闸外水位,2024/12/03,13:31:42,2.6
内河侧水位,2024/12/03,14:00:00,3.9
长江侧水位,2024/12/03,14:00:00,2.6
下游闸内水位,2024/12/03,14:14:16,2.5
下游闸外水位,2024/12/03,14:14:16,2.5
上游闸内水位,2024/12/03,14:16:59,2.4
上游闸外水位,2024/12/03,14:16:59,3.9
上游闸内水位,2024/12/03,14:21:09,3.8
上游闸外水位,2024/12/03,14:21:09,4.0
内河侧水位,2024/12/03,15:00:00,3.9
长江侧水位,2024/12/03,15:00:00,2.5
上游闸内水位,2024/12/03,15:02:13,3.9
上游闸外水位,2024/12/03,15:02:13,3.9
下游闸内水位,2024/12/03,15:04:48,3.9
下游闸外水位,2024/12/03,15:04:48,2.4
下游闸内水位,2024/12/03,15:09:59,2.5
下游闸外水位,2024/12/03,15:09:59,2.3
内河侧水位,2024/12/03,16:00:00,3.9
长江侧水位,2024/12/03,16:00:00,2.4
下游闸内水位,2024/12/03,16:01:59,2.4
下游闸外水位,2024/12/03,16:01:59,2.4
上游闸内水位,2024/12/03,16:04:34,2.3
上游闸外水位,2024/12/03,16:04:34,3.9
上游闸内水位,2024/12/03,16:08:59,3.9
上游闸外水位,2024/12/03,16:08:59,4.0
上游闸内水位,2024/12/03,16:37:04,3.8
上游闸外水位,2024/12/03,16:37:04,3.9
下游闸内水位,2024/12/03,16:39:36,3.9
下游闸外水位,2024/12/03,16:39:36,2.8
下游闸内水位,2024/12/03,16:43:44,3.0
下游闸外水位,2024/12/03,16:43:44,2.9
内河侧水位,2024/12/03,17:00:00,4.0
长江侧水位,2024/12/03,17:00:00,3.3
下游闸内水位,2024/12/03,17:13:01,3.4
下游闸外水位,2024/12/03,17:13:01,3.4
上游闸内水位,2024/12/03,17:15:42,3.6
上游闸外水位,2024/12/03,17:15:42,3.9
上游闸内水位,2024/12/03,17:16:39,3.6
上游闸外水位,2024/12/03,17:16:39,3.9
上游闸内水位,2024/12/03,17:18:02,3.8
上游闸外水位,2024/12/03,17:18:02,3.9
内河侧水位,2024/12/03,18:00:00,3.9
长江侧水位,2024/12/03,18:00:00,3.9
上游闸内水位,2024/12/03,18:05:57,3.9
上游闸外水位,2024/12/03,18:05:57,4.0
下游闸内水位,2024/12/03,18:08:47,3.9
下游闸外水位,2024/12/03,18:08:47,4.0
下游闸内水位,2024/12/03,18:10:09,4.0
下游闸外水位,2024/12/03,18:10:09,4.0
下游闸内水位,2024/12/03,18:35:30,4.2
下游闸外水位,2024/12/03,18:35:30,4.1
上游闸内水位,2024/12/03,18:38:27,4.2
上游闸外水位,2024/12/03,18:38:27,4.1
上游闸内水位,2024/12/03,18:40:04,4.1
上游闸外水位,2024/12/03,18:40:04,4.1
内河侧水位,2024/12/03,19:00:00,4.2
长江侧水位,2024/12/03,19:00:00,4.2
下游闸内水位,2024/12/03,19:17:17,4.3
下游闸外水位,2024/12/03,19:17:17,4.3
内河侧水位,2024/12/03,20:00:00,4.4
长江侧水位,2024/12/03,20:00:00,4.3
下游闸内水位,2024/12/03,20:07:25,4.4
下游闸外水位,2024/12/03,20:07:25,4.3
上游闸内水位,2024/12/03,20:11:02,4.4
上游闸外水位,2024/12/03,20:11:02,4.4
上游闸内水位,2024/12/03,20:12:40,4.3
上游闸外水位,2024/12/03,20:12:40,4.4
上游闸内水位,2024/12/03,20:59:38,4.2
上游闸外水位,2024/12/03,20:59:38,4.2
内河侧水位,2024/12/03,21:00:00,4.2
长江侧水位,2024/12/03,21:00:00,4.2
下游闸内水位,2024/12/03,21:02:27,4.2
下游闸外水位,2024/12/03,21:02:27,4.2
下游闸内水位,2024/12/03,21:03:57,4.2
下游闸外水位,2024/12/03,21:03:57,4.1
下游闸外水位,2024/12/04,5:59:49,3.0
内河侧水位,2024/12/04,6:00:00,4.0
长江侧水位,2024/12/04,6:00:00,3.0
上游闸内水位,2024/12/04,6:02:24,3.0
上游闸外水位,2024/12/04,6:02:24,3.9
上游闸内水位,2024/12/04,6:05:29,3.8
上游闸外水位,2024/12/04,6:05:29,4.0
上游闸内水位,2024/12/04,6:35:10,3.9
上游闸外水位,2024/12/04,6:35:10,4.0
下游闸内水位,2024/12/04,6:37:43,3.9
下游闸外水位,2024/12/04,6:37:43,3.4
下游闸内水位,2024/12/04,6:40:16,3.6
下游闸外水位,2024/12/04,6:40:16,3.4
下游闸内水位,2024/12/04,6:54:12,3.6
下游闸外水位,2024/12/04,6:54:12,3.6
上游闸内水位,2024/12/04,6:56:56,3.5
上游闸外水位,2024/12/04,6:56:56,4.0
上游闸内水位,2024/12/04,6:58:39,3.8
上游闸外水位,2024/12/04,6:58:39,3.9
内河侧水位,2024/12/04,7:00:00,4.0
长江侧水位,2024/12/04,7:00:00,3.6
上游闸内水位,2024/12/04,7:14:12,3.9
上游闸外水位,2024/12/04,7:14:12,4.0
下游闸内水位,2024/12/04,7:16:44,4.0
下游闸外水位,2024/12/04,7:16:44,3.6
下游闸内水位,2024/12/04,7:18:25,3.8
下游闸外水位,2024/12/04,7:18:25,3.6
下游闸内水位,2024/12/04,7:26:49,3.7
下游闸外水位,2024/12/04,7:26:49,3.7
上游闸内水位,2024/12/04,7:31:06,3.7
上游闸外水位,2024/12/04,7:31:06,4.0
下游闸内水位,2024/12/04,7:31:08,3.8
下游闸外水位,2024/12/04,7:31:08,3.7
下游闸内水位,2024/12/04,7:31:25,3.7
下游闸外水位,2024/12/04,7:31:25,3.7
上游闸内水位,2024/12/04,7:46:38,3.8
上游闸外水位,2024/12/04,7:46:38,3.9
下游闸内水位,2024/12/04,7:46:41,3.9
下游闸外水位,2024/12/04,7:46:41,3.7
内河侧水位,2024/12/04,8:00:00,3.8
长江侧水位,2024/12/04,8:00:00,3.8
内河侧水位,2024/12/04,9:00:00,3.8
长江侧水位,2024/12/04,9:00:00,3.7
上游闸内水位,2024/12/04,9:04:04,3.7
上游闸外水位,2024/12/04,9:04:04,3.7
下游闸内水位,2024/12/04,9:22:03,3.6
下游闸外水位,2024/12/04,9:22:03,3.6
上游闸内水位,2024/12/04,9:24:37,3.5
上游闸外水位,2024/12/04,9:24:37,3.9
上游闸内水位,2024/12/04,9:26:25,3.7
上游闸外水位,2024/12/04,9:26:25,3.9
下游闸内水位,2024/12/04,10:15:58,3.2
下游闸外水位,2024/12/04,10:15:58,3.2
上游闸内水位,2024/12/04,10:18:36,3.3
上游闸外水位,2024/12/04,10:18:36,4.0
上游闸内水位,2024/12/04,10:20:34,3.8
上游闸外水位,2024/12/04,10:20:34,3.9
下游闸内水位,2024/12/04,21:57:31,4.0
下游闸外水位,2024/12/04,21:57:31,4.0
内河侧水位,2024/12/04,22:00:00,4.2
长江侧水位,2024/12/04,22:00:00,3.9
上游闸内水位,2024/12/04,22:00:07,3.9
上游闸外水位,2024/12/04,22:00:07,4.2
上游闸内水位,2024/12/04,22:01:48,4.0
上游闸外水位,2024/12/04,22:01:48,4.1
上游闸内水位,2024/12/04,22:19:14,4.1
上游闸外水位,2024/12/04,22:19:14,4.2
下游闸内水位,2024/12/04,22:21:44,4.1
下游闸外水位,2024/12/04,22:21:44,3.8
下游闸内水位,2024/12/04,22:23:45,3.9
下游闸外水位,2024/12/04,22:23:45,3.7
内河侧水位,2024/12/04,23:00:00,4.1
长江侧水位,2024/12/04,23:00:00,3.5
下游闸内水位,2024/12/04,23:06:10,3.5
下游闸外水位,2024/12/04,23:06:10,3.5
上游闸内水位,2024/12/04,23:08:46,3.4
上游闸外水位,2024/12/04,23:08:46,4.1
上游闸内水位,2024/12/04,23:12:12,3.9
上游闸外水位,2024/12/04,23:12:12,4.1
上游闸内水位,2024/12/04,23:13:16,4.0
上游闸外水位,2024/12/04,23:13:16,4.1
上游闸内水位,2024/12/04,23:58:25,4.0
上游闸外水位,2024/12/04,23:58:25,4.1
内河侧水位,2024/12/05,0:00:00,4.1
长江侧水位,2024/12/05,0:00:00,3.2
下游闸内水位,2024/12/05,0:01:11,4.0
下游闸外水位,2024/12/05,0:01:11,3.2
内河侧水位,2024/12/05,1:00:00,4.1
长江侧水位,2024/12/05,1:00:00,3.0
下游闸内水位,2024/12/05,1:21:39,2.9
下游闸外水位,2024/12/05,1:21:39,2.9
上游闸内水位,2024/12/05,1:24:34,2.9
上游闸外水位,2024/12/05,1:24:34,4.0
上游闸内水位,2024/12/05,1:28:11,3.2
上游闸外水位,2024/12/05,1:28:11,4.0
上游闸内水位,2024/12/05,1:30:25,3.5
上游闸外水位,2024/12/05,1:30:25,4.0
上游闸内水位,2024/12/05,1:32:13,3.9
上游闸外水位,2024/12/05,1:32:13,4.0
上游闸内水位,2024/12/05,1:48:14,3.9
上游闸外水位,2024/12/05,1:48:14,4.0
下游闸内水位,2024/12/05,1:50:44,4.0
下游闸外水位,2024/12/05,1:50:44,2.8
下游闸内水位,2024/12/05,1:55:11,2.9
下游闸外水位,2024/12/05,1:55:11,2.8
内河侧水位,2024/12/05,2:00:00,4.0
长江侧水位,2024/12/05,2:00:00,2.7
下游闸内水位,2024/12/05,2:37:24,2.7
下游闸外水位,2024/12/05,2:37:24,2.7
上游闸内水位,2024/12/05,2:40:11,2.7
上游闸外水位,2024/12/05,2:40:11,4.0
上游闸内水位,2024/12/05,2:43:05,3.4
上游闸外水位,2024/12/05,2:43:05,4.0
上游闸内水位,2024/12/05,2:44:34,3.8
上游闸外水位,2024/12/05,2:44:34,4.0
内河侧水位,2024/12/05,3:00:00,3.9
长江侧水位,2024/12/05,3:00:00,2.6
上游闸内水位,2024/12/05,3:23:21,4.1
上游闸外水位,2024/12/05,3:23:21,4.0
下游闸内水位,2024/12/05,3:26:52,4.0
上游闸内水位,2024/12/04,9:56:31,3.9
上游闸外水位,2024/12/04,9:56:31,4.0
下游闸内水位,2024/12/04,9:59:04,3.9
下游闸外水位,2024/12/04,9:59:04,3.3
内河侧水位,2024/12/04,10:00:00,4.0
长江侧水位,2024/12/04,10:00:00,3.4
下游闸内水位,2024/12/04,10:02:42,3.4
下游闸外水位,2024/12/04,10:02:42,3.3
上游闸内水位,2024/12/04,10:43:12,4.0
上游闸外水位,2024/12/04,10:43:12,4.0
下游闸内水位,2024/12/04,10:45:45,4.0
下游闸外水位,2024/12/04,10:45:45,3.1
下游闸内水位,2024/12/04,10:49:29,3.3
下游闸外水位,2024/12/04,10:49:29,3.1
内河侧水位,2024/12/04,11:00:00,4.0
长江侧水位,2024/12/04,11:00:00,3.1
下游闸内水位,2024/12/04,11:02:44,3.1
下游闸外水位,2024/12/04,11:02:44,3.0
上游闸内水位,2024/12/04,11:05:21,3.2
上游闸外水位,2024/12/04,11:05:21,4.0
上游闸内水位,2024/12/04,11:07:37,3.7
上游闸外水位,2024/12/04,11:07:37,3.9
上游闸内水位,2024/12/04,11:36:13,4.0
上游闸外水位,2024/12/04,11:36:13,4.0
下游闸内水位,2024/12/04,11:39:03,4.0
下游闸外水位,2024/12/04,11:39:03,2.9
下游闸内水位,2024/12/04,11:43:20,3.0
下游闸外水位,2024/12/04,11:43:20,2.8
内河侧水位,2024/12/04,12:00:00,4.0
长江侧水位,2024/12/04,12:00:00,2.8
下游闸内水位,2024/12/04,12:23:55,2.8
下游闸外水位,2024/12/04,12:23:55,2.7
上游闸内水位,2024/12/04,12:26:41,2.6
上游闸外水位,2024/12/04,12:26:41,4.0
上游闸内水位,2024/12/04,12:30:32,3.9
上游闸外水位,2024/12/04,12:30:32,4.0
内河侧水位,2024/12/04,13:00:00,4.0
长江侧水位,2024/12/04,13:00:00,2.7
上游闸内水位,2024/12/04,13:05:29,3.9
上游闸外水位,2024/12/04,13:05:29,4.0
下游闸内水位,2024/12/04,13:08:20,3.9
下游闸外水位,2024/12/04,13:08:20,2.6
下游闸内水位,2024/12/04,13:12:56,2.8
下游闸外水位,2024/12/04,13:12:56,2.6
下游闸内水位,2024/12/04,13:42:43,2.5
下游闸外水位,2024/12/04,13:42:43,2.5
上游闸内水位,2024/12/04,13:45:32,2.6
上游闸外水位,2024/12/04,13:45:32,4.0
上游闸内水位,2024/12/04,13:49:32,3.9
上游闸外水位,2024/12/04,13:49:32,4.0
内河侧水位,2024/12/04,14:00:00,3.9
长江侧水位,2024/12/04,14:00:00,2.4
上游闸内水位,2024/12/04,14:29:43,3.9
上游闸外水位,2024/12/04,14:29:43,4.0
下游闸内水位,2024/12/04,14:32:21,3.9
下游闸外水位,2024/12/04,14:32:21,2.4
下游闸内水位,2024/12/04,14:37:36,2.5
下游闸外水位,2024/12/04,14:37:36,2.4
内河侧水位,2024/12/04,15:00:00,4.0
长江侧水位,2024/12/04,15:00:00,2.3
下游闸内水位,2024/12/04,15:20:29,2.3
下游闸外水位,2024/12/04,15:20:29,2.2
上游闸内水位,2024/12/04,15:23:11,2.3
上游闸外水位,2024/12/04,15:23:11,3.9
上游闸内水位,2024/12/04,15:27:55,3.9
上游闸外水位,2024/12/04,15:27:55,4.0
上游闸内水位,2024/12/04,15:49:53,3.9
上游闸外水位,2024/12/04,15:49:53,4.0
下游闸内水位,2024/12/04,15:55:10,3.9
下游闸外水位,2024/12/04,15:55:10,2.2
内河侧水位,2024/12/04,16:00:00,3.9
长江侧水位,2024/12/04,16:00:00,2.2
下游闸内水位,2024/12/04,16:00:30,2.4
下游闸外水位,2024/12/04,16:00:30,2.2
下游闸内水位,2024/12/04,16:38:48,2.3
下游闸外水位,2024/12/04,16:38:48,2.3
上游闸内水位,2024/12/04,16:41:25,2.3
上游闸外水位,2024/12/04,16:41:25,3.9
上游闸内水位,2024/12/04,16:45:51,3.8
上游闸外水位,2024/12/04,16:45:51,4.0
内河侧水位,2024/12/04,17:00:00,3.9
长江侧水位,2024/12/04,17:00:00,2.5
上游闸内水位,2024/12/04,17:03:15,3.8
上游闸外水位,2024/12/04,17:03:15,3.9
下游闸内水位,2024/12/04,17:05:48,3.9
下游闸外水位,2024/12/04,17:05:48,2.6
下游闸内水位,2024/12/04,17:10:16,2.8
下游闸外水位,2024/12/04,17:10:16,2.7
下游闸内水位,2024/12/04,17:27:09,3.1
下游闸外水位,2024/12/04,17:27:09,3.0
上游闸内水位,2024/12/04,17:29:47,3.1
上游闸外水位,2024/12/04,17:29:47,3.9
上游闸内水位,2024/12/04,17:32:43,3.8
上游闸外水位,2024/12/04,17:32:43,3.9
上游闸内水位,2024/12/04,17:44:01,3.9
上游闸外水位,2024/12/04,17:44:01,4.0
下游闸内水位,2024/12/04,17:46:30,3.9
下游闸外水位,2024/12/04,17:46:30,3.3
下游闸内水位,2024/12/04,17:50:03,3.4
下游闸外水位,2024/12/04,17:50:03,3.3
内河侧水位,2024/12/04,18:00:00,3.9
长江侧水位,2024/12/04,18:00:00,3.5
下游闸内水位,2024/12/04,18:29:18,3.8
下游闸外水位,2024/12/04,18:29:18,3.8
上游闸内水位,2024/12/04,18:31:52,3.8
上游闸外水位,2024/12/04,18:31:52,3.9
上游闸内水位,2024/12/04,18:37:12,3.9
上游闸外水位,2024/12/04,18:37:12,3.9
上游闸内水位,2024/12/04,18:38:41,3.9
上游闸外水位,2024/12/04,18:38:41,3.9
内河侧水位,2024/12/04,19:00:00,4.0
长江侧水位,2024/12/04,19:00:00,3.9
上游闸内水位,2024/12/04,19:20:34,4.0
上游闸外水位,2024/12/04,19:20:34,4.1
下游闸内水位,2024/12/04,19:23:06,4.1
下游闸外水位,2024/12/04,19:23:06,4.1
下游闸内水位,2024/12/04,19:24:50,4.1
下游闸外水位,2024/12/04,19:24:50,4.1
下游闸内水位,2024/12/04,19:57:06,4.2
下游闸外水位,2024/12/04,19:57:06,4.2
上游闸内水位,2024/12/04,19:59:44,4.2
上游闸外水位,2024/12/04,19:59:44,4.2
内河侧水位,2024/12/04,20:00:00,4.2
长江侧水位,2024/12/04,20:00:00,4.2
上游闸内水位,2024/12/04,20:01:29,4.2
上游闸外水位,2024/12/04,20:01:29,4.2
上游闸内水位,2024/12/04,20:18:36,4.2
上游闸外水位,2024/12/04,20:18:36,4.3
下游闸内水位,2024/12/04,20:21:18,4.2
下游闸外水位,2024/12/04,20:21:18,4.2
下游闸内水位,2024/12/04,20:51:47,4.2
下游闸外水位,2024/12/04,20:51:47,4.2
上游闸内水位,2024/12/04,20:54:27,4.2
上游闸外水位,2024/12/04,20:54:27,4.3
上游闸内水位,2024/12/04,20:56:14,4.2
上游闸外水位,2024/12/04,20:56:14,4.3
内河侧水位,2024/12/04,21:00:00,4.3
长江侧水位,2024/12/04,21:00:00,4.2
上游闸内水位,2024/12/04,21:15:28,4.2
上游闸外水位,2024/12/04,21:15:28,4.2
下游闸内水位,2024/12/04,21:18:00,4.2
下游闸外水位,2024/12/04,21:18:00,4.2
下游闸内水位,2024/12/04,21:19:23,4.2
下游闸外水位,2024/12/04,21:19:23,4.2
下游闸内水位,2024/12/05,0:04:54,3.3
下游闸外水位,2024/12/05,0:04:54,3.2
内河侧水位,2024/12/05,7:00:00,4.0
长江侧水位,2024/12/05,7:00:00,3.3
下游闸内水位,2024/12/05,7:08:06,3.4
下游闸外水位,2024/12/05,7:08:06,3.4
上游闸内水位,2024/12/05,7:10:41,3.3
上游闸外水位,2024/12/05,7:10:41,4.0
上游闸内水位,2024/12/05,7:13:07,3.8
上游闸外水位,2024/12/05,7:13:07,3.9
上游闸内水位,2024/12/05,7:44:23,3.9
上游闸外水位,2024/12/05,7:44:23,4.0
下游闸内水位,2024/12/05,7:47:14,4.0
下游闸外水位,2024/12/05,7:47:14,3.6
下游闸内水位,2024/12/05,7:49:11,3.7
下游闸外水位,2024/12/05,7:49:11,3.6
内河侧水位,2024/12/05,8:00:00,4.0
长江侧水位,2024/12/05,8:00:00,3.7
下游闸内水位,2024/12/05,8:25:59,3.8
下游闸外水位,2024/12/05,8:25:59,3.7
上游闸内水位,2024/12/05,8:28:08,3.7
上游闸外水位,2024/12/05,8:28:08,4.0
下游闸内水位,2024/12/05,8:43:15,4.0
下游闸外水位,2024/12/05,8:43:15,3.8
内河侧水位,2024/12/05,9:00:00,3.7
长江侧水位,2024/12/05,9:00:00,3.7
上游闸内水位,2024/12/05,9:04:20,3.7
上游闸外水位,2024/12/05,9:04:20,3.8
下游闸内水位,2024/12/05,9:39:35,3.7
下游闸外水位,2024/12/05,9:39:35,3.7
下游闸外水位,2024/12/07,13:33:30,2.8
上游闸内水位,2024/12/07,13:36:10,2.9
上游闸外水位,2024/12/07,13:36:10,3.9
上游闸内水位,2024/12/07,13:39:04,3.7
上游闸外水位,2024/12/07,13:39:04,3.8
内河侧水位,2024/12/07,14:00:00,3.9
长江侧水位,2024/12/07,14:00:00,2.6
上游闸内水位,2024/12/07,14:16:24,3.8
上游闸外水位,2024/12/07,14:16:24,3.8
下游闸内水位,2024/12/07,14:19:01,3.8
下游闸外水位,2024/12/07,14:19:01,2.6
下游闸内水位,2024/12/07,14:23:32,2.7
下游闸外水位,2024/12/07,14:23:32,2.6
内河侧水位,2024/12/07,15:00:00,3.9
长江侧水位,2024/12/07,15:00:00,2.5
下游闸内水位,2024/12/07,15:02:20,2.6
下游闸外水位,2024/12/07,15:02:20,2.5
上游闸内水位,2024/12/07,15:05:03,2.4
上游闸外水位,2024/12/07,15:05:03,3.9
上游闸内水位,2024/12/07,15:09:03,3.7
上游闸外水位,2024/12/07,15:09:03,3.9
上游闸内水位,2024/12/07,15:43:03,3.8
上游闸外水位,2024/12/07,15:43:03,3.8
下游闸内水位,2024/12/07,15:45:40,3.8
下游闸外水位,2024/12/07,15:45:40,2.4
下游闸内水位,2024/12/07,15:50:34,2.5
下游闸外水位,2024/12/07,15:50:34,2.4
内河侧水位,2024/12/07,16:00:00,3.9
长江侧水位,2024/12/07,16:00:00,2.3
下游闸内水位,2024/12/07,16:29:30,2.4
下游闸外水位,2024/12/07,16:29:30,2.3
上游闸内水位,2024/12/07,16:32:04,2.3
上游闸外水位,2024/12/07,16:32:04,3.8
上游闸内水位,2024/12/07,16:36:18,3.8
上游闸外水位,2024/12/07,16:36:18,3.9
内河侧水位,2024/12/07,17:00:00,3.9
长江侧水位,2024/12/07,17:00:00,2.2
上游闸内水位,2024/12/07,17:01:54,3.7
上游闸外水位,2024/12/07,17:01:54,3.8
下游闸内水位,2024/12/07,17:04:26,3.8
下游闸外水位,2024/12/07,17:04:26,2.3
下游闸内水位,2024/12/07,17:10:57,2.3
下游闸外水位,2024/12/07,17:10:57,2.2
下游闸内水位,2024/12/07,17:30:21,2.3
下游闸外水位,2024/12/07,17:30:21,2.2
上游闸内水位,2024/12/07,17:33:23,2.2
上游闸外水位,2024/12/07,17:33:23,3.9
上游闸内水位,2024/12/07,17:37:26,3.0
上游闸外水位,2024/12/07,17:37:26,3.9
上游闸内水位,2024/12/07,17:39:47,3.7
上游闸外水位,2024/12/07,17:39:47,3.8
内河侧水位,2024/12/07,18:00:00,3.8
长江侧水位,2024/12/07,18:00:00,2.2
上游闸内水位,2024/12/07,18:06:17,3.9
上游闸外水位,2024/12/07,18:06:17,3.8
下游闸内水位,2024/12/07,18:08:57,3.8
下游闸外水位,2024/12/07,18:08:57,2.2
下游闸内水位,2024/12/07,18:14:32,2.3
下游闸外水位,2024/12/07,18:14:32,2.1
下游闸内水位,2024/12/07,18:42:23,2.2
下游闸外水位,2024/12/07,18:42:23,2.2
上游闸内水位,2024/12/07,18:45:10,2.3
上游闸外水位,2024/12/07,18:45:10,3.8
上游闸内水位,2024/12/07,18:49:42,3.8
上游闸外水位,2024/12/07,18:49:42,3.9
内河侧水位,2024/12/07,19:00:00,3.8
长江侧水位,2024/12/07,19:00:00,2.4
上游闸内水位,2024/12/07,19:16:02,3.7
上游闸外水位,2024/12/07,19:16:02,3.8
下游闸内水位,2024/12/07,19:18:46,3.8
下游闸外水位,2024/12/07,19:18:46,2.6
下游闸内水位,2024/12/07,19:22:50,2.9
下游闸外水位,2024/12/07,19:22:50,2.7
内河侧水位,2024/12/07,20:00:00,3.9
长江侧水位,2024/12/07,20:00:00,3.2
下游闸内水位,2024/12/07,20:11:29,3.3
下游闸外水位,2024/12/07,20:11:29,3.3
上游闸内水位,2024/12/07,20:14:04,3.3
上游闸外水位,2024/12/07,20:14:04,3.9
上游闸内水位,2024/12/07,20:16:35,3.7
上游闸外水位,2024/12/07,20:16:35,3.8
内河侧水位,2024/12/07,21:00:00,3.9
长江侧水位,2024/12/07,21:00:00,3.6
上游闸内水位,2024/12/07,21:07:12,3.9
上游闸外水位,2024/12/07,21:07:12,3.9
下游闸内水位,2024/12/07,21:09:52,3.8
下游闸外水位,2024/12/07,21:09:52,3.7
下游闸外水位,2024/12/10,20:54:01,2.4
下游闸内水位,2024/12/10,20:59:28,2.5
下游闸外水位,2024/12/10,20:59:28,2.4
内河侧水位,2024/12/10,21:00:00,3.8
长江侧水位,2024/12/10,21:00:00,2.4
下游闸内水位,2024/12/10,21:39:56,2.4
下游闸外水位,2024/12/10,21:39:56,2.4
上游闸内水位,2024/12/10,21:43:17,2.3
上游闸外水位,2024/12/10,21:43:17,3.8
上游闸内水位,2024/12/10,21:48:47,3.8
上游闸外水位,2024/12/10,21:48:47,3.9
长江侧水位,2024/12/11,0:00:00,3.3
上游闸内水位,2024/12/11,0:29:46,3.8
上游闸外水位,2024/12/11,0:29:46,3.9
下游闸内水位,2024/12/11,0:32:57,3.8
下游闸外水位,2024/12/11,0:32:57,3.5
内河侧水位,2024/12/11,1:00:00,3.9
长江侧水位,2024/12/11,1:00:00,3.7
下游闸内水位,2024/12/11,1:30:54,3.8
下游闸外水位,2024/12/11,1:30:54,3.7
上游闸内水位,2024/12/11,1:33:11,3.7
上游闸外水位,2024/12/11,1:33:11,3.9
内河侧水位,2024/12/11,2:00:00,3.9
长江侧水位,2024/12/11,2:00:00,3.8
上游闸内水位,2024/12/11,2:08:13,3.8
上游闸外水位,2024/12/11,2:08:13,3.9
下游闸内水位,2024/12/11,2:10:48,3.8
下游闸外水位,2024/12/11,2:10:48,3.8
下游闸内水位,2024/12/11,2:12:20,3.8
下游闸外水位,2024/12/11,2:12:20,3.8
下游闸内水位,2024/12/11,2:18:35,3.8
下游闸外水位,2024/12/11,2:18:35,3.8
上游闸内水位,2024/12/11,2:21:09,3.8
上游闸外水位,2024/12/11,2:21:09,3.9
上游闸内水位,2024/12/11,2:23:12,3.8
上游闸外水位,2024/12/11,2:23:12,3.9
上游闸内水位,2024/12/11,2:35:02,3.8
上游闸外水位,2024/12/11,2:35:02,3.9
下游闸内水位,2024/12/11,2:37:33,3.8
下游闸外水位,2024/12/11,2:37:33,3.7
下游闸内水位,2024/12/11,2:38:59,3.8
下游闸外水位,2024/12/11,2:38:59,3.7
下游闸内水位,2024/12/11,2:45:18,3.8
下游闸外水位,2024/12/11,2:45:18,3.7
上游闸内水位,2024/12/11,2:48:02,3.7
上游闸外水位,2024/12/11,2:48:02,3.9
上游闸内水位,2024/12/11,2:50:24,3.8
上游闸外水位,2024/12/11,2:50:24,3.9
内河侧水位,2024/12/11,3:00:00,3.9
长江侧水位,2024/12/11,3:00:00,3.7
上游闸内水位,2024/12/11,3:34:49,3.8
上游闸外水位,2024/12/11,3:34:49,3.9
下游闸内水位,2024/12/11,3:37:41,3.8
下游闸外水位,2024/12/11,3:37:41,3.5
下游闸内水位,2024/12/11,3:39:40,3.6
下游闸外水位,2024/12/11,3:39:40,3.5
内河侧水位,2024/12/11,4:00:00,3.9
长江侧水位,2024/12/11,4:00:00,3.4
下游闸内水位,2024/12/11,4:37:36,3.2
下游闸外水位,2024/12/11,4:37:36,3.2
上游闸内水位,2024/12/11,4:40:21,3.1
上游闸外水位,2024/12/11,4:40:21,3.9
上游闸内水位,2024/12/11,4:43:19,3.7
上游闸外水位,2024/12/11,4:43:19,3.9
内河侧水位,2024/12/11,5:00:00,3.8
长江侧水位,2024/12/11,5:00:00,3.1
上游闸内水位,2024/12/11,5:28:33,3.8
上游闸外水位,2024/12/11,5:28:33,3.8
下游闸内水位,2024/12/11,5:31:26,3.8
下游闸外水位,2024/12/11,5:31:26,2.9
下游闸内水位,2024/12/11,5:35:09,3.1
下游闸外水位,2024/12/11,5:35:09,2.9
内河侧水位,2024/12/11,6:00:00,3.9
长江侧水位,2024/12/11,6:00:00,2.8
下游闸内水位,2024/12/11,6:23:20,2.8
下游闸外水位,2024/12/11,6:23:20,2.8
上游闸内水位,2024/12/11,6:26:24,2.8
上游闸外水位,2024/12/11,6:26:24,3.8
上游闸内水位,2024/12/11,6:29:56,3.4
上游闸外水位,2024/12/11,6:29:56,3.8
上游闸内水位,2024/12/11,6:31:24,3.6
上游闸外水位,2024/12/11,6:31:24,3.8
内河侧水位,2024/12/11,7:00:00,3.8
长江侧水位,2024/12/11,7:00:00,2.7
上游闸内水位,2024/12/11,7:07:29,3.8
上游闸外水位,2024/12/11,7:07:29,3.8
下游闸内水位,2024/12/11,7:09:59,3.8
下游闸内水位,2024/12/01,1:31:51,3.8
下游闸外水位,2024/12/01,1:31:51,2.3
下游闸内水位,2024/12/01,6:06:43,3.9
下游闸外水位,2024/12/01,6:06:43,3.6
下游闸内水位,2024/12/01,11:16:27,3.9
下游闸外水位,2024/12/01,11:16:27,2.6
下游闸内水位,2024/12/01,15:47:35,3.9
下游闸外水位,2024/12/01,15:47:35,2.8
下游闸内水位,2024/12/01,21:58:08,3.2
下游闸外水位,2024/12/01,21:58:08,3.2
内河侧水位,2024/12/01,22:00:00,4.0
长江侧水位,2024/12/01,22:00:00,3.2
上游闸内水位,2024/12/01,22:00:55,3.1
上游闸外水位,2024/12/01,22:00:55,4.0
上游闸内水位,2024/12/01,22:03:53,3.8
上游闸外水位,2024/12/01,22:03:53,4.0
上游闸内水位,2024/12/01,22:20:43,3.9
上游闸外水位,2024/12/01,22:20:43,4.0
下游闸内水位,2024/12/01,22:23:23,3.9
下游闸外水位,2024/12/01,22:23:23,3.0
下游闸内水位,2024/12/01,22:27:03,3.2
下游闸外水位,2024/12/01,22:27:03,3.0
下游闸内水位,2024/12/01,22:51:27,2.9
下游闸外水位,2024/12/01,22:51:27,2.9
上游闸内水位,2024/12/01,22:54:18,3.1
上游闸外水位,2024/12/01,22:54:18,4.0
上游闸内水位,2024/12/01,22:56:42,3.8
上游闸外水位,2024/12/01,22:56:42,3.8
下游闸内水位,2024/12/01,9:43:13,2.9
下游闸外水位,2024/12/01,9:43:13,2.8
下游闸内水位,2024/12/01,9:54:08,2.8
下游闸外水位,2024/12/01,9:54:08,2.8
上游闸内水位,2024/12/01,9:56:49,2.8
上游闸外水位,2024/12/01,9:56:49,3.9
内河侧水位,2024/12/01,10:00:00,3.9
长江侧水位,2024/12/01,10:00:00,2.8
上游闸内水位,2024/12/01,10:00:12,3.8
上游闸外水位,2024/12/01,10:00:12,3.9
上游闸内水位,2024/12/01,10:28:13,3.8
上游闸外水位,2024/12/01,10:28:13,3.9
下游闸内水位,2024/12/01,10:31:05,3.9
下游闸外水位,2024/12/01,10:31:05,2.6
下游闸内水位,2024/12/01,10:35:56,2.7
下游闸外水位,2024/12/01,10:35:56,2.6
下游闸内水位,2024/12/01,10:48:19,2.6
下游闸外水位,2024/12/01,10:48:19,2.6
上游闸内水位,2024/12/01,10:50:54,2.7
上游闸外水位,2024/12/01,10:50:54,3.9
上游闸内水位,2024/12/01,10:54:25,3.8
上游闸外水位,2024/12/01,10:54:25,3.9
内河侧水位,2024/12/01,11:00:00,3.9
长江侧水位,2024/12/01,11:00:00,2.5
上游闸内水位,2024/12/01,11:13:42,3.8
上游闸外水位,2024/12/01,11:13:42,3.9
下游闸内水位,2024/12/01,11:21:52,2.6
下游闸外水位,2024/12/01,11:21:52,2.5
内河侧水位,2024/12/01,12:00:00,3.9
长江侧水位,2024/12/01,12:00:00,2.4
下游闸内水位,2024/12/01,12:01:47,2.5
下游闸外水位,2024/12/01,12:01:47,2.4
上游闸内水位,2024/12/01,12:05:05,2.6
上游闸外水位,2024/12/01,12:05:05,3.9
上游闸内水位,2024/12/01,12:08:28,3.8
上游闸外水位,2024/12/01,12:08:28,3.9
上游闸内水位,2024/12/01,12:51:02,3.8
上游闸外水位,2024/12/01,12:51:02,3.9
下游闸内水位,2024/12/01,12:53:43,3.8
下游闸外水位,2024/12/01,12:53:43,2.4
下游闸内水位,2024/12/01,12:58:59,2.4
下游闸外水位,2024/12/01,12:58:59,2.3
内河侧水位,2024/12/01,13:00:00,3.9
长江侧水位,2024/12/01,13:00:00,2.3
下游闸内水位,2024/12/01,13:43:33,2.2
下游闸外水位,2024/12/01,13:43:33,2.1
上游闸内水位,2024/12/01,13:46:45,2.1
上游闸外水位,2024/12/01,13:46:45,3.9
上游闸内水位,2024/12/01,13:51:08,3.8
上游闸外水位,2024/12/01,13:51:08,3.9
内河侧水位,2024/12/01,14:00:00,3.9
长江侧水位,2024/12/01,14:00:00,2.1
上游闸内水位,2024/12/01,14:23:15,3.8
上游闸外水位,2024/12/01,14:23:15,3.9
下游闸内水位,2024/12/01,14:26:07,3.9
下游闸外水位,2024/12/01,14:26:07,2.1
下游闸内水位,2024/12/01,14:31:46,2.2
下游闸外水位,2024/12/01,14:31:46,2.1
内河侧水位,2024/12/01,15:00:00,3.9
长江侧水位,2024/12/01,15:00:00,2.1
下游闸内水位,2024/12/01,15:16:22,2.2
内河侧水位,2024/12/01,0:00:00,3.9
长江侧水位,2024/12/01,0:00:00,2.5
下游闸内水位,2024/12/01,0:36:14,2.5
下游闸外水位,2024/12/01,0:36:14,2.4
上游闸内水位,2024/12/01,0:38:50,2.4
上游闸外水位,2024/12/01,0:38:50,3.9
上游闸内水位,2024/12/01,0:42:50,3.7
上游闸外水位,2024/12/01,0:42:50,3.9
内河侧水位,2024/12/01,1:00:00,3.9
长江侧水位,2024/12/01,1:00:00,2.3
上游闸内水位,2024/12/01,1:29:13,3.8
上游闸外水位,2024/12/01,1:29:13,3.9
下游闸内水位,2024/12/01,1:37:12,3.0
下游闸外水位,2024/12/01,1:37:12,2.3
下游闸内水位,2024/12/01,1:40:19,2.4
下游闸外水位,2024/12/01,1:40:19,2.2
内河侧水位,2024/12/01,2:00:00,3.9
长江侧水位,2024/12/01,2:00:00,2.2
下游闸内水位,2024/12/01,2:11:46,2.3
下游闸外水位,2024/12/01,2:11:46,2.2
上游闸内水位,2024/12/01,2:14:22,2.2
上游闸外水位,2024/12/01,2:14:22,3.9
上游闸内水位,2024/12/01,2:18:55,3.8
上游闸外水位,2024/12/01,2:18:55,3.9
上游闸内水位,2024/12/01,2:37:05,3.8
上游闸外水位,2024/12/01,2:37:05,3.9
下游闸内水位,2024/12/01,2:39:59,3.8
下游闸外水位,2024/12/01,2:39:59,2.1
下游闸内水位,2024/12/01,2:45:48,2.2
下游闸外水位,2024/12/01,2:45:48,2.1
内河侧水位,2024/12/01,3:00:00,3.9
长江侧水位,2024/12/01,3:00:00,2.1
下游闸内水位,2024/12/01,3:40:50,2.4
下游闸外水位,2024/12/01,3:40:50,2.4
上游闸内水位,2024/12/01,3:43:40,2.4
上游闸外水位,2024/12/01,3:43:40,3.9
上游闸内水位,2024/12/01,3:47:50,3.8
上游闸外水位,2024/12/01,3:47:50,3.9
内河侧水位,2024/12/01,4:00:00,3.9
长江侧水位,2024/12/01,4:00:00,2.7
上游闸内水位,2024/12/01,4:28:20,3.8
上游闸外水位,2024/12/01,4:28:20,3.9
下游闸内水位,2024/12/01,4:30:53,3.8
下游闸外水位,2024/12/01,4:30:53,3.1
下游闸内水位,2024/12/01,4:34:06,3.3
下游闸外水位,2024/12/01,4:34:06,3.1
内河侧水位,2024/12/01,5:00:00,3.9
长江侧水位,2024/12/01,5:00:00,3.4
下游闸内水位,2024/12/01,5:13:12,3.4
下游闸外水位,2024/12/01,5:13:12,3.4
上游闸内水位,2024/12/01,5:15:57,3.4
上游闸外水位,2024/12/01,5:15:57,3.9
上游闸内水位,2024/12/01,5:18:00,3.7
上游闸外水位,2024/12/01,5:18:00,3.8
内河侧水位,2024/12/01,6:00:00,3.9
长江侧水位,2024/12/01,6:00:00,3.6
上游闸内水位,2024/12/01,6:03:43,3.8
上游闸外水位,2024/12/01,6:03:43,3.9
下游闸内水位,2024/12/01,6:08:27,3.7
下游闸外水位,2024/12/01,6:08:27,3.6
下游闸内水位,2024/12/01,6:36:21,3.7
下游闸外水位,2024/12/01,6:36:21,3.7
上游闸内水位,2024/12/01,6:39:08,3.7
上游闸外水位,2024/12/01,6:39:08,3.9
上游闸内水位,2024/12/01,6:40:56,3.8
上游闸外水位,2024/12/01,6:40:56,3.9
内河侧水位,2024/12/01,7:00:00,3.9
长江侧水位,2024/12/01,7:00:00,3.7
上游闸内水位,2024/12/01,7:13:40,3.8
上游闸外水位,2024/12/01,7:13:40,3.9
下游闸内水位,2024/12/01,7:21:46,3.9
下游闸外水位,2024/12/01,7:21:46,3.6
下游闸内水位,2024/12/01,7:23:50,3.7
下游闸外水位,2024/12/01,7:23:50,3.6
下游闸内水位,2024/12/01,7:31:39,3.6
下游闸外水位,2024/12/01,7:31:39,3.6
上游闸内水位,2024/12/01,7:35:15,3.5
上游闸外水位,2024/12/01,7:35:15,3.9
上游闸内水位,2024/12/01,7:37:02,3.7
上游闸外水位,2024/12/01,7:37:02,3.9
上游闸内水位,2024/12/01,7:59:44,3.8
上游闸外水位,2024/12/01,7:59:44,3.9
内河侧水位,2024/12/01,8:00:00,3.9
长江侧水位,2024/12/01,8:00:00,3.4
下游闸内水位,2024/12/01,8:02:35,3.9
下游闸外水位,2024/12/01,8:02:35,3.4
下游闸内水位,2024/12/01,8:05:27,3.4
下游闸外水位,2024/12/01,8:05:27,3.3
下游闸内水位,2024/12/01,8:26:22,3.2
下游闸外水位,2024/12/01,8:26:22,3.2
上游闸内水位,2024/12/01,8:30:47,3.3
上游闸外水位,2024/12/01,8:30:47,3.9
上游闸内水位,2024/12/01,8:33:23,3.7
上游闸外水位,2024/12/01,8:33:23,3.8
上游闸内水位,2024/12/01,8:54:55,3.8
上游闸外水位,2024/12/01,8:54:55,3.9
下游闸内水位,2024/12/01,8:57:29,3.9
下游闸外水位,2024/12/01,8:57:29,3.0
内河侧水位,2024/12/01,9:00:00,3.9
长江侧水位,2024/12/01,9:00:00,3.0
下游闸内水位,2024/12/01,9:00:58,3.2
下游闸外水位,2024/12/01,9:00:58,3.0
下游闸内水位,2024/12/01,9:10:55,3.0
下游闸外水位,2024/12/01,9:10:55,3.0
上游闸内水位,2024/12/01,9:13:30,2.9
上游闸外水位,2024/12/01,9:13:30,3.9
上游闸内水位,2024/12/01,9:17:14,3.8
上游闸外水位,2024/12/01,9:17:14,3.9
上游闸内水位,2024/12/01,9:35:40,3.8
上游闸外水位,2024/12/01,9:35:40,3.9
下游闸内水位,2024/12/01,9:38:58,3.8
下游闸外水位,2024/12/01,9:38:58,2.8
下游闸外水位,2024/12/01,15:16:22,2.2
上游闸内水位,2024/12/01,15:19:51,2.5
上游闸外水位,2024/12/01,15:19:51,3.9
上游闸内水位,2024/12/01,15:24:03,3.8
上游闸外水位,2024/12/01,15:24:03,3.9
上游闸内水位,2024/12/01,15:45:03,3.8
上游闸外水位,2024/12/01,15:45:03,3.9
下游闸内水位,2024/12/01,15:51:17,3.1
下游闸外水位,2024/12/01,15:51:17,2.9
内河侧水位,2024/12/01,16:00:00,3.9
长江侧水位,2024/12/01,16:00:00,3.1
下游闸内水位,2024/12/01,16:23:58,3.4
下游闸外水位,2024/12/01,16:23:58,3.4
上游闸内水位,2024/12/01,16:26:34,3.4
上游闸外水位,2024/12/01,16:26:34,3.9
上游闸内水位,2024/12/01,16:28:29,3.7
上游闸外水位,2024/12/01,16:28:29,3.9
上游闸内水位,2024/12/01,16:52:51,3.8
上游闸外水位,2024/12/01,16:52:51,3.9
下游闸内水位,2024/12/01,16:55:40,3.8
下游闸外水位,2024/12/01,16:55:40,3.7
内河侧水位,2024/12/01,17:00:00,3.9
长江侧水位,2024/12/01,17:00:00,3.7
下游闸内水位,2024/12/01,17:38:48,4.0
下游闸外水位,2024/12/01,17:38:48,3.9
上游闸内水位,2024/12/01,17:41:24,4.0
上游闸外水位,2024/12/01,17:41:24,3.9
上游闸内水位,2024/12/01,17:43:06,3.9
上游闸外水位,2024/12/01,17:43:06,3.9
内河侧水位,2024/12/01,18:00:00,3.9
长江侧水位,2024/12/01,18:00:00,4.0
上游闸内水位,2024/12/01,18:23:18,3.8
上游闸外水位,2024/12/01,18:23:18,3.9
下游闸内水位,2024/12/01,18:28:24,3.9
下游闸外水位,2024/12/01,18:28:24,4.1
下游闸内水位,2024/12/01,18:30:21,4.1
下游闸外水位,2024/12/01,18:30:21,4.1
内河侧水位,2024/12/01,19:00:00,4.0
长江侧水位,2024/12/01,19:00:00,4.1
下游闸内水位,2024/12/01,19:16:42,4.1
下游闸外水位,2024/12/01,19:16:42,4.1
上游闸内水位,2024/12/01,19:20:33,4.0
上游闸外水位,2024/12/01,19:20:33,4.0
上游闸内水位,2024/12/01,19:22:11,3.9
上游闸外水位,2024/12/01,19:22:11,4.0
内河侧水位,2024/12/01,20:00:00,4.0
长江侧水位,2024/12/01,20:00:00,3.9
上游闸内水位,2024/12/01,20:00:54,3.9
上游闸外水位,2024/12/01,20:00:54,4.0
下游闸内水位,2024/12/01,20:03:42,3.9
下游闸外水位,2024/12/01,20:03:42,3.9
下游闸内水位,2024/12/01,20:05:11,3.9
下游闸外水位,2024/12/01,20:05:11,3.9
下游闸内水位,2024/12/01,20:40:21,3.7
下游闸外水位,2024/12/01,20:40:21,3.6
上游闸内水位,2024/12/01,20:42:56,3.8
上游闸外水位,2024/12/01,20:42:56,4.0
上游闸内水位,2024/12/01,20:44:42,3.9
上游闸外水位,2024/12/01,20:44:42,4.0
内河侧水位,2024/12/01,21:00:00,4.0
长江侧水位,2024/12/01,21:00:00,3.5
上游闸内水位,2024/12/01,21:17:00,4.1
上游闸外水位,2024/12/01,21:17:00,4.0
下游闸内水位,2024/12/01,21:19:36,4.0
下游闸外水位,2024/12/01,21:19:36,3.4
下游闸内水位,2024/12/01,21:22:34,3.5
下游闸外水位,2024/12/01,21:22:34,3.3
内河侧水位,2024/12/01,23:00:00,4.0
长江侧水位,2024/12/01,23:00:00,2.9
上游闸内水位,2024/12/01,23:30:33,4.1
上游闸外水位,2024/12/01,23:30:33,4.0
下游闸内水位,2024/12/01,23:33:24,3.9
下游闸外水位,2024/12/01,23:33:24,2.8
下游闸内水位,2024/12/01,23:37:46,2.9
下游闸外水位,2024/12/01,23:37:46,2.8
下游闸内水位,2024/12/01,23:48:03,2.7
下游闸外水位,2024/12/01,23:48:03,2.7
上游闸内水位,2024/12/01,23:50:40,2.7
上游闸外水位,2024/12/01,23:50:40,3.9
上游闸内水位,2024/12/01,23:54:17,3.8
上游闸外水位,2024/12/01,23:54:17,4.0
内河侧水位,2024/12/02,0:00:00,3.9
长江侧水位,2024/12/02,0:00:00,2.7
上游闸内水位,2024/12/02,0:10:06,3.9
上游闸外水位,2024/12/02,0:10:06,3.9
下游闸内水位,2024/12/02,0:13:21,3.9
下游闸外水位,2024/12/02,0:13:21,2.7
下游闸内水位,2024/12/02,0:18:02,2.8
下游闸外水位,2024/12/02,0:18:02,2.7
下游闸内水位,2024/12/02,0:26:12,2.7
下游闸外水位,2024/12/02,0:26:12,2.6
上游闸内水位,2024/12/02,0:28:48,2.6
上游闸外水位,2024/12/02,0:28:48,3.9
上游闸内水位,2024/12/02,0:32:27,3.8
上游闸外水位,2024/12/02,0:32:27,3.9
上游闸内水位,2024/12/02,0:54:58,3.9
上游闸外水位,2024/12/02,0:54:58,4.0
下游闸内水位,2024/12/02,0:57:29,3.9
下游闸外水位,2024/12/02,0:57:29,2.5
内河侧水位,2024/12/02,1:00:00,3.9
长江侧水位,2024/12/02,1:00:00,2.5
下游闸内水位,2024/12/02,1:02:15,2.6
下游闸外水位,2024/12/02,1:02:15,2.5
下游闸内水位,2024/12/02,1:55:46,2.4
下游闸外水位,2024/12/02,1:55:46,2.4
上游闸内水位,2024/12/02,1:58:26,2.4
上游闸外水位,2024/12/02,1:58:26,3.9
内河侧水位,2024/12/02,2:00:00,3.7
长江侧水位,2024/12/02,2:00:00,2.4
上游闸内水位,2024/12/02,2:02:41,3.8
上游闸外水位,2024/12/02,2:02:41,4.0
上游闸内水位,2024/12/02,2:26:12,3.9
上游闸外水位,2024/12/02,2:26:12,3.9
下游闸内水位,2024/12/02,2:28:46,3.9
下游闸外水位,2024/12/02,2:28:46,2.3
下游闸内水位,2024/12/02,2:34:35,2.4
下游闸外水位,2024/12/02,2:34:35,2.3
下游闸内水位,2024/12/02,2:50:29,2.4
下游闸外水位,2024/12/02,2:50:29,2.3
上游闸内水位,2024/12/02,2:53:26,2.4
上游闸外水位,2024/12/02,2:53:26,3.9
上游闸内水位,2024/12/02,2:57:48,3.8
上游闸外水位,2024/12/02,2:57:48,4.0
下游闸内水位,2024/12/02,20:13:42,4.0
下游闸外水位,2024/12/02,20:13:42,4.1
上游闸内水位,2024/12/03,9:51:04,3.8
上游闸外水位,2024/12/03,9:51:04,3.9
上游闸内水位,2024/12/03,9:54:57,3.8
上游闸外水位,2024/12/03,9:54:57,3.9
下游闸内水位,2024/12/03,9:57:34,3.9
下游闸外水位,2024/12/03,9:57:34,3.3
内河侧水位,2024/12/03,10:00:00,3.9
长江侧水位,2024/12/03,10:00:00,3.3
下游闸内水位,2024/12/03,10:00:34,3.4
下游闸外水位,2024/12/03,10:00:34,3.3
上游闸内水位,2024/12/03,19:14:45,4.2
上游闸外水位,2024/12/03,19:14:45,4.3
下游闸内水位,2024/12/03,21:50:49,3.8
下游闸外水位,2024/12/03,21:50:49,3.8
上游闸内水位,2024/12/03,21:54:27,3.8
上游闸外水位,2024/12/03,21:54:27,4.2
上游闸内水位,2024/12/03,21:56:14,4.0
上游闸外水位,2024/12/03,21:56:14,4.1
内河侧水位,2024/12/03,22:00:00,4.1
长江侧水位,2024/12/03,22:00:00,3.7
上游闸内水位,2024/12/03,22:33:49,4.1
上游闸外水位,2024/12/03,22:33:49,4.1
下游闸内水位,2024/12/03,22:36:36,4.1
下游闸外水位,2024/12/03,22:36:36,3.5
下游闸内水位,2024/12/03,22:39:33,3.6
下游闸外水位,2024/12/03,22:39:33,3.5
内河侧水位,2024/12/03,23:00:00,4.1
长江侧水位,2024/12/03,23:00:00,3.4
下游闸内水位,2024/12/03,23:25:48,3.3
下游闸外水位,2024/12/03,23:25:48,3.2
上游闸内水位,2024/12/03,23:28:30,3.2
上游闸外水位,2024/12/03,23:28:30,4.1
上游闸内水位,2024/12/03,23:31:33,3.9
上游闸外水位,2024/12/03,23:31:33,4.1
内河侧水位,2024/12/04,0:00:00,4.1
长江侧水位,2024/12/04,0:00:00,3.1
上游闸内水位,2024/12/04,0:08:42,4.0
上游闸外水位,2024/12/04,0:08:42,4.1
下游闸内水位,2024/12/04,0:11:26,4.0
下游闸外水位,2024/12/04,0:11:26,3.1
下游闸内水位,2024/12/04,0:15:43,3.1
下游闸外水位,2024/12/04,0:15:43,3.0
下游闸内水位,2024/12/04,0:58:08,2.9
下游闸外水位,2024/12/04,0:58:08,2.9
内河侧水位,2024/12/04,1:00:00,4.0
长江侧水位,2024/12/04,1:00:00,2.9
上游闸内水位,2024/12/04,1:00:52,2.9
上游闸外水位,2024/12/04,1:00:52,4.0
上游闸内水位,2024/12/04,1:02:05,3.0
上游闸外水位,2024/12/04,1:02:05,4.0
上游闸内水位,2024/12/04,1:02:39,3.1
上游闸外水位,2024/12/04,1:02:39,4.0
上游闸内水位,2024/12/04,1:04:41,3.5
上游闸外水位,2024/12/04,1:04:41,4.0
上游闸内水位,2024/12/04,1:06:28,3.9
上游闸外水位,2024/12/04,1:06:28,4.0
上游闸内水位,2024/12/04,1:57:18,3.9
上游闸外水位,2024/12/04,1:57:18,4.0
下游闸内水位,2024/12/04,1:59:50,4.0
下游闸外水位,2024/12/04,1:59:50,2.7
内河侧水位,2024/12/04,2:00:00,4.0
长江侧水位,2024/12/04,2:00:00,2.8
下游闸内水位,2024/12/04,2:04:03,3.6
下游闸外水位,2024/12/04,2:04:03,2.7
下游闸内水位,2024/12/04,2:09:13,3.1
下游闸外水位,2024/12/04,2:09:13,2.7
下游闸内水位,2024/12/04,2:11:02,2.9
下游闸外水位,2024/12/04,2:11:02,2.7
内河侧水位,2024/12/04,3:00:00,4.0
长江侧水位,2024/12/04,3:00:00,2.6
下游闸内水位,2024/12/04,3:04:46,2.6
下游闸外水位,2024/12/04,3:04:46,2.6
上游闸内水位,2024/12/04,3:07:53,2.6
上游闸外水位,2024/12/04,3:07:53,4.0
上游闸内水位,2024/12/04,3:11:32,3.4
上游闸外水位,2024/12/04,3:11:32,4.0
上游闸内水位,2024/12/04,3:13:24,3.9
上游闸外水位,2024/12/04,3:13:24,3.9
内河侧水位,2024/12/04,4:00:00,4.0
长江侧水位,2024/12/04,4:00:00,2.4
上游闸内水位,2024/12/04,4:03:02,3.9
上游闸外水位,2024/12/04,4:03:02,4.0
下游闸内水位,2024/12/04,4:05:48,3.9
下游闸外水位,2024/12/04,4:05:48,2.4
内河侧水位,2024/12/02,3:00:00,3.9
长江侧水位,2024/12/02,3:00:00,2.3
上游闸内水位,2024/12/02,3:26:06,3.8
上游闸外水位,2024/12/02,3:26:06,3.9
下游闸内水位,2024/12/02,3:28:41,3.9
下游闸外水位,2024/12/02,3:28:41,2.3
下游闸内水位,2024/12/02,3:35:18,2.3
下游闸外水位,2024/12/02,3:35:18,2.2
内河侧水位,2024/12/02,4:00:00,3.9
长江侧水位,2024/12/02,4:00:00,2.3
下游闸内水位,2024/12/02,4:33:00,2.8
下游闸外水位,2024/12/02,4:33:00,2.8
上游闸内水位,2024/12/02,4:35:42,2.8
上游闸外水位,2024/12/02,4:35:42,3.9
上游闸内水位,2024/12/02,4:39:32,3.9
上游闸外水位,2024/12/02,4:39:32,3.9
内河侧水位,2024/12/02,5:00:00,3.9
长江侧水位,2024/12/02,5:00:00,3.2
上游闸内水位,2024/12/02,5:25:14,4.0
上游闸外水位,2024/12/02,5:25:14,3.9
下游闸内水位,2024/12/02,5:27:47,3.9
下游闸外水位,2024/12/02,5:27:47,3.4
下游闸内水位,2024/12/02,5:30:11,3.6
下游闸外水位,2024/12/02,5:30:11,3.4
内河侧水位,2024/12/02,6:00:00,3.9
长江侧水位,2024/12/02,6:00:00,3.6
下游闸内水位,2024/12/02,6:27:00,3.7
下游闸外水位,2024/12/02,6:27:00,3.7
上游闸内水位,2024/12/02,6:29:50,3.7
上游闸外水位,2024/12/02,6:29:50,3.9
上游闸内水位,2024/12/02,6:31:43,3.8
上游闸外水位,2024/12/02,6:31:43,3.9
内河侧水位,2024/12/02,7:00:00,3.9
长江侧水位,2024/12/02,7:00:00,3.8
上游闸内水位,2024/12/02,7:00:01,3.9
上游闸外水位,2024/12/02,7:00:01,3.9
下游闸内水位,2024/12/02,7:02:38,3.9
下游闸外水位,2024/12/02,7:02:38,3.8
下游闸内水位,2024/12/02,7:04:18,3.8
下游闸外水位,2024/12/02,7:04:18,3.8
下游闸内水位,2024/12/02,7:38:43,3.8
下游闸外水位,2024/12/02,7:38:43,3.7
上游闸内水位,2024/12/02,7:41:24,3.8
上游闸外水位,2024/12/02,7:41:24,3.9
上游闸内水位,2024/12/02,7:43:09,3.8
上游闸外水位,2024/12/02,7:43:09,3.9
内河侧水位,2024/12/02,8:00:00,3.9
长江侧水位,2024/12/02,8:00:00,3.6
上游闸内水位,2024/12/02,8:18:35,3.9
上游闸外水位,2024/12/02,8:18:35,3.9
下游闸内水位,2024/12/02,8:21:11,3.9
下游闸外水位,2024/12/02,8:21:11,3.5
下游闸内水位,2024/12/02,8:23:27,3.6
下游闸外水位,2024/12/02,8:23:27,3.5
下游闸内水位,2024/12/02,8:43:16,3.4
下游闸外水位,2024/12/02,8:43:16,3.4
上游闸内水位,2024/12/02,8:45:57,3.3
上游闸外水位,2024/12/02,8:45:57,3.9
上游闸内水位,2024/12/02,8:48:49,3.8
上游闸外水位,2024/12/02,8:48:49,4.0
内河侧水位,2024/12/02,9:00:00,3.9
长江侧水位,2024/12/02,9:00:00,3.3
上游闸内水位,2024/12/02,9:22:00,3.9
上游闸外水位,2024/12/02,9:22:00,3.9
下游闸内水位,2024/12/02,9:24:38,3.9
下游闸外水位,2024/12/02,9:24:38,3.1
下游闸内水位,2024/12/02,9:28:03,3.2
下游闸外水位,2024/12/02,9:28:03,3.1
下游闸内水位,2024/12/04,4:12:01,2.9
下游闸外水位,2024/12/04,4:12:01,2.4
下游闸内水位,2024/12/04,4:13:57,2.6
下游闸外水位,2024/12/04,4:13:57,2.4
内河侧水位,2024/12/04,5:00:00,4.0
长江侧水位,2024/12/04,5:00:00,2.4
下游闸内水位,2024/12/04,5:05:06,2.4
下游闸外水位,2024/12/04,5:05:06,2.4
上游闸内水位,2024/12/04,5:09:14,2.4
上游闸外水位,2024/12/04,5:09:14,4.0
上游闸内水位,2024/12/04,5:13:31,3.9
上游闸外水位,2024/12/04,5:13:31,4.0
上游闸内水位,2024/12/04,5:42:55,3.9
上游闸外水位,2024/12/04,5:42:55,4.0
下游闸内水位,2024/12/04,5:45:28,3.9
下游闸外水位,2024/12/04,5:45:28,2.8
下游闸内水位,2024/12/04,5:49:38,3.0
下游闸外水位,2024/12/04,5:49:38,2.8
下游闸内水位,2024/12/04,5:59:49,3.1
内河侧水位,2024/12/02,10:00:00,3.9
长江侧水位,2024/12/02,10:00:00,2.9
下游闸内水位,2024/12/02,10:09:48,3.0
下游闸外水位,2024/12/02,10:09:48,2.9
上游闸内水位,2024/12/02,10:12:32,2.8
上游闸外水位,2024/12/02,10:12:32,3.9
上游闸内水位,2024/12/02,10:15:51,3.8
上游闸外水位,2024/12/02,10:15:51,3.9
上游闸内水位,2024/12/02,10:50:37,3.9
上游闸外水位,2024/12/02,10:50:37,3.9
上游闸内水位,2024/12/02,10:52:27,3.8
上游闸外水位,2024/12/02,10:52:27,3.9
下游闸内水位,2024/12/02,10:54:23,3.9
下游闸外水位,2024/12/02,10:54:23,2.8
下游闸内水位,2024/12/02,10:58:50,2.9
下游闸外水位,2024/12/02,10:58:50,2.7
内河侧水位,2024/12/02,11:00:00,3.9
长江侧水位,2024/12/02,11:00:00,2.7
下游闸内水位,2024/12/02,11:31:11,2.7
下游闸外水位,2024/12/02,11:31:11,2.6
上游闸内水位,2024/12/02,11:33:46,2.7
上游闸外水位,2024/12/02,11:33:46,3.9
上游闸内水位,2024/12/02,11:38:34,3.9
上游闸外水位,2024/12/02,11:38:34,3.9
内河侧水位,2024/12/02,12:00:00,3.9
长江侧水位,2024/12/02,12:00:00,2.5
上游闸内水位,2024/12/02,12:07:12,3.8
上游闸外水位,2024/12/02,12:07:12,3.9
下游闸内水位,2024/12/02,12:09:49,3.9
下游闸外水位,2024/12/02,12:09:49,2.6
下游闸内水位,2024/12/02,12:14:16,2.7
下游闸外水位,2024/12/02,12:14:16,2.6
下游闸内水位,2024/12/02,12:55:10,2.4
下游闸外水位,2024/12/02,12:55:10,2.4
上游闸内水位,2024/12/02,12:59:32,2.4
上游闸外水位,2024/12/02,12:59:32,3.9
内河侧水位,2024/12/02,13:00:00,3.8
长江侧水位,2024/12/02,13:00:00,2.4
上游闸内水位,2024/12/02,13:03:47,3.8
上游闸外水位,2024/12/02,13:03:47,3.9
上游闸内水位,2024/12/02,13:41:41,3.8
上游闸外水位,2024/12/02,13:41:41,3.9
下游闸内水位,2024/12/02,13:44:22,3.8
下游闸外水位,2024/12/02,13:44:22,2.3
下游闸内水位,2024/12/02,13:49:44,2.4
下游闸外水位,2024/12/02,13:49:44,2.3
内河侧水位,2024/12/02,14:00:00,3.9
长江侧水位,2024/12/02,14:00:00,2.2
下游闸内水位,2024/12/02,14:36:12,2.2
下游闸外水位,2024/12/02,14:36:12,2.2
上游闸内水位,2024/12/02,14:38:58,2.3
上游闸外水位,2024/12/02,14:38:58,3.9
上游闸内水位,2024/12/02,14:42:54,3.8
上游闸外水位,2024/12/02,14:42:54,3.9
内河侧水位,2024/12/02,15:00:00,3.9
长江侧水位,2024/12/02,15:00:00,2.2
上游闸内水位,2024/12/02,15:09:17,3.8
上游闸外水位,2024/12/02,15:09:17,3.8
下游闸内水位,2024/12/02,15:11:50,3.8
下游闸外水位,2024/12/02,15:11:50,2.2
下游闸内水位,2024/12/02,15:17:27,2.3
下游闸外水位,2024/12/02,15:17:27,2.1
下游闸内水位,2024/12/02,15:50:46,2.4
下游闸外水位,2024/12/02,15:50:46,2.4
上游闸内水位,2024/12/02,15:53:28,2.4
上游闸外水位,2024/12/02,15:53:28,3.9
上游闸内水位,2024/12/02,15:57:28,3.8
上游闸外水位,2024/12/02,15:57:28,3.9
内河侧水位,2024/12/02,16:00:00,3.9
长江侧水位,2024/12/02,16:00:00,2.6
上游闸内水位,2024/12/02,16:13:45,3.9
上游闸外水位,2024/12/02,16:13:45,3.9
下游闸内水位,2024/12/02,16:16:21,3.9
下游闸外水位,2024/12/02,16:16:21,2.9
下游闸内水位,2024/12/02,16:20:12,3.1
下游闸外水位,2024/12/02,16:20:12,3.0
下游闸内水位,2024/12/02,16:46:38,3.5
下游闸外水位,2024/12/02,16:46:38,3.4
上游闸内水位,2024/12/02,16:49:16,3.5
上游闸外水位,2024/12/02,16:49:16,3.9
上游闸内水位,2024/12/02,16:51:06,3.7
上游闸外水位,2024/12/02,16:51:06,3.8
内河侧水位,2024/12/02,17:00:00,3.9
长江侧水位,2024/12/02,17:00:00,3.6
上游闸内水位,2024/12/02,17:23:07,3.8
上游闸外水位,2024/12/02,17:23:07,3.9
下游闸内水位,2024/12/02,17:25:45,3.9
下游闸外水位,2024/12/05,3:26:52,2.6
下游闸内水位,2024/12/05,3:31:40,2.7
下游闸外水位,2024/12/05,3:31:40,2.6
下游闸内水位,2024/12/05,3:40:47,2.6
下游闸外水位,2024/12/05,3:40:47,2.5
上游闸内水位,2024/12/05,3:43:37,2.7
上游闸外水位,2024/12/05,3:43:37,4.0
上游闸内水位,2024/12/05,3:46:58,3.8
上游闸外水位,2024/12/05,3:46:58,3.9
内河侧水位,2024/12/05,4:00:00,4.0
长江侧水位,2024/12/05,4:00:00,2.5
上游闸内水位,2024/12/05,4:05:18,4.0
上游闸外水位,2024/12/05,4:05:18,4.0
下游闸内水位,2024/12/05,4:08:23,3.9
下游闸外水位,2024/12/05,4:08:23,2.5
下游闸内水位,2024/12/05,4:10:56,3.3
下游闸外水位,2024/12/05,4:10:56,2.4
下游闸内水位,2024/12/05,4:14:21,2.5
下游闸外水位,2024/12/05,4:14:21,2.4
下游闸内水位,2024/12/05,4:24:26,2.4
下游闸外水位,2024/12/05,4:24:26,2.4
上游闸内水位,2024/12/05,4:27:15,2.4
上游闸外水位,2024/12/05,4:27:15,4.0
上游闸内水位,2024/12/05,4:31:33,3.9
上游闸外水位,2024/12/05,4:31:33,4.0
内河侧水位,2024/12/05,5:00:00,4.0
长江侧水位,2024/12/05,5:00:00,2.4
上游闸内水位,2024/12/05,5:07:35,3.9
上游闸外水位,2024/12/05,5:07:35,4.0
下游闸内水位,2024/12/05,5:12:30,3.9
下游闸外水位,2024/12/05,5:12:30,2.3
下游闸内水位,2024/12/05,5:18:18,2.4
下游闸外水位,2024/12/05,5:18:18,2.3
下游闸内水位,2024/12/05,5:37:27,2.4
下游闸外水位,2024/12/05,5:37:27,2.4
上游闸内水位,2024/12/05,5:40:05,2.4
上游闸外水位,2024/12/05,5:40:05,4.0
上游闸内水位,2024/12/05,5:44:28,3.9
上游闸外水位,2024/12/05,5:44:28,4.0
内河侧水位,2024/12/05,6:00:00,4.0
长江侧水位,2024/12/05,6:00:00,2.5
上游闸内水位,2024/12/05,6:04:23,3.9
上游闸外水位,2024/12/05,6:04:23,4.0
下游闸内水位,2024/12/05,6:07:55,4.0
下游闸外水位,2024/12/05,6:07:55,2.6
下游闸内水位,2024/12/05,6:12:30,2.8
下游闸外水位,2024/12/05,6:12:30,2.7
上游闸内水位,2024/12/05,9:44:28,3.9
上游闸外水位,2024/12/05,9:44:28,3.9
内河侧水位,2024/12/05,10:00:00,3.9
长江侧水位,2024/12/05,10:00:00,3.5
上游闸内水位,2024/12/05,10:24:00,4.0
上游闸外水位,2024/12/05,10:24:00,4.0
下游闸内水位,2024/12/05,10:26:35,3.9
下游闸外水位,2024/12/05,10:26:35,3.4
下游闸内水位,2024/12/05,10:29:26,3.5
下游闸外水位,2024/12/05,10:29:26,3.3
下游闸内水位,2024/12/05,10:55:37,3.3
下游闸外水位,2024/12/05,10:55:37,3.2
上游闸内水位,2024/12/05,10:58:15,3.1
上游闸外水位,2024/12/05,10:58:15,4.0
内河侧水位,2024/12/05,11:00:00,3.8
长江侧水位,2024/12/05,11:00:00,3.1
上游闸内水位,2024/12/05,11:01:13,3.8
上游闸外水位,2024/12/05,11:01:13,4.0
上游闸内水位,2024/12/05,11:31:22,3.9
上游闸外水位,2024/12/05,11:31:22,4.0
下游闸内水位,2024/12/05,11:33:57,3.9
下游闸外水位,2024/12/05,11:33:57,3.1
下游闸内水位,2024/12/05,11:37:19,3.5
下游闸外水位,2024/12/05,11:37:19,3.0
下游闸内水位,2024/12/05,11:39:25,3.1
下游闸外水位,2024/12/05,11:39:25,3.0
内河侧水位,2024/12/05,12:00:00,3.9
长江侧水位,2024/12/05,12:00:00,2.9
下游闸内水位,2024/12/05,12:11:07,2.9
下游闸外水位,2024/12/05,12:11:07,2.9
上游闸内水位,2024/12/05,12:13:57,3.0
上游闸外水位,2024/12/05,12:13:57,4.0
上游闸内水位,2024/12/05,12:17:10,3.8
上游闸外水位,2024/12/05,12:17:10,3.9
上游闸内水位,2024/12/05,12:29:41,4.0
上游闸外水位,2024/12/05,12:29:41,4.0
下游闸内水位,2024/12/05,12:33:01,3.9
下游闸外水位,2024/12/05,12:33:01,2.8
下游闸内水位,2024/12/05,12:37:21,2.9
下游闸外水位,2024/12/05,12:37:21,2.7
上游闸内水位,2024/12/05,9:42:19,3.7
上游闸外水位,2024/12/05,9:42:19,4.0
上游闸内水位,2024/12/05,13:11:34,3.8
上游闸外水位,2024/12/05,13:11:34,3.9
下游闸内水位,2024/12/05,13:55:03,3.9
下游闸外水位,2024/12/05,13:55:03,2.5
下游闸内水位,2024/12/05,14:36:14,2.5
下游闸外水位,2024/12/05,14:36:14,2.5
上游闸内水位,2024/12/05,17:22:01,3.8
上游闸外水位,2024/12/05,17:22:01,3.9
下游闸内水位,2024/12/06,10:06:33,4.0
下游闸外水位,2024/12/06,10:06:33,3.6
上游闸内水位,2024/12/06,14:12:59,3.9
上游闸外水位,2024/12/06,14:12:59,3.9
上游闸内水位,2024/12/06,19:06:45,3.1
上游闸外水位,2024/12/06,19:06:45,3.9
上游闸内水位,2024/12/07,2:28:31,3.8
上游闸外水位,2024/12/07,2:28:31,3.9
内河侧水位,2024/12/07,4:00:00,3.9
长江侧水位,2024/12/07,4:00:00,2.6
下游闸内水位,2024/12/07,4:18:13,2.6
下游闸外水位,2024/12/07,4:18:13,2.6
下游闸内水位,2024/12/07,6:38:26,3.9
下游闸外水位,2024/12/07,6:38:26,2.2
上游闸内水位,2024/12/07,7:33:23,2.5
上游闸外水位,2024/12/07,7:33:23,3.9
下游闸内水位,2024/12/07,11:29:04,3.4
下游闸外水位,2024/12/07,11:29:04,3.3
内河侧水位,2024/12/07,22:00:00,3.9
长江侧水位,2024/12/07,22:00:00,3.9
下游闸内水位,2024/12/07,22:04:14,3.9
下游闸外水位,2024/12/07,22:04:14,3.9
上游闸内水位,2024/12/07,22:06:49,3.9
上游闸外水位,2024/12/07,22:06:49,3.9
上游闸内水位,2024/12/07,22:08:35,3.8
上游闸外水位,2024/12/07,22:08:35,3.9
上游闸内水位,2024/12/07,22:45:38,3.9
上游闸外水位,2024/12/07,22:45:38,3.9
下游闸内水位,2024/12/07,22:48:15,3.9
下游闸外水位,2024/12/07,22:48:15,3.9
下游闸内水位,2024/12/07,22:49:56,3.9
下游闸外水位,2024/12/07,22:49:56,3.9
内河侧水位,2024/12/07,23:00:00,3.9
长江侧水位,2024/12/07,23:00:00,3.9
下游闸内水位,2024/12/07,23:38:56,3.9
下游闸外水位,2024/12/07,23:38:56,3.8
上游闸内水位,2024/12/07,23:41:36,3.8
上游闸外水位,2024/12/07,23:41:36,3.9
上游闸内水位,2024/12/07,23:43:28,3.8
上游闸外水位,2024/12/07,23:43:28,3.9
内河侧水位,2024/12/08,0:00:00,3.9
长江侧水位,2024/12/08,0:00:00,3.7
上游闸内水位,2024/12/08,0:28:00,3.8
上游闸外水位,2024/12/08,0:28:00,3.9
下游闸内水位,2024/12/08,0:30:37,3.9
下游闸外水位,2024/12/08,0:30:37,3.5
下游闸内水位,2024/12/08,0:32:24,3.7
下游闸外水位,2024/12/08,0:32:24,3.5
内河侧水位,2024/12/08,1:00:00,3.9
长江侧水位,2024/12/08,1:00:00,3.3
下游闸内水位,2024/12/08,1:08:19,3.4
下游闸外水位,2024/12/08,1:08:19,3.3
上游闸内水位,2024/12/08,1:11:33,3.3
上游闸外水位,2024/12/08,1:11:33,3.9
上游闸内水位,2024/12/08,1:14:40,3.8
上游闸外水位,2024/12/08,1:14:40,3.9
上游闸内水位,2024/12/08,1:57:42,3.8
上游闸外水位,2024/12/08,1:57:42,3.9
内河侧水位,2024/12/08,2:00:00,3.9
长江侧水位,2024/12/08,2:00:00,3.1
下游闸内水位,2024/12/08,2:00:25,3.9
下游闸外水位,2024/12/08,2:00:25,3.1
下游闸内水位,2024/12/08,2:03:53,3.2
下游闸外水位,2024/12/08,2:03:53,3.0
内河侧水位,2024/12/08,3:00:00,3.9
长江侧水位,2024/12/08,3:00:00,2.9
下游闸内水位,2024/12/08,3:10:43,2.9
下游闸外水位,2024/12/08,3:10:43,2.8
上游闸内水位,2024/12/08,3:13:41,2.8
上游闸外水位,2024/12/08,3:13:41,3.9
上游闸内水位,2024/12/08,3:15:33,3.0
上游闸外水位,2024/12/08,3:15:33,3.9
上游闸内水位,2024/12/08,3:17:46,3.4
上游闸外水位,2024/12/08,3:17:46,3.9
上游闸内水位,2024/12/08,3:19:19,3.7
上游闸外水位,2024/12/08,3:19:19,3.8
内河侧水位,2024/12/08,4:00:00,3.9
内河侧水位,2024/12/05,13:00:00,3.9
长江侧水位,2024/12/05,13:00:00,2.7
下游闸内水位,2024/12/05,13:02:16,2.7
下游闸外水位,2024/12/05,13:02:16,2.7
上游闸内水位,2024/12/05,13:04:55,2.8
上游闸外水位,2024/12/05,13:04:55,3.9
上游闸内水位,2024/12/05,13:07:44,3.1
上游闸外水位,2024/12/05,13:07:44,3.9
上游闸内水位,2024/12/05,13:10:11,3.5
上游闸外水位,2024/12/05,13:10:11,3.9
上游闸内水位,2024/12/05,13:49:06,3.9
上游闸外水位,2024/12/05,13:49:06,3.9
下游闸内水位,2024/12/05,13:59:41,2.7
下游闸外水位,2024/12/05,13:59:41,2.6
内河侧水位,2024/12/05,14:00:00,3.9
长江侧水位,2024/12/05,14:00:00,2.6
上游闸内水位,2024/12/05,14:38:52,2.6
上游闸外水位,2024/12/05,14:38:52,3.9
上游闸内水位,2024/12/05,14:42:14,3.8
上游闸外水位,2024/12/05,14:42:14,3.9
内河侧水位,2024/12/05,15:00:00,3.9
长江侧水位,2024/12/05,15:00:00,2.4
上游闸内水位,2024/12/05,15:19:34,3.9
上游闸外水位,2024/12/05,15:19:34,3.9
下游闸内水位,2024/12/05,15:22:06,3.9
下游闸外水位,2024/12/05,15:22:06,2.4
下游闸内水位,2024/12/05,15:28:38,3.1
下游闸外水位,2024/12/05,15:28:38,2.4
下游闸内水位,2024/12/05,15:30:26,2.8
下游闸外水位,2024/12/05,15:30:26,2.3
下游闸内水位,2024/12/05,15:32:21,2.4
下游闸外水位,2024/12/05,15:32:21,2.3
内河侧水位,2024/12/05,16:00:00,3.9
长江侧水位,2024/12/05,16:00:00,2.3
下游闸内水位,2024/12/05,16:03:38,2.3
下游闸外水位,2024/12/05,16:03:38,2.3
上游闸内水位,2024/12/05,16:06:14,2.3
上游闸外水位,2024/12/05,16:06:14,3.9
上游闸内水位,2024/12/05,16:10:28,3.8
上游闸外水位,2024/12/05,16:10:28,3.9
上游闸内水位,2024/12/05,16:32:42,3.9
上游闸外水位,2024/12/05,16:32:42,3.9
下游闸内水位,2024/12/05,16:35:13,3.9
下游闸外水位,2024/12/05,16:35:13,2.2
下游闸内水位,2024/12/05,16:41:16,2.3
下游闸外水位,2024/12/05,16:41:16,2.2
内河侧水位,2024/12/05,17:00:00,3.9
长江侧水位,2024/12/05,17:00:00,2.3
下游闸内水位,2024/12/05,17:15:11,2.3
下游闸外水位,2024/12/05,17:15:11,2.3
上游闸内水位,2024/12/05,17:17:46,2.3
上游闸外水位,2024/12/05,17:17:46,3.9
上游闸内水位,2024/12/05,17:39:12,3.8
上游闸外水位,2024/12/05,17:39:12,3.8
下游闸内水位,2024/12/05,17:41:45,3.9
下游闸外水位,2024/12/05,17:41:45,2.5
下游闸内水位,2024/12/05,17:46:10,2.7
下游闸外水位,2024/12/05,17:46:10,2.6
内河侧水位,2024/12/05,18:00:00,3.9
长江侧水位,2024/12/05,18:00:00,2.9
下游闸内水位,2024/12/05,18:14:20,3.1
下游闸外水位,2024/12/05,18:14:20,3.1
上游闸内水位,2024/12/05,18:17:00,3.2
上游闸外水位,2024/12/05,18:17:00,3.9
上游闸内水位,2024/12/05,18:20:09,3.5
上游闸外水位,2024/12/05,18:20:09,3.9
上游闸内水位,2024/12/05,18:21:28,3.7
上游闸外水位,2024/12/05,18:21:28,3.9
上游闸内水位,2024/12/05,18:35:48,3.9
上游闸外水位,2024/12/05,18:35:48,3.9
下游闸内水位,2024/12/05,18:38:22,3.8
下游闸外水位,2024/12/05,18:38:22,3.4
下游闸内水位,2024/12/05,18:40:23,3.6
下游闸外水位,2024/12/05,18:40:23,3.5
下游闸内水位,2024/12/05,18:56:48,3.6
下游闸外水位,2024/12/05,18:56:48,3.6
上游闸内水位,2024/12/05,18:59:31,3.6
上游闸外水位,2024/12/05,18:59:31,3.9
内河侧水位,2024/12/05,19:00:00,3.9
长江侧水位,2024/12/05,19:00:00,3.6
上游闸内水位,2024/12/05,19:01:25,3.8
上游闸外水位,2024/12/05,19:01:25,3.9
下游闸内水位,2024/12/05,19:17:46,3.8
下游闸外水位,2024/12/05,19:17:46,3.7
内河侧水位,2024/12/05,20:00:00,4.0
长江侧水位,2024/12/05,20:00:00,3.9
内河侧水位,2024/12/05,21:00:00,4.2
长江侧水位,2024/12/05,21:00:00,4.1
内河侧水位,2024/12/05,22:00:00,4.1
长江侧水位,2024/12/05,22:00:00,4.0
上游闸内水位,2024/12/05,22:31:44,3.9
上游闸外水位,2024/12/05,22:31:44,3.9
内河侧水位,2024/12/05,23:00:00,4.0
长江侧水位,2024/12/05,23:00:00,3.7
下游闸内水位,2024/12/05,23:18:08,3.6
下游闸外水位,2024/12/05,23:18:08,3.6
上游闸内水位,2024/12/05,23:21:09,3.5
上游闸外水位,2024/12/05,23:21:09,4.0
上游闸内水位,2024/12/05,23:23:14,3.8
上游闸外水位,2024/12/05,23:23:14,4.0
内河侧水位,2024/12/06,0:00:00,4.0
长江侧水位,2024/12/06,0:00:00,3.3
上游闸内水位,2024/12/06,0:11:12,3.9
上游闸外水位,2024/12/06,0:11:12,4.0
下游闸内水位,2024/12/06,0:13:52,4.0
下游闸外水位,2024/12/06,0:13:52,3.2
下游闸内水位,2024/12/06,0:17:42,3.3
下游闸外水位,2024/12/06,0:17:42,3.2
下游闸内水位,2024/12/06,0:59:41,3.1
下游闸外水位,2024/12/06,0:59:41,3.0
内河侧水位,2024/12/06,1:00:00,4.0
长江侧水位,2024/12/06,1:00:00,3.0
上游闸内水位,2024/12/06,1:02:20,3.1
上游闸外水位,2024/12/06,1:02:20,4.0
上游闸内水位,2024/12/06,1:05:31,3.9
上游闸外水位,2024/12/06,1:05:31,4.0
上游闸内水位,2024/12/06,1:58:36,3.9
上游闸外水位,2024/12/06,1:58:36,4.0
内河侧水位,2024/12/06,2:00:00,4.0
长江侧水位,2024/12/06,2:00:00,2.9
下游闸内水位,2024/12/06,2:01:13,3.9
下游闸外水位,2024/12/06,2:01:13,2.9
下游闸内水位,2024/12/06,2:05:57,2.9
下游闸外水位,2024/12/06,2:05:57,2.8
下游闸内水位,2024/12/06,2:56:07,2.7
下游闸外水位,2024/12/06,2:56:07,2.7
上游闸内水位,2024/12/06,2:58:42,2.7
上游闸外水位,2024/12/06,2:58:42,4.0
内河侧水位,2024/12/06,3:00:00,3.7
长江侧水位,2024/12/06,3:00:00,2.7
上游闸内水位,2024/12/06,3:02:52,3.9
上游闸外水位,2024/12/06,3:02:52,4.0
上游闸内水位,2024/12/06,3:48:17,3.9
上游闸外水位,2024/12/06,3:48:17,3.9
下游闸内水位,2024/12/06,3:50:57,3.9
下游闸外水位,2024/12/06,3:50:57,2.6
下游闸内水位,2024/12/06,3:56:35,2.6
下游闸外水位,2024/12/06,3:56:35,2.5
内河侧水位,2024/12/06,4:00:00,3.9
长江侧水位,2024/12/06,4:00:00,2.5
下游闸内水位,2024/12/06,4:55:44,2.4
下游闸外水位,2024/12/06,4:55:44,2.4
内河侧水位,2024/12/06,5:00:00,4.0
长江侧水位,2024/12/06,5:00:00,2.4
上游闸内水位,2024/12/06,5:02:27,2.3
上游闸外水位,2024/12/06,5:02:27,3.9
上游闸内水位,2024/12/06,5:07:09,3.9
上游闸外水位,2024/12/06,5:07:09,4.0
上游闸内水位,2024/12/06,5:55:07,3.9
上游闸外水位,2024/12/06,5:55:07,3.9
下游闸内水位,2024/12/06,5:57:43,3.9
下游闸外水位,2024/12/06,5:57:43,2.3
内河侧水位,2024/12/06,6:00:00,3.9
长江侧水位,2024/12/06,6:00:00,2.3
下游闸内水位,2024/12/06,6:02:57,2.5
下游闸外水位,2024/12/06,6:02:57,2.3
下游闸内水位,2024/12/06,6:51:37,2.5
下游闸外水位,2024/12/06,6:51:37,2.5
上游闸内水位,2024/12/06,6:54:14,2.6
上游闸外水位,2024/12/06,6:54:14,3.9
上游闸内水位,2024/12/06,6:58:15,3.8
上游闸外水位,2024/12/06,6:58:15,4.0
内河侧水位,2024/12/06,7:00:00,4.0
长江侧水位,2024/12/06,7:00:00,2.7
上游闸内水位,2024/12/06,7:45:35,3.9
上游闸外水位,2024/12/06,7:45:35,3.9
下游闸内水位,2024/12/06,7:48:59,3.9
下游闸外水位,2024/12/06,7:48:59,3.2
下游闸内水位,2024/12/06,7:52:18,3.4
下游闸外水位,2024/12/06,7:52:18,3.3
内河侧水位,2024/12/06,8:00:00,3.9
长江侧水位,2024/12/06,8:00:00,3.2
下游闸内水位,2024/12/06,8:39:09,3.5
下游闸外水位,2024/12/06,8:39:09,3.5
上游闸内水位,2024/12/06,8:41:56,3.5
上游闸外水位,2024/12/06,8:41:56,4.0
上游闸内水位,2024/12/06,8:43:54,3.8
上游闸外水位,2024/12/06,8:43:54,3.9
内河侧水位,2024/12/06,9:00:00,4.0
长江侧水位,2024/12/06,9:00:00,3.6
上游闸内水位,2024/12/06,9:13:54,3.9
上游闸外水位,2024/12/06,9:13:54,4.0
下游闸内水位,2024/12/06,9:16:26,3.9
下游闸外水位,2024/12/06,9:16:26,3.6
下游闸内水位,2024/12/06,9:17:56,3.8
下游闸外水位,2024/12/06,9:17:56,3.7
下游闸内水位,2024/12/06,9:39:01,3.7
下游闸外水位,2024/12/06,9:39:01,3.7
上游闸内水位,2024/12/06,9:41:53,3.6
上游闸外水位,2024/12/06,9:41:53,4.0
长江侧水位,2024/12/08,4:00:00,2.7
上游闸内水位,2024/12/08,4:06:18,3.8
上游闸外水位,2024/12/08,4:06:18,3.9
下游闸内水位,2024/12/08,4:08:54,3.8
下游闸外水位,2024/12/08,4:08:54,2.7
下游闸内水位,2024/12/08,4:13:00,3.4
下游闸外水位,2024/12/08,4:13:00,2.7
下游闸内水位,2024/12/08,4:16:01,3.0
下游闸外水位,2024/12/08,4:16:01,2.6
下游闸内水位,2024/12/08,4:17:26,2.8
下游闸外水位,2024/12/08,4:17:26,2.6
下游闸内水位,2024/12/08,4:26:44,2.7
下游闸外水位,2024/12/08,4:26:44,2.6
上游闸内水位,2024/12/08,4:29:21,2.7
上游闸外水位,2024/12/08,4:29:21,3.9
上游闸内水位,2024/12/08,4:32:45,3.7
上游闸外水位,2024/12/08,4:32:45,3.9
上游闸内水位,2024/12/08,4:52:08,3.8
上游闸外水位,2024/12/08,4:52:08,3.9
下游闸内水位,2024/12/08,4:54:53,3.8
下游闸外水位,2024/12/08,4:54:53,2.6
下游闸内水位,2024/12/08,4:58:16,3.4
下游闸外水位,2024/12/08,4:58:16,2.5
内河侧水位,2024/12/08,5:00:00,3.9
长江侧水位,2024/12/08,5:00:00,2.5
下游闸内水位,2024/12/08,5:00:41,3.1
下游闸外水位,2024/12/08,5:00:41,2.5
下游闸内水位,2024/12/08,5:03:00,2.7
下游闸外水位,2024/12/08,5:03:00,2.5
内河侧水位,2024/12/08,6:00:00,3.9
长江侧水位,2024/12/08,6:00:00,2.4
下游闸内水位,2024/12/08,6:05:26,2.4
下游闸外水位,2024/12/08,6:05:26,2.4
上游闸内水位,2024/12/08,6:08:00,2.5
上游闸外水位,2024/12/08,6:08:00,3.9
上游闸内水位,2024/12/08,6:12:10,3.8
上游闸外水位,2024/12/08,6:12:10,3.9
上游闸内水位,2024/12/08,6:41:28,3.9
上游闸外水位,2024/12/08,6:41:28,3.9
下游闸内水位,2024/12/08,6:43:59,3.8
下游闸外水位,2024/12/08,6:43:59,2.3
下游闸内水位,2024/12/08,6:49:03,2.5
下游闸外水位,2024/12/08,6:49:03,2.3
内河侧水位,2024/12/08,7:00:00,3.9
长江侧水位,2024/12/08,7:00:00,2.3
下游闸内水位,2024/12/08,7:27:17,2.4
下游闸外水位,2024/12/08,7:27:17,2.4
上游闸内水位,2024/12/08,7:29:56,2.3
上游闸外水位,2024/12/08,7:29:56,3.9
上游闸内水位,2024/12/08,7:34:10,3.7
上游闸外水位,2024/12/08,7:34:10,3.9
内河侧水位,2024/12/08,8:00:00,3.8
长江侧水位,2024/12/08,8:00:00,2.4
上游闸内水位,2024/12/08,8:14:13,3.9
上游闸外水位,2024/12/08,8:14:13,3.8
下游闸内水位,2024/12/08,8:18:51,3.8
下游闸外水位,2024/12/08,8:18:51,2.5
下游闸内水位,2024/12/08,8:29:15,2.6
下游闸外水位,2024/12/08,8:29:15,2.6
下游闸内水位,2024/12/08,8:51:08,2.9
下游闸外水位,2024/12/08,8:51:08,2.8
上游闸内水位,2024/12/08,8:54:03,2.9
上游闸外水位,2024/12/08,8:54:03,3.9
上游闸内水位,2024/12/08,8:57:21,3.7
上游闸外水位,2024/12/08,8:57:21,3.9
内河侧水位,2024/12/08,9:00:00,3.9
长江侧水位,2024/12/08,9:00:00,3.1
上游闸内水位,2024/12/08,9:29:00,3.8
上游闸外水位,2024/12/08,9:29:00,3.9
下游闸内水位,2024/12/08,9:31:36,3.8
下游闸外水位,2024/12/08,9:31:36,3.2
上游闸内水位,2024/12/06,9:43:39,3.8
上游闸外水位,2024/12/06,9:43:39,4.0
内河侧水位,2024/12/06,10:00:00,4.0
长江侧水位,2024/12/06,10:00:00,3.6
上游闸内水位,2024/12/06,10:03:54,3.9
上游闸外水位,2024/12/06,10:03:54,4.0
下游闸内水位,2024/12/06,10:08:32,3.8
下游闸外水位,2024/12/06,10:08:32,3.6
下游闸内水位,2024/12/06,10:32:14,3.5
下游闸外水位,2024/12/06,10:32:14,3.5
上游闸内水位,2024/12/06,10:34:51,3.5
上游闸外水位,2024/12/06,10:34:51,4.0
上游闸内水位,2024/12/06,10:36:58,3.8
上游闸外水位,2024/12/06,10:36:58,4.0
内河侧水位,2024/12/06,11:00:00,4.0
长江侧水位,2024/12/06,11:00:00,3.3
上游闸内水位,2024/12/06,11:10:57,3.9
上游闸外水位,2024/12/06,11:10:57,4.0
下游闸内水位,2024/12/06,11:13:29,4.0
下游闸外水位,2024/12/06,11:13:29,3.3
下游闸内水位,2024/12/06,11:17:53,3.2
下游闸外水位,2024/12/06,11:17:53,3.2
下游闸内水位,2024/12/06,11:59:14,3.0
下游闸外水位,2024/12/06,11:59:14,2.9
内河侧水位,2024/12/06,12:00:00,4.0
长江侧水位,2024/12/06,12:00:00,3.0
上游闸内水位,2024/12/06,12:02:02,3.1
上游闸外水位,2024/12/06,12:02:02,4.0
上游闸内水位,2024/12/06,12:04:57,3.8
上游闸外水位,2024/12/06,12:04:57,4.0
上游闸内水位,2024/12/06,12:31:49,3.9
上游闸外水位,2024/12/06,12:31:49,3.9
下游闸内水位,2024/12/06,12:35:32,3.9
下游闸外水位,2024/12/06,12:35:32,2.8
下游闸内水位,2024/12/06,12:39:33,3.0
下游闸外水位,2024/12/06,12:39:33,2.9
内河侧水位,2024/12/06,13:00:00,3.9
长江侧水位,2024/12/06,13:00:00,2.8
下游闸内水位,2024/12/06,13:09:10,2.7
下游闸外水位,2024/12/06,13:09:10,2.7
上游闸内水位,2024/12/06,13:12:30,2.7
上游闸外水位,2024/12/06,13:12:30,4.0
上游闸内水位,2024/12/06,13:15:39,3.2
上游闸外水位,2024/12/06,13:15:39,3.9
上游闸内水位,2024/12/06,13:18:03,3.8
上游闸外水位,2024/12/06,13:18:03,3.9
内河侧水位,2024/12/06,14:00:00,3.9
长江侧水位,2024/12/06,14:00:00,2.6
下游闸内水位,2024/12/06,14:15:45,3.9
下游闸外水位,2024/12/06,14:15:45,2.6
下游闸内水位,2024/12/06,14:18:30,3.3
下游闸外水位,2024/12/06,14:18:30,2.5
下游闸内水位,2024/12/06,14:21:19,2.6
下游闸外水位,2024/12/06,14:21:19,2.5
内河侧水位,2024/12/06,15:00:00,3.9
长江侧水位,2024/12/06,15:00:00,2.5
下游闸内水位,2024/12/06,15:06:44,2.4
下游闸外水位,2024/12/06,15:06:44,2.4
上游闸内水位,2024/12/06,15:10:24,2.5
上游闸外水位,2024/12/06,15:10:24,3.9
上游闸内水位,2024/12/06,15:14:28,3.8
上游闸外水位,2024/12/06,15:14:28,4.0
上游闸内水位,2024/12/06,15:53:43,3.8
上游闸外水位,2024/12/06,15:53:43,3.9
下游闸内水位,2024/12/06,15:58:00,3.9
下游闸外水位,2024/12/06,15:58:00,2.3
内河侧水位,2024/12/06,16:00:00,3.9
长江侧水位,2024/12/06,16:00:00,2.3
下游闸内水位,2024/12/06,16:03:07,2.5
下游闸外水位,2024/12/06,16:03:07,2.3
下游闸内水位,2024/12/06,16:44:03,2.3
下游闸外水位,2024/12/06,16:44:03,2.2
上游闸内水位,2024/12/06,16:47:27,2.2
上游闸外水位,2024/12/06,16:47:27,3.9
上游闸内水位,2024/12/06,16:51:58,3.3
上游闸外水位,2024/12/06,16:51:58,3.9
上游闸内水位,2024/12/06,16:53:47,3.7
上游闸外水位,2024/12/06,16:53:47,3.9
内河侧水位,2024/12/06,17:00:00,3.9
长江侧水位,2024/12/06,17:00:00,2.2
上游闸内水位,2024/12/06,17:17:54,3.8
上游闸外水位,2024/12/06,17:17:54,3.9
下游闸内水位,2024/12/06,17:20:55,3.8
下游闸外水位,2024/12/06,17:20:55,2.2
下游闸内水位,2024/12/06,17:26:29,2.3
下游闸外水位,2024/12/06,17:26:29,2.1
下游闸内水位,2024/12/06,17:48:41,2.2
下游闸外水位,2024/12/06,17:48:41,2.2
上游闸内水位,2024/12/06,17:51:30,2.2
上游闸外水位,2024/12/06,17:51:30,3.9
上游闸内水位,2024/12/06,17:56:13,3.8
上游闸外水位,2024/12/06,17:56:13,4.0
内河侧水位,2024/12/06,18:00:00,3.8
长江侧水位,2024/12/06,18:00:00,2.3
上游闸内水位,2024/12/06,18:32:12,3.8
上游闸外水位,2024/12/06,18:32:12,3.9
下游闸内水位,2024/12/06,18:35:37,3.9
下游闸外水位,2024/12/06,18:35:37,2.7
下游闸内水位,2024/12/06,18:39:49,2.9
下游闸外水位,2024/12/06,18:39:49,2.7
内河侧水位,2024/12/06,19:00:00,3.9
长江侧水位,2024/12/06,19:00:00,3.1
下游闸内水位,2024/12/06,19:04:09,3.1
下游闸外水位,2024/12/06,19:04:09,3.0
上游闸内水位,2024/12/06,19:09:19,3.7
上游闸外水位,2024/12/06,19:09:19,3.8
上游闸内水位,2024/12/06,19:32:03,3.8
上游闸外水位,2024/12/06,19:32:03,3.9
下游闸内水位,2024/12/06,19:34:37,3.9
下游闸外水位,2024/12/06,19:34:37,3.4
下游闸内水位,2024/12/06,19:37:29,3.5
下游闸外水位,2024/12/06,19:37:29,3.4
内河侧水位,2024/12/06,20:00:00,3.9
长江侧水位,2024/12/06,20:00:00,3.6
上游闸内水位,2024/12/06,20:01:36,3.6
上游闸外水位,2024/12/06,20:01:36,3.9
内河侧水位,2024/12/06,21:00:00,3.9
长江侧水位,2024/12/06,21:00:00,3.9
上游闸内水位,2024/12/06,21:53:47,3.9
上游闸外水位,2024/12/06,21:53:47,4.0
内河侧水位,2024/12/06,22:00:00,4.1
长江侧水位,2024/12/06,22:00:00,4.0
下游闸内水位,2024/12/06,22:34:00,3.9
下游闸外水位,2024/12/06,22:34:00,3.9
上游闸内水位,2024/12/06,22:36:41,3.9
上游闸外水位,2024/12/06,22:36:41,4.0
上游闸内水位,2024/12/06,22:38:32,3.9
上游闸外水位,2024/12/06,22:38:32,4.0
内河侧水位,2024/12/06,23:00:00,4.0
长江侧水位,2024/12/06,23:00:00,3.8
上游闸内水位,2024/12/06,23:28:56,3.9
上游闸外水位,2024/12/06,23:28:56,4.0
下游闸内水位,2024/12/06,23:32:15,4.0
下游闸外水位,2024/12/06,23:32:15,3.6
下游闸内水位,2024/12/06,23:34:09,3.8
下游闸外水位,2024/12/06,23:34:09,3.6
内河侧水位,2024/12/07,0:00:00,4.0
长江侧水位,2024/12/07,0:00:00,3.4
下游闸内水位,2024/12/07,0:27:02,3.3
下游闸外水位,2024/12/07,0:27:02,3.3
上游闸内水位,2024/12/07,0:30:00,3.4
上游闸外水位,2024/12/07,0:30:00,4.0
上游闸内水位,2024/12/07,0:32:07,3.8
上游闸外水位,2024/12/07,0:32:07,3.9
内河侧水位,2024/12/07,1:00:00,4.0
长江侧水位,2024/12/07,1:00:00,3.1
上游闸内水位,2024/12/07,1:15:32,3.9
上游闸外水位,2024/12/07,1:15:32,4.0
下游闸内水位,2024/12/07,1:18:14,3.9
下游闸外水位,2024/12/07,1:18:14,3.0
下游闸内水位,2024/12/07,1:22:05,3.2
下游闸外水位,2024/12/07,1:22:05,3.0
内河侧水位,2024/12/07,2:00:00,4.0
长江侧水位,2024/12/07,2:00:00,2.9
下游闸内水位,2024/12/07,2:22:32,2.8
下游闸外水位,2024/12/07,2:22:32,2.8
上游闸内水位,2024/12/07,2:25:20,2.8
上游闸外水位,2024/12/07,2:25:20,4.0
内河侧水位,2024/12/07,3:00:00,3.9
长江侧水位,2024/12/07,3:00:00,2.7
上游闸内水位,2024/12/07,3:19:28,3.9
上游闸外水位,2024/12/07,3:19:28,3.9
下游闸内水位,2024/12/07,3:22:01,3.9
下游闸外水位,2024/12/07,3:22:01,2.7
下游闸内水位,2024/12/07,3:26:59,3.1
下游闸外水位,2024/12/07,3:26:59,2.6
下游闸内水位,2024/12/07,3:28:49,2.8
下游闸外水位,2024/12/07,3:28:49,2.7
上游闸内水位,2024/12/07,4:23:02,2.6
上游闸外水位,2024/12/07,4:23:02,3.9
上游闸内水位,2024/12/07,4:27:05,3.4
上游闸外水位,2024/12/07,4:27:05,3.9
上游闸内水位,2024/12/07,4:31:47,3.9
上游闸外水位,2024/12/07,4:31:47,3.9
内河侧水位,2024/12/07,5:00:00,3.9
长江侧水位,2024/12/07,5:00:00,2.5
上游闸内水位,2024/12/07,5:28:07,3.9
上游闸外水位,2024/12/07,5:28:07,3.9
下游闸内水位,2024/12/07,5:30:39,3.9
下游闸外水位,2024/12/07,5:30:39,2.4
下游闸内水位,2024/12/07,5:36:33,2.9
下游闸外水位,2024/12/07,5:36:33,2.4
下游闸内水位,2024/12/07,5:39:23,2.4
下游闸外水位,2024/12/07,5:39:23,2.3
内河侧水位,2024/12/07,6:00:00,3.9
长江侧水位,2024/12/07,6:00:00,2.3
下游闸内水位,2024/12/07,6:01:29,2.4
下游闸外水位,2024/12/07,6:01:29,2.3
上游闸内水位,2024/12/07,6:04:44,2.3
上游闸外水位,2024/12/07,6:04:44,3.9
上游闸内水位,2024/12/07,6:10:19,3.9
上游闸外水位,2024/12/07,6:10:19,4.0
上游闸内水位,2024/12/07,6:35:45,3.8
上游闸外水位,2024/12/07,6:35:45,3.9
下游闸内水位,2024/12/07,6:44:11,2.3
下游闸外水位,2024/12/07,6:44:11,2.2
内河侧水位,2024/12/07,7:00:00,3.9
长江侧水位,2024/12/07,7:00:00,2.3
下游闸内水位,2024/12/07,7:30:48,2.4
下游闸外水位,2024/12/07,7:30:48,2.4
上游闸内水位,2024/12/07,7:37:17,3.8
上游闸外水位,2024/12/07,7:37:17,3.9
内河侧水位,2024/12/07,8:00:00,3.9
长江侧水位,2024/12/07,8:00:00,2.7
上游闸内水位,2024/12/07,8:22:57,3.9
上游闸外水位,2024/12/07,8:22:57,3.9
下游闸内水位,2024/12/07,8:26:45,3.9
下游闸外水位,2024/12/07,8:26:45,2.9
下游闸内水位,2024/12/07,8:30:21,3.2
下游闸外水位,2024/12/07,8:30:21,3.0
下游闸内水位,2024/12/07,8:53:03,3.2
下游闸外水位,2024/12/07,8:53:03,3.1
上游闸内水位,2024/12/07,8:55:44,3.2
上游闸外水位,2024/12/07,8:55:44,3.9
上游闸内水位,2024/12/07,8:57:54,3.7
上游闸外水位,2024/12/07,8:57:54,3.8
内河侧水位,2024/12/07,9:00:00,4.0
长江侧水位,2024/12/07,9:00:00,3.2
上游闸内水位,2024/12/07,9:11:26,3.9
上游闸外水位,2024/12/07,9:11:26,3.9
下游闸内水位,2024/12/07,9:14:01,3.9
下游闸外水位,2024/12/07,9:14:01,3.3
下游闸内水位,2024/12/07,9:17:09,3.4
下游闸外水位,2024/12/07,9:17:09,3.3
下游闸内水位,2024/12/07,9:27:18,3.4
下游闸外水位,2024/12/07,9:27:18,3.3
内河侧水位,2024/12/07,10:00:00,3.9
长江侧水位,2024/12/07,10:00:00,3.5
下游闸内水位,2024/12/07,10:10:22,3.4
下游闸外水位,2024/12/07,10:10:22,3.5
下游闸内水位,2024/12/07,10:12:19,3.5
下游闸外水位,2024/12/07,10:12:19,3.5
下游闸内水位,2024/12/07,10:40:17,3.5
下游闸外水位,2024/12/07,10:40:17,3.5
上游闸内水位,2024/12/07,10:42:57,3.5
上游闸外水位,2024/12/07,10:42:57,3.9
上游闸内水位,2024/12/07,10:45:16,3.8
上游闸外水位,2024/12/07,10:45:16,3.9
内河侧水位,2024/12/07,11:00:00,3.9
长江侧水位,2024/12/07,11:00:00,3.4
上游闸内水位,2024/12/07,11:21:38,3.8
上游闸外水位,2024/12/07,11:21:38,3.9
下游闸内水位,2024/12/07,11:26:12,3.9
下游闸外水位,2024/12/07,11:26:12,3.3
内河侧水位,2024/12/07,12:00:00,3.9
长江侧水位,2024/12/07,12:00:00,3.1
下游闸内水位,2024/12/07,12:06:49,3.1
下游闸外水位,2024/12/07,12:06:49,3.1
上游闸内水位,2024/12/07,12:09:23,3.1
上游闸外水位,2024/12/07,12:09:23,3.9
上游闸内水位,2024/12/07,12:12:02,3.7
上游闸外水位,2024/12/07,12:12:02,3.8
上游闸内水位,2024/12/07,12:52:18,3.8
上游闸外水位,2024/12/07,12:52:18,3.9
下游闸内水位,2024/12/07,12:55:05,3.8
下游闸外水位,2024/12/07,12:55:05,2.9
下游闸内水位,2024/12/07,12:59:10,3.0
下游闸外水位,2024/12/07,12:59:10,2.9
内河侧水位,2024/12/07,13:00:00,3.9
长江侧水位,2024/12/07,13:00:00,2.9
下游闸内水位,2024/12/07,13:33:30,2.8
下游闸内水位,2024/12/07,21:11:26,3.8
下游闸外水位,2024/12/07,21:11:26,3.7
下游闸内水位,2024/12/08,9:34:29,3.4
下游闸外水位,2024/12/08,9:34:29,3.3
上游闸内水位,2024/12/08,10:19:18,3.4
上游闸外水位,2024/12/08,10:19:18,3.9
上游闸内水位,2024/12/08,10:56:42,3.8
上游闸外水位,2024/12/08,10:56:42,3.9
下游闸内水位,2024/12/08,10:59:29,3.8
下游闸外水位,2024/12/08,10:59:29,3.6
内河侧水位,2024/12/08,11:00:00,3.9
长江侧水位,2024/12/08,11:00:00,3.7
下游闸内水位,2024/12/08,11:01:06,3.7
下游闸外水位,2024/12/08,11:01:06,3.6
下游闸内水位,2024/12/08,11:42:58,3.6
下游闸外水位,2024/12/08,11:42:58,3.6
上游闸内水位,2024/12/08,11:46:16,3.6
上游闸外水位,2024/12/08,11:46:16,3.9
上游闸内水位,2024/12/08,11:48:54,3.8
上游闸外水位,2024/12/08,11:48:54,3.9
内河侧水位,2024/12/08,12:00:00,3.9
长江侧水位,2024/12/08,12:00:00,3.5
上游闸内水位,2024/12/08,12:25:01,3.8
上游闸外水位,2024/12/08,12:25:01,3.9
下游闸内水位,2024/12/08,12:27:36,3.9
下游闸外水位,2024/12/08,12:27:36,3.3
下游闸内水位,2024/12/08,12:30:05,3.5
下游闸外水位,2024/12/08,12:30:05,3.4
内河侧水位,2024/12/08,13:00:00,3.9
长江侧水位,2024/12/08,13:00:00,3.2
下游闸内水位,2024/12/08,13:09:43,3.2
下游闸外水位,2024/12/08,13:09:43,3.2
上游闸内水位,2024/12/08,13:12:24,3.2
上游闸外水位,2024/12/08,13:12:24,3.9
上游闸内水位,2024/12/08,13:15:07,3.7
上游闸外水位,2024/12/08,13:15:07,3.9
上游闸内水位,2024/12/08,13:47:45,4.0
上游闸外水位,2024/12/08,13:47:45,3.9
下游闸内水位,2024/12/08,13:50:21,3.8
下游闸外水位,2024/12/08,13:50:21,3.1
下游闸内水位,2024/12/08,13:54:10,3.1
下游闸外水位,2024/12/08,13:54:10,3.0
内河侧水位,2024/12/08,14:00:00,3.9
长江侧水位,2024/12/08,14:00:00,2.8
下游闸内水位,2024/12/08,14:32:14,2.9
下游闸外水位,2024/12/08,14:32:14,2.8
上游闸内水位,2024/12/08,14:34:51,2.9
上游闸外水位,2024/12/08,14:34:51,3.9
上游闸内水位,2024/12/08,14:37:54,3.7
上游闸外水位,2024/12/08,14:37:54,3.9
内河侧水位,2024/12/08,15:00:00,3.9
长江侧水位,2024/12/08,15:00:00,2.8
上游闸内水位,2024/12/08,15:18:12,3.8
上游闸外水位,2024/12/08,15:18:12,3.9
下游闸内水位,2024/12/08,15:20:45,3.8
下游闸外水位,2024/12/08,15:20:45,2.7
下游闸内水位,2024/12/08,15:25:03,2.8
下游闸外水位,2024/12/08,15:25:03,2.7
内河侧水位,2024/12/08,16:00:00,3.9
长江侧水位,2024/12/08,16:00:00,2.6
下游闸内水位,2024/12/08,16:02:53,2.7
下游闸外水位,2024/12/08,16:02:53,2.6
上游闸内水位,2024/12/08,16:05:36,2.7
上游闸外水位,2024/12/08,16:05:36,3.9
上游闸内水位,2024/12/08,16:08:42,3.6
上游闸外水位,2024/12/08,16:08:42,3.8
上游闸内水位,2024/12/08,16:34:15,3.8
上游闸外水位,2024/12/08,16:34:15,3.9
下游闸内水位,2024/12/08,16:36:50,3.8
下游闸外水位,2024/12/08,16:36:50,2.5
下游闸内水位,2024/12/08,16:42:38,2.6
下游闸外水位,2024/12/08,16:42:38,2.5
内河侧水位,2024/12/08,17:00:00,3.9
长江侧水位,2024/12/08,17:00:00,2.5
下游闸内水位,2024/12/08,17:20:41,2.5
下游闸外水位,2024/12/08,17:20:41,2.5
上游闸内水位,2024/12/08,17:24:19,2.4
上游闸外水位,2024/12/08,17:24:19,3.9
上游闸内水位,2024/12/08,17:28:24,3.8
上游闸外水位,2024/12/08,17:28:24,3.9
内河侧水位,2024/12/08,18:00:00,3.8
长江侧水位,2024/12/08,18:00:00,2.4
上游闸内水位,2024/12/08,18:06:42,3.8
上游闸外水位,2024/12/08,18:06:42,3.9
下游闸内水位,2024/12/08,18:09:31,3.8
下游闸外水位,2024/12/08,18:09:31,2.4
下游闸内水位,2024/12/08,18:14:52,2.5
内河侧水位,2024/12/08,10:00:00,3.9
长江侧水位,2024/12/08,10:00:00,3.3
下游闸内水位,2024/12/08,10:16:41,3.5
下游闸外水位,2024/12/08,10:16:41,3.4
上游闸内水位,2024/12/08,10:21:14,3.7
上游闸外水位,2024/12/08,10:21:14,3.8
下游闸外水位,2024/12/08,18:14:52,2.4
上游闸内水位,2024/12/08,18:58:14,2.3
上游闸外水位,2024/12/08,18:58:14,3.9
内河侧水位,2024/12/08,19:00:00,3.7
长江侧水位,2024/12/08,19:00:00,2.3
上游闸内水位,2024/12/08,19:02:33,3.8
上游闸外水位,2024/12/08,19:02:33,3.9
上游闸内水位,2024/12/08,19:40:02,3.8
上游闸外水位,2024/12/08,19:40:02,3.8
下游闸内水位,2024/12/08,19:42:39,3.8
下游闸外水位,2024/12/08,19:42:39,2.4
下游闸内水位,2024/12/08,19:47:28,2.6
下游闸外水位,2024/12/08,19:47:28,2.4
内河侧水位,2024/12/08,20:00:00,3.9
长江侧水位,2024/12/08,20:00:00,2.3
下游闸内水位,2024/12/08,20:15:57,2.7
下游闸外水位,2024/12/08,20:15:57,2.7
上游闸内水位,2024/12/08,20:18:35,2.7
上游闸外水位,2024/12/08,20:18:35,3.8
上游闸内水位,2024/12/08,20:22:03,3.7
上游闸外水位,2024/12/08,20:22:03,3.9
上游闸内水位,2024/12/08,20:30:45,3.8
上游闸外水位,2024/12/08,20:30:45,3.8
下游闸内水位,2024/12/08,20:33:22,3.8
下游闸外水位,2024/12/08,20:33:22,2.8
下游闸内水位,2024/12/08,20:36:57,3.1
下游闸外水位,2024/12/08,20:36:57,2.9
内河侧水位,2024/12/08,21:00:00,3.8
长江侧水位,2024/12/08,21:00:00,3.2
下游闸内水位,2024/12/08,21:13:05,3.4
下游闸外水位,2024/12/08,21:13:05,3.3
上游闸内水位,2024/12/08,21:15:44,3.3
上游闸外水位,2024/12/08,21:15:44,3.9
上游闸内水位,2024/12/08,21:17:50,3.7
上游闸外水位,2024/12/08,21:17:50,3.8
上游闸内水位,2024/12/08,21:37:11,3.8
上游闸外水位,2024/12/08,21:37:11,3.9
下游闸内水位,2024/12/08,21:54:26,3.6
下游闸外水位,2024/12/08,21:54:26,3.5
内河侧水位,2024/12/08,22:00:00,3.9
长江侧水位,2024/12/08,22:00:00,3.6
下游闸内水位,2024/12/08,22:15:43,3.7
下游闸外水位,2024/12/08,22:15:43,3.7
上游闸内水位,2024/12/08,22:18:19,3.7
上游闸外水位,2024/12/08,22:18:19,3.9
上游闸内水位,2024/12/08,22:20:26,3.8
上游闸外水位,2024/12/08,22:20:26,3.9
内河侧水位,2024/12/08,23:00:00,3.9
长江侧水位,2024/12/08,23:00:00,3.9
上游闸内水位,2024/12/08,23:03:28,3.8
上游闸外水位,2024/12/08,23:03:28,3.9
下游闸内水位,2024/12/08,23:06:07,3.9
下游闸外水位,2024/12/08,23:06:07,3.9
下游闸内水位,2024/12/08,23:07:59,3.9
下游闸外水位,2024/12/08,23:07:59,3.9
下游闸内水位,2024/12/08,23:57:01,3.9
下游闸外水位,2024/12/08,23:57:01,3.9
上游闸内水位,2024/12/08,23:59:39,3.9
上游闸外水位,2024/12/08,23:59:39,3.9
内河侧水位,2024/12/09,0:00:00,3.9
长江侧水位,2024/12/09,0:00:00,3.9
上游闸内水位,2024/12/09,0:01:36,3.9
上游闸外水位,2024/12/09,0:01:36,3.9
上游闸内水位,2024/12/09,0:23:36,3.9
上游闸外水位,2024/12/09,0:23:36,3.9
下游闸内水位,2024/12/09,0:26:08,3.9
下游闸外水位,2024/12/09,0:26:08,3.8
下游闸内水位,2024/12/09,0:27:44,3.8
下游闸外水位,2024/12/09,0:27:44,3.8
下游闸内水位,2024/12/09,0:56:56,3.7
下游闸外水位,2024/12/09,0:56:56,3.7
上游闸内水位,2024/12/09,0:59:39,3.7
上游闸外水位,2024/12/09,0:59:39,3.9
内河侧水位,2024/12/09,1:00:00,3.9
长江侧水位,2024/12/09,1:00:00,3.6
上游闸内水位,2024/12/09,1:02:22,3.9
上游闸外水位,2024/12/09,1:02:22,3.9
上游闸内水位,2024/12/09,1:50:16,3.9
上游闸外水位,2024/12/09,1:50:16,3.9
下游闸内水位,2024/12/09,1:52:50,3.9
下游闸外水位,2024/12/09,1:52:50,3.3
下游闸内水位,2024/12/08,18:55:37,2.3
下游闸外水位,2024/12/08,18:55:37,2.3
下游闸内水位,2024/12/09,1:55:50,3.4
下游闸外水位,2024/12/09,1:55:50,3.3
内河侧水位,2024/12/09,2:00:00,3.9
长江侧水位,2024/12/09,2:00:00,3.3
下游闸内水位,2024/12/09,2:10:59,3.3
下游闸外水位,2024/12/09,2:10:59,3.3
下游闸内水位,2024/12/09,2:11:42,3.3
下游闸外水位,2024/12/09,2:11:42,3.3
上游闸内水位,2024/12/09,2:14:11,3.3
上游闸外水位,2024/12/09,2:14:11,3.9
上游闸内水位,2024/12/09,2:16:40,3.7
上游闸外水位,2024/12/09,2:16:40,3.9
上游闸内水位,2024/12/09,2:42:28,3.8
上游闸外水位,2024/12/09,2:42:28,3.9
下游闸内水位,2024/12/09,2:45:04,3.9
下游闸外水位,2024/12/09,2:45:04,3.1
下游闸内水位,2024/12/09,2:48:28,3.2
下游闸外水位,2024/12/09,2:48:28,3.1
内河侧水位,2024/12/09,3:00:00,3.9
长江侧水位,2024/12/09,3:00:00,3.0
下游闸内水位,2024/12/09,3:44:12,2.9
下游闸外水位,2024/12/09,3:44:12,2.9
上游闸内水位,2024/12/09,3:46:50,2.8
上游闸外水位,2024/12/09,3:46:50,3.9
上游闸内水位,2024/12/09,3:49:45,3.6
上游闸外水位,2024/12/09,3:49:45,3.8
内河侧水位,2024/12/09,4:00:00,3.9
长江侧水位,2024/12/09,4:00:00,2.8
上游闸内水位,2024/12/09,4:34:44,3.8
上游闸外水位,2024/12/09,4:34:44,3.9
下游闸内水位,2024/12/09,4:37:16,3.8
下游闸外水位,2024/12/09,4:37:16,2.7
下游闸内水位,2024/12/09,4:41:35,2.9
下游闸外水位,2024/12/09,4:41:35,2.7
内河侧水位,2024/12/09,5:00:00,3.9
长江侧水位,2024/12/09,5:00:00,2.7
下游闸内水位,2024/12/09,5:27:11,2.6
下游闸外水位,2024/12/09,5:27:11,2.6
上游闸内水位,2024/12/09,5:29:51,2.8
上游闸外水位,2024/12/09,5:29:51,3.9
上游闸内水位,2024/12/09,5:32:53,3.7
上游闸外水位,2024/12/09,5:32:53,3.8
内河侧水位,2024/12/09,6:00:00,3.9
长江侧水位,2024/12/09,6:00:00,2.5
上游闸内水位,2024/12/09,6:11:30,3.8
上游闸外水位,2024/12/09,6:11:30,3.9
下游闸内水位,2024/12/09,6:14:04,3.8
下游闸外水位,2024/12/09,6:14:04,2.5
下游闸内水位,2024/12/09,6:18:53,2.6
下游闸外水位,2024/12/09,6:18:53,2.4
下游闸内水位,2024/12/09,6:59:01,2.4
下游闸外水位,2024/12/09,6:59:01,2.4
内河侧水位,2024/12/09,7:00:00,3.9
长江侧水位,2024/12/09,7:00:00,2.3
上游闸内水位,2024/12/09,7:01:41,2.3
上游闸外水位,2024/12/09,7:01:41,3.9
上游闸内水位,2024/12/09,7:42:06,3.8
上游闸外水位,2024/12/09,7:42:06,3.9
下游闸内水位,2024/12/09,7:44:44,3.8
下游闸外水位,2024/12/09,7:44:44,2.2
下游闸内水位,2024/12/09,7:50:01,2.4
下游闸外水位,2024/12/09,7:50:01,2.2
内河侧水位,2024/12/09,8:00:00,3.9
长江侧水位,2024/12/09,8:00:00,2.2
下游闸内水位,2024/12/09,8:36:53,2.2
下游闸外水位,2024/12/09,8:36:53,2.1
上游闸内水位,2024/12/09,8:39:42,2.2
上游闸外水位,2024/12/09,8:39:42,3.9
上游闸内水位,2024/12/09,8:43:57,3.8
上游闸外水位,2024/12/09,8:43:57,3.9
内河侧水位,2024/12/09,9:00:00,3.9
长江侧水位,2024/12/09,9:00:00,2.2
上游闸内水位,2024/12/09,9:08:40,3.8
上游闸外水位,2024/12/09,9:08:40,3.9
下游闸内水位,2024/12/09,9:11:18,3.8
下游闸外水位,2024/12/09,9:11:18,2.2
下游闸内水位,2024/12/09,9:16:59,2.3
下游闸外水位,2024/12/09,9:16:59,2.1
下游闸内水位,2024/12/09,9:31:38,2.3
下游闸外水位,2024/12/09,9:31:38,2.3
上游闸内水位,2024/12/09,9:35:14,2.4
上游闸外水位,2024/12/09,9:35:14,3.9
上游闸内水位,2024/12/09,9:39:36,3.8
上游闸外水位,2024/12/09,9:39:36,3.9
内河侧水位,2024/12/09,10:00:00,3.9
下游闸内水位,2024/12/08,21:39:54,3.9
下游闸外水位,2024/12/08,21:39:54,3.5
上游闸内水位,2024/12/09,7:05:53,3.7
上游闸外水位,2024/12/09,7:05:53,3.9
下游闸内水位,2024/12/09,11:56:10,3.4
下游闸外水位,2024/12/09,11:56:10,3.2
上游闸内水位,2024/12/09,15:40:44,3.8
上游闸外水位,2024/12/09,15:40:44,3.9
上游闸内水位,2024/12/09,18:16:28,3.8
上游闸外水位,2024/12/09,18:16:28,3.9
上游闸内水位,2024/12/10,3:51:45,3.2
上游闸外水位,2024/12/10,3:51:45,3.8
下游闸内水位,2024/12/10,9:53:54,2.1
下游闸外水位,2024/12/10,9:53:54,2.1
内河侧水位,2024/12/10,10:00:00,3.8
长江侧水位,2024/12/10,10:00:00,2.2
下游闸内水位,2024/12/10,10:39:01,2.4
下游闸外水位,2024/12/10,10:39:01,2.4
上游闸内水位,2024/12/10,10:41:49,2.4
上游闸外水位,2024/12/10,10:41:49,3.8
上游闸内水位,2024/12/10,10:45:46,3.7
上游闸外水位,2024/12/10,10:45:46,3.9
内河侧水位,2024/12/10,11:00:00,3.8
长江侧水位,2024/12/10,11:00:00,2.7
上游闸内水位,2024/12/10,11:18:54,3.8
上游闸外水位,2024/12/10,11:18:54,3.8
下游闸内水位,2024/12/10,11:21:27,3.8
下游闸外水位,2024/12/10,11:21:27,2.9
下游闸内水位,2024/12/10,11:24:54,3.1
下游闸外水位,2024/12/10,11:24:54,3.0
下游闸内水位,2024/12/10,11:37:42,3.0
下游闸外水位,2024/12/10,11:37:42,3.0
下游闸内水位,2024/12/10,12:00:53,3.2
下游闸外水位,2024/12/10,12:00:53,3.2
上游闸内水位,2024/12/10,16:26:15,3.8
上游闸外水位,2024/12/10,16:26:15,3.9
下游闸内水位,2024/12/10,16:29:22,3.8
下游闸外水位,2024/12/10,16:29:22,3.1
下游闸内水位,2024/12/10,16:32:37,3.2
下游闸外水位,2024/12/10,16:32:37,3.1
内河侧水位,2024/12/10,17:00:00,3.9
长江侧水位,2024/12/10,17:00:00,3.0
下游闸内水位,2024/12/10,17:06:56,3.0
下游闸外水位,2024/12/10,17:06:56,3.0
上游闸内水位,2024/12/10,17:10:01,2.9
上游闸外水位,2024/12/10,17:10:01,3.9
上游闸内水位,2024/12/10,17:13:21,3.7
上游闸外水位,2024/12/10,17:13:21,3.9
上游闸内水位,2024/12/10,17:36:02,3.8
上游闸外水位,2024/12/10,17:36:02,3.9
下游闸内水位,2024/12/10,17:38:31,3.8
下游闸外水位,2024/12/10,17:38:31,2.9
下游闸内水位,2024/12/10,17:42:32,3.0
下游闸外水位,2024/12/10,17:42:32,2.8
内河侧水位,2024/12/10,18:00:00,3.9
长江侧水位,2024/12/10,18:00:00,2.8
下游闸内水位,2024/12/10,18:10:58,2.8
下游闸外水位,2024/12/10,18:10:58,2.7
上游闸内水位,2024/12/10,18:17:21,2.8
上游闸外水位,2024/12/10,18:17:21,3.8
上游闸内水位,2024/12/10,18:21:09,3.2
上游闸外水位,2024/12/10,18:21:09,3.9
上游闸内水位,2024/12/10,18:23:19,3.7
上游闸外水位,2024/12/10,18:23:19,3.8
内河侧水位,2024/12/10,22:00:01,3.8
长江侧水位,2024/12/10,22:00:01,2.4
上游闸内水位,2024/12/10,22:33:11,3.7
上游闸外水位,2024/12/10,22:33:11,3.8
下游闸内水位,2024/12/10,22:37:47,3.8
下游闸外水位,2024/12/10,22:37:47,2.5
下游闸内水位,2024/12/10,22:42:10,2.7
下游闸外水位,2024/12/10,22:42:10,2.6
内河侧水位,2024/12/10,23:00:00,3.8
长江侧水位,2024/12/10,23:00:00,2.8
下游闸内水位,2024/12/10,23:35:37,3.2
下游闸外水位,2024/12/10,23:35:37,3.2
上游闸内水位,2024/12/10,23:40:16,3.2
上游闸外水位,2024/12/10,23:40:16,3.8
上游闸内水位,2024/12/10,23:40:32,3.2
上游闸外水位,2024/12/10,23:40:32,3.8
上游闸内水位,2024/12/10,23:40:50,3.2
上游闸外水位,2024/12/10,23:40:50,3.8
上游闸内水位,2024/12/10,23:44:04,3.7
上游闸外水位,2024/12/10,23:44:04,3.8
上游闸内水位,2024/12/10,23:45:47,3.8
上游闸外水位,2024/12/10,23:45:47,3.9
内河侧水位,2024/12/11,0:00:00,3.8
长江侧水位,2024/12/09,10:00:00,2.5
上游闸内水位,2024/12/09,10:01:18,3.8
上游闸外水位,2024/12/09,10:01:18,3.9
下游闸内水位,2024/12/09,10:04:00,3.8
下游闸外水位,2024/12/09,10:04:00,2.5
下游闸内水位,2024/12/09,10:08:34,2.7
下游闸外水位,2024/12/09,10:08:34,2.5
下游闸内水位,2024/12/09,10:20:26,2.7
下游闸外水位,2024/12/09,10:20:26,2.7
上游闸内水位,2024/12/09,10:23:06,2.7
上游闸外水位,2024/12/09,10:23:06,3.9
上游闸内水位,2024/12/09,10:26:33,3.7
上游闸外水位,2024/12/09,10:26:33,3.9
上游闸内水位,2024/12/09,10:39:52,3.8
上游闸外水位,2024/12/09,10:39:52,3.9
下游闸内水位,2024/12/09,10:42:24,3.8
下游闸外水位,2024/12/09,10:42:24,2.9
下游闸内水位,2024/12/09,10:47:03,3.0
下游闸外水位,2024/12/09,10:47:03,2.9
内河侧水位,2024/12/09,11:00:00,3.9
长江侧水位,2024/12/09,11:00:00,2.9
下游闸内水位,2024/12/09,11:11:34,3.0
下游闸外水位,2024/12/09,11:11:34,3.0
上游闸内水位,2024/12/09,11:14:18,3.1
上游闸外水位,2024/12/09,11:14:18,3.9
上游闸内水位,2024/12/09,11:17:01,3.7
上游闸外水位,2024/12/09,11:17:01,3.9
上游闸内水位,2024/12/09,11:50:09,3.8
上游闸外水位,2024/12/09,11:50:09,3.9
下游闸内水位,2024/12/09,11:52:56,3.9
下游闸外水位,2024/12/09,11:52:56,3.3
内河侧水位,2024/12/09,12:00:00,3.9
长江侧水位,2024/12/09,12:00:00,3.2
下游闸内水位,2024/12/09,12:32:25,3.3
下游闸外水位,2024/12/09,12:32:25,3.3
上游闸内水位,2024/12/09,12:35:01,3.2
上游闸外水位,2024/12/09,12:35:01,3.9
上游闸内水位,2024/12/09,12:37:27,3.7
上游闸外水位,2024/12/09,12:37:27,3.9
内河侧水位,2024/12/09,13:00:00,3.9
长江侧水位,2024/12/09,13:00:00,3.4
上游闸内水位,2024/12/09,13:23:15,3.8
上游闸外水位,2024/12/09,13:23:15,3.9
下游闸内水位,2024/12/09,13:25:48,3.9
下游闸外水位,2024/12/09,13:25:48,3.2
下游闸内水位,2024/12/09,13:29:32,3.3
下游闸外水位,2024/12/09,13:29:32,3.2
内河侧水位,2024/12/09,14:00:00,3.9
长江侧水位,2024/12/09,14:00:00,3.1
下游闸内水位,2024/12/09,14:09:57,3.2
下游闸外水位,2024/12/09,14:09:57,3.1
上游闸内水位,2024/12/09,14:16:15,3.1
上游闸外水位,2024/12/09,14:16:15,3.9
上游闸内水位,2024/12/09,14:19:18,3.8
上游闸外水位,2024/12/09,14:19:18,3.9
上游闸内水位,2024/12/09,14:51:02,3.8
上游闸外水位,2024/12/09,14:51:02,3.9
下游闸内水位,2024/12/09,14:53:37,3.9
下游闸外水位,2024/12/09,14:53:37,2.9
下游闸内水位,2024/12/09,14:57:38,3.0
下游闸外水位,2024/12/09,14:57:38,2.9
内河侧水位,2024/12/09,15:00:00,3.9
长江侧水位,2024/12/09,15:00:00,2.9
下游闸内水位,2024/12/09,15:34:21,2.8
下游闸外水位,2024/12/09,15:34:21,2.8
上游闸内水位,2024/12/09,15:37:08,2.7
上游闸外水位,2024/12/09,15:37:08,3.9
内河侧水位,2024/12/09,16:00:00,3.9
长江侧水位,2024/12/09,16:00:00,2.7
上游闸内水位,2024/12/09,16:06:13,3.8
上游闸外水位,2024/12/09,16:06:13,3.9
下游闸内水位,2024/12/09,16:08:49,3.9
下游闸外水位,2024/12/09,16:08:49,2.6
下游闸内水位,2024/12/09,16:13:16,2.8
下游闸外水位,2024/12/09,16:13:16,2.6
下游闸内水位,2024/12/09,16:36:23,2.6
下游闸外水位,2024/12/09,16:36:23,2.5
上游闸内水位,2024/12/09,16:39:03,2.5
上游闸外水位,2024/12/09,16:39:03,3.9
上游闸内水位,2024/12/09,16:43:11,3.8
上游闸外水位,2024/12/09,16:43:11,3.9
内河侧水位,2024/12/09,17:00:00,3.9
长江侧水位,2024/12/09,17:00:00,2.5
上游闸内水位,2024/12/09,17:14:38,3.8
上游闸外水位,2024/12/09,17:14:38,3.9
下游闸内水位,2024/12/09,17:17:33,3.9
下游闸外水位,2024/12/09,17:17:33,2.5
下游闸内水位,2024/12/09,17:22:18,2.6
下游闸外水位,2024/12/09,17:22:18,2.5
内河侧水位,2024/12/09,18:00:00,3.9
长江侧水位,2024/12/09,18:00:00,2.4
下游闸内水位,2024/12/09,18:09:27,2.4
下游闸外水位,2024/12/09,18:09:27,2.3
上游闸内水位,2024/12/09,18:12:11,2.4
上游闸外水位,2024/12/09,18:12:11,3.9
上游闸内水位,2024/12/09,18:55:59,3.8
上游闸外水位,2024/12/09,18:55:59,3.8
下游闸内水位,2024/12/09,18:58:37,3.8
下游闸外水位,2024/12/09,18:58:37,2.3
内河侧水位,2024/12/09,19:00:00,3.8
长江侧水位,2024/12/09,19:00:00,2.3
下游闸内水位,2024/12/09,19:04:00,2.4
下游闸外水位,2024/12/09,19:04:00,2.2
下游闸内水位,2024/12/09,19:47:14,2.2
下游闸外水位,2024/12/09,19:47:14,2.2
上游闸内水位,2024/12/09,19:53:02,2.1
上游闸外水位,2024/12/09,19:53:02,3.8
上游闸内水位,2024/12/09,19:57:25,3.7
上游闸外水位,2024/12/09,19:57:25,3.9
内河侧水位,2024/12/09,20:00:00,3.8
长江侧水位,2024/12/09,20:00:00,2.2
上游闸内水位,2024/12/09,20:34:32,3.8
上游闸外水位,2024/12/09,20:34:32,3.8
下游闸内水位,2024/12/09,20:37:12,3.8
下游闸外水位,2024/12/09,20:37:12,2.2
下游闸内水位,2024/12/09,20:42:27,2.4
下游闸外水位,2024/12/09,20:42:27,2.2
内河侧水位,2024/12/09,21:00:00,3.8
长江侧水位,2024/12/09,21:00:00,2.4
下游闸内水位,2024/12/09,21:24:18,2.5
下游闸外水位,2024/12/09,21:24:18,2.5
上游闸内水位,2024/12/09,21:26:56,2.5
上游闸外水位,2024/12/09,21:26:56,3.8
上游闸内水位,2024/12/09,21:30:47,3.7
上游闸外水位,2024/12/09,21:30:47,3.9
内河侧水位,2024/12/09,22:00:00,3.8
长江侧水位,2024/12/09,22:00:00,2.9
上游闸内水位,2024/12/09,22:06:04,3.8
上游闸外水位,2024/12/09,22:06:04,3.8
下游闸内水位,2024/12/09,22:09:01,3.8
下游闸外水位,2024/12/09,22:09:01,3.0
下游闸内水位,2024/12/09,22:12:21,3.2
下游闸外水位,2024/12/09,22:12:21,3.0
下游闸内水位,2024/12/09,22:55:51,3.4
下游闸外水位,2024/12/09,22:55:51,3.3
上游闸内水位,2024/12/09,22:58:40,3.4
上游闸外水位,2024/12/09,22:58:40,3.9
内河侧水位,2024/12/09,23:00:00,3.8
长江侧水位,2024/12/09,23:00:00,3.4
上游闸内水位,2024/12/09,23:01:08,3.7
上游闸外水位,2024/12/09,23:01:08,3.9
内河侧水位,2024/12/10,0:00:00,3.9
长江侧水位,2024/12/10,0:00:00,3.6
上游闸内水位,2024/12/10,0:03:39,3.8
上游闸外水位,2024/12/10,0:03:39,3.9
下游闸内水位,2024/12/10,0:06:12,3.8
下游闸外水位,2024/12/10,0:06:12,3.6
下游闸内水位,2024/12/10,0:07:45,3.7
下游闸外水位,2024/12/10,0:07:45,3.6
下游闸内水位,2024/12/10,0:50:20,3.7
下游闸外水位,2024/12/10,0:50:20,3.7
上游闸内水位,2024/12/10,0:53:04,3.7
上游闸外水位,2024/12/10,0:53:04,3.9
上游闸内水位,2024/12/10,0:54:56,3.8
上游闸外水位,2024/12/10,0:54:56,3.9
内河侧水位,2024/12/10,1:00:00,3.9
长江侧水位,2024/12/10,1:00:00,3.7
上游闸内水位,2024/12/10,1:39:30,3.8
上游闸外水位,2024/12/10,1:39:30,3.9
下游闸内水位,2024/12/10,1:42:03,3.8
下游闸外水位,2024/12/10,1:42:03,3.6
下游闸内水位,2024/12/10,1:43:37,3.7
下游闸外水位,2024/12/10,1:43:37,3.6
下游闸内水位,2024/12/10,1:58:09,3.6
下游闸外水位,2024/12/10,1:58:09,3.5
内河侧水位,2024/12/10,2:00:00,3.9
长江侧水位,2024/12/10,2:00:00,3.5
上游闸内水位,2024/12/10,2:01:03,3.5
上游闸外水位,2024/12/10,2:01:03,3.9
上游闸内水位,2024/12/10,2:02:52,3.7
上游闸外水位,2024/12/10,2:02:52,3.8
上游闸内水位,2024/12/10,2:44:09,3.8
上游闸外水位,2024/12/10,2:44:09,3.9
下游闸内水位,2024/12/10,2:46:50,3.8
下游闸外水位,2024/12/10,2:46:50,3.3
下游闸内水位,2024/12/10,2:48:13,3.7
下游闸外水位,2024/12/10,2:48:13,3.2
下游闸内水位,2024/12/10,2:50:50,3.3
下游闸外水位,2024/12/10,2:50:50,3.2
内河侧水位,2024/12/10,3:00:00,3.9
长江侧水位,2024/12/10,3:00:00,3.2
下游闸内水位,2024/12/10,3:46:31,3.0
下游闸外水位,2024/12/10,3:46:31,3.0
上游闸内水位,2024/12/10,3:49:09,2.9
上游闸外水位,2024/12/10,3:49:09,3.9
上游闸内水位,2024/12/10,3:52:29,3.3
上游闸外水位,2024/12/10,3:52:29,3.8
上游闸内水位,2024/12/10,3:54:46,3.8
上游闸外水位,2024/12/10,3:54:46,3.8
内河侧水位,2024/12/10,4:00:00,3.8
长江侧水位,2024/12/10,4:00:00,2.9
上游闸内水位,2024/12/10,4:37:09,3.8
上游闸外水位,2024/12/10,4:37:09,3.9
下游闸内水位,2024/12/10,4:40:05,3.8
下游闸外水位,2024/12/10,4:40:05,2.8
下游闸内水位,2024/12/10,4:44:11,2.9
下游闸外水位,2024/12/10,4:44:11,2.7
下游闸内水位,2024/12/10,4:54:03,2.8
下游闸外水位,2024/12/10,4:54:03,2.7
上游闸内水位,2024/12/10,4:56:42,2.7
上游闸外水位,2024/12/10,4:56:42,3.8
上游闸内水位,2024/12/10,4:59:50,3.6
上游闸外水位,2024/12/10,4:59:50,3.8
内河侧水位,2024/12/10,5:00:00,3.8
长江侧水位,2024/12/10,5:00:00,2.7
上游闸内水位,2024/12/10,5:47:18,3.8
上游闸外水位,2024/12/10,5:47:18,3.8
下游闸内水位,2024/12/10,5:50:24,3.8
下游闸外水位,2024/12/10,5:50:24,2.6
下游闸内水位,2024/12/10,5:55:09,2.7
下游闸外水位,2024/12/10,5:55:09,2.6
内河侧水位,2024/12/10,6:00:00,3.8
长江侧水位,2024/12/10,6:00:00,2.5
下游闸内水位,2024/12/10,6:09:34,2.7
下游闸外水位,2024/12/10,6:09:34,2.6
上游闸内水位,2024/12/10,6:12:13,2.5
上游闸外水位,2024/12/10,6:12:13,3.9
上游闸内水位,2024/12/10,6:15:27,3.6
上游闸外水位,2024/12/10,6:15:27,3.8
上游闸内水位,2024/12/10,6:38:03,3.8
上游闸外水位,2024/12/10,6:38:03,3.9
下游闸内水位,2024/12/10,6:40:39,3.8
下游闸外水位,2024/12/10,6:40:39,2.4
下游闸内水位,2024/12/10,6:46:06,2.5
下游闸外水位,2024/12/10,6:46:06,2.4
下游闸内水位,2024/12/10,6:56:23,2.4
下游闸外水位,2024/12/10,6:56:23,2.4
上游闸内水位,2024/12/10,6:59:01,2.4
上游闸外水位,2024/12/10,6:59:01,3.9
内河侧水位,2024/12/10,7:00:00,3.7
长江侧水位,2024/12/10,7:00:00,2.5
上游闸内水位,2024/12/10,7:03:30,3.8
上游闸外水位,2024/12/10,7:03:30,3.9
上游闸内水位,2024/12/10,7:14:22,3.8
上游闸外水位,2024/12/10,7:14:22,3.9
下游闸内水位,2024/12/10,7:17:02,3.8
下游闸外水位,2024/12/10,7:17:02,2.4
下游闸内水位,2024/12/10,7:21:38,2.6
下游闸外水位,2024/12/10,7:21:38,2.4
下游闸内水位,2024/12/10,7:29:56,2.4
下游闸外水位,2024/12/10,7:29:56,2.3
上游闸内水位,2024/12/10,7:32:47,2.4
上游闸外水位,2024/12/10,7:32:47,3.8
上游闸内水位,2024/12/10,7:37:12,3.8
上游闸外水位,2024/12/10,7:37:12,3.9
内河侧水位,2024/12/10,8:00:00,3.8
长江侧水位,2024/12/10,8:00:00,2.3
上游闸内水位,2024/12/10,8:07:17,3.8
上游闸外水位,2024/12/10,8:07:17,3.8
下游闸内水位,2024/12/10,8:09:53,3.8
下游闸外水位,2024/12/10,8:09:53,2.2
下游闸内水位,2024/12/10,8:13:09,3.1
下游闸外水位,2024/12/10,8:13:09,2.3
下游闸内水位,2024/12/10,8:16:22,2.4
下游闸外水位,2024/12/10,8:16:22,2.3
下游闸内水位,2024/12/10,8:27:21,2.2
下游闸外水位,2024/12/10,8:27:21,2.2
上游闸内水位,2024/12/10,8:30:02,2.2
上游闸外水位,2024/12/10,8:30:02,3.8
上游闸内水位,2024/12/10,8:35:56,3.9
上游闸外水位,2024/12/10,8:35:56,3.9
内河侧水位,2024/12/10,9:00:00,3.8
长江侧水位,2024/12/10,9:00:00,2.2
上游闸内水位,2024/12/10,9:00:54,3.7
上游闸外水位,2024/12/10,9:00:54,3.8
下游闸内水位,2024/12/10,9:03:32,3.8
下游闸外水位,2024/12/10,9:03:32,2.1
下游闸内水位,2024/12/10,9:09:14,2.3
下游闸外水位,2024/12/10,9:09:14,2.1
下游闸内水位,2024/12/10,9:22:53,2.1
下游闸外水位,2024/12/10,9:22:53,2.1
上游闸内水位,2024/12/10,9:25:30,2.2
上游闸外水位,2024/12/10,9:25:30,3.8
上游闸内水位,2024/12/10,9:30:02,3.8
上游闸外水位,2024/12/10,9:30:02,3.9
上游闸内水位,2024/12/10,9:44:31,3.7
上游闸外水位,2024/12/10,9:44:31,3.8
下游闸内水位,2024/12/10,9:47:09,3.8
下游闸外水位,2024/12/10,9:47:09,2.1
内河侧水位,2024/12/10,12:00:00,3.9
长江侧水位,2024/12/10,12:00:00,3.2
上游闸内水位,2024/12/10,12:05:27,3.2
上游闸外水位,2024/12/10,12:05:27,3.9
上游闸内水位,2024/12/10,12:08:04,3.7
上游闸外水位,2024/12/10,12:08:04,3.8
上游闸内水位,2024/12/10,12:33:23,3.8
上游闸外水位,2024/12/10,12:33:23,3.9
下游闸内水位,2024/12/10,12:36:17,3.8
下游闸外水位,2024/12/10,12:36:17,3.4
下游闸内水位,2024/12/10,12:38:46,3.5
下游闸外水位,2024/12/10,12:38:46,3.3
内河侧水位,2024/12/10,13:00:00,3.9
长江侧水位,2024/12/10,13:00:00,3.4
下游闸内水位,2024/12/10,13:18:06,3.6
下游闸外水位,2024/12/10,13:18:06,3.6
上游闸内水位,2024/12/10,13:20:51,3.5
上游闸外水位,2024/12/10,13:20:51,3.9
上游闸内水位,2024/12/10,13:22:39,3.7
上游闸外水位,2024/12/10,13:22:39,3.8
上游闸内水位,2024/12/10,13:49:44,3.8
上游闸外水位,2024/12/10,13:49:44,3.9
下游闸内水位,2024/12/10,13:52:31,3.8
下游闸外水位,2024/12/10,13:52:31,3.6
下游闸内水位,2024/12/10,13:54:02,3.7
下游闸外水位,2024/12/10,13:54:02,3.6
内河侧水位,2024/12/10,14:00:00,3.9
长江侧水位,2024/12/10,14:00:00,3.6
下游闸内水位,2024/12/10,14:23:54,3.6
下游闸外水位,2024/12/10,14:23:54,3.6
上游闸内水位,2024/12/10,14:27:01,3.6
上游闸外水位,2024/12/10,14:27:01,3.9
上游闸内水位,2024/12/10,14:28:46,3.7
上游闸外水位,2024/12/10,14:28:46,3.8
内河侧水位,2024/12/10,15:00:00,3.9
长江侧水位,2024/12/10,15:00:00,3.5
上游闸内水位,2024/12/10,15:01:30,3.8
上游闸外水位,2024/12/10,15:01:30,3.9
下游闸内水位,2024/12/10,15:04:05,3.8
下游闸外水位,2024/12/10,15:04:05,3.5
下游闸内水位,2024/12/10,15:05:56,3.7
下游闸外水位,2024/12/10,15:05:56,3.5
下游闸内水位,2024/12/10,15:42:45,3.3
下游闸外水位,2024/12/10,15:42:45,3.3
上游闸内水位,2024/12/10,15:45:27,3.3
上游闸外水位,2024/12/10,15:45:27,3.9
上游闸内水位,2024/12/10,15:49:40,3.9
上游闸外水位,2024/12/10,15:49:40,3.9
内河侧水位,2024/12/10,16:00:00,3.9
长江侧水位,2024/12/10,16:00:00,3.2
内河侧水位,2024/12/10,19:00:00,3.8
长江侧水位,2024/12/10,19:00:00,2.6
上游闸内水位,2024/12/10,19:09:14,3.7
上游闸外水位,2024/12/10,19:09:14,3.8
下游闸内水位,2024/12/10,19:12:04,3.8
下游闸外水位,2024/12/10,19:12:04,2.6
下游闸内水位,2024/12/10,19:16:28,2.8
下游闸外水位,2024/12/10,19:16:28,2.6
内河侧水位,2024/12/10,20:00:00,3.8
长江侧水位,2024/12/10,20:00:00,2.5
下游闸内水位,2024/12/10,20:01:04,2.5
下游闸外水位,2024/12/10,20:01:04,2.5
上游闸内水位,2024/12/10,20:04:25,2.5
上游闸外水位,2024/12/10,20:04:25,3.8
上游闸内水位,2024/12/10,20:08:08,3.6
上游闸外水位,2024/12/10,20:08:08,3.8
上游闸内水位,2024/12/10,20:51:02,3.7
上游闸外水位,2024/12/10,20:51:02,3.8
下游闸内水位,2024/12/10,20:54:01,3.8
下游闸外水位,2024/12/11,7:09:59,2.7
下游闸内水位,2024/12/11,7:14:37,2.7
下游闸外水位,2024/12/11,7:14:37,2.6
下游闸内水位,2024/12/11,7:49:30,2.6
下游闸外水位,2024/12/11,7:49:30,2.6
上游闸内水位,2024/12/11,7:52:15,2.5
上游闸外水位,2024/12/11,7:52:15,3.9
上游闸内水位,2024/12/11,7:56:03,3.7
上游闸外水位,2024/12/11,7:56:03,3.9
内河侧水位,2024/12/11,8:00:00,3.8
长江侧水位,2024/12/11,8:00:00,2.5
上游闸内水位,2024/12/11,8:23:33,3.7
上游闸外水位,2024/12/11,8:23:33,3.8
下游闸内水位,2024/12/11,8:26:12,3.8
下游闸外水位,2024/12/11,8:26:12,2.5
下游闸内水位,2024/12/11,8:31:22,2.6
下游闸外水位,2024/12/11,8:31:22,2.4
下游闸内水位,2024/12/11,8:55:13,2.4
下游闸外水位,2024/12/11,8:55:13,2.4
上游闸内水位,2024/12/11,8:57:50,2.4
上游闸外水位,2024/12/11,8:57:50,3.9
内河侧水位,2024/12/11,9:00:00,3.7
长江侧水位,2024/12/11,9:00:00,2.4
内河侧水位,2024/12/11,10:00:00,3.8
长江侧水位,2024/12/11,10:00:00,2.3
下游闸内水位,2024/12/11,10:05:31,2.3
下游闸外水位,2024/12/11,10:05:31,2.2
上游闸内水位,2024/12/11,10:08:09,2.2
上游闸外水位,2024/12/11,10:08:09,3.8
上游闸内水位,2024/12/11,10:47:11,3.8
上游闸外水位,2024/12/11,10:47:11,3.9
下游闸内水位,2024/12/11,10:58:46,2.4
下游闸外水位,2024/12/11,10:58:46,2.2
内河侧水位,2024/12/11,11:00:01,3.8
长江侧水位,2024/12/11,11:00:01,2.2
下游闸内水位,2024/12/11,11:34:14,2.4
下游闸外水位,2024/12/11,11:34:14,2.4
上游闸内水位,2024/12/11,11:36:50,2.4
上游闸外水位,2024/12/11,11:36:50,3.8
上游闸内水位,2024/12/11,11:40:54,3.7
上游闸外水位,2024/12/11,11:40:54,3.9
内河侧水位,2024/12/11,12:00:00,3.9
长江侧水位,2024/12/11,12:00:00,2.7
上游闸内水位,2024/12/11,12:19:16,3.8
上游闸外水位,2024/12/11,12:19:16,3.8
下游闸内水位,2024/12/11,12:21:51,3.8
下游闸外水位,2024/12/11,12:21:51,2.9
下游闸内水位,2024/12/11,12:25:38,3.1
下游闸外水位,2024/12/11,12:25:38,2.9
内河侧水位,2024/12/11,13:00:00,3.9
长江侧水位,2024/12/11,13:00:00,3.3
下游闸内水位,2024/12/11,13:10:23,3.3
下游闸外水位,2024/12/11,13:10:23,3.3
上游闸内水位,2024/12/11,13:13:56,3.3
上游闸外水位,2024/12/11,13:13:56,3.9
上游闸内水位,2024/12/11,13:16:42,3.8
上游闸外水位,2024/12/11,13:16:42,3.9
内河侧水位,2024/12/11,14:00:00,3.9
长江侧水位,2024/12/11,14:00:00,3.5
下游闸内水位,2024/12/11,14:01:04,3.8
下游闸外水位,2024/12/11,14:01:04,3.5
下游闸内水位,2024/12/11,14:02:41,3.7
下游闸外水位,2024/12/11,14:02:41,3.5
下游闸内水位,2024/12/11,14:19:15,3.7
下游闸外水位,2024/12/11,14:19:15,3.6
下游闸内水位,2024/12/11,14:23:12,4.0
下游闸外水位,2024/12/11,14:23:12,3.7
下游闸内水位,2024/12/11,14:26:07,3.8
下游闸外水位,2024/12/11,14:26:07,3.8
内河侧水位,2024/12/11,15:00:00,3.8
长江侧水位,2024/12/11,15:00:00,3.6
内河侧水位,2024/12/11,16:00:00,3.7
长江侧水位,2024/12/11,16:00:00,3.7
下游闸内水位,2024/12/11,16:29:06,3.5
下游闸外水位,2024/12/11,16:29:06,3.5
上游闸内水位,2024/12/11,16:43:51,3.7
上游闸外水位,2024/12/11,16:43:51,3.8
下游闸内水位,2024/12/11,16:46:24,3.7
下游闸外水位,2024/12/11,16:46:24,3.5
下游闸内水位,2024/12/11,16:49:47,3.5
下游闸外水位,2024/12/11,16:49:47,3.4
内河侧水位,2024/12/11,17:00:00,3.8
长江侧水位,2024/12/11,17:00:00,3.4
下游闸内水位,2024/12/11,17:17:23,3.3
下游闸外水位,2024/12/11,17:17:23,3.3
上游闸内水位,2024/12/11,17:20:07,3.3
上游闸外水位,2024/12/11,17:20:07,3.8
上游闸内水位,2024/12/11,9:02:03,3.7
上游闸外水位,2024/12/11,9:02:03,3.9
下游闸内水位,2024/12/11,10:53:22,3.8
下游闸外水位,2024/12/11,10:53:22,2.2
上游闸内水位,2024/12/11,13:58:26,3.8
上游闸外水位,2024/12/11,13:58:26,3.9
上游闸内水位,2024/12/11,14:18:28,3.5
上游闸外水位,2024/12/11,14:18:28,3.9
内河侧水位,2024/12/11,18:00:00,3.8
长江侧水位,2024/12/11,18:00:00,3.0
上游闸内水位,2024/12/11,18:03:07,3.7
上游闸外水位,2024/12/11,18:03:07,3.8
下游闸内水位,2024/12/11,18:05:41,3.8
下游闸外水位,2024/12/11,18:05:41,3.0
下游闸内水位,2024/12/11,18:09:04,3.2
下游闸外水位,2024/12/11,18:09:04,3.0
下游闸内水位,2024/12/11,18:24:57,3.0
下游闸外水位,2024/12/11,18:24:57,2.9
上游闸内水位,2024/12/11,18:27:56,3.0
上游闸外水位,2024/12/11,18:27:56,3.8
上游闸内水位,2024/12/11,18:31:02,3.7
上游闸外水位,2024/12/11,18:31:02,3.8
上游闸内水位,2024/12/11,18:58:07,3.7
上游闸外水位,2024/12/11,18:58:07,3.8
内河侧水位,2024/12/11,19:00:00,3.8
长江侧水位,2024/12/11,19:00:00,2.8
下游闸内水位,2024/12/11,19:00:38,3.8
下游闸外水位,2024/12/11,19:00:38,2.8
下游闸内水位,2024/12/11,19:05:06,2.9
下游闸外水位,2024/12/11,19:05:06,2.8
下游闸内水位,2024/12/11,19:45:40,2.7
下游闸外水位,2024/12/11,19:45:40,2.7
上游闸内水位,2024/12/11,19:48:21,2.7
上游闸外水位,2024/12/11,19:48:21,3.8
上游闸内水位,2024/12/11,19:51:49,3.7
上游闸外水位,2024/12/11,19:51:49,3.8
内河侧水位,2024/12/11,20:00:00,3.8
长江侧水位,2024/12/11,20:00:00,2.7
上游闸内水位,2024/12/11,20:31:31,3.7
上游闸外水位,2024/12/11,20:31:31,3.8
下游闸内水位,2024/12/11,20:34:19,3.8
下游闸外水位,2024/12/11,20:34:19,2.6
下游闸内水位,2024/12/11,20:38:52,2.7
下游闸外水位,2024/12/11,20:38:52,2.6
内河侧水位,2024/12/11,21:00:00,3.8
长江侧水位,2024/12/11,21:00:00,2.5
下游闸内水位,2024/12/11,21:39:33,2.5
下游闸外水位,2024/12/11,21:39:33,2.4
上游闸内水位,2024/12/11,21:42:08,2.4
上游闸外水位,2024/12/11,21:42:08,3.8
上游闸内水位,2024/12/11,21:43:33,2.6
上游闸外水位,2024/12/11,21:43:33,3.8
下游闸内水位,2024/12/12,3:33:47,3.8
下游闸外水位,2024/12/12,3:33:47,3.6
下游闸内水位,2024/12/12,6:23:51,3.8
下游闸外水位,2024/12/12,6:23:51,2.9
下游闸内水位,2024/12/12,23:24:33,3.9
下游闸外水位,2024/12/12,23:24:33,2.4
内河侧水位,2024/12/13,1:00:00,3.9
长江侧水位,2024/12/13,1:00:00,2.4
上游闸内水位,2024/12/13,1:16:32,3.8
上游闸外水位,2024/12/13,1:16:32,3.9
下游闸内水位,2024/12/13,1:19:09,3.8
下游闸外水位,2024/12/13,1:19:09,2.5
下游闸内水位,2024/12/13,1:23:54,2.7
下游闸外水位,2024/12/13,1:23:54,2.6
内河侧水位,2024/12/13,2:00:00,3.9
长江侧水位,2024/12/13,2:00:00,3.1
下游闸内水位,2024/12/13,2:11:43,3.2
下游闸外水位,2024/12/13,2:11:43,3.2
上游闸内水位,2024/12/13,2:14:28,3.2
上游闸外水位,2024/12/13,2:14:28,3.9
内河侧水位,2024/12/13,4:00:00,3.9
长江侧水位,2024/12/13,4:00:00,3.8
下游闸内水位,2024/12/13,4:05:39,3.8
下游闸外水位,2024/12/13,4:05:39,3.8
上游闸内水位,2024/12/13,4:08:15,3.7
上游闸外水位,2024/12/13,4:08:15,3.9
上游闸内水位,2024/12/13,4:10:04,3.8
上游闸外水位,2024/12/13,4:10:04,3.9
上游闸内水位,2024/12/13,4:51:00,3.8
上游闸外水位,2024/12/13,4:51:00,3.9
下游闸内水位,2024/12/13,4:53:36,3.9
下游闸外水位,2024/12/13,4:53:36,3.7
下游闸内水位,2024/12/13,4:55:10,3.8
下游闸外水位,2024/12/13,4:55:10,3.7
内河侧水位,2024/12/13,5:00:00,3.9
上游闸内水位,2024/12/11,9:14:20,3.8
上游闸外水位,2024/12/11,9:14:20,3.8
上游闸内水位,2024/12/11,9:16:36,3.7
上游闸外水位,2024/12/11,9:16:36,3.8
上游闸内水位,2024/12/11,9:18:16,3.8
上游闸外水位,2024/12/11,9:18:16,3.8
上游闸内水位,2024/12/11,9:28:18,3.7
上游闸外水位,2024/12/11,9:28:18,3.8
下游闸内水位,2024/12/11,9:31:01,3.8
下游闸外水位,2024/12/11,9:31:01,2.3
下游闸内水位,2024/12/11,9:35:56,2.5
下游闸外水位,2024/12/11,9:35:56,2.3
上游闸内水位,2024/12/11,10:13:37,3.9
上游闸外水位,2024/12/11,10:13:37,3.9
上游闸内水位,2024/12/11,21:46:39,3.7
上游闸外水位,2024/12/11,21:46:39,3.9
上游闸内水位,2024/12/11,22:28:24,3.7
上游闸外水位,2024/12/11,22:28:24,3.8
下游闸内水位,2024/12/11,22:30:56,3.8
下游闸外水位,2024/12/11,22:30:56,2.4
下游闸内水位,2024/12/11,22:32:43,3.5
下游闸外水位,2024/12/11,22:32:43,2.3
下游闸内水位,2024/12/11,22:36:31,2.5
下游闸外水位,2024/12/11,22:36:31,2.3
内河侧水位,2024/12/11,23:00:00,3.8
长江侧水位,2024/12/11,23:00:00,2.3
下游闸内水位,2024/12/11,23:14:19,2.3
下游闸外水位,2024/12/11,23:14:19,2.3
上游闸内水位,2024/12/11,23:16:57,2.3
上游闸外水位,2024/12/11,23:16:57,3.8
上游闸内水位,2024/12/11,23:21:08,3.7
上游闸外水位,2024/12/11,23:21:08,3.9
内河侧水位,2024/12/12,0:00:00,3.8
长江侧水位,2024/12/12,0:00:00,2.4
上游闸内水位,2024/12/12,0:07:23,3.7
上游闸外水位,2024/12/12,0:07:23,3.8
下游闸内水位,2024/12/12,0:10:51,3.8
下游闸外水位,2024/12/12,0:10:51,2.5
下游闸内水位,2024/12/12,0:15:25,2.6
下游闸外水位,2024/12/12,0:15:25,2.5
内河侧水位,2024/12/12,1:00:00,3.8
长江侧水位,2024/12/12,1:00:00,3.0
下游闸内水位,2024/12/12,1:11:02,3.1
下游闸外水位,2024/12/12,1:11:02,3.1
上游闸内水位,2024/12/12,1:13:39,3.1
上游闸外水位,2024/12/12,1:13:39,3.8
上游闸内水位,2024/12/12,1:16:48,3.7
上游闸外水位,2024/12/12,1:16:48,3.8
内河侧水位,2024/12/12,2:00:00,3.8
长江侧水位,2024/12/12,2:00:00,3.4
上游闸内水位,2024/12/12,2:01:03,3.8
上游闸外水位,2024/12/12,2:01:03,3.8
下游闸内水位,2024/12/12,2:03:42,3.8
下游闸外水位,2024/12/12,2:03:42,3.4
下游闸内水位,2024/12/12,2:05:38,3.6
下游闸外水位,2024/12/12,2:05:38,3.4
下游闸内水位,2024/12/12,2:49:14,3.6
下游闸外水位,2024/12/12,2:49:14,3.6
上游闸内水位,2024/12/12,2:51:52,3.6
上游闸外水位,2024/12/12,2:51:52,3.8
上游闸内水位,2024/12/12,2:54:02,3.8
上游闸外水位,2024/12/12,2:54:02,3.8
内河侧水位,2024/12/12,3:00:00,3.8
长江侧水位,2024/12/12,3:00:00,3.7
上游闸内水位,2024/12/12,3:31:11,3.8
上游闸外水位,2024/12/12,3:31:11,3.8
下游闸内水位,2024/12/12,3:35:25,3.7
下游闸外水位,2024/12/12,3:35:25,3.6
内河侧水位,2024/12/12,4:00:00,3.8
长江侧水位,2024/12/12,4:00:00,3.6
下游闸内水位,2024/12/12,4:11:40,3.6
下游闸外水位,2024/12/12,4:11:40,3.5
上游闸内水位,2024/12/12,4:14:40,3.5
上游闸外水位,2024/12/12,4:14:40,3.9
上游闸内水位,2024/12/12,4:16:38,3.7
上游闸外水位,2024/12/12,4:16:38,3.8
上游闸内水位,2024/12/12,4:50:30,3.8
上游闸外水位,2024/12/12,4:50:30,3.9
下游闸内水位,2024/12/12,4:53:03,3.8
下游闸外水位,2024/12/12,4:53:03,3.3
下游闸内水位,2024/12/12,4:55:55,3.4
下游闸外水位,2024/12/12,4:55:55,3.3
内河侧水位,2024/12/12,5:00:00,3.9
长江侧水位,2024/12/12,5:00:00,3.3
下游闸内水位,2024/12/12,5:38:44,3.1
下游闸外水位,2024/12/12,5:38:44,3.0
上游闸内水位,2024/12/12,5:41:27,3.0
上游闸内水位,2024/12/11,17:22:34,3.7
上游闸外水位,2024/12/11,17:22:34,3.8
内河侧水位,2024/12/11,22:00:00,3.8
长江侧水位,2024/12/11,22:00:00,2.4
上游闸外水位,2024/12/12,5:41:27,3.9
上游闸内水位,2024/12/12,5:44:32,3.7
上游闸外水位,2024/12/12,5:44:32,3.9
内河侧水位,2024/12/12,6:00:00,3.8
长江侧水位,2024/12/12,6:00:00,3.0
上游闸内水位,2024/12/12,6:21:17,3.8
上游闸外水位,2024/12/12,6:21:17,3.9
下游闸内水位,2024/12/12,6:28:16,3.0
下游闸外水位,2024/12/12,6:28:16,2.9
下游闸内水位,2024/12/12,6:40:38,2.9
下游闸外水位,2024/12/12,6:40:38,2.9
上游闸内水位,2024/12/12,6:44:53,2.9
上游闸外水位,2024/12/12,6:44:53,3.9
上游闸内水位,2024/12/12,6:48:08,3.7
上游闸外水位,2024/12/12,6:48:08,3.9
内河侧水位,2024/12/12,7:00:00,3.9
长江侧水位,2024/12/12,7:00:00,2.7
上游闸内水位,2024/12/12,7:05:17,3.8
上游闸外水位,2024/12/12,7:05:17,3.9
下游闸内水位,2024/12/12,7:07:53,3.8
下游闸外水位,2024/12/12,7:07:53,2.7
下游闸内水位,2024/12/12,7:12:06,2.9
下游闸外水位,2024/12/12,7:12:06,2.7
下游闸内水位,2024/12/12,7:33:15,2.7
下游闸外水位,2024/12/12,7:33:15,2.7
上游闸内水位,2024/12/12,7:35:53,2.7
上游闸外水位,2024/12/12,7:35:53,3.8
上游闸内水位,2024/12/12,7:39:30,3.7
上游闸外水位,2024/12/12,7:39:30,3.9
内河侧水位,2024/12/12,8:00:00,3.9
长江侧水位,2024/12/12,8:00:00,2.6
上游闸内水位,2024/12/12,8:12:29,3.8
上游闸外水位,2024/12/12,8:12:29,3.8
下游闸内水位,2024/12/12,8:15:05,3.9
下游闸外水位,2024/12/12,8:15:05,2.6
下游闸内水位,2024/12/12,8:20:19,2.6
下游闸外水位,2024/12/12,8:20:19,2.5
下游闸内水位,2024/12/12,8:37:16,2.6
下游闸外水位,2024/12/12,8:37:16,2.5
上游闸内水位,2024/12/12,8:41:01,2.6
上游闸外水位,2024/12/12,8:41:01,3.8
上游闸内水位,2024/12/12,8:44:47,3.7
上游闸外水位,2024/12/12,8:44:47,3.9
上游闸内水位,2024/12/12,8:55:32,3.8
上游闸外水位,2024/12/12,8:55:32,3.8
下游闸内水位,2024/12/12,8:58:28,3.8
下游闸外水位,2024/12/12,8:58:28,2.5
内河侧水位,2024/12/12,9:00:00,3.8
长江侧水位,2024/12/12,9:00:00,2.4
下游闸内水位,2024/12/12,9:03:41,2.5
下游闸外水位,2024/12/12,9:03:41,2.4
下游闸内水位,2024/12/12,9:11:07,2.5
下游闸外水位,2024/12/12,9:11:07,2.5
上游闸内水位,2024/12/12,9:14:46,2.4
上游闸外水位,2024/12/12,9:14:46,3.8
上游闸内水位,2024/12/12,9:18:40,3.7
上游闸外水位,2024/12/12,9:18:40,3.9
上游闸内水位,2024/12/12,9:36:22,3.7
上游闸外水位,2024/12/12,9:36:22,3.8
下游闸内水位,2024/12/12,9:40:16,3.8
下游闸外水位,2024/12/12,9:40:16,2.4
下游闸内水位,2024/12/12,9:45:12,2.5
下游闸外水位,2024/12/12,9:45:12,2.3
下游闸内水位,2024/12/12,9:56:26,2.4
下游闸外水位,2024/12/12,9:56:26,2.3
上游闸内水位,2024/12/12,9:59:12,2.3
上游闸外水位,2024/12/12,9:59:12,3.8
内河侧水位,2024/12/12,10:00:00,3.7
长江侧水位,2024/12/12,10:00:00,2.3
上游闸内水位,2024/12/12,10:03:32,3.7
上游闸外水位,2024/12/12,10:03:32,3.9
上游闸内水位,2024/12/12,10:23:28,3.7
上游闸外水位,2024/12/12,10:23:28,3.8
上游闸内水位,2024/12/12,10:23:59,3.7
上游闸外水位,2024/12/12,10:23:59,3.8
下游闸内水位,2024/12/12,10:28:23,3.8
下游闸外水位,2024/12/12,10:28:23,2.2
下游闸内水位,2024/12/12,10:33:19,2.4
下游闸外水位,2024/12/12,10:33:19,2.3
内河侧水位,2024/12/12,11:00:00,3.8
长江侧水位,2024/12/12,11:00:00,2.2
下游闸内水位,2024/12/12,11:12:55,2.3
下游闸外水位,2024/12/12,11:12:55,2.3
上游闸内水位,2024/12/12,11:15:59,2.2
上游闸外水位,2024/12/12,11:15:59,3.8
上游闸内水位,2024/12/12,11:20:18,3.7
上游闸外水位,2024/12/12,11:20:18,3.9
内河侧水位,2024/12/12,12:00:00,3.8
长江侧水位,2024/12/12,12:00:00,2.1
上游闸内水位,2024/12/12,12:00:05,3.7
上游闸外水位,2024/12/12,12:00:05,3.8
下游闸内水位,2024/12/12,12:02:42,3.8
下游闸外水位,2024/12/12,12:02:42,2.2
下游闸内水位,2024/12/12,12:07:47,2.4
下游闸外水位,2024/12/12,12:07:47,2.2
下游闸内水位,2024/12/12,12:48:35,2.7
下游闸外水位,2024/12/12,12:48:35,2.6
上游闸内水位,2024/12/12,12:51:19,2.6
上游闸外水位,2024/12/12,12:51:19,3.8
上游闸内水位,2024/12/12,12:55:07,3.7
上游闸外水位,2024/12/12,12:55:07,3.9
内河侧水位,2024/12/12,13:00:00,3.7
长江侧水位,2024/12/12,13:00:00,2.8
上游闸内水位,2024/12/12,13:27:46,3.8
上游闸外水位,2024/12/12,13:27:46,3.8
下游闸内水位,2024/12/12,13:30:22,3.8
下游闸外水位,2024/12/12,13:30:22,3.2
下游闸内水位,2024/12/12,13:33:15,3.4
下游闸外水位,2024/12/12,13:33:15,3.2
内河侧水位,2024/12/12,14:00:00,3.9
长江侧水位,2024/12/12,14:00:00,3.4
下游闸内水位,2024/12/12,14:09:13,3.6
下游闸外水位,2024/12/12,14:09:13,3.6
上游闸内水位,2024/12/12,14:11:56,3.5
上游闸外水位,2024/12/12,14:11:56,3.9
上游闸内水位,2024/12/12,14:13:43,3.7
上游闸外水位,2024/12/12,14:13:43,3.8
下游闸内水位,2024/12/12,14:38:13,3.8
下游闸外水位,2024/12/12,14:38:13,3.7
内河侧水位,2024/12/12,15:00:00,3.8
长江侧水位,2024/12/12,15:00:00,3.8
内河侧水位,2024/12/12,16:00:00,4.0
长江侧水位,2024/12/12,16:00:00,3.9
内河侧水位,2024/12/12,17:00:00,3.9
长江侧水位,2024/12/12,17:00:00,3.9
内河侧水位,2024/12/12,22:00:00,3.9
长江侧水位,2024/12/12,22:00:00,2.7
下游闸内水位,2024/12/12,22:30:15,2.6
下游闸外水位,2024/12/12,22:30:15,2.6
上游闸内水位,2024/12/12,22:32:53,2.6
上游闸外水位,2024/12/12,22:32:53,3.9
上游闸内水位,2024/12/12,22:37:06,3.8
上游闸外水位,2024/12/12,22:37:06,4.0
内河侧水位,2024/12/12,23:00:00,3.9
长江侧水位,2024/12/12,23:00:00,2.5
上游闸内水位,2024/12/12,23:21:58,3.8
上游闸外水位,2024/12/12,23:21:58,3.9
下游闸内水位,2024/12/12,23:29:30,2.6
下游闸外水位,2024/12/12,23:29:30,2.4
内河侧水位,2024/12/13,0:00:00,3.9
长江侧水位,2024/12/13,0:00:00,2.4
下游闸内水位,2024/12/13,0:19:12,2.4
下游闸外水位,2024/12/13,0:19:12,2.4
上游闸内水位,2024/12/13,0:22:10,2.4
上游闸外水位,2024/12/13,0:22:10,3.9
上游闸内水位,2024/12/13,0:26:33,3.8
上游闸外水位,2024/12/13,0:26:33,3.9
上游闸内水位,2024/12/13,2:19:55,3.8
上游闸外水位,2024/12/13,2:19:55,3.9
内河侧水位,2024/12/13,3:00:00,3.9
长江侧水位,2024/12/13,3:00:00,3.5
上游闸内水位,2024/12/13,3:04:47,3.8
上游闸外水位,2024/12/13,3:04:47,3.9
下游闸内水位,2024/12/13,3:07:59,3.9
下游闸外水位,2024/12/13,3:07:59,3.5
下游闸内水位,2024/12/13,3:12:09,3.6
下游闸外水位,2024/12/13,3:12:09,3.5
长江侧水位,2024/12/13,5:00:00,3.7
下游闸内水位,2024/12/13,5:45:27,3.5
下游闸外水位,2024/12/13,5:45:27,3.4
上游闸内水位,2024/12/13,5:48:07,3.4
上游闸外水位,2024/12/13,5:48:07,3.9
上游闸内水位,2024/12/13,5:50:04,3.7
上游闸外水位,2024/12/13,5:50:04,3.8
内河侧水位,2024/12/13,6:00:00,3.9
长江侧水位,2024/12/13,6:00:00,3.4
上游闸内水位,2024/12/13,6:30:54,3.8
上游闸外水位,2024/12/13,6:30:54,3.9
下游闸内水位,2024/12/13,6:33:45,3.9
下游闸外水位,2024/12/13,6:33:45,3.2
上游闸内水位,2024/12/12,17:17:36,3.8
上游闸外水位,2024/12/12,17:17:36,3.9
下游闸内水位,2024/12/12,17:50:31,3.7
下游闸外水位,2024/12/12,17:50:31,3.6
上游闸内水位,2024/12/12,17:53:07,3.6
上游闸外水位,2024/12/12,17:53:07,3.9
上游闸内水位,2024/12/12,17:54:57,3.8
上游闸外水位,2024/12/12,17:54:57,3.9
内河侧水位,2024/12/12,18:00:00,3.9
长江侧水位,2024/12/12,18:00:00,3.6
上游闸内水位,2024/12/12,18:22:39,3.9
上游闸外水位,2024/12/12,18:22:39,4.0
下游闸内水位,2024/12/12,18:26:22,3.9
下游闸外水位,2024/12/12,18:26:22,3.4
下游闸内水位,2024/12/12,18:29:26,3.5
下游闸外水位,2024/12/12,18:29:26,3.3
下游闸内水位,2024/12/12,18:55:47,3.3
下游闸外水位,2024/12/12,18:55:47,3.3
上游闸内水位,2024/12/12,18:58:23,3.2
上游闸外水位,2024/12/12,18:58:23,4.0
内河侧水位,2024/12/12,19:00:00,3.9
长江侧水位,2024/12/12,19:00:00,3.2
上游闸内水位,2024/12/12,19:01:11,3.8
上游闸外水位,2024/12/12,19:01:11,4.0
上游闸内水位,2024/12/12,19:41:37,3.9
上游闸外水位,2024/12/12,19:41:37,3.9
下游闸内水位,2024/12/12,19:44:17,3.9
下游闸外水位,2024/12/12,19:44:17,3.0
下游闸内水位,2024/12/12,19:48:12,3.1
下游闸外水位,2024/12/12,19:48:12,3.0
内河侧水位,2024/12/12,20:00:00,4.0
长江侧水位,2024/12/12,20:00:00,2.9
下游闸内水位,2024/12/12,20:40:47,2.9
下游闸外水位,2024/12/12,20:40:47,2.8
上游闸内水位,2024/12/12,20:43:28,2.8
上游闸外水位,2024/12/12,20:43:28,3.9
上游闸内水位,2024/12/12,20:48:50,3.9
上游闸外水位,2024/12/12,20:48:50,4.0
内河侧水位,2024/12/12,21:00:00,4.0
长江侧水位,2024/12/12,21:00:00,2.8
上游闸内水位,2024/12/12,21:36:11,3.9
上游闸外水位,2024/12/12,21:36:11,3.9
下游闸内水位,2024/12/12,21:38:57,3.9
下游闸外水位,2024/12/12,21:38:57,2.7
下游闸内水位,2024/12/12,21:43:27,2.8
下游闸外水位,2024/12/12,21:43:27,2.7
下游闸内水位,2024/12/13,9:46:20,2.5
下游闸外水位,2024/12/13,9:46:20,2.4
下游闸内水位,2024/12/13,9:58:07,2.6
下游闸外水位,2024/12/13,9:58:07,2.5
内河侧水位,2024/12/13,10:00:00,3.8
长江侧水位,2024/12/13,10:00:00,2.5
上游闸内水位,2024/12/13,10:01:38,2.5
上游闸外水位,2024/12/13,10:01:38,3.8
上游闸内水位,2024/12/13,10:05:31,3.7
上游闸外水位,2024/12/13,10:05:31,3.9
上游闸内水位,2024/12/13,10:27:30,3.8
上游闸外水位,2024/12/13,10:27:30,3.8
下游闸内水位,2024/12/13,10:30:03,3.8
下游闸外水位,2024/12/13,10:30:03,2.4
下游闸内水位,2024/12/13,10:35:22,2.5
下游闸外水位,2024/12/13,10:35:22,2.4
内河侧水位,2024/12/13,11:00:00,3.8
长江侧水位,2024/12/13,11:00:00,2.2
下游闸内水位,2024/12/13,11:13:01,2.3
下游闸外水位,2024/12/13,11:13:01,2.2
上游闸内水位,2024/12/13,11:15:50,2.3
上游闸外水位,2024/12/13,11:15:50,3.8
上游闸内水位,2024/12/13,11:20:09,3.8
上游闸外水位,2024/12/13,11:20:09,3.9
上游闸内水位,2024/12/13,11:55:14,3.8
上游闸外水位,2024/12/13,11:55:14,3.8
下游闸内水位,2024/12/13,11:57:48,3.8
下游闸外水位,2024/12/13,11:57:48,2.1
内河侧水位,2024/12/13,12:00:00,3.8
长江侧水位,2024/12/13,12:00:00,2.2
下游闸内水位,2024/12/13,12:08:39,2.2
下游闸外水位,2024/12/13,12:08:39,2.1
下游闸内水位,2024/12/13,12:50:35,2.1
下游闸外水位,2024/12/13,12:50:35,2.1
上游闸内水位,2024/12/13,12:53:21,2.1
上游闸外水位,2024/12/13,12:53:21,3.8
上游闸内水位,2024/12/13,12:57:45,3.7
上游闸外水位,2024/12/13,12:57:45,3.9
内河侧水位,2024/12/13,13:00:00,3.8
长江侧水位,2024/12/13,13:00:00,2.1
上游闸内水位,2024/12/13,13:38:22,3.8
下游闸内水位,2024/12/13,6:37:07,3.3
下游闸外水位,2024/12/13,6:37:07,3.2
内河侧水位,2024/12/13,7:00:00,3.9
长江侧水位,2024/12/13,7:00:00,3.0
下游闸内水位,2024/12/13,7:18:14,3.0
下游闸外水位,2024/12/13,7:18:14,3.0
上游闸内水位,2024/12/13,7:20:50,2.9
上游闸外水位,2024/12/13,7:20:50,3.9
上游闸内水位,2024/12/13,7:24:12,3.8
上游闸外水位,2024/12/13,7:24:12,3.9
内河侧水位,2024/12/13,8:00:00,3.9
长江侧水位,2024/12/13,8:00:00,2.8
上游闸内水位,2024/12/13,8:00:18,3.8
上游闸外水位,2024/12/13,8:00:18,3.9
下游闸内水位,2024/12/13,8:02:56,3.8
下游闸外水位,2024/12/13,8:02:56,2.8
下游闸内水位,2024/12/13,8:06:57,3.0
下游闸外水位,2024/12/13,8:06:57,2.8
下游闸内水位,2024/12/13,8:31:22,2.7
下游闸外水位,2024/12/13,8:31:22,2.7
上游闸内水位,2024/12/13,8:34:21,2.7
上游闸外水位,2024/12/13,8:34:21,3.9
上游闸内水位,2024/12/13,8:37:57,3.7
上游闸外水位,2024/12/13,8:37:57,3.9
上游闸内水位,2024/12/13,8:55:18,3.7
上游闸外水位,2024/12/13,8:55:18,3.9
下游闸内水位,2024/12/13,8:57:54,3.8
下游闸外水位,2024/12/13,8:57:54,2.7
内河侧水位,2024/12/13,9:00:00,3.9
长江侧水位,2024/12/13,9:00:00,2.7
下游闸内水位,2024/12/13,9:02:15,2.8
下游闸外水位,2024/12/13,9:02:15,2.7
下游闸内水位,2024/12/13,9:08:40,2.6
下游闸外水位,2024/12/13,9:08:40,2.5
上游闸内水位,2024/12/13,9:11:20,2.6
上游闸外水位,2024/12/13,9:11:20,3.8
上游闸内水位,2024/12/13,9:14:54,3.7
上游闸外水位,2024/12/13,9:14:54,3.9
上游闸内水位,2024/12/13,9:38:11,3.8
上游闸外水位,2024/12/13,9:38:11,3.9
下游闸内水位,2024/12/13,9:40:50,3.8
下游闸外水位,2024/12/13,9:40:50,2.5
上游闸外水位,2024/12/13,13:38:22,3.8
下游闸内水位,2024/12/13,13:40:59,3.8
下游闸外水位,2024/12/13,13:40:59,2.4
下游闸内水位,2024/12/13,13:45:33,2.6
下游闸外水位,2024/12/13,13:45:33,2.5
内河侧水位,2024/12/13,14:00:00,3.8
长江侧水位,2024/12/13,14:00:00,2.8
下游闸内水位,2024/12/13,14:25:22,3.1
下游闸外水位,2024/12/13,14:25:22,3.0
上游闸内水位,2024/12/13,14:28:01,3.1
上游闸外水位,2024/12/13,14:28:01,3.8
上游闸内水位,2024/12/13,14:31:40,3.8
上游闸外水位,2024/12/13,14:31:40,3.9
内河侧水位,2024/12/13,15:00:00,3.8
长江侧水位,2024/12/13,15:00:00,3.4
上游闸内水位,2024/12/13,15:04:06,3.8
上游闸外水位,2024/12/13,15:04:06,3.8
下游闸内水位,2024/12/13,15:06:35,3.8
下游闸外水位,2024/12/13,15:06:35,3.5
下游闸内水位,2024/12/13,15:08:18,3.6
下游闸外水位,2024/12/13,15:08:18,3.5
上游闸内水位,2024/12/13,15:14:40,3.6
上游闸外水位,2024/12/13,15:14:40,3.8
上游闸内水位,2024/12/13,15:16:50,3.6
上游闸外水位,2024/12/13,15:16:50,3.8
内河侧水位,2024/12/13,16:00:00,3.7
长江侧水位,2024/12/13,16:00:00,3.8
上游闸内水位,2024/12/13,16:52:34,3.9
上游闸外水位,2024/12/13,16:52:34,3.9
内河侧水位,2024/12/13,17:00:00,3.9
长江侧水位,2024/12/13,17:00:00,3.9
下游闸内水位,2024/12/13,17:14:48,3.9
下游闸外水位,2024/12/13,17:14:48,3.9
上游闸内水位,2024/12/13,17:18:13,4.0
上游闸外水位,2024/12/13,17:18:13,3.9
上游闸内水位,2024/12/13,17:20:55,3.8
上游闸外水位,2024/12/13,17:20:55,3.9
上游闸内水位,2024/12/13,17:56:58,3.8
上游闸外水位,2024/12/13,17:56:58,3.9
下游闸内水位,2024/12/13,17:59:53,3.9
下游闸外水位,2024/12/13,17:59:53,3.7
内河侧水位,2024/12/13,18:00:00,3.9
长江侧水位,2024/12/13,18:00:00,3.8
下游闸内水位,2024/12/13,18:01:24,3.8
下游闸外水位,2024/12/13,18:01:24,3.7
下游闸内水位,2024/12/13,18:38:50,3.6
下游闸外水位,2024/12/13,18:38:50,3.5
上游闸内水位,2024/12/13,18:41:51,3.6
上游闸外水位,2024/12/13,18:41:51,3.9
上游闸内水位,2024/12/13,18:43:42,3.8
上游闸外水位,2024/12/13,18:43:42,3.9
内河侧水位,2024/12/13,19:00:00,3.9
长江侧水位,2024/12/13,19:00:00,3.4
上游闸内水位,2024/12/13,19:29:41,3.9
上游闸外水位,2024/12/13,19:29:41,3.9
下游闸内水位,2024/12/13,19:32:25,3.9
下游闸外水位,2024/12/13,19:32:25,3.2
下游闸内水位,2024/12/13,19:35:42,3.3
下游闸外水位,2024/12/13,19:35:42,3.2
内河侧水位,2024/12/13,20:00:00,3.9
长江侧水位,2024/12/13,20:00:00,3.1
下游闸内水位,2024/12/13,20:21:11,3.0
下游闸外水位,2024/12/13,20:21:11,3.0
上游闸内水位,2024/12/13,20:24:17,3.0
上游闸外水位,2024/12/13,20:24:17,3.9
上游闸内水位,2024/12/13,20:27:52,3.9
上游闸外水位,2024/12/13,20:27:52,3.9
内河侧水位,2024/12/13,21:00:00,3.9
长江侧水位,2024/12/13,21:00:00,2.9
上游闸内水位,2024/12/13,21:21:29,3.8
上游闸外水位,2024/12/13,21:21:29,3.9
下游闸内水位,2024/12/13,21:25:08,3.8
下游闸外水位,2024/12/13,21:25:08,2.7
下游闸内水位,2024/12/13,21:30:53,2.8
下游闸外水位,2024/12/13,21:30:53,2.7
下游闸内水位,2024/12/13,21:34:08,2.8
下游闸外水位,2024/12/13,21:34:08,2.7
内河侧水位,2024/12/13,22:00:00,3.9
长江侧水位,2024/12/13,22:00:00,2.7
下游闸内水位,2024/12/13,22:24:00,2.6
下游闸外水位,2024/12/13,22:24:00,2.6
上游闸内水位,2024/12/13,22:26:38,2.6
上游闸外水位,2024/12/13,22:26:38,3.9
上游闸内水位,2024/12/13,22:30:17,3.7
上游闸外水位,2024/12/13,22:30:17,3.9
内河侧水位,2024/12/13,23:00:00,3.9
长江侧水位,2024/12/13,23:00:00,2.5
上游闸内水位,2024/12/13,23:08:56,3.8
上游闸外水位,2024/12/13,23:08:56,3.9
下游闸内水位,2024/12/13,23:11:28,3.8
下游闸外水位,2024/12/13,23:11:28,2.5
下游闸内水位,2024/12/13,23:16:18,2.6
下游闸外水位,2024/12/13,23:16:18,2.5
下游闸内水位,2024/12/13,23:55:35,2.4
下游闸外水位,2024/12/13,23:55:35,2.4
上游闸内水位,2024/12/13,23:58:19,2.3
上游闸外水位,2024/12/13,23:58:19,3.8
内河侧水位,2024/12/14,0:00:00,3.6
长江侧水位,2024/12/14,0:00:00,2.3
上游闸内水位,2024/12/14,0:02:26,3.7
上游闸外水位,2024/12/14,0:02:26,3.9
上游闸内水位,2024/12/14,0:37:58,3.8
上游闸外水位,2024/12/14,0:37:58,3.8
下游闸内水位,2024/12/14,0:40:42,3.8
下游闸外水位,2024/12/14,0:40:42,2.2
下游闸内水位,2024/12/14,0:45:45,2.4
下游闸外水位,2024/12/14,0:45:45,2.2
下游闸内水位,2024/12/14,0:56:29,2.2
下游闸外水位,2024/12/14,0:56:29,2.2
上游闸内水位,2024/12/14,0:59:10,2.2
上游闸外水位,2024/12/14,0:59:10,3.8
内河侧水位,2024/12/14,1:00:00,3.7
长江侧水位,2024/12/14,1:00:00,2.2
上游闸内水位,2024/12/14,1:03:43,3.8
上游闸外水位,2024/12/14,1:03:43,3.9
上游闸内水位,2024/12/14,1:14:09,3.8
上游闸外水位,2024/12/14,1:14:09,3.8
下游闸内水位,2024/12/14,1:16:54,3.8
下游闸外水位,2024/12/14,1:16:54,2.2
下游闸内水位,2024/12/14,1:20:08,3.4
下游闸外水位,2024/12/14,1:20:08,2.2
下游闸内水位,2024/12/14,1:22:05,3.1
下游闸外水位,2024/12/14,1:22:05,2.2
下游闸内水位,2024/12/14,1:24:12,2.7
下游闸外水位,2024/12/14,1:24:12,2.2
下游闸内水位,2024/12/14,1:26:02,2.3
下游闸外水位,2024/12/14,1:26:02,2.2
下游闸内水位,2024/12/14,1:32:41,2.1
下游闸外水位,2024/12/14,1:32:41,2.1
上游闸内水位,2024/12/14,1:35:23,2.1
上游闸外水位,2024/12/14,1:35:23,3.8
上游闸内水位,2024/12/14,1:39:52,3.7
上游闸外水位,2024/12/14,1:39:52,3.8
内河侧水位,2024/12/14,2:00:00,3.8
长江侧水位,2024/12/14,2:00:00,2.2
上游闸内水位,2024/12/14,2:01:03,3.7
上游闸外水位,2024/12/14,2:01:03,3.8
下游闸内水位,2024/12/14,2:03:41,3.8
下游闸外水位,2024/12/14,2:03:41,2.2
下游闸内水位,2024/12/14,2:05:45,3.5
下游闸外水位,2024/12/14,2:05:45,2.2
下游闸内水位,2024/12/14,2:10:12,2.3
下游闸外水位,2024/12/14,2:10:12,2.2
下游闸内水位,2024/12/14,2:23:36,2.4
下游闸外水位,2024/12/14,2:23:36,2.3
上游闸内水位,2024/12/14,2:31:08,2.4
上游闸外水位,2024/12/14,2:31:08,3.8
上游闸内水位,2024/12/14,2:35:38,3.8
上游闸外水位,2024/12/14,2:35:38,3.9
内河侧水位,2024/12/14,3:00:00,3.8
长江侧水位,2024/12/14,3:00:00,2.9
上游闸内水位,2024/12/14,3:24:14,3.8
上游闸外水位,2024/12/14,3:24:14,3.8
下游闸内水位,2024/12/14,3:26:52,3.8
下游闸外水位,2024/12/14,3:26:52,3.1
下游闸内水位,2024/12/14,3:30:01,3.3
下游闸外水位,2024/12/14,3:30:01,3.1
内河侧水位,2024/12/14,4:00:00,3.8
长江侧水位,2024/12/14,4:00:00,3.3
下游闸内水位,2024/12/14,4:24:29,3.5
下游闸外水位,2024/12/14,4:24:29,3.4
上游闸内水位,2024/12/14,4:27:05,3.4
上游闸外水位,2024/12/14,4:27:05,3.8
上游闸内水位,2024/12/14,4:29:06,3.7
上游闸外水位,2024/12/14,4:29:06,3.8
上游闸内水位,2024/12/14,4:50:22,3.8
上游闸外水位,2024/12/14,4:50:22,3.7
下游闸内水位,2024/12/14,4:50:36,3.8
下游闸外水位,2024/12/14,4:50:36,3.5
内河侧水位,2024/12/14,5:00:00,3.9
长江侧水位,2024/12/14,5:00:00,3.5
下游闸内水位,2024/12/14,5:08:58,3.6
下游闸外水位,2024/12/14,5:08:58,3.6
上游闸内水位,2024/12/14,5:13:26,3.5
上游闸外水位,2024/12/14,5:13:26,3.9
上游闸内水位,2024/12/14,5:15:24,3.7
上游闸外水位,2024/12/14,5:15:24,3.8
上游闸内水位,2024/12/14,5:27:49,3.8
上游闸外水位,2024/12/14,5:27:49,3.8
下游闸内水位,2024/12/14,5:30:26,3.8
下游闸外水位,2024/12/14,5:30:26,3.6
下游闸内水位,2024/12/14,5:32:33,3.7
下游闸外水位,2024/12/14,5:32:33,3.5
下游闸内水位,2024/12/14,5:49:37,3.6
下游闸外水位,2024/12/14,5:49:37,3.5
上游闸内水位,2024/12/14,5:52:13,3.5
上游闸外水位,2024/12/14,5:52:13,3.8
上游闸内水位,2024/12/14,5:54:07,3.7
上游闸外水位,2024/12/14,5:54:07,3.8
内河侧水位,2024/12/14,6:00:00,3.8
长江侧水位,2024/12/14,6:00:00,3.5
上游闸内水位,2024/12/14,6:25:56,3.8
上游闸外水位,2024/12/14,6:25:56,3.8
下游闸内水位,2024/12/14,6:29:11,3.8
下游闸外水位,2024/12/14,6:29:11,3.4
下游闸内水位,2024/12/14,6:32:44,3.4
下游闸外水位,2024/12/14,6:32:44,3.3
内河侧水位,2024/12/14,7:00:00,3.9
长江侧水位,2024/12/14,7:00:00,3.2
下游闸内水位,2024/12/14,7:18:49,3.1
下游闸外水位,2024/12/14,7:18:49,3.1
上游闸内水位,2024/12/14,7:21:27,3.0
上游闸外水位,2024/12/14,7:21:27,3.8
上游闸内水位,2024/12/14,7:24:27,3.7
上游闸外水位,2024/12/14,7:24:27,3.8
上游闸内水位,2024/12/14,7:59:46,3.8
上游闸外水位,2024/12/14,7:59:46,3.8
内河侧水位,2024/12/14,8:00:00,3.8
长江侧水位,2024/12/14,8:00:00,2.9
下游闸内水位,2024/12/14,8:02:19,3.8
下游闸外水位,2024/12/14,8:02:19,2.9
下游闸内水位,2024/12/14,8:07:29,2.9
下游闸外水位,2024/12/14,8:07:29,2.8
下游闸内水位,2024/12/14,8:58:20,2.7
下游闸外水位,2024/12/14,8:58:20,2.7
内河侧水位,2024/12/14,9:00:00,3.8
长江侧水位,2024/12/14,9:00:00,2.7
上游闸内水位,2024/12/14,9:02:35,2.7
上游闸外水位,2024/12/14,9:02:35,3.8
上游闸内水位,2024/12/14,9:06:13,3.7
上游闸外水位,2024/12/14,9:06:13,3.8
上游闸内水位,2024/12/14,9:34:04,3.7
上游闸外水位,2024/12/14,9:34:04,3.8
下游闸内水位,2024/12/14,9:37:28,3.8
下游闸外水位,2024/12/14,9:37:28,2.6
下游闸内水位,2024/12/14,9:42:17,2.7
下游闸外水位,2024/12/14,9:42:17,2.5
内河侧水位,2024/12/14,12:00:00,3.8
长江侧水位,2024/12/14,12:00:00,2.2
上游闸内水位,2024/12/14,12:01:06,3.7
上游闸外水位,2024/12/14,12:01:06,3.8
上游闸内水位,2024/12/14,14:56:39,3.7
上游闸外水位,2024/12/14,14:56:39,3.8
上游闸内水位,2024/12/14,19:01:31,3.9
上游闸外水位,2024/12/14,19:01:31,4.0
内河侧水位,2024/12/14,22:00:00,4.0
长江侧水位,2024/12/14,22:00:00,2.8
下游闸内水位,2024/12/14,22:08:17,2.9
下游闸外水位,2024/12/14,22:08:17,2.8
上游闸内水位,2024/12/14,22:10:54,2.8
上游闸外水位,2024/12/14,22:10:54,3.9
上游闸内水位,2024/12/14,22:14:30,3.8
上游闸外水位,2024/12/14,22:14:30,3.9
内河侧水位,2024/12/14,23:00:00,3.9
长江侧水位,2024/12/14,23:00:00,2.7
上游闸内水位,2024/12/14,23:02:27,3.8
上游闸外水位,2024/12/14,23:02:27,3.9
下游闸内水位,2024/12/14,23:05:07,3.9
下游闸外水位,2024/12/14,23:05:07,2.6
下游闸内水位,2024/12/14,23:09:53,2.7
下游闸外水位,2024/12/14,23:09:53,2.6
内河侧水位,2024/12/15,0:00:00,3.9
长江侧水位,2024/12/15,0:00:00,2.5
下游闸内水位,2024/12/15,0:19:30,2.5
下游闸外水位,2024/12/15,0:19:30,2.5
上游闸内水位,2024/12/15,0:22:13,2.5
上游闸外水位,2024/12/15,0:22:13,3.9
上游闸内水位,2024/12/15,0:27:01,3.9
上游闸外水位,2024/12/15,0:27:01,4.0
内河侧水位,2024/12/15,1:00:00,3.9
长江侧水位,2024/12/15,1:00:00,2.4
上游闸内水位,2024/12/15,1:13:05,3.8
上游闸外水位,2024/12/15,1:13:05,3.9
下游闸内水位,2024/12/15,1:15:36,3.9
下游闸外水位,2024/12/15,1:15:36,2.3
下游闸内水位,2024/12/15,1:20:53,2.5
下游闸外水位,2024/12/15,1:20:53,2.3
下游闸内水位,2024/12/15,1:59:40,2.2
下游闸外水位,2024/12/15,1:59:40,2.2
内河侧水位,2024/12/15,2:00:00,3.9
长江侧水位,2024/12/15,2:00:00,2.2
上游闸内水位,2024/12/15,2:02:20,2.2
上游闸外水位,2024/12/15,2:02:20,3.9
上游闸内水位,2024/12/15,2:07:05,3.8
上游闸外水位,2024/12/15,2:07:05,3.9
上游闸内水位,2024/12/15,2:48:02,3.8
上游闸外水位,2024/12/15,2:48:02,3.9
下游闸内水位,2024/12/15,2:50:33,3.8
下游闸外水位,2024/12/15,2:50:33,2.1
下游闸内水位,2024/12/15,2:56:15,2.3
下游闸外水位,2024/12/15,2:56:15,2.1
内河侧水位,2024/12/15,3:00:00,3.9
长江侧水位,2024/12/15,3:00:00,2.1
下游闸内水位,2024/12/15,3:59:35,2.8
下游闸外水位,2024/12/15,3:59:35,2.8
内河侧水位,2024/12/15,4:00:00,3.9
长江侧水位,2024/12/15,4:00:00,2.8
上游闸内水位,2024/12/15,4:02:11,2.8
上游闸外水位,2024/12/15,4:02:11,3.9
上游闸内水位,2024/12/15,4:05:44,3.7
上游闸外水位,2024/12/15,4:05:44,3.9
上游闸内水位,2024/12/15,4:59:42,3.8
上游闸外水位,2024/12/15,4:59:42,3.9
内河侧水位,2024/12/15,5:00:00,3.9
长江侧水位,2024/12/15,5:00:00,3.4
下游闸内水位,2024/12/15,5:02:20,3.8
下游闸外水位,2024/12/15,5:02:20,3.4
下游闸内水位,2024/12/15,5:04:55,3.5
下游闸外水位,2024/12/15,5:04:55,3.4
下游闸内水位,2024/12/15,5:18:34,3.5
下游闸外水位,2024/12/15,5:18:34,3.4
上游闸内水位,2024/12/15,5:21:19,3.4
上游闸外水位,2024/12/15,5:21:19,3.9
上游闸内水位,2024/12/15,5:23:30,3.7
上游闸外水位,2024/12/15,5:23:30,3.9
内河侧水位,2024/12/15,6:00:00,3.9
下游闸内水位,2024/12/14,9:58:53,2.6
下游闸外水位,2024/12/14,9:58:53,2.5
内河侧水位,2024/12/14,10:00:00,3.8
长江侧水位,2024/12/14,10:00:00,2.5
上游闸内水位,2024/12/14,10:01:30,2.6
上游闸外水位,2024/12/14,10:01:30,3.8
上游闸内水位,2024/12/14,10:05:15,3.7
上游闸外水位,2024/12/14,10:05:15,3.8
上游闸内水位,2024/12/14,10:32:47,3.7
上游闸外水位,2024/12/14,10:32:47,3.8
下游闸内水位,2024/12/14,10:35:24,3.8
下游闸外水位,2024/12/14,10:35:24,2.4
下游闸内水位,2024/12/14,10:40:17,2.6
下游闸外水位,2024/12/14,10:40:17,2.4
内河侧水位,2024/12/14,11:00:00,3.8
长江侧水位,2024/12/14,11:00:00,2.5
下游闸内水位,2024/12/14,11:19:21,2.4
下游闸外水位,2024/12/14,11:19:21,2.4
上游闸内水位,2024/12/14,11:21:57,2.3
上游闸外水位,2024/12/14,11:21:57,3.8
上游闸内水位,2024/12/14,11:26:09,3.7
上游闸外水位,2024/12/14,11:26:09,3.9
下游闸内水位,2024/12/14,12:04:53,3.8
下游闸外水位,2024/12/14,12:04:53,2.2
下游闸内水位,2024/12/14,12:09:52,2.4
下游闸外水位,2024/12/14,12:09:52,2.2
下游闸内水位,2024/12/14,12:43:29,2.2
下游闸外水位,2024/12/14,12:43:29,2.1
上游闸内水位,2024/12/14,12:48:33,2.1
上游闸外水位,2024/12/14,12:48:33,3.8
上游闸内水位,2024/12/14,12:52:58,3.7
上游闸外水位,2024/12/14,12:52:58,3.9
内河侧水位,2024/12/14,13:00:00,3.8
长江侧水位,2024/12/14,13:00:00,2.1
上游闸内水位,2024/12/14,13:07:40,3.7
上游闸外水位,2024/12/14,13:07:40,3.8
下游闸内水位,2024/12/14,13:10:13,3.7
下游闸外水位,2024/12/14,13:10:13,2.1
下游闸内水位,2024/12/14,13:16:32,2.1
下游闸外水位,2024/12/14,13:16:32,2.0
下游闸内水位,2024/12/14,13:50:01,2.1
下游闸外水位,2024/12/14,13:50:01,2.0
上游闸内水位,2024/12/14,13:52:37,2.1
上游闸外水位,2024/12/14,13:52:37,3.8
上游闸内水位,2024/12/14,13:56:08,2.5
上游闸外水位,2024/12/14,13:56:08,3.8
上游闸内水位,2024/12/14,13:58:30,3.0
上游闸外水位,2024/12/14,13:58:30,3.8
上游闸内水位,2024/12/14,13:59:23,3.4
上游闸外水位,2024/12/14,13:59:23,3.7
内河侧水位,2024/12/14,14:00:00,3.7
长江侧水位,2024/12/14,14:00:00,2.0
上游闸内水位,2024/12/14,14:00:45,3.6
上游闸外水位,2024/12/14,14:00:45,3.8
下游闸内水位,2024/12/14,14:59:20,3.8
下游闸外水位,2024/12/14,14:59:20,2.9
内河侧水位,2024/12/14,15:00:00,3.8
长江侧水位,2024/12/14,15:00:00,3.0
下游闸内水位,2024/12/14,15:02:49,3.1
下游闸外水位,2024/12/14,15:02:49,3.0
下游闸内水位,2024/12/14,15:44:05,3.5
下游闸外水位,2024/12/14,15:44:05,3.5
上游闸内水位,2024/12/14,15:46:49,3.5
上游闸外水位,2024/12/14,15:46:49,3.8
内河侧水位,2024/12/14,16:00:00,3.9
长江侧水位,2024/12/14,16:00:00,3.7
下游闸内水位,2024/12/14,16:02:25,3.8
下游闸外水位,2024/12/14,16:02:25,3.7
内河侧水位,2024/12/14,17:00:00,3.9
长江侧水位,2024/12/14,17:00:00,3.9
上游闸内水位,2024/12/14,17:06:04,3.9
上游闸外水位,2024/12/14,17:06:04,4.0
下游闸内水位,2024/12/14,17:31:31,4.0
下游闸外水位,2024/12/14,17:31:31,4.0
上游闸内水位,2024/12/14,17:34:28,4.0
上游闸外水位,2024/12/14,17:34:28,3.9
上游闸内水位,2024/12/14,17:36:23,3.9
上游闸外水位,2024/12/14,17:36:23,3.9
内河侧水位,2024/12/14,18:00:00,3.9
长江侧水位,2024/12/14,18:00:00,4.1
上游闸内水位,2024/12/14,18:08:48,3.9
上游闸外水位,2024/12/14,18:08:48,3.9
下游闸内水位,2024/12/14,18:11:56,3.9
下游闸外水位,2024/12/14,18:11:56,4.0
下游闸内水位,2024/12/14,18:13:30,4.0
下游闸外水位,2024/12/14,18:13:30,4.0
下游闸内水位,2024/12/14,18:56:38,3.9
下游闸外水位,2024/12/14,18:56:38,3.8
上游闸内水位,2024/12/14,18:59:26,3.8
上游闸外水位,2024/12/14,18:59:26,4.0
内河侧水位,2024/12/14,19:00:00,3.9
长江侧水位,2024/12/14,19:00:00,3.8
上游闸内水位,2024/12/14,19:50:51,3.9
上游闸外水位,2024/12/14,19:50:51,4.0
下游闸内水位,2024/12/14,19:53:25,4.0
下游闸外水位,2024/12/14,19:53:25,3.5
下游闸内水位,2024/12/14,19:56:06,3.6
下游闸外水位,2024/12/14,19:56:06,3.5
内河侧水位,2024/12/14,20:00:00,4.0
长江侧水位,2024/12/14,20:00:00,3.4
下游闸内水位,2024/12/14,20:37:56,3.2
下游闸外水位,2024/12/14,20:37:56,3.1
上游闸内水位,2024/12/14,20:40:39,3.1
上游闸外水位,2024/12/14,20:40:39,4.0
上游闸内水位,2024/12/14,20:43:40,3.8
上游闸外水位,2024/12/14,20:43:40,4.0
内河侧水位,2024/12/14,21:00:00,3.9
长江侧水位,2024/12/14,21:00:00,3.1
上游闸内水位,2024/12/14,21:24:38,3.9
上游闸外水位,2024/12/14,21:24:38,3.9
下游闸内水位,2024/12/14,21:27:12,3.9
下游闸外水位,2024/12/14,21:27:12,2.9
下游闸内水位,2024/12/14,21:31:13,3.1
下游闸外水位,2024/12/14,21:31:13,2.9
长江侧水位,2024/12/15,6:00:00,3.6
上游闸内水位,2024/12/15,6:01:02,3.8
上游闸外水位,2024/12/15,6:01:02,3.9
下游闸内水位,2024/12/15,6:03:59,3.9
下游闸外水位,2024/12/15,6:03:59,3.6
下游闸内水位,2024/12/15,6:05:56,3.7
下游闸外水位,2024/12/15,6:05:56,3.6
下游闸内水位,2024/12/15,6:51:28,3.6
下游闸外水位,2024/12/15,6:51:28,3.5
上游闸内水位,2024/12/15,6:54:23,3.5
上游闸外水位,2024/12/15,6:54:23,3.9
上游闸内水位,2024/12/15,6:56:51,3.8
上游闸外水位,2024/12/15,6:56:51,3.9
内河侧水位,2024/12/15,7:00:00,3.9
长江侧水位,2024/12/15,7:00:00,3.5
上游闸内水位,2024/12/15,7:24:18,3.8
上游闸外水位,2024/12/15,7:24:18,3.9
下游闸内水位,2024/12/15,7:26:53,3.8
下游闸外水位,2024/12/15,7:26:53,3.3
下游闸内水位,2024/12/15,7:30:15,3.4
下游闸外水位,2024/12/15,7:30:15,3.3
内河侧水位,2024/12/15,8:00:00,3.9
长江侧水位,2024/12/15,8:00:00,3.1
下游闸内水位,2024/12/15,8:08:26,3.1
下游闸外水位,2024/12/15,8:08:26,3.1
上游闸内水位,2024/12/15,8:13:01,3.0
上游闸外水位,2024/12/15,8:13:01,3.9
上游闸内水位,2024/12/15,8:16:22,3.7
上游闸外水位,2024/12/15,8:16:22,3.9
上游闸内水位,2024/12/15,8:43:18,3.8
上游闸外水位,2024/12/15,8:43:18,3.9
下游闸内水位,2024/12/15,8:45:56,3.9
下游闸外水位,2024/12/15,8:45:56,2.9
下游闸内水位,2024/12/15,8:50:12,3.0
下游闸外水位,2024/12/15,8:50:12,2.8
内河侧水位,2024/12/15,9:00:00,3.9
长江侧水位,2024/12/15,9:00:00,2.8
下游闸内水位,2024/12/15,9:03:26,2.8
下游闸外水位,2024/12/15,9:03:26,2.8
上游闸内水位,2024/12/15,9:06:06,2.8
上游闸外水位,2024/12/15,9:06:06,3.9
上游闸内水位,2024/12/15,9:09:25,3.7
上游闸外水位,2024/12/15,9:09:25,3.9
上游闸内水位,2024/12/15,9:35:15,3.8
上游闸外水位,2024/12/15,9:35:15,3.9
下游闸内水位,2024/12/15,9:37:47,3.9
下游闸外水位,2024/12/15,9:37:47,2.7
下游闸内水位,2024/12/15,9:42:13,2.8
下游闸外水位,2024/12/15,9:42:13,2.7
下游闸内水位,2024/12/15,9:59:16,2.7
下游闸外水位,2024/12/15,9:59:16,2.6
内河侧水位,2024/12/15,10:00:00,3.9
长江侧水位,2024/12/15,10:00:00,2.6
上游闸内水位,2024/12/15,10:02:25,2.6
上游闸外水位,2024/12/15,10:02:25,3.9
上游闸内水位,2024/12/15,10:06:14,3.8
上游闸外水位,2024/12/15,10:06:14,3.9
上游闸内水位,2024/12/15,10:27:30,3.8
上游闸外水位,2024/12/15,10:27:30,3.9
下游闸内水位,2024/12/15,10:30:03,3.9
下游闸外水位,2024/12/15,10:30:03,2.5
下游闸内水位,2024/12/15,10:34:45,2.7
下游闸外水位,2024/12/15,10:34:45,2.5
内河侧水位,2024/12/15,11:00:00,3.9
长江侧水位,2024/12/15,11:00:00,2.3
下游闸内水位,2024/12/15,11:06:56,2.5
下游闸外水位,2024/12/15,11:06:56,2.4
上游闸内水位,2024/12/15,11:09:35,2.4
上游闸外水位,2024/12/15,11:09:35,3.9
上游闸内水位,2024/12/15,11:13:58,3.8
上游闸外水位,2024/12/15,11:13:58,3.9
上游闸内水位,2024/12/15,11:45:12,3.8
上游闸外水位,2024/12/15,11:45:12,3.9
下游闸内水位,2024/12/15,11:48:03,3.8
下游闸外水位,2024/12/15,11:48:03,2.3
下游闸内水位,2024/12/15,11:53:10,2.4
下游闸外水位,2024/12/15,11:53:10,2.3
内河侧水位,2024/12/15,12:00:00,3.9
长江侧水位,2024/12/15,12:00:00,2.2
下游闸内水位,2024/12/15,12:29:21,2.3
下游闸外水位,2024/12/15,12:29:21,2.2
上游闸内水位,2024/12/15,12:32:35,2.2
上游闸外水位,2024/12/15,12:32:35,3.9
上游闸内水位,2024/12/15,12:37:08,3.8
上游闸外水位,2024/12/15,12:37:08,3.9
内河侧水位,2024/12/15,13:00:00,3.9
长江侧水位,2024/12/15,13:00:00,2.1
上游闸内水位,2024/12/15,13:19:25,3.7
上游闸外水位,2024/12/15,13:19:25,3.8
下游闸内水位,2024/12/15,13:22:06,3.8
下游闸外水位,2024/12/15,13:22:06,2.0
下游闸内水位,2024/12/15,13:27:31,2.3
下游闸外水位,2024/12/15,13:27:31,2.1
内河侧水位,2024/12/15,14:00:00,3.8
长江侧水位,2024/12/15,14:00:00,2.0
下游闸内水位,2024/12/15,14:06:24,2.0
下游闸外水位,2024/12/15,14:06:24,2.0
上游闸内水位,2024/12/15,14:09:06,2.0
上游闸外水位,2024/12/15,14:09:06,3.8
上游闸内水位,2024/12/15,14:15:09,3.9
上游闸外水位,2024/12/15,14:15:09,3.9
上游闸内水位,2024/12/15,14:44:43,3.7
上游闸外水位,2024/12/15,14:44:43,3.8
下游闸内水位,2024/12/15,14:47:31,3.8
下游闸外水位,2024/12/15,14:47:31,1.9
下游闸内水位,2024/12/15,14:53:51,2.0
下游闸外水位,2024/12/15,14:53:51,1.9
内河侧水位,2024/12/15,15:00:00,3.8
长江侧水位,2024/12/15,15:00:00,1.9
下游闸内水位,2024/12/15,15:35:22,2.5
下游闸外水位,2024/12/15,15:35:22,2.5
上游闸内水位,2024/12/15,15:38:04,2.4
上游闸外水位,2024/12/15,15:38:04,3.8
上游闸内水位,2024/12/15,15:42:01,3.7
上游闸外水位,2024/12/15,15:42:01,3.9
内河侧水位,2024/12/15,16:00:00,3.8
长江侧水位,2024/12/15,16:00:00,3.0
上游闸内水位,2024/12/15,16:09:58,3.7
上游闸外水位,2024/12/15,16:09:58,3.8
下游闸内水位,2024/12/15,16:12:58,3.8
下游闸外水位,2024/12/15,16:12:58,3.1
下游闸内水位,2024/12/15,16:15:57,3.2
下游闸外水位,2024/12/15,16:15:57,3.1
下游闸内水位,2024/12/15,16:50:48,3.5
下游闸外水位,2024/12/15,16:50:48,3.5
上游闸内水位,2024/12/15,16:53:27,3.6
上游闸外水位,2024/12/15,16:53:27,3.8
上游闸内水位,2024/12/15,16:55:10,3.7
上游闸外水位,2024/12/15,16:55:10,3.8
内河侧水位,2024/12/15,17:00:00,3.8
长江侧水位,2024/12/15,17:00:00,3.6
上游闸内水位,2024/12/15,17:29:21,3.8
上游闸外水位,2024/12/15,17:29:21,3.9
下游闸内水位,2024/12/15,17:31:33,3.8
下游闸外水位,2024/12/15,17:31:33,3.8
上游闸内水位,2024/12/15,17:43:30,3.8
上游闸外水位,2024/12/15,17:43:30,3.9
内河侧水位,2024/12/15,18:00:00,3.9
长江侧水位,2024/12/15,18:00:00,3.9
上游闸内水位,2024/12/15,18:12:34,3.8
上游闸外水位,2024/12/15,18:12:34,3.9
内河侧水位,2024/12/15,19:00:00,3.9
长江侧水位,2024/12/15,19:00:00,3.9
下游闸内水位,2024/12/15,19:01:00,4.0
下游闸外水位,2024/12/15,19:01:00,4.0
上游闸内水位,2024/12/15,19:03:38,3.9
上游闸外水位,2024/12/15,19:03:38,3.9
上游闸内水位,2024/12/15,19:05:31,3.8
上游闸外水位,2024/12/15,19:05:31,3.9
上游闸内水位,2024/12/15,19:49:21,3.9
上游闸外水位,2024/12/15,19:49:21,3.9
下游闸内水位,2024/12/15,19:52:04,3.9
下游闸外水位,2024/12/15,19:52:04,3.8
下游闸内水位,2024/12/15,19:53:39,3.8
下游闸外水位,2024/12/15,19:53:39,3.8
内河侧水位,2024/12/15,20:00:00,3.9
长江侧水位,2024/12/15,20:00:00,3.7
下游闸内水位,2024/12/15,20:34:50,3.5
下游闸外水位,2024/12/15,20:34:50,3.5
上游闸内水位,2024/12/15,20:37:34,3.5
上游闸外水位,2024/12/15,20:37:34,3.9
上游闸内水位,2024/12/15,20:41:04,3.9
上游闸外水位,2024/12/15,20:41:04,4.0
内河侧水位,2024/12/15,21:00:00,3.9
长江侧水位,2024/12/15,21:00:00,3.3
上游闸内水位,2024/12/15,21:12:41,3.9
上游闸外水位,2024/12/15,21:12:41,3.9
下游闸内水位,2024/12/15,21:15:16,3.9
下游闸外水位,2024/12/15,21:15:16,3.2
下游闸内水位,2024/12/15,21:18:36,3.3
下游闸外水位,2024/12/15,21:18:36,3.2
下游闸内水位,2024/12/15,21:56:09,3.1
下游闸外水位,2024/12/15,21:56:09,3.0
上游闸内水位,2024/12/15,21:58:46,3.0
上游闸外水位,2024/12/15,21:58:46,3.9
内河侧水位,2024/12/15,22:00:00,3.8
长江侧水位,2024/12/15,22:00:00,3.0
上游闸内水位,2024/12/15,22:01:53,3.7
上游闸外水位,2024/12/15,22:01:53,3.9
上游闸内水位,2024/12/15,22:40:59,3.8
上游闸外水位,2024/12/15,22:40:59,3.9
下游闸内水位,2024/12/15,22:43:38,3.9
下游闸外水位,2024/12/15,22:43:38,2.8
下游闸内水位,2024/12/15,22:47:57,2.9
下游闸外水位,2024/12/15,22:47:57,2.8
内河侧水位,2024/12/15,23:00:00,3.9
长江侧水位,2024/12/15,23:00:00,2.7
下游闸内水位,2024/12/15,23:36:09,2.7
下游闸外水位,2024/12/15,23:36:09,2.6
上游闸内水位,2024/12/15,23:38:48,2.6
上游闸外水位,2024/12/15,23:38:48,3.9
上游闸内水位,2024/12/15,23:43:42,3.9
上游闸外水位,2024/12/15,23:43:42,4.0
内河侧水位,2024/12/16,0:00:00,3.8
长江侧水位,2024/12/16,0:00:00,2.6
上游闸内水位,2024/12/16,0:31:03,3.8
上游闸外水位,2024/12/16,0:31:03,3.9
下游闸内水位,2024/12/16,0:33:46,3.9
下游闸外水位,2024/12/16,0:33:46,2.5
下游闸内水位,2024/12/16,0:38:42,2.6
下游闸外水位,2024/12/16,0:38:42,2.5
内河侧水位,2024/12/16,1:00:00,3.9
长江侧水位,2024/12/16,1:00:00,2.4
下游闸内水位,2024/12/16,1:21:01,2.4
下游闸外水位,2024/12/16,1:21:01,2.3
上游闸内水位,2024/12/16,1:23:39,2.3
上游闸外水位,2024/12/16,1:23:39,3.9
上游闸内水位,2024/12/16,1:27:58,3.7
上游闸外水位,2024/12/16,1:27:58,3.9
上游闸内水位,2024/12/16,1:46:29,3.8
上游闸外水位,2024/12/16,1:46:29,3.9
下游闸内水位,2024/12/16,1:52:09,3.8
下游闸外水位,2024/12/16,1:52:09,2.3
下游闸内水位,2024/12/16,1:58:04,2.3
下游闸外水位,2024/12/16,1:58:04,2.2
内河侧水位,2024/12/16,2:00:00,3.9
长江侧水位,2024/12/16,2:00:00,2.2
内河侧水位,2024/12/16,3:00:00,3.9
长江侧水位,2024/12/16,3:00:00,2.1
内河侧水位,2024/12/16,4:00:00,3.9
长江侧水位,2024/12/16,4:00:00,2.2
下游闸内水位,2024/12/16,4:41:03,2.8
下游闸外水位,2024/12/16,4:41:03,2.8
上游闸内水位,2024/12/16,4:45:43,2.9
上游闸外水位,2024/12/16,4:45:43,3.9
上游闸内水位,2024/12/16,4:52:36,3.7
上游闸外水位,2024/12/16,4:52:36,3.9
上游闸内水位,2024/12/16,4:54:07,3.8
上游闸外水位,2024/12/16,4:54:07,3.9
内河侧水位,2024/12/16,5:00:00,3.8
长江侧水位,2024/12/16,5:00:00,3.0
上游闸内水位,2024/12/16,5:11:24,3.8
上游闸外水位,2024/12/16,5:11:24,3.9
下游闸内水位,2024/12/16,5:14:06,3.8
下游闸外水位,2024/12/16,5:14:06,3.1
下游闸内水位,2024/12/16,5:17:16,3.3
下游闸外水位,2024/12/16,5:17:16,3.2
下游闸内水位,2024/12/16,5:49:25,3.4
下游闸外水位,2024/12/16,5:49:25,3.4
上游闸内水位,2024/12/16,5:52:12,3.4
上游闸外水位,2024/12/16,5:52:12,3.9
上游闸内水位,2024/12/16,5:54:19,3.7
上游闸外水位,2024/12/16,5:54:19,3.8
内河侧水位,2024/12/16,6:00:00,3.8
长江侧水位,2024/12/16,6:00:00,3.4
上游闸内水位,2024/12/16,6:18:43,3.8
上游闸外水位,2024/12/16,6:18:43,3.9
下游闸内水位,2024/12/16,6:21:18,3.8
下游闸外水位,2024/12/16,6:21:18,3.5
下游闸内水位,2024/12/16,6:23:07,3.7
下游闸外水位,2024/12/16,6:23:07,3.5
下游闸内水位,2024/12/16,6:30:03,3.6
下游闸外水位,2024/12/16,6:30:03,3.5
上游闸内水位,2024/12/16,6:32:38,3.5
上游闸外水位,2024/12/16,6:32:38,3.9
上游闸内水位,2024/12/16,6:34:38,3.7
上游闸外水位,2024/12/16,6:34:38,3.8
上游闸内水位,2024/12/16,6:57:04,3.8
上游闸外水位,2024/12/16,6:57:04,3.9
下游闸内水位,2024/12/16,6:59:50,3.9
下游闸外水位,2024/12/16,6:59:50,3.6
内河侧水位,2024/12/16,7:00:00,3.9
长江侧水位,2024/12/16,7:00:00,3.6
下游闸内水位,2024/12/16,7:01:30,3.7
下游闸外水位,2024/12/16,7:01:30,3.6
下游闸内水位,2024/12/16,7:11:50,3.7
下游闸外水位,2024/12/16,7:11:50,3.6
上游闸内水位,2024/12/16,7:15:10,3.5
上游闸外水位,2024/12/16,7:15:10,3.9
上游闸内水位,2024/12/16,7:17:07,3.8
上游闸外水位,2024/12/16,7:17:07,3.9
上游闸内水位,2024/12/16,7:39:52,3.8
上游闸外水位,2024/12/16,7:39:52,3.9
下游闸内水位,2024/12/16,7:42:27,3.9
下游闸外水位,2024/12/16,7:42:27,3.5
下游闸内水位,2024/12/16,7:44:28,3.6
下游闸外水位,2024/12/16,7:44:28,3.5
内河侧水位,2024/12/16,8:00:00,3.9
长江侧水位,2024/12/16,8:00:00,3.3
下游闸内水位,2024/12/16,8:10:45,3.3
下游闸外水位,2024/12/16,8:10:45,3.3
上游闸内水位,2024/12/16,8:13:21,3.4
上游闸外水位,2024/12/16,8:13:21,3.9
上游闸内水位,2024/12/16,8:15:38,3.7
上游闸外水位,2024/12/16,8:15:38,3.8
上游闸内水位,2024/12/16,8:39:39,3.8
上游闸外水位,2024/12/16,8:39:39,3.9
下游闸内水位,2024/12/16,8:42:30,3.8
下游闸外水位,2024/12/16,8:42:30,3.1
下游闸内水位,2024/12/16,8:45:54,3.2
下游闸外水位,2024/12/16,8:45:54,3.1
下游闸内水位,2024/12/16,8:55:53,3.1
下游闸外水位,2024/12/16,8:55:53,3.1
上游闸内水位,2024/12/16,8:58:34,3.0
上游闸外水位,2024/12/16,8:58:34,3.9
内河侧水位,2024/12/16,9:00:00,3.7
长江侧水位,2024/12/16,9:00:00,3.1
上游闸内水位,2024/12/16,9:01:42,3.7
上游闸外水位,2024/12/16,9:01:42,3.8
上游闸内水位,2024/12/16,9:18:30,3.8
上游闸外水位,2024/12/16,9:18:30,3.9
下游闸内水位,2024/12/16,9:21:02,3.9
下游闸外水位,2024/12/16,9:21:02,2.9
下游闸内水位,2024/12/16,9:26:39,2.9
下游闸外水位,2024/12/16,9:26:39,2.9
下游闸内水位,2024/12/16,9:36:54,2.9
下游闸外水位,2024/12/16,9:36:54,2.8
上游闸内水位,2024/12/16,9:42:46,2.8
上游闸外水位,2024/12/16,9:42:46,3.9
上游闸内水位,2024/12/16,9:46:40,3.8
上游闸外水位,2024/12/16,9:46:40,3.9
内河侧水位,2024/12/16,10:00:00,3.9
长江侧水位,2024/12/16,10:00:00,2.8
上游闸内水位,2024/12/16,10:17:21,3.8
上游闸外水位,2024/12/16,10:17:21,3.9
下游闸内水位,2024/12/16,10:19:53,3.8
下游闸外水位,2024/12/16,10:19:53,2.7
下游闸内水位,2024/12/16,10:24:17,2.8
下游闸外水位,2024/12/16,10:24:17,2.7
内河侧水位,2024/12/16,11:00:00,3.8
长江侧水位,2024/12/16,11:00:00,2.6
下游闸内水位,2024/12/16,11:25:29,2.5
下游闸外水位,2024/12/16,11:25:29,2.5
上游闸内水位,2024/12/16,11:28:06,2.4
上游闸外水位,2024/12/16,11:28:06,3.8
上游闸内水位,2024/12/16,11:32:48,3.0
上游闸外水位,2024/12/16,11:32:48,3.8
上游闸内水位,2024/12/16,11:37:12,3.7
上游闸外水位,2024/12/16,11:37:12,3.9
内河侧水位,2024/12/16,12:00:00,3.9
长江侧水位,2024/12/16,12:00:00,2.4
上游闸内水位,2024/12/16,12:11:42,3.8
上游闸外水位,2024/12/16,12:11:42,3.9
下游闸内水位,2024/12/16,12:14:23,3.8
下游闸外水位,2024/12/16,12:14:23,2.4
下游闸内水位,2024/12/16,12:19:29,2.5
下游闸外水位,2024/12/16,12:19:29,2.3
内河侧水位,2024/12/16,13:00:00,3.9
长江侧水位,2024/12/16,13:00:00,2.3
下游闸内水位,2024/12/16,13:00:44,2.3
下游闸外水位,2024/12/16,13:00:44,2.2
上游闸内水位,2024/12/16,13:04:05,2.2
上游闸外水位,2024/12/16,13:04:05,3.9
上游闸内水位,2024/12/16,13:05:56,2.4
上游闸外水位,2024/12/16,13:05:56,3.9
上游闸内水位,2024/12/16,13:14:25,3.8
上游闸外水位,2024/12/16,13:14:25,3.8
上游闸内水位,2024/12/16,13:15:11,3.8
上游闸外水位,2024/12/16,13:15:11,3.9
内河侧水位,2024/12/16,14:00:00,3.9
长江侧水位,2024/12/16,14:00:00,2.1
上游闸内水位,2024/12/16,14:06:03,3.8
上游闸外水位,2024/12/16,14:06:03,3.8
下游闸内水位,2024/12/16,14:08:45,3.8
下游闸外水位,2024/12/16,14:08:45,2.1
下游闸内水位,2024/12/16,14:14:17,2.3
下游闸外水位,2024/12/16,14:14:17,2.1
下游闸内水位,2024/12/16,14:39:10,2.0
下游闸外水位,2024/12/16,14:39:10,2.0
上游闸内水位,2024/12/16,14:42:21,2.0
上游闸外水位,2024/12/16,14:42:21,3.8
上游闸内水位,2024/12/16,14:47:38,3.1
上游闸外水位,2024/12/16,14:47:38,3.8
上游闸内水位,2024/12/16,14:50:01,3.7
上游闸外水位,2024/12/16,14:50:01,3.8
内河侧水位,2024/12/16,15:00:00,3.8
长江侧水位,2024/12/16,15:00:00,2.0
上游闸内水位,2024/12/16,15:16:04,3.8
上游闸外水位,2024/12/16,15:16:04,3.8
下游闸内水位,2024/12/16,15:18:47,3.8
下游闸外水位,2024/12/16,15:18:47,1.9
下游闸内水位,2024/12/16,15:24:47,2.1
下游闸外水位,2024/12/16,15:24:47,1.9
内河侧水位,2024/12/16,16:00:00,3.8
长江侧水位,2024/12/16,16:00:00,2.1
下游闸内水位,2024/12/16,16:06:58,2.3
下游闸外水位,2024/12/16,16:06:58,2.3
上游闸内水位,2024/12/16,16:09:40,2.3
上游闸外水位,2024/12/16,16:09:40,3.8
上游闸内水位,2024/12/16,16:14:36,3.2
上游闸外水位,2024/12/16,16:14:36,3.8
上游闸内水位,2024/12/16,16:16:37,3.6
上游闸外水位,2024/12/16,16:16:37,3.8
上游闸内水位,2024/12/16,16:45:37,3.8
上游闸外水位,2024/12/16,16:45:37,3.8
下游闸内水位,2024/12/16,16:48:37,3.8
下游闸外水位,2024/12/16,16:48:37,3.1
下游闸内水位,2024/12/16,16:51:39,3.3
下游闸外水位,2024/12/16,16:51:39,3.2
内河侧水位,2024/12/16,17:00:00,3.8
长江侧水位,2024/12/16,17:00:00,3.3
下游闸内水位,2024/12/16,17:19:52,3.5
下游闸外水位,2024/12/16,17:19:52,3.5
上游闸内水位,2024/12/16,17:22:34,3.5
上游闸外水位,2024/12/16,17:22:34,3.8
上游闸内水位,2024/12/16,17:25:06,3.6
上游闸外水位,2024/12/16,17:25:06,3.8
上游闸内水位,2024/12/16,17:26:18,3.7
上游闸外水位,2024/12/16,17:26:18,3.8
上游闸内水位,2024/12/16,17:27:37,3.8
上游闸外水位,2024/12/16,17:27:37,3.8
下游闸内水位,2024/12/16,17:50:28,3.8
下游闸外水位,2024/12/16,17:50:28,3.7
内河侧水位,2024/12/16,18:00:00,3.8
长江侧水位,2024/12/16,18:00:00,3.8
内河侧水位,2024/12/16,19:00:00,4.0
长江侧水位,2024/12/16,19:00:00,4.0
内河侧水位,2024/12/16,20:00:00,4.1
上游闸内水位,2024/12/16,11:38:18,3.8
上游闸外水位,2024/12/16,11:38:18,3.9
长江侧水位,2024/12/16,20:00:00,4.0
下游闸内水位,2024/12/16,20:38:39,3.8
下游闸外水位,2024/12/16,20:38:39,3.8
上游闸内水位,2024/12/16,20:42:23,4.1
上游闸外水位,2024/12/16,20:42:23,4.1
下游闸内水位,2024/12/16,20:43:44,3.9
下游闸外水位,2024/12/16,20:43:44,3.8
内河侧水位,2024/12/16,21:00:00,4.0
长江侧水位,2024/12/16,21:00:00,3.7
下游闸内水位,2024/12/16,21:19:12,3.6
下游闸外水位,2024/12/16,21:19:12,3.5
上游闸内水位,2024/12/16,21:21:48,3.6
上游闸外水位,2024/12/16,21:21:48,4.0
上游闸内水位,2024/12/16,21:23:55,3.8
上游闸外水位,2024/12/16,21:23:55,3.9
上游闸内水位,2024/12/17,2:37:54,3.8
上游闸外水位,2024/12/17,2:37:54,3.9
下游闸内水位,2024/12/17,2:40:31,3.9
下游闸外水位,2024/12/17,2:40:31,2.3
下游闸内水位,2024/12/17,2:43:30,3.4
下游闸外水位,2024/12/17,2:43:30,2.3
下游闸内水位,2024/12/17,2:46:36,2.8
下游闸外水位,2024/12/17,2:46:36,2.3
下游闸内水位,2024/12/17,2:48:21,2.5
下游闸外水位,2024/12/17,2:48:21,2.3
内河侧水位,2024/12/17,3:00:00,3.9
长江侧水位,2024/12/17,3:00:00,2.3
下游闸内水位,2024/12/17,3:45:50,2.2
下游闸外水位,2024/12/17,3:45:50,2.2
上游闸内水位,2024/12/17,3:48:28,2.2
上游闸外水位,2024/12/17,3:48:28,3.9
上游闸内水位,2024/12/17,3:53:05,3.8
上游闸外水位,2024/12/17,3:53:05,3.9
内河侧水位,2024/12/17,4:00:00,3.9
长江侧水位,2024/12/17,4:00:00,2.2
上游闸内水位,2024/12/17,4:39:30,3.8
上游闸外水位,2024/12/17,4:39:30,3.8
下游闸内水位,2024/12/17,4:42:56,3.8
下游闸外水位,2024/12/17,4:42:56,2.2
下游闸内水位,2024/12/17,4:46:12,3.2
下游闸外水位,2024/12/17,4:46:12,2.3
下游闸内水位,2024/12/17,4:49:09,2.4
下游闸外水位,2024/12/17,4:49:09,2.3
内河侧水位,2024/12/17,5:00:00,3.9
长江侧水位,2024/12/17,5:00:00,2.4
下游闸内水位,2024/12/17,5:39:08,3.1
下游闸外水位,2024/12/17,5:39:08,3.1
上游闸内水位,2024/12/17,5:41:50,3.1
上游闸外水位,2024/12/17,5:41:50,3.9
上游闸内水位,2024/12/17,5:44:40,3.7
上游闸外水位,2024/12/17,5:44:40,3.8
内河侧水位,2024/12/17,6:00:00,3.8
长江侧水位,2024/12/17,6:00:00,3.3
上游闸内水位,2024/12/17,6:27:39,3.8
上游闸外水位,2024/12/17,6:27:39,3.9
下游闸内水位,2024/12/17,6:30:35,3.8
下游闸外水位,2024/12/17,6:30:35,3.5
下游闸内水位,2024/12/17,6:32:31,3.6
下游闸外水位,2024/12/17,6:32:31,3.5
内河侧水位,2024/12/17,7:00:00,3.9
长江侧水位,2024/12/17,7:00:00,3.6
下游闸内水位,2024/12/17,7:12:37,3.6
下游闸外水位,2024/12/17,7:12:37,3.6
上游闸内水位,2024/12/17,7:15:30,3.6
上游闸外水位,2024/12/17,7:15:30,3.9
上游闸内水位,2024/12/17,7:17:31,3.8
上游闸外水位,2024/12/17,7:17:31,3.9
上游闸内水位,2024/12/17,7:42:29,3.8
上游闸外水位,2024/12/17,7:42:29,3.9
下游闸内水位,2024/12/17,7:45:54,3.8
下游闸外水位,2024/12/17,7:45:54,3.7
下游闸内水位,2024/12/17,7:47:41,3.7
下游闸外水位,2024/12/17,7:47:41,3.7
内河侧水位,2024/12/17,8:00:00,3.9
长江侧水位,2024/12/17,8:00:00,3.7
下游闸内水位,2024/12/17,8:06:07,3.7
下游闸外水位,2024/12/17,8:06:07,3.7
上游闸内水位,2024/12/17,8:08:21,3.7
上游闸外水位,2024/12/17,8:08:21,3.9
上游闸内水位,2024/12/17,8:42:21,3.8
上游闸外水位,2024/12/17,8:42:21,3.9
下游闸内水位,2024/12/17,8:44:55,3.9
下游闸外水位,2024/12/17,8:44:55,3.5
下游闸内水位,2024/12/17,8:47:06,3.7
下游闸外水位,2024/12/17,8:47:06,3.5
内河侧水位,2024/12/16,22:00:00,4.0
长江侧水位,2024/12/16,22:00:00,3.3
上游闸内水位,2024/12/16,22:04:15,3.9
上游闸外水位,2024/12/16,22:04:15,4.0
下游闸内水位,2024/12/16,22:06:48,3.9
下游闸外水位,2024/12/16,22:06:48,3.2
下游闸内水位,2024/12/16,22:10:09,3.4
下游闸外水位,2024/12/16,22:10:09,3.2
下游闸内水位,2024/12/16,22:57:46,3.0
下游闸外水位,2024/12/16,22:57:46,3.0
内河侧水位,2024/12/16,23:00:00,3.9
长江侧水位,2024/12/16,23:00:00,2.9
上游闸内水位,2024/12/16,23:00:29,2.9
上游闸外水位,2024/12/16,23:00:29,3.9
上游闸内水位,2024/12/16,23:04:15,3.9
上游闸外水位,2024/12/16,23:04:15,4.0
上游闸内水位,2024/12/16,23:58:51,3.8
上游闸外水位,2024/12/16,23:58:51,3.9
内河侧水位,2024/12/17,0:00:00,3.9
长江侧水位,2024/12/17,0:00:00,2.7
下游闸内水位,2024/12/17,0:03:26,3.9
下游闸外水位,2024/12/17,0:03:26,2.7
下游闸内水位,2024/12/17,0:07:49,2.9
下游闸外水位,2024/12/17,0:07:49,2.7
内河侧水位,2024/12/17,1:00:00,3.9
长江侧水位,2024/12/17,1:00:00,2.6
下游闸内水位,2024/12/17,1:03:42,2.6
下游闸外水位,2024/12/17,1:03:42,2.6
上游闸内水位,2024/12/17,1:07:16,2.6
上游闸外水位,2024/12/17,1:07:16,3.9
上游闸内水位,2024/12/17,1:11:21,3.8
上游闸外水位,2024/12/17,1:11:21,3.9
上游闸内水位,2024/12/17,1:52:24,3.8
上游闸外水位,2024/12/17,1:52:24,3.9
下游闸内水位,2024/12/17,1:55:20,3.8
下游闸外水位,2024/12/17,1:55:20,2.5
内河侧水位,2024/12/17,2:00:00,3.9
长江侧水位,2024/12/17,2:00:00,2.4
下游闸内水位,2024/12/17,2:00:17,2.6
下游闸外水位,2024/12/17,2:00:17,2.4
下游闸内水位,2024/12/17,2:09:48,2.4
下游闸外水位,2024/12/17,2:09:48,2.4
上游闸内水位,2024/12/17,2:13:23,2.4
上游闸外水位,2024/12/17,2:13:23,3.9
上游闸内水位,2024/12/17,2:17:42,3.8
上游闸外水位,2024/12/17,2:17:42,3.9
内河侧水位,2024/12/17,9:00:00,3.9
长江侧水位,2024/12/17,9:00:00,3.4
下游闸内水位,2024/12/17,9:03:01,3.5
下游闸外水位,2024/12/17,9:03:01,3.4
上游闸内水位,2024/12/17,9:06:20,3.4
上游闸外水位,2024/12/17,9:06:20,3.9
上游闸内水位,2024/12/17,9:08:24,3.7
上游闸外水位,2024/12/17,9:08:24,3.8
上游闸内水位,2024/12/17,9:40:28,3.8
上游闸外水位,2024/12/17,9:40:28,3.9
下游闸内水位,2024/12/17,9:42:58,3.8
下游闸外水位,2024/12/17,9:42:58,3.2
下游闸内水位,2024/12/17,9:57:12,3.1
下游闸外水位,2024/12/17,9:57:12,3.1
上游闸内水位,2024/12/17,9:59:48,3.0
上游闸外水位,2024/12/17,9:59:48,3.9
内河侧水位,2024/12/17,10:00:00,3.8
长江侧水位,2024/12/17,10:00:00,3.0
上游闸内水位,2024/12/17,10:02:45,3.7
上游闸外水位,2024/12/17,10:02:45,3.9
上游闸内水位,2024/12/17,10:25:13,3.8
上游闸外水位,2024/12/17,10:25:13,3.9
下游闸内水位,2024/12/17,10:28:23,3.8
下游闸外水位,2024/12/17,10:28:23,2.9
下游闸内水位,2024/12/17,10:32:11,3.1
下游闸外水位,2024/12/17,10:32:11,2.9
内河侧水位,2024/12/17,11:00:00,3.9
长江侧水位,2024/12/17,11:00:00,2.8
下游闸内水位,2024/12/17,11:14:21,2.8
下游闸外水位,2024/12/17,11:14:21,2.7
上游闸内水位,2024/12/17,11:16:54,2.7
上游闸外水位,2024/12/17,11:16:54,3.9
上游闸内水位,2024/12/17,11:21:35,3.9
上游闸外水位,2024/12/17,11:21:35,3.9
内河侧水位,2024/12/17,12:00:00,3.8
长江侧水位,2024/12/17,12:00:00,2.6
上游闸内水位,2024/12/17,12:06:24,3.8
上游闸外水位,2024/12/17,12:06:24,3.8
下游闸内水位,2024/12/17,12:08:58,3.8
下游闸外水位,2024/12/17,12:08:58,2.6
下游闸内水位,2024/12/17,12:14:09,2.6
下游闸内水位,2024/12/17,9:46:18,3.3
下游闸外水位,2024/12/17,9:46:18,3.1
上游闸内水位,2024/12/17,13:20:23,3.9
上游闸外水位,2024/12/17,13:20:23,3.9
内河侧水位,2024/12/17,20:00:00,3.9
长江侧水位,2024/12/17,20:00:00,4.3
下游闸内水位,2024/12/19,9:44:54,3.8
下游闸外水位,2024/12/19,9:44:54,3.7
上游闸内水位,2024/12/19,10:31:12,3.7
上游闸外水位,2024/12/19,10:31:12,3.8
下游闸内水位,2024/12/19,10:33:48,3.8
下游闸外水位,2024/12/19,10:33:48,3.4
下游闸内水位,2024/12/19,10:36:22,3.5
下游闸外水位,2024/12/19,10:36:22,3.3
上游闸内水位,2024/12/19,15:21:26,2.4
上游闸外水位,2024/12/19,15:21:26,3.8
上游闸内水位,2024/12/19,15:26:42,3.9
上游闸外水位,2024/12/19,15:26:42,3.9
内河侧水位,2024/12/19,16:00:00,3.8
长江侧水位,2024/12/19,16:00:00,2.3
上游闸内水位,2024/12/19,16:07:32,3.8
上游闸外水位,2024/12/19,16:07:32,3.8
下游闸内水位,2024/12/19,16:10:09,3.8
下游闸外水位,2024/12/19,16:10:09,2.2
下游闸内水位,2024/12/19,16:15:16,2.4
下游闸外水位,2024/12/19,16:15:16,2.2
内河侧水位,2024/12/19,17:00:00,3.8
长江侧水位,2024/12/19,17:00:00,2.2
下游闸内水位,2024/12/19,17:03:35,2.2
下游闸外水位,2024/12/19,17:03:35,2.1
上游闸内水位,2024/12/19,17:06:31,2.2
上游闸外水位,2024/12/19,17:06:31,3.8
上游闸内水位,2024/12/19,17:08:07,2.4
上游闸外水位,2024/12/19,17:08:07,3.8
上游闸内水位,2024/12/19,17:10:20,3.0
上游闸外水位,2024/12/19,17:10:20,3.8
上游闸内水位,2024/12/19,17:13:00,3.8
上游闸外水位,2024/12/19,17:13:00,3.8
上游闸内水位,2024/12/19,17:40:32,3.7
上游闸外水位,2024/12/19,17:40:32,3.8
下游闸内水位,2024/12/19,17:43:05,3.8
下游闸外水位,2024/12/19,17:43:05,2.2
下游闸内水位,2024/12/19,17:48:02,2.4
下游闸外水位,2024/12/19,17:48:02,2.3
内河侧水位,2024/12/19,18:00:00,3.8
长江侧水位,2024/12/19,18:00:00,2.4
下游闸内水位,2024/12/19,18:04:35,2.5
下游闸外水位,2024/12/19,18:04:35,2.5
上游闸内水位,2024/12/19,18:07:16,2.6
上游闸外水位,2024/12/19,18:07:16,3.8
上游闸内水位,2024/12/19,18:10:58,3.7
上游闸外水位,2024/12/19,18:10:58,3.9
上游闸内水位,2024/12/19,18:43:38,3.8
上游闸外水位,2024/12/19,18:43:38,3.8
下游闸内水位,2024/12/19,18:46:34,3.8
下游闸外水位,2024/12/19,18:46:34,3.2
下游闸内水位,2024/12/19,18:49:37,3.3
下游闸外水位,2024/12/19,18:49:37,3.2
内河侧水位,2024/12/19,19:00:00,3.8
长江侧水位,2024/12/19,19:00:00,3.4
下游闸内水位,2024/12/19,19:36:39,3.7
下游闸外水位,2024/12/19,19:36:39,3.7
上游闸内水位,2024/12/19,19:39:22,3.7
上游闸外水位,2024/12/19,19:39:22,3.8
上游闸内水位,2024/12/19,19:41:12,3.8
上游闸外水位,2024/12/19,19:41:12,3.8
内河侧水位,2024/12/19,20:00:00,3.8
长江侧水位,2024/12/19,20:00:00,3.8
上游闸内水位,2024/12/19,20:25:46,3.8
上游闸外水位,2024/12/19,20:25:46,3.8
下游闸内水位,2024/12/19,20:28:19,3.8
下游闸外水位,2024/12/19,20:28:19,3.9
下游闸内水位,2024/12/19,20:29:55,3.9
下游闸外水位,2024/12/19,20:29:55,4.0
内河侧水位,2024/12/19,21:00:00,3.8
长江侧水位,2024/12/19,21:00:00,4.1
下游闸内水位,2024/12/19,21:04:19,4.1
下游闸外水位,2024/12/19,21:04:19,4.0
上游闸内水位,2024/12/19,21:07:06,4.1
上游闸外水位,2024/12/19,21:07:06,3.9
上游闸内水位,2024/12/19,21:09:52,3.8
上游闸外水位,2024/12/19,21:09:52,3.9
上游闸内水位,2024/12/19,21:47:53,3.8
上游闸外水位,2024/12/19,21:47:53,3.9
下游闸内水位,2024/12/20,1:51:40,2.8
下游闸外水位,2024/12/20,1:51:40,2.7
上游闸内水位,2024/12/20,1:54:21,2.8
下游闸外水位,2024/12/17,12:14:09,2.5
内河侧水位,2024/12/17,13:00:00,3.8
长江侧水位,2024/12/17,13:00:00,2.5
下游闸内水位,2024/12/17,13:12:21,2.4
下游闸外水位,2024/12/17,13:12:21,2.4
上游闸内水位,2024/12/17,13:15:02,2.4
上游闸外水位,2024/12/17,13:15:02,3.9
下游闸内水位,2024/12/18,9:57:24,3.5
下游闸外水位,2024/12/18,9:57:24,3.4
内河侧水位,2024/12/18,10:00:00,3.8
长江侧水位,2024/12/18,10:00:00,3.3
上游闸内水位,2024/12/18,10:00:02,3.2
上游闸外水位,2024/12/18,10:00:02,3.8
上游闸内水位,2024/12/18,10:02:19,3.6
上游闸外水位,2024/12/18,10:02:19,3.8
上游闸内水位,2024/12/18,10:39:24,3.8
上游闸外水位,2024/12/18,10:39:24,3.9
下游闸内水位,2024/12/18,10:42:34,3.8
下游闸外水位,2024/12/18,10:42:34,3.2
下游闸内水位,2024/12/18,10:46:00,3.2
下游闸外水位,2024/12/18,10:46:00,3.1
上游闸内水位,2024/12/18,11:23:29,3.7
上游闸外水位,2024/12/18,11:23:29,3.8
上游闸内水位,2024/12/18,11:49:18,3.7
上游闸外水位,2024/12/18,11:49:18,3.8
下游闸内水位,2024/12/18,11:52:20,3.8
下游闸外水位,2024/12/18,11:52:20,2.8
下游闸内水位,2024/12/18,11:56:01,3.0
下游闸外水位,2024/12/18,11:56:01,2.9
内河侧水位,2024/12/18,12:00:00,3.8
长江侧水位,2024/12/18,12:00:00,2.8
下游闸内水位,2024/12/18,12:35:58,2.7
下游闸外水位,2024/12/18,12:35:58,2.7
上游闸内水位,2024/12/18,12:38:41,2.6
上游闸外水位,2024/12/18,12:38:41,3.8
上游闸内水位,2024/12/18,12:42:15,3.7
上游闸外水位,2024/12/18,12:42:15,3.8
内河侧水位,2024/12/18,13:00:00,3.8
长江侧水位,2024/12/18,13:00:00,2.6
上游闸内水位,2024/12/18,13:20:53,3.7
上游闸外水位,2024/12/18,13:20:53,3.8
下游闸内水位,2024/12/18,13:23:41,3.8
下游闸外水位,2024/12/18,13:23:41,2.6
下游闸内水位,2024/12/18,13:28:06,2.7
下游闸外水位,2024/12/18,13:28:06,2.6
内河侧水位,2024/12/18,14:00:00,3.8
长江侧水位,2024/12/18,14:00:00,2.5
下游闸内水位,2024/12/18,14:12:42,2.4
下游闸外水位,2024/12/18,14:12:42,2.4
上游闸内水位,2024/12/18,14:19:25,2.4
上游闸外水位,2024/12/18,14:19:25,3.8
上游闸内水位,2024/12/18,14:23:32,3.7
上游闸外水位,2024/12/18,14:23:32,3.8
上游闸内水位,2024/12/18,14:51:25,3.7
上游闸外水位,2024/12/18,14:51:25,3.8
下游闸内水位,2024/12/18,14:54:00,3.8
下游闸外水位,2024/12/18,14:54:00,2.3
下游闸内水位,2024/12/18,14:59:39,2.4
下游闸外水位,2024/12/18,14:59:39,2.3
内河侧水位,2024/12/18,15:00:00,3.8
长江侧水位,2024/12/18,15:00:00,2.3
下游闸内水位,2024/12/18,15:41:23,2.3
下游闸外水位,2024/12/18,15:41:23,2.3
上游闸内水位,2024/12/18,15:44:01,2.2
上游闸外水位,2024/12/18,15:44:01,3.8
上游闸内水位,2024/12/18,15:48:24,3.7
上游闸外水位,2024/12/18,15:48:24,3.8
内河侧水位,2024/12/18,16:00:00,3.8
长江侧水位,2024/12/18,16:00:00,2.2
上游闸内水位,2024/12/18,16:16:39,3.7
上游闸外水位,2024/12/18,16:16:39,3.8
下游闸内水位,2024/12/18,16:19:13,3.8
下游闸外水位,2024/12/18,16:19:13,2.2
下游闸内水位,2024/12/18,16:25:08,2.2
下游闸外水位,2024/12/18,16:25:08,2.1
下游闸内水位,2024/12/18,16:42:47,2.1
下游闸外水位,2024/12/18,16:42:47,2.1
上游闸内水位,2024/12/18,16:46:51,2.2
上游闸外水位,2024/12/18,16:46:51,3.8
上游闸内水位,2024/12/18,16:51:20,3.7
上游闸外水位,2024/12/18,16:51:20,3.9
内河侧水位,2024/12/18,17:00:00,3.8
长江侧水位,2024/12/18,17:00:00,2.2
上游闸内水位,2024/12/18,17:26:35,3.7
上游闸外水位,2024/12/18,17:26:35,3.8
下游闸内水位,2024/12/18,17:29:10,3.8
下游闸外水位,2024/12/18,17:29:10,2.7
内河侧水位,2024/12/17,14:00:00,3.8
长江侧水位,2024/12/17,14:00:00,2.3
上游闸内水位,2024/12/17,14:05:52,3.8
上游闸外水位,2024/12/17,14:05:52,3.8
下游闸内水位,2024/12/17,14:08:36,3.8
下游闸外水位,2024/12/17,14:08:36,2.3
下游闸内水位,2024/12/17,14:13:59,2.4
下游闸外水位,2024/12/17,14:13:59,2.2
内河侧水位,2024/12/17,15:00:00,3.8
长江侧水位,2024/12/17,15:00:00,2.1
下游闸内水位,2024/12/17,15:06:30,2.2
下游闸外水位,2024/12/17,15:06:30,2.2
上游闸内水位,2024/12/17,15:09:29,2.1
上游闸外水位,2024/12/17,15:09:29,3.8
上游闸内水位,2024/12/17,15:15:40,3.5
上游闸外水位,2024/12/17,15:15:40,3.8
上游闸内水位,2024/12/17,15:16:47,3.6
上游闸外水位,2024/12/17,15:16:47,3.8
上游闸内水位,2024/12/17,15:49:32,3.7
上游闸外水位,2024/12/17,15:49:32,3.8
下游闸内水位,2024/12/17,15:54:13,3.8
下游闸外水位,2024/12/17,15:54:13,2.0
内河侧水位,2024/12/17,16:00:00,3.8
长江侧水位,2024/12/17,16:00:00,2.0
下游闸内水位,2024/12/17,16:00:43,2.1
下游闸外水位,2024/12/17,16:00:43,2.0
下游闸内水位,2024/12/17,16:38:45,2.3
下游闸外水位,2024/12/17,16:38:45,2.3
上游闸内水位,2024/12/17,16:41:29,2.4
上游闸外水位,2024/12/17,16:41:29,3.8
上游闸内水位,2024/12/17,16:45:39,3.7
上游闸外水位,2024/12/17,16:45:39,3.9
内河侧水位,2024/12/17,17:00:00,3.8
长江侧水位,2024/12/17,17:00:00,2.8
上游闸内水位,2024/12/17,17:10:57,3.7
上游闸外水位,2024/12/17,17:10:57,3.8
下游闸内水位,2024/12/17,17:13:48,3.8
下游闸外水位,2024/12/17,17:13:48,3.1
下游闸内水位,2024/12/17,17:16:54,3.2
下游闸外水位,2024/12/17,17:16:54,3.1
下游闸内水位,2024/12/17,17:53:25,3.7
下游闸外水位,2024/12/17,17:53:25,3.6
上游闸内水位,2024/12/17,17:56:02,3.6
上游闸外水位,2024/12/17,17:56:02,3.8
上游闸内水位,2024/12/17,17:57:45,3.7
上游闸外水位,2024/12/17,17:57:45,3.8
内河侧水位,2024/12/17,18:00:00,3.8
长江侧水位,2024/12/17,18:00:00,3.7
上游闸内水位,2024/12/17,18:36:28,3.8
上游闸外水位,2024/12/17,18:36:28,3.8
下游闸内水位,2024/12/17,18:39:01,3.8
下游闸外水位,2024/12/17,18:39:01,4.0
下游闸内水位,2024/12/17,18:40:43,3.9
下游闸外水位,2024/12/17,18:40:43,4.0
下游闸内水位,2024/12/17,18:59:32,4.1
下游闸外水位,2024/12/17,18:59:32,4.0
内河侧水位,2024/12/17,19:00:00,3.8
长江侧水位,2024/12/17,19:00:00,4.0
上游闸内水位,2024/12/17,19:02:14,4.1
上游闸外水位,2024/12/17,19:02:14,3.8
上游闸内水位,2024/12/17,19:04:21,3.8
上游闸外水位,2024/12/17,19:04:21,3.9
上游闸内水位,2024/12/17,19:33:37,3.8
上游闸外水位,2024/12/17,19:33:37,3.8
下游闸内水位,2024/12/17,19:36:10,3.8
下游闸外水位,2024/12/17,19:36:10,4.2
下游闸内水位,2024/12/17,19:37:48,4.0
下游闸外水位,2024/12/17,19:37:48,4.2
下游闸内水位,2024/12/17,20:24:09,4.3
下游闸外水位,2024/12/17,20:24:09,4.2
上游闸内水位,2024/12/17,20:26:48,4.2
上游闸外水位,2024/12/17,20:26:48,3.9
上游闸内水位,2024/12/17,20:28:47,3.9
上游闸外水位,2024/12/17,20:28:47,3.9
内河侧水位,2024/12/17,21:00:00,3.9
长江侧水位,2024/12/17,21:00:00,4.1
上游闸内水位,2024/12/17,21:06:14,3.8
上游闸外水位,2024/12/17,21:06:14,3.9
下游闸内水位,2024/12/17,21:08:55,3.9
下游闸外水位,2024/12/17,21:08:55,4.0
下游闸内水位,2024/12/17,21:10:29,4.0
下游闸外水位,2024/12/17,21:10:29,4.0
上游闸内水位,2024/12/17,22:10:44,3.8
上游闸外水位,2024/12/17,22:10:44,3.9
上游闸内水位,2024/12/17,22:52:02,3.9
上游闸外水位,2024/12/17,22:52:02,3.9
下游闸内水位,2024/12/17,22:54:49,3.9
内河侧水位,2024/12/17,22:00:00,3.9
长江侧水位,2024/12/17,22:00:00,3.7
下游闸内水位,2024/12/17,22:06:10,3.7
下游闸外水位,2024/12/17,22:06:10,3.7
上游闸内水位,2024/12/17,22:08:53,3.7
上游闸外水位,2024/12/17,22:08:53,3.9
下游闸外水位,2024/12/17,22:54:49,3.3
下游闸内水位,2024/12/17,22:57:56,3.4
下游闸外水位,2024/12/17,22:57:56,3.3
内河侧水位,2024/12/17,23:00:00,3.9
长江侧水位,2024/12/17,23:00:00,3.3
下游闸内水位,2024/12/17,23:41:54,3.1
下游闸外水位,2024/12/17,23:41:54,3.1
上游闸内水位,2024/12/17,23:44:31,3.1
上游闸外水位,2024/12/17,23:44:31,3.9
上游闸内水位,2024/12/17,23:47:53,3.8
上游闸外水位,2024/12/17,23:47:53,3.9
内河侧水位,2024/12/18,0:00:00,4.0
长江侧水位,2024/12/18,0:00:00,3.0
上游闸内水位,2024/12/18,0:21:22,3.8
上游闸外水位,2024/12/18,0:21:22,3.9
下游闸内水位,2024/12/18,0:23:53,3.9
下游闸外水位,2024/12/18,0:23:53,2.9
下游闸内水位,2024/12/18,0:27:59,3.1
下游闸外水位,2024/12/18,0:27:59,2.9
内河侧水位,2024/12/18,1:00:00,3.9
长江侧水位,2024/12/18,1:00:00,2.8
下游闸内水位,2024/12/18,1:13:46,2.8
下游闸外水位,2024/12/18,1:13:46,2.8
上游闸内水位,2024/12/18,1:16:29,2.8
上游闸外水位,2024/12/18,1:16:29,3.9
上游闸内水位,2024/12/18,1:20:02,3.8
上游闸外水位,2024/12/18,1:20:02,3.9
内河侧水位,2024/12/18,2:00:00,3.9
长江侧水位,2024/12/18,2:00:00,2.6
上游闸内水位,2024/12/18,2:07:35,3.8
上游闸外水位,2024/12/18,2:07:35,3.9
下游闸内水位,2024/12/18,2:10:13,3.9
下游闸外水位,2024/12/18,2:10:13,2.6
下游闸内水位,2024/12/18,2:14:54,2.8
下游闸外水位,2024/12/18,2:14:54,2.6
下游闸内水位,2024/12/18,2:38:01,2.6
下游闸外水位,2024/12/18,2:38:01,2.5
上游闸内水位,2024/12/18,2:40:39,2.5
上游闸外水位,2024/12/18,2:40:39,3.9
上游闸内水位,2024/12/18,2:44:56,3.8
上游闸外水位,2024/12/18,2:44:56,3.9
内河侧水位,2024/12/18,3:00:00,3.9
长江侧水位,2024/12/18,3:00:00,2.5
上游闸内水位,2024/12/18,3:22:08,3.8
上游闸外水位,2024/12/18,3:22:08,3.9
下游闸内水位,2024/12/18,3:24:45,3.8
下游闸外水位,2024/12/18,3:24:45,2.4
下游闸内水位,2024/12/18,3:29:41,2.6
下游闸外水位,2024/12/18,3:29:41,2.4
内河侧水位,2024/12/18,4:00:00,3.9
长江侧水位,2024/12/18,4:00:00,2.3
下游闸内水位,2024/12/18,4:38:16,2.3
下游闸外水位,2024/12/18,4:38:16,2.3
上游闸内水位,2024/12/18,4:40:57,2.3
上游闸外水位,2024/12/18,4:40:57,3.9
上游闸内水位,2024/12/18,4:49:51,3.5
上游闸外水位,2024/12/18,4:49:51,3.9
上游闸内水位,2024/12/18,4:51:26,3.7
上游闸外水位,2024/12/18,4:51:26,3.8
内河侧水位,2024/12/18,5:00:00,3.9
长江侧水位,2024/12/18,5:00:00,2.3
上游闸内水位,2024/12/18,5:31:08,3.8
上游闸外水位,2024/12/18,5:31:08,3.9
下游闸内水位,2024/12/18,5:33:46,3.8
下游闸外水位,2024/12/18,5:33:46,2.4
下游闸内水位,2024/12/18,5:38:49,2.6
下游闸外水位,2024/12/18,5:38:49,2.5
下游闸内水位,2024/12/18,5:50:56,2.7
下游闸外水位,2024/12/18,5:50:56,2.7
上游闸内水位,2024/12/18,5:53:32,2.9
上游闸外水位,2024/12/18,5:53:32,3.9
上游闸内水位,2024/12/18,5:56:51,3.7
上游闸外水位,2024/12/18,5:56:51,3.9
内河侧水位,2024/12/18,6:00:00,3.8
长江侧水位,2024/12/18,6:00:00,2.9
上游闸内水位,2024/12/18,6:11:18,3.8
上游闸外水位,2024/12/18,6:11:18,3.8
下游闸内水位,2024/12/18,6:13:56,3.8
下游闸外水位,2024/12/18,6:13:56,3.1
下游闸内水位,2024/12/18,6:24:55,3.2
下游闸外水位,2024/12/18,6:24:55,3.2
下游闸内水位,2024/12/18,6:32:15,3.4
下游闸外水位,2024/12/18,6:32:15,3.4
上游闸内水位,2024/12/18,6:38:55,3.4
上游闸外水位,2024/12/18,6:38:55,3.9
上游闸内水位,2024/12/18,6:41:28,3.7
上游闸外水位,2024/12/18,6:41:28,3.8
内河侧水位,2024/12/18,7:00:00,3.9
长江侧水位,2024/12/18,7:00:00,3.5
上游闸内水位,2024/12/18,7:07:26,3.8
上游闸外水位,2024/12/18,7:07:26,3.8
下游闸内水位,2024/12/18,7:10:29,3.8
下游闸外水位,2024/12/18,7:10:29,3.6
下游闸内水位,2024/12/18,7:12:34,3.6
下游闸外水位,2024/12/18,7:12:34,3.5
下游闸内水位,2024/12/18,7:44:09,3.7
下游闸外水位,2024/12/18,7:44:09,3.7
上游闸内水位,2024/12/18,7:46:55,3.7
上游闸外水位,2024/12/18,7:46:55,3.9
下游闸内水位,2024/12/18,7:50:09,3.9
下游闸外水位,2024/12/18,7:50:09,3.7
下游闸内水位,2024/12/18,7:54:12,3.8
下游闸外水位,2024/12/18,7:54:12,3.7
内河侧水位,2024/12/18,8:00:00,3.9
长江侧水位,2024/12/18,8:00:00,3.8
内河侧水位,2024/12/18,9:00:00,3.8
长江侧水位,2024/12/18,9:00:00,3.8
上游闸内水位,2024/12/18,9:20:21,3.7
上游闸外水位,2024/12/18,9:20:21,3.7
内河侧水位,2024/12/18,11:00:00,3.9
长江侧水位,2024/12/18,11:00:00,3.1
下游闸内水位,2024/12/18,11:17:52,3.0
下游闸外水位,2024/12/18,11:17:52,3.0
上游闸内水位,2024/12/18,11:20:31,3.0
上游闸外水位,2024/12/18,11:20:31,3.8
下游闸内水位,2024/12/18,17:32:57,2.9
下游闸外水位,2024/12/18,17:32:57,2.8
内河侧水位,2024/12/18,18:00:00,3.8
长江侧水位,2024/12/18,18:00:00,3.2
下游闸内水位,2024/12/18,18:13:43,3.5
下游闸外水位,2024/12/18,18:13:43,3.5
上游闸内水位,2024/12/18,18:16:49,3.5
上游闸外水位,2024/12/18,18:16:49,3.8
上游闸内水位,2024/12/18,18:18:46,3.7
上游闸外水位,2024/12/18,18:18:46,3.8
上游闸内水位,2024/12/18,18:52:28,3.8
上游闸外水位,2024/12/18,18:52:28,3.8
下游闸内水位,2024/12/18,18:55:03,3.8
下游闸外水位,2024/12/18,18:55:03,3.9
下游闸内水位,2024/12/18,18:56:41,3.9
下游闸外水位,2024/12/18,18:56:41,3.9
内河侧水位,2024/12/18,19:00:01,3.8
长江侧水位,2024/12/18,19:00:01,3.9
下游闸内水位,2024/12/18,19:15:39,4.1
下游闸外水位,2024/12/18,19:15:39,4.0
上游闸内水位,2024/12/18,19:18:16,4.1
上游闸外水位,2024/12/18,19:18:16,3.8
上游闸内水位,2024/12/18,19:20:10,3.8
上游闸外水位,2024/12/18,19:20:10,3.8
上游闸内水位,2024/12/18,19:42:30,3.7
上游闸外水位,2024/12/18,19:42:30,3.8
下游闸内水位,2024/12/18,19:47:08,3.8
下游闸外水位,2024/12/18,19:47:08,4.2
下游闸内水位,2024/12/18,19:48:49,4.0
下游闸外水位,2024/12/18,19:48:49,4.2
内河侧水位,2024/12/18,20:00:00,3.8
长江侧水位,2024/12/18,20:00:00,4.3
下游闸内水位,2024/12/18,20:28:11,4.3
下游闸外水位,2024/12/18,20:28:11,4.3
上游闸内水位,2024/12/18,20:30:48,4.3
上游闸外水位,2024/12/18,20:30:48,3.9
上游闸内水位,2024/12/18,20:32:48,4.0
上游闸外水位,2024/12/18,20:32:48,3.9
内河侧水位,2024/12/18,21:00:00,3.9
长江侧水位,2024/12/18,21:00:00,4.3
上游闸内水位,2024/12/18,21:11:23,3.8
上游闸外水位,2024/12/18,21:11:23,3.9
下游闸内水位,2024/12/18,21:13:54,3.9
下游闸外水位,2024/12/18,21:13:54,4.2
下游闸内水位,2024/12/18,21:15:55,4.1
下游闸外水位,2024/12/18,21:15:55,4.2
下游闸内水位,2024/12/18,21:54:32,4.1
下游闸外水位,2024/12/18,21:54:32,4.1
上游闸内水位,2024/12/18,21:57:08,4.0
上游闸外水位,2024/12/18,21:57:08,3.9
上游闸内水位,2024/12/18,21:59:10,3.9
上游闸外水位,2024/12/18,21:59:10,3.9
内河侧水位,2024/12/18,22:00:00,3.9
长江侧水位,2024/12/18,22:00:00,4.0
上游闸内水位,2024/12/18,22:33:57,3.8
上游闸外水位,2024/12/18,22:33:57,3.9
下游闸内水位,2024/12/18,22:36:38,3.9
下游闸外水位,2024/12/18,22:36:38,3.8
下游闸内水位,2024/12/18,22:39:40,3.7
下游闸外水位,2024/12/18,22:39:40,3.7
内河侧水位,2024/12/18,23:00:00,3.9
长江侧水位,2024/12/18,23:00:00,3.6
下游闸内水位,2024/12/18,23:21:39,3.5
下游闸外水位,2024/12/18,23:21:39,3.4
上游闸内水位,2024/12/18,23:24:31,3.4
上游闸外水位,2024/12/18,23:24:31,3.9
上游闸内水位,2024/12/18,23:26:40,3.7
上游闸外水位,2024/12/18,23:26:40,3.9
内河侧水位,2024/12/19,0:00:00,3.9
长江侧水位,2024/12/19,0:00:00,3.2
上游闸内水位,2024/12/19,0:30:33,3.8
上游闸外水位,2024/12/19,0:30:33,3.9
下游闸内水位,2024/12/19,0:33:07,3.9
下游闸外水位,2024/12/19,0:33:07,3.1
下游闸内水位,2024/12/19,0:36:48,3.2
下游闸外水位,2024/12/19,0:36:48,3.0
内河侧水位,2024/12/19,1:00:00,3.9
长江侧水位,2024/12/19,1:00:00,2.9
下游闸内水位,2024/12/19,1:17:40,2.9
下游闸外水位,2024/12/19,1:17:40,2.9
上游闸内水位,2024/12/19,1:20:19,2.9
上游闸外水位,2024/12/19,1:20:19,3.9
上游闸内水位,2024/12/19,1:23:49,3.8
上游闸外水位,2024/12/19,1:23:49,3.9
上游闸内水位,2024/12/19,1:54:59,3.8
上游闸外水位,2024/12/19,1:54:59,3.9
下游闸内水位,2024/12/19,1:57:59,3.9
下游闸外水位,2024/12/19,1:57:59,2.8
内河侧水位,2024/12/19,2:00:00,3.9
长江侧水位,2024/12/19,2:00:00,2.8
下游闸内水位,2024/12/19,2:02:20,2.9
下游闸外水位,2024/12/19,2:02:20,2.8
内河侧水位,2024/12/19,3:00:00,3.9
长江侧水位,2024/12/19,3:00:00,2.6
下游闸内水位,2024/12/19,3:06:07,2.6
下游闸外水位,2024/12/19,3:06:07,2.6
上游闸内水位,2024/12/19,3:08:45,2.6
上游闸外水位,2024/12/19,3:08:45,3.9
上游闸内水位,2024/12/19,3:10:26,2.9
上游闸外水位,2024/12/19,3:10:26,3.9
上游闸内水位,2024/12/19,3:13:36,3.8
上游闸外水位,2024/12/19,3:13:36,3.9
上游闸内水位,2024/12/19,3:56:38,3.8
上游闸外水位,2024/12/19,3:56:38,3.9
下游闸内水位,2024/12/19,3:59:22,3.8
下游闸外水位,2024/12/19,3:59:22,2.5
内河侧水位,2024/12/19,4:00:00,3.9
长江侧水位,2024/12/19,4:00:00,2.5
下游闸内水位,2024/12/19,4:04:18,2.6
下游闸外水位,2024/12/19,4:04:18,2.4
下游闸内水位,2024/12/19,4:20:33,2.5
下游闸外水位,2024/12/19,4:20:33,2.4
上游闸内水位,2024/12/19,4:23:18,2.5
上游闸外水位,2024/12/19,4:23:18,3.9
上游闸内水位,2024/12/19,4:27:30,3.8
上游闸外水位,2024/12/19,4:27:30,3.9
上游闸内水位,2024/12/19,4:51:03,3.8
上游闸外水位,2024/12/19,4:51:03,3.9
下游闸内水位,2024/12/19,4:53:35,3.8
下游闸外水位,2024/12/19,4:53:35,2.3
下游闸内水位,2024/12/19,4:58:45,2.5
下游闸外水位,2024/12/19,4:58:45,2.3
内河侧水位,2024/12/19,5:00:00,3.9
长江侧水位,2024/12/19,5:00:00,2.3
下游闸内水位,2024/12/19,5:10:16,2.3
下游闸外水位,2024/12/19,5:10:16,2.3
上游闸内水位,2024/12/19,5:13:01,2.3
上游闸外水位,2024/12/19,5:13:01,3.9
上游闸内水位,2024/12/19,5:17:35,3.8
上游闸外水位,2024/12/19,5:17:35,3.9
上游闸内水位,2024/12/19,5:51:25,3.8
上游闸外水位,2024/12/19,5:51:25,3.9
下游闸内水位,2024/12/19,5:54:00,3.8
下游闸外水位,2024/12/19,5:54:00,2.3
下游闸内水位,2024/12/19,5:59:37,2.4
下游闸外水位,2024/12/19,5:59:37,2.2
内河侧水位,2024/12/19,6:00:00,3.9
长江侧水位,2024/12/19,6:00:00,2.3
下游闸内水位,2024/12/19,6:14:52,2.5
下游闸外水位,2024/12/19,6:14:52,2.5
上游闸内水位,2024/12/19,6:17:41,2.5
上游闸外水位,2024/12/19,6:17:41,3.9
上游闸内水位,2024/12/19,6:22:36,3.9
上游闸外水位,2024/12/19,6:22:36,3.9
上游闸内水位,2024/12/19,6:44:28,3.8
上游闸外水位,2024/12/19,6:44:28,3.9
下游闸内水位,2024/12/19,6:47:07,3.8
下游闸外水位,2024/12/19,6:47:07,2.9
下游闸内水位,2024/12/19,6:52:07,3.0
下游闸外水位,2024/12/19,6:52:07,2.9
内河侧水位,2024/12/19,7:00:00,3.9
长江侧水位,2024/12/19,7:00:00,3.0
下游闸内水位,2024/12/19,7:05:27,3.3
下游闸外水位,2024/12/19,7:05:27,3.3
上游闸内水位,2024/12/19,7:08:19,3.2
上游闸外水位,2024/12/19,7:08:19,3.9
上游闸内水位,2024/12/19,7:10:52,3.7
上游闸外水位,2024/12/19,7:10:52,3.8
上游闸内水位,2024/12/19,7:25:01,3.8
上游闸外水位,2024/12/19,7:25:01,3.9
下游闸内水位,2024/12/19,7:27:38,3.8
下游闸外水位,2024/12/19,7:27:38,3.3
下游闸内水位,2024/12/19,7:34:22,3.4
下游闸外水位,2024/12/19,7:34:22,3.4
下游闸内水位,2024/12/19,7:51:00,3.5
下游闸外水位,2024/12/19,7:51:00,3.5
上游闸内水位,2024/12/19,7:54:10,3.5
上游闸外水位,2024/12/19,7:54:10,3.9
上游闸内水位,2024/12/19,7:56:07,3.7
上游闸外水位,2024/12/19,7:56:07,3.8
下游闸内水位,2024/12/19,7:59:14,3.8
下游闸外水位,2024/12/19,7:59:14,3.6
内河侧水位,2024/12/19,8:00:00,3.8
长江侧水位,2024/12/19,8:00:00,3.6
下游闸内水位,2024/12/19,8:06:28,3.8
下游闸外水位,2024/12/19,8:06:28,3.5
内河侧水位,2024/12/19,9:00:00,3.8
长江侧水位,2024/12/19,9:00:00,3.7
下游闸内水位,2024/12/19,9:05:18,3.8
下游闸外水位,2024/12/19,9:05:18,3.7
上游闸内水位,2024/12/19,9:40:23,3.8
上游闸外水位,2024/12/19,9:40:23,3.8
下游闸内水位,2024/12/19,9:43:05,3.8
下游闸外水位,2024/12/19,9:43:05,3.7
下游闸内水位,2024/12/19,12:31:50,2.9
下游闸外水位,2024/12/19,12:31:50,2.8
下游闸内水位,2024/12/19,22:31:09,3.9
下游闸外水位,2024/12/19,22:31:09,3.8
上游闸内水位,2024/12/19,22:34:06,3.8
上游闸外水位,2024/12/19,22:34:06,3.9
上游闸内水位,2024/12/19,22:36:00,3.8
上游闸外水位,2024/12/19,22:36:00,3.9
内河侧水位,2024/12/19,23:00:00,3.9
长江侧水位,2024/12/19,23:00:00,3.6
上游闸内水位,2024/12/19,23:19:42,3.8
上游闸外水位,2024/12/19,23:19:42,3.9
下游闸内水位,2024/12/19,23:22:20,3.9
下游闸外水位,2024/12/19,23:22:20,3.5
下游闸内水位,2024/12/19,23:24:34,3.6
下游闸外水位,2024/12/19,23:24:34,3.5
内河侧水位,2024/12/20,0:00:00,3.9
长江侧水位,2024/12/20,0:00:00,3.3
下游闸内水位,2024/12/20,0:14:46,3.2
下游闸外水位,2024/12/20,0:14:46,3.2
上游闸内水位,2024/12/20,0:17:25,3.2
上游闸外水位,2024/12/20,0:17:25,3.9
上游闸内水位,2024/12/20,0:20:15,3.7
上游闸外水位,2024/12/20,0:20:15,3.9
内河侧水位,2024/12/20,1:00:00,3.9
长江侧水位,2024/12/20,1:00:00,3.0
上游闸内水位,2024/12/20,1:01:25,3.8
上游闸外水位,2024/12/20,1:01:25,3.9
下游闸内水位,2024/12/20,1:04:51,3.8
下游闸外水位,2024/12/20,1:04:51,2.9
下游闸内水位,2024/12/20,1:09:05,3.0
下游闸外水位,2024/12/20,1:09:05,2.9
上游闸外水位,2024/12/20,1:54:21,3.9
上游闸内水位,2024/12/20,1:58:05,3.7
上游闸外水位,2024/12/20,1:58:05,3.9
内河侧水位,2024/12/20,2:00:00,3.9
长江侧水位,2024/12/20,2:00:00,2.8
上游闸内水位,2024/12/20,2:16:03,3.8
上游闸外水位,2024/12/20,2:16:03,3.9
下游闸内水位,2024/12/20,2:19:09,3.8
下游闸外水位,2024/12/20,2:19:09,2.7
下游闸内水位,2024/12/20,2:30:25,2.7
下游闸外水位,2024/12/20,2:30:25,2.6
内河侧水位,2024/12/19,10:00:01,3.8
长江侧水位,2024/12/19,10:00:01,3.6
下游闸内水位,2024/12/19,10:05:01,3.6
下游闸外水位,2024/12/19,10:05:01,3.6
上游闸内水位,2024/12/19,10:07:36,3.6
上游闸外水位,2024/12/19,10:07:36,3.8
上游闸内水位,2024/12/19,10:09:33,3.7
上游闸外水位,2024/12/19,10:09:33,3.8
内河侧水位,2024/12/19,11:00:00,3.9
长江侧水位,2024/12/19,11:00:00,3.3
下游闸内水位,2024/12/19,11:10:07,3.2
下游闸外水位,2024/12/19,11:10:07,3.1
上游闸内水位,2024/12/19,11:12:46,3.2
上游闸外水位,2024/12/19,11:12:46,3.8
上游闸内水位,2024/12/19,11:13:50,3.3
上游闸外水位,2024/12/19,11:13:50,3.8
上游闸内水位,2024/12/19,11:15:46,3.7
上游闸外水位,2024/12/19,11:15:46,3.8
上游闸内水位,2024/12/19,11:48:42,3.8
上游闸外水位,2024/12/19,11:48:42,3.8
下游闸内水位,2024/12/19,11:51:13,3.8
下游闸外水位,2024/12/19,11:51:13,3.0
下游闸内水位,2024/12/19,11:54:51,3.1
下游闸外水位,2024/12/19,11:54:51,3.0
内河侧水位,2024/12/19,12:00:00,3.8
长江侧水位,2024/12/19,12:00:00,2.9
上游闸内水位,2024/12/19,12:34:25,2.8
上游闸外水位,2024/12/19,12:34:25,3.8
上游闸内水位,2024/12/19,12:37:51,3.7
上游闸外水位,2024/12/19,12:37:51,3.9
内河侧水位,2024/12/19,13:00:00,3.8
长江侧水位,2024/12/19,13:00:00,2.7
上游闸内水位,2024/12/19,13:09:39,3.8
上游闸外水位,2024/12/19,13:09:39,3.8
下游闸内水位,2024/12/19,13:12:23,3.8
下游闸外水位,2024/12/19,13:12:23,2.7
下游闸内水位,2024/12/19,13:16:39,2.8
下游闸外水位,2024/12/19,13:16:39,2.7
下游闸内水位,2024/12/19,13:42:44,2.7
下游闸外水位,2024/12/19,13:42:44,2.6
上游闸内水位,2024/12/19,13:45:36,2.6
上游闸外水位,2024/12/19,13:45:36,3.8
上游闸内水位,2024/12/19,13:49:08,3.7
上游闸外水位,2024/12/19,13:49:08,3.9
内河侧水位,2024/12/19,14:00:00,3.8
长江侧水位,2024/12/19,14:00:00,2.5
上游闸内水位,2024/12/19,14:21:22,3.7
上游闸外水位,2024/12/19,14:21:22,3.8
下游闸内水位,2024/12/19,14:24:00,3.8
下游闸外水位,2024/12/19,14:24:00,2.5
下游闸内水位,2024/12/19,14:29:29,2.5
下游闸外水位,2024/12/19,14:29:29,2.4
内河侧水位,2024/12/19,15:00:00,3.9
长江侧水位,2024/12/19,15:00:00,2.4
下游闸内水位,2024/12/19,15:18:41,2.4
下游闸外水位,2024/12/19,15:18:41,2.4
下游闸内水位,2024/12/19,21:50:51,3.9
下游闸外水位,2024/12/19,21:50:51,4.0
下游闸内水位,2024/12/19,21:52:29,4.0
下游闸外水位,2024/12/19,21:52:29,4.0
内河侧水位,2024/12/19,22:00:00,3.9
长江侧水位,2024/12/19,22:00:00,4.0
下游闸内水位,2024/12/20,2:59:11,2.7
下游闸外水位,2024/12/20,2:59:11,2.6
内河侧水位,2024/12/20,3:00:00,3.9
长江侧水位,2024/12/20,3:00:00,2.6
上游闸内水位,2024/12/20,3:01:59,2.6
上游闸外水位,2024/12/20,3:01:59,3.8
下游闸内水位,2024/12/20,3:13:44,3.8
下游闸外水位,2024/12/20,3:13:44,2.6
上游闸内水位,2024/12/20,3:13:55,3.8
上游闸外水位,2024/12/20,3:13:55,3.8
上游闸内水位,2024/12/20,3:52:48,3.8
上游闸外水位,2024/12/20,3:52:48,3.8
下游闸内水位,2024/12/20,3:55:22,3.8
下游闸外水位,2024/12/20,3:55:22,2.4
内河侧水位,2024/12/20,4:00:00,3.8
长江侧水位,2024/12/20,4:00:00,2.4
下游闸内水位,2024/12/20,4:00:32,2.5
下游闸外水位,2024/12/20,4:00:32,2.4
内河侧水位,2024/12/20,5:00:00,3.8
长江侧水位,2024/12/20,5:00:00,2.3
下游闸内水位,2024/12/20,5:28:13,2.3
下游闸外水位,2024/12/20,5:28:13,2.3
上游闸内水位,2024/12/20,5:31:05,2.3
上游闸外水位,2024/12/20,5:31:05,3.8
上游闸内水位,2024/12/20,5:33:39,2.7
上游闸外水位,2024/12/20,5:33:39,3.8
上游闸内水位,2024/12/20,5:35:59,3.3
上游闸外水位,2024/12/20,5:35:59,3.8
上游闸内水位,2024/12/20,5:37:41,3.6
上游闸外水位,2024/12/20,5:37:41,3.8
内河侧水位,2024/12/20,6:00:00,3.8
长江侧水位,2024/12/20,6:00:00,2.2
上游闸内水位,2024/12/20,6:29:12,3.8
上游闸外水位,2024/12/20,6:29:12,3.8
下游闸内水位,2024/12/20,6:31:56,3.8
下游闸外水位,2024/12/20,6:31:56,2.2
下游闸内水位,2024/12/20,6:37:14,2.4
下游闸外水位,2024/12/20,6:37:14,2.2
下游闸内水位,2024/12/20,6:53:35,2.5
下游闸外水位,2024/12/20,6:53:35,2.4
上游闸内水位,2024/12/20,6:56:15,2.5
上游闸外水位,2024/12/20,6:56:15,3.8
内河侧水位,2024/12/20,7:00:00,3.8
长江侧水位,2024/12/20,7:00:00,2.4
上游闸内水位,2024/12/20,7:00:13,3.7
上游闸外水位,2024/12/20,7:00:13,3.9
上游闸内水位,2024/12/20,7:11:08,3.8
上游闸外水位,2024/12/20,7:11:08,3.8
下游闸内水位,2024/12/20,7:13:41,3.8
下游闸外水位,2024/12/20,7:13:41,2.6
下游闸内水位,2024/12/20,7:17:58,2.8
下游闸外水位,2024/12/20,7:17:58,2.7
下游闸内水位,2024/12/20,7:31:51,2.9
下游闸外水位,2024/12/20,7:31:51,2.8
上游闸内水位,2024/12/20,7:34:56,2.9
上游闸外水位,2024/12/20,7:34:56,3.8
上游闸内水位,2024/12/20,7:38:01,3.7
上游闸外水位,2024/12/20,7:38:01,3.8
内河侧水位,2024/12/20,8:00:00,3.8
长江侧水位,2024/12/20,8:00:00,3.1
上游闸内水位,2024/12/20,8:07:01,3.8
上游闸外水位,2024/12/20,8:07:01,3.8
下游闸内水位,2024/12/20,8:09:32,3.8
下游闸外水位,2024/12/20,8:09:32,3.2
下游闸内水位,2024/12/20,8:12:20,3.4
下游闸外水位,2024/12/20,8:12:20,3.3
上游闸内水位,2024/12/20,8:35:20,3.3
上游闸外水位,2024/12/20,8:35:20,3.8
上游闸内水位,2024/12/20,8:37:37,3.7
上游闸外水位,2024/12/20,8:37:37,3.8
内河侧水位,2024/12/20,9:00:00,3.9
长江侧水位,2024/12/20,9:00:00,3.5
上游闸内水位,2024/12/20,9:01:48,3.8
上游闸外水位,2024/12/20,9:01:48,3.8
下游闸内水位,2024/12/20,9:04:18,3.8
下游闸外水位,2024/12/20,9:04:18,3.5
下游闸内水位,2024/12/20,9:06:15,3.6
下游闸外水位,2024/12/20,9:06:15,3.5
上游闸内水位,2024/12/20,9:16:00,3.6
上游闸外水位,2024/12/20,9:16:00,3.9
内河侧水位,2024/12/20,10:00:00,3.6
长江侧水位,2024/12/20,10:00:00,3.5
上游闸内水位,2024/12/20,10:09:05,3.5
上游闸外水位,2024/12/20,10:09:05,3.5
上游闸内水位,2024/12/20,10:11:07,3.4
上游闸外水位,2024/12/20,10:11:07,3.6
下游闸内水位,2024/12/20,10:28:39,3.6
下游闸外水位,2024/12/20,10:28:39,3.5
上游闸内水位,2024/12/20,10:31:30,3.5
上游闸外水位,2024/12/20,10:31:30,3.7
上游闸内水位,2024/12/20,10:33:16,3.6
上游闸外水位,2024/12/20,10:33:16,3.7
内河侧水位,2024/12/20,11:00:00,3.8
长江侧水位,2024/12/20,11:00:00,3.3
上游闸内水位,2024/12/20,11:09:20,3.7
上游闸外水位,2024/12/20,11:09:20,3.8
下游闸内水位,2024/12/20,11:14:35,3.8
下游闸外水位,2024/12/20,11:14:35,3.2
上游闸内水位,2024/12/20,11:26:13,3.1
上游闸外水位,2024/12/20,11:26:13,3.8
上游闸内水位,2024/12/20,11:28:56,3.7
上游闸外水位,2024/12/20,11:28:56,3.8
下游闸内水位,2024/12/20,11:40:37,3.8
下游闸外水位,2024/12/20,11:40:37,3.0
下游闸内水位,2024/12/20,11:43:41,3.2
下游闸外水位,2024/12/20,11:43:41,3.1
内河侧水位,2024/12/20,12:00:00,3.8
长江侧水位,2024/12/20,12:00:00,2.9
下游闸内水位,2024/12/20,12:18:11,2.9
下游闸外水位,2024/12/20,12:18:11,2.9
上游闸内水位,2024/12/20,12:20:48,2.9
上游闸外水位,2024/12/20,12:20:48,3.8
下游闸内水位,2024/12/20,8:32:39,3.4
下游闸外水位,2024/12/20,8:32:39,3.4
上游闸内水位,2024/12/20,11:37:56,3.7
上游闸外水位,2024/12/20,11:37:56,3.8
下游闸内水位,2024/12/20,13:07:52,3.8
下游闸外水位,2024/12/20,13:07:52,2.7
下游闸内水位,2024/12/20,13:58:07,2.6
下游闸外水位,2024/12/20,13:58:07,2.6
下游闸内水位,2024/12/20,21:33:24,4.0
下游闸外水位,2024/12/20,21:33:24,3.9
下游闸内水位,2024/12/20,22:19:53,3.8
下游闸外水位,2024/12/20,22:19:53,3.9
下游闸内水位,2024/12/20,22:21:29,3.9
下游闸外水位,2024/12/20,22:21:29,3.9
内河侧水位,2024/12/20,23:00:00,3.9
长江侧水位,2024/12/20,23:00:00,3.8
下游闸内水位,2024/12/20,23:07:35,3.8
下游闸外水位,2024/12/20,23:07:35,3.8
上游闸内水位,2024/12/20,23:10:18,3.8
上游闸外水位,2024/12/20,23:10:18,3.9
上游闸内水位,2024/12/20,23:12:10,3.8
上游闸外水位,2024/12/20,23:12:10,3.9
上游闸内水位,2024/12/20,23:46:46,3.8
上游闸外水位,2024/12/20,23:46:46,3.9
下游闸内水位,2024/12/20,23:49:18,3.9
下游闸外水位,2024/12/20,23:49:18,3.5
下游闸内水位,2024/12/20,23:51:05,3.7
下游闸外水位,2024/12/20,23:51:05,3.5
内河侧水位,2024/12/21,0:00:00,3.9
长江侧水位,2024/12/21,0:00:00,3.4
下游闸内水位,2024/12/21,0:31:44,3.3
下游闸外水位,2024/12/21,0:31:44,3.3
上游闸内水位,2024/12/21,0:34:19,3.3
上游闸外水位,2024/12/21,0:34:19,3.9
上游闸内水位,2024/12/21,0:36:38,3.7
上游闸外水位,2024/12/21,0:36:38,3.8
内河侧水位,2024/12/21,1:00:00,3.9
长江侧水位,2024/12/21,1:00:00,3.1
上游闸内水位,2024/12/21,1:16:46,3.8
上游闸外水位,2024/12/21,1:16:46,3.9
下游闸内水位,2024/12/21,1:19:38,3.8
下游闸外水位,2024/12/21,1:19:38,3.0
下游闸内水位,2024/12/21,1:23:02,3.4
下游闸外水位,2024/12/21,1:23:02,3.0
下游闸内水位,2024/12/21,1:25:06,3.2
下游闸外水位,2024/12/21,1:25:06,3.0
内河侧水位,2024/12/21,2:00:00,3.8
长江侧水位,2024/12/21,2:00:00,2.9
下游闸内水位,2024/12/21,2:06:28,2.9
下游闸外水位,2024/12/21,2:06:28,2.8
上游闸内水位,2024/12/21,2:09:08,2.9
上游闸外水位,2024/12/21,2:09:08,3.9
上游闸内水位,2024/12/21,2:12:10,3.6
上游闸外水位,2024/12/21,2:12:10,3.7
上游闸内水位,2024/12/21,2:43:53,3.8
上游闸外水位,2024/12/21,2:43:53,3.8
下游闸内水位,2024/12/21,2:46:39,3.8
下游闸外水位,2024/12/21,2:46:39,2.7
下游闸内水位,2024/12/21,2:48:14,3.6
下游闸外水位,2024/12/21,2:48:14,2.7
下游闸内水位,2024/12/21,2:51:54,2.8
下游闸外水位,2024/12/21,2:51:54,2.7
内河侧水位,2024/12/21,3:00:00,3.8
长江侧水位,2024/12/21,3:00:00,2.7
下游闸内水位,2024/12/21,3:25:46,2.7
下游闸外水位,2024/12/21,3:25:46,2.6
上游闸内水位,2024/12/21,3:28:24,2.6
上游闸外水位,2024/12/21,3:28:24,3.8
上游闸内水位,2024/12/21,3:31:55,3.7
上游闸外水位,2024/12/21,3:31:55,3.8
内河侧水位,2024/12/21,4:00:00,3.8
长江侧水位,2024/12/21,4:00:00,2.6
上游闸内水位,2024/12/21,4:13:42,3.8
上游闸外水位,2024/12/21,4:13:42,3.8
下游闸内水位,2024/12/21,4:16:18,3.8
下游闸外水位,2024/12/21,4:16:18,2.5
下游闸内水位,2024/12/21,4:21:10,2.6
下游闸外水位,2024/12/21,4:21:10,2.5
下游闸内水位,2024/12/21,4:45:37,2.4
下游闸外水位,2024/12/21,4:45:37,2.4
上游闸内水位,2024/12/21,4:48:15,2.5
上游闸外水位,2024/12/21,4:48:15,3.8
上游闸内水位,2024/12/21,4:52:26,3.7
上游闸外水位,2024/12/21,4:52:26,3.9
上游闸内水位,2024/12/21,4:56:52,3.7
上游闸外水位,2024/12/21,4:56:52,3.8
内河侧水位,2024/12/21,5:00:00,3.8
上游闸内水位,2024/12/20,12:23:59,3.7
上游闸外水位,2024/12/20,12:23:59,3.8
内河侧水位,2024/12/20,13:00:00,3.8
长江侧水位,2024/12/20,13:00:00,2.7
上游闸内水位,2024/12/20,13:05:15,3.8
上游闸外水位,2024/12/20,13:05:15,3.8
下游闸内水位,2024/12/20,13:12:00,2.9
下游闸外水位,2024/12/20,13:12:00,2.7
内河侧水位,2024/12/20,14:00:00,3.8
长江侧水位,2024/12/20,14:00:00,2.6
上游闸内水位,2024/12/20,14:00:47,2.6
上游闸外水位,2024/12/20,14:00:47,3.8
上游闸内水位,2024/12/20,14:07:00,3.2
上游闸外水位,2024/12/20,14:07:00,3.8
上游闸内水位,2024/12/20,14:09:25,3.7
上游闸外水位,2024/12/20,14:09:25,3.8
上游闸内水位,2024/12/20,14:50:51,3.7
上游闸外水位,2024/12/20,14:50:51,3.8
下游闸内水位,2024/12/20,14:53:41,3.8
下游闸外水位,2024/12/20,14:53:41,2.4
下游闸内水位,2024/12/20,14:58:26,2.6
下游闸外水位,2024/12/20,14:58:26,2.4
内河侧水位,2024/12/20,15:00:00,3.8
长江侧水位,2024/12/20,15:00:00,2.4
下游闸内水位,2024/12/20,15:44:38,2.3
下游闸外水位,2024/12/20,15:44:38,2.3
上游闸内水位,2024/12/20,15:47:14,2.3
上游闸外水位,2024/12/20,15:47:14,3.8
上游闸内水位,2024/12/20,15:51:24,3.7
上游闸外水位,2024/12/20,15:51:24,3.8
内河侧水位,2024/12/20,16:00:00,3.8
长江侧水位,2024/12/20,16:00:00,2.2
上游闸内水位,2024/12/20,16:15:42,3.7
上游闸外水位,2024/12/20,16:15:42,3.8
下游闸内水位,2024/12/20,16:18:22,3.7
下游闸外水位,2024/12/20,16:18:22,2.2
下游闸内水位,2024/12/20,16:23:40,2.3
下游闸外水位,2024/12/20,16:23:40,2.2
下游闸内水位,2024/12/20,16:48:08,2.2
下游闸外水位,2024/12/20,16:48:08,2.1
上游闸内水位,2024/12/20,16:50:47,2.2
上游闸外水位,2024/12/20,16:50:47,3.8
上游闸内水位,2024/12/20,16:55:16,3.7
上游闸外水位,2024/12/20,16:55:16,3.9
内河侧水位,2024/12/20,17:00:00,3.7
长江侧水位,2024/12/20,17:00:00,2.1
上游闸内水位,2024/12/20,17:28:46,3.7
上游闸外水位,2024/12/20,17:28:46,3.8
下游闸内水位,2024/12/20,17:31:47,3.8
下游闸外水位,2024/12/20,17:31:47,2.1
下游闸内水位,2024/12/20,17:37:09,2.2
下游闸外水位,2024/12/20,17:37:09,2.1
内河侧水位,2024/12/20,18:00:00,3.8
长江侧水位,2024/12/20,18:00:00,2.1
下游闸内水位,2024/12/20,18:34:44,2.5
下游闸外水位,2024/12/20,18:34:44,2.4
上游闸内水位,2024/12/20,18:37:22,2.4
上游闸外水位,2024/12/20,18:37:22,3.8
上游闸内水位,2024/12/20,18:41:19,3.7
上游闸外水位,2024/12/20,18:41:19,3.8
内河侧水位,2024/12/20,19:00:00,3.8
长江侧水位,2024/12/20,19:00:00,2.8
上游闸内水位,2024/12/20,19:24:43,3.7
上游闸外水位,2024/12/20,19:24:43,3.8
下游闸内水位,2024/12/20,19:27:16,3.8
下游闸外水位,2024/12/20,19:27:16,3.2
下游闸内水位,2024/12/20,19:30:04,3.4
下游闸外水位,2024/12/20,19:30:04,3.2
内河侧水位,2024/12/20,20:00:00,3.8
长江侧水位,2024/12/20,20:00:00,3.5
下游闸内水位,2024/12/20,20:14:11,3.7
下游闸外水位,2024/12/20,20:14:11,3.6
上游闸内水位,2024/12/20,20:16:55,3.6
上游闸外水位,2024/12/20,20:16:55,3.8
上游闸内水位,2024/12/20,20:19:34,3.8
上游闸外水位,2024/12/20,20:19:34,3.8
上游闸内水位,2024/12/20,20:53:48,3.7
上游闸外水位,2024/12/20,20:53:48,3.8
下游闸内水位,2024/12/20,20:56:21,3.8
下游闸外水位,2024/12/20,20:56:21,3.8
下游闸内水位,2024/12/20,20:57:54,3.9
下游闸外水位,2024/12/20,20:57:54,3.8
内河侧水位,2024/12/20,21:00:00,3.8
长江侧水位,2024/12/20,21:00:00,3.8
上游闸内水位,2024/12/20,21:36:05,4.0
上游闸外水位,2024/12/20,21:36:05,3.8
上游闸内水位,2024/12/20,21:37:58,3.8
上游闸外水位,2024/12/20,21:37:58,3.8
内河侧水位,2024/12/20,22:00:00,3.8
长江侧水位,2024/12/20,22:00:00,4.0
上游闸内水位,2024/12/20,22:17:17,3.8
上游闸外水位,2024/12/20,22:17:17,3.8
上游闸内水位,2024/12/21,8:35:00,3.8
上游闸外水位,2024/12/21,8:35:00,3.8
下游闸内水位,2024/12/21,8:37:32,3.8
下游闸外水位,2024/12/21,8:37:32,3.1
下游闸内水位,2024/12/21,8:41:27,3.2
下游闸外水位,2024/12/21,8:41:27,3.1
下游闸内水位,2024/12/21,8:56:35,3.3
下游闸外水位,2024/12/21,8:56:35,3.3
上游闸内水位,2024/12/21,8:59:15,3.3
上游闸外水位,2024/12/21,8:59:15,3.8
内河侧水位,2024/12/21,9:00:00,3.8
长江侧水位,2024/12/21,9:00:00,3.3
上游闸内水位,2024/12/21,9:01:44,3.7
上游闸外水位,2024/12/21,9:01:44,3.8
内河侧水位,2024/12/21,22:00:00,3.8
长江侧水位,2024/12/21,22:00:00,3.8
下游闸内水位,2024/12/21,22:00:12,3.8
下游闸外水位,2024/12/21,22:00:12,3.8
上游闸内水位,2024/12/21,22:03:00,3.8
上游闸外水位,2024/12/21,22:03:00,3.8
上游闸内水位,2024/12/21,22:05:06,3.7
上游闸外水位,2024/12/21,22:05:06,3.8
上游闸内水位,2024/12/21,22:30:41,3.7
上游闸外水位,2024/12/21,22:30:41,3.8
下游闸内水位,2024/12/21,22:33:27,3.7
下游闸外水位,2024/12/21,22:33:27,3.8
下游闸内水位,2024/12/21,22:35:26,3.9
下游闸外水位,2024/12/21,22:35:26,3.9
内河侧水位,2024/12/21,23:00:00,3.8
长江侧水位,2024/12/21,23:00:00,3.9
下游闸内水位,2024/12/21,23:18:34,3.9
下游闸外水位,2024/12/21,23:18:34,3.8
上游闸内水位,2024/12/21,23:21:11,3.8
上游闸外水位,2024/12/21,23:21:11,3.8
上游闸内水位,2024/12/21,23:23:09,3.7
上游闸外水位,2024/12/21,23:23:09,3.8
上游闸内水位,2024/12/21,23:41:21,3.7
上游闸外水位,2024/12/21,23:41:21,3.8
下游闸内水位,2024/12/21,23:43:56,3.8
下游闸外水位,2024/12/21,23:43:56,3.7
下游闸内水位,2024/12/21,23:45:38,3.8
下游闸外水位,2024/12/21,23:45:38,3.7
内河侧水位,2024/12/22,0:00:00,3.8
长江侧水位,2024/12/22,0:00:00,3.6
下游闸内水位,2024/12/22,0:19:16,3.6
下游闸外水位,2024/12/22,0:19:16,3.5
上游闸内水位,2024/12/22,0:22:13,3.5
上游闸外水位,2024/12/22,0:22:13,3.8
内河侧水位,2024/12/22,1:00:00,3.8
长江侧水位,2024/12/22,1:00:00,3.3
上游闸内水位,2024/12/22,1:02:25,3.8
上游闸外水位,2024/12/22,1:02:25,3.8
下游闸内水位,2024/12/22,1:05:00,3.8
下游闸外水位,2024/12/22,1:05:00,3.2
下游闸内水位,2024/12/22,1:07:57,3.4
下游闸外水位,2024/12/22,1:07:57,3.2
下游闸内水位,2024/12/22,1:16:11,3.2
下游闸外水位,2024/12/22,1:16:11,3.2
上游闸内水位,2024/12/22,1:18:48,3.2
上游闸外水位,2024/12/22,1:18:48,3.8
上游闸内水位,2024/12/22,1:21:02,3.6
上游闸外水位,2024/12/22,1:21:02,3.8
上游闸内水位,2024/12/22,1:43:13,3.7
上游闸外水位,2024/12/22,1:43:13,3.8
下游闸内水位,2024/12/22,1:46:02,3.8
下游闸外水位,2024/12/22,1:46:02,3.0
下游闸内水位,2024/12/22,1:58:51,3.0
下游闸外水位,2024/12/22,1:58:51,3.0
内河侧水位,2024/12/22,2:00:00,3.8
长江侧水位,2024/12/22,2:00:00,3.0
上游闸内水位,2024/12/22,2:01:31,3.0
上游闸外水位,2024/12/22,2:01:31,3.8
上游闸内水位,2024/12/22,2:04:24,3.6
上游闸外水位,2024/12/22,2:04:24,3.8
上游闸内水位,2024/12/22,2:27:35,3.8
上游闸外水位,2024/12/22,2:27:35,3.8
下游闸内水位,2024/12/22,2:31:00,3.8
下游闸外水位,2024/12/22,2:31:00,2.8
下游闸内水位,2024/12/22,2:47:35,2.8
下游闸外水位,2024/12/22,2:47:35,2.7
上游闸内水位,2024/12/22,2:50:16,2.9
上游闸外水位,2024/12/22,2:50:16,3.8
长江侧水位,2024/12/21,5:00:00,2.5
下游闸内水位,2024/12/21,5:00:07,3.8
下游闸外水位,2024/12/21,5:00:07,2.5
下游闸内水位,2024/12/21,5:14:18,2.4
下游闸外水位,2024/12/21,5:14:18,2.4
下游闸内水位,2024/12/21,5:59:03,2.3
下游闸外水位,2024/12/21,5:59:03,2.3
内河侧水位,2024/12/21,6:00:00,3.8
长江侧水位,2024/12/21,6:00:00,2.3
上游闸内水位,2024/12/21,6:01:44,2.3
上游闸外水位,2024/12/21,6:01:44,3.8
上游闸内水位,2024/12/21,6:08:27,3.3
上游闸外水位,2024/12/21,6:08:27,3.8
上游闸内水位,2024/12/21,6:10:22,3.6
上游闸外水位,2024/12/21,6:10:22,3.8
上游闸内水位,2024/12/21,6:50:28,3.7
上游闸外水位,2024/12/21,6:50:28,3.8
下游闸内水位,2024/12/21,6:53:03,3.8
下游闸外水位,2024/12/21,6:53:03,2.3
下游闸内水位,2024/12/21,6:58:33,2.4
下游闸外水位,2024/12/21,6:58:33,2.2
内河侧水位,2024/12/21,7:00:00,3.8
长江侧水位,2024/12/21,7:00:00,2.2
下游闸内水位,2024/12/21,7:11:08,2.3
下游闸外水位,2024/12/21,7:11:08,2.2
上游闸内水位,2024/12/21,7:18:11,3.7
上游闸外水位,2024/12/21,7:18:11,3.8
上游闸内水位,2024/12/21,7:31:17,3.7
上游闸外水位,2024/12/21,7:31:17,3.8
下游闸内水位,2024/12/21,7:34:29,3.8
下游闸外水位,2024/12/21,7:34:29,2.5
下游闸内水位,2024/12/21,7:39:12,2.6
下游闸外水位,2024/12/21,7:39:12,2.5
下游闸内水位,2024/12/21,7:57:44,2.8
下游闸外水位,2024/12/21,7:57:44,2.8
内河侧水位,2024/12/21,8:00:00,3.8
长江侧水位,2024/12/21,8:00:00,2.7
上游闸内水位,2024/12/21,8:00:49,2.7
上游闸外水位,2024/12/21,8:00:49,3.8
上游闸内水位,2024/12/21,8:04:17,3.7
上游闸外水位,2024/12/21,8:04:17,3.8
上游闸内水位,2024/12/21,9:19:48,3.8
上游闸外水位,2024/12/21,9:19:48,3.8
下游闸内水位,2024/12/21,9:22:25,3.8
下游闸外水位,2024/12/21,9:22:25,3.3
下游闸内水位,2024/12/21,9:24:43,3.5
下游闸外水位,2024/12/21,9:24:43,3.4
下游闸内水位,2024/12/21,9:34:28,3.5
下游闸外水位,2024/12/21,9:34:28,3.5
上游闸内水位,2024/12/21,9:37:07,3.4
上游闸外水位,2024/12/21,9:37:07,3.8
上游闸内水位,2024/12/21,9:39:03,3.7
上游闸外水位,2024/12/21,9:39:03,3.8
内河侧水位,2024/12/21,10:00:00,3.8
长江侧水位,2024/12/21,10:00:00,3.5
上游闸内水位,2024/12/21,10:04:34,3.8
上游闸外水位,2024/12/21,10:04:34,3.8
下游闸内水位,2024/12/21,10:07:11,3.8
下游闸外水位,2024/12/21,10:07:11,3.5
下游闸内水位,2024/12/21,10:09:26,3.6
下游闸外水位,2024/12/21,10:09:26,3.5
下游闸内水位,2024/12/21,10:53:26,3.5
下游闸外水位,2024/12/21,10:53:26,3.5
上游闸内水位,2024/12/21,10:56:16,3.6
上游闸外水位,2024/12/21,10:56:16,3.8
上游闸内水位,2024/12/21,10:58:12,3.7
上游闸外水位,2024/12/21,10:58:12,3.8
内河侧水位,2024/12/21,11:00:00,3.9
长江侧水位,2024/12/21,11:00:00,3.5
上游闸内水位,2024/12/21,11:33:20,3.8
上游闸外水位,2024/12/21,11:33:20,3.8
下游闸内水位,2024/12/21,11:35:52,3.8
下游闸外水位,2024/12/21,11:35:52,3.3
下游闸内水位,2024/12/21,11:38:27,3.5
下游闸外水位,2024/12/21,11:38:27,3.3
内河侧水位,2024/12/21,12:00:00,3.8
长江侧水位,2024/12/21,12:00:00,3.2
下游闸内水位,2024/12/21,12:11:28,3.1
下游闸外水位,2024/12/21,12:11:28,3.1
上游闸内水位,2024/12/21,12:14:37,3.1
上游闸外水位,2024/12/21,12:14:37,3.8
上游闸内水位,2024/12/21,12:17:10,3.6
上游闸外水位,2024/12/21,12:17:10,3.8
上游闸内水位,2024/12/21,12:57:58,3.7
上游闸外水位,2024/12/21,12:57:58,3.8
内河侧水位,2024/12/21,13:00:00,3.8
长江侧水位,2024/12/21,13:00:00,2.9
上游闸内水位,2024/12/21,7:13:47,2.4
上游闸外水位,2024/12/21,7:13:47,3.8
下游闸内水位,2024/12/21,13:00:34,3.8
下游闸外水位,2024/12/21,13:00:34,2.9
下游闸内水位,2024/12/21,13:04:37,3.0
下游闸外水位,2024/12/21,13:04:37,2.9
下游闸内水位,2024/12/21,13:45:26,2.8
下游闸外水位,2024/12/21,13:45:26,2.7
上游闸内水位,2024/12/21,13:48:11,2.7
上游闸外水位,2024/12/21,13:48:11,3.8
上游闸内水位,2024/12/21,13:51:39,3.7
上游闸外水位,2024/12/21,13:51:39,3.8
内河侧水位,2024/12/21,14:00:00,3.8
长江侧水位,2024/12/21,14:00:00,2.8
上游闸内水位,2024/12/21,14:18:03,3.7
上游闸外水位,2024/12/21,14:18:03,3.7
下游闸内水位,2024/12/21,14:20:55,3.7
下游闸外水位,2024/12/21,14:20:55,2.7
下游闸内水位,2024/12/21,14:25:22,2.7
下游闸外水位,2024/12/21,14:25:22,2.6
下游闸内水位,2024/12/21,14:41:04,2.6
下游闸外水位,2024/12/21,14:41:04,2.6
上游闸内水位,2024/12/21,14:43:43,2.6
上游闸外水位,2024/12/21,14:43:43,3.8
上游闸内水位,2024/12/21,14:47:16,3.6
上游闸外水位,2024/12/21,14:47:16,3.8
内河侧水位,2024/12/21,15:00:00,3.8
长江侧水位,2024/12/21,15:00:00,2.6
上游闸内水位,2024/12/21,15:17:03,3.7
上游闸外水位,2024/12/21,15:17:03,3.8
下游闸内水位,2024/12/21,15:19:40,3.7
下游闸外水位,2024/12/21,15:19:40,2.5
下游闸内水位,2024/12/21,15:24:13,2.6
下游闸外水位,2024/12/21,15:24:13,2.5
下游闸内水位,2024/12/21,15:58:29,2.4
下游闸外水位,2024/12/21,15:58:29,2.4
内河侧水位,2024/12/21,16:00:00,3.7
长江侧水位,2024/12/21,16:00:00,2.4
上游闸内水位,2024/12/21,16:01:08,2.4
上游闸外水位,2024/12/21,16:01:08,3.7
上游闸内水位,2024/12/21,16:05:03,3.7
上游闸外水位,2024/12/21,16:05:03,3.8
上游闸内水位,2024/12/21,16:41:39,3.7
上游闸外水位,2024/12/21,16:41:39,3.7
下游闸内水位,2024/12/21,16:44:17,3.7
下游闸外水位,2024/12/21,16:44:17,2.3
下游闸内水位,2024/12/21,16:49:14,2.4
下游闸外水位,2024/12/21,16:49:14,2.3
内河侧水位,2024/12/21,17:00:00,3.7
长江侧水位,2024/12/21,17:00:00,2.3
下游闸内水位,2024/12/21,17:38:49,2.2
下游闸外水位,2024/12/21,17:38:49,2.2
上游闸内水位,2024/12/21,17:41:27,2.2
上游闸外水位,2024/12/21,17:41:27,3.7
上游闸内水位,2024/12/21,17:45:56,3.7
上游闸外水位,2024/12/21,17:45:56,3.8
内河侧水位,2024/12/21,18:00:00,3.7
长江侧水位,2024/12/21,18:00:00,2.2
上游闸内水位,2024/12/21,18:18:57,3.7
上游闸外水位,2024/12/21,18:18:57,3.7
下游闸内水位,2024/12/21,18:21:37,3.7
下游闸外水位,2024/12/21,18:21:37,2.2
下游闸内水位,2024/12/21,18:26:54,2.3
下游闸外水位,2024/12/21,18:26:54,2.1
内河侧水位,2024/12/21,19:00:00,3.7
长江侧水位,2024/12/21,19:00:00,2.3
下游闸内水位,2024/12/21,19:09:03,2.4
下游闸外水位,2024/12/21,19:09:03,2.3
上游闸内水位,2024/12/21,19:11:40,2.4
上游闸外水位,2024/12/21,19:11:40,3.7
上游闸内水位,2024/12/21,19:15:29,3.6
上游闸外水位,2024/12/21,19:15:29,3.8
上游闸内水位,2024/12/21,19:51:56,3.7
上游闸外水位,2024/12/21,19:51:56,3.7
下游闸内水位,2024/12/21,19:54:29,3.7
下游闸外水位,2024/12/21,19:54:29,3.0
下游闸内水位,2024/12/21,19:58:08,3.1
下游闸外水位,2024/12/21,19:58:08,3.1
内河侧水位,2024/12/21,20:00:00,3.8
长江侧水位,2024/12/21,20:00:00,3.0
下游闸内水位,2024/12/21,20:34:54,3.4
下游闸外水位,2024/12/21,20:34:54,3.4
上游闸内水位,2024/12/21,20:37:30,3.4
上游闸外水位,2024/12/21,20:37:30,3.8
上游闸内水位,2024/12/21,20:39:33,3.6
上游闸外水位,2024/12/21,20:39:33,3.7
内河侧水位,2024/12/21,21:00:00,3.8
长江侧水位,2024/12/21,21:00:00,3.5
上游闸内水位,2024/12/21,21:23:04,3.7
上游闸外水位,2024/12/21,21:23:04,3.8
下游闸内水位,2024/12/21,21:26:10,3.7
下游闸外水位,2024/12/21,21:26:10,3.7
下游闸内水位,2024/12/21,21:27:59,3.7
下游闸外水位,2024/12/21,21:27:59,3.7
上游闸内水位,2024/12/22,6:55:50,3.7
上游闸外水位,2024/12/22,6:55:50,3.8
下游闸内水位,2024/12/22,6:58:53,3.7
下游闸外水位,2024/12/22,6:58:53,2.2
内河侧水位,2024/12/22,7:00:00,3.8
长江侧水位,2024/12/22,7:00:00,2.2
下游闸内水位,2024/12/22,7:03:59,2.4
下游闸外水位,2024/12/22,7:03:59,2.2
下游闸内水位,2024/12/22,7:28:53,2.3
下游闸外水位,2024/12/22,7:28:53,2.2
上游闸内水位,2024/12/22,7:31:28,2.2
上游闸外水位,2024/12/22,7:31:28,3.8
上游闸内水位,2024/12/22,7:35:55,3.7
上游闸外水位,2024/12/22,7:35:55,3.8
上游闸内水位,2024/12/22,7:56:29,3.7
上游闸外水位,2024/12/22,7:56:29,3.8
下游闸内水位,2024/12/22,7:59:26,3.8
下游闸外水位,2024/12/22,7:59:26,2.3
内河侧水位,2024/12/22,8:00:00,3.8
长江侧水位,2024/12/22,8:00:00,2.4
下游闸内水位,2024/12/22,8:04:22,2.5
下游闸外水位,2024/12/22,8:04:22,2.3
上游闸内水位,2024/12/22,8:17:36,2.4
上游闸外水位,2024/12/22,8:17:36,3.8
上游闸内水位,2024/12/22,8:21:22,3.6
上游闸外水位,2024/12/22,8:21:22,3.8
上游闸内水位,2024/12/22,8:46:28,3.7
上游闸外水位,2024/12/22,8:46:28,3.8
下游闸内水位,2024/12/22,8:49:46,3.7
下游闸外水位,2024/12/22,8:49:46,2.6
下游闸内水位,2024/12/22,8:53:36,2.9
下游闸外水位,2024/12/22,8:53:36,2.8
内河侧水位,2024/12/22,9:00:00,3.8
长江侧水位,2024/12/22,9:00:00,2.8
下游闸内水位,2024/12/22,9:09:33,3.0
下游闸外水位,2024/12/22,9:09:33,2.9
上游闸内水位,2024/12/22,9:12:57,2.9
上游闸外水位,2024/12/22,9:12:57,3.8
上游闸内水位,2024/12/22,9:15:54,3.6
上游闸外水位,2024/12/22,9:15:54,3.8
上游闸内水位,2024/12/22,9:32:39,3.7
上游闸外水位,2024/12/22,9:32:39,3.8
下游闸内水位,2024/12/22,9:35:19,3.8
下游闸外水位,2024/12/22,9:35:19,3.1
下游闸内水位,2024/12/22,9:48:50,3.3
下游闸外水位,2024/12/22,9:48:50,3.2
下游闸内水位,2024/12/22,10:20:38,3.8
下游闸外水位,2024/12/22,10:20:38,3.3
下游闸内水位,2024/12/22,10:22:52,3.5
下游闸外水位,2024/12/22,10:22:52,3.3
上游闸内水位,2024/12/22,11:11:40,3.6
上游闸外水位,2024/12/22,11:11:40,3.8
上游闸内水位,2024/12/22,11:46:13,3.7
上游闸外水位,2024/12/22,11:46:13,3.8
下游闸内水位,2024/12/22,11:48:47,3.8
下游闸外水位,2024/12/22,11:48:47,3.4
下游闸内水位,2024/12/22,11:50:42,3.6
下游闸外水位,2024/12/22,11:50:42,3.4
内河侧水位,2024/12/22,12:00:00,3.8
长江侧水位,2024/12/22,12:00:00,3.3
下游闸内水位,2024/12/22,12:24:18,3.3
下游闸外水位,2024/12/22,12:24:18,3.2
上游闸内水位,2024/12/22,12:27:02,3.2
上游闸外水位,2024/12/22,12:27:02,3.8
上游闸内水位,2024/12/22,12:29:14,3.6
上游闸外水位,2024/12/22,12:29:14,3.8
上游闸内水位,2024/12/22,12:57:37,3.7
上游闸外水位,2024/12/22,12:57:37,3.8
内河侧水位,2024/12/22,13:00:00,3.8
长江侧水位,2024/12/22,13:00:00,3.1
下游闸内水位,2024/12/22,13:00:07,3.8
下游闸外水位,2024/12/22,13:00:07,3.1
下游闸内水位,2024/12/22,13:03:28,3.2
下游闸外水位,2024/12/22,13:03:28,3.0
下游闸内水位,2024/12/22,13:42:59,2.8
下游闸外水位,2024/12/22,13:42:59,2.8
上游闸内水位,2024/12/22,13:45:44,2.8
上游闸外水位,2024/12/22,13:45:44,3.8
上游闸内水位,2024/12/22,13:49:03,3.7
上游闸外水位,2024/12/22,13:49:03,3.8
上游闸内水位,2024/12/22,0:24:36,3.7
上游闸外水位,2024/12/22,0:24:36,3.8
下游闸内水位,2024/12/22,1:49:30,3.2
下游闸外水位,2024/12/22,1:49:30,3.0
下游闸内水位,2024/12/22,2:34:38,3.0
下游闸外水位,2024/12/22,2:34:38,2.9
下游闸内水位,2024/12/22,4:19:38,3.8
下游闸外水位,2024/12/22,4:19:38,2.6
下游闸内水位,2024/12/22,8:14:49,2.4
下游闸外水位,2024/12/22,8:14:49,2.4
内河侧水位,2024/12/22,10:00:00,3.8
长江侧水位,2024/12/22,10:00:00,3.2
上游闸内水位,2024/12/22,10:18:03,3.8
上游闸外水位,2024/12/22,10:18:03,3.8
内河侧水位,2024/12/22,11:00:00,3.8
长江侧水位,2024/12/22,11:00:00,3.5
下游闸内水位,2024/12/22,11:06:52,3.4
下游闸外水位,2024/12/22,11:06:52,3.3
上游闸内水位,2024/12/22,11:09:48,3.4
上游闸外水位,2024/12/22,11:09:48,3.8
上游闸内水位,2024/12/22,19:25:31,2.2
上游闸外水位,2024/12/22,19:25:31,3.7
下游闸内水位,2024/12/22,22:45:36,3.6
下游闸外水位,2024/12/22,22:45:36,3.6
下游闸内水位,2024/12/23,5:30:53,2.4
下游闸外水位,2024/12/23,5:30:53,2.3
下游闸内水位,2024/12/23,7:41:00,2.0
下游闸外水位,2024/12/23,7:41:00,2.0
下游闸内水位,2024/12/23,10:38:27,3.1
下游闸外水位,2024/12/23,10:38:27,3.0
上游闸内水位,2024/12/23,10:41:20,3.0
上游闸外水位,2024/12/23,10:41:20,3.7
上游闸内水位,2024/12/23,10:44:16,3.6
上游闸外水位,2024/12/23,10:44:16,3.7
内河侧水位,2024/12/23,11:00:00,3.8
长江侧水位,2024/12/23,11:00:00,3.1
上游闸内水位,2024/12/23,11:14:35,3.7
上游闸外水位,2024/12/23,11:14:35,3.8
下游闸内水位,2024/12/23,11:17:35,3.7
下游闸外水位,2024/12/23,11:17:35,3.2
下游闸内水位,2024/12/23,11:20:30,3.3
下游闸外水位,2024/12/23,11:20:30,3.1
下游闸内水位,2024/12/23,11:59:04,3.3
下游闸外水位,2024/12/23,11:59:04,3.3
内河侧水位,2024/12/23,12:00:00,3.8
长江侧水位,2024/12/23,12:00:00,3.2
上游闸内水位,2024/12/23,12:01:46,3.2
上游闸外水位,2024/12/23,12:01:46,3.8
上游闸内水位,2024/12/23,12:04:32,3.6
上游闸外水位,2024/12/23,12:04:32,3.7
上游闸内水位,2024/12/23,12:42:54,3.7
上游闸外水位,2024/12/23,12:42:54,3.8
下游闸内水位,2024/12/23,12:45:27,3.7
下游闸外水位,2024/12/23,12:45:27,3.2
下游闸内水位,2024/12/23,12:48:10,3.3
下游闸外水位,2024/12/23,12:48:10,3.1
内河侧水位,2024/12/23,13:00:00,3.8
长江侧水位,2024/12/23,13:00:00,3.1
下游闸内水位,2024/12/23,13:22:48,3.1
下游闸外水位,2024/12/23,13:22:48,3.0
上游闸内水位,2024/12/23,13:25:33,3.0
上游闸外水位,2024/12/23,13:25:33,3.7
上游闸内水位,2024/12/23,13:28:23,3.6
上游闸外水位,2024/12/23,13:28:23,3.7
内河侧水位,2024/12/23,14:00:00,3.7
长江侧水位,2024/12/23,14:00:00,2.8
上游闸内水位,2024/12/23,14:01:16,3.7
上游闸外水位,2024/12/23,14:01:16,3.7
下游闸内水位,2024/12/23,14:03:53,3.7
下游闸外水位,2024/12/23,14:03:53,2.9
下游闸内水位,2024/12/23,14:07:49,2.9
下游闸外水位,2024/12/23,14:07:49,2.8
下游闸内水位,2024/12/23,14:52:48,2.7
下游闸外水位,2024/12/23,14:52:48,2.7
上游闸内水位,2024/12/23,14:55:28,2.7
上游闸外水位,2024/12/23,14:55:28,3.7
上游闸内水位,2024/12/23,14:58:42,3.5
上游闸外水位,2024/12/23,14:58:42,3.7
内河侧水位,2024/12/23,15:00:00,3.8
长江侧水位,2024/12/23,15:00:00,2.6
上游闸内水位,2024/12/23,15:39:15,3.6
上游闸外水位,2024/12/23,15:39:15,3.7
下游闸内水位,2024/12/23,15:42:45,3.7
下游闸外水位,2024/12/23,15:42:45,2.6
下游闸内水位,2024/12/23,15:47:12,2.7
下游闸外水位,2024/12/23,15:47:12,2.5
内河侧水位,2024/12/23,16:00:00,3.7
上游闸内水位,2024/12/22,2:53:12,3.6
上游闸外水位,2024/12/22,2:53:12,3.7
内河侧水位,2024/12/22,3:00:00,3.8
长江侧水位,2024/12/22,3:00:00,2.8
上游闸内水位,2024/12/22,3:22:36,3.7
上游闸外水位,2024/12/22,3:22:36,3.8
下游闸内水位,2024/12/22,3:26:47,3.8
下游闸外水位,2024/12/22,3:26:47,2.7
下游闸内水位,2024/12/22,3:30:51,2.9
下游闸外水位,2024/12/22,3:30:51,2.7
下游闸内水位,2024/12/22,3:43:07,2.7
下游闸外水位,2024/12/22,3:43:07,2.7
上游闸内水位,2024/12/22,3:45:46,2.7
上游闸外水位,2024/12/22,3:45:46,3.8
上游闸内水位,2024/12/22,3:49:06,3.6
上游闸外水位,2024/12/22,3:49:06,3.8
内河侧水位,2024/12/22,4:00:00,3.8
长江侧水位,2024/12/22,4:00:00,2.7
上游闸内水位,2024/12/22,4:16:42,3.7
上游闸外水位,2024/12/22,4:16:42,3.8
下游闸内水位,2024/12/22,4:24:07,2.7
下游闸外水位,2024/12/22,4:24:07,2.6
下游闸内水位,2024/12/22,4:39:23,2.7
下游闸外水位,2024/12/22,4:39:23,2.6
上游闸内水位,2024/12/22,4:42:10,2.5
上游闸外水位,2024/12/22,4:42:10,3.8
上游闸内水位,2024/12/22,4:45:43,3.6
上游闸外水位,2024/12/22,4:45:43,3.8
内河侧水位,2024/12/22,5:00:00,3.8
长江侧水位,2024/12/22,5:00:00,2.5
上游闸内水位,2024/12/22,5:12:16,3.7
上游闸外水位,2024/12/22,5:12:16,3.7
下游闸内水位,2024/12/22,5:14:51,3.7
下游闸外水位,2024/12/22,5:14:51,2.4
下游闸内水位,2024/12/22,5:19:35,2.6
下游闸外水位,2024/12/22,5:19:35,2.5
下游闸内水位,2024/12/22,5:31:28,2.5
下游闸外水位,2024/12/22,5:31:28,2.4
上游闸内水位,2024/12/22,5:34:26,2.4
上游闸外水位,2024/12/22,5:34:26,3.8
上游闸内水位,2024/12/22,5:38:29,3.6
上游闸外水位,2024/12/22,5:38:29,3.8
内河侧水位,2024/12/22,6:00:00,3.8
长江侧水位,2024/12/22,6:00:00,2.3
上游闸内水位,2024/12/22,6:02:00,3.7
上游闸外水位,2024/12/22,6:02:00,3.8
下游闸内水位,2024/12/22,6:04:35,3.7
下游闸外水位,2024/12/22,6:04:35,2.3
下游闸内水位,2024/12/22,6:09:20,2.5
下游闸外水位,2024/12/22,6:09:20,2.3
下游闸内水位,2024/12/22,6:19:12,2.3
下游闸外水位,2024/12/22,6:19:12,2.3
上游闸内水位,2024/12/22,6:22:04,2.2
上游闸外水位,2024/12/22,6:22:04,3.8
上游闸内水位,2024/12/22,6:26:29,3.7
上游闸外水位,2024/12/22,6:26:29,3.8
上游闸内水位,2024/12/22,9:51:24,3.2
上游闸外水位,2024/12/22,9:51:24,3.8
上游闸内水位,2024/12/22,9:53:43,3.6
上游闸外水位,2024/12/22,9:53:43,3.8
内河侧水位,2024/12/22,22:00:00,3.7
长江侧水位,2024/12/22,22:00:00,3.4
上游闸内水位,2024/12/22,22:00:42,3.7
上游闸外水位,2024/12/22,22:00:42,3.8
上游闸内水位,2024/12/22,22:02:57,3.7
上游闸外水位,2024/12/22,22:02:57,3.8
下游闸内水位,2024/12/22,22:05:56,3.7
下游闸外水位,2024/12/22,22:05:56,3.5
上游闸内水位,2024/12/22,22:48:15,3.5
上游闸外水位,2024/12/22,22:48:15,3.8
上游闸内水位,2024/12/22,22:50:13,3.7
上游闸外水位,2024/12/22,22:50:13,3.8
内河侧水位,2024/12/22,23:00:00,3.8
长江侧水位,2024/12/22,23:00:00,3.6
上游闸内水位,2024/12/22,23:13:56,3.7
上游闸外水位,2024/12/22,23:13:56,3.8
下游闸内水位,2024/12/22,23:15:10,3.8
下游闸外水位,2024/12/22,23:15:10,3.6
下游闸内水位,2024/12/22,23:44:07,3.6
下游闸外水位,2024/12/22,23:44:07,3.6
上游闸内水位,2024/12/22,23:47:00,3.6
上游闸外水位,2024/12/22,23:47:00,3.8
内河侧水位,2024/12/23,0:00:00,3.8
长江侧水位,2024/12/23,0:00:00,3.5
上游闸内水位,2024/12/23,0:19:07,3.7
上游闸外水位,2024/12/23,0:19:07,3.8
下游闸内水位,2024/12/23,0:23:35,3.7
下游闸内水位,2024/12/22,9:39:02,3.2
下游闸外水位,2024/12/22,9:39:02,3.1
下游闸外水位,2024/12/23,0:23:35,3.4
下游闸内水位,2024/12/23,0:25:28,3.5
下游闸外水位,2024/12/23,0:25:28,3.4
下游闸内水位,2024/12/23,0:32:20,3.4
下游闸外水位,2024/12/23,0:32:20,3.3
上游闸内水位,2024/12/23,0:34:55,3.4
上游闸外水位,2024/12/23,0:34:55,3.8
上游闸内水位,2024/12/23,0:36:56,3.6
上游闸外水位,2024/12/23,0:36:56,3.7
上游闸内水位,2024/12/23,0:48:41,3.7
上游闸外水位,2024/12/23,0:48:41,3.8
下游闸内水位,2024/12/23,0:51:50,3.7
下游闸外水位,2024/12/23,0:51:50,3.2
下游闸内水位,2024/12/23,0:54:18,3.4
下游闸外水位,2024/12/23,0:54:18,3.2
内河侧水位,2024/12/23,1:00:00,3.8
长江侧水位,2024/12/23,1:00:00,3.2
下游闸内水位,2024/12/23,1:00:15,3.2
下游闸外水位,2024/12/23,1:00:15,3.2
上游闸内水位,2024/12/23,1:02:54,3.2
上游闸外水位,2024/12/23,1:02:54,3.8
上游闸内水位,2024/12/23,1:05:02,3.6
上游闸外水位,2024/12/23,1:05:02,3.7
上游闸内水位,2024/12/23,1:15:23,3.7
上游闸外水位,2024/12/23,1:15:23,3.7
下游闸内水位,2024/12/23,1:18:16,3.7
下游闸外水位,2024/12/23,1:18:16,3.1
下游闸内水位,2024/12/23,1:21:37,3.2
下游闸外水位,2024/12/23,1:21:37,3.1
下游闸内水位,2024/12/23,1:29:13,3.1
下游闸外水位,2024/12/23,1:29:13,3.1
上游闸内水位,2024/12/23,1:31:48,3.1
上游闸外水位,2024/12/23,1:31:48,3.7
上游闸内水位,2024/12/23,1:34:01,3.5
上游闸外水位,2024/12/23,1:34:01,3.7
上游闸内水位,2024/12/23,1:47:08,3.7
上游闸外水位,2024/12/23,1:47:08,3.8
下游闸内水位,2024/12/23,1:49:48,3.7
下游闸外水位,2024/12/23,1:49:48,3.0
下游闸内水位,2024/12/23,1:53:15,3.1
下游闸外水位,2024/12/23,1:53:15,2.9
内河侧水位,2024/12/23,2:00:00,3.8
长江侧水位,2024/12/23,2:00:00,2.9
下游闸内水位,2024/12/23,2:54:53,2.7
下游闸外水位,2024/12/23,2:54:53,2.7
上游闸内水位,2024/12/23,2:57:49,2.7
上游闸外水位,2024/12/23,2:57:49,3.8
内河侧水位,2024/12/23,3:00:00,3.5
长江侧水位,2024/12/23,3:00:00,2.7
上游闸内水位,2024/12/23,3:01:20,3.6
上游闸外水位,2024/12/23,3:01:20,3.8
上游闸内水位,2024/12/23,3:36:39,3.7
上游闸外水位,2024/12/23,3:36:39,3.8
下游闸内水位,2024/12/23,3:39:26,3.7
下游闸外水位,2024/12/23,3:39:26,2.6
下游闸内水位,2024/12/23,3:43:46,2.7
下游闸外水位,2024/12/23,3:43:46,2.6
内河侧水位,2024/12/23,4:00:00,3.7
长江侧水位,2024/12/23,4:00:00,2.5
下游闸内水位,2024/12/23,4:35:17,2.5
下游闸外水位,2024/12/23,4:35:17,2.5
上游闸内水位,2024/12/23,4:37:58,2.5
上游闸外水位,2024/12/23,4:37:58,3.7
上游闸内水位,2024/12/23,4:43:13,3.8
上游闸外水位,2024/12/23,4:43:13,3.8
内河侧水位,2024/12/23,5:00:00,3.7
长江侧水位,2024/12/23,5:00:00,2.4
上游闸内水位,2024/12/23,5:22:45,3.7
上游闸外水位,2024/12/23,5:22:45,3.7
下游闸内水位,2024/12/23,5:25:32,3.7
下游闸外水位,2024/12/23,5:25:32,2.3
内河侧水位,2024/12/23,6:00:00,3.7
长江侧水位,2024/12/23,6:00:00,2.2
下游闸内水位,2024/12/23,6:13:26,2.2
下游闸外水位,2024/12/23,6:13:26,2.2
上游闸内水位,2024/12/23,6:16:46,2.2
上游闸外水位,2024/12/23,6:16:46,3.7
上游闸内水位,2024/12/23,6:22:13,3.8
上游闸外水位,2024/12/23,6:22:13,3.8
上游闸内水位,2024/12/23,6:57:34,3.7
上游闸外水位,2024/12/23,6:57:34,3.7
内河侧水位,2024/12/23,7:00:00,3.7
长江侧水位,2024/12/23,7:00:00,2.0
下游闸内水位,2024/12/23,7:01:12,3.7
下游闸外水位,2024/12/23,7:01:12,2.1
内河侧水位,2024/12/22,14:00:00,3.8
长江侧水位,2024/12/22,14:00:00,2.8
上游闸内水位,2024/12/22,14:23:41,3.7
上游闸外水位,2024/12/22,14:23:41,3.8
下游闸内水位,2024/12/22,14:26:22,3.7
下游闸外水位,2024/12/22,14:26:22,2.7
下游闸内水位,2024/12/22,14:30:22,2.9
下游闸外水位,2024/12/22,14:30:22,2.7
内河侧水位,2024/12/22,15:00:00,3.8
长江侧水位,2024/12/22,15:00:00,2.6
下游闸内水位,2024/12/22,15:09:20,2.7
下游闸外水位,2024/12/22,15:09:20,2.6
上游闸内水位,2024/12/22,15:11:58,2.6
上游闸外水位,2024/12/22,15:11:58,3.8
上游闸内水位,2024/12/22,15:13:57,2.9
上游闸外水位,2024/12/22,15:13:57,3.7
上游闸内水位,2024/12/22,15:16:17,3.7
上游闸外水位,2024/12/22,15:16:17,3.8
上游闸内水位,2024/12/22,15:46:50,3.7
上游闸外水位,2024/12/22,15:46:50,3.8
下游闸内水位,2024/12/22,15:49:30,3.7
下游闸外水位,2024/12/22,15:49:30,2.5
下游闸内水位,2024/12/22,15:54:06,2.6
下游闸外水位,2024/12/22,15:54:06,2.5
内河侧水位,2024/12/22,16:00:00,3.8
长江侧水位,2024/12/22,16:00:00,2.4
下游闸内水位,2024/12/22,16:30:34,2.4
下游闸外水位,2024/12/22,16:30:34,2.4
上游闸内水位,2024/12/22,16:33:18,2.4
上游闸外水位,2024/12/22,16:33:18,3.8
上游闸内水位,2024/12/22,16:37:00,3.6
上游闸外水位,2024/12/22,16:37:00,3.8
内河侧水位,2024/12/22,17:00:00,3.8
长江侧水位,2024/12/22,17:00:00,2.3
上游闸内水位,2024/12/22,17:13:29,3.7
上游闸外水位,2024/12/22,17:13:29,3.8
下游闸内水位,2024/12/22,17:15:58,3.7
下游闸外水位,2024/12/22,17:15:58,2.3
下游闸内水位,2024/12/22,17:20:47,2.5
下游闸外水位,2024/12/22,17:20:47,2.3
下游闸内水位,2024/12/22,17:43:45,2.3
下游闸外水位,2024/12/22,17:43:45,2.3
上游闸内水位,2024/12/22,17:46:26,2.2
上游闸外水位,2024/12/22,17:46:26,3.7
上游闸内水位,2024/12/22,17:50:36,3.6
上游闸外水位,2024/12/22,17:50:36,3.8
内河侧水位,2024/12/22,18:00:00,3.7
长江侧水位,2024/12/22,18:00:00,2.3
上游闸内水位,2024/12/22,18:13:19,3.7
上游闸外水位,2024/12/22,18:13:19,3.8
下游闸内水位,2024/12/22,18:17:35,3.7
下游闸外水位,2024/12/22,18:17:35,2.2
下游闸内水位,2024/12/22,18:22:47,2.3
下游闸外水位,2024/12/22,18:22:47,2.2
内河侧水位,2024/12/22,19:00:00,3.8
长江侧水位,2024/12/22,19:00:00,2.2
下游闸内水位,2024/12/22,19:14:34,2.2
下游闸外水位,2024/12/22,19:14:34,2.2
下游闸内水位,2024/12/22,19:24:58,2.2
下游闸外水位,2024/12/22,19:24:58,2.2
上游闸内水位,2024/12/22,19:31:32,3.2
上游闸外水位,2024/12/22,19:31:32,3.7
上游闸内水位,2024/12/22,19:33:11,3.5
上游闸外水位,2024/12/22,19:33:11,3.7
内河侧水位,2024/12/22,20:00:00,3.7
长江侧水位,2024/12/22,20:00:00,2.4
上游闸内水位,2024/12/22,20:17:30,3.7
上游闸外水位,2024/12/22,20:17:30,3.7
下游闸内水位,2024/12/22,20:20:28,3.7
下游闸外水位,2024/12/22,20:20:28,2.6
下游闸内水位,2024/12/22,20:24:20,2.9
下游闸外水位,2024/12/22,20:24:20,2.7
内河侧水位,2024/12/22,21:00:00,3.7
长江侧水位,2024/12/22,21:00:00,3.1
下游闸内水位,2024/12/22,21:13:34,3.2
下游闸外水位,2024/12/22,21:13:34,3.2
上游闸内水位,2024/12/22,21:16:40,3.2
上游闸外水位,2024/12/22,21:16:40,3.7
上游闸内水位,2024/12/22,21:18:50,3.5
上游闸外水位,2024/12/22,21:18:50,3.7
下游闸内水位,2024/12/23,7:07:19,2.2
下游闸外水位,2024/12/23,7:07:19,2.1
上游闸内水位,2024/12/23,7:45:04,2.1
上游闸外水位,2024/12/23,7:45:04,3.7
上游闸内水位,2024/12/23,7:49:18,3.6
上游闸外水位,2024/12/23,7:49:18,3.8
内河侧水位,2024/12/23,8:00:00,3.6
长江侧水位,2024/12/23,8:00:00,2.1
上游闸内水位,2024/12/23,8:11:25,3.7
上游闸外水位,2024/12/23,8:11:25,3.7
下游闸内水位,2024/12/23,8:14:56,3.7
下游闸外水位,2024/12/23,8:14:56,2.0
下游闸内水位,2024/12/23,8:20:26,2.2
下游闸外水位,2024/12/23,8:20:26,2.1
下游闸内水位,2024/12/23,8:40:48,2.2
下游闸外水位,2024/12/23,8:40:48,2.2
上游闸内水位,2024/12/23,8:43:34,2.1
上游闸外水位,2024/12/23,8:43:34,3.7
上游闸内水位,2024/12/23,8:48:00,3.6
上游闸外水位,2024/12/23,8:48:00,3.8
内河侧水位,2024/12/23,9:00:00,3.8
长江侧水位,2024/12/23,9:00:00,2.3
上游闸内水位,2024/12/23,9:15:04,3.6
上游闸外水位,2024/12/23,9:15:04,3.7
下游闸内水位,2024/12/23,9:17:42,3.7
下游闸外水位,2024/12/23,9:17:42,2.4
下游闸内水位,2024/12/23,9:22:30,2.6
下游闸外水位,2024/12/23,9:22:30,2.4
下游闸内水位,2024/12/23,9:34:43,2.6
下游闸外水位,2024/12/23,9:34:43,2.6
上游闸内水位,2024/12/23,9:37:24,2.6
上游闸外水位,2024/12/23,9:37:24,3.8
上游闸内水位,2024/12/23,9:40:56,3.6
上游闸外水位,2024/12/23,9:40:56,3.7
长江侧水位,2024/12/23,16:00:00,2.5
下游闸内水位,2024/12/23,16:27:28,2.4
下游闸外水位,2024/12/23,16:27:28,2.4
上游闸内水位,2024/12/23,21:46:23,3.6
上游闸外水位,2024/12/23,21:46:23,3.7
内河侧水位,2024/12/23,22:00:00,3.8
长江侧水位,2024/12/23,22:00:00,3.2
上游闸内水位,2024/12/23,22:32:48,3.7
上游闸外水位,2024/12/23,22:32:48,3.7
下游闸内水位,2024/12/23,22:35:20,3.7
下游闸外水位,2024/12/23,22:35:20,3.4
下游闸内水位,2024/12/23,22:37:19,3.5
下游闸外水位,2024/12/23,22:37:19,3.4
内河侧水位,2024/12/23,23:00:00,3.7
长江侧水位,2024/12/23,23:00:00,3.4
下游闸内水位,2024/12/23,23:24:16,3.6
下游闸外水位,2024/12/23,23:24:16,3.5
上游闸内水位,2024/12/23,23:26:52,3.5
上游闸外水位,2024/12/23,23:26:52,3.7
上游闸内水位,2024/12/23,23:28:45,3.6
上游闸外水位,2024/12/23,23:28:45,3.7
内河侧水位,2024/12/24,0:00:00,3.8
长江侧水位,2024/12/24,0:00:00,3.6
上游闸内水位,2024/12/24,0:17:22,3.7
上游闸外水位,2024/12/24,0:17:22,3.7
下游闸内水位,2024/12/24,0:19:57,3.7
下游闸外水位,2024/12/24,0:19:57,3.5
内河侧水位,2024/12/24,1:00:00,3.7
长江侧水位,2024/12/24,1:00:00,3.5
下游闸内水位,2024/12/24,1:05:19,3.5
下游闸外水位,2024/12/24,1:05:19,3.4
上游闸内水位,2024/12/24,1:07:55,3.4
上游闸外水位,2024/12/24,1:07:55,3.7
上游闸内水位,2024/12/24,1:09:51,3.6
上游闸外水位,2024/12/24,1:09:51,3.7
上游闸内水位,2024/12/24,1:49:25,3.7
上游闸外水位,2024/12/24,1:49:25,3.8
下游闸内水位,2024/12/24,1:51:57,3.7
下游闸外水位,2024/12/24,1:51:57,3.2
下游闸内水位,2024/12/24,1:54:44,3.4
下游闸外水位,2024/12/24,1:54:44,3.2
内河侧水位,2024/12/24,2:00:00,3.7
长江侧水位,2024/12/24,2:00:00,3.2
下游闸内水位,2024/12/24,2:36:06,3.0
下游闸外水位,2024/12/24,2:36:06,3.0
上游闸内水位,2024/12/24,2:38:42,3.0
上游闸外水位,2024/12/24,2:38:42,3.7
上游闸内水位,2024/12/24,2:41:36,3.6
上游闸外水位,2024/12/24,2:41:36,3.7
内河侧水位,2024/12/24,3:00:00,3.7
长江侧水位,2024/12/24,3:00:00,2.9
上游闸内水位,2024/12/24,3:26:53,3.7
上游闸外水位,2024/12/24,3:26:53,3.8
下游闸内水位,2024/12/24,3:29:26,3.7
下游闸外水位,2024/12/24,3:29:26,2.8
下游闸内水位,2024/12/24,3:33:06,2.9
下游闸外水位,2024/12/24,3:33:06,2.8
内河侧水位,2024/12/24,4:00:00,3.7
长江侧水位,2024/12/24,4:00:00,2.7
下游闸内水位,2024/12/24,4:36:14,2.6
上游闸内水位,2024/12/23,9:57:28,3.7
上游闸外水位,2024/12/23,9:57:28,3.7
内河侧水位,2024/12/23,10:00:00,3.7
长江侧水位,2024/12/23,10:00:00,2.8
下游闸内水位,2024/12/23,10:00:09,3.7
下游闸外水位,2024/12/23,10:00:09,2.8
下游闸内水位,2024/12/23,10:04:08,2.9
下游闸外水位,2024/12/23,10:04:08,2.8
上游闸内水位,2024/12/23,16:30:16,2.4
上游闸外水位,2024/12/23,16:30:16,3.7
上游闸内水位,2024/12/23,16:34:07,3.6
上游闸外水位,2024/12/23,16:34:07,3.7
上游闸内水位,2024/12/23,16:57:08,3.7
上游闸外水位,2024/12/23,16:57:08,3.7
下游闸内水位,2024/12/23,16:59:54,3.7
下游闸外水位,2024/12/23,16:59:54,2.4
内河侧水位,2024/12/23,17:00:00,3.7
长江侧水位,2024/12/23,17:00:00,2.4
下游闸内水位,2024/12/23,17:05:02,2.5
下游闸外水位,2024/12/23,17:05:02,2.4
上游闸内水位,2024/12/23,21:43:37,3.0
上游闸外水位,2024/12/23,21:43:37,3.7
上游闸内水位,2024/12/24,9:45:54,2.5
上游闸外水位,2024/12/24,9:45:54,3.7
上游闸内水位,2024/12/24,9:49:41,3.6
上游闸外水位,2024/12/24,9:49:41,3.8
内河侧水位,2024/12/24,10:00:00,3.7
长江侧水位,2024/12/24,10:00:00,2.6
上游闸内水位,2024/12/24,10:16:47,3.7
上游闸外水位,2024/12/24,10:16:47,3.7
下游闸内水位,2024/12/24,10:19:22,3.7
下游闸外水位,2024/12/24,10:19:22,2.7
下游闸内水位,2024/12/24,10:23:35,2.9
下游闸外水位,2024/12/24,10:23:35,2.8
内河侧水位,2024/12/24,11:00:00,3.7
长江侧水位,2024/12/24,11:00:00,3.1
下游闸内水位,2024/12/24,11:05:02,3.0
下游闸外水位,2024/12/24,11:05:02,3.0
上游闸内水位,2024/12/24,11:07:54,3.0
上游闸外水位,2024/12/24,11:07:54,3.7
上游闸内水位,2024/12/24,11:14:03,3.7
上游闸外水位,2024/12/24,11:14:03,3.7
上游闸内水位,2024/12/24,11:48:38,3.7
上游闸外水位,2024/12/24,11:48:38,3.7
下游闸内水位,2024/12/24,11:51:18,3.7
下游闸外水位,2024/12/24,11:51:18,3.3
下游闸内水位,2024/12/24,11:54:07,3.4
下游闸外水位,2024/12/24,11:54:07,3.3
内河侧水位,2024/12/24,12:00:00,3.8
长江侧水位,2024/12/24,12:00:00,3.3
下游闸内水位,2024/12/24,12:30:51,3.4
下游闸外水位,2024/12/24,12:30:51,3.4
上游闸内水位,2024/12/24,12:33:37,3.3
上游闸外水位,2024/12/24,12:33:37,3.8
上游闸内水位,2024/12/24,12:36:13,3.7
上游闸外水位,2024/12/24,12:36:13,3.8
内河侧水位,2024/12/24,13:00:00,3.8
长江侧水位,2024/12/24,13:00:00,3.5
上游闸内水位,2024/12/24,13:05:54,3.7
上游闸外水位,2024/12/24,13:05:54,3.8
下游闸内水位,2024/12/24,13:08:49,3.7
下游闸外水位,2024/12/24,13:08:49,3.4
下游闸内水位,2024/12/24,13:11:03,3.5
下游闸外水位,2024/12/24,13:11:03,3.4
下游闸内水位,2024/12/24,13:24:07,3.4
下游闸外水位,2024/12/24,13:24:07,3.4
上游闸内水位,2024/12/24,13:26:49,3.4
上游闸外水位,2024/12/24,13:26:49,3.8
上游闸内水位,2024/12/24,13:28:42,3.6
上游闸外水位,2024/12/24,13:28:42,3.7
内河侧水位,2024/12/24,14:00:00,3.8
长江侧水位,2024/12/24,14:00:00,3.4
上游闸内水位,2024/12/24,14:07:59,3.7
上游闸外水位,2024/12/24,14:07:59,3.8
下游闸内水位,2024/12/24,14:10:39,3.7
下游闸外水位,2024/12/24,14:10:39,3.4
下游闸内水位,2024/12/24,14:13:16,3.4
下游闸外水位,2024/12/24,14:13:16,3.3
下游闸内水位,2024/12/24,14:54:15,3.2
下游闸外水位,2024/12/24,14:54:15,3.2
上游闸内水位,2024/12/24,14:56:56,3.3
上游闸外水位,2024/12/24,14:56:56,3.8
上游闸内水位,2024/12/24,14:59:09,3.6
上游闸外水位,2024/12/24,14:59:09,3.7
内河侧水位,2024/12/24,15:00:00,3.8
长江侧水位,2024/12/24,15:00:00,3.2
上游闸内水位,2024/12/24,15:26:38,3.7
下游闸内水位,2024/12/23,17:27:03,2.3
下游闸外水位,2024/12/23,17:27:03,2.3
上游闸内水位,2024/12/23,17:29:43,2.3
上游闸外水位,2024/12/23,17:29:43,3.7
上游闸内水位,2024/12/23,17:33:41,3.6
上游闸外水位,2024/12/23,17:33:41,3.8
上游闸内水位,2024/12/23,17:46:26,3.7
上游闸外水位,2024/12/23,17:46:26,3.7
下游闸内水位,2024/12/23,17:49:08,3.7
下游闸外水位,2024/12/23,17:49:08,2.3
下游闸内水位,2024/12/23,17:54:09,2.4
下游闸外水位,2024/12/23,17:54:09,2.3
内河侧水位,2024/12/23,18:00:00,3.7
长江侧水位,2024/12/23,18:00:00,2.2
下游闸内水位,2024/12/23,18:25:56,2.3
下游闸外水位,2024/12/23,18:25:56,2.2
上游闸内水位,2024/12/23,18:28:33,2.2
上游闸外水位,2024/12/23,18:28:33,3.7
上游闸内水位,2024/12/23,18:45:43,3.6
上游闸外水位,2024/12/23,18:45:43,3.7
上游闸内水位,2024/12/23,18:47:25,3.6
上游闸外水位,2024/12/23,18:47:25,3.7
内河侧水位,2024/12/23,19:00:00,3.7
长江侧水位,2024/12/23,19:00:00,2.2
上游闸内水位,2024/12/23,19:03:30,3.6
上游闸外水位,2024/12/23,19:03:30,3.7
下游闸内水位,2024/12/23,19:06:14,3.7
下游闸外水位,2024/12/23,19:06:14,2.2
下游闸内水位,2024/12/23,19:11:14,2.4
下游闸外水位,2024/12/23,19:11:14,2.2
下游闸内水位,2024/12/23,19:46:51,2.3
下游闸外水位,2024/12/23,19:46:51,2.2
上游闸内水位,2024/12/23,19:49:32,2.2
上游闸外水位,2024/12/23,19:49:32,3.7
上游闸内水位,2024/12/23,19:53:40,3.6
上游闸外水位,2024/12/23,19:53:40,3.8
内河侧水位,2024/12/23,20:00:00,3.7
长江侧水位,2024/12/23,20:00:00,2.2
上游闸内水位,2024/12/23,20:37:01,3.6
上游闸外水位,2024/12/23,20:37:01,3.7
下游闸内水位,2024/12/23,20:39:37,3.7
下游闸外水位,2024/12/23,20:39:37,2.5
下游闸内水位,2024/12/23,20:43:54,2.7
下游闸外水位,2024/12/23,20:43:54,2.6
内河侧水位,2024/12/23,21:00:00,3.7
长江侧水位,2024/12/23,21:00:00,2.8
下游闸内水位,2024/12/23,21:40:57,3.1
下游闸外水位,2024/12/23,21:40:57,3.1
上游闸外水位,2024/12/24,15:26:38,3.7
下游闸内水位,2024/12/24,15:29:15,3.7
下游闸外水位,2024/12/24,15:29:15,3.1
下游闸内水位,2024/12/24,15:32:17,3.2
下游闸外水位,2024/12/24,15:32:17,3.1
下游闸内水位,2024/12/24,15:42:10,3.1
下游闸外水位,2024/12/24,15:42:10,3.0
上游闸内水位,2024/12/24,15:44:52,2.9
上游闸外水位,2024/12/24,15:44:52,3.8
上游闸内水位,2024/12/24,15:47:48,3.6
上游闸外水位,2024/12/24,15:47:48,3.8
下游闸内水位,2024/12/24,15:52:45,3.7
下游闸外水位,2024/12/24,15:52:45,3.0
下游闸内水位,2024/12/24,15:56:03,3.1
下游闸外水位,2024/12/24,15:56:03,2.9
内河侧水位,2024/12/24,16:00:00,3.8
长江侧水位,2024/12/24,16:00:00,2.9
下游闸内水位,2024/12/24,16:26:04,2.9
下游闸外水位,2024/12/24,16:26:04,2.9
上游闸内水位,2024/12/24,16:28:45,2.9
上游闸外水位,2024/12/24,16:28:45,3.8
上游闸内水位,2024/12/24,16:32:09,3.7
上游闸外水位,2024/12/24,16:32:09,3.8
内河侧水位,2024/12/24,17:00:00,3.7
长江侧水位,2024/12/24,17:00:00,2.8
上游闸内水位,2024/12/24,17:08:54,3.7
上游闸外水位,2024/12/24,17:08:54,3.8
下游闸内水位,2024/12/24,17:11:52,3.7
下游闸外水位,2024/12/24,17:11:52,2.7
下游闸内水位,2024/12/24,17:17:05,2.7
下游闸外水位,2024/12/24,17:17:05,2.7
内河侧水位,2024/12/24,18:00:00,3.8
长江侧水位,2024/12/24,18:00:00,2.6
下游闸内水位,2024/12/24,18:07:01,2.6
下游闸外水位,2024/12/24,18:07:01,2.6
上游闸内水位,2024/12/24,18:09:48,2.6
上游闸外水位,2024/12/24,18:09:48,3.7
上游闸内水位,2024/12/24,18:13:10,3.6
上游闸外水位,2024/12/24,18:13:10,3.8
下游闸外水位,2024/12/24,4:36:14,2.6
上游闸内水位,2024/12/24,4:38:52,2.6
上游闸外水位,2024/12/24,4:38:52,3.7
上游闸内水位,2024/12/24,4:42:41,3.2
上游闸外水位,2024/12/24,4:42:41,3.7
上游闸内水位,2024/12/24,4:44:23,3.5
上游闸外水位,2024/12/24,4:44:23,3.7
内河侧水位,2024/12/24,5:00:00,3.7
长江侧水位,2024/12/24,5:00:00,2.6
上游闸内水位,2024/12/24,5:22:36,3.7
上游闸外水位,2024/12/24,5:22:36,3.7
下游闸内水位,2024/12/24,5:25:12,3.7
下游闸外水位,2024/12/24,5:25:12,2.5
下游闸内水位,2024/12/24,5:29:56,2.6
下游闸外水位,2024/12/24,5:29:56,2.5
内河侧水位,2024/12/24,6:00:00,3.7
长江侧水位,2024/12/24,6:00:00,2.5
下游闸内水位,2024/12/24,6:24:10,2.4
下游闸外水位,2024/12/24,6:24:10,2.4
上游闸内水位,2024/12/24,6:26:53,2.4
上游闸外水位,2024/12/24,6:26:53,3.7
上游闸内水位,2024/12/24,6:30:46,3.6
上游闸外水位,2024/12/24,6:30:46,3.7
内河侧水位,2024/12/24,7:00:00,3.8
长江侧水位,2024/12/24,7:00:00,2.3
上游闸内水位,2024/12/24,7:10:44,3.7
上游闸外水位,2024/12/24,7:10:44,3.7
下游闸内水位,2024/12/24,7:13:24,3.7
下游闸外水位,2024/12/24,7:13:24,2.3
下游闸内水位,2024/12/24,7:22:48,2.3
下游闸外水位,2024/12/24,7:22:48,2.2
内河侧水位,2024/12/24,8:00:00,3.7
长江侧水位,2024/12/24,8:00:00,2.2
下游闸内水位,2024/12/24,8:24:13,2.2
下游闸外水位,2024/12/24,8:24:13,2.2
上游闸内水位,2024/12/24,8:27:34,2.2
上游闸外水位,2024/12/24,8:27:34,3.7
上游闸内水位,2024/12/24,8:33:36,3.8
上游闸外水位,2024/12/24,8:33:36,3.8
内河侧水位,2024/12/24,9:00:00,3.7
长江侧水位,2024/12/24,9:00:00,2.2
上游闸内水位,2024/12/24,9:11:09,3.7
上游闸外水位,2024/12/24,9:11:09,3.7
下游闸内水位,2024/12/24,9:14:01,3.7
下游闸外水位,2024/12/24,9:14:01,2.2
下游闸内水位,2024/12/24,9:19:13,2.4
下游闸外水位,2024/12/24,9:19:13,2.3
下游闸内水位,2024/12/24,9:43:11,2.5
下游闸外水位,2024/12/24,9:43:11,2.4
上游闸内水位,2024/12/24,18:54:35,3.7
上游闸外水位,2024/12/24,18:54:35,3.8
下游闸内水位,2024/12/24,18:57:08,3.7
下游闸外水位,2024/12/24,18:57:08,2.5
内河侧水位,2024/12/24,19:00:00,3.7
长江侧水位,2024/12/24,19:00:00,2.5
下游闸内水位,2024/12/24,19:01:35,2.7
下游闸外水位,2024/12/24,19:01:35,2.5
上游闸内水位,2024/12/24,19:55:22,2.4
上游闸外水位,2024/12/24,19:55:22,3.7
上游闸内水位,2024/12/24,19:59:16,3.6
上游闸外水位,2024/12/24,19:59:16,3.8
内河侧水位,2024/12/24,20:00:00,3.8
长江侧水位,2024/12/24,20:00:00,2.4
下游闸内水位,2024/12/24,20:35:05,3.7
下游闸外水位,2024/12/24,20:35:05,2.4
下游闸内水位,2024/12/24,20:39:36,2.6
下游闸外水位,2024/12/24,20:39:36,2.4
内河侧水位,2024/12/24,21:00:00,3.7
长江侧水位,2024/12/24,21:00:00,2.5
下游闸内水位,2024/12/24,21:23:57,2.5
下游闸外水位,2024/12/24,21:23:57,2.5
上游闸内水位,2024/12/24,21:26:35,2.4
上游闸外水位,2024/12/24,21:26:35,3.7
上游闸内水位,2024/12/24,21:30:18,3.6
上游闸外水位,2024/12/24,21:30:18,3.8
内河侧水位,2024/12/24,22:00:00,3.7
长江侧水位,2024/12/24,22:00:00,2.7
上游闸内水位,2024/12/24,22:15:00,3.7
上游闸外水位,2024/12/24,22:15:00,3.7
下游闸内水位,2024/12/24,22:17:56,3.7
下游闸外水位,2024/12/24,22:17:56,2.8
下游闸内水位,2024/12/24,22:21:32,3.0
下游闸外水位,2024/12/24,22:21:32,2.8
内河侧水位,2024/12/24,23:00:00,3.7
长江侧水位,2024/12/24,23:00:00,3.1
下游闸内水位,2024/12/24,23:01:37,3.1
下游闸外水位,2024/12/24,23:01:37,3.1
下游闸内水位,2024/12/24,19:51:56,2.5
下游闸外水位,2024/12/24,19:51:56,2.5
上游闸内水位,2024/12/24,20:32:32,3.7
上游闸外水位,2024/12/24,20:32:32,3.7
上游闸内水位,2024/12/24,23:06:32,3.5
上游闸外水位,2024/12/24,23:06:32,3.7
下游闸内水位,2024/12/25,3:27:57,3.1
下游闸外水位,2024/12/25,3:27:57,3.0
上游闸内水位,2024/12/25,3:37:47,2.9
上游闸外水位,2024/12/25,3:37:47,3.7
下游闸内水位,2024/12/25,5:58:07,2.7
下游闸外水位,2024/12/25,5:58:07,2.5
内河侧水位,2024/12/25,10:00:00,3.7
长江侧水位,2024/12/25,10:00:00,2.2
上游闸内水位,2024/12/25,10:06:16,3.7
上游闸外水位,2024/12/25,10:06:16,3.7
下游闸内水位,2024/12/25,10:08:48,3.7
下游闸外水位,2024/12/25,10:08:48,2.1
下游闸内水位,2024/12/25,10:13:53,2.3
下游闸外水位,2024/12/25,10:13:53,2.1
下游闸内水位,2024/12/25,10:56:27,2.3
下游闸外水位,2024/12/25,10:56:27,2.3
上游闸内水位,2024/12/25,10:59:08,2.4
上游闸外水位,2024/12/25,10:59:08,3.7
内河侧水位,2024/12/25,11:00:00,3.6
长江侧水位,2024/12/25,11:00:00,2.3
上游闸内水位,2024/12/25,11:02:54,3.6
上游闸外水位,2024/12/25,11:02:54,3.7
上游闸内水位,2024/12/25,11:33:13,3.7
上游闸外水位,2024/12/25,11:33:13,3.7
下游闸内水位,2024/12/25,11:36:13,3.7
下游闸外水位,2024/12/25,11:36:13,2.7
下游闸内水位,2024/12/25,11:40:15,2.8
下游闸外水位,2024/12/25,11:40:15,2.7
内河侧水位,2024/12/25,12:00:00,3.7
长江侧水位,2024/12/25,12:00:00,2.9
下游闸内水位,2024/12/25,12:20:46,3.1
下游闸外水位,2024/12/25,12:20:46,3.1
上游闸内水位,2024/12/25,12:24:54,3.1
上游闸外水位,2024/12/25,12:24:54,3.8
上游闸内水位,2024/12/25,12:27:51,3.7
上游闸外水位,2024/12/25,12:27:51,3.8
上游闸内水位,2024/12/25,12:58:52,3.7
上游闸外水位,2024/12/25,12:58:52,3.8
内河侧水位,2024/12/25,13:00:00,3.8
长江侧水位,2024/12/25,13:00:00,3.2
下游闸内水位,2024/12/25,13:01:27,3.7
下游闸外水位,2024/12/25,13:01:27,3.2
下游闸内水位,2024/12/25,13:03:58,3.4
下游闸外水位,2024/12/25,13:03:58,3.3
下游闸内水位,2024/12/25,13:38:30,3.4
下游闸外水位,2024/12/25,13:38:30,3.4
上游闸内水位,2024/12/25,13:41:08,3.4
上游闸外水位,2024/12/25,13:41:08,3.8
上游闸内水位,2024/12/25,13:43:00,3.6
上游闸外水位,2024/12/25,13:43:00,3.7
内河侧水位,2024/12/25,14:00:00,3.8
长江侧水位,2024/12/25,14:00:00,3.4
上游闸内水位,2024/12/25,14:12:32,3.7
上游闸外水位,2024/12/25,14:12:32,3.8
上游闸内水位,2024/12/25,14:14:23,3.7
上游闸外水位,2024/12/25,14:14:23,3.8
上游闸内水位,2024/12/25,14:19:12,3.7
上游闸外水位,2024/12/25,14:19:12,3.8
上游闸内水位,2024/12/25,14:28:18,3.7
上游闸外水位,2024/12/25,14:28:18,3.8
下游闸内水位,2024/12/25,14:37:04,3.7
下游闸外水位,2024/12/25,14:37:04,3.4
下游闸内水位,2024/12/25,14:38:37,3.6
下游闸外水位,2024/12/25,14:38:37,3.5
内河侧水位,2024/12/25,15:00:00,3.8
长江侧水位,2024/12/25,15:00:00,3.4
下游闸内水位,2024/12/25,15:20:27,3.4
下游闸外水位,2024/12/25,15:20:27,3.4
上游闸内水位,2024/12/25,15:23:10,3.4
上游闸外水位,2024/12/25,15:23:10,3.8
上游闸内水位,2024/12/25,15:24:58,3.6
上游闸外水位,2024/12/25,15:24:58,3.7
上游闸内水位,2024/12/25,15:58:00,3.7
上游闸外水位,2024/12/25,15:58:00,3.7
内河侧水位,2024/12/25,16:00:00,3.7
长江侧水位,2024/12/25,16:00:00,3.2
下游闸内水位,2024/12/25,16:00:29,3.7
下游闸外水位,2024/12/25,16:00:29,3.3
下游闸内水位,2024/12/25,16:02:50,3.4
下游闸外水位,2024/12/25,16:02:50,3.2
下游闸内水位,2024/12/25,16:37:29,3.1
上游闸内水位,2024/12/24,23:04:13,3.1
上游闸外水位,2024/12/24,23:04:13,3.7
上游闸内水位,2024/12/24,23:43:50,3.7
上游闸外水位,2024/12/24,23:43:50,3.7
下游闸内水位,2024/12/24,23:46:23,3.7
下游闸外水位,2024/12/24,23:46:23,3.3
下游闸内水位,2024/12/24,23:48:25,3.5
下游闸外水位,2024/12/24,23:48:25,3.3
内河侧水位,2024/12/25,0:00:00,3.8
长江侧水位,2024/12/25,0:00:00,3.4
下游闸内水位,2024/12/25,0:24:49,3.5
下游闸外水位,2024/12/25,0:24:49,3.5
上游闸内水位,2024/12/25,0:27:23,3.4
上游闸外水位,2024/12/25,0:27:23,3.7
上游闸内水位,2024/12/25,0:29:16,3.6
上游闸外水位,2024/12/25,0:29:16,3.7
内河侧水位,2024/12/25,1:00:00,3.8
长江侧水位,2024/12/25,1:00:00,3.5
上游闸内水位,2024/12/25,1:13:45,3.7
上游闸外水位,2024/12/25,1:13:45,3.7
下游闸内水位,2024/12/25,1:17:32,3.7
下游闸外水位,2024/12/25,1:17:32,3.5
下游闸内水位,2024/12/25,1:19:07,3.6
下游闸外水位,2024/12/25,1:19:07,3.5
下游闸内水位,2024/12/25,1:49:35,3.4
下游闸外水位,2024/12/25,1:49:35,3.4
上游闸内水位,2024/12/25,1:53:08,3.4
上游闸外水位,2024/12/25,1:53:08,3.7
上游闸内水位,2024/12/25,1:55:03,3.6
上游闸外水位,2024/12/25,1:55:03,3.7
内河侧水位,2024/12/25,2:00:00,3.7
长江侧水位,2024/12/25,2:00:00,3.3
上游闸内水位,2024/12/25,2:38:51,3.7
上游闸外水位,2024/12/25,2:38:51,3.7
下游闸内水位,2024/12/25,2:43:09,3.7
下游闸外水位,2024/12/25,2:43:09,3.1
下游闸内水位,2024/12/25,2:46:01,3.3
下游闸外水位,2024/12/25,2:46:01,3.1
内河侧水位,2024/12/25,3:00:00,3.7
长江侧水位,2024/12/25,3:00:00,3.1
下游闸内水位,2024/12/25,3:01:50,3.1
下游闸外水位,2024/12/25,3:01:50,3.1
上游闸内水位,2024/12/25,3:04:42,3.1
上游闸外水位,2024/12/25,3:04:42,3.7
上游闸内水位,2024/12/25,3:07:17,3.6
上游闸外水位,2024/12/25,3:07:17,3.7
上游闸内水位,2024/12/25,3:22:03,3.7
上游闸外水位,2024/12/25,3:22:03,3.7
下游闸内水位,2024/12/25,3:24:39,3.7
下游闸外水位,2024/12/25,3:24:39,3.0
下游闸内水位,2024/12/25,3:35:04,3.0
下游闸外水位,2024/12/25,3:35:04,2.9
上游闸内水位,2024/12/25,3:40:42,3.6
上游闸外水位,2024/12/25,3:40:42,3.7
上游闸内水位,2024/12/25,3:52:59,3.7
上游闸外水位,2024/12/25,3:52:59,3.8
下游闸内水位,2024/12/25,3:56:11,3.7
下游闸外水位,2024/12/25,3:56:11,2.9
下游闸内水位,2024/12/25,3:59:33,3.0
下游闸外水位,2024/12/25,3:59:33,2.9
内河侧水位,2024/12/25,4:00:00,3.7
长江侧水位,2024/12/25,4:00:00,2.9
下游闸内水位,2024/12/25,4:07:25,2.9
下游闸外水位,2024/12/25,4:07:25,2.8
上游闸内水位,2024/12/25,4:10:05,2.8
上游闸外水位,2024/12/25,4:10:05,3.7
上游闸内水位,2024/12/25,4:13:25,3.7
上游闸外水位,2024/12/25,4:13:25,3.8
上游闸内水位,2024/12/25,4:49:26,3.7
上游闸外水位,2024/12/25,4:49:26,3.7
下游闸内水位,2024/12/25,4:52:19,3.7
下游闸外水位,2024/12/25,4:52:19,2.7
下游闸内水位,2024/12/25,4:56:06,2.9
下游闸外水位,2024/12/25,4:56:06,2.8
内河侧水位,2024/12/25,5:00:00,3.7
长江侧水位,2024/12/25,5:00:00,2.7
下游闸内水位,2024/12/25,5:16:29,2.7
下游闸外水位,2024/12/25,5:16:29,2.7
上游闸内水位,2024/12/25,5:19:08,2.6
上游闸外水位,2024/12/25,5:19:08,3.7
上游闸内水位,2024/12/25,5:23:33,3.7
上游闸外水位,2024/12/25,5:23:33,3.8
上游闸内水位,2024/12/25,19:51:09,3.7
上游闸外水位,2024/12/25,19:51:09,3.7
下游闸内水位,2024/12/25,19:54:42,3.7
下游闸外水位,2024/12/25,19:54:42,2.5
下游闸内水位,2024/12/25,19:58:52,2.7
上游闸内水位,2024/12/25,5:50:34,3.6
上游闸外水位,2024/12/25,5:50:34,3.7
下游闸内水位,2024/12/25,5:53:40,3.7
下游闸外水位,2024/12/25,5:53:40,2.6
内河侧水位,2024/12/25,6:00:00,3.7
长江侧水位,2024/12/25,6:00:00,2.5
下游闸内水位,2024/12/25,6:16:57,2.6
下游闸外水位,2024/12/25,6:16:57,2.6
上游闸内水位,2024/12/25,6:19:47,2.5
上游闸外水位,2024/12/25,6:19:47,3.7
上游闸内水位,2024/12/25,6:23:22,3.6
上游闸外水位,2024/12/25,6:23:22,3.7
上游闸内水位,2024/12/25,6:34:46,3.7
上游闸外水位,2024/12/25,6:34:46,3.7
下游闸内水位,2024/12/25,6:37:37,3.7
下游闸外水位,2024/12/25,6:37:37,2.4
下游闸内水位,2024/12/25,6:42:32,2.5
下游闸外水位,2024/12/25,6:42:32,2.4
下游闸内水位,2024/12/25,6:50:09,2.5
下游闸外水位,2024/12/25,6:50:09,2.5
上游闸内水位,2024/12/25,6:53:02,2.4
上游闸外水位,2024/12/25,6:53:02,3.7
上游闸内水位,2024/12/25,6:56:47,3.6
上游闸外水位,2024/12/25,6:56:47,3.7
内河侧水位,2024/12/25,7:00:00,3.7
长江侧水位,2024/12/25,7:00:00,2.4
上游闸内水位,2024/12/25,7:22:00,3.6
上游闸外水位,2024/12/25,7:22:00,3.7
下游闸内水位,2024/12/25,7:24:38,3.7
下游闸外水位,2024/12/25,7:24:38,2.4
下游闸内水位,2024/12/25,7:30:28,2.4
下游闸外水位,2024/12/25,7:30:28,2.3
内河侧水位,2024/12/25,8:00:00,3.7
长江侧水位,2024/12/25,8:00:00,2.3
下游闸内水位,2024/12/25,8:11:46,2.3
下游闸外水位,2024/12/25,8:11:46,2.2
上游闸内水位,2024/12/25,8:14:25,2.2
上游闸外水位,2024/12/25,8:14:25,3.7
上游闸内水位,2024/12/25,8:18:34,3.6
上游闸外水位,2024/12/25,8:18:34,3.8
上游闸内水位,2024/12/25,8:57:06,3.7
上游闸外水位,2024/12/25,8:57:06,3.7
下游闸内水位,2024/12/25,8:59:42,3.7
下游闸外水位,2024/12/25,8:59:42,2.2
内河侧水位,2024/12/25,9:00:00,3.7
长江侧水位,2024/12/25,9:00:00,2.3
下游闸内水位,2024/12/25,9:03:19,3.0
下游闸外水位,2024/12/25,9:03:19,2.2
下游闸内水位,2024/12/25,9:06:21,2.3
下游闸外水位,2024/12/25,9:06:21,2.1
下游闸内水位,2024/12/25,9:29:05,2.1
下游闸外水位,2024/12/25,9:29:05,2.1
上游闸内水位,2024/12/25,9:32:16,2.1
上游闸外水位,2024/12/25,9:32:16,3.7
上游闸内水位,2024/12/25,9:36:35,3.6
上游闸外水位,2024/12/25,9:36:35,3.8
下游闸外水位,2024/12/25,19:58:52,2.5
内河侧水位,2024/12/25,20:00:00,3.7
长江侧水位,2024/12/25,20:00:00,2.5
下游闸内水位,2024/12/25,20:48:05,2.5
下游闸外水位,2024/12/25,20:48:05,2.4
上游闸内水位,2024/12/25,20:54:18,2.5
上游闸外水位,2024/12/25,20:54:18,3.7
上游闸内水位,2024/12/25,20:58:08,3.6
上游闸外水位,2024/12/25,20:58:08,3.8
内河侧水位,2024/12/25,21:00:00,3.8
长江侧水位,2024/12/25,21:00:00,2.4
上游闸内水位,2024/12/25,21:51:02,3.7
上游闸外水位,2024/12/25,21:51:02,3.7
下游闸内水位,2024/12/25,21:53:36,3.7
下游闸外水位,2024/12/25,21:53:36,2.3
下游闸内水位,2024/12/25,21:58:23,2.5
下游闸外水位,2024/12/25,21:58:23,2.3
内河侧水位,2024/12/25,22:00:00,3.7
长江侧水位,2024/12/25,22:00:00,2.3
下游闸内水位,2024/12/25,22:54:15,2.4
下游闸外水位,2024/12/25,22:54:15,2.3
上游闸内水位,2024/12/25,22:57:56,2.3
上游闸外水位,2024/12/25,22:57:56,3.7
内河侧水位,2024/12/25,23:00:00,3.5
长江侧水位,2024/12/25,23:00:00,2.4
上游闸内水位,2024/12/25,23:02:09,3.7
上游闸外水位,2024/12/25,23:02:09,3.8
上游闸内水位,2024/12/25,23:43:41,3.7
上游闸外水位,2024/12/25,23:43:41,3.7
下游闸内水位,2024/12/25,23:46:41,3.7
下游闸外水位,2024/12/25,23:46:41,2.5
下游闸外水位,2024/12/25,16:37:29,3.0
上游闸内水位,2024/12/25,16:40:15,3.1
上游闸外水位,2024/12/25,16:40:15,3.7
上游闸内水位,2024/12/25,16:42:44,3.6
上游闸外水位,2024/12/25,16:42:44,3.7
内河侧水位,2024/12/25,17:00:00,3.8
长江侧水位,2024/12/25,17:00:00,3.0
上游闸内水位,2024/12/25,17:09:56,3.7
上游闸外水位,2024/12/25,17:09:56,3.7
下游闸内水位,2024/12/25,17:12:31,3.7
下游闸外水位,2024/12/25,17:12:31,2.9
下游闸内水位,2024/12/25,17:15:47,3.1
下游闸外水位,2024/12/25,17:15:47,3.0
下游闸内水位,2024/12/25,17:34:15,2.9
下游闸外水位,2024/12/25,17:34:15,2.8
上游闸内水位,2024/12/25,17:36:53,2.9
上游闸外水位,2024/12/25,17:36:53,3.7
上游闸内水位,2024/12/25,17:40:05,3.7
上游闸外水位,2024/12/25,17:40:05,3.7
内河侧水位,2024/12/25,18:00:00,3.7
长江侧水位,2024/12/25,18:00:00,2.8
上游闸内水位,2024/12/25,18:14:11,3.7
上游闸外水位,2024/12/25,18:14:11,3.7
下游闸内水位,2024/12/25,18:17:44,3.7
下游闸外水位,2024/12/25,18:17:44,2.8
下游闸内水位,2024/12/25,18:21:39,2.9
下游闸外水位,2024/12/25,18:21:39,2.7
内河侧水位,2024/12/25,19:00:00,3.7
长江侧水位,2024/12/25,19:00:00,2.7
下游闸内水位,2024/12/25,19:08:41,2.7
下游闸外水位,2024/12/25,19:08:41,2.6
上游闸内水位,2024/12/25,19:11:43,2.6
上游闸外水位,2024/12/25,19:11:43,3.7
上游闸内水位,2024/12/25,19:16:11,3.7
上游闸外水位,2024/12/25,19:16:11,3.8
下游闸内水位,2024/12/25,23:50:59,2.7
下游闸外水位,2024/12/25,23:50:59,2.6
内河侧水位,2024/12/26,0:00:00,3.7
长江侧水位,2024/12/26,0:00:00,2.6
下游闸内水位,2024/12/26,0:53:21,2.9
下游闸外水位,2024/12/26,0:53:21,2.9
上游闸内水位,2024/12/26,0:56:34,2.9
上游闸外水位,2024/12/26,0:56:34,3.7
上游闸内水位,2024/12/26,0:59:23,3.5
上游闸外水位,2024/12/26,0:59:23,3.7
内河侧水位,2024/12/26,1:00:00,3.7
长江侧水位,2024/12/26,1:00:00,3.0
上游闸内水位,2024/12/26,1:42:11,3.7
上游闸外水位,2024/12/26,1:42:11,3.7
上游闸内水位,2024/12/26,1:43:44,3.7
上游闸外水位,2024/12/26,1:43:44,3.7
下游闸内水位,2024/12/26,1:45:39,3.7
下游闸外水位,2024/12/26,1:45:39,3.1
下游闸内水位,2024/12/26,1:48:38,3.2
下游闸外水位,2024/12/26,1:48:38,3.1
内河侧水位,2024/12/26,2:00:00,3.7
长江侧水位,2024/12/26,2:00:00,3.1
下游闸内水位,2024/12/26,2:06:05,3.2
下游闸外水位,2024/12/26,2:06:05,3.1
上游闸内水位,2024/12/26,2:09:01,3.2
上游闸外水位,2024/12/26,2:09:01,3.7
上游闸内水位,2024/12/26,2:11:16,3.5
上游闸外水位,2024/12/26,2:11:16,3.7
上游闸内水位,2024/12/26,2:35:26,3.7
上游闸外水位,2024/12/26,2:35:26,3.8
下游闸内水位,2024/12/26,2:38:00,3.7
下游闸外水位,2024/12/26,2:38:00,3.2
下游闸内水位,2024/12/26,2:40:45,3.3
下游闸外水位,2024/12/26,2:40:45,3.2
内河侧水位,2024/12/26,3:00:00,3.8
长江侧水位,2024/12/26,3:00:00,3.2
下游闸内水位,2024/12/26,3:53:48,3.0
下游闸外水位,2024/12/26,3:53:48,3.0
上游闸内水位,2024/12/26,3:56:27,2.9
上游闸外水位,2024/12/26,3:56:27,3.8
上游闸内水位,2024/12/26,3:58:40,3.2
上游闸外水位,2024/12/26,3:58:40,3.7
内河侧水位,2024/12/26,4:00:00,3.7
长江侧水位,2024/12/26,4:00:00,2.9
上游闸内水位,2024/12/26,4:00:25,3.6
上游闸外水位,2024/12/26,4:00:25,3.7
上游闸内水位,2024/12/26,4:51:35,3.7
上游闸外水位,2024/12/26,4:51:35,3.7
下游闸内水位,2024/12/26,4:58:02,2.9
下游闸外水位,2024/12/26,4:58:02,2.7
内河侧水位,2024/12/26,5:00:00,3.7
长江侧水位,2024/12/26,5:00:00,2.7
下游闸内水位,2024/12/26,4:54:05,3.7
下游闸外水位,2024/12/26,4:54:05,2.7
下游闸内水位,2024/12/26,11:34:24,2.2
下游闸外水位,2024/12/26,11:34:24,2.2
下游闸内水位,2024/12/26,12:03:50,2.6
下游闸外水位,2024/12/26,12:03:50,2.4
内河侧水位,2024/12/26,22:00:00,3.7
长江侧水位,2024/12/26,22:00:00,2.5
上游闸内水位,2024/12/26,22:17:16,3.7
上游闸外水位,2024/12/26,22:17:16,3.7
下游闸内水位,2024/12/26,22:19:52,3.7
下游闸外水位,2024/12/26,22:19:52,2.5
下游闸内水位,2024/12/26,22:24:35,2.6
下游闸外水位,2024/12/26,22:24:35,2.4
内河侧水位,2024/12/26,23:00:00,3.7
长江侧水位,2024/12/26,23:00:00,2.4
下游闸内水位,2024/12/26,23:13:31,2.5
下游闸外水位,2024/12/26,23:13:31,2.4
上游闸内水位,2024/12/26,23:16:12,2.4
上游闸外水位,2024/12/26,23:16:12,3.7
上游闸内水位,2024/12/26,23:20:32,2.8
上游闸外水位,2024/12/26,23:20:32,3.7
上游闸内水位,2024/12/26,23:24:22,3.3
上游闸外水位,2024/12/26,23:24:22,3.7
上游闸内水位,2024/12/26,23:26:00,3.6
上游闸外水位,2024/12/26,23:26:00,3.7
内河侧水位,2024/12/27,0:00:00,3.7
长江侧水位,2024/12/27,0:00:00,2.4
上游闸内水位,2024/12/27,0:10:07,3.7
上游闸外水位,2024/12/27,0:10:07,3.7
下游闸内水位,2024/12/27,0:12:50,3.7
下游闸外水位,2024/12/27,0:12:50,2.4
下游闸内水位,2024/12/27,0:17:34,2.5
下游闸外水位,2024/12/27,0:17:34,2.4
内河侧水位,2024/12/27,1:00:00,3.7
长江侧水位,2024/12/27,1:00:00,2.6
下游闸内水位,2024/12/27,1:21:46,2.8
下游闸外水位,2024/12/27,1:21:46,2.8
上游闸内水位,2024/12/27,1:24:21,2.8
上游闸外水位,2024/12/27,1:24:21,3.7
上游闸内水位,2024/12/27,1:27:18,3.5
上游闸外水位,2024/12/27,1:27:18,3.7
内河侧水位,2024/12/27,2:00:00,3.8
长江侧水位,2024/12/27,2:00:00,3.1
上游闸内水位,2024/12/27,2:07:25,3.7
上游闸外水位,2024/12/27,2:07:25,3.7
下游闸内水位,2024/12/27,2:10:03,3.7
下游闸外水位,2024/12/27,2:10:03,3.1
下游闸内水位,2024/12/27,2:12:54,3.3
下游闸外水位,2024/12/27,2:12:54,3.2
下游闸内水位,2024/12/27,2:21:45,3.3
下游闸外水位,2024/12/27,2:21:45,3.2
上游闸内水位,2024/12/27,2:24:20,3.2
上游闸外水位,2024/12/27,2:24:20,3.8
上游闸内水位,2024/12/27,2:26:26,3.6
上游闸外水位,2024/12/27,2:26:26,3.7
上游闸内水位,2024/12/27,2:43:11,3.7
上游闸外水位,2024/12/27,2:43:11,3.7
下游闸内水位,2024/12/27,2:45:45,3.7
下游闸外水位,2024/12/27,2:45:45,3.3
下游闸内水位,2024/12/27,2:49:15,3.4
下游闸外水位,2024/12/27,2:49:15,3.3
内河侧水位,2024/12/27,3:00:00,3.8
长江侧水位,2024/12/27,3:00:00,3.3
下游闸内水位,2024/12/27,3:47:34,3.4
下游闸外水位,2024/12/27,3:47:34,3.3
上游闸内水位,2024/12/27,3:50:12,3.4
上游闸外水位,2024/12/27,3:50:12,3.8
上游闸内水位,2024/12/27,3:52:15,3.6
上游闸外水位,2024/12/27,3:52:15,3.7
内河侧水位,2024/12/27,4:00:00,3.8
长江侧水位,2024/12/27,4:00:00,3.4
上游闸内水位,2024/12/27,4:32:15,3.7
上游闸外水位,2024/12/27,4:32:15,3.8
下游闸内水位,2024/12/27,4:34:49,3.7
下游闸外水位,2024/12/27,4:34:49,3.3
下游闸内水位,2024/12/27,4:37:02,3.4
下游闸外水位,2024/12/27,4:37:02,3.3
内河侧水位,2024/12/27,5:00:00,3.8
长江侧水位,2024/12/27,5:00:00,3.1
下游闸内水位,2024/12/27,5:33:25,3.1
下游闸外水位,2024/12/27,5:33:25,3.0
上游闸内水位,2024/12/27,5:36:11,3.0
上游闸外水位,2024/12/27,5:36:11,3.7
上游闸内水位,2024/12/27,5:39:03,3.6
上游闸外水位,2024/12/27,5:39:03,3.7
内河侧水位,2024/12/27,6:00:00,3.7
下游闸内水位,2024/12/26,5:53:38,2.6
下游闸外水位,2024/12/26,5:53:38,2.6
上游闸内水位,2024/12/26,5:56:13,2.6
上游闸外水位,2024/12/26,5:56:13,3.7
上游闸内水位,2024/12/26,5:57:46,2.8
上游闸外水位,2024/12/26,5:57:46,3.6
上游闸内水位,2024/12/26,5:59:59,3.5
上游闸外水位,2024/12/26,5:59:59,3.7
内河侧水位,2024/12/26,6:00:00,3.7
长江侧水位,2024/12/26,6:00:00,2.5
上游闸内水位,2024/12/26,6:47:15,3.7
上游闸外水位,2024/12/26,6:47:15,3.7
下游闸内水位,2024/12/26,6:50:05,3.7
下游闸外水位,2024/12/26,6:50:05,2.4
下游闸内水位,2024/12/26,6:54:43,2.6
下游闸外水位,2024/12/26,6:54:43,2.4
内河侧水位,2024/12/26,7:00:00,3.7
长江侧水位,2024/12/26,7:00:00,2.4
下游闸内水位,2024/12/26,7:27:53,2.4
下游闸外水位,2024/12/26,7:27:53,2.3
上游闸内水位,2024/12/26,7:31:20,2.4
上游闸外水位,2024/12/26,7:31:20,3.7
上游闸内水位,2024/12/26,7:35:12,3.6
上游闸外水位,2024/12/26,7:35:12,3.8
内河侧水位,2024/12/26,8:00:00,3.7
长江侧水位,2024/12/26,8:00:00,2.3
上游闸内水位,2024/12/26,8:01:04,3.7
上游闸外水位,2024/12/26,8:01:04,3.7
下游闸内水位,2024/12/26,8:03:34,3.7
下游闸外水位,2024/12/26,8:03:34,2.3
下游闸内水位,2024/12/26,8:08:44,2.4
下游闸外水位,2024/12/26,8:08:44,2.2
下游闸内水位,2024/12/26,8:21:16,2.2
下游闸外水位,2024/12/26,8:21:16,2.2
上游闸内水位,2024/12/26,8:24:40,2.2
上游闸外水位,2024/12/26,8:24:40,3.8
上游闸内水位,2024/12/26,8:30:04,3.8
上游闸外水位,2024/12/26,8:30:04,3.8
上游闸内水位,2024/12/26,8:53:11,3.7
上游闸外水位,2024/12/26,8:53:11,3.8
下游闸内水位,2024/12/26,8:55:42,3.7
下游闸外水位,2024/12/26,8:55:42,2.1
内河侧水位,2024/12/26,9:00:00,3.7
长江侧水位,2024/12/26,9:00:00,2.2
下游闸内水位,2024/12/26,9:00:57,2.3
下游闸外水位,2024/12/26,9:00:57,2.2
内河侧水位,2024/12/26,13:00:00,3.7
长江侧水位,2024/12/26,13:00:00,3.0
上游闸内水位,2024/12/26,13:16:14,3.7
上游闸外水位,2024/12/26,13:16:14,3.7
下游闸内水位,2024/12/26,13:18:47,3.7
下游闸外水位,2024/12/26,13:18:47,3.1
下游闸内水位,2024/12/26,13:21:45,3.2
下游闸外水位,2024/12/26,13:21:45,3.1
上游闸内水位,2024/12/27,12:55:45,2.4
上游闸外水位,2024/12/27,12:55:45,3.7
上游闸内水位,2024/12/27,14:10:48,3.6
上游闸外水位,2024/12/27,14:10:48,3.7
下游闸内水位,2024/12/27,22:14:35,3.7
下游闸外水位,2024/12/27,22:14:35,2.4
上游闸内水位,2024/12/28,3:11:10,3.6
上游闸外水位,2024/12/28,3:11:10,3.7
上游闸内水位,2024/12/28,6:31:18,2.7
上游闸外水位,2024/12/28,6:31:18,3.8
上游闸内水位,2024/12/28,7:31:12,2.6
上游闸外水位,2024/12/28,7:31:12,3.8
下游闸内水位,2024/12/28,10:05:51,3.7
下游闸外水位,2024/12/28,10:05:51,2.1
上游闸内水位,2024/12/28,14:16:48,3.8
上游闸外水位,2024/12/28,14:16:48,3.8
下游闸内水位,2024/12/28,20:31:53,2.8
下游闸外水位,2024/12/28,20:31:53,2.7
下游闸内水位,2024/12/28,21:01:58,2.8
下游闸外水位,2024/12/28,21:01:58,2.6
上游闸内水位,2024/12/28,21:53:34,3.7
上游闸外水位,2024/12/28,21:53:34,3.8
下游闸内水位,2024/12/28,21:56:05,3.7
下游闸外水位,2024/12/28,21:56:05,2.5
内河侧水位,2024/12/28,22:00:00,3.7
长江侧水位,2024/12/28,22:00:00,2.5
下游闸内水位,2024/12/28,22:00:35,2.6
下游闸外水位,2024/12/28,22:00:35,2.5
下游闸内水位,2024/12/28,22:21:10,2.5
下游闸外水位,2024/12/28,22:21:10,2.4
上游闸内水位,2024/12/28,22:23:46,2.4
上游闸外水位,2024/12/28,22:23:46,3.7
上游闸内水位,2024/12/28,22:27:38,3.6
下游闸内水位,2024/12/26,9:54:28,2.1
下游闸外水位,2024/12/26,9:54:28,2.1
上游闸内水位,2024/12/26,9:57:07,2.0
上游闸外水位,2024/12/26,9:57:07,3.7
内河侧水位,2024/12/26,10:00:00,3.5
长江侧水位,2024/12/26,10:00:00,2.1
上游闸内水位,2024/12/26,10:02:45,3.8
上游闸外水位,2024/12/26,10:02:45,3.8
上游闸内水位,2024/12/26,10:45:50,3.7
上游闸外水位,2024/12/26,10:45:50,3.7
下游闸内水位,2024/12/26,10:48:39,3.7
下游闸外水位,2024/12/26,10:48:39,2.1
下游闸内水位,2024/12/26,10:55:11,2.0
下游闸外水位,2024/12/26,10:55:11,2.0
内河侧水位,2024/12/26,11:00:00,3.7
长江侧水位,2024/12/26,11:00:00,2.0
上游闸内水位,2024/12/26,11:37:00,2.2
上游闸外水位,2024/12/26,11:37:00,3.7
上游闸内水位,2024/12/26,11:42:12,3.7
上游闸外水位,2024/12/26,11:42:12,3.8
上游闸内水位,2024/12/26,11:56:46,3.7
上游闸外水位,2024/12/26,11:56:46,3.7
下游闸内水位,2024/12/26,11:59:20,3.7
下游闸外水位,2024/12/26,11:59:20,2.4
内河侧水位,2024/12/26,12:00:00,3.7
长江侧水位,2024/12/26,12:00:00,2.4
下游闸内水位,2024/12/26,12:30:14,2.8
下游闸外水位,2024/12/26,12:30:14,2.7
上游闸内水位,2024/12/26,12:33:02,2.7
上游闸外水位,2024/12/26,12:33:02,3.7
上游闸内水位,2024/12/26,12:36:01,3.0
上游闸外水位,2024/12/26,12:36:01,3.7
上游闸内水位,2024/12/26,12:38:03,3.2
上游闸外水位,2024/12/26,12:38:03,3.7
上游闸内水位,2024/12/26,12:39:10,3.3
上游闸外水位,2024/12/26,12:39:10,3.7
上游闸内水位,2024/12/26,12:40:31,3.5
上游闸外水位,2024/12/26,12:40:31,3.7
下游闸内水位,2024/12/26,13:56:09,3.3
下游闸外水位,2024/12/26,13:56:09,3.3
上游闸内水位,2024/12/26,13:58:47,3.3
上游闸外水位,2024/12/26,13:58:47,3.7
内河侧水位,2024/12/26,14:00:00,3.7
长江侧水位,2024/12/26,14:00:00,3.3
上游闸内水位,2024/12/26,14:00:32,3.5
上游闸外水位,2024/12/26,14:00:32,3.7
上游闸内水位,2024/12/26,14:26:13,3.7
上游闸外水位,2024/12/26,14:26:13,3.8
下游闸内水位,2024/12/26,14:28:50,3.7
下游闸外水位,2024/12/26,14:28:50,3.4
下游闸内水位,2024/12/26,14:31:55,3.5
下游闸外水位,2024/12/26,14:31:55,3.4
下游闸内水位,2024/12/26,14:54:06,3.6
下游闸外水位,2024/12/26,14:54:06,3.5
上游闸内水位,2024/12/26,14:55:19,3.5
上游闸外水位,2024/12/26,14:55:19,3.7
内河侧水位,2024/12/26,15:00:00,3.8
长江侧水位,2024/12/26,15:00:00,3.5
下游闸内水位,2024/12/26,15:08:38,3.8
下游闸外水位,2024/12/26,15:08:38,3.6
上游闸内水位,2024/12/26,15:58:56,3.6
上游闸外水位,2024/12/26,15:58:56,3.6
内河侧水位,2024/12/26,16:00:00,3.7
长江侧水位,2024/12/26,16:00:00,3.6
下游闸内水位,2024/12/26,16:35:28,3.6
下游闸外水位,2024/12/26,16:35:28,3.5
上游闸内水位,2024/12/26,16:38:34,3.5
上游闸外水位,2024/12/26,16:38:34,3.7
上游闸内水位,2024/12/26,16:40:26,3.6
上游闸外水位,2024/12/26,16:40:26,3.7
内河侧水位,2024/12/26,17:00:00,3.8
长江侧水位,2024/12/26,17:00:00,3.5
上游闸内水位,2024/12/26,17:21:31,3.7
上游闸外水位,2024/12/26,17:21:31,3.7
下游闸内水位,2024/12/26,17:25:14,3.7
下游闸外水位,2024/12/26,17:25:14,3.4
下游闸内水位,2024/12/26,17:27:49,3.4
下游闸外水位,2024/12/26,17:27:49,3.3
内河侧水位,2024/12/26,18:00:00,3.8
长江侧水位,2024/12/26,18:00:00,3.2
下游闸内水位,2024/12/26,18:10:24,3.2
下游闸外水位,2024/12/26,18:10:24,3.1
下游闸内水位,2024/12/26,18:12:40,3.2
下游闸外水位,2024/12/26,18:12:40,3.2
上游闸内水位,2024/12/26,18:14:30,3.1
上游闸外水位,2024/12/26,18:14:30,3.8
上游闸内水位,2024/12/26,18:16:52,3.6
上游闸外水位,2024/12/26,18:16:52,3.7
内河侧水位,2024/12/26,19:00:00,3.8
长江侧水位,2024/12/26,19:00:00,2.9
上游闸内水位,2024/12/26,19:02:25,3.7
上游闸外水位,2024/12/26,19:02:25,3.8
下游闸内水位,2024/12/26,19:05:03,3.7
下游闸外水位,2024/12/26,19:05:03,2.9
下游闸内水位,2024/12/26,19:08:31,3.1
下游闸外水位,2024/12/26,19:08:31,2.9
下游闸内水位,2024/12/26,19:53:00,2.8
下游闸外水位,2024/12/26,19:53:00,2.7
上游闸内水位,2024/12/26,19:55:54,2.8
上游闸外水位,2024/12/26,19:55:54,3.8
上游闸内水位,2024/12/26,19:59:07,3.6
上游闸外水位,2024/12/26,19:59:07,3.7
内河侧水位,2024/12/26,20:00:00,3.8
长江侧水位,2024/12/26,20:00:00,2.8
上游闸内水位,2024/12/26,20:37:30,3.7
上游闸外水位,2024/12/26,20:37:30,3.7
下游闸内水位,2024/12/26,20:40:38,3.7
下游闸外水位,2024/12/26,20:40:38,2.7
下游闸内水位,2024/12/26,20:44:46,2.8
下游闸外水位,2024/12/26,20:44:46,2.6
内河侧水位,2024/12/26,21:00:00,3.8
长江侧水位,2024/12/26,21:00:00,2.6
下游闸内水位,2024/12/26,21:34:48,2.6
下游闸外水位,2024/12/26,21:34:48,2.6
上游闸内水位,2024/12/26,21:37:27,2.6
上游闸外水位,2024/12/26,21:37:27,3.7
上游闸内水位,2024/12/26,21:41:16,3.6
上游闸外水位,2024/12/26,21:41:16,3.8
内河侧水位,2024/12/27,22:00:00,3.7
长江侧水位,2024/12/27,22:00:00,2.5
上游闸内水位,2024/12/27,22:11:11,3.7
上游闸外水位,2024/12/27,22:11:11,3.7
内河侧水位,2024/12/27,23:00:00,3.7
长江侧水位,2024/12/27,23:00:00,2.3
下游闸内水位,2024/12/27,23:10:26,2.4
下游闸外水位,2024/12/27,23:10:26,2.3
上游闸内水位,2024/12/27,23:13:24,2.3
上游闸外水位,2024/12/27,23:13:24,3.7
上游闸内水位,2024/12/27,23:17:03,3.0
上游闸外水位,2024/12/27,23:17:03,3.7
上游闸内水位,2024/12/27,23:19:23,3.5
上游闸外水位,2024/12/27,23:19:23,3.7
上游闸内水位,2024/12/27,23:20:22,3.6
上游闸外水位,2024/12/27,23:20:22,3.7
内河侧水位,2024/12/28,0:00:00,3.7
长江侧水位,2024/12/28,0:00:00,2.2
上游闸内水位,2024/12/28,0:09:38,3.7
上游闸外水位,2024/12/28,0:09:38,3.7
下游闸内水位,2024/12/28,0:12:17,3.7
下游闸外水位,2024/12/28,0:12:17,2.2
下游闸内水位,2024/12/28,0:17:42,2.3
下游闸外水位,2024/12/28,0:17:42,2.1
内河侧水位,2024/12/28,1:00:00,3.7
长江侧水位,2024/12/28,1:00:00,2.1
下游闸内水位,2024/12/28,1:19:30,2.2
下游闸外水位,2024/12/28,1:19:30,2.1
上游闸内水位,2024/12/28,1:22:28,2.1
上游闸外水位,2024/12/28,1:22:28,3.7
上游闸内水位,2024/12/28,1:26:53,3.6
上游闸外水位,2024/12/28,1:26:53,3.8
内河侧水位,2024/12/28,2:00:00,3.7
长江侧水位,2024/12/28,2:00:00,2.3
上游闸内水位,2024/12/28,2:07:00,3.6
上游闸外水位,2024/12/28,2:07:00,3.7
下游闸内水位,2024/12/28,2:09:36,3.7
下游闸外水位,2024/12/28,2:09:36,2.4
下游闸内水位,2024/12/28,2:14:20,2.6
下游闸外水位,2024/12/28,2:14:20,2.4
内河侧水位,2024/12/28,3:00:00,3.7
长江侧水位,2024/12/28,3:00:00,2.7
下游闸内水位,2024/12/28,3:05:07,2.8
下游闸外水位,2024/12/28,3:05:07,2.8
上游闸内水位,2024/12/28,3:07:43,2.8
上游闸外水位,2024/12/28,3:07:43,3.7
上游闸内水位,2024/12/28,3:55:54,3.7
上游闸外水位,2024/12/28,3:55:54,3.7
下游闸内水位,2024/12/28,3:58:31,3.7
下游闸外水位,2024/12/28,3:58:31,3.0
内河侧水位,2024/12/28,4:00:00,3.8
长江侧水位,2024/12/28,4:00:00,3.1
下游闸内水位,2024/12/28,4:01:40,3.2
下游闸外水位,2024/12/28,4:01:40,3.0
下游闸内水位,2024/12/28,4:47:11,3.1
下游闸外水位,2024/12/28,4:47:11,3.1
长江侧水位,2024/12/27,6:00:00,2.9
上游闸内水位,2024/12/27,6:28:22,3.7
上游闸外水位,2024/12/27,6:28:22,3.8
下游闸内水位,2024/12/27,6:31:26,3.7
下游闸外水位,2024/12/27,6:31:26,2.8
下游闸内水位,2024/12/27,6:35:32,2.9
下游闸外水位,2024/12/27,6:35:32,2.8
内河侧水位,2024/12/27,7:00:00,3.8
长江侧水位,2024/12/27,7:00:00,2.7
下游闸内水位,2024/12/27,7:18:52,2.7
下游闸外水位,2024/12/27,7:18:52,2.6
上游闸内水位,2024/12/27,7:24:24,2.6
上游闸外水位,2024/12/27,7:24:24,3.8
上游闸内水位,2024/12/27,7:28:08,3.6
上游闸外水位,2024/12/27,7:28:08,3.8
上游闸内水位,2024/12/27,7:46:52,3.7
上游闸外水位,2024/12/27,7:46:52,3.7
下游闸内水位,2024/12/27,7:49:25,3.7
下游闸外水位,2024/12/27,7:49:25,2.6
下游闸内水位,2024/12/27,7:54:02,2.7
下游闸外水位,2024/12/27,7:54:02,2.5
内河侧水位,2024/12/27,8:00:00,3.8
长江侧水位,2024/12/27,8:00:00,2.5
下游闸内水位,2024/12/27,8:07:09,2.5
下游闸外水位,2024/12/27,8:07:09,2.5
上游闸内水位,2024/12/27,8:09:46,2.6
上游闸外水位,2024/12/27,8:09:46,3.8
上游闸内水位,2024/12/27,8:13:09,3.6
上游闸外水位,2024/12/27,8:13:09,3.7
上游闸内水位,2024/12/27,8:41:11,3.7
上游闸外水位,2024/12/27,8:41:11,3.8
下游闸内水位,2024/12/27,8:44:01,3.8
下游闸外水位,2024/12/27,8:44:01,2.4
下游闸内水位,2024/12/27,8:48:42,2.6
下游闸外水位,2024/12/27,8:48:42,2.4
内河侧水位,2024/12/27,9:00:00,3.8
长江侧水位,2024/12/27,9:00:00,2.4
下游闸内水位,2024/12/27,9:44:18,2.3
下游闸外水位,2024/12/27,9:44:18,2.3
上游闸内水位,2024/12/27,9:46:57,2.3
上游闸外水位,2024/12/27,9:46:57,3.8
上游闸内水位,2024/12/27,9:51:15,3.7
上游闸外水位,2024/12/27,9:51:15,3.8
内河侧水位,2024/12/27,10:00:00,3.8
长江侧水位,2024/12/27,10:00:00,2.2
上游闸内水位,2024/12/27,10:35:41,3.7
上游闸外水位,2024/12/27,10:35:41,3.8
下游闸内水位,2024/12/27,10:38:18,3.7
下游闸外水位,2024/12/27,10:38:18,2.2
下游闸内水位,2024/12/27,10:43:37,2.3
下游闸外水位,2024/12/27,10:43:37,2.2
内河侧水位,2024/12/27,11:00:00,3.7
长江侧水位,2024/12/27,11:00:00,2.2
下游闸内水位,2024/12/27,11:33:44,2.2
下游闸外水位,2024/12/27,11:33:44,2.1
上游闸内水位,2024/12/27,11:36:21,2.0
上游闸外水位,2024/12/27,11:36:21,3.7
上游闸内水位,2024/12/27,11:42:44,3.7
上游闸外水位,2024/12/27,11:42:44,3.8
内河侧水位,2024/12/27,12:00:00,3.8
长江侧水位,2024/12/27,12:00:00,2.1
上游闸内水位,2024/12/27,12:14:03,3.6
上游闸外水位,2024/12/27,12:14:03,3.7
下游闸内水位,2024/12/27,12:16:35,3.7
下游闸外水位,2024/12/27,12:16:35,2.1
下游闸内水位,2024/12/27,12:21:48,2.3
下游闸外水位,2024/12/27,12:21:48,2.1
下游闸内水位,2024/12/27,12:52:08,2.3
下游闸外水位,2024/12/27,12:52:08,2.3
上游闸内水位,2024/12/27,12:54:47,2.3
上游闸外水位,2024/12/27,12:54:47,3.7
上游闸内水位,2024/12/27,12:58:42,3.0
上游闸外水位,2024/12/27,12:58:42,3.7
内河侧水位,2024/12/27,13:00:00,3.6
长江侧水位,2024/12/27,13:00:00,2.5
上游闸内水位,2024/12/27,13:00:37,3.5
上游闸外水位,2024/12/27,13:00:37,3.7
上游闸内水位,2024/12/27,13:30:19,3.7
上游闸外水位,2024/12/27,13:30:19,3.8
下游闸内水位,2024/12/27,13:32:54,3.7
下游闸外水位,2024/12/27,13:32:54,2.7
下游闸内水位,2024/12/27,13:36:25,2.9
下游闸外水位,2024/12/27,13:36:25,2.8
内河侧水位,2024/12/27,14:00:00,3.8
长江侧水位,2024/12/27,14:00:00,3.0
下游闸内水位,2024/12/27,14:05:42,3.1
下游闸外水位,2024/12/27,14:05:42,3.0
上游闸内水位,2024/12/27,14:08:20,3.1
上游闸外水位,2024/12/27,14:08:20,3.7
上游闸内水位,2024/12/27,14:33:19,3.7
上游闸外水位,2024/12/27,14:33:19,3.7
下游闸内水位,2024/12/27,14:35:53,3.7
下游闸外水位,2024/12/27,14:35:53,3.3
下游闸内水位,2024/12/27,14:38:33,3.4
下游闸外水位,2024/12/27,14:38:33,3.3
下游闸内水位,2024/12/27,14:57:43,3.4
下游闸外水位,2024/12/27,14:57:43,3.4
内河侧水位,2024/12/27,15:00:00,3.8
长江侧水位,2024/12/27,15:00:00,3.4
上游闸内水位,2024/12/27,15:00:29,3.4
上游闸外水位,2024/12/27,15:00:29,3.7
上游闸内水位,2024/12/27,15:02:14,3.6
上游闸外水位,2024/12/27,15:02:14,3.7
下游闸内水位,2024/12/27,15:13:10,3.8
下游闸外水位,2024/12/27,15:13:10,3.5
内河侧水位,2024/12/27,16:00:00,3.7
长江侧水位,2024/12/27,16:00:00,3.6
内河侧水位,2024/12/27,17:00:00,3.7
长江侧水位,2024/12/27,17:00:00,3.6
上游闸内水位,2024/12/27,17:08:30,3.6
上游闸外水位,2024/12/27,17:08:30,3.6
下游闸内水位,2024/12/27,17:51:57,3.4
下游闸外水位,2024/12/27,17:51:57,3.4
上游闸内水位,2024/12/27,17:54:46,3.4
上游闸外水位,2024/12/27,17:54:46,3.7
上游闸内水位,2024/12/27,17:56:41,3.6
上游闸外水位,2024/12/27,17:56:41,3.7
内河侧水位,2024/12/27,18:00:00,3.7
长江侧水位,2024/12/27,18:00:00,3.4
上游闸内水位,2024/12/27,18:44:30,3.7
上游闸外水位,2024/12/27,18:44:30,3.8
下游闸内水位,2024/12/27,18:47:09,3.7
下游闸外水位,2024/12/27,18:47:09,3.1
下游闸内水位,2024/12/27,18:50:05,3.3
下游闸外水位,2024/12/27,18:50:05,3.1
内河侧水位,2024/12/27,19:00:00,3.8
长江侧水位,2024/12/27,19:00:00,3.1
下游闸内水位,2024/12/27,19:34:18,2.9
下游闸外水位,2024/12/27,19:34:18,2.9
上游闸内水位,2024/12/27,19:37:00,2.9
上游闸外水位,2024/12/27,19:37:00,3.7
上游闸内水位,2024/12/27,19:39:57,3.6
上游闸外水位,2024/12/27,19:39:57,3.7
内河侧水位,2024/12/27,20:00:00,3.8
长江侧水位,2024/12/27,20:00:00,2.8
上游闸内水位,2024/12/27,20:23:09,3.7
上游闸外水位,2024/12/27,20:23:09,3.7
下游闸内水位,2024/12/27,20:25:43,3.7
下游闸外水位,2024/12/27,20:25:43,2.7
下游闸内水位,2024/12/27,20:29:42,2.9
下游闸外水位,2024/12/27,20:29:42,2.7
内河侧水位,2024/12/27,21:00:00,3.8
长江侧水位,2024/12/27,21:00:00,2.6
下游闸内水位,2024/12/27,21:16:43,2.6
下游闸外水位,2024/12/27,21:16:43,2.6
上游闸内水位,2024/12/27,21:19:43,2.6
上游闸外水位,2024/12/27,21:19:43,3.7
上游闸内水位,2024/12/27,21:23:24,3.6
上游闸外水位,2024/12/27,21:23:24,3.8
下游闸内水位,2024/12/27,22:19:31,2.6
下游闸外水位,2024/12/27,22:19:31,2.4
上游闸内水位,2024/12/28,4:49:47,3.1
上游闸外水位,2024/12/28,4:49:47,3.8
上游闸内水位,2024/12/28,4:52:18,3.6
上游闸外水位,2024/12/28,4:52:18,3.7
内河侧水位,2024/12/28,5:00:00,3.8
长江侧水位,2024/12/28,5:00:00,3.0
上游闸内水位,2024/12/28,5:36:38,3.7
上游闸外水位,2024/12/28,5:36:38,3.8
下游闸内水位,2024/12/28,5:39:13,3.7
下游闸外水位,2024/12/28,5:39:13,2.9
下游闸内水位,2024/12/28,5:42:54,3.1
下游闸外水位,2024/12/28,5:42:54,3.0
下游闸内水位,2024/12/28,5:53:46,2.9
下游闸外水位,2024/12/28,5:53:46,2.9
上游闸内水位,2024/12/28,5:56:30,2.9
上游闸外水位,2024/12/28,5:56:30,3.8
上游闸内水位,2024/12/28,5:59:46,3.6
上游闸外水位,2024/12/28,5:59:46,3.8
内河侧水位,2024/12/28,6:00:00,3.8
长江侧水位,2024/12/28,6:00:00,2.9
上游闸内水位,2024/12/28,6:13:18,3.7
上游闸外水位,2024/12/28,6:13:18,3.8
下游闸内水位,2024/12/28,6:15:52,3.7
下游闸外水位,2024/12/28,6:15:52,2.8
下游闸内水位,2024/12/28,6:19:42,3.0
下游闸外水位,2024/12/28,6:19:42,2.8
下游闸内水位,2024/12/28,6:28:38,2.8
下游闸外水位,2024/12/28,6:28:38,2.8
上游闸内水位,2024/12/28,6:34:40,3.6
上游闸外水位,2024/12/28,6:34:40,3.8
内河侧水位,2024/12/28,7:00:00,3.8
长江侧水位,2024/12/28,7:00:00,2.6
上游闸内水位,2024/12/28,7:00:20,3.7
上游闸外水位,2024/12/28,7:00:20,3.7
下游闸内水位,2024/12/28,7:03:12,3.7
下游闸外水位,2024/12/28,7:03:12,2.6
下游闸内水位,2024/12/28,7:07:22,2.8
下游闸外水位,2024/12/28,7:07:22,2.6
下游闸内水位,2024/12/28,7:28:23,2.6
下游闸外水位,2024/12/28,7:28:23,2.6
上游闸内水位,2024/12/28,7:34:54,3.6
上游闸外水位,2024/12/28,7:34:54,3.8
上游闸内水位,2024/12/28,7:58:49,3.7
上游闸外水位,2024/12/28,7:58:49,3.8
内河侧水位,2024/12/28,8:00:00,3.8
长江侧水位,2024/12/28,8:00:00,2.5
下游闸内水位,2024/12/28,8:02:20,3.7
下游闸外水位,2024/12/28,8:02:20,2.4
下游闸内水位,2024/12/28,8:07:02,2.6
下游闸外水位,2024/12/28,8:07:02,2.4
下游闸内水位,2024/12/28,8:17:40,2.4
下游闸外水位,2024/12/28,8:17:40,2.4
上游闸内水位,2024/12/28,8:20:34,2.3
上游闸外水位,2024/12/28,8:20:34,3.8
上游闸内水位,2024/12/28,8:24:58,3.7
上游闸外水位,2024/12/28,8:24:58,3.8
上游闸内水位,2024/12/28,8:58:18,3.7
上游闸外水位,2024/12/28,8:58:18,3.8
内河侧水位,2024/12/28,9:00:00,3.8
长江侧水位,2024/12/28,9:00:00,2.3
下游闸内水位,2024/12/28,9:00:54,3.8
下游闸外水位,2024/12/28,9:00:54,2.3
下游闸内水位,2024/12/28,9:05:58,2.4
下游闸外水位,2024/12/28,9:05:58,2.3
下游闸内水位,2024/12/28,9:30:47,2.2
下游闸外水位,2024/12/28,9:30:47,2.2
上游闸内水位,2024/12/28,9:33:27,2.2
上游闸外水位,2024/12/28,9:33:27,3.8
上游闸内水位,2024/12/28,9:37:35,3.6
上游闸外水位,2024/12/28,9:37:35,3.8
上游闸外水位,2024/12/28,22:27:38,3.7
内河侧水位,2024/12/28,23:00:00,3.7
长江侧水位,2024/12/28,23:00:00,2.3
上游闸内水位,2024/12/28,23:00:19,3.7
上游闸外水位,2024/12/28,23:00:19,3.7
下游闸内水位,2024/12/28,23:03:02,3.7
下游闸外水位,2024/12/28,23:03:02,2.3
下游闸内水位,2024/12/28,23:07:58,2.4
下游闸外水位,2024/12/28,23:07:58,2.3
下游闸内水位,2024/12/28,23:47:50,2.3
下游闸外水位,2024/12/28,23:47:50,2.2
上游闸内水位,2024/12/28,23:51:44,2.2
上游闸外水位,2024/12/28,23:51:44,3.7
上游闸内水位,2024/12/28,23:56:10,3.6
上游闸外水位,2024/12/28,23:56:10,3.8
内河侧水位,2024/12/29,0:00:00,3.7
长江侧水位,2024/12/29,0:00:00,2.2
上游闸内水位,2024/12/29,0:38:15,3.7
上游闸外水位,2024/12/29,0:38:15,3.7
下游闸内水位,2024/12/29,0:41:05,3.7
下游闸外水位,2024/12/29,0:41:05,2.1
下游闸内水位,2024/12/29,0:46:31,2.2
下游闸外水位,2024/12/29,0:46:31,2.1
内河侧水位,2024/12/29,1:00:00,3.7
长江侧水位,2024/12/29,1:00:00,2.1
下游闸内水位,2024/12/29,1:41:34,2.1
下游闸外水位,2024/12/29,1:41:34,2.1
上游闸内水位,2024/12/29,1:44:35,2.1
上游闸外水位,2024/12/29,1:44:35,3.7
上游闸内水位,2024/12/29,1:52:13,3.6
上游闸外水位,2024/12/29,1:52:13,3.7
内河侧水位,2024/12/29,2:00:00,3.7
长江侧水位,2024/12/29,2:00:00,2.1
上游闸内水位,2024/12/29,2:29:39,3.6
上游闸外水位,2024/12/29,2:29:39,3.7
下游闸内水位,2024/12/29,2:32:15,3.7
下游闸外水位,2024/12/29,2:32:15,2.2
下游闸内水位,2024/12/29,2:37:19,2.4
下游闸外水位,2024/12/29,2:37:19,2.3
下游闸内水位,2024/12/29,2:47:36,2.4
内河侧水位,2024/12/28,10:00:00,3.8
长江侧水位,2024/12/28,10:00:00,2.2
上游闸内水位,2024/12/28,10:03:17,3.7
上游闸外水位,2024/12/28,10:03:17,3.7
下游闸内水位,2024/12/28,10:11:23,2.2
下游闸外水位,2024/12/28,10:11:23,2.1
下游闸内水位,2024/12/28,10:47:29,2.0
下游闸外水位,2024/12/28,10:47:29,2.0
上游闸内水位,2024/12/28,10:50:13,2.1
上游闸外水位,2024/12/28,10:50:13,3.7
上游闸内水位,2024/12/28,10:52:39,2.6
上游闸外水位,2024/12/28,10:52:39,3.7
上游闸内水位,2024/12/28,10:56:38,3.7
上游闸外水位,2024/12/28,10:56:38,3.8
内河侧水位,2024/12/28,11:00:00,3.7
长江侧水位,2024/12/28,11:00:00,2.0
上游闸内水位,2024/12/28,11:27:50,3.7
上游闸外水位,2024/12/28,11:27:50,3.7
下游闸内水位,2024/12/28,11:30:32,3.7
下游闸外水位,2024/12/28,11:30:32,2.0
下游闸内水位,2024/12/28,11:32:26,3.3
下游闸外水位,2024/12/28,11:32:26,1.9
下游闸内水位,2024/12/28,11:36:47,2.1
下游闸外水位,2024/12/28,11:36:47,2.0
内河侧水位,2024/12/28,12:00:00,3.8
长江侧水位,2024/12/28,12:00:00,1.9
下游闸内水位,2024/12/28,12:23:09,1.9
下游闸外水位,2024/12/28,12:23:09,1.8
上游闸内水位,2024/12/28,12:25:46,1.8
上游闸外水位,2024/12/28,12:25:46,3.7
上游闸内水位,2024/12/28,12:29:32,3.0
上游闸外水位,2024/12/28,12:29:32,3.7
上游闸内水位,2024/12/28,12:31:43,3.6
上游闸外水位,2024/12/28,12:31:43,3.7
内河侧水位,2024/12/28,13:00:00,3.7
长江侧水位,2024/12/28,13:00:00,1.9
上游闸内水位,2024/12/28,13:13:48,3.7
上游闸外水位,2024/12/28,13:13:48,3.7
下游闸内水位,2024/12/28,13:16:25,3.7
下游闸外水位,2024/12/28,13:16:25,1.9
下游闸内水位,2024/12/28,13:19:27,3.2
下游闸外水位,2024/12/28,13:19:27,1.9
下游闸内水位,2024/12/28,13:22:35,2.5
下游闸外水位,2024/12/28,13:22:35,1.9
下游闸内水位,2024/12/28,13:24:48,2.0
下游闸外水位,2024/12/28,13:24:48,1.9
内河侧水位,2024/12/28,14:00:00,3.7
长江侧水位,2024/12/28,14:00:00,2.3
下游闸内水位,2024/12/28,14:08:56,2.4
下游闸外水位,2024/12/28,14:08:56,2.4
上游闸内水位,2024/12/28,14:12:04,2.4
上游闸外水位,2024/12/28,14:12:04,3.7
上游闸内水位,2024/12/28,14:52:33,3.7
上游闸外水位,2024/12/28,14:52:33,3.7
下游闸内水位,2024/12/28,14:55:12,3.7
下游闸外水位,2024/12/28,14:55:12,2.9
下游闸内水位,2024/12/28,14:59:04,3.0
下游闸外水位,2024/12/28,14:59:04,2.9
内河侧水位,2024/12/28,15:00:00,3.7
长江侧水位,2024/12/28,15:00:00,2.9
下游闸内水位,2024/12/28,15:35:17,3.2
下游闸外水位,2024/12/28,15:35:17,3.2
上游闸内水位,2024/12/28,15:38:05,3.2
上游闸外水位,2024/12/28,15:38:05,3.8
上游闸内水位,2024/12/28,15:40:22,3.6
上游闸外水位,2024/12/28,15:40:22,3.7
内河侧水位,2024/12/28,16:00:00,3.8
长江侧水位,2024/12/28,16:00:00,3.3
上游闸内水位,2024/12/28,16:02:51,3.7
上游闸外水位,2024/12/28,16:02:51,3.7
下游闸内水位,2024/12/28,16:05:22,3.7
下游闸外水位,2024/12/28,16:05:22,3.4
下游闸内水位,2024/12/28,16:07:19,3.5
下游闸外水位,2024/12/28,16:07:19,3.4
下游闸内水位,2024/12/28,16:35:37,3.4
下游闸外水位,2024/12/28,16:35:37,3.4
上游闸内水位,2024/12/28,16:38:16,3.5
上游闸外水位,2024/12/28,16:38:16,3.7
上游闸内水位,2024/12/28,16:40:03,3.6
上游闸外水位,2024/12/28,16:40:03,3.7
内河侧水位,2024/12/28,17:00:00,3.7
长江侧水位,2024/12/28,17:00:00,3.5
上游闸内水位,2024/12/28,17:15:42,3.7
上游闸外水位,2024/12/28,17:15:42,3.8
下游闸内水位,2024/12/28,17:18:34,3.7
下游闸外水位,2024/12/28,17:18:34,3.5
下游闸内水位,2024/12/28,17:20:07,3.7
下游闸外水位,2024/12/28,17:20:07,3.5
下游闸内水位,2024/12/28,17:43:32,3.5
下游闸外水位,2024/12/28,17:43:32,3.5
上游闸内水位,2024/12/28,17:46:09,3.5
上游闸外水位,2024/12/28,17:46:09,3.8
上游闸内水位,2024/12/28,17:48:00,3.7
上游闸外水位,2024/12/28,17:48:00,3.7
内河侧水位,2024/12/28,18:00:00,3.8
长江侧水位,2024/12/28,18:00:00,3.5
上游闸内水位,2024/12/28,18:15:41,3.7
上游闸外水位,2024/12/28,18:15:41,3.8
下游闸内水位,2024/12/28,18:18:41,3.7
下游闸外水位,2024/12/28,18:18:41,3.4
下游闸内水位,2024/12/28,18:20:23,3.6
下游闸外水位,2024/12/28,18:20:23,3.4
下游闸内水位,2024/12/28,18:59:04,3.3
下游闸外水位,2024/12/28,18:59:04,3.2
内河侧水位,2024/12/28,19:00:00,3.8
长江侧水位,2024/12/28,19:00:00,3.2
上游闸内水位,2024/12/28,19:01:40,3.2
上游闸外水位,2024/12/28,19:01:40,3.8
上游闸内水位,2024/12/28,19:03:43,3.5
上游闸外水位,2024/12/28,19:03:43,3.7
上游闸内水位,2024/12/28,19:41:24,3.7
上游闸外水位,2024/12/28,19:41:24,3.7
下游闸内水位,2024/12/28,19:44:05,3.7
下游闸外水位,2024/12/28,19:44:05,3.0
下游闸内水位,2024/12/28,19:48:09,3.0
下游闸外水位,2024/12/28,19:48:09,2.9
内河侧水位,2024/12/28,20:00:00,3.8
长江侧水位,2024/12/28,20:00:00,2.8
上游闸内水位,2024/12/28,20:34:28,2.7
上游闸外水位,2024/12/28,20:34:28,3.7
上游闸内水位,2024/12/28,20:38:16,3.7
上游闸外水位,2024/12/28,20:38:16,3.8
上游闸内水位,2024/12/28,20:55:11,3.7
上游闸外水位,2024/12/28,20:55:11,3.7
下游闸内水位,2024/12/28,20:57:45,3.7
下游闸外水位,2024/12/28,20:57:45,2.6
内河侧水位,2024/12/28,21:00:00,3.7
长江侧水位,2024/12/28,21:00:00,2.6
下游闸内水位,2024/12/28,21:32:52,2.6
下游闸外水位,2024/12/28,21:32:52,2.6
上游闸内水位,2024/12/28,21:36:06,2.5
上游闸外水位,2024/12/28,21:36:06,3.8
上游闸内水位,2024/12/28,21:37:45,2.8
上游闸外水位,2024/12/28,21:37:45,3.7
上游闸内水位,2024/12/28,21:40:17,3.6
上游闸外水位,2024/12/28,21:40:17,3.8
内河侧水位,2024/12/29,10:00:00,3.7
长江侧水位,2024/12/29,10:00:00,2.4
上游闸内水位,2024/12/29,10:12:15,3.7
上游闸外水位,2024/12/29,10:12:15,3.7
下游闸内水位,2024/12/29,10:14:49,3.7
下游闸外水位,2024/12/29,10:14:49,2.3
下游闸内水位,2024/12/29,10:19:41,2.5
下游闸外水位,2024/12/29,10:19:41,2.3
内河侧水位,2024/12/29,11:00:00,3.7
长江侧水位,2024/12/29,11:00:00,2.3
下游闸内水位,2024/12/29,11:07:32,2.2
下游闸外水位,2024/12/29,11:07:32,2.2
上游闸内水位,2024/12/29,11:11:09,2.2
上游闸外水位,2024/12/29,11:11:09,3.7
上游闸内水位,2024/12/29,11:16:42,3.8
上游闸外水位,2024/12/29,11:16:42,3.8
上游闸内水位,2024/12/29,11:32:13,3.7
上游闸外水位,2024/12/29,11:32:13,3.7
下游闸内水位,2024/12/29,11:34:44,3.7
下游闸外水位,2024/12/29,11:34:44,2.1
下游闸内水位,2024/12/29,11:39:46,2.3
下游闸外水位,2024/12/29,11:39:46,2.1
内河侧水位,2024/12/29,12:00:00,3.7
长江侧水位,2024/12/29,12:00:00,2.1
下游闸内水位,2024/12/29,12:05:41,2.1
下游闸外水位,2024/12/29,12:05:41,2.0
上游闸内水位,2024/12/29,12:08:16,2.1
上游闸外水位,2024/12/29,12:08:16,3.7
上游闸内水位,2024/12/29,12:15:14,2.9
上游闸外水位,2024/12/29,12:15:14,3.7
上游闸内水位,2024/12/29,12:17:51,3.6
上游闸外水位,2024/12/29,12:17:51,3.7
上游闸内水位,2024/12/29,12:51:32,3.7
上游闸外水位,2024/12/29,12:51:32,3.7
下游闸内水位,2024/12/29,12:54:05,3.7
下游闸外水位,2024/12/29,12:54:05,1.9
下游闸内水位,2024/12/29,12:59:23,2.9
下游闸外水位,2024/12/29,12:59:23,1.9
下游闸外水位,2024/12/29,2:47:36,2.3
上游闸内水位,2024/12/29,2:50:20,2.3
上游闸外水位,2024/12/29,2:50:20,3.7
上游闸内水位,2024/12/29,2:54:28,3.6
上游闸外水位,2024/12/29,2:54:28,3.8
内河侧水位,2024/12/29,3:00:00,3.7
长江侧水位,2024/12/29,3:00:00,2.5
上游闸内水位,2024/12/29,3:29:17,3.7
上游闸外水位,2024/12/29,3:29:17,3.7
下游闸内水位,2024/12/29,3:31:49,3.7
下游闸外水位,2024/12/29,3:31:49,2.8
下游闸内水位,2024/12/29,3:35:18,3.0
下游闸外水位,2024/12/29,3:35:18,2.9
下游闸内水位,2024/12/29,3:51:50,3.0
下游闸外水位,2024/12/29,3:51:50,3.0
上游闸内水位,2024/12/29,3:56:02,3.1
上游闸外水位,2024/12/29,3:56:02,3.7
上游闸内水位,2024/12/29,3:59:09,3.6
上游闸外水位,2024/12/29,3:59:09,3.7
内河侧水位,2024/12/29,4:00:00,3.8
长江侧水位,2024/12/29,4:00:00,3.0
上游闸内水位,2024/12/29,4:27:56,3.7
上游闸外水位,2024/12/29,4:27:56,3.7
下游闸内水位,2024/12/29,4:31:34,3.7
下游闸外水位,2024/12/29,4:31:34,3.2
下游闸内水位,2024/12/29,4:34:28,3.3
下游闸外水位,2024/12/29,4:34:28,3.2
内河侧水位,2024/12/29,5:00:00,3.7
长江侧水位,2024/12/29,5:00:00,3.3
下游闸内水位,2024/12/29,5:30:39,3.4
下游闸外水位,2024/12/29,5:30:39,3.4
上游闸内水位,2024/12/29,5:33:22,3.3
上游闸外水位,2024/12/29,5:33:22,3.7
上游闸内水位,2024/12/29,5:35:34,3.6
上游闸外水位,2024/12/29,5:35:34,3.7
内河侧水位,2024/12/29,6:00:00,3.7
长江侧水位,2024/12/29,6:00:00,3.3
上游闸内水位,2024/12/29,6:18:17,3.7
上游闸外水位,2024/12/29,6:18:17,3.7
下游闸内水位,2024/12/29,6:21:11,3.7
下游闸外水位,2024/12/29,6:21:11,3.3
下游闸内水位,2024/12/29,6:23:29,3.4
下游闸外水位,2024/12/29,6:23:29,3.3
内河侧水位,2024/12/29,7:00:00,3.7
长江侧水位,2024/12/29,7:00:00,3.1
下游闸内水位,2024/12/29,7:17:15,3.0
下游闸外水位,2024/12/29,7:17:15,3.0
上游闸内水位,2024/12/29,7:20:15,2.9
上游闸外水位,2024/12/29,7:20:15,3.8
上游闸内水位,2024/12/29,7:23:10,3.5
上游闸外水位,2024/12/29,7:23:10,3.7
上游闸内水位,2024/12/29,7:52:21,3.7
上游闸外水位,2024/12/29,7:52:21,3.7
下游闸内水位,2024/12/29,7:54:54,3.7
下游闸外水位,2024/12/29,7:54:54,2.8
下游闸内水位,2024/12/29,7:58:58,2.9
下游闸外水位,2024/12/29,7:58:58,2.8
内河侧水位,2024/12/29,8:00:00,3.8
长江侧水位,2024/12/29,8:00:00,2.7
下游闸内水位,2024/12/29,8:15:42,2.7
下游闸外水位,2024/12/29,8:15:42,2.7
上游闸内水位,2024/12/29,8:18:17,2.8
上游闸外水位,2024/12/29,8:18:17,3.7
上游闸内水位,2024/12/29,8:21:39,3.6
上游闸外水位,2024/12/29,8:21:39,3.8
上游闸内水位,2024/12/29,8:47:19,3.7
上游闸外水位,2024/12/29,8:47:19,3.7
下游闸内水位,2024/12/29,8:50:04,3.7
下游闸外水位,2024/12/29,8:50:04,2.6
下游闸内水位,2024/12/29,8:54:41,2.7
下游闸外水位,2024/12/29,8:54:41,2.5
内河侧水位,2024/12/29,9:00:00,3.7
长江侧水位,2024/12/29,9:00:00,2.5
下游闸内水位,2024/12/29,9:33:20,2.5
下游闸外水位,2024/12/29,9:33:20,2.5
上游闸内水位,2024/12/29,9:35:56,2.4
上游闸外水位,2024/12/29,9:35:56,3.7
上游闸内水位,2024/12/29,9:39:52,3.6
上游闸外水位,2024/12/29,9:39:52,3.8
上游闸内水位,2024/12/29,21:48:46,3.8
上游闸外水位,2024/12/29,21:48:46,3.8
下游闸内水位,2024/12/29,21:51:20,3.8
下游闸外水位,2024/12/29,21:51:20,2.7
下游闸内水位,2024/12/29,21:55:26,2.9
下游闸外水位,2024/12/29,21:55:26,2.7
内河侧水位,2024/12/29,22:00:00,3.8
长江侧水位,2024/12/29,22:00:00,2.7
内河侧水位,2024/12/29,13:00:00,3.7
长江侧水位,2024/12/29,13:00:00,1.9
下游闸内水位,2024/12/29,13:01:20,2.5
下游闸外水位,2024/12/29,13:01:20,1.9
下游闸内水位,2024/12/29,13:03:35,2.1
下游闸外水位,2024/12/29,13:03:35,1.9
内河侧水位,2024/12/29,14:00:00,3.7
长江侧水位,2024/12/29,14:00:00,2.0
下游闸内水位,2024/12/29,14:02:30,2.0
下游闸外水位,2024/12/29,14:02:30,2.0
上游闸内水位,2024/12/29,14:05:08,2.0
上游闸外水位,2024/12/29,14:05:08,3.7
上游闸内水位,2024/12/29,14:09:43,3.7
上游闸外水位,2024/12/29,14:09:43,3.8
上游闸内水位,2024/12/29,14:38:56,3.7
上游闸外水位,2024/12/29,14:38:56,3.7
下游闸内水位,2024/12/29,14:41:35,3.7
下游闸外水位,2024/12/29,14:41:35,2.5
下游闸内水位,2024/12/29,14:46:49,2.5
下游闸外水位,2024/12/29,14:46:49,2.5
内河侧水位,2024/12/29,15:00:00,3.7
长江侧水位,2024/12/29,15:00:00,2.7
下游闸内水位,2024/12/29,15:29:29,3.1
下游闸外水位,2024/12/29,15:29:29,3.0
上游闸内水位,2024/12/29,15:32:10,3.2
上游闸外水位,2024/12/29,15:32:10,3.8
上游闸内水位,2024/12/29,15:34:35,3.6
上游闸外水位,2024/12/29,15:34:35,3.7
内河侧水位,2024/12/29,16:00:00,3.8
长江侧水位,2024/12/29,16:00:00,3.3
上游闸内水位,2024/12/29,16:07:32,3.7
上游闸外水位,2024/12/29,16:07:32,3.8
上游闸内水位,2024/12/29,16:10:34,3.7
上游闸外水位,2024/12/29,16:10:34,3.8
下游闸内水位,2024/12/29,16:11:19,3.8
下游闸外水位,2024/12/29,16:11:19,3.4
下游闸内水位,2024/12/29,16:13:15,3.5
下游闸外水位,2024/12/29,16:13:15,3.4
下游闸内水位,2024/12/29,16:49:12,3.6
下游闸外水位,2024/12/29,16:49:12,3.6
上游闸内水位,2024/12/29,16:51:50,3.6
上游闸外水位,2024/12/29,16:51:50,3.8
上游闸内水位,2024/12/29,16:53:37,3.7
上游闸外水位,2024/12/29,16:53:37,3.8
内河侧水位,2024/12/29,17:00:00,3.8
长江侧水位,2024/12/29,17:00:00,3.6
上游闸内水位,2024/12/29,17:30:48,3.7
上游闸外水位,2024/12/29,17:30:48,3.8
下游闸内水位,2024/12/29,17:34:50,3.8
下游闸外水位,2024/12/29,17:34:50,3.7
下游闸内水位,2024/12/29,17:36:20,3.8
下游闸外水位,2024/12/29,17:36:20,3.7
内河侧水位,2024/12/29,18:00:00,3.8
长江侧水位,2024/12/29,18:00:00,3.8
下游闸内水位,2024/12/29,18:01:39,3.8
下游闸外水位,2024/12/29,18:01:39,3.8
上游闸内水位,2024/12/29,18:04:26,3.8
上游闸外水位,2024/12/29,18:04:26,3.8
上游闸内水位,2024/12/29,18:06:12,3.7
上游闸外水位,2024/12/29,18:06:12,3.8
上游闸内水位,2024/12/29,18:37:19,3.7
上游闸外水位,2024/12/29,18:37:19,3.8
下游闸内水位,2024/12/29,18:39:57,3.8
下游闸外水位,2024/12/29,18:39:57,3.7
下游闸内水位,2024/12/29,18:41:27,3.7
下游闸外水位,2024/12/29,18:41:27,3.7
内河侧水位,2024/12/29,19:00:00,3.8
长江侧水位,2024/12/29,19:00:00,3.7
下游闸内水位,2024/12/29,19:25:44,3.6
下游闸外水位,2024/12/29,19:25:44,3.5
上游闸内水位,2024/12/29,19:28:19,3.5
上游闸外水位,2024/12/29,19:28:19,3.8
上游闸内水位,2024/12/29,19:30:18,3.7
上游闸外水位,2024/12/29,19:30:18,3.8
内河侧水位,2024/12/29,20:00:00,3.8
长江侧水位,2024/12/29,20:00:00,3.3
上游闸内水位,2024/12/29,20:07:21,3.8
上游闸外水位,2024/12/29,20:07:21,3.9
下游闸内水位,2024/12/29,20:10:15,3.8
下游闸外水位,2024/12/29,20:10:15,3.2
下游闸内水位,2024/12/29,20:13:11,3.4
下游闸外水位,2024/12/29,20:13:11,3.2
内河侧水位,2024/12/29,21:00:00,3.8
长江侧水位,2024/12/29,21:00:00,3.0
下游闸内水位,2024/12/29,21:01:26,3.0
下游闸外水位,2024/12/29,21:01:26,3.0
上游闸内水位,2024/12/29,21:04:03,2.9
上游闸外水位,2024/12/29,21:04:03,3.8
上游闸内水位,2024/12/29,21:07:06,3.7
上游闸外水位,2024/12/29,21:07:06,3.8
下游闸内水位,2024/12/29,23:38:12,3.8
下游闸外水位,2024/12/29,23:38:12,2.4
上游闸内水位,2024/12/30,8:18:35,3.7
上游闸外水位,2024/12/30,8:18:35,3.8
上游闸内水位,2024/12/30,9:50:15,3.7
上游闸外水位,2024/12/30,9:50:15,3.8
下游闸内水位,2024/12/30,9:52:53,3.8
下游闸外水位,2024/12/30,9:52:53,2.6
内河侧水位,2024/12/30,10:00:00,3.8
长江侧水位,2024/12/30,10:00:00,2.5
下游闸内水位,2024/12/30,10:10:02,2.6
下游闸外水位,2024/12/30,10:10:02,2.5
下游闸内水位,2024/12/30,10:42:23,2.4
下游闸外水位,2024/12/30,10:42:23,2.4
上游闸内水位,2024/12/30,10:45:05,2.4
上游闸外水位,2024/12/30,10:45:05,3.8
上游闸内水位,2024/12/30,10:49:05,3.7
上游闸外水位,2024/12/30,10:49:05,3.8
内河侧水位,2024/12/30,11:00:00,3.8
长江侧水位,2024/12/30,11:00:00,2.4
上游闸内水位,2024/12/30,11:30:43,3.7
上游闸外水位,2024/12/30,11:30:43,3.8
下游闸内水位,2024/12/30,11:34:03,3.8
下游闸外水位,2024/12/30,11:34:03,2.2
下游闸内水位,2024/12/30,11:39:26,2.4
下游闸外水位,2024/12/30,11:39:26,2.2
下游闸内水位,2024/12/30,11:44:35,2.3
下游闸外水位,2024/12/30,11:44:35,2.2
内河侧水位,2024/12/30,12:00:00,3.8
长江侧水位,2024/12/30,12:00:00,2.3
下游闸内水位,2024/12/30,12:32:57,2.3
下游闸外水位,2024/12/30,12:32:57,2.2
上游闸内水位,2024/12/30,12:37:10,2.2
上游闸外水位,2024/12/30,12:37:10,3.8
上游闸内水位,2024/12/30,12:42:32,3.8
上游闸外水位,2024/12/30,12:42:32,3.8
内河侧水位,2024/12/30,13:00:00,3.8
长江侧水位,2024/12/30,13:00:00,2.0
上游闸内水位,2024/12/30,13:17:14,3.7
上游闸外水位,2024/12/30,13:17:14,3.8
下游闸内水位,2024/12/30,13:19:47,3.7
下游闸外水位,2024/12/30,13:19:47,2.0
下游闸内水位,2024/12/30,13:24:55,2.2
下游闸外水位,2024/12/30,13:24:55,2.1
内河侧水位,2024/12/30,14:00:00,3.7
长江侧水位,2024/12/30,14:00:00,1.9
下游闸内水位,2024/12/30,14:14:07,2.0
下游闸外水位,2024/12/30,14:14:07,1.9
上游闸内水位,2024/12/30,14:16:46,2.0
上游闸外水位,2024/12/30,14:16:46,3.8
上游闸内水位,2024/12/30,14:21:20,3.7
上游闸外水位,2024/12/30,14:21:20,3.8
上游闸内水位,2024/12/30,14:50:07,3.7
上游闸外水位,2024/12/30,14:50:07,3.8
下游闸内水位,2024/12/30,14:52:40,3.7
下游闸外水位,2024/12/30,14:52:40,2.1
下游闸内水位,2024/12/30,14:57:48,2.3
下游闸外水位,2024/12/30,14:57:48,2.1
内河侧水位,2024/12/30,15:00:00,3.7
长江侧水位,2024/12/30,15:00:00,2.2
下游闸内水位,2024/12/30,15:36:45,2.9
下游闸外水位,2024/12/30,15:36:45,2.8
上游闸内水位,2024/12/30,15:39:32,2.8
上游闸外水位,2024/12/30,15:39:32,3.8
上游闸内水位,2024/12/30,15:42:37,3.6
上游闸外水位,2024/12/30,15:42:37,3.8
内河侧水位,2024/12/30,16:00:00,3.8
长江侧水位,2024/12/30,16:00:00,3.1
上游闸内水位,2024/12/30,16:04:58,3.7
上游闸外水位,2024/12/30,16:04:58,3.8
下游闸内水位,2024/12/30,16:07:33,3.7
下游闸外水位,2024/12/30,16:07:33,3.2
下游闸内水位,2024/12/30,16:10:11,3.4
下游闸外水位,2024/12/30,16:10:11,3.2
下游闸内水位,2024/12/30,16:37:25,3.5
下游闸外水位,2024/12/30,16:37:25,3.4
上游闸内水位,2024/12/30,16:40:05,3.5
上游闸外水位,2024/12/30,16:40:05,3.8
上游闸内水位,2024/12/30,16:41:58,3.7
上游闸外水位,2024/12/30,16:41:58,3.7
下游闸内水位,2024/12/30,16:59:37,3.7
下游闸外水位,2024/12/30,16:59:37,3.6
内河侧水位,2024/12/30,17:00:00,3.8
长江侧水位,2024/12/30,17:00:00,3.6
下游闸内水位,2024/12/29,22:40:54,2.6
下游闸外水位,2024/12/29,22:40:54,2.6
上游闸内水位,2024/12/29,22:43:31,2.6
上游闸外水位,2024/12/29,22:43:31,3.8
上游闸内水位,2024/12/29,22:49:49,3.2
上游闸外水位,2024/12/29,22:49:49,3.8
上游闸内水位,2024/12/29,22:52:04,3.6
上游闸外水位,2024/12/29,22:52:04,3.8
内河侧水位,2024/12/29,23:00:00,3.8
长江侧水位,2024/12/29,23:00:00,2.5
上游闸内水位,2024/12/29,23:35:41,3.8
上游闸外水位,2024/12/29,23:35:41,3.8
下游闸内水位,2024/12/29,23:42:57,2.6
下游闸外水位,2024/12/29,23:42:57,2.5
内河侧水位,2024/12/30,0:00:00,3.8
长江侧水位,2024/12/30,0:00:00,2.4
下游闸内水位,2024/12/30,0:29:09,2.3
下游闸外水位,2024/12/30,0:29:09,2.3
上游闸内水位,2024/12/30,0:31:43,2.4
上游闸外水位,2024/12/30,0:31:43,3.8
上游闸内水位,2024/12/30,0:35:50,3.7
上游闸外水位,2024/12/30,0:35:50,3.9
内河侧水位,2024/12/30,1:00:00,3.8
长江侧水位,2024/12/30,1:00:00,2.3
上游闸内水位,2024/12/30,1:19:15,3.7
上游闸外水位,2024/12/30,1:19:15,3.8
下游闸内水位,2024/12/30,1:22:14,3.7
下游闸外水位,2024/12/30,1:22:14,2.2
下游闸内水位,2024/12/30,1:27:28,2.3
下游闸外水位,2024/12/30,1:27:28,2.2
内河侧水位,2024/12/30,2:00:00,3.8
长江侧水位,2024/12/30,2:00:00,2.2
下游闸内水位,2024/12/30,2:16:36,2.2
下游闸外水位,2024/12/30,2:16:36,2.1
上游闸内水位,2024/12/30,2:19:16,2.2
上游闸外水位,2024/12/30,2:19:16,3.8
上游闸内水位,2024/12/30,2:23:44,3.7
上游闸外水位,2024/12/30,2:23:44,3.8
上游闸内水位,2024/12/30,2:59:46,3.7
上游闸外水位,2024/12/30,2:59:46,3.8
内河侧水位,2024/12/30,3:00:00,3.8
长江侧水位,2024/12/30,3:00:00,2.2
下游闸内水位,2024/12/30,3:02:24,3.7
下游闸外水位,2024/12/30,3:02:24,2.2
下游闸内水位,2024/12/30,3:07:33,2.7
下游闸外水位,2024/12/30,3:07:33,2.1
下游闸内水位,2024/12/30,3:09:47,2.3
下游闸外水位,2024/12/30,3:09:47,2.2
内河侧水位,2024/12/30,4:00:00,3.8
长江侧水位,2024/12/30,4:00:00,2.8
下游闸内水位,2024/12/30,4:05:16,2.8
下游闸外水位,2024/12/30,4:05:16,2.8
上游闸内水位,2024/12/30,4:07:53,2.8
上游闸外水位,2024/12/30,4:07:53,3.8
上游闸内水位,2024/12/30,4:11:07,3.6
上游闸外水位,2024/12/30,4:11:07,3.8
上游闸内水位,2024/12/30,4:49:17,3.7
上游闸外水位,2024/12/30,4:49:17,3.8
下游闸内水位,2024/12/30,4:51:53,3.7
下游闸外水位,2024/12/30,4:51:53,3.2
下游闸内水位,2024/12/30,4:54:42,3.3
下游闸外水位,2024/12/30,4:54:42,3.2
内河侧水位,2024/12/30,5:00:00,3.8
长江侧水位,2024/12/30,5:00:00,3.2
下游闸内水位,2024/12/30,5:25:49,3.4
下游闸外水位,2024/12/30,5:25:49,3.3
上游闸内水位,2024/12/30,5:28:30,3.3
上游闸外水位,2024/12/30,5:28:30,3.8
上游闸内水位,2024/12/30,5:30:39,3.6
上游闸外水位,2024/12/30,5:30:39,3.7
上游闸内水位,2024/12/30,5:59:42,3.7
上游闸外水位,2024/12/30,5:59:42,3.8
内河侧水位,2024/12/30,6:00:00,3.8
长江侧水位,2024/12/30,6:00:00,3.5
下游闸内水位,2024/12/30,6:02:20,3.8
下游闸外水位,2024/12/30,6:02:20,3.4
下游闸内水位,2024/12/30,6:04:10,3.6
下游闸外水位,2024/12/30,6:04:10,3.4
下游闸内水位,2024/12/30,6:17:29,3.5
下游闸外水位,2024/12/30,6:17:29,3.5
上游闸内水位,2024/12/30,6:20:11,3.5
上游闸外水位,2024/12/30,6:20:11,3.8
上游闸内水位,2024/12/30,6:22:12,3.7
上游闸外水位,2024/12/30,6:22:12,3.8
上游闸内水位,2024/12/30,6:43:38,3.7
上游闸外水位,2024/12/30,6:43:38,3.8
下游闸内水位,2024/12/30,6:46:18,3.8
下游闸外水位,2024/12/30,6:46:18,3.4
下游闸内水位,2024/12/30,6:48:39,3.5
下游闸外水位,2024/12/30,6:48:39,3.4
内河侧水位,2024/12/30,7:00:00,3.8
长江侧水位,2024/12/30,7:00:00,3.3
下游闸内水位,2024/12/30,7:00:59,3.3
下游闸外水位,2024/12/30,7:00:59,3.3
上游闸内水位,2024/12/30,7:03:53,3.3
上游闸外水位,2024/12/30,7:03:53,3.8
上游闸内水位,2024/12/30,7:06:36,3.7
上游闸外水位,2024/12/30,7:06:36,3.8
上游闸内水位,2024/12/30,7:28:41,3.8
上游闸外水位,2024/12/30,7:28:41,3.8
下游闸内水位,2024/12/30,7:31:17,3.8
下游闸外水位,2024/12/30,7:31:17,3.2
下游闸内水位,2024/12/30,7:34:28,3.3
下游闸外水位,2024/12/30,7:34:28,3.2
下游闸内水位,2024/12/30,7:56:15,3.0
下游闸外水位,2024/12/30,7:56:15,3.0
上游闸内水位,2024/12/30,7:58:52,3.0
上游闸外水位,2024/12/30,7:58:52,3.8
内河侧水位,2024/12/30,8:00:00,3.7
长江侧水位,2024/12/30,8:00:00,3.0
上游闸内水位,2024/12/30,8:01:34,3.6
上游闸外水位,2024/12/30,8:01:34,3.7
下游闸内水位,2024/12/30,8:21:11,3.8
下游闸外水位,2024/12/30,8:21:11,3.0
下游闸内水位,2024/12/30,8:24:44,3.1
下游闸外水位,2024/12/30,8:24:44,2.9
下游闸内水位,2024/12/30,8:37:55,2.9
下游闸外水位,2024/12/30,8:37:55,2.8
上游闸内水位,2024/12/30,8:40:32,2.9
上游闸外水位,2024/12/30,8:40:32,3.8
上游闸内水位,2024/12/30,8:43:41,3.7
上游闸外水位,2024/12/30,8:43:41,3.9
内河侧水位,2024/12/30,9:00:00,3.8
长江侧水位,2024/12/30,9:00:00,2.8
上游闸内水位,2024/12/30,9:05:41,3.7
上游闸外水位,2024/12/30,9:05:41,3.8
下游闸内水位,2024/12/30,9:08:19,3.8
下游闸外水位,2024/12/30,9:08:19,2.7
下游闸内水位,2024/12/30,9:12:25,2.9
下游闸外水位,2024/12/30,9:12:25,2.7
下游闸内水位,2024/12/30,9:25:46,2.6
下游闸外水位,2024/12/30,9:25:46,2.5
上游闸内水位,2024/12/30,9:28:26,2.7
上游闸外水位,2024/12/30,9:28:26,3.8
上游闸内水位,2024/12/30,9:31:50,3.7
上游闸外水位,2024/12/30,9:31:50,3.8
内河侧水位,2024/12/30,18:00:00,3.8
长江侧水位,2024/12/30,18:00:00,3.8
内河侧水位,2024/12/30,19:00:00,4.0
长江侧水位,2024/12/30,19:00:00,3.9
上游闸内水位,2024/12/30,19:53:23,3.8
上游闸外水位,2024/12/30,19:53:23,3.8
内河侧水位,2024/12/30,20:00:00,3.9
长江侧水位,2024/12/30,20:00:00,3.6
下游闸内水位,2024/12/30,20:35:15,3.4
下游闸外水位,2024/12/30,20:35:15,3.4
上游闸内水位,2024/12/30,20:37:51,3.5
上游闸外水位,2024/12/30,20:37:51,3.9
上游闸内水位,2024/12/30,20:39:47,3.7
上游闸外水位,2024/12/30,20:39:47,3.9
内河侧水位,2024/12/30,21:00:00,3.9
长江侧水位,2024/12/30,21:00:00,3.3
上游闸内水位,2024/12/30,21:09:03,3.8
上游闸外水位,2024/12/30,21:09:03,3.9
下游闸内水位,2024/12/30,21:11:48,3.9
下游闸外水位,2024/12/30,21:11:48,3.3
下游闸内水位,2024/12/30,21:14:37,3.4
下游闸外水位,2024/12/30,21:14:37,3.3
内河侧水位,2024/12/30,22:00:00,3.9
长江侧水位,2024/12/30,22:00:00,3.0
下游闸内水位,2024/12/30,22:06:34,3.0
下游闸外水位,2024/12/30,22:06:34,3.0
上游闸内水位,2024/12/30,22:09:22,3.0
上游闸外水位,2024/12/30,22:09:22,3.9
上游闸内水位,2024/12/30,22:11:51,3.4
上游闸外水位,2024/12/30,22:11:51,3.9
上游闸内水位,2024/12/30,22:13:35,3.7
上游闸外水位,2024/12/30,22:13:35,3.9
内河侧水位,2024/12/30,23:00:00,3.9
长江侧水位,2024/12/30,23:00:00,2.8
上游闸内水位,2024/12/30,23:01:38,3.8
上游闸外水位,2024/12/30,23:01:38,3.9
下游闸内水位,2024/12/30,23:04:43,3.8
下游闸外水位,2024/12/30,23:04:43,2.7
下游闸内水位,2024/12/30,23:08:58,2.9
下游闸外水位,2024/12/30,23:08:58,2.7
内河侧水位,2024/12/31,0:00:00,3.8
长江侧水位,2024/12/31,0:00:00,2.6
下游闸内水位,2024/12/31,0:04:15,2.7
下游闸外水位,2024/12/31,0:04:15,2.6
上游闸内水位,2024/12/31,0:06:54,2.6
上游闸外水位,2024/12/31,0:06:54,3.9
上游闸内水位,2024/12/31,0:10:37,3.7
上游闸外水位,2024/12/31,0:10:37,3.9
内河侧水位,2024/12/31,1:00:00,3.8
长江侧水位,2024/12/31,1:00:00,2.4
上游闸内水位,2024/12/31,1:07:21,3.8
上游闸外水位,2024/12/31,1:07:21,3.8
下游闸内水位,2024/12/31,1:09:52,3.8
下游闸外水位,2024/12/31,1:09:52,2.4
下游闸内水位,2024/12/31,1:14:42,2.6
下游闸外水位,2024/12/31,1:14:42,2.4
内河侧水位,2024/12/31,2:00:00,3.8
长江侧水位,2024/12/31,2:00:00,2.2
下游闸内水位,2024/12/31,2:18:35,2.2
下游闸外水位,2024/12/31,2:18:35,2.2
上游闸内水位,2024/12/31,2:24:39,2.2
上游闸外水位,2024/12/31,2:24:39,3.8
上游闸内水位,2024/12/31,2:28:54,3.7
上游闸外水位,2024/12/31,2:28:54,3.8
内河侧水位,2024/12/31,3:00:00,3.8
长江侧水位,2024/12/31,3:00:00,2.2
上游闸内水位,2024/12/31,3:15:12,3.7
上游闸外水位,2024/12/31,3:15:12,3.8
下游闸内水位,2024/12/31,3:17:54,3.8
下游闸外水位,2024/12/31,3:17:54,2.1
下游闸内水位,2024/12/31,3:23:14,2.3
下游闸外水位,2024/12/31,3:23:14,2.1
下游闸内水位,2024/12/31,6:59:34,3.8
下游闸外水位,2024/12/31,6:59:34,3.7
上游闸内水位,2024/12/31,9:45:39,2.9
上游闸外水位,2024/12/31,9:45:39,3.8
上游闸内水位,2024/12/31,9:48:45,3.7
上游闸外水位,2024/12/31,9:48:45,3.8
上游闸内水位,2024/12/31,12:29:19,2.4
上游闸外水位,2024/12/31,12:29:19,3.8
内河侧水位,2024/12/31,22:00:00,4.0
长江侧水位,2024/12/31,22:00:00,3.3
上游闸内水位,2024/12/31,22:16:52,3.9
上游闸外水位,2024/12/31,22:16:52,4.0
下游闸内水位,2024/12/31,22:19:56,3.9
下游闸外水位,2024/12/31,22:19:56,3.2
下游闸内水位,2024/12/31,22:23:02,3.4
下游闸外水位,2024/12/31,22:23:02,3.2
内河侧水位,2024/12/31,23:00:00,3.9
长江侧水位,2024/12/31,23:00:00,3.1
下游闸内水位,2024/12/31,23:08:02,3.0
下游闸外水位,2024/12/31,23:08:02,3.0
上游闸内水位,2024/12/31,23:10:40,3.0
上游闸外水位,2024/12/31,23:10:40,3.9
上游闸内水位,2024/12/31,23:14:02,3.8
上游闸外水位,2024/12/31,23:14:02,3.9
上游闸内水位,2024/12/31,23:51:37,3.9
上游闸外水位,2024/12/31,23:51:37,3.9
下游闸内水位,2024/12/31,23:54:27,3.9
下游闸外水位,2024/12/31,23:54:27,2.8
下游闸内水位,2024/12/31,23:57:21,3.4
下游闸外水位,2024/12/31,23:57:21,2.8
下游闸内水位,2024/12/31,23:59:56,2.9
下游闸外水位,2024/12/31,23:59:56,2.8
内河侧水位,2024/12/31,4:00:00,3.8
长江侧水位,2024/12/31,4:00:00,2.3
下游闸内水位,2024/12/31,4:21:55,2.7
下游闸外水位,2024/12/31,4:21:55,2.7
上游闸内水位,2024/12/31,4:24:39,2.7
上游闸外水位,2024/12/31,4:24:39,3.8
上游闸内水位,2024/12/31,4:28:17,3.7
上游闸外水位,2024/12/31,4:28:17,3.8
内河侧水位,2024/12/31,5:00:00,3.8
长江侧水位,2024/12/31,5:00:00,3.1
上游闸内水位,2024/12/31,5:14:27,3.7
上游闸外水位,2024/12/31,5:14:27,3.8
下游闸内水位,2024/12/31,5:17:08,3.8
下游闸外水位,2024/12/31,5:17:08,3.2
下游闸内水位,2024/12/31,5:19:35,3.4
下游闸外水位,2024/12/31,5:19:35,3.3
内河侧水位,2024/12/31,6:00:00,3.8
长江侧水位,2024/12/31,6:00:00,3.4
下游闸内水位,2024/12/31,6:02:40,3.5
下游闸外水位,2024/12/31,6:02:40,3.5
上游闸内水位,2024/12/31,6:05:17,3.5
上游闸外水位,2024/12/31,6:05:17,3.8
上游闸内水位,2024/12/31,6:07:17,3.7
上游闸外水位,2024/12/31,6:07:17,3.8
上游闸内水位,2024/12/31,6:56:55,3.8
上游闸外水位,2024/12/31,6:56:55,3.8
内河侧水位,2024/12/31,7:00:00,3.8
长江侧水位,2024/12/31,7:00:00,3.7
下游闸内水位,2024/12/31,7:01:31,3.7
下游闸外水位,2024/12/31,7:01:31,3.6
下游闸内水位,2024/12/31,7:44:14,3.6
下游闸外水位,2024/12/31,7:44:14,3.6
上游闸内水位,2024/12/31,7:46:51,3.5
上游闸外水位,2024/12/31,7:46:51,3.8
上游闸内水位,2024/12/31,7:49:17,3.8
上游闸外水位,2024/12/31,7:49:17,3.8
内河侧水位,2024/12/31,8:00:00,3.8
长江侧水位,2024/12/31,8:00:00,3.5
上游闸内水位,2024/12/31,8:26:39,3.8
上游闸外水位,2024/12/31,8:26:39,3.8
下游闸内水位,2024/12/31,8:29:10,3.8
下游闸外水位,2024/12/31,8:29:10,3.2
下游闸内水位,2024/12/31,8:32:11,3.3
下游闸外水位,2024/12/31,8:32:11,3.2
下游闸内水位,2024/12/31,8:57:35,3.2
下游闸外水位,2024/12/31,8:57:35,3.1
内河侧水位,2024/12/31,9:00:00,3.8
长江侧水位,2024/12/31,9:00:00,3.1
上游闸内水位,2024/12/31,9:00:17,3.1
上游闸外水位,2024/12/31,9:00:17,3.8
上游闸内水位,2024/12/31,9:03:11,3.7
上游闸外水位,2024/12/31,9:03:11,3.8
上游闸内水位,2024/12/31,9:26:32,3.8
上游闸外水位,2024/12/31,9:26:32,3.8
下游闸内水位,2024/12/31,9:29:05,3.8
下游闸外水位,2024/12/31,9:29:05,3.0
下游闸内水位,2024/12/31,9:33:19,3.0
下游闸外水位,2024/12/31,9:33:19,2.9
下游闸内水位,2024/12/31,9:41:07,3.0
下游闸外水位,2024/12/31,9:41:07,2.9
内河侧水位,2024/12/31,10:00:00,3.8
长江侧水位,2024/12/31,10:00:00,2.8
上游闸内水位,2024/12/31,10:12:31,3.8
上游闸外水位,2024/12/31,10:12:31,3.8
下游闸内水位,2024/12/31,10:15:36,3.7
下游闸外水位,2024/12/31,10:15:36,2.8
下游闸内水位,2024/12/31,10:20:07,2.8
下游闸外水位,2024/12/31,10:20:07,2.7
下游闸内水位,2024/12/31,10:57:49,2.7
下游闸外水位,2024/12/31,10:57:49,2.6
内河侧水位,2024/12/31,11:00:00,3.8
长江侧水位,2024/12/31,11:00:00,2.6
上游闸内水位,2024/12/31,11:00:27,2.7
上游闸外水位,2024/12/31,11:00:27,3.8
上游闸内水位,2024/12/31,11:04:13,3.7
上游闸外水位,2024/12/31,11:04:13,3.8
上游闸内水位,2024/12/31,11:37:27,3.7
上游闸外水位,2024/12/31,11:37:27,3.8
下游闸内水位,2024/12/31,11:40:15,3.7
下游闸外水位,2024/12/31,11:40:15,2.5
下游闸内水位,2024/12/31,11:44:33,2.7
下游闸外水位,2024/12/31,11:44:33,2.6
内河侧水位,2024/12/31,12:00:00,3.8
长江侧水位,2024/12/31,12:00:00,2.5
下游闸内水位,2024/12/31,12:25:08,2.4
下游闸外水位,2024/12/31,12:25:08,2.4
上游闸内水位,2024/12/31,12:32:20,3.0
上游闸外水位,2024/12/31,12:32:20,3.7
上游闸内水位,2024/12/31,12:34:20,3.4
上游闸外水位,2024/12/31,12:34:20,3.8
上游闸内水位,2024/12/31,12:35:10,3.6
上游闸外水位,2024/12/31,12:35:10,3.8
内河侧水位,2024/12/31,13:00:00,3.8
长江侧水位,2024/12/31,13:00:00,2.3
上游闸内水位,2024/12/31,13:10:32,3.7
上游闸外水位,2024/12/31,13:10:32,3.8
下游闸内水位,2024/12/31,13:14:27,3.7
下游闸外水位,2024/12/31,13:14:27,2.3
下游闸内水位,2024/12/31,13:19:20,2.5
下游闸外水位,2024/12/31,13:19:20,2.3
内河侧水位,2024/12/31,14:00:00,3.8
长江侧水位,2024/12/31,14:00:00,2.2
下游闸内水位,2024/12/31,14:08:32,2.2
下游闸外水位,2024/12/31,14:08:32,2.2
上游闸内水位,2024/12/31,14:11:12,2.2
上游闸外水位,2024/12/31,14:11:12,3.8
上游闸内水位,2024/12/31,14:15:22,3.7
上游闸外水位,2024/12/31,14:15:22,3.8
上游闸内水位,2024/12/31,14:52:04,3.7
上游闸外水位,2024/12/31,14:52:04,3.8
下游闸内水位,2024/12/31,14:54:38,3.7
下游闸外水位,2024/12/31,14:54:38,2.2
内河侧水位,2024/12/31,15:00:01,3.8
长江侧水位,2024/12/31,15:00:01,2.1
下游闸内水位,2024/12/31,15:00:20,2.2
下游闸外水位,2024/12/31,15:00:20,2.1
下游闸内水位,2024/12/31,15:31:22,2.4
下游闸外水位,2024/12/31,15:31:22,2.3
上游闸内水位,2024/12/31,15:34:03,2.3
上游闸外水位,2024/12/31,15:34:03,3.8
上游闸内水位,2024/12/31,15:38:11,3.7
上游闸外水位,2024/12/31,15:38:11,3.8
内河侧水位,2024/12/31,16:00:00,3.8
长江侧水位,2024/12/31,16:00:00,2.7
上游闸内水位,2024/12/31,16:07:47,3.7
上游闸外水位,2024/12/31,16:07:47,3.8
下游闸内水位,2024/12/31,16:10:19,3.7
下游闸外水位,2024/12/31,16:10:19,2.9
下游闸内水位,2024/12/31,16:13:45,3.1
下游闸外水位,2024/12/31,16:13:45,2.9
下游闸内水位,2024/12/31,16:58:19,3.6
下游闸外水位,2024/12/31,16:58:19,3.6
内河侧水位,2024/12/31,17:00:00,3.8
长江侧水位,2024/12/31,17:00:00,3.6
上游闸内水位,2024/12/31,17:00:56,3.6
上游闸外水位,2024/12/31,17:00:56,3.8
下游闸内水位,2024/12/31,17:16:59,3.8
下游闸外水位,2024/12/31,17:16:59,3.7
内河侧水位,2024/12/31,18:00:00,3.9
长江侧水位,2024/12/31,18:00:00,3.9
上游闸内水位,2024/12/31,18:58:23,4.0
上游闸外水位,2024/12/31,18:58:23,4.1
内河侧水位,2024/12/31,19:00:00,3.7
长江侧水位,2024/12/31,19:00:00,4.1
下游闸内水位,2024/12/31,19:42:43,4.1
下游闸外水位,2024/12/31,19:42:43,4.1
上游闸内水位,2024/12/31,19:45:31,4.2
上游闸外水位,2024/12/31,19:45:31,4.0
上游闸内水位,2024/12/31,19:47:22,4.0
上游闸外水位,2024/12/31,19:47:22,4.0
内河侧水位,2024/12/31,20:00:00,4.0
长江侧水位,2024/12/31,20:00:00,4.1
上游闸内水位,2024/12/31,20:32:41,3.9
上游闸外水位,2024/12/31,20:32:41,4.0
下游闸内水位,2024/12/31,20:35:21,4.0
下游闸外水位,2024/12/31,20:35:21,3.9
下游闸内水位,2024/12/31,20:37:09,4.0
下游闸外水位,2024/12/31,20:37:09,3.9
内河侧水位,2024/12/31,21:00:00,4.0
长江侧水位,2024/12/31,21:00:00,3.8
下游闸内水位,2024/12/31,21:27:00,3.6
下游闸外水位,2024/12/31,21:27:00,3.6
上游闸内水位,2024/12/31,21:29:43,3.6
上游闸外水位,2024/12/31,21:29:43,4.0
上游闸内水位,2024/12/31,21:31:39,3.8
上游闸外水位,2024/12/31,21:31:39,3.9
