名称,日期,时间,数值
下游闸内水位,2024/06/01,2:39:31,4.5
下游闸外水位,2024/06/01,2:39:31,4.7
内河侧水位,2024/06/01,4:00:00,4.4
长江侧水位,2024/06/01,4:00:00,4.5
上游闸内水位,2024/06/01,4:23:25,4.3
上游闸外水位,2024/06/01,4:23:25,4.3
下游闸内水位,2024/06/01,4:26:04,4.3
下游闸外水位,2024/06/01,4:26:04,4.5
下游闸内水位,2024/06/01,4:40:31,4.5
下游闸外水位,2024/06/01,4:40:31,4.5
上游闸内水位,2024/06/01,4:43:29,4.4
上游闸外水位,2024/06/01,4:43:29,4.3
上游闸内水位,2024/06/01,4:44:59,4.3
上游闸外水位,2024/06/01,4:44:59,4.3
内河侧水位,2024/06/01,5:00:01,4.3
长江侧水位,2024/06/01,5:00:01,4.4
上游闸内水位,2024/06/01,5:28:08,4.2
上游闸外水位,2024/06/01,5:28:08,4.3
下游闸内水位,2024/06/01,5:32:40,4.2
下游闸外水位,2024/06/01,5:32:40,4.4
下游闸内水位,2024/06/01,5:33:59,4.3
下游闸外水位,2024/06/01,5:33:59,4.4
下游闸内水位,2024/06/01,5:45:55,4.4
下游闸外水位,2024/06/01,5:45:55,4.4
上游闸内水位,2024/06/01,5:48:32,4.4
上游闸外水位,2024/06/01,5:48:32,4.2
上游闸内水位,2024/06/01,5:50:06,4.3
上游闸外水位,2024/06/01,5:50:06,4.3
内河侧水位,2024/06/01,6:00:00,4.3
长江侧水位,2024/06/01,6:00:00,4.4
上游闸内水位,2024/06/01,6:00:12,4.2
上游闸外水位,2024/06/01,6:00:12,4.3
下游闸内水位,2024/06/01,6:02:42,4.2
下游闸外水位,2024/06/01,6:02:42,4.4
下游闸内水位,2024/06/01,6:11:30,4.4
下游闸外水位,2024/06/01,6:11:30,4.4
上游闸内水位,2024/06/01,6:14:22,4.3
上游闸外水位,2024/06/01,6:14:22,4.2
上游闸内水位,2024/06/01,6:15:48,4.2
上游闸外水位,2024/06/01,6:15:48,4.2
上游闸内水位,2024/06/01,6:26:42,4.2
上游闸外水位,2024/06/01,6:26:42,4.2
下游闸内水位,2024/06/01,6:29:18,4.2
下游闸外水位,2024/06/01,6:29:18,4.3
下游闸内水位,2024/06/01,6:30:34,4.2
下游闸外水位,2024/06/01,6:30:34,4.3
下游闸内水位,2024/06/01,6:37:43,4.3
下游闸外水位,2024/06/01,6:37:43,4.3
上游闸内水位,2024/06/01,6:40:30,4.3
上游闸外水位,2024/06/01,6:40:30,4.2
内河侧水位,2024/06/01,0:00:00,4.3
长江侧水位,2024/06/01,0:00:00,4.6
上游闸内水位,2024/06/01,0:14:40,4.3
上游闸外水位,2024/06/01,0:14:40,4.3
下游闸内水位,2024/06/01,0:17:14,4.3
下游闸外水位,2024/06/01,0:17:14,4.7
下游闸内水位,2024/06/01,0:18:59,4.5
下游闸外水位,2024/06/01,0:18:59,4.7
下游闸内水位,2024/06/01,0:59:13,4.8
下游闸外水位,2024/06/01,0:59:13,4.7
内河侧水位,2024/06/01,1:00:00,4.4
长江侧水位,2024/06/01,1:00:00,4.7
上游闸内水位,2024/06/01,1:01:49,4.7
上游闸外水位,2024/06/01,1:01:49,4.4
上游闸内水位,2024/06/01,1:03:49,4.4
上游闸外水位,2024/06/01,1:03:49,4.4
上游闸内水位,2024/06/01,1:50:23,4.3
上游闸外水位,2024/06/01,1:50:23,4.4
下游闸内水位,2024/06/01,1:53:01,4.4
下游闸外水位,2024/06/01,1:53:01,4.7
下游闸内水位,2024/06/01,1:54:35,4.6
下游闸外水位,2024/06/01,1:54:35,4.7
内河侧水位,2024/06/01,2:00:00,4.4
长江侧水位,2024/06/01,2:00:00,4.7
下游闸内水位,2024/06/01,2:11:37,4.7
下游闸外水位,2024/06/01,2:11:37,4.7
上游闸内水位,2024/06/01,2:14:26,4.7
上游闸外水位,2024/06/01,2:14:26,4.4
上游闸内水位,2024/06/01,2:15:55,4.5
上游闸外水位,2024/06/01,2:15:55,4.4
上游闸内水位,2024/06/01,2:35:27,4.4
上游闸外水位,2024/06/01,2:35:27,4.4
下游闸内水位,2024/06/01,2:38:00,4.3
下游闸外水位,2024/06/01,2:38:00,4.7
下游闸内水位,2024/06/01,2:54:03,4.6
下游闸外水位,2024/06/01,2:54:03,4.6
内河侧水位,2024/06/01,3:00:00,4.4
长江侧水位,2024/06/01,3:00:00,4.6
上游闸内水位,2024/06/01,3:38:34,4.5
上游闸外水位,2024/06/01,3:38:34,4.3
上游闸内水位,2024/06/01,3:40:03,4.4
上游闸外水位,2024/06/01,3:40:03,4.4
下游闸内水位,2024/06/01,11:58:12,4.8
下游闸外水位,2024/06/01,11:58:12,4.8
内河侧水位,2024/06/01,12:00:00,4.3
长江侧水位,2024/06/01,12:00:00,4.8
下游闸内水位,2024/06/01,12:00:12,4.8
下游闸外水位,2024/06/01,12:00:12,4.8
上游闸内水位,2024/06/01,12:02:11,4.8
上游闸外水位,2024/06/01,12:02:11,4.3
上游闸内水位,2024/06/01,13:50:35,4.5
上游闸外水位,2024/06/01,13:50:35,4.5
上游闸内水位,2024/06/01,13:51:49,4.5
上游闸外水位,2024/06/01,13:51:49,4.5
下游闸内水位,2024/06/01,13:54:15,4.5
下游闸外水位,2024/06/01,13:54:15,5.0
下游闸内水位,2024/06/01,13:56:31,4.9
下游闸外水位,2024/06/01,13:56:31,5.0
内河侧水位,2024/06/01,14:00:00,4.5
长江侧水位,2024/06/01,14:00:00,5.0
下游闸内水位,2024/06/01,14:30:13,4.9
下游闸外水位,2024/06/01,14:30:13,5.0
上游闸内水位,2024/06/01,14:32:51,5.0
上游闸外水位,2024/06/01,14:32:51,4.5
内河侧水位,2024/06/01,15:00:00,4.6
长江侧水位,2024/06/01,15:00:00,4.9
上游闸内水位,2024/06/01,15:08:04,4.5
上游闸外水位,2024/06/01,15:08:04,4.5
下游闸内水位,2024/06/01,15:10:34,4.5
下游闸外水位,2024/06/01,15:10:34,4.9
下游闸内水位,2024/06/01,15:12:14,4.7
下游闸外水位,2024/06/01,15:12:14,4.9
内河侧水位,2024/06/02,12:00:00,4.1
长江侧水位,2024/06/02,12:00:00,4.3
上游闸内水位,2024/06/02,12:09:35,4.1
上游闸外水位,2024/06/02,12:09:35,4.2
下游闸内水位,2024/06/02,12:12:50,4.1
下游闸外水位,2024/06/02,12:12:50,4.3
下游闸内水位,2024/06/02,12:43:44,4.6
下游闸外水位,2024/06/02,12:43:44,4.6
上游闸内水位,2024/06/02,12:46:26,4.6
上游闸外水位,2024/06/02,12:46:26,4.2
上游闸内水位,2024/06/02,12:47:55,4.4
上游闸外水位,2024/06/02,12:47:55,4.3
内河侧水位,2024/06/02,13:00:00,4.3
长江侧水位,2024/06/02,13:00:00,4.7
上游闸内水位,2024/06/02,13:26:42,4.3
上游闸外水位,2024/06/02,13:26:42,4.3
下游闸内水位,2024/06/02,13:29:17,4.3
下游闸外水位,2024/06/02,13:29:17,4.8
下游闸内水位,2024/06/02,13:31:26,4.7
下游闸外水位,2024/06/02,13:31:26,4.8
内河侧水位,2024/06/02,14:00:00,4.4
长江侧水位,2024/06/02,14:00:00,4.9
下游闸内水位,2024/06/02,14:08:58,5.0
下游闸外水位,2024/06/02,14:08:58,5.0
上游闸内水位,2024/06/02,14:11:33,5.0
上游闸外水位,2024/06/02,14:11:33,4.4
上游闸内水位,2024/06/02,14:13:49,4.6
上游闸外水位,2024/06/02,14:13:49,4.4
上游闸内水位,2024/06/02,14:37:57,4.5
上游闸外水位,2024/06/02,14:37:57,4.5
下游闸内水位,2024/06/02,14:40:32,4.4
下游闸外水位,2024/06/02,14:40:32,5.0
下游闸内水位,2024/06/02,14:42:49,4.9
下游闸外水位,2024/06/02,14:42:49,5.0
内河侧水位,2024/06/02,15:00:00,4.6
长江侧水位,2024/06/02,15:00:00,5.1
下游闸内水位,2024/06/02,15:03:23,5.0
下游闸外水位,2024/06/02,15:03:23,5.0
上游闸内水位,2024/06/02,15:05:58,5.0
上游闸外水位,2024/06/02,15:05:58,4.7
上游闸内水位,2024/06/02,15:07:41,4.8
上游闸外水位,2024/06/02,15:07:41,4.7
下游闸内水位,2024/06/02,15:46:06,4.7
内河侧水位,2024/06/01,7:00:00,4.2
长江侧水位,2024/06/01,7:00:00,4.3
上游闸内水位,2024/06/01,7:05:10,4.1
上游闸外水位,2024/06/01,7:05:10,4.2
下游闸内水位,2024/06/01,7:07:44,4.2
下游闸外水位,2024/06/01,7:07:44,4.2
下游闸内水位,2024/06/01,7:29:27,4.2
下游闸外水位,2024/06/01,7:29:27,4.2
上游闸内水位,2024/06/01,7:32:04,4.2
上游闸外水位,2024/06/01,7:32:04,4.2
上游闸内水位,2024/06/01,7:33:32,4.2
上游闸外水位,2024/06/01,7:33:32,4.2
上游闸内水位,2024/06/01,7:49:59,4.1
上游闸外水位,2024/06/01,7:49:59,4.1
下游闸内水位,2024/06/01,7:52:32,4.1
下游闸外水位,2024/06/01,7:52:32,4.2
内河侧水位,2024/06/01,8:00:00,4.1
长江侧水位,2024/06/01,8:00:00,4.2
下游闸内水位,2024/06/01,8:10:13,4.2
下游闸外水位,2024/06/01,8:10:13,4.2
上游闸内水位,2024/06/01,8:12:49,4.2
上游闸外水位,2024/06/01,8:12:49,4.1
上游闸内水位,2024/06/01,8:14:16,4.1
上游闸外水位,2024/06/01,8:14:16,4.1
上游闸内水位,2024/06/01,8:25:14,4.1
上游闸外水位,2024/06/01,8:25:14,4.1
下游闸内水位,2024/06/01,8:32:54,4.1
下游闸外水位,2024/06/01,8:32:54,4.1
下游闸内水位,2024/06/01,8:56:26,4.2
下游闸外水位,2024/06/01,8:56:26,4.2
上游闸内水位,2024/06/01,8:59:23,4.1
上游闸外水位,2024/06/01,8:59:23,4.1
内河侧水位,2024/06/01,9:00:00,4.1
长江侧水位,2024/06/01,9:00:00,4.1
上游闸内水位,2024/06/01,9:00:48,4.1
上游闸外水位,2024/06/01,9:00:48,4.1
上游闸内水位,2024/06/01,9:31:18,4.0
上游闸外水位,2024/06/01,9:31:18,4.1
下游闸内水位,2024/06/01,9:33:47,4.0
下游闸外水位,2024/06/01,9:33:47,4.1
内河侧水位,2024/06/01,10:00:00,4.1
长江侧水位,2024/06/01,10:00:00,4.1
下游闸内水位,2024/06/01,10:00:29,4.1
下游闸外水位,2024/06/01,10:00:29,4.1
上游闸内水位,2024/06/01,10:03:07,4.2
上游闸外水位,2024/06/01,10:03:07,4.1
上游闸内水位,2024/06/01,10:04:35,4.1
上游闸外水位,2024/06/01,10:04:35,4.1
上游闸内水位,2024/06/01,10:36:44,4.1
上游闸外水位,2024/06/01,10:36:44,4.1
下游闸内水位,2024/06/01,10:39:14,4.1
下游闸外水位,2024/06/01,10:39:14,4.3
下游闸内水位,2024/06/01,10:40:41,4.2
下游闸外水位,2024/06/01,10:40:41,4.3
下游闸内水位,2024/06/01,10:56:29,4.4
下游闸外水位,2024/06/01,10:56:29,4.4
上游闸内水位,2024/06/01,10:59:34,4.4
上游闸外水位,2024/06/01,10:59:34,4.2
内河侧水位,2024/06/01,11:00:00,4.2
长江侧水位,2024/06/01,11:00:00,4.4
上游闸内水位,2024/06/01,11:23:12,4.2
上游闸外水位,2024/06/01,11:23:12,4.2
下游闸内水位,2024/06/01,11:25:46,4.2
下游闸外水位,2024/06/01,11:25:46,4.6
下游闸内水位,2024/06/01,11:27:37,4.4
下游闸外水位,2024/06/01,11:27:37,4.6
上游闸内水位,2024/06/01,12:04:23,4.5
上游闸外水位,2024/06/01,12:04:23,4.3
上游闸内水位,2024/06/01,12:34:03,4.4
上游闸外水位,2024/06/01,12:34:03,4.4
内河侧水位,2024/06/01,13:00:00,4.4
长江侧水位,2024/06/01,13:00:00,5.0
上游闸内水位,2024/06/01,13:49:12,4.5
上游闸外水位,2024/06/01,13:49:12,4.5
上游闸内水位,2024/06/01,14:34:44,4.7
上游闸外水位,2024/06/01,14:34:44,4.5
下游闸内水位,2024/06/01,15:45:35,4.8
下游闸外水位,2024/06/01,15:45:35,4.8
上游闸内水位,2024/06/01,15:48:46,4.8
上游闸外水位,2024/06/01,15:48:46,4.5
上游闸内水位,2024/06/01,15:50:17,4.6
上游闸外水位,2024/06/01,15:50:17,4.5
内河侧水位,2024/06/01,16:00:00,4.4
长江侧水位,2024/06/01,16:00:00,4.8
上游闸内水位,2024/06/01,16:12:12,4.5
上游闸外水位,2024/06/01,16:12:12,4.5
下游闸内水位,2024/06/01,16:14:42,4.5
下游闸外水位,2024/06/01,16:14:42,4.8
下游闸内水位,2024/06/01,16:44:31,4.7
下游闸外水位,2024/06/01,16:44:31,4.7
上游闸内水位,2024/06/01,16:47:53,4.7
上游闸外水位,2024/06/01,16:47:53,4.5
内河侧水位,2024/06/01,17:00:00,4.4
长江侧水位,2024/06/01,17:00:00,4.7
上游闸内水位,2024/06/01,17:17:28,4.4
上游闸外水位,2024/06/01,17:17:28,4.4
下游闸内水位,2024/06/01,17:20:21,4.4
下游闸外水位,2024/06/01,17:20:21,4.6
下游闸内水位,2024/06/01,17:21:40,4.5
下游闸外水位,2024/06/01,17:21:40,4.6
下游闸内水位,2024/06/01,17:35:57,4.6
下游闸外水位,2024/06/01,17:35:57,4.6
上游闸内水位,2024/06/01,17:38:31,4.6
上游闸外水位,2024/06/01,17:38:31,4.4
上游闸内水位,2024/06/01,17:39:56,4.5
上游闸外水位,2024/06/01,17:39:56,4.4
上游闸内水位,2024/06/01,17:58:54,4.4
上游闸外水位,2024/06/01,17:58:54,4.4
内河侧水位,2024/06/01,18:00:00,4.4
长江侧水位,2024/06/01,18:00:00,4.6
下游闸内水位,2024/06/01,18:01:34,4.4
下游闸外水位,2024/06/01,18:01:34,4.6
下游闸内水位,2024/06/01,18:02:52,4.4
下游闸外水位,2024/06/01,18:02:52,4.5
下游闸内水位,2024/06/01,18:29:48,4.5
下游闸外水位,2024/06/01,18:29:48,4.5
上游闸内水位,2024/06/01,18:32:32,4.5
上游闸外水位,2024/06/01,18:32:32,4.4
上游闸内水位,2024/06/01,18:33:57,4.4
上游闸外水位,2024/06/01,18:33:57,4.4
内河侧水位,2024/06/01,19:00:00,4.3
长江侧水位,2024/06/01,19:00:00,4.5
上游闸内水位,2024/06/01,19:07:39,4.3
上游闸外水位,2024/06/01,19:07:39,4.3
下游闸内水位,2024/06/01,19:11:28,4.3
下游闸外水位,2024/06/01,19:11:28,4.4
下游闸内水位,2024/06/01,19:13:04,4.4
下游闸外水位,2024/06/01,19:13:04,4.4
下游闸内水位,2024/06/01,19:53:40,4.3
下游闸外水位,2024/06/01,19:53:40,4.3
上游闸内水位,2024/06/01,19:56:17,4.3
上游闸外水位,2024/06/01,19:56:17,4.2
上游闸内水位,2024/06/01,19:57:44,4.3
上游闸外水位,2024/06/01,19:57:44,4.3
内河侧水位,2024/06/01,20:00:00,4.2
长江侧水位,2024/06/01,20:00:00,4.3
上游闸内水位,2024/06/01,20:49:15,4.2
上游闸外水位,2024/06/01,20:49:15,4.2
下游闸内水位,2024/06/01,20:53:42,4.1
下游闸外水位,2024/06/01,20:53:42,4.2
内河侧水位,2024/06/01,21:00:00,4.2
长江侧水位,2024/06/01,21:00:00,4.2
下游闸内水位,2024/06/01,21:38:48,4.2
下游闸外水位,2024/06/01,21:38:48,4.2
上游闸内水位,2024/06/01,21:41:31,4.2
上游闸外水位,2024/06/01,21:41:31,4.1
上游闸内水位,2024/06/01,21:43:25,4.1
上游闸外水位,2024/06/01,21:43:25,4.1
内河侧水位,2024/06/01,22:00:00,4.2
长江侧水位,2024/06/01,22:00:00,4.2
上游闸内水位,2024/06/01,22:24:09,4.1
上游闸外水位,2024/06/01,22:24:09,4.1
下游闸内水位,2024/06/01,22:28:52,4.1
下游闸外水位,2024/06/01,22:28:52,4.2
内河侧水位,2024/06/01,23:00:00,4.1
长江侧水位,2024/06/01,23:00:00,4.1
下游闸内水位,2024/06/01,23:08:28,4.2
下游闸外水位,2024/06/01,23:08:28,4.2
上游闸内水位,2024/06/01,23:11:11,4.2
上游闸外水位,2024/06/01,23:11:11,4.1
上游闸内水位,2024/06/01,23:12:40,4.1
上游闸外水位,2024/06/01,23:12:40,4.1
上游闸内水位,2024/06/01,23:43:31,4.1
上游闸外水位,2024/06/01,23:43:31,4.1
下游闸内水位,2024/06/01,23:46:15,4.1
下游闸外水位,2024/06/01,23:46:15,4.3
下游闸内水位,2024/06/01,23:47:32,4.2
下游闸外水位,2024/06/01,23:47:32,4.3
内河侧水位,2024/06/02,0:00:00,4.2
长江侧水位,2024/06/02,0:00:00,4.4
下游闸内水位,2024/06/02,0:31:20,4.6
下游闸外水位,2024/06/02,0:31:20,4.6
下游闸内水位,2024/06/02,0:36:39,4.6
下游闸外水位,2024/06/02,0:36:39,4.6
上游闸内水位,2024/06/02,0:38:42,4.6
上游闸外水位,2024/06/02,0:38:42,4.3
内河侧水位,2024/06/02,1:00:00,4.3
长江侧水位,2024/06/02,1:00:00,4.8
上游闸内水位,2024/06/02,1:18:20,4.3
上游闸外水位,2024/06/02,1:18:20,4.4
下游闸内水位,2024/06/02,1:22:13,4.3
下游闸外水位,2024/06/02,1:22:13,4.9
下游闸内水位,2024/06/02,1:24:29,4.7
下游闸外水位,2024/06/02,1:24:29,4.9
内河侧水位,2024/06/02,2:00:00,4.4
长江侧水位,2024/06/02,2:00:00,5.0
下游闸内水位,2024/06/02,2:11:41,5.0
下游闸外水位,2024/06/02,2:11:41,5.0
上游闸内水位,2024/06/02,2:14:19,5.0
上游闸外水位,2024/06/02,2:14:19,4.5
上游闸内水位,2024/06/02,2:16:31,4.6
上游闸外水位,2024/06/02,2:16:31,4.4
上游闸内水位,2024/06/02,2:58:33,4.5
上游闸外水位,2024/06/02,2:58:33,4.5
内河侧水位,2024/06/02,3:00:00,4.5
长江侧水位,2024/06/02,3:00:00,5.0
下游闸内水位,2024/06/02,3:01:16,4.4
下游闸外水位,2024/06/02,3:01:16,5.0
下游闸内水位,2024/06/02,3:03:25,4.8
下游闸外水位,2024/06/02,3:03:25,5.0
下游闸内水位,2024/06/02,3:44:29,4.9
下游闸外水位,2024/06/02,3:44:29,4.9
上游闸内水位,2024/06/02,3:47:06,4.9
上游闸外水位,2024/06/02,3:47:06,4.5
上游闸内水位,2024/06/02,3:48:38,4.7
上游闸外水位,2024/06/02,3:48:38,4.5
内河侧水位,2024/06/02,4:00:00,4.5
长江侧水位,2024/06/02,4:00:00,4.9
上游闸内水位,2024/06/02,4:06:38,4.5
上游闸外水位,2024/06/02,4:06:38,4.5
下游闸内水位,2024/06/02,4:09:14,4.5
下游闸外水位,2024/06/02,4:09:14,4.8
下游闸内水位,2024/06/02,4:11:10,4.7
下游闸外水位,2024/06/02,4:11:10,4.8
下游闸内水位,2024/06/02,4:46:21,4.8
下游闸外水位,2024/06/02,4:46:21,4.8
上游闸内水位,2024/06/02,4:48:59,4.8
上游闸外水位,2024/06/02,4:48:59,4.5
上游闸内水位,2024/06/02,4:50:39,4.6
上游闸外水位,2024/06/02,4:50:39,4.5
内河侧水位,2024/06/02,5:00:00,4.5
长江侧水位,2024/06/02,5:00:00,4.8
上游闸内水位,2024/06/02,5:30:41,4.4
上游闸外水位,2024/06/02,5:30:41,4.4
下游闸内水位,2024/06/02,5:33:56,4.4
下游闸外水位,2024/06/02,5:33:56,4.7
下游闸内水位,2024/06/02,5:35:18,4.5
下游闸外水位,2024/06/02,5:35:18,4.6
内河侧水位,2024/06/02,6:00:01,4.4
长江侧水位,2024/06/02,6:00:01,4.6
下游闸内水位,2024/06/02,6:02:23,4.6
下游闸外水位,2024/06/02,6:02:23,4.6
上游闸内水位,2024/06/02,6:05:27,4.6
上游闸外水位,2024/06/02,6:05:27,4.4
上游闸内水位,2024/06/02,6:06:57,4.5
上游闸外水位,2024/06/02,6:06:57,4.4
上游闸内水位,2024/06/02,6:27:33,4.3
上游闸外水位,2024/06/02,6:27:33,4.4
下游闸内水位,2024/06/02,6:30:16,4.3
下游闸外水位,2024/06/02,6:30:16,4.5
下游闸内水位,2024/06/02,6:52:41,4.5
下游闸外水位,2024/06/02,6:52:41,4.6
上游闸内水位,2024/06/02,6:55:46,4.5
上游闸外水位,2024/06/02,6:55:46,4.4
上游闸内水位,2024/06/02,6:57:20,4.4
上游闸外水位,2024/06/02,6:57:20,4.4
内河侧水位,2024/06/02,7:00:00,4.3
长江侧水位,2024/06/02,7:00:00,4.5
上游闸内水位,2024/06/02,7:21:55,4.3
上游闸外水位,2024/06/02,7:21:55,4.3
下游闸内水位,2024/06/02,7:24:44,4.3
下游闸外水位,2024/06/02,7:24:44,4.5
下游闸内水位,2024/06/02,7:26:05,4.4
下游闸外水位,2024/06/02,7:26:05,4.4
下游闸内水位,2024/06/02,7:43:46,4.4
下游闸外水位,2024/06/02,7:43:46,4.5
上游闸内水位,2024/06/02,7:46:35,4.4
上游闸外水位,2024/06/02,7:46:35,4.3
上游闸内水位,2024/06/02,7:48:04,4.3
上游闸外水位,2024/06/02,7:48:04,4.3
内河侧水位,2024/06/02,8:00:00,4.3
上游闸内水位,2024/06/02,0:40:14,4.4
上游闸外水位,2024/06/02,0:40:14,4.3
长江侧水位,2024/06/02,8:00:00,4.4
上游闸内水位,2024/06/02,8:08:52,4.2
上游闸外水位,2024/06/02,8:08:52,4.3
下游闸内水位,2024/06/02,8:11:36,4.2
下游闸外水位,2024/06/02,8:11:36,4.4
下游闸内水位,2024/06/02,8:12:53,4.3
下游闸外水位,2024/06/02,8:12:53,4.4
下游闸内水位,2024/06/02,8:22:47,4.3
下游闸外水位,2024/06/02,8:22:47,4.3
上游闸内水位,2024/06/02,8:26:07,4.4
上游闸外水位,2024/06/02,8:26:07,4.3
上游闸内水位,2024/06/02,8:32:59,4.3
上游闸外水位,2024/06/02,8:32:59,4.3
上游闸内水位,2024/06/02,8:50:07,4.2
上游闸外水位,2024/06/02,8:50:07,4.2
下游闸内水位,2024/06/02,8:52:40,4.2
下游闸外水位,2024/06/02,8:52:40,4.3
内河侧水位,2024/06/02,9:00:00,4.2
长江侧水位,2024/06/02,9:00:00,4.3
下游闸内水位,2024/06/02,9:04:56,4.3
下游闸外水位,2024/06/02,9:04:56,4.3
上游闸内水位,2024/06/02,9:07:29,4.3
上游闸外水位,2024/06/02,9:07:29,4.2
下游闸内水位,2024/06/02,9:18:20,4.2
下游闸外水位,2024/06/02,9:18:20,4.3
下游闸内水位,2024/06/02,9:41:04,4.2
下游闸外水位,2024/06/02,9:41:04,4.2
内河侧水位,2024/06/02,10:00:00,4.2
长江侧水位,2024/06/02,10:00:00,4.2
下游闸内水位,2024/06/02,10:06:25,4.2
下游闸外水位,2024/06/02,10:06:25,4.2
上游闸内水位,2024/06/02,10:09:02,4.2
上游闸外水位,2024/06/02,10:09:02,4.2
上游闸内水位,2024/06/02,10:10:27,4.1
上游闸外水位,2024/06/02,10:10:27,4.2
上游闸内水位,2024/06/02,10:46:53,4.1
上游闸外水位,2024/06/02,10:46:53,4.1
下游闸内水位,2024/06/02,10:49:40,4.1
下游闸外水位,2024/06/02,10:49:40,4.2
内河侧水位,2024/06/02,11:00:00,4.1
长江侧水位,2024/06/02,11:00:00,4.1
下游闸内水位,2024/06/02,11:03:11,4.1
下游闸外水位,2024/06/02,11:03:11,4.1
下游闸内水位,2024/06/02,11:13:30,4.2
下游闸外水位,2024/06/02,11:13:30,4.2
下游闸内水位,2024/06/02,11:32:16,4.2
下游闸外水位,2024/06/02,11:32:16,4.2
上游闸内水位,2024/06/02,11:34:51,4.2
上游闸外水位,2024/06/02,11:34:51,4.1
上游闸内水位,2024/06/02,11:36:20,4.1
上游闸外水位,2024/06/02,11:36:20,4.1
上游闸内水位,2024/06/02,15:43:18,4.7
上游闸外水位,2024/06/02,15:43:18,4.8
内河侧水位,2024/06/02,16:00:00,4.8
长江侧水位,2024/06/02,16:00:00,4.9
下游闸内水位,2024/06/02,16:19:00,4.9
下游闸外水位,2024/06/02,16:19:00,4.9
上游闸内水位,2024/06/02,16:21:54,4.9
上游闸外水位,2024/06/02,16:21:54,4.7
上游闸内水位,2024/06/02,16:23:18,4.8
上游闸外水位,2024/06/02,16:23:18,4.8
上游闸内水位,2024/06/02,16:56:05,4.7
上游闸外水位,2024/06/02,16:56:05,4.7
下游闸内水位,2024/06/02,16:58:39,4.7
下游闸外水位,2024/06/02,16:58:39,4.8
内河侧水位,2024/06/02,17:00:00,4.7
长江侧水位,2024/06/02,17:00:00,4.8
下游闸内水位,2024/06/02,17:32:47,4.8
下游闸外水位,2024/06/02,17:32:47,4.7
上游闸内水位,2024/06/02,17:35:26,4.8
上游闸外水位,2024/06/02,17:35:26,4.7
上游闸内水位,2024/06/02,17:36:51,4.7
上游闸外水位,2024/06/02,17:36:51,4.7
内河侧水位,2024/06/02,18:00:00,4.6
长江侧水位,2024/06/02,18:00:00,4.7
上游闸内水位,2024/06/02,18:07:58,4.6
上游闸外水位,2024/06/02,18:07:58,4.6
下游闸内水位,2024/06/02,18:10:41,4.6
下游闸外水位,2024/06/02,18:10:41,4.6
下游闸内水位,2024/06/02,18:44:09,4.6
下游闸外水位,2024/06/02,18:44:09,4.6
上游闸内水位,2024/06/02,18:46:49,4.6
上游闸外水位,2024/06/02,18:46:49,4.5
上游闸内水位,2024/06/02,18:48:14,4.5
上游闸外水位,2024/06/02,18:48:14,4.5
下游闸外水位,2024/06/02,15:46:06,5.0
下游闸内水位,2024/06/02,15:47:21,4.8
下游闸外水位,2024/06/02,15:47:21,4.9
内河侧水位,2024/06/02,19:00:00,4.5
长江侧水位,2024/06/02,19:00:00,4.5
上游闸内水位,2024/06/02,19:17:56,4.5
上游闸外水位,2024/06/02,19:17:56,4.5
下游闸内水位,2024/06/02,19:21:00,4.4
下游闸外水位,2024/06/02,19:21:00,4.5
下游闸内水位,2024/06/02,19:22:13,4.5
下游闸外水位,2024/06/02,19:22:13,4.5
内河侧水位,2024/06/02,20:00:00,4.4
长江侧水位,2024/06/02,20:00:00,4.4
下游闸内水位,2024/06/02,20:00:05,4.4
下游闸外水位,2024/06/02,20:00:05,4.4
上游闸内水位,2024/06/02,20:02:43,4.4
上游闸外水位,2024/06/02,20:02:43,4.4
上游闸内水位,2024/06/02,20:04:14,4.4
上游闸外水位,2024/06/02,20:04:14,4.4
上游闸内水位,2024/06/02,20:39:37,4.3
上游闸外水位,2024/06/02,20:39:37,4.4
下游闸内水位,2024/06/02,20:42:13,4.3
下游闸外水位,2024/06/02,20:42:13,4.3
下游闸内水位,2024/06/02,20:43:38,4.3
下游闸外水位,2024/06/02,20:43:38,4.3
内河侧水位,2024/06/02,21:00:00,4.3
长江侧水位,2024/06/02,21:00:00,4.3
下游闸内水位,2024/06/02,21:22:48,4.3
下游闸外水位,2024/06/02,21:22:48,4.3
上游闸内水位,2024/06/02,21:25:48,4.3
上游闸外水位,2024/06/02,21:25:48,4.3
上游闸内水位,2024/06/02,21:27:14,4.2
上游闸外水位,2024/06/02,21:27:14,4.3
内河侧水位,2024/06/02,22:00:00,4.2
长江侧水位,2024/06/02,22:00:00,4.2
上游闸内水位,2024/06/02,22:03:19,4.2
上游闸外水位,2024/06/02,22:03:19,4.2
下游闸内水位,2024/06/02,22:05:59,4.2
下游闸外水位,2024/06/02,22:05:59,4.2
下游闸内水位,2024/06/02,22:07:17,4.2
下游闸外水位,2024/06/02,22:07:17,4.2
下游闸内水位,2024/06/02,22:51:05,4.1
下游闸外水位,2024/06/02,22:51:05,4.1
上游闸内水位,2024/06/02,22:53:42,4.1
上游闸外水位,2024/06/02,22:53:42,4.1
上游闸内水位,2024/06/02,22:55:07,4.1
上游闸外水位,2024/06/02,22:55:07,4.1
内河侧水位,2024/06/02,23:00:00,4.1
长江侧水位,2024/06/02,23:00:00,4.1
上游闸内水位,2024/06/02,23:34:25,4.1
上游闸外水位,2024/06/02,23:34:25,4.1
下游闸内水位,2024/06/02,23:37:00,4.1
下游闸外水位,2024/06/02,23:37:00,4.1
内河侧水位,2024/06/03,0:00:00,4.1
长江侧水位,2024/06/03,0:00:00,4.1
下游闸内水位,2024/06/03,0:13:12,4.1
下游闸外水位,2024/06/03,0:13:12,4.1
上游闸内水位,2024/06/03,0:15:50,4.1
上游闸外水位,2024/06/03,0:15:50,4.1
上游闸内水位,2024/06/03,0:17:17,4.1
上游闸外水位,2024/06/03,0:17:17,4.1
内河侧水位,2024/06/03,1:00:00,4.2
长江侧水位,2024/06/03,1:00:00,4.4
上游闸内水位,2024/06/03,1:07:10,4.2
上游闸外水位,2024/06/03,1:07:10,4.3
下游闸内水位,2024/06/03,1:09:51,4.2
下游闸外水位,2024/06/03,1:09:51,4.4
下游闸内水位,2024/06/03,1:11:33,4.4
下游闸外水位,2024/06/03,1:11:33,4.4
下游闸内水位,2024/06/03,1:53:38,4.7
下游闸外水位,2024/06/03,1:53:38,4.7
上游闸内水位,2024/06/03,1:56:32,4.8
上游闸外水位,2024/06/03,1:56:32,4.5
上游闸内水位,2024/06/03,1:58:12,4.6
上游闸外水位,2024/06/03,1:58:12,4.5
内河侧水位,2024/06/03,2:00:00,4.5
长江侧水位,2024/06/03,2:00:00,4.8
上游闸内水位,2024/06/03,2:37:14,4.6
上游闸外水位,2024/06/03,2:37:14,4.6
下游闸内水位,2024/06/03,2:39:50,4.6
下游闸外水位,2024/06/03,2:39:50,5.0
下游闸内水位,2024/06/03,2:41:21,4.8
下游闸外水位,2024/06/03,2:41:21,5.0
内河侧水位,2024/06/03,3:00:00,4.7
长江侧水位,2024/06/03,3:00:00,5.0
下游闸内水位,2024/06/03,3:08:05,5.0
下游闸外水位,2024/06/03,3:08:05,5.1
上游闸内水位,2024/06/03,3:10:41,5.1
上游闸外水位,2024/06/03,3:10:41,4.8
上游闸内水位,2024/06/03,3:12:44,4.8
上游闸外水位,2024/06/03,3:12:44,4.8
上游闸内水位,2024/06/03,3:38:46,4.8
上游闸外水位,2024/06/03,3:38:46,4.8
下游闸内水位,2024/06/03,3:41:22,4.8
下游闸外水位,2024/06/03,3:41:22,5.1
下游闸内水位,2024/06/03,3:42:51,4.9
下游闸外水位,2024/06/03,3:42:51,5.1
下游闸内水位,2024/06/03,3:58:13,5.0
下游闸外水位,2024/06/03,3:58:13,5.0
内河侧水位,2024/06/03,4:00:00,4.8
长江侧水位,2024/06/03,4:00:00,5.1
上游闸内水位,2024/06/03,4:00:57,5.1
上游闸外水位,2024/06/03,4:00:57,4.8
上游闸内水位,2024/06/03,4:02:36,4.9
上游闸外水位,2024/06/03,4:02:36,4.8
上游闸内水位,2024/06/03,4:26:38,4.8
上游闸外水位,2024/06/03,4:26:38,4.8
下游闸内水位,2024/06/03,4:29:11,4.8
下游闸外水位,2024/06/03,4:29:11,5.0
下游闸内水位,2024/06/03,4:30:37,4.9
下游闸外水位,2024/06/03,4:30:37,5.0
下游闸内水位,2024/06/03,4:43:31,5.0
下游闸外水位,2024/06/03,4:43:31,5.0
上游闸内水位,2024/06/03,4:46:07,5.0
上游闸外水位,2024/06/03,4:46:07,4.8
上游闸内水位,2024/06/03,4:48:33,4.8
上游闸外水位,2024/06/03,4:48:33,4.8
内河侧水位,2024/06/03,5:00:00,4.8
长江侧水位,2024/06/03,5:00:00,4.9
上游闸内水位,2024/06/03,5:11:30,4.7
上游闸外水位,2024/06/03,5:11:30,4.8
下游闸内水位,2024/06/03,5:14:04,4.7
下游闸外水位,2024/06/03,5:14:04,4.9
下游闸内水位,2024/06/03,5:15:22,4.8
下游闸外水位,2024/06/03,5:15:22,4.9
下游闸内水位,2024/06/03,5:28:17,4.9
下游闸外水位,2024/06/03,5:28:17,4.9
上游闸内水位,2024/06/03,5:30:56,4.9
上游闸外水位,2024/06/03,5:30:56,4.7
上游闸内水位,2024/06/03,5:32:30,4.7
上游闸外水位,2024/06/03,5:32:30,4.7
上游闸内水位,2024/06/03,5:55:37,4.7
上游闸外水位,2024/06/03,5:55:37,4.7
下游闸内水位,2024/06/03,5:59:12,4.7
下游闸外水位,2024/06/03,5:59:12,4.8
内河侧水位,2024/06/03,6:00:00,4.7
长江侧水位,2024/06/03,6:00:00,4.8
下游闸内水位,2024/06/03,6:01:00,4.8
下游闸外水位,2024/06/03,6:01:00,4.8
下游闸内水位,2024/06/03,6:11:03,4.8
下游闸外水位,2024/06/03,6:11:03,4.7
上游闸内水位,2024/06/03,6:15:48,4.7
上游闸外水位,2024/06/03,6:15:48,4.7
上游闸内水位,2024/06/03,6:17:18,4.7
上游闸外水位,2024/06/03,6:17:18,4.7
上游闸内水位,2024/06/03,6:39:11,4.6
上游闸外水位,2024/06/03,6:39:11,4.6
下游闸内水位,2024/06/03,6:43:41,4.6
下游闸外水位,2024/06/03,6:43:41,4.7
下游闸内水位,2024/06/03,6:44:56,4.6
下游闸外水位,2024/06/03,6:44:56,4.7
内河侧水位,2024/06/03,7:00:00,4.6
长江侧水位,2024/06/03,7:00:00,4.7
下游闸内水位,2024/06/03,7:14:41,4.6
下游闸外水位,2024/06/03,7:14:41,4.6
上游闸内水位,2024/06/03,7:17:31,4.6
上游闸外水位,2024/06/03,7:17:31,4.6
上游闸内水位,2024/06/03,7:19:02,4.5
上游闸外水位,2024/06/03,7:19:02,4.6
上游闸内水位,2024/06/03,7:38:06,4.5
上游闸外水位,2024/06/03,7:38:06,4.5
下游闸内水位,2024/06/03,7:43:19,4.5
下游闸外水位,2024/06/03,7:43:19,4.5
下游闸内水位,2024/06/03,7:46:03,4.6
下游闸外水位,2024/06/03,7:46:03,4.5
内河侧水位,2024/06/03,8:00:00,4.5
长江侧水位,2024/06/03,8:00:00,4.5
上游闸内水位,2024/06/03,8:14:51,4.5
上游闸外水位,2024/06/03,8:14:51,4.5
上游闸内水位,2024/06/03,8:17:51,4.4
上游闸外水位,2024/06/03,8:17:51,4.5
上游闸内水位,2024/06/03,8:50:34,4.4
上游闸外水位,2024/06/03,8:50:34,4.4
下游闸内水位,2024/06/03,8:53:14,4.4
下游闸内水位,2024/06/03,8:12:17,4.5
下游闸外水位,2024/06/03,8:12:17,4.5
下游闸外水位,2024/06/03,8:53:14,4.4
下游闸内水位,2024/06/03,8:54:26,4.4
下游闸外水位,2024/06/03,8:54:26,4.4
内河侧水位,2024/06/03,9:00:00,4.4
长江侧水位,2024/06/03,9:00:00,4.4
下游闸内水位,2024/06/03,9:05:59,4.4
下游闸外水位,2024/06/03,9:05:59,4.4
上游闸内水位,2024/06/03,9:08:40,4.4
上游闸外水位,2024/06/03,9:08:40,4.4
上游闸内水位,2024/06/03,9:30:25,4.3
上游闸外水位,2024/06/03,9:30:25,4.4
下游闸内水位,2024/06/03,9:33:44,4.3
下游闸外水位,2024/06/03,9:33:44,4.4
下游闸内水位,2024/06/03,9:35:07,4.3
下游闸外水位,2024/06/03,9:35:07,4.4
下游闸内水位,2024/06/03,9:56:38,4.3
下游闸外水位,2024/06/03,9:56:38,4.3
上游闸内水位,2024/06/03,9:59:25,4.3
上游闸外水位,2024/06/03,9:59:25,4.3
内河侧水位,2024/06/03,10:00:00,4.3
长江侧水位,2024/06/03,10:00:00,4.3
上游闸内水位,2024/06/03,10:00:56,4.3
上游闸外水位,2024/06/03,10:00:56,4.3
上游闸内水位,2024/06/03,10:22:45,4.2
上游闸外水位,2024/06/03,10:22:45,4.3
下游闸内水位,2024/06/03,10:25:18,4.2
下游闸外水位,2024/06/03,10:25:18,4.2
下游闸内水位,2024/06/03,10:26:32,4.2
下游闸外水位,2024/06/03,10:26:32,4.2
下游闸内水位,2024/06/03,10:59:29,4.2
下游闸外水位,2024/06/03,10:59:29,4.2
内河侧水位,2024/06/03,11:00:00,4.2
长江侧水位,2024/06/03,11:00:00,4.2
上游闸内水位,2024/06/03,11:02:18,4.2
上游闸外水位,2024/06/03,11:02:18,4.2
上游闸内水位,2024/06/03,11:03:41,4.2
上游闸外水位,2024/06/03,11:03:41,4.2
上游闸内水位,2024/06/03,11:35:51,4.1
上游闸外水位,2024/06/03,11:35:51,4.1
下游闸内水位,2024/06/03,11:38:40,4.1
下游闸外水位,2024/06/03,11:38:40,4.2
下游闸内水位,2024/06/03,11:39:51,4.1
下游闸外水位,2024/06/03,11:39:51,4.1
内河侧水位,2024/06/03,12:00:00,4.2
长江侧水位,2024/06/03,12:00:00,4.1
下游闸内水位,2024/06/03,12:14:32,4.1
下游闸外水位,2024/06/03,12:14:32,4.1
上游闸内水位,2024/06/03,12:17:08,4.2
上游闸外水位,2024/06/03,12:17:08,4.1
上游闸内水位,2024/06/03,12:44:04,4.1
上游闸外水位,2024/06/03,12:44:04,4.2
下游闸内水位,2024/06/03,12:46:36,4.1
下游闸外水位,2024/06/03,12:46:36,4.2
内河侧水位,2024/06/03,13:00:00,4.2
长江侧水位,2024/06/03,13:00:00,4.3
下游闸内水位,2024/06/03,13:12:27,4.3
下游闸外水位,2024/06/03,13:12:27,4.3
上游闸内水位,2024/06/03,13:15:10,4.3
上游闸外水位,2024/06/03,13:15:10,4.2
上游闸内水位,2024/06/03,13:16:34,4.2
上游闸外水位,2024/06/03,13:16:34,4.2
上游闸内水位,2024/06/03,13:47:10,4.3
上游闸外水位,2024/06/03,13:47:10,4.4
下游闸内水位,2024/06/03,13:50:12,4.3
下游闸外水位,2024/06/03,13:50:12,4.6
下游闸内水位,2024/06/03,13:52:00,4.5
下游闸外水位,2024/06/03,13:52:00,4.6
内河侧水位,2024/06/03,14:00:00,4.4
长江侧水位,2024/06/03,14:00:00,4.7
下游闸内水位,2024/06/03,14:20:31,4.8
下游闸外水位,2024/06/03,14:20:31,4.8
上游闸内水位,2024/06/03,14:23:09,4.8
上游闸外水位,2024/06/03,14:23:09,4.5
上游闸内水位,2024/06/03,14:24:33,4.7
上游闸外水位,2024/06/03,14:24:33,4.6
上游闸内水位,2024/06/03,14:53:08,4.6
上游闸外水位,2024/06/03,14:53:08,4.7
下游闸内水位,2024/06/03,14:55:42,4.7
下游闸外水位,2024/06/03,14:55:42,4.9
下游闸内水位,2024/06/03,14:56:58,4.8
下游闸外水位,2024/06/03,14:56:58,4.9
内河侧水位,2024/06/03,15:00:00,4.7
长江侧水位,2024/06/03,15:00:00,5.0
下游闸内水位,2024/06/03,15:30:18,5.1
下游闸外水位,2024/06/03,15:30:18,5.1
上游闸内水位,2024/06/03,15:33:35,5.0
上游闸外水位,2024/06/03,15:33:35,4.8
上游闸内水位,2024/06/03,15:34:58,4.9
上游闸外水位,2024/06/03,15:34:58,4.8
上游闸内水位,2024/06/03,15:50:01,4.8
上游闸外水位,2024/06/03,15:50:01,4.8
下游闸内水位,2024/06/03,15:52:35,4.8
下游闸外水位,2024/06/03,15:52:35,5.0
内河侧水位,2024/06/03,16:00:00,4.8
长江侧水位,2024/06/03,16:00:00,5.1
下游闸内水位,2024/06/03,16:11:48,5.1
下游闸外水位,2024/06/03,16:11:48,5.1
上游闸内水位,2024/06/03,16:14:38,5.1
上游闸外水位,2024/06/03,16:14:38,4.8
上游闸内水位,2024/06/03,16:53:40,4.8
上游闸外水位,2024/06/03,16:53:40,4.8
下游闸内水位,2024/06/03,16:56:21,4.8
下游闸外水位,2024/06/03,16:56:21,4.9
内河侧水位,2024/06/03,17:00:00,4.8
长江侧水位,2024/06/03,17:00:00,5.0
下游闸内水位,2024/06/03,17:31:38,4.9
下游闸外水位,2024/06/03,17:31:38,4.9
上游闸内水位,2024/06/03,17:34:12,4.9
上游闸外水位,2024/06/03,17:34:12,4.8
上游闸内水位,2024/06/03,17:35:36,4.8
上游闸外水位,2024/06/03,17:35:36,4.8
内河侧水位,2024/06/03,18:00:00,4.7
长江侧水位,2024/06/03,18:00:00,4.8
上游闸内水位,2024/06/03,18:07:18,4.7
上游闸外水位,2024/06/03,18:07:18,4.7
下游闸内水位,2024/06/03,18:09:57,4.7
下游闸外水位,2024/06/03,18:09:57,4.8
下游闸内水位,2024/06/03,18:11:23,4.8
下游闸外水位,2024/06/03,18:11:23,4.8
下游闸内水位,2024/06/03,18:31:25,4.7
下游闸外水位,2024/06/03,18:31:25,4.7
上游闸内水位,2024/06/03,18:34:01,4.7
上游闸外水位,2024/06/03,18:34:01,4.7
上游闸内水位,2024/06/03,18:35:27,4.7
上游闸外水位,2024/06/03,18:35:27,4.7
内河侧水位,2024/06/03,19:00:00,4.6
长江侧水位,2024/06/03,19:00:00,4.7
上游闸内水位,2024/06/03,19:02:01,4.6
上游闸外水位,2024/06/03,19:02:01,4.6
下游闸内水位,2024/06/03,19:04:44,4.6
下游闸外水位,2024/06/03,19:04:44,4.6
下游闸内水位,2024/06/03,19:12:16,4.6
下游闸外水位,2024/06/03,19:12:16,4.6
下游闸内水位,2024/06/03,19:57:38,4.5
下游闸外水位,2024/06/03,19:57:38,4.5
内河侧水位,2024/06/03,20:00:00,4.5
长江侧水位,2024/06/03,20:00:00,4.5
上游闸内水位,2024/06/03,20:00:16,4.5
上游闸外水位,2024/06/03,20:00:16,4.5
上游闸内水位,2024/06/03,20:01:42,4.5
上游闸外水位,2024/06/03,20:01:42,4.5
上游闸内水位,2024/06/03,20:21:01,4.4
上游闸外水位,2024/06/03,20:21:01,4.5
下游闸内水位,2024/06/03,20:23:42,4.4
下游闸外水位,2024/06/03,20:23:42,4.5
下游闸内水位,2024/06/03,20:24:59,4.5
下游闸外水位,2024/06/03,20:24:59,4.5
下游闸内水位,2024/06/03,20:57:53,4.4
下游闸外水位,2024/06/03,20:57:53,4.4
内河侧水位,2024/06/03,21:00:00,4.4
长江侧水位,2024/06/03,21:00:00,4.4
上游闸内水位,2024/06/03,21:01:39,4.4
上游闸外水位,2024/06/03,21:01:39,4.4
上游闸内水位,2024/06/03,21:03:24,4.4
上游闸外水位,2024/06/03,21:03:24,4.4
上游闸内水位,2024/06/03,21:43:22,4.3
上游闸外水位,2024/06/03,21:43:22,4.3
下游闸内水位,2024/06/03,21:46:20,4.3
下游闸外水位,2024/06/03,21:46:20,4.3
内河侧水位,2024/06/03,22:00:00,4.3
长江侧水位,2024/06/03,22:00:00,4.3
下游闸内水位,2024/06/03,22:22:42,4.3
下游闸外水位,2024/06/03,22:22:42,4.3
上游闸内水位,2024/06/03,22:25:23,4.3
上游闸外水位,2024/06/03,22:25:23,4.3
上游闸内水位,2024/06/03,22:26:53,4.2
上游闸外水位,2024/06/03,22:26:53,4.3
内河侧水位,2024/06/03,23:00:00,4.2
长江侧水位,2024/06/03,23:00:00,4.2
上游闸内水位,2024/06/03,23:01:05,4.2
上游闸外水位,2024/06/03,23:01:05,4.2
下游闸内水位,2024/06/03,23:04:20,4.1
下游闸外水位,2024/06/03,23:04:20,4.1
下游闸内水位,2024/06/03,23:05:38,4.1
下游闸外水位,2024/06/03,23:05:38,4.1
下游闸内水位,2024/06/03,23:16:56,4.1
下游闸外水位,2024/06/03,23:16:56,4.1
上游闸内水位,2024/06/03,23:19:38,4.1
上游闸外水位,2024/06/03,23:19:38,4.2
上游闸内水位,2024/06/03,23:21:04,4.1
上游闸外水位,2024/06/03,23:21:04,4.2
上游闸内水位,2024/06/03,23:50:39,4.1
上游闸外水位,2024/06/03,23:50:39,4.1
下游闸内水位,2024/06/03,23:53:18,4.1
下游闸外水位,2024/06/03,23:53:18,4.1
内河侧水位,2024/06/04,0:00:00,4.1
长江侧水位,2024/06/04,0:00:00,4.1
下游闸内水位,2024/06/04,0:41:19,4.0
下游闸外水位,2024/06/04,0:41:19,4.1
上游闸内水位,2024/06/04,0:44:51,4.0
上游闸外水位,2024/06/04,0:44:51,4.1
上游闸内水位,2024/06/04,0:46:19,4.0
上游闸外水位,2024/06/04,0:46:19,4.1
内河侧水位,2024/06/04,1:00:00,4.1
长江侧水位,2024/06/04,1:00:00,4.1
上游闸内水位,2024/06/04,1:20:18,4.1
上游闸外水位,2024/06/04,1:20:18,4.1
下游闸内水位,2024/06/04,1:23:00,4.1
下游闸外水位,2024/06/04,1:23:00,4.2
下游闸内水位,2024/06/04,1:24:46,4.2
下游闸外水位,2024/06/04,1:24:46,4.2
下游闸内水位,2024/06/04,1:58:28,4.6
下游闸外水位,2024/06/04,1:58:28,4.6
内河侧水位,2024/06/04,2:00:00,4.3
长江侧水位,2024/06/04,2:00:00,4.6
上游闸内水位,2024/06/04,2:01:02,4.6
上游闸外水位,2024/06/04,2:01:02,4.3
上游闸内水位,2024/06/04,2:36:13,4.6
上游闸外水位,2024/06/04,2:36:13,4.6
下游闸内水位,2024/06/04,2:38:43,4.6
下游闸外水位,2024/06/04,2:38:43,5.0
下游闸内水位,2024/06/04,2:40:38,4.9
下游闸外水位,2024/06/04,2:40:38,5.0
下游闸内水位,2024/06/04,2:50:23,5.0
下游闸外水位,2024/06/04,2:50:23,5.0
上游闸内水位,2024/06/04,2:53:04,5.1
上游闸外水位,2024/06/04,2:53:04,4.7
上游闸内水位,2024/06/04,2:54:49,4.8
上游闸外水位,2024/06/04,2:54:49,4.7
内河侧水位,2024/06/04,3:00:00,4.8
长江侧水位,2024/06/04,3:00:00,5.1
上游闸内水位,2024/06/04,3:11:20,4.7
上游闸外水位,2024/06/04,3:11:20,4.8
下游闸内水位,2024/06/04,3:14:17,4.8
下游闸外水位,2024/06/04,3:14:17,5.2
下游闸内水位,2024/06/04,3:16:05,5.0
下游闸外水位,2024/06/04,3:16:05,5.2
下游闸内水位,2024/06/04,3:25:07,5.2
下游闸外水位,2024/06/04,3:25:07,5.2
上游闸内水位,2024/06/04,3:28:00,5.3
上游闸外水位,2024/06/04,3:28:00,4.8
上游闸内水位,2024/06/04,3:30:14,5.0
上游闸外水位,2024/06/04,3:30:14,4.9
下游闸内水位,2024/06/04,4:19:36,5.4
下游闸外水位,2024/06/04,4:19:36,5.4
上游闸内水位,2024/06/04,4:22:17,5.4
上游闸外水位,2024/06/04,4:22:17,5.0
上游闸内水位,2024/06/04,4:24:16,5.1
上游闸外水位,2024/06/04,4:24:16,5.0
上游闸内水位,2024/06/04,4:49:04,5.0
上游闸外水位,2024/06/04,4:49:04,5.1
下游闸内水位,2024/06/04,4:51:41,5.0
下游闸外水位,2024/06/04,4:51:41,5.4
下游闸内水位,2024/06/04,4:53:04,5.2
下游闸外水位,2024/06/04,4:53:04,5.4
内河侧水位,2024/06/04,5:00:00,5.0
长江侧水位,2024/06/04,5:00:00,5.4
下游闸内水位,2024/06/04,5:06:54,5.4
下游闸外水位,2024/06/04,5:06:54,5.4
上游闸内水位,2024/06/04,5:09:35,5.3
上游闸外水位,2024/06/04,5:09:35,5.0
上游闸内水位,2024/06/04,5:11:03,5.2
上游闸外水位,2024/06/04,5:11:03,5.1
上游闸内水位,2024/06/04,5:37:30,5.0
上游闸外水位,2024/06/04,5:37:30,5.0
下游闸内水位,2024/06/04,5:40:11,5.0
下游闸外水位,2024/06/04,5:40:11,5.2
下游闸内水位,2024/06/04,5:51:18,5.2
下游闸外水位,2024/06/04,5:51:18,5.2
内河侧水位,2024/06/04,4:00:00,5.0
长江侧水位,2024/06/04,4:00:00,5.4
上游闸内水位,2024/06/04,4:03:47,5.0
上游闸外水位,2024/06/04,4:03:47,5.0
下游闸内水位,2024/06/04,4:06:19,5.0
下游闸外水位,2024/06/04,4:06:19,5.4
下游闸内水位,2024/06/04,4:08:17,5.3
下游闸外水位,2024/06/04,4:08:17,5.4
下游闸内水位,2024/06/04,15:49:22,5.1
下游闸外水位,2024/06/04,15:49:22,5.1
上游闸内水位,2024/06/04,15:52:09,5.1
上游闸外水位,2024/06/04,15:52:09,4.7
内河侧水位,2024/06/04,16:00:00,4.7
长江侧水位,2024/06/04,16:00:00,5.2
上游闸内水位,2024/06/04,16:11:01,4.8
上游闸外水位,2024/06/04,16:11:01,4.8
下游闸内水位,2024/06/04,16:15:25,5.1
下游闸外水位,2024/06/04,16:15:25,5.2
下游闸内水位,2024/06/04,16:27:38,5.2
下游闸外水位,2024/06/04,16:27:38,5.2
上游闸内水位,2024/06/04,16:30:16,5.3
上游闸外水位,2024/06/04,16:30:16,4.8
上游闸内水位,2024/06/04,16:32:20,5.0
上游闸外水位,2024/06/04,16:32:20,4.8
内河侧水位,2024/06/04,17:00:00,4.9
长江侧水位,2024/06/04,17:00:00,5.3
上游闸内水位,2024/06/04,17:03:04,4.9
上游闸外水位,2024/06/04,17:03:04,4.9
下游闸内水位,2024/06/04,17:05:36,4.9
下游闸外水位,2024/06/04,17:05:36,5.2
下游闸内水位,2024/06/04,17:07:07,5.1
下游闸外水位,2024/06/04,17:07:07,5.2
下游闸内水位,2024/06/04,17:34:15,5.2
下游闸外水位,2024/06/04,17:34:15,5.2
上游闸内水位,2024/06/04,17:37:05,5.2
上游闸外水位,2024/06/04,17:37:05,4.9
内河侧水位,2024/06/04,18:00:00,4.9
长江侧水位,2024/06/04,18:00:00,5.1
上游闸内水位,2024/06/04,18:16:16,4.9
上游闸外水位,2024/06/04,18:16:16,4.9
上游闸内水位,2024/06/04,18:18:17,4.9
上游闸外水位,2024/06/04,18:18:17,4.9
下游闸内水位,2024/06/04,18:19:47,4.8
下游闸外水位,2024/06/04,18:19:47,5.1
下游闸内水位,2024/06/04,18:46:34,5.0
下游闸外水位,2024/06/04,18:46:34,5.0
上游闸内水位,2024/06/04,18:49:32,5.0
上游闸外水位,2024/06/04,18:49:32,4.8
上游闸内水位,2024/06/04,18:51:17,4.8
上游闸外水位,2024/06/04,18:51:17,4.8
内河侧水位,2024/06/04,19:00:00,4.9
长江侧水位,2024/06/04,19:00:00,4.9
上游闸内水位,2024/06/04,19:15:54,4.8
上游闸外水位,2024/06/04,19:15:54,4.8
下游闸内水位,2024/06/04,19:18:39,4.8
下游闸外水位,2024/06/04,19:18:39,4.9
下游闸内水位,2024/06/04,19:57:32,4.8
下游闸外水位,2024/06/04,19:57:32,4.8
内河侧水位,2024/06/04,20:00:00,4.7
长江侧水位,2024/06/04,20:00:00,4.8
上游闸内水位,2024/06/04,20:00:08,4.8
上游闸外水位,2024/06/04,20:00:08,4.7
上游闸内水位,2024/06/04,20:01:33,4.7
上游闸外水位,2024/06/04,20:01:33,4.7
上游闸内水位,2024/06/04,20:37:04,4.6
上游闸外水位,2024/06/04,20:37:04,4.6
下游闸内水位,2024/06/04,20:39:41,4.6
下游闸外水位,2024/06/04,20:39:41,4.7
下游闸内水位,2024/06/04,20:41:53,4.7
下游闸外水位,2024/06/04,20:41:53,4.7
内河侧水位,2024/06/04,21:00:00,4.6
长江侧水位,2024/06/04,21:00:00,4.7
下游闸内水位,2024/06/04,21:19:26,4.6
下游闸外水位,2024/06/04,21:19:26,4.6
上游闸内水位,2024/06/04,21:22:05,4.6
上游闸外水位,2024/06/04,21:22:05,4.6
上游闸内水位,2024/06/04,21:24:32,4.5
上游闸外水位,2024/06/04,21:24:32,4.6
内河侧水位,2024/06/04,22:00:00,4.5
长江侧水位,2024/06/04,22:00:00,4.5
上游闸内水位,2024/06/04,22:02:58,4.5
上游闸外水位,2024/06/04,22:02:58,4.5
下游闸内水位,2024/06/04,22:05:50,4.5
下游闸外水位,2024/06/04,22:05:50,4.5
下游闸内水位,2024/06/04,22:34:22,4.5
下游闸外水位,2024/06/04,22:34:22,4.5
上游闸内水位,2024/06/04,22:39:29,4.4
上游闸内水位,2024/06/04,5:53:56,5.2
上游闸外水位,2024/06/04,5:53:56,5.0
上游闸内水位,2024/06/04,5:55:32,5.0
上游闸外水位,2024/06/04,5:55:32,5.0
内河侧水位,2024/06/04,6:00:00,5.0
长江侧水位,2024/06/04,6:00:00,5.2
上游闸内水位,2024/06/04,6:04:32,5.0
上游闸外水位,2024/06/04,6:04:32,5.0
下游闸内水位,2024/06/04,6:07:18,5.0
下游闸外水位,2024/06/04,6:07:18,5.1
下游闸内水位,2024/06/04,6:08:37,5.0
下游闸外水位,2024/06/04,6:08:37,5.1
下游闸内水位,2024/06/04,6:14:51,5.1
下游闸外水位,2024/06/04,6:14:51,5.1
上游闸内水位,2024/06/04,6:17:27,5.1
上游闸外水位,2024/06/04,6:17:27,5.0
上游闸内水位,2024/06/04,6:18:56,5.0
上游闸外水位,2024/06/04,6:18:56,5.0
上游闸内水位,2024/06/04,6:33:11,4.9
上游闸外水位,2024/06/04,6:33:11,4.9
下游闸内水位,2024/06/04,6:35:42,4.9
下游闸外水位,2024/06/04,6:35:42,5.1
下游闸内水位,2024/06/04,6:44:51,5.1
下游闸外水位,2024/06/04,6:44:51,5.0
内河侧水位,2024/06/04,7:00:00,4.9
长江侧水位,2024/06/04,7:00:00,5.0
下游闸内水位,2024/06/04,7:15:43,4.9
下游闸外水位,2024/06/04,7:15:43,4.9
上游闸内水位,2024/06/04,7:18:37,4.9
上游闸外水位,2024/06/04,7:18:37,4.8
上游闸内水位,2024/06/04,7:55:04,4.7
上游闸外水位,2024/06/04,7:55:04,4.8
下游闸内水位,2024/06/04,7:57:53,4.7
下游闸外水位,2024/06/04,7:57:53,4.8
下游闸内水位,2024/06/04,7:59:15,4.8
下游闸外水位,2024/06/04,7:59:15,4.8
内河侧水位,2024/06/04,8:00:00,4.8
长江侧水位,2024/06/04,8:00:00,4.8
下游闸内水位,2024/06/04,8:32:51,4.7
下游闸外水位,2024/06/04,8:32:51,4.7
上游闸内水位,2024/06/04,8:35:40,4.7
上游闸外水位,2024/06/04,8:35:40,4.7
上游闸内水位,2024/06/04,8:37:06,4.7
上游闸外水位,2024/06/04,8:37:06,4.7
内河侧水位,2024/06/04,9:00:00,4.6
长江侧水位,2024/06/04,9:00:00,4.7
下游闸内水位,2024/06/04,9:10:53,4.6
下游闸外水位,2024/06/04,9:10:53,4.7
下游闸内水位,2024/06/04,9:57:35,4.5
下游闸外水位,2024/06/04,9:57:35,4.5
内河侧水位,2024/06/04,10:00:00,4.5
长江侧水位,2024/06/04,10:00:00,4.6
上游闸内水位,2024/06/04,10:00:17,4.5
上游闸外水位,2024/06/04,10:00:17,4.5
上游闸内水位,2024/06/04,10:01:45,4.5
上游闸外水位,2024/06/04,10:01:45,4.5
上游闸内水位,2024/06/04,10:35:41,4.4
上游闸外水位,2024/06/04,10:35:41,4.5
下游闸内水位,2024/06/04,10:38:23,4.4
下游闸外水位,2024/06/04,10:38:23,4.4
下游闸内水位,2024/06/04,10:40:15,4.4
下游闸外水位,2024/06/04,10:40:15,4.4
内河侧水位,2024/06/04,11:00:00,4.4
长江侧水位,2024/06/04,11:00:00,4.4
下游闸内水位,2024/06/04,11:05:43,4.4
下游闸外水位,2024/06/04,11:05:43,4.4
上游闸内水位,2024/06/04,11:08:20,4.4
上游闸外水位,2024/06/04,11:08:20,4.4
上游闸内水位,2024/06/04,11:09:44,4.3
上游闸外水位,2024/06/04,11:09:44,4.4
上游闸内水位,2024/06/04,11:37:51,4.3
上游闸外水位,2024/06/04,11:37:51,4.3
下游闸内水位,2024/06/04,11:40:30,4.3
下游闸外水位,2024/06/04,11:40:30,4.3
下游闸内水位,2024/06/04,11:42:32,4.3
下游闸外水位,2024/06/04,11:42:32,4.3
内河侧水位,2024/06/04,12:00:00,4.3
长江侧水位,2024/06/04,12:00:00,4.3
下游闸内水位,2024/06/04,12:17:01,4.3
下游闸外水位,2024/06/04,12:17:01,4.3
上游闸内水位,2024/06/04,12:19:37,4.3
上游闸外水位,2024/06/04,12:19:37,4.2
上游闸内水位,2024/06/04,12:21:00,4.2
上游闸外水位,2024/06/04,12:21:00,4.3
上游闸内水位,2024/06/04,12:54:46,4.2
上游闸外水位,2024/06/04,12:54:46,4.2
下游闸内水位,2024/06/04,12:57:19,4.2
上游闸内水位,2024/06/04,9:08:20,4.6
上游闸外水位,2024/06/04,9:08:20,4.6
下游闸内水位,2024/06/04,9:12:43,4.6
下游闸外水位,2024/06/04,9:12:43,4.6
下游闸外水位,2024/06/04,12:57:19,4.2
内河侧水位,2024/06/04,13:00:00,4.2
长江侧水位,2024/06/04,13:00:00,4.2
下游闸内水位,2024/06/04,13:34:56,4.2
下游闸外水位,2024/06/04,13:34:56,4.2
上游闸内水位,2024/06/04,13:37:31,4.2
上游闸外水位,2024/06/04,13:37:31,4.2
上游闸内水位,2024/06/04,13:38:53,4.2
上游闸外水位,2024/06/04,13:38:53,4.2
内河侧水位,2024/06/04,14:00:00,4.2
长江侧水位,2024/06/04,14:00:00,4.3
上游闸内水位,2024/06/04,14:04:57,4.2
上游闸外水位,2024/06/04,14:04:57,4.3
下游闸内水位,2024/06/04,14:07:27,4.2
下游闸外水位,2024/06/04,14:07:27,4.4
下游闸内水位,2024/06/04,14:38:14,4.7
下游闸外水位,2024/06/04,14:38:14,4.7
上游闸内水位,2024/06/04,14:41:22,4.7
上游闸外水位,2024/06/04,14:41:22,4.4
上游闸内水位,2024/06/04,14:42:45,4.5
上游闸外水位,2024/06/04,14:42:45,4.5
内河侧水位,2024/06/04,15:00:00,4.5
长江侧水位,2024/06/04,15:00:00,4.9
上游闸内水位,2024/06/04,15:14:59,4.5
上游闸外水位,2024/06/04,15:14:59,4.6
下游闸内水位,2024/06/04,15:17:29,4.5
下游闸外水位,2024/06/04,15:17:29,5.0
下游闸内水位,2024/06/04,15:19:21,4.8
下游闸外水位,2024/06/04,15:19:21,5.0
上游闸内水位,2024/06/04,15:53:36,4.9
上游闸外水位,2024/06/04,15:53:36,4.8
下游闸内水位,2024/06/04,16:13:33,4.8
下游闸外水位,2024/06/04,16:13:33,5.2
上游闸内水位,2024/06/04,17:38:31,5.0
上游闸外水位,2024/06/04,17:38:31,4.9
下游闸内水位,2024/06/05,3:55:51,5.5
下游闸外水位,2024/06/05,3:55:51,5.5
上游闸内水位,2024/06/05,3:58:29,5.5
上游闸外水位,2024/06/05,3:58:29,4.9
内河侧水位,2024/06/05,4:00:00,4.9
长江侧水位,2024/06/05,4:00:00,5.5
上游闸内水位,2024/06/05,4:00:57,5.0
上游闸外水位,2024/06/05,4:00:57,4.9
上游闸内水位,2024/06/05,4:39:08,5.0
上游闸外水位,2024/06/05,4:39:08,5.1
下游闸内水位,2024/06/05,4:41:44,5.0
下游闸外水位,2024/06/05,4:41:44,5.7
下游闸内水位,2024/06/05,4:44:16,5.6
下游闸外水位,2024/06/05,4:44:16,5.7
内河侧水位,2024/06/05,5:00:00,5.1
长江侧水位,2024/06/05,5:00:00,5.7
下游闸内水位,2024/06/05,5:20:32,5.7
下游闸外水位,2024/06/05,5:20:32,5.7
上游闸内水位,2024/06/05,5:23:19,5.7
上游闸外水位,2024/06/05,5:23:19,5.2
上游闸内水位,2024/06/05,5:25:59,5.2
上游闸外水位,2024/06/05,5:25:59,5.2
内河侧水位,2024/06/05,6:00:00,5.2
长江侧水位,2024/06/05,6:00:00,5.6
上游闸内水位,2024/06/05,6:01:40,5.2
上游闸外水位,2024/06/05,6:01:40,5.2
下游闸内水位,2024/06/05,6:04:16,5.2
下游闸外水位,2024/06/05,6:04:16,5.6
下游闸内水位,2024/06/05,6:05:59,5.4
下游闸外水位,2024/06/05,6:05:59,5.6
下游闸内水位,2024/06/05,6:39:42,5.5
下游闸外水位,2024/06/05,6:39:42,5.5
上游闸内水位,2024/06/05,6:42:22,5.5
上游闸外水位,2024/06/05,6:42:22,5.1
上游闸内水位,2024/06/05,6:43:53,5.3
上游闸外水位,2024/06/05,6:43:53,5.2
内河侧水位,2024/06/05,7:00:00,5.1
长江侧水位,2024/06/05,7:00:00,5.4
上游闸内水位,2024/06/05,7:08:30,5.1
上游闸外水位,2024/06/05,7:08:30,5.1
下游闸内水位,2024/06/05,7:10:59,5.1
下游闸外水位,2024/06/05,7:10:59,5.3
下游闸内水位,2024/06/05,7:40:16,5.2
下游闸外水位,2024/06/05,7:40:16,5.2
上游闸内水位,2024/06/05,7:42:56,5.2
上游闸外水位,2024/06/05,7:42:56,5.0
上游闸内水位,2024/06/05,7:44:29,5.1
上游闸外水位,2024/06/05,7:44:29,5.0
上游闸外水位,2024/06/04,22:39:29,4.4
上游闸内水位,2024/06/04,22:51:47,4.4
上游闸外水位,2024/06/04,22:51:47,4.4
内河侧水位,2024/06/04,23:00:01,4.4
长江侧水位,2024/06/04,23:00:01,4.4
上游闸内水位,2024/06/04,23:24:36,4.3
上游闸外水位,2024/06/04,23:24:36,4.4
下游闸内水位,2024/06/04,23:27:51,4.3
下游闸外水位,2024/06/04,23:27:51,4.4
下游闸内水位,2024/06/04,23:29:38,4.4
下游闸外水位,2024/06/04,23:29:38,4.4
内河侧水位,2024/06/05,0:00:00,4.3
长江侧水位,2024/06/05,0:00:00,4.3
下游闸内水位,2024/06/05,0:17:53,4.2
下游闸外水位,2024/06/05,0:17:53,4.2
上游闸内水位,2024/06/05,0:20:39,4.2
上游闸外水位,2024/06/05,0:20:39,4.2
上游闸内水位,2024/06/05,0:22:18,4.2
上游闸外水位,2024/06/05,0:22:18,4.3
上游闸内水位,2024/06/05,0:56:54,4.2
上游闸外水位,2024/06/05,0:56:54,4.2
下游闸内水位,2024/06/05,0:59:33,4.2
下游闸外水位,2024/06/05,0:59:33,4.2
内河侧水位,2024/06/05,1:00:00,4.2
长江侧水位,2024/06/05,1:00:00,4.2
下游闸内水位,2024/06/05,1:01:03,4.2
下游闸外水位,2024/06/05,1:01:03,4.2
下游闸内水位,2024/06/05,1:09:25,4.2
下游闸外水位,2024/06/05,1:09:25,4.2
上游闸内水位,2024/06/05,1:12:06,4.2
上游闸外水位,2024/06/05,1:12:06,4.2
上游闸内水位,2024/06/05,1:13:33,4.2
上游闸外水位,2024/06/05,1:13:33,4.2
上游闸内水位,2024/06/05,1:35:40,4.2
上游闸外水位,2024/06/05,1:35:40,4.2
下游闸内水位,2024/06/05,1:38:19,4.2
下游闸外水位,2024/06/05,1:38:19,4.2
下游闸内水位,2024/06/05,1:39:37,4.2
下游闸外水位,2024/06/05,1:39:37,4.2
内河侧水位,2024/06/05,2:00:00,4.2
长江侧水位,2024/06/05,2:00:00,4.3
下游闸内水位,2024/06/05,2:34:53,4.7
下游闸外水位,2024/06/05,2:34:53,4.7
上游闸内水位,2024/06/05,2:37:29,4.8
上游闸外水位,2024/06/05,2:37:29,4.4
上游闸内水位,2024/06/05,2:38:58,4.6
上游闸外水位,2024/06/05,2:38:58,4.5
内河侧水位,2024/06/05,3:00:00,4.6
长江侧水位,2024/06/05,3:00:00,5.1
上游闸内水位,2024/06/05,3:14:27,4.7
上游闸外水位,2024/06/05,3:14:27,4.7
下游闸内水位,2024/06/05,3:17:31,4.7
下游闸外水位,2024/06/05,3:17:31,5.3
下游闸内水位,2024/06/05,3:19:57,5.1
下游闸外水位,2024/06/05,3:19:57,5.3
下游闸内水位,2024/06/05,15:36:28,4.7
下游闸外水位,2024/06/05,15:36:28,4.8
内河侧水位,2024/06/05,16:00:00,4.6
长江侧水位,2024/06/05,16:00:00,5.0
下游闸内水位,2024/06/05,16:01:48,5.0
下游闸外水位,2024/06/05,16:01:48,5.0
上游闸内水位,2024/06/05,16:04:25,5.1
上游闸外水位,2024/06/05,16:04:25,4.7
上游闸内水位,2024/06/05,16:06:37,4.7
上游闸外水位,2024/06/05,16:06:37,4.7
上游闸内水位,2024/06/05,16:38:22,4.8
上游闸外水位,2024/06/05,16:38:22,4.8
下游闸内水位,2024/06/05,16:40:56,4.8
下游闸外水位,2024/06/05,16:40:56,5.2
下游闸内水位,2024/06/05,16:42:53,5.1
下游闸外水位,2024/06/05,16:42:53,5.2
内河侧水位,2024/06/05,17:00:00,4.8
长江侧水位,2024/06/05,17:00:00,5.3
下游闸内水位,2024/06/05,17:15:01,5.3
下游闸外水位,2024/06/05,17:15:01,5.3
上游闸内水位,2024/06/05,17:18:27,5.3
上游闸外水位,2024/06/05,17:18:27,4.9
上游闸内水位,2024/06/05,17:52:32,5.0
上游闸外水位,2024/06/05,17:52:32,5.0
下游闸内水位,2024/06/05,17:55:05,5.0
下游闸外水位,2024/06/05,17:55:05,5.3
下游闸内水位,2024/06/05,17:56:36,5.2
下游闸外水位,2024/06/05,17:56:36,5.3
内河侧水位,2024/06/05,18:00:00,5.0
长江侧水位,2024/06/05,18:00:00,5.3
下游闸内水位,2024/06/05,18:21:43,5.3
下游闸外水位,2024/06/05,18:21:43,5.3
内河侧水位,2024/06/05,8:00:00,5.0
长江侧水位,2024/06/05,8:00:00,5.2
上游闸内水位,2024/06/05,8:13:33,4.9
上游闸外水位,2024/06/05,8:13:33,5.0
下游闸内水位,2024/06/05,8:16:17,4.9
下游闸外水位,2024/06/05,8:16:17,5.1
下游闸内水位,2024/06/05,8:32:25,5.1
下游闸外水位,2024/06/05,8:32:25,5.1
上游闸内水位,2024/06/05,8:37:40,5.1
上游闸外水位,2024/06/05,8:37:40,4.9
内河侧水位,2024/06/05,9:00:01,4.8
长江侧水位,2024/06/05,9:00:01,5.0
上游闸内水位,2024/06/05,9:04:47,4.8
上游闸外水位,2024/06/05,9:04:47,4.8
下游闸内水位,2024/06/05,9:07:28,4.8
下游闸外水位,2024/06/05,9:07:28,4.9
下游闸内水位,2024/06/05,9:08:48,4.9
下游闸外水位,2024/06/05,9:08:48,4.9
下游闸内水位,2024/06/05,9:24:07,5.0
下游闸外水位,2024/06/05,9:24:07,5.0
上游闸内水位,2024/06/05,9:27:32,4.9
上游闸外水位,2024/06/05,9:27:32,4.8
上游闸内水位,2024/06/05,9:28:59,4.8
上游闸外水位,2024/06/05,9:28:59,4.8
上游闸内水位,2024/06/05,9:51:07,4.7
上游闸外水位,2024/06/05,9:51:07,4.8
内河侧水位,2024/06/05,10:00:00,4.7
长江侧水位,2024/06/05,10:00:00,4.8
上游闸内水位,2024/06/05,10:16:42,4.8
上游闸外水位,2024/06/05,10:16:42,4.7
上游闸内水位,2024/06/05,10:42:15,4.6
上游闸外水位,2024/06/05,10:42:15,4.7
下游闸内水位,2024/06/05,10:44:51,4.6
下游闸外水位,2024/06/05,10:44:51,4.7
内河侧水位,2024/06/05,11:00:00,4.6
长江侧水位,2024/06/05,11:00:00,4.7
下游闸内水位,2024/06/05,11:15:04,4.6
下游闸外水位,2024/06/05,11:15:04,4.6
上游闸内水位,2024/06/05,11:17:42,4.7
上游闸外水位,2024/06/05,11:17:42,4.6
上游闸内水位,2024/06/05,11:58:47,4.5
上游闸外水位,2024/06/05,11:58:47,4.5
内河侧水位,2024/06/05,12:00:00,4.5
长江侧水位,2024/06/05,12:00:00,4.6
下游闸内水位,2024/06/05,12:01:20,4.5
下游闸外水位,2024/06/05,12:01:20,4.5
下游闸内水位,2024/06/05,12:02:47,4.5
下游闸外水位,2024/06/05,12:02:47,4.6
下游闸内水位,2024/06/05,12:35:43,4.5
下游闸外水位,2024/06/05,12:35:43,4.5
上游闸内水位,2024/06/05,12:38:22,4.5
上游闸外水位,2024/06/05,12:38:22,4.5
上游闸内水位,2024/06/05,12:39:59,4.4
上游闸外水位,2024/06/05,12:39:59,4.4
内河侧水位,2024/06/05,13:00:00,4.4
长江侧水位,2024/06/05,13:00:00,4.4
上游闸内水位,2024/06/05,13:15:10,4.4
上游闸外水位,2024/06/05,13:15:10,4.4
下游闸内水位,2024/06/05,13:17:43,4.4
下游闸外水位,2024/06/05,13:17:43,4.4
下游闸内水位,2024/06/05,13:50:22,4.3
下游闸外水位,2024/06/05,13:50:22,4.3
上游闸内水位,2024/06/05,13:52:59,4.3
上游闸外水位,2024/06/05,13:52:59,4.3
内河侧水位,2024/06/05,14:00:00,4.3
长江侧水位,2024/06/05,14:00:00,4.4
上游闸内水位,2024/06/05,14:26:27,4.3
上游闸外水位,2024/06/05,14:26:27,4.3
下游闸内水位,2024/06/05,14:28:59,4.3
下游闸外水位,2024/06/05,14:28:59,4.3
下游闸内水位,2024/06/05,14:30:14,4.3
下游闸外水位,2024/06/05,14:30:14,4.3
内河侧水位,2024/06/05,15:00:00,4.4
长江侧水位,2024/06/05,15:00:00,4.5
下游闸内水位,2024/06/05,15:01:20,4.5
下游闸外水位,2024/06/05,15:01:20,4.5
下游闸内水位,2024/06/05,15:03:50,4.5
下游闸外水位,2024/06/05,15:03:50,4.5
上游闸内水位,2024/06/05,15:06:00,4.5
上游闸外水位,2024/06/05,15:06:00,4.4
上游闸内水位,2024/06/05,15:07:29,4.4
上游闸外水位,2024/06/05,15:07:29,4.4
上游闸内水位,2024/06/05,15:32:11,4.5
上游闸外水位,2024/06/05,15:32:11,4.5
上游闸内水位,2024/06/05,18:24:23,5.3
上游闸外水位,2024/06/05,18:24:23,5.0
上游闸内水位,2024/06/05,18:25:56,5.1
上游闸内水位,2024/06/05,8:39:26,4.9
上游闸外水位,2024/06/05,8:39:26,4.9
下游闸内水位,2024/06/05,9:53:40,4.7
下游闸外水位,2024/06/05,9:53:40,4.8
下游闸内水位,2024/06/05,10:14:04,4.8
下游闸外水位,2024/06/05,10:14:04,4.8
下游闸内水位,2024/06/05,15:34:46,4.5
下游闸外水位,2024/06/05,15:34:46,4.8
上游闸内水位,2024/06/05,17:20:08,5.1
上游闸外水位,2024/06/05,17:20:08,4.9
上游闸内水位,2024/06/05,20:20:12,4.9
上游闸外水位,2024/06/05,20:20:12,4.9
上游闸内水位,2024/06/06,2:19:42,4.1
上游闸外水位,2024/06/06,2:19:42,4.2
上游闸内水位,2024/06/06,8:25:31,5.3
上游闸外水位,2024/06/06,8:25:31,4.8
上游闸内水位,2024/06/06,10:55:37,4.8
上游闸外水位,2024/06/06,10:55:37,4.6
上游闸内水位,2024/06/06,13:05:49,4.5
上游闸外水位,2024/06/06,13:05:49,4.4
上游闸内水位,2024/06/06,14:20:47,4.3
上游闸外水位,2024/06/06,14:20:47,4.3
上游闸内水位,2024/06/06,22:31:24,4.5
上游闸外水位,2024/06/06,22:31:24,4.5
下游闸内水位,2024/06/07,1:26:25,4.3
下游闸外水位,2024/06/07,1:26:25,4.2
上游闸内水位,2024/06/07,1:46:30,4.2
上游闸外水位,2024/06/07,1:46:30,4.2
上游闸内水位,2024/06/07,3:42:35,4.4
上游闸外水位,2024/06/07,3:42:35,4.2
上游闸内水位,2024/06/07,3:44:56,4.2
上游闸外水位,2024/06/07,3:44:56,4.2
内河侧水位,2024/06/07,4:00:00,4.3
长江侧水位,2024/06/07,4:00:00,4.7
上游闸内水位,2024/06/07,4:19:38,4.4
上游闸外水位,2024/06/07,4:19:38,4.4
下游闸内水位,2024/06/07,4:22:22,4.4
下游闸外水位,2024/06/07,4:22:22,5.1
下游闸内水位,2024/06/07,4:25:09,5.0
下游闸外水位,2024/06/07,4:25:09,5.1
下游闸内水位,2024/06/07,6:36:39,5.9
下游闸外水位,2024/06/07,6:36:39,5.8
下游闸内水位,2024/06/07,15:33:23,4.2
下游闸外水位,2024/06/07,15:33:23,4.3
上游闸内水位,2024/06/07,18:07:15,4.6
上游闸外水位,2024/06/07,18:07:15,4.7
上游闸内水位,2024/06/07,19:42:00,5.2
上游闸外水位,2024/06/07,19:42:00,4.8
上游闸内水位,2024/06/07,22:41:33,4.7
上游闸外水位,2024/06/07,22:41:33,4.6
下游闸内水位,2024/06/08,3:59:44,4.2
下游闸外水位,2024/06/08,3:59:44,4.1
内河侧水位,2024/06/08,4:00:00,4.1
长江侧水位,2024/06/08,4:00:00,4.1
下游闸内水位,2024/06/08,4:12:03,4.2
下游闸外水位,2024/06/08,4:12:03,4.2
上游闸内水位,2024/06/08,4:14:47,4.3
上游闸外水位,2024/06/08,4:14:47,4.2
上游闸内水位,2024/06/08,4:16:18,4.2
上游闸外水位,2024/06/08,4:16:18,4.2
上游闸内水位,2024/06/08,4:52:54,4.4
上游闸外水位,2024/06/08,4:52:54,4.4
下游闸内水位,2024/06/08,4:55:38,4.4
下游闸外水位,2024/06/08,4:55:38,5.0
下游闸内水位,2024/06/08,4:58:00,4.8
下游闸外水位,2024/06/08,4:58:00,5.0
内河侧水位,2024/06/08,5:00:00,4.5
长江侧水位,2024/06/08,5:00:00,5.1
下游闸内水位,2024/06/08,5:32:33,5.4
下游闸外水位,2024/06/08,5:32:33,5.4
内河侧水位,2024/06/08,6:00:00,4.8
长江侧水位,2024/06/08,6:00:00,5.6
上游闸内水位,2024/06/08,6:13:58,4.9
上游闸外水位,2024/06/08,6:13:58,4.9
下游闸内水位,2024/06/08,6:16:31,4.9
下游闸外水位,2024/06/08,6:16:31,5.7
下游闸内水位,2024/06/08,6:19:27,5.6
下游闸外水位,2024/06/08,6:19:27,5.7
下游闸内水位,2024/06/08,6:31:25,5.8
下游闸外水位,2024/06/08,6:31:25,5.7
上游闸内水位,2024/06/08,6:34:07,5.8
上游闸外水位,2024/06/08,6:34:07,5.0
上游闸内水位,2024/06/08,6:37:06,5.1
上游闸外水位,2024/06/08,6:37:06,5.0
上游闸内水位,2024/06/08,6:49:33,5.0
上游闸外水位,2024/06/08,6:49:33,5.0
下游闸内水位,2024/06/08,6:52:06,5.0
上游闸外水位,2024/06/05,18:25:56,5.0
上游闸内水位,2024/06/05,18:52:44,5.0
上游闸外水位,2024/06/05,18:52:44,5.0
下游闸内水位,2024/06/05,18:55:24,5.0
下游闸外水位,2024/06/05,18:55:24,5.2
下游闸内水位,2024/06/05,18:56:45,5.1
下游闸外水位,2024/06/05,18:56:45,5.2
内河侧水位,2024/06/05,19:00:00,5.0
长江侧水位,2024/06/05,19:00:00,5.2
下游闸内水位,2024/06/05,19:11:28,5.1
下游闸外水位,2024/06/05,19:11:28,5.1
上游闸内水位,2024/06/05,19:14:08,5.2
上游闸外水位,2024/06/05,19:14:08,5.0
上游闸内水位,2024/06/05,19:15:36,5.0
上游闸外水位,2024/06/05,19:15:36,5.0
上游闸内水位,2024/06/05,19:38:48,4.9
上游闸外水位,2024/06/05,19:38:48,5.0
下游闸内水位,2024/06/05,19:41:22,4.9
下游闸外水位,2024/06/05,19:41:22,5.1
内河侧水位,2024/06/05,20:00:00,4.9
长江侧水位,2024/06/05,20:00:00,5.0
下游闸内水位,2024/06/05,20:15:35,5.0
下游闸外水位,2024/06/05,20:15:35,5.0
上游闸内水位,2024/06/05,20:18:33,5.0
上游闸外水位,2024/06/05,20:18:33,4.9
内河侧水位,2024/06/05,21:00:00,4.7
长江侧水位,2024/06/05,21:00:00,4.8
上游闸内水位,2024/06/05,21:05:07,4.7
上游闸外水位,2024/06/05,21:05:07,4.7
下游闸内水位,2024/06/05,21:07:49,4.7
下游闸外水位,2024/06/05,21:07:49,4.8
下游闸内水位,2024/06/05,21:58:58,4.7
下游闸外水位,2024/06/05,21:58:58,4.7
内河侧水位,2024/06/05,22:00:00,4.6
长江侧水位,2024/06/05,22:00:00,4.7
上游闸内水位,2024/06/05,22:01:49,4.7
上游闸外水位,2024/06/05,22:01:49,4.6
上游闸内水位,2024/06/05,22:03:26,4.6
上游闸外水位,2024/06/05,22:03:26,4.6
上游闸内水位,2024/06/05,22:49:42,4.5
上游闸外水位,2024/06/05,22:49:42,4.5
下游闸内水位,2024/06/05,22:52:38,4.5
下游闸外水位,2024/06/05,22:52:38,4.6
内河侧水位,2024/06/05,23:00:00,4.5
长江侧水位,2024/06/05,23:00:00,4.5
下游闸内水位,2024/06/05,23:52:09,4.4
下游闸外水位,2024/06/05,23:52:09,4.4
上游闸内水位,2024/06/05,23:54:49,4.4
上游闸外水位,2024/06/05,23:54:49,4.4
上游闸内水位,2024/06/05,23:56:19,4.4
上游闸外水位,2024/06/05,23:56:19,4.4
内河侧水位,2024/06/06,0:00:00,4.4
长江侧水位,2024/06/06,0:00:00,4.4
上游闸内水位,2024/06/06,0:40:02,4.3
上游闸外水位,2024/06/06,0:40:02,4.3
下游闸内水位,2024/06/06,0:42:55,4.3
下游闸外水位,2024/06/06,0:42:55,4.3
内河侧水位,2024/06/06,1:00:00,4.3
长江侧水位,2024/06/06,1:00:00,4.3
下游闸内水位,2024/06/06,1:33:50,4.2
下游闸外水位,2024/06/06,1:33:50,4.2
上游闸内水位,2024/06/06,1:36:24,4.2
上游闸外水位,2024/06/06,1:36:24,4.3
上游闸内水位,2024/06/06,1:38:21,4.2
上游闸外水位,2024/06/06,1:38:21,4.2
内河侧水位,2024/06/06,2:00:00,4.2
长江侧水位,2024/06/06,2:00:00,4.2
下游闸内水位,2024/06/06,2:22:37,4.1
下游闸外水位,2024/06/06,2:22:37,4.2
下游闸内水位,2024/06/06,2:23:55,4.2
下游闸外水位,2024/06/06,2:23:55,4.2
下游闸内水位,2024/06/06,2:57:06,4.3
下游闸外水位,2024/06/06,2:57:06,4.4
上游闸内水位,2024/06/06,2:59:43,4.4
上游闸外水位,2024/06/06,2:59:43,4.3
内河侧水位,2024/06/06,3:00:00,4.3
长江侧水位,2024/06/06,3:00:00,4.4
上游闸内水位,2024/06/06,3:01:21,4.3
上游闸外水位,2024/06/06,3:01:21,4.3
上游闸内水位,2024/06/06,3:16:12,4.3
上游闸外水位,2024/06/06,3:16:12,4.3
下游闸内水位,2024/06/06,3:18:53,4.3
下游闸外水位,2024/06/06,3:18:53,4.7
下游闸内水位,2024/06/06,3:20:52,4.6
下游闸外水位,2024/06/06,3:20:52,4.7
下游闸内水位,2024/06/06,3:33:18,4.9
下游闸外水位,2024/06/06,3:33:18,4.9
上游闸内水位,2024/06/06,3:36:38,5.0
上游闸外水位,2024/06/06,3:36:38,4.4
上游闸内水位,2024/06/06,3:39:49,4.4
上游闸外水位,2024/06/06,3:39:49,4.4
内河侧水位,2024/06/06,4:00:00,4.5
长江侧水位,2024/06/06,4:00:00,5.3
上游闸内水位,2024/06/06,4:41:22,4.6
上游闸外水位,2024/06/06,4:41:22,4.7
下游闸内水位,2024/06/06,15:45:46,4.4
下游闸外水位,2024/06/06,15:45:46,4.4
上游闸内水位,2024/06/06,15:48:22,4.4
上游闸外水位,2024/06/06,15:48:22,4.2
上游闸内水位,2024/06/06,15:49:47,4.3
上游闸外水位,2024/06/06,15:49:47,4.3
内河侧水位,2024/06/06,16:00:00,4.3
长江侧水位,2024/06/06,16:00:00,4.5
上游闸内水位,2024/06/06,16:25:46,4.3
上游闸外水位,2024/06/06,16:25:46,4.4
下游闸内水位,2024/06/06,16:28:19,4.3
下游闸外水位,2024/06/06,16:28:19,4.8
下游闸内水位,2024/06/06,16:30:09,4.6
下游闸外水位,2024/06/06,16:30:09,4.8
下游闸内水位,2024/06/06,16:50:27,5.0
下游闸外水位,2024/06/06,16:50:27,5.0
上游闸内水位,2024/06/06,16:53:03,5.0
上游闸外水位,2024/06/06,16:53:03,4.5
上游闸内水位,2024/06/06,16:55:15,4.6
上游闸外水位,2024/06/06,16:55:15,4.5
内河侧水位,2024/06/06,17:00:00,4.5
长江侧水位,2024/06/06,17:00:00,5.1
上游闸内水位,2024/06/06,17:19:09,4.5
上游闸外水位,2024/06/06,17:19:09,4.6
下游闸内水位,2024/06/06,17:21:39,4.5
下游闸外水位,2024/06/06,17:21:39,5.1
下游闸内水位,2024/06/06,17:24:01,5.0
下游闸外水位,2024/06/06,17:24:01,5.1
下游闸内水位,2024/06/06,17:49:52,5.2
下游闸外水位,2024/06/06,17:49:52,5.2
上游闸内水位,2024/06/06,17:52:26,5.3
上游闸外水位,2024/06/06,17:52:26,4.6
上游闸内水位,2024/06/06,17:55:14,4.7
上游闸外水位,2024/06/06,17:55:14,4.6
内河侧水位,2024/06/06,18:00:00,4.6
长江侧水位,2024/06/06,18:00:00,5.3
上游闸内水位,2024/06/06,18:22:54,4.7
上游闸外水位,2024/06/06,18:22:54,4.7
下游闸内水位,2024/06/06,18:25:35,4.7
下游闸外水位,2024/06/06,18:25:35,5.3
下游闸内水位,2024/06/06,18:27:58,5.1
下游闸外水位,2024/06/06,18:27:58,5.3
内河侧水位,2024/06/06,19:00:00,4.7
长江侧水位,2024/06/06,19:00:00,5.2
下游闸内水位,2024/06/06,19:00:13,5.2
下游闸外水位,2024/06/06,19:00:13,5.2
上游闸内水位,2024/06/06,19:02:49,5.3
上游闸外水位,2024/06/06,19:02:49,4.7
上游闸内水位,2024/06/06,19:05:11,4.8
上游闸外水位,2024/06/06,19:05:11,4.7
上游闸内水位,2024/06/06,19:41:52,4.7
上游闸外水位,2024/06/06,19:41:52,4.7
下游闸内水位,2024/06/06,19:44:51,4.7
下游闸外水位,2024/06/06,19:44:51,5.1
下游闸内水位,2024/06/06,19:46:39,4.9
下游闸外水位,2024/06/06,19:46:39,5.1
内河侧水位,2024/06/06,20:00:00,4.7
长江侧水位,2024/06/06,20:00:00,5.1
下游闸内水位,2024/06/06,20:22:22,5.0
下游闸外水位,2024/06/06,20:22:22,5.0
上游闸内水位,2024/06/06,20:25:37,5.0
上游闸外水位,2024/06/06,20:25:37,4.7
上游闸内水位,2024/06/06,20:27:08,4.9
上游闸外水位,2024/06/06,20:27:08,4.7
内河侧水位,2024/06/06,21:00:00,4.7
长江侧水位,2024/06/06,21:00:00,4.9
上游闸内水位,2024/06/06,21:06:31,4.6
上游闸外水位,2024/06/06,21:06:31,4.7
下游闸内水位,2024/06/06,21:09:09,4.6
下游闸外水位,2024/06/06,21:09:09,4.9
下游闸内水位,2024/06/06,21:10:47,4.8
下游闸外水位,2024/06/06,21:10:47,4.8
下游闸内水位,2024/06/06,21:50:11,4.8
下游闸外水位,2024/06/06,21:50:11,4.7
上游闸内水位,2024/06/06,21:52:53,4.8
上游闸外水位,2024/06/06,21:52:53,4.6
上游闸内水位,2024/06/06,21:54:23,4.6
上游闸外水位,2024/06/06,21:54:23,4.6
内河侧水位,2024/06/06,22:00:00,4.6
下游闸内水位,2024/06/06,4:44:14,4.6
下游闸外水位,2024/06/06,4:44:14,5.6
下游闸内水位,2024/06/06,4:47:30,5.4
下游闸外水位,2024/06/06,4:47:30,5.6
内河侧水位,2024/06/06,5:00:00,4.8
长江侧水位,2024/06/06,5:00:00,5.6
下游闸内水位,2024/06/06,5:32:45,5.8
下游闸外水位,2024/06/06,5:32:45,5.8
上游闸内水位,2024/06/06,5:35:26,5.8
上游闸外水位,2024/06/06,5:35:26,4.8
上游闸内水位,2024/06/06,5:38:50,4.9
上游闸外水位,2024/06/06,5:38:50,4.8
内河侧水位,2024/06/06,6:00:00,4.9
长江侧水位,2024/06/06,6:00:00,5.8
上游闸内水位,2024/06/06,6:12:04,4.9
上游闸外水位,2024/06/06,6:12:04,4.9
下游闸内水位,2024/06/06,6:14:37,4.9
下游闸外水位,2024/06/06,6:14:37,5.8
下游闸内水位,2024/06/06,6:17:43,5.6
下游闸外水位,2024/06/06,6:17:43,5.8
下游闸内水位,2024/06/06,6:46:48,5.7
下游闸外水位,2024/06/06,6:46:48,5.7
上游闸内水位,2024/06/06,6:49:21,5.7
上游闸外水位,2024/06/06,6:49:21,4.9
上游闸内水位,2024/06/06,6:52:18,5.0
上游闸外水位,2024/06/06,6:52:18,4.9
内河侧水位,2024/06/06,7:00:00,4.9
长江侧水位,2024/06/06,7:00:00,5.6
上游闸内水位,2024/06/06,7:14:41,4.9
上游闸外水位,2024/06/06,7:14:41,4.9
下游闸内水位,2024/06/06,7:17:29,4.9
下游闸外水位,2024/06/06,7:17:29,5.5
下游闸内水位,2024/06/06,7:20:05,5.4
下游闸外水位,2024/06/06,7:20:05,5.5
下游闸内水位,2024/06/06,7:37:48,5.5
下游闸外水位,2024/06/06,7:37:48,5.5
上游闸内水位,2024/06/06,7:40:45,5.5
上游闸外水位,2024/06/06,7:40:45,4.9
上游闸内水位,2024/06/06,7:43:18,5.0
上游闸外水位,2024/06/06,7:43:18,4.9
内河侧水位,2024/06/06,8:00:00,4.8
长江侧水位,2024/06/06,8:00:00,5.4
上游闸内水位,2024/06/06,8:01:24,4.8
上游闸外水位,2024/06/06,8:01:24,4.8
下游闸内水位,2024/06/06,8:04:04,4.8
下游闸外水位,2024/06/06,8:04:04,5.4
下游闸内水位,2024/06/06,8:06:19,5.2
下游闸外水位,2024/06/06,8:06:19,5.3
下游闸内水位,2024/06/06,8:22:56,5.3
下游闸外水位,2024/06/06,8:22:56,5.3
上游闸内水位,2024/06/06,8:27:26,5.0
上游闸外水位,2024/06/06,8:27:26,4.8
上游闸内水位,2024/06/06,8:49:38,4.8
上游闸外水位,2024/06/06,8:49:38,4.8
下游闸内水位,2024/06/06,8:52:24,4.8
下游闸外水位,2024/06/06,8:52:24,5.2
下游闸内水位,2024/06/06,8:54:02,5.0
下游闸外水位,2024/06/06,8:54:02,5.1
内河侧水位,2024/06/06,9:00:00,4.7
长江侧水位,2024/06/06,9:00:00,5.2
下游闸内水位,2024/06/06,9:08:21,5.1
下游闸外水位,2024/06/06,9:08:21,5.1
上游闸内水位,2024/06/06,9:11:32,5.1
上游闸外水位,2024/06/06,9:11:32,4.7
上游闸内水位,2024/06/06,9:13:32,4.9
上游闸外水位,2024/06/06,9:13:32,4.8
上游闸内水位,2024/06/06,9:36:38,4.7
上游闸外水位,2024/06/06,9:36:38,4.7
下游闸内水位,2024/06/06,9:39:24,4.7
下游闸外水位,2024/06/06,9:39:24,5.0
下游闸内水位,2024/06/06,9:40:53,4.9
下游闸外水位,2024/06/06,9:40:53,5.0
下游闸内水位,2024/06/06,9:52:07,5.0
下游闸外水位,2024/06/06,9:52:07,5.0
上游闸内水位,2024/06/06,9:54:48,5.0
上游闸外水位,2024/06/06,9:54:48,4.7
上游闸内水位,2024/06/06,9:56:38,4.8
上游闸外水位,2024/06/06,9:56:38,4.7
内河侧水位,2024/06/06,10:00:00,4.7
长江侧水位,2024/06/06,10:00:00,5.0
上游闸内水位,2024/06/06,10:14:02,4.6
上游闸外水位,2024/06/06,10:14:02,4.7
下游闸内水位,2024/06/06,10:16:50,4.6
下游闸外水位,2024/06/06,10:16:50,4.9
下游闸内水位,2024/06/06,10:18:06,4.8
下游闸外水位,2024/06/06,10:18:06,4.9
下游闸内水位,2024/06/06,10:52:40,4.8
下游闸外水位,2024/06/06,10:52:40,4.8
上游闸内水位,2024/06/06,10:57:04,4.7
上游闸外水位,2024/06/06,10:57:04,4.6
内河侧水位,2024/06/06,11:00:00,4.6
长江侧水位,2024/06/06,11:00:00,4.8
上游闸内水位,2024/06/06,11:16:22,4.5
上游闸外水位,2024/06/06,11:16:22,4.6
下游闸内水位,2024/06/06,11:18:58,4.5
下游闸外水位,2024/06/06,11:18:58,4.7
下游闸内水位,2024/06/06,11:45:23,4.7
下游闸外水位,2024/06/06,11:45:23,4.7
上游闸内水位,2024/06/06,11:48:00,4.7
上游闸外水位,2024/06/06,11:48:00,4.5
上游闸内水位,2024/06/06,11:49:29,4.6
上游闸外水位,2024/06/06,11:49:29,4.5
内河侧水位,2024/06/06,12:00:00,4.4
长江侧水位,2024/06/06,12:00:00,4.6
上游闸内水位,2024/06/06,12:26:54,4.4
上游闸外水位,2024/06/06,12:26:54,4.4
下游闸内水位,2024/06/06,12:29:30,4.4
下游闸外水位,2024/06/06,12:29:30,4.5
内河侧水位,2024/06/06,13:00:00,4.4
长江侧水位,2024/06/06,13:00:00,4.5
下游闸内水位,2024/06/06,13:03:07,4.5
下游闸外水位,2024/06/06,13:03:07,4.5
上游闸内水位,2024/06/06,13:07:25,4.4
上游闸外水位,2024/06/06,13:07:25,4.4
上游闸内水位,2024/06/06,13:30:22,4.3
上游闸外水位,2024/06/06,13:30:22,4.4
下游闸内水位,2024/06/06,13:33:17,4.3
下游闸外水位,2024/06/06,13:33:17,4.4
内河侧水位,2024/06/06,14:00:00,4.3
长江侧水位,2024/06/06,14:00:00,4.3
下游闸内水位,2024/06/06,14:00:37,4.3
下游闸外水位,2024/06/06,14:00:37,4.3
上游闸内水位,2024/06/06,14:03:10,4.3
上游闸外水位,2024/06/06,14:03:10,4.3
下游闸内水位,2024/06/06,14:23:17,4.2
下游闸外水位,2024/06/06,14:23:17,4.3
下游闸内水位,2024/06/06,14:47:20,4.3
下游闸外水位,2024/06/06,14:47:20,4.3
上游闸内水位,2024/06/06,14:50:01,4.3
上游闸外水位,2024/06/06,14:50:01,4.2
内河侧水位,2024/06/06,15:00:00,4.2
长江侧水位,2024/06/06,15:00:00,4.3
上游闸内水位,2024/06/06,15:11:31,4.2
上游闸外水位,2024/06/06,15:11:31,4.2
下游闸内水位,2024/06/06,15:14:03,4.2
下游闸外水位,2024/06/06,15:14:03,4.3
长江侧水位,2024/06/06,22:00:00,4.7
下游闸内水位,2024/06/06,22:34:15,4.5
下游闸外水位,2024/06/06,22:34:15,4.6
下游闸内水位,2024/06/06,22:35:34,4.6
下游闸外水位,2024/06/06,22:35:34,4.6
内河侧水位,2024/06/06,23:00:00,4.5
长江侧水位,2024/06/06,23:00:00,4.6
下游闸内水位,2024/06/06,23:08:40,4.6
下游闸外水位,2024/06/06,23:08:40,4.5
上游闸内水位,2024/06/06,23:11:27,4.5
上游闸外水位,2024/06/06,23:11:27,4.5
上游闸内水位,2024/06/06,23:13:00,4.5
上游闸外水位,2024/06/06,23:13:00,4.5
上游闸内水位,2024/06/06,23:51:58,4.4
上游闸外水位,2024/06/06,23:51:58,4.4
下游闸内水位,2024/06/06,23:55:43,4.4
下游闸外水位,2024/06/06,23:55:43,4.4
下游闸内水位,2024/06/06,23:57:43,4.4
下游闸外水位,2024/06/06,23:57:43,4.4
内河侧水位,2024/06/07,0:00:00,4.4
长江侧水位,2024/06/07,0:00:00,4.4
下游闸内水位,2024/06/07,0:35:25,4.4
下游闸外水位,2024/06/07,0:35:25,4.4
上游闸内水位,2024/06/07,0:38:29,4.4
上游闸外水位,2024/06/07,0:38:29,4.3
上游闸内水位,2024/06/07,0:40:00,4.3
上游闸外水位,2024/06/07,0:40:00,4.3
内河侧水位,2024/06/07,1:00:00,4.3
长江侧水位,2024/06/07,1:00:00,4.3
上游闸内水位,2024/06/07,1:13:03,4.2
上游闸外水位,2024/06/07,1:13:03,4.3
下游闸内水位,2024/06/07,1:15:34,4.2
下游闸外水位,2024/06/07,1:15:34,4.3
下游闸内水位,2024/06/07,1:16:54,4.2
下游闸外水位,2024/06/07,1:16:54,4.2
上游闸内水位,2024/06/07,1:29:03,4.3
上游闸外水位,2024/06/07,1:29:03,4.2
上游闸内水位,2024/06/07,1:30:31,4.2
上游闸外水位,2024/06/07,1:30:31,4.2
下游闸内水位,2024/06/07,1:49:01,4.2
下游闸外水位,2024/06/07,1:49:01,4.2
下游闸内水位,2024/06/07,1:50:16,4.2
下游闸外水位,2024/06/07,1:50:16,4.2
内河侧水位,2024/06/07,2:00:00,4.2
长江侧水位,2024/06/07,2:00:00,4.2
下游闸内水位,2024/06/07,2:00:08,4.2
下游闸外水位,2024/06/07,2:00:08,4.2
上游闸内水位,2024/06/07,2:02:41,4.2
上游闸外水位,2024/06/07,2:02:41,4.2
上游闸内水位,2024/06/07,2:04:10,4.2
上游闸外水位,2024/06/07,2:04:10,4.2
上游闸内水位,2024/06/07,2:34:35,4.1
上游闸外水位,2024/06/07,2:34:35,4.2
下游闸内水位,2024/06/07,2:37:11,4.1
下游闸外水位,2024/06/07,2:37:11,4.1
下游闸内水位,2024/06/07,2:38:25,4.1
下游闸外水位,2024/06/07,2:38:25,4.1
内河侧水位,2024/06/07,3:00:00,4.1
长江侧水位,2024/06/07,3:00:00,4.1
下游闸内水位,2024/06/07,3:38:59,4.3
下游闸外水位,2024/06/07,3:38:59,4.3
下游闸内水位,2024/06/07,4:59:06,5.5
下游闸外水位,2024/06/07,4:59:06,5.5
内河侧水位,2024/06/07,5:00:00,4.6
长江侧水位,2024/06/07,5:00:00,5.5
上游闸内水位,2024/06/07,5:01:40,5.5
上游闸外水位,2024/06/07,5:01:40,4.6
上游闸内水位,2024/06/07,5:04:05,5.2
上游闸外水位,2024/06/07,5:04:05,4.5
上游闸内水位,2024/06/07,5:06:08,4.7
上游闸外水位,2024/06/07,5:06:08,4.6
上游闸内水位,2024/06/07,5:28:40,4.7
上游闸外水位,2024/06/07,5:28:40,4.7
下游闸内水位,2024/06/07,5:31:11,4.7
下游闸外水位,2024/06/07,5:31:11,5.7
下游闸内水位,2024/06/07,5:34:27,5.5
下游闸外水位,2024/06/07,5:34:27,5.7
下游闸内水位,2024/06/07,5:39:52,5.7
下游闸外水位,2024/06/07,5:39:52,5.7
上游闸内水位,2024/06/07,5:42:26,5.8
上游闸外水位,2024/06/07,5:42:26,4.7
上游闸内水位,2024/06/07,5:45:34,4.9
上游闸外水位,2024/06/07,5:45:34,4.8
内河侧水位,2024/06/07,6:00:00,4.8
长江侧水位,2024/06/07,6:00:00,5.8
上游闸内水位,2024/06/07,6:19:21,4.8
上游闸外水位,2024/06/07,6:19:21,4.8
下游闸内水位,2024/06/07,6:21:51,4.8
下游闸外水位,2024/06/07,6:21:51,5.9
下游闸内水位,2024/06/07,6:25:14,5.7
下游闸外水位,2024/06/07,6:25:14,5.9
上游闸内水位,2024/06/07,6:39:17,5.9
上游闸外水位,2024/06/07,6:39:17,4.9
上游闸内水位,2024/06/07,6:43:06,4.9
上游闸外水位,2024/06/07,6:43:06,4.8
上游闸内水位,2024/06/07,6:53:05,4.9
上游闸外水位,2024/06/07,6:53:05,4.9
下游闸内水位,2024/06/07,6:55:53,4.9
下游闸外水位,2024/06/07,6:55:53,5.8
下游闸内水位,2024/06/07,6:59:31,5.7
下游闸外水位,2024/06/07,6:59:31,5.8
内河侧水位,2024/06/07,7:00:00,4.9
长江侧水位,2024/06/07,7:00:00,5.8
下游闸内水位,2024/06/07,7:05:27,5.8
下游闸外水位,2024/06/07,7:05:27,5.8
上游闸内水位,2024/06/07,7:08:00,5.8
上游闸外水位,2024/06/07,7:08:00,4.9
上游闸内水位,2024/06/07,7:11:17,5.0
上游闸外水位,2024/06/07,7:11:17,4.9
上游闸内水位,2024/06/07,7:33:22,4.9
上游闸外水位,2024/06/07,7:33:22,4.9
下游闸内水位,2024/06/07,7:35:58,4.9
下游闸外水位,2024/06/07,7:35:58,5.7
下游闸内水位,2024/06/07,7:38:36,5.5
下游闸外水位,2024/06/07,7:38:36,5.6
下游闸内水位,2024/06/07,7:55:03,5.6
下游闸外水位,2024/06/07,7:55:03,5.6
上游闸内水位,2024/06/07,7:57:58,5.6
上游闸外水位,2024/06/07,7:57:58,4.9
内河侧水位,2024/06/07,8:00:00,4.8
长江侧水位,2024/06/07,8:00:00,5.6
上游闸内水位,2024/06/07,8:00:38,5.0
上游闸外水位,2024/06/07,8:00:38,4.9
上游闸内水位,2024/06/07,8:05:42,4.9
上游闸外水位,2024/06/07,8:05:42,4.9
下游闸内水位,2024/06/07,8:08:33,4.9
下游闸外水位,2024/06/07,8:08:33,5.5
下游闸内水位,2024/06/07,8:11:05,5.4
下游闸外水位,2024/06/07,8:11:05,5.5
下游闸内水位,2024/06/07,8:29:03,5.5
下游闸外水位,2024/06/07,8:29:03,5.4
上游闸内水位,2024/06/07,8:31:47,5.5
上游闸外水位,2024/06/07,8:31:47,4.9
上游闸内水位,2024/06/07,8:34:47,4.9
上游闸外水位,2024/06/07,8:34:47,4.9
上游闸内水位,2024/06/07,8:48:35,4.9
上游闸外水位,2024/06/07,8:48:35,4.9
内河侧水位,2024/06/07,9:00:00,4.9
长江侧水位,2024/06/07,9:00:00,5.3
上游闸内水位,2024/06/07,9:29:54,4.9
上游闸外水位,2024/06/07,9:29:54,4.8
上游闸内水位,2024/06/07,9:33:11,4.8
上游闸外水位,2024/06/07,9:33:11,4.8
上游闸内水位,2024/06/07,9:55:29,4.8
上游闸外水位,2024/06/07,9:55:29,4.8
下游闸内水位,2024/06/07,9:59:09,4.7
下游闸外水位,2024/06/07,9:59:09,5.0
内河侧水位,2024/06/07,10:00:00,4.8
长江侧水位,2024/06/07,10:00:00,5.0
下游闸内水位,2024/06/07,10:00:36,4.9
下游闸外水位,2024/06/07,10:00:36,5.0
下游闸内水位,2024/06/07,10:19:14,5.0
下游闸外水位,2024/06/07,10:19:14,5.0
上游闸内水位,2024/06/07,10:23:37,5.1
上游闸外水位,2024/06/07,10:23:37,4.7
上游闸内水位,2024/06/07,10:25:04,4.9
上游闸外水位,2024/06/07,10:25:04,4.8
上游闸内水位,2024/06/07,10:50:53,4.7
上游闸外水位,2024/06/07,10:50:53,4.7
下游闸内水位,2024/06/07,10:53:45,4.6
下游闸外水位,2024/06/07,10:53:45,4.9
内河侧水位,2024/06/07,11:00:00,4.7
长江侧水位,2024/06/07,11:00:00,4.9
下游闸内水位,2024/06/07,11:00:11,4.9
下游闸外水位,2024/06/07,11:00:11,4.9
下游闸内水位,2024/06/07,11:31:46,4.8
下游闸外水位,2024/06/07,11:31:46,4.8
上游闸内水位,2024/06/07,11:34:23,4.8
上游闸外水位,2024/06/07,11:34:23,4.7
内河侧水位,2024/06/07,12:00:00,4.6
长江侧水位,2024/06/07,12:00:00,4.7
上游闸内水位,2024/06/07,12:15:39,4.6
上游闸外水位,2024/06/07,12:15:39,4.6
下游闸内水位,2024/06/07,12:18:22,4.6
下游闸外水位,2024/06/07,12:18:22,4.7
下游闸内水位,2024/06/07,12:19:51,4.7
下游闸外水位,2024/06/07,12:19:51,4.7
内河侧水位,2024/06/07,13:00:00,4.5
长江侧水位,2024/06/07,13:00:00,4.6
下游闸内水位,2024/06/07,13:01:52,4.6
下游闸外水位,2024/06/07,13:01:52,4.5
上游闸内水位,2024/06/07,13:04:31,4.6
上游闸外水位,2024/06/07,13:04:31,4.5
上游闸内水位,2024/06/07,13:05:57,4.5
上游闸外水位,2024/06/07,13:05:57,4.5
上游闸内水位,2024/06/07,13:44:05,4.4
上游闸外水位,2024/06/07,13:44:05,4.4
下游闸内水位,2024/06/07,13:46:45,4.4
下游闸外水位,2024/06/07,13:46:45,4.4
内河侧水位,2024/06/07,14:00:00,4.4
长江侧水位,2024/06/07,14:00:00,4.4
下游闸内水位,2024/06/07,14:20:54,4.4
下游闸外水位,2024/06/07,14:20:54,4.3
上游闸内水位,2024/06/07,14:23:31,4.3
上游闸外水位,2024/06/07,14:23:31,4.3
上游闸内水位,2024/06/07,14:24:57,4.3
上游闸外水位,2024/06/07,14:24:57,4.4
上游闸内水位,2024/06/07,14:43:36,4.3
上游闸外水位,2024/06/07,14:43:36,4.3
下游闸内水位,2024/06/07,14:46:08,4.3
下游闸外水位,2024/06/07,14:46:08,4.3
内河侧水位,2024/06/07,15:00:00,4.3
长江侧水位,2024/06/07,15:00:00,4.3
下游闸内水位,2024/06/07,15:00:06,4.3
下游闸外水位,2024/06/07,15:00:06,4.3
上游闸内水位,2024/06/07,15:02:41,4.3
上游闸外水位,2024/06/07,15:02:41,4.3
上游闸内水位,2024/06/07,15:04:11,4.3
上游闸外水位,2024/06/07,15:04:11,4.3
上游闸内水位,2024/06/07,15:30:53,4.2
上游闸外水位,2024/06/07,15:30:53,4.3
下游闸外水位,2024/06/08,6:52:06,5.9
内河侧水位,2024/06/07,16:00:00,4.2
长江侧水位,2024/06/07,16:00:00,4.3
下游闸内水位,2024/06/07,16:06:56,4.2
下游闸外水位,2024/06/07,16:06:56,4.2
上游闸内水位,2024/06/07,16:09:35,4.2
上游闸外水位,2024/06/07,16:09:35,4.2
上游闸内水位,2024/06/07,16:10:59,4.2
上游闸外水位,2024/06/07,16:10:59,4.2
上游闸内水位,2024/06/07,16:45:56,4.3
上游闸外水位,2024/06/07,16:45:56,4.3
下游闸内水位,2024/06/07,16:48:28,4.3
下游闸外水位,2024/06/07,16:48:28,4.5
下游闸内水位,2024/06/07,16:49:48,4.4
下游闸外水位,2024/06/07,16:49:48,4.5
内河侧水位,2024/06/07,17:00:00,4.4
长江侧水位,2024/06/07,17:00:00,4.6
下游闸内水位,2024/06/07,17:26:18,4.9
下游闸外水位,2024/06/07,17:26:18,4.9
上游闸内水位,2024/06/07,17:28:54,4.9
上游闸外水位,2024/06/07,17:28:54,4.5
上游闸内水位,2024/06/07,17:30:22,4.7
上游闸外水位,2024/06/07,17:30:22,4.5
内河侧水位,2024/06/07,18:00:00,4.6
长江侧水位,2024/06/07,18:00:00,5.1
下游闸内水位,2024/06/07,18:09:52,4.6
下游闸外水位,2024/06/07,18:09:52,5.1
下游闸内水位,2024/06/07,18:11:56,5.0
下游闸外水位,2024/06/07,18:11:56,5.1
下游闸内水位,2024/06/07,18:29:20,5.2
下游闸外水位,2024/06/07,18:29:20,5.2
上游闸内水位,2024/06/07,18:31:59,5.2
上游闸外水位,2024/06/07,18:31:59,4.7
上游闸内水位,2024/06/07,18:34:01,4.9
上游闸外水位,2024/06/07,18:34:01,4.7
上游闸内水位,2024/06/07,18:57:46,4.8
上游闸外水位,2024/06/07,18:57:46,4.8
内河侧水位,2024/06/07,19:00:00,4.8
长江侧水位,2024/06/07,19:00:00,5.2
下游闸内水位,2024/06/07,19:00:20,4.8
下游闸外水位,2024/06/07,19:00:20,5.2
下游闸内水位,2024/06/07,19:02:38,5.1
下游闸外水位,2024/06/07,19:02:38,5.2
下游闸内水位,2024/06/07,19:39:12,5.2
下游闸外水位,2024/06/07,19:39:12,5.2
上游闸内水位,2024/06/07,19:43:29,5.0
上游闸外水位,2024/06/07,19:43:29,4.9
内河侧水位,2024/06/07,20:00:00,4.8
长江侧水位,2024/06/07,20:00:00,5.1
上游闸内水位,2024/06/07,20:18:13,4.8
上游闸外水位,2024/06/07,20:18:13,4.8
下游闸内水位,2024/06/07,20:24:04,4.8
下游闸外水位,2024/06/07,20:24:04,5.1
内河侧水位,2024/06/07,21:00:00,4.8
长江侧水位,2024/06/07,21:00:00,5.0
下游闸内水位,2024/06/07,21:14:03,5.0
下游闸外水位,2024/06/07,21:14:03,4.9
上游闸内水位,2024/06/07,21:16:42,5.0
上游闸外水位,2024/06/07,21:16:42,4.8
上游闸内水位,2024/06/07,21:18:10,4.8
上游闸外水位,2024/06/07,21:18:10,4.8
内河侧水位,2024/06/07,22:00:00,4.7
长江侧水位,2024/06/07,22:00:00,4.8
上游闸内水位,2024/06/07,22:04:32,4.7
上游闸外水位,2024/06/07,22:04:32,4.7
下游闸内水位,2024/06/07,22:07:11,4.7
下游闸外水位,2024/06/07,22:07:11,4.8
下游闸内水位,2024/06/07,22:08:43,4.8
下游闸外水位,2024/06/07,22:08:43,4.8
下游闸内水位,2024/06/07,22:38:37,4.7
下游闸外水位,2024/06/07,22:38:37,4.7
上游闸内水位,2024/06/07,22:59:06,4.6
上游闸外水位,2024/06/07,22:59:06,4.6
内河侧水位,2024/06/07,23:00:00,4.6
长江侧水位,2024/06/07,23:00:00,4.6
下游闸内水位,2024/06/07,23:01:41,4.5
下游闸外水位,2024/06/07,23:01:41,4.6
下游闸内水位,2024/06/07,23:03:17,4.6
下游闸外水位,2024/06/07,23:03:17,4.6
下游闸内水位,2024/06/07,23:34:58,4.6
下游闸外水位,2024/06/07,23:34:58,4.5
上游闸内水位,2024/06/07,23:37:42,4.6
上游闸外水位,2024/06/07,23:37:42,4.5
上游闸内水位,2024/06/07,23:39:10,4.5
上游闸外水位,2024/06/07,23:39:10,4.5
内河侧水位,2024/06/08,0:00:00,4.5
长江侧水位,2024/06/08,0:00:00,4.5
上游闸内水位,2024/06/08,0:20:09,4.4
上游闸外水位,2024/06/08,0:20:09,4.4
下游闸内水位,2024/06/08,0:22:41,4.4
下游闸外水位,2024/06/08,0:22:41,4.5
内河侧水位,2024/06/08,1:00:00,4.4
长江侧水位,2024/06/08,1:00:00,4.4
下游闸内水位,2024/06/08,1:08:17,4.4
下游闸外水位,2024/06/08,1:08:17,4.3
上游闸内水位,2024/06/08,1:11:00,4.4
上游闸外水位,2024/06/08,1:11:00,4.3
上游闸内水位,2024/06/08,1:12:34,4.3
上游闸外水位,2024/06/08,1:12:34,4.3
上游闸内水位,2024/06/08,1:59:34,4.2
上游闸外水位,2024/06/08,1:59:34,4.3
内河侧水位,2024/06/08,2:00:00,4.3
长江侧水位,2024/06/08,2:00:00,4.2
下游闸内水位,2024/06/08,2:02:11,4.2
下游闸外水位,2024/06/08,2:02:11,4.2
下游闸内水位,2024/06/08,2:03:31,4.2
下游闸外水位,2024/06/08,2:03:31,4.2
下游闸内水位,2024/06/08,2:38:31,4.2
下游闸外水位,2024/06/08,2:38:31,4.2
上游闸内水位,2024/06/08,2:41:20,4.2
上游闸外水位,2024/06/08,2:41:20,4.2
上游闸内水位,2024/06/08,2:42:51,4.2
上游闸外水位,2024/06/08,2:42:51,4.2
内河侧水位,2024/06/08,3:00:00,4.2
长江侧水位,2024/06/08,3:00:00,4.1
上游闸内水位,2024/06/08,3:24:40,4.1
上游闸外水位,2024/06/08,3:24:40,4.1
下游闸内水位,2024/06/08,3:27:29,4.1
下游闸外水位,2024/06/08,3:27:29,4.1
下游闸内水位,2024/06/08,3:28:57,4.1
下游闸外水位,2024/06/08,3:28:57,4.1
上游闸内水位,2024/06/08,5:39:44,4.7
上游闸外水位,2024/06/08,5:39:44,4.7
上游闸内水位,2024/06/08,11:57:59,4.8
上游闸外水位,2024/06/08,11:57:59,4.8
下游闸内水位,2024/06/08,15:36:58,4.3
下游闸外水位,2024/06/08,15:36:58,4.3
上游闸内水位,2024/06/08,15:39:37,4.3
上游闸外水位,2024/06/08,15:39:37,4.3
上游闸内水位,2024/06/08,15:41:00,4.3
上游闸外水位,2024/06/08,15:41:00,4.3
上游闸内水位,2024/06/08,16:38:14,4.2
上游闸外水位,2024/06/08,16:38:14,4.2
上游闸内水位,2024/06/08,17:38:19,4.5
上游闸外水位,2024/06/08,17:38:19,4.3
下游闸内水位,2024/06/09,5:08:44,4.3
下游闸外水位,2024/06/09,5:08:44,4.5
下游闸内水位,2024/06/09,7:43:19,5.7
下游闸外水位,2024/06/09,7:43:19,5.9
上游闸内水位,2024/06/09,13:19:12,4.7
上游闸外水位,2024/06/09,13:19:12,4.7
下游闸内水位,2024/06/09,15:48:21,4.3
下游闸外水位,2024/06/09,15:48:21,4.3
上游闸内水位,2024/06/09,15:51:47,4.4
上游闸外水位,2024/06/09,15:51:47,4.4
上游闸内水位,2024/06/09,15:54:02,4.3
上游闸外水位,2024/06/09,15:54:02,4.3
内河侧水位,2024/06/09,16:00:00,4.3
长江侧水位,2024/06/09,16:00:00,4.3
下游闸内水位,2024/06/09,17:38:41,4.3
下游闸外水位,2024/06/09,17:38:41,4.2
上游闸内水位,2024/06/09,23:42:07,4.6
上游闸外水位,2024/06/09,23:42:07,4.6
下游闸内水位,2024/06/09,23:44:46,4.6
下游闸外水位,2024/06/09,23:44:46,4.6
下游闸内水位,2024/06/09,23:46:04,4.6
下游闸外水位,2024/06/09,23:46:04,4.6
内河侧水位,2024/06/10,0:00:00,4.6
长江侧水位,2024/06/10,0:00:00,4.6
下游闸内水位,2024/06/10,0:27:02,4.6
下游闸外水位,2024/06/10,0:27:02,4.5
上游闸内水位,2024/06/10,0:29:41,4.6
上游闸外水位,2024/06/10,0:29:41,4.5
上游闸内水位,2024/06/10,0:31:07,4.5
上游闸外水位,2024/06/10,0:31:07,4.5
内河侧水位,2024/06/10,1:00:00,4.5
长江侧水位,2024/06/10,1:00:00,4.5
上游闸内水位,2024/06/10,1:04:31,4.4
上游闸外水位,2024/06/10,1:04:31,4.5
下游闸内水位,2024/06/10,1:07:13,4.4
下游闸外水位,2024/06/10,1:07:13,4.5
下游闸内水位,2024/06/10,1:08:38,4.5
下游闸外水位,2024/06/10,1:08:38,4.5
下游闸内水位,2024/06/10,1:16:15,4.5
下游闸外水位,2024/06/10,1:16:15,4.5
上游闸内水位,2024/06/08,5:35:31,5.5
上游闸外水位,2024/06/08,5:35:31,4.7
内河侧水位,2024/06/08,16:00:00,4.3
长江侧水位,2024/06/08,16:00:00,4.2
上游闸内水位,2024/06/08,16:02:05,4.2
上游闸外水位,2024/06/08,16:02:05,4.2
下游闸内水位,2024/06/08,16:04:37,4.2
下游闸外水位,2024/06/08,16:04:37,4.2
下游闸内水位,2024/06/08,16:33:47,4.2
下游闸外水位,2024/06/08,16:33:47,4.2
上游闸内水位,2024/06/08,16:36:50,4.2
上游闸外水位,2024/06/08,16:36:50,4.2
内河侧水位,2024/06/08,17:00:00,4.2
长江侧水位,2024/06/08,17:00:00,4.2
上游闸内水位,2024/06/08,17:10:17,4.2
上游闸外水位,2024/06/08,17:10:17,4.2
下游闸内水位,2024/06/08,17:12:53,4.2
下游闸外水位,2024/06/08,17:12:53,4.3
下游闸内水位,2024/06/08,17:34:59,4.5
下游闸外水位,2024/06/08,17:34:59,4.5
上游闸内水位,2024/06/08,17:39:43,4.4
上游闸外水位,2024/06/08,17:39:43,4.4
内河侧水位,2024/06/08,18:00:00,4.4
长江侧水位,2024/06/08,18:00:00,4.7
上游闸内水位,2024/06/08,18:00:55,4.4
上游闸外水位,2024/06/08,18:00:55,4.4
下游闸内水位,2024/06/08,18:04:25,4.4
下游闸外水位,2024/06/08,18:04:25,4.8
下游闸内水位,2024/06/08,18:05:57,4.6
下游闸外水位,2024/06/08,18:05:57,4.8
下游闸内水位,2024/06/08,18:35:59,5.0
下游闸外水位,2024/06/08,18:35:59,5.0
上游闸内水位,2024/06/08,18:38:38,5.0
上游闸外水位,2024/06/08,18:38:38,4.6
上游闸内水位,2024/06/08,18:40:06,4.8
上游闸外水位,2024/06/08,18:40:06,4.7
内河侧水位,2024/06/08,19:00:00,4.7
长江侧水位,2024/06/08,19:00:00,5.0
上游闸内水位,2024/06/08,19:12:19,4.7
上游闸外水位,2024/06/08,19:12:19,4.7
下游闸内水位,2024/06/08,19:14:48,4.7
下游闸外水位,2024/06/08,19:14:48,5.1
下游闸内水位,2024/06/08,19:16:16,4.9
下游闸外水位,2024/06/08,19:16:16,5.1
下游闸内水位,2024/06/08,19:51:57,5.2
下游闸外水位,2024/06/08,19:51:57,5.2
上游闸内水位,2024/06/08,19:54:33,5.2
上游闸外水位,2024/06/08,19:54:33,4.9
内河侧水位,2024/06/08,20:00:00,4.9
长江侧水位,2024/06/08,20:00:00,5.2
上游闸内水位,2024/06/08,20:32:46,4.9
上游闸外水位,2024/06/08,20:32:46,4.9
下游闸内水位,2024/06/08,20:35:38,4.8
下游闸外水位,2024/06/08,20:35:38,5.1
内河侧水位,2024/06/08,21:00:00,4.9
长江侧水位,2024/06/08,21:00:00,5.0
下游闸内水位,2024/06/08,21:16:16,5.0
下游闸外水位,2024/06/08,21:16:16,5.0
上游闸内水位,2024/06/08,21:18:55,5.0
上游闸外水位,2024/06/08,21:18:55,4.9
上游闸内水位,2024/06/08,21:20:53,4.9
上游闸外水位,2024/06/08,21:20:53,4.8
内河侧水位,2024/06/08,22:00:00,4.8
长江侧水位,2024/06/08,22:00:00,4.9
上游闸内水位,2024/06/08,22:02:41,4.8
上游闸外水位,2024/06/08,22:02:41,4.8
下游闸内水位,2024/06/08,22:05:16,4.7
下游闸外水位,2024/06/08,22:05:16,4.9
下游闸内水位,2024/06/08,22:06:31,4.8
下游闸外水位,2024/06/08,22:06:31,4.9
下游闸内水位,2024/06/08,22:45:57,4.8
下游闸外水位,2024/06/08,22:45:57,4.8
上游闸内水位,2024/06/08,22:48:36,4.8
上游闸外水位,2024/06/08,22:48:36,4.7
上游闸内水位,2024/06/08,22:50:03,4.7
上游闸外水位,2024/06/08,22:50:03,4.7
内河侧水位,2024/06/08,23:00:00,4.7
长江侧水位,2024/06/08,23:00:00,4.7
上游闸内水位,2024/06/08,23:33:52,4.6
上游闸外水位,2024/06/08,23:33:52,4.6
下游闸内水位,2024/06/08,23:36:29,4.6
下游闸外水位,2024/06/08,23:36:29,4.6
内河侧水位,2024/06/09,0:00:00,4.5
长江侧水位,2024/06/09,0:00:00,4.6
下游闸内水位,2024/06/09,0:19:31,4.5
下游闸外水位,2024/06/09,0:19:31,4.5
上游闸内水位,2024/06/09,0:22:09,4.5
下游闸内水位,2024/06/08,6:54:55,5.7
下游闸外水位,2024/06/08,6:54:55,5.8
内河侧水位,2024/06/08,7:00:00,5.1
长江侧水位,2024/06/08,7:00:00,5.9
下游闸内水位,2024/06/08,7:02:40,5.9
下游闸外水位,2024/06/08,7:02:40,5.9
上游闸内水位,2024/06/08,7:07:08,5.9
上游闸外水位,2024/06/08,7:07:08,5.1
上游闸内水位,2024/06/08,7:11:42,5.0
上游闸外水位,2024/06/08,7:11:42,5.1
上游闸内水位,2024/06/08,7:38:49,5.1
上游闸外水位,2024/06/08,7:38:49,5.1
下游闸内水位,2024/06/08,7:41:48,5.1
下游闸外水位,2024/06/08,7:41:48,5.8
下游闸内水位,2024/06/08,7:44:48,5.7
下游闸外水位,2024/06/08,7:44:48,5.8
内河侧水位,2024/06/08,8:00:00,5.1
长江侧水位,2024/06/08,8:00:00,5.7
下游闸内水位,2024/06/08,8:07:19,5.8
下游闸外水位,2024/06/08,8:07:19,5.8
上游闸内水位,2024/06/08,8:10:15,5.7
上游闸外水位,2024/06/08,8:10:15,5.1
上游闸内水位,2024/06/08,8:12:55,5.2
上游闸外水位,2024/06/08,8:12:55,5.1
上游闸内水位,2024/06/08,8:29:58,5.1
上游闸外水位,2024/06/08,8:29:58,5.1
下游闸内水位,2024/06/08,8:32:38,5.1
下游闸外水位,2024/06/08,8:32:38,5.6
下游闸内水位,2024/06/08,8:36:00,5.6
下游闸外水位,2024/06/08,8:36:00,5.6
下游闸内水位,2024/06/08,8:43:48,5.6
下游闸外水位,2024/06/08,8:43:48,5.6
上游闸内水位,2024/06/08,8:47:28,5.6
上游闸外水位,2024/06/08,8:47:28,5.1
上游闸内水位,2024/06/08,8:50:24,5.1
上游闸外水位,2024/06/08,8:50:24,5.1
内河侧水位,2024/06/08,9:00:00,5.1
长江侧水位,2024/06/08,9:00:00,5.5
上游闸内水位,2024/06/08,9:10:48,5.0
上游闸外水位,2024/06/08,9:10:48,5.1
下游闸内水位,2024/06/08,9:13:17,5.0
下游闸外水位,2024/06/08,9:13:17,5.4
下游闸内水位,2024/06/08,9:15:08,5.3
下游闸外水位,2024/06/08,9:15:08,5.4
下游闸内水位,2024/06/08,9:26:13,5.4
下游闸外水位,2024/06/08,9:26:13,5.4
上游闸内水位,2024/06/08,9:28:50,5.4
上游闸外水位,2024/06/08,9:28:50,5.0
上游闸内水位,2024/06/08,9:30:28,5.2
上游闸外水位,2024/06/08,9:30:28,5.1
上游闸内水位,2024/06/08,9:44:19,5.0
上游闸外水位,2024/06/08,9:44:19,5.0
下游闸内水位,2024/06/08,9:47:02,5.0
下游闸外水位,2024/06/08,9:47:02,5.3
下游闸内水位,2024/06/08,9:57:20,5.2
下游闸外水位,2024/06/08,9:57:20,5.2
内河侧水位,2024/06/08,10:00:00,5.0
长江侧水位,2024/06/08,10:00:00,5.2
下游闸内水位,2024/06/08,10:02:58,5.2
下游闸外水位,2024/06/08,10:02:58,5.2
下游闸内水位,2024/06/08,10:30:53,5.1
下游闸外水位,2024/06/08,10:30:53,5.1
上游闸内水位,2024/06/08,10:33:34,5.2
上游闸外水位,2024/06/08,10:33:34,4.9
上游闸内水位,2024/06/08,10:35:03,5.0
上游闸外水位,2024/06/08,10:35:03,5.0
内河侧水位,2024/06/08,11:00:00,4.9
长江侧水位,2024/06/08,11:00:00,5.0
上游闸内水位,2024/06/08,11:10:31,4.8
上游闸外水位,2024/06/08,11:10:31,4.9
下游闸内水位,2024/06/08,11:13:04,4.8
下游闸外水位,2024/06/08,11:13:04,5.0
下游闸内水位,2024/06/08,11:53:14,4.9
下游闸外水位,2024/06/08,11:53:14,4.9
上游闸内水位,2024/06/08,11:56:32,4.9
上游闸外水位,2024/06/08,11:56:32,4.8
内河侧水位,2024/06/08,12:00:00,4.8
长江侧水位,2024/06/08,12:00:00,4.8
上游闸内水位,2024/06/08,12:33:45,4.7
上游闸外水位,2024/06/08,12:33:45,4.7
下游闸内水位,2024/06/08,12:36:21,4.7
下游闸外水位,2024/06/08,12:36:21,4.7
下游闸内水位,2024/06/08,12:37:38,4.7
下游闸外水位,2024/06/08,12:37:38,4.7
内河侧水位,2024/06/08,13:00:00,4.6
长江侧水位,2024/06/08,13:00:00,4.7
下游闸内水位,2024/06/08,13:01:00,4.7
下游闸外水位,2024/06/08,13:01:00,4.7
上游闸内水位,2024/06/08,13:04:59,4.7
上游闸外水位,2024/06/08,13:04:59,4.6
上游闸内水位,2024/06/08,13:06:24,4.6
上游闸外水位,2024/06/08,13:06:24,4.6
上游闸内水位,2024/06/08,13:32:38,4.5
上游闸外水位,2024/06/08,13:32:38,4.6
下游闸内水位,2024/06/08,13:35:10,4.5
下游闸外水位,2024/06/08,13:35:10,4.6
内河侧水位,2024/06/08,14:00:00,4.5
长江侧水位,2024/06/08,14:00:00,4.5
下游闸内水位,2024/06/08,14:14:17,4.5
下游闸外水位,2024/06/08,14:14:17,4.5
上游闸内水位,2024/06/08,14:16:53,4.5
上游闸外水位,2024/06/08,14:16:53,4.5
上游闸内水位,2024/06/08,14:18:18,4.4
上游闸外水位,2024/06/08,14:18:18,4.5
上游闸内水位,2024/06/08,14:58:40,4.3
上游闸外水位,2024/06/08,14:58:40,4.3
内河侧水位,2024/06/08,15:00:00,4.4
长江侧水位,2024/06/08,15:00:00,4.3
下游闸内水位,2024/06/08,15:02:12,4.3
下游闸外水位,2024/06/08,15:02:12,4.3
上游闸外水位,2024/06/09,0:22:09,4.5
上游闸内水位,2024/06/09,0:23:39,4.5
上游闸外水位,2024/06/09,0:23:39,4.5
内河侧水位,2024/06/09,1:00:00,4.4
长江侧水位,2024/06/09,1:00:00,4.4
上游闸内水位,2024/06/09,1:11:14,4.4
上游闸外水位,2024/06/09,1:11:14,4.4
下游闸内水位,2024/06/09,1:14:17,4.4
下游闸外水位,2024/06/09,1:14:17,4.4
下游闸内水位,2024/06/09,1:31:43,4.4
下游闸外水位,2024/06/09,1:31:43,4.4
上游闸内水位,2024/06/09,1:34:27,4.4
上游闸外水位,2024/06/09,1:34:27,4.4
上游闸内水位,2024/06/09,1:35:54,4.3
上游闸外水位,2024/06/09,1:35:54,4.4
上游闸内水位,2024/06/09,1:53:27,4.3
上游闸外水位,2024/06/09,1:53:27,4.3
下游闸内水位,2024/06/09,1:56:02,4.3
下游闸外水位,2024/06/09,1:56:02,4.3
内河侧水位,2024/06/09,2:00:00,4.3
长江侧水位,2024/06/09,2:00:00,4.3
下游闸内水位,2024/06/09,2:51:23,4.2
下游闸外水位,2024/06/09,2:51:23,4.2
上游闸内水位,2024/06/09,2:54:03,4.2
上游闸外水位,2024/06/09,2:54:03,4.2
上游闸内水位,2024/06/09,2:55:29,4.2
上游闸外水位,2024/06/09,2:55:29,4.2
内河侧水位,2024/06/09,3:00:00,4.2
长江侧水位,2024/06/09,3:00:00,4.2
上游闸内水位,2024/06/09,3:36:19,4.1
上游闸外水位,2024/06/09,3:36:19,4.1
下游闸内水位,2024/06/09,3:39:33,4.1
下游闸外水位,2024/06/09,3:39:33,4.1
下游闸内水位,2024/06/09,3:40:47,4.1
下游闸外水位,2024/06/09,3:40:47,4.1
内河侧水位,2024/06/09,4:00:00,4.1
长江侧水位,2024/06/09,4:00:00,4.1
下游闸内水位,2024/06/09,4:25:04,4.1
下游闸外水位,2024/06/09,4:25:04,4.1
上游闸内水位,2024/06/09,4:28:14,4.2
上游闸外水位,2024/06/09,4:28:14,4.1
上游闸内水位,2024/06/09,4:29:41,4.1
上游闸外水位,2024/06/09,4:29:41,4.1
内河侧水位,2024/06/09,5:00:00,4.2
长江侧水位,2024/06/09,5:00:00,4.4
上游闸内水位,2024/06/09,5:06:15,4.3
上游闸外水位,2024/06/09,5:06:15,4.3
下游闸内水位,2024/06/09,5:10:38,4.5
下游闸外水位,2024/06/09,5:10:38,4.6
下游闸内水位,2024/06/09,5:30:30,4.9
下游闸外水位,2024/06/09,5:30:30,4.9
上游闸内水位,2024/06/09,5:33:06,5.0
上游闸外水位,2024/06/09,5:33:06,4.5
上游闸内水位,2024/06/09,5:34:59,4.7
上游闸外水位,2024/06/09,5:34:59,4.5
上游闸内水位,2024/06/09,5:49:17,4.6
上游闸外水位,2024/06/09,5:49:17,4.6
下游闸内水位,2024/06/09,5:52:00,4.6
下游闸外水位,2024/06/09,5:52:00,5.3
下游闸内水位,2024/06/09,5:54:26,5.1
下游闸外水位,2024/06/09,5:54:26,5.3
内河侧水位,2024/06/09,6:00:00,4.7
长江侧水位,2024/06/09,6:00:00,5.3
下游闸内水位,2024/06/09,6:21:33,5.5
下游闸外水位,2024/06/09,6:21:33,5.5
上游闸内水位,2024/06/09,6:24:09,5.5
上游闸外水位,2024/06/09,6:24:09,4.9
上游闸内水位,2024/06/09,6:26:31,5.0
上游闸外水位,2024/06/09,6:26:31,4.9
上游闸内水位,2024/06/09,6:57:55,5.0
上游闸外水位,2024/06/09,6:57:55,5.0
内河侧水位,2024/06/09,7:00:00,5.0
长江侧水位,2024/06/09,7:00:00,5.7
下游闸内水位,2024/06/09,7:00:25,5.0
下游闸外水位,2024/06/09,7:00:25,5.7
下游闸内水位,2024/06/09,7:03:07,5.6
下游闸外水位,2024/06/09,7:03:07,5.7
下游闸内水位,2024/06/09,7:18:48,5.8
下游闸外水位,2024/06/09,7:18:48,5.8
上游闸内水位,2024/06/09,7:21:37,5.8
上游闸外水位,2024/06/09,7:21:37,5.1
上游闸内水位,2024/06/09,7:24:29,5.2
上游闸外水位,2024/06/09,7:24:29,5.1
上游闸内水位,2024/06/09,7:38:15,5.2
上游闸外水位,2024/06/09,7:38:15,5.2
下游闸内水位,2024/06/09,7:40:46,5.2
下游闸外水位,2024/06/09,7:40:46,5.9
内河侧水位,2024/06/09,8:00:00,5.2
长江侧水位,2024/06/09,8:00:00,5.9
下游闸内水位,2024/06/09,8:07:13,5.8
下游闸外水位,2024/06/09,8:07:13,5.8
上游闸内水位,2024/06/09,8:10:03,5.9
上游闸外水位,2024/06/09,8:10:03,5.3
上游闸内水位,2024/06/09,8:12:50,5.3
上游闸外水位,2024/06/09,8:12:50,5.3
上游闸内水位,2024/06/09,8:45:14,5.3
上游闸外水位,2024/06/09,8:45:14,5.3
下游闸内水位,2024/06/09,8:48:12,5.3
下游闸外水位,2024/06/09,8:48:12,5.7
下游闸内水位,2024/06/09,8:50:00,5.6
下游闸外水位,2024/06/09,8:50:00,5.7
内河侧水位,2024/06/09,9:00:00,5.3
长江侧水位,2024/06/09,9:00:00,5.7
下游闸内水位,2024/06/09,9:04:12,5.7
下游闸外水位,2024/06/09,9:04:12,5.7
上游闸内水位,2024/06/09,9:06:53,5.7
上游闸外水位,2024/06/09,9:06:53,5.3
上游闸内水位,2024/06/09,9:08:24,5.5
上游闸外水位,2024/06/09,9:08:24,5.3
上游闸内水位,2024/06/09,9:34:00,5.2
上游闸外水位,2024/06/09,9:34:00,5.3
下游闸内水位,2024/06/09,9:36:34,5.3
下游闸外水位,2024/06/09,9:36:34,5.5
下游闸内水位,2024/06/09,9:37:51,5.4
下游闸外水位,2024/06/09,9:37:51,5.5
内河侧水位,2024/06/09,10:00:00,5.2
长江侧水位,2024/06/09,10:00:00,5.4
下游闸内水位,2024/06/09,10:12:28,5.4
下游闸外水位,2024/06/09,10:12:28,5.3
上游闸内水位,2024/06/09,10:15:04,5.4
上游闸外水位,2024/06/09,10:15:04,5.2
上游闸内水位,2024/06/09,10:44:41,5.1
上游闸外水位,2024/06/09,10:44:41,5.1
下游闸内水位,2024/06/09,10:47:17,5.1
下游闸外水位,2024/06/09,10:47:17,5.2
下游闸内水位,2024/06/09,10:48:29,5.1
下游闸外水位,2024/06/09,10:48:29,5.2
内河侧水位,2024/06/09,11:00:00,5.1
长江侧水位,2024/06/09,11:00:00,5.2
下游闸内水位,2024/06/09,11:22:14,5.1
下游闸外水位,2024/06/09,11:22:14,5.1
上游闸内水位,2024/06/09,11:25:34,5.1
上游闸外水位,2024/06/09,11:25:34,5.0
上游闸内水位,2024/06/09,11:26:59,5.0
上游闸外水位,2024/06/09,11:26:59,5.0
内河侧水位,2024/06/09,12:00:00,4.9
长江侧水位,2024/06/09,12:00:00,5.0
上游闸内水位,2024/06/09,12:05:05,4.9
上游闸外水位,2024/06/09,12:05:05,4.9
下游闸内水位,2024/06/09,12:08:05,4.8
下游闸外水位,2024/06/09,12:08:05,4.9
下游闸内水位,2024/06/09,12:45:21,4.8
下游闸外水位,2024/06/09,12:45:21,4.8
上游闸内水位,2024/06/09,12:47:57,4.9
上游闸外水位,2024/06/09,12:47:57,4.8
上游闸内水位,2024/06/09,12:49:20,4.8
上游闸外水位,2024/06/09,12:49:20,4.8
内河侧水位,2024/06/09,13:00:00,4.8
长江侧水位,2024/06/09,13:00:00,4.8
下游闸内水位,2024/06/09,13:22:11,4.7
下游闸外水位,2024/06/09,13:22:11,4.7
下游闸内水位,2024/06/09,13:23:22,4.7
下游闸外水位,2024/06/09,13:23:22,4.7
下游闸内水位,2024/06/09,13:54:38,4.6
下游闸外水位,2024/06/09,13:54:38,4.6
上游闸内水位,2024/06/09,13:57:16,4.7
上游闸外水位,2024/06/09,13:57:16,4.6
上游闸内水位,2024/06/09,13:58:41,4.6
上游闸外水位,2024/06/09,13:58:41,4.6
内河侧水位,2024/06/09,14:00:00,4.6
长江侧水位,2024/06/09,14:00:00,4.6
上游闸内水位,2024/06/09,14:13:28,4.6
上游闸外水位,2024/06/09,14:13:28,4.6
下游闸内水位,2024/06/09,14:16:23,4.5
下游闸外水位,2024/06/09,14:16:23,4.5
下游闸内水位,2024/06/09,14:41:04,4.5
下游闸外水位,2024/06/09,14:41:04,4.5
上游闸内水位,2024/06/09,14:43:50,4.5
上游闸外水位,2024/06/09,14:43:50,4.5
内河侧水位,2024/06/09,15:00:00,4.5
长江侧水位,2024/06/09,15:00:00,4.4
上游闸内水位,2024/06/09,15:13:07,4.4
上游闸外水位,2024/06/09,15:13:07,4.5
下游闸内水位,2024/06/09,15:15:41,4.4
下游闸外水位,2024/06/09,15:15:41,4.4
上游闸内水位,2024/06/09,16:09:30,4.3
上游闸外水位,2024/06/09,16:09:30,4.3
下游闸内水位,2024/06/09,16:12:06,4.3
下游闸外水位,2024/06/09,16:12:06,4.3
下游闸内水位,2024/06/09,16:28:01,4.3
下游闸外水位,2024/06/09,16:28:01,4.3
上游闸内水位,2024/06/09,16:31:25,4.3
上游闸外水位,2024/06/09,16:31:25,4.3
上游闸内水位,2024/06/09,16:59:42,4.2
上游闸外水位,2024/06/09,16:59:42,4.3
内河侧水位,2024/06/09,17:00:00,4.3
长江侧水位,2024/06/09,17:00:00,4.2
下游闸内水位,2024/06/09,17:02:40,4.2
下游闸外水位,2024/06/09,17:02:40,4.2
上游闸内水位,2024/06/09,17:41:28,4.3
上游闸外水位,2024/06/09,17:41:28,4.2
上游闸内水位,2024/06/09,17:42:50,4.2
上游闸外水位,2024/06/09,17:42:50,4.3
内河侧水位,2024/06/09,18:00:00,4.3
长江侧水位,2024/06/09,18:00:00,4.3
上游闸内水位,2024/06/09,18:25:17,4.4
上游闸外水位,2024/06/09,18:25:17,4.4
下游闸内水位,2024/06/09,18:27:56,4.3
下游闸外水位,2024/06/09,18:27:56,4.5
下游闸内水位,2024/06/09,18:51:45,4.8
下游闸外水位,2024/06/09,18:51:45,4.8
上游闸内水位,2024/06/09,18:54:49,4.8
上游闸外水位,2024/06/09,18:54:49,4.5
上游闸内水位,2024/06/09,18:56:35,4.6
上游闸外水位,2024/06/09,18:56:35,4.5
内河侧水位,2024/06/09,19:00:00,4.5
长江侧水位,2024/06/09,19:00:00,4.8
上游闸内水位,2024/06/09,19:23:20,4.6
上游闸外水位,2024/06/09,19:23:20,4.7
下游闸内水位,2024/06/09,19:26:25,4.6
下游闸外水位,2024/06/09,19:26:25,5.0
下游闸内水位,2024/06/09,19:27:47,4.8
下游闸外水位,2024/06/09,19:27:47,4.9
内河侧水位,2024/06/09,20:00:00,4.8
长江侧水位,2024/06/09,20:00:00,5.0
下游闸内水位,2024/06/09,20:00:33,5.1
下游闸外水位,2024/06/09,20:00:33,5.1
上游闸内水位,2024/06/09,20:03:10,5.1
上游闸外水位,2024/06/09,20:03:10,4.8
上游闸内水位,2024/06/09,20:04:43,4.9
上游闸外水位,2024/06/09,20:04:43,4.8
上游闸内水位,2024/06/09,20:48:10,4.9
上游闸外水位,2024/06/09,20:48:10,4.9
下游闸内水位,2024/06/09,20:50:57,4.8
下游闸外水位,2024/06/09,20:50:57,5.1
下游闸内水位,2024/06/09,20:52:12,5.0
下游闸外水位,2024/06/09,20:52:12,5.0
内河侧水位,2024/06/09,21:00:00,4.9
长江侧水位,2024/06/09,21:00:00,5.1
下游闸内水位,2024/06/09,21:26:55,5.0
下游闸外水位,2024/06/09,21:26:55,5.0
上游闸内水位,2024/06/09,21:29:53,5.0
上游闸外水位,2024/06/09,21:29:53,4.9
上游闸内水位,2024/06/09,21:31:27,4.9
上游闸外水位,2024/06/09,21:31:27,4.9
内河侧水位,2024/06/09,22:00:00,4.8
长江侧水位,2024/06/09,22:00:00,4.9
上游闸内水位,2024/06/09,22:13:48,4.8
上游闸外水位,2024/06/09,22:13:48,4.8
下游闸内水位,2024/06/09,22:16:50,4.8
下游闸外水位,2024/06/09,22:16:50,4.9
下游闸内水位,2024/06/09,22:18:15,4.9
下游闸外水位,2024/06/09,22:18:15,4.9
下游闸内水位,2024/06/09,22:59:33,4.8
下游闸外水位,2024/06/09,22:59:33,4.8
内河侧水位,2024/06/09,23:00:00,4.7
长江侧水位,2024/06/09,23:00:00,4.8
上游闸内水位,2024/06/09,23:02:19,4.8
上游闸外水位,2024/06/09,23:02:19,4.7
上游闸内水位,2024/06/09,23:04:01,4.7
上游闸外水位,2024/06/09,23:04:01,4.7
上游闸内水位,2024/06/10,1:19:04,4.5
上游闸外水位,2024/06/10,1:19:04,4.4
上游闸内水位,2024/06/10,1:20:37,4.4
上游闸外水位,2024/06/10,1:20:37,4.5
上游闸内水位,2024/06/10,1:47:03,4.4
上游闸外水位,2024/06/10,1:47:03,4.4
下游闸内水位,2024/06/10,1:49:38,4.4
下游闸外水位,2024/06/10,1:49:38,4.4
下游闸内水位,2024/06/10,1:50:55,4.4
下游闸外水位,2024/06/10,1:50:55,4.4
内河侧水位,2024/06/10,2:00:00,4.4
长江侧水位,2024/06/10,2:00:00,4.3
下游闸内水位,2024/06/10,2:49:15,4.2
下游闸外水位,2024/06/10,2:49:15,4.2
内河侧水位,2024/06/10,3:00:00,4.3
长江侧水位,2024/06/10,3:00:00,4.2
上游闸内水位,2024/06/10,3:00:45,4.3
上游闸外水位,2024/06/10,3:00:45,4.3
上游闸内水位,2024/06/10,3:02:16,4.2
上游闸外水位,2024/06/10,3:02:16,4.3
上游闸内水位,2024/06/10,3:40:53,4.1
上游闸外水位,2024/06/10,3:40:53,4.2
下游闸内水位,2024/06/10,3:43:30,4.1
下游闸外水位,2024/06/10,3:43:30,4.1
下游闸内水位,2024/06/10,3:45:07,4.1
下游闸外水位,2024/06/10,3:45:07,4.1
内河侧水位,2024/06/10,4:00:00,4.2
长江侧水位,2024/06/10,4:00:00,4.1
下游闸内水位,2024/06/10,4:09:25,4.1
下游闸外水位,2024/06/10,4:09:25,4.1
上游闸内水位,2024/06/10,4:12:07,4.1
上游闸外水位,2024/06/10,4:12:07,4.1
上游闸内水位,2024/06/10,4:14:10,4.1
上游闸外水位,2024/06/10,4:14:10,4.1
上游闸内水位,2024/06/10,4:48:16,4.1
上游闸外水位,2024/06/10,4:48:16,4.1
下游闸内水位,2024/06/10,4:52:14,4.1
下游闸外水位,2024/06/10,4:52:14,4.1
下游闸内水位,2024/06/10,4:53:31,4.1
下游闸外水位,2024/06/10,4:53:31,4.1
内河侧水位,2024/06/10,5:00:00,4.1
长江侧水位,2024/06/10,5:00:00,4.1
下游闸内水位,2024/06/10,5:05:44,4.1
下游闸外水位,2024/06/10,5:05:44,4.1
上游闸内水位,2024/06/10,5:08:58,4.1
上游闸外水位,2024/06/10,5:08:58,4.1
上游闸内水位,2024/06/10,5:12:16,4.1
上游闸外水位,2024/06/10,5:12:16,4.1
上游闸内水位,2024/06/10,5:39:53,4.2
上游闸外水位,2024/06/10,5:39:53,4.2
下游闸内水位,2024/06/10,5:42:34,4.2
下游闸外水位,2024/06/10,5:42:34,4.4
下游闸内水位,2024/06/10,5:57:34,4.6
下游闸外水位,2024/06/10,5:57:34,4.6
内河侧水位,2024/06/10,6:00:00,4.3
长江侧水位,2024/06/10,6:00:00,4.6
上游闸内水位,2024/06/10,6:00:13,4.6
上游闸外水位,2024/06/10,6:00:13,4.3
上游闸内水位,2024/06/10,6:01:42,4.5
上游闸外水位,2024/06/10,6:01:42,4.4
上游闸内水位,2024/06/10,6:12:33,4.4
上游闸外水位,2024/06/10,6:12:33,4.5
下游闸内水位,2024/06/10,6:15:43,4.4
下游闸外水位,2024/06/10,6:15:43,4.9
下游闸内水位,2024/06/10,6:17:29,4.7
下游闸外水位,2024/06/10,6:17:29,4.9
下游闸内水位,2024/06/10,6:26:44,5.0
下游闸外水位,2024/06/10,6:26:44,5.0
上游闸内水位,2024/06/10,6:29:21,5.1
上游闸外水位,2024/06/10,6:29:21,4.6
上游闸内水位,2024/06/10,6:31:23,4.8
上游闸外水位,2024/06/10,6:31:23,4.6
上游闸内水位,2024/06/10,6:43:22,4.7
上游闸外水位,2024/06/10,6:43:22,4.7
下游闸内水位,2024/06/10,6:46:00,4.7
下游闸外水位,2024/06/10,6:46:00,5.2
下游闸内水位,2024/06/10,6:48:09,5.1
下游闸外水位,2024/06/10,6:48:09,5.2
下游闸内水位,2024/06/10,6:59:23,5.3
下游闸外水位,2024/06/10,6:59:23,5.3
内河侧水位,2024/06/10,7:00:00,4.8
长江侧水位,2024/06/10,7:00:00,5.3
上游闸内水位,2024/06/10,7:02:51,5.3
上游闸外水位,2024/06/10,7:02:51,4.9
上游闸内水位,2024/06/10,7:05:08,5.0
上游闸外水位,2024/06/10,7:05:08,4.9
上游闸内水位,2024/06/10,7:12:09,4.9
上游闸外水位,2024/06/10,7:12:09,4.9
下游闸内水位,2024/06/10,7:14:42,4.9
下游闸外水位,2024/06/10,7:14:42,5.4
下游闸内水位,2024/06/10,7:16:47,5.3
下游闸外水位,2024/06/10,7:16:47,5.4
下游闸内水位,2024/06/10,7:20:14,5.5
下游闸外水位,2024/06/10,7:20:14,5.5
上游闸内水位,2024/06/10,7:23:03,5.5
上游闸外水位,2024/06/10,7:23:03,5.0
上游闸内水位,2024/06/10,7:25:25,5.1
上游闸外水位,2024/06/10,7:25:25,5.0
上游闸内水位,2024/06/10,7:59:43,5.1
上游闸外水位,2024/06/10,7:59:43,5.1
内河侧水位,2024/06/10,8:00:00,5.2
长江侧水位,2024/06/10,8:00:00,5.7
下游闸内水位,2024/06/10,8:02:14,5.1
下游闸外水位,2024/06/10,8:02:14,5.7
下游闸内水位,2024/06/10,8:04:31,5.5
下游闸外水位,2024/06/10,8:04:31,5.7
下游闸内水位,2024/06/10,8:24:10,5.8
下游闸外水位,2024/06/10,8:24:10,5.7
上游闸内水位,2024/06/10,8:27:10,5.7
上游闸外水位,2024/06/10,8:27:10,5.2
上游闸内水位,2024/06/10,8:29:33,5.3
上游闸外水位,2024/06/10,8:29:33,5.2
上游闸内水位,2024/06/10,8:47:57,5.3
上游闸外水位,2024/06/10,8:47:57,5.3
下游闸内水位,2024/06/10,8:50:34,5.2
下游闸外水位,2024/06/10,8:50:34,5.7
下游闸内水位,2024/06/10,8:52:23,5.5
下游闸外水位,2024/06/10,8:52:23,5.7
内河侧水位,2024/06/10,9:00:00,5.3
长江侧水位,2024/06/10,9:00:00,5.7
下游闸内水位,2024/06/10,9:03:38,5.7
下游闸外水位,2024/06/10,9:03:38,5.7
上游闸内水位,2024/06/10,9:06:13,5.7
上游闸外水位,2024/06/10,9:06:13,5.3
上游闸内水位,2024/06/10,9:08:21,5.4
上游闸外水位,2024/06/10,9:08:21,5.3
上游闸内水位,2024/06/10,9:23:11,5.3
上游闸外水位,2024/06/10,9:23:11,5.3
下游闸内水位,2024/06/10,9:25:43,5.3
下游闸外水位,2024/06/10,9:25:43,5.6
下游闸内水位,2024/06/10,9:27:10,5.5
下游闸外水位,2024/06/10,9:27:10,5.6
下游闸内水位,2024/06/10,9:36:42,5.6
下游闸外水位,2024/06/10,9:36:42,5.6
上游闸内水位,2024/06/10,9:41:45,5.5
上游闸外水位,2024/06/10,9:41:45,5.3
上游闸内水位,2024/06/10,9:43:21,5.4
上游闸外水位,2024/06/10,9:43:21,5.3
内河侧水位,2024/06/10,10:00:00,5.3
长江侧水位,2024/06/10,10:00:00,5.5
上游闸内水位,2024/06/10,10:10:45,5.2
上游闸外水位,2024/06/10,10:10:45,5.2
上游闸内水位,2024/06/10,10:11:58,5.2
上游闸外水位,2024/06/10,10:11:58,5.2
上游闸内水位,2024/06/10,10:16:23,5.2
上游闸外水位,2024/06/10,10:16:23,5.2
下游闸内水位,2024/06/10,10:18:58,5.2
下游闸外水位,2024/06/10,10:18:58,5.4
下游闸内水位,2024/06/10,10:32:41,5.3
下游闸外水位,2024/06/10,10:32:41,5.3
上游闸内水位,2024/06/10,10:35:28,5.3
上游闸外水位,2024/06/10,10:35:28,5.2
上游闸内水位,2024/06/10,10:37:02,5.2
上游闸外水位,2024/06/10,10:37:02,5.2
内河侧水位,2024/06/10,11:00:00,5.1
长江侧水位,2024/06/10,11:00:00,5.2
上游闸内水位,2024/06/10,11:01:34,5.1
上游闸外水位,2024/06/10,11:01:34,5.1
下游闸内水位,2024/06/10,11:04:05,5.1
下游闸外水位,2024/06/10,11:04:05,5.2
下游闸内水位,2024/06/10,11:33:14,5.1
下游闸外水位,2024/06/10,11:33:14,5.1
上游闸内水位,2024/06/10,11:36:04,5.1
上游闸外水位,2024/06/10,11:36:04,5.0
上游闸内水位,2024/06/10,11:37:27,5.0
上游闸外水位,2024/06/10,11:37:27,5.0
上游闸内水位,2024/06/10,11:51:47,5.0
上游闸外水位,2024/06/10,11:51:47,5.0
下游闸内水位,2024/06/10,11:54:36,4.9
下游闸外水位,2024/06/10,11:54:36,5.0
下游闸内水位,2024/06/10,11:56:49,5.0
下游闸外水位,2024/06/10,11:56:49,5.0
内河侧水位,2024/06/10,12:00:00,5.0
长江侧水位,2024/06/10,12:00:00,5.0
下游闸内水位,2024/06/10,12:20:38,4.9
下游闸外水位,2024/06/10,12:20:38,4.9
上游闸内水位,2024/06/10,12:23:14,5.0
上游闸外水位,2024/06/10,12:23:14,4.9
上游闸内水位,2024/06/10,12:24:45,4.9
上游闸外水位,2024/06/10,12:24:45,4.9
上游闸内水位,2024/06/10,12:55:04,4.8
上游闸外水位,2024/06/10,12:55:04,4.8
下游闸内水位,2024/06/10,12:57:41,4.8
下游闸外水位,2024/06/10,12:57:41,4.8
内河侧水位,2024/06/10,13:00:00,4.8
长江侧水位,2024/06/10,13:00:00,4.8
下游闸内水位,2024/06/10,13:34:25,4.8
下游闸外水位,2024/06/10,13:34:25,4.7
上游闸内水位,2024/06/10,13:37:00,4.8
上游闸外水位,2024/06/10,13:37:00,4.7
内河侧水位,2024/06/10,14:00:00,4.7
长江侧水位,2024/06/10,14:00:00,4.7
上游闸内水位,2024/06/10,14:14:17,4.6
上游闸外水位,2024/06/10,14:14:17,4.6
下游闸内水位,2024/06/10,14:16:56,4.6
下游闸外水位,2024/06/10,14:16:56,4.6
下游闸内水位,2024/06/10,14:49:02,4.5
下游闸外水位,2024/06/10,14:49:02,4.5
上游闸内水位,2024/06/10,14:51:41,4.5
上游闸外水位,2024/06/10,14:51:41,4.5
上游闸内水位,2024/06/10,14:53:03,4.5
上游闸外水位,2024/06/10,14:53:03,4.5
内河侧水位,2024/06/10,15:00:00,4.5
长江侧水位,2024/06/10,15:00:00,4.5
上游闸内水位,2024/06/10,15:21:06,4.4
上游闸外水位,2024/06/10,15:21:06,4.5
下游闸内水位,2024/06/10,15:23:35,4.4
下游闸外水位,2024/06/10,15:23:35,4.4
下游闸内水位,2024/06/10,22:45:50,4.9
下游闸外水位,2024/06/10,22:45:50,4.9
上游闸内水位,2024/06/11,0:16:00,4.6
上游闸外水位,2024/06/11,0:16:00,4.6
上游闸内水位,2024/06/11,3:43:24,4.2
上游闸外水位,2024/06/11,3:43:24,4.2
下游闸内水位,2024/06/11,3:45:59,4.2
下游闸外水位,2024/06/11,3:45:59,4.2
内河侧水位,2024/06/11,4:00:00,4.2
长江侧水位,2024/06/11,4:00:00,4.1
下游闸内水位,2024/06/11,4:02:22,4.2
下游闸外水位,2024/06/11,4:02:22,4.2
上游闸内水位,2024/06/11,4:06:15,4.2
上游闸外水位,2024/06/11,4:06:15,4.2
上游闸内水位,2024/06/11,4:08:05,4.2
上游闸外水位,2024/06/11,4:08:05,4.2
上游闸内水位,2024/06/11,4:29:32,4.1
上游闸外水位,2024/06/11,4:29:32,4.2
下游闸内水位,2024/06/11,4:32:14,4.1
下游闸外水位,2024/06/11,4:32:14,4.1
内河侧水位,2024/06/11,5:00:00,4.1
长江侧水位,2024/06/11,5:00:00,4.1
下游闸内水位,2024/06/11,5:06:54,4.1
下游闸外水位,2024/06/11,5:06:54,4.1
上游闸内水位,2024/06/11,5:09:42,4.1
上游闸外水位,2024/06/11,5:09:42,4.1
上游闸内水位,2024/06/11,5:11:14,4.1
上游闸外水位,2024/06/11,5:11:14,4.1
上游闸内水位,2024/06/11,5:47:43,4.1
上游闸外水位,2024/06/11,5:47:43,4.1
下游闸内水位,2024/06/11,5:50:28,4.1
下游闸外水位,2024/06/11,5:50:28,4.1
内河侧水位,2024/06/11,6:00:00,4.2
长江侧水位,2024/06/11,6:00:00,4.2
下游闸内水位,2024/06/11,6:29:15,4.5
下游闸外水位,2024/06/11,6:29:15,4.5
上游闸内水位,2024/06/11,6:31:49,4.6
上游闸外水位,2024/06/11,6:31:49,4.3
内河侧水位,2024/06/11,7:00:00,4.5
长江侧水位,2024/06/11,7:00:00,4.9
下游闸内水位,2024/06/10,15:47:50,4.4
下游闸外水位,2024/06/10,15:47:50,4.4
上游闸内水位,2024/06/10,15:50:29,4.4
上游闸外水位,2024/06/10,15:50:29,4.4
内河侧水位,2024/06/10,16:00:00,4.3
长江侧水位,2024/06/10,16:00:00,4.4
上游闸内水位,2024/06/10,16:05:56,4.3
上游闸外水位,2024/06/10,16:05:56,4.4
下游闸内水位,2024/06/10,16:08:25,4.3
下游闸外水位,2024/06/10,16:08:25,4.4
下游闸内水位,2024/06/10,16:39:06,4.3
下游闸外水位,2024/06/10,16:39:06,4.3
上游闸内水位,2024/06/10,16:41:44,4.3
上游闸外水位,2024/06/10,16:41:44,4.3
上游闸内水位,2024/06/10,16:43:06,4.3
上游闸外水位,2024/06/10,16:43:06,4.3
内河侧水位,2024/06/10,17:00:00,4.2
长江侧水位,2024/06/10,17:00:00,4.3
上游闸内水位,2024/06/10,17:16:16,4.2
上游闸外水位,2024/06/10,17:16:16,4.2
下游闸内水位,2024/06/10,17:20:05,4.2
下游闸外水位,2024/06/10,17:20:05,4.2
下游闸内水位,2024/06/10,17:47:18,4.2
下游闸外水位,2024/06/10,17:47:18,4.2
上游闸内水位,2024/06/10,17:50:04,4.2
上游闸外水位,2024/06/10,17:50:04,4.2
上游闸内水位,2024/06/10,17:52:35,4.2
上游闸外水位,2024/06/10,17:52:35,4.2
内河侧水位,2024/06/10,18:00:00,4.2
长江侧水位,2024/06/10,18:00:00,4.1
上游闸内水位,2024/06/10,18:21:27,4.2
上游闸外水位,2024/06/10,18:21:27,4.2
下游闸内水位,2024/06/10,18:24:59,4.2
下游闸外水位,2024/06/10,18:24:59,4.2
下游闸内水位,2024/06/10,18:41:21,4.3
下游闸外水位,2024/06/10,18:41:21,4.3
上游闸内水位,2024/06/10,18:43:53,4.3
上游闸外水位,2024/06/10,18:43:53,4.3
上游闸内水位,2024/06/10,18:46:41,4.2
上游闸外水位,2024/06/10,18:46:41,4.3
内河侧水位,2024/06/10,19:00:00,4.3
长江侧水位,2024/06/10,19:00:00,4.4
上游闸内水位,2024/06/10,19:09:16,4.3
上游闸外水位,2024/06/10,19:09:16,4.4
下游闸内水位,2024/06/10,19:13:42,4.3
下游闸外水位,2024/06/10,19:13:42,4.5
内河侧水位,2024/06/10,20:00:00,4.6
长江侧水位,2024/06/10,20:00:00,4.9
下游闸内水位,2024/06/10,20:06:38,4.9
下游闸外水位,2024/06/10,20:06:38,4.9
下游闸内水位,2024/06/10,20:07:42,4.9
下游闸外水位,2024/06/10,20:07:42,4.9
上游闸内水位,2024/06/10,20:10:26,4.9
上游闸外水位,2024/06/10,20:10:26,4.6
上游闸内水位,2024/06/10,20:12:16,4.7
上游闸外水位,2024/06/10,20:12:16,4.7
上游闸内水位,2024/06/10,20:49:40,4.7
上游闸外水位,2024/06/10,20:49:40,4.8
下游闸内水位,2024/06/10,20:52:25,4.7
下游闸外水位,2024/06/10,20:52:25,5.0
下游闸内水位,2024/06/10,20:53:53,4.9
下游闸外水位,2024/06/10,20:53:53,5.0
内河侧水位,2024/06/10,21:00:00,4.8
长江侧水位,2024/06/10,21:00:00,5.1
下游闸内水位,2024/06/10,21:32:40,5.0
下游闸外水位,2024/06/10,21:32:40,5.1
上游闸内水位,2024/06/10,21:35:30,5.0
上游闸外水位,2024/06/10,21:35:30,4.8
上游闸内水位,2024/06/10,21:37:01,4.9
上游闸外水位,2024/06/10,21:37:01,4.8
内河侧水位,2024/06/10,22:00:00,4.9
长江侧水位,2024/06/10,22:00:00,5.0
上游闸内水位,2024/06/10,22:08:45,4.8
上游闸外水位,2024/06/10,22:08:45,4.8
下游闸内水位,2024/06/10,22:11:25,4.8
下游闸外水位,2024/06/10,22:11:25,5.0
上游闸内水位,2024/06/10,22:48:51,4.9
上游闸外水位,2024/06/10,22:48:51,4.8
内河侧水位,2024/06/10,23:00:00,4.7
长江侧水位,2024/06/10,23:00:00,4.9
上游闸内水位,2024/06/10,23:23:47,4.7
上游闸外水位,2024/06/10,23:23:47,4.7
下游闸内水位,2024/06/10,23:26:30,4.7
下游闸外水位,2024/06/10,23:26:30,4.8
内河侧水位,2024/06/11,0:00:00,4.7
长江侧水位,2024/06/11,0:00:00,4.7
下游闸内水位,2024/06/11,0:11:16,4.7
下游闸外水位,2024/06/11,0:11:16,4.7
上游闸内水位,2024/06/11,0:14:30,4.7
上游闸外水位,2024/06/11,0:14:30,4.6
上游闸内水位,2024/06/11,0:53:28,4.5
上游闸外水位,2024/06/11,0:53:28,4.6
下游闸内水位,2024/06/11,0:56:12,4.5
下游闸外水位,2024/06/11,0:56:12,4.6
下游闸内水位,2024/06/11,0:59:25,4.6
下游闸外水位,2024/06/11,0:59:25,4.6
内河侧水位,2024/06/11,1:00:00,4.5
长江侧水位,2024/06/11,1:00:00,4.6
下游闸内水位,2024/06/11,1:12:15,4.5
下游闸外水位,2024/06/11,1:12:15,4.5
上游闸内水位,2024/06/11,1:16:53,4.5
上游闸外水位,2024/06/11,1:16:53,4.5
上游闸内水位,2024/06/11,1:18:21,4.5
上游闸外水位,2024/06/11,1:18:21,4.5
上游闸内水位,2024/06/11,1:33:52,4.4
上游闸外水位,2024/06/11,1:33:52,4.5
下游闸内水位,2024/06/11,1:36:56,4.4
下游闸外水位,2024/06/11,1:36:56,4.5
下游闸内水位,2024/06/11,1:38:26,4.5
下游闸外水位,2024/06/11,1:38:26,4.5
内河侧水位,2024/06/11,2:00:00,4.4
长江侧水位,2024/06/11,2:00:00,4.4
下游闸内水位,2024/06/11,2:06:35,4.4
下游闸外水位,2024/06/11,2:06:35,4.4
上游闸内水位,2024/06/11,2:09:12,4.4
上游闸外水位,2024/06/11,2:09:12,4.4
上游闸内水位,2024/06/11,2:10:37,4.4
上游闸外水位,2024/06/11,2:10:37,4.4
上游闸内水位,2024/06/11,2:39:05,4.3
上游闸外水位,2024/06/11,2:39:05,4.4
下游闸内水位,2024/06/11,2:41:37,4.3
下游闸外水位,2024/06/11,2:41:37,4.3
下游闸内水位,2024/06/11,2:56:42,4.3
下游闸外水位,2024/06/11,2:56:42,4.3
上游闸内水位,2024/06/11,2:59:22,4.3
上游闸外水位,2024/06/11,2:59:22,4.3
内河侧水位,2024/06/11,3:00:00,4.3
长江侧水位,2024/06/11,3:00:00,4.3
上游闸内水位,2024/06/11,3:00:47,4.3
上游闸外水位,2024/06/11,3:00:47,4.3
上游闸内水位,2024/06/11,7:04:15,4.5
上游闸外水位,2024/06/11,7:04:15,4.6
下游闸内水位,2024/06/11,7:07:13,4.5
下游闸外水位,2024/06/11,7:07:13,5.0
下游闸内水位,2024/06/11,7:09:12,4.9
下游闸外水位,2024/06/11,7:09:12,5.0
下游闸内水位,2024/06/11,7:38:06,5.2
下游闸外水位,2024/06/11,7:38:06,5.2
上游闸内水位,2024/06/11,7:41:07,5.3
上游闸外水位,2024/06/11,7:41:07,4.8
上游闸内水位,2024/06/11,7:43:06,5.0
上游闸外水位,2024/06/11,7:43:06,4.8
内河侧水位,2024/06/11,8:00:00,4.9
长江侧水位,2024/06/11,8:00:00,5.3
上游闸内水位,2024/06/11,8:09:16,4.9
上游闸外水位,2024/06/11,8:09:16,4.9
下游闸内水位,2024/06/11,8:12:01,4.9
下游闸外水位,2024/06/11,8:12:01,5.4
下游闸内水位,2024/06/11,8:14:06,5.3
下游闸外水位,2024/06/11,8:14:06,5.4
下游闸内水位,2024/06/11,8:23:55,5.5
下游闸外水位,2024/06/11,8:23:55,5.5
上游闸内水位,2024/06/11,8:26:43,5.5
上游闸外水位,2024/06/11,8:26:43,5.0
上游闸内水位,2024/06/11,8:28:51,5.2
上游闸外水位,2024/06/11,8:28:51,5.0
上游闸内水位,2024/06/11,8:59:51,5.1
上游闸外水位,2024/06/11,8:59:51,5.1
内河侧水位,2024/06/11,9:00:00,5.1
长江侧水位,2024/06/11,9:00:00,5.6
下游闸内水位,2024/06/11,9:02:25,5.1
下游闸外水位,2024/06/11,9:02:25,5.6
下游闸内水位,2024/06/11,9:04:17,5.4
下游闸外水位,2024/06/11,9:04:17,5.6
下游闸内水位,2024/06/11,9:39:53,5.6
下游闸外水位,2024/06/11,9:39:53,5.6
上游闸内水位,2024/06/11,9:42:53,5.6
上游闸外水位,2024/06/11,9:42:53,5.2
上游闸内水位,2024/06/11,9:43:45,5.5
上游闸外水位,2024/06/11,9:43:45,5.2
上游闸内水位,2024/06/11,9:45:02,5.4
上游闸外水位,2024/06/11,9:45:02,5.3
内河侧水位,2024/06/11,10:00:00,5.2
长江侧水位,2024/06/11,10:00:00,5.5
上游闸内水位,2024/06/11,10:25:30,5.2
上游闸外水位,2024/06/11,10:25:30,5.2
下游闸内水位,2024/06/11,10:28:40,5.2
下游闸外水位,2024/06/11,10:28:40,5.4
下游闸内水位,2024/06/11,10:29:59,5.3
下游闸外水位,2024/06/11,10:29:59,5.4
下游闸内水位,2024/06/11,10:57:18,5.3
下游闸外水位,2024/06/11,10:57:18,5.3
内河侧水位,2024/06/11,11:00:00,5.1
长江侧水位,2024/06/11,11:00:00,5.3
上游闸内水位,2024/06/11,11:00:05,5.3
上游闸外水位,2024/06/11,11:00:05,5.1
内河侧水位,2024/06/11,16:00:00,4.4
长江侧水位,2024/06/11,16:00:00,4.4
上游闸内水位,2024/06/11,16:02:15,4.4
上游闸外水位,2024/06/11,16:02:15,4.4
下游闸内水位,2024/06/11,16:04:45,4.4
下游闸外水位,2024/06/11,16:04:45,4.4
下游闸内水位,2024/06/11,16:06:01,4.4
下游闸外水位,2024/06/11,16:06:01,4.4
下游闸内水位,2024/06/11,16:41:30,4.4
下游闸外水位,2024/06/11,16:41:30,4.3
上游闸内水位,2024/06/11,16:44:08,4.4
上游闸外水位,2024/06/11,16:44:08,4.4
上游闸内水位,2024/06/11,16:45:32,4.4
上游闸外水位,2024/06/11,16:45:32,4.4
内河侧水位,2024/06/11,17:00:00,4.4
长江侧水位,2024/06/11,17:00:00,4.3
上游闸内水位,2024/06/11,17:19:45,4.3
上游闸外水位,2024/06/11,17:19:45,4.3
下游闸内水位,2024/06/11,17:22:28,4.3
下游闸外水位,2024/06/11,17:22:28,4.2
下游闸内水位,2024/06/11,17:42:40,4.2
下游闸外水位,2024/06/11,17:42:40,4.2
上游闸内水位,2024/06/11,17:45:15,4.3
上游闸外水位,2024/06/11,17:45:15,4.2
上游闸内水位,2024/06/11,17:46:43,4.2
上游闸外水位,2024/06/11,17:46:43,4.2
内河侧水位,2024/06/11,18:00:00,4.2
长江侧水位,2024/06/11,18:00:00,4.2
上游闸内水位,2024/06/11,18:09:54,4.2
上游闸外水位,2024/06/11,18:09:54,4.2
下游闸内水位,2024/06/11,18:12:29,4.2
下游闸外水位,2024/06/11,18:12:29,4.2
下游闸内水位,2024/06/11,18:50:16,4.2
下游闸外水位,2024/06/11,18:50:16,4.2
上游闸内水位,2024/06/11,18:52:51,4.2
上游闸外水位,2024/06/11,18:52:51,4.2
上游闸内水位,2024/06/11,18:54:16,4.2
上游闸外水位,2024/06/11,18:54:16,4.2
内河侧水位,2024/06/11,19:00:00,4.2
长江侧水位,2024/06/11,19:00:00,4.2
上游闸内水位,2024/06/11,19:28:50,4.2
上游闸外水位,2024/06/11,19:28:50,4.3
下游闸内水位,2024/06/11,19:31:29,4.2
下游闸外水位,2024/06/11,19:31:29,4.4
内河侧水位,2024/06/11,20:00:00,4.4
长江侧水位,2024/06/11,20:00:00,4.6
下游闸内水位,2024/06/11,20:14:24,4.7
下游闸外水位,2024/06/11,20:14:24,4.7
上游闸内水位,2024/06/11,20:17:12,4.7
上游闸外水位,2024/06/11,20:17:12,4.5
上游闸内水位,2024/06/11,20:18:43,4.6
上游闸外水位,2024/06/11,20:18:43,4.5
上游闸内水位,2024/06/11,20:56:55,4.6
上游闸外水位,2024/06/11,20:56:55,4.6
下游闸内水位,2024/06/11,20:59:39,4.6
下游闸外水位,2024/06/11,20:59:39,4.9
内河侧水位,2024/06/11,21:00:00,4.6
长江侧水位,2024/06/11,21:00:00,4.8
下游闸内水位,2024/06/11,21:01:00,4.7
下游闸外水位,2024/06/11,21:01:00,4.8
下游闸内水位,2024/06/11,21:32:59,4.9
下游闸外水位,2024/06/11,21:32:59,4.9
上游闸内水位,2024/06/11,21:35:42,5.0
上游闸外水位,2024/06/11,21:35:42,4.7
上游闸内水位,2024/06/11,21:37:16,4.8
上游闸外水位,2024/06/11,21:37:16,4.7
内河侧水位,2024/06/11,22:00:00,4.7
长江侧水位,2024/06/11,22:00:00,5.0
上游闸内水位,2024/06/11,22:15:13,4.7
上游闸外水位,2024/06/11,22:15:13,4.7
下游闸内水位,2024/06/11,22:17:44,4.7
下游闸外水位,2024/06/11,22:17:44,4.9
下游闸内水位,2024/06/11,22:59:39,4.9
下游闸外水位,2024/06/11,22:59:39,4.9
内河侧水位,2024/06/11,23:00:00,4.8
上游闸内水位,2024/06/11,11:33:11,5.0
上游闸外水位,2024/06/11,11:33:11,5.1
下游闸内水位,2024/06/11,11:36:11,5.0
下游闸外水位,2024/06/11,11:36:11,5.2
内河侧水位,2024/06/11,12:00:00,5.0
长江侧水位,2024/06/11,12:00:00,5.1
下游闸内水位,2024/06/11,12:09:57,5.1
下游闸外水位,2024/06/11,12:09:57,5.1
上游闸内水位,2024/06/11,12:12:46,5.0
上游闸外水位,2024/06/11,12:12:46,5.0
上游闸内水位,2024/06/11,12:14:13,5.0
上游闸外水位,2024/06/11,12:14:13,5.0
上游闸内水位,2024/06/11,12:43:05,4.9
上游闸外水位,2024/06/11,12:43:05,4.9
下游闸内水位,2024/06/11,12:45:51,4.8
下游闸外水位,2024/06/11,12:45:51,5.0
下游闸内水位,2024/06/11,12:47:28,4.9
下游闸外水位,2024/06/11,12:47:28,4.9
内河侧水位,2024/06/11,13:00:00,4.8
长江侧水位,2024/06/11,13:00:00,4.9
下游闸内水位,2024/06/11,13:17:49,4.8
下游闸外水位,2024/06/11,13:17:49,4.9
上游闸内水位,2024/06/11,13:20:28,4.9
上游闸外水位,2024/06/11,13:20:28,4.8
上游闸内水位,2024/06/11,13:21:52,4.8
上游闸外水位,2024/06/11,13:21:52,4.8
上游闸内水位,2024/06/11,13:53:51,4.7
上游闸外水位,2024/06/11,13:53:51,4.7
下游闸内水位,2024/06/11,13:56:25,4.7
下游闸外水位,2024/06/11,13:56:25,4.7
内河侧水位,2024/06/11,14:00:00,4.7
长江侧水位,2024/06/11,14:00:00,4.7
下游闸内水位,2024/06/11,14:26:04,4.7
下游闸外水位,2024/06/11,14:26:04,4.7
上游闸内水位,2024/06/11,14:28:46,4.7
上游闸外水位,2024/06/11,14:28:46,4.6
上游闸内水位,2024/06/11,14:30:10,4.6
上游闸外水位,2024/06/11,14:30:10,4.6
上游闸内水位,2024/06/11,14:53:29,4.5
上游闸外水位,2024/06/11,14:53:29,4.6
下游闸内水位,2024/06/11,14:56:01,4.6
下游闸外水位,2024/06/11,14:56:01,4.6
下游闸内水位,2024/06/11,14:57:26,4.6
下游闸外水位,2024/06/11,14:57:26,4.6
内河侧水位,2024/06/11,15:00:00,4.6
长江侧水位,2024/06/11,15:00:00,4.6
下游闸内水位,2024/06/11,15:22:51,4.6
下游闸外水位,2024/06/11,15:22:51,4.5
上游闸内水位,2024/06/11,15:25:51,4.5
上游闸外水位,2024/06/11,15:25:51,4.5
上游闸内水位,2024/06/11,15:27:16,4.5
上游闸外水位,2024/06/11,15:27:16,4.5
长江侧水位,2024/06/11,23:00:00,4.9
上游闸内水位,2024/06/11,23:02:43,4.9
上游闸外水位,2024/06/11,23:02:43,4.8
上游闸内水位,2024/06/11,23:38:31,4.7
上游闸外水位,2024/06/11,23:38:31,4.7
下游闸内水位,2024/06/11,23:41:02,4.7
下游闸外水位,2024/06/11,23:41:02,4.8
下游闸内水位,2024/06/11,23:51:16,4.8
下游闸外水位,2024/06/11,23:51:16,4.7
上游闸内水位,2024/06/11,23:53:53,4.8
上游闸外水位,2024/06/11,23:53:53,4.7
内河侧水位,2024/06/12,0:00:00,4.7
长江侧水位,2024/06/12,0:00:00,4.7
上游闸内水位,2024/06/12,0:15:27,4.6
上游闸外水位,2024/06/12,0:15:27,4.7
下游闸内水位,2024/06/12,0:18:44,4.6
下游闸外水位,2024/06/12,0:18:44,4.7
内河侧水位,2024/06/12,1:00:01,4.6
长江侧水位,2024/06/12,1:00:01,4.6
下游闸内水位,2024/06/12,1:09:05,4.6
下游闸外水位,2024/06/12,1:09:05,4.6
上游闸内水位,2024/06/12,1:11:43,4.6
上游闸外水位,2024/06/12,1:11:43,4.5
上游闸内水位,2024/06/12,1:13:12,4.5
上游闸外水位,2024/06/12,1:13:12,4.6
上游闸内水位,2024/06/12,1:47:53,4.4
上游闸外水位,2024/06/12,1:47:53,4.5
下游闸内水位,2024/06/12,1:50:26,4.4
下游闸外水位,2024/06/12,1:50:26,4.5
下游闸内水位,2024/06/12,1:52:43,4.5
下游闸外水位,2024/06/12,1:52:43,4.5
内河侧水位,2024/06/12,2:00:00,4.5
长江侧水位,2024/06/12,2:00:00,4.5
下游闸内水位,2024/06/12,2:23:48,4.4
下游闸外水位,2024/06/12,2:23:48,4.4
上游闸内水位,2024/06/12,2:26:24,4.4
上游闸外水位,2024/06/12,2:26:24,4.4
上游闸内水位,2024/06/12,2:56:06,4.3
上游闸外水位,2024/06/12,2:56:06,4.4
下游闸内水位,2024/06/12,2:58:57,4.3
下游闸外水位,2024/06/12,2:58:57,4.3
内河侧水位,2024/06/12,3:00:00,4.4
长江侧水位,2024/06/12,3:00:00,4.3
下游闸内水位,2024/06/12,3:00:28,4.4
下游闸外水位,2024/06/12,3:00:28,4.3
下游闸内水位,2024/06/12,3:32:28,4.3
下游闸外水位,2024/06/12,3:32:28,4.3
内河侧水位,2024/06/12,4:00:00,4.3
长江侧水位,2024/06/12,4:00:00,4.2
上游闸内水位,2024/06/12,4:08:30,4.2
上游闸外水位,2024/06/12,4:08:30,4.3
上游闸内水位,2024/06/12,9:11:41,5.1
上游闸外水位,2024/06/12,9:11:41,4.9
上游闸内水位,2024/06/12,13:27:37,4.8
上游闸外水位,2024/06/12,13:27:37,4.8
下游闸内水位,2024/06/12,15:34:34,4.5
下游闸外水位,2024/06/12,15:34:34,4.5
上游闸内水位,2024/06/12,15:37:09,4.5
上游闸外水位,2024/06/12,15:37:09,4.5
上游闸内水位,2024/06/12,15:38:34,4.5
上游闸外水位,2024/06/12,15:38:34,4.5
下游闸内水位,2024/06/12,16:07:25,4.4
下游闸外水位,2024/06/12,16:07:25,4.4
下游闸内水位,2024/06/12,16:08:46,4.4
下游闸外水位,2024/06/12,16:08:46,4.4
下游闸内水位,2024/06/12,16:16:08,4.4
下游闸外水位,2024/06/12,16:16:08,4.4
上游闸内水位,2024/06/12,16:18:46,4.4
上游闸外水位,2024/06/12,16:18:46,4.4
上游闸内水位,2024/06/12,16:20:11,4.4
上游闸外水位,2024/06/12,16:20:11,4.4
上游闸内水位,2024/06/12,16:37:06,4.4
上游闸外水位,2024/06/12,16:37:06,4.4
下游闸内水位,2024/06/13,0:13:13,4.6
下游闸外水位,2024/06/13,0:13:13,4.7
上游闸内水位,2024/06/13,6:18:32,4.1
上游闸外水位,2024/06/13,6:18:32,4.1
上游闸内水位,2024/06/13,7:43:34,4.3
上游闸外水位,2024/06/13,7:43:34,4.3
上游闸内水位,2024/06/13,12:53:25,4.9
上游闸外水位,2024/06/13,12:53:25,4.8
下游闸内水位,2024/06/13,13:33:21,4.7
下游闸外水位,2024/06/13,13:33:21,4.8
上游闸内水位,2024/06/13,15:55:42,4.5
上游闸外水位,2024/06/13,15:55:42,4.5
下游闸内水位,2024/06/13,15:58:15,4.4
下游闸外水位,2024/06/13,15:58:15,4.5
内河侧水位,2024/06/13,16:00:00,4.5
长江侧水位,2024/06/13,16:00:00,4.5
下游闸内水位,2024/06/13,16:23:30,4.4
下游闸外水位,2024/06/13,16:23:30,4.4
上游闸内水位,2024/06/13,16:26:16,4.4
上游闸外水位,2024/06/13,16:26:16,4.4
上游闸内水位,2024/06/13,16:41:59,4.4
上游闸外水位,2024/06/13,16:41:59,4.4
下游闸内水位,2024/06/13,16:45:01,4.3
下游闸外水位,2024/06/13,16:45:01,4.4
内河侧水位,2024/06/13,17:00:00,4.4
长江侧水位,2024/06/13,17:00:00,4.4
下游闸内水位,2024/06/13,17:13:47,4.3
下游闸外水位,2024/06/13,17:13:47,4.3
上游闸内水位,2024/06/13,17:16:29,4.3
上游闸外水位,2024/06/13,17:16:29,4.3
上游闸内水位,2024/06/13,17:17:53,4.3
上游闸外水位,2024/06/13,17:17:53,4.4
上游闸内水位,2024/06/13,17:51:49,4.3
上游闸外水位,2024/06/13,17:51:49,4.3
下游闸内水位,2024/06/13,17:54:19,4.2
下游闸外水位,2024/06/13,17:54:19,4.2
下游闸内水位,2024/06/13,17:55:35,4.3
下游闸外水位,2024/06/13,17:55:35,4.2
内河侧水位,2024/06/13,18:00:00,4.3
长江侧水位,2024/06/13,18:00:00,4.2
下游闸内水位,2024/06/13,18:32:55,4.2
下游闸外水位,2024/06/13,18:32:55,4.2
上游闸内水位,2024/06/13,18:36:33,4.2
上游闸外水位,2024/06/13,18:36:33,4.2
上游闸内水位,2024/06/13,18:38:03,4.2
上游闸外水位,2024/06/13,18:38:03,4.2
内河侧水位,2024/06/13,19:00:00,4.2
长江侧水位,2024/06/13,19:00:00,4.2
上游闸内水位,2024/06/13,19:17:10,4.1
上游闸内水位,2024/06/12,3:35:05,4.3
上游闸外水位,2024/06/12,3:35:05,4.3
上游闸内水位,2024/06/12,3:36:35,4.3
上游闸外水位,2024/06/12,3:36:35,4.3
内河侧水位,2024/06/12,16:00:00,4.5
长江侧水位,2024/06/12,16:00:00,4.4
上游闸内水位,2024/06/12,16:03:23,4.4
上游闸外水位,2024/06/12,16:03:23,4.5
下游闸内水位,2024/06/12,16:40:00,4.4
下游闸外水位,2024/06/12,16:40:00,4.3
下游闸内水位,2024/06/12,16:41:19,4.4
下游闸外水位,2024/06/12,16:41:19,4.4
内河侧水位,2024/06/12,17:00:00,4.3
长江侧水位,2024/06/12,17:00:00,4.3
下游闸内水位,2024/06/12,17:15:47,4.3
下游闸外水位,2024/06/12,17:15:47,4.3
上游闸内水位,2024/06/12,17:18:22,4.3
上游闸外水位,2024/06/12,17:18:22,4.3
上游闸内水位,2024/06/12,17:19:48,4.3
上游闸外水位,2024/06/12,17:19:48,4.3
上游闸内水位,2024/06/12,17:47:35,4.2
上游闸外水位,2024/06/12,17:47:35,4.3
下游闸内水位,2024/06/12,17:50:10,4.2
下游闸外水位,2024/06/12,17:50:10,4.2
下游闸内水位,2024/06/12,17:51:26,4.2
下游闸外水位,2024/06/12,17:51:26,4.2
内河侧水位,2024/06/12,18:00:00,4.2
长江侧水位,2024/06/12,18:00:00,4.2
下游闸内水位,2024/06/12,18:07:36,4.2
下游闸外水位,2024/06/12,18:07:36,4.2
上游闸内水位,2024/06/12,18:10:28,4.2
上游闸外水位,2024/06/12,18:10:28,4.2
上游闸内水位,2024/06/12,18:12:01,4.2
上游闸外水位,2024/06/12,18:12:01,4.2
上游闸内水位,2024/06/12,18:21:11,4.2
上游闸外水位,2024/06/12,18:21:11,4.2
下游闸内水位,2024/06/12,18:23:57,4.2
下游闸外水位,2024/06/12,18:23:57,4.2
下游闸内水位,2024/06/12,18:25:22,4.2
下游闸外水位,2024/06/12,18:25:22,4.2
下游闸内水位,2024/06/12,18:55:17,4.2
下游闸外水位,2024/06/12,18:55:17,4.2
上游闸内水位,2024/06/12,18:57:53,4.2
上游闸外水位,2024/06/12,18:57:53,4.2
上游闸内水位,2024/06/12,18:59:19,4.1
上游闸外水位,2024/06/12,18:59:19,4.2
内河侧水位,2024/06/12,19:00:00,4.2
长江侧水位,2024/06/12,19:00:00,4.1
上游闸内水位,2024/06/12,19:33:38,4.2
上游闸外水位,2024/06/12,19:33:38,4.2
下游闸内水位,2024/06/12,19:36:19,4.1
下游闸外水位,2024/06/12,19:36:19,4.2
下游闸内水位,2024/06/12,19:37:34,4.2
下游闸外水位,2024/06/12,19:37:34,4.2
内河侧水位,2024/06/12,20:00:00,4.2
长江侧水位,2024/06/12,20:00:00,4.2
下游闸内水位,2024/06/12,20:29:59,4.4
下游闸外水位,2024/06/12,20:29:59,4.4
上游闸内水位,2024/06/12,20:35:08,4.5
上游闸外水位,2024/06/12,20:35:08,4.3
上游闸内水位,2024/06/12,20:36:35,4.4
上游闸外水位,2024/06/12,20:36:35,4.3
内河侧水位,2024/06/12,21:00:00,4.4
长江侧水位,2024/06/12,21:00:00,4.6
上游闸内水位,2024/06/12,21:29:00,4.5
上游闸外水位,2024/06/12,21:29:00,4.5
下游闸内水位,2024/06/12,21:34:03,4.5
下游闸外水位,2024/06/12,21:34:03,4.7
下游闸内水位,2024/06/12,21:35:23,4.6
下游闸外水位,2024/06/12,21:35:23,4.7
内河侧水位,2024/06/12,22:00:00,4.6
长江侧水位,2024/06/12,22:00:00,4.8
下游闸内水位,2024/06/12,22:03:29,4.8
下游闸外水位,2024/06/12,22:03:29,4.8
上游闸内水位,2024/06/12,22:06:09,4.8
上游闸外水位,2024/06/12,22:06:09,4.6
上游闸内水位,2024/06/12,22:07:38,4.7
上游闸外水位,2024/06/12,22:07:38,4.6
上游闸内水位,2024/06/12,22:39:45,4.6
上游闸外水位,2024/06/12,22:39:45,4.7
下游闸内水位,2024/06/12,22:42:23,4.6
下游闸外水位,2024/06/12,22:42:23,4.8
下游闸内水位,2024/06/12,22:43:41,4.7
下游闸外水位,2024/06/12,22:43:41,4.8
内河侧水位,2024/06/12,23:00:00,4.7
长江侧水位,2024/06/12,23:00:00,4.8
下游闸内水位,2024/06/12,23:24:54,4.8
下游闸内水位,2024/06/12,4:11:13,4.2
下游闸外水位,2024/06/12,4:11:13,4.2
下游闸内水位,2024/06/12,4:25:41,4.2
下游闸外水位,2024/06/12,4:25:41,4.2
上游闸内水位,2024/06/12,4:28:17,4.2
上游闸外水位,2024/06/12,4:28:17,4.2
上游闸内水位,2024/06/12,4:31:12,4.2
上游闸外水位,2024/06/12,4:31:12,4.2
上游闸内水位,2024/06/12,4:46:15,4.2
上游闸外水位,2024/06/12,4:46:15,4.2
下游闸内水位,2024/06/12,4:48:51,4.2
下游闸外水位,2024/06/12,4:48:51,4.1
下游闸内水位,2024/06/12,4:59:26,4.2
下游闸外水位,2024/06/12,4:59:26,4.2
内河侧水位,2024/06/12,5:00:00,4.2
长江侧水位,2024/06/12,5:00:00,4.2
上游闸内水位,2024/06/12,5:02:01,4.2
上游闸外水位,2024/06/12,5:02:01,4.2
上游闸内水位,2024/06/12,5:03:33,4.1
上游闸外水位,2024/06/12,5:03:33,4.2
上游闸内水位,2024/06/12,5:24:49,4.1
上游闸外水位,2024/06/12,5:24:49,4.1
下游闸内水位,2024/06/12,5:27:41,4.1
下游闸外水位,2024/06/12,5:27:41,4.1
下游闸内水位,2024/06/12,5:40:08,4.1
下游闸外水位,2024/06/12,5:40:08,4.1
上游闸内水位,2024/06/12,5:42:43,4.1
上游闸外水位,2024/06/12,5:42:43,4.1
上游闸内水位,2024/06/12,5:44:13,4.1
上游闸外水位,2024/06/12,5:44:13,4.1
内河侧水位,2024/06/12,6:00:00,4.1
长江侧水位,2024/06/12,6:00:00,4.1
上游闸内水位,2024/06/12,6:05:39,4.1
上游闸外水位,2024/06/12,6:05:39,4.1
下游闸内水位,2024/06/12,6:08:37,4.1
下游闸外水位,2024/06/12,6:08:37,4.1
下游闸内水位,2024/06/12,6:10:34,4.2
下游闸外水位,2024/06/12,6:10:34,4.1
下游闸内水位,2024/06/12,6:22:42,4.2
下游闸外水位,2024/06/12,6:22:42,4.1
上游闸内水位,2024/06/12,6:25:17,4.2
上游闸外水位,2024/06/12,6:25:17,4.1
上游闸内水位,2024/06/12,6:39:21,4.1
上游闸外水位,2024/06/12,6:39:21,4.2
下游闸内水位,2024/06/12,6:41:52,4.1
下游闸外水位,2024/06/12,6:41:52,4.2
下游闸内水位,2024/06/12,6:55:08,4.4
下游闸外水位,2024/06/12,6:55:08,4.3
上游闸内水位,2024/06/12,6:57:43,4.4
上游闸外水位,2024/06/12,6:57:43,4.2
内河侧水位,2024/06/12,7:00:00,4.2
长江侧水位,2024/06/12,7:00:00,4.4
上游闸内水位,2024/06/12,7:07:31,4.2
上游闸外水位,2024/06/12,7:07:31,4.3
下游闸内水位,2024/06/12,7:10:03,4.3
下游闸外水位,2024/06/12,7:10:03,4.5
下游闸内水位,2024/06/12,7:11:27,4.4
下游闸外水位,2024/06/12,7:11:27,4.5
下游闸内水位,2024/06/12,7:18:22,4.6
下游闸外水位,2024/06/12,7:18:22,4.6
上游闸内水位,2024/06/12,7:21:16,4.6
上游闸外水位,2024/06/12,7:21:16,4.4
上游闸内水位,2024/06/12,7:40:55,4.4
上游闸外水位,2024/06/12,7:40:55,4.5
下游闸内水位,2024/06/12,7:43:30,4.5
下游闸外水位,2024/06/12,7:43:30,4.8
下游闸内水位,2024/06/12,7:45:11,4.7
下游闸外水位,2024/06/12,7:45:11,4.8
内河侧水位,2024/06/12,8:00:00,4.6
长江侧水位,2024/06/12,8:00:00,4.9
下游闸内水位,2024/06/12,8:13:50,5.1
下游闸外水位,2024/06/12,8:13:50,5.0
上游闸内水位,2024/06/12,8:16:26,5.1
上游闸外水位,2024/06/12,8:16:26,4.7
上游闸内水位,2024/06/12,8:17:55,4.9
上游闸外水位,2024/06/12,8:17:55,4.7
上游闸内水位,2024/06/12,8:46:43,4.8
上游闸外水位,2024/06/12,8:46:43,4.8
下游闸内水位,2024/06/12,8:49:22,4.8
下游闸外水位,2024/06/12,8:49:22,5.2
下游闸内水位,2024/06/12,8:51:11,5.1
下游闸外水位,2024/06/12,8:51:11,5.2
内河侧水位,2024/06/12,9:00:00,4.9
长江侧水位,2024/06/12,9:00:00,5.2
下游闸内水位,2024/06/12,9:06:35,5.3
下游闸外水位,2024/06/12,9:06:35,5.3
上游闸内水位,2024/06/12,9:09:55,5.3
上游闸外水位,2024/06/12,9:09:55,4.9
上游闸内水位,2024/06/12,9:38:15,5.0
上游闸外水位,2024/06/12,9:38:15,5.0
下游闸内水位,2024/06/12,9:40:47,5.0
下游闸外水位,2024/06/12,9:40:47,5.4
下游闸内水位,2024/06/12,9:42:14,5.2
下游闸外水位,2024/06/12,9:42:14,5.4
下游闸内水位,2024/06/12,9:54:30,5.3
下游闸外水位,2024/06/12,9:54:30,5.4
上游闸内水位,2024/06/12,9:57:05,5.4
上游闸外水位,2024/06/12,9:57:05,5.0
上游闸内水位,2024/06/12,9:58:32,5.2
上游闸外水位,2024/06/12,9:58:32,5.1
内河侧水位,2024/06/12,10:00:00,5.0
长江侧水位,2024/06/12,10:00:00,5.4
上游闸内水位,2024/06/12,10:19:12,5.1
上游闸外水位,2024/06/12,10:19:12,5.1
下游闸内水位,2024/06/12,10:21:49,5.1
下游闸外水位,2024/06/12,10:21:49,5.4
下游闸内水位,2024/06/12,10:36:53,5.4
下游闸外水位,2024/06/12,10:36:53,5.3
上游闸内水位,2024/06/12,10:39:34,5.3
上游闸外水位,2024/06/12,10:39:34,5.1
上游闸内水位,2024/06/12,10:41:05,5.1
上游闸外水位,2024/06/12,10:41:05,5.1
上游闸内水位,2024/06/12,10:59:36,5.0
上游闸外水位,2024/06/12,10:59:36,5.1
内河侧水位,2024/06/12,11:00:00,5.1
长江侧水位,2024/06/12,11:00:00,5.3
下游闸内水位,2024/06/12,11:02:15,5.0
下游闸外水位,2024/06/12,11:02:15,5.2
下游闸内水位,2024/06/12,11:19:02,5.2
下游闸外水位,2024/06/12,11:19:02,5.2
上游闸内水位,2024/06/12,11:22:04,5.2
上游闸外水位,2024/06/12,11:22:04,5.0
上游闸内水位,2024/06/12,11:23:34,5.1
上游闸外水位,2024/06/12,11:23:34,5.0
上游闸内水位,2024/06/12,11:31:47,5.0
上游闸外水位,2024/06/12,11:31:47,5.0
下游闸内水位,2024/06/12,11:34:23,5.0
下游闸外水位,2024/06/12,11:34:23,5.1
下游闸内水位,2024/06/12,11:36:12,5.1
下游闸外水位,2024/06/12,11:36:12,5.1
内河侧水位,2024/06/12,12:00:00,5.0
长江侧水位,2024/06/12,12:00:00,5.1
下游闸内水位,2024/06/12,12:02:17,5.1
下游闸外水位,2024/06/12,12:02:17,5.1
上游闸内水位,2024/06/12,12:04:53,5.1
上游闸外水位,2024/06/12,12:04:53,5.0
上游闸内水位,2024/06/12,12:06:37,5.0
上游闸外水位,2024/06/12,12:06:37,5.0
上游闸内水位,2024/06/12,12:40:27,4.8
上游闸外水位,2024/06/12,12:40:27,4.9
下游闸内水位,2024/06/12,12:43:12,4.8
下游闸外水位,2024/06/12,12:43:12,4.9
下游闸内水位,2024/06/12,12:44:27,4.9
下游闸外水位,2024/06/12,12:44:27,4.9
内河侧水位,2024/06/12,13:00:01,4.8
长江侧水位,2024/06/12,13:00:01,4.8
下游闸内水位,2024/06/12,13:23:36,4.8
下游闸外水位,2024/06/12,13:23:36,4.8
上游闸内水位,2024/06/12,13:26:12,4.9
上游闸外水位,2024/06/12,13:26:12,4.8
内河侧水位,2024/06/12,14:00:00,4.7
长江侧水位,2024/06/12,14:00:00,4.7
上游闸内水位,2024/06/12,14:14:04,4.7
上游闸外水位,2024/06/12,14:14:04,4.7
下游闸内水位,2024/06/12,14:16:35,4.6
下游闸外水位,2024/06/12,14:16:35,4.7
下游闸内水位,2024/06/12,14:18:15,4.7
下游闸外水位,2024/06/12,14:18:15,4.7
下游闸内水位,2024/06/12,14:53:23,4.6
下游闸外水位,2024/06/12,14:53:23,4.6
上游闸内水位,2024/06/12,14:56:35,4.6
上游闸外水位,2024/06/12,14:56:35,4.6
上游闸内水位,2024/06/12,14:58:09,4.6
上游闸外水位,2024/06/12,14:58:09,4.6
内河侧水位,2024/06/12,15:00:00,4.6
长江侧水位,2024/06/12,15:00:00,4.6
上游闸内水位,2024/06/12,15:16:47,4.5
上游闸外水位,2024/06/12,15:16:47,4.6
下游闸内水位,2024/06/12,15:19:22,4.5
下游闸外水位,2024/06/12,15:19:22,4.5
下游闸内水位,2024/06/12,15:21:08,4.6
下游闸外水位,2024/06/12,15:21:08,4.6
下游闸外水位,2024/06/12,23:24:54,4.8
上游闸内水位,2024/06/12,23:28:17,4.8
上游闸外水位,2024/06/12,23:28:17,4.7
上游闸内水位,2024/06/12,23:29:44,4.7
上游闸外水位,2024/06/12,23:29:44,4.7
内河侧水位,2024/06/13,0:00:00,4.6
长江侧水位,2024/06/13,0:00:00,4.7
上游闸内水位,2024/06/13,0:10:39,4.6
上游闸外水位,2024/06/13,0:10:39,4.6
下游闸内水位,2024/06/13,0:14:29,4.7
下游闸外水位,2024/06/13,0:14:29,4.7
下游闸内水位,2024/06/13,0:52:19,4.6
下游闸外水位,2024/06/13,0:52:19,4.6
上游闸内水位,2024/06/13,0:54:55,4.6
上游闸外水位,2024/06/13,0:54:55,4.6
上游闸内水位,2024/06/13,0:56:25,4.6
上游闸外水位,2024/06/13,0:56:25,4.6
内河侧水位,2024/06/13,1:00:00,4.6
长江侧水位,2024/06/13,1:00:00,4.6
上游闸内水位,2024/06/13,1:31:34,4.5
上游闸外水位,2024/06/13,1:31:34,4.5
下游闸内水位,2024/06/13,1:34:04,4.5
下游闸外水位,2024/06/13,1:34:04,4.5
内河侧水位,2024/06/13,2:00:00,4.4
长江侧水位,2024/06/13,2:00:00,4.5
下游闸内水位,2024/06/13,2:23:40,4.4
下游闸外水位,2024/06/13,2:23:40,4.4
上游闸内水位,2024/06/13,2:26:19,4.4
上游闸外水位,2024/06/13,2:26:19,4.4
上游闸内水位,2024/06/13,2:28:03,4.4
上游闸外水位,2024/06/13,2:28:03,4.4
内河侧水位,2024/06/13,3:00:00,4.4
长江侧水位,2024/06/13,3:00:00,4.4
上游闸内水位,2024/06/13,3:27:52,4.3
上游闸外水位,2024/06/13,3:27:52,4.3
下游闸内水位,2024/06/13,3:30:22,4.3
下游闸外水位,2024/06/13,3:30:22,4.3
下游闸内水位,2024/06/13,3:32:50,4.3
下游闸外水位,2024/06/13,3:32:50,4.3
下游闸内水位,2024/06/13,3:49:53,4.3
下游闸外水位,2024/06/13,3:49:53,4.3
上游闸内水位,2024/06/13,3:52:26,4.3
上游闸外水位,2024/06/13,3:52:26,4.3
内河侧水位,2024/06/13,4:00:00,4.3
长江侧水位,2024/06/13,4:00:00,4.3
上游闸内水位,2024/06/13,4:06:41,4.2
上游闸外水位,2024/06/13,4:06:41,4.3
下游闸内水位,2024/06/13,4:09:11,4.2
下游闸外水位,2024/06/13,4:09:11,4.3
下游闸内水位,2024/06/13,4:19:23,4.2
下游闸外水位,2024/06/13,4:19:23,4.2
上游闸内水位,2024/06/13,4:22:00,4.3
上游闸外水位,2024/06/13,4:22:00,4.2
上游闸内水位,2024/06/13,4:23:32,4.2
上游闸外水位,2024/06/13,4:23:32,4.2
内河侧水位,2024/06/13,5:00:00,4.2
长江侧水位,2024/06/13,5:00:00,4.2
上游闸内水位,2024/06/13,5:07:56,4.2
上游闸外水位,2024/06/13,5:07:56,4.2
下游闸内水位,2024/06/13,5:11:06,4.2
下游闸外水位,2024/06/13,5:11:06,4.2
下游闸内水位,2024/06/13,5:12:22,4.2
下游闸外水位,2024/06/13,5:12:22,4.2
下游闸内水位,2024/06/13,5:49:09,4.1
下游闸外水位,2024/06/13,5:49:09,4.1
上游闸内水位,2024/06/13,5:52:22,4.2
上游闸外水位,2024/06/13,5:52:22,4.1
上游闸内水位,2024/06/13,5:53:51,4.1
上游闸外水位,2024/06/13,5:53:51,4.2
内河侧水位,2024/06/13,6:00:00,4.1
长江侧水位,2024/06/13,6:00:00,4.1
下游闸内水位,2024/06/13,6:21:08,4.1
下游闸外水位,2024/06/13,6:21:08,4.1
下游闸内水位,2024/06/13,6:22:23,4.1
下游闸外水位,2024/06/13,6:22:23,4.1
下游闸内水位,2024/06/13,6:29:34,4.2
下游闸外水位,2024/06/13,6:29:34,4.1
上游闸内水位,2024/06/13,6:32:21,4.1
上游闸外水位,2024/06/13,6:32:21,4.1
上游闸内水位,2024/06/13,6:33:50,4.1
上游闸外水位,2024/06/13,6:33:50,4.1
内河侧水位,2024/06/13,7:00:00,4.1
长江侧水位,2024/06/13,7:00:00,4.2
上游闸内水位,2024/06/13,7:02:22,4.1
上游闸外水位,2024/06/13,7:02:22,4.1
下游闸内水位,2024/06/13,7:06:48,4.1
下游闸外水位,2024/06/13,7:06:48,4.2
下游闸内水位,2024/06/13,7:08:06,4.2
下游闸外水位,2024/06/13,7:08:06,4.2
下游闸内水位,2024/06/13,7:39:30,4.4
下游闸外水位,2024/06/13,7:39:30,4.3
上游闸内水位,2024/06/13,7:42:08,4.4
上游闸外水位,2024/06/13,7:42:08,4.3
内河侧水位,2024/06/13,8:00:00,4.4
长江侧水位,2024/06/13,8:00:00,4.5
上游闸内水位,2024/06/13,8:10:44,4.4
上游闸外水位,2024/06/13,8:10:44,4.4
下游闸内水位,2024/06/13,8:14:49,4.4
下游闸外水位,2024/06/13,8:14:49,4.6
下游闸内水位,2024/06/13,8:16:22,4.5
下游闸外水位,2024/06/13,8:16:22,4.6
下游闸内水位,2024/06/13,8:36:42,4.8
下游闸外水位,2024/06/13,8:36:42,4.8
上游闸内水位,2024/06/13,8:39:18,4.8
上游闸外水位,2024/06/13,8:39:18,4.6
上游闸内水位,2024/06/13,8:40:44,4.7
上游闸外水位,2024/06/13,8:40:44,4.6
上游闸内水位,2024/06/13,8:59:49,4.6
上游闸外水位,2024/06/13,8:59:49,4.7
内河侧水位,2024/06/13,9:00:00,4.7
长江侧水位,2024/06/13,9:00:00,4.9
下游闸内水位,2024/06/13,9:02:21,4.7
下游闸外水位,2024/06/13,9:02:21,4.9
下游闸内水位,2024/06/13,9:10:47,5.0
下游闸外水位,2024/06/13,9:10:47,5.0
上游闸内水位,2024/06/13,9:13:22,5.0
上游闸外水位,2024/06/13,9:13:22,4.7
上游闸内水位,2024/06/13,9:14:47,4.9
上游闸外水位,2024/06/13,9:14:47,4.8
上游闸内水位,2024/06/13,9:36:32,4.8
上游闸外水位,2024/06/13,9:36:32,4.8
下游闸内水位,2024/06/13,9:39:03,4.8
下游闸外水位,2024/06/13,9:39:03,5.1
下游闸内水位,2024/06/13,9:40:29,5.0
下游闸外水位,2024/06/13,9:40:29,5.1
下游闸内水位,2024/06/13,9:57:40,5.2
下游闸外水位,2024/06/13,9:57:40,5.2
内河侧水位,2024/06/13,10:00:00,4.9
长江侧水位,2024/06/13,10:00:00,5.1
上游闸内水位,2024/06/13,10:00:16,5.2
上游闸外水位,2024/06/13,10:00:16,4.9
上游闸内水位,2024/06/13,10:01:41,5.0
上游闸外水位,2024/06/13,10:01:41,4.9
下游闸内水位,2024/06/13,10:28:45,4.9
下游闸外水位,2024/06/13,10:28:45,5.2
上游闸内水位,2024/06/13,10:38:58,5.0
上游闸外水位,2024/06/13,10:38:58,5.0
下游闸内水位,2024/06/13,10:41:57,5.8
下游闸外水位,2024/06/13,10:41:57,5.6
上游闸内水位,2024/06/13,10:44:31,5.4
上游闸外水位,2024/06/13,10:44:31,5.1
上游闸内水位,2024/06/13,10:46:31,5.0
上游闸外水位,2024/06/13,10:46:31,4.9
内河侧水位,2024/06/13,11:00:00,5.0
长江侧水位,2024/06/13,11:00:00,5.2
上游闸内水位,2024/06/13,11:10:34,5.0
上游闸外水位,2024/06/13,11:10:34,5.0
下游闸内水位,2024/06/13,11:13:46,4.9
下游闸外水位,2024/06/13,11:13:46,5.1
下游闸内水位,2024/06/13,11:19:21,5.1
下游闸外水位,2024/06/13,11:19:21,5.1
下游闸内水位,2024/06/13,11:53:59,5.1
下游闸外水位,2024/06/13,11:53:59,5.1
上游闸内水位,2024/06/13,11:56:35,5.1
上游闸外水位,2024/06/13,11:56:35,4.9
上游闸内水位,2024/06/13,11:57:58,5.0
上游闸外水位,2024/06/13,11:57:58,5.0
内河侧水位,2024/06/13,12:00:00,4.9
长江侧水位,2024/06/13,12:00:00,5.0
上游闸内水位,2024/06/13,12:18:52,4.9
上游闸外水位,2024/06/13,12:18:52,4.9
下游闸内水位,2024/06/13,12:21:32,4.9
下游闸外水位,2024/06/13,12:21:32,5.0
下游闸内水位,2024/06/13,12:50:10,4.9
下游闸外水位,2024/06/13,12:50:10,4.9
上游闸内水位,2024/06/13,12:54:51,4.8
上游闸外水位,2024/06/13,12:54:51,4.9
内河侧水位,2024/06/13,13:00:00,4.9
长江侧水位,2024/06/13,13:00:00,4.9
上游闸内水位,2024/06/13,13:30:40,4.8
上游闸外水位,2024/06/13,13:30:40,4.8
内河侧水位,2024/06/13,14:00:00,4.7
长江侧水位,2024/06/13,14:00:00,4.7
下游闸内水位,2024/06/13,14:02:16,4.7
下游闸外水位,2024/06/13,14:02:16,4.7
上游闸内水位,2024/06/13,14:04:51,4.7
上游闸外水位,2024/06/13,14:04:51,4.7
上游闸内水位,2024/06/13,14:36:19,4.6
上游闸外水位,2024/06/13,14:36:19,4.6
下游闸内水位,2024/06/13,14:38:50,4.6
下游闸外水位,2024/06/13,14:38:50,4.6
内河侧水位,2024/06/13,15:00:00,4.6
长江侧水位,2024/06/13,15:00:00,4.6
下游闸内水位,2024/06/13,15:12:24,4.5
下游闸外水位,2024/06/13,15:12:24,4.5
上游闸内水位,2024/06/13,15:15:00,4.6
上游闸外水位,2024/06/13,15:15:00,4.6
上游闸内水位,2024/06/13,15:16:23,4.6
上游闸外水位,2024/06/13,15:16:23,4.6
上游闸外水位,2024/06/13,19:17:10,4.2
下游闸内水位,2024/06/13,19:19:45,4.1
下游闸外水位,2024/06/13,19:19:45,4.2
内河侧水位,2024/06/13,20:00:00,4.2
长江侧水位,2024/06/13,20:00:00,4.2
下游闸内水位,2024/06/13,20:33:15,4.2
下游闸外水位,2024/06/13,20:33:15,4.2
上游闸内水位,2024/06/13,20:35:54,4.2
上游闸外水位,2024/06/13,20:35:54,4.2
上游闸内水位,2024/06/13,20:37:16,4.2
上游闸外水位,2024/06/13,20:37:16,4.2
内河侧水位,2024/06/13,21:00:00,4.2
长江侧水位,2024/06/13,21:00:00,4.3
上游闸内水位,2024/06/13,21:19:54,4.3
上游闸外水位,2024/06/13,21:19:54,4.3
下游闸内水位,2024/06/13,21:23:43,4.3
下游闸外水位,2024/06/13,21:23:43,4.4
下游闸内水位,2024/06/13,21:25:22,4.4
下游闸外水位,2024/06/13,21:25:22,4.4
内河侧水位,2024/06/13,22:00:00,4.5
长江侧水位,2024/06/13,22:00:00,4.6
下游闸内水位,2024/06/13,22:04:40,4.6
下游闸外水位,2024/06/13,22:04:40,4.6
上游闸内水位,2024/06/13,22:07:49,4.7
上游闸外水位,2024/06/13,22:07:49,4.5
上游闸内水位,2024/06/13,22:09:20,4.5
上游闸外水位,2024/06/13,22:09:20,4.5
上游闸内水位,2024/06/13,22:41:37,4.5
上游闸外水位,2024/06/13,22:41:37,4.6
下游闸内水位,2024/06/13,22:44:19,4.5
下游闸外水位,2024/06/13,22:44:19,4.7
下游闸内水位,2024/06/13,22:45:36,4.6
下游闸外水位,2024/06/13,22:45:36,4.7
内河侧水位,2024/06/13,23:00:00,4.6
长江侧水位,2024/06/13,23:00:00,4.8
下游闸内水位,2024/06/13,23:33:54,4.8
下游闸外水位,2024/06/13,23:33:54,4.8
上游闸内水位,2024/06/13,23:36:30,4.8
上游闸外水位,2024/06/13,23:36:30,4.7
内河侧水位,2024/06/14,0:00:00,4.7
长江侧水位,2024/06/14,0:00:00,4.8
上游闸内水位,2024/06/14,0:11:12,4.6
上游闸外水位,2024/06/14,0:11:12,4.7
下游闸内水位,2024/06/14,0:14:03,4.6
下游闸外水位,2024/06/14,0:14:03,4.7
下游闸内水位,2024/06/14,0:51:14,4.7
下游闸外水位,2024/06/14,0:51:14,4.7
上游闸内水位,2024/06/14,0:53:49,4.7
上游闸外水位,2024/06/14,0:53:49,4.6
内河侧水位,2024/06/14,1:00:00,4.7
长江侧水位,2024/06/14,1:00:00,4.7
上游闸内水位,2024/06/14,1:32:57,4.6
上游闸外水位,2024/06/14,1:32:57,4.6
下游闸内水位,2024/06/14,1:34:45,4.5
下游闸外水位,2024/06/14,1:34:45,4.6
下游闸内水位,2024/06/14,1:46:41,4.6
下游闸外水位,2024/06/14,1:46:41,4.6
上游闸内水位,2024/06/14,1:49:17,4.6
上游闸外水位,2024/06/14,1:49:17,4.6
上游闸内水位,2024/06/14,1:50:58,4.5
上游闸外水位,2024/06/14,1:50:58,4.6
内河侧水位,2024/06/14,2:00:00,4.6
长江侧水位,2024/06/14,2:00:00,4.6
上游闸内水位,2024/06/14,2:08:49,4.5
上游闸外水位,2024/06/14,2:08:49,4.5
下游闸内水位,2024/06/14,2:11:32,4.5
下游闸外水位,2024/06/14,2:11:32,4.6
下游闸内水位,2024/06/14,2:12:46,4.5
下游闸外水位,2024/06/14,2:12:46,4.5
下游闸内水位,2024/06/14,2:24:37,4.5
下游闸外水位,2024/06/14,2:24:37,4.5
上游闸内水位,2024/06/14,2:27:30,4.6
上游闸外水位,2024/06/14,2:27:30,4.5
上游闸内水位,2024/06/14,2:28:54,4.5
上游闸外水位,2024/06/14,2:28:54,4.5
内河侧水位,2024/06/14,3:00:00,4.5
长江侧水位,2024/06/14,3:00:00,4.5
上游闸内水位,2024/06/14,3:06:44,4.4
上游闸外水位,2024/06/14,3:06:44,4.5
下游闸内水位,2024/06/14,3:09:24,4.4
下游闸外水位,2024/06/14,3:09:24,4.4
下游闸内水位,2024/06/14,3:49:51,4.4
下游闸外水位,2024/06/14,3:49:51,4.4
上游闸内水位,2024/06/14,3:52:26,4.4
上游闸外水位,2024/06/14,3:52:26,4.4
上游闸内水位,2024/06/14,3:53:57,4.4
上游闸外水位,2024/06/14,3:53:57,4.4
内河侧水位,2024/06/14,4:00:00,4.4
长江侧水位,2024/06/14,4:00:00,4.4
上游闸内水位,2024/06/14,4:26:23,4.3
上游闸外水位,2024/06/14,4:26:23,4.4
下游闸内水位,2024/06/14,4:31:31,4.3
下游闸外水位,2024/06/14,4:31:31,4.3
下游闸内水位,2024/06/14,4:45:31,4.3
下游闸外水位,2024/06/14,4:45:31,4.3
上游闸内水位,2024/06/14,4:49:29,4.3
上游闸外水位,2024/06/14,4:49:29,4.3
上游闸内水位,2024/06/14,4:50:55,4.3
上游闸外水位,2024/06/14,4:50:55,4.3
内河侧水位,2024/06/14,5:00:00,4.3
长江侧水位,2024/06/14,5:00:00,4.3
上游闸内水位,2024/06/14,5:10:14,4.3
上游闸外水位,2024/06/14,5:10:14,4.3
下游闸内水位,2024/06/14,5:12:47,4.3
下游闸外水位,2024/06/14,5:12:47,4.3
下游闸内水位,2024/06/14,5:14:04,4.3
下游闸外水位,2024/06/14,5:14:04,4.3
下游闸内水位,2024/06/14,5:26:43,4.3
下游闸外水位,2024/06/14,5:26:43,4.3
上游闸内水位,2024/06/14,5:29:22,4.3
上游闸外水位,2024/06/14,5:29:22,4.3
上游闸内水位,2024/06/14,5:30:52,4.2
上游闸外水位,2024/06/14,5:30:52,4.3
上游闸内水位,2024/06/14,5:51:12,4.2
上游闸外水位,2024/06/14,5:51:12,4.3
下游闸内水位,2024/06/14,5:54:18,4.2
下游闸外水位,2024/06/14,5:54:18,4.2
内河侧水位,2024/06/14,6:00:00,4.2
长江侧水位,2024/06/14,6:00:00,4.2
下游闸内水位,2024/06/14,6:05:28,4.2
下游闸外水位,2024/06/14,6:05:28,4.2
上游闸内水位,2024/06/14,6:08:07,4.2
上游闸外水位,2024/06/14,6:08:07,4.2
上游闸内水位,2024/06/14,6:09:32,4.2
上游闸外水位,2024/06/14,6:09:32,4.2
上游闸内水位,2024/06/14,6:27:40,4.2
上游闸外水位,2024/06/14,6:27:40,4.2
下游闸内水位,2024/06/14,6:30:11,4.2
下游闸外水位,2024/06/14,6:30:11,4.2
下游闸内水位,2024/06/14,6:31:37,4.2
下游闸外水位,2024/06/14,6:31:37,4.2
下游闸内水位,2024/06/14,6:57:31,4.2
下游闸外水位,2024/06/14,6:57:31,4.2
内河侧水位,2024/06/14,7:00:00,4.2
长江侧水位,2024/06/14,7:00:00,4.1
上游闸内水位,2024/06/14,7:00:13,4.2
上游闸外水位,2024/06/14,7:00:13,4.2
上游闸内水位,2024/06/14,7:01:37,4.2
上游闸外水位,2024/06/14,7:01:37,4.2
上游闸内水位,2024/06/14,7:32:07,4.1
上游闸外水位,2024/06/14,7:32:07,4.2
下游闸内水位,2024/06/14,7:34:41,4.1
下游闸外水位,2024/06/14,7:34:41,4.2
内河侧水位,2024/06/14,8:00:00,4.2
长江侧水位,2024/06/14,8:00:00,4.2
下游闸内水位,2024/06/14,8:05:00,4.2
下游闸外水位,2024/06/14,8:05:00,4.2
上游闸内水位,2024/06/14,8:07:35,4.3
上游闸外水位,2024/06/14,8:07:35,4.2
上游闸内水位,2024/06/14,8:09:05,4.2
上游闸外水位,2024/06/14,8:09:05,4.2
上游闸内水位,2024/06/14,8:40:38,4.3
上游闸外水位,2024/06/14,8:40:38,4.3
下游闸内水位,2024/06/14,8:43:16,4.2
下游闸外水位,2024/06/14,8:43:16,4.4
内河侧水位,2024/06/14,9:00:00,4.4
长江侧水位,2024/06/14,9:00:00,4.5
下游闸内水位,2024/06/14,9:15:36,4.6
下游闸外水位,2024/06/14,9:15:36,4.6
上游闸内水位,2024/06/14,9:18:12,4.6
上游闸外水位,2024/06/14,9:18:12,4.4
上游闸内水位,2024/06/14,9:40:32,4.5
上游闸外水位,2024/06/14,9:40:32,4.5
下游闸内水位,2024/06/14,9:43:17,4.5
下游闸外水位,2024/06/14,9:43:17,4.7
下游闸内水位,2024/06/14,9:44:31,4.6
下游闸外水位,2024/06/14,9:44:31,4.7
内河侧水位,2024/06/14,10:00:00,4.6
长江侧水位,2024/06/14,10:00:00,4.8
下游闸内水位,2024/06/14,10:14:15,4.9
下游闸外水位,2024/06/14,10:14:15,4.8
上游闸内水位,2024/06/14,10:16:54,4.9
上游闸外水位,2024/06/14,10:16:54,4.7
上游闸内水位,2024/06/14,10:18:18,4.8
上游闸外水位,2024/06/14,10:18:18,4.7
内河侧水位,2024/06/14,11:00:00,4.8
长江侧水位,2024/06/14,11:00:00,5.0
下游闸内水位,2024/06/14,11:07:56,5.0
下游闸外水位,2024/06/14,11:07:56,5.0
上游闸内水位,2024/06/14,11:10:50,5.0
上游闸外水位,2024/06/14,11:10:50,4.8
上游闸内水位,2024/06/14,11:13:29,4.8
上游闸外水位,2024/06/14,11:13:29,4.8
上游闸内水位,2024/06/14,11:32:02,4.8
上游闸外水位,2024/06/14,11:32:02,4.9
下游闸内水位,2024/06/14,11:34:51,4.8
下游闸外水位,2024/06/14,11:34:51,5.0
内河侧水位,2024/06/14,12:00:00,4.9
长江侧水位,2024/06/14,12:00:00,5.0
下游闸内水位,2024/06/14,12:05:47,5.0
下游闸外水位,2024/06/14,12:05:47,5.0
上游闸内水位,2024/06/14,12:08:27,5.0
上游闸外水位,2024/06/14,12:08:27,4.9
上游闸内水位,2024/06/14,12:09:52,4.9
上游闸外水位,2024/06/14,12:09:52,4.9
上游闸内水位,2024/06/14,12:35:45,4.8
上游闸外水位,2024/06/14,12:35:45,4.9
下游闸内水位,2024/06/14,12:38:19,4.8
下游闸外水位,2024/06/14,12:38:19,4.9
下游闸内水位,2024/06/14,12:39:37,4.9
下游闸外水位,2024/06/14,12:39:37,4.9
内河侧水位,2024/06/14,13:00:00,4.8
长江侧水位,2024/06/14,13:00:00,4.9
下游闸内水位,2024/06/14,13:12:53,4.9
下游闸外水位,2024/06/14,13:12:53,4.8
上游闸内水位,2024/06/14,13:15:46,4.9
上游闸外水位,2024/06/14,13:15:46,4.8
上游闸内水位,2024/06/14,13:17:09,4.8
上游闸外水位,2024/06/14,13:17:09,4.8
上游闸内水位,2024/06/14,13:53:26,4.7
上游闸外水位,2024/06/14,13:53:26,4.7
下游闸内水位,2024/06/14,13:56:22,4.7
下游闸外水位,2024/06/14,13:56:22,4.8
内河侧水位,2024/06/14,14:00:00,4.7
长江侧水位,2024/06/14,14:00:00,4.7
下游闸内水位,2024/06/14,14:33:25,4.7
下游闸外水位,2024/06/14,14:33:25,4.7
上游闸内水位,2024/06/14,14:36:03,4.7
上游闸外水位,2024/06/14,14:36:03,4.7
内河侧水位,2024/06/14,15:00:00,4.6
长江侧水位,2024/06/14,15:00:00,4.6
上游闸内水位,2024/06/14,15:00:30,4.6
上游闸外水位,2024/06/14,15:00:30,4.6
下游闸内水位,2024/06/14,15:03:07,4.6
下游闸外水位,2024/06/14,15:03:07,4.6
下游闸内水位,2024/06/14,15:32:14,4.6
下游闸外水位,2024/06/14,15:32:14,4.6
上游闸内水位,2024/06/14,15:34:50,4.6
上游闸外水位,2024/06/14,15:34:50,4.6
内河侧水位,2024/06/14,16:00:00,4.6
长江侧水位,2024/06/14,16:00:00,4.5
上游闸内水位,2024/06/14,16:05:10,4.5
上游闸外水位,2024/06/14,16:05:10,4.5
下游闸内水位,2024/06/14,16:07:57,4.5
下游闸外水位,2024/06/14,16:07:57,4.5
内河侧水位,2024/06/14,17:00:00,4.4
长江侧水位,2024/06/14,17:00:00,4.4
上游闸内水位,2024/06/14,17:24:25,4.3
上游闸外水位,2024/06/14,17:24:25,4.3
下游闸内水位,2024/06/14,17:26:56,4.3
下游闸外水位,2024/06/14,17:26:56,4.3
下游闸内水位,2024/06/14,17:50:08,4.3
下游闸外水位,2024/06/14,17:50:08,4.3
下游闸内水位,2024/06/14,23:41:48,4.7
下游闸外水位,2024/06/14,23:41:48,4.6
上游闸内水位,2024/06/15,3:47:39,4.5
上游闸外水位,2024/06/15,3:47:39,4.5
下游闸内水位,2024/06/15,3:50:09,4.5
上游闸内水位,2024/06/14,10:49:50,4.8
上游闸外水位,2024/06/14,10:49:50,4.8
下游闸内水位,2024/06/14,10:52:22,4.7
下游闸外水位,2024/06/14,10:52:22,5.0
下游闸内水位,2024/06/14,16:42:47,4.5
下游闸外水位,2024/06/14,16:42:47,4.5
上游闸内水位,2024/06/14,16:45:23,4.5
上游闸外水位,2024/06/14,16:45:23,4.4
上游闸内水位,2024/06/14,17:52:45,4.3
上游闸外水位,2024/06/14,17:52:45,4.3
上游闸内水位,2024/06/14,17:54:08,4.3
上游闸外水位,2024/06/14,17:54:08,4.3
内河侧水位,2024/06/14,18:00:00,4.3
长江侧水位,2024/06/14,18:00:00,4.3
上游闸内水位,2024/06/14,18:24:58,4.2
上游闸外水位,2024/06/14,18:24:58,4.3
下游闸内水位,2024/06/14,18:27:52,4.2
下游闸外水位,2024/06/14,18:27:52,4.3
下游闸内水位,2024/06/14,18:29:08,4.3
下游闸外水位,2024/06/14,18:29:08,4.3
内河侧水位,2024/06/14,19:00:00,4.2
长江侧水位,2024/06/14,19:00:00,4.2
下游闸内水位,2024/06/14,19:04:26,4.2
下游闸外水位,2024/06/14,19:04:26,4.2
上游闸内水位,2024/06/14,19:07:05,4.2
上游闸外水位,2024/06/14,19:07:05,4.2
上游闸内水位,2024/06/14,19:42:38,4.1
上游闸外水位,2024/06/14,19:42:38,4.2
下游闸内水位,2024/06/14,19:45:10,4.1
下游闸外水位,2024/06/14,19:45:10,4.2
下游闸内水位,2024/06/14,19:46:55,4.2
下游闸外水位,2024/06/14,19:46:55,4.2
内河侧水位,2024/06/14,20:00:00,4.1
长江侧水位,2024/06/14,20:00:00,4.2
下游闸内水位,2024/06/14,20:29:12,4.2
下游闸外水位,2024/06/14,20:29:12,4.1
上游闸内水位,2024/06/14,20:31:48,4.2
上游闸外水位,2024/06/14,20:31:48,4.1
上游闸内水位,2024/06/14,20:33:13,4.1
上游闸外水位,2024/06/14,20:33:13,4.2
内河侧水位,2024/06/14,21:00:00,4.1
长江侧水位,2024/06/14,21:00:00,4.2
上游闸内水位,2024/06/14,21:18:56,4.1
上游闸外水位,2024/06/14,21:18:56,4.1
下游闸内水位,2024/06/14,21:21:31,4.1
下游闸外水位,2024/06/14,21:21:31,4.2
内河侧水位,2024/06/14,22:00:00,4.2
长江侧水位,2024/06/14,22:00:00,4.3
下游闸内水位,2024/06/14,22:08:04,4.4
下游闸外水位,2024/06/14,22:08:04,4.4
上游闸内水位,2024/06/14,22:10:37,4.4
上游闸外水位,2024/06/14,22:10:37,4.2
上游闸内水位,2024/06/14,22:58:43,4.4
上游闸外水位,2024/06/14,22:58:43,4.4
内河侧水位,2024/06/14,23:00:00,4.4
长江侧水位,2024/06/14,23:00:00,4.6
下游闸内水位,2024/06/14,23:01:35,4.4
下游闸外水位,2024/06/14,23:01:35,4.6
上游闸内水位,2024/06/14,23:44:22,4.7
上游闸外水位,2024/06/14,23:44:22,4.5
上游闸内水位,2024/06/14,23:45:46,4.6
上游闸外水位,2024/06/14,23:45:46,4.5
内河侧水位,2024/06/15,0:00:00,4.6
长江侧水位,2024/06/15,0:00:00,4.7
上游闸内水位,2024/06/15,0:03:13,4.5
上游闸外水位,2024/06/15,0:03:13,4.5
下游闸内水位,2024/06/15,0:06:25,4.5
下游闸外水位,2024/06/15,0:06:25,4.7
下游闸内水位,2024/06/15,0:07:44,4.6
下游闸外水位,2024/06/15,0:07:44,4.7
下游闸内水位,2024/06/15,0:34:06,4.7
下游闸外水位,2024/06/15,0:34:06,4.7
上游闸内水位,2024/06/15,0:36:43,4.7
上游闸外水位,2024/06/15,0:36:43,4.6
内河侧水位,2024/06/15,1:00:00,4.6
长江侧水位,2024/06/15,1:00:00,4.7
上游闸内水位,2024/06/15,1:26:21,4.6
上游闸外水位,2024/06/15,1:26:21,4.6
下游闸内水位,2024/06/15,1:29:10,4.5
下游闸外水位,2024/06/15,1:29:10,4.7
下游闸内水位,2024/06/15,1:30:25,4.6
下游闸外水位,2024/06/15,1:30:25,4.6
下游闸内水位,2024/06/15,1:47:44,4.7
下游闸外水位,2024/06/15,1:47:44,4.7
上游闸内水位,2024/06/15,1:50:31,4.7
上游闸外水位,2024/06/15,1:50:31,4.6
上游闸内水位,2024/06/15,1:52:01,4.6
上游闸外水位,2024/06/15,1:52:01,4.6
内河侧水位,2024/06/15,2:00:00,4.6
长江侧水位,2024/06/15,2:00:00,4.6
上游闸内水位,2024/06/15,2:09:47,4.5
上游闸外水位,2024/06/15,2:09:47,4.6
下游闸内水位,2024/06/15,2:12:21,4.5
下游闸外水位,2024/06/15,2:12:21,4.6
下游闸内水位,2024/06/15,2:13:51,4.6
下游闸外水位,2024/06/15,2:13:51,4.6
内河侧水位,2024/06/15,3:00:00,4.5
长江侧水位,2024/06/15,3:00:00,4.5
下游闸内水位,2024/06/15,3:03:27,4.6
下游闸外水位,2024/06/15,3:03:27,4.5
上游闸内水位,2024/06/15,3:06:04,4.6
上游闸外水位,2024/06/15,3:06:04,4.5
上游闸内水位,2024/06/15,3:07:30,4.5
上游闸外水位,2024/06/15,3:07:30,4.5
下游闸外水位,2024/06/15,3:50:09,4.5
内河侧水位,2024/06/15,4:00:00,4.5
长江侧水位,2024/06/15,4:00:00,4.4
下游闸内水位,2024/06/15,4:05:18,4.5
下游闸外水位,2024/06/15,4:05:18,4.5
上游闸内水位,2024/06/15,4:08:06,4.5
上游闸外水位,2024/06/15,4:08:06,4.5
上游闸内水位,2024/06/15,4:09:30,4.5
上游闸外水位,2024/06/15,4:09:30,4.5
上游闸内水位,2024/06/15,4:35:05,4.4
上游闸外水位,2024/06/15,4:35:05,4.5
下游闸内水位,2024/06/15,4:37:45,4.4
下游闸外水位,2024/06/15,4:37:45,4.4
下游闸内水位,2024/06/15,4:39:01,4.4
下游闸外水位,2024/06/15,4:39:01,4.4
下游闸内水位,2024/06/15,4:51:54,4.4
下游闸外水位,2024/06/15,4:51:54,4.3
上游闸内水位,2024/06/15,4:54:30,4.4
上游闸外水位,2024/06/15,4:54:30,4.4
内河侧水位,2024/06/15,5:00:00,4.4
长江侧水位,2024/06/15,5:00:00,4.4
上游闸内水位,2024/06/15,5:16:10,4.4
上游闸外水位,2024/06/15,5:16:10,4.4
下游闸内水位,2024/06/15,5:18:49,4.4
下游闸外水位,2024/06/15,5:18:49,4.4
下游闸内水位,2024/06/15,5:32:31,4.4
下游闸外水位,2024/06/15,5:32:31,4.3
上游闸内水位,2024/06/15,5:35:08,4.4
上游闸外水位,2024/06/15,5:35:08,4.4
上游闸内水位,2024/06/15,5:36:38,4.4
上游闸外水位,2024/06/15,5:36:38,4.4
上游闸内水位,2024/06/15,5:52:25,4.3
上游闸外水位,2024/06/15,5:52:25,4.4
下游闸内水位,2024/06/15,5:55:02,4.3
下游闸外水位,2024/06/15,5:55:02,4.3
下游闸内水位,2024/06/15,5:56:42,4.4
下游闸外水位,2024/06/15,5:56:42,4.3
内河侧水位,2024/06/15,6:00:00,4.4
长江侧水位,2024/06/15,6:00:00,4.3
下游闸内水位,2024/06/15,6:07:48,4.3
下游闸外水位,2024/06/15,6:07:48,4.3
上游闸内水位,2024/06/15,6:10:32,4.4
上游闸外水位,2024/06/15,6:10:32,4.4
上游闸内水位,2024/06/15,6:11:58,4.3
上游闸外水位,2024/06/15,6:11:58,4.4
上游闸内水位,2024/06/15,6:31:49,4.3
上游闸外水位,2024/06/15,6:31:49,4.3
下游闸内水位,2024/06/15,6:34:26,4.3
下游闸外水位,2024/06/15,6:34:26,4.2
下游闸内水位,2024/06/15,6:47:24,4.3
下游闸外水位,2024/06/15,6:47:24,4.3
上游闸内水位,2024/06/15,6:50:02,4.3
上游闸外水位,2024/06/15,6:50:02,4.3
上游闸内水位,2024/06/15,6:51:27,4.3
上游闸外水位,2024/06/15,6:51:27,4.3
内河侧水位,2024/06/15,7:00:00,4.3
长江侧水位,2024/06/15,7:00:00,4.3
上游闸内水位,2024/06/15,7:01:56,4.2
上游闸外水位,2024/06/15,7:01:56,4.3
下游闸内水位,2024/06/15,7:04:36,4.2
下游闸外水位,2024/06/15,7:04:36,4.3
下游闸内水位,2024/06/15,7:24:07,4.2
下游闸外水位,2024/06/15,7:24:07,4.2
上游闸内水位,2024/06/15,7:28:23,4.3
上游闸外水位,2024/06/15,7:28:23,4.2
上游闸内水位,2024/06/15,7:29:49,4.2
上游闸外水位,2024/06/15,7:29:49,4.2
上游闸内水位,2024/06/15,7:49:43,4.2
上游闸外水位,2024/06/15,7:49:43,4.2
下游闸内水位,2024/06/15,7:52:22,4.1
下游闸外水位,2024/06/15,7:52:22,4.2
下游闸内水位,2024/06/15,7:53:39,4.2
下游闸外水位,2024/06/15,7:53:39,4.2
内河侧水位,2024/06/15,8:00:00,4.2
长江侧水位,2024/06/15,8:00:00,4.3
下游闸内水位,2024/06/15,8:12:50,4.2
下游闸外水位,2024/06/15,8:12:50,4.2
上游闸内水位,2024/06/15,8:15:58,4.3
上游闸外水位,2024/06/15,8:15:58,4.2
上游闸内水位,2024/06/15,8:17:26,4.2
上游闸外水位,2024/06/15,8:17:26,4.2
上游闸内水位,2024/06/15,8:43:16,4.1
上游闸外水位,2024/06/15,8:43:16,4.1
下游闸内水位,2024/06/15,8:46:12,4.1
下游闸外水位,2024/06/15,8:46:12,4.2
内河侧水位,2024/06/15,9:00:00,4.1
长江侧水位,2024/06/15,9:00:00,4.2
下游闸内水位,2024/06/15,9:00:44,4.2
下游闸外水位,2024/06/15,9:00:44,4.3
上游闸内水位,2024/06/15,9:03:23,4.3
上游闸外水位,2024/06/15,9:03:23,4.1
上游闸内水位,2024/06/15,9:04:49,4.2
上游闸外水位,2024/06/15,9:04:49,4.1
上游闸内水位,2024/06/15,9:25:00,4.1
上游闸外水位,2024/06/15,9:25:00,4.2
下游闸内水位,2024/06/15,9:28:10,4.2
下游闸外水位,2024/06/15,9:28:10,4.3
下游闸内水位,2024/06/15,9:37:25,4.4
下游闸外水位,2024/06/15,9:37:25,4.4
内河侧水位,2024/06/15,10:00:00,4.4
长江侧水位,2024/06/15,10:00:00,4.4
下游闸内水位,2024/06/15,10:10:07,4.5
下游闸外水位,2024/06/15,10:10:07,4.5
上游闸内水位,2024/06/15,10:13:43,4.5
上游闸外水位,2024/06/15,10:13:43,4.5
上游闸内水位,2024/06/15,10:15:06,4.4
上游闸外水位,2024/06/15,10:15:06,4.4
上游闸内水位,2024/06/15,10:27:40,4.5
上游闸外水位,2024/06/15,10:27:40,4.5
下游闸内水位,2024/06/15,10:31:02,4.5
下游闸外水位,2024/06/15,10:31:02,4.6
下游闸内水位,2024/06/15,10:32:42,4.6
下游闸外水位,2024/06/15,10:32:42,4.6
下游闸内水位,2024/06/15,10:56:58,4.6
下游闸外水位,2024/06/15,10:56:58,4.6
内河侧水位,2024/06/15,11:00:00,4.6
长江侧水位,2024/06/15,11:00:00,4.6
上游闸内水位,2024/06/15,11:00:11,4.7
上游闸外水位,2024/06/15,11:00:11,4.6
上游闸内水位,2024/06/15,11:01:35,4.6
上游闸外水位,2024/06/15,11:01:35,4.6
上游闸内水位,2024/06/15,11:16:44,4.6
上游闸外水位,2024/06/15,11:16:44,4.7
下游闸内水位,2024/06/15,11:20:34,4.6
下游闸外水位,2024/06/15,11:20:34,4.7
下游闸内水位,2024/06/15,11:41:55,4.8
下游闸外水位,2024/06/15,11:41:55,4.7
上游闸内水位,2024/06/15,11:44:34,4.8
上游闸外水位,2024/06/15,11:44:34,4.7
内河侧水位,2024/06/15,12:00:00,4.7
长江侧水位,2024/06/15,12:00:00,4.8
上游闸内水位,2024/06/15,12:17:03,4.7
上游闸外水位,2024/06/15,12:17:03,4.8
下游闸内水位,2024/06/15,12:19:36,4.7
下游闸外水位,2024/06/15,12:19:36,4.8
下游闸内水位,2024/06/15,12:21:15,4.8
下游闸外水位,2024/06/15,12:21:15,4.8
下游闸内水位,2024/06/15,12:53:56,4.7
下游闸外水位,2024/06/15,12:53:56,4.8
上游闸内水位,2024/06/15,12:56:35,4.8
上游闸外水位,2024/06/15,12:56:35,4.8
上游闸内水位,2024/06/15,12:58:03,4.7
上游闸外水位,2024/06/15,12:58:03,4.8
内河侧水位,2024/06/15,13:00:00,4.8
长江侧水位,2024/06/15,13:00:00,4.8
上游闸内水位,2024/06/15,13:41:41,4.7
上游闸外水位,2024/06/15,13:41:41,4.8
下游闸内水位,2024/06/15,13:44:12,4.7
下游闸外水位,2024/06/15,13:44:12,4.7
下游闸内水位,2024/06/15,13:46:28,4.8
下游闸外水位,2024/06/15,13:46:28,4.7
内河侧水位,2024/06/15,14:00:00,4.7
长江侧水位,2024/06/15,14:00:00,4.7
下游闸内水位,2024/06/15,14:01:22,4.7
下游闸外水位,2024/06/15,14:01:22,4.7
上游闸内水位,2024/06/15,14:04:35,4.7
上游闸外水位,2024/06/15,14:04:35,4.7
上游闸内水位,2024/06/15,14:06:06,4.7
上游闸外水位,2024/06/15,14:06:06,4.7
上游闸内水位,2024/06/15,14:34:08,4.7
上游闸外水位,2024/06/15,14:34:08,4.7
下游闸内水位,2024/06/15,14:37:12,4.6
下游闸外水位,2024/06/15,14:37:12,4.6
下游闸内水位,2024/06/15,14:38:49,4.7
下游闸外水位,2024/06/15,14:38:49,4.6
内河侧水位,2024/06/15,15:00:00,4.6
长江侧水位,2024/06/15,15:00:00,4.6
下游闸内水位,2024/06/15,15:13:48,4.6
下游闸外水位,2024/06/15,15:13:48,4.6
上游闸内水位,2024/06/15,15:16:21,4.6
上游闸外水位,2024/06/15,15:16:21,4.6
上游闸内水位,2024/06/15,15:17:50,4.6
上游闸外水位,2024/06/15,15:17:50,4.6
下游闸内水位,2024/06/15,23:31:39,4.4
下游闸外水位,2024/06/15,23:31:39,4.5
下游闸内水位,2024/06/16,3:45:25,4.6
下游闸外水位,2024/06/16,3:45:25,4.6
上游闸内水位,2024/06/16,3:48:10,4.6
上游闸外水位,2024/06/16,3:48:10,4.6
上游闸内水位,2024/06/16,3:49:34,4.6
上游闸外水位,2024/06/16,3:49:34,4.7
内河侧水位,2024/06/16,4:00:00,4.6
长江侧水位,2024/06/16,4:00:00,4.6
上游闸内水位,2024/06/16,4:19:51,4.6
上游闸外水位,2024/06/16,4:19:51,4.6
下游闸内水位,2024/06/16,4:22:27,4.6
下游闸外水位,2024/06/16,4:22:27,4.6
下游闸内水位,2024/06/16,4:33:17,4.5
下游闸外水位,2024/06/16,4:33:17,4.5
上游闸内水位,2024/06/16,4:35:53,4.6
上游闸外水位,2024/06/16,4:35:53,4.6
上游闸内水位,2024/06/16,4:37:19,4.6
上游闸外水位,2024/06/16,4:37:19,4.6
上游闸内水位,2024/06/16,4:56:43,4.5
上游闸外水位,2024/06/16,4:56:43,4.6
下游闸内水位,2024/06/16,4:59:41,4.5
下游闸外水位,2024/06/16,4:59:41,4.5
内河侧水位,2024/06/16,5:00:00,4.5
长江侧水位,2024/06/16,5:00:00,4.5
下游闸内水位,2024/06/16,5:01:06,4.5
下游闸外水位,2024/06/16,5:01:06,4.5
下游闸内水位,2024/06/16,5:12:56,4.5
下游闸外水位,2024/06/16,5:12:56,4.5
上游闸内水位,2024/06/16,5:15:58,4.5
上游闸外水位,2024/06/16,5:15:58,4.5
上游闸内水位,2024/06/16,5:17:59,4.5
上游闸外水位,2024/06/16,5:17:59,4.5
上游闸内水位,2024/06/16,5:35:00,4.5
上游闸外水位,2024/06/16,5:35:00,4.5
下游闸内水位,2024/06/16,5:37:33,4.4
下游闸外水位,2024/06/16,5:37:33,4.5
下游闸内水位,2024/06/16,5:47:10,4.5
下游闸外水位,2024/06/16,5:47:10,4.4
上游闸内水位,2024/06/16,5:49:43,4.5
上游闸外水位,2024/06/16,5:49:43,4.5
上游闸内水位,2024/06/16,5:58:21,4.5
上游闸外水位,2024/06/16,5:58:21,4.5
内河侧水位,2024/06/16,6:00:00,4.5
长江侧水位,2024/06/16,6:00:00,4.4
下游闸内水位,2024/06/16,6:00:58,4.4
下游闸外水位,2024/06/16,6:00:58,4.4
下游闸内水位,2024/06/16,6:02:13,4.4
下游闸外水位,2024/06/16,6:02:13,4.4
下游闸内水位,2024/06/16,6:09:48,4.5
下游闸外水位,2024/06/16,6:09:48,4.4
上游闸内水位,2024/06/16,6:12:42,4.5
上游闸外水位,2024/06/16,6:12:42,4.4
内河侧水位,2024/06/16,7:00:00,4.3
长江侧水位,2024/06/16,7:00:00,4.4
上游闸内水位,2024/06/16,7:01:16,4.3
上游闸外水位,2024/06/16,7:01:16,4.3
下游闸内水位,2024/06/16,7:03:49,4.3
下游闸外水位,2024/06/16,7:03:49,4.4
下游闸内水位,2024/06/16,7:24:08,4.3
下游闸外水位,2024/06/16,7:24:08,4.3
上游闸内水位,2024/06/16,7:26:47,4.4
上游闸外水位,2024/06/16,7:26:47,4.3
上游闸内水位,2024/06/16,7:28:23,4.3
上游闸外水位,2024/06/16,7:28:23,4.3
上游闸内水位,2024/06/16,7:42:29,4.2
上游闸外水位,2024/06/16,7:42:29,4.2
下游闸内水位,2024/06/16,7:44:59,4.2
下游闸外水位,2024/06/16,7:44:59,4.3
下游闸内水位,2024/06/16,7:51:31,4.3
上游闸内水位,2024/06/15,15:39:35,4.6
上游闸外水位,2024/06/15,15:39:35,4.6
下游闸内水位,2024/06/15,15:42:07,4.6
下游闸外水位,2024/06/15,15:42:07,4.5
下游闸内水位,2024/06/15,15:43:30,4.6
下游闸外水位,2024/06/15,15:43:30,4.5
内河侧水位,2024/06/15,16:00:00,4.6
长江侧水位,2024/06/15,16:00:00,4.5
下游闸内水位,2024/06/15,16:16:57,4.5
下游闸外水位,2024/06/15,16:16:57,4.5
上游闸内水位,2024/06/15,16:19:40,4.5
上游闸外水位,2024/06/15,16:19:40,4.5
上游闸内水位,2024/06/15,16:21:12,4.5
上游闸外水位,2024/06/15,16:21:12,4.5
上游闸内水位,2024/06/15,16:52:35,4.4
上游闸外水位,2024/06/15,16:52:35,4.5
下游闸内水位,2024/06/15,16:55:04,4.4
下游闸外水位,2024/06/15,16:55:04,4.4
内河侧水位,2024/06/15,17:00:00,4.5
长江侧水位,2024/06/15,17:00:00,4.4
下游闸内水位,2024/06/15,17:35:57,4.4
下游闸外水位,2024/06/15,17:35:57,4.4
上游闸内水位,2024/06/15,17:38:35,4.4
上游闸外水位,2024/06/15,17:38:35,4.4
上游闸内水位,2024/06/15,17:40:06,4.4
上游闸外水位,2024/06/15,17:40:06,4.4
内河侧水位,2024/06/15,18:00:00,4.3
长江侧水位,2024/06/15,18:00:00,4.3
上游闸内水位,2024/06/15,18:13:26,4.3
上游闸外水位,2024/06/15,18:13:26,4.3
下游闸内水位,2024/06/15,18:16:09,4.3
下游闸外水位,2024/06/15,18:16:09,4.3
下游闸内水位,2024/06/15,18:17:31,4.3
下游闸外水位,2024/06/15,18:17:31,4.3
下游闸内水位,2024/06/15,18:40:19,4.3
下游闸外水位,2024/06/15,18:40:19,4.2
上游闸内水位,2024/06/15,18:42:59,4.3
上游闸外水位,2024/06/15,18:42:59,4.2
上游闸内水位,2024/06/15,18:44:25,4.2
上游闸外水位,2024/06/15,18:44:25,4.3
内河侧水位,2024/06/15,19:00:00,4.2
长江侧水位,2024/06/15,19:00:00,4.3
上游闸内水位,2024/06/15,19:13:25,4.2
上游闸外水位,2024/06/15,19:13:25,4.2
下游闸内水位,2024/06/15,19:16:02,4.2
下游闸外水位,2024/06/15,19:16:02,4.2
下游闸内水位,2024/06/15,19:17:18,4.2
下游闸外水位,2024/06/15,19:17:18,4.2
下游闸内水位,2024/06/15,19:52:51,4.2
下游闸外水位,2024/06/15,19:52:51,4.2
上游闸内水位,2024/06/15,19:58:07,4.2
上游闸外水位,2024/06/15,19:58:07,4.2
上游闸内水位,2024/06/15,19:59:40,4.1
上游闸外水位,2024/06/15,19:59:40,4.2
内河侧水位,2024/06/15,20:00:00,4.2
长江侧水位,2024/06/15,20:00:00,4.2
上游闸内水位,2024/06/15,20:36:18,4.1
上游闸外水位,2024/06/15,20:36:18,4.1
下游闸内水位,2024/06/15,20:38:57,4.1
下游闸外水位,2024/06/15,20:38:57,4.1
下游闸内水位,2024/06/15,20:40:13,4.1
下游闸外水位,2024/06/15,20:40:13,4.1
内河侧水位,2024/06/15,21:00:00,4.1
长江侧水位,2024/06/15,21:00:00,4.2
下游闸内水位,2024/06/15,21:12:29,4.1
下游闸外水位,2024/06/15,21:12:29,4.1
上游闸内水位,2024/06/15,21:15:23,4.1
上游闸外水位,2024/06/15,21:15:23,4.1
上游闸内水位,2024/06/15,21:16:48,4.1
上游闸外水位,2024/06/15,21:16:48,4.1
上游闸内水位,2024/06/15,21:49:49,4.1
上游闸外水位,2024/06/15,21:49:49,4.1
下游闸内水位,2024/06/15,21:52:29,4.1
下游闸外水位,2024/06/15,21:52:29,4.2
下游闸内水位,2024/06/15,21:53:51,4.1
下游闸外水位,2024/06/15,21:53:51,4.1
内河侧水位,2024/06/15,22:00:00,4.1
长江侧水位,2024/06/15,22:00:00,4.1
下游闸内水位,2024/06/15,22:36:33,4.2
下游闸外水位,2024/06/15,22:36:33,4.2
上游闸内水位,2024/06/15,22:40:44,4.3
上游闸外水位,2024/06/15,22:40:44,4.2
上游闸内水位,2024/06/15,22:42:11,4.2
上游闸外水位,2024/06/15,22:42:11,4.3
内河侧水位,2024/06/15,23:00:00,4.3
长江侧水位,2024/06/15,23:00:00,4.3
上游闸内水位,2024/06/15,23:28:07,4.4
上游闸外水位,2024/06/15,23:28:07,4.4
下游闸内水位,2024/06/15,23:41:48,4.5
下游闸外水位,2024/06/15,23:41:48,4.5
内河侧水位,2024/06/16,0:00:00,4.5
长江侧水位,2024/06/16,0:00:00,4.6
下游闸内水位,2024/06/16,0:20:39,4.7
下游闸外水位,2024/06/16,0:20:39,4.7
上游闸内水位,2024/06/16,0:23:51,4.7
上游闸外水位,2024/06/16,0:23:51,4.6
上游闸内水位,2024/06/16,0:25:19,4.6
上游闸外水位,2024/06/16,0:25:19,4.6
内河侧水位,2024/06/16,1:00:00,4.7
长江侧水位,2024/06/16,1:00:00,4.7
上游闸内水位,2024/06/16,1:04:17,4.7
上游闸外水位,2024/06/16,1:04:17,4.7
下游闸内水位,2024/06/16,1:08:03,4.7
下游闸外水位,2024/06/16,1:08:03,4.7
下游闸内水位,2024/06/16,1:19:48,4.8
下游闸外水位,2024/06/16,1:19:48,4.8
上游闸内水位,2024/06/16,1:22:24,4.8
上游闸外水位,2024/06/16,1:22:24,4.7
上游闸内水位,2024/06/16,1:23:57,4.7
上游闸外水位,2024/06/16,1:23:57,4.7
上游闸内水位,2024/06/16,1:46:04,4.7
上游闸外水位,2024/06/16,1:46:04,4.7
下游闸内水位,2024/06/16,1:49:15,4.7
下游闸外水位,2024/06/16,1:49:15,4.7
下游闸内水位,2024/06/16,1:50:37,4.7
下游闸外水位,2024/06/16,1:50:37,4.7
内河侧水位,2024/06/16,2:00:00,4.7
长江侧水位,2024/06/16,2:00:00,4.7
下游闸内水位,2024/06/16,2:01:03,4.8
下游闸外水位,2024/06/16,2:01:03,4.8
上游闸内水位,2024/06/16,2:03:41,4.8
上游闸外水位,2024/06/16,2:03:41,4.7
上游闸内水位,2024/06/16,2:05:15,4.7
上游闸外水位,2024/06/16,2:05:15,4.7
上游闸内水位,2024/06/16,2:33:14,4.7
上游闸外水位,2024/06/16,2:33:14,4.7
下游闸内水位,2024/06/16,2:36:53,4.7
下游闸外水位,2024/06/16,2:36:53,4.7
下游闸内水位,2024/06/16,2:38:15,4.7
下游闸外水位,2024/06/16,2:38:15,4.7
下游闸内水位,2024/06/16,2:51:57,4.7
下游闸外水位,2024/06/16,2:51:57,4.7
上游闸内水位,2024/06/16,2:54:44,4.7
上游闸外水位,2024/06/16,2:54:44,4.7
上游闸内水位,2024/06/16,2:56:10,4.7
上游闸外水位,2024/06/16,2:56:10,4.7
内河侧水位,2024/06/16,3:00:00,4.7
长江侧水位,2024/06/16,3:00:00,4.7
上游闸内水位,2024/06/16,3:26:21,4.7
上游闸外水位,2024/06/16,3:26:21,4.7
下游闸内水位,2024/06/16,3:32:25,4.6
下游闸外水位,2024/06/16,3:32:25,4.6
下游闸内水位,2024/06/16,3:33:39,4.6
下游闸外水位,2024/06/16,3:33:39,4.6
下游闸外水位,2024/06/16,7:51:31,4.3
上游闸内水位,2024/06/16,7:54:04,4.4
上游闸外水位,2024/06/16,7:54:04,4.2
上游闸内水位,2024/06/16,7:55:42,4.2
上游闸外水位,2024/06/16,7:55:42,4.2
内河侧水位,2024/06/16,8:00:00,4.3
长江侧水位,2024/06/16,8:00:00,4.3
上游闸内水位,2024/06/16,8:06:18,4.2
上游闸外水位,2024/06/16,8:06:18,4.2
下游闸内水位,2024/06/16,8:09:36,4.2
下游闸外水位,2024/06/16,8:09:36,4.3
下游闸内水位,2024/06/16,8:15:14,4.3
下游闸外水位,2024/06/16,8:15:14,4.2
上游闸内水位,2024/06/16,8:18:07,4.3
上游闸外水位,2024/06/16,8:18:07,4.2
上游闸内水位,2024/06/16,8:19:31,4.2
上游闸外水位,2024/06/16,8:19:31,4.2
上游闸内水位,2024/06/16,8:47:05,4.2
上游闸外水位,2024/06/16,8:47:05,4.2
下游闸内水位,2024/06/16,8:50:04,4.1
下游闸外水位,2024/06/16,8:50:04,4.3
内河侧水位,2024/06/16,9:00:00,4.2
长江侧水位,2024/06/16,9:00:00,4.2
下游闸内水位,2024/06/16,9:01:14,4.2
下游闸外水位,2024/06/16,9:01:14,4.2
上游闸内水位,2024/06/16,9:03:59,4.3
上游闸外水位,2024/06/16,9:03:59,4.2
上游闸内水位,2024/06/16,9:05:22,4.2
上游闸外水位,2024/06/16,9:05:22,4.2
上游闸内水位,2024/06/16,9:33:09,4.1
上游闸外水位,2024/06/16,9:33:09,4.1
下游闸内水位,2024/06/16,9:35:44,4.1
下游闸外水位,2024/06/16,9:35:44,4.2
下游闸内水位,2024/06/16,9:36:59,4.2
下游闸外水位,2024/06/16,9:36:59,4.3
下游闸内水位,2024/06/16,9:50:38,4.2
下游闸外水位,2024/06/16,9:50:38,4.2
上游闸内水位,2024/06/16,9:53:22,4.2
上游闸外水位,2024/06/16,9:53:22,4.3
上游闸内水位,2024/06/16,9:54:45,4.2
上游闸外水位,2024/06/16,9:54:45,4.3
内河侧水位,2024/06/16,10:00:00,4.3
长江侧水位,2024/06/16,10:00:00,4.2
上游闸内水位,2024/06/16,10:11:20,4.3
上游闸外水位,2024/06/16,10:11:20,4.3
下游闸内水位,2024/06/16,10:14:11,4.3
下游闸外水位,2024/06/16,10:14:11,4.2
下游闸内水位,2024/06/16,10:23:08,4.3
下游闸外水位,2024/06/16,10:23:08,4.2
下游闸内水位,2024/06/16,10:55:18,4.3
下游闸外水位,2024/06/16,10:55:18,4.3
上游闸内水位,2024/06/16,10:58:01,4.4
上游闸外水位,2024/06/16,10:58:01,4.3
上游闸内水位,2024/06/16,10:59:25,4.3
上游闸外水位,2024/06/16,10:59:25,4.3
内河侧水位,2024/06/16,11:00:00,4.3
长江侧水位,2024/06/16,11:00:00,4.4
上游闸内水位,2024/06/16,11:41:55,4.4
上游闸外水位,2024/06/16,11:41:55,4.5
下游闸内水位,2024/06/16,11:46:51,4.4
下游闸外水位,2024/06/16,11:46:51,4.5
内河侧水位,2024/06/16,12:00:00,4.5
长江侧水位,2024/06/16,12:00:00,4.5
下游闸内水位,2024/06/16,12:08:32,4.6
下游闸外水位,2024/06/16,12:08:32,4.5
上游闸内水位,2024/06/16,12:11:10,4.6
上游闸外水位,2024/06/16,12:11:10,4.5
上游闸内水位,2024/06/16,12:12:35,4.5
上游闸外水位,2024/06/16,12:12:35,4.5
上游闸内水位,2024/06/16,12:34:19,4.6
上游闸外水位,2024/06/16,12:34:19,4.6
下游闸内水位,2024/06/16,12:36:52,4.6
下游闸外水位,2024/06/16,12:36:52,4.6
内河侧水位,2024/06/16,13:00:00,4.7
长江侧水位,2024/06/16,13:00:00,4.7
下游闸内水位,2024/06/16,13:13:46,4.7
下游闸外水位,2024/06/16,13:13:46,4.7
上游闸内水位,2024/06/16,13:51:17,4.7
上游闸外水位,2024/06/16,13:51:17,4.7
下游闸内水位,2024/06/16,13:53:53,4.7
下游闸外水位,2024/06/16,13:53:53,4.7
内河侧水位,2024/06/16,14:00:00,4.7
长江侧水位,2024/06/16,14:00:00,4.7
下游闸内水位,2024/06/16,14:23:41,4.8
下游闸外水位,2024/06/16,14:23:41,4.7
上游闸内水位,2024/06/16,14:26:14,4.7
上游闸外水位,2024/06/16,14:26:14,4.7
上游闸内水位,2024/06/16,14:54:57,4.7
上游闸外水位,2024/06/16,14:54:57,4.7
下游闸内水位,2024/06/16,14:57:26,4.7
下游闸外水位,2024/06/16,14:57:26,4.7
内河侧水位,2024/06/16,15:00:00,4.7
长江侧水位,2024/06/16,15:00:00,4.7
下游闸内水位,2024/06/16,15:29:58,4.7
下游闸外水位,2024/06/16,15:29:58,4.7
上游闸内水位,2024/06/16,15:32:34,4.7
上游闸外水位,2024/06/16,15:32:34,4.7
上游闸内水位,2024/06/16,15:57:30,4.6
上游闸外水位,2024/06/16,15:57:30,4.6
内河侧水位,2024/06/17,4:00:00,4.8
长江侧水位,2024/06/17,4:00:00,4.8
下游闸内水位,2024/06/17,4:06:01,4.8
下游闸外水位,2024/06/17,4:06:01,4.8
上游闸内水位,2024/06/17,4:08:36,4.8
上游闸外水位,2024/06/17,4:08:36,4.8
上游闸内水位,2024/06/17,4:46:27,4.8
上游闸外水位,2024/06/17,4:46:27,4.8
下游闸内水位,2024/06/17,4:49:00,4.8
下游闸外水位,2024/06/17,4:49:00,4.8
内河侧水位,2024/06/17,5:00:00,4.8
长江侧水位,2024/06/17,5:00:00,4.8
下游闸内水位,2024/06/17,5:25:01,4.7
下游闸外水位,2024/06/17,5:25:01,4.7
上游闸内水位,2024/06/17,5:27:40,4.7
上游闸外水位,2024/06/17,5:27:40,4.8
上游闸内水位,2024/06/17,5:29:10,4.7
上游闸外水位,2024/06/17,5:29:10,4.8
上游闸内水位,2024/06/16,13:16:23,4.7
上游闸外水位,2024/06/16,13:16:23,4.7
上游闸内水位,2024/06/16,21:42:44,4.2
上游闸外水位,2024/06/16,21:42:44,4.2
下游闸内水位,2024/06/16,23:47:51,4.3
下游闸外水位,2024/06/16,23:47:51,4.3
上游闸内水位,2024/06/17,6:22:53,4.7
上游闸外水位,2024/06/17,6:22:53,4.7
下游闸内水位,2024/06/17,6:46:14,4.6
下游闸外水位,2024/06/17,6:46:14,4.6
下游闸内水位,2024/06/17,6:47:30,4.6
下游闸外水位,2024/06/17,6:47:30,4.6
上游闸内水位,2024/06/17,16:33:30,4.7
上游闸外水位,2024/06/17,16:33:30,4.7
上游闸内水位,2024/06/17,18:48:43,4.5
上游闸外水位,2024/06/17,18:48:43,4.5
上游闸内水位,2024/06/17,23:28:50,4.2
上游闸外水位,2024/06/17,23:28:50,4.2
下游闸内水位,2024/06/18,0:59:02,4.5
下游闸外水位,2024/06/18,0:59:02,4.5
上游闸内水位,2024/06/18,3:55:45,5.0
上游闸外水位,2024/06/18,3:55:45,5.0
下游闸内水位,2024/06/18,3:58:27,5.0
下游闸外水位,2024/06/18,3:58:27,5.0
内河侧水位,2024/06/18,4:00:00,5.0
长江侧水位,2024/06/18,4:00:00,5.0
下游闸内水位,2024/06/18,4:00:22,5.1
下游闸外水位,2024/06/18,4:00:22,5.0
上游闸内水位,2024/06/18,6:19:11,4.8
上游闸外水位,2024/06/18,6:19:11,4.9
下游闸内水位,2024/06/18,6:34:19,4.8
下游闸外水位,2024/06/18,6:34:19,4.8
上游闸内水位,2024/06/18,6:54:12,4.8
上游闸外水位,2024/06/18,6:54:12,4.8
内河侧水位,2024/06/18,8:00:00,4.7
长江侧水位,2024/06/18,8:00:00,4.6
上游闸内水位,2024/06/18,8:01:43,4.6
上游闸外水位,2024/06/18,8:01:43,4.7
下游闸内水位,2024/06/18,8:04:26,4.6
下游闸外水位,2024/06/18,8:04:26,4.6
下游闸内水位,2024/06/18,8:23:14,4.6
下游闸外水位,2024/06/18,8:23:14,4.6
上游闸内水位,2024/06/18,8:26:01,4.6
上游闸外水位,2024/06/18,8:26:01,4.6
上游闸内水位,2024/06/18,8:27:34,4.6
上游闸外水位,2024/06/18,8:27:34,4.6
上游闸内水位,2024/06/18,8:53:51,4.6
上游闸外水位,2024/06/18,8:53:51,4.6
下游闸内水位,2024/06/18,8:56:45,4.6
下游闸外水位,2024/06/18,8:56:45,4.6
内河侧水位,2024/06/18,9:00:00,4.6
长江侧水位,2024/06/18,9:00:00,4.6
下游闸内水位,2024/06/18,9:08:11,4.6
下游闸外水位,2024/06/18,9:08:11,4.5
上游闸内水位,2024/06/18,9:10:45,4.6
上游闸外水位,2024/06/18,9:10:45,4.6
上游闸内水位,2024/06/18,9:12:06,4.6
上游闸外水位,2024/06/18,9:12:06,4.6
上游闸内水位,2024/06/18,9:34:33,4.5
上游闸外水位,2024/06/18,9:34:33,4.6
下游闸内水位,2024/06/18,9:37:01,4.5
下游闸外水位,2024/06/18,9:37:01,4.5
下游闸内水位,2024/06/18,9:49:03,4.5
下游闸外水位,2024/06/18,9:49:03,4.4
上游闸内水位,2024/06/18,9:51:38,4.5
上游闸外水位,2024/06/18,9:51:38,4.5
内河侧水位,2024/06/18,10:00:00,4.5
长江侧水位,2024/06/18,10:00:00,4.5
上游闸内水位,2024/06/18,10:11:54,4.5
上游闸外水位,2024/06/18,10:11:54,4.5
下游闸内水位,2024/06/18,10:14:25,4.4
下游闸外水位,2024/06/18,10:14:25,4.4
下游闸内水位,2024/06/18,10:25:21,4.4
下游闸外水位,2024/06/18,10:25:21,4.4
上游闸内水位,2024/06/18,10:27:56,4.4
上游闸外水位,2024/06/18,10:27:56,4.5
上游闸内水位,2024/06/18,10:51:01,4.4
上游闸外水位,2024/06/18,10:51:01,4.4
下游闸内水位,2024/06/18,10:53:33,4.4
下游闸外水位,2024/06/18,10:53:33,4.4
内河侧水位,2024/06/18,11:00:00,4.4
长江侧水位,2024/06/18,11:00:00,4.4
下游闸内水位,2024/06/18,11:26:06,4.4
下游闸外水位,2024/06/18,11:26:06,4.3
上游闸内水位,2024/06/18,11:28:40,4.4
上游闸外水位,2024/06/18,11:28:40,4.4
上游闸内水位,2024/06/18,11:30:17,4.4
上游闸内水位,2024/06/16,13:17:48,4.7
上游闸外水位,2024/06/16,13:17:48,4.7
上游闸内水位,2024/06/16,15:33:55,4.7
上游闸外水位,2024/06/16,15:33:55,4.7
下游闸内水位,2024/06/16,15:59:59,4.6
下游闸外水位,2024/06/16,15:59:59,4.6
内河侧水位,2024/06/16,16:00:00,4.7
长江侧水位,2024/06/16,16:00:00,4.6
下游闸内水位,2024/06/16,16:01:16,4.6
下游闸外水位,2024/06/16,16:01:16,4.6
下游闸内水位,2024/06/16,16:11:48,4.6
下游闸外水位,2024/06/16,16:11:48,4.6
上游闸内水位,2024/06/16,16:14:22,4.6
上游闸外水位,2024/06/16,16:14:22,4.6
上游闸内水位,2024/06/16,16:15:45,4.6
上游闸外水位,2024/06/16,16:15:45,4.6
上游闸内水位,2024/06/16,16:39:32,4.6
上游闸外水位,2024/06/16,16:39:32,4.6
下游闸内水位,2024/06/16,16:45:20,4.5
下游闸外水位,2024/06/16,16:45:20,4.5
内河侧水位,2024/06/16,17:00:00,4.6
长江侧水位,2024/06/16,17:00:00,4.5
下游闸内水位,2024/06/16,17:18:11,4.5
下游闸外水位,2024/06/16,17:18:11,4.5
上游闸内水位,2024/06/16,17:20:50,4.5
上游闸外水位,2024/06/16,17:20:50,4.5
上游闸内水位,2024/06/16,17:58:59,4.5
上游闸外水位,2024/06/16,17:58:59,4.5
内河侧水位,2024/06/16,18:00:00,4.5
长江侧水位,2024/06/16,18:00:00,4.4
下游闸内水位,2024/06/16,18:02:08,4.4
下游闸外水位,2024/06/16,18:02:08,4.4
下游闸内水位,2024/06/16,18:03:23,4.4
下游闸外水位,2024/06/16,18:03:23,4.4
下游闸内水位,2024/06/16,18:41:26,4.4
下游闸外水位,2024/06/16,18:41:26,4.4
上游闸内水位,2024/06/16,18:44:03,4.4
上游闸外水位,2024/06/16,18:44:03,4.4
内河侧水位,2024/06/16,19:00:00,4.4
长江侧水位,2024/06/16,19:00:00,4.3
上游闸内水位,2024/06/16,19:20:21,4.3
上游闸外水位,2024/06/16,19:20:21,4.4
下游闸内水位,2024/06/16,19:22:53,4.3
下游闸外水位,2024/06/16,19:22:53,4.3
内河侧水位,2024/06/16,20:00:00,4.3
长江侧水位,2024/06/16,20:00:00,4.3
下游闸内水位,2024/06/16,20:10:42,4.3
下游闸外水位,2024/06/16,20:10:42,4.2
上游闸内水位,2024/06/16,20:13:45,4.3
上游闸外水位,2024/06/16,20:13:45,4.3
上游闸内水位,2024/06/16,20:15:11,4.3
上游闸外水位,2024/06/16,20:15:11,4.3
上游闸内水位,2024/06/16,20:54:39,4.2
上游闸外水位,2024/06/16,20:54:39,4.3
下游闸内水位,2024/06/16,20:57:15,4.2
下游闸外水位,2024/06/16,20:57:15,4.2
内河侧水位,2024/06/16,21:00:00,4.2
长江侧水位,2024/06/16,21:00:00,4.2
下游闸内水位,2024/06/16,21:40:09,4.2
下游闸外水位,2024/06/16,21:40:09,4.2
内河侧水位,2024/06/16,22:00:00,4.2
长江侧水位,2024/06/16,22:00:00,4.1
上游闸内水位,2024/06/16,22:20:41,4.2
上游闸外水位,2024/06/16,22:20:41,4.2
下游闸内水位,2024/06/16,22:23:26,4.2
下游闸外水位,2024/06/16,22:23:26,4.1
内河侧水位,2024/06/16,23:00:00,4.2
长江侧水位,2024/06/16,23:00:00,4.2
下游闸内水位,2024/06/16,23:03:01,4.2
下游闸外水位,2024/06/16,23:03:01,4.2
上游闸内水位,2024/06/16,23:05:47,4.2
上游闸外水位,2024/06/16,23:05:47,4.2
上游闸内水位,2024/06/16,23:07:30,4.2
上游闸外水位,2024/06/16,23:07:30,4.2
上游闸内水位,2024/06/16,23:40:45,4.3
上游闸外水位,2024/06/16,23:40:45,4.3
下游闸内水位,2024/06/16,23:44:16,4.3
下游闸外水位,2024/06/16,23:44:16,4.3
内河侧水位,2024/06/17,0:00:00,4.4
长江侧水位,2024/06/17,0:00:00,4.4
下游闸内水位,2024/06/17,0:35:33,4.6
下游闸外水位,2024/06/17,0:35:33,4.6
上游闸内水位,2024/06/17,0:38:15,4.6
上游闸外水位,2024/06/17,0:38:15,4.5
上游闸内水位,2024/06/17,0:39:42,4.5
上游闸外水位,2024/06/17,0:39:42,4.5
内河侧水位,2024/06/17,1:00:00,4.6
长江侧水位,2024/06/17,1:00:00,4.7
上游闸内水位,2024/06/17,1:17:19,4.6
上游闸外水位,2024/06/17,1:17:19,4.7
下游闸内水位,2024/06/17,1:19:51,4.6
下游闸外水位,2024/06/17,1:19:51,4.7
下游闸内水位,2024/06/17,1:21:18,4.7
下游闸外水位,2024/06/17,1:21:18,4.7
下游闸内水位,2024/06/17,1:33:25,4.8
下游闸外水位,2024/06/17,1:33:25,4.8
上游闸内水位,2024/06/17,1:36:00,4.8
上游闸外水位,2024/06/17,1:36:00,4.7
内河侧水位,2024/06/17,2:00:00,4.8
长江侧水位,2024/06/17,2:00:00,4.8
上游闸内水位,2024/06/17,2:04:01,4.8
上游闸外水位,2024/06/17,2:04:01,4.8
下游闸内水位,2024/06/17,2:06:43,4.8
下游闸外水位,2024/06/17,2:06:43,4.8
下游闸内水位,2024/06/17,2:07:58,4.8
下游闸外水位,2024/06/17,2:07:58,4.8
下游闸内水位,2024/06/17,2:47:01,4.9
下游闸外水位,2024/06/17,2:47:01,4.9
上游闸内水位,2024/06/17,2:49:52,4.9
上游闸外水位,2024/06/17,2:49:52,4.8
上游闸内水位,2024/06/17,2:51:17,4.8
上游闸外水位,2024/06/17,2:51:17,4.9
内河侧水位,2024/06/17,3:00:00,4.9
长江侧水位,2024/06/17,3:00:00,4.9
上游闸内水位,2024/06/17,3:26:02,4.8
上游闸外水位,2024/06/17,3:26:02,4.9
下游闸内水位,2024/06/17,3:28:44,4.8
下游闸外水位,2024/06/17,3:28:44,4.9
下游闸内水位,2024/06/17,3:30:01,4.9
下游闸外水位,2024/06/17,3:30:01,4.8
下游闸内水位,2024/06/17,15:53:17,4.7
下游闸外水位,2024/06/17,15:53:17,4.7
上游闸内水位,2024/06/17,15:55:54,4.8
上游闸外水位,2024/06/17,15:55:54,4.8
上游闸内水位,2024/06/17,15:57:16,4.7
上游闸外水位,2024/06/17,15:57:16,4.8
内河侧水位,2024/06/17,16:00:00,4.7
长江侧水位,2024/06/17,16:00:00,4.7
下游闸内水位,2024/06/17,16:36:01,4.7
下游闸外水位,2024/06/17,16:36:01,4.7
内河侧水位,2024/06/17,17:00:00,4.7
长江侧水位,2024/06/17,17:00:00,4.6
下游闸内水位,2024/06/17,17:11:02,4.7
下游闸外水位,2024/06/17,17:11:02,4.6
上游闸内水位,2024/06/17,17:13:38,4.6
上游闸外水位,2024/06/17,17:13:38,4.7
上游闸内水位,2024/06/17,17:15:42,4.6
上游闸外水位,2024/06/17,17:15:42,4.7
上游闸内水位,2024/06/17,17:49:02,4.6
上游闸外水位,2024/06/17,17:49:02,4.6
下游闸内水位,2024/06/17,17:51:35,4.6
下游闸外水位,2024/06/17,17:51:35,4.6
下游闸内水位,2024/06/17,17:53:04,4.6
下游闸外水位,2024/06/17,17:53:04,4.6
内河侧水位,2024/06/17,18:00:00,4.6
长江侧水位,2024/06/17,18:00:00,4.6
下游闸内水位,2024/06/17,18:15:27,4.6
下游闸外水位,2024/06/17,18:15:27,4.5
上游闸内水位,2024/06/17,18:18:04,4.6
上游闸外水位,2024/06/17,18:18:04,4.6
上游闸内水位,2024/06/17,18:19:28,4.5
上游闸外水位,2024/06/17,18:19:28,4.6
下游闸内水位,2024/06/17,18:51:38,4.5
下游闸外水位,2024/06/17,18:51:38,4.5
下游闸内水位,2024/06/17,18:53:00,4.5
下游闸外水位,2024/06/17,18:53:00,4.5
内河侧水位,2024/06/17,19:00:00,4.5
长江侧水位,2024/06/17,19:00:00,4.5
下游闸内水位,2024/06/17,19:08:47,4.5
下游闸外水位,2024/06/17,19:08:47,4.4
上游闸内水位,2024/06/17,19:11:37,4.5
上游闸外水位,2024/06/17,19:11:37,4.5
上游闸内水位,2024/06/17,19:12:59,4.5
上游闸外水位,2024/06/17,19:12:59,4.5
上游闸内水位,2024/06/17,19:32:53,4.5
上游闸外水位,2024/06/17,19:32:53,4.5
下游闸内水位,2024/06/17,19:35:28,4.4
下游闸外水位,2024/06/17,19:35:28,4.4
下游闸内水位,2024/06/17,19:36:43,4.4
下游闸外水位,2024/06/17,19:36:43,4.4
内河侧水位,2024/06/17,20:00:00,4.4
长江侧水位,2024/06/17,20:00:00,4.4
下游闸内水位,2024/06/17,20:09:03,4.4
下游闸外水位,2024/06/17,20:09:03,4.4
内河侧水位,2024/06/17,6:00:00,4.7
长江侧水位,2024/06/17,6:00:00,4.7
上游闸内水位,2024/06/17,6:03:21,4.7
上游闸外水位,2024/06/17,6:03:21,4.7
下游闸内水位,2024/06/17,6:05:56,4.7
下游闸外水位,2024/06/17,6:05:56,4.7
下游闸内水位,2024/06/17,6:20:16,4.7
下游闸外水位,2024/06/17,6:20:16,4.5
上游闸内水位,2024/06/17,6:43:33,4.6
上游闸外水位,2024/06/17,6:43:33,4.6
内河侧水位,2024/06/17,7:00:00,4.6
长江侧水位,2024/06/17,7:00:00,4.6
下游闸内水位,2024/06/17,7:00:24,4.6
下游闸外水位,2024/06/17,7:00:24,4.6
上游闸内水位,2024/06/17,7:04:14,4.6
上游闸外水位,2024/06/17,7:04:14,4.6
上游闸内水位,2024/06/17,7:05:39,4.6
上游闸外水位,2024/06/17,7:05:39,4.6
上游闸内水位,2024/06/17,7:29:11,4.6
上游闸外水位,2024/06/17,7:29:11,4.6
下游闸内水位,2024/06/17,7:31:44,4.5
下游闸外水位,2024/06/17,7:31:44,4.5
下游闸内水位,2024/06/17,7:33:04,4.5
下游闸外水位,2024/06/17,7:33:04,4.5
下游闸内水位,2024/06/17,7:47:06,4.5
下游闸外水位,2024/06/17,7:47:06,4.5
上游闸内水位,2024/06/17,7:49:46,4.5
上游闸外水位,2024/06/17,7:49:46,4.6
内河侧水位,2024/06/17,8:00:00,4.5
长江侧水位,2024/06/17,8:00:00,4.5
上游闸内水位,2024/06/17,8:03:17,4.5
上游闸外水位,2024/06/17,8:03:17,4.5
下游闸内水位,2024/06/17,8:06:18,4.5
下游闸外水位,2024/06/17,8:06:18,4.5
下游闸内水位,2024/06/17,8:14:03,4.5
下游闸外水位,2024/06/17,8:14:03,4.5
上游闸内水位,2024/06/17,8:16:41,4.5
上游闸外水位,2024/06/17,8:16:41,4.5
上游闸内水位,2024/06/17,8:18:29,4.5
上游闸外水位,2024/06/17,8:18:29,4.5
上游闸内水位,2024/06/17,8:47:13,4.4
上游闸外水位,2024/06/17,8:47:13,4.5
下游闸内水位,2024/06/17,8:49:46,4.4
下游闸外水位,2024/06/17,8:49:46,4.4
下游闸内水位,2024/06/17,8:51:09,4.4
下游闸外水位,2024/06/17,8:51:09,4.4
内河侧水位,2024/06/17,9:00:00,4.5
长江侧水位,2024/06/17,9:00:00,4.4
下游闸内水位,2024/06/17,9:03:24,4.4
下游闸外水位,2024/06/17,9:03:24,4.4
上游闸内水位,2024/06/17,9:06:16,4.4
上游闸外水位,2024/06/17,9:06:16,4.4
上游闸内水位,2024/06/17,9:07:42,4.4
上游闸外水位,2024/06/17,9:07:42,4.5
上游闸内水位,2024/06/17,9:25:25,4.4
上游闸外水位,2024/06/17,9:25:25,4.4
下游闸内水位,2024/06/17,9:28:19,4.4
下游闸外水位,2024/06/17,9:28:19,4.4
下游闸内水位,2024/06/17,9:40:48,4.4
下游闸外水位,2024/06/17,9:40:48,4.4
上游闸内水位,2024/06/17,9:43:27,4.4
上游闸外水位,2024/06/17,9:43:27,4.4
上游闸内水位,2024/06/17,9:44:58,4.4
上游闸外水位,2024/06/17,9:44:58,4.4
内河侧水位,2024/06/17,10:00:00,4.4
长江侧水位,2024/06/17,10:00:00,4.3
上游闸内水位,2024/06/17,10:02:57,4.4
上游闸外水位,2024/06/17,10:02:57,4.4
下游闸内水位,2024/06/17,10:05:40,4.3
下游闸外水位,2024/06/17,10:05:40,4.3
下游闸内水位,2024/06/17,10:23:26,4.3
下游闸外水位,2024/06/17,10:23:26,4.3
上游闸内水位,2024/06/17,10:26:02,4.3
上游闸外水位,2024/06/17,10:26:02,4.4
上游闸内水位,2024/06/17,10:27:25,4.3
上游闸外水位,2024/06/17,10:27:25,4.4
上游闸内水位,2024/06/17,10:33:07,4.3
上游闸外水位,2024/06/17,10:33:07,4.2
下游闸内水位,2024/06/17,10:35:43,4.3
下游闸外水位,2024/06/17,10:35:43,4.3
下游闸内水位,2024/06/17,10:50:59,4.3
下游闸外水位,2024/06/17,10:50:59,4.3
内河侧水位,2024/06/17,11:00:00,4.4
长江侧水位,2024/06/17,11:00:00,4.3
下游闸内水位,2024/06/17,11:12:20,4.3
下游闸外水位,2024/06/17,11:12:20,4.3
上游闸内水位,2024/06/17,11:14:59,4.3
上游闸外水位,2024/06/17,11:14:59,4.3
上游闸内水位,2024/06/17,11:48:24,4.3
上游闸外水位,2024/06/17,11:48:24,4.3
下游闸内水位,2024/06/17,11:50:57,4.3
下游闸外水位,2024/06/17,11:50:57,4.3
内河侧水位,2024/06/17,12:00:00,4.4
长江侧水位,2024/06/17,12:00:00,4.3
下游闸内水位,2024/06/17,12:22:49,4.4
下游闸外水位,2024/06/17,12:22:49,4.4
上游闸内水位,2024/06/17,12:25:40,4.4
上游闸外水位,2024/06/17,12:25:40,4.4
上游闸内水位,2024/06/17,12:27:11,4.4
上游闸外水位,2024/06/17,12:27:11,4.4
上游闸内水位,2024/06/17,12:53:02,4.4
上游闸外水位,2024/06/17,12:53:02,4.5
下游闸内水位,2024/06/17,12:55:44,4.4
下游闸外水位,2024/06/17,12:55:44,4.5
下游闸内水位,2024/06/17,12:57:06,4.5
下游闸外水位,2024/06/17,12:57:06,4.5
内河侧水位,2024/06/17,13:00:00,4.5
长江侧水位,2024/06/17,13:00:00,4.5
下游闸内水位,2024/06/17,13:28:59,4.6
下游闸外水位,2024/06/17,13:28:59,4.6
上游闸内水位,2024/06/17,13:31:39,4.6
上游闸外水位,2024/06/17,13:31:39,4.6
上游闸内水位,2024/06/17,13:33:01,4.6
上游闸外水位,2024/06/17,13:33:01,4.6
内河侧水位,2024/06/17,14:00:00,4.7
长江侧水位,2024/06/17,14:00:00,4.7
上游闸内水位,2024/06/17,14:06:38,4.6
上游闸外水位,2024/06/17,14:06:38,4.7
下游闸内水位,2024/06/17,14:09:09,4.6
下游闸外水位,2024/06/17,14:09:09,4.7
下游闸内水位,2024/06/17,14:53:35,4.7
下游闸外水位,2024/06/17,14:53:35,4.7
上游闸内水位,2024/06/17,14:56:35,4.8
上游闸外水位,2024/06/17,14:56:35,4.7
上游闸内水位,2024/06/17,14:58:44,4.7
上游闸外水位,2024/06/17,14:58:44,4.7
内河侧水位,2024/06/17,15:00:00,4.7
长江侧水位,2024/06/17,15:00:00,4.8
上游闸内水位,2024/06/17,15:19:00,4.7
上游闸外水位,2024/06/17,15:19:00,4.8
下游闸内水位,2024/06/17,15:21:41,4.7
下游闸外水位,2024/06/17,15:21:41,4.8
下游闸内水位,2024/06/17,15:23:05,4.8
下游闸外水位,2024/06/17,15:23:05,4.7
上游闸内水位,2024/06/17,20:11:35,4.4
上游闸外水位,2024/06/17,20:11:35,4.4
上游闸内水位,2024/06/17,20:13:07,4.4
上游闸外水位,2024/06/17,20:13:07,4.4
上游闸内水位,2024/06/17,20:27:55,4.4
上游闸外水位,2024/06/17,20:27:55,4.4
下游闸内水位,2024/06/17,20:30:29,4.4
下游闸外水位,2024/06/17,20:30:29,4.3
内河侧水位,2024/06/17,21:00:00,4.4
长江侧水位,2024/06/17,21:00:00,4.3
下游闸内水位,2024/06/17,21:12:13,4.3
下游闸外水位,2024/06/17,21:12:13,4.3
上游闸内水位,2024/06/17,21:15:19,4.3
上游闸外水位,2024/06/17,21:15:19,4.3
上游闸内水位,2024/06/17,21:16:42,4.3
上游闸外水位,2024/06/17,21:16:42,4.3
上游闸内水位,2024/06/17,21:56:47,4.3
上游闸外水位,2024/06/17,21:56:47,4.3
下游闸内水位,2024/06/17,21:59:20,4.2
下游闸外水位,2024/06/17,21:59:20,4.2
内河侧水位,2024/06/17,22:00:00,4.3
长江侧水位,2024/06/17,22:00:00,4.2
下游闸内水位,2024/06/17,22:00:42,4.3
下游闸外水位,2024/06/17,22:00:42,4.2
下游闸内水位,2024/06/17,22:45:28,4.2
下游闸外水位,2024/06/17,22:45:28,4.2
上游闸内水位,2024/06/17,22:48:08,4.2
上游闸外水位,2024/06/17,22:48:08,4.2
上游闸内水位,2024/06/17,22:49:36,4.2
上游闸外水位,2024/06/17,22:49:36,4.3
内河侧水位,2024/06/17,23:00:00,4.2
长江侧水位,2024/06/17,23:00:00,4.2
下游闸内水位,2024/06/17,23:31:23,4.2
下游闸外水位,2024/06/17,23:31:23,4.2
内河侧水位,2024/06/18,0:00:00,4.3
长江侧水位,2024/06/18,0:00:00,4.2
下游闸内水位,2024/06/18,0:14:50,4.3
下游闸外水位,2024/06/18,0:14:50,4.2
上游闸内水位,2024/06/18,0:17:26,4.3
上游闸外水位,2024/06/18,0:17:26,4.3
上游闸内水位,2024/06/18,0:18:57,4.3
上游闸外水位,2024/06/18,0:18:57,4.3
上游闸内水位,2024/06/18,0:54:28,4.4
上游闸外水位,2024/06/18,0:54:28,4.4
下游闸内水位,2024/06/18,0:57:22,4.4
下游闸外水位,2024/06/18,0:57:22,4.5
内河侧水位,2024/06/18,1:00:00,4.4
长江侧水位,2024/06/18,1:00:00,4.5
下游闸内水位,2024/06/18,1:36:45,4.7
下游闸外水位,2024/06/18,1:36:45,4.7
上游闸内水位,2024/06/18,1:39:20,4.7
上游闸外水位,2024/06/18,1:39:20,4.6
上游闸内水位,2024/06/18,1:40:53,4.6
上游闸外水位,2024/06/18,1:40:53,4.6
内河侧水位,2024/06/18,2:00:00,4.7
长江侧水位,2024/06/18,2:00:00,4.8
上游闸内水位,2024/06/18,2:17:08,4.8
上游闸外水位,2024/06/18,2:17:08,4.8
下游闸内水位,2024/06/18,2:19:40,4.7
下游闸外水位,2024/06/18,2:19:40,4.9
内河侧水位,2024/06/18,3:00:00,4.9
长江侧水位,2024/06/18,3:00:00,5.0
下游闸内水位,2024/06/18,3:05:08,5.0
下游闸外水位,2024/06/18,3:05:08,5.0
上游闸内水位,2024/06/18,3:07:45,5.1
上游闸外水位,2024/06/18,3:07:45,4.9
上游闸内水位,2024/06/18,3:09:11,5.0
上游闸外水位,2024/06/18,3:09:11,4.9
下游闸内水位,2024/06/18,4:24:25,5.0
下游闸外水位,2024/06/18,4:24:25,5.0
上游闸内水位,2024/06/18,4:27:03,5.1
上游闸外水位,2024/06/18,4:27:03,5.0
上游闸内水位,2024/06/18,4:28:30,5.0
上游闸外水位,2024/06/18,4:28:30,5.0
上游闸内水位,2024/06/18,4:53:05,5.0
上游闸外水位,2024/06/18,4:53:05,5.0
下游闸内水位,2024/06/18,4:56:59,4.9
下游闸外水位,2024/06/18,4:56:59,5.0
内河侧水位,2024/06/18,5:00:00,5.0
长江侧水位,2024/06/18,5:00:00,4.9
下游闸内水位,2024/06/18,5:09:26,5.0
下游闸外水位,2024/06/18,5:09:26,4.9
上游闸内水位,2024/06/18,5:12:01,5.0
上游闸外水位,2024/06/18,5:12:01,5.0
上游闸内水位,2024/06/18,5:13:32,4.9
上游闸外水位,2024/06/18,5:13:32,5.0
上游闸内水位,2024/06/18,5:32:30,4.9
上游闸外水位,2024/06/18,5:32:30,4.9
下游闸内水位,2024/06/18,5:35:05,4.9
下游闸外水位,2024/06/18,5:35:05,4.9
下游闸内水位,2024/06/18,5:37:12,4.9
下游闸外水位,2024/06/18,5:37:12,4.9
下游闸内水位,2024/06/18,5:48:36,4.9
下游闸外水位,2024/06/18,5:48:36,4.9
上游闸内水位,2024/06/18,5:51:12,4.9
上游闸外水位,2024/06/18,5:51:12,4.9
上游闸内水位,2024/06/18,5:52:41,4.9
上游闸外水位,2024/06/18,5:52:41,4.9
内河侧水位,2024/06/18,6:00:00,4.9
长江侧水位,2024/06/18,6:00:00,4.9
下游闸内水位,2024/06/18,6:22:21,4.8
下游闸外水位,2024/06/18,6:22:21,4.8
上游闸内水位,2024/06/18,6:36:59,4.8
上游闸外水位,2024/06/18,6:36:59,4.8
上游闸内水位,2024/06/18,6:38:34,4.8
上游闸外水位,2024/06/18,6:38:34,4.8
下游闸内水位,2024/06/18,6:56:44,4.8
下游闸外水位,2024/06/18,6:56:44,4.7
内河侧水位,2024/06/18,7:00:00,4.8
长江侧水位,2024/06/18,7:00:00,4.7
下游闸内水位,2024/06/18,7:07:23,4.8
下游闸外水位,2024/06/18,7:07:23,4.7
上游闸内水位,2024/06/18,7:09:59,4.8
上游闸外水位,2024/06/18,7:09:59,4.8
上游闸内水位,2024/06/18,7:11:45,4.7
上游闸外水位,2024/06/18,7:11:45,4.8
上游闸内水位,2024/06/18,7:23:51,4.7
上游闸外水位,2024/06/18,7:23:51,4.7
下游闸内水位,2024/06/18,7:27:01,4.7
下游闸外水位,2024/06/18,7:27:01,4.7
下游闸内水位,2024/06/18,7:45:42,4.7
下游闸外水位,2024/06/18,7:45:42,4.7
上游闸内水位,2024/06/18,7:50:40,4.7
上游闸外水位,2024/06/18,7:50:40,4.7
上游闸内水位,2024/06/18,7:52:08,4.7
上游闸外水位,2024/06/18,7:52:08,4.7
下游闸内水位,2024/06/18,15:38:13,4.9
上游闸外水位,2024/06/18,11:30:17,4.4
上游闸内水位,2024/06/18,11:47:45,4.3
上游闸外水位,2024/06/18,11:47:45,4.4
下游闸内水位,2024/06/18,11:50:16,4.3
下游闸外水位,2024/06/18,11:50:16,4.4
内河侧水位,2024/06/18,12:00:00,4.4
长江侧水位,2024/06/18,12:00:00,4.4
下游闸内水位,2024/06/18,12:14:13,4.3
下游闸外水位,2024/06/18,12:14:13,4.3
上游闸内水位,2024/06/18,12:16:51,4.4
上游闸外水位,2024/06/18,12:16:51,4.4
上游闸内水位,2024/06/18,12:18:14,4.3
上游闸外水位,2024/06/18,12:18:14,4.4
上游闸内水位,2024/06/18,12:30:15,4.4
上游闸外水位,2024/06/18,12:30:15,4.4
下游闸内水位,2024/06/18,12:32:50,4.3
下游闸外水位,2024/06/18,12:32:50,4.3
下游闸内水位,2024/06/18,12:34:10,4.3
下游闸外水位,2024/06/18,12:34:10,4.3
下游闸内水位,2024/06/18,12:45:14,4.4
下游闸外水位,2024/06/18,12:45:14,4.4
上游闸内水位,2024/06/18,12:47:55,4.4
上游闸外水位,2024/06/18,12:47:55,4.4
上游闸内水位,2024/06/18,12:49:41,4.4
上游闸外水位,2024/06/18,12:49:41,4.4
内河侧水位,2024/06/18,13:00:00,4.4
长江侧水位,2024/06/18,13:00:00,4.4
上游闸内水位,2024/06/18,13:13:36,4.4
上游闸外水位,2024/06/18,13:13:36,4.4
下游闸内水位,2024/06/18,13:16:52,4.4
下游闸外水位,2024/06/18,13:16:52,4.4
下游闸内水位,2024/06/18,13:30:10,4.4
下游闸外水位,2024/06/18,13:30:10,4.4
内河侧水位,2024/06/18,14:00:00,4.5
长江侧水位,2024/06/18,14:00:00,4.6
下游闸内水位,2024/06/18,14:04:26,4.6
下游闸外水位,2024/06/18,14:04:26,4.6
上游闸内水位,2024/06/18,14:07:08,4.6
上游闸外水位,2024/06/18,14:07:08,4.6
上游闸内水位,2024/06/18,14:08:30,4.6
上游闸外水位,2024/06/18,14:08:30,4.6
上游闸内水位,2024/06/18,14:40:17,4.7
上游闸外水位,2024/06/18,14:40:17,4.7
下游闸内水位,2024/06/18,14:42:50,4.6
下游闸外水位,2024/06/18,14:42:50,4.7
下游闸内水位,2024/06/18,14:55:45,4.8
下游闸外水位,2024/06/18,14:55:45,4.8
上游闸内水位,2024/06/18,14:58:24,4.8
上游闸外水位,2024/06/18,14:58:24,4.8
上游闸内水位,2024/06/18,14:59:51,4.7
上游闸外水位,2024/06/18,14:59:51,4.7
内河侧水位,2024/06/18,15:00:00,4.7
长江侧水位,2024/06/18,15:00:00,4.8
上游闸内水位,2024/06/18,15:07:48,4.7
上游闸外水位,2024/06/18,15:07:48,4.8
下游闸内水位,2024/06/18,15:10:24,4.7
下游闸外水位,2024/06/18,15:10:24,4.8
上游闸内水位,2024/06/19,3:57:06,3.7
上游闸外水位,2024/06/19,3:57:06,3.8
内河侧水位,2024/06/19,4:00:00,3.7
长江侧水位,2024/06/19,4:00:00,5.4
下游闸内水位,2024/06/19,4:01:17,3.7
下游闸外水位,2024/06/19,4:01:17,5.4
上游闸内水位,2024/06/19,4:58:02,3.7
上游闸外水位,2024/06/19,4:58:02,3.7
内河侧水位,2024/06/19,5:00:00,3.7
长江侧水位,2024/06/19,5:00:00,5.4
下游闸内水位,2024/06/19,5:01:05,3.7
下游闸外水位,2024/06/19,5:01:05,5.4
下游闸内水位,2024/06/19,5:05:49,5.2
下游闸外水位,2024/06/19,5:05:49,5.3
下游闸内水位,2024/06/19,5:16:32,5.4
下游闸外水位,2024/06/19,5:16:32,5.3
上游闸内水位,2024/06/19,5:19:47,5.2
上游闸外水位,2024/06/19,5:19:47,3.7
上游闸内水位,2024/06/19,5:24:00,3.8
上游闸外水位,2024/06/19,5:24:00,3.7
上游闸内水位,2024/06/19,5:45:48,3.7
上游闸外水位,2024/06/19,5:45:48,3.7
下游闸内水位,2024/06/19,5:49:05,3.7
下游闸外水位,2024/06/19,5:49:05,5.2
下游闸内水位,2024/06/19,5:53:48,5.2
下游闸外水位,2024/06/19,5:53:48,5.3
内河侧水位,2024/06/19,6:00:00,3.7
长江侧水位,2024/06/19,6:00:00,5.3
下游闸内水位,2024/06/19,6:05:44,5.2
下游闸外水位,2024/06/19,6:05:44,5.1
下游闸外水位,2024/06/18,15:38:13,4.9
上游闸内水位,2024/06/18,15:40:50,4.9
上游闸外水位,2024/06/18,15:40:50,4.8
内河侧水位,2024/06/18,16:00:01,4.8
长江侧水位,2024/06/18,16:00:01,4.9
上游闸内水位,2024/06/18,16:02:38,4.7
上游闸外水位,2024/06/18,16:02:38,4.8
下游闸内水位,2024/06/18,16:36:56,4.9
下游闸外水位,2024/06/18,16:36:56,4.9
上游闸内水位,2024/06/18,16:39:37,4.9
上游闸外水位,2024/06/18,16:39:37,4.8
上游闸内水位,2024/06/18,16:41:02,4.8
上游闸外水位,2024/06/18,16:41:02,4.8
内河侧水位,2024/06/18,17:00:00,4.5
长江侧水位,2024/06/18,17:00:00,4.9
上游闸内水位,2024/06/18,17:18:15,4.4
上游闸外水位,2024/06/18,17:18:15,4.4
下游闸内水位,2024/06/18,17:20:53,4.4
下游闸外水位,2024/06/18,17:20:53,4.9
下游闸内水位,2024/06/18,17:22:51,4.7
下游闸外水位,2024/06/18,17:22:51,4.8
下游闸内水位,2024/06/18,17:44:54,4.8
下游闸外水位,2024/06/18,17:44:54,4.8
上游闸内水位,2024/06/18,17:47:49,4.9
上游闸外水位,2024/06/18,17:47:49,4.3
上游闸内水位,2024/06/18,17:50:04,4.5
上游闸外水位,2024/06/18,17:50:04,4.3
内河侧水位,2024/06/18,18:00:00,4.3
长江侧水位,2024/06/18,18:00:00,4.8
上游闸内水位,2024/06/18,18:14:27,4.2
上游闸外水位,2024/06/18,18:14:27,4.2
下游闸内水位,2024/06/18,18:17:08,4.2
下游闸外水位,2024/06/18,18:17:08,4.8
下游闸内水位,2024/06/18,18:19:25,4.6
下游闸外水位,2024/06/18,18:19:25,4.8
下游闸内水位,2024/06/18,18:52:20,4.7
下游闸外水位,2024/06/18,18:52:20,4.7
上游闸内水位,2024/06/18,18:55:42,4.7
上游闸外水位,2024/06/18,18:55:42,4.1
上游闸内水位,2024/06/18,18:58:12,4.2
上游闸外水位,2024/06/18,18:58:12,4.1
内河侧水位,2024/06/18,19:00:00,4.0
长江侧水位,2024/06/18,19:00:00,4.7
上游闸内水位,2024/06/18,19:35:46,4.0
上游闸外水位,2024/06/18,19:35:46,4.0
下游闸内水位,2024/06/18,19:38:30,4.0
下游闸外水位,2024/06/18,19:38:30,4.6
下游闸内水位,2024/06/18,19:40:58,4.5
下游闸外水位,2024/06/18,19:40:58,4.6
内河侧水位,2024/06/18,20:00:00,4.0
长江侧水位,2024/06/18,20:00:00,4.6
下游闸内水位,2024/06/18,20:18:09,4.6
下游闸外水位,2024/06/18,20:18:09,4.6
上游闸内水位,2024/06/18,20:22:15,4.6
上游闸外水位,2024/06/18,20:22:15,3.9
上游闸内水位,2024/06/18,20:25:01,4.0
上游闸外水位,2024/06/18,20:25:01,3.9
内河侧水位,2024/06/18,21:00:00,3.9
长江侧水位,2024/06/18,21:00:00,4.5
上游闸内水位,2024/06/18,21:06:32,3.9
上游闸外水位,2024/06/18,21:06:32,3.9
下游闸内水位,2024/06/18,21:09:07,3.9
下游闸外水位,2024/06/18,21:09:07,4.5
下游闸内水位,2024/06/18,21:11:35,4.3
下游闸外水位,2024/06/18,21:11:35,4.5
下游闸内水位,2024/06/18,21:49:14,4.5
下游闸外水位,2024/06/18,21:49:14,4.5
上游闸内水位,2024/06/18,21:51:50,4.5
上游闸外水位,2024/06/18,21:51:50,3.9
上游闸内水位,2024/06/18,21:54:08,4.0
上游闸外水位,2024/06/18,21:54:08,3.9
内河侧水位,2024/06/18,22:00:00,3.9
长江侧水位,2024/06/18,22:00:00,4.4
上游闸内水位,2024/06/18,22:30:36,3.8
上游闸外水位,2024/06/18,22:30:36,3.9
下游闸内水位,2024/06/18,22:33:15,3.9
下游闸外水位,2024/06/18,22:33:15,4.4
下游闸内水位,2024/06/18,22:35:23,4.2
下游闸外水位,2024/06/18,22:35:23,4.4
内河侧水位,2024/06/18,23:00:00,3.9
长江侧水位,2024/06/18,23:00:00,4.3
下游闸内水位,2024/06/18,23:15:06,4.3
下游闸外水位,2024/06/18,23:15:06,4.3
上游闸内水位,2024/06/18,23:20:20,3.9
上游闸外水位,2024/06/18,23:20:20,3.8
内河侧水位,2024/06/19,0:00:00,3.8
长江侧水位,2024/06/19,0:00:00,4.3
下游闸内水位,2024/06/18,16:05:19,4.8
下游闸外水位,2024/06/18,16:05:19,4.9
下游闸内水位,2024/06/18,16:06:29,4.8
下游闸外水位,2024/06/18,16:06:29,4.9
上游闸内水位,2024/06/18,23:17:46,4.3
上游闸外水位,2024/06/18,23:17:46,3.9
上游闸内水位,2024/06/19,0:00:29,3.8
上游闸外水位,2024/06/19,0:00:29,3.8
下游闸内水位,2024/06/19,0:03:35,3.8
下游闸外水位,2024/06/19,0:03:35,4.3
下游闸内水位,2024/06/19,0:05:41,4.1
下游闸外水位,2024/06/19,0:05:41,4.3
下游闸内水位,2024/06/19,0:43:32,4.4
下游闸外水位,2024/06/19,0:43:32,4.4
上游闸内水位,2024/06/19,0:46:19,4.4
上游闸外水位,2024/06/19,0:46:19,3.8
上游闸内水位,2024/06/19,0:48:34,4.0
上游闸外水位,2024/06/19,0:48:34,3.8
内河侧水位,2024/06/19,1:00:00,3.8
长江侧水位,2024/06/19,1:00:00,4.4
上游闸内水位,2024/06/19,1:38:10,3.8
上游闸外水位,2024/06/19,1:38:10,3.8
下游闸内水位,2024/06/19,1:40:51,3.8
下游闸外水位,2024/06/19,1:40:51,4.7
下游闸内水位,2024/06/19,1:44:53,4.6
下游闸外水位,2024/06/19,1:44:53,4.7
下游闸内水位,2024/06/19,1:59:49,4.8
下游闸外水位,2024/06/19,1:59:49,4.7
内河侧水位,2024/06/19,2:00:00,3.8
长江侧水位,2024/06/19,2:00:00,4.7
上游闸内水位,2024/06/19,2:02:24,4.9
上游闸外水位,2024/06/19,2:02:24,3.8
上游闸内水位,2024/06/19,2:06:19,3.8
上游闸外水位,2024/06/19,2:06:19,3.7
上游闸内水位,2024/06/19,2:19:57,3.7
上游闸外水位,2024/06/19,2:19:57,3.7
下游闸内水位,2024/06/19,2:22:36,3.7
下游闸外水位,2024/06/19,2:22:36,4.9
下游闸内水位,2024/06/19,2:26:31,4.8
下游闸外水位,2024/06/19,2:26:31,5.0
下游闸内水位,2024/06/19,2:34:59,5.1
下游闸外水位,2024/06/19,2:34:59,5.1
上游闸内水位,2024/06/19,2:38:48,5.1
上游闸外水位,2024/06/19,2:38:48,3.8
上游闸内水位,2024/06/19,2:42:53,3.8
上游闸外水位,2024/06/19,2:42:53,3.7
内河侧水位,2024/06/19,3:00:00,3.8
长江侧水位,2024/06/19,3:00:00,5.2
上游闸内水位,2024/06/19,3:02:26,3.7
上游闸外水位,2024/06/19,3:02:26,3.8
下游闸内水位,2024/06/19,3:05:09,3.7
下游闸外水位,2024/06/19,3:05:09,5.2
下游闸内水位,2024/06/19,3:09:22,5.0
下游闸外水位,2024/06/19,3:09:22,5.2
下游闸内水位,2024/06/19,3:23:33,5.3
下游闸外水位,2024/06/19,3:23:33,5.2
上游闸内水位,2024/06/19,3:26:09,5.3
上游闸外水位,2024/06/19,3:26:09,3.8
上游闸内水位,2024/06/19,3:32:23,3.7
上游闸外水位,2024/06/19,3:32:23,3.7
下游闸内水位,2024/06/19,4:05:58,5.2
下游闸外水位,2024/06/19,4:05:58,5.4
下游闸内水位,2024/06/19,4:19:39,5.4
下游闸外水位,2024/06/19,4:19:39,5.3
上游闸内水位,2024/06/19,4:22:18,5.4
上游闸外水位,2024/06/19,4:22:18,3.7
上游闸内水位,2024/06/19,4:27:37,3.8
上游闸外水位,2024/06/19,4:27:37,3.7
上游闸内水位,2024/06/19,10:45:38,3.7
上游闸外水位,2024/06/19,10:45:38,3.7
上游闸内水位,2024/06/19,11:20:19,4.6
上游闸外水位,2024/06/19,11:20:19,3.7
内河侧水位,2024/06/19,13:00:00,3.7
长江侧水位,2024/06/19,13:00:00,4.5
上游闸内水位,2024/06/19,13:08:33,3.7
上游闸外水位,2024/06/19,13:08:33,3.7
下游闸内水位,2024/06/19,13:11:14,3.7
下游闸外水位,2024/06/19,13:11:14,4.5
下游闸内水位,2024/06/19,13:14:11,4.4
下游闸外水位,2024/06/19,13:14:11,4.5
下游闸内水位,2024/06/19,13:50:40,4.5
下游闸外水位,2024/06/19,13:50:40,4.5
上游闸内水位,2024/06/19,13:53:19,4.6
上游闸外水位,2024/06/19,13:53:19,3.7
上游闸内水位,2024/06/19,13:56:24,3.8
上游闸外水位,2024/06/19,13:56:24,3.7
内河侧水位,2024/06/19,14:00:00,3.7
上游闸内水位,2024/06/19,6:08:19,5.2
上游闸外水位,2024/06/19,6:08:19,3.7
上游闸内水位,2024/06/19,6:12:36,3.8
上游闸外水位,2024/06/19,6:12:36,3.7
上游闸内水位,2024/06/19,6:23:01,3.7
上游闸外水位,2024/06/19,6:23:01,3.7
下游闸内水位,2024/06/19,6:25:32,3.6
下游闸外水位,2024/06/19,6:25:32,5.2
下游闸内水位,2024/06/19,6:30:32,5.0
下游闸外水位,2024/06/19,6:30:32,5.2
下游闸内水位,2024/06/19,6:38:46,5.2
下游闸外水位,2024/06/19,6:38:46,5.2
上游闸内水位,2024/06/19,6:41:34,5.2
上游闸外水位,2024/06/19,6:41:34,3.7
上游闸内水位,2024/06/19,6:45:48,3.8
上游闸外水位,2024/06/19,6:45:48,3.7
上游闸内水位,2024/06/19,6:54:45,3.7
上游闸外水位,2024/06/19,6:54:45,3.7
下游闸内水位,2024/06/19,6:58:02,3.7
下游闸外水位,2024/06/19,6:58:02,5.1
内河侧水位,2024/06/19,7:00:00,3.7
长江侧水位,2024/06/19,7:00:00,5.0
下游闸内水位,2024/06/19,7:02:48,5.0
下游闸外水位,2024/06/19,7:02:48,5.1
下游闸内水位,2024/06/19,7:14:28,5.0
下游闸外水位,2024/06/19,7:14:28,5.0
上游闸内水位,2024/06/19,7:17:16,5.1
上游闸外水位,2024/06/19,7:17:16,3.7
上游闸内水位,2024/06/19,7:21:22,3.7
上游闸外水位,2024/06/19,7:21:22,3.6
上游闸内水位,2024/06/19,7:43:19,3.7
上游闸外水位,2024/06/19,7:43:19,3.7
下游闸内水位,2024/06/19,7:45:59,3.7
下游闸外水位,2024/06/19,7:45:59,4.9
下游闸内水位,2024/06/19,7:50:10,4.9
下游闸外水位,2024/06/19,7:50:10,5.1
内河侧水位,2024/06/19,8:00:00,3.8
长江侧水位,2024/06/19,8:00:00,4.9
下游闸内水位,2024/06/19,8:03:13,4.9
下游闸外水位,2024/06/19,8:03:13,4.9
上游闸内水位,2024/06/19,8:05:55,5.0
上游闸外水位,2024/06/19,8:05:55,3.8
上游闸内水位,2024/06/19,8:09:42,3.8
上游闸外水位,2024/06/19,8:09:42,3.7
上游闸内水位,2024/06/19,8:33:17,3.7
上游闸外水位,2024/06/19,8:33:17,3.7
下游闸内水位,2024/06/19,8:35:48,3.7
下游闸外水位,2024/06/19,8:35:48,4.9
下游闸内水位,2024/06/19,8:39:27,4.8
下游闸外水位,2024/06/19,8:39:27,4.9
内河侧水位,2024/06/19,9:00:00,3.7
长江侧水位,2024/06/19,9:00:00,4.9
下游闸内水位,2024/06/19,9:00:01,4.9
下游闸外水位,2024/06/19,9:00:01,4.9
上游闸内水位,2024/06/19,9:02:35,4.9
上游闸外水位,2024/06/19,9:02:35,3.7
上游闸内水位,2024/06/19,9:06:10,3.8
上游闸外水位,2024/06/19,9:06:10,3.7
上游闸内水位,2024/06/19,9:13:24,3.7
上游闸外水位,2024/06/19,9:13:24,3.7
下游闸内水位,2024/06/19,9:15:54,3.7
下游闸外水位,2024/06/19,9:15:54,4.8
下游闸内水位,2024/06/19,9:19:30,4.7
下游闸外水位,2024/06/19,9:19:30,4.8
下游闸内水位,2024/06/19,9:23:43,4.8
下游闸外水位,2024/06/19,9:23:43,4.8
上游闸内水位,2024/06/19,9:26:17,4.7
上游闸外水位,2024/06/19,9:26:17,3.7
上游闸内水位,2024/06/19,9:29:41,3.8
上游闸外水位,2024/06/19,9:29:41,3.7
内河侧水位,2024/06/19,10:00:00,3.7
长江侧水位,2024/06/19,10:00:00,4.7
上游闸内水位,2024/06/19,10:03:26,3.7
上游闸外水位,2024/06/19,10:03:26,3.7
下游闸内水位,2024/06/19,10:05:58,3.6
下游闸外水位,2024/06/19,10:05:58,4.7
下游闸内水位,2024/06/19,10:09:43,4.6
下游闸外水位,2024/06/19,10:09:43,4.8
下游闸内水位,2024/06/19,10:22:29,4.6
下游闸外水位,2024/06/19,10:22:29,4.6
上游闸内水位,2024/06/19,10:25:02,4.8
上游闸外水位,2024/06/19,10:25:02,3.7
上游闸内水位,2024/06/19,10:28:43,3.8
上游闸外水位,2024/06/19,10:28:43,3.7
下游闸内水位,2024/06/19,10:48:14,3.7
下游闸外水位,2024/06/19,10:48:14,4.6
下游闸内水位,2024/06/19,10:51:22,4.5
下游闸外水位,2024/06/19,10:51:22,4.6
内河侧水位,2024/06/19,11:00:00,3.7
长江侧水位,2024/06/19,11:00:00,4.6
下游闸内水位,2024/06/19,11:17:14,4.6
下游闸外水位,2024/06/19,11:17:14,4.6
上游闸内水位,2024/06/19,11:23:34,3.8
上游闸外水位,2024/06/19,11:23:34,3.7
内河侧水位,2024/06/19,12:00:00,3.7
长江侧水位,2024/06/19,12:00:00,4.6
上游闸内水位,2024/06/19,12:00:47,3.7
上游闸外水位,2024/06/19,12:00:47,3.7
下游闸内水位,2024/06/19,12:03:40,3.7
下游闸外水位,2024/06/19,12:03:40,4.5
下游闸内水位,2024/06/19,12:06:40,4.4
下游闸外水位,2024/06/19,12:06:40,4.5
下游闸内水位,2024/06/19,12:31:35,4.5
下游闸外水位,2024/06/19,12:31:35,4.5
上游闸内水位,2024/06/19,12:34:07,4.5
上游闸外水位,2024/06/19,12:34:07,3.7
上游闸内水位,2024/06/19,12:37:00,3.8
上游闸外水位,2024/06/19,12:37:00,3.7
上游闸内水位,2024/06/19,15:40:55,3.7
上游闸外水位,2024/06/19,15:40:55,3.7
下游闸内水位,2024/06/19,15:43:30,3.6
下游闸外水位,2024/06/19,15:43:30,5.1
上游闸内水位,2024/06/19,16:06:43,5.1
上游闸外水位,2024/06/19,16:06:43,3.7
上游闸内水位,2024/06/19,16:35:10,3.7
上游闸外水位,2024/06/19,16:35:10,3.7
下游闸内水位,2024/06/19,16:37:43,3.6
下游闸外水位,2024/06/19,16:37:43,5.1
下游闸内水位,2024/06/20,3:34:44,3.6
下游闸外水位,2024/06/20,3:34:44,5.2
下游闸内水位,2024/06/20,3:39:30,5.2
下游闸外水位,2024/06/20,3:39:30,5.3
上游闸内水位,2024/06/20,9:28:38,3.7
上游闸外水位,2024/06/20,9:28:38,3.7
下游闸内水位,2024/06/20,9:31:18,3.6
下游闸外水位,2024/06/20,9:31:18,5.0
下游闸内水位,2024/06/20,9:48:24,5.0
下游闸外水位,2024/06/20,9:48:24,4.9
内河侧水位,2024/06/20,10:00:00,3.7
长江侧水位,2024/06/20,10:00:00,5.0
下游闸内水位,2024/06/20,10:28:14,4.9
下游闸外水位,2024/06/20,10:28:14,4.9
上游闸内水位,2024/06/20,10:30:49,4.9
上游闸外水位,2024/06/20,10:30:49,3.7
上游闸内水位,2024/06/20,10:34:12,4.4
上游闸外水位,2024/06/20,10:34:12,3.7
上游闸内水位,2024/06/20,10:36:34,3.8
上游闸外水位,2024/06/20,10:36:34,3.7
内河侧水位,2024/06/20,11:00:00,3.7
长江侧水位,2024/06/20,11:00:00,4.8
上游闸内水位,2024/06/20,11:15:21,3.6
上游闸外水位,2024/06/20,11:15:21,3.7
下游闸内水位,2024/06/20,11:17:54,3.6
下游闸外水位,2024/06/20,11:17:54,4.8
下游闸内水位,2024/06/20,11:21:36,4.6
下游闸外水位,2024/06/20,11:21:36,4.8
下游闸内水位,2024/06/20,11:51:38,4.7
下游闸外水位,2024/06/20,11:51:38,4.7
上游闸内水位,2024/06/20,11:54:14,4.7
上游闸外水位,2024/06/20,11:54:14,3.7
上游闸内水位,2024/06/20,11:57:06,4.3
上游闸外水位,2024/06/20,11:57:06,3.6
内河侧水位,2024/06/20,12:00:00,3.6
长江侧水位,2024/06/20,12:00:00,4.7
上游闸内水位,2024/06/20,12:00:29,3.6
上游闸外水位,2024/06/20,12:00:29,3.6
上游闸内水位,2024/06/20,12:35:58,3.6
上游闸外水位,2024/06/20,12:35:58,3.7
下游闸内水位,2024/06/20,12:38:39,3.6
下游闸外水位,2024/06/20,12:38:39,4.6
下游闸内水位,2024/06/20,12:42:01,4.5
下游闸外水位,2024/06/20,12:42:01,4.6
内河侧水位,2024/06/20,13:00:00,3.7
长江侧水位,2024/06/20,13:00:00,4.6
下游闸内水位,2024/06/20,13:12:51,4.6
下游闸外水位,2024/06/20,13:12:51,4.6
上游闸内水位,2024/06/20,13:15:47,4.6
上游闸外水位,2024/06/20,13:15:47,3.7
上游闸内水位,2024/06/20,13:19:20,3.7
上游闸外水位,2024/06/20,13:19:20,3.5
上游闸内水位,2024/06/20,13:40:21,3.7
上游闸外水位,2024/06/20,13:40:21,3.7
下游闸内水位,2024/06/20,13:43:19,3.6
下游闸外水位,2024/06/20,13:43:19,4.6
长江侧水位,2024/06/19,14:00:00,4.6
上游闸内水位,2024/06/19,14:28:57,3.7
上游闸外水位,2024/06/19,14:28:57,3.7
下游闸内水位,2024/06/19,14:32:13,3.6
下游闸外水位,2024/06/19,14:32:13,4.7
下游闸内水位,2024/06/19,14:35:48,4.6
下游闸外水位,2024/06/19,14:35:48,4.7
内河侧水位,2024/06/19,15:00:00,3.6
长江侧水位,2024/06/19,15:00:00,4.9
下游闸内水位,2024/06/19,15:14:36,4.9
下游闸外水位,2024/06/19,15:14:36,4.9
上游闸内水位,2024/06/19,15:17:10,5.0
上游闸外水位,2024/06/19,15:17:10,3.7
上游闸内水位,2024/06/19,15:21:32,3.7
上游闸外水位,2024/06/19,15:21:32,3.5
下游闸内水位,2024/06/19,16:42:17,5.0
下游闸外水位,2024/06/19,16:42:17,5.1
内河侧水位,2024/06/19,17:00:00,3.7
长江侧水位,2024/06/19,17:00:00,5.2
下游闸内水位,2024/06/19,17:17:10,5.1
下游闸外水位,2024/06/19,17:17:10,5.1
上游闸内水位,2024/06/19,17:19:47,5.1
上游闸外水位,2024/06/19,17:19:47,3.6
上游闸内水位,2024/06/19,17:24:34,3.6
上游闸外水位,2024/06/19,17:24:34,3.6
上游闸内水位,2024/06/19,17:56:01,3.7
上游闸外水位,2024/06/19,17:56:01,3.7
下游闸内水位,2024/06/19,17:58:36,3.6
下游闸外水位,2024/06/19,17:58:36,5.1
内河侧水位,2024/06/19,18:00:00,3.7
长江侧水位,2024/06/19,18:00:00,5.0
下游闸内水位,2024/06/19,18:03:33,5.0
下游闸外水位,2024/06/19,18:03:33,5.0
下游闸内水位,2024/06/19,18:37:38,5.0
下游闸外水位,2024/06/19,18:37:38,5.0
上游闸内水位,2024/06/19,18:40:22,5.0
上游闸外水位,2024/06/19,18:40:22,3.7
上游闸内水位,2024/06/19,18:44:27,3.7
上游闸外水位,2024/06/19,18:44:27,3.6
内河侧水位,2024/06/19,19:00:00,3.7
长江侧水位,2024/06/19,19:00:00,5.0
上游闸内水位,2024/06/19,19:17:01,3.6
上游闸外水位,2024/06/19,19:17:01,3.7
下游闸内水位,2024/06/19,19:19:58,3.6
下游闸外水位,2024/06/19,19:19:58,4.9
下游闸内水位,2024/06/19,19:26:47,4.9
下游闸外水位,2024/06/19,19:26:47,4.9
内河侧水位,2024/06/19,20:00:00,3.7
长江侧水位,2024/06/19,20:00:00,4.9
下游闸内水位,2024/06/19,20:19:14,4.8
下游闸外水位,2024/06/19,20:19:14,4.8
上游闸内水位,2024/06/19,20:21:58,4.8
上游闸外水位,2024/06/19,20:21:58,3.7
上游闸内水位,2024/06/19,20:25:26,3.8
上游闸外水位,2024/06/19,20:25:26,3.7
内河侧水位,2024/06/19,21:00:00,3.7
长江侧水位,2024/06/19,21:00:00,4.7
上游闸内水位,2024/06/19,21:07:31,3.6
上游闸外水位,2024/06/19,21:07:31,3.7
下游闸内水位,2024/06/19,21:11:55,3.7
下游闸外水位,2024/06/19,21:11:55,4.7
下游闸内水位,2024/06/19,21:15:19,4.5
下游闸外水位,2024/06/19,21:15:19,4.7
下游闸内水位,2024/06/19,21:52:51,4.7
下游闸外水位,2024/06/19,21:52:51,4.7
上游闸内水位,2024/06/19,21:56:04,4.6
上游闸外水位,2024/06/19,21:56:04,3.7
上游闸内水位,2024/06/19,21:59:18,3.8
上游闸外水位,2024/06/19,21:59:18,3.7
内河侧水位,2024/06/19,22:00:00,3.6
长江侧水位,2024/06/19,22:00:00,4.6
上游闸内水位,2024/06/19,22:35:54,3.7
上游闸外水位,2024/06/19,22:35:54,3.7
下游闸内水位,2024/06/19,22:38:44,3.7
下游闸外水位,2024/06/19,22:38:44,4.6
下游闸内水位,2024/06/19,22:41:45,4.4
下游闸外水位,2024/06/19,22:41:45,4.6
下游闸内水位,2024/06/19,22:52:06,4.5
下游闸外水位,2024/06/19,22:52:06,4.5
上游闸内水位,2024/06/19,22:54:59,4.5
上游闸外水位,2024/06/19,22:54:59,3.7
上游闸内水位,2024/06/19,22:58:26,3.7
上游闸外水位,2024/06/19,22:58:26,3.6
内河侧水位,2024/06/19,23:00:00,3.6
长江侧水位,2024/06/19,23:00:00,4.5
上游闸内水位,2024/06/19,23:11:25,3.6
上游闸外水位,2024/06/19,23:11:25,3.7
下游闸内水位,2024/06/19,15:47:50,4.9
下游闸外水位,2024/06/19,15:47:50,5.1
内河侧水位,2024/06/19,16:00:00,3.7
长江侧水位,2024/06/19,16:00:00,5.0
下游闸内水位,2024/06/19,16:04:07,5.1
下游闸外水位,2024/06/19,16:04:07,5.1
上游闸内水位,2024/06/19,16:10:55,3.7
上游闸外水位,2024/06/19,16:10:55,3.6
下游闸内水位,2024/06/19,23:14:01,3.7
下游闸外水位,2024/06/19,23:14:01,4.5
下游闸内水位,2024/06/19,23:16:55,4.3
下游闸外水位,2024/06/19,23:16:55,4.5
下游闸内水位,2024/06/19,23:51:38,4.5
下游闸外水位,2024/06/19,23:51:38,4.5
上游闸内水位,2024/06/19,23:54:40,4.5
上游闸外水位,2024/06/19,23:54:40,3.7
上游闸内水位,2024/06/19,23:57:51,3.7
上游闸外水位,2024/06/19,23:57:51,3.6
内河侧水位,2024/06/20,0:00:00,3.6
长江侧水位,2024/06/20,0:00:00,4.4
上游闸内水位,2024/06/20,0:30:57,3.7
上游闸外水位,2024/06/20,0:30:57,3.7
下游闸内水位,2024/06/20,0:33:37,3.6
下游闸外水位,2024/06/20,0:33:37,4.4
下游闸内水位,2024/06/20,0:36:31,4.3
下游闸外水位,2024/06/20,0:36:31,4.4
内河侧水位,2024/06/20,1:00:00,3.7
长江侧水位,2024/06/20,1:00:00,4.4
下游闸内水位,2024/06/20,1:18:51,4.4
下游闸外水位,2024/06/20,1:18:51,4.4
上游闸内水位,2024/06/20,1:21:32,4.4
上游闸外水位,2024/06/20,1:21:32,3.7
上游闸内水位,2024/06/20,1:24:53,3.7
上游闸外水位,2024/06/20,1:24:53,3.6
内河侧水位,2024/06/20,2:00:00,3.6
长江侧水位,2024/06/20,2:00:00,4.5
上游闸内水位,2024/06/20,2:10:08,3.6
上游闸外水位,2024/06/20,2:10:08,3.7
下游闸内水位,2024/06/20,2:12:42,3.6
下游闸外水位,2024/06/20,2:12:42,4.6
下游闸内水位,2024/06/20,2:16:00,4.4
下游闸外水位,2024/06/20,2:16:00,4.6
下游闸内水位,2024/06/20,2:47:06,4.9
下游闸外水位,2024/06/20,2:47:06,4.9
上游闸内水位,2024/06/20,2:49:49,5.0
上游闸外水位,2024/06/20,2:49:49,3.6
上游闸内水位,2024/06/20,2:54:09,3.7
上游闸外水位,2024/06/20,2:54:09,3.5
内河侧水位,2024/06/20,3:00:00,3.6
长江侧水位,2024/06/20,3:00:00,5.0
上游闸内水位,2024/06/20,3:32:10,3.6
上游闸外水位,2024/06/20,3:32:10,3.7
下游闸内水位,2024/06/20,3:53:27,5.4
下游闸外水位,2024/06/20,3:53:27,5.3
上游闸内水位,2024/06/20,3:56:13,5.4
上游闸外水位,2024/06/20,3:56:13,3.6
内河侧水位,2024/06/20,4:00:00,3.5
长江侧水位,2024/06/20,4:00:00,5.4
上游闸内水位,2024/06/20,4:01:17,3.6
上游闸外水位,2024/06/20,4:01:17,3.5
上游闸内水位,2024/06/20,4:26:47,3.7
上游闸外水位,2024/06/20,4:26:47,3.7
下游闸内水位,2024/06/20,4:29:23,3.6
下游闸外水位,2024/06/20,4:29:23,5.5
下游闸内水位,2024/06/20,4:34:26,5.4
下游闸外水位,2024/06/20,4:34:26,5.5
下游闸内水位,2024/06/20,4:48:46,5.5
下游闸外水位,2024/06/20,4:48:46,5.5
上游闸内水位,2024/06/20,4:51:21,5.6
上游闸外水位,2024/06/20,4:51:21,3.6
上游闸内水位,2024/06/20,4:56:43,3.6
上游闸外水位,2024/06/20,4:56:43,3.5
内河侧水位,2024/06/20,5:00:00,3.7
长江侧水位,2024/06/20,5:00:00,5.5
上游闸内水位,2024/06/20,5:17:16,3.6
上游闸外水位,2024/06/20,5:17:16,3.7
下游闸内水位,2024/06/20,5:20:32,3.6
下游闸外水位,2024/06/20,5:20:32,5.6
下游闸内水位,2024/06/20,5:25:50,5.4
下游闸外水位,2024/06/20,5:25:50,5.6
下游闸内水位,2024/06/20,5:50:05,5.5
下游闸外水位,2024/06/20,5:50:05,5.5
上游闸内水位,2024/06/20,5:52:43,5.5
上游闸外水位,2024/06/20,5:52:43,3.7
上游闸内水位,2024/06/20,5:57:48,3.7
上游闸外水位,2024/06/20,5:57:48,3.6
内河侧水位,2024/06/20,6:00:00,3.7
长江侧水位,2024/06/20,6:00:00,5.5
上游闸内水位,2024/06/20,6:19:43,3.6
上游闸外水位,2024/06/20,6:19:43,3.6
下游闸内水位,2024/06/20,6:23:07,3.7
下游闸外水位,2024/06/20,6:23:07,5.4
下游闸内水位,2024/06/20,6:26:36,4.6
下游闸外水位,2024/06/20,6:26:36,5.4
下游闸内水位,2024/06/20,6:29:13,5.3
下游闸外水位,2024/06/20,6:29:13,5.4
下游闸内水位,2024/06/20,6:38:55,5.4
下游闸外水位,2024/06/20,6:38:55,5.4
上游闸内水位,2024/06/20,6:41:54,5.4
上游闸外水位,2024/06/20,6:41:54,3.7
上游闸内水位,2024/06/20,6:47:11,3.6
上游闸外水位,2024/06/20,6:47:11,3.5
内河侧水位,2024/06/20,7:00:00,3.7
长江侧水位,2024/06/20,7:00:00,5.3
上游闸内水位,2024/06/20,7:05:05,3.6
上游闸外水位,2024/06/20,7:05:05,3.7
下游闸内水位,2024/06/20,7:08:10,3.6
下游闸外水位,2024/06/20,7:08:10,5.3
下游闸内水位,2024/06/20,7:13:05,5.2
下游闸外水位,2024/06/20,7:13:05,5.4
下游闸内水位,2024/06/20,7:30:19,5.4
下游闸外水位,2024/06/20,7:30:19,5.4
上游闸内水位,2024/06/20,7:32:58,5.3
上游闸外水位,2024/06/20,7:32:58,3.7
上游闸内水位,2024/06/20,7:37:33,3.7
上游闸外水位,2024/06/20,7:37:33,3.5
上游闸内水位,2024/06/20,7:53:22,3.6
上游闸外水位,2024/06/20,7:53:22,3.6
下游闸内水位,2024/06/20,7:55:54,3.6
下游闸外水位,2024/06/20,7:55:54,5.2
内河侧水位,2024/06/20,8:00:00,3.6
长江侧水位,2024/06/20,8:00:00,5.2
下游闸内水位,2024/06/20,8:00:32,5.1
下游闸外水位,2024/06/20,8:00:32,5.2
下游闸内水位,2024/06/20,8:08:15,5.3
下游闸外水位,2024/06/20,8:08:15,5.2
下游闸内水位,2024/06/20,8:11:01,5.2
下游闸外水位,2024/06/20,8:11:01,5.2
上游闸内水位,2024/06/20,8:11:28,5.2
上游闸外水位,2024/06/20,8:11:28,3.6
上游闸内水位,2024/06/20,8:16:13,3.6
上游闸外水位,2024/06/20,8:16:13,3.5
上游闸内水位,2024/06/20,8:37:46,3.6
上游闸外水位,2024/06/20,8:37:46,3.6
下游闸内水位,2024/06/20,8:40:49,3.6
下游闸外水位,2024/06/20,8:40:49,5.1
下游闸内水位,2024/06/20,8:45:30,5.0
下游闸外水位,2024/06/20,8:45:30,5.1
下游闸内水位,2024/06/20,8:55:30,5.1
下游闸外水位,2024/06/20,8:55:30,5.1
上游闸内水位,2024/06/20,8:58:48,5.0
上游闸外水位,2024/06/20,8:58:48,3.7
内河侧水位,2024/06/20,9:00:00,3.7
长江侧水位,2024/06/20,9:00:00,5.0
上游闸内水位,2024/06/20,9:03:17,3.7
上游闸外水位,2024/06/20,9:03:17,3.6
下游闸内水位,2024/06/20,15:42:51,3.6
下游闸外水位,2024/06/20,15:42:51,4.8
下游闸内水位,2024/06/20,15:46:53,4.8
下游闸外水位,2024/06/20,15:46:53,4.9
内河侧水位,2024/06/20,16:00:00,3.6
长江侧水位,2024/06/20,16:00:00,4.9
下游闸内水位,2024/06/20,16:08:11,5.0
下游闸外水位,2024/06/20,16:08:11,5.0
上游闸内水位,2024/06/20,16:10:47,5.0
上游闸外水位,2024/06/20,16:10:47,3.6
上游闸内水位,2024/06/20,16:14:44,3.7
上游闸外水位,2024/06/20,16:14:44,3.6
上游闸内水位,2024/06/20,16:42:25,3.6
上游闸外水位,2024/06/20,16:42:25,3.7
下游闸内水位,2024/06/20,16:45:13,3.6
下游闸外水位,2024/06/20,16:45:13,5.2
下游闸内水位,2024/06/20,16:49:58,5.1
下游闸外水位,2024/06/20,16:49:58,5.2
内河侧水位,2024/06/20,17:00:00,3.7
长江侧水位,2024/06/20,17:00:00,5.2
下游闸内水位,2024/06/20,17:14:33,5.2
下游闸外水位,2024/06/20,17:14:33,5.2
上游闸内水位,2024/06/20,17:17:12,5.2
上游闸外水位,2024/06/20,17:17:12,3.6
上游闸内水位,2024/06/20,17:22:36,3.6
上游闸外水位,2024/06/20,17:22:36,3.6
上游闸内水位,2024/06/20,17:50:31,3.6
上游闸外水位,2024/06/20,17:50:31,3.7
下游闸内水位,2024/06/20,13:46:26,4.4
下游闸外水位,2024/06/20,13:46:26,4.5
内河侧水位,2024/06/20,14:00:00,3.7
长江侧水位,2024/06/20,14:00:00,4.5
下游闸内水位,2024/06/20,14:01:10,4.6
下游闸外水位,2024/06/20,14:01:10,4.6
上游闸内水位,2024/06/20,14:03:46,4.6
上游闸外水位,2024/06/20,14:03:46,3.7
上游闸内水位,2024/06/20,14:07:49,3.6
上游闸外水位,2024/06/20,14:07:49,3.6
上游闸内水位,2024/06/20,14:34:39,3.7
上游闸外水位,2024/06/20,14:34:39,3.7
下游闸内水位,2024/06/20,14:37:14,3.6
下游闸外水位,2024/06/20,14:37:14,4.6
下游闸内水位,2024/06/20,14:40:33,4.5
下游闸外水位,2024/06/20,14:40:33,4.6
内河侧水位,2024/06/20,15:00:00,3.6
长江侧水位,2024/06/20,15:00:00,4.7
下游闸内水位,2024/06/20,15:14:36,4.7
下游闸外水位,2024/06/20,15:14:36,4.7
上游闸内水位,2024/06/20,15:17:12,4.7
上游闸外水位,2024/06/20,15:17:12,3.7
上游闸内水位,2024/06/20,15:21:05,3.7
上游闸外水位,2024/06/20,15:21:05,3.6
上游闸内水位,2024/06/20,15:40:18,3.7
上游闸外水位,2024/06/20,15:40:18,3.7
上游闸内水位,2024/06/21,3:35:44,3.7
上游闸外水位,2024/06/21,3:35:44,3.6
内河侧水位,2024/06/21,4:00:00,3.7
长江侧水位,2024/06/21,4:00:00,5.6
上游闸内水位,2024/06/21,4:15:03,3.7
上游闸外水位,2024/06/21,4:15:03,3.7
下游闸内水位,2024/06/21,4:17:39,3.6
下游闸外水位,2024/06/21,4:17:39,5.7
下游闸内水位,2024/06/21,4:23:14,5.6
下游闸外水位,2024/06/21,4:23:14,5.7
内河侧水位,2024/06/21,5:00:00,3.7
长江侧水位,2024/06/21,5:00:00,6.0
下游闸内水位,2024/06/21,5:03:14,5.9
下游闸外水位,2024/06/21,5:03:14,5.9
上游闸内水位,2024/06/21,5:05:55,6.0
上游闸外水位,2024/06/21,5:05:55,3.6
上游闸内水位,2024/06/21,5:11:52,3.6
上游闸外水位,2024/06/21,5:11:52,3.6
上游闸内水位,2024/06/21,5:45:35,3.6
上游闸外水位,2024/06/21,5:45:35,3.6
下游闸内水位,2024/06/21,5:48:07,3.7
下游闸外水位,2024/06/21,5:48:07,6.0
下游闸内水位,2024/06/21,5:53:51,5.8
下游闸外水位,2024/06/21,5:53:51,6.0
内河侧水位,2024/06/21,6:00:00,3.7
长江侧水位,2024/06/21,6:00:00,6.1
下游闸内水位,2024/06/21,6:14:10,6.0
下游闸外水位,2024/06/21,6:14:10,6.0
上游闸内水位,2024/06/21,6:16:46,6.0
上游闸外水位,2024/06/21,6:16:46,3.6
上游闸内水位,2024/06/21,6:54:28,3.6
上游闸外水位,2024/06/21,6:54:28,3.7
下游闸内水位,2024/06/21,6:57:05,3.6
下游闸外水位,2024/06/21,6:57:05,5.9
内河侧水位,2024/06/21,7:00:00,3.7
长江侧水位,2024/06/21,7:00:00,5.8
下游闸内水位,2024/06/21,7:02:49,5.7
下游闸外水位,2024/06/21,7:02:49,5.9
下游闸内水位,2024/06/21,7:28:02,5.8
下游闸外水位,2024/06/21,7:28:02,5.8
上游闸内水位,2024/06/21,7:31:13,5.8
上游闸外水位,2024/06/21,7:31:13,3.7
上游闸内水位,2024/06/21,7:36:21,3.7
上游闸外水位,2024/06/21,7:36:21,3.6
上游闸内水位,2024/06/21,7:55:06,3.6
上游闸外水位,2024/06/21,7:55:06,3.7
下游闸内水位,2024/06/21,7:57:39,3.6
下游闸外水位,2024/06/21,7:57:39,5.7
内河侧水位,2024/06/21,8:00:00,3.7
长江侧水位,2024/06/21,8:00:00,5.7
下游闸内水位,2024/06/21,8:03:26,5.7
下游闸外水位,2024/06/21,8:03:26,5.7
下游闸内水位,2024/06/21,8:24:17,5.7
下游闸外水位,2024/06/21,8:24:17,5.7
上游闸内水位,2024/06/21,8:26:53,5.7
上游闸外水位,2024/06/21,8:26:53,3.6
上游闸内水位,2024/06/21,8:32:27,3.6
上游闸外水位,2024/06/21,8:32:27,3.6
上游闸内水位,2024/06/21,8:54:02,3.6
上游闸外水位,2024/06/21,8:54:02,3.6
下游闸内水位,2024/06/21,8:56:34,3.7
下游闸内水位,2024/06/20,17:53:00,3.6
下游闸外水位,2024/06/20,17:53:00,5.3
下游闸内水位,2024/06/20,17:57:35,5.1
下游闸外水位,2024/06/20,17:57:35,5.2
内河侧水位,2024/06/20,18:00:00,3.6
长江侧水位,2024/06/20,18:00:00,5.2
下游闸内水位,2024/06/20,18:11:19,5.1
下游闸外水位,2024/06/20,18:11:19,5.2
上游闸内水位,2024/06/20,18:13:56,5.3
上游闸外水位,2024/06/20,18:13:56,3.7
上游闸内水位,2024/06/20,18:19:06,3.6
上游闸外水位,2024/06/20,18:19:06,3.5
上游闸内水位,2024/06/20,18:40:16,3.6
上游闸外水位,2024/06/20,18:40:16,3.6
下游闸内水位,2024/06/20,18:43:00,3.6
下游闸外水位,2024/06/20,18:43:00,5.2
下游闸内水位,2024/06/20,18:47:38,5.1
下游闸外水位,2024/06/20,18:47:38,5.2
内河侧水位,2024/06/20,19:00:00,3.6
长江侧水位,2024/06/20,19:00:00,5.1
下游闸内水位,2024/06/20,19:21:55,5.1
下游闸外水位,2024/06/20,19:21:55,5.1
上游闸内水位,2024/06/20,19:24:42,5.1
上游闸外水位,2024/06/20,19:24:42,3.7
上游闸内水位,2024/06/20,19:29:08,3.7
上游闸外水位,2024/06/20,19:29:08,3.5
内河侧水位,2024/06/20,20:00:00,3.7
长江侧水位,2024/06/20,20:00:00,5.1
上游闸内水位,2024/06/20,20:05:27,3.6
上游闸外水位,2024/06/20,20:05:27,3.7
下游闸内水位,2024/06/20,20:07:58,3.6
下游闸外水位,2024/06/20,20:07:58,5.0
下游闸内水位,2024/06/20,20:12:58,5.0
下游闸外水位,2024/06/20,20:12:58,5.1
下游闸内水位,2024/06/20,20:49:51,5.0
下游闸外水位,2024/06/20,20:49:51,5.0
上游闸内水位,2024/06/20,20:52:45,5.0
上游闸外水位,2024/06/20,20:52:45,3.7
上游闸内水位,2024/06/20,20:57:28,3.6
上游闸外水位,2024/06/20,20:57:28,3.4
内河侧水位,2024/06/20,21:00:00,3.7
长江侧水位,2024/06/20,21:00:00,5.0
上游闸内水位,2024/06/20,21:35:34,3.6
上游闸外水位,2024/06/20,21:35:34,3.7
下游闸内水位,2024/06/20,21:38:21,3.6
下游闸外水位,2024/06/20,21:38:21,4.9
下游闸内水位,2024/06/20,21:42:08,4.7
下游闸外水位,2024/06/20,21:42:08,4.9
内河侧水位,2024/06/20,22:00:00,3.6
长江侧水位,2024/06/20,22:00:00,4.9
下游闸内水位,2024/06/20,22:28:31,4.9
下游闸外水位,2024/06/20,22:28:31,4.8
上游闸内水位,2024/06/20,22:31:06,4.9
上游闸外水位,2024/06/20,22:31:06,3.7
上游闸内水位,2024/06/20,22:36:42,3.5
上游闸外水位,2024/06/20,22:36:42,3.6
内河侧水位,2024/06/20,23:00:00,3.7
长江侧水位,2024/06/20,23:00:00,4.8
上游闸内水位,2024/06/20,23:22:41,3.6
上游闸外水位,2024/06/20,23:22:41,3.7
下游闸内水位,2024/06/20,23:27:42,3.6
下游闸外水位,2024/06/20,23:27:42,4.7
下游闸内水位,2024/06/20,23:31:13,4.6
下游闸外水位,2024/06/20,23:31:13,4.7
内河侧水位,2024/06/21,0:00:00,3.7
长江侧水位,2024/06/21,0:00:00,4.6
下游闸内水位,2024/06/21,0:21:44,4.7
下游闸外水位,2024/06/21,0:21:44,4.6
上游闸内水位,2024/06/21,0:24:26,4.7
上游闸外水位,2024/06/21,0:24:26,3.7
上游闸内水位,2024/06/21,0:28:19,3.7
上游闸外水位,2024/06/21,0:28:19,3.5
内河侧水位,2024/06/21,1:00:00,3.7
长江侧水位,2024/06/21,1:00:00,4.5
上游闸内水位,2024/06/21,1:06:46,3.6
上游闸外水位,2024/06/21,1:06:46,3.7
下游闸内水位,2024/06/21,1:09:34,3.6
下游闸外水位,2024/06/21,1:09:34,4.6
下游闸内水位,2024/06/21,1:10:51,3.7
下游闸外水位,2024/06/21,1:10:51,4.6
下游闸内水位,2024/06/21,1:13:37,4.5
下游闸外水位,2024/06/21,1:13:37,4.6
下游闸内水位,2024/06/21,1:23:36,4.6
下游闸外水位,2024/06/21,1:23:36,4.6
上游闸内水位,2024/06/21,1:26:16,4.5
上游闸外水位,2024/06/21,1:26:16,3.6
上游闸内水位,2024/06/21,1:29:30,3.7
上游闸外水位,2024/06/21,1:29:30,3.6
上游闸内水位,2024/06/21,1:41:01,3.6
上游闸外水位,2024/06/21,1:41:01,3.7
下游闸内水位,2024/06/21,1:43:42,3.6
下游闸外水位,2024/06/21,1:43:42,4.5
下游闸内水位,2024/06/21,1:46:59,4.4
下游闸外水位,2024/06/21,1:46:59,4.6
下游闸内水位,2024/06/21,1:55:31,4.6
下游闸外水位,2024/06/21,1:55:31,4.6
上游闸内水位,2024/06/21,1:58:09,4.6
上游闸外水位,2024/06/21,1:58:09,3.6
内河侧水位,2024/06/21,2:00:00,3.4
长江侧水位,2024/06/21,2:00:00,4.5
上游闸内水位,2024/06/21,2:01:51,3.7
上游闸外水位,2024/06/21,2:01:51,3.6
上游闸内水位,2024/06/21,2:24:59,3.6
上游闸外水位,2024/06/21,2:24:59,3.6
下游闸内水位,2024/06/21,2:27:58,3.7
下游闸外水位,2024/06/21,2:27:58,4.7
下游闸内水位,2024/06/21,2:31:18,4.5
下游闸外水位,2024/06/21,2:31:18,4.6
内河侧水位,2024/06/21,3:00:00,3.6
长江侧水位,2024/06/21,3:00:00,4.9
下游闸内水位,2024/06/21,3:28:39,5.3
下游闸外水位,2024/06/21,3:28:39,5.3
上游闸内水位,2024/06/21,3:31:17,5.3
上游闸外水位,2024/06/21,3:31:17,3.7
上游闸内水位,2024/06/21,6:22:39,3.7
上游闸外水位,2024/06/21,6:22:39,3.6
上游闸内水位,2024/06/21,12:52:06,3.8
上游闸外水位,2024/06/21,12:52:06,3.8
上游闸内水位,2024/06/21,15:41:35,4.0
上游闸外水位,2024/06/21,15:41:35,4.0
上游闸内水位,2024/06/21,18:37:47,5.8
上游闸外水位,2024/06/21,18:37:47,4.2
上游闸内水位,2024/06/21,19:58:09,5.7
上游闸外水位,2024/06/21,19:58:09,4.2
上游闸内水位,2024/06/22,0:08:37,4.2
上游闸外水位,2024/06/22,0:08:37,4.2
上游闸内水位,2024/06/22,0:38:15,4.2
上游闸外水位,2024/06/22,0:38:15,4.2
上游闸内水位,2024/06/22,1:43:32,4.3
上游闸外水位,2024/06/22,1:43:32,4.2
上游闸内水位,2024/06/22,3:46:55,4.1
上游闸外水位,2024/06/22,3:46:55,4.1
下游闸内水位,2024/06/22,3:49:34,4.0
下游闸外水位,2024/06/22,3:49:34,5.3
下游闸内水位,2024/06/22,3:53:35,5.2
下游闸外水位,2024/06/22,3:53:35,5.4
内河侧水位,2024/06/22,4:00:00,4.1
长江侧水位,2024/06/22,4:00:00,5.5
下游闸内水位,2024/06/22,4:02:50,5.5
下游闸外水位,2024/06/22,4:02:50,5.5
上游闸内水位,2024/06/22,4:05:39,5.5
上游闸外水位,2024/06/22,4:05:39,4.1
上游闸内水位,2024/06/22,4:09:45,4.2
上游闸外水位,2024/06/22,4:09:45,4.0
上游闸内水位,2024/06/22,4:33:09,4.1
上游闸外水位,2024/06/22,4:33:09,4.1
下游闸内水位,2024/06/22,4:35:46,4.1
下游闸外水位,2024/06/22,4:35:46,5.9
下游闸内水位,2024/06/22,4:42:37,5.8
下游闸外水位,2024/06/22,4:42:37,6.0
下游闸内水位,2024/06/22,4:52:04,6.0
下游闸外水位,2024/06/22,4:52:04,6.0
上游闸内水位,2024/06/22,4:54:40,6.0
上游闸外水位,2024/06/22,4:54:40,4.1
内河侧水位,2024/06/22,5:00:00,4.0
长江侧水位,2024/06/22,5:00:00,6.1
上游闸内水位,2024/06/22,5:00:23,4.1
上游闸外水位,2024/06/22,5:00:23,4.0
上游闸内水位,2024/06/22,5:16:14,4.2
上游闸外水位,2024/06/22,5:16:14,4.2
下游闸内水位,2024/06/22,5:18:49,4.1
下游闸外水位,2024/06/22,5:18:49,6.2
下游闸内水位,2024/06/22,5:24:26,6.1
下游闸外水位,2024/06/22,5:24:26,6.2
下游闸内水位,2024/06/22,5:33:33,6.2
下游闸外水位,2024/06/22,5:33:33,6.2
上游闸内水位,2024/06/22,5:37:07,6.2
上游闸外水位,2024/06/22,5:37:07,4.1
上游闸内水位,2024/06/22,5:42:46,4.2
上游闸外水位,2024/06/22,5:42:46,4.1
上游闸内水位,2024/06/22,5:52:30,4.1
上游闸外水位,2024/06/22,5:52:30,4.2
下游闸内水位,2024/06/22,5:56:06,4.1
下游闸外水位,2024/06/22,5:56:06,6.3
下游闸外水位,2024/06/21,8:56:34,5.6
内河侧水位,2024/06/21,9:00:00,3.7
长江侧水位,2024/06/21,9:00:00,5.5
下游闸内水位,2024/06/21,9:01:42,5.4
下游闸外水位,2024/06/21,9:01:42,5.6
下游闸内水位,2024/06/21,9:09:18,5.6
下游闸外水位,2024/06/21,9:09:18,5.6
上游闸内水位,2024/06/21,9:12:01,5.5
上游闸外水位,2024/06/21,9:12:01,3.7
上游闸内水位,2024/06/21,9:16:56,3.7
上游闸外水位,2024/06/21,9:16:56,3.7
上游闸内水位,2024/06/21,9:34:26,3.7
上游闸外水位,2024/06/21,9:34:26,3.7
下游闸内水位,2024/06/21,9:37:04,3.7
下游闸外水位,2024/06/21,9:37:04,5.4
下游闸内水位,2024/06/21,9:41:50,5.3
下游闸外水位,2024/06/21,9:41:50,5.5
下游闸内水位,2024/06/21,9:53:25,5.4
下游闸外水位,2024/06/21,9:53:25,5.4
上游闸内水位,2024/06/21,9:56:06,5.5
上游闸外水位,2024/06/21,9:56:06,3.7
内河侧水位,2024/06/21,10:00:00,3.5
长江侧水位,2024/06/21,10:00:00,5.4
上游闸内水位,2024/06/21,10:01:11,3.7
上游闸外水位,2024/06/21,10:01:11,3.6
上游闸内水位,2024/06/21,10:18:45,3.7
上游闸外水位,2024/06/21,10:18:45,3.8
上游闸内水位,2024/06/21,10:19:41,3.7
上游闸外水位,2024/06/21,10:19:41,3.8
下游闸内水位,2024/06/21,10:22:13,3.7
下游闸外水位,2024/06/21,10:22:13,5.3
下游闸内水位,2024/06/21,10:27:07,5.2
下游闸外水位,2024/06/21,10:27:07,5.4
下游闸内水位,2024/06/21,10:59:56,5.3
下游闸外水位,2024/06/21,10:59:56,5.3
内河侧水位,2024/06/21,11:00:00,3.7
长江侧水位,2024/06/21,11:00:00,5.3
上游闸内水位,2024/06/21,11:05:14,5.3
上游闸外水位,2024/06/21,11:05:14,3.7
上游闸内水位,2024/06/21,11:10:08,3.7
上游闸外水位,2024/06/21,11:10:08,3.7
上游闸内水位,2024/06/21,11:37:50,3.7
上游闸外水位,2024/06/21,11:37:50,3.7
上游闸内水位,2024/06/21,11:44:28,3.7
上游闸外水位,2024/06/21,11:44:28,3.8
下游闸内水位,2024/06/21,11:51:14,3.7
下游闸外水位,2024/06/21,11:51:14,5.2
下游闸内水位,2024/06/21,11:55:18,5.0
下游闸外水位,2024/06/21,11:55:18,5.1
内河侧水位,2024/06/21,12:00:00,3.8
长江侧水位,2024/06/21,12:00:00,5.2
下游闸内水位,2024/06/21,12:28:06,5.2
下游闸外水位,2024/06/21,12:28:06,5.1
上游闸内水位,2024/06/21,12:30:47,5.2
上游闸外水位,2024/06/21,12:30:47,3.8
上游闸内水位,2024/06/21,12:34:51,3.9
上游闸外水位,2024/06/21,12:34:51,3.7
下游闸内水位,2024/06/21,12:54:40,3.8
下游闸外水位,2024/06/21,12:54:40,5.1
下游闸内水位,2024/06/21,12:58:44,5.0
下游闸外水位,2024/06/21,12:58:44,5.1
内河侧水位,2024/06/21,13:00:00,3.9
长江侧水位,2024/06/21,13:00:00,5.1
下游闸内水位,2024/06/21,13:17:14,5.0
下游闸外水位,2024/06/21,13:17:14,5.0
上游闸内水位,2024/06/21,13:20:21,5.0
上游闸外水位,2024/06/21,13:20:21,3.9
上游闸内水位,2024/06/21,13:23:59,4.0
上游闸外水位,2024/06/21,13:23:59,3.8
上游闸内水位,2024/06/21,13:33:12,3.9
上游闸外水位,2024/06/21,13:33:12,3.9
下游闸内水位,2024/06/21,13:35:48,3.8
下游闸外水位,2024/06/21,13:35:48,4.9
下游闸内水位,2024/06/21,13:39:37,4.9
下游闸外水位,2024/06/21,13:39:37,5.0
内河侧水位,2024/06/21,14:00:00,3.9
长江侧水位,2024/06/21,14:00:00,4.9
下游闸内水位,2024/06/21,14:03:34,5.0
下游闸外水位,2024/06/21,14:03:34,5.0
下游闸内水位,2024/06/21,14:06:20,4.9
下游闸外水位,2024/06/21,14:06:20,5.0
上游闸内水位,2024/06/21,14:06:29,5.0
上游闸外水位,2024/06/21,14:06:29,3.9
上游闸内水位,2024/06/21,14:09:54,4.0
上游闸外水位,2024/06/21,14:09:54,3.9
上游闸内水位,2024/06/21,14:49:42,3.9
上游闸外水位,2024/06/21,14:49:42,3.9
下游闸内水位,2024/06/21,14:52:22,3.9
下游闸外水位,2024/06/21,14:52:22,5.0
下游闸内水位,2024/06/21,14:55:49,4.8
下游闸外水位,2024/06/21,14:55:49,4.9
内河侧水位,2024/06/21,15:00:00,4.0
长江侧水位,2024/06/21,15:00:00,5.0
下游闸内水位,2024/06/21,15:18:32,4.9
下游闸外水位,2024/06/21,15:18:32,4.9
上游闸内水位,2024/06/21,15:21:46,5.0
上游闸外水位,2024/06/21,15:21:46,4.0
上游闸内水位,2024/06/21,15:24:57,4.1
上游闸外水位,2024/06/21,15:24:57,4.0
下游闸内水位,2024/06/21,15:44:49,4.0
下游闸外水位,2024/06/21,15:44:49,5.1
下游闸内水位,2024/06/21,15:48:12,4.9
下游闸外水位,2024/06/21,15:48:12,5.0
内河侧水位,2024/06/21,16:00:00,4.0
长江侧水位,2024/06/21,16:00:00,5.1
下游闸内水位,2024/06/21,16:12:50,5.3
下游闸外水位,2024/06/21,16:12:50,5.3
上游闸内水位,2024/06/21,16:17:08,5.3
上游闸外水位,2024/06/21,16:17:08,4.0
上游闸内水位,2024/06/21,16:21:17,4.1
上游闸外水位,2024/06/21,16:21:17,3.9
上游闸内水位,2024/06/21,16:55:47,4.0
上游闸外水位,2024/06/21,16:55:47,4.0
下游闸内水位,2024/06/21,16:58:48,4.0
下游闸外水位,2024/06/21,16:58:48,5.6
内河侧水位,2024/06/21,17:00:00,4.0
长江侧水位,2024/06/21,17:00:00,5.5
下游闸内水位,2024/06/21,17:04:50,5.6
下游闸外水位,2024/06/21,17:04:50,5.5
下游闸内水位,2024/06/21,17:25:44,5.6
下游闸外水位,2024/06/21,17:25:44,5.6
上游闸内水位,2024/06/21,17:29:37,5.6
上游闸外水位,2024/06/21,17:29:37,4.1
上游闸内水位,2024/06/21,17:34:07,4.1
上游闸外水位,2024/06/21,17:34:07,4.0
上游闸内水位,2024/06/21,17:57:32,4.1
上游闸外水位,2024/06/21,17:57:32,4.1
内河侧水位,2024/06/21,18:00:00,4.1
长江侧水位,2024/06/21,18:00:00,5.6
下游闸内水位,2024/06/21,18:00:18,4.1
下游闸外水位,2024/06/21,18:00:18,5.6
下游闸内水位,2024/06/21,18:04:54,5.6
下游闸外水位,2024/06/21,18:04:54,5.7
下游闸内水位,2024/06/21,18:33:54,5.7
下游闸外水位,2024/06/21,18:33:54,5.7
上游闸内水位,2024/06/21,18:42:41,4.2
上游闸外水位,2024/06/21,18:42:41,4.1
内河侧水位,2024/06/21,19:00:00,4.2
长江侧水位,2024/06/21,19:00:00,5.7
上游闸内水位,2024/06/21,19:17:44,4.1
上游闸外水位,2024/06/21,19:17:44,4.2
下游闸内水位,2024/06/21,19:20:24,4.1
下游闸外水位,2024/06/21,19:20:24,5.7
下游闸内水位,2024/06/21,19:24:47,5.5
下游闸外水位,2024/06/21,19:24:47,5.7
下游闸内水位,2024/06/21,19:55:32,5.6
下游闸外水位,2024/06/21,19:55:32,5.6
内河侧水位,2024/06/21,20:00:00,4.0
长江侧水位,2024/06/21,20:00:00,5.6
上游闸内水位,2024/06/21,20:03:29,4.1
上游闸外水位,2024/06/21,20:03:29,4.2
上游闸内水位,2024/06/21,20:38:09,4.2
上游闸外水位,2024/06/21,20:38:09,4.2
下游闸内水位,2024/06/21,20:40:42,4.2
下游闸外水位,2024/06/21,20:40:42,5.5
下游闸内水位,2024/06/21,20:44:35,5.3
下游闸外水位,2024/06/21,20:44:35,5.5
内河侧水位,2024/06/21,21:00:00,4.2
长江侧水位,2024/06/21,21:00:00,5.4
下游闸内水位,2024/06/21,21:16:41,5.4
下游闸外水位,2024/06/21,21:16:41,5.4
上游闸内水位,2024/06/21,21:20:33,5.4
上游闸外水位,2024/06/21,21:20:33,4.2
上游闸内水位,2024/06/21,21:24:31,4.3
上游闸外水位,2024/06/21,21:24:31,4.2
内河侧水位,2024/06/21,22:00:00,4.2
长江侧水位,2024/06/21,22:00:00,5.3
上游闸内水位,2024/06/21,22:08:49,4.2
上游闸外水位,2024/06/21,22:08:49,4.2
下游闸内水位,2024/06/21,22:12:18,4.2
下游闸外水位,2024/06/21,22:12:18,5.3
下游闸内水位,2024/06/21,22:15:56,5.2
下游闸外水位,2024/06/21,22:15:56,5.3
下游闸内水位,2024/06/21,22:28:13,5.2
下游闸外水位,2024/06/21,22:28:13,5.2
上游闸内水位,2024/06/21,22:30:49,5.3
上游闸外水位,2024/06/21,22:30:49,4.2
上游闸内水位,2024/06/21,22:34:41,4.2
上游闸外水位,2024/06/21,22:34:41,4.2
上游闸内水位,2024/06/21,22:52:02,4.2
上游闸外水位,2024/06/21,22:52:02,4.2
下游闸内水位,2024/06/21,22:54:40,4.2
下游闸外水位,2024/06/21,22:54:40,5.2
下游闸内水位,2024/06/21,22:58:03,5.1
下游闸外水位,2024/06/21,22:58:03,5.2
内河侧水位,2024/06/21,23:00:00,4.2
长江侧水位,2024/06/21,23:00:00,5.2
下游闸内水位,2024/06/21,23:10:18,5.2
下游闸外水位,2024/06/21,23:10:18,5.2
上游闸内水位,2024/06/21,23:12:56,5.2
上游闸外水位,2024/06/21,23:12:56,4.2
上游闸内水位,2024/06/21,23:16:13,4.4
上游闸外水位,2024/06/21,23:16:13,4.2
上游闸内水位,2024/06/21,23:43:29,4.2
上游闸外水位,2024/06/21,23:43:29,4.2
下游闸内水位,2024/06/21,23:46:27,4.2
下游闸外水位,2024/06/21,23:46:27,5.1
下游闸内水位,2024/06/21,23:49:39,5.0
下游闸外水位,2024/06/21,23:49:39,5.1
内河侧水位,2024/06/22,0:00:00,4.3
长江侧水位,2024/06/22,0:00:00,5.2
下游闸内水位,2024/06/22,0:02:02,5.1
下游闸外水位,2024/06/22,0:02:02,5.1
上游闸内水位,2024/06/22,0:04:49,5.2
上游闸外水位,2024/06/22,0:04:49,4.2
下游闸内水位,2024/06/22,0:40:52,4.2
下游闸外水位,2024/06/22,0:40:52,5.0
下游闸内水位,2024/06/22,0:43:52,4.9
下游闸外水位,2024/06/22,0:43:52,5.0
下游闸内水位,2024/06/22,0:59:50,5.0
下游闸外水位,2024/06/22,0:59:50,5.0
内河侧水位,2024/06/22,1:00:00,4.3
长江侧水位,2024/06/22,1:00:00,5.0
上游闸内水位,2024/06/22,1:02:24,5.1
上游闸外水位,2024/06/22,1:02:24,4.2
上游闸内水位,2024/06/22,1:06:00,4.3
上游闸外水位,2024/06/22,1:06:00,4.2
上游闸内水位,2024/06/22,1:23:02,4.2
上游闸外水位,2024/06/22,1:23:02,4.2
下游闸内水位,2024/06/22,1:25:43,4.2
下游闸外水位,2024/06/22,1:25:43,5.0
下游闸内水位,2024/06/22,1:28:23,4.8
下游闸外水位,2024/06/22,1:28:23,4.9
下游闸内水位,2024/06/22,1:37:25,5.0
下游闸外水位,2024/06/22,1:37:25,5.0
上游闸内水位,2024/06/22,1:40:10,5.1
上游闸外水位,2024/06/22,1:40:10,4.2
内河侧水位,2024/06/22,2:00:00,4.2
长江侧水位,2024/06/22,2:00:00,4.9
上游闸内水位,2024/06/22,2:18:51,4.1
上游闸外水位,2024/06/22,2:18:51,4.2
下游闸内水位,2024/06/22,2:21:30,4.1
下游闸外水位,2024/06/22,2:21:30,4.9
下游闸内水位,2024/06/22,2:24:11,4.8
下游闸外水位,2024/06/22,2:24:11,4.9
下游闸内水位,2024/06/22,2:34:50,5.1
下游闸外水位,2024/06/22,2:34:50,5.0
上游闸内水位,2024/06/22,2:37:33,4.9
上游闸外水位,2024/06/22,2:37:33,4.2
上游闸内水位,2024/06/22,2:40:30,4.2
上游闸外水位,2024/06/22,2:40:30,4.1
内河侧水位,2024/06/22,3:00:00,4.1
长江侧水位,2024/06/22,3:00:00,5.0
上游闸内水位,2024/06/22,3:02:57,4.0
上游闸外水位,2024/06/22,3:02:57,4.1
下游闸内水位,2024/06/22,3:05:34,4.1
下游闸外水位,2024/06/22,3:05:34,5.0
下游闸内水位,2024/06/22,3:08:30,4.8
下游闸外水位,2024/06/22,3:08:30,5.0
下游闸内水位,2024/06/22,3:20:34,5.0
下游闸外水位,2024/06/22,3:20:34,5.0
上游闸内水位,2024/06/22,3:23:14,5.1
上游闸外水位,2024/06/22,3:23:14,4.1
上游闸内水位,2024/06/22,3:26:59,4.1
上游闸外水位,2024/06/22,3:26:59,4.0
内河侧水位,2024/06/22,6:00:00,4.2
长江侧水位,2024/06/22,6:00:00,6.4
下游闸内水位,2024/06/22,6:01:33,6.2
下游闸外水位,2024/06/22,6:01:33,6.3
下游闸内水位,2024/06/22,6:20:25,6.4
下游闸外水位,2024/06/22,6:20:25,6.4
上游闸内水位,2024/06/22,6:23:01,6.4
上游闸外水位,2024/06/22,6:23:01,4.2
上游闸内水位,2024/06/22,6:28:33,4.2
上游闸外水位,2024/06/22,6:28:33,4.1
上游闸内水位,2024/06/22,6:53:04,4.1
上游闸外水位,2024/06/22,6:53:04,4.2
下游闸内水位,2024/06/22,6:56:28,4.1
下游闸外水位,2024/06/22,6:56:28,6.3
内河侧水位,2024/06/22,7:00:00,4.1
长江侧水位,2024/06/22,7:00:00,6.3
下游闸内水位,2024/06/22,7:01:58,6.2
下游闸外水位,2024/06/22,7:01:58,6.3
下游闸内水位,2024/06/22,7:12:18,6.3
下游闸外水位,2024/06/22,7:12:18,6.3
上游闸内水位,2024/06/22,7:15:00,6.3
上游闸外水位,2024/06/22,7:15:00,4.1
上游闸内水位,2024/06/22,7:20:21,4.2
上游闸外水位,2024/06/22,7:20:21,4.1
上游闸内水位,2024/06/22,7:54:58,4.1
上游闸外水位,2024/06/22,7:54:58,4.2
下游闸内水位,2024/06/22,7:58:09,4.1
下游闸外水位,2024/06/22,7:58:09,6.2
内河侧水位,2024/06/22,8:00:00,4.1
长江侧水位,2024/06/22,8:00:00,6.1
下游闸内水位,2024/06/22,8:03:23,6.0
下游闸外水位,2024/06/22,8:03:23,6.1
下游闸内水位,2024/06/22,8:29:38,6.0
下游闸外水位,2024/06/22,8:29:38,6.0
上游闸内水位,2024/06/22,8:32:49,6.1
上游闸外水位,2024/06/22,8:32:49,4.1
上游闸内水位,2024/06/22,8:38:03,4.1
上游闸外水位,2024/06/22,8:38:03,4.0
内河侧水位,2024/06/22,9:00:00,4.1
长江侧水位,2024/06/22,9:00:00,5.9
上游闸内水位,2024/06/22,9:04:57,4.1
上游闸外水位,2024/06/22,9:04:57,4.1
下游闸内水位,2024/06/22,9:07:32,4.0
下游闸外水位,2024/06/22,9:07:32,5.9
下游闸内水位,2024/06/22,9:12:31,5.8
下游闸外水位,2024/06/22,9:12:31,5.9
下游闸内水位,2024/06/22,9:37:52,5.8
下游闸外水位,2024/06/22,9:37:52,5.8
上游闸内水位,2024/06/22,9:41:15,5.8
上游闸外水位,2024/06/22,9:41:15,4.1
上游闸内水位,2024/06/22,9:46:39,4.0
上游闸外水位,2024/06/22,9:46:39,4.0
内河侧水位,2024/06/22,10:00:00,4.1
长江侧水位,2024/06/22,10:00:00,5.8
上游闸内水位,2024/06/22,10:11:49,4.0
上游闸外水位,2024/06/22,10:11:49,4.1
上游闸内水位,2024/06/22,10:15:32,4.1
上游闸外水位,2024/06/22,10:15:32,4.1
上游闸内水位,2024/06/22,10:18:22,4.0
上游闸外水位,2024/06/22,10:18:22,4.1
上游闸内水位,2024/06/22,10:19:47,4.1
上游闸外水位,2024/06/22,10:19:47,4.1
上游闸内水位,2024/06/22,10:30:12,4.1
上游闸外水位,2024/06/22,10:30:12,4.1
上游闸内水位,2024/06/22,10:31:39,4.0
上游闸外水位,2024/06/22,10:31:39,4.1
下游闸内水位,2024/06/22,10:35:10,4.1
下游闸外水位,2024/06/22,10:35:10,5.7
下游闸内水位,2024/06/22,10:40:59,5.7
下游闸外水位,2024/06/22,10:40:59,5.7
内河侧水位,2024/06/22,11:00:00,4.1
长江侧水位,2024/06/22,11:00:00,5.6
下游闸内水位,2024/06/22,11:10:29,5.6
下游闸外水位,2024/06/22,11:10:29,5.6
上游闸内水位,2024/06/22,11:13:10,5.6
上游闸外水位,2024/06/22,11:13:10,4.1
上游闸内水位,2024/06/22,11:19:53,4.3
上游闸外水位,2024/06/22,11:19:53,4.1
上游闸内水位,2024/06/23,3:45:21,4.2
上游闸外水位,2024/06/23,3:45:21,4.2
下游闸内水位,2024/06/23,3:48:11,4.1
下游闸外水位,2024/06/23,3:48:11,5.0
下游闸内水位,2024/06/23,3:52:16,5.1
下游闸外水位,2024/06/23,3:52:16,5.1
内河侧水位,2024/06/23,4:00:00,4.2
长江侧水位,2024/06/23,4:00:00,5.1
上游闸内水位,2024/06/23,15:49:18,4.3
上游闸外水位,2024/06/23,15:49:18,4.4
下游闸内水位,2024/06/23,15:52:21,4.3
下游闸外水位,2024/06/23,15:52:21,5.3
下游闸内水位,2024/06/23,15:55:22,5.1
下游闸外水位,2024/06/23,15:55:22,5.3
下游闸内水位,2024/06/23,16:24:59,5.2
上游闸内水位,2024/06/22,11:52:20,4.1
上游闸外水位,2024/06/22,11:52:20,4.1
下游闸内水位,2024/06/22,11:55:27,4.0
下游闸外水位,2024/06/22,11:55:27,5.5
下游闸内水位,2024/06/22,11:59:40,5.3
下游闸外水位,2024/06/22,11:59:40,5.5
内河侧水位,2024/06/22,12:00:00,4.1
长江侧水位,2024/06/22,12:00:00,5.5
下游闸内水位,2024/06/22,12:18:10,5.5
下游闸外水位,2024/06/22,12:18:10,5.5
上游闸内水位,2024/06/22,12:20:49,5.4
上游闸外水位,2024/06/22,12:20:49,4.1
上游闸内水位,2024/06/22,12:25:28,4.0
上游闸外水位,2024/06/22,12:25:28,4.0
上游闸内水位,2024/06/22,12:38:13,4.1
上游闸外水位,2024/06/22,12:38:13,4.1
下游闸内水位,2024/06/22,12:40:53,4.0
下游闸外水位,2024/06/22,12:40:53,5.4
下游闸内水位,2024/06/22,12:44:54,5.2
下游闸外水位,2024/06/22,12:44:54,5.4
内河侧水位,2024/06/22,13:00:00,4.1
长江侧水位,2024/06/22,13:00:00,5.3
下游闸内水位,2024/06/22,13:12:36,5.3
下游闸外水位,2024/06/22,13:12:36,5.3
上游闸内水位,2024/06/22,13:15:21,5.3
上游闸外水位,2024/06/22,13:15:21,4.1
上游闸内水位,2024/06/22,13:19:37,4.1
上游闸外水位,2024/06/22,13:19:37,4.0
上游闸内水位,2024/06/22,13:50:16,4.0
上游闸外水位,2024/06/22,13:50:16,4.0
上游闸内水位,2024/06/22,13:55:11,4.0
上游闸外水位,2024/06/22,13:55:11,4.1
上游闸内水位,2024/06/22,13:59:00,4.0
上游闸外水位,2024/06/22,13:59:00,4.1
上游闸内水位,2024/06/22,13:59:17,4.0
上游闸外水位,2024/06/22,13:59:17,4.1
上游闸内水位,2024/06/22,13:59:58,4.0
上游闸外水位,2024/06/22,13:59:58,4.0
内河侧水位,2024/06/22,14:00:00,4.0
长江侧水位,2024/06/22,14:00:00,5.2
上游闸内水位,2024/06/22,14:06:25,4.0
上游闸外水位,2024/06/22,14:06:25,4.1
下游闸内水位,2024/06/22,14:08:57,4.0
下游闸外水位,2024/06/22,14:08:57,5.2
下游闸内水位,2024/06/22,14:12:30,5.0
下游闸外水位,2024/06/22,14:12:30,5.2
下游闸内水位,2024/06/22,14:43:40,5.1
下游闸外水位,2024/06/22,14:43:40,5.1
上游闸内水位,2024/06/22,14:46:24,5.2
上游闸外水位,2024/06/22,14:46:24,4.0
上游闸内水位,2024/06/22,14:50:18,4.1
上游闸外水位,2024/06/22,14:50:18,4.0
内河侧水位,2024/06/22,15:00:00,4.1
长江侧水位,2024/06/22,15:00:00,5.1
上游闸内水位,2024/06/22,15:24:42,4.0
上游闸外水位,2024/06/22,15:24:42,4.0
下游闸内水位,2024/06/22,15:27:24,4.0
下游闸外水位,2024/06/22,15:27:24,5.1
下游闸内水位,2024/06/22,15:30:51,4.9
下游闸外水位,2024/06/22,15:30:51,5.1
内河侧水位,2024/06/22,16:00:00,4.1
长江侧水位,2024/06/22,16:00:00,5.0
下游闸内水位,2024/06/22,16:07:01,5.1
下游闸外水位,2024/06/22,16:07:01,5.1
上游闸内水位,2024/06/22,16:09:39,5.1
上游闸外水位,2024/06/22,16:09:39,4.1
上游闸内水位,2024/06/22,16:13:14,4.2
上游闸外水位,2024/06/22,16:13:14,4.1
上游闸内水位,2024/06/22,16:43:15,4.1
上游闸外水位,2024/06/22,16:43:15,4.1
下游闸内水位,2024/06/22,16:45:50,4.0
下游闸外水位,2024/06/22,16:45:50,5.2
下游闸内水位,2024/06/22,16:49:44,5.1
下游闸外水位,2024/06/22,16:49:44,5.3
内河侧水位,2024/06/22,17:00:00,4.1
长江侧水位,2024/06/22,17:00:00,5.4
下游闸内水位,2024/06/22,17:10:22,5.4
下游闸外水位,2024/06/22,17:10:22,5.5
上游闸内水位,2024/06/22,17:13:09,5.5
上游闸外水位,2024/06/22,17:13:09,4.1
上游闸内水位,2024/06/22,17:17:21,4.1
上游闸外水位,2024/06/22,17:17:21,4.0
上游闸内水位,2024/06/22,17:44:08,4.0
上游闸外水位,2024/06/22,17:44:08,4.1
下游闸内水位,2024/06/22,17:47:05,4.0
下游闸外水位,2024/06/22,17:47:05,5.6
下游闸内水位,2024/06/22,17:51:51,5.5
下游闸外水位,2024/06/22,17:51:51,5.7
内河侧水位,2024/06/22,18:00:00,4.0
长江侧水位,2024/06/22,18:00:00,5.7
下游闸内水位,2024/06/22,18:19:45,5.6
下游闸外水位,2024/06/22,18:19:45,5.6
上游闸内水位,2024/06/22,18:23:10,5.8
上游闸外水位,2024/06/22,18:23:10,4.0
上游闸内水位,2024/06/22,18:28:07,4.0
上游闸外水位,2024/06/22,18:28:07,3.9
内河侧水位,2024/06/22,19:00:00,4.0
长江侧水位,2024/06/22,19:00:00,5.8
上游闸内水位,2024/06/22,19:01:43,4.0
上游闸外水位,2024/06/22,19:01:43,4.0
下游闸内水位,2024/06/22,19:04:36,4.0
下游闸外水位,2024/06/22,19:04:36,5.8
下游闸内水位,2024/06/22,19:09:28,5.6
下游闸外水位,2024/06/22,19:09:28,5.8
下游闸内水位,2024/06/22,19:41:49,5.8
下游闸外水位,2024/06/22,19:41:49,5.8
上游闸内水位,2024/06/22,19:48:07,4.9
上游闸外水位,2024/06/22,19:48:07,4.0
上游闸内水位,2024/06/22,19:50:46,4.1
上游闸外水位,2024/06/22,19:50:46,4.0
内河侧水位,2024/06/22,20:00:00,4.0
长江侧水位,2024/06/22,20:00:00,5.7
上游闸内水位,2024/06/22,20:29:11,4.0
上游闸外水位,2024/06/22,20:29:11,4.0
下游闸内水位,2024/06/22,20:32:03,4.0
下游闸外水位,2024/06/22,20:32:03,5.7
下游闸内水位,2024/06/22,20:37:30,5.5
下游闸外水位,2024/06/22,20:37:30,5.7
内河侧水位,2024/06/22,21:00:00,4.0
长江侧水位,2024/06/22,21:00:00,5.6
下游闸内水位,2024/06/22,21:26:46,5.6
下游闸外水位,2024/06/22,21:26:46,5.6
上游闸内水位,2024/06/22,21:29:42,5.6
上游闸外水位,2024/06/22,21:29:42,4.1
上游闸内水位,2024/06/22,21:34:09,4.1
上游闸外水位,2024/06/22,21:34:09,4.0
内河侧水位,2024/06/22,22:00:00,4.1
长江侧水位,2024/06/22,22:00:00,5.5
上游闸内水位,2024/06/22,22:17:20,4.1
上游闸外水位,2024/06/22,22:17:20,4.1
下游闸内水位,2024/06/22,22:20:33,4.1
下游闸外水位,2024/06/22,22:20:33,5.5
下游闸内水位,2024/06/22,22:24:58,5.4
下游闸外水位,2024/06/22,22:24:58,5.5
内河侧水位,2024/06/22,23:00:00,4.2
长江侧水位,2024/06/22,23:00:00,5.4
下游闸内水位,2024/06/22,23:12:39,5.4
下游闸外水位,2024/06/22,23:12:39,5.4
上游闸内水位,2024/06/22,23:15:55,5.4
上游闸外水位,2024/06/22,23:15:55,4.2
上游闸内水位,2024/06/22,23:19:42,4.3
上游闸外水位,2024/06/22,23:19:42,4.1
上游闸内水位,2024/06/22,23:57:25,4.2
上游闸外水位,2024/06/22,23:57:25,4.2
内河侧水位,2024/06/23,0:00:00,4.2
长江侧水位,2024/06/23,0:00:00,5.3
下游闸内水位,2024/06/23,0:00:15,4.1
下游闸外水位,2024/06/23,0:00:15,5.3
下游闸内水位,2024/06/23,0:04:00,5.2
下游闸外水位,2024/06/23,0:04:00,5.3
下游闸内水位,2024/06/23,0:41:24,5.2
下游闸外水位,2024/06/23,0:41:24,5.2
上游闸内水位,2024/06/23,0:44:15,5.3
上游闸外水位,2024/06/23,0:44:15,4.2
上游闸内水位,2024/06/23,0:47:57,4.3
上游闸外水位,2024/06/23,0:47:57,4.2
内河侧水位,2024/06/23,1:00:00,4.1
长江侧水位,2024/06/23,1:00:00,5.2
上游闸内水位,2024/06/23,1:15:02,4.2
上游闸外水位,2024/06/23,1:15:02,4.2
下游闸内水位,2024/06/23,1:17:48,4.2
下游闸外水位,2024/06/23,1:17:48,5.1
下游闸内水位,2024/06/23,1:21:02,5.0
下游闸外水位,2024/06/23,1:21:02,5.1
下游闸内水位,2024/06/23,1:31:35,5.2
下游闸外水位,2024/06/23,1:31:35,5.2
上游闸内水位,2024/06/23,1:35:00,5.0
上游闸外水位,2024/06/23,1:35:00,4.2
上游闸内水位,2024/06/23,1:38:08,4.3
上游闸外水位,2024/06/23,1:38:08,4.2
上游闸内水位,2024/06/23,1:54:30,4.2
上游闸外水位,2024/06/23,1:54:30,4.3
下游闸内水位,2024/06/23,1:57:21,4.2
下游闸外水位,2024/06/23,1:57:21,5.1
上游闸内水位,2024/06/22,19:44:37,5.8
上游闸外水位,2024/06/22,19:44:37,4.0
内河侧水位,2024/06/23,2:00:00,4.2
长江侧水位,2024/06/23,2:00:00,5.0
下游闸内水位,2024/06/23,2:01:07,5.1
下游闸外水位,2024/06/23,2:01:07,5.1
下游闸内水位,2024/06/23,2:10:20,5.2
下游闸外水位,2024/06/23,2:10:20,5.2
上游闸内水位,2024/06/23,2:13:01,5.1
上游闸外水位,2024/06/23,2:13:01,4.3
上游闸内水位,2024/06/23,2:16:27,4.3
上游闸外水位,2024/06/23,2:16:27,4.2
上游闸内水位,2024/06/23,2:31:02,4.3
上游闸外水位,2024/06/23,2:31:02,4.3
下游闸内水位,2024/06/23,2:33:36,4.3
下游闸外水位,2024/06/23,2:33:36,5.0
下游闸内水位,2024/06/23,2:36:20,4.9
下游闸外水位,2024/06/23,2:36:20,5.0
内河侧水位,2024/06/23,3:00:00,4.3
长江侧水位,2024/06/23,3:00:00,5.0
下游闸内水位,2024/06/23,3:12:16,5.1
下游闸外水位,2024/06/23,3:12:16,5.1
上游闸内水位,2024/06/23,3:15:06,5.1
上游闸外水位,2024/06/23,3:15:06,4.2
上游闸内水位,2024/06/23,3:18:01,4.3
上游闸外水位,2024/06/23,3:18:01,4.2
下游闸内水位,2024/06/23,4:01:44,5.2
下游闸外水位,2024/06/23,4:01:44,5.1
上游闸内水位,2024/06/23,4:04:34,5.1
上游闸外水位,2024/06/23,4:04:34,4.2
上游闸内水位,2024/06/23,4:08:12,4.2
上游闸外水位,2024/06/23,4:08:12,4.2
上游闸内水位,2024/06/23,4:40:33,4.1
上游闸外水位,2024/06/23,4:40:33,4.2
下游闸内水位,2024/06/23,4:43:05,4.1
下游闸外水位,2024/06/23,4:43:05,5.6
下游闸内水位,2024/06/23,4:47:49,5.6
下游闸外水位,2024/06/23,4:47:49,5.7
内河侧水位,2024/06/23,5:00:00,4.2
长江侧水位,2024/06/23,5:00:00,5.8
下游闸内水位,2024/06/23,5:02:04,5.9
下游闸外水位,2024/06/23,5:02:04,5.9
上游闸内水位,2024/06/23,5:04:47,6.1
上游闸外水位,2024/06/23,5:04:47,4.2
上游闸内水位,2024/06/23,5:09:38,4.3
上游闸外水位,2024/06/23,5:09:38,4.1
上游闸内水位,2024/06/23,5:28:54,4.2
上游闸外水位,2024/06/23,5:28:54,4.2
下游闸内水位,2024/06/23,5:31:55,4.2
下游闸外水位,2024/06/23,5:31:55,6.2
下游闸内水位,2024/06/23,5:37:07,6.1
下游闸外水位,2024/06/23,5:37:07,6.2
内河侧水位,2024/06/23,6:00:00,4.3
长江侧水位,2024/06/23,6:00:00,6.4
下游闸内水位,2024/06/23,6:08:00,6.5
下游闸外水位,2024/06/23,6:08:00,6.4
上游闸内水位,2024/06/23,6:10:55,6.4
上游闸外水位,2024/06/23,6:10:55,4.3
上游闸内水位,2024/06/23,6:17:30,4.2
上游闸外水位,2024/06/23,6:17:30,4.3
上游闸内水位,2024/06/23,6:40:15,4.3
上游闸外水位,2024/06/23,6:40:15,4.4
下游闸内水位,2024/06/23,6:45:36,4.3
下游闸外水位,2024/06/23,6:45:36,6.5
下游闸内水位,2024/06/23,6:51:52,6.5
下游闸外水位,2024/06/23,6:51:52,6.6
内河侧水位,2024/06/23,7:00:00,4.4
长江侧水位,2024/06/23,7:00:00,6.4
下游闸内水位,2024/06/23,7:14:38,6.6
下游闸外水位,2024/06/23,7:14:38,6.5
上游闸内水位,2024/06/23,7:17:35,6.5
上游闸外水位,2024/06/23,7:17:35,4.4
上游闸内水位,2024/06/23,7:22:51,4.5
上游闸外水位,2024/06/23,7:22:51,4.4
上游闸内水位,2024/06/23,7:45:24,4.4
上游闸外水位,2024/06/23,7:45:24,4.4
下游闸内水位,2024/06/23,7:48:34,4.3
下游闸外水位,2024/06/23,7:48:34,6.5
下游闸内水位,2024/06/23,7:53:53,6.3
下游闸外水位,2024/06/23,7:53:53,6.5
内河侧水位,2024/06/23,8:00:00,4.4
长江侧水位,2024/06/23,8:00:00,6.5
下游闸内水位,2024/06/23,8:07:36,6.5
下游闸外水位,2024/06/23,8:07:36,6.4
上游闸内水位,2024/06/23,8:10:22,6.5
上游闸外水位,2024/06/23,8:10:22,4.3
上游闸内水位,2024/06/23,8:15:34,4.4
上游闸外水位,2024/06/23,8:15:34,4.3
上游闸内水位,2024/06/23,8:37:52,4.3
上游闸外水位,2024/06/23,8:37:52,4.4
下游闸内水位,2024/06/23,8:40:27,4.3
下游闸外水位,2024/06/23,8:40:27,6.3
下游闸内水位,2024/06/23,8:45:55,6.2
下游闸外水位,2024/06/23,8:45:55,6.3
内河侧水位,2024/06/23,9:00:00,4.3
长江侧水位,2024/06/23,9:00:00,6.3
下游闸内水位,2024/06/23,9:02:32,6.3
下游闸外水位,2024/06/23,9:02:32,6.3
上游闸内水位,2024/06/23,9:05:08,6.3
上游闸外水位,2024/06/23,9:05:08,4.3
上游闸内水位,2024/06/23,9:11:13,4.2
上游闸外水位,2024/06/23,9:11:13,4.3
上游闸内水位,2024/06/23,9:33:09,4.3
上游闸外水位,2024/06/23,9:33:09,4.3
下游闸内水位,2024/06/23,9:35:53,4.2
下游闸外水位,2024/06/23,9:35:53,6.1
下游闸内水位,2024/06/23,9:40:54,6.0
下游闸外水位,2024/06/23,9:40:54,6.2
内河侧水位,2024/06/23,10:00:00,4.3
长江侧水位,2024/06/23,10:00:00,6.1
下游闸内水位,2024/06/23,10:13:12,6.0
下游闸外水位,2024/06/23,10:13:12,6.0
上游闸内水位,2024/06/23,10:18:07,6.0
上游闸外水位,2024/06/23,10:18:07,4.3
上游闸内水位,2024/06/23,10:19:33,5.8
上游闸外水位,2024/06/23,10:19:33,4.2
上游闸内水位,2024/06/23,10:22:01,5.2
上游闸外水位,2024/06/23,10:22:01,4.1
上游闸内水位,2024/06/23,10:58:02,4.3
上游闸外水位,2024/06/23,10:58:02,4.3
内河侧水位,2024/06/23,11:00:00,4.3
长江侧水位,2024/06/23,11:00:00,5.9
下游闸内水位,2024/06/23,11:00:38,4.3
下游闸外水位,2024/06/23,11:00:38,5.9
下游闸内水位,2024/06/23,11:31:58,5.8
下游闸外水位,2024/06/23,11:31:58,5.8
上游闸内水位,2024/06/23,11:35:00,5.9
上游闸外水位,2024/06/23,11:35:00,4.3
上游闸内水位,2024/06/23,11:39:49,4.3
上游闸外水位,2024/06/23,11:39:49,4.3
内河侧水位,2024/06/23,12:00:00,4.3
长江侧水位,2024/06/23,12:00:00,5.7
上游闸内水位,2024/06/23,12:08:02,4.3
上游闸外水位,2024/06/23,12:08:02,4.3
下游闸内水位,2024/06/23,12:10:37,4.3
下游闸外水位,2024/06/23,12:10:37,5.7
下游闸内水位,2024/06/23,12:14:46,5.6
下游闸外水位,2024/06/23,12:14:46,5.7
下游闸内水位,2024/06/23,12:51:07,5.6
下游闸外水位,2024/06/23,12:51:07,5.6
上游闸内水位,2024/06/23,12:53:44,5.7
上游闸外水位,2024/06/23,12:53:44,4.3
上游闸内水位,2024/06/23,12:58:14,4.3
上游闸外水位,2024/06/23,12:58:14,4.3
内河侧水位,2024/06/23,13:00:00,4.3
长江侧水位,2024/06/23,13:00:00,5.6
上游闸内水位,2024/06/23,13:24:01,4.3
上游闸外水位,2024/06/23,13:24:01,4.4
下游闸内水位,2024/06/23,13:26:43,4.3
下游闸外水位,2024/06/23,13:26:43,5.5
下游闸内水位,2024/06/23,13:30:29,5.4
下游闸外水位,2024/06/23,13:30:29,5.5
下游闸内水位,2024/06/23,13:59:19,5.5
下游闸外水位,2024/06/23,13:59:19,5.4
上游闸内水位,2024/06/23,14:51:00,4.3
上游闸外水位,2024/06/23,14:51:00,4.3
下游闸内水位,2024/06/23,14:53:38,4.3
下游闸外水位,2024/06/23,14:53:38,5.4
下游闸内水位,2024/06/23,14:56:54,5.2
下游闸外水位,2024/06/23,14:56:54,5.3
内河侧水位,2024/06/23,15:00:00,4.3
长江侧水位,2024/06/23,15:00:00,5.3
下游闸内水位,2024/06/23,15:20:07,5.3
下游闸外水位,2024/06/23,15:20:07,5.3
上游闸内水位,2024/06/23,15:22:43,5.3
上游闸外水位,2024/06/23,15:22:43,4.4
上游闸内水位,2024/06/23,15:26:31,4.4
上游闸外水位,2024/06/23,15:26:31,4.3
下游闸外水位,2024/06/23,16:24:59,5.2
上游闸内水位,2024/06/23,16:27:35,5.3
上游闸外水位,2024/06/23,16:27:35,4.3
上游闸内水位,2024/06/23,16:30:42,4.4
上游闸外水位,2024/06/23,16:30:42,4.3
内河侧水位,2024/06/23,17:00:00,4.3
上游闸内水位,2024/06/23,10:25:10,4.3
上游闸外水位,2024/06/23,10:25:10,4.3
下游闸内水位,2024/06/23,11:05:12,5.8
下游闸外水位,2024/06/23,11:05:12,5.9
内河侧水位,2024/06/23,14:00:00,4.3
长江侧水位,2024/06/23,14:00:00,5.5
上游闸内水位,2024/06/23,14:01:51,5.4
上游闸外水位,2024/06/23,14:01:51,4.3
上游闸内水位,2024/06/23,14:07:47,4.6
上游闸外水位,2024/06/23,14:07:47,4.4
上游闸内水位,2024/06/23,14:08:52,4.5
上游闸外水位,2024/06/23,14:08:52,4.4
内河侧水位,2024/06/23,16:00:00,4.4
长江侧水位,2024/06/23,16:00:00,5.3
上游闸内水位,2024/06/23,17:10:28,4.2
上游闸外水位,2024/06/23,17:10:28,4.3
上游闸内水位,2024/06/23,20:30:24,4.3
上游闸外水位,2024/06/23,20:30:24,4.2
内河侧水位,2024/06/24,4:00:00,4.2
长江侧水位,2024/06/24,4:00:00,5.1
下游闸内水位,2024/06/24,4:04:08,5.1
下游闸外水位,2024/06/24,4:04:08,5.1
上游闸内水位,2024/06/24,4:06:43,5.1
上游闸外水位,2024/06/24,4:06:43,4.2
上游闸内水位,2024/06/24,10:01:16,4.2
上游闸外水位,2024/06/24,10:01:16,4.0
上游闸内水位,2024/06/24,11:51:18,4.1
上游闸外水位,2024/06/24,11:51:18,4.1
上游闸内水位,2024/06/24,20:26:54,6.1
上游闸外水位,2024/06/24,20:26:54,4.1
下游闸内水位,2024/06/25,2:52:09,5.3
下游闸外水位,2024/06/25,2:52:09,5.5
上游闸内水位,2024/06/25,3:09:32,4.0
上游闸外水位,2024/06/25,3:09:32,3.9
上游闸内水位,2024/06/25,3:36:49,4.0
上游闸外水位,2024/06/25,3:36:49,4.0
下游闸内水位,2024/06/25,3:39:28,3.9
下游闸外水位,2024/06/25,3:39:28,5.3
下游闸内水位,2024/06/25,3:42:54,4.6
下游闸外水位,2024/06/25,3:42:54,5.3
下游闸内水位,2024/06/25,3:45:28,5.2
下游闸外水位,2024/06/25,3:45:28,5.3
内河侧水位,2024/06/25,4:00:00,4.0
长江侧水位,2024/06/25,4:00:00,5.4
下游闸内水位,2024/06/25,4:22:19,5.3
下游闸外水位,2024/06/25,4:22:19,5.3
上游闸内水位,2024/06/25,4:27:05,5.3
上游闸外水位,2024/06/25,4:27:05,4.0
上游闸内水位,2024/06/25,4:31:34,4.0
上游闸外水位,2024/06/25,4:31:34,3.9
内河侧水位,2024/06/25,5:00:01,4.0
长江侧水位,2024/06/25,5:00:01,5.2
上游闸内水位,2024/06/25,5:05:51,4.0
上游闸外水位,2024/06/25,5:05:51,4.0
下游闸内水位,2024/06/25,5:08:49,4.0
下游闸外水位,2024/06/25,5:08:49,5.3
下游闸内水位,2024/06/25,5:12:46,5.1
下游闸外水位,2024/06/25,5:12:46,5.3
下游闸内水位,2024/06/25,5:40:22,5.4
下游闸外水位,2024/06/25,5:40:22,5.4
上游闸内水位,2024/06/25,5:42:57,5.5
上游闸外水位,2024/06/25,5:42:57,4.0
上游闸内水位,2024/06/25,5:47:50,4.0
上游闸外水位,2024/06/25,5:47:50,4.0
内河侧水位,2024/06/25,6:00:00,4.0
长江侧水位,2024/06/25,6:00:00,5.8
上游闸内水位,2024/06/25,6:17:35,4.0
上游闸外水位,2024/06/25,6:17:35,4.0
下游闸内水位,2024/06/25,6:21:11,3.9
下游闸外水位,2024/06/25,6:21:11,6.1
下游闸内水位,2024/06/25,6:26:54,6.0
下游闸外水位,2024/06/25,6:26:54,6.2
下游闸内水位,2024/06/25,6:38:43,6.1
下游闸外水位,2024/06/25,6:38:43,6.1
上游闸内水位,2024/06/25,6:42:28,6.3
上游闸外水位,2024/06/25,6:42:28,4.0
上游闸内水位,2024/06/25,6:47:55,4.1
上游闸外水位,2024/06/25,6:47:55,3.8
上游闸内水位,2024/06/25,6:57:47,4.0
上游闸外水位,2024/06/25,6:57:47,4.0
内河侧水位,2024/06/25,7:00:00,4.0
长江侧水位,2024/06/25,7:00:00,6.4
下游闸内水位,2024/06/25,7:00:31,4.0
下游闸外水位,2024/06/25,7:00:31,6.4
下游闸内水位,2024/06/25,7:06:29,6.3
下游闸外水位,2024/06/25,7:06:29,6.5
下游闸内水位,2024/06/25,7:27:34,6.6
长江侧水位,2024/06/23,17:00:00,5.3
下游闸内水位,2024/06/23,17:13:00,4.3
下游闸外水位,2024/06/23,17:13:00,5.3
下游闸内水位,2024/06/23,17:16:35,5.2
下游闸外水位,2024/06/23,17:16:35,5.4
下游闸内水位,2024/06/23,17:48:47,5.6
下游闸外水位,2024/06/23,17:48:47,5.6
上游闸内水位,2024/06/23,17:51:20,5.6
上游闸外水位,2024/06/23,17:51:20,4.3
上游闸内水位,2024/06/23,17:56:36,4.2
上游闸外水位,2024/06/23,17:56:36,4.2
内河侧水位,2024/06/23,18:00:01,4.2
长江侧水位,2024/06/23,18:00:01,5.6
上游闸内水位,2024/06/23,18:29:52,4.2
上游闸外水位,2024/06/23,18:29:52,4.3
下游闸内水位,2024/06/23,18:32:25,4.2
下游闸外水位,2024/06/23,18:32:25,5.8
下游闸内水位,2024/06/23,18:37:04,5.7
下游闸外水位,2024/06/23,18:37:04,5.9
内河侧水位,2024/06/23,19:00:00,4.3
长江侧水位,2024/06/23,19:00:00,5.9
下游闸内水位,2024/06/23,19:08:50,6.0
下游闸外水位,2024/06/23,19:08:50,6.0
上游闸内水位,2024/06/23,19:11:37,6.0
上游闸外水位,2024/06/23,19:11:37,4.3
上游闸内水位,2024/06/23,19:16:32,4.3
上游闸外水位,2024/06/23,19:16:32,4.2
上游闸内水位,2024/06/23,19:58:20,4.3
上游闸外水位,2024/06/23,19:58:20,4.3
内河侧水位,2024/06/23,20:00:00,4.3
长江侧水位,2024/06/23,20:00:00,5.9
下游闸内水位,2024/06/23,20:00:56,4.3
下游闸外水位,2024/06/23,20:00:56,5.9
下游闸内水位,2024/06/23,20:05:50,5.9
下游闸外水位,2024/06/23,20:05:50,6.0
下游闸内水位,2024/06/23,20:22:33,6.0
下游闸外水位,2024/06/23,20:22:33,6.0
上游闸内水位,2024/06/23,20:25:19,6.0
上游闸外水位,2024/06/23,20:25:19,4.3
上游闸内水位,2024/06/23,20:58:25,4.2
上游闸外水位,2024/06/23,20:58:25,4.3
内河侧水位,2024/06/23,21:00:00,4.3
长江侧水位,2024/06/23,21:00:00,5.9
下游闸内水位,2024/06/23,21:01:11,4.2
下游闸外水位,2024/06/23,21:01:11,5.9
下游闸内水位,2024/06/23,21:05:50,5.8
下游闸外水位,2024/06/23,21:05:50,5.9
下游闸内水位,2024/06/23,21:48:44,5.8
下游闸外水位,2024/06/23,21:48:44,5.8
上游闸内水位,2024/06/23,21:51:19,5.8
上游闸外水位,2024/06/23,21:51:19,4.3
上游闸内水位,2024/06/23,21:55:51,4.3
上游闸外水位,2024/06/23,21:55:51,4.2
内河侧水位,2024/06/23,22:00:00,4.3
长江侧水位,2024/06/23,22:00:00,5.8
上游闸内水位,2024/06/23,22:38:25,4.2
上游闸外水位,2024/06/23,22:38:25,4.3
下游闸内水位,2024/06/23,22:40:55,4.2
下游闸外水位,2024/06/23,22:40:55,5.7
下游闸内水位,2024/06/23,22:45:18,5.6
下游闸外水位,2024/06/23,22:45:18,5.7
内河侧水位,2024/06/23,23:00:00,4.3
长江侧水位,2024/06/23,23:00:00,5.6
下游闸内水位,2024/06/23,23:31:44,5.6
下游闸外水位,2024/06/23,23:31:44,5.6
上游闸内水位,2024/06/23,23:34:21,5.6
上游闸外水位,2024/06/23,23:34:21,4.3
上游闸内水位,2024/06/23,23:38:48,4.3
上游闸外水位,2024/06/23,23:38:48,4.2
内河侧水位,2024/06/24,0:00:00,4.2
长江侧水位,2024/06/24,0:00:00,5.5
上游闸内水位,2024/06/24,0:16:35,4.2
上游闸外水位,2024/06/24,0:16:35,4.2
下游闸内水位,2024/06/24,0:19:31,4.2
下游闸外水位,2024/06/24,0:19:31,5.5
下游闸内水位,2024/06/24,0:23:22,5.3
下游闸外水位,2024/06/24,0:23:22,5.5
内河侧水位,2024/06/24,1:00:00,4.3
长江侧水位,2024/06/24,1:00:00,5.4
下游闸内水位,2024/06/24,1:12:54,5.4
下游闸外水位,2024/06/24,1:12:54,5.4
上游闸内水位,2024/06/24,1:15:36,5.4
上游闸外水位,2024/06/24,1:15:36,4.2
上游闸内水位,2024/06/24,1:19:06,4.4
上游闸外水位,2024/06/24,1:19:06,4.2
上游闸内水位,2024/06/24,1:51:28,4.2
上游闸外水位,2024/06/24,1:51:28,4.2
下游闸内水位,2024/06/24,1:54:43,4.2
下游闸外水位,2024/06/24,1:54:43,5.3
下游闸内水位,2024/06/24,1:58:51,5.3
下游闸外水位,2024/06/24,1:58:51,5.3
内河侧水位,2024/06/24,2:00:00,4.2
长江侧水位,2024/06/24,2:00:00,5.3
下游闸内水位,2024/06/24,2:41:42,5.2
下游闸外水位,2024/06/24,2:41:42,5.2
上游闸内水位,2024/06/24,2:44:36,5.2
上游闸外水位,2024/06/24,2:44:36,4.2
上游闸内水位,2024/06/24,2:48:08,4.3
上游闸外水位,2024/06/24,2:48:08,4.2
内河侧水位,2024/06/24,3:00:00,4.2
长江侧水位,2024/06/24,3:00:00,5.2
上游闸内水位,2024/06/24,3:26:25,4.2
上游闸外水位,2024/06/24,3:26:25,4.2
下游闸内水位,2024/06/24,3:28:58,4.2
下游闸外水位,2024/06/24,3:28:58,5.1
下游闸内水位,2024/06/24,3:32:15,5.0
下游闸外水位,2024/06/24,3:32:15,5.1
上游闸内水位,2024/06/24,4:40:35,4.1
上游闸外水位,2024/06/24,4:40:35,4.2
下游闸内水位,2024/06/24,4:43:14,4.1
下游闸外水位,2024/06/24,4:43:14,5.2
下游闸内水位,2024/06/24,4:46:47,5.1
下游闸外水位,2024/06/24,4:46:47,5.2
内河侧水位,2024/06/24,5:00:00,4.1
长江侧水位,2024/06/24,5:00:00,5.3
下游闸内水位,2024/06/24,5:00:06,5.3
下游闸外水位,2024/06/24,5:00:06,5.3
上游闸内水位,2024/06/24,5:02:42,5.3
上游闸外水位,2024/06/24,5:02:42,4.1
上游闸内水位,2024/06/24,5:06:52,4.1
上游闸外水位,2024/06/24,5:06:52,4.1
上游闸内水位,2024/06/24,5:29:00,4.1
上游闸外水位,2024/06/24,5:29:00,4.1
下游闸内水位,2024/06/24,5:31:54,4.1
下游闸外水位,2024/06/24,5:31:54,5.8
下游闸内水位,2024/06/24,5:36:41,5.7
下游闸外水位,2024/06/24,5:36:41,5.9
下游闸内水位,2024/06/24,5:47:47,6.0
下游闸外水位,2024/06/24,5:47:47,6.0
上游闸内水位,2024/06/24,5:50:27,6.1
上游闸外水位,2024/06/24,5:50:27,4.1
上游闸内水位,2024/06/24,5:55:35,4.2
上游闸外水位,2024/06/24,5:55:35,4.1
内河侧水位,2024/06/24,6:00:00,4.2
长江侧水位,2024/06/24,6:00:00,6.2
上游闸内水位,2024/06/24,6:16:47,4.1
上游闸外水位,2024/06/24,6:16:47,4.1
下游闸内水位,2024/06/24,6:20:12,4.2
下游闸外水位,2024/06/24,6:20:12,6.4
下游闸内水位,2024/06/24,6:25:40,6.2
下游闸外水位,2024/06/24,6:25:40,6.3
下游闸内水位,2024/06/24,6:38:07,6.4
下游闸外水位,2024/06/24,6:38:07,6.3
上游闸内水位,2024/06/24,6:40:57,6.5
上游闸外水位,2024/06/24,6:40:57,4.2
上游闸内水位,2024/06/24,6:46:27,4.3
上游闸外水位,2024/06/24,6:46:27,4.1
内河侧水位,2024/06/24,7:00:00,4.2
长江侧水位,2024/06/24,7:00:00,6.6
上游闸内水位,2024/06/24,7:08:54,4.2
上游闸外水位,2024/06/24,7:08:54,4.2
下游闸内水位,2024/06/24,7:11:27,4.1
下游闸外水位,2024/06/24,7:11:27,6.6
下游闸内水位,2024/06/24,7:17:16,6.4
下游闸外水位,2024/06/24,7:17:16,6.6
下游闸内水位,2024/06/24,7:57:16,6.6
下游闸外水位,2024/06/24,7:57:16,6.6
内河侧水位,2024/06/24,8:00:00,4.2
长江侧水位,2024/06/24,8:00:00,6.6
上游闸内水位,2024/06/24,8:00:56,6.6
上游闸外水位,2024/06/24,8:00:56,4.2
上游闸内水位,2024/06/24,8:05:12,5.2
上游闸外水位,2024/06/24,8:05:12,4.0
上游闸内水位,2024/06/24,8:08:34,4.2
上游闸外水位,2024/06/24,8:08:34,4.1
上游闸内水位,2024/06/24,8:34:59,4.1
上游闸外水位,2024/06/24,8:34:59,4.2
下游闸内水位,2024/06/24,8:37:47,4.1
下游闸外水位,2024/06/24,8:37:47,6.6
下游闸内水位,2024/06/24,8:43:50,6.4
下游闸外水位,2024/06/24,8:43:50,6.6
内河侧水位,2024/06/24,9:00:00,4.2
长江侧水位,2024/06/24,9:00:00,6.5
下游闸内水位,2024/06/24,9:04:45,6.5
上游闸内水位,2024/06/24,4:10:11,4.3
上游闸外水位,2024/06/24,4:10:11,4.2
下游闸外水位,2024/06/24,9:04:45,6.5
上游闸内水位,2024/06/24,9:07:24,6.5
上游闸外水位,2024/06/24,9:07:24,4.1
上游闸内水位,2024/06/24,9:13:13,4.2
上游闸外水位,2024/06/24,9:13:13,4.1
上游闸内水位,2024/06/24,9:32:28,4.1
上游闸外水位,2024/06/24,9:32:28,4.1
下游闸内水位,2024/06/24,9:36:42,4.1
下游闸外水位,2024/06/24,9:36:42,6.4
下游闸内水位,2024/06/24,9:42:18,6.2
下游闸外水位,2024/06/24,9:42:18,6.4
下游闸内水位,2024/06/24,9:52:58,6.3
下游闸外水位,2024/06/24,9:52:58,6.3
上游闸内水位,2024/06/24,9:55:38,6.3
上游闸外水位,2024/06/24,9:55:38,4.1
内河侧水位,2024/06/24,10:00:00,3.6
长江侧水位,2024/06/24,10:00:00,6.3
上游闸内水位,2024/06/24,10:20:52,4.1
上游闸外水位,2024/06/24,10:20:52,4.1
下游闸内水位,2024/06/24,10:23:55,4.1
下游闸外水位,2024/06/24,10:23:55,6.2
下游闸内水位,2024/06/24,10:29:40,6.1
下游闸外水位,2024/06/24,10:29:40,6.2
下游闸内水位,2024/06/24,10:38:27,6.2
下游闸外水位,2024/06/24,10:38:27,6.2
上游闸内水位,2024/06/24,10:41:05,6.1
上游闸外水位,2024/06/24,10:41:05,4.1
上游闸内水位,2024/06/24,10:46:38,4.1
上游闸外水位,2024/06/24,10:46:38,4.1
内河侧水位,2024/06/24,11:00:00,4.1
长江侧水位,2024/06/24,11:00:00,6.1
上游闸内水位,2024/06/24,11:05:13,4.1
上游闸外水位,2024/06/24,11:05:13,4.1
下游闸内水位,2024/06/24,11:07:47,4.1
下游闸外水位,2024/06/24,11:07:47,6.0
下游闸内水位,2024/06/24,11:13:05,6.0
下游闸外水位,2024/06/24,11:13:05,6.1
下游闸内水位,2024/06/24,11:42:08,6.1
下游闸外水位,2024/06/24,11:42:08,6.0
上游闸内水位,2024/06/24,11:44:48,6.0
上游闸外水位,2024/06/24,11:44:48,4.1
上游闸内水位,2024/06/24,11:48:49,4.7
上游闸外水位,2024/06/24,11:48:49,4.1
内河侧水位,2024/06/24,12:00:00,4.1
长江侧水位,2024/06/24,12:00:00,5.9
上游闸内水位,2024/06/24,12:07:58,4.1
上游闸外水位,2024/06/24,12:07:58,4.1
下游闸内水位,2024/06/24,12:10:36,4.1
下游闸外水位,2024/06/24,12:10:36,5.9
下游闸内水位,2024/06/24,12:15:24,5.7
下游闸外水位,2024/06/24,12:15:24,5.9
下游闸内水位,2024/06/24,12:39:07,5.8
下游闸外水位,2024/06/24,12:39:07,5.8
上游闸内水位,2024/06/24,12:42:04,5.8
上游闸外水位,2024/06/24,12:42:04,4.1
上游闸内水位,2024/06/24,12:47:03,4.1
上游闸外水位,2024/06/24,12:47:03,4.0
内河侧水位,2024/06/24,13:00:00,4.1
长江侧水位,2024/06/24,13:00:00,5.8
上游闸内水位,2024/06/24,13:26:32,4.1
上游闸外水位,2024/06/24,13:26:32,4.1
下游闸内水位,2024/06/24,13:29:10,4.1
下游闸外水位,2024/06/24,13:29:10,5.7
下游闸内水位,2024/06/24,13:33:38,5.5
下游闸外水位,2024/06/24,13:33:38,5.7
内河侧水位,2024/06/24,14:00:00,4.1
长江侧水位,2024/06/24,14:00:00,5.6
下游闸内水位,2024/06/24,14:09:24,5.6
下游闸外水位,2024/06/24,14:09:24,5.6
上游闸内水位,2024/06/24,14:12:02,5.7
上游闸外水位,2024/06/24,14:12:02,4.1
上游闸内水位,2024/06/24,14:16:29,4.2
上游闸外水位,2024/06/24,14:16:29,4.0
上游闸内水位,2024/06/24,14:52:22,4.1
上游闸外水位,2024/06/24,14:52:22,4.1
下游闸内水位,2024/06/24,14:54:55,4.0
下游闸外水位,2024/06/24,14:54:55,5.5
下游闸内水位,2024/06/24,14:59:09,5.4
下游闸外水位,2024/06/24,14:59:09,5.5
内河侧水位,2024/06/24,15:00:00,4.1
长江侧水位,2024/06/24,15:00:00,5.5
下游闸内水位,2024/06/24,15:19:29,5.5
下游闸外水位,2024/06/24,15:19:29,5.5
上游闸内水位,2024/06/24,15:22:23,5.5
上游闸外水位,2024/06/24,15:22:23,4.1
上游闸内水位,2024/06/24,15:27:01,4.1
上游闸外水位,2024/06/24,15:27:01,4.0
上游闸内水位,2024/06/24,15:44:08,4.1
上游闸外水位,2024/06/24,15:44:08,4.1
下游闸内水位,2024/06/24,15:47:45,4.1
下游闸外水位,2024/06/24,15:47:45,5.4
下游闸内水位,2024/06/24,15:51:41,5.2
下游闸外水位,2024/06/24,15:51:41,5.4
内河侧水位,2024/06/24,16:00:00,4.1
长江侧水位,2024/06/24,16:00:00,5.4
下游闸内水位,2024/06/24,16:24:31,5.4
下游闸外水位,2024/06/24,16:24:31,5.4
上游闸内水位,2024/06/24,16:27:11,5.4
上游闸外水位,2024/06/24,16:27:11,4.1
上游闸内水位,2024/06/24,16:31:14,4.1
上游闸外水位,2024/06/24,16:31:14,4.0
内河侧水位,2024/06/24,17:00:00,4.1
长江侧水位,2024/06/24,17:00:00,5.3
上游闸内水位,2024/06/24,17:12:01,4.1
上游闸外水位,2024/06/24,17:12:01,4.1
下游闸内水位,2024/06/24,17:20:29,4.1
下游闸外水位,2024/06/24,17:20:29,5.3
下游闸内水位,2024/06/24,17:24:10,5.2
下游闸外水位,2024/06/24,17:24:10,5.3
内河侧水位,2024/06/24,18:00:00,4.1
长江侧水位,2024/06/24,18:00:00,5.4
下游闸内水位,2024/06/24,18:02:34,5.4
下游闸外水位,2024/06/24,18:02:34,5.5
上游闸内水位,2024/06/24,18:05:12,5.5
上游闸外水位,2024/06/24,18:05:12,4.1
上游闸内水位,2024/06/24,18:09:14,4.2
上游闸外水位,2024/06/24,18:09:14,4.1
上游闸内水位,2024/06/24,18:42:28,4.0
上游闸外水位,2024/06/24,18:42:28,4.1
下游闸内水位,2024/06/24,18:45:31,4.1
下游闸外水位,2024/06/24,18:45:31,5.8
下游闸内水位,2024/06/24,18:50:39,5.7
下游闸外水位,2024/06/24,18:50:39,5.8
内河侧水位,2024/06/24,19:00:00,4.1
长江侧水位,2024/06/24,19:00:00,5.8
下游闸内水位,2024/06/24,19:06:26,5.9
下游闸外水位,2024/06/24,19:06:26,6.0
上游闸内水位,2024/06/24,19:09:08,5.9
上游闸外水位,2024/06/24,19:09:08,4.1
上游闸内水位,2024/06/24,19:14:08,4.1
上游闸外水位,2024/06/24,19:14:08,4.0
上游闸内水位,2024/06/24,19:40:09,4.1
上游闸外水位,2024/06/24,19:40:09,4.1
下游闸内水位,2024/06/24,19:42:44,4.0
下游闸外水位,2024/06/24,19:42:44,6.0
下游闸内水位,2024/06/24,19:48:03,5.9
下游闸外水位,2024/06/24,19:48:03,6.1
内河侧水位,2024/06/24,20:00:00,4.1
长江侧水位,2024/06/24,20:00:00,6.0
下游闸内水位,2024/06/24,20:24:18,6.2
下游闸外水位,2024/06/24,20:24:18,6.2
上游闸内水位,2024/06/24,20:34:16,4.4
上游闸外水位,2024/06/24,20:34:16,4.1
上游闸内水位,2024/06/24,20:35:07,4.2
上游闸外水位,2024/06/24,20:35:07,4.1
上游闸内水位,2024/06/24,20:52:49,4.1
上游闸外水位,2024/06/24,20:52:49,4.1
下游闸内水位,2024/06/24,20:55:31,4.1
下游闸外水位,2024/06/24,20:55:31,6.1
内河侧水位,2024/06/24,21:00:00,4.1
长江侧水位,2024/06/24,21:00:00,6.2
下游闸内水位,2024/06/24,21:00:57,6.0
下游闸外水位,2024/06/24,21:00:57,6.2
下游闸内水位,2024/06/24,21:24:58,6.1
下游闸外水位,2024/06/24,21:24:58,6.1
上游闸内水位,2024/06/24,21:27:45,6.1
上游闸外水位,2024/06/24,21:27:45,4.1
上游闸内水位,2024/06/24,21:33:17,4.0
上游闸外水位,2024/06/24,21:33:17,4.0
内河侧水位,2024/06/24,22:00:00,4.0
长江侧水位,2024/06/24,22:00:00,6.0
上游闸内水位,2024/06/24,22:10:29,4.0
上游闸外水位,2024/06/24,22:10:29,4.0
下游闸内水位,2024/06/24,22:13:27,4.0
下游闸外水位,2024/06/24,22:13:27,6.0
下游闸内水位,2024/06/24,22:19:11,5.8
下游闸外水位,2024/06/24,22:19:11,6.0
下游闸内水位,2024/06/24,22:52:06,5.9
下游闸外水位,2024/06/24,22:52:06,5.9
上游闸内水位,2024/06/24,22:54:46,5.9
上游闸外水位,2024/06/24,22:54:46,4.0
内河侧水位,2024/06/24,23:00:00,3.8
长江侧水位,2024/06/24,23:00:00,5.9
上游闸内水位,2024/06/24,23:00:15,4.0
上游闸外水位,2024/06/24,23:00:15,3.9
上游闸内水位,2024/06/24,23:28:26,4.0
上游闸外水位,2024/06/24,23:28:26,4.0
下游闸内水位,2024/06/24,23:31:04,4.0
下游闸外水位,2024/06/24,23:31:04,5.8
下游闸内水位,2024/06/24,23:36:02,5.7
下游闸外水位,2024/06/24,23:36:02,5.8
内河侧水位,2024/06/25,0:00:00,4.0
长江侧水位,2024/06/25,0:00:00,5.7
下游闸内水位,2024/06/25,0:14:34,5.8
下游闸外水位,2024/06/25,0:14:34,5.7
上游闸内水位,2024/06/25,0:17:31,5.7
上游闸外水位,2024/06/25,0:17:31,4.0
上游闸内水位,2024/06/25,0:22:21,4.0
上游闸外水位,2024/06/25,0:22:21,3.9
上游闸内水位,2024/06/25,0:56:36,4.0
上游闸外水位,2024/06/25,0:56:36,4.0
下游闸内水位,2024/06/25,0:59:22,4.0
下游闸外水位,2024/06/25,0:59:22,5.6
内河侧水位,2024/06/25,1:00:00,4.0
长江侧水位,2024/06/25,1:00:00,5.5
下游闸内水位,2024/06/25,1:04:26,5.5
下游闸外水位,2024/06/25,1:04:26,5.6
下游闸内水位,2024/06/25,1:19:08,5.6
下游闸外水位,2024/06/25,1:19:08,5.6
上游闸内水位,2024/06/25,1:21:48,5.7
上游闸外水位,2024/06/25,1:21:48,4.0
上游闸内水位,2024/06/25,1:26:37,4.0
上游闸外水位,2024/06/25,1:26:37,3.9
上游闸内水位,2024/06/25,1:41:49,4.0
上游闸外水位,2024/06/25,1:41:49,4.0
下游闸内水位,2024/06/25,1:44:26,4.0
下游闸外水位,2024/06/25,1:44:26,5.5
下游闸内水位,2024/06/25,1:55:10,5.4
下游闸外水位,2024/06/25,1:55:10,5.6
下游闸内水位,2024/06/25,1:56:06,5.5
下游闸外水位,2024/06/25,1:56:06,5.5
内河侧水位,2024/06/25,2:00:00,4.0
长江侧水位,2024/06/25,2:00:00,5.5
下游闸内水位,2024/06/25,2:04:11,5.6
下游闸外水位,2024/06/25,2:04:11,5.6
上游闸内水位,2024/06/25,2:06:45,5.6
上游闸外水位,2024/06/25,2:06:45,4.0
上游闸内水位,2024/06/25,2:11:16,4.1
上游闸外水位,2024/06/25,2:11:16,3.9
上游闸内水位,2024/06/25,2:28:11,4.0
上游闸外水位,2024/06/25,2:28:11,4.1
上游闸内水位,2024/06/25,2:31:41,4.0
上游闸外水位,2024/06/25,2:31:41,4.0
上游闸内水位,2024/06/25,2:32:24,4.0
上游闸外水位,2024/06/25,2:32:24,4.0
上游闸内水位,2024/06/25,2:33:20,4.0
上游闸外水位,2024/06/25,2:33:20,4.0
上游闸内水位,2024/06/25,2:35:39,4.0
上游闸外水位,2024/06/25,2:35:39,4.0
上游闸内水位,2024/06/25,2:36:59,4.0
上游闸外水位,2024/06/25,2:36:59,4.0
上游闸内水位,2024/06/25,2:40:54,4.0
上游闸外水位,2024/06/25,2:40:54,4.0
下游闸内水位,2024/06/25,2:43:31,4.0
下游闸外水位,2024/06/25,2:43:31,5.4
下游闸内水位,2024/06/25,2:50:26,5.0
下游闸外水位,2024/06/25,2:50:26,5.5
内河侧水位,2024/06/25,3:00:00,4.0
长江侧水位,2024/06/25,3:00:00,5.4
下游闸内水位,2024/06/25,3:02:23,5.4
下游闸外水位,2024/06/25,3:02:23,5.4
上游闸内水位,2024/06/25,3:05:09,5.4
上游闸外水位,2024/06/25,3:05:09,4.0
上游闸内水位,2024/06/25,14:09:40,5.9
上游闸外水位,2024/06/25,14:09:40,4.1
上游闸内水位,2024/06/25,14:14:31,4.2
上游闸外水位,2024/06/25,14:14:31,4.0
上游闸内水位,2024/06/25,15:34:02,4.6
上游闸外水位,2024/06/25,15:34:02,4.1
内河侧水位,2024/06/25,16:00:00,4.1
长江侧水位,2024/06/25,16:00:00,5.6
上游闸内水位,2024/06/25,16:01:06,4.1
上游闸外水位,2024/06/25,16:01:06,4.1
下游闸内水位,2024/06/25,16:03:44,4.0
下游闸外水位,2024/06/25,16:03:44,5.6
下游闸内水位,2024/06/25,16:08:04,5.4
下游闸外水位,2024/06/25,16:08:04,5.6
下游闸内水位,2024/06/25,16:36:28,5.5
下游闸外水位,2024/06/25,16:36:28,5.5
下游闸外水位,2024/06/25,7:27:34,6.6
上游闸内水位,2024/06/25,7:30:15,6.6
上游闸外水位,2024/06/25,7:30:15,4.0
上游闸内水位,2024/06/25,7:36:44,4.0
上游闸外水位,2024/06/25,7:36:44,4.0
上游闸内水位,2024/06/25,7:53:37,4.0
上游闸外水位,2024/06/25,7:53:37,4.0
下游闸内水位,2024/06/25,7:56:11,3.9
下游闸外水位,2024/06/25,7:56:11,6.7
内河侧水位,2024/06/25,8:00:00,4.0
长江侧水位,2024/06/25,8:00:00,6.8
下游闸内水位,2024/06/25,8:03:26,6.8
下游闸外水位,2024/06/25,8:03:26,6.8
下游闸内水位,2024/06/25,8:17:40,6.8
下游闸外水位,2024/06/25,8:17:40,6.8
上游闸内水位,2024/06/25,8:20:16,6.8
上游闸外水位,2024/06/25,8:20:16,4.0
上游闸内水位,2024/06/25,8:26:33,4.1
上游闸外水位,2024/06/25,8:26:33,3.9
上游闸内水位,2024/06/25,8:50:54,4.0
上游闸外水位,2024/06/25,8:50:54,4.0
下游闸内水位,2024/06/25,8:53:38,4.0
下游闸外水位,2024/06/25,8:53:38,6.7
内河侧水位,2024/06/25,9:00:00,4.0
长江侧水位,2024/06/25,9:00:00,6.8
下游闸内水位,2024/06/25,9:00:03,6.6
下游闸外水位,2024/06/25,9:00:03,6.8
下游闸内水位,2024/06/25,9:10:41,6.8
下游闸外水位,2024/06/25,9:10:41,6.7
上游闸内水位,2024/06/25,9:13:35,6.8
上游闸外水位,2024/06/25,9:13:35,4.0
上游闸内水位,2024/06/25,9:20:04,4.0
上游闸外水位,2024/06/25,9:20:04,3.9
上游闸内水位,2024/06/25,9:38:20,4.0
上游闸外水位,2024/06/25,9:38:20,4.0
下游闸内水位,2024/06/25,9:41:02,4.0
下游闸外水位,2024/06/25,9:41:02,6.6
下游闸内水位,2024/06/25,9:47:10,6.5
下游闸外水位,2024/06/25,9:47:10,6.6
内河侧水位,2024/06/25,10:00:00,4.0
长江侧水位,2024/06/25,10:00:00,6.6
下游闸内水位,2024/06/25,10:17:43,6.6
下游闸外水位,2024/06/25,10:17:43,6.6
上游闸内水位,2024/06/25,10:20:25,6.6
上游闸外水位,2024/06/25,10:20:25,4.1
上游闸内水位,2024/06/25,10:25:17,5.1
上游闸外水位,2024/06/25,10:25:17,3.9
上游闸内水位,2024/06/25,10:28:34,4.1
上游闸外水位,2024/06/25,10:28:34,3.9
内河侧水位,2024/06/25,11:00:00,4.1
长江侧水位,2024/06/25,11:00:00,6.4
上游闸内水位,2024/06/25,11:06:52,4.1
上游闸外水位,2024/06/25,11:06:52,4.1
下游闸内水位,2024/06/25,11:10:12,4.0
下游闸外水位,2024/06/25,11:10:12,6.4
下游闸内水位,2024/06/25,11:15:53,6.2
下游闸外水位,2024/06/25,11:15:53,6.3
下游闸内水位,2024/06/25,11:43:18,6.3
下游闸外水位,2024/06/25,11:43:18,6.3
上游闸内水位,2024/06/25,11:46:06,6.2
上游闸外水位,2024/06/25,11:46:06,4.1
上游闸内水位,2024/06/25,11:51:43,4.1
上游闸外水位,2024/06/25,11:51:43,4.0
内河侧水位,2024/06/25,12:00:00,4.1
长江侧水位,2024/06/25,12:00:00,6.2
上游闸内水位,2024/06/25,12:25:04,4.1
上游闸外水位,2024/06/25,12:25:04,4.1
下游闸内水位,2024/06/25,12:28:15,4.0
下游闸外水位,2024/06/25,12:28:15,6.1
下游闸内水位,2024/06/25,12:34:10,6.1
下游闸外水位,2024/06/25,12:34:10,6.2
内河侧水位,2024/06/25,13:00:00,4.1
长江侧水位,2024/06/25,13:00:00,6.0
下游闸内水位,2024/06/25,13:05:10,6.0
下游闸外水位,2024/06/25,13:05:10,6.0
上游闸内水位,2024/06/25,13:08:00,6.0
上游闸外水位,2024/06/25,13:08:00,4.1
上游闸内水位,2024/06/25,13:13:23,4.1
上游闸外水位,2024/06/25,13:13:23,4.1
上游闸内水位,2024/06/25,13:38:57,4.1
上游闸外水位,2024/06/25,13:38:57,4.1
下游闸内水位,2024/06/25,13:41:32,4.1
下游闸外水位,2024/06/25,13:41:32,5.9
下游闸内水位,2024/06/25,13:46:40,5.8
下游闸外水位,2024/06/25,13:46:40,6.0
内河侧水位,2024/06/25,14:00:00,4.1
长江侧水位,2024/06/25,14:00:00,5.9
下游闸内水位,2024/06/25,14:07:03,5.9
下游闸外水位,2024/06/25,14:07:03,5.8
上游闸内水位,2024/06/25,14:40:48,4.1
上游闸外水位,2024/06/25,14:40:48,4.1
下游闸内水位,2024/06/25,14:43:19,4.0
下游闸外水位,2024/06/25,14:43:19,5.8
下游闸内水位,2024/06/25,14:48:08,5.6
下游闸外水位,2024/06/25,14:48:08,5.8
内河侧水位,2024/06/25,15:00:00,4.1
长江侧水位,2024/06/25,15:00:00,5.7
下游闸内水位,2024/06/25,15:26:43,5.7
下游闸外水位,2024/06/25,15:26:43,5.7
上游闸内水位,2024/06/25,15:29:20,5.7
上游闸外水位,2024/06/25,15:29:20,4.1
上游闸内水位,2024/06/25,15:35:28,4.2
上游闸外水位,2024/06/25,15:35:28,4.1
上游闸内水位,2024/06/26,7:38:07,4.0
上游闸外水位,2024/06/26,7:38:07,4.0
上游闸内水位,2024/06/26,8:43:06,4.2
上游闸外水位,2024/06/26,8:43:06,4.0
上游闸内水位,2024/06/26,10:58:28,4.0
上游闸外水位,2024/06/26,10:58:28,4.0
下游闸内水位,2024/06/26,15:42:17,5.8
下游闸外水位,2024/06/26,15:42:17,5.8
上游闸内水位,2024/06/26,15:44:53,5.8
上游闸外水位,2024/06/26,15:44:53,4.0
上游闸内水位,2024/06/26,15:49:55,4.0
上游闸外水位,2024/06/26,15:49:55,3.9
内河侧水位,2024/06/26,16:00:00,4.0
长江侧水位,2024/06/26,16:00:00,5.8
上游闸内水位,2024/06/26,16:28:18,3.9
上游闸外水位,2024/06/26,16:28:18,4.0
下游闸内水位,2024/06/26,16:31:29,3.9
下游闸外水位,2024/06/26,16:31:29,5.7
下游闸内水位,2024/06/26,16:36:26,5.6
下游闸外水位,2024/06/26,16:36:26,5.7
内河侧水位,2024/06/26,17:00:00,4.0
长江侧水位,2024/06/26,17:00:00,5.6
下游闸内水位,2024/06/26,17:13:30,5.6
下游闸外水位,2024/06/26,17:13:30,5.6
上游闸内水位,2024/06/26,17:16:04,5.6
上游闸外水位,2024/06/26,17:16:04,4.0
上游闸内水位,2024/06/26,17:20:44,4.0
上游闸外水位,2024/06/26,17:20:44,3.9
上游闸内水位,2024/06/26,17:59:14,3.9
上游闸外水位,2024/06/26,17:59:14,4.0
内河侧水位,2024/06/26,18:00:00,3.9
长江侧水位,2024/06/26,18:00:00,5.5
下游闸内水位,2024/06/26,18:01:49,3.9
下游闸外水位,2024/06/26,18:01:49,5.5
下游闸内水位,2024/06/26,18:06:24,5.4
下游闸外水位,2024/06/26,18:06:24,5.6
下游闸内水位,2024/06/26,18:31:43,5.6
下游闸外水位,2024/06/26,18:31:43,5.5
上游闸内水位,2024/06/26,18:34:44,5.5
上游闸外水位,2024/06/26,18:34:44,4.0
上游闸内水位,2024/06/26,18:39:22,4.0
上游闸外水位,2024/06/26,18:39:22,3.9
内河侧水位,2024/06/26,19:00:00,4.0
长江侧水位,2024/06/26,19:00:00,5.5
上游闸内水位,2024/06/26,19:10:45,3.9
上游闸外水位,2024/06/26,19:10:45,4.0
下游闸内水位,2024/06/26,19:14:50,3.9
下游闸外水位,2024/06/26,19:14:50,5.7
下游闸内水位,2024/06/26,19:19:39,5.5
下游闸外水位,2024/06/26,19:19:39,5.6
内河侧水位,2024/06/26,20:00:00,4.0
长江侧水位,2024/06/26,20:00:00,5.9
下游闸内水位,2024/06/26,20:03:50,5.9
下游闸外水位,2024/06/26,20:03:50,5.9
上游闸内水位,2024/06/26,20:06:27,6.0
上游闸外水位,2024/06/26,20:06:27,4.0
上游闸内水位,2024/06/26,20:11:51,4.0
上游闸外水位,2024/06/26,20:11:51,3.9
上游闸内水位,2024/06/26,20:55:43,4.0
上游闸外水位,2024/06/26,20:55:43,4.0
下游闸内水位,2024/06/26,20:58:48,3.9
下游闸外水位,2024/06/26,20:58:48,6.2
内河侧水位,2024/06/26,21:00:00,4.0
长江侧水位,2024/06/26,21:00:00,6.1
下游闸内水位,2024/06/26,21:04:39,6.1
下游闸外水位,2024/06/26,21:04:39,6.2
下游闸内水位,2024/06/26,21:36:20,6.3
下游闸外水位,2024/06/26,21:36:20,6.3
上游闸内水位,2024/06/26,21:38:57,6.3
上游闸外水位,2024/06/26,21:38:57,4.0
上游闸内水位,2024/06/26,21:44:52,4.0
下游闸内水位,2024/06/25,16:38:38,5.6
下游闸外水位,2024/06/25,16:38:38,5.6
上游闸内水位,2024/06/25,16:40:56,5.6
上游闸外水位,2024/06/25,16:40:56,4.1
上游闸内水位,2024/06/25,16:45:34,4.1
上游闸外水位,2024/06/25,16:45:34,4.0
内河侧水位,2024/06/25,17:00:00,4.1
长江侧水位,2024/06/25,17:00:00,5.5
上游闸内水位,2024/06/25,17:18:28,4.0
上游闸外水位,2024/06/25,17:18:28,4.1
下游闸内水位,2024/06/25,17:20:59,4.1
下游闸外水位,2024/06/25,17:20:59,5.5
下游闸内水位,2024/06/25,17:25:01,5.3
下游闸外水位,2024/06/25,17:25:01,5.5
下游闸内水位,2024/06/25,17:46:19,5.4
下游闸外水位,2024/06/25,17:46:19,5.4
上游闸内水位,2024/06/25,17:49:04,5.5
上游闸外水位,2024/06/25,17:49:04,4.1
上游闸内水位,2024/06/25,17:53:15,4.1
上游闸外水位,2024/06/25,17:53:15,4.0
内河侧水位,2024/06/25,18:00:00,4.2
长江侧水位,2024/06/25,18:00:00,5.4
上游闸内水位,2024/06/25,18:22:44,4.1
上游闸外水位,2024/06/25,18:22:44,4.1
下游闸内水位,2024/06/25,18:25:16,4.0
下游闸外水位,2024/06/25,18:25:16,5.5
下游闸内水位,2024/06/25,18:29:30,5.3
下游闸外水位,2024/06/25,18:29:30,5.5
下游闸内水位,2024/06/25,18:51:39,5.6
下游闸外水位,2024/06/25,18:51:39,5.6
上游闸内水位,2024/06/25,18:54:18,5.6
上游闸外水位,2024/06/25,18:54:18,4.1
上游闸内水位,2024/06/25,18:58:51,4.1
上游闸外水位,2024/06/25,18:58:51,4.0
内河侧水位,2024/06/25,19:00:00,4.1
长江侧水位,2024/06/25,19:00:00,5.6
上游闸内水位,2024/06/25,19:25:46,4.1
上游闸外水位,2024/06/25,19:25:46,4.1
下游闸内水位,2024/06/25,19:30:24,4.1
下游闸外水位,2024/06/25,19:30:24,5.8
下游闸内水位,2024/06/25,19:36:04,5.9
下游闸外水位,2024/06/25,19:36:04,5.9
内河侧水位,2024/06/25,20:00:00,4.1
长江侧水位,2024/06/25,20:00:00,6.1
下游闸内水位,2024/06/25,20:10:50,6.0
下游闸外水位,2024/06/25,20:10:50,6.1
上游闸内水位,2024/06/25,20:14:54,6.1
上游闸外水位,2024/06/25,20:14:54,4.1
上游闸内水位,2024/06/25,20:20:20,4.1
上游闸外水位,2024/06/25,20:20:20,4.1
上游闸内水位,2024/06/25,20:58:32,4.1
上游闸外水位,2024/06/25,20:58:32,4.1
内河侧水位,2024/06/25,21:00:00,4.1
长江侧水位,2024/06/25,21:00:00,6.2
下游闸内水位,2024/06/25,21:01:03,4.1
下游闸外水位,2024/06/25,21:01:03,6.2
下游闸内水位,2024/06/25,21:06:39,6.1
下游闸外水位,2024/06/25,21:06:39,6.2
下游闸内水位,2024/06/25,21:50:27,6.2
下游闸外水位,2024/06/25,21:50:27,6.3
上游闸内水位,2024/06/25,21:53:02,6.2
上游闸外水位,2024/06/25,21:53:02,4.1
上游闸内水位,2024/06/25,21:58:31,4.1
上游闸外水位,2024/06/25,21:58:31,4.1
内河侧水位,2024/06/25,22:00:00,4.1
长江侧水位,2024/06/25,22:00:00,6.2
上游闸内水位,2024/06/25,22:41:25,4.1
上游闸外水位,2024/06/25,22:41:25,4.1
下游闸内水位,2024/06/25,22:44:40,4.1
下游闸外水位,2024/06/25,22:44:40,6.2
下游闸内水位,2024/06/25,22:50:14,6.0
下游闸外水位,2024/06/25,22:50:14,6.1
内河侧水位,2024/06/25,23:00:00,4.1
长江侧水位,2024/06/25,23:00:00,6.1
下游闸内水位,2024/06/25,23:28:27,6.0
下游闸外水位,2024/06/25,23:28:27,6.1
上游闸内水位,2024/06/25,23:31:01,6.0
上游闸外水位,2024/06/25,23:31:01,4.1
上游闸内水位,2024/06/25,23:36:33,4.1
上游闸外水位,2024/06/25,23:36:33,4.1
内河侧水位,2024/06/26,0:00:00,4.1
长江侧水位,2024/06/26,0:00:00,5.9
上游闸内水位,2024/06/26,0:11:17,4.1
上游闸外水位,2024/06/26,0:11:17,4.1
下游闸内水位,2024/06/26,0:13:54,4.0
下游闸外水位,2024/06/26,0:13:54,5.9
下游闸内水位,2024/06/26,0:19:00,5.8
下游闸外水位,2024/06/26,0:19:00,5.9
下游闸内水位,2024/06/26,0:29:59,5.9
下游闸外水位,2024/06/26,0:29:59,5.9
上游闸内水位,2024/06/26,0:32:34,5.9
上游闸外水位,2024/06/26,0:32:34,4.1
上游闸内水位,2024/06/26,0:37:25,4.1
上游闸外水位,2024/06/26,0:37:25,4.0
上游闸内水位,2024/06/26,0:56:24,4.1
上游闸外水位,2024/06/26,0:56:24,4.1
下游闸内水位,2024/06/26,0:58:59,4.0
下游闸外水位,2024/06/26,0:58:59,5.8
内河侧水位,2024/06/26,1:00:00,4.1
长江侧水位,2024/06/26,1:00:00,5.7
下游闸内水位,2024/06/26,1:03:07,5.1
下游闸外水位,2024/06/26,1:03:07,5.9
下游闸内水位,2024/06/26,1:05:45,5.7
下游闸外水位,2024/06/26,1:05:45,5.8
下游闸内水位,2024/06/26,1:57:42,5.6
下游闸外水位,2024/06/26,1:57:42,5.6
内河侧水位,2024/06/26,2:00:00,4.1
长江侧水位,2024/06/26,2:00:00,5.6
上游闸内水位,2024/06/26,2:00:30,5.7
上游闸外水位,2024/06/26,2:00:30,4.1
上游闸内水位,2024/06/26,2:04:59,4.1
上游闸外水位,2024/06/26,2:04:59,4.0
上游闸内水位,2024/06/26,2:35:44,4.0
上游闸外水位,2024/06/26,2:35:44,4.1
下游闸内水位,2024/06/26,2:41:33,4.0
下游闸外水位,2024/06/26,2:41:33,5.6
下游闸内水位,2024/06/26,2:46:09,5.4
下游闸外水位,2024/06/26,2:46:09,5.6
内河侧水位,2024/06/26,3:00:00,4.1
长江侧水位,2024/06/26,3:00:00,5.6
下游闸内水位,2024/06/26,3:37:37,5.5
下游闸外水位,2024/06/26,3:37:37,5.5
上游闸内水位,2024/06/26,3:40:15,5.5
上游闸外水位,2024/06/26,3:40:15,4.1
上游闸内水位,2024/06/26,3:44:37,4.1
上游闸外水位,2024/06/26,3:44:37,4.0
内河侧水位,2024/06/26,4:00:00,4.0
长江侧水位,2024/06/26,4:00:00,5.4
上游闸内水位,2024/06/26,4:30:36,4.0
上游闸外水位,2024/06/26,4:30:36,4.1
下游闸内水位,2024/06/26,4:33:19,4.0
下游闸外水位,2024/06/26,4:33:19,5.4
下游闸内水位,2024/06/26,4:37:27,5.3
下游闸外水位,2024/06/26,4:37:27,5.4
下游闸内水位,2024/06/26,4:52:24,5.3
下游闸外水位,2024/06/26,4:52:24,5.3
上游闸内水位,2024/06/26,4:55:27,5.5
上游闸外水位,2024/06/26,4:55:27,4.0
内河侧水位,2024/06/26,5:00:00,4.0
长江侧水位,2024/06/26,5:00:00,5.4
上游闸内水位,2024/06/26,5:00:04,4.1
上游闸外水位,2024/06/26,5:00:04,4.0
上游闸内水位,2024/06/26,5:15:49,4.0
上游闸外水位,2024/06/26,5:15:49,4.1
下游闸内水位,2024/06/26,5:18:43,4.0
下游闸外水位,2024/06/26,5:18:43,5.4
下游闸内水位,2024/06/26,5:22:36,5.2
下游闸外水位,2024/06/26,5:22:36,5.3
下游闸内水位,2024/06/26,5:47:16,5.4
下游闸外水位,2024/06/26,5:47:16,5.4
上游闸内水位,2024/06/26,5:49:51,5.5
上游闸外水位,2024/06/26,5:49:51,4.0
上游闸内水位,2024/06/26,5:54:09,4.1
上游闸外水位,2024/06/26,5:54:09,4.0
内河侧水位,2024/06/26,6:00:00,4.0
长江侧水位,2024/06/26,6:00:00,5.3
上游闸内水位,2024/06/26,6:27:12,4.0
上游闸外水位,2024/06/26,6:27:12,4.0
下游闸内水位,2024/06/26,6:29:42,4.0
下游闸外水位,2024/06/26,6:29:42,5.6
下游闸内水位,2024/06/26,6:34:23,5.5
下游闸外水位,2024/06/26,6:34:23,5.6
下游闸内水位,2024/06/26,6:48:50,5.9
下游闸外水位,2024/06/26,6:48:50,5.9
上游闸内水位,2024/06/26,6:51:26,5.9
上游闸外水位,2024/06/26,6:51:26,4.0
上游闸内水位,2024/06/26,6:58:00,4.0
上游闸外水位,2024/06/26,6:58:00,4.0
内河侧水位,2024/06/26,7:00:00,4.0
长江侧水位,2024/06/26,7:00:00,6.0
上游闸内水位,2024/06/26,7:11:29,4.0
上游闸外水位,2024/06/26,7:11:29,4.0
下游闸内水位,2024/06/26,7:14:03,4.0
下游闸外水位,2024/06/26,7:14:03,6.1
下游闸内水位,2024/06/26,7:19:51,6.1
下游闸外水位,2024/06/26,7:19:51,6.3
下游闸内水位,2024/06/26,7:29:47,6.3
下游闸外水位,2024/06/26,7:29:47,6.3
上游闸内水位,2024/06/26,7:32:27,6.3
上游闸外水位,2024/06/26,7:32:27,4.0
上游闸内水位,2024/06/26,7:59:00,4.0
上游闸外水位,2024/06/26,7:59:00,4.0
内河侧水位,2024/06/26,8:00:00,4.0
长江侧水位,2024/06/26,8:00:00,6.6
下游闸内水位,2024/06/26,8:01:36,4.0
下游闸外水位,2024/06/26,8:01:36,6.6
下游闸内水位,2024/06/26,8:08:12,6.5
下游闸外水位,2024/06/26,8:08:12,6.7
下游闸内水位,2024/06/26,8:28:46,6.7
下游闸外水位,2024/06/26,8:28:46,6.7
上游闸内水位,2024/06/26,8:34:44,6.7
上游闸外水位,2024/06/26,8:34:44,4.0
上游闸内水位,2024/06/26,8:42:03,4.4
上游闸外水位,2024/06/26,8:42:03,4.1
上游闸内水位,2024/06/26,8:58:54,4.0
上游闸外水位,2024/06/26,8:58:54,4.0
内河侧水位,2024/06/26,9:00:00,4.0
长江侧水位,2024/06/26,9:00:00,6.7
下游闸内水位,2024/06/26,9:01:41,4.0
下游闸外水位,2024/06/26,9:01:41,6.8
下游闸内水位,2024/06/26,9:08:14,6.7
下游闸外水位,2024/06/26,9:08:14,6.8
下游闸内水位,2024/06/26,9:22:52,6.8
下游闸外水位,2024/06/26,9:22:52,6.8
上游闸内水位,2024/06/26,9:25:44,6.8
上游闸外水位,2024/06/26,9:25:44,4.0
上游闸内水位,2024/06/26,9:31:00,5.0
上游闸外水位,2024/06/26,9:31:00,4.1
上游闸内水位,2024/06/26,9:34:15,4.0
上游闸外水位,2024/06/26,9:34:15,3.9
内河侧水位,2024/06/26,10:00:00,4.0
长江侧水位,2024/06/26,10:00:00,6.7
上游闸内水位,2024/06/26,10:04:32,4.0
上游闸外水位,2024/06/26,10:04:32,4.0
下游闸内水位,2024/06/26,10:07:06,3.9
下游闸外水位,2024/06/26,10:07:06,6.7
下游闸内水位,2024/06/26,10:11:34,5.2
下游闸外水位,2024/06/26,10:11:34,6.6
下游闸内水位,2024/06/26,10:15:48,6.6
下游闸外水位,2024/06/26,10:15:48,6.7
下游闸内水位,2024/06/26,10:27:35,6.6
下游闸外水位,2024/06/26,10:27:35,6.6
上游闸内水位,2024/06/26,10:30:11,6.7
上游闸外水位,2024/06/26,10:30:11,4.0
上游闸内水位,2024/06/26,10:36:40,4.0
上游闸外水位,2024/06/26,10:36:40,3.9
内河侧水位,2024/06/26,11:00:00,4.0
长江侧水位,2024/06/26,11:00:00,6.5
下游闸内水位,2024/06/26,11:01:02,4.0
下游闸外水位,2024/06/26,11:01:02,6.5
下游闸内水位,2024/06/26,11:03:28,4.5
下游闸外水位,2024/06/26,11:03:28,6.5
下游闸内水位,2024/06/26,11:05:49,5.3
下游闸外水位,2024/06/26,11:05:49,6.5
下游闸内水位,2024/06/26,11:09:05,6.3
下游闸外水位,2024/06/26,11:09:05,6.5
下游闸内水位,2024/06/26,11:40:37,6.4
下游闸外水位,2024/06/26,11:40:37,6.4
上游闸内水位,2024/06/26,11:43:15,6.4
上游闸外水位,2024/06/26,11:43:15,4.0
上游闸内水位,2024/06/26,11:50:33,5.1
上游闸外水位,2024/06/26,11:50:33,4.0
上游闸内水位,2024/06/26,11:53:51,4.1
上游闸外水位,2024/06/26,11:53:51,4.0
内河侧水位,2024/06/26,12:00:00,4.0
长江侧水位,2024/06/26,12:00:00,6.4
上游闸内水位,2024/06/26,12:27:31,4.0
上游闸外水位,2024/06/26,12:27:31,4.0
下游闸内水位,2024/06/26,12:30:08,4.0
下游闸外水位,2024/06/26,12:30:08,6.2
下游闸内水位,2024/06/26,12:36:06,6.2
下游闸外水位,2024/06/26,12:36:06,6.3
内河侧水位,2024/06/26,13:00:00,4.0
长江侧水位,2024/06/26,13:00:00,6.2
下游闸内水位,2024/06/26,13:10:37,6.1
下游闸外水位,2024/06/26,13:10:37,6.2
上游闸内水位,2024/06/26,13:13:17,6.2
上游闸外水位,2024/06/26,13:13:17,4.0
上游闸内水位,2024/06/26,13:17:35,5.0
上游闸外水位,2024/06/26,13:17:35,3.9
上游闸内水位,2024/06/26,13:20:35,4.1
上游闸外水位,2024/06/26,13:20:35,4.0
上游闸内水位,2024/06/26,13:49:56,4.0
上游闸外水位,2024/06/26,13:49:56,4.0
下游闸内水位,2024/06/26,13:53:19,4.0
下游闸外水位,2024/06/26,13:53:19,6.0
下游闸内水位,2024/06/26,13:57:05,4.9
下游闸外水位,2024/06/26,13:57:05,6.0
内河侧水位,2024/06/26,14:00:00,4.0
长江侧水位,2024/06/26,14:00:00,6.1
下游闸内水位,2024/06/26,14:00:18,5.9
下游闸外水位,2024/06/26,14:00:18,6.1
下游闸内水位,2024/06/26,14:31:49,6.0
下游闸外水位,2024/06/26,14:31:49,6.0
上游闸内水位,2024/06/26,14:34:24,6.0
上游闸外水位,2024/06/26,14:34:24,4.0
上游闸内水位,2024/06/26,14:39:51,4.0
上游闸外水位,2024/06/26,14:39:51,3.9
内河侧水位,2024/06/26,15:00:00,4.0
长江侧水位,2024/06/26,15:00:00,5.9
上游闸内水位,2024/06/26,15:06:21,4.0
上游闸外水位,2024/06/26,15:06:21,4.0
下游闸内水位,2024/06/26,15:08:56,3.9
下游闸外水位,2024/06/26,15:08:56,5.9
下游闸内水位,2024/06/26,15:14:04,5.7
下游闸外水位,2024/06/26,15:14:04,5.9
下游闸内水位,2024/06/26,22:19:06,3.9
下游闸外水位,2024/06/26,22:19:06,6.3
上游闸内水位,2024/06/27,1:19:19,4.0
上游闸外水位,2024/06/27,1:19:19,3.8
下游闸内水位,2024/06/27,3:59:20,5.7
下游闸外水位,2024/06/27,3:59:20,5.7
内河侧水位,2024/06/27,4:00:00,4.0
长江侧水位,2024/06/27,4:00:00,5.7
上游闸内水位,2024/06/27,4:01:55,5.6
上游闸外水位,2024/06/27,4:01:55,4.0
上游闸内水位,2024/06/27,4:04:43,4.6
上游闸外水位,2024/06/27,4:04:43,3.8
下游闸内水位,2024/06/27,5:48:38,5.3
下游闸外水位,2024/06/27,5:48:38,5.5
上游闸内水位,2024/06/27,6:29:33,3.9
上游闸外水位,2024/06/27,6:29:33,3.9
内河侧水位,2024/06/27,20:00:00,3.9
长江侧水位,2024/06/27,20:00:00,5.5
下游闸内水位,2024/06/27,20:09:24,5.6
下游闸外水位,2024/06/27,20:09:24,5.6
上游闸内水位,2024/06/27,23:24:55,6.2
上游闸外水位,2024/06/27,23:24:55,3.9
上游闸内水位,2024/06/28,2:20:31,3.9
上游闸外水位,2024/06/28,2:20:31,3.9
上游闸内水位,2024/06/28,3:38:40,3.9
上游闸外水位,2024/06/28,3:38:40,3.8
内河侧水位,2024/06/28,4:00:00,3.9
长江侧水位,2024/06/28,4:00:00,5.8
上游闸内水位,2024/06/28,4:11:32,3.8
上游闸外水位,2024/06/28,4:11:32,3.9
下游闸内水位,2024/06/28,4:14:05,3.8
下游闸外水位,2024/06/28,4:14:05,5.9
下游闸内水位,2024/06/28,4:19:36,5.8
下游闸外水位,2024/06/28,4:19:36,5.9
下游闸内水位,2024/06/28,4:33:15,5.8
下游闸外水位,2024/06/28,4:33:15,5.8
上游闸内水位,2024/06/28,4:35:53,5.8
上游闸外水位,2024/06/28,4:35:53,3.9
下游闸内水位,2024/06/28,5:25:35,5.6
下游闸外水位,2024/06/28,5:25:35,5.7
上游闸内水位,2024/06/28,5:28:10,5.7
上游闸外水位,2024/06/28,5:28:10,3.9
下游闸内水位,2024/06/28,12:50:50,6.6
下游闸外水位,2024/06/28,12:50:50,6.6
内河侧水位,2024/06/28,16:00:00,3.8
长江侧水位,2024/06/28,16:00:00,6.2
上游闸内水位,2024/06/28,16:09:33,3.8
上游闸外水位,2024/06/28,16:09:33,3.8
下游闸内水位,2024/06/28,16:12:04,3.7
下游闸外水位,2024/06/28,16:12:04,6.2
下游闸内水位,2024/06/28,16:17:46,6.0
下游闸外水位,2024/06/28,16:17:46,6.1
下游闸内水位,2024/06/28,16:39:17,6.1
下游闸外水位,2024/06/28,16:39:17,6.1
上游闸内水位,2024/06/28,16:42:13,6.1
上游闸外水位,2024/06/28,16:42:13,3.8
上游闸内水位,2024/06/28,16:48:03,3.8
上游闸外水位,2024/06/28,16:48:03,3.7
内河侧水位,2024/06/28,17:00:00,3.8
长江侧水位,2024/06/28,17:00:00,6.0
上游闸内水位,2024/06/28,17:18:28,3.8
上游闸外水位,2024/06/28,17:18:28,3.8
上游闸外水位,2024/06/26,21:44:52,4.0
内河侧水位,2024/06/26,22:00:00,4.0
长江侧水位,2024/06/26,22:00:00,6.3
上游闸内水位,2024/06/26,22:15:13,3.9
上游闸外水位,2024/06/26,22:15:13,4.0
下游闸内水位,2024/06/26,22:20:23,4.1
下游闸外水位,2024/06/26,22:20:23,6.3
下游闸内水位,2024/06/26,22:27:15,6.0
下游闸外水位,2024/06/26,22:27:15,6.3
下游闸内水位,2024/06/26,22:28:27,6.1
下游闸外水位,2024/06/26,22:28:27,6.3
内河侧水位,2024/06/26,23:00:00,4.0
长江侧水位,2024/06/26,23:00:00,6.2
下游闸内水位,2024/06/26,23:10:45,6.2
下游闸外水位,2024/06/26,23:10:45,6.2
上游闸内水位,2024/06/26,23:13:31,6.2
上游闸外水位,2024/06/26,23:13:31,4.0
上游闸内水位,2024/06/26,23:19:05,4.0
上游闸外水位,2024/06/26,23:19:05,4.0
上游闸内水位,2024/06/26,23:59:04,3.9
上游闸外水位,2024/06/26,23:59:04,4.0
内河侧水位,2024/06/27,0:00:00,4.0
长江侧水位,2024/06/27,0:00:00,6.2
上游闸内水位,2024/06/27,0:03:52,4.0
上游闸外水位,2024/06/27,0:03:52,4.0
上游闸内水位,2024/06/27,0:04:53,4.0
上游闸外水位,2024/06/27,0:04:53,4.0
上游闸内水位,2024/06/27,0:06:28,3.9
上游闸外水位,2024/06/27,0:06:28,4.0
下游闸内水位,2024/06/27,0:08:47,3.9
下游闸外水位,2024/06/27,0:08:47,6.1
下游闸内水位,2024/06/27,0:15:00,5.1
下游闸外水位,2024/06/27,0:15:00,6.1
下游闸内水位,2024/06/27,0:18:34,5.8
下游闸外水位,2024/06/27,0:18:34,6.1
下游闸内水位,2024/06/27,0:20:39,6.1
下游闸外水位,2024/06/27,0:20:39,6.1
内河侧水位,2024/06/27,1:00:00,4.0
长江侧水位,2024/06/27,1:00:00,6.0
下游闸内水位,2024/06/27,1:11:04,6.0
下游闸外水位,2024/06/27,1:11:04,6.0
上游闸内水位,2024/06/27,1:14:03,6.0
上游闸外水位,2024/06/27,1:14:03,4.0
上游闸内水位,2024/06/27,1:55:01,3.9
上游闸外水位,2024/06/27,1:55:01,4.0
下游闸内水位,2024/06/27,1:57:38,3.9
下游闸外水位,2024/06/27,1:57:38,5.9
内河侧水位,2024/06/27,2:00:00,4.0
长江侧水位,2024/06/27,2:00:00,5.9
下游闸内水位,2024/06/27,2:03:01,5.7
下游闸外水位,2024/06/27,2:03:01,5.9
下游闸内水位,2024/06/27,2:36:51,5.8
下游闸外水位,2024/06/27,2:36:51,5.8
上游闸内水位,2024/06/27,2:39:37,5.8
上游闸外水位,2024/06/27,2:39:37,4.0
上游闸内水位,2024/06/27,2:44:38,4.0
上游闸外水位,2024/06/27,2:44:38,3.8
内河侧水位,2024/06/27,3:00:00,4.0
长江侧水位,2024/06/27,3:00:00,5.8
上游闸内水位,2024/06/27,3:13:36,3.9
上游闸外水位,2024/06/27,3:13:36,3.9
下游闸内水位,2024/06/27,3:16:25,3.9
下游闸外水位,2024/06/27,3:16:25,5.7
下游闸内水位,2024/06/27,3:21:40,5.7
下游闸外水位,2024/06/27,3:21:40,5.8
上游闸内水位,2024/06/27,4:06:45,4.0
上游闸外水位,2024/06/27,4:06:45,3.8
上游闸内水位,2024/06/27,4:37:34,3.9
上游闸外水位,2024/06/27,4:37:34,4.0
上游闸内水位,2024/06/27,4:40:27,3.9
上游闸外水位,2024/06/27,4:40:27,3.9
下游闸内水位,2024/06/27,4:43:34,3.9
下游闸外水位,2024/06/27,4:43:34,5.6
下游闸内水位,2024/06/27,4:48:17,5.4
下游闸外水位,2024/06/27,4:48:17,5.6
内河侧水位,2024/06/27,5:00:00,4.0
长江侧水位,2024/06/27,5:00:00,5.5
下游闸内水位,2024/06/27,5:11:32,5.5
下游闸外水位,2024/06/27,5:11:32,5.6
上游闸内水位,2024/06/27,5:14:07,5.6
上游闸外水位,2024/06/27,5:14:07,3.9
上游闸内水位,2024/06/27,5:18:28,4.0
上游闸外水位,2024/06/27,5:18:28,3.9
上游闸内水位,2024/06/27,5:40:48,3.8
上游闸外水位,2024/06/27,5:40:48,3.9
下游闸内水位,2024/06/27,5:43:57,3.9
下游闸外水位,2024/06/27,5:43:57,5.5
内河侧水位,2024/06/27,6:00:00,4.0
长江侧水位,2024/06/27,6:00:00,5.5
下游闸内水位,2024/06/27,6:00:11,5.5
下游闸外水位,2024/06/27,6:00:11,5.5
上游闸内水位,2024/06/27,6:02:48,5.5
上游闸外水位,2024/06/27,6:02:48,4.0
上游闸内水位,2024/06/27,6:10:13,4.1
上游闸外水位,2024/06/27,6:10:13,4.0
上游闸内水位,2024/06/27,6:22:37,3.9
上游闸外水位,2024/06/27,6:22:37,3.9
上游闸内水位,2024/06/27,6:34:03,3.9
上游闸外水位,2024/06/27,6:34:03,3.9
下游闸内水位,2024/06/27,6:37:44,3.9
下游闸外水位,2024/06/27,6:37:44,5.5
下游闸内水位,2024/06/27,6:42:45,5.4
下游闸外水位,2024/06/27,6:42:45,5.6
下游闸内水位,2024/06/27,6:57:01,5.5
下游闸外水位,2024/06/27,6:57:01,5.5
上游闸内水位,2024/06/27,6:59:41,5.6
上游闸外水位,2024/06/27,6:59:41,4.0
内河侧水位,2024/06/27,7:00:00,4.0
长江侧水位,2024/06/27,7:00:00,5.5
上游闸内水位,2024/06/27,7:04:30,3.9
上游闸外水位,2024/06/27,7:04:30,3.8
上游闸内水位,2024/06/27,7:27:30,3.9
上游闸外水位,2024/06/27,7:27:30,3.9
下游闸内水位,2024/06/27,7:30:04,3.9
下游闸外水位,2024/06/27,7:30:04,5.8
下游闸内水位,2024/06/27,7:35:35,5.8
下游闸外水位,2024/06/27,7:35:35,5.9
内河侧水位,2024/06/27,8:00:00,3.9
长江侧水位,2024/06/27,8:00:00,6.1
下游闸内水位,2024/06/27,8:07:35,6.2
下游闸外水位,2024/06/27,8:07:35,6.2
上游闸内水位,2024/06/27,8:10:13,6.2
上游闸外水位,2024/06/27,8:10:13,3.9
上游闸内水位,2024/06/27,8:15:56,3.9
上游闸外水位,2024/06/27,8:15:56,3.9
上游闸内水位,2024/06/27,8:36:48,3.9
上游闸外水位,2024/06/27,8:36:48,3.9
上游闸内水位,2024/06/27,8:40:19,3.9
上游闸外水位,2024/06/27,8:40:19,3.9
上游闸内水位,2024/06/27,8:40:42,3.9
上游闸外水位,2024/06/27,8:40:42,3.9
上游闸内水位,2024/06/27,8:42:07,3.9
上游闸外水位,2024/06/27,8:42:07,3.9
下游闸内水位,2024/06/27,8:45:02,3.9
下游闸外水位,2024/06/27,8:45:02,6.5
下游闸内水位,2024/06/27,8:51:24,6.4
下游闸外水位,2024/06/27,8:51:24,6.5
内河侧水位,2024/06/27,9:00:00,3.9
长江侧水位,2024/06/27,9:00:00,6.5
下游闸内水位,2024/06/27,9:03:44,6.5
下游闸外水位,2024/06/27,9:03:44,6.5
上游闸内水位,2024/06/27,9:06:24,6.6
上游闸外水位,2024/06/27,9:06:24,3.9
上游闸内水位,2024/06/27,9:12:31,4.0
上游闸外水位,2024/06/27,9:12:31,3.9
上游闸内水位,2024/06/27,9:41:06,3.9
上游闸外水位,2024/06/27,9:41:06,3.9
上游闸内水位,2024/06/27,9:47:37,3.9
上游闸外水位,2024/06/27,9:47:37,3.9
上游闸内水位,2024/06/27,9:49:04,3.9
上游闸外水位,2024/06/27,9:49:04,3.9
上游闸内水位,2024/06/27,9:49:42,3.9
上游闸外水位,2024/06/27,9:49:42,3.9
下游闸内水位,2024/06/27,9:51:43,3.9
下游闸外水位,2024/06/27,9:51:43,6.7
内河侧水位,2024/06/27,10:00:00,3.9
长江侧水位,2024/06/27,10:00:00,6.7
下游闸内水位,2024/06/27,10:00:49,6.2
下游闸外水位,2024/06/27,10:00:49,6.7
下游闸内水位,2024/06/27,10:06:40,6.6
下游闸外水位,2024/06/27,10:06:40,6.6
下游闸内水位,2024/06/27,10:20:07,6.6
下游闸外水位,2024/06/27,10:20:07,6.6
上游闸内水位,2024/06/27,10:22:54,6.6
上游闸外水位,2024/06/27,10:22:54,3.9
上游闸内水位,2024/06/27,10:29:08,4.0
上游闸外水位,2024/06/27,10:29:08,3.8
上游闸内水位,2024/06/27,10:44:53,4.0
上游闸外水位,2024/06/27,10:44:53,4.0
下游闸内水位,2024/06/27,10:47:46,3.9
下游闸外水位,2024/06/27,10:47:46,6.5
下游闸内水位,2024/06/27,10:54:43,6.5
下游闸外水位,2024/06/27,10:54:43,6.6
内河侧水位,2024/06/27,11:00:00,3.9
长江侧水位,2024/06/27,11:00:00,6.6
下游闸内水位,2024/06/27,11:22:14,6.6
下游闸外水位,2024/06/27,11:22:14,6.6
上游闸内水位,2024/06/27,11:24:53,6.6
上游闸外水位,2024/06/27,11:24:53,4.0
上游闸内水位,2024/06/27,11:31:19,4.6
上游闸外水位,2024/06/27,11:31:19,3.9
上游闸内水位,2024/06/27,11:34:22,3.9
上游闸外水位,2024/06/27,11:34:22,3.8
内河侧水位,2024/06/27,12:00:00,4.0
长江侧水位,2024/06/27,12:00:00,6.4
上游闸内水位,2024/06/27,12:11:48,3.9
上游闸外水位,2024/06/27,12:11:48,4.0
上游闸内水位,2024/06/27,12:13:05,3.9
上游闸外水位,2024/06/27,12:13:05,4.0
下游闸内水位,2024/06/27,12:15:36,3.9
下游闸外水位,2024/06/27,12:15:36,6.4
下游闸内水位,2024/06/27,12:21:46,6.3
下游闸外水位,2024/06/27,12:21:46,6.4
下游闸内水位,2024/06/27,12:55:19,6.3
下游闸外水位,2024/06/27,12:55:19,6.3
上游闸内水位,2024/06/27,12:58:06,6.3
上游闸外水位,2024/06/27,12:58:06,4.0
内河侧水位,2024/06/27,13:00:00,3.9
长江侧水位,2024/06/27,13:00:00,6.2
上游闸内水位,2024/06/27,13:04:49,4.5
上游闸外水位,2024/06/27,13:04:49,4.0
上游闸内水位,2024/06/27,13:07:12,4.0
上游闸外水位,2024/06/27,13:07:12,3.8
上游闸内水位,2024/06/27,13:22:01,3.9
上游闸外水位,2024/06/27,13:22:01,4.0
下游闸内水位,2024/06/27,13:24:43,3.9
下游闸外水位,2024/06/27,13:24:43,6.2
下游闸内水位,2024/06/27,13:30:33,6.1
下游闸外水位,2024/06/27,13:30:33,6.2
下游闸内水位,2024/06/27,13:54:52,6.1
下游闸外水位,2024/06/27,13:54:52,6.2
上游闸内水位,2024/06/27,13:57:28,6.1
上游闸外水位,2024/06/27,13:57:28,4.0
内河侧水位,2024/06/27,14:00:00,3.9
长江侧水位,2024/06/27,14:00:00,6.2
上游闸内水位,2024/06/27,14:06:47,4.0
上游闸外水位,2024/06/27,14:06:47,4.0
上游闸内水位,2024/06/27,14:21:35,3.9
上游闸外水位,2024/06/27,14:21:35,4.0
下游闸内水位,2024/06/27,14:24:26,3.9
下游闸外水位,2024/06/27,14:24:26,6.1
下游闸内水位,2024/06/27,14:30:29,6.1
下游闸外水位,2024/06/27,14:30:29,6.1
下游闸内水位,2024/06/27,14:52:44,6.0
下游闸外水位,2024/06/27,14:52:44,6.1
上游闸内水位,2024/06/27,14:55:20,6.0
上游闸外水位,2024/06/27,14:55:20,3.9
内河侧水位,2024/06/27,15:00:00,3.9
长江侧水位,2024/06/27,15:00:00,6.1
上游闸内水位,2024/06/27,15:00:15,4.7
上游闸外水位,2024/06/27,15:00:15,3.9
上游闸内水位,2024/06/27,15:02:47,4.0
上游闸外水位,2024/06/27,15:02:47,3.9
上游闸内水位,2024/06/27,15:23:35,3.9
上游闸外水位,2024/06/27,15:23:35,4.0
下游闸内水位,2024/06/27,15:26:10,3.9
下游闸外水位,2024/06/27,15:26:10,6.0
下游闸内水位,2024/06/27,15:30:13,4.9
下游闸外水位,2024/06/27,15:30:13,6.0
下游闸内水位,2024/06/27,15:33:13,5.8
下游闸外水位,2024/06/27,15:33:13,6.0
内河侧水位,2024/06/27,16:00:00,3.9
长江侧水位,2024/06/27,16:00:00,5.9
下游闸内水位,2024/06/27,16:00:06,5.9
下游闸外水位,2024/06/27,16:00:06,5.9
上游闸内水位,2024/06/27,16:03:33,5.9
上游闸外水位,2024/06/27,16:03:33,4.0
上游闸内水位,2024/06/27,16:07:30,4.6
上游闸外水位,2024/06/27,16:07:30,3.8
上游闸内水位,2024/06/27,16:09:43,4.0
上游闸外水位,2024/06/27,16:09:43,3.9
上游闸内水位,2024/06/27,16:50:24,3.9
上游闸外水位,2024/06/27,16:50:24,3.9
下游闸内水位,2024/06/27,16:52:57,3.9
下游闸外水位,2024/06/27,16:52:57,5.8
下游闸内水位,2024/06/27,16:57:49,5.6
下游闸外水位,2024/06/27,16:57:49,5.7
内河侧水位,2024/06/27,17:00:00,4.0
长江侧水位,2024/06/27,17:00:00,5.8
下游闸内水位,2024/06/27,17:46:03,5.7
下游闸外水位,2024/06/27,17:46:03,5.7
上游闸内水位,2024/06/27,17:48:45,5.7
上游闸外水位,2024/06/27,17:48:45,3.9
上游闸内水位,2024/06/27,17:52:22,4.8
上游闸外水位,2024/06/27,17:52:22,3.8
上游闸内水位,2024/06/27,17:55:01,4.0
上游闸外水位,2024/06/27,17:55:01,3.9
内河侧水位,2024/06/27,18:00:00,4.0
长江侧水位,2024/06/27,18:00:00,5.6
上游闸内水位,2024/06/27,18:33:30,3.9
上游闸外水位,2024/06/27,18:33:30,3.9
下游闸内水位,2024/06/27,18:36:02,3.9
下游闸外水位,2024/06/27,18:36:02,5.7
下游闸内水位,2024/06/27,18:41:04,5.5
下游闸外水位,2024/06/27,18:41:04,5.6
下游闸内水位,2024/06/27,18:58:33,5.7
下游闸外水位,2024/06/27,18:58:33,5.6
内河侧水位,2024/06/27,19:00:00,4.0
长江侧水位,2024/06/27,19:00:00,5.6
上游闸内水位,2024/06/27,19:01:16,5.6
上游闸外水位,2024/06/27,19:01:16,3.9
上游闸内水位,2024/06/27,19:06:13,3.9
上游闸外水位,2024/06/27,19:06:13,3.8
上游闸内水位,2024/06/27,19:27:40,3.9
上游闸外水位,2024/06/27,19:27:40,3.9
下游闸内水位,2024/06/27,19:30:22,3.9
下游闸外水位,2024/06/27,19:30:22,5.5
下游闸内水位,2024/06/27,19:35:17,5.5
下游闸外水位,2024/06/27,19:35:17,5.6
上游闸内水位,2024/06/27,20:12:05,5.6
上游闸外水位,2024/06/27,20:12:05,3.9
上游闸内水位,2024/06/27,20:17:11,3.9
上游闸外水位,2024/06/27,20:17:11,3.8
上游闸内水位,2024/06/27,20:53:03,3.9
上游闸外水位,2024/06/27,20:53:03,3.9
下游闸内水位,2024/06/27,20:55:39,3.9
下游闸外水位,2024/06/27,20:55:39,5.8
内河侧水位,2024/06/27,21:00:00,3.9
长江侧水位,2024/06/27,21:00:00,5.8
下游闸内水位,2024/06/27,21:00:09,5.0
下游闸外水位,2024/06/27,21:00:09,5.8
下游闸内水位,2024/06/27,21:02:45,5.7
下游闸外水位,2024/06/27,21:02:45,5.9
下游闸内水位,2024/06/27,21:41:16,6.0
下游闸外水位,2024/06/27,21:41:16,6.1
上游闸内水位,2024/06/27,21:43:54,6.1
上游闸外水位,2024/06/27,21:43:54,3.9
上游闸内水位,2024/06/27,21:51:37,4.2
上游闸外水位,2024/06/27,21:51:37,3.9
上游闸内水位,2024/06/27,21:52:31,4.0
上游闸外水位,2024/06/27,21:52:31,3.9
内河侧水位,2024/06/27,22:00:00,3.9
长江侧水位,2024/06/27,22:00:00,6.1
上游闸内水位,2024/06/27,22:30:49,3.9
上游闸外水位,2024/06/27,22:30:49,3.9
下游闸内水位,2024/06/27,22:33:23,3.9
下游闸外水位,2024/06/27,22:33:23,6.2
下游闸内水位,2024/06/27,22:40:00,5.5
下游闸外水位,2024/06/27,22:40:00,6.2
下游闸内水位,2024/06/27,22:41:58,6.0
下游闸外水位,2024/06/27,22:41:58,6.2
内河侧水位,2024/06/27,23:00:00,3.9
长江侧水位,2024/06/27,23:00:00,6.2
下游闸内水位,2024/06/27,23:20:48,6.2
下游闸外水位,2024/06/27,23:20:48,6.2
上游闸内水位,2024/06/27,23:30:43,3.9
上游闸外水位,2024/06/27,23:30:43,3.9
内河侧水位,2024/06/28,0:00:00,3.9
长江侧水位,2024/06/28,0:00:00,6.1
上游闸内水位,2024/06/28,0:07:45,3.9
上游闸外水位,2024/06/28,0:07:45,3.9
下游闸内水位,2024/06/28,0:11:00,3.9
下游闸外水位,2024/06/28,0:11:00,6.2
下游闸内水位,2024/06/28,0:15:52,5.7
下游闸外水位,2024/06/28,0:15:52,6.2
下游闸内水位,2024/06/28,0:17:15,6.1
下游闸外水位,2024/06/28,0:17:15,6.2
内河侧水位,2024/06/28,1:00:00,3.9
长江侧水位,2024/06/28,1:00:00,6.1
下游闸内水位,2024/06/28,1:05:32,6.1
下游闸外水位,2024/06/28,1:05:32,6.1
上游闸内水位,2024/06/28,1:08:10,6.2
上游闸外水位,2024/06/28,1:08:10,3.9
上游闸内水位,2024/06/28,1:14:09,3.9
上游闸外水位,2024/06/28,1:14:09,3.9
上游闸内水位,2024/06/28,1:49:14,3.9
上游闸外水位,2024/06/28,1:49:14,3.9
下游闸内水位,2024/06/28,1:52:35,3.9
下游闸外水位,2024/06/28,1:52:35,6.0
下游闸内水位,2024/06/28,1:58:28,5.9
下游闸外水位,2024/06/28,1:58:28,6.0
内河侧水位,2024/06/28,2:00:00,3.9
长江侧水位,2024/06/28,2:00:00,6.1
下游闸内水位,2024/06/28,2:11:57,6.0
下游闸外水位,2024/06/28,2:11:57,6.0
上游闸内水位,2024/06/28,2:14:36,6.1
上游闸外水位,2024/06/28,2:14:36,3.9
上游闸内水位,2024/06/28,2:41:45,3.8
上游闸外水位,2024/06/28,2:41:45,3.9
下游闸内水位,2024/06/28,2:44:20,3.9
下游闸外水位,2024/06/28,2:44:20,6.0
下游闸内水位,2024/06/28,2:49:56,5.8
下游闸外水位,2024/06/28,2:49:56,6.0
内河侧水位,2024/06/28,3:00:00,3.9
长江侧水位,2024/06/28,3:00:00,5.9
下游闸内水位,2024/06/28,3:30:19,5.9
下游闸外水位,2024/06/28,3:30:19,5.9
上游闸内水位,2024/06/28,3:33:26,5.9
上游闸外水位,2024/06/28,3:33:26,3.9
下游闸内水位,2024/06/28,7:44:44,5.6
下游闸外水位,2024/06/28,7:44:44,5.6
上游闸内水位,2024/06/28,7:47:39,5.7
上游闸外水位,2024/06/28,7:47:39,3.9
上游闸内水位,2024/06/28,7:52:35,4.5
上游闸外水位,2024/06/28,7:52:35,3.7
上游闸内水位,2024/06/28,7:55:12,3.9
上游闸外水位,2024/06/28,7:55:12,3.8
内河侧水位,2024/06/28,8:00:00,3.9
长江侧水位,2024/06/28,8:00:00,5.8
上游闸内水位,2024/06/28,8:21:45,3.9
上游闸外水位,2024/06/28,8:21:45,3.9
下游闸内水位,2024/06/28,8:24:31,3.8
下游闸外水位,2024/06/28,8:24:31,6.0
下游闸内水位,2024/06/28,8:27:44,4.7
下游闸外水位,2024/06/28,8:27:44,6.1
下游闸内水位,2024/06/28,8:31:46,6.0
下游闸外水位,2024/06/28,8:31:46,6.1
内河侧水位,2024/06/28,9:00:00,3.9
长江侧水位,2024/06/28,9:00:00,6.2
下游闸内水位,2024/06/28,9:00:15,6.2
下游闸外水位,2024/06/28,9:00:15,6.2
上游闸内水位,2024/06/28,9:07:21,6.3
上游闸外水位,2024/06/28,9:07:21,3.9
上游闸内水位,2024/06/28,9:13:24,3.9
上游闸外水位,2024/06/28,9:13:24,3.8
上游闸内水位,2024/06/28,9:45:54,3.8
上游闸外水位,2024/06/28,9:45:54,3.8
下游闸内水位,2024/06/28,9:48:39,3.8
下游闸外水位,2024/06/28,9:48:39,6.5
下游闸内水位,2024/06/28,9:54:52,6.4
下游闸外水位,2024/06/28,9:54:52,6.5
内河侧水位,2024/06/28,10:00:00,3.9
长江侧水位,2024/06/28,10:00:00,6.6
下游闸内水位,2024/06/28,10:11:10,6.6
下游闸外水位,2024/06/28,10:11:10,6.6
上游闸内水位,2024/06/28,10:14:37,6.7
上游闸外水位,2024/06/28,10:14:37,3.9
上游闸内水位,2024/06/28,10:20:41,4.0
上游闸外水位,2024/06/28,10:20:41,3.8
上游闸内水位,2024/06/28,10:39:08,3.9
上游闸外水位,2024/06/28,10:39:08,3.9
上游闸内水位,2024/06/28,10:40:36,3.9
上游闸外水位,2024/06/28,10:40:36,3.9
下游闸内水位,2024/06/28,10:42:20,3.9
下游闸外水位,2024/06/28,10:42:20,6.7
下游闸内水位,2024/06/28,10:49:10,6.6
下游闸外水位,2024/06/28,10:49:10,6.7
内河侧水位,2024/06/28,11:00:00,3.9
长江侧水位,2024/06/28,11:00:00,6.6
下游闸内水位,2024/06/28,11:23:26,6.7
下游闸外水位,2024/06/28,11:23:26,6.7
上游闸内水位,2024/06/28,11:26:38,6.7
上游闸外水位,2024/06/28,11:26:38,3.9
上游闸内水位,2024/06/28,11:32:59,4.0
上游闸外水位,2024/06/28,11:32:59,3.9
内河侧水位,2024/06/28,12:00:00,3.9
长江侧水位,2024/06/28,12:00:00,6.6
上游闸内水位,2024/06/28,12:06:32,3.9
上游闸外水位,2024/06/28,12:06:32,3.9
下游闸内水位,2024/06/28,12:09:06,3.9
下游闸外水位,2024/06/28,12:09:06,6.6
下游闸内水位,2024/06/28,12:15:28,6.5
下游闸外水位,2024/06/28,12:15:28,6.6
上游闸内水位,2024/06/28,12:53:26,6.5
上游闸外水位,2024/06/28,12:53:26,3.8
上游闸内水位,2024/06/28,4:41:31,3.8
上游闸外水位,2024/06/28,4:41:31,3.8
内河侧水位,2024/06/28,5:00:00,3.9
长江侧水位,2024/06/28,5:00:00,5.8
上游闸内水位,2024/06/28,5:04:07,3.8
上游闸外水位,2024/06/28,5:04:07,3.9
下游闸内水位,2024/06/28,5:06:39,3.9
下游闸外水位,2024/06/28,5:06:39,5.8
下游闸内水位,2024/06/28,5:10:13,4.8
下游闸外水位,2024/06/28,5:10:13,5.8
下游闸内水位,2024/06/28,5:13:17,5.6
下游闸外水位,2024/06/28,5:13:17,5.8
上游闸内水位,2024/06/28,5:33:08,3.9
上游闸外水位,2024/06/28,5:33:08,3.8
上游闸内水位,2024/06/28,5:45:41,3.8
上游闸外水位,2024/06/28,5:45:41,3.9
下游闸内水位,2024/06/28,5:48:13,3.8
下游闸外水位,2024/06/28,5:48:13,5.7
下游闸内水位,2024/06/28,5:55:12,5.3
下游闸外水位,2024/06/28,5:55:12,5.7
下游闸内水位,2024/06/28,5:56:09,5.5
下游闸外水位,2024/06/28,5:56:09,5.7
内河侧水位,2024/06/28,6:00:00,3.9
长江侧水位,2024/06/28,6:00:00,5.8
下游闸内水位,2024/06/28,6:04:11,5.7
下游闸外水位,2024/06/28,6:04:11,5.7
上游闸内水位,2024/06/28,6:06:50,5.7
上游闸外水位,2024/06/28,6:06:50,3.9
上游闸内水位,2024/06/28,6:12:14,3.8
上游闸外水位,2024/06/28,6:12:14,3.8
上游闸内水位,2024/06/28,6:31:32,3.8
上游闸外水位,2024/06/28,6:31:32,3.8
下游闸内水位,2024/06/28,6:34:17,3.8
下游闸外水位,2024/06/28,6:34:17,5.7
下游闸内水位,2024/06/28,6:38:05,5.0
下游闸外水位,2024/06/28,6:38:05,5.8
下游闸内水位,2024/06/28,6:40:06,5.6
下游闸外水位,2024/06/28,6:40:06,5.7
下游闸内水位,2024/06/28,6:51:45,5.6
下游闸外水位,2024/06/28,6:51:45,5.6
上游闸内水位,2024/06/28,6:54:21,5.6
上游闸外水位,2024/06/28,6:54:21,3.9
上游闸内水位,2024/06/28,6:59:15,3.9
上游闸外水位,2024/06/28,6:59:15,3.8
内河侧水位,2024/06/28,7:00:00,3.8
长江侧水位,2024/06/28,7:00:00,5.7
上游闸内水位,2024/06/28,7:15:09,3.9
上游闸外水位,2024/06/28,7:15:09,3.9
下游闸内水位,2024/06/28,7:17:44,3.8
下游闸外水位,2024/06/28,7:17:44,5.6
下游闸内水位,2024/06/28,7:20:52,4.7
下游闸外水位,2024/06/28,7:20:52,5.6
下游闸内水位,2024/06/28,7:23:34,5.5
下游闸外水位,2024/06/28,7:23:34,5.6
上游闸内水位,2024/06/28,12:59:26,3.9
上游闸外水位,2024/06/28,12:59:26,3.8
内河侧水位,2024/06/28,13:00:00,3.8
长江侧水位,2024/06/28,13:00:00,6.5
上游闸内水位,2024/06/28,13:25:01,3.8
上游闸外水位,2024/06/28,13:25:01,3.8
下游闸内水位,2024/06/28,13:27:47,3.8
下游闸外水位,2024/06/28,13:27:47,6.5
下游闸内水位,2024/06/28,13:34:04,6.3
下游闸外水位,2024/06/28,13:34:04,6.5
内河侧水位,2024/06/28,14:00:00,3.8
长江侧水位,2024/06/28,14:00:00,6.4
下游闸内水位,2024/06/28,14:01:01,6.5
下游闸外水位,2024/06/28,14:01:01,6.5
上游闸内水位,2024/06/28,14:03:55,6.4
上游闸外水位,2024/06/28,14:03:55,3.8
上游闸内水位,2024/06/28,14:10:16,3.8
上游闸外水位,2024/06/28,14:10:16,3.8
上游闸内水位,2024/06/28,14:38:22,3.8
上游闸外水位,2024/06/28,14:38:22,3.8
下游闸内水位,2024/06/28,14:42:09,3.8
下游闸外水位,2024/06/28,14:42:09,6.3
下游闸内水位,2024/06/28,14:48:14,6.2
下游闸外水位,2024/06/28,14:48:14,6.3
内河侧水位,2024/06/28,15:00:01,3.8
长江侧水位,2024/06/28,15:00:01,6.2
下游闸内水位,2024/06/28,15:18:15,6.3
下游闸外水位,2024/06/28,15:18:15,6.2
上游闸内水位,2024/06/28,15:22:26,6.3
上游闸外水位,2024/06/28,15:22:26,3.8
上游闸内水位,2024/06/28,15:28:27,3.8
上游闸外水位,2024/06/28,15:28:27,3.8
下游闸内水位,2024/06/28,17:24:29,4.8
下游闸内水位,2024/06/28,17:21:08,3.8
下游闸外水位,2024/06/28,17:21:08,6.0
上游闸内水位,2024/06/29,2:26:31,4.2
上游闸外水位,2024/06/29,2:26:31,4.2
内河侧水位,2024/06/29,4:00:00,4.2
长江侧水位,2024/06/29,4:00:00,6.3
上游闸内水位,2024/06/29,4:16:20,4.2
上游闸外水位,2024/06/29,4:16:20,4.2
下游闸内水位,2024/06/29,4:18:55,4.2
下游闸外水位,2024/06/29,4:18:55,6.3
下游闸内水位,2024/06/29,4:24:29,6.2
下游闸外水位,2024/06/29,4:24:29,6.3
下游闸内水位,2024/06/29,4:40:21,6.4
下游闸外水位,2024/06/29,4:40:21,6.3
上游闸内水位,2024/06/29,4:44:38,6.3
上游闸外水位,2024/06/29,4:44:38,4.2
上游闸内水位,2024/06/29,4:49:53,4.3
上游闸外水位,2024/06/29,4:49:53,4.2
内河侧水位,2024/06/29,5:00:00,4.2
长江侧水位,2024/06/29,5:00:00,6.3
上游闸内水位,2024/06/29,5:06:57,4.2
上游闸外水位,2024/06/29,5:06:57,4.3
下游闸内水位,2024/06/29,5:09:39,4.2
下游闸外水位,2024/06/29,5:09:39,6.3
下游闸内水位,2024/06/29,5:15:23,6.2
下游闸外水位,2024/06/29,5:15:23,6.3
下游闸内水位,2024/06/29,5:24:41,6.2
下游闸外水位,2024/06/29,5:24:41,6.3
上游闸内水位,2024/06/29,5:28:22,6.2
上游闸外水位,2024/06/29,5:28:22,4.2
上游闸内水位,2024/06/29,5:33:29,4.3
上游闸外水位,2024/06/29,5:33:29,4.2
上游闸内水位,2024/06/29,5:46:45,4.2
上游闸外水位,2024/06/29,5:46:45,4.2
下游闸内水位,2024/06/29,5:50:50,4.2
下游闸外水位,2024/06/29,5:50:50,6.2
下游闸内水位,2024/06/29,5:58:15,6.3
下游闸外水位,2024/06/29,5:58:15,6.3
内河侧水位,2024/06/29,6:00:00,4.2
长江侧水位,2024/06/29,6:00:00,6.2
下游闸内水位,2024/06/29,6:05:54,6.2
下游闸外水位,2024/06/29,6:05:54,6.1
上游闸内水位,2024/06/29,6:09:41,6.2
上游闸外水位,2024/06/29,6:09:41,4.2
上游闸内水位,2024/06/29,6:14:41,4.3
上游闸外水位,2024/06/29,6:14:41,4.1
上游闸内水位,2024/06/29,6:36:16,4.2
上游闸外水位,2024/06/29,6:36:16,4.2
下游闸内水位,2024/06/29,6:39:30,4.2
下游闸外水位,2024/06/29,6:39:30,6.2
下游闸内水位,2024/06/29,6:44:49,6.0
下游闸外水位,2024/06/29,6:44:49,6.2
内河侧水位,2024/06/29,7:00:00,4.2
长江侧水位,2024/06/29,7:00:00,6.2
下游闸内水位,2024/06/29,7:00:12,6.2
下游闸外水位,2024/06/29,7:00:12,6.2
上游闸内水位,2024/06/29,7:03:03,6.1
上游闸外水位,2024/06/29,7:03:03,4.2
上游闸内水位,2024/06/29,7:09:43,4.2
上游闸外水位,2024/06/29,7:09:43,4.2
上游闸内水位,2024/06/29,7:25:14,4.2
上游闸外水位,2024/06/29,7:25:14,4.2
下游闸内水位,2024/06/29,7:27:49,4.2
下游闸外水位,2024/06/29,7:27:49,6.2
下游闸内水位,2024/06/29,7:33:03,6.0
下游闸外水位,2024/06/29,7:33:03,6.1
下游闸内水位,2024/06/29,7:40:33,6.2
下游闸外水位,2024/06/29,7:40:33,6.2
上游闸内水位,2024/06/29,7:43:16,6.2
上游闸外水位,2024/06/29,7:43:16,4.2
上游闸内水位,2024/06/29,7:48:39,4.2
上游闸外水位,2024/06/29,7:48:39,4.2
内河侧水位,2024/06/29,8:00:00,4.2
长江侧水位,2024/06/29,8:00:00,6.1
上游闸内水位,2024/06/29,8:03:21,4.2
上游闸外水位,2024/06/29,8:03:21,4.2
下游闸内水位,2024/06/29,8:05:54,4.2
下游闸外水位,2024/06/29,8:05:54,6.1
下游闸内水位,2024/06/29,8:11:23,6.1
下游闸外水位,2024/06/29,8:11:23,6.2
下游闸内水位,2024/06/29,8:20:51,6.1
下游闸外水位,2024/06/29,8:20:51,6.2
上游闸内水位,2024/06/29,8:23:26,6.1
上游闸外水位,2024/06/29,8:23:26,4.2
上游闸内水位,2024/06/29,8:28:41,4.2
上游闸外水位,2024/06/29,8:28:41,4.1
上游闸内水位,2024/06/29,8:51:00,4.2
下游闸外水位,2024/06/28,17:24:29,6.0
下游闸内水位,2024/06/28,17:27:52,5.9
下游闸外水位,2024/06/28,17:27:52,6.0
内河侧水位,2024/06/28,18:00:00,3.8
长江侧水位,2024/06/28,18:00:00,6.0
下游闸内水位,2024/06/28,18:00:40,5.9
下游闸外水位,2024/06/28,18:00:40,6.0
上游闸内水位,2024/06/28,18:03:18,6.0
上游闸外水位,2024/06/28,18:03:18,3.8
上游闸内水位,2024/06/28,18:08:56,3.8
上游闸外水位,2024/06/28,18:08:56,3.7
上游闸内水位,2024/06/28,18:42:21,3.8
上游闸外水位,2024/06/28,18:42:21,3.8
下游闸内水位,2024/06/28,18:45:50,3.8
下游闸外水位,2024/06/28,18:45:50,5.9
下游闸内水位,2024/06/28,18:51:02,5.7
下游闸外水位,2024/06/28,18:51:02,5.8
内河侧水位,2024/06/28,19:00:00,3.9
长江侧水位,2024/06/28,19:00:00,5.9
下游闸内水位,2024/06/28,19:31:34,5.8
下游闸外水位,2024/06/28,19:31:34,5.8
上游闸内水位,2024/06/28,19:35:35,5.8
上游闸外水位,2024/06/28,19:35:35,3.9
上游闸内水位,2024/06/28,19:41:00,3.9
上游闸外水位,2024/06/28,19:41:00,3.8
内河侧水位,2024/06/28,20:00:00,3.9
长江侧水位,2024/06/28,20:00:00,5.8
上游闸内水位,2024/06/28,20:27:14,3.9
上游闸外水位,2024/06/28,20:27:14,3.9
下游闸内水位,2024/06/28,20:33:42,3.9
下游闸外水位,2024/06/28,20:33:42,5.9
下游闸内水位,2024/06/28,20:41:33,5.9
下游闸外水位,2024/06/28,20:41:33,5.9
内河侧水位,2024/06/28,21:00:00,3.9
长江侧水位,2024/06/28,21:00:00,5.9
下游闸内水位,2024/06/28,21:24:25,6.1
下游闸外水位,2024/06/28,21:24:25,6.0
上游闸内水位,2024/06/28,21:27:14,6.0
上游闸外水位,2024/06/28,21:27:14,3.9
上游闸内水位,2024/06/28,21:32:38,4.0
上游闸外水位,2024/06/28,21:32:38,3.9
内河侧水位,2024/06/28,22:00:00,4.0
长江侧水位,2024/06/28,22:00:00,6.2
上游闸内水位,2024/06/28,22:11:47,3.9
上游闸外水位,2024/06/28,22:11:47,4.0
下游闸内水位,2024/06/28,22:14:17,4.0
下游闸外水位,2024/06/28,22:14:17,6.3
下游闸内水位,2024/06/28,22:20:48,6.3
下游闸外水位,2024/06/28,22:20:48,6.4
下游闸内水位,2024/06/28,22:53:32,6.5
下游闸外水位,2024/06/28,22:53:32,6.4
上游闸内水位,2024/06/28,22:56:07,6.6
上游闸外水位,2024/06/28,22:56:07,4.0
内河侧水位,2024/06/28,23:00:00,3.1
长江侧水位,2024/06/28,23:00:00,6.4
上游闸内水位,2024/06/28,23:05:00,4.1
上游闸外水位,2024/06/28,23:05:00,4.0
上游闸内水位,2024/06/28,23:37:27,4.1
上游闸外水位,2024/06/28,23:37:27,4.1
下游闸内水位,2024/06/28,23:40:33,4.1
下游闸外水位,2024/06/28,23:40:33,6.5
下游闸内水位,2024/06/28,23:47:17,6.5
下游闸外水位,2024/06/28,23:47:17,6.6
内河侧水位,2024/06/29,0:00:00,4.2
长江侧水位,2024/06/29,0:00:00,6.6
下游闸内水位,2024/06/29,0:24:48,6.5
下游闸外水位,2024/06/29,0:24:48,6.6
上游闸内水位,2024/06/29,0:27:25,6.6
上游闸外水位,2024/06/29,0:27:25,4.2
上游闸内水位,2024/06/29,0:33:07,4.3
上游闸外水位,2024/06/29,0:33:07,4.1
内河侧水位,2024/06/29,1:00:00,4.2
长江侧水位,2024/06/29,1:00:00,6.6
上游闸内水位,2024/06/29,1:06:49,4.2
上游闸外水位,2024/06/29,1:06:49,4.2
下游闸内水位,2024/06/29,1:09:22,4.2
下游闸外水位,2024/06/29,1:09:22,6.6
下游闸内水位,2024/06/29,1:15:18,6.4
下游闸外水位,2024/06/29,1:15:18,6.6
下游闸内水位,2024/06/29,1:39:57,6.5
下游闸外水位,2024/06/29,1:39:57,6.5
上游闸内水位,2024/06/29,1:42:32,6.6
上游闸外水位,2024/06/29,1:42:32,4.2
上游闸内水位,2024/06/29,1:48:10,4.3
上游闸外水位,2024/06/29,1:48:10,4.2
内河侧水位,2024/06/29,2:00:00,4.2
长江侧水位,2024/06/29,2:00:00,6.5
下游闸内水位,2024/06/29,2:29:01,4.2
下游闸外水位,2024/06/29,2:29:01,6.4
下游闸内水位,2024/06/29,2:34:37,6.3
下游闸外水位,2024/06/29,2:34:37,6.4
内河侧水位,2024/06/29,3:00:00,4.2
长江侧水位,2024/06/29,3:00:00,6.4
下游闸内水位,2024/06/29,3:08:05,6.4
下游闸外水位,2024/06/29,3:08:05,6.4
上游闸内水位,2024/06/29,3:10:42,6.5
上游闸外水位,2024/06/29,3:10:42,4.2
上游闸内水位,2024/06/29,3:11:07,6.5
上游闸外水位,2024/06/29,3:11:07,4.2
上游闸内水位,2024/06/29,3:16:55,4.2
上游闸外水位,2024/06/29,3:16:55,4.2
内河侧水位,2024/06/29,10:00:00,4.2
长江侧水位,2024/06/29,10:00:00,6.5
下游闸内水位,2024/06/29,12:51:01,6.8
下游闸外水位,2024/06/29,12:51:01,6.9
上游闸内水位,2024/06/29,15:41:43,4.2
上游闸外水位,2024/06/29,15:41:43,4.2
下游闸内水位,2024/06/29,15:44:19,4.2
下游闸外水位,2024/06/29,15:44:19,6.7
下游闸内水位,2024/06/29,15:50:39,6.5
下游闸外水位,2024/06/29,15:50:39,6.7
内河侧水位,2024/06/29,16:00:00,4.2
长江侧水位,2024/06/29,16:00:00,6.6
下游闸内水位,2024/06/29,16:21:16,6.7
下游闸外水位,2024/06/29,16:21:16,6.7
上游闸内水位,2024/06/29,16:23:52,6.7
上游闸外水位,2024/06/29,16:23:52,4.2
上游闸内水位,2024/06/29,16:29:24,4.4
上游闸外水位,2024/06/29,16:29:24,4.2
内河侧水位,2024/06/29,17:00:00,4.3
长江侧水位,2024/06/29,17:00:00,6.5
上游闸内水位,2024/06/29,17:00:53,4.2
上游闸外水位,2024/06/29,17:00:53,4.3
下游闸内水位,2024/06/29,17:06:33,4.3
下游闸外水位,2024/06/29,17:06:33,6.5
下游闸内水位,2024/06/29,17:12:25,6.4
下游闸外水位,2024/06/29,17:12:25,6.6
下游闸内水位,2024/06/29,17:32:09,6.5
下游闸外水位,2024/06/29,17:32:09,6.5
上游闸内水位,2024/06/29,17:34:49,6.6
上游闸外水位,2024/06/29,17:34:49,4.3
上游闸内水位,2024/06/29,17:40:46,4.3
上游闸外水位,2024/06/29,17:40:46,4.2
内河侧水位,2024/06/29,18:00:00,4.3
长江侧水位,2024/06/29,18:00:00,6.5
上游闸内水位,2024/06/29,18:05:30,4.2
上游闸外水位,2024/06/29,18:05:30,4.3
下游闸内水位,2024/06/29,18:08:11,4.2
下游闸外水位,2024/06/29,18:08:11,6.5
下游闸内水位,2024/06/29,18:13:50,6.3
下游闸外水位,2024/06/29,18:13:50,6.4
下游闸内水位,2024/06/29,18:48:50,6.5
下游闸外水位,2024/06/29,18:48:50,6.4
上游闸内水位,2024/06/29,18:51:29,6.4
上游闸外水位,2024/06/29,18:51:29,4.3
上游闸内水位,2024/06/29,18:56:49,4.3
上游闸外水位,2024/06/29,18:56:49,4.2
内河侧水位,2024/06/29,19:00:00,4.3
长江侧水位,2024/06/29,19:00:00,6.3
上游闸内水位,2024/06/29,19:29:57,4.3
上游闸外水位,2024/06/29,19:29:57,4.3
下游闸内水位,2024/06/29,19:32:43,4.2
下游闸外水位,2024/06/29,19:32:43,6.3
下游闸内水位,2024/06/29,19:38:10,5.3
下游闸外水位,2024/06/29,19:38:10,6.3
下游闸内水位,2024/06/29,19:40:59,6.1
下游闸外水位,2024/06/29,19:40:59,6.3
内河侧水位,2024/06/29,20:00:00,4.3
长江侧水位,2024/06/29,20:00:00,6.3
下游闸内水位,2024/06/29,20:14:22,6.3
下游闸外水位,2024/06/29,20:14:22,6.2
上游闸内水位,2024/06/29,20:17:00,6.2
上游闸外水位,2024/06/29,20:17:00,4.3
上游闸内水位,2024/06/29,20:20:00,6.0
上游闸外水位,2024/06/29,20:20:00,4.2
上游闸内水位,2024/06/29,20:28:15,4.9
上游闸外水位,2024/06/29,20:28:15,4.3
上游闸内水位,2024/06/29,20:30:51,4.4
上游闸外水位,2024/06/29,20:30:51,4.3
上游闸内水位,2024/06/29,20:33:46,4.2
上游闸外水位,2024/06/29,20:33:46,4.3
内河侧水位,2024/06/29,21:00:00,4.3
长江侧水位,2024/06/29,21:00:00,6.3
上游闸内水位,2024/06/29,21:11:14,4.3
上游闸外水位,2024/06/29,8:51:00,4.2
下游闸内水位,2024/06/29,8:53:33,4.2
下游闸外水位,2024/06/29,8:53:33,6.3
下游闸内水位,2024/06/29,8:58:59,6.1
下游闸外水位,2024/06/29,8:58:59,6.2
内河侧水位,2024/06/29,9:00:00,4.2
长江侧水位,2024/06/29,9:00:00,6.3
下游闸内水位,2024/06/29,9:11:32,6.2
下游闸外水位,2024/06/29,9:11:32,6.2
上游闸内水位,2024/06/29,9:14:10,6.3
上游闸外水位,2024/06/29,9:14:10,4.2
上游闸内水位,2024/06/29,9:20:27,4.1
上游闸外水位,2024/06/29,9:20:27,4.2
上游闸内水位,2024/06/29,9:40:03,4.2
上游闸外水位,2024/06/29,9:40:03,4.2
下游闸内水位,2024/06/29,9:42:39,4.2
下游闸外水位,2024/06/29,9:42:39,6.5
下游闸内水位,2024/06/29,9:48:29,6.3
下游闸外水位,2024/06/29,9:48:29,6.5
下游闸内水位,2024/06/29,10:26:30,6.6
下游闸外水位,2024/06/29,10:26:30,6.7
上游闸内水位,2024/06/29,10:29:11,6.7
上游闸外水位,2024/06/29,10:29:11,4.2
上游闸内水位,2024/06/29,10:30:24,6.6
上游闸外水位,2024/06/29,10:30:24,4.2
上游闸内水位,2024/06/29,10:45:58,4.7
上游闸外水位,2024/06/29,10:45:58,4.2
上游闸内水位,2024/06/29,10:47:58,4.4
上游闸外水位,2024/06/29,10:47:58,4.2
内河侧水位,2024/06/29,11:00:00,4.2
长江侧水位,2024/06/29,11:00:00,6.8
上游闸内水位,2024/06/29,11:22:31,4.2
上游闸外水位,2024/06/29,11:22:31,4.2
下游闸内水位,2024/06/29,11:25:09,4.2
下游闸外水位,2024/06/29,11:25:09,7.0
下游闸内水位,2024/06/29,11:31:51,6.8
下游闸外水位,2024/06/29,11:31:51,7.0
内河侧水位,2024/06/29,12:00:00,4.2
长江侧水位,2024/06/29,12:00:00,6.9
下游闸内水位,2024/06/29,12:03:07,6.9
下游闸外水位,2024/06/29,12:03:07,6.9
上游闸内水位,2024/06/29,12:05:50,6.9
上游闸外水位,2024/06/29,12:05:50,4.2
上游闸内水位,2024/06/29,12:11:49,4.4
上游闸外水位,2024/06/29,12:11:49,4.2
上游闸内水位,2024/06/29,12:41:53,4.2
上游闸外水位,2024/06/29,12:41:53,4.2
下游闸内水位,2024/06/29,12:44:27,4.2
下游闸外水位,2024/06/29,12:44:27,6.9
内河侧水位,2024/06/29,13:00:00,4.3
长江侧水位,2024/06/29,13:00:00,6.9
下游闸内水位,2024/06/29,13:17:16,6.9
下游闸外水位,2024/06/29,13:17:16,6.9
上游闸内水位,2024/06/29,13:20:02,6.9
上游闸外水位,2024/06/29,13:20:02,4.2
上游闸内水位,2024/06/29,13:25:56,4.3
上游闸外水位,2024/06/29,13:25:56,4.2
上游闸内水位,2024/06/29,13:57:27,4.2
上游闸外水位,2024/06/29,13:57:27,4.2
内河侧水位,2024/06/29,14:00:00,4.2
长江侧水位,2024/06/29,14:00:00,6.9
下游闸内水位,2024/06/29,14:00:04,4.2
下游闸外水位,2024/06/29,14:00:04,6.9
上游闸内水位,2024/06/29,14:05:39,6.1
上游闸外水位,2024/06/29,14:05:39,4.2
上游闸内水位,2024/06/29,14:15:11,4.2
上游闸外水位,2024/06/29,14:15:11,4.3
上游闸内水位,2024/06/29,14:22:39,4.2
上游闸外水位,2024/06/29,14:22:39,4.2
下游闸内水位,2024/06/29,14:25:13,4.2
下游闸外水位,2024/06/29,14:25:13,6.9
下游闸内水位,2024/06/29,14:31:30,6.6
下游闸外水位,2024/06/29,14:31:30,6.8
内河侧水位,2024/06/29,15:00:00,4.2
长江侧水位,2024/06/29,15:00:00,6.7
下游闸内水位,2024/06/29,15:06:19,6.7
下游闸外水位,2024/06/29,15:06:19,6.7
上游闸内水位,2024/06/29,15:08:55,6.7
上游闸外水位,2024/06/29,15:08:55,4.3
上游闸内水位,2024/06/29,15:15:03,4.3
上游闸外水位,2024/06/29,15:15:03,4.1
上游闸外水位,2024/06/29,21:11:14,4.3
下游闸内水位,2024/06/29,21:15:26,4.3
下游闸外水位,2024/06/29,21:15:26,6.3
下游闸内水位,2024/06/29,21:19:41,5.6
下游闸外水位,2024/06/29,21:19:41,6.2
下游闸内水位,2024/06/29,21:21:34,6.1
下游闸外水位,2024/06/29,21:21:34,6.2
内河侧水位,2024/06/29,22:00:00,4.3
长江侧水位,2024/06/29,22:00:00,6.3
下游闸内水位,2024/06/29,22:08:31,6.3
下游闸外水位,2024/06/29,22:08:31,6.3
上游闸内水位,2024/06/29,22:11:10,6.3
上游闸外水位,2024/06/29,22:11:10,4.3
上游闸内水位,2024/06/29,22:16:28,4.4
上游闸外水位,2024/06/29,22:16:28,4.3
上游闸内水位,2024/06/29,22:56:53,4.3
上游闸外水位,2024/06/29,22:56:53,4.3
下游闸内水位,2024/06/29,22:59:45,4.3
下游闸外水位,2024/06/29,22:59:45,6.5
内河侧水位,2024/06/29,23:00:01,4.4
长江侧水位,2024/06/29,23:00:01,6.5
下游闸内水位,2024/06/29,23:05:37,6.4
下游闸外水位,2024/06/29,23:05:37,6.5
内河侧水位,2024/06/30,0:00:00,4.4
长江侧水位,2024/06/30,0:00:00,6.7
下游闸内水位,2024/06/30,0:03:32,6.7
下游闸外水位,2024/06/30,0:03:32,6.8
下游闸内水位,2024/06/30,0:08:54,6.7
下游闸外水位,2024/06/30,0:08:54,6.7
上游闸内水位,2024/06/30,0:11:24,6.7
上游闸外水位,2024/06/30,0:11:24,4.4
上游闸内水位,2024/06/30,0:19:42,5.0
上游闸外水位,2024/06/30,0:19:42,4.3
上游闸内水位,2024/06/30,0:22:08,4.5
上游闸外水位,2024/06/30,0:22:08,4.3
上游闸内水位,2024/06/30,0:54:57,4.3
上游闸外水位,2024/06/30,0:54:57,4.4
下游闸内水位,2024/06/30,0:57:30,4.3
下游闸外水位,2024/06/30,0:57:30,6.8
内河侧水位,2024/06/30,1:00:00,4.4
长江侧水位,2024/06/30,1:00:00,6.7
下游闸内水位,2024/06/30,1:03:58,5.9
下游闸外水位,2024/06/30,1:03:58,6.8
下游闸内水位,2024/06/30,1:05:08,6.1
下游闸外水位,2024/06/30,1:05:08,6.8
下游闸内水位,2024/06/30,1:08:27,6.8
下游闸外水位,2024/06/30,1:08:27,6.9
下游闸内水位,2024/06/30,1:44:11,6.8
下游闸外水位,2024/06/30,1:44:11,6.8
上游闸内水位,2024/06/30,1:46:47,6.9
上游闸外水位,2024/06/30,1:46:47,4.4
上游闸内水位,2024/06/30,1:52:59,4.4
上游闸外水位,2024/06/30,1:52:59,4.2
内河侧水位,2024/06/30,2:00:00,4.4
长江侧水位,2024/06/30,2:00:00,6.8
上游闸内水位,2024/06/30,2:30:20,4.3
上游闸外水位,2024/06/30,2:30:20,4.3
下游闸内水位,2024/06/30,2:32:56,4.3
下游闸外水位,2024/06/30,2:32:56,6.8
下游闸内水位,2024/06/30,2:39:49,6.8
下游闸外水位,2024/06/30,2:39:49,6.9
内河侧水位,2024/06/30,3:00:00,4.4
长江侧水位,2024/06/30,3:00:00,6.8
下游闸内水位,2024/06/30,3:14:33,6.8
下游闸外水位,2024/06/30,3:14:33,6.8
上游闸内水位,2024/06/30,3:17:10,6.8
上游闸外水位,2024/06/30,3:17:10,4.4
上游闸内水位,2024/06/30,3:23:26,4.4
上游闸外水位,2024/06/30,3:23:26,4.3
内河侧水位,2024/06/30,4:00:00,4.4
长江侧水位,2024/06/30,4:00:00,6.8
上游闸内水位,2024/06/30,4:01:47,4.4
上游闸外水位,2024/06/30,4:01:47,4.4
下游闸内水位,2024/06/30,4:04:23,4.3
下游闸外水位,2024/06/30,4:04:23,6.8
下游闸内水位,2024/06/30,4:10:22,6.6
下游闸外水位,2024/06/30,4:10:22,6.8
下游闸内水位,2024/06/30,4:59:50,6.7
下游闸外水位,2024/06/30,4:59:50,6.7
内河侧水位,2024/06/30,5:00:00,4.5
长江侧水位,2024/06/30,5:00:00,6.7
上游闸内水位,2024/06/30,5:02:25,6.7
上游闸外水位,2024/06/30,5:02:25,4.5
上游闸内水位,2024/06/30,5:14:09,4.5
上游闸外水位,2024/06/30,5:14:09,4.5
上游闸内水位,2024/06/30,5:49:51,4.5
上游闸外水位,2024/06/30,5:49:51,4.5
下游闸内水位,2024/06/30,5:52:26,4.4
下游闸外水位,2024/06/30,5:52:26,6.7
下游闸内水位,2024/06/30,5:58:12,6.5
下游闸外水位,2024/06/30,5:58:12,6.7
内河侧水位,2024/06/30,6:00:00,4.5
长江侧水位,2024/06/30,6:00:00,6.7
下游闸内水位,2024/06/30,6:31:18,6.5
下游闸外水位,2024/06/30,6:31:18,6.6
上游闸内水位,2024/06/30,6:33:52,6.6
上游闸外水位,2024/06/30,6:33:52,4.5
上游闸内水位,2024/06/30,6:39:08,4.6
上游闸外水位,2024/06/30,6:39:08,4.5
内河侧水位,2024/06/30,7:00:00,4.5
长江侧水位,2024/06/30,7:00:00,6.6
上游闸内水位,2024/06/30,7:14:35,4.5
上游闸外水位,2024/06/30,7:14:35,4.5
下游闸内水位,2024/06/30,7:17:06,4.5
下游闸外水位,2024/06/30,7:17:06,6.5
下游闸内水位,2024/06/30,7:22:31,6.4
下游闸外水位,2024/06/30,7:22:31,6.5
下游闸内水位,2024/06/30,7:55:13,6.5
下游闸外水位,2024/06/30,7:55:13,6.5
上游闸内水位,2024/06/30,7:57:53,6.6
上游闸外水位,2024/06/30,7:57:53,4.5
内河侧水位,2024/06/30,8:00:00,4.5
长江侧水位,2024/06/30,8:00:00,6.6
上游闸内水位,2024/06/30,8:03:07,4.6
上游闸外水位,2024/06/30,8:03:07,4.5
上游闸内水位,2024/06/30,8:33:31,4.4
上游闸外水位,2024/06/30,8:33:31,4.5
下游闸内水位,2024/06/30,8:36:04,4.4
下游闸外水位,2024/06/30,8:36:04,6.5
下游闸内水位,2024/06/30,8:41:36,6.4
下游闸外水位,2024/06/30,8:41:36,6.5
内河侧水位,2024/06/30,9:00:00,4.4
长江侧水位,2024/06/30,9:00:00,6.5
下游闸内水位,2024/06/30,9:01:01,6.4
下游闸外水位,2024/06/30,9:01:01,6.5
上游闸内水位,2024/06/30,9:03:45,6.5
上游闸外水位,2024/06/30,9:03:45,4.4
上游闸内水位,2024/06/30,9:08:56,4.5
上游闸外水位,2024/06/30,9:08:56,4.4
上游闸内水位,2024/06/30,9:23:58,4.4
上游闸外水位,2024/06/30,9:23:58,4.4
下游闸内水位,2024/06/30,9:26:30,4.4
下游闸外水位,2024/06/30,9:26:30,6.5
下游闸内水位,2024/06/30,9:32:01,6.4
下游闸外水位,2024/06/30,9:32:01,6.5
下游闸内水位,2024/06/30,9:40:14,6.4
下游闸外水位,2024/06/30,9:40:14,6.5
上游闸内水位,2024/06/30,9:42:51,6.4
上游闸外水位,2024/06/30,9:42:51,4.4
上游闸内水位,2024/06/30,9:47:59,4.5
上游闸外水位,2024/06/30,9:47:59,4.4
内河侧水位,2024/06/30,10:00:00,4.4
长江侧水位,2024/06/30,10:00:00,6.5
上游闸内水位,2024/06/30,10:02:37,4.4
上游闸外水位,2024/06/30,10:02:37,4.4
下游闸内水位,2024/06/30,10:05:07,4.4
下游闸外水位,2024/06/30,10:05:07,6.6
下游闸内水位,2024/06/30,10:10:43,6.4
下游闸外水位,2024/06/30,10:10:43,6.5
下游闸内水位,2024/06/30,15:43:19,7.1
下游闸外水位,2024/06/30,15:43:19,7.1
上游闸内水位,2024/06/30,15:46:12,7.0
上游闸外水位,2024/06/30,15:46:12,4.4
上游闸内水位,2024/06/30,15:51:33,5.4
上游闸外水位,2024/06/30,15:51:33,4.3
上游闸内水位,2024/06/30,15:54:53,4.4
上游闸外水位,2024/06/30,15:54:53,4.3
内河侧水位,2024/06/30,16:00:00,4.4
长江侧水位,2024/06/30,16:00:00,6.9
上游闸内水位,2024/06/30,16:18:45,4.3
上游闸外水位,2024/06/30,16:18:45,4.3
下游闸内水位,2024/06/30,16:21:38,4.3
下游闸外水位,2024/06/30,16:21:38,6.9
下游闸内水位,2024/06/30,16:26:57,6.1
下游闸外水位,2024/06/30,16:26:57,6.9
下游闸内水位,2024/06/30,16:29:21,6.8
下游闸外水位,2024/06/30,16:29:21,6.9
内河侧水位,2024/06/30,17:00:00,4.3
长江侧水位,2024/06/30,17:00:00,6.9
下游闸内水位,2024/06/30,17:05:43,6.9
下游闸外水位,2024/06/30,17:05:43,6.9
上游闸内水位,2024/06/30,17:09:07,6.9
上游闸外水位,2024/06/30,17:09:07,4.4
上游闸内水位,2024/06/30,17:13:57,5.5
上游闸外水位,2024/06/30,17:13:57,4.3
上游闸内水位,2024/06/30,17:17:18,4.4
上游闸外水位,2024/06/30,17:17:18,4.3
上游闸内水位,2024/06/30,17:49:21,4.3
上游闸外水位,2024/06/30,17:49:21,4.4
下游闸内水位,2024/06/30,17:51:55,4.3
下游闸内水位,2024/06/30,10:38:11,6.6
下游闸外水位,2024/06/30,10:38:11,6.6
上游闸内水位,2024/06/30,10:41:01,6.6
上游闸外水位,2024/06/30,10:41:01,4.4
上游闸内水位,2024/06/30,10:46:54,4.4
上游闸外水位,2024/06/30,10:46:54,4.3
内河侧水位,2024/06/30,11:00:00,4.5
长江侧水位,2024/06/30,11:00:00,6.7
上游闸内水位,2024/06/30,11:17:09,4.4
上游闸外水位,2024/06/30,11:17:09,4.4
下游闸内水位,2024/06/30,11:19:52,4.4
下游闸外水位,2024/06/30,11:19:52,6.8
下游闸内水位,2024/06/30,11:25:49,6.6
下游闸外水位,2024/06/30,11:25:49,6.8
内河侧水位,2024/06/30,12:00:00,4.4
长江侧水位,2024/06/30,12:00:00,6.9
下游闸内水位,2024/06/30,12:02:14,6.8
下游闸外水位,2024/06/30,12:02:14,6.8
上游闸内水位,2024/06/30,12:04:51,6.9
上游闸外水位,2024/06/30,12:04:51,4.4
上游闸内水位,2024/06/30,12:10:12,5.4
上游闸外水位,2024/06/30,12:10:12,4.5
上游闸内水位,2024/06/30,12:13:07,4.5
上游闸外水位,2024/06/30,12:13:07,4.4
上游闸内水位,2024/06/30,12:40:21,4.4
上游闸外水位,2024/06/30,12:40:21,4.4
下游闸内水位,2024/06/30,12:44:30,4.4
下游闸外水位,2024/06/30,12:44:30,7.0
下游闸内水位,2024/06/30,12:48:12,6.0
下游闸外水位,2024/06/30,12:48:12,7.1
下游闸内水位,2024/06/30,12:51:11,6.9
下游闸外水位,2024/06/30,12:51:11,7.1
内河侧水位,2024/06/30,13:00:00,4.4
长江侧水位,2024/06/30,13:00:00,6.9
下游闸内水位,2024/06/30,13:21:14,7.1
下游闸外水位,2024/06/30,13:21:14,7.0
上游闸内水位,2024/06/30,13:23:51,7.0
上游闸外水位,2024/06/30,13:23:51,4.4
上游闸内水位,2024/06/30,13:29:47,5.4
上游闸外水位,2024/06/30,13:29:47,4.4
上游闸内水位,2024/06/30,13:32:47,4.5
上游闸外水位,2024/06/30,13:32:47,4.4
内河侧水位,2024/06/30,14:00:00,4.4
长江侧水位,2024/06/30,14:00:00,7.1
上游闸内水位,2024/06/30,14:02:01,4.4
上游闸外水位,2024/06/30,14:02:01,4.4
下游闸内水位,2024/06/30,14:05:17,4.4
下游闸外水位,2024/06/30,14:05:17,7.0
下游闸内水位,2024/06/30,14:11:05,5.9
下游闸外水位,2024/06/30,14:11:05,7.0
下游闸内水位,2024/06/30,14:14:16,6.8
下游闸外水位,2024/06/30,14:14:16,7.0
下游闸内水位,2024/06/30,14:42:46,7.0
下游闸外水位,2024/06/30,14:42:46,7.0
上游闸内水位,2024/06/30,14:45:30,7.0
上游闸外水位,2024/06/30,14:45:30,4.4
上游闸内水位,2024/06/30,14:49:20,5.9
上游闸外水位,2024/06/30,14:49:20,4.3
上游闸内水位,2024/06/30,14:53:53,4.3
上游闸外水位,2024/06/30,14:53:53,4.2
内河侧水位,2024/06/30,15:00:00,4.4
长江侧水位,2024/06/30,15:00:00,7.0
上游闸内水位,2024/06/30,15:16:12,4.4
上游闸外水位,2024/06/30,15:16:12,4.4
下游闸内水位,2024/06/30,15:19:20,4.3
下游闸外水位,2024/06/30,15:19:20,6.9
下游闸内水位,2024/06/30,15:24:12,5.7
下游闸外水位,2024/06/30,15:24:12,7.0
下游闸内水位,2024/06/30,15:29:00,7.0
下游闸外水位,2024/06/30,15:29:00,7.0
上游闸内水位,2024/06/30,19:58:57,4.4
上游闸外水位,2024/06/30,19:58:57,4.4
内河侧水位,2024/06/30,20:00:00,4.4
长江侧水位,2024/06/30,20:00:00,6.6
下游闸内水位,2024/06/30,20:01:41,4.3
下游闸外水位,2024/06/30,20:01:41,6.6
下游闸内水位,2024/06/30,20:05:04,5.3
下游闸外水位,2024/06/30,20:05:04,6.7
下游闸内水位,2024/06/30,20:08:43,6.6
下游闸外水位,2024/06/30,20:08:43,6.7
下游闸内水位,2024/06/30,20:44:34,6.6
下游闸外水位,2024/06/30,20:44:34,6.6
上游闸内水位,2024/06/30,20:47:11,6.6
上游闸外水位,2024/06/30,20:47:11,4.4
上游闸内水位,2024/06/30,20:52:16,5.1
上游闸外水位,2024/06/30,20:52:16,4.3
上游闸内水位,2024/06/30,20:54:42,4.5
下游闸外水位,2024/06/30,17:51:55,6.8
下游闸内水位,2024/06/30,17:59:12,6.4
下游闸外水位,2024/06/30,17:59:12,6.8
内河侧水位,2024/06/30,18:00:00,4.3
长江侧水位,2024/06/30,18:00:00,6.8
下游闸内水位,2024/06/30,18:00:37,6.6
下游闸外水位,2024/06/30,18:00:37,6.8
下游闸内水位,2024/06/30,18:39:31,6.8
下游闸外水位,2024/06/30,18:39:31,6.8
上游闸内水位,2024/06/30,18:42:15,6.8
上游闸外水位,2024/06/30,18:42:15,4.4
上游闸内水位,2024/06/30,18:48:02,4.4
上游闸外水位,2024/06/30,18:48:02,4.3
内河侧水位,2024/06/30,19:00:00,4.4
长江侧水位,2024/06/30,19:00:00,6.7
上游闸内水位,2024/06/30,19:04:56,4.4
上游闸外水位,2024/06/30,19:04:56,4.4
下游闸内水位,2024/06/30,19:07:35,4.3
下游闸外水位,2024/06/30,19:07:35,6.7
下游闸内水位,2024/06/30,19:13:25,6.5
下游闸外水位,2024/06/30,19:13:25,6.7
下游闸内水位,2024/06/30,19:21:13,6.7
下游闸外水位,2024/06/30,19:21:13,6.7
上游闸内水位,2024/06/30,19:24:08,6.7
上游闸外水位,2024/06/30,19:24:08,4.4
上游闸内水位,2024/06/30,19:30:25,5.1
上游闸外水位,2024/06/30,19:30:25,4.3
上游闸内水位,2024/06/30,19:33:11,4.4
上游闸外水位,2024/06/30,19:33:11,4.4
上游闸外水位,2024/06/30,20:54:42,4.4
内河侧水位,2024/06/30,21:00:00,4.4
长江侧水位,2024/06/30,21:00:00,6.6
上游闸内水位,2024/06/30,21:31:01,4.4
上游闸外水位,2024/06/30,21:31:01,4.4
下游闸内水位,2024/06/30,21:34:11,4.3
下游闸外水位,2024/06/30,21:34:11,6.6
下游闸内水位,2024/06/30,21:39:48,6.4
下游闸外水位,2024/06/30,21:39:48,6.6
内河侧水位,2024/06/30,22:00:00,4.4
长江侧水位,2024/06/30,22:00:00,6.6
下游闸内水位,2024/06/30,22:18:58,6.6
下游闸外水位,2024/06/30,22:18:58,6.6
上游闸内水位,2024/06/30,22:21:56,6.6
上游闸外水位,2024/06/30,22:21:56,4.4
上游闸内水位,2024/06/30,22:26:55,5.2
上游闸外水位,2024/06/30,22:26:55,4.4
上游闸内水位,2024/06/30,22:29:59,4.4
上游闸外水位,2024/06/30,22:29:59,4.4
内河侧水位,2024/06/30,23:00:00,4.4
长江侧水位,2024/06/30,23:00:00,6.7
上游闸内水位,2024/06/30,23:07:45,4.4
上游闸外水位,2024/06/30,23:07:45,4.4
下游闸内水位,2024/06/30,23:10:22,4.4
下游闸外水位,2024/06/30,23:10:22,6.6
下游闸内水位,2024/06/30,23:15:03,5.6
下游闸外水位,2024/06/30,23:15:03,6.6
下游闸内水位,2024/06/30,23:18:53,6.6
下游闸外水位,2024/06/30,23:18:53,6.7
