datetime,pred_yangtze,pred_yunhe
2022-01-01 13:00:00,2.1249926,3.268408
2022-01-01 14:00:00,2.2309103,3.3600354
2022-01-01 15:00:00,3.199909,3.469597
2022-01-01 16:00:00,3.7032545,3.5047095
2022-01-01 17:00:00,4.0196657,3.5664725
2022-01-01 18:00:00,4.051661,3.692289
2022-01-01 19:00:00,3.9633105,3.8537803
2022-01-01 20:00:00,3.3504074,3.7723618
2022-01-01 21:00:00,3.1657634,3.6014345
2022-01-01 22:00:00,2.8120024,3.516073
2022-01-01 23:00:00,2.6952972,3.4159572
2022-01-02 00:00:00,2.5233593,3.4384434
2022-01-02 01:00:00,2.440685,3.4574726
2022-01-02 02:00:00,2.3237777,3.3828223
2022-01-02 03:00:00,2.6171827,3.4035869
2022-01-02 04:00:00,3.4696968,3.5111697
2022-01-02 05:00:00,3.6523364,3.5496197
2022-01-02 06:00:00,3.852051,3.585398
2022-01-02 07:00:00,3.7823129,3.5091174
2022-01-02 08:00:00,3.2529104,3.3655677
2022-01-02 09:00:00,2.9472187,3.3410425
2022-01-02 10:00:00,2.6479747,3.3247466
2022-01-02 11:00:00,2.5348141,3.3239877
2022-01-02 12:00:00,2.3819754,3.326583
2022-01-02 13:00:00,2.2146318,3.330365
2022-01-02 14:00:00,2.045741,3.333023
2022-01-02 15:00:00,2.2436886,3.3609588
2022-01-02 16:00:00,3.313437,3.404382
2022-01-02 17:00:00,3.818497,3.5251424
2022-01-02 18:00:00,4.269411,3.643441
2022-01-02 19:00:00,4.28896,3.9174964
2022-01-02 20:00:00,4.092255,3.9466965
2022-01-02 21:00:00,3.4447763,3.8354661
2022-01-02 22:00:00,3.2156827,3.7341514
2022-01-02 23:00:00,2.9977815,3.6045349
2022-01-03 00:00:00,2.754193,3.5481257
2022-01-03 01:00:00,2.6014328,3.5182474
2022-01-03 02:00:00,2.369734,3.4460115
2022-01-03 03:00:00,2.3546588,3.5268517
2022-01-03 04:00:00,2.685835,3.5085819
2022-01-03 05:00:00,3.6454039,3.6138365
2022-01-03 06:00:00,3.837054,3.6607633
2022-01-03 07:00:00,4.0256305,3.6946874
2022-01-03 08:00:00,3.834546,3.5732882
2022-01-03 09:00:00,3.3878732,3.4404392
2022-01-03 10:00:00,2.9834313,3.4104543
2022-01-03 11:00:00,2.8172174,3.4111202
2022-01-03 12:00:00,2.6218903,3.4142148
2022-01-03 13:00:00,2.5226393,3.3594286
2022-01-03 14:00:00,2.3789983,3.4235735
2022-01-03 15:00:00,2.3272896,3.3610206
2022-01-03 16:00:00,2.4795818,3.3191125
2022-01-03 17:00:00,3.3865888,3.4766986
2022-01-03 18:00:00,3.9899287,3.5630534
2022-01-03 19:00:00,4.4833035,3.6828332
2022-01-03 20:00:00,4.4159603,4.034903
2022-01-03 21:00:00,3.8524957,4.0628567
2022-01-03 22:00:00,3.4469404,3.8992333
2022-01-03 23:00:00,3.2149682,3.6599233
2022-01-04 00:00:00,2.9845724,3.5923805
2022-01-04 01:00:00,2.784411,3.5493217
2022-01-04 02:00:00,2.6225395,3.5037596
2022-01-04 03:00:00,2.4515083,3.5115252
2022-01-04 04:00:00,2.3125634,3.5292914
2022-01-04 05:00:00,3.064969,3.5494676
2022-01-04 06:00:00,3.8493526,3.658632
2022-01-04 07:00:00,3.763862,3.6622458
2022-01-04 08:00:00,3.93371,3.6697552
2022-01-04 09:00:00,3.782346,3.729212
2022-01-04 10:00:00,3.2827618,3.677115
2022-01-04 11:00:00,3.0131063,3.5538318
2022-01-04 12:00:00,2.7487268,3.553082
2022-01-04 13:00:00,2.601726,3.507107
2022-01-04 14:00:00,2.4406736,3.5153894
2022-01-04 15:00:00,2.2944515,3.4565542
2022-01-04 16:00:00,2.1832383,3.4515114
2022-01-04 17:00:00,2.4663844,3.4876983
2022-01-04 18:00:00,3.8688345,3.6616547
2022-01-04 19:00:00,4.3208303,3.7512689
2022-01-04 20:00:00,4.537535,3.8620358
2022-01-04 21:00:00,4.2881856,4.1224103
2022-01-04 22:00:00,3.781498,4.09296
2022-01-04 23:00:00,3.481428,3.9941914
2022-01-05 00:00:00,3.3263283,3.774427
2022-01-05 01:00:00,3.0989819,3.7042255
2022-01-05 02:00:00,2.8736813,3.6628702
2022-01-05 03:00:00,2.7160563,3.6195378
2022-01-05 04:00:00,2.5266387,3.6139052
2022-01-05 05:00:00,2.4007025,3.6276414
2022-01-05 06:00:00,3.30839,3.649336
2022-01-05 07:00:00,3.8650699,3.5691123
2022-01-05 08:00:00,4.2574816,3.8419194
2022-01-05 09:00:00,3.9988203,3.8297698
2022-01-05 10:00:00,3.7525234,3.9475684
2022-01-05 11:00:00,3.4533753,3.9158988
2022-01-05 12:00:00,3.1424413,3.7187934
2022-01-05 13:00:00,2.9482052,3.646626
2022-01-05 14:00:00,2.7919354,3.6015575
2022-01-05 15:00:00,2.6307945,3.613277
2022-01-05 16:00:00,2.4611063,3.5392342
2022-01-05 17:00:00,2.4914865,3.542646
2022-01-05 18:00:00,3.007464,3.6176035
2022-01-05 19:00:00,4.087451,3.7747355
2022-01-05 20:00:00,4.7124925,3.9374506
2022-01-05 21:00:00,4.592127,4.1862426
2022-01-05 22:00:00,4.3691163,4.263149
2022-01-05 23:00:00,3.8738062,4.22696
2022-01-06 00:00:00,3.6166832,4.017436
2022-01-06 01:00:00,3.3655407,3.8599565
2022-01-06 02:00:00,3.1681573,3.7359335
2022-01-06 03:00:00,2.9294515,3.6885657
2022-01-06 04:00:00,2.73525,3.6942687
2022-01-06 05:00:00,2.5677261,3.631765
2022-01-06 06:00:00,2.9029105,3.688074
2022-01-06 07:00:00,3.4130945,3.750845
2022-01-06 08:00:00,3.8868492,3.7587426
2022-01-06 09:00:00,4.184114,3.819693
2022-01-06 10:00:00,3.9553246,3.883117
2022-01-06 11:00:00,3.6395807,3.9230762
2022-01-06 12:00:00,3.2872171,3.7414355
2022-01-06 13:00:00,3.093401,3.659551
2022-01-06 14:00:00,2.900934,3.6066363
2022-01-06 15:00:00,2.6526234,3.6084793
2022-01-06 16:00:00,2.5397713,3.6249218
2022-01-06 17:00:00,2.4235368,3.6249425
2022-01-06 18:00:00,2.5551512,3.5703077
2022-01-06 19:00:00,3.7068677,3.7151706
2022-01-06 20:00:00,4.0617957,3.7629087
2022-01-06 21:00:00,4.4785185,3.8607452
2022-01-06 22:00:00,4.3870854,4.096481
2022-01-06 23:00:00,4.2731214,4.237382
2022-01-07 00:00:00,3.7761667,4.138287
2022-01-07 01:00:00,3.5662067,3.9528823
2022-01-07 02:00:00,3.2009907,3.8010125
2022-01-07 03:00:00,2.9720047,3.7454972
2022-01-07 04:00:00,2.8180609,3.706825
2022-01-07 05:00:00,2.6542835,3.704116
2022-01-07 06:00:00,2.5031517,3.6364539
2022-01-07 07:00:00,3.2484517,3.6558807
2022-01-07 08:00:00,3.4788578,3.7652555
2022-01-07 09:00:00,3.798194,3.837493
2022-01-07 10:00:00,4.021622,3.8701022
2022-01-07 11:00:00,3.7784123,3.8373992
2022-01-07 12:00:00,3.4222991,3.802642
2022-01-07 13:00:00,3.2339332,3.6108024
2022-01-07 14:00:00,2.934675,3.6029499
2022-01-07 15:00:00,2.721741,3.548501
2022-01-07 16:00:00,2.5563378,3.5491138
2022-01-07 17:00:00,2.3978379,3.554083
2022-01-07 18:00:00,2.3517838,3.5618768
2022-01-07 19:00:00,2.5283291,3.5861862
2022-01-07 20:00:00,3.7386823,3.736211
2022-01-07 21:00:00,4.12966,3.7761607
2022-01-07 22:00:00,4.312238,3.8009872
2022-01-07 23:00:00,4.09029,3.9182746
2022-01-08 00:00:00,3.776727,3.9625096
2022-01-08 01:00:00,3.5438583,3.8905265
2022-01-08 02:00:00,3.2520282,3.7214284
2022-01-08 03:00:00,2.9510033,3.6521013
2022-01-08 04:00:00,2.804539,3.614416
2022-01-08 05:00:00,2.6520326,3.6288671
2022-01-08 06:00:00,2.5558553,3.559771
2022-01-08 07:00:00,2.5324204,3.561719
2022-01-08 08:00:00,3.1502795,3.6298478
2022-01-08 09:00:00,3.6913095,3.7057881
2022-01-08 10:00:00,3.5919487,3.6986778
2022-01-08 11:00:00,3.8051367,3.715592
2022-01-08 12:00:00,3.6538181,3.534742
2022-01-08 13:00:00,3.260025,3.5263484
2022-01-08 14:00:00,2.8850925,3.4967275
2022-01-08 15:00:00,2.789494,3.5161269
2022-01-08 16:00:00,2.6575503,3.4562542
2022-01-08 17:00:00,2.4890819,3.4474032
2022-01-08 18:00:00,2.3292186,3.4535453
2022-01-08 19:00:00,2.3009026,3.468772
2022-01-08 20:00:00,2.7775555,3.513169
2022-01-08 21:00:00,3.7598388,3.63193
2022-01-08 22:00:00,3.9932404,3.6462002
2022-01-08 23:00:00,4.093931,3.6403546
2022-01-09 00:00:00,4.026619,3.8162549
2022-01-09 01:00:00,3.577349,3.7757413
2022-01-09 02:00:00,3.2930658,3.7074587
2022-01-09 03:00:00,2.998062,3.5482218
2022-01-09 04:00:00,2.7938263,3.4926171
2022-01-09 05:00:00,2.6396825,3.5164897
2022-01-09 06:00:00,2.5739765,3.4644337
2022-01-09 07:00:00,2.5048506,3.531855
2022-01-09 08:00:00,2.689674,3.483416
2022-01-09 09:00:00,2.9046698,3.4842315
2022-01-09 10:00:00,3.329136,3.5471299
2022-01-09 11:00:00,3.5279064,3.5889544
2022-01-09 12:00:00,3.6253605,3.48697
2022-01-09 13:00:00,3.4788992,3.5729766
2022-01-09 14:00:00,3.1738963,3.5090752
2022-01-09 15:00:00,2.9213564,3.3337793
2022-01-09 16:00:00,2.7113943,3.4036279
2022-01-09 17:00:00,2.5733774,3.431962
2022-01-09 18:00:00,2.4802067,3.4367006
2022-01-09 19:00:00,2.317635,3.4311297
2022-01-09 20:00:00,2.3836765,3.37974
2022-01-09 21:00:00,3.0647347,3.5179014
2022-01-09 22:00:00,3.5655355,3.5826757
2022-01-09 23:00:00,4.058294,3.6664972
2022-01-10 00:00:00,3.8759875,3.563661
2022-01-10 01:00:00,3.8179893,3.6575725
2022-01-10 02:00:00,3.3881729,3.6518338
2022-01-10 03:00:00,3.0893662,3.5543268
2022-01-10 04:00:00,2.8854992,3.4815578
2022-01-10 05:00:00,2.7341313,3.4237726
2022-01-10 06:00:00,2.5804877,3.5065103
2022-01-10 07:00:00,2.5030532,3.4527063
2022-01-10 08:00:00,2.4060898,3.4495277
2022-01-10 09:00:00,2.7959716,3.4896867
2022-01-10 10:00:00,3.1658628,3.5121696
2022-01-10 11:00:00,3.1984468,3.5157495
2022-01-10 12:00:00,3.410791,3.5463226
2022-01-10 13:00:00,3.5716496,3.3747268
2022-01-10 14:00:00,3.3726652,3.4672546
2022-01-10 15:00:00,3.107274,3.4332373
2022-01-10 16:00:00,2.8864486,3.3214493
2022-01-10 17:00:00,2.7178648,3.3444421
2022-01-10 18:00:00,2.5707116,3.428745
2022-01-10 19:00:00,2.4918313,3.3722873
2022-01-10 20:00:00,2.4162354,3.362188
2022-01-10 21:00:00,2.5061054,3.3713062
2022-01-10 22:00:00,3.2602837,3.457355
2022-01-10 23:00:00,3.5784636,3.4795735
2022-01-11 00:00:00,3.747008,3.50307
2022-01-11 01:00:00,3.6747859,3.4384742
2022-01-11 02:00:00,3.2318413,3.341386
2022-01-11 03:00:00,2.967467,3.3262348
2022-01-11 04:00:00,2.9051676,3.33719
2022-01-11 05:00:00,2.732461,3.330292
2022-01-11 06:00:00,2.5109017,3.3169727
2022-01-11 07:00:00,2.4196367,3.3293307
2022-01-11 08:00:00,2.3602207,3.3414376
2022-01-11 09:00:00,2.3776345,3.3422117
2022-01-11 10:00:00,2.5457296,3.3548908
2022-01-11 11:00:00,2.6730962,3.3396335
2022-01-11 12:00:00,2.8795724,3.3558617
2022-01-11 13:00:00,3.2767336,3.331228
2022-01-11 14:00:00,3.5075672,3.4423916
2022-01-11 15:00:00,3.498484,3.4985719
2022-01-11 16:00:00,3.1419969,3.507813
2022-01-11 17:00:00,2.936651,3.411716
2022-01-11 18:00:00,2.863378,3.2987063
2022-01-11 19:00:00,2.7354732,3.2952917
2022-01-11 20:00:00,2.648256,3.301185
2022-01-11 21:00:00,2.564808,3.3520923
2022-01-11 22:00:00,2.5354722,3.3665495
2022-01-11 23:00:00,2.6849177,3.3629544
2022-01-12 00:00:00,3.4531424,3.4547987
2022-01-12 01:00:00,3.6761832,3.4927795
2022-01-12 02:00:00,3.8225915,3.5056572
2022-01-12 03:00:00,3.412552,3.3730795
2022-01-12 04:00:00,3.1356716,3.3321261
2022-01-12 05:00:00,2.9173963,3.355464
2022-01-12 06:00:00,2.8054936,3.325149
2022-01-12 07:00:00,2.6811845,3.3208356
2022-01-12 08:00:00,2.6197736,3.3336737
2022-01-12 09:00:00,2.508567,3.2851892
2022-01-12 10:00:00,2.4463186,3.324849
2022-01-12 11:00:00,2.5581555,3.355101
2022-01-12 12:00:00,2.573898,3.342807
2022-01-12 13:00:00,2.960219,3.363441
2022-01-12 14:00:00,3.3828611,3.4311228
2022-01-12 15:00:00,3.5146103,3.443718
2022-01-12 16:00:00,3.563213,3.3511333
2022-01-12 17:00:00,3.0378492,3.3313558
2022-01-12 18:00:00,2.8191571,3.3188925
2022-01-12 19:00:00,2.6740565,3.3131464
2022-01-12 20:00:00,2.5881574,3.3336222
2022-01-12 21:00:00,2.4285052,3.3387508
2022-01-12 22:00:00,2.3548775,3.340684
2022-01-12 23:00:00,2.3146846,3.347781
2022-01-13 00:00:00,2.7437613,3.320208
2022-01-13 01:00:00,2.7509048,3.3673
2022-01-13 02:00:00,3.1688826,3.337526
2022-01-13 03:00:00,3.1400182,3.3888407
2022-01-13 04:00:00,3.1410065,3.3865116
2022-01-13 05:00:00,2.695473,3.3329585
2022-01-13 06:00:00,2.6684206,3.2638364
2022-01-13 07:00:00,2.422839,3.321655
2022-01-13 08:00:00,2.2690816,3.3356116
2022-01-13 09:00:00,2.1755025,3.2822292
2022-01-13 10:00:00,1.9984689,3.340649
2022-01-13 11:00:00,1.9678056,3.2964933
2022-01-13 12:00:00,2.0322165,3.2978451
2022-01-13 13:00:00,2.507699,3.312939
2022-01-13 14:00:00,2.8849723,3.335821
2022-01-13 15:00:00,3.3990662,3.401524
2022-01-13 16:00:00,3.4769847,3.40122
2022-01-13 17:00:00,3.3493977,3.3552296
2022-01-13 18:00:00,3.206839,3.456734
2022-01-13 19:00:00,2.9405384,3.4316692
2022-01-13 20:00:00,2.7941606,3.3471937
2022-01-13 21:00:00,2.5692375,3.3358283
2022-01-13 22:00:00,2.4842706,3.349199
2022-01-13 23:00:00,2.409081,3.3563364
2022-01-14 00:00:00,2.3508263,3.3621714
2022-01-14 01:00:00,2.4855719,3.3629909
2022-01-14 02:00:00,2.9412582,3.3879325
2022-01-14 03:00:00,3.3356574,3.4319987
2022-01-14 04:00:00,3.4355972,3.4520023
2022-01-14 05:00:00,3.5073564,3.437795
2022-01-14 06:00:00,3.2451262,3.351886
2022-01-14 07:00:00,3.0602946,3.3310308
2022-01-14 08:00:00,2.9162006,3.3296802
2022-01-14 09:00:00,2.7516828,3.32648
2022-01-14 10:00:00,2.5741076,3.3269453
2022-01-14 11:00:00,2.4951096,3.333083
2022-01-14 12:00:00,2.4224226,3.3425484
2022-01-14 13:00:00,2.3669648,3.3366141
2022-01-14 14:00:00,2.818677,3.3886757
2022-01-14 15:00:00,3.4745722,3.4665549
2022-01-14 16:00:00,3.8497806,3.6111972
2022-01-14 17:00:00,3.8894005,3.5083477
2022-01-14 18:00:00,3.402999,3.5300882
2022-01-14 19:00:00,3.2160716,3.4016328
2022-01-14 20:00:00,3.1035733,3.388186
2022-01-14 21:00:00,2.8762386,3.388996
2022-01-14 22:00:00,2.6695645,3.395032
2022-01-14 23:00:00,2.5664375,3.3423085
2022-01-15 00:00:00,2.3970425,3.3434515
2022-01-15 01:00:00,2.3749197,3.3539436
2022-01-15 02:00:00,2.5147786,3.3714223
2022-01-15 03:00:00,2.596486,3.3604887
2022-01-15 04:00:00,3.0941155,3.2698674
2022-01-15 05:00:00,3.2068765,3.404443
2022-01-15 06:00:00,3.2270608,3.412749
2022-01-15 07:00:00,3.061443,3.365321
2022-01-15 08:00:00,2.7892594,3.320327
2022-01-15 09:00:00,2.5147026,3.3042667
2022-01-15 10:00:00,2.375572,3.3090532
2022-01-15 11:00:00,2.3114524,3.3366952
2022-01-15 12:00:00,2.1368036,3.337478
2022-01-15 13:00:00,2.0514665,3.3408344
2022-01-15 14:00:00,2.119204,3.350378
2022-01-15 15:00:00,2.7271066,3.4001024
2022-01-15 16:00:00,3.3476248,3.4676073
2022-01-15 17:00:00,3.8676162,3.5599854
2022-01-15 18:00:00,3.8028362,3.577129
2022-01-15 19:00:00,3.7114127,3.6665568
2022-01-15 20:00:00,3.2279725,3.5794842
2022-01-15 21:00:00,2.9505746,3.4820173
2022-01-15 22:00:00,2.7234917,3.4735215
2022-01-15 23:00:00,2.5863771,3.4309986
2022-01-16 00:00:00,2.4566212,3.3765566
2022-01-16 01:00:00,2.2739575,3.4369085
2022-01-16 02:00:00,2.264405,3.4541233
2022-01-16 03:00:00,2.74585,3.421401
2022-01-16 04:00:00,2.6981554,3.4542284
2022-01-16 05:00:00,3.2439163,3.4555545
2022-01-16 06:00:00,3.5824077,3.497931
2022-01-16 07:00:00,3.5829077,3.4555483
2022-01-16 08:00:00,3.0949337,3.349494
2022-01-16 09:00:00,2.9637153,3.3394706
2022-01-16 10:00:00,2.767033,3.3350224
2022-01-16 11:00:00,2.540755,3.2894566
2022-01-16 12:00:00,2.363459,3.3413434
2022-01-16 13:00:00,2.280352,3.355102
2022-01-16 14:00:00,2.2197723,3.352905
2022-01-16 15:00:00,2.390652,3.366651
2022-01-16 16:00:00,3.3772442,3.4779332
2022-01-16 17:00:00,3.9932604,3.481672
2022-01-16 18:00:00,4.1871166,3.5805943
2022-01-16 19:00:00,4.0199957,3.737758
2022-01-16 20:00:00,3.550151,3.747046
2022-01-16 21:00:00,3.3567688,3.6847825
2022-01-16 22:00:00,3.1529884,3.5305398
2022-01-16 23:00:00,2.9642627,3.5336952
2022-01-17 00:00:00,2.7224796,3.4808557
2022-01-17 01:00:00,2.6496317,3.5035753
2022-01-17 02:00:00,2.4835231,3.4290574
2022-01-17 03:00:00,2.551926,3.4372935
2022-01-17 04:00:00,2.9537582,3.479456
2022-01-17 05:00:00,3.3100438,3.443776
2022-01-17 06:00:00,3.6533847,3.596437
2022-01-17 07:00:00,3.6923745,3.5831985
2022-01-17 08:00:00,3.542304,3.498349
2022-01-17 09:00:00,3.2054725,3.4217074
2022-01-17 10:00:00,2.9593015,3.3674815
2022-01-17 11:00:00,2.7324572,3.400006
2022-01-17 12:00:00,2.5648236,3.411635
2022-01-17 13:00:00,2.404685,3.346838
2022-01-17 14:00:00,2.3297482,3.3450572
2022-01-17 15:00:00,2.330161,3.4258828
2022-01-17 16:00:00,2.652675,3.398301
2022-01-17 17:00:00,3.5783458,3.493059
2022-01-17 18:00:00,4.083937,3.5887547
2022-01-17 19:00:00,4.1123443,3.7254326
2022-01-17 20:00:00,4.049982,3.8953903
2022-01-17 21:00:00,3.521693,3.821019
2022-01-17 22:00:00,3.2816567,3.618543
2022-01-17 23:00:00,2.9913702,3.5275712
2022-01-18 00:00:00,2.8002946,3.4806466
2022-01-18 01:00:00,2.6334944,3.4371774
2022-01-18 02:00:00,2.4607124,3.4352317
2022-01-18 03:00:00,2.4071233,3.440752
2022-01-18 04:00:00,2.7016613,3.4877503
2022-01-18 05:00:00,2.9431305,3.501027
2022-01-18 06:00:00,3.49968,3.588419
2022-01-18 07:00:00,3.7550642,3.5483577
2022-01-18 08:00:00,3.8244503,3.5006
2022-01-18 09:00:00,3.3363492,3.442261
2022-01-18 10:00:00,3.0252876,3.396756
2022-01-18 11:00:00,2.8321712,3.3913677
2022-01-18 12:00:00,2.7085094,3.4095519
2022-01-18 13:00:00,2.4808924,3.3422604
2022-01-18 14:00:00,2.3642395,3.3469677
2022-01-18 15:00:00,2.3090646,3.3563182
2022-01-18 16:00:00,2.2927177,3.4339645
2022-01-18 17:00:00,3.329486,3.479363
2022-01-18 18:00:00,3.9440982,3.5514274
2022-01-18 19:00:00,4.364759,3.6462271
2022-01-18 20:00:00,4.1803308,3.8830051
2022-01-18 21:00:00,3.912681,3.9209836
2022-01-18 22:00:00,3.420464,3.8458755
2022-01-18 23:00:00,3.190959,3.6647768
2022-01-19 00:00:00,3.0052543,3.537659
2022-01-19 01:00:00,2.804936,3.553718
2022-01-19 02:00:00,2.6419568,3.5171103
2022-01-19 03:00:00,2.4774508,3.5174012
2022-01-19 04:00:00,2.4279976,3.4544373
2022-01-19 05:00:00,2.9204316,3.5087173
2022-01-19 06:00:00,3.5439758,3.5920188
2022-01-19 07:00:00,3.7518814,3.6493645
2022-01-19 08:00:00,3.791986,3.6345594
2022-01-19 09:00:00,3.6007843,3.5409102
2022-01-19 10:00:00,3.1993914,3.4270096
2022-01-19 11:00:00,2.980367,3.4095645
2022-01-19 12:00:00,2.7825882,3.4163911
2022-01-19 13:00:00,2.6395166,3.3605802
2022-01-19 14:00:00,2.4650016,3.3514977
2022-01-19 15:00:00,2.3027878,3.3486004
2022-01-19 16:00:00,2.1952586,3.3572946
2022-01-19 17:00:00,2.469058,3.3914406
2022-01-19 18:00:00,3.4843073,3.505101
2022-01-19 19:00:00,4.135263,3.6066463
2022-01-19 20:00:00,4.2856216,3.7784622
2022-01-19 21:00:00,4.2101274,3.9466555
2022-01-19 22:00:00,3.6086473,3.820525
2022-01-19 23:00:00,3.2958317,3.7353046
2022-01-20 00:00:00,3.0182018,3.5849195
2022-01-20 01:00:00,2.8599877,3.4693384
2022-01-20 02:00:00,2.811202,3.5048363
2022-01-20 03:00:00,2.6529276,3.4484012
2022-01-20 04:00:00,2.4856143,3.4374225
2022-01-20 05:00:00,2.5425289,3.4068964
2022-01-20 06:00:00,2.835639,3.4930422
2022-01-20 07:00:00,3.671987,3.4560447
2022-01-20 08:00:00,4.088866,3.6277435
2022-01-20 09:00:00,4.043858,3.5530417
2022-01-20 10:00:00,3.509151,3.4485352
2022-01-20 11:00:00,3.2771287,3.4148178
2022-01-20 12:00:00,3.0494747,3.4076872
2022-01-20 13:00:00,2.8603172,3.395824
2022-01-20 14:00:00,2.6735458,3.348133
2022-01-20 15:00:00,2.6162872,3.4005892
2022-01-20 16:00:00,2.4658823,3.3517501
2022-01-20 17:00:00,2.4367058,3.3495567
2022-01-20 18:00:00,3.3292854,3.4538987
2022-01-20 19:00:00,4.1005716,3.5781653
2022-01-20 20:00:00,4.5732703,3.683244
2022-01-20 21:00:00,4.29921,3.9074295
2022-01-20 22:00:00,4.0089464,3.8416786
2022-01-20 23:00:00,3.6502423,3.70786
2022-01-21 00:00:00,3.4050064,3.6736748
2022-01-21 01:00:00,3.129244,3.5206726
2022-01-21 02:00:00,2.8982992,3.4694128
2022-01-21 03:00:00,2.73837,3.439592
2022-01-21 04:00:00,2.5702705,3.4834516
2022-01-21 05:00:00,2.5287118,3.4464576
2022-01-21 06:00:00,3.0484056,3.4992263
2022-01-21 07:00:00,3.7669225,3.605944
2022-01-21 08:00:00,3.9502606,3.6505618
2022-01-21 09:00:00,3.9541562,3.6285918
2022-01-21 10:00:00,3.7627873,3.700632
2022-01-21 11:00:00,3.4581761,3.5937722
2022-01-21 12:00:00,3.0520604,3.4517164
2022-01-21 13:00:00,2.950325,3.4659786
2022-01-21 14:00:00,2.7402382,3.4843044
2022-01-21 15:00:00,2.5499117,3.3729603
2022-01-21 16:00:00,2.3912437,3.4159296
2022-01-21 17:00:00,2.2782645,3.4351134
2022-01-21 18:00:00,2.609663,3.4814196
2022-01-21 19:00:00,3.588985,3.5984104
2022-01-21 20:00:00,4.273362,3.6460803
2022-01-21 21:00:00,4.3682265,3.7966843
2022-01-21 22:00:00,4.238119,3.7679996
2022-01-21 23:00:00,3.6461883,3.7569695
2022-01-22 00:00:00,3.4845757,3.709918
2022-01-22 01:00:00,3.1359894,3.6060705
2022-01-22 02:00:00,2.9444962,3.5435793
2022-01-22 03:00:00,2.798025,3.5066798
2022-01-22 04:00:00,2.730153,3.52516
2022-01-22 05:00:00,2.5845213,3.451182
2022-01-22 06:00:00,2.6707902,3.4560332
2022-01-22 07:00:00,3.0585382,3.4854803
2022-01-22 08:00:00,3.6282666,3.5642717
2022-01-22 09:00:00,3.9350784,3.6413796
2022-01-22 10:00:00,4.0140553,3.7083497
2022-01-22 11:00:00,3.565606,3.6302423
2022-01-22 12:00:00,3.3625033,3.6457431
2022-01-22 13:00:00,3.1110644,3.5471814
2022-01-22 14:00:00,2.9862254,3.4844277
2022-01-22 15:00:00,2.7486598,3.4765236
2022-01-22 16:00:00,2.64076,3.5004265
2022-01-22 17:00:00,2.4962258,3.4289396
2022-01-22 18:00:00,2.4364903,3.4378467
2022-01-22 19:00:00,3.38331,3.5715299
2022-01-22 20:00:00,4.044127,3.672408
2022-01-22 21:00:00,4.4318213,3.7539659
2022-01-22 22:00:00,4.3799505,3.855045
2022-01-22 23:00:00,4.2308607,3.8158634
2022-01-23 00:00:00,3.7357404,3.8307388
2022-01-23 01:00:00,3.390245,3.6990802
2022-01-23 02:00:00,3.193902,3.6281092
2022-01-23 03:00:00,2.9996028,3.4952884
2022-01-23 04:00:00,2.8188593,3.497286
2022-01-23 05:00:00,2.6531074,3.5043643
2022-01-23 06:00:00,2.621111,3.5191863
2022-01-23 07:00:00,3.1375103,3.5942929
2022-01-23 08:00:00,3.8037636,3.587504
2022-01-23 09:00:00,4.002567,3.6340284
2022-01-23 10:00:00,4.0130706,3.6342587
2022-01-23 11:00:00,3.8973389,3.812885
2022-01-23 12:00:00,3.6528513,3.791988
2022-01-23 13:00:00,3.3416023,3.6999803
2022-01-23 14:00:00,3.1286006,3.5467348
2022-01-23 15:00:00,2.915943,3.557118
2022-01-23 16:00:00,2.749542,3.5110474
2022-01-23 17:00:00,2.6469743,3.5178938
2022-01-23 18:00:00,2.5419443,3.5123174
2022-01-23 19:00:00,2.6803164,3.5497098
2022-01-23 20:00:00,3.7600958,3.695791
2022-01-23 21:00:00,4.353915,3.8227427
2022-01-23 22:00:00,4.4513664,3.8980517
2022-01-23 23:00:00,4.2908006,3.9395754
2022-01-24 00:00:00,3.9916582,3.8875823
2022-01-24 01:00:00,3.768493,3.9048636
2022-01-24 02:00:00,3.50028,3.8040173
2022-01-24 03:00:00,3.2623775,3.651345
2022-01-24 04:00:00,3.119227,3.6673498
2022-01-24 05:00:00,2.8583686,3.5998995
2022-01-24 06:00:00,2.7372673,3.5996037
2022-01-24 07:00:00,2.8479054,3.634461
2022-01-24 08:00:00,3.4532228,3.626071
2022-01-24 09:00:00,3.98452,3.7001512
2022-01-24 10:00:00,4.1899953,3.759178
2022-01-24 11:00:00,4.0066943,3.7770596
2022-01-24 12:00:00,3.8964581,3.8597522
2022-01-24 13:00:00,3.6665928,3.8602989
2022-01-24 14:00:00,3.4224129,3.7352042
2022-01-24 15:00:00,3.2054965,3.6511326
2022-01-24 16:00:00,3.03584,3.5963042
2022-01-24 17:00:00,2.8023362,3.5943065
2022-01-24 18:00:00,2.7629187,3.6096478
2022-01-24 19:00:00,2.7206435,3.61744
2022-01-24 20:00:00,3.0268903,3.6642523
2022-01-24 21:00:00,3.7814915,3.6819825
2022-01-24 22:00:00,4.346573,3.8055096
2022-01-24 23:00:00,4.366376,3.9586535
2022-01-25 00:00:00,4.0862904,3.9854074
2022-01-25 01:00:00,3.7282455,3.9387531
2022-01-25 02:00:00,3.477201,3.8101737
2022-01-25 03:00:00,3.281938,3.664006
2022-01-25 04:00:00,3.0499341,3.6011987
2022-01-25 05:00:00,2.9492464,3.6216826
2022-01-25 06:00:00,2.7705767,3.546033
2022-01-25 07:00:00,2.6528068,3.531032
2022-01-25 08:00:00,2.8695784,3.583473
2022-01-25 09:00:00,3.6469097,3.6944234
2022-01-25 10:00:00,3.6868665,3.6977937
2022-01-25 11:00:00,4.0051365,3.756427
2022-01-25 12:00:00,3.8964267,3.7520995
2022-01-25 13:00:00,3.633222,3.8132768
2022-01-25 14:00:00,3.4552457,3.747584
2022-01-25 15:00:00,3.2174861,3.644471
2022-01-25 16:00:00,2.9856825,3.5670133
2022-01-25 17:00:00,2.8507092,3.5871322
2022-01-25 18:00:00,2.7688203,3.541563
2022-01-25 19:00:00,2.6194334,3.5376747
2022-01-25 20:00:00,2.624624,3.5516627
2022-01-25 21:00:00,3.5245044,3.6692169
2022-01-25 22:00:00,3.7851546,3.7053256
2022-01-25 23:00:00,4.124768,3.7692826
2022-01-26 00:00:00,4.079852,3.7862964
2022-01-26 01:00:00,3.9287026,3.858715
2022-01-26 02:00:00,3.565927,3.8415906
2022-01-26 03:00:00,3.3459995,3.6584382
2022-01-26 04:00:00,3.1155128,3.5732517
2022-01-26 05:00:00,2.9458804,3.5137525
2022-01-26 06:00:00,2.7725492,3.5268264
2022-01-26 07:00:00,2.6872034,3.535528
2022-01-26 08:00:00,2.669668,3.5482364
2022-01-26 09:00:00,3.0131457,3.5892332
2022-01-26 10:00:00,3.4373295,3.6397402
2022-01-26 11:00:00,3.581152,3.580778
2022-01-26 12:00:00,3.8376923,3.6967928
2022-01-26 13:00:00,3.8792596,3.737211
2022-01-26 14:00:00,3.674491,3.8138096
2022-01-26 15:00:00,3.5122147,3.7580903
2022-01-26 16:00:00,3.2699144,3.650314
2022-01-26 17:00:00,3.1155362,3.5842998
2022-01-26 18:00:00,2.9507391,3.5239284
2022-01-26 19:00:00,2.841663,3.5373938
2022-01-26 20:00:00,2.8260772,3.5510035
2022-01-26 21:00:00,2.73985,3.5432904
2022-01-26 22:00:00,3.2792923,3.614838
2022-01-26 23:00:00,3.8019412,3.6914573
2022-01-27 00:00:00,4.016285,3.7387996
2022-01-27 01:00:00,3.9402635,3.681763
2022-01-27 02:00:00,3.6633568,3.568554
2022-01-27 03:00:00,3.5084276,3.519707
2022-01-27 04:00:00,3.3176706,3.5765588
2022-01-27 05:00:00,3.0672312,3.4966922
2022-01-27 06:00:00,2.8831635,3.5006628
2022-01-27 07:00:00,2.7943366,3.5144575
2022-01-27 08:00:00,2.6567569,3.5178661
2022-01-27 09:00:00,2.6816456,3.5308077
2022-01-27 10:00:00,3.2268486,3.447773
2022-01-27 11:00:00,3.3003428,3.586304
2022-01-27 12:00:00,3.450999,3.6128428
2022-01-27 13:00:00,3.7624373,3.655593
2022-01-27 14:00:00,4.022172,3.7577653
2022-01-27 15:00:00,3.9001117,3.7707949
2022-01-27 16:00:00,3.4141135,3.8170846
2022-01-27 17:00:00,3.3678849,3.6747718
2022-01-27 18:00:00,3.1239183,3.649888
2022-01-27 19:00:00,3.0574305,3.5301511
2022-01-27 20:00:00,2.9029696,3.4567378
2022-01-27 21:00:00,2.8084767,3.533267
2022-01-27 22:00:00,2.7946472,3.5660768
2022-01-27 23:00:00,3.0032294,3.5793169
2022-01-28 00:00:00,3.561738,3.6488516
2022-01-28 01:00:00,3.6008348,3.648943
2022-01-28 02:00:00,3.846691,3.6881309
2022-01-28 03:00:00,3.5491097,3.591737
2022-01-28 04:00:00,3.3321574,3.5125608
2022-01-28 05:00:00,3.262573,3.5012631
2022-01-28 06:00:00,3.116268,3.4961674
2022-01-28 07:00:00,2.934814,3.5059686
2022-01-28 08:00:00,2.8300176,3.5235648
2022-01-28 09:00:00,2.6660259,3.4407246
2022-01-28 10:00:00,2.6432762,3.446138
2022-01-28 11:00:00,2.7292676,3.467791
2022-01-28 12:00:00,3.2674568,3.449635
2022-01-28 13:00:00,3.3842866,3.5210652
2022-01-28 14:00:00,3.818728,3.6015809
2022-01-28 15:00:00,4.0326595,3.6992764
2022-01-28 16:00:00,3.9815729,3.722703
2022-01-28 17:00:00,3.8885872,3.830466
2022-01-28 18:00:00,3.6344392,3.8468084
2022-01-28 19:00:00,3.4758565,3.663425
2022-01-28 20:00:00,3.2264898,3.5639875
2022-01-28 21:00:00,3.0521593,3.4997349
2022-01-28 22:00:00,2.9817734,3.514066
2022-01-28 23:00:00,2.8435528,3.5151598
2022-01-29 00:00:00,2.781308,3.517979
2022-01-29 01:00:00,3.0654228,3.5538664
2022-01-29 02:00:00,3.682088,3.5720432
2022-01-29 03:00:00,3.7198858,3.5820603
2022-01-29 04:00:00,3.7225995,3.660277
2022-01-29 05:00:00,3.381741,3.4681513
2022-01-29 06:00:00,3.1982737,3.4301982
2022-01-29 07:00:00,3.0292964,3.4188082
2022-01-29 08:00:00,2.8988576,3.4148986
2022-01-29 09:00:00,2.809887,3.4240136
2022-01-29 10:00:00,2.7469718,3.4396942
2022-01-29 11:00:00,2.5955198,3.4313278
2022-01-29 12:00:00,2.5801888,3.4356024
2022-01-29 13:00:00,2.8112354,3.4666831
2022-01-29 14:00:00,3.418999,3.546013
2022-01-29 15:00:00,3.6692436,3.5639389
2022-01-29 16:00:00,4.1393065,3.6455827
2022-01-29 17:00:00,4.231406,3.6179883
2022-01-29 18:00:00,3.918565,3.5009933
2022-01-29 19:00:00,3.6918747,3.4518638
2022-01-29 20:00:00,3.490549,3.5000262
2022-01-29 21:00:00,3.2723897,3.4939816
2022-01-29 22:00:00,3.1088924,3.4438097
2022-01-29 23:00:00,2.9637818,3.4418812
2022-01-30 00:00:00,2.7918494,3.440148
2022-01-30 01:00:00,2.7661095,3.4436934
2022-01-30 02:00:00,3.0709155,3.4596844
2022-01-30 03:00:00,3.2460632,3.4484642
2022-01-30 04:00:00,3.631369,3.4889364
2022-01-30 05:00:00,3.7758174,3.525475
2022-01-30 06:00:00,3.6801202,3.4813142
2022-01-30 07:00:00,3.3256936,3.4193282
2022-01-30 08:00:00,3.2059865,3.409773
2022-01-30 09:00:00,3.0534406,3.4074204
2022-01-30 10:00:00,2.9743457,3.4117658
2022-01-30 11:00:00,2.7197526,3.3977935
2022-01-30 12:00:00,2.6184332,3.407271
2022-01-30 13:00:00,2.501592,3.410073
2022-01-30 14:00:00,2.6437066,3.4414396
2022-01-30 15:00:00,3.5214071,3.5695362
2022-01-30 16:00:00,3.965388,3.6269262
2022-01-30 17:00:00,4.28368,3.681404
2022-01-30 18:00:00,4.315397,3.6172354
2022-01-30 19:00:00,4.2371187,3.5302312
2022-01-30 20:00:00,3.8082285,3.5063632
2022-01-30 21:00:00,3.5330565,3.4927363
2022-01-30 22:00:00,3.3325162,3.492976
2022-01-30 23:00:00,3.1918201,3.4947505
2022-01-31 00:00:00,3.0395837,3.45672
2022-01-31 01:00:00,2.9411068,3.4562833
2022-01-31 02:00:00,2.8520617,3.4557695
2022-01-31 03:00:00,3.1244748,3.468329
2022-01-31 04:00:00,3.337869,3.4613838
2022-01-31 05:00:00,3.7463067,3.5115273
2022-01-31 06:00:00,3.9293497,3.5539896
2022-01-31 07:00:00,3.9700186,3.5164106
2022-01-31 08:00:00,3.590589,3.4433703
2022-01-31 09:00:00,3.3362803,3.4209163
2022-01-31 10:00:00,3.182882,3.4195879
2022-01-31 11:00:00,3.043702,3.4190733
2022-01-31 12:00:00,2.8605192,3.369741
2022-01-31 13:00:00,2.764322,3.4079306
2022-01-31 14:00:00,2.6373975,3.4108224
2022-01-31 15:00:00,2.7400107,3.4303224
2022-01-31 16:00:00,3.564183,3.4734669
2022-01-31 17:00:00,4.124939,3.5514436
2022-01-31 18:00:00,4.5773683,3.6458054
2022-01-31 19:00:00,4.5610375,3.5517914
2022-01-31 20:00:00,4.2524304,3.4873402
2022-01-31 21:00:00,3.871395,3.4950166
2022-01-31 22:00:00,3.6477458,3.4510074
2022-01-31 23:00:00,3.4389477,3.4927187
2022-02-01 00:00:00,3.2983165,3.4556873
2022-02-01 01:00:00,3.1202812,3.4508362
2022-02-01 02:00:00,2.9313269,3.445042
2022-02-01 03:00:00,2.8167953,3.4454677
2022-02-01 04:00:00,3.2626712,3.4773617
2022-02-01 05:00:00,3.9266217,3.5336971
2022-02-01 06:00:00,3.9671557,3.5343778
2022-02-01 07:00:00,4.1701937,3.4727693
2022-02-01 08:00:00,3.9844775,3.4309654
2022-02-01 09:00:00,3.6292698,3.4323866
2022-02-01 10:00:00,3.389826,3.4187684
2022-02-01 11:00:00,3.1553855,3.4143348
2022-02-01 12:00:00,3.1128485,3.4234114
2022-02-01 13:00:00,2.8507686,3.3679445
2022-02-01 14:00:00,2.7487018,3.3662467
2022-02-01 15:00:00,2.7167978,3.373297
2022-02-01 16:00:00,2.7178097,3.3727179
2022-02-01 17:00:00,4.0033298,3.4515111
2022-02-01 18:00:00,4.3758874,3.5954196
2022-02-01 19:00:00,4.701348,3.6570058
2022-02-01 20:00:00,4.661393,3.6091413
2022-02-01 21:00:00,4.325418,3.4846754
2022-02-01 22:00:00,4.1580286,3.4720786
2022-02-01 23:00:00,3.8445456,3.4578547
2022-02-02 00:00:00,3.5437214,3.500626
2022-02-02 01:00:00,3.3813698,3.462576
2022-02-02 02:00:00,3.2245562,3.4608085
2022-02-02 03:00:00,3.0215075,3.4569101
2022-02-02 04:00:00,2.860987,3.4522555
2022-02-02 05:00:00,3.5618448,3.5062141
2022-02-02 06:00:00,4.3221097,3.5947747
2022-02-02 07:00:00,4.2659597,3.4762976
2022-02-02 08:00:00,4.344978,3.5549335
2022-02-02 09:00:00,4.073361,3.474825
2022-02-02 10:00:00,3.8664289,3.4477084
2022-02-02 11:00:00,3.5627272,3.4738736
2022-02-02 12:00:00,3.241226,3.4253936
2022-02-02 13:00:00,3.1809237,3.4327683
2022-02-02 14:00:00,3.0182352,3.431384
2022-02-02 15:00:00,2.844998,3.4257846
2022-02-02 16:00:00,2.713527,3.381392
2022-02-02 17:00:00,2.8933597,3.3945696
2022-02-02 18:00:00,4.133587,3.5565262
2022-02-02 19:00:00,4.522716,3.6228275
2022-02-02 20:00:00,4.8726554,3.7941282
2022-02-02 21:00:00,4.6246524,3.5676672
2022-02-02 22:00:00,4.1878686,3.4649007
2022-02-02 23:00:00,3.9457293,3.4574912
2022-02-03 00:00:00,3.65217,3.499063
2022-02-03 01:00:00,3.4453747,3.5004025
2022-02-03 02:00:00,3.2858527,3.4552534
2022-02-03 03:00:00,3.1115863,3.4515457
2022-02-03 04:00:00,2.9056432,3.4498374
2022-02-03 05:00:00,2.7574399,3.405007
2022-02-03 06:00:00,3.602792,3.4580789
2022-02-03 07:00:00,4.1644664,3.4756045
2022-02-03 08:00:00,4.470743,3.5195415
2022-02-03 09:00:00,4.3208327,3.4624763
2022-02-03 10:00:00,3.9509037,3.4520357
2022-02-03 11:00:00,3.7160838,3.4797857
2022-02-03 12:00:00,3.5102386,3.5252223
2022-02-03 13:00:00,3.294402,3.5244448
2022-02-03 14:00:00,3.1842275,3.4390996
2022-02-03 15:00:00,3.0170734,3.4287865
2022-02-03 16:00:00,2.8426101,3.4273477
2022-02-03 17:00:00,2.7735188,3.4305673
2022-02-03 18:00:00,3.2298033,3.4246867
2022-02-03 19:00:00,4.2326903,3.5258956
2022-02-03 20:00:00,4.78697,3.6649313
2022-02-03 21:00:00,4.854259,3.5830963
2022-02-03 22:00:00,4.4889016,3.5090294
2022-02-03 23:00:00,4.2056417,3.477781
2022-02-04 00:00:00,3.8949807,3.51064
2022-02-04 01:00:00,3.706237,3.5183265
2022-02-04 02:00:00,3.5684373,3.5208716
2022-02-04 03:00:00,3.3372042,3.5154822
2022-02-04 04:00:00,3.190473,3.4748788
2022-02-04 05:00:00,3.0462365,3.468045
2022-02-04 06:00:00,3.180695,3.4820578
2022-02-04 07:00:00,3.7041972,3.4962342
2022-02-04 08:00:00,4.217678,3.5247586
2022-02-04 09:00:00,4.5921392,3.630932
2022-02-04 10:00:00,4.288641,4.018011
2022-02-04 11:00:00,3.9976096,4.169419
2022-02-04 12:00:00,3.7531943,3.9394164
2022-02-04 13:00:00,3.43326,3.631183
2022-02-04 14:00:00,3.3052535,3.5501862
2022-02-04 15:00:00,3.106409,3.5052285
2022-02-04 16:00:00,3.0217538,3.512538
2022-02-04 17:00:00,2.8902628,3.4687696
2022-02-04 18:00:00,2.9812176,3.4335716
2022-02-04 19:00:00,4.0037985,3.62491
2022-02-04 20:00:00,4.367739,3.7366033
2022-02-04 21:00:00,4.768721,3.7361274
2022-02-04 22:00:00,4.596343,3.646338
2022-02-04 23:00:00,4.3682795,3.5198288
2022-02-05 00:00:00,4.10154,3.5316763
2022-02-05 01:00:00,3.7920923,3.521209
2022-02-05 02:00:00,3.5651827,3.5166638
2022-02-05 03:00:00,3.3901968,3.4650867
2022-02-05 04:00:00,3.218107,3.4601884
2022-02-05 05:00:00,3.0451832,3.459286
2022-02-05 06:00:00,2.857907,3.4570193
2022-02-05 07:00:00,3.5383234,3.5071468
2022-02-05 08:00:00,3.9766772,3.5171947
2022-02-05 09:00:00,4.2972107,3.4832442
2022-02-05 10:00:00,4.4450755,3.9080784
2022-02-05 11:00:00,4.2221284,4.0820994
2022-02-05 12:00:00,3.8561528,3.9952214
2022-02-05 13:00:00,3.6956153,3.7465627
2022-02-05 14:00:00,3.4014912,3.5845866
2022-02-05 15:00:00,3.2158923,3.5464664
2022-02-05 16:00:00,3.0300303,3.509527
2022-02-05 17:00:00,2.941709,3.4703224
2022-02-05 18:00:00,2.869779,3.4629562
2022-02-05 19:00:00,3.102071,3.4817197
2022-02-05 20:00:00,4.192969,3.5975156
2022-02-05 21:00:00,4.4303308,3.6459305
2022-02-05 22:00:00,4.5730076,3.740332
2022-02-05 23:00:00,4.3508515,3.5583644
2022-02-06 00:00:00,4.15461,3.4974418
2022-02-06 02:00:00,3.7697334,3.5081596
2022-02-06 03:00:00,3.541775,3.5038476
2022-02-06 04:00:00,3.2161477,3.4455144
2022-02-06 05:00:00,3.0423198,3.4390495
2022-02-06 06:00:00,2.8329592,3.3919184
2022-02-06 07:00:00,2.772737,3.3899071
2022-02-06 08:00:00,2.9476545,3.4027717
2022-02-06 09:00:00,4.4745092,3.6091874
2022-02-06 10:00:00,4.726172,3.7481456
2022-02-06 11:00:00,4.2533817,3.976176
2022-02-06 12:00:00,3.7557464,3.9417443
2022-02-06 13:00:00,3.5943484,3.8347902
2022-02-06 14:00:00,3.4125726,3.633473
2022-02-06 15:00:00,3.3185613,3.534188
2022-02-06 16:00:00,3.0499144,3.4469402
2022-02-06 17:00:00,2.855588,3.442149
2022-02-06 18:00:00,2.7774234,3.4471505
2022-02-06 19:00:00,2.8902085,3.419567
2022-02-06 20:00:00,3.4367497,3.5330496
2022-02-06 21:00:00,4.131968,3.685179
2022-02-06 22:00:00,4.390112,3.6451824
2022-02-06 23:00:00,4.2489424,3.523356
2022-02-07 00:00:00,3.9385703,3.4441917
2022-02-07 01:00:00,3.7677903,3.4550352
2022-02-07 02:00:00,3.5363128,3.443659
2022-02-07 03:00:00,3.4045315,3.4468002
2022-02-07 04:00:00,3.2490425,3.4425995
2022-02-07 05:00:00,3.0590358,3.4353812
2022-02-07 06:00:00,2.8578146,3.3870156
2022-02-07 07:00:00,2.8977168,3.3974628
2022-02-07 08:00:00,3.2941318,3.4202218
2022-02-07 09:00:00,3.8623362,3.446978
2022-02-07 10:00:00,3.9669383,3.5450082
2022-02-07 11:00:00,4.1888576,3.6864681
2022-02-07 12:00:00,4.0048566,3.8664172
2022-02-07 13:00:00,3.7368486,3.8407764
2022-02-07 14:00:00,3.523811,3.676574
2022-02-07 15:00:00,3.306154,3.5193322
2022-02-07 16:00:00,3.203967,3.4854748
2022-02-07 17:00:00,3.0754929,3.4462051
2022-02-07 18:00:00,2.876731,3.4404316
2022-02-07 19:00:00,2.8477812,3.4494402
2022-02-07 20:00:00,3.13028,3.4748156
2022-02-07 21:00:00,4.0368767,3.6467795
2022-02-07 22:00:00,4.372775,3.7150457
2022-02-07 23:00:00,4.321601,3.6495907
2022-02-08 00:00:00,4.1572065,3.5170772
2022-02-08 01:00:00,3.9420912,3.5260773
2022-02-08 02:00:00,3.6681607,3.505646
2022-02-08 03:00:00,3.5156775,3.500652
2022-02-08 04:00:00,3.3510654,3.4567995
2022-02-08 05:00:00,3.1683629,3.4509344
2022-02-08 06:00:00,2.9767153,3.4449115
2022-02-08 07:00:00,3.03161,3.4166362
2022-02-08 08:00:00,3.2758281,3.4725046
2022-02-08 09:00:00,3.7958546,3.5193782
2022-02-08 10:00:00,4.0178523,3.4638638
2022-02-08 11:00:00,4.0911865,3.5461137
2022-02-08 12:00:00,4.07194,3.800627
2022-02-08 13:00:00,3.900193,3.8971357
2022-02-08 14:00:00,3.6774564,3.7951586
2022-02-08 15:00:00,3.541743,3.6866682
2022-02-08 16:00:00,3.3475454,3.5432117
2022-02-08 17:00:00,3.2970343,3.5087056
2022-02-08 18:00:00,3.0975149,3.502805
2022-02-08 19:00:00,3.0562465,3.5123997
2022-02-08 20:00:00,3.1055613,3.5195801
2022-02-08 21:00:00,3.846544,3.6500423
2022-02-08 22:00:00,4.035735,3.705214
2022-02-08 23:00:00,4.062115,3.612908
2022-02-09 00:00:00,4.097118,3.8499255
2022-02-09 01:00:00,3.7565305,3.8232822
2022-02-09 02:00:00,3.6485257,3.7517269
2022-02-09 03:00:00,3.484557,3.5567243
2022-02-09 04:00:00,3.289606,3.5062644
2022-02-09 05:00:00,3.1000226,3.5021136
2022-02-09 06:00:00,2.996767,3.5060244
2022-02-09 07:00:00,2.969171,3.5112984
2022-02-09 08:00:00,3.0127892,3.524241
2022-02-09 09:00:00,3.1700904,3.559617
2022-02-09 10:00:00,3.6400237,3.5555005
2022-02-09 11:00:00,3.5847833,3.5328135
2022-02-09 12:00:00,3.8220644,3.6421573
2022-02-09 13:00:00,3.9532654,3.8029606
2022-02-09 14:00:00,3.7559862,3.8117425
2022-02-09 15:00:00,3.5734837,3.6664793
2022-02-09 16:00:00,3.3694875,3.5675364
2022-02-09 17:00:00,3.3055744,3.5106087
2022-02-09 18:00:00,3.1274264,3.509251
2022-02-09 19:00:00,3.1170723,3.471287
2022-02-09 20:00:00,3.025216,3.5145237
2022-02-09 21:00:00,3.026274,3.531536
2022-02-09 22:00:00,3.8494692,3.5868647
2022-02-09 23:00:00,3.6707702,3.5485864
2022-02-10 00:00:00,3.6957924,3.540798
2022-02-10 01:00:00,3.521765,3.4702241
2022-02-10 02:00:00,3.3332055,3.448698
2022-02-10 03:00:00,3.2434924,3.4361136
2022-02-10 04:00:00,3.1909554,3.4299314
2022-02-10 05:00:00,3.0487206,3.4233215
2022-02-10 06:00:00,2.9997673,3.4274766
2022-02-10 07:00:00,2.9261498,3.4277728
2022-02-10 08:00:00,2.8883288,3.423029
2022-02-10 09:00:00,2.8600762,3.4200785
2022-02-10 10:00:00,3.002178,3.4397328
2022-02-10 11:00:00,3.2983923,3.4850516
2022-02-10 12:00:00,3.5837882,3.5205426
2022-02-10 13:00:00,3.696568,3.5193996
2022-02-10 14:00:00,3.9198546,3.390929
2022-02-10 15:00:00,3.4824786,3.600031
2022-02-10 16:00:00,3.408626,3.6082346
2022-02-10 17:00:00,3.3099897,3.5040987
2022-02-10 18:00:00,3.2261577,3.4393783
2022-02-10 19:00:00,3.1433632,3.4399216
2022-02-10 20:00:00,3.0502667,3.4393015
2022-02-10 21:00:00,3.0162656,3.4488833
2022-02-10 22:00:00,3.0455766,3.4443917
2022-02-10 23:00:00,3.1699746,3.4404507
2022-02-11 00:00:00,3.3721092,3.4595883
2022-02-11 01:00:00,3.1362162,3.43514
2022-02-11 02:00:00,3.3255413,3.4652343
2022-02-11 03:00:00,3.1326287,3.426679
2022-02-11 04:00:00,3.069033,3.4090486
2022-02-11 05:00:00,2.972202,3.4002883
2022-02-11 06:00:00,2.9828238,3.4106941
2022-02-11 07:00:00,2.9137685,3.4259975
2022-02-11 08:00:00,2.8133845,3.417439
2022-02-11 09:00:00,2.8247135,3.3607922
2022-02-11 10:00:00,2.8349323,3.3601995
2022-02-11 11:00:00,2.8830678,3.3692229
2022-02-11 12:00:00,3.231055,3.4944134
2022-02-11 13:00:00,3.4939532,3.5330832
2022-02-11 14:00:00,3.733686,3.5531497
2022-02-11 15:00:00,3.9131656,3.566374
2022-02-11 16:00:00,3.9745102,3.7197335
2022-02-11 17:00:00,3.619362,3.7148602
2022-02-11 18:00:00,3.4939473,3.5144615
2022-02-11 19:00:00,3.4001203,3.4943573
2022-02-11 20:00:00,3.3203952,3.4517663
2022-02-11 21:00:00,3.2888443,3.4577365
2022-02-11 22:00:00,3.1794362,3.5147011
2022-02-11 23:00:00,3.1545458,3.46424
2022-02-12 00:00:00,3.1607604,3.4562652
2022-02-12 01:00:00,3.1904235,3.4540064
2022-02-12 02:00:00,3.1564353,3.4500253
2022-02-12 03:00:00,3.3567936,3.4616497
2022-02-12 04:00:00,3.4283576,3.4644413
2022-02-12 05:00:00,3.2318697,3.4307783
2022-02-12 06:00:00,3.158122,3.4198284
2022-02-12 07:00:00,3.0769625,3.4128568
2022-02-12 08:00:00,3.0044296,3.410136
2022-02-12 09:00:00,2.9546034,3.4074044
2022-02-12 10:00:00,2.9132042,3.4159112
2022-02-12 11:00:00,2.8823085,3.4231465
2022-02-12 12:00:00,2.9482243,3.4422655
2022-02-12 13:00:00,3.04465,3.455957
2022-02-12 14:00:00,3.418253,3.510207
2022-02-12 15:00:00,3.8078675,3.5726168
2022-02-12 16:00:00,3.9619584,3.6674075
2022-02-12 17:00:00,4.128986,3.9341934
2022-02-12 18:00:00,3.806116,3.9047937
2022-02-12 19:00:00,3.7764983,3.780642
2022-02-12 20:00:00,3.575231,3.6601307
2022-02-12 21:00:00,3.3875623,3.574374
2022-02-12 22:00:00,3.2807684,3.5206356
2022-02-12 23:00:00,3.2313974,3.5233178
2022-02-13 00:00:00,3.193304,3.524449
2022-02-13 01:00:00,3.1066248,3.476581
2022-02-13 02:00:00,3.2100606,3.4824798
2022-02-13 03:00:00,3.5663793,3.5433888
2022-02-13 04:00:00,3.5830922,3.5445962
2022-02-13 05:00:00,3.464576,3.502254
2022-02-13 06:00:00,3.6259048,3.5061355
2022-02-13 07:00:00,3.4039695,3.4531546
2022-02-13 08:00:00,3.3184311,3.4387891
2022-02-13 09:00:00,3.2247193,3.4300423
2022-02-13 10:00:00,3.1407769,3.4267063
2022-02-13 11:00:00,2.9520159,3.375571
2022-02-13 12:00:00,2.9437127,3.413833
2022-02-13 13:00:00,2.916248,3.4202218
2022-02-13 14:00:00,3.0147371,3.4418504
2022-02-13 15:00:00,3.5559156,3.5271196
2022-02-13 16:00:00,4.0407796,3.5311675
2022-02-13 17:00:00,4.360296,3.8416567
2022-02-13 18:00:00,4.3130336,4.053773
2022-02-13 19:00:00,4.1276746,4.10381
2022-02-13 20:00:00,3.9968913,4.0105367
2022-02-13 21:00:00,3.7203019,3.8629618
2022-02-13 22:00:00,3.5257514,3.7031236
2022-02-13 23:00:00,3.3593497,3.578886
2022-02-14 00:00:00,3.2351785,3.5815706
2022-02-14 01:00:00,3.11926,3.5370889
2022-02-14 02:00:00,3.1774018,3.5402606
2022-02-14 03:00:00,3.4373763,3.5821745
2022-02-14 04:00:00,3.4843748,3.6204176
2022-02-14 05:00:00,3.8717906,3.6088848
2022-02-14 06:00:00,3.9272819,3.5964267
2022-02-14 07:00:00,3.8858953,3.721645
2022-02-14 08:00:00,3.552416,3.7058423
2022-02-14 09:00:00,3.449585,3.5743365
2022-02-14 10:00:00,3.2825084,3.4968858
2022-02-14 11:00:00,3.1697884,3.452215
2022-02-14 12:00:00,2.9927015,3.4422815
2022-02-14 13:00:00,2.930732,3.4449441
2022-02-14 14:00:00,2.9312084,3.4492931
2022-02-14 15:00:00,3.1528764,3.458327
2022-02-14 16:00:00,3.9066706,3.5971282
2022-02-14 17:00:00,4.396562,3.704638
2022-02-14 18:00:00,4.5077496,3.9719853
2022-02-14 19:00:00,4.3966007,4.135328
2022-02-14 20:00:00,4.08586,4.1438203
2022-02-14 21:00:00,3.86882,4.044827
2022-02-14 22:00:00,3.708322,3.8610888
2022-02-14 23:00:00,3.5408778,3.7110963
2022-02-15 00:00:00,3.3595335,3.5861428
2022-02-15 01:00:00,3.2528143,3.546631
2022-02-15 02:00:00,3.1351826,3.5422578
2022-02-15 03:00:00,3.3158305,3.5587072
2022-02-15 04:00:00,3.4462674,3.585097
2022-02-15 05:00:00,4.0072412,3.615407
2022-02-15 06:00:00,4.0493546,3.6294703
2022-02-15 07:00:00,4.1547055,3.9046247
2022-02-15 08:00:00,3.9145825,3.9752111
2022-02-15 09:00:00,3.8127217,3.8739576
2022-02-15 10:00:00,3.6344366,3.8048062
2022-02-15 11:00:00,3.4540195,3.566088
2022-02-15 12:00:00,3.2618754,3.5138102
2022-02-15 13:00:00,3.1592047,3.5190437
2022-02-15 14:00:00,3.097034,3.478729
2022-02-15 15:00:00,3.0576913,3.4692278
2022-02-15 16:00:00,3.651237,3.522713
2022-02-15 17:00:00,4.3993907,3.703786
2022-02-15 18:00:00,4.773493,3.9844778
2022-02-15 19:00:00,4.6122794,4.2620134
2022-02-15 20:00:00,4.512236,4.3897605
2022-02-15 21:00:00,4.210377,4.282545
2022-02-15 22:00:00,4.0576224,4.1228876
2022-02-15 23:00:00,3.8164485,3.9332976
2022-02-16 00:00:00,3.6216812,3.7826078
2022-02-16 01:00:00,3.4580123,3.652176
2022-02-16 02:00:00,3.2730618,3.6047034
2022-02-16 03:00:00,3.2224782,3.6074064
2022-02-16 04:00:00,3.4351523,3.585782
2022-02-16 05:00:00,3.791134,3.6523647
2022-02-16 06:00:00,4.2561197,3.7764142
2022-02-16 07:00:00,4.41315,3.8115802
2022-02-16 08:00:00,4.095138,3.9601076
2022-02-16 09:00:00,3.8890638,3.9438941
2022-02-16 10:00:00,3.6864367,3.8413808
2022-02-16 11:00:00,3.5233486,3.6407745
2022-02-16 12:00:00,3.3637314,3.5695872
2022-02-16 13:00:00,3.2310927,3.5244722
2022-02-16 14:00:00,3.086367,3.5166078
2022-02-16 15:00:00,2.955873,3.512213
2022-02-16 16:00:00,3.0714307,3.5267262
2022-02-16 17:00:00,3.9486442,3.697759
2022-02-16 18:00:00,4.423235,3.7100384
2022-02-16 19:00:00,4.8526077,3.9874213
2022-02-16 20:00:00,4.70579,4.2450504
2022-02-16 21:00:00,4.2792993,4.2048173
2022-02-16 22:00:00,4.0622525,4.1584673
2022-02-16 23:00:00,3.8446252,4.029832
2022-02-17 00:00:00,3.6888847,3.8718748
2022-02-17 01:00:00,3.539236,3.7315571
2022-02-17 02:00:00,3.3302438,3.6604025
2022-02-17 03:00:00,3.2282784,3.6084316
2022-02-17 04:00:00,3.215016,3.6081388
2022-02-17 05:00:00,3.43795,3.6606855
2022-02-17 06:00:00,4.336535,3.7533298
2022-02-17 07:00:00,4.4244137,3.7862177
2022-02-17 08:00:00,4.5049863,4.0690536
2022-02-17 09:00:00,4.269748,4.122865
2022-02-17 10:00:00,4.0230374,4.0728903
2022-02-17 11:00:00,3.7510457,3.8985143
2022-02-17 12:00:00,3.6267998,3.7299104
2022-02-17 13:00:00,3.4331646,3.6490881
2022-02-17 14:00:00,3.2484999,3.5876324
2022-02-17 15:00:00,3.1513653,3.5449204
2022-02-17 16:00:00,3.1172824,3.542751
2022-02-17 17:00:00,3.383527,3.5659842
2022-02-17 18:00:00,4.5145264,3.8124332
2022-02-17 19:00:00,4.9555798,4.0270214
2022-02-17 20:00:00,4.867552,4.3246584
2022-02-17 21:00:00,4.750548,4.438629
2022-02-17 22:00:00,4.401321,4.318001
2022-02-17 23:00:00,4.1772866,4.2184315
2022-02-18 00:00:00,3.9470677,4.030347
2022-02-18 01:00:00,3.8175244,3.88498
2022-02-18 02:00:00,3.6232502,3.733449
2022-02-18 03:00:00,3.4362957,3.6692433
2022-02-18 04:00:00,3.2489865,3.6212766
2022-02-18 05:00:00,3.3609133,3.6341734
2022-02-18 06:00:00,4.0765347,3.7734928
2022-02-18 07:00:00,4.64442,3.8159425
2022-02-18 08:00:00,4.7889633,4.1358624
2022-02-18 09:00:00,4.527846,4.2920103
2022-02-18 10:00:00,4.189016,4.1995964
2022-02-18 11:00:00,3.9861286,4.0869503
2022-02-18 12:00:00,3.789842,3.969434
2022-02-18 13:00:00,3.6296508,3.7264752
2022-02-18 14:00:00,3.4393675,3.6474016
2022-02-18 15:00:00,3.2438166,3.652112
2022-02-18 16:00:00,3.1990843,3.6063242
2022-02-18 17:00:00,3.4277635,3.6336567
2022-02-18 18:00:00,4.1403627,3.7108328
2022-02-18 19:00:00,4.6299205,3.8181913
2022-02-18 20:00:00,5.036888,4.2050867
2022-02-18 21:00:00,4.761806,4.427968
2022-02-18 22:00:00,4.5764523,4.4282427
2022-02-18 23:00:00,4.35538,4.3594556
2022-02-19 00:00:00,4.137729,4.1419024
2022-02-19 01:00:00,3.8927844,3.963931
2022-02-19 02:00:00,3.7496717,3.905609
2022-02-19 03:00:00,3.5279722,3.7422602
2022-02-19 04:00:00,3.370598,3.6683745
2022-02-19 05:00:00,3.2843008,3.6263075
2022-02-19 06:00:00,3.9190104,3.7262955
2022-02-19 07:00:00,4.6706586,3.9057174
2022-02-19 08:00:00,4.7343454,3.947866
2022-02-19 09:00:00,4.76631,4.2960877
2022-02-19 10:00:00,4.358047,4.2883043
2022-02-19 11:00:00,4.1325846,4.23057
2022-02-19 12:00:00,3.9319034,4.0730696
2022-02-19 13:00:00,3.8049605,3.983435
2022-02-19 14:00:00,3.5304632,3.7273133
2022-02-19 15:00:00,3.4308944,3.6581879
2022-02-19 16:00:00,3.2540119,3.6607394
2022-02-19 17:00:00,3.2022326,3.614055
2022-02-19 18:00:00,3.5079927,3.6701071
2022-02-19 19:00:00,4.5259857,3.805788
2022-02-19 20:00:00,4.782331,3.860186
2022-02-19 21:00:00,5.03652,4.281402
2022-02-19 22:00:00,4.9093933,4.4208984
2022-02-19 23:00:00,4.5823307,4.3866234
2022-02-20 00:00:00,4.2516794,4.1555667
2022-02-20 01:00:00,4.0377946,4.0568395
2022-02-20 02:00:00,3.8952317,3.9883144
2022-02-20 03:00:00,3.7168381,3.8332295
2022-02-20 04:00:00,3.5313363,3.6785264
2022-02-20 05:00:00,3.349582,3.6660264
2022-02-20 06:00:00,3.3350198,3.6292417
2022-02-20 07:00:00,3.7472572,3.6778142
2022-02-20 08:00:00,4.594639,3.8625913
2022-02-20 09:00:00,4.9090595,4.05434
2022-02-20 10:00:00,4.7470293,4.2221603
2022-02-20 11:00:00,4.386956,4.2456083
2022-02-20 12:00:00,4.1267843,4.1125393
2022-02-20 13:00:00,3.9695728,4.0679855
2022-02-20 14:00:00,3.8158092,3.9036634
2022-02-20 15:00:00,3.6360383,3.732902
2022-02-20 16:00:00,3.4586117,3.659886
2022-02-20 17:00:00,3.3393123,3.6154726
2022-02-20 18:00:00,3.3677816,3.6199865
2022-02-20 19:00:00,3.878411,3.7220843
2022-02-20 20:00:00,4.766037,3.9169774
2022-02-20 21:00:00,4.934798,4.069296
2022-02-20 22:00:00,4.9236436,4.298393
2022-02-20 23:00:00,4.6888876,4.22584
2022-02-21 00:00:00,4.3426614,4.229709
2022-02-21 01:00:00,4.130351,4.0784802
2022-02-21 02:00:00,3.8917868,3.9710045
2022-02-21 03:00:00,3.7260492,3.8166053
2022-02-21 04:00:00,3.5455832,3.6685588
2022-02-21 05:00:00,3.3738444,3.6170502
2022-02-21 06:00:00,3.2465882,3.6172974
2022-02-21 07:00:00,3.475407,3.6455114
2022-02-21 08:00:00,4.6193714,3.8786914
2022-02-21 09:00:00,4.6072927,3.7785294
2022-02-21 10:00:00,4.6471615,4.074715
2022-02-21 11:00:00,4.3643513,4.231749
2022-02-21 12:00:00,4.1051745,4.178333
2022-02-21 13:00:00,3.8513706,3.980282
2022-02-21 14:00:00,3.8193111,3.816709
2022-02-21 15:00:00,3.5612304,3.644557
2022-02-21 16:00:00,3.3682408,3.6466527
2022-02-21 17:00:00,3.2604985,3.6031535
2022-02-21 18:00:00,3.1681936,3.5963287
2022-02-21 19:00:00,3.3366451,3.6350048
2022-02-21 20:00:00,4.340324,3.8549144
2022-02-21 21:00:00,4.644438,3.834951
2022-02-21 22:00:00,4.831923,4.1446295
2022-02-21 23:00:00,4.57792,4.279605
2022-02-22 00:00:00,4.323254,4.2934313
2022-02-22 01:00:00,4.000994,4.061482
2022-02-22 02:00:00,3.8823426,3.97316
2022-02-22 03:00:00,3.723304,3.8222282
2022-02-22 04:00:00,3.533316,3.663339
2022-02-22 05:00:00,3.357791,3.6120083
2022-02-22 06:00:00,3.2558558,3.610266
2022-02-22 07:00:00,3.3461988,3.6205878
2022-02-22 08:00:00,3.551629,3.5993109
2022-02-22 09:00:00,4.4174232,3.7703214
2022-02-22 10:00:00,4.734114,3.9573965
2022-02-22 11:00:00,4.6997914,4.2665906
2022-02-22 12:00:00,4.2723227,4.255728
2022-02-22 13:00:00,4.105066,4.115206
2022-02-22 14:00:00,3.8878279,4.0425153
2022-02-22 15:00:00,3.7163608,3.885392
2022-02-22 16:00:00,3.532656,3.7273853
2022-02-22 17:00:00,3.4447832,3.660991
2022-02-22 18:00:00,3.2694304,3.6037605
2022-02-22 19:00:00,3.3087711,3.565191
2022-02-22 20:00:00,3.9859622,3.650763
2022-02-22 21:00:00,4.5940623,3.90588
2022-02-22 22:00:00,4.6883354,4.026519
2022-02-22 23:00:00,4.669305,4.252882
2022-02-23 00:00:00,4.459656,4.2939296
2022-02-23 01:00:00,4.231715,4.240347
2022-02-23 02:00:00,3.9974952,4.0720186
2022-02-23 03:00:00,3.8220491,3.8942175
2022-02-23 04:00:00,3.6481535,3.7254922
2022-02-23 05:00:00,3.5683298,3.6617563
2022-02-23 06:00:00,3.3645072,3.608934
2022-02-23 07:00:00,3.3936229,3.6200233
2022-02-23 08:00:00,3.7400675,3.606635
2022-02-23 09:00:00,4.5131154,3.7705233
2022-02-23 10:00:00,4.472399,3.7739615
2022-02-23 11:00:00,4.6369414,4.091717
2022-02-23 12:00:00,4.4280434,4.250289
2022-02-23 13:00:00,4.2911034,4.2184286
2022-02-23 14:00:00,3.9827862,4.0807476
2022-02-23 15:00:00,3.9305315,3.9887881
2022-02-23 16:00:00,3.7580907,3.8128004
2022-02-23 17:00:00,3.6898694,3.6641946
2022-02-23 18:00:00,3.4773695,3.6068225
2022-02-23 19:00:00,3.4201772,3.6083724
2022-02-23 20:00:00,3.4500473,3.5727305
2022-02-23 21:00:00,4.2938175,3.702675
2022-02-23 22:00:00,4.4878645,3.7745912
2022-02-23 23:00:00,4.6474915,4.0071445
2022-02-24 00:00:00,4.466372,4.1956086
2022-02-24 01:00:00,4.1351037,4.1354356
2022-02-24 02:00:00,4.0011816,4.027074
2022-02-24 03:00:00,3.8556778,3.8150566
2022-02-24 04:00:00,3.6760569,3.71527
2022-02-24 05:00:00,3.5847692,3.6524339
2022-02-24 06:00:00,3.4046953,3.595147
2022-02-24 07:00:00,3.354246,3.5514314
2022-02-24 08:00:00,3.4417822,3.5622673
2022-02-24 09:00:00,3.7194242,3.603693
2022-02-24 10:00:00,4.1558905,3.7063034
2022-02-24 11:00:00,4.237466,3.7179558
2022-02-24 12:00:00,4.4795923,4.0345445
2022-02-24 13:00:00,4.3367343,4.12335
2022-02-24 14:00:00,4.0805807,4.0005045
2022-02-24 15:00:00,3.9720583,3.934469
2022-02-24 16:00:00,3.785783,3.8169289
2022-02-24 17:00:00,3.6102135,3.7251675
2022-02-24 18:00:00,3.495695,3.5976386
2022-02-24 19:00:00,3.4386134,3.597013
2022-02-24 20:00:00,3.4091218,3.5554981
2022-02-24 21:00:00,3.4785624,3.562873
2022-02-24 22:00:00,4.0786133,3.6743047
2022-02-24 23:00:00,4.1385274,3.6973772
2022-02-25 00:00:00,4.14198,3.6841934
2022-02-25 01:00:00,4.101651,3.8405244
2022-02-25 02:00:00,3.78435,3.8273716
2022-02-25 03:00:00,3.7435222,3.7877724
2022-02-25 04:00:00,3.6576483,3.6714168
2022-02-25 05:00:00,3.5409071,3.5329108
2022-02-25 06:00:00,3.438533,3.4811046
2022-02-25 07:00:00,3.3197818,3.4745412
2022-02-25 08:00:00,3.3139994,3.4823163
2022-02-25 09:00:00,3.3206866,3.48169
2022-02-25 10:00:00,3.7285728,3.516471
2022-02-25 11:00:00,4.0630336,3.5976682
2022-02-25 12:00:00,4.1125836,3.6906123
2022-02-25 13:00:00,4.4344306,3.9396358
2022-02-25 14:00:00,4.2730055,4.0174546
2022-02-25 15:00:00,3.9057603,3.9566422
2022-02-25 16:00:00,3.8042068,3.8964753
2022-02-25 17:00:00,3.7124388,3.8051589
2022-02-25 18:00:00,3.6289785,3.6524522
2022-02-25 19:00:00,3.543843,3.5832722
2022-02-25 20:00:00,3.4786575,3.590715
2022-02-25 21:00:00,3.4287944,3.550418
2022-02-25 22:00:00,3.5925293,3.5638216
2022-02-25 23:00:00,3.5337105,3.5769045
2022-02-26 00:00:00,3.7956524,3.539255
2022-02-26 01:00:00,3.6812747,3.6068475
2022-02-26 02:00:00,3.9075782,3.5649292
2022-02-26 03:00:00,3.5588233,3.5579174
2022-02-26 04:00:00,3.552549,3.4848173
2022-02-26 05:00:00,3.5067353,3.469613
2022-02-26 06:00:00,3.4105196,3.461701
2022-02-26 07:00:00,3.30324,3.4539587
2022-02-26 08:00:00,3.2585697,3.448947
2022-02-26 09:00:00,3.2322195,3.4515612
2022-02-26 10:00:00,3.2567174,3.4490566
2022-02-26 11:00:00,3.2412438,3.4500198
2022-02-26 12:00:00,3.6250916,3.491846
2022-02-26 13:00:00,3.995307,3.5614076
2022-02-26 14:00:00,4.1291904,3.5658875
2022-02-26 15:00:00,4.1531625,3.7374585
2022-02-26 16:00:00,4.238102,3.919507
2022-02-26 17:00:00,3.9694602,3.9116762
2022-02-26 18:00:00,3.817973,3.8489835
2022-02-26 19:00:00,3.7304144,3.6622465
2022-02-26 20:00:00,3.5326083,3.5689228
2022-02-26 21:00:00,3.4535277,3.5333931
2022-02-26 22:00:00,3.3713298,3.4886265
2022-02-26 23:00:00,3.3476264,3.4867532
2022-02-27 00:00:00,3.35048,3.4852977
2022-02-27 01:00:00,3.4757729,3.4981387
2022-02-27 02:00:00,3.3311071,3.4936037
2022-02-27 03:00:00,3.6285222,3.4638615
2022-02-27 04:00:00,3.6168427,3.4938512
2022-02-27 05:00:00,3.6088908,3.483767
2022-02-27 06:00:00,3.4640334,3.4583309
2022-02-27 07:00:00,3.4264693,3.4466767
2022-02-27 08:00:00,3.3984427,3.4404647
2022-02-27 09:00:00,3.2939994,3.3901267
2022-02-27 10:00:00,3.2267203,3.386427
2022-02-27 11:00:00,3.2022724,3.390655
2022-02-27 12:00:00,3.1443038,3.3868473
2022-02-27 13:00:00,3.356761,3.4445388
2022-02-27 14:00:00,3.6111927,3.5007522
2022-02-27 15:00:00,4.0088663,3.4639068
2022-02-27 16:00:00,4.3829727,3.911338
2022-02-27 17:00:00,4.604689,4.1211877
2022-02-27 18:00:00,4.524569,4.179365
2022-02-27 19:00:00,4.233726,4.1200995
2022-02-27 20:00:00,4.0430503,4.060731
2022-02-27 21:00:00,3.8559413,3.873886
2022-02-27 22:00:00,3.682404,3.7911577
2022-02-27 23:00:00,3.5747411,3.6572921
2022-02-28 00:00:00,3.4219625,3.6033566
2022-02-28 01:00:00,3.449394,3.561383
2022-02-28 02:00:00,3.6681654,3.5862172
2022-02-28 03:00:00,3.7136643,3.5923383
2022-02-28 04:00:00,4.02509,3.6648598
2022-02-28 05:00:00,4.0030994,3.6755288
2022-02-28 06:00:00,4.0253897,3.6566815
2022-02-28 07:00:00,3.728082,3.560382
2022-02-28 08:00:00,3.7037218,3.499403
2022-02-28 09:00:00,3.6187015,3.4841313
2022-02-28 10:00:00,3.5395677,3.476114
2022-02-28 11:00:00,3.338703,3.4609108
2022-02-28 12:00:00,3.2603636,3.4576395
2022-02-28 13:00:00,3.2118993,3.459961
2022-02-28 14:00:00,3.303518,3.4688904
2022-02-28 15:00:00,3.9193535,3.5506577
2022-02-28 16:00:00,4.310837,3.6224155
2022-02-28 17:00:00,4.633095,3.8756127
2022-02-28 18:00:00,4.7039657,4.1280217
2022-02-28 19:00:00,4.5826783,4.191699
2022-02-28 20:00:00,4.2794514,4.127716
2022-02-28 21:00:00,4.0978646,3.976842
2022-02-28 22:00:00,3.9310014,3.8813818
2022-02-28 23:00:00,3.6629405,3.7871013
2022-03-01 00:00:00,3.5565891,3.7283862
2022-03-01 01:00:00,3.3870592,3.6080527
2022-03-01 02:00:00,3.3857944,3.56209
2022-03-01 03:00:00,3.630554,3.5828521
2022-03-01 04:00:00,3.5497153,3.5809925
2022-03-01 05:00:00,4.159978,3.598161
2022-03-01 06:00:00,4.2862077,3.72807
2022-03-01 07:00:00,4.3260436,3.9014618
2022-03-01 08:00:00,3.9251335,3.9388618
2022-03-01 09:00:00,3.782509,3.8588183
2022-03-01 10:00:00,3.6465085,3.736303
2022-03-01 11:00:00,3.5622513,3.6435568
2022-03-01 12:00:00,3.382092,3.5287995
2022-03-01 13:00:00,3.3118024,3.4817293
2022-03-01 14:00:00,3.1916451,3.478716
2022-03-01 15:00:00,3.2959194,3.490079
2022-03-01 16:00:00,4.0081863,3.498591
2022-03-01 17:00:00,4.558047,3.6035676
2022-03-01 18:00:00,5.0314913,3.9238186
2022-03-01 19:00:00,4.9010415,4.3125076
2022-03-01 20:00:00,4.5909214,4.3896437
2022-03-01 21:00:00,4.392523,4.308274
2022-03-01 22:00:00,4.240823,4.140978
2022-03-01 23:00:00,4.0014205,4.0226536
2022-03-02 00:00:00,3.8365474,3.9499023
2022-03-02 01:00:00,3.6214259,3.7921846
2022-03-02 02:00:00,3.4062886,3.6577797
2022-03-02 03:00:00,3.4422667,3.617233
2022-03-02 04:00:00,3.896654,3.6055691
2022-03-02 05:00:00,4.3464994,3.6722674
2022-03-02 06:00:00,4.7431602,3.8163164
2022-03-02 07:00:00,4.792546,4.2169867
2022-03-02 08:00:00,4.543276,4.2697053
2022-03-02 09:00:00,4.2343173,4.275009
2022-03-02 10:00:00,4.109382,4.111835
2022-03-02 11:00:00,3.9098873,3.9834588
2022-03-02 12:00:00,3.826917,3.9041376
2022-03-02 13:00:00,3.5454953,3.718578
2022-03-02 14:00:00,3.4581664,3.6548378
2022-03-02 15:00:00,3.3388407,3.6102865
2022-03-02 16:00:00,3.5523055,3.5868654
2022-03-02 17:00:00,4.590418,3.7688303
2022-03-02 18:00:00,4.751769,3.8224893
2022-03-02 19:00:00,5.043383,4.18943
2022-03-02 20:00:00,4.9111824,4.3568482
2022-03-02 21:00:00,4.584425,4.2570014
2022-03-02 22:00:00,4.3598495,4.2133956
2022-03-02 23:00:00,4.1432686,4.1586676
2022-03-03 00:00:00,3.918505,3.9784186
2022-03-03 01:00:00,3.7382326,3.8883283
2022-03-03 02:00:00,3.550099,3.7249017
2022-03-03 03:00:00,3.3486276,3.6626904
2022-03-03 04:00:00,3.3064313,3.6207576
2022-03-03 05:00:00,3.851669,3.6989107
2022-03-03 06:00:00,4.373759,3.7089224
2022-03-03 07:00:00,4.570723,3.762295
2022-03-03 08:00:00,4.6030016,4.0612726
2022-03-03 09:00:00,4.296061,4.122471
2022-03-03 10:00:00,3.979827,4.059948
2022-03-03 11:00:00,3.853224,3.9225912
2022-03-03 12:00:00,3.729993,3.8266606
2022-03-03 13:00:00,3.5492973,3.6530547
2022-03-03 14:00:00,3.3383522,3.5924911
2022-03-03 15:00:00,3.266736,3.5940962
2022-03-03 16:00:00,3.2626073,3.5526912
2022-03-03 17:00:00,3.5577993,3.5736902
2022-03-03 18:00:00,4.479398,3.8772948
2022-03-03 19:00:00,4.933029,3.8952508
2022-03-03 20:00:00,5.047874,4.2508445
2022-03-03 21:00:00,4.8126297,4.3719378
2022-03-03 22:00:00,4.5362983,4.1870623
2022-03-03 23:00:00,4.290882,3.989202
2022-03-04 00:00:00,4.0605526,3.9776819
2022-03-04 01:00:00,3.904574,3.9064484
2022-03-04 02:00:00,3.7432108,3.7381
2022-03-04 03:00:00,3.529275,3.6705434
2022-03-04 04:00:00,3.3708856,3.6200056
2022-03-04 05:00:00,3.460484,3.631839
2022-03-04 06:00:00,4.41306,3.7010634
2022-03-04 07:00:00,4.7144094,3.8891609
2022-03-04 08:00:00,5.0178375,4.168084
2022-03-04 09:00:00,4.678401,4.186075
2022-03-04 10:00:00,4.382628,4.21366
2022-03-04 11:00:00,4.1593657,4.103653
2022-03-04 12:00:00,3.964436,3.9726214
2022-03-04 13:00:00,3.808398,3.8892047
2022-03-04 14:00:00,3.6135252,3.7256074
2022-03-04 15:00:00,3.4431617,3.6553423
2022-03-04 16:00:00,3.2640276,3.606758
2022-03-04 17:00:00,3.285952,3.57323
2022-03-04 18:00:00,3.8851032,3.6368334
2022-03-04 19:00:00,4.7264433,3.8142867
2022-03-04 20:00:00,5.2161145,4.254535
2022-03-04 21:00:00,4.9022365,4.3661575
2022-03-04 22:00:00,4.5819116,4.3431406
2022-03-04 23:00:00,4.395732,4.2975454
2022-03-05 00:00:00,4.2197056,4.158581
2022-03-05 01:00:00,3.9841135,3.9667876
2022-03-05 02:00:00,3.7313883,3.8759856
2022-03-05 03:00:00,3.6051743,3.732723
2022-03-05 04:00:00,3.4085758,3.668254
2022-03-05 05:00:00,3.323316,3.622626
2022-03-05 06:00:00,3.800259,3.6844826
2022-03-05 07:00:00,4.552548,3.8464148
2022-03-05 08:00:00,4.807785,3.8418496
2022-03-05 09:00:00,5.0002418,4.254574
2022-03-05 10:00:00,4.525167,4.231162
2022-03-05 11:00:00,4.3173904,4.1719995
2022-03-05 12:00:00,3.995635,4.069505
2022-03-05 13:00:00,3.8879204,3.9920123
2022-03-05 14:00:00,3.7232459,3.8130617
2022-03-05 15:00:00,3.5338821,3.6604912
2022-03-05 16:00:00,3.3584924,3.609056
2022-03-05 17:00:00,3.3063946,3.612583
2022-03-05 18:00:00,3.5190206,3.5892537
2022-03-05 19:00:00,4.4948545,3.7502606
2022-03-05 20:00:00,5.0021644,3.9793036
2022-03-05 21:00:00,5.15036,4.380398
2022-03-05 22:00:00,4.8390245,4.453295
2022-03-05 23:00:00,4.6803403,4.38388
2022-03-06 00:00:00,4.3833437,4.251731
2022-03-06 01:00:00,4.1513276,4.219105
2022-03-06 02:00:00,3.9107392,3.96513
2022-03-06 03:00:00,3.8233116,3.9031487
2022-03-06 04:00:00,3.6423397,3.7329314
2022-03-06 05:00:00,3.4602907,3.675258
2022-03-06 06:00:00,3.5334454,3.6437712
2022-03-06 07:00:00,4.0854406,3.715593
2022-03-06 08:00:00,4.678307,3.8656197
2022-03-06 09:00:00,5.0864034,4.185673
2022-03-06 10:00:00,4.734065,4.310884
2022-03-06 11:00:00,4.4730835,4.3400455
2022-03-06 12:00:00,4.1280003,4.1843204
2022-03-06 13:00:00,4.069978,4.0913467
2022-03-06 14:00:00,3.8255312,3.9780428
2022-03-06 15:00:00,3.6386943,3.7291505
2022-03-06 16:00:00,3.4454794,3.6615288
2022-03-06 17:00:00,3.3623037,3.6189592
2022-03-06 18:00:00,3.4061704,3.6267655
2022-03-06 19:00:00,4.0085955,3.7474072
2022-03-06 20:00:00,4.623353,3.8813424
2022-03-06 21:00:00,4.9043837,4.0543604
2022-03-06 22:00:00,4.6793103,4.2182655
2022-03-06 23:00:00,4.4194283,4.2552557
2022-03-07 00:00:00,4.2711296,4.137866
2022-03-07 01:00:00,4.0751686,4.0765266
2022-03-07 02:00:00,3.9152758,3.906496
2022-03-07 03:00:00,3.6593223,3.8062525
2022-03-07 04:00:00,3.5321782,3.6694946
2022-03-07 05:00:00,3.3884988,3.6635354
2022-03-07 06:00:00,3.350667,3.6223567
2022-03-07 07:00:00,3.8360722,3.701608
2022-03-07 08:00:00,4.46539,3.8478365
2022-03-07 09:00:00,4.677879,3.9087887
2022-03-07 10:00:00,4.8167906,4.193384
2022-03-07 11:00:00,4.4672,4.212611
2022-03-07 12:00:00,4.1747403,4.149205
2022-03-07 13:00:00,3.9391994,3.9846764
2022-03-07 14:00:00,3.8126533,3.904338
2022-03-07 15:00:00,3.644259,3.82192
2022-03-07 16:00:00,3.4702399,3.661349
2022-03-07 17:00:00,3.361721,3.612172
2022-03-07 18:00:00,3.276998,3.6117194
2022-03-07 19:00:00,3.5864882,3.6662037
2022-03-07 20:00:00,4.5086637,3.8766737
2022-03-07 21:00:00,4.5836926,3.794388
2022-03-07 22:00:00,4.7059603,4.086889
2022-03-07 23:00:00,4.3164406,4.1099014
2022-03-08 00:00:00,4.2394714,4.114261
2022-03-08 01:00:00,3.9705818,4.00735
2022-03-08 02:00:00,3.818217,3.903397
2022-03-08 03:00:00,3.6368847,3.7320123
2022-03-08 04:00:00,3.4610624,3.6052012
2022-03-08 05:00:00,3.2922373,3.5992517
2022-03-08 06:00:00,3.247171,3.5612242
2022-03-08 07:00:00,3.4726424,3.5743885
2022-03-08 08:00:00,4.1846647,3.7009528
2022-03-08 09:00:00,4.3571067,3.742325
2022-03-08 10:00:00,4.657,4.0078
2022-03-08 11:00:00,4.608036,4.117788
2022-03-08 12:00:00,4.235954,4.1205835
2022-03-08 13:00:00,4.1281757,4.0250626
2022-03-08 14:00:00,3.9032655,3.9705062
2022-03-08 15:00:00,3.6398997,3.79274
2022-03-08 16:00:00,3.5500662,3.6504824
2022-03-08 17:00:00,3.3467696,3.5969439
2022-03-08 18:00:00,3.2995238,3.5988202
2022-03-08 19:00:00,3.3958,3.6137547
2022-03-08 20:00:00,4.3227563,3.709703
2022-03-08 21:00:00,4.434102,3.8403468
2022-03-08 22:00:00,4.5965724,3.8847756
2022-03-08 23:00:00,4.376232,4.068151
2022-03-09 00:00:00,4.079757,4.114255
2022-03-09 01:00:00,3.9845033,3.947407
2022-03-09 02:00:00,3.8524678,3.822614
2022-03-09 03:00:00,3.5735435,3.717602
2022-03-09 04:00:00,3.4599197,3.598292
2022-03-09 05:00:00,3.2851036,3.546426
2022-03-09 06:00:00,3.2141004,3.54274
2022-03-09 07:00:00,3.3567276,3.5587227
2022-03-09 08:00:00,3.4119205,3.5637946
2022-03-09 09:00:00,4.1793537,3.6262605
2022-03-09 10:00:00,4.424739,3.7690246
2022-03-09 11:00:00,4.446096,4.1166043
2022-03-09 12:00:00,4.2996573,4.1830726
2022-03-09 13:00:00,4.0632877,4.128405
2022-03-09 14:00:00,3.923674,3.9822576
2022-03-09 15:00:00,3.7380185,3.7920663
2022-03-09 16:00:00,3.5694556,3.6391256
2022-03-09 17:00:00,3.397994,3.59514
2022-03-09 18:00:00,3.322536,3.5963132
2022-03-09 19:00:00,3.311324,3.6016662
2022-03-09 20:00:00,3.5228794,3.6533203
2022-03-09 21:00:00,4.1622667,3.60694
2022-03-09 22:00:00,4.2804103,3.736504
2022-03-09 23:00:00,4.271509,3.9182317
2022-03-10 00:00:00,4.0620413,3.9983296
2022-03-10 01:00:00,3.9308221,3.8937743
2022-03-10 02:00:00,3.747164,3.8238366
2022-03-10 03:00:00,3.5895295,3.7279115
2022-03-10 04:00:00,3.4140503,3.584609
2022-03-10 05:00:00,3.2845123,3.5368514
2022-03-10 06:00:00,3.240635,3.5344741
2022-03-10 07:00:00,3.2617617,3.4918706
2022-03-10 08:00:00,3.7282019,3.5249465
2022-03-10 09:00:00,4.0332403,3.6873062
2022-03-10 10:00:00,4.1107135,3.6145542
2022-03-10 11:00:00,4.277271,3.902768
2022-03-10 12:00:00,4.162986,4.020868
2022-03-10 13:00:00,4.0493226,4.0947375
2022-03-10 14:00:00,3.8654754,3.9123356
2022-03-10 15:00:00,3.6717372,3.7963018
2022-03-10 16:00:00,3.591081,3.725315
2022-03-10 17:00:00,3.4576735,3.5445776
2022-03-10 18:00:00,3.341764,3.5781984
2022-03-10 19:00:00,3.314191,3.5484674
2022-03-10 20:00:00,3.40249,3.5542476
2022-03-10 21:00:00,3.430988,3.5637379
2022-03-10 22:00:00,3.8438945,3.5641117
2022-03-10 23:00:00,3.729432,3.537069
2022-03-11 00:00:00,3.7864544,3.6280985
2022-03-11 01:00:00,3.482843,3.6439946
2022-03-11 02:00:00,3.4535887,3.5217273
2022-03-11 03:00:00,3.3717453,3.5002866
2022-03-11 04:00:00,3.3179896,3.4149177
2022-03-11 05:00:00,3.1797533,3.4447
2022-03-11 06:00:00,3.1102815,3.4449625
2022-03-11 07:00:00,3.055129,3.4412653
2022-03-11 08:00:00,3.0619578,3.3963048
2022-03-11 09:00:00,3.4676023,3.494236
2022-03-11 10:00:00,3.7924654,3.5684707
2022-03-11 11:00:00,4.0322633,3.6013465
2022-03-11 12:00:00,4.142111,3.7642438
2022-03-11 13:00:00,4.0621815,3.794995
2022-03-11 14:00:00,3.7210221,3.7650921
2022-03-11 15:00:00,3.617806,3.658025
2022-03-11 16:00:00,3.5108883,3.5681548
2022-03-11 17:00:00,3.3311155,3.5030394
2022-03-11 18:00:00,3.2581496,3.4651272
2022-03-11 19:00:00,3.279422,3.4725542
2022-03-11 20:00:00,3.2513201,3.477453
2022-03-11 21:00:00,3.3018167,3.4778194
2022-03-11 22:00:00,3.3191001,3.433765
2022-03-11 23:00:00,3.4257736,3.4345717
2022-03-12 00:00:00,3.1674702,3.4554598
2022-03-12 01:00:00,3.3776846,3.420318
2022-03-12 02:00:00,3.3048668,3.3988464
2022-03-12 03:00:00,3.1037219,3.4160857
2022-03-12 04:00:00,3.2081933,3.3813834
2022-03-12 05:00:00,3.1411703,3.373651
2022-03-12 06:00:00,3.070708,3.3681688
2022-03-12 07:00:00,3.0125272,3.3595786
2022-03-12 08:00:00,3.0623207,3.3634672
2022-03-12 09:00:00,3.0974114,3.3669975
2022-03-12 10:00:00,3.2975156,3.3806024
2022-03-12 11:00:00,3.541548,3.4957707
2022-03-12 12:00:00,3.7685463,3.4501374
2022-03-12 13:00:00,3.870452,3.6194434
2022-03-12 14:00:00,3.7871234,3.6765857
2022-03-12 15:00:00,3.693749,3.625735
2022-03-12 16:00:00,3.556321,3.5835996
2022-03-12 17:00:00,3.4614651,3.494098
2022-03-12 18:00:00,3.3657327,3.4908712
2022-03-12 19:00:00,3.2928994,3.453657
2022-03-12 20:00:00,3.207683,3.4513235
2022-03-12 21:00:00,3.178693,3.4544764
2022-03-12 22:00:00,3.4784253,3.434815
2022-03-12 23:00:00,3.2003658,3.452606
2022-03-13 00:00:00,3.1473718,3.409563
2022-03-13 01:00:00,3.0184495,3.387647
2022-03-13 02:00:00,3.0719557,3.425729
2022-03-13 03:00:00,3.253487,3.4520674
2022-03-13 04:00:00,3.0458088,3.414609
2022-03-13 05:00:00,3.1861594,3.3734343
2022-03-13 06:00:00,3.0340638,3.3576303
2022-03-13 07:00:00,3.0200636,3.359069
2022-03-13 08:00:00,3.016794,3.3579693
2022-03-13 09:00:00,2.9240503,3.348647
2022-03-13 10:00:00,2.9365067,3.3489177
2022-03-13 11:00:00,2.8480828,3.3415527
2022-03-13 12:00:00,3.0836794,3.3734038
2022-03-13 13:00:00,3.204607,3.4075878
2022-03-13 14:00:00,3.4896805,3.4344795
2022-03-13 15:00:00,3.7695756,3.473022
2022-03-13 16:00:00,3.8517826,3.47247
2022-03-13 17:00:00,3.8598561,3.6174393
2022-03-13 18:00:00,3.54,3.6298323
2022-03-13 19:00:00,3.456832,3.5906568
2022-03-13 20:00:00,3.3326209,3.4293835
2022-03-13 21:00:00,3.2430007,3.4283998
2022-03-13 22:00:00,3.1514342,3.392502
2022-03-13 23:00:00,3.0735476,3.3910246
2022-03-14 00:00:00,3.0480707,3.3894262
2022-03-14 01:00:00,3.06266,3.3902106
2022-03-14 02:00:00,2.996598,3.3781328
2022-03-14 03:00:00,3.3073106,3.4004498
2022-03-14 04:00:00,3.4250703,3.4123201
2022-03-14 05:00:00,3.6395452,3.4387503
2022-03-14 06:00:00,3.7334213,3.3751092
2022-03-14 07:00:00,3.4393315,3.3772373
2022-03-14 08:00:00,3.3164978,3.365106
2022-03-14 09:00:00,3.2283945,3.361321
2022-03-14 10:00:00,3.1259966,3.3599532
2022-03-14 11:00:00,3.0670226,3.359822
2022-03-14 12:00:00,2.9735126,3.316144
2022-03-14 13:00:00,3.0355344,3.323049
2022-03-14 14:00:00,3.2371607,3.3428614
2022-03-14 15:00:00,3.8105316,3.384726
2022-03-14 16:00:00,4.17815,3.5307717
2022-03-14 17:00:00,4.301628,3.821431
2022-03-14 18:00:00,4.294671,4.0396996
2022-03-14 19:00:00,3.859001,3.9479969
2022-03-14 20:00:00,3.6597736,3.7769513
2022-03-14 21:00:00,3.467056,3.5326402
2022-03-14 22:00:00,3.3835347,3.4952433
2022-03-14 23:00:00,3.203246,3.4533558
2022-03-15 00:00:00,3.178987,3.4155571
2022-03-15 01:00:00,3.1310525,3.456256
2022-03-15 02:00:00,3.1579106,3.424652
2022-03-15 03:00:00,3.2616873,3.4321322
2022-03-15 04:00:00,3.6510868,3.4729395
2022-03-15 05:00:00,3.701987,3.4823484
2022-03-15 06:00:00,3.9547355,3.4781983
2022-03-15 07:00:00,3.8109813,3.4363976
2022-03-15 08:00:00,3.6547487,3.4023657
2022-03-15 09:00:00,3.5333683,3.38873
2022-03-15 10:00:00,3.374934,3.3831365
2022-03-15 11:00:00,3.1717286,3.3738968
2022-03-15 12:00:00,3.09798,3.3749938
2022-03-15 13:00:00,3.0078275,3.3754816
2022-03-15 14:00:00,3.114809,3.3886814
2022-03-15 15:00:00,3.4712799,3.4191685
2022-03-15 16:00:00,4.1370373,3.497002
2022-03-15 17:00:00,4.6453695,3.7020175
2022-03-15 18:00:00,4.581722,4.0348897
2022-03-15 19:00:00,4.386104,4.186163
2022-03-15 20:00:00,4.083038,4.1043115
2022-03-15 21:00:00,3.8127265,3.9243567
2022-03-15 22:00:00,3.6467936,3.6774468
2022-03-15 23:00:00,3.4597187,3.611469
2022-03-16 00:00:00,3.2969465,3.5321462
2022-03-16 01:00:00,3.1915495,3.5279303
2022-03-16 02:00:00,3.1370614,3.5283475
2022-03-16 03:00:00,3.3751917,3.5095713
2022-03-16 04:00:00,3.5779233,3.5234358
2022-03-16 05:00:00,3.9227326,3.6106088
2022-03-16 06:00:00,4.033711,3.6339378
2022-03-16 07:00:00,4.065299,3.7770727
2022-03-16 08:00:00,3.769181,3.8433208
2022-03-16 09:00:00,3.6172526,3.6656537
2022-03-16 10:00:00,3.4456732,3.5431335
2022-03-16 11:00:00,3.286815,3.4985728
2022-03-16 12:00:00,3.075969,3.4493635
2022-03-16 13:00:00,2.903964,3.4412098
2022-03-16 14:00:00,2.8538995,3.4014099
2022-03-16 15:00:00,2.907386,3.4029171
2022-03-16 16:00:00,3.9169936,3.5140889
2022-03-16 17:00:00,4.5444164,3.667296
2022-03-16 18:00:00,4.6353745,3.9545174
2022-03-16 19:00:00,4.4338446,4.19114
2022-03-16 20:00:00,4.3465056,4.228058
2022-03-16 21:00:00,3.9810052,4.141921
2022-03-16 22:00:00,3.755532,3.8425078
2022-03-16 23:00:00,3.5045972,3.6689842
2022-03-17 00:00:00,3.343374,3.5765278
2022-03-17 01:00:00,3.2302845,3.537922
2022-03-17 02:00:00,3.0550127,3.527983
2022-03-17 03:00:00,3.1602924,3.499357
2022-03-17 04:00:00,3.5844166,3.528284
2022-03-17 05:00:00,4.1564693,3.6537158
2022-03-17 06:00:00,4.3096757,3.7061973
2022-03-17 07:00:00,4.459108,3.986015
2022-03-17 08:00:00,4.1660094,4.0036535
2022-03-17 09:00:00,4.0150356,3.9704456
2022-03-17 10:00:00,3.7681382,3.7972782
2022-03-17 11:00:00,3.5175984,3.6909025
2022-03-17 12:00:00,3.3874693,3.570615
2022-03-17 13:00:00,3.272857,3.5265727
2022-03-17 14:00:00,3.178178,3.5236351
2022-03-17 15:00:00,3.1701806,3.4888246
2022-03-17 16:00:00,3.4532645,3.5076678
2022-03-17 17:00:00,4.5615797,3.7086625
2022-03-17 18:00:00,5.093672,4.0522504
2022-03-17 19:00:00,4.9750686,4.3421407
2022-03-17 20:00:00,4.657972,4.297893
2022-03-17 21:00:00,4.4376693,4.226197
2022-03-17 22:00:00,4.2222166,4.1514263
2022-03-17 23:00:00,3.8859704,4.018883
2022-03-18 00:00:00,3.7262325,3.8692143
2022-03-18 01:00:00,3.532561,3.7103736
2022-03-18 02:00:00,3.3050582,3.6515255
2022-03-18 03:00:00,3.2050996,3.65415
2022-03-18 04:00:00,3.4838448,3.6410801
2022-03-18 05:00:00,4.0311747,3.7475433
2022-03-18 06:00:00,4.4176245,3.8497958
2022-03-18 07:00:00,4.7316637,4.033323
2022-03-18 08:00:00,4.4936357,4.092046
2022-03-18 09:00:00,4.0730295,4.1036596
2022-03-18 10:00:00,3.856345,4.0094137
2022-03-18 11:00:00,3.6748698,3.8955557
2022-03-18 12:00:00,3.524018,3.7411268
2022-03-18 13:00:00,3.3550365,3.599203
2022-03-18 14:00:00,3.2467718,3.554395
2022-03-18 15:00:00,3.1046991,3.5910017
2022-03-18 16:00:00,3.281227,3.6401994
2022-03-18 17:00:00,4.3157578,3.847592
2022-03-18 18:00:00,4.676794,3.934761
2022-03-18 19:00:00,5.265841,4.275168
2022-03-18 20:00:00,4.8129673,4.2199144
2022-03-18 21:00:00,4.58375,4.216479
2022-03-18 22:00:00,4.388032,4.101216
2022-03-18 23:00:00,4.0990334,3.970244
2022-03-19 00:00:00,3.8603213,3.9668765
2022-03-19 01:00:00,3.7155137,3.8335283
2022-03-19 02:00:00,3.510349,3.747924
2022-03-19 03:00:00,3.313325,3.670643
2022-03-19 04:00:00,3.1666708,3.627121
2022-03-19 05:00:00,3.6599524,3.66826
2022-03-19 06:00:00,4.6905174,3.7608683
2022-03-19 07:00:00,4.9489193,3.950279
2022-03-19 08:00:00,4.9503636,4.296365
2022-03-19 09:00:00,4.482144,4.164346
2022-03-19 10:00:00,4.2593374,4.1229167
2022-03-19 11:00:00,4.086407,3.9961915
2022-03-19 12:00:00,3.8810687,3.9013257
2022-03-19 13:00:00,3.627019,3.7216206
2022-03-19 14:00:00,3.4054585,3.656496
2022-03-19 15:00:00,3.26685,3.6081915
2022-03-19 16:00:00,3.1224551,3.6020596
2022-03-19 17:00:00,3.420837,3.6446533
2022-03-19 18:00:00,4.6254,3.8042061
2022-03-19 19:00:00,4.863825,3.8514483
2022-03-19 20:00:00,5.238566,3.892975
2022-03-19 21:00:00,4.8664894,3.6235995
2022-03-19 22:00:00,4.5870585,3.571824
2022-03-19 23:00:00,4.278392,3.5627866
2022-03-20 00:00:00,4.10562,3.5289989
2022-03-20 01:00:00,3.8851717,3.5627189
2022-03-20 02:00:00,3.633061,3.5549588
2022-03-20 03:00:00,3.4829152,3.559209
2022-03-20 04:00:00,3.208226,3.5447712
2022-03-20 05:00:00,3.1723175,3.5016718
2022-03-20 06:00:00,4.84002,3.661539
2022-03-20 07:00:00,4.793015,3.5954213
2022-03-20 08:00:00,5.1047564,3.6595678
2022-03-20 09:00:00,4.735987,3.4626243
2022-03-20 10:00:00,4.4969497,3.464298
2022-03-20 11:00:00,4.1771736,3.4557488
2022-03-20 12:00:00,4.0393085,3.484906
2022-03-20 13:00:00,3.8176463,3.4878225
2022-03-20 14:00:00,3.5866115,3.4750006
2022-03-20 15:00:00,3.443178,3.5297825
2022-03-20 16:00:00,3.2651548,3.477986
2022-03-20 17:00:00,3.2097533,3.4796412
2022-03-20 18:00:00,3.595228,3.5071325
2022-03-20 19:00:00,4.626567,3.5778308
2022-03-20 20:00:00,4.9856763,3.695077
2022-03-20 21:00:00,4.8272157,3.5553539
2022-03-20 22:00:00,4.4954696,3.534307
2022-03-20 23:00:00,4.2925467,3.5155153
2022-03-21 00:00:00,4.0144234,3.5211701
2022-03-21 01:00:00,3.7847092,3.532538
2022-03-21 02:00:00,3.6110687,3.5283673
2022-03-21 03:00:00,3.4649668,3.480691
2022-03-21 04:00:00,3.2450733,3.5179706
2022-03-21 05:00:00,3.1525197,3.5284355
2022-03-21 06:00:00,3.6034157,3.574288
2022-03-21 07:00:00,4.646642,3.7356102
2022-03-21 08:00:00,4.9034863,3.8057127
2022-03-21 09:00:00,5.0007973,3.735071
2022-03-21 10:00:00,4.5965085,3.6134765
2022-03-21 11:00:00,4.461712,3.5412538
2022-03-21 12:00:00,4.152576,3.5305789
2022-03-21 13:00:00,3.8519783,3.5822299
2022-03-21 14:00:00,3.733341,3.5977077
2022-03-21 15:00:00,3.534154,3.7450764
2022-03-21 16:00:00,3.316076,3.5969217
2022-03-21 17:00:00,3.2593763,3.5956142
2022-03-21 18:00:00,3.4585195,3.7027464
2022-03-21 19:00:00,4.773661,3.9806433
2022-03-21 20:00:00,4.9013524,3.9556859
2022-03-21 21:00:00,5.1285963,4.1652174
2022-03-21 22:00:00,4.8006897,4.039121
2022-03-21 23:00:00,4.670358,4.0400457
2022-03-22 00:00:00,4.3806334,3.9879813
2022-03-22 01:00:00,4.247011,4.104961
2022-03-22 02:00:00,4.0224133,4.094051
2022-03-22 03:00:00,3.847177,4.186772
2022-03-22 04:00:00,3.6097226,4.179024
2022-03-22 05:00:00,3.5223958,4.1846013
2022-03-22 06:00:00,3.620569,4.212379
2022-03-22 07:00:00,4.781217,4.422802
2022-03-22 08:00:00,4.9663835,4.4386773
2022-03-22 09:00:00,5.427267,4.531546
2022-03-22 10:00:00,5.018777,4.351174
2022-03-22 11:00:00,4.90326,4.2871842
2022-03-22 12:00:00,4.640508,4.252398
2022-03-22 13:00:00,4.3551884,4.2763195
2022-03-22 14:00:00,4.214053,4.3012085
2022-03-22 15:00:00,3.9499142,4.2902455
2022-03-22 16:00:00,3.828177,4.128352
2022-03-22 17:00:00,3.6603699,4.104234
2022-03-22 18:00:00,3.6512318,4.2048163
2022-03-22 19:00:00,3.9799018,4.2627244
2022-03-22 20:00:00,4.8801193,4.3768244
2022-03-22 21:00:00,5.191488,4.445091
2022-03-22 22:00:00,5.061759,4.3434772
2022-03-22 23:00:00,4.761452,4.120712
2022-03-23 00:00:00,4.5361495,4.1575103
2022-03-23 01:00:00,4.3436584,4.08309
2022-03-23 02:00:00,4.2128615,4.098137
2022-03-23 03:00:00,3.9562669,4.088432
2022-03-23 04:00:00,3.7376614,4.096833
2022-03-23 05:00:00,3.6516724,4.019044
2022-03-23 06:00:00,3.6537528,4.02484
2022-03-23 07:00:00,3.7981389,4.062444
2022-03-23 08:00:00,4.8752303,4.231709
2022-03-23 09:00:00,4.9871106,4.243768
2022-03-23 10:00:00,5.195494,4.3486695
2022-03-23 11:00:00,4.910607,3.9898047
2022-03-23 12:00:00,4.711043,3.9890695
2022-03-23 13:00:00,4.3911986,4.047297
2022-03-23 14:00:00,4.273209,4.086005
2022-03-23 15:00:00,4.0493383,3.9857776
2022-03-23 16:00:00,3.8535643,3.9842966
2022-03-23 17:00:00,3.662266,3.9803727
2022-03-23 18:00:00,3.5807035,3.9893398
2022-03-23 19:00:00,3.5948842,4.005626
2022-03-23 20:00:00,4.8226566,4.1279945
2022-03-23 21:00:00,4.8179984,4.178936
2022-03-23 22:00:00,4.8218427,4.186104
2022-03-23 23:00:00,4.5829916,4.1731396
2022-03-24 00:00:00,4.3353443,4.1702747
2022-03-24 01:00:00,4.122243,4.19809
2022-03-24 02:00:00,4.0390077,4.1269264
2022-03-24 03:00:00,3.8689134,4.051449
2022-03-24 04:00:00,3.7717264,3.9857016
2022-03-24 05:00:00,3.6226318,3.8970215
2022-03-24 06:00:00,3.5532656,3.9042704
2022-03-24 07:00:00,3.6888876,3.9477952
2022-03-24 08:00:00,3.9933681,4.007518
2022-03-24 09:00:00,4.6515317,4.1278095
2022-03-24 10:00:00,4.996428,4.209306
2022-03-24 11:00:00,4.9145956,4.414172
2022-03-24 12:00:00,4.587202,4.4412894
2022-03-24 13:00:00,4.451819,4.345141
2022-03-24 14:00:00,4.200813,4.281062
2022-03-24 15:00:00,4.126409,4.2092338
2022-03-24 16:00:00,3.9629617,4.049353
2022-03-24 17:00:00,3.7838538,3.9672513
2022-03-24 18:00:00,3.546867,3.9588513
2022-03-24 19:00:00,3.6761012,4.0131426
2022-03-24 20:00:00,3.661061,4.0294447
2022-03-24 21:00:00,4.5076685,4.181395
2022-03-24 22:00:00,4.623267,4.2133274
2022-03-24 23:00:00,4.645064,4.2919564
2022-03-25 00:00:00,4.4478936,4.290094
2022-03-25 01:00:00,4.205922,4.273605
2022-03-25 02:00:00,4.1050253,4.2266164
2022-03-25 03:00:00,3.9837165,4.056815
2022-03-25 04:00:00,3.7889493,3.9733164
2022-03-25 05:00:00,3.7003055,3.9206355
2022-03-25 06:00:00,3.6330223,3.9194157
2022-03-25 07:00:00,3.6197996,3.935507
2022-03-25 08:00:00,3.7899902,3.9775112
2022-03-25 09:00:00,4.487729,4.106476
2022-03-25 10:00:00,4.7558894,4.1625004
2022-03-25 11:00:00,4.687972,4.2141933
2022-03-25 12:00:00,4.794736,4.3689156
2022-03-25 13:00:00,4.508282,4.406766
2022-03-25 14:00:00,4.4513235,4.347659
2022-03-25 15:00:00,4.258148,4.2957945
2022-03-25 16:00:00,4.0813813,4.2060723
2022-03-25 17:00:00,4.017271,4.142244
2022-03-25 18:00:00,4.005602,4.16105
2022-03-25 19:00:00,3.9461052,4.246333
2022-03-25 20:00:00,3.899436,4.252534
2022-03-25 21:00:00,4.434804,4.190966
2022-03-25 22:00:00,3.9728653,4.224345
2022-03-25 23:00:00,4.3254223,4.211653
2022-03-26 00:00:00,4.1717634,4.260557
2022-03-26 01:00:00,3.9710393,4.142408
2022-03-26 02:00:00,3.8706121,4.1153984
2022-03-26 03:00:00,3.8310447,4.114195
2022-03-26 04:00:00,3.7428305,4.121505
2022-03-26 05:00:00,3.5968447,4.0363097
2022-03-26 06:00:00,3.6647923,4.1267824
2022-03-26 07:00:00,3.5067124,4.112015
2022-03-26 08:00:00,3.4431698,4.182293
2022-03-26 09:00:00,3.5838542,4.1309986
2022-03-26 10:00:00,3.9672036,4.1794243
2022-03-26 11:00:00,4.155951,4.1220913
2022-03-26 12:00:00,4.4740367,4.1597085
2022-03-26 13:00:00,4.451045,4.2230268
2022-03-26 14:00:00,4.274018,4.253823
2022-03-26 15:00:00,4.1259036,4.2141256
2022-03-26 16:00:00,4.0115347,4.202491
2022-03-26 17:00:00,3.9197993,4.1255856
2022-03-26 18:00:00,3.9153636,4.06646
2022-03-26 19:00:00,3.845965,4.056335
2022-03-26 20:00:00,3.8464458,3.9731193
2022-03-26 21:00:00,3.8514361,4.049224
2022-03-26 22:00:00,3.772109,4.128935
2022-03-26 23:00:00,3.913339,4.0742927
2022-03-27 00:00:00,4.0940948,4.0950584
2022-03-27 01:00:00,3.9358785,4.0656123
2022-03-27 02:00:00,4.094873,3.992114
2022-03-27 03:00:00,4.1007156,4.140261
2022-03-27 04:00:00,3.989263,4.111617
2022-03-27 05:00:00,3.9933012,4.090458
2022-03-27 06:00:00,3.9795797,4.011401
2022-03-27 07:00:00,3.9113119,3.9385016
2022-03-27 08:00:00,3.9005885,4.032682
2022-03-27 09:00:00,3.8152578,3.9503524
2022-03-27 10:00:00,3.8495965,3.949221
2022-03-27 11:00:00,3.976893,3.9764006
2022-03-27 12:00:00,4.3016663,4.0355473
2022-03-27 13:00:00,4.094912,4.089638
2022-03-27 14:00:00,4.530349,4.075654
2022-03-27 15:00:00,4.5935774,4.239553
2022-03-27 16:00:00,4.292919,4.2443314
2022-03-27 17:00:00,4.123827,4.1831174
2022-03-27 18:00:00,4.126127,4.0917687
2022-03-27 19:00:00,4.0095835,3.990087
2022-03-27 20:00:00,3.907991,3.9029708
2022-03-27 21:00:00,3.8349533,3.9133747
2022-03-27 22:00:00,3.7423618,3.920591
2022-03-27 23:00:00,3.7859144,3.9416225
2022-03-28 00:00:00,3.704313,4.0271726
2022-03-28 01:00:00,3.8542469,3.9081976
2022-03-28 02:00:00,4.0853825,3.9436595
2022-03-28 03:00:00,3.944133,4.0004973
2022-03-28 04:00:00,4.027907,4.00141
2022-03-28 05:00:00,3.9850867,3.9568217
2022-03-28 06:00:00,3.8943503,3.928983
2022-03-28 07:00:00,3.9030652,3.8377218
2022-03-28 08:00:00,3.8868163,3.9231951
2022-03-28 09:00:00,3.7769144,3.9257534
2022-03-28 10:00:00,3.6887805,3.9164507
2022-03-28 11:00:00,3.6595514,3.9128141
2022-03-28 12:00:00,3.637989,3.9249246
2022-03-28 13:00:00,3.744806,3.9425926
2022-03-28 14:00:00,4.133117,4.0123453
2022-03-28 15:00:00,4.516413,4.0747013
2022-03-28 16:00:00,4.819014,4.2923346
2022-03-28 17:00:00,4.718749,4.482057
2022-03-28 18:00:00,4.6018114,4.574028
2022-03-28 19:00:00,4.4872518,4.4977703
2022-03-28 20:00:00,4.277849,4.364797
2022-03-28 21:00:00,4.0876236,4.194764
2022-03-28 22:00:00,3.9860845,4.055955
2022-03-28 23:00:00,3.9060652,3.9847455
2022-03-29 00:00:00,3.761455,3.9811234
2022-03-29 01:00:00,3.8145902,4.0202403
2022-03-29 02:00:00,3.9294093,4.0786157
2022-03-29 03:00:00,3.945584,4.024675
2022-03-29 04:00:00,4.3287225,4.1062913
2022-03-29 05:00:00,4.5382247,4.224646
2022-03-29 06:00:00,4.4077306,4.2404447
2022-03-29 07:00:00,4.1867185,4.2203164
2022-03-29 08:00:00,4.0343943,4.155572
2022-03-29 09:00:00,4.1106415,4.163311
2022-03-29 10:00:00,3.9192033,3.98317
2022-03-29 11:00:00,3.8264322,3.9063702
2022-03-29 12:00:00,3.7604513,3.9147625
2022-03-29 13:00:00,3.6987684,3.9191792
2022-03-29 14:00:00,3.70033,3.9315667
2022-03-29 15:00:00,4.3993626,4.071577
2022-03-29 16:00:00,4.8056893,4.1576443
2022-03-29 17:00:00,5.136767,4.3942595
2022-03-29 18:00:00,5.0261254,4.5822115
2022-03-29 19:00:00,4.756171,4.60946
2022-03-29 20:00:00,4.604428,4.4945035
2022-03-29 21:00:00,4.428401,4.367828
2022-03-29 22:00:00,4.250175,4.278277
2022-03-29 23:00:00,4.070594,4.202697
2022-03-30 00:00:00,3.9596417,4.0531216
2022-03-30 01:00:00,3.8157158,3.9612145
2022-03-30 02:00:00,3.8959236,4.0058165
2022-03-30 03:00:00,4.023564,4.0690384
2022-03-30 04:00:00,4.7193155,4.1349235
2022-03-30 05:00:00,4.683139,4.1403213
2022-03-30 06:00:00,4.883694,4.4377575
2022-03-30 07:00:00,4.575071,4.407879
2022-03-30 08:00:00,4.4161534,4.3931484
2022-03-30 09:00:00,4.2071514,4.319327
2022-03-30 10:00:00,4.1763806,4.231262
2022-03-30 11:00:00,4.00067,4.0496936
2022-03-30 12:00:00,3.9268703,3.9840105
2022-03-30 13:00:00,3.7563167,3.8932188
2022-03-30 14:00:00,3.7728035,3.826903
2022-03-30 15:00:00,3.801874,3.9427633
2022-03-30 16:00:00,4.6353755,4.045902
2022-03-30 17:00:00,4.9375834,4.1010475
2022-03-30 18:00:00,5.292734,4.5475817
2022-03-30 19:00:00,5.091816,4.5177755
2022-03-30 20:00:00,4.8537827,4.5250287
2022-03-30 21:00:00,4.5456605,4.398387
2022-03-30 22:00:00,4.3964987,4.2909703
2022-03-30 23:00:00,4.240368,4.27716
2022-03-31 00:00:00,4.063115,4.1222043
2022-03-31 01:00:00,3.86092,3.9386408
2022-03-31 02:00:00,3.780525,3.9420986
2022-03-31 03:00:00,3.8705194,3.9101646
2022-03-31 04:00:00,4.104811,3.9980068
2022-03-31 05:00:00,4.8162932,4.1408343
2022-03-31 06:00:00,4.9191523,4.1768947
2022-03-31 07:00:00,4.996007,4.4306183
2022-03-31 08:00:00,4.7308707,4.4926353
2022-03-31 09:00:00,4.5042357,4.449036
2022-03-31 10:00:00,4.364341,4.300292
2022-03-31 11:00:00,4.1393504,4.195224
2022-03-31 12:00:00,4.0472465,4.1291604
2022-03-31 13:00:00,3.8793998,3.9579399
2022-03-31 14:00:00,3.6928427,3.867681
2022-03-31 15:00:00,3.723956,3.8897202
2022-03-31 16:00:00,3.885343,3.8638246
2022-03-31 17:00:00,4.9827957,4.091858
2022-03-31 18:00:00,5.2122264,4.2523823
2022-03-31 19:00:00,5.3179646,4.5185575
2022-03-31 20:00:00,5.0709505,4.6283092
2022-03-31 21:00:00,4.8423767,4.6554346
2022-03-31 22:00:00,4.620002,4.478646
2022-03-31 23:00:00,4.4013886,4.4353867
2022-04-01 00:00:00,4.233577,4.274824
2022-04-01 01:00:00,4.032057,4.1874304
2022-04-01 02:00:00,3.9184682,4.1058307
2022-04-01 03:00:00,3.8089356,3.933913
2022-04-01 04:00:00,3.936408,3.9907856
2022-04-01 05:00:00,4.7699223,4.0980344
2022-04-01 06:00:00,4.833442,4.1444635
2022-04-01 07:00:00,5.333033,4.4502144
2022-04-01 08:00:00,5.024359,4.5845876
2022-04-01 09:00:00,4.8407564,4.5431767
2022-04-01 10:00:00,4.591694,4.4323983
2022-04-01 11:00:00,4.37662,4.3975954
2022-04-01 12:00:00,4.2284775,4.228182
2022-04-01 13:00:00,4.0535846,4.1269107
2022-04-01 14:00:00,3.8440306,3.9544017
2022-04-01 15:00:00,3.6607225,3.8503332
2022-04-01 16:00:00,3.7652774,3.9008634
2022-04-01 17:00:00,4.4176283,3.9692514
2022-04-01 18:00:00,4.8398347,4.0586896
2022-04-01 19:00:00,5.4482617,4.4897485
2022-04-01 20:00:00,5.0142465,4.686516
2022-04-01 21:00:00,4.9121523,4.640363
2022-04-01 22:00:00,4.6624637,4.58335
2022-04-01 23:00:00,4.453768,4.4493103
2022-04-02 00:00:00,4.309735,4.350991
2022-04-02 01:00:00,4.147222,4.191531
2022-04-02 02:00:00,3.9352796,4.104452
2022-04-02 03:00:00,3.7540665,3.9240324
2022-04-02 04:00:00,3.8016405,3.8788319
2022-04-02 05:00:00,4.2624817,3.917502
2022-04-02 06:00:00,4.6731825,4.022691
2022-04-02 07:00:00,5.1571503,4.2467737
2022-04-02 08:00:00,5.1913786,4.598876
2022-04-02 09:00:00,4.861046,4.515526
2022-04-02 10:00:00,4.7000504,4.390084
2022-04-02 11:00:00,4.4603734,4.4019136
2022-04-02 12:00:00,4.311793,4.312053
2022-04-02 13:00:00,4.156521,4.204544
2022-04-02 14:00:00,3.9674053,4.1123576
2022-04-02 15:00:00,3.751669,3.9259834
2022-04-02 16:00:00,3.7378378,3.7661307
2022-04-02 17:00:00,3.9875,3.7550037
2022-04-02 18:00:00,4.833497,3.951626
2022-04-02 19:00:00,4.9879727,4.0891027
2022-04-02 20:00:00,5.2894444,4.5411167
2022-04-02 21:00:00,5.0117254,4.57405
2022-04-02 22:00:00,4.7950063,4.5082765
2022-04-02 23:00:00,4.513214,4.4014535
2022-04-03 00:00:00,4.3793416,4.3004403
2022-04-03 01:00:00,4.239796,4.197283
2022-04-03 02:00:00,4.049546,4.182114
2022-04-03 03:00:00,3.8357325,3.999227
2022-04-03 04:00:00,3.7708836,3.8335497
2022-04-03 05:00:00,3.9110482,3.8053317
2022-04-03 06:00:00,4.6879344,4.0019836
2022-04-03 07:00:00,4.7642717,4.0282526
2022-04-03 08:00:00,5.4163203,4.3778095
2022-04-03 09:00:00,5.141148,4.514518
2022-04-03 10:00:00,4.8312373,4.5350513
2022-04-03 11:00:00,4.6897106,4.4470186
2022-04-03 12:00:00,4.482545,4.4038267
2022-04-03 13:00:00,4.331141,4.2990265
2022-04-03 14:00:00,4.1535206,4.1942644
2022-04-03 15:00:00,3.8620062,4.0003014
2022-04-03 16:00:00,3.837422,3.8435981
2022-04-03 17:00:00,3.8513658,3.8609636
2022-04-03 18:00:00,4.238896,3.8917232
2022-04-03 19:00:00,4.707084,3.9829426
2022-04-03 20:00:00,5.133746,4.3024106
2022-04-03 21:00:00,5.102998,4.5449185
2022-04-03 22:00:00,4.922715,4.5919914
2022-04-03 23:00:00,4.6005,4.5301847
2022-04-04 00:00:00,4.478432,4.4780426
2022-04-04 01:00:00,4.3393226,4.289745
2022-04-04 02:00:00,4.1748686,4.2762985
2022-04-04 03:00:00,3.9651659,4.102666
2022-04-04 04:00:00,3.8676913,3.9346337
2022-04-04 05:00:00,3.9253485,3.8727245
2022-04-04 06:00:00,4.2939587,3.9874482
2022-04-04 07:00:00,4.7720613,4.020002
2022-04-04 08:00:00,5.17291,4.113835
2022-04-04 09:00:00,5.1942077,4.4719806
2022-04-04 10:00:00,5.025006,4.6370378
2022-04-04 11:00:00,4.8272004,4.5923777
2022-04-04 12:00:00,4.5749717,4.4216237
2022-04-04 13:00:00,4.432104,4.395157
2022-04-04 14:00:00,4.257817,4.2942233
2022-04-04 15:00:00,4.061305,4.110775
2022-04-04 16:00:00,3.9830112,3.9352887
2022-04-04 17:00:00,3.9748135,3.850646
2022-04-04 18:00:00,4.1002693,3.9022472
2022-04-04 19:00:00,4.795755,4.09037
2022-04-04 20:00:00,4.9246774,4.048157
2022-04-04 21:00:00,5.14211,4.4722514
2022-04-04 22:00:00,4.9688807,4.462998
2022-04-04 23:00:00,4.69451,4.418245
2022-04-05 00:00:00,4.5132923,4.345318
2022-04-05 01:00:00,4.358543,4.3194313
2022-04-05 02:00:00,4.278452,4.224756
2022-04-05 03:00:00,4.105201,4.1228166
2022-04-05 04:00:00,3.9959383,3.9507675
2022-04-05 05:00:00,3.9009805,3.8575778
2022-04-05 06:00:00,4.0958705,3.8332434
2022-04-05 07:00:00,4.7585096,4.0019927
2022-04-05 08:00:00,4.802198,4.0188723
2022-04-05 09:00:00,5.274851,4.416688
2022-04-05 10:00:00,5.1934986,4.6165476
2022-04-05 11:00:00,4.890618,4.546194
2022-04-05 12:00:00,4.6653795,4.5194926
2022-04-05 13:00:00,4.512193,4.39919
2022-04-05 14:00:00,4.357463,4.2895145
2022-04-05 15:00:00,4.1651316,4.1876955
2022-04-05 16:00:00,3.963528,4.0974092
2022-04-05 17:00:00,3.9059114,3.9329453
2022-04-05 18:00:00,3.9155343,3.8710852
2022-04-05 19:00:00,4.558472,4.0427313
2022-04-05 20:00:00,4.918361,4.12974
2022-04-05 21:00:00,4.837873,4.309076
2022-04-05 22:00:00,4.8891363,4.392929
2022-04-05 23:00:00,4.625291,4.362278
2022-04-06 00:00:00,4.429298,4.3676987
2022-04-06 01:00:00,4.27529,4.331203
2022-04-06 02:00:00,4.203565,4.239725
2022-04-06 03:00:00,4.1276107,4.1458693
2022-04-06 04:00:00,3.9502943,4.040739
2022-04-06 05:00:00,3.8888226,3.8860302
2022-04-06 06:00:00,3.955828,3.8248641
2022-04-06 07:00:00,4.15212,3.9021263
2022-04-06 08:00:00,4.5825844,3.9996204
2022-04-06 09:00:00,4.941195,4.2668214
2022-04-06 10:00:00,5.1834474,4.4828744
2022-04-06 11:00:00,4.867489,4.5088477
2022-04-06 12:00:00,4.6001053,4.466884
2022-04-06 13:00:00,4.4188714,4.321224
2022-04-06 14:00:00,4.35387,4.2262893
2022-04-06 15:00:00,4.1846547,4.1224365
2022-04-06 16:00:00,3.9813483,4.020444
2022-04-06 17:00:00,3.8978739,3.860412
2022-04-06 18:00:00,3.910289,3.7842264
2022-04-06 19:00:00,4.297166,3.7971492
2022-04-06 20:00:00,4.7062507,3.9976099
2022-04-06 21:00:00,4.7586102,4.032184
2022-04-06 22:00:00,4.7759004,4.2150373
2022-04-06 23:00:00,4.645111,4.23287
2022-04-07 00:00:00,4.500242,4.335154
2022-04-07 01:00:00,4.3214097,4.2584553
2022-04-07 02:00:00,4.2133446,4.1437764
2022-04-07 03:00:00,4.1277065,4.1257052
2022-04-07 04:00:00,3.9550507,4.0242343
2022-04-07 05:00:00,3.8655496,3.9370296
2022-04-07 06:00:00,3.8661075,3.8759964
2022-04-07 07:00:00,3.9637408,3.8320115
2022-04-07 08:00:00,4.459937,3.846795
2022-04-07 09:00:00,4.8555098,3.947443
2022-04-07 10:00:00,5.004484,4.2708025
2022-04-07 11:00:00,4.8592906,4.3705482
2022-04-07 12:00:00,4.7340875,4.3658996
2022-04-07 13:00:00,4.547246,4.3747697
2022-04-07 14:00:00,4.3611608,4.243
2022-04-07 15:00:00,4.187899,4.213648
2022-04-07 16:00:00,4.089732,4.1315966
2022-04-07 17:00:00,4.0116415,4.037206
2022-04-07 18:00:00,3.8660436,3.9278924
2022-04-07 19:00:00,3.9452448,3.7954588
2022-04-07 20:00:00,4.052852,3.8417323
2022-04-07 21:00:00,4.6100945,3.8773806
2022-04-07 22:00:00,4.64694,4.089812
2022-04-07 23:00:00,4.54426,4.1625414
2022-04-08 00:00:00,4.273606,4.1607327
2022-04-08 01:00:00,4.123852,4.1028633
2022-04-08 02:00:00,4.07653,4.0910587
2022-04-08 03:00:00,3.9694865,3.9859698
2022-04-08 04:00:00,3.8796291,3.8832917
2022-04-08 05:00:00,3.8097444,3.8757503
2022-04-08 06:00:00,3.7664533,3.705567
2022-04-08 07:00:00,3.8488972,3.7273252
2022-04-08 08:00:00,3.9574144,3.7864237
2022-04-08 09:00:00,4.3932605,3.8826354
2022-04-08 10:00:00,4.709206,4.131727
2022-04-08 11:00:00,4.875189,4.3265643
2022-04-08 12:00:00,4.5183353,4.2719374
2022-04-08 13:00:00,4.3903685,4.180342
2022-04-08 14:00:00,4.281185,4.145054
2022-04-08 15:00:00,4.1052394,4.1207294
2022-04-08 16:00:00,4.0011663,4.029958
2022-04-08 17:00:00,3.9077408,3.944672
2022-04-08 18:00:00,3.8615756,3.777197
2022-04-08 19:00:00,3.8571105,3.7878342
2022-04-08 20:00:00,3.9556923,3.8504355
2022-04-08 21:00:00,4.4087534,3.85937
2022-04-08 22:00:00,4.386611,3.9522824
2022-04-08 23:00:00,4.2494903,3.9281049
2022-04-09 00:00:00,4.3435526,4.0287714
2022-04-09 01:00:00,4.0462437,4.040544
2022-04-09 02:00:00,3.9016337,3.9116633
2022-04-09 03:00:00,3.922602,3.8964243
2022-04-09 04:00:00,3.824876,3.706649
2022-04-09 05:00:00,3.7362027,3.6223195
2022-04-09 06:00:00,3.6963592,3.6211119
2022-04-09 07:00:00,3.701225,3.6381328
2022-04-09 08:00:00,3.8931022,3.683463
2022-04-09 09:00:00,4.2241907,3.7588425
2022-04-09 10:00:00,4.249969,3.86305
2022-04-09 11:00:00,4.591583,4.108355
2022-04-09 12:00:00,4.6136394,4.067165
2022-04-09 13:00:00,4.4402666,4.065749
2022-04-09 14:00:00,4.171328,4.0669847
2022-04-09 15:00:00,4.0537953,4.036639
2022-04-09 16:00:00,3.9575505,3.9396722
2022-04-09 17:00:00,3.8694835,3.8533056
2022-04-09 18:00:00,3.7962222,3.855394
2022-04-09 19:00:00,3.7746038,3.7007596
2022-04-09 20:00:00,3.8991804,3.734211
2022-04-09 21:00:00,3.8418636,3.7592747
2022-04-09 22:00:00,4.2409616,3.736283
2022-04-09 23:00:00,3.8074372,3.7512054
2022-04-10 00:00:00,3.9109228,3.7941585
2022-04-10 01:00:00,3.9867208,3.7994993
2022-04-10 02:00:00,3.770227,3.8362033
2022-04-10 03:00:00,3.7758613,3.6508076
2022-04-10 04:00:00,3.6815243,3.6131983
2022-04-10 05:00:00,3.6664383,3.6216218
2022-04-10 06:00:00,3.6283765,3.6237223
2022-04-10 07:00:00,3.59865,3.6268828
2022-04-10 08:00:00,3.5951355,3.63038
2022-04-10 09:00:00,3.7484102,3.6678815
2022-04-10 10:00:00,4.0382414,3.729093
2022-04-10 11:00:00,4.286491,3.8676808
2022-04-10 12:00:00,4.2879467,3.932424
2022-04-10 13:00:00,4.386485,3.9129539
2022-04-10 14:00:00,4.1495137,3.926097
2022-04-10 15:00:00,3.9898498,3.8936212
2022-04-10 16:00:00,4.106965,3.907916
2022-04-10 17:00:00,3.8865852,3.9690282
2022-04-10 18:00:00,3.792541,3.961379
2022-04-10 19:00:00,3.7682164,3.5876873
2022-04-10 20:00:00,3.8909476,3.6315315
2022-04-10 21:00:00,3.7477028,3.732118
2022-04-10 22:00:00,3.7704976,3.6540496
2022-04-10 23:00:00,3.7594285,3.653514
2022-04-11 00:00:00,3.5823674,3.6368802
2022-04-11 01:00:00,3.6914847,3.5754504
2022-04-11 02:00:00,3.6808522,3.5709977
2022-04-11 03:00:00,3.7949219,3.59991
2022-04-11 04:00:00,3.6926115,3.6482613
2022-04-11 05:00:00,3.6979218,3.5488114
2022-04-11 06:00:00,3.6046686,3.531514
2022-04-11 07:00:00,3.6331403,3.5388331
2022-04-11 08:00:00,3.5719485,3.5392952
2022-04-11 09:00:00,3.7058163,3.5025153
2022-04-11 10:00:00,3.5892513,3.5327663
2022-04-11 11:00:00,3.635961,3.5374808
2022-04-11 12:00:00,3.833669,3.569802
2022-04-11 13:00:00,4.0333447,3.712486
2022-04-11 14:00:00,4.17772,3.838925
2022-04-11 15:00:00,4.197521,3.807097
2022-04-11 16:00:00,4.281468,3.893588
2022-04-11 17:00:00,3.8343349,3.884816
2022-04-11 18:00:00,3.8509066,3.7856314
2022-04-11 19:00:00,3.7398674,3.755068
2022-04-11 20:00:00,3.7100012,3.6850595
2022-04-11 21:00:00,3.6500545,3.5531285
2022-04-11 22:00:00,3.6384897,3.5531828
2022-04-11 23:00:00,3.6290348,3.5634398
2022-04-12 00:00:00,3.586391,3.5610344
2022-04-12 01:00:00,3.5157287,3.5541024
2022-04-12 02:00:00,3.519569,3.510681
2022-04-12 03:00:00,3.8045554,3.52749
2022-04-12 04:00:00,4.107982,3.5733309
2022-04-12 05:00:00,4.1278434,3.5493832
2022-04-12 06:00:00,3.8572774,3.5044506
2022-04-12 07:00:00,3.939458,3.4980066
2022-04-12 08:00:00,3.730563,3.526521
2022-04-12 09:00:00,3.662689,3.4808772
2022-04-12 10:00:00,3.588877,3.473077
2022-04-12 11:00:00,3.5794501,3.4758697
2022-04-12 12:00:00,3.456322,3.5131238
2022-04-12 13:00:00,3.5200734,3.4759755
2022-04-12 14:00:00,3.818992,3.499887
2022-04-12 15:00:00,4.319653,3.5729227
2022-04-12 16:00:00,4.4718294,3.5831532
2022-04-12 17:00:00,4.3200836,3.5288637
2022-04-12 18:00:00,4.200596,3.5061216
2022-04-12 19:00:00,4.0495634,3.4900804
2022-04-12 20:00:00,3.8383749,3.5262702
2022-04-12 21:00:00,3.7392185,3.4831574
2022-04-12 22:00:00,3.7076595,3.4854658
2022-04-12 23:00:00,3.5593276,3.527003
2022-04-13 00:00:00,3.4247217,3.4289849
2022-04-13 01:00:00,3.576001,3.435146
2022-04-13 02:00:00,3.660562,3.4419138
2022-04-13 03:00:00,3.9500463,3.4517047
2022-04-13 04:00:00,3.88343,3.4346936
2022-04-13 05:00:00,4.340641,3.481991
2022-04-13 06:00:00,4.313438,3.4650424
2022-04-13 07:00:00,4.0290365,3.4299808
2022-04-13 08:00:00,3.9345248,3.418614
2022-04-13 09:00:00,3.8138723,3.4646244
2022-04-13 10:00:00,3.714193,3.4643257
2022-04-13 11:00:00,3.4596696,3.4014907
2022-04-13 12:00:00,3.4183125,3.4494977
2022-04-13 13:00:00,3.4620671,3.4188764
2022-04-13 14:00:00,3.5051742,3.4214232
2022-04-13 15:00:00,4.0564203,3.4649272
2022-04-13 16:00:00,4.6904874,3.5261147
2022-04-13 17:00:00,4.9853287,3.667027
2022-04-13 18:00:00,4.7487974,3.5482578
2022-04-13 19:00:00,4.4473357,3.4980266
2022-04-13 20:00:00,4.238086,3.534364
2022-04-13 21:00:00,4.0486436,3.5393023
2022-04-13 22:00:00,3.8816888,3.5409994
2022-04-13 23:00:00,3.7805383,3.5417354
2022-04-14 00:00:00,3.6596591,3.4849372
2022-04-14 01:00:00,3.5421808,3.5317285
2022-04-14 02:00:00,3.690786,3.5083654
2022-04-14 03:00:00,3.8438213,3.5637782
2022-04-14 04:00:00,4.206695,3.5326257
2022-04-14 05:00:00,4.637695,3.5663428
2022-04-14 06:00:00,4.5878224,3.5983715
2022-04-14 07:00:00,4.479752,3.514877
2022-04-14 08:00:00,4.2851624,3.537841
2022-04-14 09:00:00,4.120971,3.5416062
2022-04-14 10:00:00,3.9513235,3.5399098
2022-04-14 11:00:00,3.764258,3.5368717
2022-04-14 12:00:00,3.6891844,3.4944708
2022-04-14 13:00:00,3.511562,3.5334115
2022-04-14 14:00:00,3.5072393,3.5471447
2022-04-14 15:00:00,3.9051363,3.5336387
2022-04-14 16:00:00,4.592309,3.582117
2022-04-14 17:00:00,5.0390778,3.651965
2022-04-14 18:00:00,5.0124097,3.5890925
2022-04-14 19:00:00,4.721674,3.5203216
2022-04-14 20:00:00,4.5230193,3.491761
2022-04-14 21:00:00,4.1773653,3.5318036
2022-04-14 22:00:00,4.108734,3.5608459
2022-04-14 23:00:00,3.8644085,3.5506217
2022-04-15 00:00:00,3.6506925,3.542605
2022-04-15 01:00:00,3.538733,3.5443425
2022-04-15 02:00:00,3.4996977,3.5499096
2022-04-15 03:00:00,3.806628,3.5268674
2022-04-15 04:00:00,4.617374,3.5806859
2022-04-15 05:00:00,4.6893144,3.652744
2022-04-15 06:00:00,4.8481364,3.574729
2022-04-15 07:00:00,4.82341,3.5319743
2022-04-15 08:00:00,4.6068473,3.5503404
2022-04-15 09:00:00,4.321816,3.5353506
2022-04-15 10:00:00,4.186559,3.55763
2022-04-15 11:00:00,3.9530506,3.555516
2022-04-15 12:00:00,3.8384736,3.5544772
2022-04-15 13:00:00,3.6667368,3.5487368
2022-04-15 14:00:00,3.4918027,3.4939563
2022-04-15 15:00:00,3.5908651,3.5098367
2022-04-15 16:00:00,4.7245913,3.6097796
2022-04-15 17:00:00,4.889655,3.7138238
2022-04-15 18:00:00,5.3748255,4.321052
2022-04-15 19:00:00,5.0123034,4.507134
2022-04-15 20:00:00,4.839614,4.4052486
2022-04-15 21:00:00,4.5580764,4.2381024
2022-04-15 22:00:00,4.3525186,4.124232
2022-04-15 23:00:00,4.203301,4.1274486
2022-04-16 00:00:00,3.9410694,3.9451962
2022-04-16 01:00:00,3.7280962,3.9453828
2022-04-16 02:00:00,3.5395598,3.774326
2022-04-16 03:00:00,3.5339296,3.687748
2022-04-16 04:00:00,4.1603713,3.6889074
2022-04-16 05:00:00,4.6659813,3.8082972
2022-04-16 06:00:00,5.297321,4.086748
2022-04-16 07:00:00,5.0453477,4.357946
2022-04-16 08:00:00,4.8124375,4.594928
2022-04-16 09:00:00,4.6041036,4.3597593
2022-04-16 10:00:00,4.318269,4.2678475
2022-04-16 11:00:00,4.182008,4.1957726
2022-04-16 12:00:00,3.9458869,4.086491
2022-04-16 13:00:00,3.8364496,3.9195828
2022-04-16 14:00:00,3.5566614,3.7306013
2022-04-16 15:00:00,3.5111268,3.6840153
2022-04-16 16:00:00,3.7063296,3.7124922
2022-04-16 17:00:00,4.746417,3.7564962
2022-04-16 18:00:00,5.205435,4.087218
2022-04-16 19:00:00,5.01422,4.397133
2022-04-16 20:00:00,4.7866426,4.4267793
2022-04-16 21:00:00,4.514243,4.3548503
2022-04-16 22:00:00,4.269254,4.2787776
2022-04-16 23:00:00,4.082344,4.087161
2022-04-17 00:00:00,3.9307952,3.9914331
2022-04-17 01:00:00,3.7403474,3.915198
2022-04-17 02:00:00,3.525822,3.728542
2022-04-17 03:00:00,3.3768604,3.6746335
2022-04-17 04:00:00,3.6748884,3.816633
2022-04-17 05:00:00,4.623389,3.8473787
2022-04-17 06:00:00,4.6824155,3.8614082
2022-04-17 07:00:00,5.061052,4.2521276
2022-04-17 08:00:00,4.94923,4.426543
2022-04-17 09:00:00,4.57234,4.311598
2022-04-17 10:00:00,4.3389177,4.211263
2022-04-17 11:00:00,4.149182,4.18009
2022-04-17 12:00:00,4.016997,4.0926785
2022-04-17 13:00:00,3.8360305,3.9255435
2022-04-17 14:00:00,3.5388067,3.7359626
2022-04-17 15:00:00,3.4525049,3.6359797
2022-04-17 16:00:00,3.443431,3.6347344
2022-04-17 17:00:00,4.5089955,3.7193434
2022-04-17 18:00:00,4.492052,3.8176956
2022-04-17 19:00:00,5.0754414,4.1821494
2022-04-17 20:00:00,5.039858,4.497436
2022-04-17 21:00:00,4.631092,4.4654994
2022-04-17 22:00:00,4.339229,4.3023877
2022-04-17 23:00:00,4.211979,4.247013
2022-04-18 00:00:00,4.009971,4.0607524
2022-04-18 01:00:00,3.8339982,3.890068
2022-04-18 02:00:00,3.6253452,3.7233653
2022-04-18 03:00:00,3.4335842,3.7153049
2022-04-18 04:00:00,3.4680388,3.6838694
2022-04-18 05:00:00,3.8926365,3.6993518
2022-04-18 06:00:00,4.561825,3.84909
2022-04-18 07:00:00,4.980164,4.063674
2022-04-18 08:00:00,5.231987,4.4651465
2022-04-18 09:00:00,5.044141,4.390374
2022-04-18 10:00:00,4.6785097,4.453822
2022-04-18 11:00:00,4.345699,4.2630954
2022-04-18 12:00:00,4.239456,4.1708117
2022-04-18 13:00:00,4.025167,4.080014
2022-04-18 14:00:00,3.8230207,3.8309908
2022-04-18 15:00:00,3.6650572,3.73581
2022-04-18 16:00:00,3.4540815,3.68405
2022-04-18 17:00:00,3.5855763,3.6526864
2022-04-18 18:00:00,4.4918766,3.7761748
2022-04-18 19:00:00,4.8174634,3.7649865
2022-04-18 20:00:00,5.1380787,4.27322
2022-04-18 21:00:00,5.0006557,4.449024
2022-04-18 22:00:00,4.685091,4.3545504
2022-04-18 23:00:00,4.341426,4.1922965
2022-04-19 00:00:00,4.1626916,4.1653986
2022-04-19 01:00:00,3.9273734,3.9802415
2022-04-19 02:00:00,3.7413929,3.8954337
2022-04-19 03:00:00,3.6124847,3.8214605
2022-04-19 04:00:00,3.4708087,3.6727989
2022-04-19 05:00:00,3.490847,3.6776302
2022-04-19 06:00:00,4.480494,3.8105955
2022-04-19 07:00:00,4.6282344,3.8443582
2022-04-19 08:00:00,5.241008,4.2991242
2022-04-19 09:00:00,5.137719,4.47473
2022-04-19 10:00:00,4.8755465,4.473749
2022-04-19 11:00:00,4.586026,4.4047775
2022-04-19 12:00:00,4.396751,4.3600283
2022-04-19 13:00:00,4.1769776,4.2489176
2022-04-19 14:00:00,4.0179324,4.0789933
2022-04-19 15:00:00,3.8370516,3.9964807
2022-04-19 16:00:00,3.6435437,3.814173
2022-04-19 17:00:00,3.4544096,3.693164
2022-04-19 18:00:00,3.9028983,3.634062
2022-04-19 19:00:00,4.6254773,3.7900584
2022-04-19 20:00:00,4.9441953,3.9136646
2022-04-19 21:00:00,5.1419597,4.3492174
2022-04-19 22:00:00,4.928924,4.404046
2022-04-19 23:00:00,4.464993,4.3792906
2022-04-20 00:00:00,4.2143135,4.285482
2022-04-20 01:00:00,4.1000175,4.191551
2022-04-20 02:00:00,3.9475822,4.001072
2022-04-20 03:00:00,3.7561004,3.7313185
2022-04-20 04:00:00,3.5624745,3.6693282
2022-04-20 05:00:00,3.4419663,3.6678593
2022-04-20 06:00:00,3.7749095,3.6588476
2022-04-20 07:00:00,4.7416935,3.8754568
2022-04-20 08:00:00,4.978306,4.041508
2022-04-20 09:00:00,5.2654076,4.49005
2022-04-20 10:00:00,5.0641627,4.509491
2022-04-20 11:00:00,4.7110033,4.4876537
2022-04-20 12:00:00,4.513928,4.373011
2022-04-20 13:00:00,4.335758,4.244726
2022-04-20 14:00:00,4.114154,4.1459985
2022-04-20 15:00:00,4.0199523,4.091506
2022-04-20 16:00:00,3.831668,3.8266087
2022-04-20 17:00:00,3.6666353,3.7430665
2022-04-20 18:00:00,3.584384,3.700967
2022-04-20 19:00:00,4.680894,3.9110932
2022-04-20 20:00:00,4.832486,3.963577
2022-04-20 21:00:00,4.9647512,4.1127615
2022-04-20 22:00:00,4.8502383,4.329251
2022-04-20 23:00:00,4.582645,4.2864833
2022-04-21 00:00:00,4.3582187,4.2648807
2022-04-21 01:00:00,4.217828,4.1346216
2022-04-21 02:00:00,3.9559228,3.9983711
2022-04-21 03:00:00,3.7863297,3.8272119
2022-04-21 04:00:00,3.6595266,3.7481072
2022-04-21 05:00:00,3.6061916,3.6827462
2022-04-21 06:00:00,3.6161654,3.690367
2022-04-21 07:00:00,3.979378,3.6969972
2022-04-21 08:00:00,4.5450115,3.8304777
2022-04-21 09:00:00,5.1021137,4.1711574
2022-04-21 10:00:00,5.122431,4.4130197
2022-04-21 11:00:00,5.014011,4.453869
2022-04-21 12:00:00,4.6614447,4.3628154
2022-04-21 13:00:00,4.437958,4.282187
2022-04-21 14:00:00,4.2050858,4.250792
2022-04-21 15:00:00,4.033555,4.1647573
2022-04-21 16:00:00,3.9306147,4.093422
2022-04-21 17:00:00,3.7626467,3.8238747
2022-04-21 18:00:00,3.6132267,3.6939027
2022-04-21 19:00:00,3.6436563,3.783967
2022-04-21 20:00:00,4.126025,3.810953
2022-04-21 21:00:00,4.537854,3.792269
2022-04-21 22:00:00,4.7503614,4.05502
2022-04-21 23:00:00,4.6135335,4.1916122
2022-04-22 00:00:00,4.266679,4.1597447
2022-04-22 01:00:00,4.1398487,4.0957503
2022-04-22 02:00:00,3.991026,4.0544276
2022-04-22 03:00:00,3.890658,3.9450395
2022-04-22 04:00:00,3.7314975,3.8428278
2022-04-22 05:00:00,3.610404,3.681745
2022-04-22 06:00:00,3.5721056,3.6284485
2022-04-22 07:00:00,3.5762115,3.6920147
2022-04-22 08:00:00,4.2793603,3.6884565
2022-04-22 09:00:00,4.6518283,3.7601085
2022-04-22 10:00:00,5.164671,4.19303
2022-04-22 11:00:00,4.9747605,4.274205
2022-04-22 12:00:00,4.607181,4.366832
2022-04-22 13:00:00,4.441871,4.261681
2022-04-22 14:00:00,4.2814317,4.2790227
2022-04-22 15:00:00,4.0450683,4.236692
2022-04-22 16:00:00,3.9456325,4.0811086
2022-04-22 17:00:00,3.8431013,3.9153695
2022-04-22 18:00:00,3.707666,3.8159945
2022-04-22 19:00:00,3.6573555,3.7475471
2022-04-22 20:00:00,3.7860305,3.6624196
2022-04-22 21:00:00,4.4477305,3.7553446
2022-04-22 22:00:00,4.4545903,3.802911
2022-04-22 23:00:00,4.41264,3.9044025
2022-04-23 00:00:00,4.405007,4.0848365
2022-04-23 01:00:00,4.1200457,4.078145
2022-04-23 02:00:00,3.9053948,3.9902864
2022-04-23 03:00:00,3.8234665,3.959002
2022-04-23 04:00:00,3.7363207,3.864966
2022-04-23 05:00:00,3.6383502,3.6815479
2022-04-23 06:00:00,3.5834877,3.6669314
2022-04-23 07:00:00,3.5375006,3.5683649
2022-04-23 08:00:00,3.6862535,3.577096
2022-04-23 09:00:00,4.3501368,3.6923504
2022-04-23 10:00:00,4.5256767,3.9391186
2022-04-23 11:00:00,4.8985214,4.1976533
2022-04-23 12:00:00,4.8565917,4.3014345
2022-04-23 13:00:00,4.5597544,4.337949
2022-04-23 14:00:00,4.4434533,4.2510347
2022-04-23 15:00:00,4.335096,4.204119
2022-04-23 16:00:00,4.1754694,4.2639275
2022-04-23 17:00:00,3.9823887,3.992227
2022-04-23 18:00:00,3.915873,3.9080188
2022-04-23 19:00:00,3.8511953,3.755238
2022-04-23 20:00:00,3.825918,3.7017007
2022-04-23 21:00:00,3.9694371,3.7322347
2022-04-23 22:00:00,4.0562525,3.6747758
2022-04-23 23:00:00,4.2594438,3.7303421
2022-04-24 00:00:00,4.2868743,3.8571193
2022-04-24 01:00:00,4.339515,3.967713
2022-04-24 02:00:00,4.016765,3.963743
2022-04-24 03:00:00,4.0115037,3.9292827
2022-04-24 04:00:00,3.9097874,3.8911197
2022-04-24 05:00:00,3.808076,3.7763758
2022-04-24 06:00:00,3.71031,3.6136787
2022-04-24 07:00:00,3.7279916,3.5677888
2022-04-24 08:00:00,3.6038647,3.6014023
2022-04-24 09:00:00,3.9615242,3.5923314
2022-04-24 10:00:00,4.3299737,3.7674804
2022-04-24 11:00:00,4.4111342,3.8011405
2022-04-24 12:00:00,4.59131,4.0126147
2022-04-24 13:00:00,4.669691,4.1915445
2022-04-24 14:00:00,4.4790225,4.187451
2022-04-24 15:00:00,4.431302,4.016913
2022-04-24 16:00:00,4.2246556,3.845355
2022-04-24 17:00:00,4.108926,3.7470002
2022-04-24 18:00:00,4.013462,3.756269
2022-04-24 19:00:00,3.9319184,3.6395428
2022-04-24 20:00:00,3.8828487,3.6303778
2022-04-24 21:00:00,3.8738198,3.637546
2022-04-24 22:00:00,3.8857028,3.647395
2022-04-24 23:00:00,3.9157937,3.658071
2022-04-25 00:00:00,3.9209208,3.603003
2022-04-25 01:00:00,4.1303825,3.6017678
2022-04-25 02:00:00,4.2549396,3.603414
2022-04-25 03:00:00,4.306395,3.600951
2022-04-25 04:00:00,4.0644197,3.6190417
2022-04-25 05:00:00,4.0158644,3.609855
2022-04-25 06:00:00,3.9034915,3.549466
2022-04-25 07:00:00,3.9423082,3.5572712
2022-04-25 08:00:00,3.8663962,3.6057193
2022-04-25 09:00:00,3.8216133,3.6099095
2022-04-25 10:00:00,3.8915694,3.5653722
2022-04-25 11:00:00,3.9524193,3.6214168
2022-04-25 12:00:00,4.3004193,3.7076523
2022-04-25 13:00:00,4.462644,3.8355458
2022-04-25 14:00:00,4.7710924,3.9029284
2022-04-25 15:00:00,4.6951785,3.9210904
2022-04-25 16:00:00,4.5783734,4.055523
2022-04-25 17:00:00,4.641231,4.039095
2022-04-25 18:00:00,4.414273,4.0725384
2022-04-25 19:00:00,4.231757,4.03735
2022-04-25 20:00:00,4.121405,4.0259857
2022-04-25 21:00:00,4.046942,4.036313
2022-04-25 22:00:00,3.9719272,3.9482098
2022-04-25 23:00:00,3.9649029,3.8648129
2022-04-26 00:00:00,4.055591,3.8921309
2022-04-26 01:00:00,4.438691,3.9821029
2022-04-26 02:00:00,4.369268,4.0895004
2022-04-26 03:00:00,4.085942,4.1287208
2022-04-26 04:00:00,4.4746614,4.0242515
2022-04-26 05:00:00,4.327344,3.9641125
2022-04-26 06:00:00,4.205314,4.0380635
2022-04-26 07:00:00,4.1007967,3.9260268
2022-04-26 08:00:00,4.037388,3.9071355
2022-04-26 09:00:00,4.0534925,3.9279878
2022-04-26 10:00:00,3.924422,4.0046043
2022-04-26 11:00:00,3.828758,3.8327038
2022-04-26 12:00:00,3.7755072,3.8379796
2022-04-26 13:00:00,3.9073308,3.8749006
2022-04-26 14:00:00,4.4135876,3.9590154
2022-04-26 15:00:00,4.6713705,4.0049577
2022-04-26 16:00:00,4.904284,4.0428963
2022-04-26 17:00:00,4.873357,3.971956
2022-04-26 18:00:00,4.5564823,3.8645597
2022-04-26 19:00:00,4.412542,3.8268583
2022-04-26 20:00:00,4.2917075,3.8132637
2022-04-26 21:00:00,4.2082467,3.8063731
2022-04-26 22:00:00,4.020178,3.786404
2022-04-26 23:00:00,3.928733,3.7924476
2022-04-27 00:00:00,3.8665273,3.7030952
2022-04-27 01:00:00,3.848557,3.6986687
2022-04-27 02:00:00,4.116065,3.7577362
2022-04-27 03:00:00,4.4847,3.8322592
2022-04-27 04:00:00,4.7463098,3.9865313
2022-04-27 05:00:00,4.8143063,4.1780868
2022-04-27 06:00:00,4.602331,4.2686214
2022-04-27 07:00:00,4.4037457,4.2608485
2022-04-27 08:00:00,4.292056,4.2101693
2022-04-27 09:00:00,4.1995697,4.111204
2022-04-27 10:00:00,4.117471,4.02047
2022-04-27 11:00:00,3.9391468,3.924947
2022-04-27 12:00:00,3.9191089,3.8651986
2022-04-27 13:00:00,3.935415,3.792618
2022-04-27 14:00:00,4.14026,3.853325
2022-04-27 15:00:00,4.4859767,3.9494696
2022-04-27 16:00:00,4.79111,4.217362
2022-04-27 17:00:00,5.2418814,4.680422
2022-04-27 18:00:00,5.1537185,4.6617203
2022-04-27 19:00:00,4.844369,4.5732007
2022-04-27 20:00:00,4.635659,4.402092
2022-04-27 21:00:00,4.456524,4.2896147
2022-04-27 22:00:00,4.371162,4.2960253
2022-04-27 23:00:00,4.185419,4.198195
2022-04-28 00:00:00,4.045821,4.0220823
2022-04-28 01:00:00,4.052148,4.0543876
2022-04-28 02:00:00,4.190113,3.9489572
2022-04-28 03:00:00,4.494171,3.9493954
2022-04-28 04:00:00,4.650934,3.9879265
2022-04-28 05:00:00,4.9768147,4.2572923
2022-04-28 06:00:00,4.94012,4.4833484
2022-04-28 07:00:00,4.795349,4.571072
2022-04-28 08:00:00,4.6337056,4.4759173
2022-04-28 09:00:00,4.5498238,4.343621
2022-04-28 10:00:00,4.393088,4.233492
2022-04-28 11:00:00,4.201184,4.1345363
2022-04-28 12:00:00,4.107374,4.037711
2022-04-28 13:00:00,4.0237117,4.037595
2022-04-28 14:00:00,3.988977,4.059273
2022-04-28 15:00:00,4.3560524,3.9927955
2022-04-28 16:00:00,4.4446225,4.0350604
2022-04-28 17:00:00,5.1980157,4.2977576
2022-04-28 18:00:00,5.1555076,4.5212855
2022-04-28 19:00:00,4.978273,4.4948344
2022-04-28 20:00:00,4.7992487,4.479177
2022-04-28 21:00:00,4.632461,4.4273562
2022-04-28 22:00:00,4.4662776,4.410981
2022-04-28 23:00:00,4.278224,4.313454
2022-04-29 00:00:00,4.1702023,4.1438017
2022-04-29 01:00:00,4.11362,3.9606743
2022-04-29 02:00:00,4.0385895,3.9593678
2022-04-29 03:00:00,4.2844796,3.9584203
2022-04-29 04:00:00,4.7656565,3.975156
2022-04-29 05:00:00,4.916751,4.1194634
2022-04-29 06:00:00,5.1588326,4.172418
2022-04-29 07:00:00,5.2423706,4.219419
2022-04-29 08:00:00,4.9939456,3.9892306
2022-04-29 09:00:00,4.7976665,3.8032386
2022-04-29 10:00:00,4.6150746,3.8849845
2022-04-29 11:00:00,4.462051,3.891367
2022-04-29 12:00:00,4.267097,3.8702245
2022-04-29 13:00:00,4.1577353,3.8689384
2022-04-29 14:00:00,4.0310726,3.8547962
2022-04-29 15:00:00,4.081985,3.8928385
2022-04-29 16:00:00,4.804039,4.060779
2022-04-29 17:00:00,5.0799475,4.3170257
2022-04-29 18:00:00,5.487522,4.4780974
2022-04-29 19:00:00,5.246174,4.613969
2022-04-29 20:00:00,5.07605,4.483484
2022-04-29 21:00:00,4.8619113,4.28975
2022-04-29 22:00:00,4.6172953,4.2700276
2022-04-29 23:00:00,4.546862,4.311814
2022-04-30 00:00:00,4.368287,4.301231
2022-04-30 01:00:00,4.171192,4.2073655
2022-04-30 02:00:00,4.1098447,4.0437
2022-04-30 03:00:00,4.0874696,4.0733976
2022-04-30 04:00:00,4.4662914,4.0977674
2022-04-30 05:00:00,4.8561788,4.074875
2022-04-30 06:00:00,5.320226,4.357486
2022-04-30 07:00:00,5.293475,4.4973373
2022-04-30 08:00:00,5.1332884,4.570362
2022-04-30 09:00:00,4.9456325,4.395737
2022-04-30 10:00:00,4.687765,4.3431444
2022-04-30 11:00:00,4.543428,4.344865
2022-04-30 12:00:00,4.4654946,4.263416
2022-04-30 13:00:00,4.272583,4.2341557
2022-04-30 14:00:00,4.180983,4.1434503
2022-04-30 15:00:00,4.0363836,3.9445493
2022-04-30 16:00:00,4.1811805,4.016462
2022-04-30 17:00:00,4.949223,4.0987935
2022-04-30 18:00:00,5.080849,4.01138
2022-04-30 19:00:00,5.195901,4.3114176
2022-04-30 20:00:00,5.1931605,4.368774
2022-04-30 21:00:00,4.8942437,4.5224695
2022-04-30 22:00:00,4.687128,4.2750177
2022-04-30 23:00:00,4.531791,4.339582
2022-05-01 00:00:00,4.374674,4.246087
2022-05-01 01:00:00,4.1868534,4.132233
2022-05-01 02:00:00,4.075763,4.0432
2022-05-01 03:00:00,3.9839373,4.0362487
2022-05-01 04:00:00,4.17721,3.9018323
2022-05-01 05:00:00,4.9161396,3.9755604
2022-05-01 06:00:00,4.985584,4.112496
2022-05-01 07:00:00,5.446686,4.4245324
2022-05-01 08:00:00,5.3058176,4.587224
2022-05-01 09:00:00,5.037276,4.4467316
2022-05-01 10:00:00,4.830092,4.439593
2022-05-01 11:00:00,4.6931224,4.343207
2022-05-01 12:00:00,4.5457296,4.3351126
2022-05-01 13:00:00,4.3535066,4.315034
2022-05-01 14:00:00,4.1596518,4.2081604
2022-05-01 15:00:00,4.069174,4.0210094
2022-05-01 16:00:00,4.0396357,3.9509642
2022-05-01 17:00:00,4.638247,4.112166
2022-05-01 18:00:00,5.046133,4.113246
2022-05-01 19:00:00,5.3073936,4.055666
2022-05-01 20:00:00,5.171114,3.9674697
2022-05-01 21:00:00,4.974728,3.8576884
2022-05-01 22:00:00,4.764608,3.9074466
2022-05-01 23:00:00,4.609653,3.9132683
2022-05-02 00:00:00,4.5551248,3.926044
2022-05-02 01:00:00,4.3860717,3.7951794
2022-05-02 02:00:00,4.1925235,3.7707322
2022-05-02 03:00:00,4.0983596,3.7771318
2022-05-02 04:00:00,4.0537624,3.779418
2022-05-02 05:00:00,4.70832,3.8083415
2022-05-02 06:00:00,4.936414,3.9604886
2022-05-02 07:00:00,5.3613114,4.1755023
2022-05-02 08:00:00,5.377072,4.4495015
2022-05-02 09:00:00,5.1712584,4.3954854
2022-05-02 10:00:00,5.0012236,4.265108
2022-05-02 11:00:00,4.878062,4.3157053
2022-05-02 12:00:00,4.643934,4.3007865
2022-05-02 13:00:00,4.4541664,4.2005806
2022-05-02 14:00:00,4.3462763,4.2039423
2022-05-02 15:00:00,4.206737,4.1107183
2022-05-02 16:00:00,4.16069,4.124706
2022-05-02 17:00:00,4.1527457,3.9741807
2022-05-02 18:00:00,4.6283336,3.9853544
2022-05-02 19:00:00,5.036426,3.9672554
2022-05-02 20:00:00,5.256721,4.0107527
2022-05-02 21:00:00,4.79717,3.8597448
2022-05-02 22:00:00,4.7713327,3.7292976
2022-05-02 23:00:00,4.7555275,3.814701
2022-05-03 00:00:00,4.569755,3.8128304
2022-05-03 01:00:00,4.4030743,3.7318752
2022-05-03 02:00:00,4.233259,3.67045
2022-05-03 03:00:00,4.1182804,3.7132366
2022-05-03 04:00:00,4.0936117,3.6633956
2022-05-03 05:00:00,4.1315894,3.6624053
2022-05-03 06:00:00,4.7832007,3.8578584
2022-05-03 07:00:00,5.049872,4.131244
2022-05-03 08:00:00,5.7186933,4.404283
2022-05-03 09:00:00,5.400346,4.5119147
2022-05-03 10:00:00,5.1744514,4.3182163
2022-05-03 11:00:00,5.0384192,4.3220243
2022-05-03 12:00:00,4.801056,4.1906543
2022-05-03 13:00:00,4.640926,4.1979656
2022-05-03 14:00:00,4.4455476,4.184886
2022-05-03 15:00:00,4.334107,4.107425
2022-05-03 16:00:00,4.278988,4.1189585
2022-05-03 17:00:00,4.207531,4.04293
2022-05-03 18:00:00,4.4312105,4.0219374
2022-05-03 19:00:00,4.883335,3.8910508
2022-05-03 20:00:00,5.2265863,3.9764333
2022-05-03 21:00:00,5.2514296,3.9483342
2022-05-03 22:00:00,5.0313544,3.8231378
2022-05-03 23:00:00,4.7416034,3.7671654
2022-05-04 00:00:00,4.6726213,3.7886283
2022-05-04 01:00:00,4.608777,3.748801
2022-05-04 02:00:00,4.423262,3.7294219
2022-05-04 03:00:00,4.325746,3.7245507
2022-05-04 04:00:00,4.1785636,3.7163832
2022-05-04 05:00:00,4.2788334,3.6740336
2022-05-04 06:00:00,4.573985,3.773996
2022-05-04 07:00:00,5.0323567,4.125058
2022-05-04 08:00:00,5.3508005,4.177082
2022-05-04 09:00:00,5.45971,4.336899
2022-05-04 10:00:00,5.2475767,4.401905
2022-05-04 11:00:00,5.068447,4.2679195
2022-05-04 12:00:00,4.893071,4.306076
2022-05-04 13:00:00,4.7413435,4.212528
2022-05-04 14:00:00,4.5585012,4.1897287
2022-05-04 15:00:00,4.456151,4.20575
2022-05-04 16:00:00,4.2960477,4.1192627
2022-05-04 17:00:00,4.2653756,4.133258
2022-05-04 18:00:00,4.2348633,3.9644995
2022-05-04 19:00:00,4.3575993,3.9993713
2022-05-04 20:00:00,5.160983,3.9722579
2022-05-04 21:00:00,5.267794,3.8716376
2022-05-04 22:00:00,4.950906,3.8557262
2022-05-04 23:00:00,4.769148,3.6697342
2022-05-05 00:00:00,4.785518,3.7274122
2022-05-05 01:00:00,4.591887,3.7348785
2022-05-05 02:00:00,4.509768,3.6827822
2022-05-05 03:00:00,4.4327455,3.7292898
2022-05-05 04:00:00,4.186634,3.661343
2022-05-05 05:00:00,4.181522,3.666047
2022-05-05 06:00:00,4.435215,3.6904576
2022-05-05 07:00:00,4.972645,4.0058475
2022-05-05 08:00:00,5.2891397,4.183037
2022-05-05 09:00:00,5.5392346,4.532119
2022-05-05 10:00:00,5.4643197,4.7334814
2022-05-05 11:00:00,5.1900144,4.6135263
2022-05-05 12:00:00,4.985509,4.5800443
2022-05-05 13:00:00,4.8152184,4.541441
2022-05-05 14:00:00,4.657387,4.337808
2022-05-05 15:00:00,4.5518703,4.3477554
2022-05-05 16:00:00,4.376933,4.261193
2022-05-05 17:00:00,4.3242702,4.199494
2022-05-05 18:00:00,4.2264156,4.1285324
2022-05-05 19:00:00,4.4662137,4.134302
2022-05-05 20:00:00,4.9394794,4.1384873
2022-05-05 21:00:00,5.019284,3.9712622
2022-05-05 22:00:00,5.0779614,3.9695344
2022-05-05 23:00:00,4.928059,3.7945547
2022-05-06 00:00:00,4.8253765,3.7469425
2022-05-06 01:00:00,4.6218987,3.7390342
2022-05-06 02:00:00,4.531425,3.7466044
2022-05-06 03:00:00,4.363313,3.6831133
2022-05-06 04:00:00,4.3553677,3.6803536
2022-05-06 05:00:00,4.218875,3.6675875
2022-05-06 06:00:00,4.334296,3.6768844
2022-05-06 07:00:00,4.8335238,3.8356323
2022-05-06 08:00:00,5.0646777,4.011566
2022-05-06 09:00:00,5.351139,4.1666217
2022-05-06 10:00:00,5.32686,4.3056307
2022-05-06 11:00:00,5.138528,4.2745314
2022-05-06 12:00:00,5.0611553,3.8456888
2022-05-06 13:00:00,4.9547358,3.7772503
2022-05-06 14:00:00,4.7805805,3.7785146
2022-05-06 15:00:00,4.6740913,3.7788134
2022-05-06 16:00:00,4.4935427,3.7729688
2022-05-06 17:00:00,4.339521,3.770936
2022-05-06 18:00:00,4.2971153,3.7248147
2022-05-06 19:00:00,4.447104,3.747563
2022-05-06 20:00:00,4.4521074,3.7490306
2022-05-06 21:00:00,5.076374,3.7398026
2022-05-06 22:00:00,5.10808,3.7140965
2022-05-06 23:00:00,4.8271174,3.6630046
2022-05-07 00:00:00,4.652775,3.633837
2022-05-07 01:00:00,4.636255,3.6379333
2022-05-07 02:00:00,4.448175,3.575862
2022-05-07 03:00:00,4.455138,3.6394053
2022-05-07 04:00:00,4.289287,3.5838215
2022-05-07 05:00:00,4.1877933,3.5813665
2022-05-07 06:00:00,4.216017,3.5936837
2022-05-07 07:00:00,4.4231186,3.672063
2022-05-07 08:00:00,4.998176,3.7757096
2022-05-07 09:00:00,5.1757464,3.786323
2022-05-07 10:00:00,5.2477064,3.7417638
2022-05-07 11:00:00,5.1909018,3.6373074
2022-05-07 12:00:00,4.9923983,3.6508734
2022-05-07 13:00:00,4.776213,3.6385753
2022-05-07 14:00:00,4.687542,3.646497
2022-05-07 15:00:00,4.600615,3.6564224
2022-05-07 16:00:00,4.4171376,3.6469662
2022-05-07 17:00:00,4.3311796,3.65333
2022-05-07 18:00:00,4.294675,3.6631784
2022-05-07 19:00:00,4.237453,3.6564867
2022-05-07 20:00:00,4.6078124,3.6310637
2022-05-07 21:00:00,4.753001,3.6841822
2022-05-07 22:00:00,4.729571,3.867178
2022-05-07 23:00:00,4.72943,3.9760008
2022-05-08 00:00:00,4.6555986,4.041332
2022-05-08 01:00:00,4.4556456,3.9480145
2022-05-08 02:00:00,4.301568,3.998788
2022-05-08 03:00:00,4.3800154,4.0384793
2022-05-08 04:00:00,4.2929745,3.926605
2022-05-08 05:00:00,4.2141542,3.9154007
2022-05-08 06:00:00,4.233555,3.8493395
2022-05-08 07:00:00,4.187186,3.8577223
2022-05-08 08:00:00,4.484561,3.9586418
2022-05-08 09:00:00,4.7968698,4.048989
2022-05-08 10:00:00,5.0636773,4.203141
2022-05-08 11:00:00,5.143339,4.2871118
2022-05-08 12:00:00,4.9605465,4.200954
2022-05-08 13:00:00,4.7613907,4.215486
2022-05-08 14:00:00,4.6419196,4.0916157
2022-05-08 15:00:00,4.539555,4.1738324
2022-05-08 16:00:00,4.5284243,4.097537
2022-05-08 17:00:00,4.3628316,4.060039
2022-05-08 18:00:00,4.2803993,4.063505
2022-05-08 19:00:00,4.2461,4.0852556
2022-05-08 20:00:00,4.2869844,4.011276
2022-05-08 21:00:00,4.3778834,3.8308933
2022-05-08 22:00:00,4.6624045,3.7668505
2022-05-08 23:00:00,4.444495,3.6757045
2022-05-09 00:00:00,4.4869084,3.6733944
2022-05-09 01:00:00,4.4433923,3.6731608
2022-05-09 02:00:00,4.348059,3.662252
2022-05-09 03:00:00,4.2261925,3.5981407
2022-05-09 04:00:00,4.2477856,3.6072505
2022-05-09 05:00:00,4.1604033,3.6029792
2022-05-09 06:00:00,4.1384883,3.5985448
2022-05-09 07:00:00,4.199659,3.5989683
2022-05-09 08:00:00,4.4356985,3.61569
2022-05-09 09:00:00,4.5061865,3.670357
2022-05-09 10:00:00,4.601926,3.9185991
2022-05-09 11:00:00,4.859589,4.083061
2022-05-09 12:00:00,4.868518,4.0240016
2022-05-09 13:00:00,4.6273656,4.1181607
2022-05-09 14:00:00,4.8218703,4.039264
2022-05-09 15:00:00,4.592156,4.0620155
2022-05-09 16:00:00,4.468274,4.045258
2022-05-09 17:00:00,4.3701687,4.0355225
2022-05-09 18:00:00,4.3010654,4.0327625
2022-05-09 19:00:00,4.2296076,3.95639
2022-05-09 20:00:00,4.1782827,3.9704657
2022-05-09 21:00:00,4.3520055,3.8297732
2022-05-09 22:00:00,4.3281956,3.7304473
2022-05-09 23:00:00,4.246949,3.663989
2022-05-10 00:00:00,4.351523,3.6167643
2022-05-10 01:00:00,4.3060455,3.6630769
2022-05-10 02:00:00,4.244926,3.6615274
2022-05-10 03:00:00,4.3274355,3.615054
2022-05-10 04:00:00,4.2882676,3.6054084
2022-05-10 05:00:00,4.257338,3.6038756
2022-05-10 06:00:00,4.1992683,3.5954812
2022-05-10 07:00:00,4.2215824,3.5966258
2022-05-10 08:00:00,4.2446146,3.5946224
2022-05-10 09:00:00,4.246622,3.6360295
2022-05-10 10:00:00,4.2418056,3.722182
2022-05-10 11:00:00,4.5542674,3.8071952
2022-05-10 12:00:00,4.7384167,4.0492787
2022-05-10 13:00:00,4.898013,4.1725717
2022-05-10 14:00:00,4.8365793,4.207444
2022-05-10 15:00:00,4.8293843,4.1614127
2022-05-10 16:00:00,4.5972166,4.17498
2022-05-10 17:00:00,4.4974236,4.148356
2022-05-10 18:00:00,4.4048862,4.127165
2022-05-10 19:00:00,4.294105,4.0309024
2022-05-10 20:00:00,4.2100782,4.0405016
2022-05-10 21:00:00,4.155438,3.9656348
2022-05-10 22:00:00,4.190506,3.813756
2022-05-10 23:00:00,4.214381,3.678501
2022-05-11 00:00:00,4.1738424,3.6682749
2022-05-11 01:00:00,4.1888213,3.6734672
2022-05-11 02:00:00,4.392937,3.7099254
2022-05-11 03:00:00,4.220957,3.6804721
2022-05-11 04:00:00,4.441143,3.6312265
2022-05-11 05:00:00,4.438088,3.623896
2022-05-11 06:00:00,4.343817,3.6118596
2022-05-11 07:00:00,4.2165594,3.59347
2022-05-11 08:00:00,4.2586803,3.5410924
2022-05-11 09:00:00,4.1123724,3.5676835
2022-05-11 10:00:00,4.1317606,3.5256536
2022-05-11 11:00:00,4.161461,3.7142932
2022-05-11 12:00:00,4.1523776,3.8495636
2022-05-11 13:00:00,4.5836983,3.9401743
2022-05-11 14:00:00,4.721739,4.0403485
2022-05-11 15:00:00,4.950105,4.19336
2022-05-11 16:00:00,4.9667253,4.2389812
2022-05-11 17:00:00,4.586152,4.184953
2022-05-11 18:00:00,4.4906335,4.1345797
2022-05-11 19:00:00,4.3675823,4.0990763
2022-05-11 20:00:00,4.2702055,4.104454
2022-05-11 21:00:00,4.1862984,4.042553
2022-05-11 22:00:00,4.0854607,3.9554634
2022-05-11 23:00:00,4.0533524,3.7175474
2022-05-12 00:00:00,4.036014,3.6643913
2022-05-12 01:00:00,4.055698,3.6682265
2022-05-12 02:00:00,4.422462,3.6507926
2022-05-12 03:00:00,4.5187135,3.7458239
2022-05-12 04:00:00,4.7941732,3.8167527
2022-05-12 05:00:00,4.671683,3.6500645
2022-05-12 06:00:00,4.460158,3.6124556
2022-05-12 07:00:00,4.4157596,3.6073005
2022-05-12 08:00:00,4.33103,3.653364
2022-05-12 09:00:00,4.3335204,3.5998185
2022-05-12 10:00:00,4.15331,3.6269965
2022-05-12 11:00:00,4.1317763,3.6356475
2022-05-12 12:00:00,4.028016,3.7767055
2022-05-12 13:00:00,4.2519794,3.8637788
2022-05-12 14:00:00,4.761772,4.0783434
2022-05-12 15:00:00,4.9124265,4.0777864
2022-05-12 16:00:00,4.984832,4.263196
2022-05-12 17:00:00,4.9111023,4.4035907
2022-05-12 18:00:00,4.809242,4.3081264
2022-05-12 19:00:00,4.6183763,4.3017144
2022-05-12 20:00:00,4.4158645,4.270759
2022-05-12 21:00:00,4.32131,4.19058
2022-05-12 22:00:00,4.220725,4.1174774
2022-05-12 23:00:00,4.1415696,4.0510626
2022-05-13 00:00:00,4.01265,3.775507
2022-05-13 01:00:00,4.136661,3.7306948
2022-05-13 02:00:00,4.1003857,3.747096
2022-05-13 03:00:00,4.6380744,3.7793303
2022-05-13 04:00:00,4.896795,3.825216
2022-05-13 05:00:00,5.019214,3.952804
2022-05-13 06:00:00,4.869383,3.743158
2022-05-13 07:00:00,4.711313,3.7645419
2022-05-13 08:00:00,4.5922055,3.681243
2022-05-13 09:00:00,4.4906588,3.6673229
2022-05-13 10:00:00,4.3152575,3.649038
2022-05-13 11:00:00,4.2496033,3.652066
2022-05-13 12:00:00,4.031695,3.7424445
2022-05-13 13:00:00,4.013817,3.7747912
2022-05-13 14:00:00,4.136844,3.9209154
2022-05-13 15:00:00,4.8875213,4.0835967
2022-05-13 16:00:00,5.1932526,4.2365494
2022-05-13 17:00:00,5.275108,4.317856
2022-05-13 18:00:00,5.0310273,4.472414
2022-05-13 19:00:00,4.866385,4.361892
2022-05-13 20:00:00,4.665012,4.2760878
2022-05-13 21:00:00,4.579042,4.287443
2022-05-13 22:00:00,4.401823,4.202033
2022-05-13 23:00:00,4.316854,4.217417
2022-05-14 00:00:00,4.1266613,4.1286626
2022-05-14 01:00:00,4.102154,3.8690836
2022-05-14 02:00:00,4.1080675,3.734132
2022-05-14 03:00:00,4.488262,3.711226
2022-05-14 04:00:00,4.8981633,3.7870288
2022-05-14 05:00:00,5.233387,3.864273
2022-05-14 06:00:00,5.1782475,3.7737863
2022-05-14 07:00:00,5.020933,3.6971245
2022-05-14 08:00:00,4.8955126,3.683251
2022-05-14 09:00:00,4.7275014,3.6841953
2022-05-14 10:00:00,4.6544094,3.6875944
2022-05-14 11:00:00,4.3882017,3.6592712
2022-05-14 12:00:00,4.268115,3.7094126
2022-05-14 13:00:00,4.196414,3.717695
2022-05-14 14:00:00,4.1218576,3.656616
2022-05-14 15:00:00,4.7806196,3.7992218
2022-05-14 16:00:00,5.075857,4.005223
2022-05-14 17:00:00,5.3761144,4.192899
2022-05-14 18:00:00,5.3984275,4.3557305
2022-05-14 19:00:00,5.0746055,4.2602572
2022-05-14 20:00:00,4.8915024,4.131997
2022-05-14 21:00:00,4.710496,4.1846004
2022-05-14 22:00:00,4.55658,4.1039996
2022-05-14 23:00:00,4.4742684,4.1070833
2022-05-15 00:00:00,4.291716,4.097055
2022-05-15 01:00:00,4.2040424,4.025172
2022-05-15 02:00:00,4.1039457,3.7754838
2022-05-15 03:00:00,4.2001386,3.7325072
2022-05-15 04:00:00,4.913276,3.7370665
2022-05-15 05:00:00,5.129859,3.7770867
2022-05-15 06:00:00,5.419001,3.8284664
2022-05-15 07:00:00,5.3759413,3.7244806
2022-05-15 08:00:00,5.1020994,3.6719594
2022-05-15 09:00:00,4.9810286,3.6756356
2022-05-15 10:00:00,4.810183,3.6841712
2022-05-15 11:00:00,4.5685997,3.6730788
2022-05-15 12:00:00,4.4878316,3.6690886
2022-05-15 13:00:00,4.4415026,3.6730769
2022-05-15 14:00:00,4.2345467,3.649539
2022-05-15 15:00:00,4.231199,3.6643429
2022-05-15 16:00:00,4.4222784,3.8073099
2022-05-15 17:00:00,5.0620503,3.9568517
2022-05-15 18:00:00,5.436442,4.2843103
2022-05-15 19:00:00,5.3778324,4.534566
2022-05-15 20:00:00,5.1033697,4.452747
2022-05-15 21:00:00,4.947488,4.4291234
2022-05-15 22:00:00,4.7715583,4.3823314
2022-05-15 23:00:00,4.594169,4.2586074
2022-05-16 00:00:00,4.398212,4.237051
2022-05-16 01:00:00,4.295949,4.1839232
2022-05-16 02:00:00,4.1785336,4.0046344
2022-05-16 03:00:00,4.190368,3.7798615
2022-05-16 04:00:00,4.3945193,3.7493272
2022-05-16 05:00:00,5.061707,3.772023
2022-05-16 06:00:00,5.338433,3.8386428
2022-05-16 07:00:00,5.5968356,3.845747
2022-05-16 08:00:00,5.3244386,3.705495
2022-05-16 09:00:00,5.121545,3.6744132
2022-05-16 10:00:00,5.061071,3.6452951
2022-05-16 11:00:00,4.836198,3.6944149
2022-05-16 12:00:00,4.642549,3.741931
2022-05-16 13:00:00,4.5132217,3.7982337
2022-05-16 14:00:00,4.266411,3.9593391
2022-05-16 15:00:00,4.199513,3.9715157
2022-05-16 16:00:00,4.252055,3.9815814
2022-05-16 17:00:00,5.123999,4.1834254
2022-05-16 18:00:00,5.3367357,4.1944056
2022-05-16 19:00:00,5.443366,4.293038
2022-05-16 20:00:00,5.2808175,4.266757
2022-05-16 21:00:00,5.1017003,4.2577324
2022-05-16 22:00:00,4.890587,4.09063
2022-05-16 23:00:00,4.7100005,4.2017317
2022-05-17 00:00:00,4.5732355,4.144653
2022-05-17 01:00:00,4.3852077,4.142178
2022-05-17 02:00:00,4.280655,4.056207
2022-05-17 03:00:00,4.1574807,4.0506973
2022-05-17 04:00:00,4.232599,3.9939885
2022-05-17 05:00:00,4.4824805,3.9625158
2022-05-17 06:00:00,5.2044225,3.9978333
2022-05-17 07:00:00,5.6615744,4.320231
2022-05-17 08:00:00,5.7396364,4.459207
2022-05-17 09:00:00,5.4317207,4.5940213
2022-05-17 10:00:00,5.1756926,4.370252
2022-05-17 11:00:00,5.0458755,4.451376
2022-05-17 12:00:00,4.920516,4.552441
2022-05-17 13:00:00,4.7343574,4.440924
2022-05-17 14:00:00,4.5396,4.3139224
2022-05-17 15:00:00,4.361251,4.2905207
2022-05-17 16:00:00,4.319979,4.211316
2022-05-17 17:00:00,4.3574204,4.154274
2022-05-17 18:00:00,4.8516836,4.1629624
2022-05-17 19:00:00,5.3477173,4.071405
2022-05-17 20:00:00,5.5413294,3.9712365
2022-05-17 21:00:00,5.34499,3.8691866
2022-05-17 22:00:00,5.10791,3.7913702
2022-05-17 23:00:00,5.0103393,3.747432
2022-05-18 00:00:00,4.742133,3.7438362
2022-05-18 01:00:00,4.590378,3.7481003
2022-05-18 02:00:00,4.481338,3.692642
2022-05-18 03:00:00,4.4243755,3.6830587
2022-05-18 04:00:00,4.308451,3.673113
2022-05-18 05:00:00,4.4180737,3.6871948
2022-05-18 06:00:00,5.028434,3.8350952
2022-05-18 07:00:00,5.5309844,4.227651
2022-05-18 08:00:00,5.8794827,4.5122147
2022-05-18 09:00:00,5.8637357,4.5676694
2022-05-18 10:00:00,5.47817,4.4126124
2022-05-18 11:00:00,5.2991714,4.4277735
2022-05-18 12:00:00,5.08625,4.4988813
2022-05-18 13:00:00,4.916822,4.492627
2022-05-18 14:00:00,4.736837,4.4727707
2022-05-18 15:00:00,4.541898,4.3668303
2022-05-18 16:00:00,4.2900453,4.2501826
2022-05-18 17:00:00,4.28516,4.389498
2022-05-18 18:00:00,4.651367,4.392952
2022-05-18 19:00:00,4.9341216,4.3327084
2022-05-18 20:00:00,5.295492,4.112445
2022-05-18 21:00:00,5.4727077,4.03114
2022-05-18 22:00:00,5.2325006,3.8219278
2022-05-18 23:00:00,5.000063,3.737172
2022-05-19 00:00:00,4.8439527,3.6932504
2022-05-19 01:00:00,4.7842574,3.7052584
2022-05-19 02:00:00,4.605455,3.6937404
2022-05-19 03:00:00,4.526429,3.642161
2022-05-19 04:00:00,4.4287763,3.6321828
2022-05-19 05:00:00,4.3871217,3.6886184
2022-05-19 06:00:00,4.8698516,3.6229305
2022-05-19 07:00:00,5.221101,3.887749
2022-05-19 08:00:00,5.7222953,4.29834
2022-05-19 09:00:00,5.8930697,4.597404
2022-05-19 10:00:00,5.7666492,4.6172037
2022-05-19 11:00:00,5.511569,4.532296
2022-05-19 12:00:00,5.3539176,4.5389833
2022-05-19 13:00:00,5.1979117,4.51371
2022-05-19 14:00:00,4.9254656,4.470072
2022-05-19 15:00:00,4.736487,4.4608426
2022-05-19 16:00:00,4.651888,4.3671393
2022-05-19 17:00:00,4.494706,4.272302
2022-05-19 18:00:00,4.500309,4.2232757
2022-05-19 19:00:00,4.662767,4.170429
2022-05-19 20:00:00,5.299711,4.108108
2022-05-19 21:00:00,5.5419264,3.9460497
2022-05-19 22:00:00,5.336888,3.76625
2022-05-19 23:00:00,5.217596,3.6840396
2022-05-20 00:00:00,5.0369987,3.673256
2022-05-20 01:00:00,4.869846,3.6879048
2022-05-20 02:00:00,4.8197365,3.7000744
2022-05-20 03:00:00,4.6449876,3.6871574
2022-05-20 04:00:00,4.456181,3.678487
2022-05-20 05:00:00,4.486,3.6892653
2022-05-20 06:00:00,4.526795,3.6999023
2022-05-20 07:00:00,5.099648,3.686533
2022-05-20 08:00:00,5.3883376,4.1436615
2022-05-20 09:00:00,5.74068,4.372451
2022-05-20 10:00:00,5.7551827,4.476003
2022-05-20 11:00:00,5.5251784,4.5001173
2022-05-20 12:00:00,5.364283,4.4885178
2022-05-20 13:00:00,5.197202,4.419679
2022-05-20 14:00:00,5.038665,4.408022
2022-05-20 15:00:00,4.865003,4.2985206
2022-05-20 16:00:00,4.7599244,4.292597
2022-05-20 17:00:00,4.5989437,4.280769
2022-05-20 18:00:00,4.5568233,4.229025
2022-05-20 19:00:00,4.61438,4.160013
2022-05-20 20:00:00,4.7317123,4.0852327
2022-05-20 21:00:00,5.1410165,3.9702055
2022-05-20 22:00:00,5.4096603,3.8122163
2022-05-20 23:00:00,5.187981,3.7572746
2022-05-21 00:00:00,5.043589,3.6711717
2022-05-21 01:00:00,4.931243,3.6684499
2022-05-21 02:00:00,4.818903,3.741355
2022-05-21 03:00:00,4.7557673,3.753023
2022-05-21 04:00:00,4.591005,3.683403
2022-05-21 05:00:00,4.4897723,3.6789582
2022-05-21 06:00:00,4.4701095,3.6814008
2022-05-21 07:00:00,4.830649,3.6574433
2022-05-21 08:00:00,5.236447,3.9928017
2022-05-21 09:00:00,5.3337517,4.1364393
2022-05-21 10:00:00,5.6888294,4.4215016
2022-05-21 11:00:00,5.5949836,4.399608
2022-05-21 12:00:00,5.542253,4.4017577
2022-05-21 13:00:00,5.314727,4.3749895
2022-05-21 14:00:00,5.138958,4.32939
2022-05-21 15:00:00,5.054756,4.332371
2022-05-21 16:00:00,4.878257,4.3078833
2022-05-21 17:00:00,4.7006073,4.197799
2022-05-21 18:00:00,4.6251183,4.12153
2022-05-21 19:00:00,4.608845,4.1492867
2022-05-21 20:00:00,4.5967383,4.177548
2022-05-21 21:00:00,4.6773105,3.9788764
2022-05-21 22:00:00,5.20282,3.985123
2022-05-21 23:00:00,5.235385,3.7806923
2022-05-22 00:00:00,5.112654,3.6957119
2022-05-22 01:00:00,4.9865756,3.7324111
2022-05-22 02:00:00,4.8639274,3.7301073
2022-05-22 03:00:00,4.7633348,3.677432
2022-05-22 04:00:00,4.678519,3.6247618
2022-05-22 05:00:00,4.585608,3.6181512
2022-05-22 06:00:00,4.5585046,3.5660594
2022-05-22 07:00:00,4.5695143,3.6207278
2022-05-22 08:00:00,4.870464,3.7159998
2022-05-22 09:00:00,5.149817,3.9849024
2022-05-22 10:00:00,5.3748746,4.163396
2022-05-22 11:00:00,5.575509,4.42116
2022-05-22 12:00:00,5.433274,4.491486
2022-05-22 13:00:00,5.310819,4.3556128
2022-05-22 14:00:00,5.191178,4.2629304
2022-05-22 15:00:00,5.0049763,4.3159184
2022-05-22 16:00:00,4.9025564,4.206571
2022-05-22 17:00:00,4.813318,4.2101016
2022-05-22 18:00:00,4.7459044,4.232469
2022-05-22 19:00:00,4.5853405,4.2281833
2022-05-22 20:00:00,4.587396,4.16343
2022-05-22 21:00:00,4.6393766,4.103934
2022-05-22 22:00:00,4.5826054,3.8822365
2022-05-22 23:00:00,5.0246363,3.776578
2022-05-23 00:00:00,5.138254,3.9025156
2022-05-23 01:00:00,5.018044,3.7667408
2022-05-23 02:00:00,4.9435043,3.689787
2022-05-23 03:00:00,4.587943,3.5981576
2022-05-23 04:00:00,4.5902667,3.6607137
2022-05-23 05:00:00,4.662923,3.686715
2022-05-23 06:00:00,4.5968637,3.6848357
2022-05-23 07:00:00,4.574275,3.621818
2022-05-23 08:00:00,4.5206275,3.6674514
2022-05-23 09:00:00,4.5068126,3.6730525
2022-05-23 10:00:00,5.094755,3.680367
2022-05-23 11:00:00,5.2675133,4.1060214
2022-05-23 12:00:00,5.4294987,4.2620916
2022-05-23 13:00:00,5.4248915,4.279737
2022-05-23 14:00:00,5.233805,4.2759295
2022-05-23 15:00:00,5.1799746,4.217735
2022-05-23 16:00:00,5.050766,4.258338
2022-05-23 17:00:00,4.927688,4.3586254
2022-05-23 18:00:00,4.843642,4.3495026
2022-05-23 19:00:00,4.7510004,4.314954
2022-05-23 20:00:00,4.7042017,4.3241673
2022-05-23 21:00:00,4.683943,4.2612605
2022-05-23 22:00:00,4.726295,4.182847
2022-05-23 23:00:00,4.684733,3.8756654
2022-05-24 00:00:00,4.9275727,3.8137512
2022-05-24 01:00:00,4.7312756,3.7919586
2022-05-24 02:00:00,4.9445887,3.7546868
2022-05-24 03:00:00,5.021676,3.7094998
2022-05-24 04:00:00,4.8452315,3.6888888
2022-05-24 05:00:00,4.8172965,3.7473145
2022-05-24 06:00:00,4.7077203,3.6927702
2022-05-24 07:00:00,4.703481,3.6379724
2022-05-24 08:00:00,4.6175795,3.620364
2022-05-24 09:00:00,4.618618,3.5581717
2022-05-24 10:00:00,4.858945,3.6391234
2022-05-24 11:00:00,4.6909237,3.97949
2022-05-24 12:00:00,5.082343,4.0805783
2022-05-24 13:00:00,5.3272743,4.341154
2022-05-24 14:00:00,5.3275733,4.179457
2022-05-24 15:00:00,5.290909,4.330348
2022-05-24 16:00:00,5.1106043,4.3281426
2022-05-24 17:00:00,4.9735546,4.256307
2022-05-24 18:00:00,4.8966694,4.2144027
2022-05-24 19:00:00,4.847615,4.2219944
2022-05-24 20:00:00,4.6663113,4.215219
2022-05-24 21:00:00,4.5933704,4.247736
2022-05-24 22:00:00,4.6482267,4.184384
2022-05-24 23:00:00,4.5772038,4.0798545
2022-05-25 00:00:00,4.6815486,3.9028246
2022-05-25 01:00:00,4.739625,3.8208678
2022-05-25 02:00:00,5.009801,3.775351
2022-05-25 03:00:00,5.0796747,3.7144759
2022-05-25 04:00:00,5.1142592,3.7078075
2022-05-25 05:00:00,5.0278087,3.695419
2022-05-25 06:00:00,4.966519,3.6320856
2022-05-25 07:00:00,4.772724,3.6223788
2022-05-25 08:00:00,4.7093725,3.6842372
2022-05-25 09:00:00,4.667077,3.688552
2022-05-25 10:00:00,4.599522,3.6785324
2022-05-25 11:00:00,4.860355,3.703533
2022-05-25 12:00:00,4.660226,3.9231944
2022-05-25 13:00:00,5.0151196,4.1607795
2022-05-25 14:00:00,5.27909,4.213723
2022-05-25 15:00:00,5.2940135,4.1514378
2022-05-25 16:00:00,5.215679,4.295838
2022-05-25 17:00:00,5.1413517,4.337981
2022-05-25 18:00:00,4.997556,4.381166
2022-05-25 19:00:00,4.96071,4.251014
2022-05-25 20:00:00,4.850531,4.214911
2022-05-25 21:00:00,4.6755414,4.111256
2022-05-25 22:00:00,4.568409,4.240533
2022-05-25 23:00:00,4.5444326,4.269389
2022-05-26 00:00:00,4.5193796,3.8857827
2022-05-26 01:00:00,4.556967,3.7404985
2022-05-26 02:00:00,5.005559,3.7266564
2022-05-26 03:00:00,5.11388,3.7341888
2022-05-26 04:00:00,5.138176,3.7297955
2022-05-26 05:00:00,5.133864,3.7162342
2022-05-26 06:00:00,5.029085,3.6300757
2022-05-26 07:00:00,4.9532137,3.6209762
2022-05-26 08:00:00,4.8766823,3.634547
2022-05-26 09:00:00,4.7405705,3.6868608
2022-05-26 10:00:00,4.6443915,3.617684
2022-05-26 11:00:00,4.561023,3.6013212
2022-05-26 12:00:00,4.6997685,3.620315
2022-05-26 13:00:00,4.4906363,3.8916693
2022-05-26 14:00:00,4.9681387,3.9271064
2022-05-26 15:00:00,5.2470703,4.219037
2022-05-26 16:00:00,5.4067616,4.3389015
2022-05-26 17:00:00,5.345951,4.366102
2022-05-26 18:00:00,5.124752,4.2003717
2022-05-26 19:00:00,4.9481807,4.3431344
2022-05-26 20:00:00,4.883327,4.1122293
2022-05-26 21:00:00,4.837433,4.111208
2022-05-26 22:00:00,4.6515775,4.2107506
2022-05-26 23:00:00,4.5621405,4.1449437
2022-05-27 00:00:00,4.5221486,4.1457963
2022-05-27 01:00:00,4.552695,3.892827
2022-05-27 02:00:00,4.59662,3.8049853
2022-05-27 03:00:00,4.864466,3.7698886
2022-05-27 04:00:00,5.1886954,3.7404833
2022-05-27 05:00:00,5.4054217,3.745373
2022-05-27 06:00:00,5.2746887,3.7061698
2022-05-27 07:00:00,5.1437855,3.6846538
2022-05-27 08:00:00,4.9987535,3.6823568
2022-05-27 09:00:00,4.8160505,3.6842847
2022-05-27 10:00:00,4.7108583,3.6850762
2022-05-27 11:00:00,4.575632,3.615569
2022-05-27 12:00:00,4.660831,3.742195
2022-05-27 13:00:00,4.559412,3.9021134
2022-05-27 14:00:00,4.5722256,4.039744
2022-05-27 15:00:00,5.052992,4.140241
2022-05-27 16:00:00,5.165244,4.140082
2022-05-27 17:00:00,5.2631793,4.12807
2022-05-27 18:00:00,5.172848,4.156652
2022-05-27 19:00:00,5.1850214,4.2294846
2022-05-27 20:00:00,4.9660788,4.244227
2022-05-27 21:00:00,4.847585,4.219433
2022-05-27 22:00:00,4.751787,4.143593
2022-05-27 23:00:00,4.5743265,4.1398025
2022-05-28 00:00:00,4.562502,4.175699
2022-05-28 01:00:00,4.511188,4.0765085
2022-05-28 02:00:00,4.563484,4.101716
2022-05-28 03:00:00,4.889095,4.0780454
2022-05-28 04:00:00,5.0683284,4.1328144
2022-05-28 05:00:00,5.444479,4.330351
2022-05-28 06:00:00,5.446096,4.393626
2022-05-28 07:00:00,5.4336524,4.4235244
2022-05-28 08:00:00,5.179857,4.412418
2022-05-28 09:00:00,5.0655437,4.391592
2022-05-28 10:00:00,4.8899045,4.370789
2022-05-28 11:00:00,4.7819405,4.2702885
2022-05-28 12:00:00,4.694556,4.2662787
2022-05-28 13:00:00,4.6379094,4.2569766
2022-05-28 14:00:00,4.5320683,4.160583
2022-05-28 15:00:00,4.672305,3.8996427
2022-05-28 16:00:00,5.0712175,3.860631
2022-05-28 17:00:00,5.3206854,3.8223255
2022-05-28 18:00:00,5.44336,3.8263674
2022-05-28 19:00:00,5.291176,3.868394
2022-05-28 20:00:00,5.199878,3.752035
2022-05-28 21:00:00,5.0370655,3.7964706
2022-05-28 22:00:00,4.836378,3.7473633
2022-05-28 23:00:00,4.72957,3.747845
2022-05-29 00:00:00,4.651946,3.7439585
2022-05-29 01:00:00,4.7483406,3.752086
2022-05-29 02:00:00,4.5643783,3.8573573
2022-05-29 03:00:00,4.6763263,4.0466766
2022-05-29 04:00:00,5.0437045,4.1481304
2022-05-29 05:00:00,5.382477,4.322973
2022-05-29 06:00:00,5.6643844,4.351877
2022-05-29 07:00:00,5.540892,4.43349
2022-05-29 08:00:00,5.4688582,4.4366083
2022-05-29 09:00:00,5.24127,4.337931
2022-05-29 10:00:00,5.0591717,4.4067435
2022-05-29 11:00:00,4.9621873,4.3355083
2022-05-29 12:00:00,4.7834682,4.329545
2022-05-29 13:00:00,4.6896343,4.244356
2022-05-29 14:00:00,4.548065,4.2370005
2022-05-29 15:00:00,4.5866823,4.2697897
2022-05-29 16:00:00,4.6288695,4.1960883
2022-05-29 17:00:00,5.3112836,4.0211797
2022-05-29 18:00:00,5.4855127,3.9358513
2022-05-29 19:00:00,5.317642,3.771971
2022-05-29 20:00:00,5.229458,3.7520356
2022-05-29 21:00:00,5.0340314,3.7322214
2022-05-29 22:00:00,5.0146832,3.7470722
2022-05-29 23:00:00,4.84355,3.7435844
2022-05-30 00:00:00,4.710804,3.6347551
2022-05-30 01:00:00,4.6556945,3.7452908
2022-05-30 02:00:00,4.6682296,3.7007182
2022-05-30 03:00:00,4.6036286,3.8037665
2022-05-30 04:00:00,4.8552303,3.991259
2022-05-30 05:00:00,5.1750298,4.0607057
2022-05-30 06:00:00,5.6740193,4.3999844
2022-05-30 07:00:00,5.82501,4.48524
2022-05-30 08:00:00,5.6446266,4.408435
2022-05-30 09:00:00,5.418267,4.364622
2022-05-30 10:00:00,5.3193016,4.339274
2022-05-30 11:00:00,5.144185,4.3273396
2022-05-30 12:00:00,4.9668846,4.314326
2022-05-30 13:00:00,4.8797636,4.2399297
2022-05-30 14:00:00,4.7058773,4.225027
2022-05-30 15:00:00,4.6725802,4.2443485
2022-05-30 16:00:00,4.7018375,4.180448
2022-05-30 17:00:00,4.900788,3.9978175
2022-05-30 18:00:00,5.204013,3.8283067
2022-05-30 19:00:00,5.532588,3.7945886
2022-05-30 20:00:00,5.5167465,3.7124906
2022-05-30 21:00:00,5.348044,3.7903447
2022-05-30 22:00:00,5.209848,3.7370136
2022-05-30 23:00:00,5.1083755,3.7459946
2022-05-31 00:00:00,4.9279556,3.8077753
2022-05-31 01:00:00,4.8386407,3.7633202
2022-05-31 02:00:00,4.760924,3.6960044
2022-05-31 03:00:00,4.709175,3.6841602
2022-05-31 04:00:00,4.744496,3.751341
2022-05-31 05:00:00,5.247679,3.8127978
2022-05-31 06:00:00,5.5882716,4.117285
2022-05-31 07:00:00,5.912103,4.448949
2022-05-31 08:00:00,5.8892183,4.6622405
2022-05-31 09:00:00,5.722943,4.6057734
2022-05-31 10:00:00,5.491218,4.4696503
2022-05-31 11:00:00,5.347229,4.32323
2022-05-31 12:00:00,5.251461,4.325766
2022-05-31 13:00:00,5.075115,4.3141456
2022-05-31 14:00:00,4.896303,4.30637
2022-05-31 15:00:00,4.820744,4.309777
2022-05-31 16:00:00,4.788758,4.241624
2022-05-31 17:00:00,4.8941517,4.3086686
2022-05-31 18:00:00,5.5510406,4.1272964
2022-05-31 19:00:00,5.4811153,3.8487582
2022-05-31 20:00:00,5.638529,3.8423004
2022-05-31 21:00:00,5.4263086,3.8007107
2022-05-31 22:00:00,5.200904,3.7775445
2022-05-31 23:00:00,5.2098618,3.8048291
2022-06-01 00:00:00,5.1278377,3.820641
2022-06-01 01:00:00,4.9287286,3.7517807
2022-06-01 02:00:00,4.8578057,3.7558472
2022-06-01 03:00:00,4.702643,3.6973667
2022-06-01 04:00:00,4.7032385,3.6820345
2022-06-01 05:00:00,4.959769,3.6483946
2022-06-01 06:00:00,5.3484426,4.0705576
2022-06-01 07:00:00,5.722574,4.307281
2022-06-01 08:00:00,6.0139728,4.5593524
2022-06-01 09:00:00,5.7869506,4.466494
2022-06-01 10:00:00,5.5978446,4.4234405
2022-06-01 11:00:00,5.403374,4.335925
2022-06-01 12:00:00,5.246226,4.4388275
2022-06-01 13:00:00,5.1619825,4.330745
2022-06-01 14:00:00,4.9842963,4.300084
2022-06-01 15:00:00,4.896013,4.3119216
2022-06-01 16:00:00,4.779975,4.228352
2022-06-01 17:00:00,4.7288904,4.138804
2022-06-01 18:00:00,4.858771,4.184274
2022-06-01 19:00:00,5.498602,4.0984373
2022-06-01 20:00:00,5.612727,4.0007367
2022-06-01 21:00:00,5.5965905,3.8443594
2022-06-01 22:00:00,5.4026856,3.881904
2022-06-01 23:00:00,5.225755,3.7943997
2022-06-02 00:00:00,5.0991945,3.8031933
2022-06-02 01:00:00,5.048693,3.8188386
2022-06-02 02:00:00,4.8637276,3.8069448
2022-06-02 03:00:00,4.768065,3.6939442
2022-06-02 04:00:00,4.7217426,3.6878195
2022-06-02 05:00:00,4.917641,3.6457522
2022-06-02 06:00:00,5.1767964,3.8696754
2022-06-02 07:00:00,5.652313,4.301162
2022-06-02 08:00:00,6.007759,4.352483
2022-06-02 09:00:00,5.933418,4.541498
2022-06-02 10:00:00,5.790077,4.520857
2022-06-02 11:00:00,5.601727,4.5095468
2022-06-02 12:00:00,5.4291906,4.456601
2022-06-02 13:00:00,5.281567,4.3269787
2022-06-02 14:00:00,5.1647253,4.4221582
2022-06-02 15:00:00,4.9898834,4.3098154
2022-06-02 16:00:00,4.9176154,4.3280945
2022-06-02 17:00:00,4.8023086,4.226857
2022-06-02 18:00:00,4.8840294,4.2680483
2022-06-02 19:00:00,5.3427334,4.043306
2022-06-02 20:00:00,5.624361,3.8573494
2022-06-02 21:00:00,5.532342,3.8260646
2022-06-02 22:00:00,5.379796,3.7387085
2022-06-02 23:00:00,5.28212,3.7871878
2022-06-03 00:00:00,5.345385,3.8894327
2022-06-03 01:00:00,5.132848,3.7507253
2022-06-03 02:00:00,4.9580946,3.6860063
2022-06-03 03:00:00,4.869564,3.6938198
2022-06-03 04:00:00,4.888084,3.7044919
2022-06-03 05:00:00,4.8731766,3.6937304
2022-06-03 06:00:00,5.2009015,3.6581488
2022-06-03 07:00:00,5.4176245,4.0275164
2022-06-03 08:00:00,5.869694,4.448666
2022-06-03 09:00:00,6.000889,4.6709228
2022-06-03 10:00:00,5.8139334,4.460242
2022-06-03 11:00:00,5.6718802,4.5364766
2022-06-03 12:00:00,5.5600896,4.484897
2022-06-03 13:00:00,5.480528,4.4720974
2022-06-03 14:00:00,5.2934146,4.4310093
2022-06-03 15:00:00,5.1949887,4.3164935
2022-06-03 16:00:00,5.125561,4.310178
2022-06-03 17:00:00,5.0007668,4.44543
2022-06-03 18:00:00,4.9571495,4.374892
2022-06-03 19:00:00,5.01507,4.1844954
2022-06-03 20:00:00,5.5720468,3.9486456
2022-06-03 21:00:00,5.6373935,3.9580119
2022-06-03 22:00:00,5.691229,3.9603229
2022-06-03 23:00:00,5.533684,3.813216
2022-06-04 00:00:00,5.3818393,3.6726177
2022-06-04 01:00:00,5.1756153,3.7810597
2022-06-04 02:00:00,5.236562,3.8283541
2022-06-04 03:00:00,5.082671,3.706108
2022-06-04 04:00:00,4.973908,3.6933646
2022-06-04 05:00:00,4.922205,3.6940491
2022-06-04 06:00:00,5.096292,3.7070308
2022-06-04 07:00:00,5.4189353,3.8930402
2022-06-04 08:00:00,5.764859,4.282892
2022-06-04 09:00:00,5.9660993,4.528558
2022-06-04 10:00:00,5.9221992,4.648515
2022-06-04 11:00:00,5.8712893,4.543709
2022-06-04 12:00:00,5.6911144,4.631561
2022-06-04 13:00:00,5.5754843,4.463593
2022-06-04 14:00:00,5.3965583,4.42681
2022-06-04 15:00:00,5.302848,4.317299
2022-06-04 16:00:00,5.1357903,4.303854
2022-06-04 17:00:00,5.0734367,4.438612
2022-06-04 18:00:00,5.066974,4.373141
2022-06-04 19:00:00,5.258132,4.32559
2022-06-04 20:00:00,5.0774035,4.396436
2022-06-04 21:00:00,5.5619326,4.196769
2022-06-04 22:00:00,5.586516,3.9231784
2022-06-04 23:00:00,5.5165477,3.8159268
2022-06-05 00:00:00,5.3967013,3.73657
2022-06-05 01:00:00,5.379793,3.7392015
2022-06-05 02:00:00,5.2747884,3.6889882
2022-06-05 03:00:00,5.191396,3.691216
2022-06-05 04:00:00,5.089937,3.6909027
2022-06-05 05:00:00,5.024031,3.6975217
2022-06-05 06:00:00,5.1782484,3.726931
2022-06-05 07:00:00,5.427382,3.821473
2022-06-05 08:00:00,5.543068,4.189676
2022-06-05 09:00:00,5.7826266,4.2418985
2022-06-05 10:00:00,6.064087,3.9449382
2022-06-05 11:00:00,5.9392347,3.7956438
2022-06-05 12:00:00,5.827698,3.8242395
2022-06-05 13:00:00,5.79244,3.7669928
2022-06-05 14:00:00,5.5886645,3.751331
2022-06-05 15:00:00,5.493455,3.7545626
2022-06-05 16:00:00,5.31561,3.748174
2022-06-05 17:00:00,5.2442656,3.7649999
2022-06-05 18:00:00,5.191217,3.781574
2022-06-05 19:00:00,5.1857142,3.7831202
2022-06-05 20:00:00,5.4074116,3.7967472
2022-06-05 21:00:00,5.6548686,3.8108416
2022-06-05 22:00:00,5.802251,3.8212464
2022-06-05 23:00:00,5.685264,3.7737184
2022-06-06 00:00:00,5.5998883,3.8151774
2022-06-06 01:00:00,5.4896793,3.738081
2022-06-06 02:00:00,5.4979787,3.743926
2022-06-06 03:00:00,5.379002,3.7451348
2022-06-06 04:00:00,5.2896714,3.7470639
2022-06-06 05:00:00,5.209191,3.816481
2022-06-06 06:00:00,5.220406,3.8359795
2022-06-06 07:00:00,5.1865287,3.8386338
2022-06-06 08:00:00,5.582361,3.8174958
2022-06-06 09:00:00,5.787398,3.8279455
2022-06-06 10:00:00,5.904733,4.298449
2022-06-06 11:00:00,6.163204,4.606993
2022-06-06 12:00:00,6.048931,4.714366
2022-06-06 13:00:00,5.913431,4.7127566
2022-06-06 14:00:00,5.7283607,4.7439194
2022-06-06 15:00:00,5.6301947,4.7094064
2022-06-06 16:00:00,5.533688,4.6786304
2022-06-06 17:00:00,5.475918,4.5508194
2022-06-06 18:00:00,5.435764,4.631091
2022-06-06 19:00:00,5.368669,4.6396055
2022-06-06 20:00:00,5.3663545,4.5692782
2022-06-06 21:00:00,5.3480062,4.3755026
2022-06-06 22:00:00,5.7005672,4.2501
2022-06-06 23:00:00,5.797498,4.2855787
2022-06-07 00:00:00,5.702711,4.2688
2022-06-07 01:00:00,5.6596336,4.253437
2022-06-07 02:00:00,5.557555,4.2300577
2022-06-07 03:00:00,5.5361633,4.129691
2022-06-07 04:00:00,5.419259,4.125722
2022-06-07 05:00:00,5.31626,4.1304483
2022-06-07 06:00:00,5.290458,4.129655
2022-06-07 07:00:00,5.3483768,4.249555
2022-06-07 08:00:00,5.3225417,4.2436047
2022-06-07 09:00:00,5.6359735,4.071866
2022-06-07 10:00:00,5.7822003,4.091936
2022-06-07 11:00:00,5.891085,4.2434225
2022-06-07 12:00:00,5.9415555,4.463608
2022-06-07 13:00:00,5.9011707,4.638109
2022-06-07 14:00:00,5.7602315,4.6818094
2022-06-07 15:00:00,5.690044,4.642291
2022-06-07 16:00:00,5.5744042,4.61146
2022-06-07 17:00:00,5.4769115,4.602426
2022-06-07 18:00:00,5.409018,4.577922
2022-06-07 19:00:00,5.4330254,4.5700445
2022-06-07 20:00:00,5.298448,4.6488576
2022-06-07 21:00:00,5.349164,4.378813
2022-06-07 22:00:00,5.4154963,4.2911916
2022-06-07 23:00:00,5.5279956,4.3393807
2022-06-08 00:00:00,5.4454722,4.3434634
2022-06-08 01:00:00,5.685384,4.2716947
2022-06-08 02:00:00,5.6782565,4.2575283
2022-06-08 03:00:00,5.5644336,4.231928
2022-06-08 04:00:00,5.467939,4.232846
2022-06-08 05:00:00,5.470083,4.264825
2022-06-08 06:00:00,5.4193044,4.2536926
2022-06-08 07:00:00,5.394611,4.2298474
2022-06-08 08:00:00,5.359993,4.221863
2022-06-08 09:00:00,5.3721037,4.230669
2022-06-08 10:00:00,5.6372004,4.305359
2022-06-08 11:00:00,5.8290195,4.333473
2022-06-08 12:00:00,5.886733,4.562262
2022-06-08 13:00:00,5.990143,4.6761923
2022-06-08 14:00:00,5.7749662,4.684959
2022-06-08 15:00:00,5.7678866,4.760688
2022-06-08 16:00:00,5.726251,4.842842
2022-06-08 17:00:00,5.597277,4.792817
2022-06-08 18:00:00,5.4980197,4.6653547
2022-06-08 19:00:00,5.4426417,4.6518583
2022-06-08 20:00:00,5.4438457,4.6689024
2022-06-08 21:00:00,5.3285565,4.554829
2022-06-08 22:00:00,5.494766,4.5161395
2022-06-08 23:00:00,5.403866,4.4274254
2022-06-09 00:00:00,5.6046314,4.368686
2022-06-09 01:00:00,5.65234,4.397537
2022-06-09 02:00:00,5.8016686,4.4510803
2022-06-09 03:00:00,5.661473,4.498638
2022-06-09 04:00:00,5.6539936,4.482306
2022-06-09 05:00:00,5.5391917,4.3510942
2022-06-09 06:00:00,5.5057893,4.353575
2022-06-09 07:00:00,5.494675,4.240455
2022-06-09 08:00:00,5.4457836,4.2259173
2022-06-09 09:00:00,5.41937,4.3455963
2022-06-09 10:00:00,5.4143844,4.334798
2022-06-09 11:00:00,5.5632973,4.485124
2022-06-09 12:00:00,5.556696,4.4984136
2022-06-09 13:00:00,5.852312,4.5545325
2022-06-09 14:00:00,6.029085,4.5689483
2022-06-09 15:00:00,6.0244026,4.743419
2022-06-09 16:00:00,5.7856636,4.7622156
2022-06-09 17:00:00,5.7214007,4.7112217
2022-06-09 18:00:00,5.628243,4.58509
2022-06-09 19:00:00,5.5246205,4.6894407
2022-06-09 20:00:00,5.504778,4.696495
2022-06-09 21:00:00,5.4378443,4.5908813
2022-06-09 22:00:00,5.290196,4.4640512
2022-06-09 23:00:00,5.341825,4.3896327
2022-06-10 00:00:00,5.432198,4.325835
2022-06-10 01:00:00,5.6311717,4.3940916
2022-06-10 02:00:00,5.847475,4.4513807
2022-06-10 03:00:00,5.7932854,4.4194546
2022-06-10 04:00:00,5.7966,4.400077
2022-06-10 05:00:00,5.853695,4.40878
2022-06-10 06:00:00,5.7859488,4.4825726
2022-06-10 07:00:00,5.5492706,4.4180546
2022-06-10 08:00:00,5.545288,4.431895
2022-06-10 09:00:00,5.467924,4.316611
2022-06-10 10:00:00,5.413445,4.4084325
2022-06-10 11:00:00,5.4357786,4.436105
2022-06-10 12:00:00,5.4669485,4.4406238
2022-06-10 13:00:00,5.7142525,4.596604
2022-06-10 14:00:00,6.0114846,4.6771693
2022-06-10 15:00:00,6.029968,4.7659264
2022-06-10 16:00:00,5.8980284,4.8120236
2022-06-10 17:00:00,5.818866,4.743404
2022-06-10 18:00:00,5.7882743,4.7136345
2022-06-10 19:00:00,5.799382,4.6116686
2022-06-10 20:00:00,5.5166526,4.5592804
2022-06-10 21:00:00,5.497288,4.4866967
2022-06-10 22:00:00,5.415099,4.384079
2022-06-10 23:00:00,5.360054,4.3956203
2022-06-11 00:00:00,5.333166,4.417276
2022-06-11 01:00:00,5.409868,4.3553286
2022-06-11 02:00:00,5.778607,4.4541855
2022-06-11 03:00:00,5.9354253,4.4820204
2022-06-11 04:00:00,6.062269,4.488021
2022-06-11 05:00:00,6.0049458,4.4193134
2022-06-11 06:00:00,5.8858624,4.3472633
2022-06-11 07:00:00,5.7725315,4.201167
2022-06-11 08:00:00,5.6782374,4.4194117
2022-06-11 09:00:00,5.6396923,4.454654
2022-06-11 10:00:00,5.5648212,4.3210096
2022-06-11 11:00:00,5.3976593,4.5016956
2022-06-11 12:00:00,5.399081,4.6502542
2022-06-11 13:00:00,5.3868623,4.646576
2022-06-11 14:00:00,5.5007677,4.544766
2022-06-11 15:00:00,5.8311214,4.6019735
2022-06-11 16:00:00,5.984695,4.7253003
2022-06-11 17:00:00,6.11116,4.83302
2022-06-11 18:00:00,5.887443,4.850182
2022-06-11 19:00:00,5.8002214,4.7944484
2022-06-11 20:00:00,5.6601043,4.6620545
2022-06-11 21:00:00,5.5527415,4.677027
2022-06-11 22:00:00,5.4886656,4.5044045
2022-06-11 23:00:00,5.3996787,4.4908266
2022-06-12 00:00:00,5.3426356,4.388842
2022-06-12 01:00:00,5.312293,4.297997
2022-06-12 02:00:00,5.406322,4.345558
2022-06-12 03:00:00,5.862238,4.4792953
2022-06-12 04:00:00,6.182793,4.548615
2022-06-12 05:00:00,6.2789397,4.516455
2022-06-12 06:00:00,6.0676093,4.505608
2022-06-12 07:00:00,6.121258,4.491142
2022-06-12 08:00:00,5.8893313,4.41381
2022-06-12 09:00:00,5.790674,4.4191566
2022-06-12 10:00:00,5.611318,4.508214
2022-06-12 11:00:00,5.526116,4.4062214
2022-06-12 12:00:00,5.47533,4.4004207
2022-06-12 13:00:00,5.4330673,4.405517
2022-06-12 14:00:00,5.419925,4.2991657
2022-06-12 15:00:00,5.600581,4.3268723
2022-06-12 16:00:00,5.9119005,4.5414515
2022-06-12 17:00:00,6.2447886,4.7283254
2022-06-12 18:00:00,6.038467,4.7165184
2022-06-12 19:00:00,5.8944874,4.751536
2022-06-12 20:00:00,5.864936,4.828907
2022-06-12 21:00:00,5.7474036,4.5920687
2022-06-12 22:00:00,5.5609484,4.3501854
2022-06-12 23:00:00,5.47052,4.2511764
2022-06-13 00:00:00,5.3892198,4.140288
2022-06-13 01:00:00,5.3320336,4.0224633
2022-06-13 02:00:00,5.331602,4.0648947
2022-06-13 03:00:00,5.766296,4.2079067
2022-06-13 04:00:00,5.963773,4.2737994
2022-06-13 05:00:00,6.213553,4.3384237
2022-06-13 06:00:00,6.3955026,4.1832
2022-06-13 07:00:00,6.239288,3.9890463
2022-06-13 08:00:00,6.044681,3.9493406
2022-06-13 09:00:00,5.9980044,3.9772446
2022-06-13 10:00:00,5.852879,4.442462
2022-06-13 11:00:00,5.6901894,4.6979733
2022-06-13 12:00:00,5.6064095,4.6773324
2022-06-13 13:00:00,5.452191,4.6273875
2022-06-13 14:00:00,5.4528923,4.6388884
2022-06-13 15:00:00,5.296186,4.8016305
2022-06-13 16:00:00,5.5525365,4.8404207
2022-06-13 17:00:00,5.9874573,4.897878
2022-06-13 18:00:00,6.2505827,5.130004
2022-06-13 19:00:00,6.023962,5.2279143
2022-06-13 20:00:00,5.987826,4.7771106
2022-06-13 21:00:00,5.82221,4.530279
2022-06-13 22:00:00,5.7127137,4.3562202
2022-06-13 23:00:00,5.5274796,4.2547703
2022-06-14 00:00:00,5.450524,4.1845756
2022-06-14 01:00:00,5.273377,4.30717
2022-06-14 02:00:00,5.207154,4.115795
2022-06-14 03:00:00,5.200812,4.1387353
2022-06-14 04:00:00,5.547492,4.161629
2022-06-14 05:00:00,6.116274,4.2769065
2022-06-14 06:00:00,6.596386,4.309825
2022-06-14 07:00:00,6.483072,4.241274
2022-06-14 08:00:00,6.309258,4.196587
2022-06-14 09:00:00,6.2916317,4.177805
2022-06-14 10:00:00,5.993986,4.5248733
2022-06-14 11:00:00,5.847498,4.784873
2022-06-14 12:00:00,5.6705112,4.858723
2022-06-14 13:00:00,5.568314,4.945503
2022-06-14 14:00:00,5.3932137,4.9875154
2022-06-14 15:00:00,5.334997,4.86125
2022-06-14 16:00:00,5.3213162,4.8389535
2022-06-14 17:00:00,5.6717525,4.6807356
2022-06-14 18:00:00,6.0458865,4.7438064
2022-06-14 19:00:00,5.976245,4.8296084
2022-06-14 20:00:00,6.076177,4.3986483
2022-06-14 21:00:00,5.9629865,4.2409625
2022-06-14 22:00:00,5.823356,4.1736336
2022-06-14 23:00:00,5.7373986,4.231246
2022-06-15 00:00:00,5.569828,4.23674
2022-06-15 01:00:00,5.4506316,4.2547255
2022-06-15 02:00:00,5.2980604,4.2301464
2022-06-15 03:00:00,5.264842,4.124725
2022-06-15 04:00:00,5.3951764,4.1781845
2022-06-15 05:00:00,5.5082016,4.074333
2022-06-15 06:00:00,6.182933,4.1862516
2022-06-15 07:00:00,6.75728,4.262865
2022-06-15 08:00:00,6.5292377,4.14045
2022-06-15 09:00:00,6.3324294,4.011434
2022-06-15 10:00:00,6.2358575,4.039951
2022-06-15 11:00:00,6.00654,4.5372057
2022-06-15 12:00:00,5.833759,4.6802993
2022-06-15 13:00:00,5.6867023,4.6602182
2022-06-15 14:00:00,5.479796,4.8398438
2022-06-15 15:00:00,5.3100605,4.7991457
2022-06-15 16:00:00,5.236305,4.8884945
2022-06-15 17:00:00,5.3239822,4.7772355
2022-06-15 18:00:00,5.7750993,4.7104554
2022-06-15 19:00:00,5.965652,4.7230325
2022-06-15 20:00:00,6.243183,4.342631
2022-06-15 21:00:00,5.9727035,4.0948453
2022-06-15 22:00:00,5.858564,4.0958123
2022-06-15 23:00:00,5.786015,4.2688055
2022-06-16 00:00:00,5.6094913,4.3109045
2022-06-16 01:00:00,5.425376,4.3345823
2022-06-16 02:00:00,5.3525944,4.3652663
2022-06-16 03:00:00,5.3062816,4.3645763
2022-06-16 04:00:00,5.2757382,4.356103
2022-06-16 05:00:00,5.317343,4.3600063
2022-06-16 06:00:00,5.7880797,4.3190985
2022-06-16 07:00:00,6.403656,4.4517517
2022-06-16 08:00:00,6.750923,4.7170305
2022-06-16 09:00:00,6.55994,4.645323
2022-06-16 10:00:00,6.251274,4.590404
2022-06-16 11:00:00,6.134113,4.9286857
2022-06-16 12:00:00,6.0023117,5.0492945
2022-06-16 13:00:00,5.8472805,5.116164
2022-06-16 14:00:00,5.656771,4.9800973
2022-06-16 15:00:00,5.468469,4.7355833
2022-06-16 16:00:00,5.2624645,4.5850754
2022-06-16 17:00:00,5.2619476,4.6221437
2022-06-16 18:00:00,5.4604306,4.5578895
2022-06-16 19:00:00,5.8404202,4.622817
2022-06-16 20:00:00,6.149136,4.7316403
2022-06-16 21:00:00,6.1714373,4.744064
2022-06-16 22:00:00,6.020018,4.6764073
2022-06-16 23:00:00,5.822673,4.624315
2022-06-17 00:00:00,5.683985,4.611973
2022-06-17 01:00:00,5.397637,4.577699
2022-06-17 02:00:00,5.3745093,4.6098013
2022-06-17 03:00:00,5.283113,4.615367
2022-06-17 04:00:00,5.238342,4.607398
2022-06-17 05:00:00,5.238401,4.5144243
2022-06-17 06:00:00,5.2237287,4.526521
2022-06-17 07:00:00,5.7542205,4.4330077
2022-06-17 08:00:00,6.411917,4.669276
2022-06-17 09:00:00,6.546315,4.951565
2022-06-17 10:00:00,6.3678474,5.125978
2022-06-17 11:00:00,6.1383505,5.105889
2022-06-17 12:00:00,5.9813595,5.084659
2022-06-17 13:00:00,5.83894,5.074807
2022-06-17 14:00:00,5.642075,5.1392817
2022-06-17 15:00:00,5.460651,5.0147543
2022-06-17 16:00:00,5.3862453,4.897492
2022-06-17 17:00:00,5.248573,4.865171
2022-06-17 18:00:00,5.2491493,4.8150873
2022-06-17 19:00:00,5.3528934,4.7568383
2022-06-17 20:00:00,5.8723526,4.68947
2022-06-17 21:00:00,5.8510017,4.6936936
2022-06-17 22:00:00,6.019893,4.7293124
2022-06-17 23:00:00,5.867774,4.780818
2022-06-18 00:00:00,5.7581816,4.6647763
2022-06-18 01:00:00,5.622355,4.648391
2022-06-18 02:00:00,5.435095,4.642516
2022-06-18 03:00:00,5.3824906,4.656178
2022-06-18 04:00:00,5.203934,4.5335813
2022-06-18 05:00:00,5.2467923,4.5402803
2022-06-18 06:00:00,5.201441,4.530107
2022-06-18 07:00:00,5.6963925,4.5353184
2022-06-18 08:00:00,5.953567,4.6913996
2022-06-18 09:00:00,6.3605194,4.6752157
2022-06-18 10:00:00,6.474638,4.714019
2022-06-18 11:00:00,6.307785,4.592496
2022-06-18 12:00:00,6.057797,4.6164756
2022-06-18 13:00:00,5.9012628,5.023884
2022-06-18 14:00:00,5.7360487,5.113663
2022-06-18 15:00:00,5.5538282,4.9763303
2022-06-18 16:00:00,5.499654,4.9657135
2022-06-18 17:00:00,5.341556,4.9340773
2022-06-18 18:00:00,5.2830396,4.8288703
2022-06-18 19:00:00,5.1508884,4.7998953
2022-06-18 20:00:00,5.38032,4.553611
2022-06-18 21:00:00,5.752917,4.6087255
2022-06-18 22:00:00,6.0180044,4.7124157
2022-06-18 23:00:00,5.94864,4.6166477
2022-06-19 00:00:00,5.7240257,4.5422006
2022-06-19 01:00:00,5.640088,4.636304
2022-06-19 02:00:00,5.5198646,4.650876
2022-06-19 03:00:00,5.3570924,4.641078
2022-06-19 04:00:00,5.268412,4.5505877
2022-06-19 05:00:00,5.2458315,4.44568
2022-06-19 06:00:00,5.15672,4.613714
2022-06-19 07:00:00,5.2323084,4.547145
2022-06-19 08:00:00,5.614196,4.6132007
2022-06-19 09:00:00,5.9905195,4.7878695
2022-06-19 10:00:00,6.369658,5.0622206
2022-06-19 11:00:00,6.3545394,5.1726775
2022-06-19 12:00:00,6.145212,5.1312957
2022-06-19 13:00:00,5.9990954,5.055806
2022-06-19 14:00:00,5.843703,4.937437
2022-06-19 15:00:00,5.652461,5.0197754
2022-06-19 16:00:00,5.4762864,4.9313626
2022-06-19 17:00:00,5.389977,5.0066004
2022-06-19 18:00:00,5.3309875,4.9152727
2022-06-19 19:00:00,5.2917476,5.0166974
2022-06-19 20:00:00,5.2429934,4.8562098
2022-06-19 21:00:00,5.286007,4.782004
2022-06-19 22:00:00,5.8320613,4.8022656
2022-06-19 23:00:00,5.914129,4.7202916
2022-06-20 00:00:00,5.7957625,4.76621
2022-06-20 01:00:00,5.7330627,4.8524575
2022-06-20 02:00:00,5.3896556,4.6994114
2022-06-20 03:00:00,5.459662,4.8287673
2022-06-20 04:00:00,5.386561,4.7544546
2022-06-20 05:00:00,5.3002334,4.741993
2022-06-20 06:00:00,5.219511,4.717626
2022-06-20 07:00:00,5.1684027,4.7093797
2022-06-20 08:00:00,5.220876,4.6193094
2022-06-20 09:00:00,5.6417513,4.697159
2022-06-20 10:00:00,6.0430317,4.8929167
2022-06-20 11:00:00,6.1463957,5.0836215
2022-06-20 12:00:00,6.107415,5.105538
2022-06-20 13:00:00,6.0532117,5.1339417
2022-06-20 14:00:00,5.878868,5.063848
2022-06-20 15:00:00,5.783193,5.1412334
2022-06-20 16:00:00,5.6027756,5.031599
2022-06-20 17:00:00,5.501833,5.0214524
2022-06-20 18:00:00,5.4367514,4.92712
2022-06-20 19:00:00,5.270717,4.9059887
2022-06-20 20:00:00,5.238308,4.936311
2022-06-20 21:00:00,5.295069,4.8830705
2022-06-20 22:00:00,5.6094623,4.857001
2022-06-20 23:00:00,5.772271,4.900672
2022-06-21 00:00:00,5.7929783,4.9054375
2022-06-21 01:00:00,5.832168,4.8995843
2022-06-21 02:00:00,5.614731,4.8307276
2022-06-21 03:00:00,5.5859165,4.8302937
2022-06-21 04:00:00,5.3121557,4.702662
2022-06-21 05:00:00,5.456978,4.835695
2022-06-21 06:00:00,5.3887424,4.746189
2022-06-21 07:00:00,5.2450123,4.711351
2022-06-21 08:00:00,5.22313,4.7192
2022-06-21 09:00:00,5.2896423,4.6511917
2022-06-21 10:00:00,5.8169436,4.7462187
2022-06-21 11:00:00,5.9568696,4.8712306
2022-06-21 12:00:00,6.138045,4.983614
2022-06-21 13:00:00,6.032041,5.0031652
2022-06-21 14:00:00,5.900719,4.927403
2022-06-21 15:00:00,5.8278866,4.999474
2022-06-21 16:00:00,5.724922,4.9795356
2022-06-21 17:00:00,5.6295123,4.969239
2022-06-21 18:00:00,5.5351787,4.957557
2022-06-21 19:00:00,5.383995,4.8413963
2022-06-21 20:00:00,5.3273287,4.846188
2022-06-21 21:00:00,5.3980694,4.795479
2022-06-21 22:00:00,5.4103694,4.8127017
2022-06-21 23:00:00,5.7525773,4.7848506
2022-06-22 00:00:00,5.763935,4.790364
2022-06-22 01:00:00,5.8202224,4.90397
2022-06-22 02:00:00,5.7987647,5.070747
2022-06-22 03:00:00,5.7640996,5.0367284
2022-06-22 04:00:00,5.6892447,4.998805
2022-06-22 05:00:00,5.567947,5.0607743
2022-06-22 06:00:00,5.482871,4.96768
2022-06-22 07:00:00,5.4734025,4.960581
2022-06-22 08:00:00,5.404703,4.9524517
2022-06-22 09:00:00,5.3955493,4.858698
2022-06-22 10:00:00,5.38628,4.86879
2022-06-22 11:00:00,5.74537,4.872842
2022-06-22 12:00:00,6.0614667,5.0347676
2022-06-22 13:00:00,6.110889,5.032892
2022-06-22 14:00:00,6.1109643,4.9187126
2022-06-22 15:00:00,5.9324784,4.861629
2022-06-22 16:00:00,5.78547,4.8375497
2022-06-22 17:00:00,5.67387,4.8343916
2022-06-22 18:00:00,5.5738907,4.6445417
2022-06-22 19:00:00,5.584156,4.5560403
2022-06-22 20:00:00,5.511972,4.446032
2022-06-22 21:00:00,5.4697704,4.4427357
2022-06-22 22:00:00,5.441076,4.362854
2022-06-22 23:00:00,5.562793,4.3887653
2022-06-23 00:00:00,5.6902,4.4209986
2022-06-23 01:00:00,5.7835774,4.443847
2022-06-23 02:00:00,5.845959,4.3262987
2022-06-23 03:00:00,5.800356,4.268184
2022-06-23 04:00:00,5.759549,4.352131
2022-06-23 05:00:00,5.786482,4.240458
2022-06-23 06:00:00,5.6954317,4.204931
2022-06-23 07:00:00,5.593997,4.1943345
2022-06-23 08:00:00,5.49314,4.1863275
2022-06-23 09:00:00,5.4578357,4.201903
2022-06-23 10:00:00,5.4483695,4.222167
2022-06-23 11:00:00,5.4768167,4.2251334
2022-06-23 12:00:00,5.566667,4.2408576
2022-06-23 13:00:00,5.8607874,4.307095
2022-06-23 14:00:00,5.9843445,4.339029
2022-06-23 15:00:00,5.970076,4.288145
2022-06-23 16:00:00,5.7910056,4.216544
2022-06-23 17:00:00,5.684785,4.1756377
2022-06-23 18:00:00,5.733284,4.331221
2022-06-23 19:00:00,5.610498,4.064656
2022-06-23 20:00:00,5.612671,3.9638395
2022-06-23 21:00:00,5.530551,3.8927567
2022-06-23 22:00:00,5.4207754,3.8870127
2022-06-23 23:00:00,5.520704,3.9106293
2022-06-24 00:00:00,5.4616036,3.9072752
2022-06-24 01:00:00,5.6235223,3.8473685
2022-06-24 02:00:00,5.7516985,3.8588529
2022-06-24 03:00:00,6.0000615,3.8927362
2022-06-24 04:00:00,6.035352,3.8175359
2022-06-24 05:00:00,5.9002314,3.8363683
2022-06-24 06:00:00,5.8530207,3.838306
2022-06-24 07:00:00,5.776754,3.9038086
2022-06-24 08:00:00,5.6855206,3.9128985
2022-06-24 09:00:00,5.6908793,4.00416
2022-06-24 10:00:00,5.5914392,4.0890284
2022-06-24 11:00:00,5.618531,4.101215
2022-06-24 12:00:00,5.6308928,4.253492
2022-06-24 13:00:00,5.7118535,4.3968253
2022-06-24 14:00:00,5.779417,4.3905334
2022-06-24 15:00:00,5.9704924,4.4043155
2022-06-24 16:00:00,5.9397383,4.3665595
2022-06-24 17:00:00,5.9765143,4.3390484
2022-06-24 18:00:00,5.884249,4.29702
2022-06-24 19:00:00,5.883552,4.175475
2022-06-24 20:00:00,5.7289953,4.2606015
2022-06-24 21:00:00,5.6615314,4.15946
2022-06-24 22:00:00,5.6421976,4.310182
2022-06-24 23:00:00,5.5706477,4.1931553
2022-06-25 00:00:00,5.5173025,4.1880217
2022-06-25 01:00:00,5.580991,4.090448
2022-06-25 02:00:00,5.8065,4.168436
2022-06-25 03:00:00,6.0421,4.218854
2022-06-25 04:00:00,6.2582183,4.2458563
2022-06-25 05:00:00,6.0829563,4.118894
2022-06-25 06:00:00,6.061435,3.9723358
2022-06-25 07:00:00,6.0614,3.9795895
2022-06-25 08:00:00,5.942422,3.9815907
2022-06-25 09:00:00,5.759017,3.9671848
2022-06-25 10:00:00,5.775093,3.990247
2022-06-25 11:00:00,5.7687807,3.9976473
2022-06-25 12:00:00,5.64267,3.915169
2022-06-25 13:00:00,5.6695633,3.9260395
2022-06-25 14:00:00,5.7099915,4.010204
2022-06-25 15:00:00,5.9350533,4.3275237
2022-06-25 16:00:00,6.0998654,4.358391
2022-06-25 17:00:00,6.155376,4.340381
2022-06-25 18:00:00,5.9834967,4.2229395
2022-06-25 19:00:00,5.903394,4.1740355
2022-06-25 20:00:00,5.8410807,4.167169
2022-06-25 21:00:00,5.714611,4.131012
2022-06-25 22:00:00,5.7175717,4.134783
2022-06-25 23:00:00,5.651744,4.145096
2022-06-26 00:00:00,5.569415,4.1648283
2022-06-26 01:00:00,5.501958,4.186814
2022-06-26 02:00:00,5.573777,4.221443
2022-06-26 03:00:00,5.928061,4.195163
2022-06-26 04:00:00,6.087257,4.203382
2022-06-26 05:00:00,6.179337,4.3352714
2022-06-26 06:00:00,6.32685,4.4711995
2022-06-26 07:00:00,6.204153,4.381665
2022-06-26 08:00:00,6.0605216,4.317623
2022-06-26 09:00:00,5.9333982,4.2861633
2022-06-26 10:00:00,5.853469,4.419037
2022-06-26 11:00:00,5.775042,4.304254
2022-06-26 12:00:00,5.688881,4.525439
2022-06-26 13:00:00,5.721888,4.5514746
2022-06-26 14:00:00,5.5846496,4.6281185
2022-06-26 15:00:00,5.775109,4.794736
2022-06-26 16:00:00,5.8162317,4.9073687
2022-06-26 17:00:00,6.0402226,4.9266615
2022-06-26 18:00:00,6.126777,5.0152664
2022-06-26 19:00:00,5.9752192,4.9372387
2022-06-26 20:00:00,5.929871,4.8918695
2022-06-26 21:00:00,5.7388883,4.9341116
2022-06-26 22:00:00,5.602109,4.9317307
2022-06-26 23:00:00,5.629074,4.946779
2022-06-27 00:00:00,5.5544133,4.861194
2022-06-27 01:00:00,5.506665,4.7798686
2022-06-27 02:00:00,5.420733,4.8762717
2022-06-27 03:00:00,5.552039,4.8379607
2022-06-27 04:00:00,5.82283,4.984814
2022-06-27 05:00:00,6.3053412,4.9888873
2022-06-27 06:00:00,6.385767,5.1581364
2022-06-27 07:00:00,6.3261843,5.10039
2022-06-27 08:00:00,6.117462,5.121418
2022-06-27 09:00:00,5.9916573,5.0982246
2022-06-27 10:00:00,5.8074083,5.161432
2022-06-27 11:00:00,5.8101935,5.0851727
2022-06-27 12:00:00,5.6310625,5.0576057
2022-06-27 13:00:00,5.5588346,5.049757
2022-06-27 14:00:00,5.4945736,4.9592586
2022-06-27 15:00:00,5.478012,4.9604154
2022-06-27 16:00:00,5.7051635,4.9271517
2022-06-27 17:00:00,5.9087825,4.9664693
2022-06-27 18:00:00,5.940176,4.9828897
2022-06-27 19:00:00,6.004463,4.9940352
2022-06-27 20:00:00,5.884572,4.9576
2022-06-27 21:00:00,5.801168,5.0273724
2022-06-27 22:00:00,5.7170978,5.0151367
2022-06-27 23:00:00,5.591135,4.907395
2022-06-28 00:00:00,5.5222354,4.988528
2022-06-28 01:00:00,5.4385805,4.8109946
2022-06-28 02:00:00,5.385336,4.7967477
2022-06-28 03:00:00,5.456248,4.7373824
2022-06-28 04:00:00,5.4867506,4.7466717
2022-06-28 05:00:00,5.901887,4.8310175
2022-06-28 06:00:00,6.283401,4.9148245
2022-06-28 07:00:00,6.289554,4.9808416
2022-06-28 08:00:00,6.1980324,5.0137577
2022-06-28 09:00:00,6.130914,4.969201
2022-06-28 10:00:00,5.9077983,5.020158
2022-06-28 11:00:00,5.717892,4.614814
2022-06-28 12:00:00,5.716521,4.421302
2022-06-28 13:00:00,5.644077,4.2021704
2022-06-28 14:00:00,5.577314,4.1800637
2022-06-28 15:00:00,5.456143,4.052085
2022-06-28 16:00:00,5.4249945,4.086095
2022-06-28 17:00:00,5.4110794,4.1055684
2022-06-28 18:00:00,5.999097,4.019336
2022-06-28 19:00:00,6.062932,4.1424503
2022-06-28 20:00:00,5.8893833,3.9275591
2022-06-28 21:00:00,5.822936,3.8904774
2022-06-28 22:00:00,5.7656965,3.890514
2022-06-28 23:00:00,5.7097335,3.8939414
2022-06-29 00:00:00,5.603733,3.8217
2022-06-29 01:00:00,5.4323435,3.8775527
2022-06-29 02:00:00,5.477429,3.847564
2022-06-29 03:00:00,5.3781753,3.9037297
2022-06-29 04:00:00,5.452037,3.8516831
2022-06-29 05:00:00,5.595534,3.8641539
2022-06-29 06:00:00,6.1841164,3.9368706
2022-06-29 07:00:00,6.4564075,3.9542043
2022-06-29 08:00:00,6.2464933,3.8725471
2022-06-29 09:00:00,6.1343117,3.843262
2022-06-29 10:00:00,6.008884,3.829029
2022-06-29 11:00:00,5.9065313,3.8438685
2022-06-29 12:00:00,5.726527,3.8435097
2022-06-29 13:00:00,5.64503,3.785166
2022-06-29 14:00:00,5.5457277,3.8440967
2022-06-29 15:00:00,5.4146504,3.9151947
2022-06-29 16:00:00,5.5938764,3.9674559
2022-06-29 17:00:00,5.554085,4.553593
2022-06-29 18:00:00,5.7664895,4.8697066
2022-06-29 19:00:00,6.0032454,4.9850936
2022-06-29 20:00:00,6.048636,5.0180697
2022-06-29 21:00:00,5.888704,4.9925857
2022-06-29 22:00:00,5.804462,4.9834075
2022-06-29 23:00:00,5.683508,5.0076447
2022-06-30 00:00:00,5.466083,4.848656
2022-06-30 01:00:00,5.5098944,4.949257
2022-06-30 02:00:00,5.412471,4.8753176
2022-06-30 03:00:00,5.358214,4.9053316
2022-06-30 04:00:00,5.290833,4.8354573
2022-06-30 05:00:00,5.490992,4.716179
2022-06-30 06:00:00,5.936325,4.8094
2022-06-30 07:00:00,6.560093,5.042834
2022-06-30 08:00:00,6.537352,5.1844044
2022-06-30 09:00:00,6.380574,5.1818323
2022-06-30 10:00:00,6.2095137,5.2150474
2022-06-30 11:00:00,6.020357,5.2015686
2022-06-30 12:00:00,5.8617673,4.915275
2022-06-30 13:00:00,5.7901964,4.72511
2022-06-30 14:00:00,5.604311,4.5945544
2022-06-30 15:00:00,5.344642,4.3431296
2022-06-30 16:00:00,5.271278,4.1297536
2022-06-30 17:00:00,5.3743896,4.074664
2022-06-30 18:00:00,6.005251,4.0913453
2022-06-30 19:00:00,5.807422,4.523105
2022-06-30 20:00:00,5.7710886,4.677513
2022-06-30 21:00:00,5.957587,4.790632
2022-06-30 22:00:00,5.866234,4.698529
2022-06-30 23:00:00,5.545478,4.591382
2022-07-01 00:00:00,5.5787287,4.7913275
2022-07-01 01:00:00,5.499798,4.7790256
2022-07-01 02:00:00,5.4068527,4.742522
2022-07-01 03:00:00,5.344893,4.7261853
2022-07-01 04:00:00,5.2961445,4.738468
2022-07-01 05:00:00,5.4077835,4.7837825
2022-07-01 06:00:00,5.7394004,4.871896
2022-07-01 07:00:00,6.0278506,4.928122
2022-07-01 08:00:00,6.4729333,5.0918903
2022-07-01 09:00:00,6.3861594,5.302252
2022-07-01 10:00:00,6.2493644,5.223976
2022-07-01 11:00:00,6.033057,5.2392883
2022-07-01 12:00:00,5.9490423,5.155592
2022-07-01 13:00:00,5.776715,5.1372986
2022-07-01 14:00:00,5.589797,5.031858
2022-07-01 15:00:00,5.41547,5.020612
2022-07-01 16:00:00,5.340226,4.9324493
2022-07-01 17:00:00,5.342975,4.9427347
2022-07-01 18:00:00,5.3747306,4.8914633
2022-07-01 19:00:00,5.8521423,4.9966283
2022-07-01 20:00:00,6.026089,5.0350223
2022-07-01 21:00:00,5.990728,5.0117717
2022-07-01 22:00:00,5.8816304,5.0444784
2022-07-01 23:00:00,5.7325006,5.090418
2022-07-02 00:00:00,5.7391343,5.0887237
2022-07-02 01:00:00,5.5357647,4.8846574
2022-07-02 02:00:00,5.4834967,4.8928165
2022-07-02 03:00:00,5.383237,4.895529
2022-07-02 04:00:00,5.310119,4.8840647
2022-07-02 05:00:00,5.273396,4.796925
2022-07-02 06:00:00,5.3721156,4.82383
2022-07-02 07:00:00,6.02222,4.866479
2022-07-02 08:00:00,6.473237,5.0453334
2022-07-02 09:00:00,6.3231115,5.0604167
2022-07-02 10:00:00,6.17099,5.06215
2022-07-02 11:00:00,6.0603113,5.103036
2022-07-02 12:00:00,5.982465,5.0181513
2022-07-02 13:00:00,5.791567,4.9911213
2022-07-02 14:00:00,5.7963324,4.9197187
2022-07-02 15:00:00,5.449301,4.855967
2022-07-02 16:00:00,5.3650727,4.858963
2022-07-02 17:00:00,5.2922144,4.863265
2022-07-02 18:00:00,5.34498,4.7954373
2022-07-02 19:00:00,5.6213183,4.74804
2022-07-02 20:00:00,6.0893197,4.85579
2022-07-02 21:00:00,5.9368544,4.912616
2022-07-02 22:00:00,5.8835616,4.8672276
2022-07-02 23:00:00,5.9295034,4.94712
2022-07-03 00:00:00,5.72322,4.897071
2022-07-03 01:00:00,5.7461476,4.9057136
2022-07-03 02:00:00,5.463564,4.878506
2022-07-03 03:00:00,5.3581696,4.792491
2022-07-03 04:00:00,5.3111186,4.7829
2022-07-03 05:00:00,5.2535677,4.779545
2022-07-03 06:00:00,5.451109,4.7371345
2022-07-03 07:00:00,5.5758824,4.7643514
2022-07-03 08:00:00,5.94264,4.838278
2022-07-03 09:00:00,6.3760924,5.0152674
2022-07-03 10:00:00,6.230793,5.1192446
2022-07-03 11:00:00,6.0761433,5.0411305
2022-07-03 12:00:00,5.9747057,4.9952345
2022-07-03 13:00:00,5.8915725,5.000706
2022-07-03 14:00:00,5.706575,4.890641
2022-07-03 15:00:00,5.4129663,4.846562
2022-07-03 16:00:00,5.433856,4.968091
2022-07-03 17:00:00,5.3816195,4.9634867
2022-07-03 18:00:00,5.2425995,4.838628
2022-07-03 19:00:00,5.4853444,4.8235745
2022-07-03 20:00:00,5.855973,4.905526
2022-07-03 21:00:00,5.857176,4.898377
2022-07-03 22:00:00,5.9412904,4.9965262
2022-07-03 23:00:00,5.7735634,5.0261855
2022-07-04 00:00:00,5.726592,4.992061
2022-07-04 01:00:00,5.668633,4.982797
2022-07-04 02:00:00,5.474713,4.973658
2022-07-04 03:00:00,5.3637733,4.9634614
2022-07-04 04:00:00,5.293385,4.867586
2022-07-04 05:00:00,5.2300606,4.860899
2022-07-04 06:00:00,5.175756,4.7757673
2022-07-04 07:00:00,5.280389,4.806709
2022-07-04 08:00:00,5.8055387,4.9253197
2022-07-04 09:00:00,6.166879,4.995511
2022-07-04 10:00:00,6.336501,5.1767774
2022-07-04 11:00:00,6.13562,5.080133
2022-07-04 12:00:00,5.87669,5.080018
2022-07-04 13:00:00,5.685135,5.062993
2022-07-04 14:00:00,5.598892,5.0685277
2022-07-04 15:00:00,5.5184875,4.9723864
2022-07-04 16:00:00,5.3389745,4.8545165
2022-07-04 17:00:00,5.2540812,4.851467
2022-07-04 18:00:00,5.2222805,4.773497
2022-07-04 19:00:00,5.270276,4.707816
2022-07-04 20:00:00,5.225663,4.7217526
2022-07-04 21:00:00,5.719791,4.7276297
2022-07-04 22:00:00,5.803597,4.834839
2022-07-04 23:00:00,5.742201,4.8103833
2022-07-05 00:00:00,5.7624993,4.8822036
2022-07-05 01:00:00,5.5440116,4.8143053
2022-07-05 02:00:00,5.4615397,4.8947806
2022-07-05 03:00:00,5.3600736,4.8027544
2022-07-05 04:00:00,5.274863,4.6965322
2022-07-05 05:00:00,5.2032347,4.685528
2022-07-05 06:00:00,5.1338406,4.598353
2022-07-05 07:00:00,5.1067977,4.5015435
2022-07-05 08:00:00,5.6210647,4.6205163
2022-07-05 09:00:00,6.010773,4.713339
2022-07-05 10:00:00,6.2025485,4.839014
2022-07-05 11:00:00,5.9908357,4.8372607
2022-07-05 12:00:00,5.965588,4.8921533
2022-07-05 13:00:00,5.791325,4.9198813
2022-07-05 14:00:00,5.6059213,4.8875666
2022-07-05 15:00:00,5.504702,4.8790207
2022-07-05 16:00:00,5.4151874,4.865791
2022-07-05 17:00:00,5.290951,4.749797
2022-07-05 18:00:00,5.2786856,4.661869
2022-07-05 19:00:00,5.193906,4.3772464
2022-07-05 20:00:00,5.3996873,4.4272656
2022-07-05 21:00:00,5.6108766,4.4946246
2022-07-05 22:00:00,5.612145,4.6194515
2022-07-05 23:00:00,5.759088,4.6515636
2022-07-06 00:00:00,5.755199,4.7301216
2022-07-06 01:00:00,5.671844,4.7903957
2022-07-06 02:00:00,5.5763364,4.750977
2022-07-06 03:00:00,5.2289968,4.5744805
2022-07-06 04:00:00,5.363446,4.6976933
2022-07-06 05:00:00,5.1785083,4.5603857
2022-07-06 06:00:00,5.110021,4.5626493
2022-07-06 07:00:00,5.1153007,4.492549
2022-07-06 08:00:00,5.1270833,4.5117035
2022-07-06 09:00:00,5.712109,4.6376443
2022-07-06 10:00:00,5.8976107,4.5906625
2022-07-06 11:00:00,5.9516006,4.6822968
2022-07-06 12:00:00,5.936773,4.840499
2022-07-06 13:00:00,5.7390566,4.8504224
2022-07-06 14:00:00,5.5425625,4.894479
2022-07-06 15:00:00,5.442704,4.873408
2022-07-06 16:00:00,5.2639117,4.9345107
2022-07-06 17:00:00,5.2672095,4.937586
2022-07-06 18:00:00,5.185807,4.829719
2022-07-06 19:00:00,5.1849413,4.816934
2022-07-06 20:00:00,5.199253,4.7419763
2022-07-06 21:00:00,5.3163705,4.692433
2022-07-06 22:00:00,5.4624257,4.744797
2022-07-06 23:00:00,5.507573,4.7694554
2022-07-07 00:00:00,5.646321,4.8885283
2022-07-07 01:00:00,5.575556,4.9579797
2022-07-07 02:00:00,5.490306,5.021813
2022-07-07 03:00:00,5.4420524,4.9991717
2022-07-07 04:00:00,5.293251,4.8743663
2022-07-07 05:00:00,5.1808457,4.857653
2022-07-07 06:00:00,5.0961223,4.765703
2022-07-07 07:00:00,5.0372925,4.757476
2022-07-07 08:00:00,5.0549893,4.6902924
2022-07-07 09:00:00,5.019253,4.6991024
2022-07-07 10:00:00,5.5428658,4.7217774
2022-07-07 11:00:00,5.777537,4.9569936
2022-07-07 12:00:00,5.835283,5.0605226
2022-07-07 13:00:00,5.7411366,5.085253
2022-07-07 14:00:00,5.5455494,5.0859656
2022-07-07 15:00:00,5.3791065,5.037345
2022-07-07 16:00:00,5.266914,5.009771
2022-07-07 17:00:00,5.1614857,4.917383
2022-07-07 18:00:00,5.154754,4.837307
2022-07-07 19:00:00,5.1902504,4.850068
2022-07-07 20:00:00,5.0651336,4.668772
2022-07-07 21:00:00,5.027373,4.6915936
2022-07-07 22:00:00,5.078634,4.654407
2022-07-07 23:00:00,5.3431067,4.7139072
2022-07-08 00:00:00,5.5765395,4.853701
2022-07-08 01:00:00,5.6666775,5.038927
2022-07-08 02:00:00,5.672857,5.091917
2022-07-08 03:00:00,5.441498,5.0859113
2022-07-08 04:00:00,5.4102297,4.974331
2022-07-08 05:00:00,5.381407,5.041553
2022-07-08 06:00:00,5.1925035,4.9102387
2022-07-08 07:00:00,5.1748548,4.912246
2022-07-08 08:00:00,5.104406,4.82293
2022-07-08 09:00:00,5.154588,4.7596726
2022-07-08 10:00:00,5.1034727,4.690726
2022-07-08 11:00:00,5.5644507,4.8029065
2022-07-08 12:00:00,5.760954,4.949558
2022-07-08 13:00:00,5.9084015,5.0614448
2022-07-08 14:00:00,5.761668,5.0882096
2022-07-08 15:00:00,5.565776,5.1138396
2022-07-08 16:00:00,5.4753757,5.1638327
2022-07-08 17:00:00,5.408102,5.143437
2022-07-08 18:00:00,5.2067814,5.003035
2022-07-08 19:00:00,5.1055894,4.9841323
2022-07-08 20:00:00,5.0330586,4.8999953
2022-07-08 21:00:00,4.9971433,4.8257575
2022-07-08 22:00:00,4.9504924,4.763181
2022-07-08 23:00:00,5.2069592,4.7502956
2022-07-09 00:00:00,5.4339795,4.8028293
2022-07-09 01:00:00,5.4739475,4.8308816
2022-07-09 02:00:00,5.6469555,5.0368714
2022-07-09 03:00:00,5.595776,5.172331
2022-07-09 04:00:00,5.452347,5.185332
2022-07-09 05:00:00,5.364952,5.145359
2022-07-09 06:00:00,5.263459,5.033441
2022-07-09 07:00:00,5.1750317,5.0103064
2022-07-09 08:00:00,5.159629,4.9249973
2022-07-09 09:00:00,5.098492,4.8311315
2022-07-09 10:00:00,5.0509405,4.7496343
2022-07-09 11:00:00,5.0016613,4.7703385
2022-07-09 12:00:00,5.5133557,4.813443
2022-07-09 13:00:00,5.6215734,4.943601
2022-07-09 14:00:00,5.630377,5.036644
2022-07-09 15:00:00,5.5621076,5.0878377
2022-07-09 16:00:00,5.3841786,5.107356
2022-07-09 17:00:00,5.3344235,5.079299
2022-07-09 18:00:00,5.2409797,5.0390353
2022-07-09 19:00:00,5.1194315,5.00514
2022-07-09 20:00:00,5.0216165,4.909805
2022-07-09 21:00:00,5.0296226,4.8353195
2022-07-09 22:00:00,4.9686174,4.757003
2022-07-10 00:00:00,4.926218,4.69623
2022-07-10 01:00:00,5.157352,4.7600822
2022-07-10 02:00:00,5.545568,4.854205
2022-07-10 03:00:00,5.801912,5.0669527
2022-07-10 04:00:00,5.823739,5.21104
2022-07-10 05:00:00,5.588749,5.2067537
2022-07-10 06:00:00,5.46364,5.2358327
2022-07-10 07:00:00,5.3547792,5.1199756
2022-07-10 08:00:00,5.248573,5.0088215
2022-07-10 09:00:00,5.162676,4.9918327
2022-07-10 10:00:00,5.0974064,4.9082985
2022-07-10 11:00:00,5.1272497,4.8366966
2022-07-10 12:00:00,5.0826597,4.769982
2022-07-10 13:00:00,5.054927,4.799978
2022-07-10 14:00:00,5.43159,4.811883
2022-07-10 15:00:00,5.621924,4.9487815
2022-07-10 16:00:00,5.717601,5.050279
2022-07-10 17:00:00,5.5389295,5.063842
2022-07-10 18:00:00,5.4167876,5.0974464
2022-07-10 19:00:00,5.3200073,5.071294
2022-07-10 20:00:00,5.205766,4.951988
2022-07-10 21:00:00,5.108631,4.930417
2022-07-10 22:00:00,5.01122,4.756406
2022-07-10 23:00:00,5.028657,4.763299
2022-07-11 00:00:00,5.0066395,4.7774844
2022-07-11 01:00:00,4.9677505,4.71072
2022-07-11 02:00:00,5.372883,4.706869
2022-07-11 03:00:00,5.6291094,4.8643303
2022-07-11 04:00:00,5.8873363,5.174861
2022-07-11 05:00:00,5.7784,5.2753096
2022-07-11 06:00:00,5.765381,5.2919254
2022-07-11 07:00:00,5.6334233,5.309678
2022-07-11 08:00:00,5.4192824,5.1648517
2022-07-11 09:00:00,5.320007,5.070484
2022-07-11 10:00:00,5.2363434,5.07278
2022-07-11 11:00:00,5.1659718,4.9801326
2022-07-11 12:00:00,5.0781317,4.887662
2022-07-11 13:00:00,5.075133,4.846445
2022-07-11 14:00:00,5.0475116,4.806133
2022-07-11 15:00:00,5.4957705,4.9076376
2022-07-11 16:00:00,5.7231665,5.0594525
2022-07-11 17:00:00,5.6668987,5.1220174
2022-07-11 18:00:00,5.5063987,5.2208405
2022-07-11 19:00:00,5.4137974,5.1783657
2022-07-11 20:00:00,5.3281517,5.1459804
2022-07-11 21:00:00,5.200645,5.113307
2022-07-11 22:00:00,5.098259,5.0100465
2022-07-11 23:00:00,5.013118,4.911964
2022-07-12 00:00:00,5.038573,4.845087
2022-07-12 01:00:00,4.909465,4.7613406
2022-07-12 02:00:00,4.8726783,4.710129
2022-07-12 03:00:00,5.448017,4.752215
2022-07-12 04:00:00,5.7464356,4.9093456
2022-07-12 05:00:00,6.1355343,5.3162274
2022-07-12 06:00:00,6.019818,5.4903727
2022-07-12 07:00:00,5.782798,5.614084
2022-07-12 08:00:00,5.645729,5.450483
2022-07-12 09:00:00,5.5744014,5.3367577
2022-07-12 10:00:00,5.3865805,5.2227426
2022-07-12 11:00:00,5.228796,5.042946
2022-07-12 12:00:00,5.150451,4.9580655
2022-07-12 13:00:00,5.0387225,4.8813124
2022-07-12 14:00:00,5.1297708,4.8544617
2022-07-12 15:00:00,5.038965,4.9914145
2022-07-12 16:00:00,5.321154,5.001656
2022-07-12 17:00:00,5.599299,4.9806633
2022-07-12 18:00:00,5.741489,5.154686
2022-07-12 19:00:00,5.5468283,5.171442
2022-07-12 20:00:00,5.4066052,5.176218
2022-07-12 21:00:00,5.2759843,5.1343393
2022-07-12 22:00:00,5.270225,5.1338844
2022-07-12 23:00:00,5.06909,5.010348
2022-07-13 00:00:00,4.994865,4.9262195
2022-07-13 01:00:00,5.015762,4.868435
2022-07-13 02:00:00,4.990414,4.8641443
2022-07-13 03:00:00,5.0402174,4.720785
2022-07-13 04:00:00,5.493871,4.8241587
2022-07-13 05:00:00,5.8199506,4.989018
2022-07-13 06:00:00,6.133622,5.2962284
2022-07-13 07:00:00,6.127335,5.487826
2022-07-13 08:00:00,5.843563,5.5286775
2022-07-13 10:00:00,5.7171144,5.45577
2022-07-13 11:00:00,5.5493937,5.25838
2022-07-13 12:00:00,5.1930013,5.132569
2022-07-13 13:00:00,5.0929403,5.058612
2022-07-13 14:00:00,4.9313793,4.956148
2022-07-13 15:00:00,4.8753347,4.8836203
2022-07-13 16:00:00,4.8178134,4.7496066
2022-07-13 17:00:00,5.3939605,4.8877335
2022-07-13 18:00:00,5.8106546,5.0048256
2022-07-13 19:00:00,5.717555,5.164759
2022-07-13 20:00:00,5.428862,5.1601105
2022-07-13 21:00:00,5.3665085,5.101413
2022-07-13 22:00:00,5.2193303,5.057288
2022-07-13 23:00:00,5.137147,5.054656
2022-07-14 00:00:00,5.0543823,4.9533415
2022-07-14 01:00:00,4.895838,4.7650833
2022-07-14 02:00:00,4.817099,4.6746902
2022-07-14 03:00:00,4.793865,4.6894813
2022-07-14 04:00:00,4.794923,4.6350775
2022-07-14 05:00:00,5.568255,4.702665
2022-07-14 06:00:00,5.9779453,4.7824497
2022-07-14 07:00:00,6.312042,5.0865593
2022-07-14 08:00:00,6.1302156,5.238882
2022-07-14 09:00:00,5.952101,5.219795
2022-07-14 10:00:00,5.749261,5.1504817
2022-07-14 11:00:00,5.60865,5.13111
2022-07-14 12:00:00,5.4314613,5.0253234
2022-07-14 13:00:00,5.2554264,4.9143257
2022-07-14 14:00:00,5.062137,4.798115
2022-07-14 15:00:00,4.935567,4.6967883
2022-07-14 16:00:00,4.8718643,4.627871
2022-07-14 17:00:00,5.2960863,4.652346
2022-07-14 18:00:00,5.540403,4.725047
2022-07-14 19:00:00,5.8226542,4.7943635
2022-07-14 20:00:00,5.74688,4.943092
2022-07-14 21:00:00,5.5134544,5.0396786
2022-07-14 22:00:00,5.3987584,4.9816113
2022-07-14 23:00:00,5.305967,4.9502234
2022-07-15 00:00:00,5.1143484,4.839622
2022-07-15 01:00:00,5.0356145,4.831403
2022-07-15 02:00:00,4.998896,4.6648617
2022-07-15 03:00:00,4.912122,4.733427
2022-07-15 04:00:00,4.8174257,4.6550574
2022-07-15 05:00:00,4.802929,4.421849
2022-07-15 06:00:00,5.533137,4.572968
2022-07-15 07:00:00,6.206818,4.9216533
2022-07-15 08:00:00,6.3556967,5.1715374
2022-07-15 09:00:00,6.099718,5.2839475
2022-07-15 10:00:00,5.8136587,5.152104
2022-07-15 11:00:00,5.642263,5.1182914
2022-07-15 12:00:00,5.509547,5.117555
2022-07-15 13:00:00,5.3409014,4.9324503
2022-07-15 14:00:00,5.151132,4.884357
2022-07-15 15:00:00,4.978629,4.7750134
2022-07-15 16:00:00,4.950216,4.7006955
2022-07-15 17:00:00,4.826362,4.6378508
2022-07-15 18:00:00,5.197038,4.5603476
2022-07-15 19:00:00,5.429453,4.622057
2022-07-15 20:00:00,5.637132,4.7731876
2022-07-15 21:00:00,5.801695,4.979784
2022-07-15 22:00:00,5.5115557,4.9550953
2022-07-15 23:00:00,5.293559,4.9614244
2022-07-16 00:00:00,5.1962996,4.9478335
2022-07-16 01:00:00,5.037908,4.8418117
2022-07-16 02:00:00,5.0337305,4.757111
2022-07-16 03:00:00,4.9801807,4.6565595
2022-07-16 04:00:00,4.8479652,4.548864
2022-07-16 05:00:00,4.806104,4.478194
2022-07-16 06:00:00,4.92843,4.4554
2022-07-16 07:00:00,5.7610364,4.643472
2022-07-16 08:00:00,6.4197125,5.066538
2022-07-16 09:00:00,6.3402,5.2538095
2022-07-16 10:00:00,6.1470003,5.2729897
2022-07-16 11:00:00,5.7895956,5.216789
2022-07-16 12:00:00,5.649579,5.2027164
2022-07-16 13:00:00,5.405286,4.991559
2022-07-16 14:00:00,5.228148,4.9690676
2022-07-16 15:00:00,5.12629,4.7954197
2022-07-16 16:00:00,4.970168,4.7619905
2022-07-16 17:00:00,4.8956523,4.781975
2022-07-16 18:00:00,4.8507347,4.657456
2022-07-16 19:00:00,5.011155,4.6070013
2022-07-16 20:00:00,5.461995,4.6366105
2022-07-16 21:00:00,5.7934203,4.8024735
2022-07-16 22:00:00,5.845221,5.053412
2022-07-16 23:00:00,5.5162787,5.015096
2022-07-17 00:00:00,5.391528,4.962907
2022-07-17 01:00:00,5.280911,4.9527617
2022-07-17 02:00:00,5.1385403,4.8595653
2022-07-17 03:00:00,4.930373,4.7428684
2022-07-17 04:00:00,4.8464975,4.6477084
2022-07-17 05:00:00,4.711087,4.5451784
2022-07-17 06:00:00,4.8181295,4.487083
2022-07-17 07:00:00,5.418439,4.5433035
2022-07-17 08:00:00,5.7659073,4.6391873
2022-07-17 09:00:00,6.325162,5.1195292
2022-07-17 10:00:00,6.2918534,5.216756
2022-07-17 11:00:00,5.90752,5.202676
2022-07-17 12:00:00,5.704369,5.1234937
2022-07-17 13:00:00,5.4811745,5.1017323
2022-07-17 14:00:00,5.3234,5.0851398
2022-07-17 15:00:00,5.142955,4.9718585
2022-07-17 16:00:00,5.050486,4.8701844
2022-07-17 17:00:00,4.92485,4.7607822
2022-07-17 18:00:00,4.778931,4.773361
2022-07-17 19:00:00,4.8866897,4.6779695
2022-07-17 20:00:00,5.4801626,4.701163
2022-07-17 21:00:00,5.4353833,4.71056
2022-07-17 22:00:00,5.7501364,4.958698
2022-07-17 23:00:00,5.6162343,4.988522
2022-07-18 00:00:00,5.422852,5.004042
2022-07-18 01:00:00,5.29575,4.967881
2022-07-18 02:00:00,5.1015058,4.9454556
2022-07-18 03:00:00,4.929571,4.7585034
2022-07-18 04:00:00,4.841211,4.750506
2022-07-18 05:00:00,4.7947526,4.6635723
2022-07-18 06:00:00,4.6993527,4.5621805
2022-07-18 07:00:00,4.6439333,4.491542
2022-07-18 08:00:00,5.497805,4.594178
2022-07-18 09:00:00,5.7271595,4.7267575
2022-07-18 10:00:00,6.0148644,5.044969
2022-07-18 11:00:00,5.930471,5.2281165
2022-07-18 12:00:00,5.6836066,5.0878916
2022-07-18 13:00:00,5.4868917,5.016246
2022-07-18 14:00:00,5.33511,4.9305353
2022-07-18 15:00:00,5.160327,4.9949646
2022-07-18 16:00:00,4.9844275,4.80181
2022-07-18 17:00:00,4.7976747,4.605062
2022-07-18 18:00:00,4.756329,4.5269747
2022-07-18 19:00:00,4.7207646,4.5609055
2022-07-18 20:00:00,5.170576,4.5043864
2022-07-18 21:00:00,5.471409,4.581956
2022-07-18 22:00:00,5.409697,4.5823255
2022-07-18 23:00:00,5.490392,4.766641
2022-07-19 00:00:00,5.3934417,4.983962
2022-07-19 01:00:00,5.2249475,4.9144964
2022-07-19 02:00:00,5.0172524,4.8310637
2022-07-19 03:00:00,4.928026,4.733885
2022-07-19 04:00:00,4.8502016,4.646623
2022-07-19 05:00:00,4.6652045,4.6173115
2022-07-19 06:00:00,4.619483,4.5349464
2022-07-19 07:00:00,4.5705137,4.4577556
2022-07-19 08:00:00,4.8068867,4.4357915
2022-07-19 09:00:00,5.436405,4.5870194
2022-07-19 10:00:00,5.7619724,4.8497114
2022-07-19 11:00:00,5.811799,4.9989653
2022-07-19 12:00:00,5.6134853,5.0561485
2022-07-19 13:00:00,5.439813,4.9669394
2022-07-19 14:00:00,5.244766,4.917531
2022-07-19 15:00:00,5.0677996,4.8171024
2022-07-19 16:00:00,4.8887715,4.716799
2022-07-19 17:00:00,4.811483,4.62919
2022-07-19 18:00:00,4.7231297,4.537736
2022-07-19 19:00:00,4.6220994,4.4551363
2022-07-19 20:00:00,4.5927873,4.4096937
2022-07-19 21:00:00,5.018053,4.5120373
2022-07-19 22:00:00,5.2123747,4.5682273
2022-07-19 23:00:00,5.4118066,4.6041174
2022-07-20 00:00:00,5.480303,4.763073
2022-07-20 01:00:00,5.283931,4.7638364
2022-07-20 02:00:00,5.102778,4.7772737
2022-07-20 03:00:00,5.005401,4.6724334
2022-07-20 04:00:00,4.8164797,4.5566936
2022-07-20 05:00:00,4.7234077,4.547117
2022-07-20 06:00:00,4.6404066,4.4655375
2022-07-20 07:00:00,4.602308,4.4640646
2022-07-20 08:00:00,4.5599933,4.3858085
2022-07-20 09:00:00,5.2898784,4.446308
2022-07-20 10:00:00,5.469645,4.5023966
2022-07-20 11:00:00,5.6280737,4.722825
2022-07-20 12:00:00,5.579237,4.7690287
2022-07-20 13:00:00,5.355487,4.752678
2022-07-20 14:00:00,5.260585,4.793498
2022-07-20 15:00:00,5.040554,4.665808
2022-07-20 16:00:00,4.9240775,4.647044
2022-07-20 17:00:00,4.764517,4.6354866
2022-07-20 18:00:00,4.6586065,4.7057314
2022-07-20 19:00:00,4.583006,4.610839
2022-07-20 20:00:00,4.5054045,4.3617487
2022-07-20 21:00:00,4.631145,4.320856
2022-07-20 22:00:00,4.572902,4.333233
2022-07-20 23:00:00,5.029326,4.341255
2022-07-21 00:00:00,5.2824244,4.574036
2022-07-21 01:00:00,5.194369,4.6287727
2022-07-21 02:00:00,4.982671,4.645846
2022-07-21 03:00:00,4.8697305,4.6117663
2022-07-21 04:00:00,4.755167,4.605718
2022-07-21 05:00:00,4.657716,4.4912558
2022-07-21 06:00:00,4.5603614,4.458489
2022-07-21 07:00:00,4.4974403,4.3724985
2022-07-21 08:00:00,4.443132,4.278946
2022-07-21 09:00:00,4.5344334,4.2241025
2022-07-21 10:00:00,4.710391,4.289815
2022-07-21 11:00:00,5.124911,4.375527
2022-07-21 12:00:00,5.268092,4.590315
2022-07-21 13:00:00,5.2493677,4.7407327
2022-07-21 14:00:00,5.009959,4.823607
2022-07-21 15:00:00,4.9100103,4.759578
2022-07-21 16:00:00,4.76619,4.7112203
2022-07-21 17:00:00,4.6686993,4.6038127
2022-07-21 18:00:00,4.561922,4.4243636
2022-07-21 19:00:00,4.4852605,4.419783
2022-07-21 20:00:00,4.4396915,4.355901
2022-07-21 21:00:00,4.4147544,4.289149
2022-07-21 22:00:00,4.418493,4.3327746
2022-07-21 23:00:00,4.8090515,4.3516827
2022-07-22 00:00:00,5.0619707,4.502959
2022-07-22 01:00:00,5.3014655,4.803753
2022-07-22 02:00:00,5.152119,4.7249923
2022-07-22 03:00:00,4.8765483,4.7706094
2022-07-22 04:00:00,4.8757596,4.6653147
2022-07-22 05:00:00,4.740704,4.631157
2022-07-22 06:00:00,4.544128,4.517207
2022-07-22 07:00:00,4.5544767,4.4516854
2022-07-22 08:00:00,4.4890294,4.365518
2022-07-22 09:00:00,4.4215255,4.285798
2022-07-22 10:00:00,4.341531,4.3073716
2022-07-22 11:00:00,5.1620827,4.3987556
2022-07-22 12:00:00,5.036262,4.467363
2022-07-22 13:00:00,4.9475574,4.4617085
2022-07-22 14:00:00,4.9590187,4.6213627
2022-07-22 15:00:00,4.8376565,4.5771203
2022-07-22 16:00:00,4.628315,4.507574
2022-07-22 17:00:00,4.5408115,4.476428
2022-07-22 18:00:00,4.4307666,4.3720684
2022-07-22 19:00:00,4.3349857,4.3581476
2022-07-22 20:00:00,4.250601,4.278985
2022-07-22 21:00:00,4.2892075,4.21148
2022-07-22 22:00:00,4.2827244,4.2235155
2022-07-22 23:00:00,4.639053,4.2237663
2022-07-23 00:00:00,4.6546974,4.2391014
2022-07-23 01:00:00,4.9157157,4.374617
2022-07-23 02:00:00,5.0436106,4.6427546
2022-07-23 03:00:00,4.989806,4.5889554
2022-07-23 04:00:00,4.796582,4.6778374
2022-07-23 05:00:00,4.667385,4.638915
2022-07-23 06:00:00,4.652368,4.540565
2022-07-23 07:00:00,4.5846133,4.4393883
2022-07-23 08:00:00,4.4955688,4.3505273
2022-07-23 09:00:00,4.394503,4.341448
2022-07-23 10:00:00,4.3594694,4.4419036
2022-07-23 11:00:00,4.3709836,4.225262
2022-07-23 12:00:00,4.589424,4.271214
2022-07-23 13:00:00,4.7659764,4.329628
2022-07-23 14:00:00,4.7505045,4.4332476
2022-07-23 15:00:00,4.6966,4.4188876
2022-07-23 16:00:00,4.6767907,4.398111
2022-07-23 17:00:00,4.6113486,4.3636203
2022-07-23 18:00:00,4.368025,4.3983874
2022-07-23 19:00:00,4.2622495,4.223459
2022-07-23 20:00:00,4.4329495,4.1649456
2022-07-23 21:00:00,4.1912384,4.2902675
2022-07-23 22:00:00,4.1771164,4.04934
2022-07-23 23:00:00,4.139436,4.0433574
2022-07-24 00:00:00,4.141963,4.0730915
2022-07-24 01:00:00,4.3987145,4.127669
2022-07-24 02:00:00,4.730896,4.2699947
2022-07-24 03:00:00,4.992083,4.4984865
2022-07-24 04:00:00,4.9489636,4.5259137
2022-07-24 05:00:00,4.945332,4.634601
2022-07-24 06:00:00,4.766034,4.5760775
2022-07-24 07:00:00,4.6362715,4.4438224
2022-07-24 08:00:00,4.530496,4.408931
2022-07-24 09:00:00,4.4356847,4.413937
2022-07-24 10:00:00,4.3394165,4.2472415
2022-07-24 11:00:00,4.3154025,4.1746945
2022-07-24 12:00:00,4.2568765,4.2003884
2022-07-24 13:00:00,4.210026,4.225256
2022-07-24 14:00:00,4.289624,4.171014
2022-07-24 15:00:00,4.6840987,4.1621237
2022-07-24 16:00:00,4.7335796,4.2652965
2022-07-24 17:00:00,4.750595,4.350889
2022-07-24 18:00:00,4.454386,4.3646803
2022-07-24 19:00:00,4.3459396,4.314896
2022-07-24 20:00:00,4.332005,4.2929735
2022-07-24 21:00:00,4.231106,4.274364
2022-07-24 22:00:00,4.2215505,4.1987095
2022-07-24 23:00:00,4.155719,4.1028004
2022-07-25 00:00:00,4.1555233,4.106671
2022-07-25 01:00:00,4.1308765,4.1146717
2022-07-25 02:00:00,4.647382,4.1383657
2022-07-25 03:00:00,4.97416,4.2988243
2022-07-25 04:00:00,5.097761,4.495303
2022-07-25 05:00:00,5.1429124,4.7299123
2022-07-25 06:00:00,4.9758506,4.812059
2022-07-25 07:00:00,4.846371,4.8074417
2022-07-25 08:00:00,4.7164164,4.5867443
2022-07-25 09:00:00,4.6191773,4.485389
2022-07-25 10:00:00,4.4230986,4.4770412
2022-07-25 11:00:00,4.3594003,4.3280067
2022-07-25 12:00:00,4.3823233,4.2555
2022-07-25 13:00:00,4.2896523,4.187051
2022-07-25 14:00:00,4.327995,4.2365694
2022-07-25 15:00:00,4.531354,4.233074
2022-07-25 16:00:00,4.750568,4.2936983
2022-07-25 17:00:00,4.67435,4.3616304
2022-07-25 18:00:00,4.7753425,4.4478736
2022-07-25 19:00:00,4.5521574,4.376136
2022-07-25 20:00:00,4.420851,4.407098
2022-07-25 21:00:00,4.4125943,4.3936753
2022-07-25 22:00:00,4.3085723,4.2829576
2022-07-25 23:00:00,4.217965,4.2625885
2022-07-26 00:00:00,4.2034173,4.1113515
2022-07-26 01:00:00,4.076421,4.1791778
2022-07-26 02:00:00,4.143257,4.046146
2022-07-26 03:00:00,4.762398,4.0702763
2022-07-26 04:00:00,4.9145427,4.379566
2022-07-26 05:00:00,5.2977543,4.5564685
2022-07-26 06:00:00,5.250163,4.752917
2022-07-26 07:00:00,4.917628,4.7966743
2022-07-26 08:00:00,4.8072495,4.7980385
2022-07-26 09:00:00,4.714613,4.6706285
2022-07-26 10:00:00,4.529344,4.399922
2022-07-26 11:00:00,4.4396987,4.3978834
2022-07-26 12:00:00,4.327384,4.4798737
2022-07-26 13:00:00,4.2851114,4.329423
2022-07-26 14:00:00,4.301015,4.191779
2022-07-26 15:00:00,4.373446,4.249468
2022-07-26 16:00:00,4.3972416,4.2080235
2022-07-26 17:00:00,4.6331525,4.272651
2022-07-26 18:00:00,4.8632956,4.412374
2022-07-26 19:00:00,4.742682,4.527596
2022-07-26 20:00:00,4.6285443,4.543866
2022-07-26 21:00:00,4.511142,4.5065265
2022-07-26 22:00:00,4.394482,4.393304
2022-07-26 23:00:00,4.284402,4.2786417
2022-07-27 00:00:00,4.200166,4.1827374
2022-07-27 01:00:00,4.1122236,4.098276
2022-07-27 02:00:00,4.073465,4.0161514
2022-07-27 03:00:00,4.1880126,3.9683692
2022-07-27 04:00:00,4.736497,4.095991
2022-07-27 05:00:00,5.2158046,4.3947453
2022-07-27 06:00:00,5.2526975,4.7521143
2022-07-27 07:00:00,5.3481812,4.9604125
2022-07-27 08:00:00,4.972037,4.9379153
2022-07-27 09:00:00,4.8627424,4.7635427
2022-07-27 10:00:00,4.6612763,4.545842
2022-07-27 11:00:00,4.4804645,4.4487286
2022-07-27 12:00:00,4.3900433,4.377527
2022-07-27 13:00:00,4.238105,4.2883873
2022-07-27 14:00:00,4.152573,4.2254725
2022-07-27 15:00:00,4.176311,4.112724
2022-07-27 16:00:00,4.367795,4.108051
2022-07-27 17:00:00,4.908722,4.151943
2022-07-27 18:00:00,4.7562957,4.22606
2022-07-27 19:00:00,4.819118,4.4948187
2022-07-27 20:00:00,4.7598877,4.5261283
2022-07-27 21:00:00,4.5454574,4.4307976
2022-07-27 22:00:00,4.464442,4.3911424
2022-07-27 23:00:00,4.2608023,4.3509703
2022-07-28 00:00:00,4.170089,4.175478
2022-07-28 01:00:00,4.082388,4.154082
2022-07-28 02:00:00,4.122184,3.9990113
2022-07-28 03:00:00,4.0331745,3.9828773
2022-07-28 04:00:00,4.565085,3.9371417
2022-07-28 05:00:00,5.0396767,4.1566086
2022-07-28 06:00:00,5.402281,4.61154
2022-07-28 07:00:00,5.3360186,4.907659
2022-07-28 08:00:00,5.288813,5.14267
2022-07-28 09:00:00,4.9965334,5.05516
2022-07-28 10:00:00,4.818512,4.792041
2022-07-28 11:00:00,4.6681895,4.601721
2022-07-28 12:00:00,4.4737577,4.5147743
2022-07-28 13:00:00,4.2756505,4.4254727
2022-07-28 14:00:00,4.2081585,4.1976852
2022-07-28 15:00:00,4.159017,4.138736
2022-07-28 16:00:00,4.1837096,4.133228
2022-07-28 17:00:00,4.420125,4.1494064
2022-07-28 18:00:00,4.823424,4.1746736
2022-07-28 19:00:00,5.010814,4.4854517
2022-07-28 20:00:00,4.865009,4.675145
2022-07-28 21:00:00,4.729403,4.835958
2022-07-28 22:00:00,4.614803,4.5801663
2022-07-28 23:00:00,4.4117584,4.4282985
2022-07-29 00:00:00,4.3309336,4.3334117
2022-07-29 01:00:00,4.2483554,4.1670313
2022-07-29 02:00:00,4.1629415,4.0682206
2022-07-29 03:00:00,4.1400695,4.077899
2022-07-29 04:00:00,4.060382,4.0898557
2022-07-29 05:00:00,4.757275,4.097193
2022-07-29 06:00:00,5.242439,4.4914465
2022-07-29 07:00:00,5.5612607,4.9233274
2022-07-29 08:00:00,5.4687924,5.0469337
2022-07-29 09:00:00,5.1858315,5.12076
2022-07-29 10:00:00,4.9798636,4.9200892
2022-07-29 11:00:00,4.824108,4.6987762
2022-07-29 12:00:00,4.6506295,4.533379
2022-07-29 13:00:00,4.4643946,4.379704
2022-07-29 14:00:00,4.37117,4.3826785
2022-07-29 15:00:00,4.3068666,4.237983
2022-07-29 16:00:00,4.2690387,4.1883507
2022-07-29 17:00:00,4.441005,4.1936245
2022-07-29 18:00:00,4.832729,4.221379
2022-07-29 19:00:00,5.0200987,4.3729715
2022-07-29 20:00:00,5.200587,4.7480597
2022-07-29 21:00:00,5.08851,4.8273168
2022-07-29 22:00:00,4.8155203,4.7681036
2022-07-29 23:00:00,4.616948,4.6092334
2022-07-30 00:00:00,4.5326633,4.4341574
2022-07-30 01:00:00,4.3432193,4.321207
2022-07-30 02:00:00,4.2393246,4.239184
2022-07-30 03:00:00,4.1671925,4.1511993
2022-07-30 04:00:00,4.079649,4.1573596
2022-07-30 05:00:00,4.579305,4.03198
2022-07-30 06:00:00,5.170439,4.184689
2022-07-30 07:00:00,5.604537,4.9390473
2022-07-30 08:00:00,5.5268517,5.1312256
2022-07-30 09:00:00,5.3240223,5.1876583
2022-07-30 10:00:00,5.1336713,5.043843
2022-07-30 11:00:00,4.9728737,4.8131866
2022-07-30 12:00:00,4.7369256,4.696791
2022-07-30 13:00:00,4.543355,4.545601
2022-07-30 14:00:00,4.456271,4.3847766
2022-07-30 15:00:00,4.3178754,4.2867703
2022-07-30 16:00:00,4.0655546,4.221123
2022-07-30 17:00:00,4.128315,4.1514053
2022-07-30 18:00:00,5.097292,4.2678833
2022-07-30 19:00:00,5.1811914,4.3166103
2022-07-30 20:00:00,5.1743665,4.5738516
2022-07-30 21:00:00,5.079959,4.769082
2022-07-30 22:00:00,4.8804526,4.9113584
2022-07-30 23:00:00,4.6659946,4.717512
2022-07-31 00:00:00,4.585856,4.5958767
2022-07-31 01:00:00,4.4185863,4.409558
2022-07-31 02:00:00,4.234273,4.2301197
2022-07-31 03:00:00,4.1391234,4.2237873
2022-07-31 04:00:00,4.1366487,3.9004095
2022-07-31 05:00:00,4.086118,3.899463
2022-07-31 06:00:00,4.813947,4.0091143
2022-07-31 07:00:00,5.263397,4.339621
2022-07-31 08:00:00,5.569298,4.871481
2022-07-31 09:00:00,5.4751954,5.2029405
2022-07-31 10:00:00,5.1371655,5.0600853
2022-07-31 11:00:00,4.921593,4.9134064
2022-07-31 12:00:00,4.691517,4.6933093
2022-07-31 13:00:00,4.544981,4.4417014
2022-07-31 14:00:00,4.3608074,4.341163
2022-07-31 15:00:00,4.2020564,4.1827087
2022-07-31 16:00:00,4.0916963,4.1053195
2022-07-31 17:00:00,3.893633,3.9637222
2022-07-31 18:00:00,4.5940495,4.0682626
2022-07-31 19:00:00,5.131002,4.1299214
2022-07-31 20:00:00,5.0150285,4.3120723
2022-07-31 21:00:00,4.9889035,4.648096
2022-07-31 22:00:00,4.720014,4.774954
2022-07-31 23:00:00,4.645099,4.5819173
2022-08-01 00:00:00,4.4643393,4.4178796
2022-08-01 01:00:00,4.2940497,4.310418
2022-08-01 02:00:00,4.2197275,4.231709
2022-08-01 03:00:00,4.0326962,4.1214
2022-08-01 04:00:00,3.965615,4.0422864
2022-08-01 05:00:00,3.8758705,3.8800843
2022-08-01 06:00:00,4.252261,3.8963902
2022-08-01 07:00:00,4.877847,4.0781837
2022-08-01 08:00:00,5.5084667,4.6023936
2022-08-01 09:00:00,5.465817,5.069251
2022-08-01 10:00:00,5.1750135,5.124281
2022-08-01 11:00:00,4.9738655,4.9428563
2022-08-01 12:00:00,4.7435265,4.6931853
2022-08-01 13:00:00,4.5945234,4.5201316
2022-08-01 14:00:00,4.345003,4.3485217
2022-08-01 15:00:00,4.2620053,4.274937
2022-08-01 16:00:00,4.084743,4.1014752
2022-08-01 17:00:00,3.9591484,3.9410093
2022-08-01 18:00:00,3.9384959,3.9262316
2022-08-01 19:00:00,4.9536767,4.079321
2022-08-01 20:00:00,5.061021,4.1366525
2022-08-01 21:00:00,5.0856957,4.5065694
2022-08-01 22:00:00,4.990321,4.6940856
2022-08-01 23:00:00,4.7435303,4.8066297
2022-08-02 00:00:00,4.5222588,4.6036386
2022-08-02 01:00:00,4.4719825,4.489019
2022-08-02 02:00:00,4.305501,4.29066
2022-08-02 03:00:00,4.112069,4.1084013
2022-08-02 04:00:00,4.0189786,4.106304
2022-08-02 05:00:00,3.998631,4.04614
2022-08-02 06:00:00,3.9161344,3.9771392
2022-08-02 07:00:00,4.914846,3.9401965
2022-08-02 08:00:00,4.986068,4.080924
2022-08-02 09:00:00,5.5057254,4.7791634
2022-08-02 10:00:00,5.399685,5.026741
2022-08-02 11:00:00,5.046918,4.97574
2022-08-02 12:00:00,4.8314767,4.8328958
2022-08-02 13:00:00,4.6092777,4.6137137
2022-08-02 14:00:00,4.442764,4.446603
2022-08-02 15:00:00,4.2733493,4.2851915
2022-08-02 16:00:00,4.083464,4.101335
2022-08-02 17:00:00,4.0021734,4.008167
2022-08-02 18:00:00,3.9010396,3.8590097
2022-08-02 19:00:00,4.152414,3.888438
2022-08-02 20:00:00,4.9217796,3.978502
2022-08-02 21:00:00,4.9381714,4.205993
2022-08-02 22:00:00,5.0743737,4.5874453
2022-08-02 23:00:00,4.891175,4.8203635
2022-08-03 00:00:00,4.7134004,4.6780148
2022-08-03 01:00:00,4.5425496,4.495153
2022-08-03 02:00:00,4.3765388,4.377082
2022-08-03 03:00:00,4.196887,4.199113
2022-08-03 04:00:00,4.1125355,4.1087265
2022-08-03 05:00:00,3.9292014,3.9216988
2022-08-03 06:00:00,3.9112663,3.8498487
2022-08-03 07:00:00,4.1380343,3.849493
2022-08-03 08:00:00,5.0531826,4.096324
2022-08-03 09:00:00,5.254899,4.360143
2022-08-03 10:00:00,5.320511,4.8920317
2022-08-03 11:00:00,5.166697,4.9244432
2022-08-03 12:00:00,4.838352,4.811531
2022-08-03 13:00:00,4.67484,4.639504
2022-08-03 14:00:00,4.4473915,4.436429
2022-08-03 15:00:00,4.255978,4.337374
2022-08-03 16:00:00,4.0998106,4.107613
2022-08-03 17:00:00,4.006804,4.1023707
2022-08-03 18:00:00,3.810155,3.944106
2022-08-03 19:00:00,3.853762,3.8309517
2022-08-03 20:00:00,4.4567733,3.8907547
2022-08-03 21:00:00,4.8281703,3.9973588
2022-08-03 22:00:00,4.9069405,4.3031406
2022-08-03 23:00:00,4.899574,4.625352
2022-08-04 00:00:00,4.672153,4.662125
2022-08-04 01:00:00,4.523296,4.540874
2022-08-04 02:00:00,4.3607764,4.39041
2022-08-04 03:00:00,4.1894255,4.2067914
2022-08-04 04:00:00,4.010358,4.021104
2022-08-04 05:00:00,3.9167352,3.936092
2022-08-04 06:00:00,3.8513396,3.849045
2022-08-04 07:00:00,3.8559473,3.7857578
2022-08-04 08:00:00,3.8273432,3.7475023
2022-08-04 09:00:00,4.8348513,3.8757772
2022-08-04 10:00:00,5.0881457,4.3357315
2022-08-04 11:00:00,5.154553,4.6894236
2022-08-04 12:00:00,4.821926,4.682757
2022-08-04 13:00:00,4.517718,4.595899
2022-08-04 14:00:00,4.352448,4.286622
2022-08-04 15:00:00,4.18883,4.181199
2022-08-04 16:00:00,4.008329,4.0990233
2022-08-04 17:00:00,3.8067963,3.834549
2022-08-04 18:00:00,3.7603552,3.7418857
2022-08-04 19:00:00,3.6871893,3.8528054
2022-08-04 20:00:00,3.9173896,3.9660668
2022-08-04 21:00:00,4.5643067,4.032471
2022-08-04 22:00:00,4.58794,4.146661
2022-08-04 23:00:00,4.7297187,4.2465124
2022-08-05 00:00:00,4.781043,4.5418673
2022-08-05 01:00:00,4.4486766,4.4059324
2022-08-05 02:00:00,4.2502737,4.3029523
2022-08-05 03:00:00,4.0815554,4.182253
2022-08-05 04:00:00,3.9141533,4.024777
2022-08-05 05:00:00,3.8166494,3.9586549
2022-08-05 06:00:00,3.7448106,3.8914185
2022-08-05 07:00:00,3.700517,3.892906
2022-08-05 08:00:00,3.6558726,3.916769
2022-08-05 09:00:00,4.262098,3.9620469
2022-08-05 10:00:00,4.619073,4.0389223
2022-08-05 11:00:00,4.836923,4.173568
2022-08-05 12:00:00,4.8090158,4.394144
2022-08-05 13:00:00,4.4862957,4.3524423
2022-08-05 14:00:00,4.300395,4.265151
2022-08-05 15:00:00,4.145697,4.1437507
2022-08-05 16:00:00,3.9313,3.9580271
2022-08-05 17:00:00,3.7480876,3.8668876
2022-08-05 18:00:00,3.6352696,3.7967317
2022-08-05 19:00:00,3.6064973,3.798793
2022-08-05 20:00:00,3.7397225,3.923345
2022-08-05 21:00:00,4.2189164,3.8685842
2022-08-05 22:00:00,4.487765,4.0228186
2022-08-05 23:00:00,4.5957017,4.0583563
2022-08-06 00:00:00,4.705465,4.2285194
2022-08-06 01:00:00,4.6173015,4.318231
2022-08-06 02:00:00,4.2273207,4.263698
2022-08-06 03:00:00,4.1548634,4.2120776
2022-08-06 04:00:00,4.0014086,4.030739
2022-08-06 05:00:00,3.807387,3.9435697
2022-08-06 06:00:00,3.7352161,3.884106
2022-08-06 07:00:00,3.6519504,3.8010824
2022-08-06 08:00:00,3.5033543,3.7973056
2022-08-06 09:00:00,3.5363178,3.8304212
2022-08-06 10:00:00,4.5368648,4.022537
2022-08-06 11:00:00,4.5818553,4.0463815
2022-08-06 12:00:00,4.57357,4.0354075
2022-08-06 13:00:00,4.6080484,4.1870904
2022-08-06 14:00:00,4.1254625,4.2154627
2022-08-06 15:00:00,4.0415425,4.0750217
2022-08-06 16:00:00,3.8589523,3.9497197
2022-08-06 17:00:00,3.6860845,3.7802186
2022-08-06 18:00:00,3.599515,3.7922516
2022-08-06 19:00:00,3.4946816,3.8931167
2022-08-06 20:00:00,3.483141,3.8234894
2022-08-06 21:00:00,3.4749668,3.825539
2022-08-06 22:00:00,3.8031592,3.8111596
2022-08-06 23:00:00,4.34935,3.9149642
2022-08-07 00:00:00,4.3938637,4.015256
2022-08-07 01:00:00,4.599871,4.1144366
2022-08-07 02:00:00,4.633094,4.235574
2022-08-07 03:00:00,4.2663264,4.1962366
2022-08-07 04:00:00,4.072961,4.137326
2022-08-07 05:00:00,3.8833191,3.9570584
2022-08-07 06:00:00,3.7086916,3.9489307
2022-08-07 07:00:00,3.6457834,3.8076622
2022-08-07 08:00:00,3.5542004,3.7972097
2022-08-07 09:00:00,3.428998,3.793789
2022-08-07 10:00:00,3.7118623,3.8613908
2022-08-07 11:00:00,3.668238,3.7865171
2022-08-07 12:00:00,4.173027,3.874971
2022-08-07 13:00:00,4.184666,3.8791099
2022-08-07 14:00:00,4.2623725,3.870267
2022-08-07 15:00:00,3.9219844,3.9526966
2022-08-07 16:00:00,3.7374763,3.8154187
2022-08-07 17:00:00,3.6875951,3.7094276
2022-08-07 18:00:00,3.4985993,3.7000678
2022-08-07 19:00:00,3.4068494,3.7154253
2022-08-07 20:00:00,3.3268518,3.716071
2022-08-07 21:00:00,3.3502464,3.6505847
2022-08-07 22:00:00,3.3966506,3.7341099
2022-08-07 23:00:00,3.3772724,3.7454073
2022-08-08 00:00:00,4.035661,3.7683232
2022-08-08 01:00:00,4.327439,3.8155627
2022-08-08 02:00:00,4.485186,4.0049763
2022-08-08 03:00:00,4.497662,4.142509
2022-08-08 04:00:00,4.16976,4.1952877
2022-08-08 05:00:00,4.054577,4.057264
2022-08-08 06:00:00,3.862172,3.9316177
2022-08-08 07:00:00,3.6953351,3.8500566
2022-08-08 08:00:00,3.6532304,3.8022127
2022-08-08 09:00:00,3.5592768,3.7993
2022-08-08 10:00:00,3.3319705,3.6935623
2022-08-08 11:00:00,3.5202641,3.736111
2022-08-08 12:00:00,3.5407982,3.7754488
2022-08-08 13:00:00,4.1904902,3.8079143
2022-08-08 14:00:00,4.020156,3.869504
2022-08-08 15:00:00,3.879,3.832099
2022-08-08 16:00:00,3.8717813,3.8098178
2022-08-08 17:00:00,3.8333328,3.690065
2022-08-08 18:00:00,3.459686,3.702659
2022-08-08 19:00:00,3.3901353,3.70409
2022-08-08 20:00:00,3.3024924,3.700717
2022-08-08 21:00:00,3.2477388,3.6316476
2022-08-08 22:00:00,3.1498444,3.63705
2022-08-08 23:00:00,3.1207087,3.633519
2022-08-09 00:00:00,3.289149,3.6768262
2022-08-09 01:00:00,3.8473647,3.6804445
2022-08-09 02:00:00,4.237064,3.9081235
2022-08-09 03:00:00,4.4999323,3.8622005
2022-08-09 04:00:00,4.529368,4.0793953
2022-08-09 05:00:00,4.5098696,4.2030663
2022-08-09 06:00:00,4.0513287,4.1432204
2022-08-09 07:00:00,3.9854622,4.1001334
2022-08-09 08:00:00,3.7520266,3.924071
2022-08-09 09:00:00,3.66153,3.8485224
2022-08-09 10:00:00,3.5735557,3.7862418
2022-08-09 11:00:00,3.2992733,3.6879373
2022-08-09 12:00:00,3.2409575,3.6934106
2022-08-09 13:00:00,3.3423834,3.729173
2022-08-09 14:00:00,3.4943116,3.7667432
2022-08-09 15:00:00,4.004065,3.7800198
2022-08-09 16:00:00,3.982485,3.788769
2022-08-09 17:00:00,4.131055,3.801688
2022-08-09 18:00:00,3.8949387,3.715345
2022-08-09 19:00:00,3.4998927,3.7085352
2022-08-09 20:00:00,3.4104114,3.6103675
2022-08-09 21:00:00,3.3711715,3.61434
2022-08-09 22:00:00,3.2080805,3.6966174
2022-08-09 23:00:00,3.2009535,3.5589287
2022-08-10 00:00:00,3.050743,3.6178298
2022-08-10 01:00:00,3.0462966,3.5546186
2022-08-10 02:00:00,3.558189,3.625421
2022-08-10 03:00:00,4.2177978,3.6569011
2022-08-10 04:00:00,4.610446,3.9115825
2022-08-10 05:00:00,4.630508,4.231548
2022-08-10 06:00:00,4.568632,4.307181
2022-08-10 07:00:00,4.233902,4.314479
2022-08-10 08:00:00,4.037819,4.1579633
2022-08-10 09:00:00,3.7932575,3.9605815
2022-08-10 10:00:00,3.5286229,3.8817406
2022-08-10 11:00:00,3.5024414,3.8474717
2022-08-10 12:00:00,3.4096825,3.7711227
2022-08-10 13:00:00,3.1861255,3.7560182
2022-08-10 14:00:00,3.4620557,3.8349202
2022-08-10 15:00:00,3.7036386,3.9129503
2022-08-10 16:00:00,4.0550547,3.9883828
2022-08-10 17:00:00,3.9464972,3.9781797
2022-08-10 18:00:00,4.204061,3.9980085
2022-08-10 19:00:00,4.1216483,3.9343855
2022-08-10 20:00:00,3.7749493,3.8321683
2022-08-10 21:00:00,3.631631,3.8045554
2022-08-10 22:00:00,3.499449,3.883296
2022-08-10 23:00:00,3.1477273,3.7840812
2022-08-11 00:00:00,3.2105389,3.8858323
2022-08-11 01:00:00,3.0902784,3.8192444
2022-08-11 02:00:00,3.0385497,3.8888211
2022-08-11 03:00:00,3.3208883,3.8644657
2022-08-11 04:00:00,4.2929463,4.0808277
2022-08-11 05:00:00,4.945577,4.126469
2022-08-11 06:00:00,4.9506245,4.5052853
2022-08-11 07:00:00,4.7917557,4.640308
2022-08-11 08:00:00,4.2994094,4.6054344
2022-08-11 09:00:00,4.1309237,4.3138175
2022-08-11 10:00:00,3.8531802,4.160842
2022-08-11 11:00:00,3.6980915,4.248201
2022-08-11 12:00:00,3.5319755,4.208764
2022-08-11 13:00:00,3.3743818,4.2044797
2022-08-11 14:00:00,3.1451368,4.0627956
2022-08-11 15:00:00,3.2308145,3.9550908
2022-08-11 16:00:00,3.9339774,4.0626087
2022-08-11 17:00:00,4.2265387,4.0620923
2022-08-11 18:00:00,4.171671,4.294922
2022-08-11 19:00:00,4.5184593,4.1657963
2022-08-11 20:00:00,4.0627065,4.1764097
2022-08-11 21:00:00,3.843923,4.1260657
2022-08-11 22:00:00,3.600931,4.021268
2022-08-11 23:00:00,3.4610722,4.016266
2022-08-12 00:00:00,3.3096068,4.009604
2022-08-12 01:00:00,3.298925,3.926809
2022-08-12 02:00:00,3.1464407,3.9867408
2022-08-12 03:00:00,3.104121,3.9282827
2022-08-12 04:00:00,3.541518,3.993032
2022-08-12 05:00:00,4.412942,4.12217
2022-08-12 06:00:00,5.0984426,4.3476934
2022-08-12 07:00:00,5.0142756,4.6817536
2022-08-12 08:00:00,4.7859025,4.76988
2022-08-12 09:00:00,4.467933,4.6108546
2022-08-12 10:00:00,4.0908117,4.3162036
2022-08-12 11:00:00,3.9059398,4.2552433
2022-08-12 12:00:00,3.697471,4.203224
2022-08-12 13:00:00,3.515771,4.287428
2022-08-12 14:00:00,3.4012227,4.08284
2022-08-12 15:00:00,3.0810187,4.2111096
2022-08-12 16:00:00,3.3351543,4.152035
2022-08-12 17:00:00,4.6160035,4.2602835
2022-08-12 18:00:00,4.238623,4.3745604
2022-08-12 19:00:00,4.7564325,4.309606
2022-08-12 20:00:00,4.6114755,4.3535643
2022-08-12 21:00:00,4.2458925,4.407937
2022-08-12 22:00:00,3.973086,4.259206
2022-08-12 23:00:00,3.759968,4.1748004
2022-08-13 00:00:00,3.5383217,4.181409
2022-08-13 01:00:00,3.4090168,4.11223
2022-08-13 02:00:00,3.2477605,4.2465644
2022-08-13 03:00:00,3.1153758,4.102005
2022-08-13 04:00:00,3.1410968,4.0331926
2022-08-13 05:00:00,4.3331914,4.1969595
2022-08-13 06:00:00,4.5182467,4.303967
2022-08-13 07:00:00,5.187851,4.4357166
2022-08-13 08:00:00,5.1064086,4.6668715
2022-08-13 09:00:00,4.651687,4.728161
2022-08-13 10:00:00,4.3837423,4.6952434
2022-08-13 11:00:00,4.1285973,4.513989
2022-08-13 12:00:00,3.8582869,4.2996826
2022-08-13 13:00:00,3.6935227,4.230423
2022-08-13 14:00:00,3.5565355,4.1715517
2022-08-13 15:00:00,3.361407,4.163642
2022-08-13 16:00:00,3.2091744,4.100007
2022-08-13 17:00:00,3.6168256,4.253395
2022-08-13 18:00:00,4.385964,4.2221074
2022-08-13 19:00:00,4.439837,4.4153266
2022-08-13 20:00:00,4.8132877,4.3268323
2022-08-13 21:00:00,4.649737,4.4450593
2022-08-13 22:00:00,4.324029,4.555268
2022-08-13 23:00:00,3.8858173,4.3072677
2022-08-14 00:00:00,3.7726278,4.226654
2022-08-14 01:00:00,3.5504313,4.170273
2022-08-14 02:00:00,3.3660388,4.170353
2022-08-14 03:00:00,3.1754434,4.1676764
2022-08-14 04:00:00,3.107564,4.1791425
2022-08-14 05:00:00,3.1609993,4.125245
2022-08-14 06:00:00,4.503597,4.2997937
2022-08-14 07:00:00,5.060693,4.41612
2022-08-14 08:00:00,5.191231,4.6733637
2022-08-14 09:00:00,4.966616,4.837322
2022-08-14 10:00:00,4.664771,4.8428288
2022-08-14 11:00:00,4.2728243,4.6600523
2022-08-14 12:00:00,4.06447,4.443915
2022-08-14 13:00:00,3.8760424,4.387794
2022-08-14 14:00:00,3.7250829,4.4112864
2022-08-14 15:00:00,3.5526066,4.266257
2022-08-14 16:00:00,3.187735,4.16988
2022-08-14 17:00:00,3.208742,4.211902
2022-08-14 18:00:00,4.0892262,4.421466
2022-08-14 19:00:00,4.4001784,4.336207
2022-08-14 20:00:00,4.8115153,4.4126997
2022-08-14 21:00:00,4.7859545,4.526432
2022-08-14 22:00:00,4.4416914,4.7030115
2022-08-14 23:00:00,4.260566,4.5302024
2022-08-15 00:00:00,3.9028552,4.3240776
2022-08-15 01:00:00,3.6963198,4.2535057
2022-08-15 02:00:00,3.5509095,4.3359427
2022-08-15 03:00:00,3.3518581,4.3414826
2022-08-15 04:00:00,3.203553,4.193751
2022-08-15 05:00:00,3.1310928,4.125552
2022-08-15 06:00:00,3.3629515,4.16628
2022-08-15 07:00:00,4.491362,4.32824
2022-08-15 08:00:00,5.2387567,4.639639
2022-08-15 09:00:00,4.977797,4.604102
2022-08-15 10:00:00,4.829017,4.782405
2022-08-15 11:00:00,4.4292617,4.810621
2022-08-15 12:00:00,4.1117115,4.4723954
2022-08-15 13:00:00,3.837739,4.3860497
2022-08-15 14:00:00,3.7067988,4.3347507
2022-08-15 15:00:00,3.4684381,4.2575517
2022-08-15 16:00:00,3.362215,4.188425
2022-08-15 17:00:00,3.1199665,4.195646
2022-08-15 18:00:00,3.3791986,4.184395
2022-08-15 19:00:00,4.245149,4.3663306
2022-08-15 20:00:00,4.285142,4.479988
2022-08-15 21:00:00,4.6087503,4.374924
2022-08-15 22:00:00,4.7405825,4.5489445
2022-08-15 23:00:00,4.255583,4.4910893
2022-08-16 00:00:00,3.958445,4.3310437
2022-08-16 01:00:00,3.746553,4.2485027
2022-08-16 02:00:00,3.524942,4.2636604
2022-08-16 03:00:00,3.3758361,4.1920843
2022-08-16 04:00:00,3.193178,4.1939187
2022-08-16 05:00:00,3.118562,4.207262
2022-08-16 06:00:00,3.0282347,4.2828817
2022-08-16 07:00:00,4.033898,4.256686
2022-08-16 08:00:00,4.6418276,4.334884
2022-08-16 09:00:00,5.0188017,4.411955
2022-08-16 10:00:00,4.850649,4.6279607
2022-08-16 11:00:00,4.444053,4.7096286
2022-08-16 12:00:00,4.1796675,4.5467224
2022-08-16 13:00:00,3.8583992,4.3750243
2022-08-16 14:00:00,3.6627262,4.256195
2022-08-16 15:00:00,3.5291047,4.2766786
2022-08-16 16:00:00,3.3330767,4.210046
2022-08-16 17:00:00,3.1838808,4.1270323
2022-08-16 18:00:00,3.0562403,4.1256876
2022-08-16 19:00:00,3.6055667,4.206452
2022-08-16 20:00:00,4.2613325,4.3776813
2022-08-16 21:00:00,4.5088596,4.3629923
2022-08-16 22:00:00,4.787606,4.3675537
2022-08-16 23:00:00,4.570004,4.562772
2022-08-17 00:00:00,4.146073,4.511835
2022-08-17 01:00:00,3.8617852,4.304794
2022-08-17 02:00:00,3.6686213,4.2346706
2022-08-17 03:00:00,3.5200114,4.2448697
2022-08-17 04:00:00,3.301731,4.1783895
2022-08-17 05:00:00,3.1475072,4.184919
2022-08-17 06:00:00,2.9078789,4.050684
2022-08-17 07:00:00,3.0867057,4.209964
2022-08-17 08:00:00,4.3932676,4.3807306
2022-08-17 09:00:00,4.7119665,4.36179
2022-08-17 10:00:00,4.923066,4.4486723
2022-08-17 11:00:00,4.6834574,4.56691
2022-08-17 12:00:00,4.213231,4.5046997
2022-08-17 13:00:00,3.8278887,4.3019013
2022-08-17 14:00:00,3.6599832,4.3101377
2022-08-17 15:00:00,3.5237806,4.258062
2022-08-17 16:00:00,3.3854303,4.254074
2022-08-17 17:00:00,3.2172244,4.193215
2022-08-17 18:00:00,3.0653288,4.1961017
2022-08-17 19:00:00,3.2168999,4.220288
2022-08-17 20:00:00,3.745165,4.279648
2022-08-17 21:00:00,4.113246,4.254641
2022-08-17 22:00:00,4.5918384,4.4119024
2022-08-17 23:00:00,4.6160235,4.368556
2022-08-18 00:00:00,4.2416816,4.4847717
2022-08-18 01:00:00,3.9753606,4.3476768
2022-08-18 02:00:00,3.7266183,4.192646
2022-08-18 03:00:00,3.5171845,4.196887
2022-08-18 04:00:00,3.3676815,4.211195
2022-08-18 05:00:00,3.1650817,4.20086
2022-08-18 06:00:00,3.0904973,4.2030606
2022-08-18 07:00:00,2.9816763,4.1966043
2022-08-18 08:00:00,3.7514951,4.281429
2022-08-18 09:00:00,4.5255394,4.3002424
2022-08-18 10:00:00,4.6719317,4.410669
2022-08-18 11:00:00,4.524222,4.3330135
2022-08-18 12:00:00,4.133244,4.3631167
2022-08-18 13:00:00,3.9819763,4.331104
2022-08-18 14:00:00,3.6762266,4.2497077
2022-08-18 15:00:00,3.5173283,4.260324
2022-08-18 16:00:00,3.3701684,4.205941
2022-08-18 17:00:00,3.2030036,4.198101
2022-08-18 18:00:00,3.034373,4.192397
2022-08-18 19:00:00,3.0541923,4.1382246
2022-08-18 20:00:00,3.6839395,4.197752
2022-08-18 21:00:00,4.2166133,4.2569876
2022-08-18 22:00:00,4.161321,4.2532034
2022-08-18 23:00:00,4.561668,4.3055687
2022-08-19 00:00:00,4.521384,4.325728
2022-08-19 01:00:00,4.1547136,4.384915
2022-08-19 02:00:00,3.8060877,4.2572994
2022-08-19 03:00:00,3.5969944,4.1826887
2022-08-19 04:00:00,3.445015,4.2601776
2022-08-19 05:00:00,3.3100255,4.126277
2022-08-19 06:00:00,3.2170746,4.1797433
2022-08-19 07:00:00,2.9718006,4.179059
2022-08-19 08:00:00,3.135033,4.12772
2022-08-19 09:00:00,4.2535763,4.2494035
2022-08-19 10:00:00,4.00841,4.2849393
2022-08-19 11:00:00,4.280902,4.2542815
2022-08-19 12:00:00,4.306844,4.221828
2022-08-19 13:00:00,3.8665736,4.213885
2022-08-19 14:00:00,3.6226535,4.113145
2022-08-19 15:00:00,3.5078282,4.118788
2022-08-19 16:00:00,3.3302822,4.1300454
2022-08-19 17:00:00,3.1581492,4.124304
2022-08-19 18:00:00,2.9730835,4.1810703
2022-08-19 19:00:00,2.9150486,4.1178446
2022-08-19 20:00:00,3.0211308,4.1271772
2022-08-19 21:00:00,3.822955,4.134217
2022-08-19 22:00:00,3.7653775,4.17699
2022-08-19 23:00:00,4.2751727,4.254738
2022-08-20 00:00:00,4.236212,4.227503
2022-08-20 01:00:00,4.1754003,4.2593675
2022-08-20 02:00:00,3.7255118,4.192987
2022-08-20 03:00:00,3.4254498,4.1096516
2022-08-20 04:00:00,3.3137398,4.1902905
2022-08-20 05:00:00,3.1677322,4.134337
2022-08-20 06:00:00,3.150159,4.129979
2022-08-20 07:00:00,3.0411322,4.127934
2022-08-20 08:00:00,2.8490386,4.1893487
2022-08-20 09:00:00,2.8997657,4.1305633
2022-08-20 10:00:00,4.169963,4.165898
2022-08-20 11:00:00,3.9740815,4.140392
2022-08-20 12:00:00,3.948005,4.134685
2022-08-20 13:00:00,3.7252853,4.082888
2022-08-20 14:00:00,3.4360993,4.051178
2022-08-20 15:00:00,3.290773,4.044545
2022-08-20 16:00:00,3.148382,4.113794
2022-08-20 17:00:00,3.064206,4.0606556
2022-08-20 18:00:00,2.9065063,4.0462246
2022-08-20 19:00:00,2.9531376,3.986969
2022-08-20 20:00:00,2.8961184,4.0436773
2022-08-20 21:00:00,2.9940574,4.1133504
2022-08-20 22:00:00,3.6534228,4.1006017
2022-08-20 23:00:00,3.9429448,4.112777
2022-08-21 00:00:00,4.088191,4.129861
2022-08-21 01:00:00,4.2042475,4.1345897
2022-08-21 02:00:00,3.9408755,4.1513453
2022-08-21 03:00:00,3.6737323,4.11728
2022-08-21 04:00:00,3.517427,4.099278
2022-08-21 05:00:00,3.360809,4.1011925
2022-08-21 06:00:00,3.3097162,4.1146674
2022-08-21 07:00:00,3.1070514,4.1097813
2022-08-21 08:00:00,2.9785826,4.098817
2022-08-21 09:00:00,2.936317,4.0264945
2022-08-21 10:00:00,3.1587288,4.034696
2022-08-21 11:00:00,3.9969833,4.12566
2022-08-21 12:00:00,3.640228,4.0777626
2022-08-21 13:00:00,3.522374,4.0639944
2022-08-21 14:00:00,3.2591748,4.1680846
2022-08-21 15:00:00,3.0833468,4.155124
2022-08-21 16:00:00,3.0201752,4.0277414
2022-08-21 17:00:00,3.1684039,4.0404487
2022-08-21 18:00:00,2.9697511,4.0454745
2022-08-21 19:00:00,2.9934235,4.049728
2022-08-21 20:00:00,2.7925718,4.047375
2022-08-21 21:00:00,3.1451137,4.0108724
2022-08-21 22:00:00,3.1481252,4.0765576
2022-08-21 23:00:00,3.3543227,4.0964384
2022-08-22 00:00:00,3.6210556,4.1178765
2022-08-22 01:00:00,3.8712692,4.2016916
2022-08-22 02:00:00,4.030711,4.20297
2022-08-22 03:00:00,3.8061967,4.148074
2022-08-22 04:00:00,3.5405123,4.1162143
2022-08-22 05:00:00,3.4143202,4.110024
2022-08-22 06:00:00,3.3489447,4.052728
2022-08-22 07:00:00,3.342428,4.1175137
2022-08-22 08:00:00,3.169399,4.1190095
2022-08-22 09:00:00,3.354683,4.069166
2022-08-22 10:00:00,2.9333503,4.103033
2022-08-22 11:00:00,2.955907,4.1115937
2022-08-22 12:00:00,3.1457753,4.0523973
2022-08-22 13:00:00,3.0697424,4.0294333
2022-08-22 14:00:00,3.3302543,4.0529003
2022-08-22 15:00:00,3.1629236,4.0373096
2022-08-22 16:00:00,3.462898,4.0657134
2022-08-22 17:00:00,3.447554,4.067972
2022-08-22 18:00:00,3.0287683,4.107198
2022-08-22 19:00:00,2.900878,4.038966
2022-08-22 20:00:00,2.9779673,4.0460367
2022-08-22 21:00:00,2.7478535,4.0526605
2022-08-22 22:00:00,2.9612691,4.066606
2022-08-22 23:00:00,2.713544,4.0497575
2022-08-23 00:00:00,3.0556843,4.066381
2022-08-23 01:00:00,3.3691874,4.0838494
2022-08-23 02:00:00,3.7323587,4.113193
2022-08-23 03:00:00,4.037383,4.215447
2022-08-23 04:00:00,4.15256,4.1541715
2022-08-23 05:00:00,3.9214792,4.164369
2022-08-23 06:00:00,3.6706789,4.135433
2022-08-23 07:00:00,3.5695481,4.1320457
2022-08-23 08:00:00,3.4124253,4.1216917
2022-08-23 09:00:00,3.2672238,4.123893
2022-08-23 10:00:00,3.0007868,4.10217
2022-08-23 11:00:00,2.9679859,4.0462847
2022-08-23 12:00:00,2.9879937,4.0451465
2022-08-23 13:00:00,3.1584628,4.0546303
2022-08-23 14:00:00,3.1283877,4.0362186
2022-08-23 15:00:00,3.4864802,3.9965327
2022-08-23 16:00:00,3.4515362,4.063642
2022-08-23 17:00:00,3.495444,4.1406045
2022-08-23 18:00:00,3.5678794,4.072853
2022-08-23 19:00:00,3.4308686,4.0421505
2022-08-23 20:00:00,3.1747746,4.0261693
2022-08-23 21:00:00,3.0209596,4.0279593
2022-08-23 22:00:00,2.9389606,4.0298004
2022-08-23 23:00:00,3.0100684,3.9836826
2022-08-24 00:00:00,2.9226077,4.0368395
2022-08-24 01:00:00,2.745832,4.1047955
2022-08-24 02:00:00,3.1970506,4.009999
2022-08-24 03:00:00,3.7570765,4.1182246
2022-08-24 04:00:00,4.413393,4.2133217
2022-08-24 05:00:00,4.4664445,4.257746
2022-08-24 06:00:00,4.382134,4.133232
2022-08-24 07:00:00,3.90819,4.114187
2022-08-24 08:00:00,3.805265,4.1132507
2022-08-24 09:00:00,3.6066673,4.171453
2022-08-24 10:00:00,3.3410866,4.0928383
2022-08-24 11:00:00,3.2524736,4.0332766
2022-08-24 12:00:00,3.1073203,4.091156
2022-08-24 13:00:00,2.8869503,4.0115633
2022-08-24 14:00:00,3.0959826,4.102612
2022-08-24 15:00:00,3.420315,4.126498
2022-08-24 16:00:00,3.7735195,4.155236
2022-08-24 17:00:00,3.8688014,4.164281
2022-08-24 18:00:00,3.9827225,4.2612805
2022-08-24 19:00:00,3.802256,4.140694
2022-08-24 20:00:00,3.491945,4.0833907
2022-08-24 21:00:00,3.1902025,4.0762305
2022-08-24 22:00:00,3.1622417,4.1037703
2022-08-24 23:00:00,3.0229125,4.1183977
2022-08-25 00:00:00,2.8399622,4.121088
2022-08-25 01:00:00,2.7406979,4.125149
2022-08-25 02:00:00,2.800235,4.0780315
2022-08-25 03:00:00,3.3875666,4.11453
2022-08-25 04:00:00,4.0358105,4.2369294
2022-08-25 05:00:00,4.594904,4.2469525
2022-08-25 06:00:00,4.56593,4.2860622
2022-08-25 07:00:00,4.123444,4.2502875
2022-08-25 08:00:00,3.746039,4.181427
2022-08-25 09:00:00,3.4604099,4.16652
2022-08-25 10:00:00,3.2755196,4.1788306
2022-08-25 11:00:00,3.1465251,4.178998
2022-08-25 12:00:00,2.9951475,4.1083784
2022-08-25 13:00:00,2.8988135,4.103469
2022-08-25 14:00:00,2.7451193,4.1113763
2022-08-25 15:00:00,3.2080085,4.150538
2022-08-25 16:00:00,3.9881566,4.215391
2022-08-25 17:00:00,3.726862,4.1780057
2022-08-25 18:00:00,4.0040865,4.281235
2022-08-25 19:00:00,4.1157184,4.349677
2022-08-25 20:00:00,3.7906225,4.2798195
2022-08-25 21:00:00,3.4165435,4.103792
2022-08-25 22:00:00,3.2787576,4.1180673
2022-08-25 23:00:00,3.068665,4.136676
2022-08-26 00:00:00,2.9033926,4.2028837
2022-08-26 01:00:00,2.8075154,4.1441917
2022-08-26 02:00:00,2.7103224,4.140631
2022-08-26 03:00:00,2.7522027,4.1515675
2022-08-26 04:00:00,4.073361,4.199441
2022-08-26 05:00:00,4.6705556,4.347243
2022-08-26 06:00:00,4.656653,4.3307557
2022-08-26 07:00:00,4.518028,4.306231
2022-08-26 08:00:00,4.0760665,4.426124
2022-08-26 09:00:00,3.7676473,4.321374
2022-08-26 10:00:00,3.5974264,4.250614
2022-08-26 11:00:00,3.397975,4.255497
2022-08-26 12:00:00,3.158837,4.1864634
2022-08-26 13:00:00,3.0666795,4.1860766
2022-08-26 14:00:00,2.8522067,4.1863713
2022-08-26 15:00:00,2.8981912,4.195841
2022-08-26 16:00:00,3.5812216,4.2489214
2022-08-26 17:00:00,4.0382533,4.306739
2022-08-26 18:00:00,4.188713,4.3385425
2022-08-26 19:00:00,4.2463574,4.328518
2022-08-26 20:00:00,4.2016864,4.2808385
2022-08-26 21:00:00,3.7996542,4.2117157
2022-08-26 22:00:00,3.4065442,4.1941705
2022-08-26 23:00:00,3.2863426,4.2174497
2022-08-27 00:00:00,3.157,4.289955
2022-08-27 01:00:00,2.9790044,4.2252483
2022-08-27 02:00:00,2.8011184,4.2723613
2022-08-27 03:00:00,2.760309,4.28563
2022-08-27 04:00:00,2.9685776,4.294124
2022-08-27 05:00:00,3.957869,4.287372
2022-08-27 06:00:00,4.8470955,4.411723
2022-08-27 07:00:00,4.6594725,4.3654327
2022-08-27 08:00:00,4.4000444,4.4955006
2022-08-27 09:00:00,3.922804,4.422332
2022-08-27 10:00:00,3.687324,4.355353
2022-08-27 11:00:00,3.4112604,4.3614025
2022-08-27 12:00:00,3.208496,4.311634
2022-08-27 13:00:00,3.1836393,4.316918
2022-08-27 14:00:00,2.994981,4.306613
2022-08-27 15:00:00,2.8212483,4.2927465
2022-08-27 16:00:00,3.0954714,4.3090124
2022-08-27 17:00:00,4.117503,4.3978395
2022-08-27 18:00:00,4.034377,4.4573593
2022-08-27 19:00:00,4.389199,4.4337564
2022-08-27 20:00:00,4.3469324,4.385769
2022-08-27 21:00:00,4.029149,4.319604
2022-08-27 22:00:00,3.7758775,4.2325764
2022-08-27 23:00:00,3.4403884,4.3074136
2022-08-28 00:00:00,3.2954774,4.326247
2022-08-28 01:00:00,3.0643892,4.3841567
2022-08-28 02:00:00,2.9619532,4.37794
2022-08-28 03:00:00,2.8130138,4.310004
2022-08-28 04:00:00,2.8583858,4.312141
2022-08-28 05:00:00,4.1148844,4.3432193
2022-08-28 06:00:00,4.6687145,4.3907566
2022-08-28 07:00:00,5.0486994,4.535743
2022-08-28 08:00:00,4.7606893,4.504225
2022-08-28 09:00:00,4.2741804,4.602173
2022-08-28 10:00:00,3.9766405,4.5026574
2022-08-28 11:00:00,3.7078362,4.4395843
2022-08-28 12:00:00,3.5380654,4.454253
2022-08-28 13:00:00,3.3330922,4.3802757
2022-08-28 14:00:00,3.1562612,4.367019
2022-08-28 15:00:00,3.058574,4.365544
2022-08-28 16:00:00,2.8347812,4.3618183
2022-08-28 17:00:00,3.6840937,4.432531
2022-08-28 18:00:00,4.2484555,4.4193516
2022-08-28 19:00:00,4.6950617,4.5013323
2022-08-28 20:00:00,4.467972,4.4380956
2022-08-28 21:00:00,4.182092,4.429228
2022-08-28 22:00:00,4.0068097,4.3935666
2022-08-28 23:00:00,3.675754,4.385417
2022-08-29 00:00:00,3.4931624,4.3991804
2022-08-29 01:00:00,3.2677796,4.3998046
2022-08-29 02:00:00,3.0599918,4.3234477
2022-08-29 03:00:00,2.899468,4.315029
2022-08-29 04:00:00,2.8078687,4.308779
2022-08-29 05:00:00,3.2766273,4.3397126
2022-08-29 06:00:00,4.1181726,4.3954644
2022-08-29 07:00:00,5.097579,4.558924
2022-08-29 08:00:00,4.810078,4.545639
2022-08-29 09:00:00,4.585115,4.750526
2022-08-29 10:00:00,4.2179666,4.6599116
2022-08-29 11:00:00,3.842596,4.5564456
2022-08-29 12:00:00,3.6113029,4.566099
2022-08-29 13:00:00,3.4009132,4.3802533
2022-08-29 14:00:00,3.2737584,4.3864574
2022-08-29 15:00:00,2.986552,4.4544497
2022-08-29 16:00:00,2.8576338,4.3910236
2022-08-29 17:00:00,3.504465,4.3784747
2022-08-29 18:00:00,3.6013312,4.5174627
2022-08-29 19:00:00,4.3564935,4.483394
2022-08-29 20:00:00,4.7244334,4.6013517
2022-08-29 21:00:00,4.5283985,4.60137
2022-08-29 22:00:00,4.162539,4.430002
2022-08-29 23:00:00,3.7895415,4.4446263
2022-08-30 00:00:00,3.4878352,4.4076185
2022-08-30 01:00:00,3.3042617,4.4183235
2022-08-30 02:00:00,3.1357524,4.354339
2022-08-30 03:00:00,3.044355,4.3376937
2022-08-30 04:00:00,2.9052753,4.33269
2022-08-30 05:00:00,2.8509128,4.3392262
2022-08-30 06:00:00,4.20427,4.4483232
2022-08-30 07:00:00,4.3702683,4.4458804
2022-08-30 08:00:00,4.9303327,4.5353703
2022-08-30 09:00:00,4.7223525,4.5166283
2022-08-30 10:00:00,4.1877313,4.6040606
2022-08-30 11:00:00,4.0039754,4.5023627
2022-08-30 12:00:00,3.6230206,4.4258137
2022-08-30 13:00:00,3.458899,4.374227
2022-08-30 14:00:00,3.3040154,4.381626
2022-08-30 15:00:00,3.1487072,4.4506245
2022-08-30 16:00:00,2.9658422,4.3175483
2022-08-30 17:00:00,2.7586133,4.305587
2022-08-30 18:00:00,3.5129893,4.370226
2022-08-30 19:00:00,4.145283,4.4894433
2022-08-30 20:00:00,4.4207773,4.538893
2022-08-30 21:00:00,4.6927567,4.5543656
2022-08-30 22:00:00,4.427046,4.3807416
2022-08-30 23:00:00,4.038533,4.3879957
2022-08-31 00:00:00,3.616927,4.383532
2022-08-31 01:00:00,3.4427829,4.4081907
2022-08-31 02:00:00,3.1368086,4.328601
2022-08-31 03:00:00,3.0509858,4.322425
2022-08-31 04:00:00,2.9312243,4.2631783
2022-08-31 05:00:00,2.7462142,4.321079
2022-08-31 06:00:00,3.0587873,4.347469
2022-08-31 07:00:00,4.3317204,4.4405947
2022-08-31 08:00:00,4.779353,4.492168
2022-08-31 09:00:00,4.7886276,4.478902
2022-08-31 10:00:00,4.5479455,4.452401
2022-08-31 11:00:00,4.031869,4.504114
2022-08-31 12:00:00,3.7361999,4.4233265
2022-08-31 13:00:00,3.5153382,4.3656116
2022-08-31 14:00:00,3.3007805,4.3016715
2022-08-31 15:00:00,3.131221,4.375728
2022-08-31 16:00:00,2.9601526,4.377017
2022-08-31 17:00:00,2.8049912,4.3068776
2022-08-31 18:00:00,2.941705,4.317904
2022-08-31 19:00:00,4.2729983,4.4276342
2022-08-31 20:00:00,4.312182,4.42964
2022-08-31 21:00:00,4.677184,4.4972143
2022-08-31 22:00:00,4.553673,4.431409
2022-08-31 23:00:00,4.0364523,4.383915
2022-09-01 00:00:00,3.6486604,4.2876124
2022-09-01 01:00:00,3.341415,4.315899
2022-09-01 02:00:00,3.1897986,4.3371406
2022-09-01 03:00:00,3.0620124,4.3273506
2022-09-01 04:00:00,2.8951716,4.31011
2022-09-01 05:00:00,2.7469525,4.248451
2022-09-01 06:00:00,2.6925843,4.3082047
2022-09-01 07:00:00,3.394782,4.349573
2022-09-01 08:00:00,4.2017455,4.3288865
2022-09-01 09:00:00,4.6398544,4.4664803
2022-09-01 10:00:00,4.594447,4.421034
2022-09-01 11:00:00,4.167599,4.386331
2022-09-01 12:00:00,3.7495317,4.27803
2022-09-01 13:00:00,3.513902,4.367736
2022-09-01 14:00:00,3.1771553,4.310717
2022-09-01 15:00:00,3.0356615,4.2436175
2022-09-01 16:00:00,2.9482646,4.3061566
2022-09-01 17:00:00,2.7657354,4.3067684
2022-09-01 18:00:00,2.7546124,4.2963185
2022-09-01 19:00:00,4.256112,4.363906
2022-09-01 20:00:00,4.09226,4.3831453
2022-09-01 21:00:00,4.40522,4.429214
2022-09-01 22:00:00,4.505696,4.487674
2022-09-01 23:00:00,4.458294,4.3685274
2022-09-02 00:00:00,3.890187,4.4148254
2022-09-02 01:00:00,3.6091962,4.4282627
2022-09-02 02:00:00,3.3528693,4.3124423
2022-09-02 03:00:00,3.145661,4.311571
2022-09-02 04:00:00,2.9970906,4.38306
2022-09-02 05:00:00,2.865513,4.374888
2022-09-02 06:00:00,2.803068,4.3090277
2022-09-02 07:00:00,3.1676035,4.400126
2022-09-02 08:00:00,4.232153,4.480906
2022-09-02 09:00:00,4.4909115,4.5055084
2022-09-02 10:00:00,4.4767756,4.427725
2022-09-02 11:00:00,4.426625,4.3838716
2022-09-02 12:00:00,3.9952335,4.310079
2022-09-02 13:00:00,3.6461585,4.3150463
2022-09-02 14:00:00,3.3620386,4.343482
2022-09-02 15:00:00,3.229104,4.287707
2022-09-02 16:00:00,3.1065094,4.339379
2022-09-02 17:00:00,2.9777179,4.26615
2022-09-02 18:00:00,2.7799792,4.2489867
2022-09-02 19:00:00,3.235858,4.2791033
2022-09-02 20:00:00,4.13264,4.341103
2022-09-02 21:00:00,4.431223,4.431839
2022-09-02 22:00:00,4.621335,4.453434
2022-09-02 23:00:00,4.4921937,4.3722477
2022-09-03 00:00:00,4.118211,4.2943754
2022-09-03 01:00:00,3.88898,4.282353
2022-09-03 02:00:00,3.7158592,4.2955384
2022-09-03 03:00:00,3.4053547,4.3572764
2022-09-03 04:00:00,3.2451692,4.3541775
2022-09-03 05:00:00,3.0836778,4.286143
2022-09-03 06:00:00,2.922659,4.3482184
2022-09-03 07:00:00,2.8127677,4.2865705
2022-09-03 08:00:00,3.3502398,4.311156
2022-09-03 09:00:00,4.21648,4.3128953
2022-09-03 10:00:00,4.4038157,4.4139223
2022-09-03 11:00:00,4.389862,4.3921885
2022-09-03 12:00:00,3.9558876,4.308375
2022-09-03 13:00:00,3.7763236,4.2933626
2022-09-03 14:00:00,3.551849,4.314678
2022-09-03 15:00:00,3.322929,4.319979
2022-09-03 16:00:00,3.1704953,4.3196893
2022-09-03 17:00:00,3.0094473,4.2444634
2022-09-03 18:00:00,2.8128529,4.2302833
2022-09-03 19:00:00,2.7984643,4.2338634
2022-09-03 20:00:00,3.9257126,4.327249
2022-09-03 21:00:00,4.216766,4.343503
2022-09-03 22:00:00,4.438253,4.436855
2022-09-03 23:00:00,4.443916,4.3442183
2022-09-04 00:00:00,4.3349524,4.3585196
2022-09-04 01:00:00,3.9104333,4.296414
2022-09-04 02:00:00,3.6249797,4.283282
2022-09-04 03:00:00,3.3367503,4.3468423
2022-09-04 04:00:00,3.215978,4.228296
2022-09-04 05:00:00,3.0931082,4.225832
2022-09-04 06:00:00,2.974374,4.227471
2022-09-04 07:00:00,2.7877429,4.2227716
2022-09-04 08:00:00,3.017229,4.2328987
2022-09-04 09:00:00,3.342298,4.239045
2022-09-04 10:00:00,3.970672,4.2163167
2022-09-04 11:00:00,4.0450196,4.368967
2022-09-04 12:00:00,4.157959,4.3028727
2022-09-04 13:00:00,3.718612,4.287353
2022-09-04 14:00:00,3.5056665,4.265436
2022-09-04 15:00:00,3.2745142,4.205265
2022-09-04 16:00:00,3.129737,4.2193594
2022-09-04 17:00:00,3.054619,4.2292514
2022-09-04 18:00:00,2.862485,4.2822194
2022-09-04 19:00:00,2.7062728,4.280824
2022-09-04 20:00:00,2.8909538,4.2297826
2022-09-04 21:00:00,4.0004644,4.24938
2022-09-04 22:00:00,4.030221,4.308935
2022-09-04 23:00:00,4.3113637,4.4144044
2022-09-05 00:00:00,4.3090324,4.3192067
2022-09-05 01:00:00,4.190619,4.270408
2022-09-05 02:00:00,3.768142,4.2993345
2022-09-05 03:00:00,3.6151512,4.3126144
2022-09-05 04:00:00,3.506234,4.319292
2022-09-05 05:00:00,3.364732,4.3120427
2022-09-05 06:00:00,3.1958506,4.232482
2022-09-05 07:00:00,2.9604053,4.2098727
2022-09-05 08:00:00,2.8160417,4.21541
2022-09-05 09:00:00,3.025311,4.227904
2022-09-05 10:00:00,3.793751,4.271106
2022-09-05 11:00:00,3.571629,4.236189
2022-09-05 12:00:00,3.6971834,4.179873
2022-09-05 13:00:00,3.9641876,4.281482
2022-09-05 14:00:00,3.4198155,4.2848845
2022-09-05 15:00:00,3.2503903,4.200067
2022-09-05 16:00:00,3.1092036,4.199769
2022-09-05 17:00:00,3.054299,4.2215185
2022-09-05 18:00:00,3.01408,4.2290387
2022-09-05 19:00:00,2.9013755,4.223529
2022-09-05 20:00:00,2.8658638,4.226546
2022-09-05 21:00:00,3.1109664,4.178417
2022-09-05 22:00:00,3.3199906,4.2456527
2022-09-05 23:00:00,3.8283367,4.2921576
2022-09-06 00:00:00,3.7678947,4.271614
2022-09-06 01:00:00,4.0928583,4.3016195
2022-09-06 02:00:00,4.2290635,4.313867
2022-09-06 03:00:00,3.9830527,4.274446
2022-09-06 04:00:00,3.9153626,4.2632046
2022-09-06 05:00:00,3.7324014,4.2533092
2022-09-06 06:00:00,3.5416164,4.2431197
2022-09-06 07:00:00,3.3770516,4.232281
2022-09-06 08:00:00,3.3088562,4.234549
2022-09-06 09:00:00,3.0862083,4.2226243
2022-09-06 10:00:00,2.9026654,4.272254
2022-09-06 11:00:00,2.9617815,4.2707586
2022-09-06 12:00:00,3.212737,4.274862
2022-09-06 13:00:00,3.8885314,4.260345
2022-09-06 14:00:00,3.7295742,4.302635
2022-09-06 15:00:00,3.9919302,4.2715516
2022-09-06 16:00:00,3.6209567,4.2210855
2022-09-06 17:00:00,3.387019,4.2053986
2022-09-06 18:00:00,3.3887842,4.2248616
2022-09-06 19:00:00,3.235809,4.3010936
2022-09-06 20:00:00,3.0615172,4.2540164
2022-09-06 21:00:00,3.1243343,4.258164
2022-09-06 22:00:00,2.9010615,4.3118415
2022-09-06 23:00:00,2.9116704,4.311901
2022-09-07 00:00:00,2.8659854,4.298611
2022-09-07 01:00:00,3.0302975,4.301004
2022-09-07 02:00:00,3.965184,4.286248
2022-09-07 03:00:00,4.289217,4.322311
2022-09-07 04:00:00,4.3019533,4.333017
2022-09-07 05:00:00,3.924126,4.281136
2022-09-07 06:00:00,3.5393279,4.244161
2022-09-07 07:00:00,3.3340414,4.1903305
2022-09-07 08:00:00,3.1307588,4.2622113
2022-09-07 09:00:00,2.8838484,4.2661424
2022-09-07 10:00:00,2.6992385,4.2573476
2022-09-07 11:00:00,2.7119377,4.184696
2022-09-07 12:00:00,2.5830126,4.229863
2022-09-07 13:00:00,2.8812797,4.2297735
2022-09-07 14:00:00,3.4827647,4.243425
2022-09-07 15:00:00,3.4515088,4.2265244
2022-09-07 16:00:00,3.414734,4.217289
2022-09-07 17:00:00,3.5034175,4.2173247
2022-09-07 18:00:00,3.6070228,4.23338
2022-09-07 19:00:00,3.202636,4.168184
2022-09-07 20:00:00,2.9783022,4.243912
2022-09-07 21:00:00,2.7364242,4.2683444
2022-09-07 22:00:00,2.6606853,4.2720437
2022-09-07 23:00:00,2.5223641,4.224554
2022-09-08 00:00:00,2.3716307,4.2229915
2022-09-08 01:00:00,2.3154917,4.2220616
2022-09-08 02:00:00,3.1230445,4.213181
2022-09-08 03:00:00,3.9359677,4.2491617
2022-09-08 04:00:00,4.4148884,4.369633
2022-09-08 05:00:00,4.3710947,4.338375
2022-09-08 06:00:00,4.0779824,4.262518
2022-09-08 07:00:00,3.6969242,4.224843
2022-09-08 08:00:00,3.4060316,4.2274623
2022-09-08 09:00:00,3.2527468,4.161
2022-09-08 10:00:00,2.9885538,4.3408237
2022-09-08 11:00:00,2.814939,4.3429976
2022-09-08 12:00:00,2.6503236,4.2745953
2022-09-08 13:00:00,2.3822644,4.272031
2022-09-08 14:00:00,3.1108427,4.2393684
2022-09-08 15:00:00,3.3124108,4.2292504
2022-09-08 16:00:00,3.7403219,4.2559805
2022-09-08 17:00:00,4.111801,4.232335
2022-09-08 18:00:00,3.8921466,4.264873
2022-09-08 19:00:00,3.9250724,4.2694435
2022-09-08 20:00:00,3.4069185,4.3024178
2022-09-08 21:00:00,3.238422,4.336589
2022-09-08 22:00:00,2.9688666,4.336036
2022-09-08 23:00:00,2.8255866,4.3226166
2022-09-09 00:00:00,2.6604288,4.2001977
2022-09-09 01:00:00,2.455967,4.246783
2022-09-09 02:00:00,2.493509,4.247574
2022-09-09 03:00:00,2.9815412,4.256052
2022-09-09 04:00:00,4.0289397,4.3057704
2022-09-09 05:00:00,4.657529,4.473746
2022-09-09 06:00:00,4.6570983,4.312219
2022-09-09 07:00:00,4.340596,4.3638916
2022-09-09 08:00:00,3.9331038,4.304266
2022-09-09 09:00:00,3.5765557,4.297892
2022-09-09 10:00:00,3.2551835,4.2935834
2022-09-09 11:00:00,3.0547376,4.2298517
2022-09-09 12:00:00,2.933265,4.232622
2022-09-09 13:00:00,2.6606839,4.1635303
2022-09-09 14:00:00,2.5232525,4.1526175
2022-09-09 15:00:00,2.9920526,4.249012
2022-09-09 16:00:00,3.8058186,4.2889524
2022-09-09 17:00:00,3.9911473,4.2851615
2022-09-09 18:00:00,4.2202425,4.324151
2022-09-09 19:00:00,4.1532435,4.289352
2022-09-09 20:00:00,3.7285013,4.20369
2022-09-09 21:00:00,3.4371846,4.1878657
2022-09-09 22:00:00,3.135862,4.2705765
2022-09-09 23:00:00,2.9694753,4.2243056
2022-09-10 00:00:00,2.7600224,4.224434
2022-09-10 01:00:00,2.6891553,4.2329454
2022-09-10 02:00:00,2.5694125,4.238889
2022-09-10 03:00:00,2.5055835,4.179198
2022-09-10 04:00:00,3.588916,4.2237782
2022-09-10 05:00:00,4.266277,4.2719607
2022-09-10 06:00:00,4.848503,4.378779
2022-09-10 07:00:00,4.635913,4.443783
2022-09-10 08:00:00,4.1375256,4.5296874
2022-09-10 09:00:00,3.829786,4.4705024
2022-09-10 10:00:00,3.4512942,4.3301716
2022-09-10 11:00:00,3.1515875,4.2788973
2022-09-10 12:00:00,2.8729615,4.3436646
2022-09-10 13:00:00,2.8275323,4.288525
2022-09-10 14:00:00,2.6459575,4.2239213
2022-09-10 15:00:00,2.399281,4.288068
2022-09-10 16:00:00,3.4860928,4.360816
2022-09-10 17:00:00,4.2070975,4.284452
2022-09-10 18:00:00,4.2774773,4.373601
2022-09-10 19:00:00,4.2110353,4.4272056
2022-09-10 20:00:00,4.252503,4.3830147
2022-09-10 21:00:00,3.7655747,4.3638215
2022-09-10 22:00:00,3.4110792,4.3625407
2022-09-10 23:00:00,3.074092,4.383312
2022-09-11 00:00:00,2.8930216,4.2648325
2022-09-11 01:00:00,2.8333726,4.2608466
2022-09-11 02:00:00,2.6140192,4.2626815
2022-09-11 03:00:00,2.347056,4.3075438
2022-09-11 04:00:00,2.70917,4.32126
2022-09-11 05:00:00,3.9258873,4.3954973
2022-09-11 06:00:00,4.680437,4.480733
2022-09-11 07:00:00,4.8299475,4.426123
2022-09-11 08:00:00,4.5880175,4.5436206
2022-09-11 09:00:00,4.1265798,4.5854273
2022-09-11 10:00:00,3.731656,4.4183006
2022-09-11 11:00:00,3.397364,4.4258966
2022-09-11 12:00:00,3.1782587,4.3194795
2022-09-11 13:00:00,2.8957777,4.390633
2022-09-11 14:00:00,2.7260802,4.3394923
2022-09-11 15:00:00,2.5763688,4.266061
2022-09-11 16:00:00,2.5774474,4.2627435
2022-09-11 17:00:00,4.3515944,4.2539334
2022-09-11 18:00:00,4.197869,4.366929
2022-09-11 19:00:00,4.7236214,4.553435
2022-09-11 20:00:00,4.4214926,4.4387617
2022-09-11 21:00:00,4.1013207,4.322417
2022-09-11 22:00:00,3.7955244,4.2881255
2022-09-11 23:00:00,3.4217374,4.2962923
2022-09-12 00:00:00,3.1146798,4.308643
2022-09-12 01:00:00,2.9052694,4.2916646
2022-09-12 02:00:00,2.7541838,4.159975
2022-09-12 03:00:00,2.6538815,4.2158313
2022-09-12 04:00:00,2.4792163,4.2895412
2022-09-12 05:00:00,3.2880266,4.410996
2022-09-12 06:00:00,3.8790894,4.2235365
2022-09-12 07:00:00,5.052075,4.468729
2022-09-12 08:00:00,4.8041883,4.48225
2022-09-12 09:00:00,4.4415298,4.5677886
2022-09-12 10:00:00,3.941378,4.469368
2022-09-12 11:00:00,3.5926962,4.4783745
2022-09-12 12:00:00,3.2959547,4.359431
2022-09-12 13:00:00,3.0498867,4.364747
2022-09-12 14:00:00,2.906621,4.3858805
2022-09-12 15:00:00,2.7379587,4.387513
2022-09-12 16:00:00,2.406727,4.311921
2022-09-12 17:00:00,2.9158747,4.272824
2022-09-12 18:00:00,4.265841,4.2299657
2022-09-12 19:00:00,4.309428,4.1801624
2022-09-12 20:00:00,4.6975656,4.325445
2022-09-12 21:00:00,4.483831,4.155816
2022-09-12 22:00:00,4.028236,4.0439553
2022-09-12 23:00:00,3.6123002,3.9514372
2022-09-13 00:00:00,3.27107,4.0399714
2022-09-13 01:00:00,3.117994,4.0335574
2022-09-13 02:00:00,2.9349911,3.9344306
2022-09-13 03:00:00,2.7531,3.7564392
2022-09-13 04:00:00,2.548387,3.712029
2022-09-13 05:00:00,2.5819314,3.7090921
2022-09-13 06:00:00,4.4040985,4.0388975
2022-09-13 07:00:00,4.7310524,3.7887988
2022-09-13 08:00:00,4.7822685,3.8400245
2022-09-13 09:00:00,4.594474,3.6606057
2022-09-13 10:00:00,4.4203215,3.5782356
2022-09-13 11:00:00,3.9519656,3.6900043
2022-09-13 12:00:00,3.5379238,3.5943666
2022-09-13 13:00:00,3.2960982,3.640479
2022-09-13 14:00:00,3.0833428,3.5822747
2022-09-13 15:00:00,2.928942,3.5356407
2022-09-13 16:00:00,2.7343614,3.5252244
2022-09-13 17:00:00,2.6592417,3.5200758
2022-09-13 18:00:00,4.154778,3.6265712
2022-09-13 19:00:00,4.2569313,3.673945
2022-09-13 20:00:00,4.9531617,3.883799
2022-09-13 21:00:00,4.669303,3.7871196
2022-09-13 22:00:00,4.419927,3.5454538
2022-09-13 23:00:00,4.02253,3.566982
2022-09-14 00:00:00,3.6619694,3.5260994
2022-09-14 01:00:00,3.3155072,3.5141501
2022-09-14 02:00:00,3.1038175,3.5078444
2022-09-14 03:00:00,3.0128157,3.5180278
2022-09-14 04:00:00,2.848213,3.50734
2022-09-14 05:00:00,2.5902581,3.4987633
2022-09-14 06:00:00,3.432779,3.517638
2022-09-14 07:00:00,4.4254494,3.549129
2022-09-14 08:00:00,4.950376,3.7845378
2022-09-14 09:00:00,4.695441,3.5751004
2022-09-14 10:00:00,4.44682,3.4328606
2022-09-14 11:00:00,4.175381,3.4181812
2022-09-14 12:00:00,3.8163917,3.4248364
2022-09-14 13:00:00,3.4064102,3.4110246
2022-09-14 14:00:00,3.1632507,3.403226
2022-09-14 15:00:00,3.0183997,3.4067373
2022-09-14 16:00:00,2.8443096,3.3955023
2022-09-14 17:00:00,2.5865493,3.3832579
2022-09-14 18:00:00,3.2274847,3.436238
2022-09-14 19:00:00,4.445263,3.4622543
2022-09-14 20:00:00,4.6931295,3.463297
2022-09-14 21:00:00,4.6161113,3.4888606
2022-09-14 22:00:00,4.5003724,3.4262772
2022-09-14 23:00:00,4.1465054,3.3827894
2022-09-15 00:00:00,3.7807057,3.4273725
2022-09-15 01:00:00,3.5427587,3.39463
2022-09-15 02:00:00,3.2901893,3.3840454
2022-09-15 03:00:00,3.0416381,3.3806467
2022-09-15 04:00:00,2.9294436,3.3437612
2022-09-15 05:00:00,2.7413278,3.3277812
2022-09-15 06:00:00,2.8427181,3.3387783
2022-09-15 07:00:00,4.3684573,3.4601233
2022-09-15 08:00:00,5.476178,3.7153838
2022-09-15 09:00:00,4.928504,3.458725
2022-09-15 10:00:00,4.7524657,3.3714519
2022-09-15 11:00:00,4.4854465,3.3931713
2022-09-15 12:00:00,4.159818,3.4044838
2022-09-15 13:00:00,3.7648103,3.5497575
2022-09-15 14:00:00,3.4556255,3.6060908
2022-09-15 15:00:00,3.2025461,3.5109196
2022-09-15 16:00:00,3.0324652,3.507986
2022-09-15 17:00:00,2.7076406,3.4512606
2022-09-15 18:00:00,2.9266417,3.4668224
2022-09-15 19:00:00,3.95683,3.516744
2022-09-15 20:00:00,4.4164386,3.5280597
2022-09-15 21:00:00,4.3285875,3.6316278
2022-09-15 22:00:00,4.355269,3.939735
2022-09-15 23:00:00,4.338128,4.16943
2022-09-16 00:00:00,3.876633,4.15421
2022-09-16 01:00:00,3.5046813,3.7370505
2022-09-16 02:00:00,3.250408,3.5878434
2022-09-16 03:00:00,3.0416527,3.5510125
2022-09-16 04:00:00,2.902665,3.5152075
2022-09-16 05:00:00,2.6709688,3.5061536
2022-09-16 06:00:00,2.5416353,3.5088403
2022-09-16 07:00:00,2.9102824,3.4944196
2022-09-16 08:00:00,4.133426,3.699101
2022-09-16 09:00:00,4.609434,3.8307233
2022-09-16 10:00:00,4.2538633,4.0487394
2022-09-16 11:00:00,4.072756,4.0638924
2022-09-16 12:00:00,3.6905224,3.982797
2022-09-16 13:00:00,3.4090304,3.6960397
2022-09-16 14:00:00,3.1470964,3.613388
2022-09-16 15:00:00,3.039615,3.5103343
2022-09-16 16:00:00,2.883915,3.518197
2022-09-16 17:00:00,2.7292535,3.4665055
2022-09-16 18:00:00,2.5193517,3.5836425
2022-09-16 19:00:00,3.263573,3.562826
2022-09-16 20:00:00,4.056072,3.767657
2022-09-16 21:00:00,4.515675,3.9729643
2022-09-16 22:00:00,4.4540124,4.084788
2022-09-16 23:00:00,4.250104,4.1705956
2022-09-17 00:00:00,3.7623706,4.1506224
2022-09-17 01:00:00,3.606085,3.8596706
2022-09-17 02:00:00,3.2746491,3.617692
2022-09-17 03:00:00,3.019909,3.5661554
2022-09-17 04:00:00,2.851692,3.5335982
2022-09-17 05:00:00,2.6536605,3.4882412
2022-09-17 06:00:00,2.4681356,3.474333
2022-09-17 07:00:00,2.744124,3.5063717
2022-09-17 08:00:00,4.1657395,3.7241127
2022-09-17 09:00:00,3.992773,3.700942
2022-09-17 10:00:00,4.139802,3.7264066
2022-09-17 11:00:00,3.9466333,3.856758
2022-09-17 12:00:00,3.6019995,3.8747704
2022-09-17 13:00:00,3.3434768,3.6242332
2022-09-17 14:00:00,3.121405,3.5323606
2022-09-17 15:00:00,2.9138014,3.4348917
2022-09-17 16:00:00,2.7744315,3.5603337
2022-09-17 17:00:00,2.701014,3.5961206
2022-09-17 18:00:00,2.4832318,3.6606724
2022-09-17 19:00:00,2.7071035,3.7028115
2022-09-17 20:00:00,3.628698,3.9082267
2022-09-17 21:00:00,4.2041345,4.007733
2022-09-17 22:00:00,4.237179,4.149174
2022-09-17 23:00:00,4.2258644,4.140242
2022-09-18 00:00:00,3.86863,4.1547966
2022-09-18 01:00:00,3.663804,4.1023355
2022-09-18 02:00:00,3.3780487,3.9607298
2022-09-18 03:00:00,3.1589491,3.9182162
2022-09-18 04:00:00,2.945424,4.019751
2022-09-18 05:00:00,2.7800016,4.0466976
2022-09-18 06:00:00,2.5608637,4.0541406
2022-09-18 07:00:00,3.242578,3.9970877
2022-09-18 08:00:00,3.2489083,4.1355586
2022-09-18 09:00:00,4.081982,4.2395864
2022-09-18 10:00:00,3.6949728,4.1765404
2022-09-18 11:00:00,3.6067722,4.0119033
2022-09-18 12:00:00,3.3148718,4.027933
2022-09-18 13:00:00,3.1982265,3.955078
2022-09-18 14:00:00,3.009114,4.02997
2022-09-18 15:00:00,2.9022686,4.059656
2022-09-18 16:00:00,2.7281415,4.058756
2022-09-18 17:00:00,2.688412,3.9889803
2022-09-18 18:00:00,2.472708,4.1088514
2022-09-18 19:00:00,2.7457092,4.0099025
2022-09-18 20:00:00,3.3143272,4.0843816
2022-09-18 21:00:00,3.8143466,4.1186614
2022-09-18 22:00:00,3.9907079,4.0556192
2022-09-18 23:00:00,3.8567264,4.1545153
2022-09-19 00:00:00,3.9619756,4.09783
2022-09-19 01:00:00,3.5028472,4.1021643
2022-09-19 02:00:00,3.5426586,3.9875576
2022-09-19 03:00:00,3.2685792,4.10305
2022-09-19 04:00:00,3.0001853,3.9809973
2022-09-19 05:00:00,2.9362628,3.980612
2022-09-19 06:00:00,2.7302818,3.9701993
2022-09-19 07:00:00,2.8498971,3.9791117
2022-09-19 08:00:00,2.920654,3.9701455
2022-09-19 09:00:00,3.3737607,4.00384
2022-09-19 10:00:00,3.7506437,4.0280204
2022-09-19 11:00:00,3.3385706,4.0317745
2022-09-19 12:00:00,3.2429645,3.9495013
2022-09-19 13:00:00,3.215307,3.9325423
2022-09-19 14:00:00,3.31918,3.948767
2022-09-19 15:00:00,3.0064237,3.9942372
2022-09-19 16:00:00,2.8870509,3.9956076
2022-09-19 17:00:00,2.8944876,4.006347
2022-09-19 18:00:00,3.001101,3.9596589
2022-09-19 19:00:00,2.930574,4.023328
2022-09-19 20:00:00,2.8420491,3.9719832
2022-09-19 21:00:00,3.3331096,3.9363015
2022-09-19 22:00:00,3.5297916,3.951589
2022-09-19 23:00:00,3.6273131,4.085551
2022-09-20 00:00:00,3.799157,4.1033726
2022-09-20 01:00:00,4.0452085,4.129197
2022-09-20 02:00:00,3.834459,4.1536965
2022-09-20 03:00:00,4.010015,4.0935626
2022-09-20 04:00:00,3.7675762,4.1239843
2022-09-20 05:00:00,3.600835,4.1775384
2022-09-20 06:00:00,3.5135844,4.028684
2022-09-20 07:00:00,3.348725,3.9971085
2022-09-20 08:00:00,3.1239488,4.0017996
2022-09-20 09:00:00,2.9399796,4.005076
2022-09-20 10:00:00,3.4104903,3.9930217
2022-09-20 11:00:00,3.4847097,4.1450896
2022-09-20 12:00:00,3.198963,4.1063824
2022-09-20 13:00:00,3.1205103,4.0858808
2022-09-20 14:00:00,3.071935,4.0783367
2022-09-20 15:00:00,2.9639268,4.0750933
2022-09-20 16:00:00,3.1706948,4.022128
2022-09-20 17:00:00,2.8444839,4.1274886
2022-09-20 18:00:00,2.7648528,4.082864
2022-09-20 19:00:00,3.129705,3.9877102
2022-09-20 20:00:00,3.2129657,4.0705633
2022-09-20 21:00:00,2.8224523,4.139337
2022-09-20 22:00:00,2.9740324,4.0937123
2022-09-20 23:00:00,2.746321,4.0856156
2022-09-21 00:00:00,3.2198777,4.0454354
2022-09-21 01:00:00,3.2966464,4.1008215
2022-09-21 02:00:00,3.568075,4.121394
2022-09-21 03:00:00,3.8562274,4.146371
2022-09-21 04:00:00,3.9568229,4.1421623
2022-09-21 05:00:00,3.836003,4.110446
2022-09-21 06:00:00,3.2514307,4.1191854
2022-09-21 07:00:00,3.139547,4.062629
2022-09-21 08:00:00,2.8945577,4.0484915
2022-09-21 09:00:00,3.140736,4.060526
2022-09-21 10:00:00,2.615615,4.1013517
2022-09-21 11:00:00,2.483973,4.046322
2022-09-21 12:00:00,2.6849816,4.050628
2022-09-21 13:00:00,2.6810074,4.103376
2022-09-21 14:00:00,2.957677,4.109183
2022-09-21 15:00:00,3.1700346,4.045546
2022-09-21 16:00:00,3.345527,4.1190767
2022-09-21 17:00:00,3.5268595,4.0764422
2022-09-21 18:00:00,3.31865,4.0562177
2022-09-21 19:00:00,3.1500397,4.007121
2022-09-21 20:00:00,2.990545,4.0290956
2022-09-21 21:00:00,2.7996843,4.087931
2022-09-21 22:00:00,2.5689692,4.091965
2022-09-21 23:00:00,2.79164,4.094833
2022-09-22 00:00:00,2.3966353,4.14535
2022-09-22 01:00:00,2.5685203,4.0216975
2022-09-22 02:00:00,3.4353065,4.0354805
2022-09-22 03:00:00,4.044342,4.157418
2022-09-22 04:00:00,4.364058,4.1913943
2022-09-22 05:00:00,4.1485524,4.0509205
2022-09-22 06:00:00,3.6848595,4.1045156
2022-09-22 07:00:00,3.5397515,4.0397787
2022-09-22 08:00:00,3.4150844,4.0409164
2022-09-22 09:00:00,3.1105993,4.102028
2022-09-22 10:00:00,2.8407238,4.0344768
2022-09-22 11:00:00,2.6415706,4.0222073
2022-09-22 12:00:00,2.4596236,4.081349
2022-09-22 13:00:00,2.4318514,4.025073
2022-09-22 14:00:00,3.1113622,4.04954
2022-09-22 15:00:00,3.1688175,4.0386925
2022-09-22 16:00:00,3.6540723,4.0107455
2022-09-22 17:00:00,3.5610604,4.060632
2022-09-22 18:00:00,3.6976721,4.079365
2022-09-22 19:00:00,3.3851573,3.9700046
2022-09-22 20:00:00,3.1672556,3.9624631
2022-09-22 21:00:00,2.9205444,4.041492
2022-09-22 22:00:00,2.9386966,3.8851645
2022-09-22 23:00:00,2.5698874,3.9919894
2022-09-23 00:00:00,2.4900467,3.9913242
2022-09-23 01:00:00,2.3079674,3.9751036
2022-09-23 02:00:00,2.3746715,3.9662082
2022-09-23 03:00:00,3.5028179,4.028802
2022-09-23 04:00:00,4.461519,4.146703
2022-09-23 05:00:00,4.4012036,4.115137
2022-09-23 06:00:00,4.1861243,4.0320787
2022-09-23 07:00:00,3.7313209,4.00645
2022-09-23 08:00:00,3.4238787,3.984175
2022-09-23 09:00:00,3.1465945,4.0513
2022-09-23 10:00:00,2.96438,4.06489
2022-09-23 11:00:00,2.6626966,4.0597177
2022-09-23 12:00:00,2.5425358,3.8867257
2022-09-23 13:00:00,2.3540561,3.9416337
2022-09-23 14:00:00,2.4561696,3.960203
2022-09-23 15:00:00,3.1380975,3.977796
2022-09-23 16:00:00,3.8600163,3.9709253
2022-09-23 17:00:00,3.6802747,4.0178156
2022-09-23 18:00:00,3.6693459,4.0142727
2022-09-23 19:00:00,3.7152674,4.0008574
2022-09-23 20:00:00,3.305121,3.9525535
2022-09-23 21:00:00,3.031127,3.9411604
2022-09-23 22:00:00,2.8375878,4.005562
2022-09-23 23:00:00,2.6549077,3.9430966
2022-09-24 00:00:00,2.4662147,4.006355
2022-09-24 01:00:00,2.3624089,3.9569395
2022-09-24 02:00:00,2.2888894,4.013271
2022-09-24 03:00:00,2.9059315,3.9774575
2022-09-24 04:00:00,3.9144979,4.115275
2022-09-24 05:00:00,4.565233,4.2160177
2022-09-24 06:00:00,4.435151,4.1756954
2022-09-24 07:00:00,4.1216455,4.0707164
2022-09-24 08:00:00,3.6109157,4.002088
2022-09-24 09:00:00,3.3740375,4.0156054
2022-09-24 10:00:00,3.1678057,4.0287795
2022-09-24 11:00:00,2.8048177,4.081004
2022-09-24 12:00:00,2.7235773,4.0297494
2022-09-24 13:00:00,2.537808,4.023906
2022-09-24 14:00:00,2.3594894,4.0826187
2022-09-24 15:00:00,2.822182,3.9864144
2022-09-24 16:00:00,3.9284742,4.0510907
2022-09-24 17:00:00,3.837438,4.028349
2022-09-24 18:00:00,4.2257557,4.0960283
2022-09-24 19:00:00,4.0473886,4.0390306
2022-09-24 20:00:00,3.6561775,4.035893
2022-09-24 21:00:00,3.3696506,4.0133595
2022-09-24 22:00:00,3.0476294,4.0285816
2022-09-24 23:00:00,2.7772508,3.9646902
2022-09-25 00:00:00,2.6502874,4.026307
2022-09-25 01:00:00,2.4508445,4.026255
2022-09-25 02:00:00,2.2601395,4.0723014
2022-09-25 03:00:00,2.2300954,4.0786877
2022-09-25 04:00:00,3.6336772,3.9738984
2022-09-25 05:00:00,4.3261576,4.095246
2022-09-25 06:00:00,4.413098,4.3552747
2022-09-25 07:00:00,4.311985,4.0711765
2022-09-25 08:00:00,3.824668,4.018476
2022-09-25 09:00:00,3.5065255,4.0144806
2022-09-25 10:00:00,3.1402872,4.0296597
2022-09-25 11:00:00,2.9215026,4.0433407
2022-09-25 12:00:00,2.7077408,4.048477
2022-09-25 13:00:00,2.5093706,4.0386496
2022-09-25 14:00:00,2.2927601,4.026206
2022-09-25 15:00:00,2.2564793,3.9622695
2022-09-25 16:00:00,3.3937597,4.0332985
2022-09-25 17:00:00,3.8009152,4.035758
2022-09-25 18:00:00,4.2962146,4.109999
2022-09-25 19:00:00,4.1639924,4.1431932
2022-09-25 20:00:00,4.0443964,4.009701
2022-09-25 21:00:00,3.5545268,4.072062
2022-09-25 22:00:00,3.138842,4.0093613
2022-09-25 23:00:00,2.869709,4.0193443
2022-09-26 00:00:00,3.0410023,3.8498948
2022-09-26 01:00:00,2.5451674,4.017408
2022-09-26 02:00:00,2.367392,3.9623775
2022-09-26 03:00:00,2.2677898,3.9548154
2022-09-26 04:00:00,2.80764,3.9837422
2022-09-26 05:00:00,3.8609214,4.054569
2022-09-26 06:00:00,4.6091194,4.1698937
2022-09-26 07:00:00,4.516804,4.1439195
2022-09-26 08:00:00,4.0547147,4.067251
2022-09-26 09:00:00,3.7497516,3.9204729
2022-09-26 10:00:00,3.3837836,3.9753823
2022-09-26 11:00:00,3.0866263,3.9939446
2022-09-26 12:00:00,2.8394551,3.9990847
2022-09-26 13:00:00,2.6200008,3.9975674
2022-09-26 14:00:00,2.530665,3.9431431
2022-09-26 15:00:00,2.2999527,3.935182
2022-09-26 16:00:00,2.5891674,3.9574213
2022-09-26 17:00:00,3.92596,4.060339
2022-09-26 18:00:00,4.0280137,4.122863
2022-09-26 19:00:00,4.309249,4.2515197
2022-09-26 20:00:00,4.3289776,4.1350455
2022-09-26 21:00:00,3.8990498,4.09125
2022-09-26 22:00:00,3.4771314,3.9855142
2022-09-26 23:00:00,3.1096053,4.0021553
2022-09-27 00:00:00,2.8971035,4.018654
2022-09-27 01:00:00,2.7361832,4.016319
2022-09-27 02:00:00,2.5728626,4.0218086
2022-09-27 03:00:00,2.3579385,4.029607
2022-09-27 04:00:00,2.2860074,4.0398264
2022-09-27 05:00:00,3.5328789,4.058918
2022-09-27 06:00:00,3.87833,4.1166563
2022-09-27 07:00:00,4.72478,4.27695
2022-09-27 08:00:00,4.5232286,4.1788654
2022-09-27 09:00:00,4.0107284,4.1841903
2022-09-27 10:00:00,3.6193488,4.1315317
2022-09-27 11:00:00,3.2410386,4.139286
2022-09-27 12:00:00,3.0364082,4.0931005
2022-09-27 13:00:00,2.8090293,4.0912905
2022-09-27 14:00:00,2.636883,4.099766
2022-09-27 15:00:00,2.3978126,4.03783
2022-09-27 16:00:00,2.1991885,4.0410476
2022-09-27 17:00:00,3.2523313,4.1077623
2022-09-27 18:00:00,3.9371946,4.1376524
2022-09-27 19:00:00,4.5493464,4.324076
2022-09-27 20:00:00,4.5177593,4.2191324
2022-09-27 21:00:00,4.2254796,4.1029854
2022-09-27 22:00:00,3.65958,4.0167656
2022-09-27 23:00:00,3.3189528,4.094759
2022-09-28 00:00:00,3.0281692,4.048314
2022-09-28 01:00:00,2.789751,4.098989
2022-09-28 02:00:00,2.6332815,4.101674
2022-09-28 03:00:00,2.4186168,4.1018453
2022-09-28 04:00:00,2.2609284,4.098615
2022-09-28 05:00:00,2.7539976,4.0668755
2022-09-28 06:00:00,3.9660466,4.1292777
2022-09-28 07:00:00,4.6179543,4.3001976
2022-09-28 08:00:00,4.52257,4.197916
2022-09-28 09:00:00,4.222671,4.2355294
2022-09-28 10:00:00,3.7290497,4.2261257
2022-09-28 11:00:00,3.3278224,4.159566
2022-09-28 12:00:00,3.1397853,4.1857696
2022-09-28 13:00:00,2.8984885,4.1277084
2022-09-28 14:00:00,2.7217593,4.1250362
2022-09-28 15:00:00,2.6268096,4.064635
2022-09-28 16:00:00,2.2500808,4.1801753
2022-09-28 17:00:00,2.6434658,4.1461935
2022-09-28 18:00:00,4.022288,4.099704
2022-09-28 19:00:00,4.10243,4.2360935
2022-09-28 20:00:00,4.6646805,4.4291167
2022-09-28 21:00:00,4.423446,4.1733346
2022-09-28 22:00:00,3.8741648,4.1228323
2022-09-28 23:00:00,3.5116663,4.10485
2022-09-29 00:00:00,3.196896,4.122648
2022-09-29 01:00:00,2.8990796,4.1276717
2022-09-29 02:00:00,2.789213,4.0658617
2022-09-29 03:00:00,2.6218495,4.132992
2022-09-29 04:00:00,2.3624053,4.1200666
2022-09-29 05:00:00,2.384974,4.0596385
2022-09-29 06:00:00,3.4909658,4.1941147
2022-09-29 07:00:00,3.7986343,4.1783786
2022-09-29 08:00:00,4.53392,4.2178307
2022-09-29 09:00:00,4.3976865,4.2394032
2022-09-29 10:00:00,4.015642,4.141402
2022-09-29 11:00:00,3.572452,4.079735
2022-09-29 12:00:00,3.1965733,4.105585
2022-09-29 13:00:00,2.8791704,4.0652647
2022-09-29 14:00:00,2.7110474,4.0613155
2022-09-29 15:00:00,2.5700676,4.068105
2022-09-29 16:00:00,2.3354137,4.1207004
2022-09-29 17:00:00,2.2481353,4.0617027
2022-09-29 18:00:00,3.2460427,4.1050744
2022-09-29 19:00:00,3.986752,4.139657
2022-09-29 20:00:00,4.586822,4.243581
2022-09-29 21:00:00,4.47174,4.1916323
2022-09-29 22:00:00,4.267545,4.098348
2022-09-29 23:00:00,3.6571617,4.074274
2022-09-30 00:00:00,3.4271975,4.100708
2022-09-30 01:00:00,3.122699,4.107422
2022-09-30 02:00:00,2.7941928,4.100582
2022-09-30 03:00:00,2.679939,4.1084075
2022-09-30 04:00:00,2.5278273,4.103978
2022-09-30 05:00:00,2.3227522,4.036274
2022-09-30 06:00:00,2.8190992,4.05759
2022-09-30 07:00:00,3.9701726,4.1327405
2022-09-30 08:00:00,4.422613,4.1970267
2022-09-30 09:00:00,4.4875937,4.210838
2022-09-30 10:00:00,4.128781,4.1066804
2022-09-30 11:00:00,3.6861632,4.0927515
2022-09-30 12:00:00,3.3425107,4.092419
2022-09-30 13:00:00,3.0787134,4.1144934
2022-09-30 14:00:00,2.9062042,4.108108
2022-09-30 15:00:00,2.656093,4.041449
2022-09-30 16:00:00,2.522074,4.0347104
2022-09-30 17:00:00,2.3873193,4.041603
2022-09-30 18:00:00,2.5749729,4.055919
2022-09-30 19:00:00,3.5907388,4.1056714
2022-09-30 20:00:00,4.312834,4.184219
2022-09-30 21:00:00,4.660418,4.260743
2022-09-30 22:00:00,4.3418436,4.1464815
2022-09-30 23:00:00,3.9045994,4.118654
2022-10-01 00:00:00,3.557703,4.0949526
2022-10-01 01:00:00,3.2420413,4.098257
2022-10-01 02:00:00,3.022579,4.0343137
2022-10-01 03:00:00,2.8206034,4.031641
2022-10-01 04:00:00,2.6568816,4.041145
2022-10-01 05:00:00,2.42341,4.0375814
2022-10-01 06:00:00,2.4184027,4.104404
2022-10-01 07:00:00,3.242481,4.081601
2022-10-01 08:00:00,3.6966372,4.080884
2022-10-01 09:00:00,4.075701,4.1388125
2022-10-01 10:00:00,4.114117,4.1328897
2022-10-01 11:00:00,3.977509,4.0725527
2022-10-01 12:00:00,3.6066856,4.0890164
2022-10-01 13:00:00,3.158844,4.080142
2022-10-01 14:00:00,2.8768446,4.038137
2022-10-01 15:00:00,2.7061014,4.0467453
2022-10-01 16:00:00,2.5903068,4.0574627
2022-10-01 17:00:00,2.400552,4.051017
2022-10-01 18:00:00,2.314935,4.0445213
2022-10-01 19:00:00,3.1046512,4.0813055
2022-10-01 20:00:00,3.6969213,4.1091266
2022-10-01 21:00:00,4.3173122,4.192334
2022-10-01 22:00:00,4.381939,4.18937
2022-10-01 23:00:00,4.147529,4.1657314
2022-10-02 00:00:00,3.6669655,4.0955343
2022-10-02 01:00:00,3.3949714,4.1641817
2022-10-02 02:00:00,3.1159666,4.109939
2022-10-02 03:00:00,2.8690827,4.161582
2022-10-02 04:00:00,2.7619214,4.053059
2022-10-02 05:00:00,2.616854,4.0541544
2022-10-02 06:00:00,2.3891873,4.11497
2022-10-02 07:00:00,2.760772,4.0685987
2022-10-02 08:00:00,3.2516503,4.066091
2022-10-02 09:00:00,3.6728783,4.094648
2022-10-02 10:00:00,3.976957,4.142904
2022-10-02 11:00:00,3.9399545,4.1213045
2022-10-02 12:00:00,3.518528,4.1158795
2022-10-02 13:00:00,3.2306108,4.092002
2022-10-02 14:00:00,2.8242729,4.046898
2022-10-02 15:00:00,2.7702503,4.055318
2022-10-02 16:00:00,2.5921698,4.065612
2022-10-02 17:00:00,2.519282,4.061826
2022-10-02 18:00:00,2.4178708,4.0563593
2022-10-02 19:00:00,2.482024,4.063273
2022-10-02 20:00:00,3.3503096,4.096824
2022-10-02 21:00:00,3.816167,4.114214
2022-10-02 22:00:00,4.1280627,4.1621213
2022-10-02 23:00:00,4.1538696,4.144099
2022-10-03 00:00:00,3.8635652,4.069508
2022-10-03 01:00:00,3.515748,4.046667
2022-10-03 02:00:00,3.2092407,4.049899
2022-10-03 03:00:00,3.0230303,4.054805
2022-10-03 04:00:00,2.7287607,3.9898977
2022-10-03 05:00:00,2.556315,4.042948
2022-10-03 06:00:00,2.4258204,4.050907
2022-10-03 07:00:00,2.3337493,4.0472636
2022-10-03 08:00:00,3.1978788,4.011506
2022-10-03 09:00:00,3.04884,4.034561
2022-10-03 10:00:00,3.4835498,3.9911346
2022-10-03 11:00:00,3.4281902,3.9750059
2022-10-03 12:00:00,3.471061,3.9771976
2022-10-03 13:00:00,3.1987355,3.9527364
2022-10-03 14:00:00,2.8497193,4.005676
2022-10-03 15:00:00,2.6617148,3.9778802
2022-10-03 16:00:00,2.540037,3.9904447
2022-10-03 17:00:00,2.376742,4.046039
2022-10-03 18:00:00,2.3037133,4.0457554
2022-10-03 19:00:00,2.275378,4.041068
2022-10-03 20:00:00,2.7390196,3.989365
2022-10-03 21:00:00,3.2998512,3.9958777
2022-10-03 22:00:00,3.7881253,3.9755847
2022-10-03 23:00:00,3.9348924,4.120486
2022-10-04 00:00:00,3.9759793,4.0482235
2022-10-04 01:00:00,3.8749974,4.079073
2022-10-04 02:00:00,3.3308046,4.1040826
2022-10-04 03:00:00,3.330878,4.059789
2022-10-04 04:00:00,3.0555449,4.045171
2022-10-04 05:00:00,2.8011634,4.0374694
2022-10-04 06:00:00,2.639173,4.029022
2022-10-04 07:00:00,2.5161717,3.903469
2022-10-04 08:00:00,2.5960264,3.9563239
2022-10-04 09:00:00,2.8761637,4.030138
2022-10-04 10:00:00,2.806249,4.0157814
2022-10-04 11:00:00,3.1309388,3.8298075
2022-10-04 12:00:00,3.1682155,4.0241103
2022-10-04 13:00:00,3.14421,3.9661973
2022-10-04 14:00:00,3.0259957,3.9453375
2022-10-04 15:00:00,3.204113,3.9011314
2022-10-04 16:00:00,2.8376055,4.012842
2022-10-04 17:00:00,3.0283267,3.9093585
2022-10-04 18:00:00,2.920431,3.965577
2022-10-04 19:00:00,2.6785967,4.03552
2022-10-04 20:00:00,2.6832697,3.9831185
2022-10-04 21:00:00,2.7396472,3.9696698
2022-10-04 22:00:00,2.836816,3.9757583
2022-10-04 23:00:00,3.3233407,4.0006576
2022-10-05 00:00:00,3.813625,4.0419803
2022-10-05 01:00:00,4.1501703,4.075759
2022-10-05 02:00:00,4.0344815,4.037501
2022-10-05 03:00:00,3.8946443,3.9958467
2022-10-05 04:00:00,3.7494485,3.975563
2022-10-05 05:00:00,3.648359,3.9729724
2022-10-05 06:00:00,3.4785228,3.9541774
2022-10-05 07:00:00,3.2010791,3.929316
2022-10-05 08:00:00,2.9284465,3.9187198
2022-10-05 09:00:00,2.6337974,3.905761
2022-10-05 10:00:00,2.6668863,3.9187264
2022-10-05 11:00:00,2.9740841,3.9345052
2022-10-05 12:00:00,2.9593158,3.9145463
2022-10-05 13:00:00,3.3767328,3.9453046
2022-10-05 14:00:00,3.3071845,3.9986014
2022-10-05 15:00:00,3.1843596,3.923431
2022-10-05 16:00:00,3.18478,3.9856746
2022-10-05 17:00:00,3.0361857,3.981476
2022-10-05 18:00:00,2.8451326,3.9228842
2022-10-05 19:00:00,3.1102755,3.8346252
2022-10-05 20:00:00,2.715874,3.9674482
2022-10-05 21:00:00,2.5608888,4.0385447
2022-10-05 22:00:00,2.509284,3.9774268
2022-10-05 23:00:00,2.3388608,3.9762776
2022-10-06 00:00:00,2.5526493,3.98785
2022-10-06 01:00:00,3.2045686,4.00248
2022-10-06 02:00:00,3.594565,4.025017
2022-10-06 03:00:00,3.977563,4.1312466
2022-10-06 04:00:00,3.918347,4.0265226
2022-10-06 05:00:00,3.8825524,3.9895396
2022-10-06 06:00:00,3.285642,4.00843
2022-10-06 07:00:00,3.093273,4.028869
2022-10-06 08:00:00,2.9131532,4.027749
2022-10-06 09:00:00,2.6988127,3.9590707
2022-10-06 10:00:00,2.4756238,3.9625323
2022-10-06 11:00:00,2.3058836,3.9691222
2022-10-06 12:00:00,2.466844,3.9729326
2022-10-06 13:00:00,2.7505136,3.9753428
2022-10-06 14:00:00,3.0920308,3.965699
2022-10-06 15:00:00,3.0587432,3.9400296
2022-10-06 16:00:00,3.621808,4.0054526
2022-10-06 17:00:00,3.5428243,4.0584607
2022-10-06 18:00:00,3.5862577,4.0399604
2022-10-06 19:00:00,3.2288785,4.004559
2022-10-06 20:00:00,3.0512693,4.019753
2022-10-06 21:00:00,2.7450209,4.0279574
2022-10-06 22:00:00,2.6119502,3.9765003
2022-10-06 23:00:00,2.4604957,4.0425577
2022-10-07 00:00:00,2.2803066,4.041991
2022-10-07 01:00:00,2.2542827,4.0430393
2022-10-07 02:00:00,3.278432,4.0829434
2022-10-07 03:00:00,3.948872,4.0665627
2022-10-07 04:00:00,4.507957,4.2225447
2022-10-07 05:00:00,4.2208652,4.1510787
2022-10-07 06:00:00,3.9941874,4.0676036
2022-10-07 07:00:00,3.6159925,4.01654
2022-10-07 08:00:00,3.4211962,4.034481
2022-10-07 09:00:00,3.1622584,4.096702
2022-10-07 10:00:00,2.9076097,4.0983186
2022-10-07 11:00:00,2.6563091,4.1578465
2022-10-07 12:00:00,2.536741,4.0968857
2022-10-07 13:00:00,2.371297,4.086742
2022-10-07 14:00:00,2.9052963,4.1744757
2022-10-07 15:00:00,3.7871857,4.165372
2022-10-07 16:00:00,3.7272468,4.138083
2022-10-07 17:00:00,4.4704833,4.193577
2022-10-07 18:00:00,3.8862407,4.1509523
2022-10-07 19:00:00,3.6846702,4.1805377
2022-10-07 20:00:00,3.4294615,4.247425
2022-10-07 21:00:00,3.1866808,4.214469
2022-10-07 22:00:00,2.9448607,4.158569
2022-10-07 23:00:00,2.8201265,4.147905
2022-10-08 00:00:00,2.668125,4.0996695
2022-10-08 01:00:00,2.4596572,4.1526413
2022-10-08 02:00:00,2.4638696,4.147208
2022-10-08 03:00:00,3.6724029,4.150915
2022-10-08 04:00:00,3.8882396,4.136177
2022-10-08 05:00:00,4.4986987,4.3180804
2022-10-08 06:00:00,4.345332,4.2540345
2022-10-08 07:00:00,3.9883602,4.146631
2022-10-08 08:00:00,3.7459314,4.1058826
2022-10-08 09:00:00,3.4727693,4.111787
2022-10-08 10:00:00,3.2486532,4.113349
2022-10-08 11:00:00,2.8592892,4.1068416
2022-10-08 12:00:00,2.7036278,4.1150317
2022-10-08 13:00:00,2.4700212,4.169684
2022-10-08 14:00:00,2.4243555,4.1711555
2022-10-08 15:00:00,3.1298885,4.1440477
2022-10-08 16:00:00,3.9523978,4.125255
2022-10-08 17:00:00,4.0377054,4.1311426
2022-10-08 18:00:00,4.0159216,4.132198
2022-10-08 19:00:00,3.962858,4.244568
2022-10-08 20:00:00,3.589906,4.1136518
2022-10-08 21:00:00,3.2315967,4.168192
2022-10-08 22:00:00,2.9769213,4.1515584
2022-10-08 23:00:00,2.705524,4.2227707
2022-10-09 00:00:00,2.6430497,4.1611996
2022-10-09 01:00:00,2.4630597,4.1453905
2022-10-09 02:00:00,2.2061732,4.142695
2022-10-09 03:00:00,2.5177538,4.085861
2022-10-09 04:00:00,3.5241222,4.1900806
2022-10-09 05:00:00,4.0372157,4.170653
2022-10-09 06:00:00,4.4439807,4.2925234
2022-10-09 07:00:00,4.3147354,4.233701
2022-10-09 08:00:00,3.8923092,4.143772
2022-10-09 09:00:00,3.4475174,4.184982
2022-10-09 10:00:00,3.119758,4.1486125
2022-10-09 11:00:00,3.2025084,4.144664
2022-10-09 12:00:00,2.8041873,4.258678
2022-10-09 13:00:00,2.5669525,4.1386833
2022-10-09 14:00:00,2.3173358,4.002793
2022-10-09 15:00:00,2.4695263,4.1323233
2022-10-09 16:00:00,3.4323654,4.254645
2022-10-09 17:00:00,3.7411044,4.1693935
2022-10-09 18:00:00,4.222985,4.168096
2022-10-09 19:00:00,4.2707596,4.2395396
2022-10-09 20:00:00,3.9438903,4.1539507
2022-10-09 21:00:00,3.5864098,4.1102476
2022-10-09 22:00:00,3.2670217,4.133103
2022-10-09 23:00:00,3.0034192,4.1404824
2022-10-10 00:00:00,2.7370963,4.06463
2022-10-10 01:00:00,2.6726375,4.0679502
2022-10-10 02:00:00,2.377257,4.0771346
2022-10-10 03:00:00,2.2744956,4.0743604
2022-10-10 04:00:00,2.963529,4.092156
2022-10-10 05:00:00,3.6135693,4.110845
2022-10-10 06:00:00,4.2698092,4.1875696
2022-10-10 07:00:00,4.4066596,4.1918087
2022-10-10 08:00:00,4.276458,4.1973968
2022-10-10 09:00:00,3.768785,4.0942507
2022-10-10 10:00:00,3.3370671,4.077908
2022-10-10 11:00:00,3.0111606,4.100237
2022-10-10 12:00:00,2.855139,4.103428
2022-10-10 13:00:00,2.6472127,4.1069465
2022-10-10 14:00:00,2.444133,4.1085577
2022-10-10 15:00:00,2.257519,4.1055346
2022-10-10 16:00:00,2.734378,4.0716476
2022-10-10 17:00:00,3.6024811,4.236805
2022-10-10 18:00:00,3.7179356,4.2239504
2022-10-10 19:00:00,4.3406243,4.248056
2022-10-10 20:00:00,4.376953,4.226187
2022-10-10 21:00:00,3.8529131,4.1933556
2022-10-10 22:00:00,3.3885076,4.1665645
2022-10-10 23:00:00,3.0092247,4.148152
2022-10-11 00:00:00,2.7990825,4.1678505
2022-10-11 01:00:00,2.6238105,4.101503
2022-10-11 02:00:00,2.5644326,4.099122
2022-10-11 03:00:00,2.343459,4.102146
2022-10-11 04:00:00,2.2421198,4.109899
2022-10-11 05:00:00,3.1931167,4.127772
2022-10-11 06:00:00,3.550212,4.102549
2022-10-11 07:00:00,4.299058,4.278581
2022-10-11 08:00:00,4.3467536,4.2548523
2022-10-11 09:00:00,3.985852,4.1436315
2022-10-11 10:00:00,3.5111074,4.079957
2022-10-11 11:00:00,3.0416446,4.097122
2022-10-11 12:00:00,2.7930992,4.1174707
2022-10-11 13:00:00,2.7000601,4.117448
2022-10-11 14:00:00,2.576525,4.1202316
2022-10-11 15:00:00,2.2644465,4.060551
2022-10-11 16:00:00,2.322522,4.1261554
2022-10-11 17:00:00,2.9894426,4.1656656
2022-10-11 18:00:00,3.5198243,4.155674
2022-10-11 19:00:00,4.287793,4.2520766
2022-10-11 20:00:00,4.4572773,4.2725625
2022-10-11 21:00:00,4.147872,4.235916
2022-10-11 22:00:00,3.6674676,4.173365
2022-10-11 23:00:00,3.2762485,4.1897335
2022-10-12 00:00:00,2.9207492,4.20819
2022-10-12 01:00:00,2.7695632,4.1435485
2022-10-12 02:00:00,2.5615308,4.1449275
2022-10-12 03:00:00,2.33894,4.096357
2022-10-12 04:00:00,2.2080128,4.157908
2022-10-12 05:00:00,2.9353418,4.183169
2022-10-12 06:00:00,3.9302251,4.2286754
2022-10-12 07:00:00,4.1330585,4.1673107
2022-10-12 08:00:00,4.083293,4.2951264
2022-10-12 09:00:00,4.137438,4.268287
2022-10-12 10:00:00,3.6510746,4.1829467
2022-10-12 11:00:00,3.2202804,4.1759396
2022-10-12 12:00:00,2.956453,4.199324
2022-10-12 13:00:00,2.7856002,4.210866
2022-10-12 14:00:00,2.674973,4.1589055
2022-10-12 15:00:00,2.5393775,4.156521
2022-10-12 16:00:00,2.3219583,4.1624093
2022-10-12 17:00:00,2.596545,4.1642146
2022-10-12 18:00:00,3.5712173,4.200845
2022-10-12 19:00:00,4.1059895,4.2509165
2022-10-12 20:00:00,4.509995,4.309279
2022-10-12 21:00:00,4.3694634,4.236672
2022-10-12 22:00:00,3.9848402,4.224585
2022-10-12 23:00:00,3.5685036,4.2641664
2022-10-13 00:00:00,3.3263052,4.2751713
2022-10-13 01:00:00,3.0065224,4.205196
2022-10-13 02:00:00,2.9027157,4.1996098
2022-10-13 03:00:00,2.6688418,4.207141
2022-10-13 04:00:00,2.52097,4.203611
2022-10-13 05:00:00,2.50254,4.2087607
2022-10-13 06:00:00,3.4973395,4.2529564
2022-10-13 07:00:00,3.9501305,4.2670403
2022-10-13 08:00:00,4.3894305,4.3454413
2022-10-13 09:00:00,4.276695,4.3092504
2022-10-13 10:00:00,3.8977118,4.224537
2022-10-13 11:00:00,3.5123458,4.1833963
2022-10-13 12:00:00,3.299913,4.2201543
2022-10-13 13:00:00,3.067008,4.2383404
2022-10-13 14:00:00,2.8555887,4.2385654
2022-10-13 15:00:00,2.6912122,4.2312717
2022-10-13 16:00:00,2.5578752,4.228502
2022-10-13 17:00:00,2.5285845,4.2297544
2022-10-13 18:00:00,3.2877111,4.199251
2022-10-13 19:00:00,3.7242985,4.258486
2022-10-13 20:00:00,4.4848757,4.3645177
2022-10-13 21:00:00,4.522306,4.3453283
2022-10-13 22:00:00,4.081246,4.30559
2022-10-13 23:00:00,3.7800806,4.259868
2022-10-14 00:00:00,3.5626726,4.2178445
2022-10-14 01:00:00,3.28205,4.235147
2022-10-14 02:00:00,3.1180477,4.297358
2022-10-14 03:00:00,2.9959984,4.230522
2022-10-14 04:00:00,2.7814999,4.211556
2022-10-14 05:00:00,2.6305158,4.210659
2022-10-14 06:00:00,2.933247,4.2391367
2022-10-14 07:00:00,3.9904969,4.2992787
2022-10-14 08:00:00,4.2824736,4.335362
2022-10-14 09:00:00,4.27904,4.3947105
2022-10-14 10:00:00,4.162783,4.2618217
2022-10-14 11:00:00,3.7453792,4.258516
2022-10-14 12:00:00,3.290251,4.260761
2022-10-14 13:00:00,3.1132636,4.2911572
2022-10-14 14:00:00,2.9645894,4.2961574
2022-10-14 15:00:00,2.7983277,4.2374477
2022-10-14 16:00:00,2.614137,4.17157
2022-10-14 17:00:00,2.511704,4.184217
2022-10-14 18:00:00,2.8771648,4.20067
2022-10-14 19:00:00,3.8114548,4.1815143
2022-10-14 20:00:00,4.1724854,4.201568
2022-10-14 21:00:00,4.4483366,4.2421417
2022-10-14 22:00:00,4.385765,4.330909
2022-10-14 23:00:00,3.9173372,4.3771143
2022-10-15 00:00:00,3.62165,4.2074666
2022-10-15 01:00:00,3.2626224,4.1279964
2022-10-15 02:00:00,3.108484,4.0643864
2022-10-15 03:00:00,2.9573717,4.0641704
2022-10-15 04:00:00,2.853495,4.062822
2022-10-15 05:00:00,2.640855,4.042434
2022-10-15 06:00:00,3.1700802,3.8055158
2022-10-15 07:00:00,3.4880223,4.0280695
2022-10-15 08:00:00,3.8272457,4.0833244
2022-10-15 09:00:00,3.981803,4.1000123
2022-10-15 10:00:00,3.9234526,4.036265
2022-10-15 11:00:00,3.6102674,3.9530544
2022-10-15 12:00:00,3.3445537,3.9097
2022-10-15 13:00:00,3.0856411,3.9198098
2022-10-15 14:00:00,2.9758103,3.9344409
2022-10-15 15:00:00,2.7153158,3.9123514
2022-10-15 16:00:00,2.5188632,3.8405268
2022-10-15 17:00:00,2.4728155,3.850665
2022-10-15 18:00:00,2.518791,3.879573
2022-10-15 19:00:00,3.4634545,3.9480734
2022-10-15 20:00:00,3.655673,3.9444015
2022-10-15 21:00:00,4.2522006,4.0354214
2022-10-15 22:00:00,4.264191,4.070225
2022-10-15 23:00:00,3.974764,3.9772837
2022-10-16 00:00:00,3.5710876,3.9130452
2022-10-16 01:00:00,3.3178947,3.9063327
2022-10-16 02:00:00,3.0358007,3.9045103
2022-10-16 03:00:00,2.8136253,3.837358
2022-10-16 04:00:00,2.7481794,3.84853
2022-10-16 05:00:00,2.558459,3.8483758
2022-10-16 06:00:00,2.5153491,3.848951
2022-10-16 07:00:00,3.218136,3.9062285
2022-10-16 08:00:00,3.6833792,3.9371963
2022-10-16 09:00:00,3.6726036,3.916113
2022-10-16 10:00:00,3.721601,3.9157574
2022-10-16 11:00:00,3.4634337,3.85304
2022-10-16 12:00:00,3.2761812,3.7445142
2022-10-16 13:00:00,3.0608375,3.8068733
2022-10-16 14:00:00,2.8360908,3.761571
2022-10-16 15:00:00,2.706174,3.7659678
2022-10-16 16:00:00,2.5742369,3.7720532
2022-10-16 17:00:00,2.4706588,3.7740514
2022-10-16 18:00:00,2.371132,3.7753458
2022-10-16 19:00:00,2.741825,3.7933877
2022-10-16 20:00:00,3.543453,3.8576818
2022-10-16 21:00:00,4.0806413,3.92672
2022-10-16 22:00:00,4.140464,3.9079556
2022-10-16 23:00:00,3.971588,3.8250737
2022-10-17 00:00:00,3.505668,3.813139
2022-10-17 01:00:00,3.2867174,3.8079867
2022-10-17 02:00:00,3.0976212,3.8048766
2022-10-17 03:00:00,2.8928812,3.736923
2022-10-17 04:00:00,2.740388,3.8069692
2022-10-17 05:00:00,2.6395407,3.7578435
2022-10-17 06:00:00,2.481003,3.7489953
2022-10-17 07:00:00,2.669555,3.7598963
2022-10-17 08:00:00,2.9126515,3.7554183
2022-10-17 09:00:00,3.3298044,3.5573866
2022-10-17 10:00:00,3.4222963,3.7906106
2022-10-17 11:00:00,3.505625,3.8130455
2022-10-17 12:00:00,3.3371873,3.7582092
2022-10-17 13:00:00,3.1158543,3.7182212
2022-10-17 14:00:00,2.9213474,3.7170274
2022-10-17 15:00:00,2.8234205,3.7232516
2022-10-17 16:00:00,2.74615,3.7308702
2022-10-17 17:00:00,2.6268194,3.7987723
2022-10-17 18:00:00,2.5972834,3.6732655
2022-10-17 19:00:00,2.7878582,3.7413647
2022-10-17 20:00:00,3.3368292,3.8127782
2022-10-17 21:00:00,3.911418,3.9632075
2022-10-17 22:00:00,4.0175867,3.9542851
2022-10-17 23:00:00,4.0089316,3.9161336
2022-10-18 00:00:00,3.8175833,3.858698
2022-10-18 01:00:00,3.524338,3.8238077
2022-10-18 02:00:00,3.361453,3.8173132
2022-10-18 03:00:00,3.124612,3.8108582
2022-10-18 04:00:00,2.9728353,3.8080034
2022-10-18 05:00:00,2.9263046,3.8253765
2022-10-18 06:00:00,2.7098427,3.8174965
2022-10-18 07:00:00,2.7784817,3.8326986
2022-10-18 08:00:00,2.9765077,3.8414063
2022-10-18 09:00:00,2.8925033,3.815308
2022-10-18 10:00:00,2.8624225,3.8019922
2022-10-18 11:00:00,3.0522819,3.8159235
2022-10-18 12:00:00,3.1119213,3.8270125
2022-10-18 13:00:00,2.8065307,3.8072138
2022-10-18 14:00:00,2.7803042,3.7559392
2022-10-18 15:00:00,2.921027,3.8347614
2022-10-18 16:00:00,2.617802,3.8404229
2022-10-18 17:00:00,2.6295807,3.8506892
2022-10-18 18:00:00,2.4684494,3.8457983
2022-10-18 19:00:00,2.6128383,3.800248
2022-10-18 20:00:00,2.8830843,3.8161814
2022-10-18 21:00:00,3.067666,3.88319
2022-10-18 22:00:00,3.2508802,3.893114
2022-10-18 23:00:00,3.5937648,3.9172378
2022-10-19 00:00:00,3.6388276,3.913553
2022-10-19 01:00:00,3.0417447,3.8594563
2022-10-19 02:00:00,2.9480574,3.8566983
2022-10-19 03:00:00,2.8097277,3.8507826
2022-10-19 04:00:00,2.7254658,3.8568037
2022-10-19 05:00:00,2.621895,3.8518736
2022-10-19 06:00:00,2.4284616,3.848207
2022-10-19 07:00:00,2.3917522,3.8522553
2022-10-19 08:00:00,2.466154,3.8625875
2022-10-19 09:00:00,2.5447059,3.858831
2022-10-19 10:00:00,2.4926808,3.837291
2022-10-19 11:00:00,2.375091,3.8261185
2022-10-19 12:00:00,2.6244164,3.8244023
2022-10-19 13:00:00,2.7157903,3.8321128
2022-10-19 14:00:00,2.8336072,3.8460245
2022-10-19 15:00:00,2.8772082,3.8536665
2022-10-19 16:00:00,2.6576293,3.8586571
2022-10-19 17:00:00,2.648464,3.8724618
2022-10-19 18:00:00,2.4409168,3.8835244
2022-10-19 19:00:00,2.8679428,3.8896248
2022-10-19 20:00:00,2.378935,3.8980484
2022-10-19 21:00:00,2.4595876,3.9008825
2022-10-19 22:00:00,2.4652207,3.894845
2022-10-19 23:00:00,2.9944468,3.8967478
2022-10-20 00:00:00,3.2625139,3.909304
2022-10-20 01:00:00,3.3946114,3.9180045
2022-10-20 02:00:00,3.5734062,3.9294195
2022-10-20 03:00:00,3.6515605,3.9314568
2022-10-20 04:00:00,3.2902071,3.8962955
2022-10-20 05:00:00,3.0882976,3.8793921
2022-10-20 06:00:00,2.8713822,3.8699887
2022-10-20 07:00:00,2.7804205,3.8631968
2022-10-20 08:00:00,2.6135614,3.8631816
2022-10-20 09:00:00,2.4587393,3.8561544
2022-10-20 10:00:00,2.4484088,3.8529906
2022-10-20 11:00:00,2.6043956,3.8531106
2022-10-20 12:00:00,2.4647758,3.8376865
2022-10-20 13:00:00,2.7121854,3.8315005
2022-10-20 14:00:00,2.7934618,3.830433
2022-10-20 15:00:00,2.9496872,3.839768
2022-10-20 16:00:00,3.1444318,3.8524842
2022-10-20 17:00:00,3.2471046,3.8686266
2022-10-20 18:00:00,3.0142586,3.9191144
2022-10-20 19:00:00,2.7794802,3.8635652
2022-10-20 20:00:00,2.5714386,3.8681917
2022-10-20 21:00:00,2.5113232,3.879726
2022-10-20 22:00:00,2.3895316,3.8891795
2022-10-20 23:00:00,2.2547944,3.8890197
2022-10-21 00:00:00,2.3671787,3.887469
2022-10-21 01:00:00,2.6931598,3.887666
2022-10-21 02:00:00,3.2813234,3.9078104
2022-10-21 03:00:00,3.6729496,3.9373162
2022-10-21 04:00:00,3.8766794,3.963624
2022-10-21 05:00:00,3.5476725,3.8983834
2022-10-21 06:00:00,3.2672203,3.8595593
2022-10-21 08:00:00,2.9656508,3.8518274
2022-10-21 09:00:00,2.701796,3.859206
2022-10-21 10:00:00,2.4293091,3.8664455
2022-10-21 11:00:00,2.2565026,3.8646758
2022-10-21 12:00:00,2.1617866,3.8672132
2022-10-21 13:00:00,2.229747,3.8663478
2022-10-21 14:00:00,2.5454326,3.8675265
2022-10-21 15:00:00,3.050757,3.872788
2022-10-21 16:00:00,3.4294786,3.8890731
2022-10-21 17:00:00,3.364707,3.8708751
2022-10-21 18:00:00,3.3445306,3.8590782
2022-10-21 19:00:00,2.9784079,3.8338714
2022-10-21 20:00:00,2.740345,3.85054
2022-10-21 21:00:00,2.6202674,3.8767278
2022-10-21 22:00:00,2.4697568,3.8838162
2022-10-21 23:00:00,2.2373698,3.8853567
2022-10-22 00:00:00,2.1192682,3.8870034
2022-10-22 01:00:00,2.16534,3.8851128
2022-10-22 02:00:00,2.8258407,3.894003
2022-10-22 03:00:00,3.448194,3.9147625
2022-10-22 04:00:00,3.986572,3.9809268
2022-10-22 05:00:00,4.029979,3.970862
2022-10-22 06:00:00,3.662146,3.885309
2022-10-22 07:00:00,3.222771,3.8412135
2022-10-22 08:00:00,2.9112394,3.9095328
2022-10-22 09:00:00,2.649436,3.9214215
2022-10-22 10:00:00,2.520235,3.9244804
2022-10-22 11:00:00,2.2904162,3.9262898
2022-10-22 12:00:00,2.1560364,3.8756168
2022-10-22 13:00:00,2.1372697,3.8736472
2022-10-22 14:00:00,2.7390752,3.8273582
2022-10-22 15:00:00,3.208533,3.8201315
2022-10-22 16:00:00,3.3110247,3.818148
2022-10-22 17:00:00,3.4618025,3.9044251
2022-10-22 18:00:00,3.5563917,3.9017148
2022-10-22 19:00:00,3.3072045,3.934111
2022-10-22 20:00:00,3.1008503,3.8657088
2022-10-22 21:00:00,2.7002685,3.8590598
2022-10-22 22:00:00,2.5224485,3.8660715
2022-10-22 23:00:00,2.309697,3.8655899
2022-10-23 00:00:00,2.1936631,3.865964
2022-10-23 01:00:00,2.0267231,3.8669932
2022-10-23 02:00:00,2.263432,3.866738
2022-10-23 03:00:00,3.1670094,3.9599068
2022-10-23 04:00:00,3.7438157,3.939161
2022-10-23 05:00:00,4.142417,3.998273
2022-10-23 06:00:00,3.9273357,3.9357173
2022-10-23 07:00:00,3.5696526,3.9297082
2022-10-23 08:00:00,3.1092272,3.8423908
2022-10-23 09:00:00,2.804617,3.9211996
2022-10-23 10:00:00,2.5705805,3.936955
2022-10-23 11:00:00,2.457787,3.9346519
2022-10-23 12:00:00,2.2592106,3.884868
2022-10-23 13:00:00,2.0921528,3.8863862
2022-10-23 14:00:00,2.1439383,3.8901787
2022-10-23 15:00:00,2.5780768,3.8803132
2022-10-23 16:00:00,3.0802498,3.8687863
2022-10-23 17:00:00,3.7778602,3.9486122
2022-10-23 18:00:00,3.924934,3.958767
2022-10-23 19:00:00,3.8762467,3.9247155
2022-10-23 20:00:00,3.3919396,3.862052
2022-10-23 21:00:00,3.026381,3.8661776
2022-10-23 22:00:00,2.6596723,3.8702183
2022-10-23 23:00:00,2.5004363,3.86375
2022-10-24 00:00:00,2.342127,3.8694203
2022-10-24 01:00:00,2.1704443,3.872135
2022-10-24 02:00:00,2.0817642,3.8105423
2022-10-24 03:00:00,2.4481115,3.8750796
2022-10-24 04:00:00,3.4053116,3.9093032
2022-10-24 05:00:00,4.0554633,3.9805486
2022-10-24 06:00:00,4.250726,4.0122714
2022-10-24 07:00:00,3.9804482,3.9144006
2022-10-24 08:00:00,3.4918733,3.8183234
2022-10-24 09:00:00,3.0197175,3.8218434
2022-10-24 10:00:00,2.737567,3.8473034
2022-10-24 11:00:00,2.618391,3.8488145
2022-10-24 12:00:00,2.3687046,3.8451943
2022-10-24 13:00:00,2.1990576,3.848157
2022-10-24 14:00:00,2.1280298,3.8620083
2022-10-24 15:00:00,2.5329626,3.8767278
2022-10-24 16:00:00,3.3451242,3.8987186
2022-10-24 17:00:00,3.454635,3.871831
2022-10-24 18:00:00,4.0362716,3.9719625
2022-10-24 19:00:00,4.095399,3.9543471
2022-10-24 20:00:00,3.9878273,3.901833
2022-10-24 21:00:00,3.4485495,3.9060736
2022-10-24 22:00:00,2.997467,3.907639
2022-10-24 23:00:00,2.7626996,3.9153461
2022-10-25 00:00:00,2.6086874,3.858525
2022-10-25 01:00:00,2.43979,3.8547099
2022-10-25 02:00:00,2.2435634,3.857212
2022-10-25 03:00:00,2.1780534,3.8646204
2022-10-25 04:00:00,3.0345812,3.9040763
2022-10-25 05:00:00,3.6167884,3.9211173
2022-10-25 06:00:00,4.380807,4.127845
2022-10-25 07:00:00,4.2658997,3.9183815
2022-10-25 08:00:00,3.8456671,4.090182
2022-10-25 09:00:00,3.4478211,4.0275817
2022-10-25 10:00:00,3.105314,3.7629323
2022-10-25 11:00:00,2.807627,3.8281152
2022-10-25 12:00:00,2.6173997,3.9141185
2022-10-25 13:00:00,2.4542086,3.9213307
2022-10-25 14:00:00,2.3630073,3.8632572
2022-10-25 15:00:00,2.2694895,3.8030882
2022-10-25 16:00:00,3.064508,3.912732
2022-10-25 17:00:00,3.6960409,3.9523332
2022-10-25 18:00:00,4.2048736,3.9662251
2022-10-25 19:00:00,4.3207855,4.09384
2022-10-25 20:00:00,4.150316,4.141126
2022-10-25 21:00:00,3.6499135,4.1739655
2022-10-25 22:00:00,3.317515,4.0258
2022-10-25 23:00:00,2.950955,3.9598386
2022-10-26 00:00:00,2.7846231,3.9646626
2022-10-26 01:00:00,2.5710654,3.9155307
2022-10-26 02:00:00,2.4276109,3.9257636
2022-10-26 03:00:00,2.3632753,3.9377997
2022-10-26 04:00:00,2.9813025,3.913208
2022-10-26 05:00:00,3.767748,4.0440364
2022-10-26 06:00:00,4.025308,4.093865
2022-10-26 07:00:00,4.2769017,3.9112008
2022-10-26 08:00:00,4.2230496,4.128809
2022-10-26 09:00:00,3.7652254,4.1798854
2022-10-26 10:00:00,3.313973,3.9151144
2022-10-26 11:00:00,2.960293,3.9716194
2022-10-26 12:00:00,2.7986484,3.994383
2022-10-26 13:00:00,2.5743797,3.9270985
2022-10-26 14:00:00,2.3982651,3.9270504
2022-10-26 15:00:00,2.2794232,3.936623
2022-10-26 16:00:00,2.5445802,3.887673
2022-10-26 17:00:00,3.708632,3.9579172
2022-10-26 18:00:00,3.8041632,3.9617898
2022-10-26 19:00:00,4.5087295,4.1819158
2022-10-26 20:00:00,4.39989,4.2407913
2022-10-26 21:00:00,3.9804482,4.32763
2022-10-26 22:00:00,3.5398722,4.2428513
2022-10-26 23:00:00,3.1717188,4.045011
2022-10-27 00:00:00,2.9623954,3.9915068
2022-10-27 01:00:00,2.7118554,4.0036654
2022-10-27 02:00:00,2.6390474,4.0150833
2022-10-27 03:00:00,2.4293857,3.95167
2022-10-27 04:00:00,2.2682085,3.9620852
2022-10-27 05:00:00,3.3306293,4.0412154
2022-10-27 06:00:00,3.822936,4.074379
2022-10-27 07:00:00,4.397629,4.18841
2022-10-27 08:00:00,4.277666,4.114542
2022-10-27 09:00:00,3.8937547,4.3504066
2022-10-27 10:00:00,3.6423306,4.207989
2022-10-27 11:00:00,3.2168188,4.045432
2022-10-27 12:00:00,3.0061111,4.005149
2022-10-27 13:00:00,2.8133926,4.074304
2022-10-27 14:00:00,2.5749822,4.020846
2022-10-27 15:00:00,2.362514,4.0277076
2022-10-27 16:00:00,1.7833321,3.9939308
2022-10-27 17:00:00,3.0899518,4.029734
2022-10-27 18:00:00,4.019165,4.114313
2022-10-27 19:00:00,4.457885,4.201112
2022-10-27 20:00:00,4.3836136,4.1284122
2022-10-27 21:00:00,4.2524695,4.331872
2022-10-27 22:00:00,3.7662165,4.302675
2022-10-27 23:00:00,3.4587226,4.0735106
2022-10-28 00:00:00,3.140163,4.073227
2022-10-28 01:00:00,2.9148848,4.086726
2022-10-28 02:00:00,2.716091,4.0285783
2022-10-28 03:00:00,2.543413,4.0432463
2022-10-28 04:00:00,2.454449,4.031269
2022-10-28 05:00:00,2.8335307,4.0565085
2022-10-28 06:00:00,4.0423293,4.164349
2022-10-28 07:00:00,4.0507855,4.1633883
2022-10-28 08:00:00,4.1880674,4.2547584
2022-10-28 09:00:00,4.2293887,4.208592
2022-10-28 10:00:00,3.8507457,4.2469215
2022-10-28 11:00:00,3.4901958,4.0742235
2022-10-28 12:00:00,3.0872297,4.080056
2022-10-28 13:00:00,2.9262352,4.043058
2022-10-28 14:00:00,2.5952768,4.048465
2022-10-28 15:00:00,2.4761689,4.0496407
2022-10-28 16:00:00,2.313218,3.9901295
2022-10-28 17:00:00,2.4802008,4.000827
2022-10-28 18:00:00,3.7399287,4.091882
2022-10-28 19:00:00,3.9497256,4.0885916
2022-10-28 20:00:00,4.541892,4.1944327
2022-10-28 21:00:00,4.427235,4.2575994
2022-10-28 22:00:00,4.1510925,4.295124
2022-10-28 23:00:00,3.788201,4.2224083
2022-10-29 00:00:00,3.2832956,4.1327066
2022-10-29 01:00:00,3.0390983,4.080113
2022-10-29 02:00:00,2.8828304,4.0795393
2022-10-29 03:00:00,2.6598415,4.028042
2022-10-29 04:00:00,2.6419652,3.9681509
2022-10-29 05:00:00,2.326195,4.025959
2022-10-29 06:00:00,3.6116672,4.1396146
2022-10-29 07:00:00,3.9246516,4.2155147
2022-10-29 08:00:00,3.998009,4.163922
2022-10-29 09:00:00,4.161981,4.097772
2022-10-29 10:00:00,4.0257344,4.023363
2022-10-29 11:00:00,3.5810776,4.0307274
2022-10-29 12:00:00,3.2158415,4.013894
2022-10-29 13:00:00,2.841085,4.0248165
2022-10-29 14:00:00,2.6635056,4.028422
2022-10-29 15:00:00,2.495888,3.965921
2022-10-29 16:00:00,2.2974458,4.037895
2022-10-29 17:00:00,2.189495,4.0427675
2022-10-29 18:00:00,2.7854037,4.055118
2022-10-29 19:00:00,3.4746363,4.0763826
2022-10-29 20:00:00,4.168791,4.0760703
2022-10-29 21:00:00,4.26686,4.1546907
2022-10-29 22:00:00,4.239817,4.186121
2022-10-29 23:00:00,3.819893,4.2420874
2022-10-30 00:00:00,3.4841726,4.157909
2022-10-30 01:00:00,3.1314604,4.093593
2022-10-30 02:00:00,2.897846,4.0417714
2022-10-30 03:00:00,2.7173195,4.0581665
2022-10-30 04:00:00,2.4554055,4.059514
2022-10-30 05:00:00,2.3079352,3.9943516
2022-10-30 06:00:00,2.3938706,4.052121
2022-10-30 07:00:00,3.2257109,4.0201693
2022-10-30 08:00:00,3.7657893,4.0548506
2022-10-30 09:00:00,4.033024,4.099308
2022-10-30 10:00:00,3.8321414,4.1187835
2022-10-30 11:00:00,3.4514873,3.9537914
2022-10-30 12:00:00,3.214895,3.8621411
2022-10-30 13:00:00,2.944554,3.947846
2022-10-30 14:00:00,2.76458,3.9733896
2022-10-30 15:00:00,2.4947064,3.9660006
2022-10-30 16:00:00,2.3843825,3.9599388
2022-10-30 17:00:00,2.171778,3.7938573
2022-10-30 18:00:00,2.1714191,4.0090137
2022-10-30 19:00:00,3.1559885,4.0112195
2022-10-30 20:00:00,3.6925366,4.021862
2022-10-30 21:00:00,4.3653007,4.11223
2022-10-30 22:00:00,4.304874,4.071545
2022-10-30 23:00:00,3.972647,4.1764703
2022-10-31 00:00:00,3.5454504,4.1236224
2022-10-31 01:00:00,3.2397811,4.051055
2022-10-31 02:00:00,3.0514278,3.9995656
2022-10-31 03:00:00,2.7852871,3.996029
2022-10-31 04:00:00,2.6134467,4.018079
2022-10-31 05:00:00,2.4252875,4.0434394
2022-10-31 06:00:00,2.240832,3.9735162
2022-10-31 07:00:00,2.8234153,3.9875622
2022-10-31 08:00:00,3.7158303,4.0451126
2022-10-31 09:00:00,3.532997,4.0859075
2022-10-31 10:00:00,3.7111316,4.0378704
2022-10-31 11:00:00,3.4266312,4.0473714
2022-10-31 12:00:00,3.2966802,3.8153062
2022-10-31 13:00:00,2.9631283,3.8632298
2022-10-31 14:00:00,2.8193862,3.9663527
2022-10-31 15:00:00,2.655948,4.0368185
2022-10-31 16:00:00,2.4382322,3.9651935
2022-10-31 17:00:00,2.3019829,3.9577208
2022-10-31 18:00:00,2.2572,3.9071598
2022-10-31 19:00:00,2.3014798,3.9674606
2022-10-31 20:00:00,3.2971454,3.9419727
2022-10-31 21:00:00,4.158924,4.083554
2022-10-31 22:00:00,4.2191377,4.083079
2022-10-31 23:00:00,4.056952,3.943563
2022-11-01 00:00:00,3.702348,4.089431
2022-11-01 01:00:00,3.353205,4.079334
2022-11-01 02:00:00,3.1226406,3.9447443
2022-11-01 03:00:00,2.9331708,3.9369977
2022-11-01 04:00:00,2.7163548,3.9423373
2022-11-01 05:00:00,2.5387661,3.9416745
2022-11-01 06:00:00,2.442247,3.8888671
2022-11-01 07:00:00,2.5588202,3.892721
2022-11-01 08:00:00,3.1500962,3.9125767
2022-11-01 09:00:00,2.8084505,3.927562
2022-11-01 10:00:00,3.2539775,3.8959975
2022-11-01 11:00:00,3.3799577,3.8973818
2022-11-01 12:00:00,3.424015,3.892443
2022-11-01 13:00:00,3.1124866,3.853381
2022-11-01 14:00:00,2.8150399,3.8972335
2022-11-01 15:00:00,2.6187873,3.9176464
2022-11-01 16:00:00,2.57255,3.8702054
2022-11-01 17:00:00,2.428812,3.8673146
2022-11-01 18:00:00,2.3566506,3.87742
2022-11-01 19:00:00,2.233386,3.9341629
2022-11-01 20:00:00,2.7358534,3.897222
2022-11-01 21:00:00,3.4726417,3.9294586
2022-11-01 22:00:00,3.851888,3.9602718
2022-11-01 23:00:00,4.0184345,4.0492425
2022-11-02 00:00:00,3.8967829,4.003301
2022-11-02 01:00:00,3.670712,3.9579751
2022-11-02 02:00:00,3.328392,3.9322443
2022-11-02 03:00:00,3.1700156,3.9309678
2022-11-02 04:00:00,3.0015054,3.9304135
2022-11-02 05:00:00,2.7331576,3.9331708
2022-11-02 06:00:00,2.6825652,3.8785422
2022-11-02 07:00:00,2.4640574,3.9254026
2022-11-02 08:00:00,2.4765668,3.9339812
2022-11-02 09:00:00,2.826718,3.8737347
2022-11-02 10:00:00,2.6882012,3.8412037
2022-11-02 11:00:00,3.0668411,3.797994
2022-11-02 12:00:00,3.0742855,3.854299
2022-11-02 13:00:00,3.1499903,3.8702528
2022-11-02 14:00:00,3.1566136,3.8700323
2022-11-02 15:00:00,2.798392,3.8472419
2022-11-02 16:00:00,2.6668518,3.857588
2022-11-02 17:00:00,2.5297368,3.8681095
2022-11-02 18:00:00,2.618705,3.8759286
2022-11-02 19:00:00,2.3991754,3.9291532
2022-11-02 20:00:00,2.3201256,3.924165
2022-11-02 21:00:00,2.2861302,3.9231474
2022-11-02 22:00:00,2.6450322,3.8758104
2022-11-02 23:00:00,3.2846634,3.8969843
2022-11-03 00:00:00,3.6119676,3.9246755
2022-11-03 01:00:00,3.854675,3.959436
2022-11-03 02:00:00,3.8160152,3.9418294
2022-11-03 03:00:00,3.3972914,3.9541101
2022-11-03 04:00:00,3.2208955,3.9529874
2022-11-03 05:00:00,2.942471,3.9501874
2022-11-03 06:00:00,2.8149807,3.9495683
2022-11-03 07:00:00,2.5628195,3.9411123
2022-11-03 08:00:00,2.3968177,3.93686
2022-11-03 09:00:00,2.2535703,3.9366028
2022-11-03 10:00:00,2.3736334,3.9384334
2022-11-03 11:00:00,2.4987044,3.9269986
2022-11-03 12:00:00,2.9407125,3.8680944
2022-11-03 13:00:00,2.9147954,3.9194891
2022-11-03 14:00:00,3.1000013,3.9384432
2022-11-03 15:00:00,3.2340884,3.8881242
2022-11-03 16:00:00,3.2874713,3.895756
2022-11-03 17:00:00,3.0019166,3.8919513
2022-11-03 18:00:00,2.6949878,3.9604359
2022-11-03 19:00:00,2.5946105,3.9227483
2022-11-03 20:00:00,2.4761431,3.9242783
2022-11-03 21:00:00,2.318024,3.9203913
2022-11-03 22:00:00,2.129617,3.9227006
2022-11-03 23:00:00,2.1154697,3.916422
2022-11-04 00:00:00,2.295627,3.9092216
2022-11-04 01:00:00,3.3827536,3.8600698
2022-11-04 02:00:00,3.6610487,3.8752558
2022-11-04 03:00:00,3.8997073,3.9097037
2022-11-04 04:00:00,3.8748484,3.9509954
2022-11-04 05:00:00,3.356843,3.8714473
2022-11-04 06:00:00,3.1043518,3.84827
2022-11-04 07:00:00,2.8784986,3.849975
2022-11-04 08:00:00,2.686314,3.7926562
2022-11-04 09:00:00,2.4539225,3.849904
2022-11-04 10:00:00,2.2664466,3.8516564
2022-11-04 11:00:00,2.027326,3.7272441
2022-11-04 12:00:00,2.3909037,3.84089
2022-11-04 13:00:00,2.7252023,3.78824
2022-11-04 14:00:00,3.1925805,3.7908957
2022-11-04 15:00:00,3.678194,3.8515604
2022-11-04 16:00:00,3.6785014,3.9130032
2022-11-04 17:00:00,3.61967,3.868168
2022-11-04 18:00:00,3.370709,3.8262055
2022-11-04 19:00:00,3.1766276,3.829596
2022-11-04 20:00:00,2.902976,3.8327122
2022-11-04 21:00:00,2.691804,3.825831
2022-11-04 22:00:00,2.538749,3.8359282
2022-11-04 23:00:00,2.3747559,3.8406582
2022-11-05 00:00:00,2.2979386,3.8398614
2022-11-05 01:00:00,2.528718,3.8532102
2022-11-05 02:00:00,3.7703369,3.9497385
2022-11-05 03:00:00,3.993164,3.95895
2022-11-05 04:00:00,4.1682243,3.9919028
2022-11-05 05:00:00,4.0585847,3.9533703
2022-11-05 06:00:00,3.5307982,3.8438761
2022-11-05 07:00:00,3.2794266,3.824656
2022-11-05 08:00:00,2.9050875,3.831751
2022-11-05 09:00:00,2.7070062,3.844322
2022-11-05 10:00:00,2.4868095,3.8472197
2022-11-05 11:00:00,2.303352,3.8477106
2022-11-05 12:00:00,2.2121348,3.8495815
2022-11-05 13:00:00,2.2889197,3.9160025
2022-11-05 14:00:00,3.1444442,3.8339562
2022-11-05 15:00:00,3.1889179,3.857028
2022-11-05 16:00:00,3.6881297,3.9151573
2022-11-05 17:00:00,3.7787945,3.9227192
2022-11-05 18:00:00,3.644789,3.8840604
2022-11-05 19:00:00,3.1564848,3.8373504
2022-11-05 20:00:00,2.898101,3.783824
2022-11-05 21:00:00,2.7081323,3.866203
2022-11-05 22:00:00,2.533547,3.8751073
2022-11-05 23:00:00,2.2774153,3.86854
2022-11-06 00:00:00,2.1237125,3.8161635
2022-11-06 01:00:00,2.0552742,3.8680382
2022-11-06 02:00:00,2.381992,3.8765178
2022-11-06 03:00:00,3.547087,3.862095
2022-11-06 04:00:00,3.984913,3.895631
2022-11-06 05:00:00,4.0619817,3.97707
2022-11-06 06:00:00,3.8846407,3.920117
2022-11-06 07:00:00,3.3577306,3.8329034
2022-11-06 08:00:00,3.0613413,3.8290968
2022-11-06 09:00:00,2.8546855,3.8435104
2022-11-06 10:00:00,2.6032214,3.8479247
2022-11-06 11:00:00,2.3650146,3.8519835
2022-11-06 12:00:00,2.2532988,3.8584268
2022-11-06 13:00:00,2.1050677,3.8543518
2022-11-06 14:00:00,2.1501386,3.7955735
2022-11-06 15:00:00,2.7975104,3.7985725
2022-11-06 16:00:00,3.7533607,3.865583
2022-11-06 17:00:00,4.1548314,4.0085692
2022-11-06 18:00:00,4.059644,3.9723387
2022-11-06 19:00:00,3.7718384,3.8829942
2022-11-06 20:00:00,3.268875,3.8221428
2022-11-06 21:00:00,2.9645092,3.8397677
2022-11-06 22:00:00,2.6990154,3.8492172
2022-11-06 23:00:00,2.504088,3.7836213
2022-11-07 00:00:00,2.2804596,3.8418372
2022-11-07 01:00:00,2.148495,3.8488305
2022-11-07 02:00:00,2.1378574,3.8526597
2022-11-07 03:00:00,2.8550162,3.8244762
2022-11-07 04:00:00,3.8761456,3.8852136
2022-11-07 05:00:00,4.171154,3.930094
2022-11-07 06:00:00,4.1685724,3.9991155
2022-11-07 07:00:00,3.934479,3.9075317
2022-11-07 08:00:00,3.370656,3.8136053
2022-11-07 09:00:00,3.0650613,3.8126612
2022-11-07 10:00:00,2.765685,3.8304086
2022-11-07 11:00:00,2.591698,3.7831788
2022-11-07 12:00:00,2.440644,3.8385239
2022-11-07 13:00:00,2.2679343,3.8363245
2022-11-07 14:00:00,2.1106448,3.8339694
2022-11-07 15:00:00,2.5328224,3.731689
2022-11-07 16:00:00,3.6024144,3.9252436
2022-11-07 17:00:00,3.9950242,3.967256
2022-11-07 18:00:00,4.3406467,4.034545
2022-11-07 19:00:00,4.118444,3.8728144
2022-11-07 20:00:00,3.5876117,3.974419
2022-11-07 21:00:00,3.273394,3.8830924
2022-11-07 22:00:00,2.9702098,3.8915598
2022-11-07 23:00:00,2.6383297,3.956151
2022-11-08 00:00:00,2.5057898,3.903225
2022-11-08 01:00:00,2.3578644,3.9093688
2022-11-08 02:00:00,2.1709452,3.8599846
2022-11-08 03:00:00,2.189085,3.8750658
2022-11-08 04:00:00,2.8401778,3.8920727
2022-11-08 05:00:00,3.9443822,3.8959477
2022-11-08 06:00:00,4.362854,4.059674
2022-11-08 07:00:00,4.0938206,3.9951646
2022-11-08 08:00:00,3.5041883,3.9297059
2022-11-08 09:00:00,3.2047744,3.8385034
2022-11-08 10:00:00,2.9032059,3.860743
2022-11-08 11:00:00,2.6452885,3.8600914
2022-11-08 12:00:00,2.445265,3.9136877
2022-11-08 13:00:00,2.2791128,3.8582463
2022-11-08 14:00:00,2.1678267,3.854167
2022-11-08 15:00:00,2.099249,3.8011215
2022-11-08 16:00:00,2.9003372,3.82809
2022-11-08 17:00:00,3.8957038,3.957196
2022-11-08 18:00:00,4.2232246,4.02526
2022-11-08 19:00:00,4.269001,4.0055604
2022-11-08 20:00:00,4.11331,4.1464906
2022-11-08 21:00:00,3.535839,4.0420346
2022-11-08 22:00:00,3.1578603,3.897332
2022-11-08 23:00:00,2.9842713,3.8511662
2022-11-09 00:00:00,2.68714,3.8510196
2022-11-09 01:00:00,2.5033817,3.8534806
2022-11-09 02:00:00,2.3384986,3.9226778
2022-11-09 03:00:00,2.162137,3.9308562
2022-11-09 04:00:00,2.4243085,3.947929
2022-11-09 05:00:00,3.9307761,4.060692
2022-11-09 06:00:00,4.1563168,4.016751
2022-11-09 07:00:00,4.2057576,4.0834436
2022-11-09 08:00:00,3.9399967,3.9222212
2022-11-09 09:00:00,3.3596287,3.953799
2022-11-09 10:00:00,3.1184042,3.7607114
2022-11-09 11:00:00,2.8886652,3.855916
2022-11-09 12:00:00,2.6180897,3.876981
2022-11-09 13:00:00,2.4521449,3.8834343
2022-11-09 14:00:00,2.2159283,3.8818405
2022-11-09 15:00:00,2.18352,3.8791182
2022-11-09 16:00:00,2.3195665,3.8749087
2022-11-09 17:00:00,3.729951,3.9680703
2022-11-09 18:00:00,4.196254,4.0767684
2022-11-09 19:00:00,4.3709664,3.965095
2022-11-09 20:00:00,4.203935,4.022003
2022-11-09 21:00:00,3.7138438,4.058762
2022-11-09 22:00:00,3.328422,4.023265
2022-11-09 23:00:00,3.244206,3.912196
2022-11-10 00:00:00,2.8373044,3.9688008
2022-11-10 01:00:00,2.5838375,3.8633318
2022-11-10 02:00:00,2.4454472,3.86619
2022-11-10 03:00:00,2.2510211,3.8769512
2022-11-10 04:00:00,2.18998,3.8768504
2022-11-10 05:00:00,2.9899893,3.901471
2022-11-10 06:00:00,4.030064,4.0038533
2022-11-10 07:00:00,4.234325,4.0485706
2022-11-10 08:00:00,4.087731,3.996254
2022-11-10 09:00:00,3.6311367,3.871901
2022-11-10 10:00:00,3.1716065,3.8038778
2022-11-10 11:00:00,2.8756506,3.8917232
2022-11-10 12:00:00,2.642707,3.9055681
2022-11-10 13:00:00,2.4525163,3.9063163
2022-11-10 14:00:00,2.287225,3.9138358
2022-11-10 15:00:00,2.1709802,3.9227014
2022-11-10 16:00:00,2.1067429,3.8709545
2022-11-10 17:00:00,2.6968327,3.8859897
2022-11-10 18:00:00,3.9321005,3.9587357
2022-11-10 19:00:00,4.307809,4.0285397
2022-11-10 20:00:00,4.314415,4.0191417
2022-11-10 21:00:00,4.0948586,4.15513
2022-11-10 22:00:00,3.5315175,4.1959147
2022-11-10 23:00:00,3.2527966,3.93457
2022-11-11 00:00:00,2.906324,3.8720505
2022-11-11 01:00:00,2.6538944,3.9389057
2022-11-11 02:00:00,2.4440174,3.9448695
2022-11-11 03:00:00,2.2450151,3.885374
2022-11-11 04:00:00,2.1317575,3.8821616
2022-11-11 05:00:00,2.5304034,3.9629169
2022-11-11 06:00:00,3.7624779,3.9793932
2022-11-11 07:00:00,3.8626356,3.975278
2022-11-11 08:00:00,3.9862242,4.0699787
2022-11-11 09:00:00,3.8533387,3.9313831
2022-11-11 10:00:00,3.388206,3.8290908
2022-11-11 11:00:00,2.9529686,3.696208
2022-11-11 12:00:00,2.7717063,3.8566935
2022-11-11 13:00:00,2.4662864,3.8787296
2022-11-11 14:00:00,2.3170037,3.9242854
2022-11-11 15:00:00,2.2561579,3.9256337
2022-11-11 16:00:00,2.2122073,3.8681717
2022-11-11 17:00:00,2.465459,3.922912
2022-11-11 18:00:00,3.6613843,3.9443848
2022-11-11 19:00:00,4.16784,3.9820683
2022-11-11 20:00:00,4.387817,4.020949
2022-11-11 21:00:00,4.166391,4.0107303
2022-11-11 22:00:00,3.6814778,4.131335
2022-11-11 23:00:00,3.3937984,4.050843
2022-11-12 00:00:00,3.1062522,3.9949224
2022-11-12 01:00:00,2.8477776,3.9374945
2022-11-12 02:00:00,2.6201394,3.874032
2022-11-12 03:00:00,2.4677935,3.8771515
2022-11-12 04:00:00,2.2630079,3.878289
2022-11-12 05:00:00,2.3420014,3.88215
2022-11-12 06:00:00,2.948702,3.9008029
2022-11-12 07:00:00,3.7558565,3.9630184
2022-11-12 08:00:00,3.8911483,4.0603356
2022-11-12 09:00:00,3.9312146,4.1211967
2022-11-12 10:00:00,3.6090639,3.9475517
2022-11-12 11:00:00,3.1653464,3.8791823
2022-11-12 12:00:00,2.8550415,3.8915448
2022-11-12 13:00:00,2.5968287,3.9186468
2022-11-12 14:00:00,2.4703171,3.8716404
2022-11-12 15:00:00,2.384393,3.8783839
2022-11-12 16:00:00,2.2042558,3.9392407
2022-11-12 17:00:00,2.0447426,3.8367634
2022-11-12 18:00:00,3.4680245,3.959974
2022-11-12 19:00:00,3.9222946,4.0631824
2022-11-12 20:00:00,4.265362,3.9658887
2022-11-12 21:00:00,4.198861,3.999561
2022-11-12 22:00:00,3.8843565,4.060592
2022-11-12 23:00:00,3.4042594,3.9809294
2022-11-13 00:00:00,3.1465578,3.9146197
2022-11-13 01:00:00,2.8699586,3.9185529
2022-11-13 02:00:00,2.6147647,3.8568766
2022-11-13 03:00:00,2.3580499,3.8635101
2022-11-13 04:00:00,2.2370062,3.8724258
2022-11-13 05:00:00,2.2053092,3.8750052
2022-11-13 06:00:00,2.7359917,3.893812
2022-11-13 07:00:00,3.4516585,3.8481715
2022-11-13 08:00:00,3.4812691,3.9048738
2022-11-13 09:00:00,3.6521611,3.9330428
2022-11-13 10:00:00,3.577914,3.8379192
2022-11-13 11:00:00,3.2524686,3.8417928
2022-11-13 12:00:00,2.940336,3.8274093
2022-11-13 13:00:00,2.6621792,3.8440285
2022-11-13 14:00:00,2.4567368,3.8631415
2022-11-13 15:00:00,2.3037062,3.8609505
2022-11-13 16:00:00,2.2362392,3.8043404
2022-11-13 17:00:00,2.128003,3.8563485
2022-11-13 18:00:00,2.2681956,3.865762
2022-11-13 19:00:00,3.530659,3.929979
2022-11-13 20:00:00,3.9642086,3.9681916
2022-11-13 21:00:00,4.098287,3.9213083
2022-11-13 22:00:00,4.0523715,3.939614
2022-11-13 23:00:00,3.5697365,3.853448
2022-11-14 00:00:00,3.3372607,3.8474596
2022-11-14 01:00:00,3.1182685,3.9135454
2022-11-14 02:00:00,2.8632271,3.8431373
2022-11-14 03:00:00,2.6205761,3.8364177
2022-11-14 04:00:00,2.4597063,3.849238
2022-11-14 05:00:00,2.2770772,3.782206
2022-11-14 06:00:00,2.364351,3.71733
2022-11-14 07:00:00,2.9314501,3.8614058
2022-11-14 08:00:00,3.2726007,3.8757405
2022-11-14 09:00:00,3.3312879,3.85349
2022-11-14 10:00:00,3.4473515,3.8631954
2022-11-14 11:00:00,3.1796465,3.8375752
2022-11-14 12:00:00,2.7666557,3.794995
2022-11-14 13:00:00,2.434651,3.803812
2022-11-14 14:00:00,2.3660276,3.7853298
2022-11-14 15:00:00,2.2109199,3.803437
2022-11-14 16:00:00,2.1312158,3.7963562
2022-11-14 17:00:00,2.0272262,3.8593097
2022-11-14 18:00:00,2.0312307,3.877299
2022-11-14 19:00:00,2.826326,3.8705559
2022-11-14 20:00:00,3.4961543,3.8992722
2022-11-14 21:00:00,3.76228,3.9317975
2022-11-14 22:00:00,3.4501934,3.8845174
2022-11-14 23:00:00,3.7003026,3.6999133
2022-11-15 00:00:00,3.3518312,3.7941377
2022-11-15 01:00:00,2.8939888,3.925046
2022-11-15 02:00:00,2.6533499,3.8211198
2022-11-15 03:00:00,2.4197726,3.8606477
2022-11-15 04:00:00,2.3650973,3.8176684
2022-11-15 05:00:00,2.1446333,3.8697407
2022-11-15 06:00:00,2.1047497,3.8146746
2022-11-15 07:00:00,2.5405974,3.8585343
2022-11-15 08:00:00,2.7133963,3.7650123
2022-11-15 09:00:00,3.0185196,3.7493575
2022-11-15 10:00:00,3.2267861,3.7711413
2022-11-15 11:00:00,3.2832148,3.798213
2022-11-15 12:00:00,2.8814774,3.818663
2022-11-15 13:00:00,2.6436415,3.8169847
2022-11-15 14:00:00,2.4053004,3.788312
2022-11-15 15:00:00,2.3050804,3.8017018
2022-11-15 16:00:00,2.1475582,3.8101428
2022-11-15 17:00:00,2.1820927,3.8031082
2022-11-15 18:00:00,1.9896376,3.9104393
2022-11-15 19:00:00,2.2413146,3.805959
2022-11-15 20:00:00,3.1680386,3.7569487
2022-11-15 21:00:00,3.5538447,3.83678
2022-11-15 22:00:00,3.7981884,3.9422429
2022-11-15 23:00:00,3.695538,3.9048922
2022-11-16 00:00:00,3.3898482,3.850271
2022-11-16 01:00:00,3.2882826,3.850825
2022-11-16 02:00:00,2.9796734,3.911138
2022-11-16 03:00:00,2.6823363,3.855383
2022-11-16 04:00:00,2.439573,3.8577936
2022-11-16 05:00:00,2.2815685,3.8600202
2022-11-16 06:00:00,2.2206702,3.8483083
2022-11-16 07:00:00,2.3332276,3.7974627
2022-11-16 08:00:00,2.6215057,3.8552086
2022-11-16 09:00:00,2.7112687,3.7861948
2022-11-16 10:00:00,2.946878,3.777743
2022-11-16 11:00:00,3.077551,3.8457747
2022-11-16 12:00:00,3.08132,3.8539765
2022-11-16 13:00:00,2.6793704,3.8209612
2022-11-16 14:00:00,2.6110866,3.7754664
2022-11-16 15:00:00,2.4866745,3.798339
2022-11-16 16:00:00,2.4701443,3.8128316
2022-11-16 17:00:00,2.2387161,3.8626833
2022-11-16 18:00:00,2.3002179,3.8129687
2022-11-16 19:00:00,2.1388826,3.8599908
2022-11-16 20:00:00,2.6340685,3.8047855
2022-11-16 21:00:00,3.2538152,3.8346145
2022-11-16 22:00:00,3.6275666,3.9278126
2022-11-16 23:00:00,3.6559608,3.9188004
2022-11-17 00:00:00,3.617249,3.8209867
2022-11-17 01:00:00,3.399418,3.8565922
2022-11-17 02:00:00,3.0533843,3.9099762
2022-11-17 03:00:00,2.8617198,3.9138956
2022-11-17 04:00:00,2.630541,3.9056509
2022-11-17 05:00:00,2.4741967,3.9084914
2022-11-17 06:00:00,2.3064952,3.858599
2022-11-17 07:00:00,2.2701812,3.8584676
2022-11-17 08:00:00,2.527758,3.8658502
2022-11-17 09:00:00,2.5471728,3.8536215
2022-11-17 10:00:00,2.4120436,3.7733927
2022-11-17 11:00:00,2.7435033,3.775805
2022-11-17 12:00:00,2.887523,3.7931325
2022-11-17 13:00:00,2.9457881,3.8073082
2022-11-17 14:00:00,3.0295613,3.81057
2022-11-17 15:00:00,2.8772576,3.8080628
2022-11-17 16:00:00,2.7319565,3.8617468
2022-11-17 17:00:00,2.5745597,3.8603518
2022-11-17 18:00:00,2.514134,3.859502
2022-11-17 19:00:00,2.4145737,3.8569155
2022-11-17 20:00:00,2.4398782,3.8527489
2022-11-17 21:00:00,2.7816184,3.8633912
2022-11-17 22:00:00,2.9759617,3.8773768
2022-11-17 23:00:00,3.496753,3.9109652
2022-11-18 00:00:00,3.720389,3.9306648
2022-11-18 01:00:00,3.6504822,3.9063265
2022-11-18 02:00:00,3.4777641,3.881278
2022-11-18 03:00:00,3.2598786,3.867823
2022-11-18 04:00:00,3.0318737,3.8515935
2022-11-18 05:00:00,2.9174256,3.8508525
2022-11-18 06:00:00,2.6978805,3.847809
2022-11-18 07:00:00,2.5464628,3.8494942
2022-11-18 08:00:00,2.6086931,3.791286
2022-11-18 09:00:00,2.5416448,3.8411903
2022-11-18 10:00:00,2.573283,3.8340247
2022-11-18 11:00:00,2.4449227,3.814305
2022-11-18 12:00:00,2.7584476,3.8194733
2022-11-18 13:00:00,2.8937778,3.8210897
2022-11-18 14:00:00,3.1041863,3.8402925
2022-11-18 15:00:00,3.3346345,3.873786
2022-11-18 16:00:00,3.2927897,3.8694432
2022-11-18 17:00:00,2.911239,3.852993
2022-11-18 18:00:00,2.8022144,3.8580549
2022-11-18 19:00:00,2.6316445,3.8667696
2022-11-18 20:00:00,2.5570765,3.87971
2022-11-18 21:00:00,2.4102778,3.8805997
2022-11-18 22:00:00,2.4159753,3.8794672
2022-11-18 23:00:00,2.4631126,3.9369762
2022-11-19 00:00:00,2.865454,3.9480445
2022-11-19 01:00:00,3.6122446,3.8697362
2022-11-19 02:00:00,3.8912318,3.9558208
2022-11-19 03:00:00,3.8031173,4.003666
2022-11-19 04:00:00,3.2547717,3.9204824
2022-11-19 05:00:00,3.0801432,3.903765
2022-11-19 06:00:00,2.9124556,3.9126875
2022-11-19 07:00:00,2.691002,3.9149306
2022-11-19 08:00:00,2.5397499,3.92907
2022-11-19 09:00:00,2.4460242,3.880833
2022-11-19 10:00:00,2.315055,3.8794405
2022-11-19 11:00:00,2.4110248,3.8748264
2022-11-19 12:00:00,2.4668887,3.9267247
2022-11-19 13:00:00,2.9933639,3.8833094
2022-11-19 14:00:00,3.1257071,3.9394364
2022-11-19 15:00:00,3.2911453,3.9461694
2022-11-19 16:00:00,3.5316164,3.9730563
2022-11-19 17:00:00,3.4665372,3.9003134
2022-11-19 18:00:00,3.0313854,3.8778667
2022-11-19 19:00:00,2.8164215,3.8848503
2022-11-19 20:00:00,2.5864165,3.89506
2022-11-19 21:00:00,2.4524996,3.9025059
2022-11-19 22:00:00,2.2923033,3.908071
2022-11-19 23:00:00,2.210944,3.9048796
2022-11-20 00:00:00,2.4512854,3.8419013
2022-11-20 01:00:00,2.9301252,3.9084265
2022-11-20 02:00:00,3.6601794,3.950461
2022-11-20 03:00:00,3.9023135,4.0270696
2022-11-20 04:00:00,3.8357189,3.9352381
2022-11-20 05:00:00,3.5996883,3.8108175
2022-11-20 06:00:00,3.0384405,3.8281221
2022-11-20 07:00:00,2.8172815,3.791812
2022-11-20 08:00:00,2.6258004,3.8564134
2022-11-20 09:00:00,2.3135817,3.8634956
2022-11-20 10:00:00,2.1204011,3.859854
2022-11-20 11:00:00,2.0886881,3.8124
2022-11-20 12:00:00,2.149968,3.869849
2022-11-20 13:00:00,2.641682,3.8754861
2022-11-20 14:00:00,3.3506107,3.884295
2022-11-20 15:00:00,3.2970417,3.8494253
2022-11-20 16:00:00,3.5331352,3.8138676
2022-11-20 17:00:00,3.6274967,3.890698
2022-11-20 18:00:00,3.3564756,3.8661237
2022-11-20 19:00:00,2.9850209,3.8515677
2022-11-20 20:00:00,2.6912205,3.8177822
2022-11-20 21:00:00,2.4881542,3.8254142
2022-11-20 22:00:00,2.2882857,3.9313164
2022-11-20 23:00:00,2.16799,3.8314354
2022-11-21 00:00:00,2.0843215,3.8178713
2022-11-21 01:00:00,2.2242465,3.8118525
2022-11-21 02:00:00,3.2826288,3.8472579
2022-11-21 03:00:00,3.6992464,3.9241326
2022-11-21 04:00:00,3.9563348,3.900478
2022-11-21 05:00:00,3.8492165,3.9259055
2022-11-21 06:00:00,3.709647,3.8135526
2022-11-21 07:00:00,3.131869,3.8186188
2022-11-21 08:00:00,2.8590631,3.8357153
2022-11-21 09:00:00,2.5807495,3.790577
2022-11-21 10:00:00,2.3689885,3.7742922
2022-11-21 11:00:00,2.1837919,3.783579
2022-11-21 12:00:00,2.0800724,3.7318199
2022-11-21 13:00:00,2.0498142,3.7852147
2022-11-21 14:00:00,2.6079826,3.802078
2022-11-21 15:00:00,3.4212937,3.8210166
2022-11-21 16:00:00,3.9255805,3.8817594
2022-11-21 17:00:00,3.8859456,3.8709738
2022-11-21 18:00:00,3.830358,3.8270419
2022-11-21 19:00:00,3.2964923,3.8108943
2022-11-21 20:00:00,3.031934,3.8088849
2022-11-21 21:00:00,2.7575397,3.8160048
2022-11-21 22:00:00,2.501818,3.8175366
2022-11-21 23:00:00,2.33892,3.8237844
2022-11-22 00:00:00,2.162315,3.7836697
2022-11-22 01:00:00,1.9931693,3.7829204
2022-11-22 02:00:00,2.3152869,3.8504126
2022-11-22 03:00:00,3.6960583,3.9387774
2022-11-22 04:00:00,3.9359381,3.9473808
2022-11-22 05:00:00,4.0775056,3.9058824
2022-11-22 06:00:00,3.9051652,3.8526466
2022-11-22 07:00:00,3.39373,3.8308787
2022-11-22 08:00:00,3.0024614,3.8151672
2022-11-22 09:00:00,2.8120139,3.8377051
2022-11-22 10:00:00,2.5784497,3.842123
2022-11-22 11:00:00,2.4375856,3.840941
2022-11-22 12:00:00,2.2697606,3.8526897
2022-11-22 13:00:00,2.1679146,3.8586593
2022-11-22 14:00:00,2.2300544,3.8581684
2022-11-22 15:00:00,2.8013608,3.861198
2022-11-22 16:00:00,3.8613129,3.8619328
2022-11-22 17:00:00,4.1885076,3.9996035
2022-11-22 18:00:00,4.150669,3.8356123
2022-11-22 19:00:00,3.8636694,3.9667807
2022-11-22 20:00:00,3.3544302,3.9034286
2022-11-22 21:00:00,3.151843,3.8456578
2022-11-22 22:00:00,2.7876244,3.9001095
2022-11-22 23:00:00,2.596218,3.9079702
2022-11-23 00:00:00,2.441259,3.8477051
2022-11-23 01:00:00,2.1780493,3.8502033
2022-11-23 02:00:00,2.1235847,3.8501272
2022-11-23 03:00:00,2.7231646,3.8747988
2022-11-23 04:00:00,3.8076105,3.9439
2022-11-23 05:00:00,4.0265036,3.8993552
2022-11-23 06:00:00,4.1206207,3.9950433
2022-11-23 07:00:00,3.8036966,3.7743676
2022-11-23 08:00:00,3.3971932,3.839376
2022-11-23 09:00:00,2.955393,3.7106073
2022-11-23 10:00:00,2.762632,3.7834063
2022-11-23 11:00:00,2.5237422,3.7843924
2022-11-23 12:00:00,2.2915604,3.8461304
2022-11-23 13:00:00,2.1652617,3.842339
2022-11-23 14:00:00,2.0251946,3.724881
2022-11-23 15:00:00,2.2593036,3.7769845
2022-11-23 16:00:00,3.7468438,3.8820655
2022-11-23 17:00:00,4.031778,3.9501886
2022-11-23 18:00:00,4.4074726,4.0449533
2022-11-23 19:00:00,4.2927184,4.0397744
2022-11-23 20:00:00,3.7410836,4.114378
2022-11-23 21:00:00,3.27994,3.989352
2022-11-23 22:00:00,3.0560718,3.7688112
2022-11-23 23:00:00,2.7676454,3.8386185
2022-11-24 00:00:00,2.5238824,3.8422554
2022-11-24 01:00:00,2.4084113,3.9133852
2022-11-24 02:00:00,2.232043,3.9290977
2022-11-24 03:00:00,2.0819354,3.8710368
2022-11-24 04:00:00,2.8686533,3.90185
2022-11-24 05:00:00,3.9898553,3.993899
2022-11-24 06:00:00,4.1362653,4.0259604
2022-11-24 07:00:00,4.1213727,3.9166238
2022-11-24 08:00:00,3.6981342,3.9346318
2022-11-24 09:00:00,3.2037122,3.8682394
2022-11-24 10:00:00,2.7897053,3.8280752
2022-11-24 11:00:00,2.7121723,3.8641546
2022-11-24 12:00:00,2.4697895,3.8672678
2022-11-24 13:00:00,2.3613393,3.8009288
2022-11-24 14:00:00,2.1819072,3.915911
2022-11-24 15:00:00,2.097681,3.8673513
2022-11-24 16:00:00,2.739264,3.879239
2022-11-24 17:00:00,4.0281763,3.9719806
2022-11-24 18:00:00,4.2935147,4.03126
2022-11-24 19:00:00,4.458421,4.0443835
2022-11-24 20:00:00,4.2317686,4.163966
2022-11-24 21:00:00,3.6606827,4.117429
2022-11-24 22:00:00,3.2774842,4.019852
2022-11-24 23:00:00,2.9907131,3.9734063
2022-11-25 00:00:00,2.8001585,3.981419
2022-11-25 01:00:00,2.5485787,3.939518
2022-11-25 02:00:00,2.4100425,3.9440093
2022-11-25 03:00:00,2.231538,4.0089726
2022-11-25 04:00:00,2.3885252,4.0252767
2022-11-25 05:00:00,3.0596821,3.9701579
2022-11-25 06:00:00,3.8643386,4.0370708
2022-11-25 07:00:00,4.23345,4.11668
2022-11-25 08:00:00,4.1094713,3.9979105
2022-11-25 09:00:00,3.5338461,4.0157104
2022-11-25 10:00:00,3.1927326,3.860237
2022-11-25 11:00:00,2.7301733,3.7608988
2022-11-25 12:00:00,2.5688884,3.9058878
2022-11-25 13:00:00,2.4232023,3.9106805
2022-11-25 14:00:00,2.3578272,3.959772
2022-11-25 15:00:00,2.1942763,3.9448812
2022-11-25 16:00:00,2.1024437,3.8814692
2022-11-25 17:00:00,3.3208034,3.932233
2022-11-25 18:00:00,4.164906,3.9943235
2022-11-25 19:00:00,4.427462,4.131444
2022-11-25 20:00:00,4.398085,4.1491127
2022-11-25 21:00:00,4.090021,4.24415
2022-11-25 22:00:00,3.5726278,4.1629033
2022-11-25 23:00:00,3.3122609,3.9851055
2022-11-26 00:00:00,3.0061727,3.9953413
2022-11-26 01:00:00,2.658317,4.0072055
2022-11-26 02:00:00,2.5034688,3.9572768
2022-11-26 03:00:00,2.3212912,4.0253763
2022-11-26 04:00:00,2.176794,3.9707394
2022-11-26 05:00:00,2.7149675,3.9954443
2022-11-26 06:00:00,3.9827127,4.025667
2022-11-26 07:00:00,3.8901842,4.0069222
2022-11-26 08:00:00,4.0005302,4.0887156
2022-11-26 09:00:00,3.8177714,3.8066952
2022-11-26 10:00:00,3.492114,3.935709
2022-11-26 11:00:00,3.0999498,3.7282543
2022-11-26 12:00:00,2.670954,3.9298735
2022-11-26 13:00:00,2.5451226,3.9482183
2022-11-26 14:00:00,2.5838187,3.8867831
2022-11-26 15:00:00,2.3822322,3.8592372
2022-11-26 16:00:00,2.132991,3.9100623
2022-11-26 17:00:00,2.2759657,3.8614116
2022-11-26 18:00:00,3.9454553,3.7898638
2022-11-26 19:00:00,4.4625425,4.054059
2022-11-26 20:00:00,4.621097,4.194845
2022-11-26 21:00:00,4.3759546,4.2730947
2022-11-26 22:00:00,4.0345626,4.3765135
2022-11-26 23:00:00,3.6920855,4.2444983
2022-11-27 00:00:00,3.5045643,3.9644759
2022-11-27 01:00:00,3.0551436,3.95099
2022-11-27 02:00:00,2.8604536,3.9234834
2022-11-27 03:00:00,2.6398988,3.931847
2022-11-27 04:00:00,2.4388254,3.9220293
2022-11-27 05:00:00,2.299919,3.8700593
2022-11-27 06:00:00,3.5856357,4.061169
2022-11-27 07:00:00,4.2114563,4.149451
2022-11-27 08:00:00,4.132014,4.131024
2022-11-27 09:00:00,4.015267,3.9893968
2022-11-27 10:00:00,3.7409754,3.8785138
2022-11-27 11:00:00,3.4055123,3.8843534
2022-11-27 12:00:00,3.1292346,3.6275182
2022-11-27 13:00:00,2.944323,3.7693443
2022-11-27 14:00:00,2.6583858,3.921788
2022-11-27 15:00:00,2.5280075,3.9202378
2022-11-27 16:00:00,2.4017472,3.9088018
2022-11-27 17:00:00,2.3877895,3.9168222
2022-11-27 18:00:00,2.8484924,3.9349706
2022-11-27 19:00:00,4.2524915,4.0707264
2022-11-27 20:00:00,4.436909,4.104296
2022-11-27 21:00:00,4.5407124,4.0245695
2022-11-27 22:00:00,4.2977157,4.136129
2022-11-27 23:00:00,3.711238,4.1828127
2022-11-28 00:00:00,3.4738126,4.0473666
2022-11-28 01:00:00,3.2252326,3.8072789
2022-11-28 02:00:00,2.968679,3.8646095
2022-11-28 03:00:00,2.7282526,3.8824513
2022-11-28 04:00:00,2.5519624,3.945989
2022-11-28 05:00:00,2.4383683,3.9472136
2022-11-28 06:00:00,2.5182648,3.949976
2022-11-28 07:00:00,3.0169299,3.9539762
2022-11-28 08:00:00,3.7601843,3.9563296
2022-11-28 09:00:00,3.9028273,4.1254973
2022-11-28 10:00:00,3.7648506,3.999428
2022-11-28 11:00:00,3.589151,3.7718625
2022-11-28 12:00:00,3.0850394,3.9235942
2022-11-28 13:00:00,2.8774812,3.9097352
2022-11-28 14:00:00,2.775953,3.9912517
2022-11-28 15:00:00,2.5662208,3.9470108
2022-11-28 16:00:00,2.3853722,3.9396715
2022-11-28 17:00:00,2.3013377,3.8894618
2022-11-28 18:00:00,2.2464936,3.959062
2022-11-28 19:00:00,3.0768123,3.9930925
2022-11-28 20:00:00,4.0184207,3.990845
2022-11-28 21:00:00,4.4202223,4.1278653
2022-11-28 22:00:00,4.377318,4.1074457
2022-11-28 23:00:00,4.195436,4.1658764
2022-11-29 00:00:00,3.5816886,4.137828
2022-11-29 01:00:00,3.3825526,4.066681
2022-11-29 02:00:00,3.1533911,3.9959905
2022-11-29 03:00:00,2.8815513,3.9962916
2022-11-29 04:00:00,2.7196782,3.9458911
2022-11-29 05:00:00,2.552445,3.952816
2022-11-29 06:00:00,2.3560612,3.948184
2022-11-29 07:00:00,2.8183365,3.9752793
2022-11-29 08:00:00,2.882877,3.9495683
2022-11-29 09:00:00,3.5962002,4.0136743
2022-11-29 10:00:00,3.6203322,4.0146422
2022-11-29 11:00:00,3.6490192,4.010518
2022-11-29 12:00:00,3.5430837,3.966599
2022-11-29 13:00:00,3.1010842,3.9781072
2022-11-29 14:00:00,2.961529,3.9930658
2022-11-29 15:00:00,2.860124,3.9472234
2022-11-29 16:00:00,2.6430569,3.9523513
2022-11-29 17:00:00,2.5408475,3.9582262
2022-11-29 18:00:00,2.4967084,3.9620311
2022-11-29 19:00:00,2.4456136,3.9085772
2022-11-29 20:00:00,3.2967987,3.9473403
2022-11-29 21:00:00,4.1349053,4.034865
2022-11-29 22:00:00,4.502987,4.1627736
2022-11-29 23:00:00,4.381004,4.0955844
2022-11-30 00:00:00,4.322162,4.254924
2022-11-30 01:00:00,4.0084963,4.2517467
2022-11-30 02:00:00,3.9426422,4.2364497
2022-11-30 03:00:00,3.64985,4.0646076
2022-11-30 04:00:00,3.3014116,4.0433946
2022-11-30 05:00:00,3.0490558,3.9815454
2022-11-30 06:00:00,2.885623,3.988199
2022-11-30 07:00:00,2.711117,3.9930103
2022-11-30 08:00:00,3.077006,4.0298953
2022-11-30 09:00:00,3.3101425,4.0460596
2022-11-30 10:00:00,3.979317,4.142993
2022-11-30 11:00:00,3.7980754,4.1141534
2022-11-30 12:00:00,3.801416,4.107899
2022-11-30 13:00:00,3.3558552,4.016468
2022-11-30 14:00:00,3.2003264,3.9931312
2022-11-30 15:00:00,2.9730704,3.9984841
2022-11-30 16:00:00,2.775393,4.021152
2022-11-30 17:00:00,2.6308537,4.0337715
2022-11-30 18:00:00,2.6386158,3.9819949
2022-11-30 19:00:00,2.4804895,4.0373836
2022-11-30 20:00:00,2.6983318,3.98901
2022-11-30 21:00:00,2.7603917,4.050659
2022-11-30 22:00:00,3.7236092,4.1109943
2022-11-30 23:00:00,4.0684085,4.133801
2022-12-01 00:00:00,4.061092,4.1314235
2022-12-01 01:00:00,3.9407294,4.097885
2022-12-01 02:00:00,3.4829018,4.0392966
2022-12-01 03:00:00,3.3529637,4.043687
2022-12-01 04:00:00,2.8677511,4.037891
2022-12-01 05:00:00,2.729254,4.0375233
2022-12-01 06:00:00,2.5958223,4.051383
2022-12-01 07:00:00,2.3999758,4.0485144
2022-12-01 08:00:00,2.2629435,4.050179
2022-12-01 09:00:00,2.4839084,4.056717
2022-12-01 10:00:00,2.655518,3.9838414
2022-12-01 11:00:00,2.842112,3.9607382
2022-12-01 12:00:00,3.0397582,3.960387
2022-12-01 13:00:00,3.2528307,3.9752917
2022-12-01 14:00:00,3.2419488,3.9789703
2022-12-01 15:00:00,2.7757547,3.972338
2022-12-01 16:00:00,2.5376272,3.987268
2022-12-01 17:00:00,2.482827,4.0174823
2022-12-01 18:00:00,2.3169527,4.0231647
2022-12-01 19:00:00,2.1580873,4.024966
2022-12-01 20:00:00,2.0526881,4.0137634
2022-12-01 21:00:00,2.0304193,4.010476
2022-12-01 22:00:00,2.7016141,3.99384
2022-12-01 23:00:00,3.2144988,3.9953365
2022-12-02 00:00:00,3.5619426,3.9989781
2022-12-02 01:00:00,3.6993337,4.015807
2022-12-02 02:00:00,3.505159,3.9908001
2022-12-02 03:00:00,3.5270967,3.9858565
2022-12-02 04:00:00,3.0376549,4.041516
2022-12-02 05:00:00,2.7138796,4.047373
2022-12-02 06:00:00,2.5852177,4.046694
2022-12-02 07:00:00,2.355188,4.050441
2022-12-02 08:00:00,2.2240143,4.0472503
2022-12-02 09:00:00,2.207466,4.0462704
2022-12-02 10:00:00,2.3703098,4.0432434
2022-12-02 11:00:00,2.472847,4.021182
2022-12-02 12:00:00,2.7916825,3.951404
2022-12-02 13:00:00,3.060012,4.012536
2022-12-02 14:00:00,3.3392138,4.050081
2022-12-02 15:00:00,3.4501812,4.0600867
2022-12-02 16:00:00,3.1047845,4.0482664
2022-12-02 17:00:00,2.886966,4.0604343
2022-12-02 18:00:00,2.8188365,4.0825987
2022-12-02 19:00:00,2.6248524,4.0963078
2022-12-02 20:00:00,2.451069,4.086866
2022-12-02 21:00:00,2.3835948,4.0855
2022-12-02 22:00:00,2.2824118,4.081278
2022-12-02 23:00:00,2.3810287,4.0237126
2022-12-03 00:00:00,3.297089,4.030769
2022-12-03 01:00:00,3.7054474,3.9852443
2022-12-03 02:00:00,3.9173396,4.067655
2022-12-03 03:00:00,3.8176827,4.0461583
2022-12-03 04:00:00,3.3656425,3.984941
2022-12-03 05:00:00,3.126819,3.964395
2022-12-03 06:00:00,2.9920604,3.9771717
2022-12-03 07:00:00,2.7457826,3.9765108
2022-12-03 08:00:00,2.5036566,3.9753056
2022-12-03 09:00:00,2.3953931,3.9604366
2022-12-03 10:00:00,2.2516124,3.9524822
2022-12-03 11:00:00,2.3122995,3.951933
2022-12-03 12:00:00,2.4699364,3.9459481
2022-12-03 13:00:00,2.9728508,3.8868432
2022-12-03 14:00:00,3.171106,3.9419167
2022-12-03 15:00:00,3.569104,3.9234693
2022-12-03 16:00:00,3.6846116,4.004931
2022-12-03 17:00:00,3.3460927,3.9586754
2022-12-03 18:00:00,2.9556203,3.9414485
2022-12-03 19:00:00,2.7791646,3.9661274
2022-12-03 20:00:00,2.6550746,3.976808
2022-12-03 21:00:00,2.4480507,3.9740329
2022-12-03 22:00:00,2.271836,3.9715822
2022-12-03 23:00:00,2.1948204,3.920843
2022-12-04 00:00:00,2.1902692,3.9741156
2022-12-04 01:00:00,2.8764777,3.9833186
2022-12-04 02:00:00,3.6624103,3.9501657
2022-12-04 03:00:00,3.9873219,3.986723
2022-12-04 04:00:00,3.8857155,4.033231
2022-12-04 05:00:00,3.6606486,3.9765384
2022-12-04 06:00:00,3.4230595,3.9483426
2022-12-04 07:00:00,3.176734,3.9428678
2022-12-04 08:00:00,2.840253,3.9396327
2022-12-04 09:00:00,2.6989498,3.8831034
2022-12-04 10:00:00,2.4551208,3.9451087
2022-12-04 11:00:00,2.3891585,3.888643
2022-12-04 12:00:00,2.4164603,3.8772092
2022-12-04 13:00:00,2.6467547,3.9452338
2022-12-04 14:00:00,3.309879,3.9074342
2022-12-04 15:00:00,3.867691,3.9589682
2022-12-04 16:00:00,4.1855273,4.089238
2022-12-04 17:00:00,3.9818997,4.002447
2022-12-04 18:00:00,3.8990166,3.8831878
2022-12-04 19:00:00,3.6024792,3.930191
2022-12-04 20:00:00,3.3911614,3.9313633
2022-12-04 21:00:00,3.1697068,3.9896424
2022-12-04 22:00:00,2.9241033,3.9834414
2022-12-04 23:00:00,2.7521768,3.9184806
2022-12-05 00:00:00,2.440746,3.841723
2022-12-05 01:00:00,2.5981867,3.9900227
2022-12-05 02:00:00,3.2600777,3.9791098
2022-12-05 03:00:00,3.6621857,3.987611
2022-12-05 04:00:00,4.361351,4.097968
2022-12-05 05:00:00,4.036664,4.103474
2022-12-05 06:00:00,3.6336882,4.00316
2022-12-05 07:00:00,3.3958876,3.9685836
2022-12-05 08:00:00,3.168135,3.9097114
2022-12-05 09:00:00,2.9875965,3.924936
2022-12-05 10:00:00,2.7561893,3.9296432
2022-12-05 11:00:00,2.6507301,3.9432356
2022-12-05 12:00:00,2.5105357,3.9443786
2022-12-05 13:00:00,2.445802,3.8837688
2022-12-05 14:00:00,2.8659613,3.9703052
2022-12-05 15:00:00,3.5571256,4.0181165
2022-12-05 16:00:00,3.8870614,3.973054
2022-12-05 17:00:00,3.9764252,4.042924
2022-12-05 18:00:00,4.0198507,3.8013334
2022-12-05 19:00:00,3.5459876,3.92445
2022-12-05 20:00:00,3.3925843,3.8656251
2022-12-05 21:00:00,3.1861494,3.863968
2022-12-05 22:00:00,2.8864622,3.9129608
2022-12-05 23:00:00,2.7216825,3.9214766
2022-12-06 00:00:00,2.6536064,3.9243371
2022-12-06 01:00:00,2.5147378,3.9219263
2022-12-06 02:00:00,2.5094182,3.9160376
2022-12-06 03:00:00,3.1616848,3.9476492
2022-12-06 04:00:00,3.9217753,3.9405344
2022-12-06 05:00:00,4.082306,3.9729917
2022-12-06 06:00:00,3.891207,3.9945095
2022-12-06 07:00:00,3.4730756,3.9130085
2022-12-06 08:00:00,3.2542114,3.8947368
2022-12-06 09:00:00,3.0329058,3.9166274
2022-12-06 10:00:00,2.8151186,3.925835
2022-12-06 11:00:00,2.575534,3.985591
2022-12-06 12:00:00,2.4643962,3.9343085
2022-12-06 13:00:00,2.3343756,3.9317486
2022-12-06 14:00:00,2.4177825,3.936181
2022-12-06 15:00:00,2.8144393,3.9492288
2022-12-06 16:00:00,3.6930058,4.003007
2022-12-06 17:00:00,4.1932607,4.083215
2022-12-06 18:00:00,4.295875,4.016862
2022-12-06 19:00:00,3.7322397,4.0341277
2022-12-06 20:00:00,3.410293,3.9292698
2022-12-06 21:00:00,3.337727,3.821218
2022-12-06 22:00:00,3.1056435,3.8262346
2022-12-06 23:00:00,2.8000314,3.8752227
2022-12-07 00:00:00,2.624663,3.8776917
2022-12-07 01:00:00,2.4563634,3.8739395
2022-12-07 02:00:00,2.3894746,3.8697076
2022-12-07 03:00:00,2.7471876,3.950447
2022-12-07 04:00:00,3.229028,3.9589734
2022-12-07 05:00:00,3.7037737,3.9114852
2022-12-07 06:00:00,3.9024956,3.926387
2022-12-07 07:00:00,3.867114,3.8956027
2022-12-07 08:00:00,3.382553,3.8762224
2022-12-07 09:00:00,3.1405091,3.8698628
2022-12-07 10:00:00,2.9459608,3.8959305
2022-12-07 11:00:00,2.7335794,3.910023
2022-12-07 12:00:00,2.567234,3.859983
2022-12-07 13:00:00,2.4601185,3.863544
2022-12-07 14:00:00,2.3393135,3.9288397
2022-12-07 15:00:00,2.266819,3.8090682
2022-12-07 16:00:00,3.519802,3.9976337
2022-12-07 17:00:00,4.043648,3.9923465
2022-12-07 18:00:00,4.3237753,4.043481
2022-12-07 19:00:00,4.195246,3.909194
2022-12-07 20:00:00,3.7254624,4.0247583
2022-12-07 21:00:00,3.5284872,3.92209
2022-12-07 22:00:00,3.1772723,3.7751153
2022-12-07 23:00:00,3.001834,3.903268
2022-12-08 00:00:00,2.8039017,3.9171693
2022-12-08 01:00:00,2.6385899,3.9134378
2022-12-08 02:00:00,2.5421052,3.9175696
2022-12-08 03:00:00,2.5311913,3.9235878
2022-12-08 04:00:00,2.893873,3.932119
2022-12-08 05:00:00,3.8504014,3.9384165
2022-12-08 06:00:00,3.8296568,4.0078917
2022-12-08 07:00:00,4.005055,4.034644
2022-12-08 08:00:00,3.8245027,3.9646742
2022-12-08 09:00:00,3.3632548,3.9004586
2022-12-08 10:00:00,2.9609761,3.8946521
2022-12-08 11:00:00,2.8723273,3.9266226
2022-12-08 12:00:00,2.6596003,3.9394295
2022-12-08 13:00:00,2.545587,3.9348135
2022-12-08 14:00:00,2.3970568,3.931136
2022-12-08 15:00:00,2.197409,3.999543
2022-12-08 16:00:00,2.6313598,3.956841
2022-12-08 17:00:00,3.902019,4.1148763
2022-12-08 18:00:00,4.253625,4.0891213
2022-12-08 19:00:00,4.4628983,4.118589
2022-12-08 20:00:00,4.148718,4.0907764
2022-12-08 21:00:00,3.6952586,4.154594
2022-12-08 22:00:00,3.3471086,3.998601
2022-12-08 23:00:00,2.924792,3.9483984
2022-12-09 00:00:00,2.904588,3.960226
2022-12-09 01:00:00,2.8015435,3.9755063
2022-12-09 02:00:00,2.6425545,4.036875
2022-12-09 03:00:00,2.4807086,4.0270677
2022-12-09 04:00:00,2.5323548,4.0291443
2022-12-09 05:00:00,3.7193031,3.9071708
2022-12-09 06:00:00,3.8091834,4.02803
2022-12-09 07:00:00,3.9883146,4.079589
2022-12-09 08:00:00,3.8699605,4.0128813
2022-12-09 09:00:00,3.5744736,3.932673
2022-12-09 10:00:00,3.3651688,3.9277294
2022-12-09 11:00:00,3.0137117,3.919355
2022-12-09 12:00:00,2.7896454,3.9398677
2022-12-09 13:00:00,2.6425965,3.9466429
2022-12-09 14:00:00,2.5533216,3.943356
2022-12-09 15:00:00,2.4083822,3.9310749
2022-12-09 16:00:00,2.4117804,3.871561
2022-12-09 17:00:00,3.4448762,4.009946
2022-12-09 18:00:00,4.187891,4.020417
2022-12-09 19:00:00,4.608274,4.1710277
2022-12-09 20:00:00,4.346132,4.081008
2022-12-09 21:00:00,4.045079,3.9758463
2022-12-09 22:00:00,3.718752,3.927505
2022-12-09 23:00:00,3.4867225,3.9353895
2022-12-10 00:00:00,3.1937602,3.99118
2022-12-10 01:00:00,2.980431,3.9871151
2022-12-10 02:00:00,2.8196714,3.9237156
2022-12-10 03:00:00,2.645029,3.9183524
2022-12-10 04:00:00,2.5037694,3.9203684
2022-12-10 05:00:00,3.0581567,3.9660244
2022-12-10 06:00:00,3.9089115,4.0341067
2022-12-10 07:00:00,3.9571702,4.026794
2022-12-10 08:00:00,4.054188,4.037178
2022-12-10 09:00:00,3.8120096,3.9704082
2022-12-10 10:00:00,3.4260447,3.9055421
2022-12-10 11:00:00,3.142141,3.829648
2022-12-10 12:00:00,2.9651659,3.9168637
2022-12-10 13:00:00,2.7497191,3.9913485
2022-12-10 14:00:00,2.4892876,3.927218
2022-12-10 15:00:00,2.3186235,3.9271286
2022-12-10 16:00:00,2.3533092,3.9396589
2022-12-10 17:00:00,2.7666738,3.8992803
2022-12-10 18:00:00,3.9939167,3.9980876
2022-12-10 19:00:00,4.196266,4.013241
2022-12-10 20:00:00,4.373664,4.0397253
2022-12-10 21:00:00,4.1567373,4.0256696
2022-12-10 22:00:00,3.7148867,4.016209
2022-12-10 23:00:00,3.4073756,3.9922128
2022-12-11 00:00:00,3.1211064,3.927396
2022-12-11 01:00:00,2.9586785,3.9278116
2022-12-11 02:00:00,2.765068,3.8665977
2022-12-11 03:00:00,2.6465964,3.921622
2022-12-11 04:00:00,2.4704092,3.8556602
2022-12-11 05:00:00,2.6023533,3.8606718
2022-12-11 06:00:00,3.2154434,3.898636
2022-12-11 07:00:00,3.7139552,3.936879
2022-12-11 08:00:00,3.8855355,3.9662867
2022-12-11 09:00:00,3.8975704,4.0230465
2022-12-11 10:00:00,3.5524147,3.8588057
2022-12-11 11:00:00,3.108628,3.6580658
2022-12-11 12:00:00,2.9005814,3.6811411
2022-12-11 13:00:00,2.8009908,3.7814946
2022-12-11 14:00:00,2.5844436,3.8415046
2022-12-11 15:00:00,2.390246,3.8295095
2022-12-11 16:00:00,2.40274,3.833883
2022-12-11 17:00:00,2.4775534,3.8466833
2022-12-11 18:00:00,3.479575,3.924847
2022-12-11 19:00:00,4.0640364,3.9770055
2022-12-11 20:00:00,4.43246,4.030139
2022-12-11 21:00:00,4.283848,4.0182796
2022-12-11 22:00:00,3.7985592,4.1243324
2022-12-11 23:00:00,3.6561093,4.031733
2022-12-12 00:00:00,3.4362385,3.8270414
2022-12-12 01:00:00,3.1581025,3.832448
2022-12-12 02:00:00,2.9062867,3.845485
2022-12-12 03:00:00,2.7397015,3.8483572
2022-12-12 04:00:00,2.6645265,3.987672
2022-12-12 05:00:00,2.5767825,3.923428
2022-12-12 06:00:00,3.1790175,3.8977075
2022-12-12 07:00:00,3.6673403,3.9314187
2022-12-12 08:00:00,3.7355835,3.9498007
2022-12-12 09:00:00,3.8111606,4.01675
2022-12-12 10:00:00,3.4862945,3.9313745
2022-12-12 11:00:00,3.295254,3.5948253
2022-12-12 12:00:00,2.990054,3.7220562
2022-12-12 13:00:00,2.795969,3.8419967
2022-12-12 14:00:00,2.6677437,3.8607452
2022-12-12 15:00:00,2.502788,3.850364
2022-12-12 16:00:00,2.3405418,3.837746
2022-12-12 17:00:00,2.2102218,3.8916528
2022-12-12 18:00:00,2.474869,3.859735
2022-12-12 19:00:00,3.6790316,3.9369051
2022-12-12 20:00:00,4.1378922,3.9798715
2022-12-12 21:00:00,3.9790971,3.942597
2022-12-12 22:00:00,4.0141973,3.7002237
2022-12-12 23:00:00,3.6178522,3.8577714
2022-12-13 00:00:00,3.2363136,3.7808678
2022-12-13 01:00:00,2.9189816,3.8388367
2022-12-13 02:00:00,2.7401168,3.8458378
2022-12-13 03:00:00,2.6196609,3.8535109
2022-12-13 04:00:00,2.5183833,3.7866864
2022-12-13 05:00:00,2.35617,3.8368464
2022-12-13 06:00:00,2.544276,3.7881868
2022-12-13 07:00:00,2.9325542,3.8468554
2022-12-13 08:00:00,3.3937702,3.8527515
2022-12-13 09:00:00,3.5120227,3.937936
2022-12-13 10:00:00,3.5813386,3.940383
2022-12-13 11:00:00,3.5644894,3.8572452
2022-12-13 12:00:00,3.1137276,3.8722413
2022-12-13 13:00:00,2.857535,3.8810205
2022-12-13 14:00:00,2.721351,3.8971336
2022-12-13 15:00:00,2.5075276,3.9095507
2022-12-13 16:00:00,2.326193,3.9167988
2022-12-13 17:00:00,2.240878,3.867537
2022-12-13 18:00:00,2.274192,3.9420242
2022-12-13 19:00:00,2.9269817,3.9733214
2022-12-13 20:00:00,3.7009451,4.0122585
2022-12-13 21:00:00,4.0926948,4.058766
2022-12-13 22:00:00,4.059604,4.048793
2022-12-13 23:00:00,3.9256063,3.9315882
2022-12-14 00:00:00,3.3934639,3.9388998
2022-12-14 01:00:00,3.1731489,3.9474857
2022-12-14 02:00:00,2.8927903,3.9501407
2022-12-14 03:00:00,2.6992176,3.946638
2022-12-14 04:00:00,2.5347002,3.9494781
2022-12-14 05:00:00,2.4556513,3.8927124
2022-12-14 06:00:00,2.3210595,3.884135
2022-12-14 07:00:00,2.6584377,3.8952758
2022-12-14 08:00:00,3.516239,3.8643131
2022-12-14 09:00:00,3.5038142,3.8374832
2022-12-14 10:00:00,3.707482,3.9402916
2022-12-14 11:00:00,3.5521002,3.900811
2022-12-14 12:00:00,3.182477,3.83622
2022-12-14 13:00:00,3.0905771,3.834477
2022-12-14 14:00:00,2.7771757,3.8391204
2022-12-14 15:00:00,2.554743,3.901616
2022-12-14 16:00:00,2.4742758,3.8432562
2022-12-14 17:00:00,2.39399,3.8438792
2022-12-14 18:00:00,2.2632358,3.7813785
2022-12-14 19:00:00,2.6012478,3.7930765
2022-12-14 20:00:00,3.621489,3.9463449
2022-12-14 21:00:00,3.8227003,3.957219
2022-12-14 22:00:00,4.012201,3.9694924
2022-12-14 23:00:00,3.9422948,3.8617845
2022-12-15 00:00:00,3.4585571,3.7811897
2022-12-15 01:00:00,3.2358208,3.7096145
2022-12-15 02:00:00,2.9146736,3.7714505
2022-12-15 03:00:00,2.7095406,3.7685146
2022-12-15 04:00:00,2.5628304,3.7634964
2022-12-15 05:00:00,2.4546118,3.7643247
2022-12-15 06:00:00,2.3229866,3.7636852
2022-12-15 07:00:00,2.478702,3.771662
2022-12-15 08:00:00,2.7428355,3.7711577
2022-12-15 09:00:00,2.780928,3.7337012
2022-12-15 10:00:00,2.9967964,3.723756
2022-12-15 11:00:00,3.2194467,3.744683
2022-12-15 12:00:00,3.2810204,3.8275352
2022-12-15 13:00:00,2.9157917,3.8026028
2022-12-15 14:00:00,2.5365252,3.7313976
2022-12-15 15:00:00,2.379468,3.8071108
2022-12-15 16:00:00,2.375558,3.8291109
2022-12-15 17:00:00,2.2476745,3.8364813
2022-12-15 18:00:00,2.0965118,3.841215
2022-12-15 19:00:00,2.1136796,3.8458614
2022-12-15 20:00:00,2.6305861,3.748365
2022-12-15 21:00:00,3.189025,3.8796418
2022-12-15 22:00:00,3.629003,3.9305344
2022-12-15 23:00:00,3.7168143,3.8663654
2022-12-16 00:00:00,3.7649982,3.9093072
2022-12-16 01:00:00,3.2372866,3.8671913
2022-12-16 02:00:00,3.0987449,3.8671548
2022-12-16 03:00:00,2.7189472,3.8653123
2022-12-16 04:00:00,2.58603,3.858245
2022-12-16 05:00:00,2.4438286,3.8594854
2022-12-16 06:00:00,2.258029,3.8536162
2022-12-16 07:00:00,2.1126616,3.6792562
2022-12-16 08:00:00,2.4493132,3.856619
2022-12-16 09:00:00,2.5712006,3.8468504
2022-12-16 10:00:00,2.9936407,3.843081
2022-12-16 11:00:00,3.1981726,3.8494225
2022-12-16 12:00:00,3.3102365,3.8617325
2022-12-16 13:00:00,3.1053133,3.8293307
2022-12-16 14:00:00,3.0263062,3.8319733
2022-12-16 15:00:00,2.901445,3.8367834
2022-12-16 16:00:00,2.627919,3.845184
2022-12-16 17:00:00,2.5508378,3.7913818
2022-12-16 18:00:00,2.463995,3.7935858
2022-12-16 19:00:00,2.4556494,3.8169067
2022-12-16 20:00:00,2.4947321,3.8176973
2022-12-16 21:00:00,2.609054,3.8728242
2022-12-16 22:00:00,3.5395954,3.864075
2022-12-16 23:00:00,3.8334355,3.8804965
2022-12-17 00:00:00,3.9900212,3.8940659
2022-12-17 01:00:00,3.8678527,3.8539824
2022-12-17 02:00:00,3.2509933,3.8149583
2022-12-17 03:00:00,3.103113,3.8179688
2022-12-17 04:00:00,2.963997,3.7499123
2022-12-17 05:00:00,2.8158934,3.7494614
2022-12-17 06:00:00,2.6247818,3.752742
2022-12-17 07:00:00,2.4946055,3.7521026
2022-12-17 08:00:00,2.4402955,3.7565553
2022-12-17 09:00:00,2.6534777,3.7655716
2022-12-17 10:00:00,2.6159806,3.7417867
2022-12-17 11:00:00,2.495776,3.7124321
2022-12-17 12:00:00,2.9580264,3.7410932
2022-12-17 13:00:00,3.2327132,3.773118
2022-12-17 14:00:00,3.2977257,3.7838852
2022-12-17 15:00:00,2.7408676,3.735405
2022-12-17 16:00:00,2.5093539,3.735663
2022-12-17 17:00:00,2.4197102,3.7561965
2022-12-17 18:00:00,2.3771987,3.772189
2022-12-17 19:00:00,2.2025905,3.7760754
2022-12-17 20:00:00,2.3719807,3.6682928
2022-12-17 21:00:00,2.1023185,3.778066
2022-12-17 22:00:00,2.1897113,3.7905939
2022-12-17 23:00:00,2.5116496,3.7226555
2022-12-18 00:00:00,3.184743,3.7217448
2022-12-18 01:00:00,3.4094362,3.7992947
2022-12-18 02:00:00,3.515329,3.8148823
2022-12-18 03:00:00,2.9698274,3.764671
2022-12-18 04:00:00,2.7442667,3.7487264
2022-12-18 05:00:00,2.3524551,3.7590454
2022-12-18 06:00:00,2.3465986,3.7694716
2022-12-18 07:00:00,2.1528215,3.7762537
2022-12-18 08:00:00,2.033937,3.787299
2022-12-18 09:00:00,1.8974857,3.7907748
2022-12-18 10:00:00,1.902134,3.7922828
2022-12-18 11:00:00,2.1920407,3.7831264
2022-12-18 12:00:00,2.7217488,3.765301
2022-12-18 13:00:00,2.957063,3.7469523
2022-12-18 14:00:00,3.0842395,3.753027
2022-12-18 15:00:00,3.256885,3.779233
2022-12-18 16:00:00,3.114328,3.8382814
2022-12-18 17:00:00,2.6873078,3.83157
2022-12-18 18:00:00,2.4981492,3.8024223
2022-12-18 19:00:00,2.3328936,3.8688326
2022-12-18 20:00:00,2.2241461,3.8811584
2022-12-18 21:00:00,2.1271875,3.8848119
2022-12-18 22:00:00,1.9939107,3.8857977
2022-12-18 23:00:00,1.9148779,3.8507638
2022-12-19 00:00:00,2.851052,3.6060529
2022-12-19 01:00:00,3.1335013,3.8196774
2022-12-19 02:00:00,3.4301398,3.915857
2022-12-19 03:00:00,3.5429156,3.9109542
2022-12-19 04:00:00,2.937638,3.8339674
2022-12-19 05:00:00,2.6961198,3.8218615
2022-12-19 06:00:00,2.3736343,3.8403726
2022-12-19 07:00:00,2.2387934,3.8627965
2022-12-19 08:00:00,2.0959864,3.8160348
2022-12-19 09:00:00,2.0356994,3.797234
2022-12-19 10:00:00,1.9170963,3.849072
2022-12-19 11:00:00,2.0265923,3.8507953
2022-12-19 12:00:00,2.1943448,3.8263266
2022-12-19 13:00:00,2.7357442,3.843127
2022-12-19 14:00:00,3.0754852,3.728239
2022-12-19 15:00:00,3.2139351,3.6813908
2022-12-19 16:00:00,3.4211667,3.6535332
2022-12-19 17:00:00,3.3837812,3.6607666
2022-12-19 18:00:00,2.7943447,3.694213
2022-12-19 19:00:00,2.5395315,3.695476
2022-12-19 20:00:00,2.3074493,3.6361656
2022-12-19 21:00:00,2.2044134,3.6197832
2022-12-19 22:00:00,2.010206,3.5985272
2022-12-19 23:00:00,1.7984707,3.5811331
2022-12-20 00:00:00,1.9509302,3.558725
2022-12-20 01:00:00,2.3401337,3.522082
2022-12-20 02:00:00,3.1325467,3.5360074
2022-12-20 03:00:00,3.5683224,3.578692
2022-12-20 04:00:00,3.4945982,3.5648737
2022-12-20 05:00:00,3.3561387,3.5228906
2022-12-20 06:00:00,2.8735423,3.4573061
2022-12-20 07:00:00,2.7123818,3.4634597
2022-12-20 08:00:00,2.385364,3.4670026
2022-12-20 09:00:00,2.2580116,3.4728205
2022-12-20 10:00:00,2.0773523,3.4832878
2022-12-20 11:00:00,1.9889637,3.4812038
2022-12-20 12:00:00,1.8710947,3.4796193
2022-12-20 13:00:00,2.3409858,3.4358237
2022-12-20 14:00:00,3.1814225,3.5362663
2022-12-20 15:00:00,3.6731606,3.6041522
2022-12-20 16:00:00,3.7851145,3.6094785
2022-12-20 17:00:00,3.8146157,3.5757174
2022-12-20 18:00:00,3.522848,3.495559
2022-12-20 19:00:00,3.1531758,3.4633758
2022-12-20 20:00:00,2.9158494,3.4557579
2022-12-20 21:00:00,2.7175856,3.4531953
2022-12-20 22:00:00,2.5015967,3.4480186
2022-12-20 23:00:00,2.3273027,3.3880956
2022-12-21 00:00:00,2.169397,3.4489107
2022-12-21 01:00:00,2.2235525,3.464908
2022-12-21 02:00:00,2.9995677,3.5224009
2022-12-21 03:00:00,3.6605408,3.5869746
2022-12-21 04:00:00,3.8077495,3.5969043
2022-12-21 05:00:00,3.7432728,3.5608535
2022-12-21 06:00:00,3.4151247,3.4599848
2022-12-21 07:00:00,3.0374596,3.3951893
2022-12-21 08:00:00,2.784121,3.391213
2022-12-21 09:00:00,2.6020875,3.3472555
2022-12-21 10:00:00,2.4004908,3.3581095
2022-12-21 11:00:00,2.2166424,3.3099358
2022-12-21 12:00:00,2.1033704,3.3055053
2022-12-21 13:00:00,2.160469,3.3126915
2022-12-21 14:00:00,2.5246608,3.407539
2022-12-21 15:00:00,3.443532,3.4167094
2022-12-21 16:00:00,3.6734898,3.4227982
2022-12-21 17:00:00,3.8345728,3.4496646
2022-12-21 18:00:00,3.7705534,3.3164003
2022-12-21 19:00:00,3.2849102,3.520028
2022-12-21 20:00:00,3.1107175,3.4186723
2022-12-21 21:00:00,2.877361,3.3172672
2022-12-21 22:00:00,2.5088968,3.2976584
2022-12-21 23:00:00,2.3484702,3.3195188
2022-12-22 00:00:00,2.179081,3.3359323
2022-12-22 01:00:00,2.089013,3.2772958
2022-12-22 02:00:00,2.1736813,3.3429916
2022-12-22 03:00:00,3.0371687,3.3545897
2022-12-22 04:00:00,3.6055963,3.4864585
2022-12-22 05:00:00,3.9003937,3.651024
2022-12-22 06:00:00,3.8288646,3.5196471
2022-12-22 07:00:00,3.2607448,3.418026
2022-12-22 08:00:00,2.981422,3.310761
2022-12-22 09:00:00,2.761211,3.314804
2022-12-22 10:00:00,2.4922466,3.3224704
2022-12-22 11:00:00,2.3586638,3.272127
2022-12-22 12:00:00,2.1836548,3.2704706
2022-12-22 13:00:00,2.0034795,3.2223516
2022-12-22 14:00:00,2.001622,3.2823017
2022-12-22 15:00:00,2.953656,3.3126836
2022-12-22 16:00:00,3.6882284,3.4560075
2022-12-22 17:00:00,3.8753493,3.3951216
2022-12-22 18:00:00,3.9737823,3.3871305
2022-12-22 19:00:00,3.8894477,3.56293
2022-12-22 20:00:00,3.3450387,3.5795631
2022-12-22 21:00:00,2.8761637,3.3559453
2022-12-22 22:00:00,2.5806386,3.2807927
2022-12-22 23:00:00,2.4240234,3.293246
2022-12-23 00:00:00,2.2481196,3.318597
2022-12-23 01:00:00,2.0602798,3.2654662
2022-12-23 02:00:00,1.9683474,3.2667377
2022-12-23 03:00:00,2.2706356,3.3578954
2022-12-23 04:00:00,2.483681,3.3593144
2022-12-23 05:00:00,3.3323019,3.4444168
2022-12-23 06:00:00,3.6465495,3.4334393
2022-12-23 07:00:00,3.7377024,3.4219227
2022-12-23 08:00:00,3.4648929,3.3263845
2022-12-23 09:00:00,2.8567874,3.3134725
2022-12-23 10:00:00,2.6569247,3.2286434
2022-12-23 11:00:00,2.4085722,3.2508245
2022-12-23 12:00:00,2.2103443,3.2608597
2022-12-23 13:00:00,2.0805387,3.276788
2022-12-23 14:00:00,1.8934822,3.27876
2022-12-23 15:00:00,1.8756574,3.1827633
2022-12-23 16:00:00,2.3628511,3.2951627
2022-12-23 17:00:00,3.506798,3.4089599
2022-12-23 18:00:00,3.9284546,3.4142826
2022-12-23 19:00:00,4.181219,3.5262814
2022-12-23 20:00:00,3.9509673,3.7296433
2022-12-23 21:00:00,3.4367654,3.5622473
2022-12-23 22:00:00,2.9695277,3.3615606
2022-12-23 23:00:00,2.683271,3.302477
2022-12-24 00:00:00,2.4824061,3.299685
2022-12-24 01:00:00,2.3189473,3.2660012
2022-12-24 02:00:00,2.1331758,3.334023
2022-12-24 03:00:00,1.9510005,3.2766297
2022-12-24 04:00:00,2.1018734,3.2887278
2022-12-24 05:00:00,2.9715955,3.3472874
2022-12-24 06:00:00,3.6088624,3.43508
2022-12-24 07:00:00,3.8723962,3.4901211
2022-12-24 08:00:00,3.6812644,3.2989464
2022-12-24 09:00:00,3.1193478,3.2599056
2022-12-24 10:00:00,2.769395,3.2413523
2022-12-24 11:00:00,2.4300678,3.2340353
2022-12-24 12:00:00,2.2890723,3.235969
2022-12-24 13:00:00,2.1349967,3.2038937
2022-12-24 14:00:00,1.9887629,3.2078805
2022-12-24 15:00:00,1.8061987,3.2029586
2022-12-24 16:00:00,1.9305383,3.2715385
2022-12-24 17:00:00,3.198499,3.3168478
2022-12-24 18:00:00,3.649471,3.3997045
2022-12-24 19:00:00,4.0637074,3.4442077
2022-12-24 20:00:00,4.103899,3.6460743
2022-12-24 21:00:00,3.7421196,3.657219
2022-12-24 22:00:00,3.2252367,3.5858383
2022-12-24 23:00:00,2.8525145,3.3571944
2022-12-25 00:00:00,2.5720072,3.262677
2022-12-25 01:00:00,2.4078443,3.256959
2022-12-25 02:00:00,2.1466856,3.2729812
2022-12-25 03:00:00,2.02311,3.2777271
2022-12-25 04:00:00,1.8715229,3.2760296
2022-12-25 05:00:00,2.4061596,3.3207896
2022-12-25 06:00:00,3.2740405,3.3859093
2022-12-25 07:00:00,3.4741092,3.4113245
2022-12-25 08:00:00,3.6809816,3.4466584
2022-12-25 09:00:00,3.609419,3.3696694
2022-12-25 10:00:00,3.0667627,3.2470217
2022-12-25 11:00:00,2.6660776,3.2265506
2022-12-25 12:00:00,2.4325094,3.230139
2022-12-25 13:00:00,2.2935987,3.2074208
2022-12-25 14:00:00,2.139856,3.2567751
2022-12-25 15:00:00,1.9589003,3.2225142
2022-12-25 16:00:00,1.8635793,3.2173495
2022-12-25 17:00:00,2.004213,3.2297738
2022-12-25 18:00:00,3.2317202,3.390878
2022-12-25 19:00:00,3.7122004,3.357241
2022-12-25 20:00:00,4.2180347,3.5646298
2022-12-25 21:00:00,4.267244,3.9299266
2022-12-25 22:00:00,3.7834182,3.7875376
2022-12-25 23:00:00,3.1930609,3.6151073
2022-12-26 00:00:00,2.9704022,3.4868104
2022-12-26 01:00:00,2.7221026,3.3713386
2022-12-26 02:00:00,2.5367699,3.3355787
2022-12-26 03:00:00,2.3329859,3.3438075
2022-12-26 04:00:00,2.2061284,3.353368
2022-12-26 05:00:00,2.041441,3.3172576
2022-12-26 06:00:00,2.775696,3.3434043
2022-12-26 07:00:00,3.6733692,3.4633822
2022-12-26 08:00:00,3.8823152,3.5125966
2022-12-26 09:00:00,3.6928115,3.4243531
2022-12-26 10:00:00,3.524885,3.4873617
2022-12-26 11:00:00,3.0610075,3.441305
2022-12-26 12:00:00,2.7169285,3.305657
2022-12-26 13:00:00,2.5506597,3.2970707
2022-12-26 14:00:00,2.445677,3.3129265
2022-12-26 15:00:00,2.2766466,3.2594965
2022-12-26 16:00:00,2.0922801,3.250447
2022-12-26 17:00:00,2.0461643,3.2645228
2022-12-26 18:00:00,2.5205855,3.3101392
2022-12-26 19:00:00,3.7223938,3.4560292
2022-12-26 20:00:00,4.0172167,3.5183887
2022-12-26 21:00:00,4.2256565,3.6248178
2022-12-26 22:00:00,4.152673,3.8539772
2022-12-26 23:00:00,3.6878781,3.8470473
2022-12-27 00:00:00,3.2486408,3.6553392
2022-12-27 01:00:00,3.0086477,3.4302666
2022-12-27 02:00:00,2.7988133,3.3540382
2022-12-27 03:00:00,2.4984627,3.316524
2022-12-27 04:00:00,2.3348436,3.3185608
2022-12-27 05:00:00,2.1694052,3.3158872
2022-12-27 06:00:00,2.1483486,3.3497307
2022-12-27 07:00:00,2.9648824,3.4365516
2022-12-27 08:00:00,3.4916701,3.4158225
2022-12-27 09:00:00,3.6344821,3.4428456
2022-12-27 10:00:00,3.7697816,3.3446047
2022-12-27 11:00:00,3.5077062,3.4658413
2022-12-27 12:00:00,2.9501772,3.415728
2022-12-27 13:00:00,2.7230265,3.2328224
2022-12-27 14:00:00,2.6536283,3.2105687
2022-12-27 15:00:00,2.3913178,3.218476
2022-12-27 16:00:00,2.2067318,3.2443352
2022-12-27 17:00:00,2.0727775,3.2582064
2022-12-27 18:00:00,1.976645,3.2449083
2022-12-27 19:00:00,2.5002186,3.2917447
2022-12-27 20:00:00,3.7111678,3.4451315
2022-12-27 21:00:00,4.0753307,3.533198
2022-12-27 22:00:00,4.258865,3.7875276
2022-12-27 23:00:00,4.085358,3.8784378
2022-12-28 00:00:00,3.463777,3.7444735
2022-12-28 01:00:00,3.1250534,3.540089
2022-12-28 02:00:00,2.872712,3.4290297
2022-12-28 03:00:00,2.727373,3.39052
2022-12-28 04:00:00,2.5110672,3.3265076
2022-12-28 05:00:00,2.3530848,3.3612378
2022-12-28 06:00:00,2.163119,3.361264
2022-12-28 07:00:00,2.307197,3.3822508
2022-12-28 08:00:00,2.7887788,3.4164855
2022-12-28 09:00:00,3.472709,3.42766
2022-12-28 10:00:00,3.710199,3.4647596
2022-12-28 11:00:00,3.536098,3.373604
2022-12-28 12:00:00,3.206791,3.4253726
2022-12-28 13:00:00,2.9039364,3.3595946
2022-12-28 14:00:00,2.604814,3.2153003
2022-12-28 15:00:00,2.428515,3.2453032
2022-12-28 16:00:00,2.3091013,3.2568913
2022-12-28 17:00:00,2.1820257,3.2682872
2022-12-28 18:00:00,2.0282705,3.254877
2022-12-28 19:00:00,2.1162052,3.2676175
2022-12-28 20:00:00,3.1558018,3.3740435
2022-12-28 21:00:00,3.6868813,3.4344926
2022-12-28 22:00:00,4.077344,3.443768
2022-12-28 23:00:00,4.0254855,3.6886415
2022-12-29 00:00:00,3.8957207,3.750222
2022-12-29 01:00:00,3.3670332,3.6865926
2022-12-29 02:00:00,3.1373432,3.5169299
2022-12-29 03:00:00,2.775206,3.3701434
2022-12-29 04:00:00,2.5704298,3.3340375
2022-12-29 05:00:00,2.4283175,3.313532
2022-12-29 06:00:00,2.2450209,3.3439085
2022-12-29 07:00:00,2.0985854,3.3399293
2022-12-29 08:00:00,2.6709054,3.4033637
2022-12-29 09:00:00,2.8212638,3.3181405
2022-12-29 10:00:00,3.2854264,3.3801448
2022-12-29 11:00:00,3.5251584,3.4221244
2022-12-29 12:00:00,3.5035715,3.363548
2022-12-29 13:00:00,3.0030398,3.3129864
2022-12-29 14:00:00,2.8084977,3.2948968
2022-12-29 15:00:00,2.5932257,3.2535255
2022-12-29 16:00:00,2.4675865,3.248366
2022-12-29 17:00:00,2.2976391,3.2561562
2022-12-29 18:00:00,2.1081958,3.260347
2022-12-29 19:00:00,2.0516229,3.2560122
2022-12-29 20:00:00,2.222077,3.2762408
2022-12-29 21:00:00,3.1687007,3.376546
2022-12-29 22:00:00,3.618674,3.4213927
2022-12-29 23:00:00,3.9354758,3.4750361
2022-12-30 00:00:00,3.892953,3.5796094
2022-12-30 01:00:00,3.355534,3.5841343
2022-12-30 02:00:00,3.1254017,3.456988
2022-12-30 03:00:00,2.8529515,3.2786207
2022-12-30 04:00:00,2.5804203,3.267059
2022-12-30 05:00:00,2.4332223,3.271262
2022-12-30 06:00:00,2.2664094,3.2734776
2022-12-30 07:00:00,2.0893564,3.2296479
2022-12-30 08:00:00,2.0747905,3.2565649
2022-12-30 09:00:00,2.561894,3.2393699
2022-12-30 10:00:00,3.1878316,3.2826278
2022-12-30 11:00:00,2.9927056,3.2390544
2022-12-30 12:00:00,3.373042,3.367272
2022-12-30 13:00:00,3.3843863,3.2382123
2022-12-30 14:00:00,3.1560545,3.321262
2022-12-30 15:00:00,2.892301,3.2919261
2022-12-30 16:00:00,2.469769,3.2264345
2022-12-30 17:00:00,2.4291296,3.2265537
2022-12-30 18:00:00,2.2759523,3.2440863
2022-12-30 19:00:00,2.1007476,3.250793
2022-12-30 20:00:00,2.054805,3.2482915
2022-12-30 21:00:00,2.1990728,3.2679508
2022-12-30 22:00:00,3.0963776,3.3598902
2022-12-30 23:00:00,3.6475732,3.4218397
2022-12-31 00:00:00,3.781326,3.3628826
2022-12-31 01:00:00,3.6813178,3.444689
2022-12-31 02:00:00,3.1977386,3.4032636
2022-12-31 03:00:00,2.9917693,3.380365
2022-12-31 04:00:00,2.7971804,3.300139
2022-12-31 05:00:00,2.531302,3.2537882
2022-12-31 06:00:00,2.3613827,3.2511723
2022-12-31 07:00:00,2.1884933,3.256117
2022-12-31 08:00:00,2.1108599,3.2602432
2022-12-31 09:00:00,2.266197,3.2248857
2022-12-31 10:00:00,2.4242754,3.2573996
2022-12-31 11:00:00,2.9054875,3.2996278
2022-12-31 12:00:00,2.9267054,3.2949595
2022-12-31 13:00:00,3.09653,3.317699
2022-12-31 14:00:00,3.3961184,3.1880858
2022-12-31 15:00:00,3.165459,3.2579877
2022-12-31 16:00:00,2.8632994,3.2464833
2022-12-31 17:00:00,2.66318,3.2340531
2022-12-31 18:00:00,2.455412,3.2323391
2022-12-31 19:00:00,2.283843,3.2389746
2022-12-31 20:00:00,2.185801,3.2500656
2022-12-31 21:00:00,2.140897,3.2644339
2022-12-31 22:00:00,2.301253,3.2207072
2022-12-31 23:00:00,2.9939969,3.3319504
2023-01-01 00:00:00,3.4396305,3.3720157
2023-01-01 01:00:00,3.349789,3.354606
2023-01-01 02:00:00,3.6034365,3.3605044
2023-01-01 03:00:00,3.2274392,3.334778
2023-01-01 04:00:00,2.9474473,3.2978837
2023-01-01 05:00:00,2.6683955,3.2465298
2023-01-01 06:00:00,2.4603777,3.2375786
2023-01-01 07:00:00,2.2884967,3.2418804
2023-01-01 08:00:00,2.1150043,3.2426958
2023-01-01 09:00:00,2.0473938,3.2557733
2023-01-01 10:00:00,2.151519,3.2666707
2023-01-01 11:00:00,2.288534,3.2644892
2023-01-01 12:00:00,2.7177322,3.2765918
2023-01-01 13:00:00,2.9480724,3.2953644
2023-01-01 14:00:00,3.2985137,3.3456962
2023-01-01 15:00:00,3.3635979,3.2486448
2023-01-01 16:00:00,3.327427,3.2268832
2023-01-01 17:00:00,2.9574971,3.2649117
2023-01-01 18:00:00,2.6518064,3.2485254
2023-01-01 19:00:00,2.5050352,3.2102954
2023-01-01 20:00:00,2.3671181,3.205726
2023-01-01 21:00:00,2.1940253,3.252832
2023-01-01 22:00:00,2.1194978,3.2599072
2023-01-01 23:00:00,2.1338418,3.2640343
2023-01-02 00:00:00,2.735752,3.3009207
2023-01-02 01:00:00,3.3586574,3.2863975
2023-01-02 02:00:00,3.4734724,3.3678424
2023-01-02 03:00:00,3.4137056,3.3423533
2023-01-02 04:00:00,3.2636712,3.2729042
2023-01-02 05:00:00,2.8607798,3.232197
2023-01-02 06:00:00,2.5819364,3.2233179
2023-01-02 07:00:00,2.4452796,3.2037709
2023-01-02 08:00:00,2.2241406,3.199924
2023-01-02 09:00:00,2.1014879,3.2010489
2023-01-02 10:00:00,1.9674435,3.204701
2023-01-02 11:00:00,1.975446,3.208047
2023-01-02 12:00:00,2.1864374,3.2124074
2023-01-02 13:00:00,2.7066765,3.2375622
2023-01-02 14:00:00,3.0417137,3.2606547
2023-01-02 15:00:00,3.48482,3.3103504
2023-01-02 16:00:00,3.4689212,3.2602305
2023-01-02 17:00:00,3.4334018,3.2238293
2023-01-02 18:00:00,3.0331607,3.3001323
2023-01-02 19:00:00,2.843342,3.309941
2023-01-02 20:00:00,2.5849688,3.22817
2023-01-02 21:00:00,2.4085407,3.231633
2023-01-02 22:00:00,2.237519,3.2406845
2023-01-02 23:00:00,2.1766384,3.2472892
2023-01-03 00:00:00,2.1350672,3.2504802
2023-01-03 01:00:00,2.53785,3.2187915
2023-01-03 02:00:00,3.1099913,3.2290072
2023-01-03 03:00:00,3.296226,3.255933
2023-01-03 04:00:00,3.4315946,3.2741313
2023-01-03 05:00:00,3.2955782,3.3012087
2023-01-03 06:00:00,2.8453324,3.2342813
2023-01-03 07:00:00,2.6838074,3.2057157
2023-01-03 08:00:00,2.4499016,3.2006104
2023-01-03 09:00:00,2.3099685,3.196298
2023-01-03 10:00:00,2.1296434,3.189691
2023-01-03 11:00:00,1.9724517,3.1850934
2023-01-03 12:00:00,2.0227823,3.1888645
2023-01-03 13:00:00,2.1786942,3.2028918
2023-01-03 14:00:00,2.7177556,3.233262
2023-01-03 15:00:00,3.186898,3.2730994
2023-01-03 16:00:00,3.5817997,3.3271167
2023-01-03 17:00:00,3.6271966,3.3634872
2023-01-03 18:00:00,3.482302,3.4499063
2023-01-03 19:00:00,3.1198018,3.3184004
2023-01-03 20:00:00,2.836045,3.2382889
2023-01-03 21:00:00,2.5350728,3.2314942
2023-01-03 22:00:00,2.4073288,3.2353413
2023-01-03 23:00:00,2.252249,3.241891
2023-01-04 00:00:00,2.0635304,3.2113903
2023-01-04 01:00:00,2.0834987,3.2436755
2023-01-04 02:00:00,2.4972086,3.2832458
2023-01-04 03:00:00,3.0781484,3.3282154
2023-01-04 04:00:00,3.1414998,3.247748
2023-01-04 05:00:00,3.2782984,3.2509112
2023-01-04 06:00:00,3.198929,3.2732224
2023-01-04 07:00:00,2.882395,3.2325363
2023-01-04 08:00:00,2.6317852,3.2024639
2023-01-04 09:00:00,2.4207473,3.1967812
2023-01-04 10:00:00,2.2985938,3.193382
2023-01-04 11:00:00,2.1221704,3.1973267
2023-01-04 12:00:00,1.9279827,3.2522757
2023-01-04 13:00:00,1.8726904,3.2589126
2023-01-04 14:00:00,2.1672578,3.2244442
2023-01-04 15:00:00,3.0011714,3.3309524
2023-01-04 16:00:00,3.4369593,3.3904316
2023-01-04 17:00:00,3.6717072,3.1955903
2023-01-04 18:00:00,3.6728656,3.4279573
2023-01-04 19:00:00,3.318781,3.5131955
2023-01-04 20:00:00,3.0285003,3.4469233
2023-01-04 21:00:00,2.9140549,3.3042622
2023-01-04 22:00:00,2.6460824,3.2985487
2023-01-04 23:00:00,2.4195213,3.2578025
2023-01-05 00:00:00,2.2438397,3.2606318
2023-01-05 01:00:00,2.0853071,3.2589953
2023-01-05 02:00:00,2.0133843,3.2011096
2023-01-05 03:00:00,2.531783,3.2577376
2023-01-05 04:00:00,3.227937,3.3684893
2023-01-05 05:00:00,3.20853,3.3568037
2023-01-05 06:00:00,3.376422,3.2825904
2023-01-05 07:00:00,3.3154802,3.240083
2023-01-05 08:00:00,2.9158194,3.2363453
2023-01-05 09:00:00,2.595049,3.22471
2023-01-05 10:00:00,2.4022813,3.2210178
2023-01-05 11:00:00,2.2956953,3.232797
2023-01-05 12:00:00,2.1229317,3.1929936
2023-01-05 13:00:00,1.996409,3.1962411
2023-01-05 14:00:00,1.958852,3.2074676
2023-01-05 15:00:00,2.361701,3.1779249
2023-01-05 16:00:00,3.081064,3.3393087
2023-01-05 17:00:00,3.867823,3.4085305
2023-01-05 18:00:00,3.9010515,3.365752
2023-01-05 19:00:00,3.8421333,3.620978
2023-01-05 20:00:00,3.308751,3.6378562
2023-01-05 21:00:00,3.1507628,3.5171058
2023-01-05 22:00:00,2.932222,3.3529031
2023-01-05 23:00:00,2.6741214,3.301103
2023-01-06 00:00:00,2.4322631,3.3066564
2023-01-06 01:00:00,2.2528896,3.2808266
2023-01-06 02:00:00,2.1660607,3.2810676
2023-01-06 03:00:00,2.2772586,3.2484076
2023-01-06 04:00:00,2.62273,3.2809877
2023-01-06 05:00:00,3.2713034,3.379674
2023-01-06 06:00:00,3.4628825,3.419561
2023-01-06 07:00:00,3.5027258,3.388976
2023-01-06 08:00:00,3.282677,3.2890775
2023-01-06 09:00:00,2.9239235,3.252662
2023-01-06 10:00:00,2.6013932,3.238856
2023-01-06 11:00:00,2.4176443,3.2344708
2023-01-06 12:00:00,2.3041644,3.2329414
2023-01-06 13:00:00,2.131851,3.2408812
2023-01-06 14:00:00,2.0674145,3.2008004
2023-01-06 15:00:00,1.9259987,3.2476134
2023-01-06 16:00:00,2.697251,3.2594323
2023-01-06 17:00:00,3.4972715,3.4065588
2023-01-06 18:00:00,3.942272,3.4123502
2023-01-06 19:00:00,3.999771,3.4548154
2023-01-06 20:00:00,3.8458326,3.5967245
2023-01-06 21:00:00,3.2324693,3.5397658
2023-01-06 22:00:00,3.036701,3.437074
2023-01-06 23:00:00,2.691317,3.3057058
2023-01-07 00:00:00,2.494436,3.2619803
2023-01-07 01:00:00,2.3458188,3.2666063
2023-01-07 02:00:00,2.1498957,3.2741497
2023-01-07 03:00:00,2.023242,3.2661572
2023-01-07 04:00:00,2.440954,3.2874932
2023-01-07 05:00:00,2.758172,3.2961
2023-01-07 06:00:00,3.2092464,3.3494177
2023-01-07 07:00:00,3.3777323,3.380263
2023-01-07 08:00:00,3.4519477,3.3572662
2023-01-07 09:00:00,3.131325,3.2637722
2023-01-07 10:00:00,2.8428829,3.2408628
2023-01-07 11:00:00,2.5276847,3.231315
2023-01-07 12:00:00,2.3483431,3.230839
2023-01-07 13:00:00,2.2120154,3.2044296
2023-01-07 14:00:00,2.085228,3.2079728
2023-01-07 15:00:00,1.9134574,3.2553647
2023-01-07 16:00:00,1.9079895,3.2659166
2023-01-07 17:00:00,3.0169647,3.3603861
2023-01-07 18:00:00,3.7723823,3.4691591
2023-01-07 19:00:00,4.0454593,3.4255338
2023-01-07 20:00:00,3.9911208,3.6674957
2023-01-07 21:00:00,3.5523093,3.6767514
2023-01-07 22:00:00,3.18561,3.578799
2023-01-07 23:00:00,3.0090504,3.4951062
2023-01-08 00:00:00,2.6913974,3.3595786
2023-01-08 01:00:00,2.4775233,3.325104
2023-01-08 02:00:00,2.3231585,3.3475785
2023-01-08 03:00:00,2.230406,3.3593519
2023-01-08 04:00:00,2.1520076,3.3074467
2023-01-08 05:00:00,2.7808437,3.3207402
2023-01-08 06:00:00,3.4523492,3.402904
2023-01-08 07:00:00,3.4077528,3.4856846
2023-01-08 08:00:00,3.5522254,3.4162204
2023-01-08 09:00:00,3.465859,3.3357599
2023-01-08 10:00:00,2.981129,3.2745225
2023-01-08 11:00:00,2.680599,3.2550113
2023-01-08 12:00:00,2.5090952,3.251036
2023-01-08 13:00:00,2.3881357,3.2449768
2023-01-08 14:00:00,2.1567423,3.2381663
2023-01-08 15:00:00,2.0058136,3.2486506
2023-01-08 16:00:00,1.9740417,3.2582502
2023-01-08 17:00:00,2.3113437,3.287239
2023-01-08 18:00:00,3.372403,3.3959746
2023-01-08 19:00:00,4.040003,3.4327157
2023-01-08 20:00:00,3.9962363,3.5405223
2023-01-08 21:00:00,3.8938031,3.7855027
2023-01-08 22:00:00,3.2561042,3.6842794
2023-01-08 23:00:00,3.121748,3.5842135
2023-01-09 00:00:00,2.7622323,3.3654454
2023-01-09 01:00:00,2.5710082,3.323984
2023-01-09 02:00:00,2.3529625,3.3425207
2023-01-09 03:00:00,2.2334993,3.3062377
2023-01-09 04:00:00,2.168335,3.3023486
2023-01-09 05:00:00,2.3865032,3.3033211
2023-01-09 06:00:00,2.622617,3.298573
2023-01-09 07:00:00,3.2825906,3.314695
2023-01-09 08:00:00,3.5201972,3.3576217
2023-01-09 09:00:00,3.6718292,3.4307299
2023-01-09 10:00:00,3.178052,3.2875898
2023-01-09 11:00:00,2.8409948,3.2492533
2023-01-09 12:00:00,2.6140723,3.1749218
2023-01-09 13:00:00,2.3709652,3.2008398
2023-01-09 14:00:00,2.293446,3.198278
2023-01-09 15:00:00,2.1538403,3.1916273
2023-01-09 16:00:00,1.9890932,3.2339625
2023-01-09 17:00:00,2.0535488,3.1886477
2023-01-09 18:00:00,3.0021203,3.2670825
2023-01-09 19:00:00,3.7588875,3.3781397
2023-01-09 20:00:00,4.1519494,3.4410746
2023-01-09 21:00:00,4.1774926,3.8010204
2023-01-09 22:00:00,3.9206982,3.8006144
2023-01-09 23:00:00,3.3563106,3.7146127
2023-01-10 00:00:00,3.1872945,3.5618284
2023-01-10 01:00:00,2.853775,3.4093068
2023-01-10 02:00:00,2.6510365,3.3806472
2023-01-10 03:00:00,2.4302053,3.3578017
2023-01-10 04:00:00,2.3313966,3.3586397
2023-01-10 05:00:00,2.2085292,3.3578014
2023-01-10 06:00:00,2.9109669,3.4122396
2023-01-10 07:00:00,3.5985355,3.5161924
2023-01-10 08:00:00,4.056403,3.5350802
2023-01-10 09:00:00,3.8507137,3.5308323
2023-01-10 10:00:00,3.515097,3.350829
2023-01-10 11:00:00,3.209067,3.3086014
2023-01-10 12:00:00,2.9215374,3.3325574
2023-01-10 13:00:00,2.7471945,3.328577
2023-01-10 14:00:00,2.5433602,3.368292
2023-01-10 15:00:00,2.3683865,3.4593801
2023-01-10 16:00:00,2.2075832,3.465745
2023-01-10 17:00:00,2.1812973,3.4715915
2023-01-10 18:00:00,2.6457472,3.5266328
2023-01-10 19:00:00,3.4835289,3.6020887
2023-01-10 20:00:00,4.028083,3.6924665
2023-01-10 21:00:00,4.202962,3.7892675
2023-01-10 22:00:00,3.9848375,3.6768255
2023-01-10 23:00:00,3.4520366,3.5675159
2023-01-11 00:00:00,3.1926498,3.6395273
2023-01-11 01:00:00,2.849335,3.6533797
2023-01-11 02:00:00,2.6669943,3.599582
2023-01-11 03:00:00,2.529896,3.6174521
2023-01-11 04:00:00,2.3541837,3.6241565
2023-01-11 05:00:00,2.2801032,3.6284947
2023-01-11 06:00:00,2.5423596,3.5906892
2023-01-11 07:00:00,3.0006168,3.6007607
2023-01-11 08:00:00,3.4504628,3.630616
2023-01-11 09:00:00,3.617664,3.6660793
2023-01-11 10:00:00,3.5643225,3.6352997
2023-01-11 11:00:00,3.1723366,3.6266525
2023-01-11 12:00:00,2.9422,3.6032972
2023-01-11 13:00:00,2.7372541,3.6067016
2023-01-11 14:00:00,2.5382695,3.6168215
2023-01-11 15:00:00,2.388914,3.62228
2023-01-11 16:00:00,2.214695,3.622477
2023-01-11 17:00:00,2.0486314,3.6273549
2023-01-11 18:00:00,2.1984665,3.642593
2023-01-11 19:00:00,3.121362,3.7066
2023-01-11 20:00:00,3.7217054,3.7584739
2023-01-11 21:00:00,4.131385,3.837094
2023-01-11 22:00:00,4.083209,3.8712692
2023-01-11 23:00:00,3.8661988,3.7096906
2023-01-12 00:00:00,3.2955718,3.6995106
2023-01-12 01:00:00,3.049135,3.7122943
2023-01-12 02:00:00,2.7861266,3.7103806
2023-01-12 03:00:00,2.584876,3.7126114
2023-01-12 04:00:00,2.4228117,3.663677
2023-01-12 05:00:00,2.260046,3.7186174
2023-01-12 06:00:00,2.1680691,3.7327838
2023-01-12 07:00:00,2.876698,3.7091904
2023-01-12 08:00:00,3.5210774,3.7395787
2023-01-12 09:00:00,3.532382,3.7241225
2023-01-12 10:00:00,3.7838767,3.764141
2023-01-12 11:00:00,3.5175092,3.6919382
2023-01-12 12:00:00,3.121139,3.699911
2023-01-12 13:00:00,2.9234703,3.6981678
2023-01-12 14:00:00,2.6724434,3.712033
2023-01-12 15:00:00,2.535151,3.720771
2023-01-12 16:00:00,2.3010364,3.7270725
2023-01-12 17:00:00,2.1902797,3.7314825
2023-01-12 18:00:00,2.1563323,3.7299106
2023-01-12 19:00:00,2.5769615,3.7535968
2023-01-12 20:00:00,3.6458538,3.775496
2023-01-12 21:00:00,4.031782,3.820648
2023-01-12 22:00:00,4.0444837,3.8193855
2023-01-12 23:00:00,3.8838077,3.8183913
2023-01-13 00:00:00,3.3750591,3.7339048
2023-01-13 01:00:00,3.2485435,3.7410786
2023-01-13 02:00:00,2.9632442,3.7312794
2023-01-13 03:00:00,2.702558,3.6692681
2023-01-13 04:00:00,2.5105126,3.6685958
2023-01-13 05:00:00,2.3467865,3.5387938
2023-01-13 06:00:00,2.3105927,3.6592617
2023-01-13 07:00:00,2.5849476,3.6826046
2023-01-13 08:00:00,2.8552856,3.6715784
2023-01-13 09:00:00,3.3710897,3.7042997
2023-01-13 10:00:00,3.5926735,3.7393239
2023-01-13 11:00:00,3.6078463,3.7213092
2023-01-13 12:00:00,3.2889898,3.639501
2023-01-13 13:00:00,3.0357988,3.603945
2023-01-13 14:00:00,2.7382967,3.6056683
2023-01-13 15:00:00,2.5317576,3.6200802
2023-01-13 16:00:00,2.3909285,3.634609
2023-01-13 17:00:00,2.3051956,3.653596
2023-01-13 18:00:00,2.132724,3.7115219
2023-01-13 19:00:00,2.210135,3.6662235
2023-01-13 20:00:00,3.1941326,3.7261248
2023-01-13 21:00:00,3.791236,3.783219
2023-01-13 22:00:00,3.9587421,3.8038635
2023-01-13 23:00:00,3.9380064,3.7675114
2023-01-14 00:00:00,3.767917,3.7001054
2023-01-14 01:00:00,3.292978,3.7132173
2023-01-14 02:00:00,3.1068518,3.7214174
2023-01-14 03:00:00,2.8426785,3.7161107
2023-01-14 04:00:00,2.6001155,3.713998
2023-01-14 05:00:00,2.3643823,3.6580944
2023-01-14 06:00:00,2.2659473,3.6562622
2023-01-14 07:00:00,2.2813282,3.6661758
2023-01-14 08:00:00,2.8287795,3.6918852
2023-01-14 09:00:00,3.403214,3.725362
2023-01-14 10:00:00,3.5014415,3.6518693
2023-01-14 11:00:00,3.664894,3.7501562
2023-01-14 12:00:00,3.613338,3.7917037
2023-01-14 13:00:00,3.2019167,3.7049572
2023-01-14 14:00:00,3.0977314,3.6960452
2023-01-14 15:00:00,2.9084122,3.7022054
2023-01-14 16:00:00,2.7108824,3.7087958
2023-01-14 17:00:00,2.4560692,3.6476202
2023-01-14 18:00:00,2.315994,3.6522193
2023-01-14 19:00:00,2.2881494,3.6658885
2023-01-14 20:00:00,2.6010804,3.6835046
2023-01-14 21:00:00,3.6907742,3.7941413
2023-01-14 22:00:00,4.0909023,3.8471472
2023-01-14 23:00:00,3.939032,3.787935
2023-01-15 00:00:00,3.7808504,3.7116287
2023-01-15 01:00:00,3.4135764,3.6321814
2023-01-15 02:00:00,3.3496299,3.6375444
2023-01-15 03:00:00,3.146099,3.6327715
2023-01-15 04:00:00,2.9181304,3.6311522
2023-01-15 05:00:00,2.7505407,3.6404
2023-01-15 06:00:00,2.5870874,3.6349247
2023-01-15 07:00:00,2.5298324,3.6391988
2023-01-15 08:00:00,2.6398637,3.649741
2023-01-15 09:00:00,2.9124436,3.6526883
2023-01-15 10:00:00,3.3670952,3.689715
2023-01-15 11:00:00,3.275753,3.6623945
2023-01-15 12:00:00,3.5246646,3.6219146
2023-01-15 13:00:00,3.630715,3.7010257
2023-01-15 14:00:00,3.1691525,3.6323888
2023-01-15 15:00:00,2.9331105,3.608077
2023-01-15 16:00:00,2.8188396,3.621709
2023-01-15 17:00:00,2.604776,3.6335835
2023-01-15 18:00:00,2.5033336,3.5747232
2023-01-15 19:00:00,2.333425,3.639422
2023-01-15 20:00:00,2.383303,3.5910754
2023-01-15 21:00:00,2.68382,3.5995727
2023-01-15 22:00:00,3.467035,3.6733816
2023-01-15 23:00:00,3.5674012,3.7387114
2023-01-16 00:00:00,3.7186823,3.6868207
2023-01-16 01:00:00,3.757455,3.670735
2023-01-16 02:00:00,3.1471326,3.6358614
2023-01-16 03:00:00,2.9432468,3.6114109
2023-01-16 04:00:00,2.7106526,3.6111035
2023-01-16 05:00:00,2.501728,3.6170888
2023-01-16 06:00:00,2.3232934,3.622919
2023-01-16 07:00:00,2.228395,3.6243498
2023-01-16 08:00:00,2.0901215,3.5776174
2023-01-16 09:00:00,2.2311292,3.5816455
2023-01-16 10:00:00,2.5210488,3.5964859
2023-01-16 11:00:00,2.9310386,3.5948534
2023-01-16 12:00:00,3.1301172,3.6029148
2023-01-16 13:00:00,3.3591652,3.6335397
2023-01-16 14:00:00,3.2990377,3.614168
2023-01-16 15:00:00,3.2020268,3.6672633
2023-01-16 16:00:00,2.9210434,3.650799
2023-01-16 17:00:00,2.7392867,3.641481
2023-01-16 18:00:00,2.4418867,3.6285815
2023-01-16 19:00:00,2.348396,3.637026
2023-01-16 20:00:00,2.1948152,3.5898073
2023-01-16 21:00:00,2.158476,3.587937
2023-01-16 22:00:00,2.3954778,3.6570725
2023-01-16 23:00:00,3.1632159,3.7122555
2023-01-17 00:00:00,3.5832717,3.742622
2023-01-17 01:00:00,3.6421373,3.7493064
2023-01-17 02:00:00,3.4957056,3.7033923
2023-01-17 03:00:00,2.977183,3.6241143
2023-01-17 04:00:00,2.7371826,3.6149516
2023-01-17 05:00:00,2.5329201,3.6353035
2023-01-17 06:00:00,2.4003737,3.642177
2023-01-17 07:00:00,2.233365,3.6494484
2023-01-17 08:00:00,2.1347609,3.6014318
2023-01-17 09:00:00,2.052871,3.664393
2023-01-17 10:00:00,2.2428694,3.6710405
2023-01-17 11:00:00,2.2764218,3.6566753
2023-01-17 12:00:00,2.7935128,3.593032
2023-01-17 13:00:00,3.1704614,3.677228
2023-01-17 14:00:00,3.414665,3.7084138
2023-01-17 15:00:00,3.4535112,3.7054353
2023-01-17 16:00:00,3.2223692,3.6761763
2023-01-17 17:00:00,2.962575,3.6660678
2023-01-17 18:00:00,2.691635,3.6639037
2023-01-17 19:00:00,2.484682,3.6638534
2023-01-17 20:00:00,2.3371043,3.6762505
2023-01-17 21:00:00,2.1735163,3.6800086
2023-01-17 22:00:00,2.0831544,3.6711864
2023-01-17 23:00:00,2.3152697,3.676209
2023-01-18 00:00:00,2.7490885,3.6819873
2023-01-18 01:00:00,3.1961846,3.6938024
2023-01-18 02:00:00,3.353028,3.703473
2023-01-18 03:00:00,3.4143987,3.7068043
2023-01-18 04:00:00,3.1594877,3.6567175
2023-01-18 05:00:00,2.8347998,3.6345387
2023-01-18 06:00:00,2.5858045,3.7048354
2023-01-18 07:00:00,2.4690375,3.6657321
2023-01-18 08:00:00,2.3050592,3.6685934
2023-01-18 09:00:00,2.1212757,3.6738453
2023-01-18 10:00:00,2.0408099,3.677725
2023-01-18 11:00:00,2.0443313,3.6819887
2023-01-18 12:00:00,2.347104,3.6833153
2023-01-18 13:00:00,2.9194279,3.6853771
2023-01-18 14:00:00,3.2887971,3.7014103
2023-01-18 15:00:00,3.5966382,3.7470574
2023-01-18 16:00:00,3.570629,3.7287388
2023-01-18 17:00:00,3.2177885,3.683864
2023-01-18 18:00:00,3.053367,3.6100142
2023-01-18 19:00:00,2.950126,3.4943476
2023-01-18 20:00:00,2.7349372,3.4825025
2023-01-18 21:00:00,2.4318452,3.4737687
2023-01-18 22:00:00,2.3362715,3.4097953
2023-01-19 00:00:00,2.1949446,3.3815565
2023-01-19 01:00:00,2.2196732,3.371888
2023-01-19 02:00:00,2.8898034,3.3965423
2023-01-19 03:00:00,3.3815904,3.4344394
2023-01-19 04:00:00,3.616409,3.455804
2023-01-19 05:00:00,3.3599932,3.3415663
2023-01-19 06:00:00,2.9459496,3.2644846
2023-01-19 07:00:00,2.685528,3.2382889
2023-01-19 08:00:00,2.491565,3.2337534
2023-01-19 09:00:00,2.3980505,3.2317667
2023-01-19 10:00:00,2.3071742,3.239573
2023-01-19 11:00:00,2.1340585,3.2471344
2023-01-19 12:00:00,2.0080128,3.2491999
2023-01-19 13:00:00,2.2163055,3.277059
2023-01-19 14:00:00,3.0319135,3.3517947
2023-01-19 15:00:00,3.4335592,3.3848107
2023-01-19 16:00:00,3.7179532,3.430346
2023-01-19 17:00:00,3.8895721,3.4211528
2023-01-19 18:00:00,3.7407954,3.3378975
2023-01-19 19:00:00,3.231329,3.2780762
2023-01-19 20:00:00,3.097769,3.2850103
2023-01-19 21:00:00,2.8074539,3.3079128
2023-01-19 22:00:00,2.6079566,3.2663176
2023-01-19 23:00:00,2.4368231,3.265973
2023-01-20 00:00:00,2.2689822,3.263885
2023-01-20 01:00:00,2.1622577,3.227368
2023-01-20 02:00:00,2.5361922,3.2705903
2023-01-20 03:00:00,2.8067033,3.2708395
2023-01-20 04:00:00,3.24192,3.3048794
2023-01-20 05:00:00,3.4123333,3.3338432
2023-01-20 06:00:00,3.4622874,3.323381
2023-01-20 07:00:00,3.0100718,3.2494178
2023-01-20 08:00:00,2.7627783,3.2346876
2023-01-20 09:00:00,2.5478213,3.21012
2023-01-20 10:00:00,2.359721,3.2052543
2023-01-20 11:00:00,2.2177925,3.1979573
2023-01-20 12:00:00,2.0929582,3.1933548
2023-01-20 13:00:00,1.9428465,3.1935103
2023-01-20 14:00:00,2.1161005,3.2094588
2023-01-20 15:00:00,2.9963968,3.284697
2023-01-20 16:00:00,3.481421,3.3286638
2023-01-20 17:00:00,3.9332387,3.3939416
2023-01-20 18:00:00,3.926616,3.3218436
2023-01-20 19:00:00,3.873392,3.2600942
2023-01-20 20:00:00,3.7842038,3.2984445
2023-01-20 21:00:00,3.3012433,3.321142
2023-01-20 22:00:00,3.0196228,3.31013
2023-01-20 23:00:00,2.7421198,3.2983124
2023-01-21 00:00:00,2.5945022,3.3112216
2023-01-21 01:00:00,2.4334333,3.3178535
2023-01-21 02:00:00,2.274982,3.2746968
2023-01-21 03:00:00,2.5110795,3.283152
2023-01-21 04:00:00,3.4919045,3.3375769
2023-01-21 05:00:00,3.6248229,3.4355636
2023-01-21 06:00:00,3.8575585,3.497382
2023-01-21 07:00:00,3.6002717,3.3889153
2023-01-21 08:00:00,3.1876051,3.3213239
2023-01-21 09:00:00,3.0159788,3.2759464
2023-01-21 10:00:00,2.733313,3.2705252
2023-01-21 11:00:00,2.5362175,3.3017523
2023-01-21 12:00:00,2.379769,3.2593265
2023-01-21 13:00:00,2.2935083,3.3088677
2023-01-21 14:00:00,2.1559665,3.2532914
2023-01-21 15:00:00,2.2518795,3.3327441
2023-01-21 16:00:00,3.2498264,3.463505
2023-01-21 17:00:00,3.8649518,3.4583237
2023-01-21 18:00:00,4.2311153,3.6133728
2023-01-21 19:00:00,4.1954303,3.5366187
2023-01-21 20:00:00,4.114823,3.434431
2023-01-21 21:00:00,3.505277,3.3946223
2023-01-21 22:00:00,3.2933466,3.4023657
2023-01-21 23:00:00,3.027447,3.392288
2023-01-22 00:00:00,2.7534227,3.3455691
2023-01-22 01:00:00,2.6027362,3.3490841
2023-01-22 02:00:00,2.4260383,3.3527656
2023-01-22 03:00:00,2.2851274,3.3509057
2023-01-22 04:00:00,2.6259162,3.3648446
2023-01-22 05:00:00,3.210281,3.3920674
2023-01-22 06:00:00,3.6955633,3.4566045
2023-01-22 07:00:00,3.910753,3.5052757
2023-01-22 08:00:00,3.6961706,3.39972
2023-01-22 09:00:00,3.2362149,3.3366797
2023-01-22 10:00:00,3.1004305,3.3310184
2023-01-22 11:00:00,2.7315547,3.321569
2023-01-22 12:00:00,2.5947444,3.3199918
2023-01-22 13:00:00,2.4594018,3.2801535
2023-01-22 14:00:00,2.291746,3.2729154
2023-01-22 15:00:00,2.1531749,3.2657304
2023-01-22 16:00:00,2.1991425,3.2678523
2023-01-22 17:00:00,3.5258377,3.4443653
2023-01-22 18:00:00,4.00645,3.4928262
2023-01-22 19:00:00,4.4490285,3.5900881
2023-01-22 20:00:00,4.359121,3.436152
2023-01-22 21:00:00,4.20311,3.35607
2023-01-22 22:00:00,3.571003,3.3566406
2023-01-22 23:00:00,3.350959,3.4002888
2023-01-23 00:00:00,3.0309567,3.3872497
2023-01-23 01:00:00,2.856897,3.3863764
2023-01-23 02:00:00,2.6093595,3.350633
2023-01-23 03:00:00,2.4298446,3.3518257
2023-01-23 04:00:00,2.2323797,3.347859
2023-01-23 05:00:00,3.1075416,3.4006293
2023-01-23 06:00:00,3.7294152,3.441209
2023-01-23 07:00:00,3.932692,3.4759443
2023-01-23 08:00:00,4.094215,3.512868
2023-01-23 09:00:00,3.9109943,3.4031186
2023-01-23 10:00:00,3.3903916,3.3457303
2023-01-23 11:00:00,3.1916203,3.3444526
2023-01-23 12:00:00,2.8664262,3.3401308
2023-01-23 13:00:00,2.6409113,3.3316677
2023-01-23 14:00:00,2.494575,3.2902672
2023-01-23 15:00:00,2.339563,3.2853215
2023-01-23 16:00:00,2.1919503,3.2802825
2023-01-23 17:00:00,2.2861502,3.2485213
2023-01-23 18:00:00,3.7966917,3.4725924
2023-01-23 19:00:00,4.3959446,3.5840504
2023-01-23 20:00:00,4.583843,3.9800003
2023-01-23 21:00:00,4.3687387,4.160231
2023-01-23 22:00:00,3.8497286,4.0568523
2023-01-23 23:00:00,3.6430635,3.944435
2023-01-24 00:00:00,3.4067748,3.6990967
2023-01-24 01:00:00,3.0683296,3.5518892
2023-01-24 02:00:00,2.8595133,3.4890912
2023-01-24 03:00:00,2.625741,3.4558187
2023-01-24 04:00:00,2.4225821,3.4121585
2023-01-24 05:00:00,2.108103,3.4043915
2023-01-24 06:00:00,3.3494718,3.4913857
2023-01-24 07:00:00,4.1009154,3.6383774
2023-01-24 08:00:00,4.454817,3.740682
2023-01-24 09:00:00,4.1594605,3.590683
2023-01-24 10:00:00,3.6699958,3.3758912
2023-01-24 11:00:00,3.3836422,3.333367
2023-01-24 12:00:00,3.2174928,3.3302288
2023-01-24 13:00:00,2.8984365,3.3489537
2023-01-24 14:00:00,2.6569757,3.3345826
2023-01-24 15:00:00,2.4995327,3.2921965
2023-01-24 16:00:00,2.418344,3.292757
2023-01-24 17:00:00,2.2761116,3.2906168
2023-01-24 18:00:00,2.6930351,3.271606
2023-01-24 19:00:00,3.826422,3.323234
2023-01-24 20:00:00,4.154523,3.4768064
2023-01-24 21:00:00,4.56668,3.880949
2023-01-24 22:00:00,4.390679,4.093576
2023-01-24 23:00:00,3.8303072,3.996061
2023-01-25 00:00:00,3.4077127,3.8395422
2023-01-25 01:00:00,3.1504118,3.5376792
2023-01-25 02:00:00,2.906434,3.4881763
2023-01-25 03:00:00,2.6860025,3.4585989
2023-01-25 04:00:00,2.5244458,3.4285414
2023-01-25 05:00:00,2.3421364,3.4267287
2023-01-25 06:00:00,2.1130493,3.392522
2023-01-25 07:00:00,3.1379027,3.4685016
2023-01-25 08:00:00,3.7929182,3.5744631
2023-01-25 09:00:00,3.9079027,3.620171
2023-01-25 10:00:00,4.018963,3.5806465
2023-01-25 11:00:00,3.4937806,3.4024277
2023-01-25 12:00:00,3.076565,3.3516173
2023-01-25 13:00:00,2.8635757,3.3483114
2023-01-25 14:00:00,2.6391778,3.339619
2023-01-25 15:00:00,2.4503305,3.3206403
2023-01-25 16:00:00,2.342383,3.3261333
2023-01-25 17:00:00,2.1891677,3.3278708
2023-01-25 18:00:00,2.0880692,3.3315024
2023-01-25 19:00:00,2.5821543,3.3858051
2023-01-25 20:00:00,3.9714005,3.488975
2023-01-25 21:00:00,4.182459,3.5186846
2023-01-25 22:00:00,4.242721,3.6672852
2023-01-25 23:00:00,4.0163255,3.7977705
2023-01-26 00:00:00,3.466228,3.708977
2023-01-26 01:00:00,2.9920783,3.499238
2023-01-26 02:00:00,2.7312155,3.383646
2023-01-26 03:00:00,2.5763793,3.3468885
2023-01-26 04:00:00,2.428095,3.3528018
2023-01-26 05:00:00,2.2507534,3.3526843
2023-01-26 06:00:00,2.087944,3.3095875
2023-01-26 07:00:00,2.475007,3.3176901
2023-01-26 08:00:00,3.3835218,3.4045281
2023-01-26 09:00:00,3.5311646,3.431
2023-01-26 10:00:00,3.8206766,3.4838157
2023-01-26 11:00:00,3.7685404,3.3814218
2023-01-26 12:00:00,3.2991707,3.2964692
2023-01-26 13:00:00,2.94847,3.2698505
2023-01-26 14:00:00,2.6739194,3.2636094
2023-01-26 15:00:00,2.4976969,3.25465
2023-01-26 16:00:00,2.3568072,3.2453003
2023-01-26 17:00:00,2.1849556,3.23918
2023-01-26 18:00:00,2.0073676,3.2104254
2023-01-26 19:00:00,2.1103144,3.2141376
2023-01-26 20:00:00,3.510741,3.3509603
2023-01-26 21:00:00,3.891228,3.381246
2023-01-26 22:00:00,4.19394,3.525888
2023-01-26 23:00:00,4.1377816,3.7957308
2023-01-27 00:00:00,3.7761602,3.7883859
2023-01-27 01:00:00,3.3209484,3.647586
2023-01-27 02:00:00,3.0133426,3.406707
2023-01-27 03:00:00,2.7677987,3.3666193
2023-01-27 04:00:00,2.5003028,3.331876
2023-01-27 05:00:00,2.3970478,3.3426588
2023-01-27 06:00:00,2.248308,3.3441002
2023-01-27 07:00:00,2.1983473,3.3071284
2023-01-27 08:00:00,2.9156153,3.3378103
2023-01-27 09:00:00,3.513268,3.4165256
2023-01-27 10:00:00,3.7242966,3.467346
2023-01-27 11:00:00,3.8438776,3.4523983
2023-01-27 12:00:00,3.7134914,3.3465283
2023-01-27 13:00:00,3.2665203,3.2926905
2023-01-27 14:00:00,2.8840737,3.2738056
2023-01-27 15:00:00,2.7089052,3.273907
2023-01-27 16:00:00,2.5320415,3.2624846
2023-01-27 17:00:00,2.3578055,3.2237825
2023-01-27 18:00:00,2.1920273,3.2141786
2023-01-27 19:00:00,2.1234457,3.2156463
2023-01-27 20:00:00,2.4466612,3.2252612
2023-01-27 21:00:00,3.183312,3.2594132
2023-01-27 22:00:00,3.846708,3.3579373
2023-01-27 23:00:00,4.0671473,3.4727437
2023-01-28 00:00:00,3.9056659,3.6189249
2023-01-28 01:00:00,3.4135034,3.6290233
2023-01-28 02:00:00,3.1094933,3.4694886
2023-01-28 03:00:00,2.911654,3.3489778
2023-01-28 04:00:00,2.666534,3.3058157
2023-01-28 05:00:00,2.4327652,3.27272
2023-01-28 06:00:00,2.3313537,3.2815526
2023-01-28 07:00:00,2.174491,3.2815356
2023-01-28 08:00:00,2.2600925,3.2858977
2023-01-28 09:00:00,2.76724,3.304641
2023-01-28 10:00:00,3.3361337,3.2870793
2023-01-28 11:00:00,3.6330655,3.3461556
2023-01-28 12:00:00,3.6567483,3.383868
2023-01-28 13:00:00,3.3297663,3.5221474
2023-01-28 14:00:00,3.0142872,3.4239023
2023-01-28 15:00:00,2.6942391,3.2905018
2023-01-28 16:00:00,2.5365202,3.2506876
2023-01-28 17:00:00,2.3933256,3.2482023
2023-01-28 18:00:00,2.1982057,3.2219393
2023-01-28 19:00:00,2.1127248,3.2152767
2023-01-28 20:00:00,2.2096114,3.215374
2023-01-28 21:00:00,3.102175,3.282494
2023-01-28 22:00:00,3.3993475,3.3111675
2023-01-28 23:00:00,3.611209,3.357048
2023-01-29 00:00:00,3.5651567,3.2901227
2023-01-29 01:00:00,3.370703,3.3614063
2023-01-29 02:00:00,2.9965858,3.2872534
2023-01-29 03:00:00,2.7041569,3.2128034
2023-01-29 04:00:00,2.5076213,3.20497
2023-01-29 05:00:00,2.3799598,3.201771
2023-01-29 06:00:00,2.1901207,3.1975772
2023-01-29 07:00:00,2.0057895,3.191505
2023-01-29 08:00:00,2.0196939,3.192834
2023-01-29 09:00:00,2.3216639,3.1990767
2023-01-29 10:00:00,2.8793344,3.2290611
2023-01-29 11:00:00,3.1563368,3.261893
2023-01-29 12:00:00,3.1493757,3.2261016
2023-01-29 13:00:00,3.5670602,3.2711089
2023-01-29 14:00:00,3.1990602,3.3360727
2023-01-29 15:00:00,2.8028991,3.219597
2023-01-29 16:00:00,2.5922265,3.1767888
2023-01-29 17:00:00,2.373613,3.1924882
2023-01-29 18:00:00,2.206237,3.1905034
2023-01-29 19:00:00,2.1000721,3.1899023
2023-01-29 20:00:00,2.0078669,3.1943038
2023-01-29 21:00:00,2.1656384,3.2011738
2023-01-29 22:00:00,3.0531154,3.261457
2023-01-29 23:00:00,3.4097006,3.3173418
2023-01-30 00:00:00,3.4328194,3.2859535
2023-01-30 01:00:00,3.3522637,3.2189388
2023-01-30 02:00:00,2.896534,3.1915417
2023-01-30 03:00:00,2.7264895,3.1888118
2023-01-30 04:00:00,2.5040252,3.1918077
2023-01-30 05:00:00,2.3779378,3.1890707
2023-01-30 06:00:00,2.211566,3.1835325
2023-01-30 07:00:00,2.026519,3.1783206
2023-01-30 08:00:00,1.9734304,3.1846578
2023-01-30 09:00:00,2.1130278,3.2006288
2023-01-30 10:00:00,2.6684198,3.2334409
2023-01-30 11:00:00,2.747371,3.2145789
2023-01-30 12:00:00,3.1563764,3.2485604
2023-01-30 13:00:00,3.4134734,3.2516987
2023-01-30 14:00:00,3.369125,3.3596056
2023-01-30 15:00:00,3.1778035,3.3982131
2023-01-30 16:00:00,2.9521515,3.3708193
2023-01-30 17:00:00,2.733016,3.3551652
2023-01-30 18:00:00,2.5865145,3.3649244
2023-01-30 19:00:00,2.507716,3.385313
2023-01-30 20:00:00,2.3915946,3.39708
2023-01-30 21:00:00,2.275122,3.3980644
2023-01-30 22:00:00,2.4251266,3.4817653
2023-01-30 23:00:00,2.70171,3.4359703
2023-01-31 00:00:00,3.0103345,3.4589272
2023-01-31 01:00:00,3.1971354,3.4952672
2023-01-31 02:00:00,3.231231,3.5695941
2023-01-31 03:00:00,2.7577984,3.4945765
2023-01-31 04:00:00,2.5590057,3.4822237
2023-01-31 05:00:00,2.4715965,3.4950244
2023-01-31 06:00:00,2.3523884,3.5104425
2023-01-31 07:00:00,2.2597306,3.5255969
2023-01-31 08:00:00,2.1694884,3.542506
2023-01-31 09:00:00,2.0415847,3.5515573
2023-01-31 10:00:00,2.2581697,3.499812
2023-01-31 11:00:00,2.2700157,3.557248
2023-01-31 12:00:00,2.5083346,3.5607355
2023-01-31 13:00:00,3.059745,3.5932531
2023-01-31 14:00:00,3.3222501,3.6191244
2023-01-31 15:00:00,2.969531,3.5817583
2023-01-31 16:00:00,3.3259132,3.5364707
2023-01-31 17:00:00,2.907877,3.575123
2023-01-31 18:00:00,2.862488,3.5261645
2023-01-31 19:00:00,2.627871,3.5606003
2023-01-31 20:00:00,2.4535906,3.5634718
2023-01-31 21:00:00,2.3026097,3.5593073
2023-01-31 22:00:00,2.2687838,3.56482
2023-01-31 23:00:00,2.3442724,3.5078735
2023-02-01 00:00:00,2.769704,3.5078468
2023-02-01 01:00:00,2.4639556,3.5354333
2023-02-01 02:00:00,2.7668123,3.5420818
2023-02-01 03:00:00,2.8308043,3.5359805
2023-02-01 04:00:00,2.9229796,3.4858084
2023-02-01 05:00:00,2.6243117,3.522036
2023-02-01 06:00:00,2.456952,3.532378
2023-02-01 07:00:00,2.3641143,3.5402908
2023-02-01 08:00:00,2.2646835,3.5518432
2023-02-01 09:00:00,2.1681485,3.555581
2023-02-01 10:00:00,2.0754943,3.5609398
2023-02-01 11:00:00,2.0183995,3.5697224
2023-02-01 12:00:00,2.2994733,3.5272808
2023-02-01 13:00:00,2.6225774,3.5853205
2023-02-01 14:00:00,3.06835,3.557099
2023-02-01 15:00:00,3.3816648,3.6422222
2023-02-01 16:00:00,3.5813663,3.6653755
2023-02-01 17:00:00,3.5625374,3.6405985
2023-02-01 18:00:00,3.32048,3.6014123
2023-02-01 19:00:00,3.0794857,3.5835536
2023-02-01 20:00:00,2.941517,3.569968
2023-02-01 21:00:00,2.698648,3.5551288
2023-02-01 22:00:00,2.4570837,3.6098611
2023-02-01 23:00:00,2.2962515,3.5490668
2023-02-02 00:00:00,2.2842655,3.550352
2023-02-02 01:00:00,2.458556,3.5536437
2023-02-02 02:00:00,2.6059225,3.5505803
2023-02-02 03:00:00,2.974617,3.566514
2023-02-02 04:00:00,3.1401136,3.581904
2023-02-02 05:00:00,3.3992712,3.6133573
2023-02-02 06:00:00,3.2265456,3.5639067
2023-02-02 07:00:00,3.112795,3.5423248
2023-02-02 08:00:00,3.023815,3.6174936
2023-02-02 09:00:00,2.8053927,3.620857
2023-02-02 10:00:00,2.6175187,3.614191
2023-02-02 11:00:00,2.464137,3.6172447
2023-02-02 12:00:00,2.3945932,3.5670304
2023-02-02 13:00:00,2.3447165,3.6296232
2023-02-02 14:00:00,2.563562,3.58527
2023-02-02 15:00:00,3.3763092,3.7213268
2023-02-02 16:00:00,3.8672922,3.7108128
2023-02-02 17:00:00,3.7849882,3.6822407
2023-02-02 18:00:00,3.8032272,3.7263014
2023-02-02 19:00:00,3.418069,3.6495435
2023-02-02 20:00:00,3.185237,3.6176171
2023-02-02 21:00:00,2.9579473,3.6790917
2023-02-02 22:00:00,2.7291496,3.680913
2023-02-02 23:00:00,2.5837922,3.6221404
2023-02-03 00:00:00,2.4013257,3.5571928
2023-02-03 01:00:00,2.265131,3.625441
2023-02-03 02:00:00,2.5056827,3.650135
2023-02-03 03:00:00,2.6192138,3.6402178
2023-02-03 04:00:00,2.9361696,3.6461606
2023-02-03 05:00:00,2.9527977,3.6374762
2023-02-03 06:00:00,3.23439,3.6776848
2023-02-03 07:00:00,2.9121096,3.6490188
2023-02-03 08:00:00,2.6908767,3.5638752
2023-02-03 09:00:00,2.553194,3.5659266
2023-02-03 10:00:00,2.4521651,3.5861933
2023-02-03 11:00:00,2.2443082,3.6529424
2023-02-03 12:00:00,2.1172128,3.6092157
2023-02-03 13:00:00,1.9507262,3.6629593
2023-02-03 14:00:00,1.9144757,3.6138446
2023-02-03 15:00:00,2.2484467,3.6113093
2023-02-03 16:00:00,3.2178826,3.6539488
2023-02-03 17:00:00,3.7022426,3.7741704
2023-02-03 18:00:00,3.8601441,3.782867
2023-02-03 19:00:00,3.7517476,3.7186844
2023-02-03 20:00:00,3.375554,3.6507182
2023-02-03 21:00:00,3.0278995,3.7043521
2023-02-03 22:00:00,2.7576096,3.7088394
2023-02-03 23:00:00,2.5728278,3.702954
2023-02-04 00:00:00,2.4148214,3.714145
2023-02-04 01:00:00,2.2348552,3.6565921
2023-02-04 02:00:00,2.0789738,3.6616924
2023-02-04 03:00:00,2.3710399,3.6758902
2023-02-04 04:00:00,2.6566634,3.6691842
2023-02-04 05:00:00,3.1242013,3.6812065
2023-02-04 06:00:00,3.3340929,3.7030466
2023-02-04 07:00:00,3.4105153,3.711743
2023-02-04 08:00:00,3.0899363,3.6593363
2023-02-04 09:00:00,2.842974,3.701421
2023-02-04 10:00:00,2.7029262,3.6520238
2023-02-04 11:00:00,2.5929875,3.6597495
2023-02-04 12:00:00,2.3739882,3.662619
2023-02-04 13:00:00,2.1969557,3.6093872
2023-02-04 14:00:00,2.0062141,3.666856
2023-02-04 15:00:00,1.9653049,3.6786375
2023-02-04 16:00:00,2.8103426,3.7045534
2023-02-04 17:00:00,3.7217393,3.787964
2023-02-04 18:00:00,3.991569,3.8252149
2023-02-04 19:00:00,4.0025525,3.7901027
2023-02-04 20:00:00,3.7979708,3.7126384
2023-02-04 21:00:00,3.2151525,3.6987016
2023-02-04 22:00:00,3.0246346,3.7004027
2023-02-04 23:00:00,2.7798188,3.70366
2023-02-05 00:00:00,2.5890687,3.6475303
2023-02-05 01:00:00,2.4184787,3.721778
2023-02-05 02:00:00,2.2560906,3.7335558
2023-02-05 03:00:00,2.2320251,3.732127
2023-02-05 04:00:00,2.6428359,3.7446775
2023-02-05 05:00:00,3.3057795,3.7124653
2023-02-05 06:00:00,3.4165413,3.702558
2023-02-05 07:00:00,3.5360138,3.804396
2023-02-05 08:00:00,3.5043082,3.7865052
2023-02-05 09:00:00,3.1003654,3.7123487
2023-02-05 10:00:00,2.9322271,3.7087255
2023-02-05 11:00:00,2.5680182,3.7213776
2023-02-05 12:00:00,2.5052083,3.7443151
2023-02-05 13:00:00,2.302158,3.753583
2023-02-05 14:00:00,2.1272302,3.749191
2023-02-05 15:00:00,2.0094156,3.696255
2023-02-05 16:00:00,2.229866,3.7014053
2023-02-05 17:00:00,3.27607,3.8204021
2023-02-05 18:00:00,4.0143027,3.910209
2023-02-05 19:00:00,4.1022997,3.9138627
2023-02-05 20:00:00,3.968935,3.8407855
2023-02-05 21:00:00,3.5230603,3.7455058
2023-02-05 22:00:00,3.284107,3.7431026
2023-02-05 23:00:00,2.9877245,3.8002734
2023-02-06 00:00:00,2.8219807,3.805376
2023-02-06 01:00:00,2.6106944,3.741286
2023-02-06 02:00:00,2.3585184,3.7356856
2023-02-06 03:00:00,2.246478,3.7485979
2023-02-06 04:00:00,2.250996,3.7611158
2023-02-06 05:00:00,2.8401325,3.771655
2023-02-06 06:00:00,3.493318,3.808459
2023-02-06 07:00:00,3.8398337,3.7853003
2023-02-06 08:00:00,3.7461364,3.8306541
2023-02-06 09:00:00,3.3524427,3.7476776
2023-02-06 10:00:00,3.042414,3.7098393
2023-02-06 11:00:00,2.8259718,3.7174141
2023-02-06 12:00:00,2.5807328,3.7359169
2023-02-06 13:00:00,2.4315941,3.685574
2023-02-06 14:00:00,2.3415692,3.748054
2023-02-06 15:00:00,2.1271455,3.6936822
2023-02-06 16:00:00,2.0892744,3.6874194
2023-02-06 17:00:00,2.8387241,3.7260618
2023-02-06 18:00:00,3.6301827,3.84918
2023-02-06 19:00:00,4.2488775,3.8810713
2023-02-06 20:00:00,4.1401815,3.8983836
2023-02-06 21:00:00,3.8281374,4.011653
2023-02-06 22:00:00,3.4627235,3.8594146
2023-02-06 23:00:00,3.1930358,3.8416262
2023-02-07 00:00:00,2.931138,3.8472128
2023-02-07 01:00:00,2.670765,3.8468263
2023-02-07 02:00:00,2.6018858,3.810862
2023-02-07 03:00:00,2.3559058,3.8155758
2023-02-07 04:00:00,2.1842978,3.822165
2023-02-07 05:00:00,2.637107,3.8589635
2023-02-07 06:00:00,3.3411345,3.823836
2023-02-07 07:00:00,3.7770283,3.8781495
2023-02-07 08:00:00,4.103637,3.9360602
2023-02-07 09:00:00,3.7596803,3.8369768
2023-02-07 10:00:00,3.323405,3.821309
2023-02-07 11:00:00,3.0064547,3.8050117
2023-02-07 12:00:00,2.765829,3.763604
2023-02-07 13:00:00,2.5755768,3.7002268
2023-02-07 14:00:00,2.3729222,3.7652202
2023-02-07 15:00:00,2.2612066,3.771467
2023-02-07 16:00:00,2.116933,3.7617402
2023-02-07 17:00:00,2.2729406,3.7684922
2023-02-07 18:00:00,3.5639892,3.8560262
2023-02-07 19:00:00,3.9898367,3.8938384
2023-02-07 20:00:00,4.2928176,3.9565547
2023-02-07 21:00:00,4.141086,4.012546
2023-02-07 22:00:00,3.6328828,4.0225177
2023-02-07 23:00:00,3.294712,3.973391
2023-02-08 00:00:00,3.047203,3.856468
2023-02-08 01:00:00,2.8065805,3.8722074
2023-02-08 02:00:00,2.6098688,3.7642415
2023-02-08 03:00:00,2.452751,3.8350961
2023-02-08 04:00:00,2.2504535,3.8440337
2023-02-08 05:00:00,2.1397812,3.8532996
2023-02-08 06:00:00,3.0017521,3.8900113
2023-02-08 07:00:00,3.6211836,3.9367676
2023-02-08 08:00:00,4.0171733,3.9338286
2023-02-08 09:00:00,3.8503506,3.9513197
2023-02-08 10:00:00,3.4701223,3.848807
2023-02-08 11:00:00,3.1664162,3.7984307
2023-02-08 12:00:00,2.8890965,3.8117816
2023-02-08 13:00:00,2.7172725,3.8341284
2023-02-08 14:00:00,2.4622798,3.8398983
2023-02-08 15:00:00,2.336094,3.8470054
2023-02-08 16:00:00,2.1892955,3.7926173
2023-02-08 17:00:00,2.1731853,3.78857
2023-02-08 18:00:00,2.750324,3.8129718
2023-02-08 19:00:00,3.5873873,3.8510692
2023-02-08 20:00:00,4.3550477,3.9788816
2023-02-08 21:00:00,4.1798396,3.9135878
2023-02-08 22:00:00,4.0007057,4.0481806
2023-02-08 23:00:00,3.4696927,4.020995
2023-02-09 00:00:00,3.2139578,3.8139713
2023-02-09 01:00:00,2.9590712,3.8782332
2023-02-09 02:00:00,2.7687268,3.820998
2023-02-09 03:00:00,2.619453,3.8259988
2023-02-09 04:00:00,2.37849,3.8274968
2023-02-09 05:00:00,2.1920874,3.8317568
2023-02-09 06:00:00,2.6730936,3.8682377
2023-02-09 07:00:00,3.589474,3.9298837
2023-02-09 08:00:00,3.9444041,3.9812424
2023-02-09 09:00:00,4.017257,3.985212
2023-02-09 10:00:00,3.8947115,3.9081142
2023-02-09 11:00:00,3.4045744,3.8081832
2023-02-09 12:00:00,3.1818237,3.6712708
2023-02-09 13:00:00,2.946505,3.8195484
2023-02-09 14:00:00,2.6756878,3.836395
2023-02-09 15:00:00,2.5130486,3.8381004
2023-02-09 16:00:00,2.3388987,3.77779
2023-02-09 17:00:00,2.2802544,3.8387094
2023-02-09 18:00:00,2.4502506,3.7884336
2023-02-09 19:00:00,3.6881614,3.811548
2023-02-09 20:00:00,4.115961,3.992674
2023-02-09 21:00:00,4.2803864,4.015607
2023-02-09 22:00:00,4.055469,4.0539837
2023-02-09 23:00:00,3.6501825,4.102187
2023-02-10 00:00:00,3.4414856,4.0044236
2023-02-10 01:00:00,3.1653807,3.9346035
2023-02-10 02:00:00,2.8775995,3.8796544
2023-02-10 03:00:00,2.708189,3.8308809
2023-02-10 04:00:00,2.570492,3.8385334
2023-02-10 05:00:00,2.395715,3.8386002
2023-02-10 06:00:00,2.3989372,3.7933662
2023-02-10 07:00:00,3.094291,3.9091933
2023-02-10 08:00:00,3.6531518,3.9628296
2023-02-10 09:00:00,4.0928373,4.040139
2023-02-10 10:00:00,3.9659429,3.9775357
2023-02-10 11:00:00,3.5755537,3.7866158
2023-02-10 12:00:00,3.1971064,3.797424
2023-02-10 13:00:00,2.92384,3.8172398
2023-02-10 14:00:00,2.732673,3.8266869
2023-02-10 15:00:00,2.617478,3.705286
2023-02-10 16:00:00,2.378897,3.7604618
2023-02-10 17:00:00,2.195241,3.771171
2023-02-10 18:00:00,2.193975,3.786979
2023-02-10 19:00:00,3.0259929,3.8324034
2023-02-10 20:00:00,3.74934,3.869928
2023-02-10 21:00:00,4.170187,3.9293437
2023-02-10 22:00:00,4.185122,3.9055965
2023-02-10 23:00:00,3.9809363,3.9629908
2023-02-11 00:00:00,3.4406729,3.932283
2023-02-11 01:00:00,3.1980848,3.8507552
2023-02-11 02:00:00,2.8708398,3.8480232
2023-02-11 03:00:00,2.6887255,3.8089576
2023-02-11 04:00:00,2.5224814,3.8841813
2023-02-11 05:00:00,2.3661697,3.8323996
2023-02-11 06:00:00,2.3720164,3.7067852
2023-02-11 07:00:00,2.9087176,3.8711402
2023-02-11 08:00:00,3.6423943,3.9355464
2023-02-11 09:00:00,3.9067101,3.9637465
2023-02-11 10:00:00,3.880844,3.9533732
2023-02-11 11:00:00,3.8738122,3.9071355
2023-02-11 12:00:00,3.4820147,3.8897216
2023-02-11 13:00:00,3.2976973,3.8918219
2023-02-11 14:00:00,2.9281485,3.8856595
2023-02-11 15:00:00,2.7819266,3.8291814
2023-02-11 16:00:00,2.5565326,3.7617419
2023-02-11 17:00:00,2.559859,3.896911
2023-02-11 18:00:00,2.4533613,3.8525352
2023-02-11 19:00:00,2.5647442,3.8559039
2023-02-11 20:00:00,3.6636455,3.9425635
2023-02-11 21:00:00,4.140759,4.001622
2023-02-11 22:00:00,4.2595525,4.0217733
2023-02-11 23:00:00,4.0281854,3.931646
2023-02-12 00:00:00,3.6112807,3.9044528
2023-02-12 01:00:00,3.3752077,3.8870974
2023-02-12 02:00:00,3.081064,3.88436
2023-02-12 03:00:00,2.7905715,3.8911161
2023-02-12 04:00:00,2.6311572,3.901476
2023-02-12 05:00:00,2.5508325,3.8463125
2023-02-12 06:00:00,2.4092283,3.8444374
2023-02-12 07:00:00,2.5976312,3.7970915
2023-02-12 08:00:00,3.154447,3.8917613
2023-02-12 09:00:00,3.57307,3.9113858
2023-02-12 10:00:00,3.9187648,3.892143
2023-02-12 11:00:00,3.7631078,3.9114568
2023-02-12 12:00:00,3.661852,3.8762112
2023-02-12 13:00:00,3.4110463,3.8338056
2023-02-12 14:00:00,3.2170947,3.837977
2023-02-12 15:00:00,2.875573,3.8272855
2023-02-12 16:00:00,2.8071473,3.826902
2023-02-12 17:00:00,2.5853379,3.8291845
2023-02-12 18:00:00,2.4216805,3.8253157
2023-02-12 19:00:00,2.4913259,3.8400705
2023-02-12 20:00:00,3.0700119,3.8840566
2023-02-12 21:00:00,3.7537189,3.9315224
2023-02-12 22:00:00,4.1602097,4.066391
2023-02-12 23:00:00,4.0704627,4.0336
2023-02-13 00:00:00,3.6852093,3.9187021
2023-02-13 01:00:00,3.3972309,3.8714967
2023-02-13 02:00:00,3.1586993,3.8852277
2023-02-13 03:00:00,2.868506,3.8923469
2023-02-13 04:00:00,2.7205687,3.907495
2023-02-13 05:00:00,2.6491778,3.920402
2023-02-13 06:00:00,2.5884452,3.9210582
2023-02-13 07:00:00,2.5149353,3.9269948
2023-02-13 08:00:00,2.9027026,3.9583182
2023-02-13 09:00:00,3.4337385,3.982597
2023-02-13 10:00:00,3.6419616,3.9892182
2023-02-13 11:00:00,4.1668854,4.1405354
2023-02-13 12:00:00,3.8357275,4.048569
2023-02-13 13:00:00,3.6418037,4.0019946
2023-02-13 14:00:00,3.403018,3.9923296
2023-02-13 15:00:00,3.2316606,4.008436
2023-02-13 16:00:00,3.0089407,3.940855
2023-02-13 17:00:00,2.84316,3.9416184
2023-02-13 18:00:00,2.762452,3.9527543
2023-02-13 19:00:00,2.6650817,3.9508789
2023-02-13 20:00:00,2.8299255,3.9691365
2023-02-13 21:00:00,3.6931775,4.0425215
2023-02-13 22:00:00,3.7517793,4.018101
2023-02-13 23:00:00,4.073889,4.067278
2023-02-14 00:00:00,3.906308,4.0119762
2023-02-14 01:00:00,3.6838415,3.954729
2023-02-14 02:00:00,3.535436,3.9224753
2023-02-14 03:00:00,3.3024144,3.9203
2023-02-14 04:00:00,3.0346227,3.987601
2023-02-14 05:00:00,2.8546739,3.9261901
2023-02-14 06:00:00,2.7653108,3.931157
2023-02-14 07:00:00,2.7256012,3.9314125
2023-02-14 08:00:00,2.6734762,3.9349227
2023-02-14 09:00:00,2.9428086,3.950545
2023-02-14 10:00:00,3.4301295,3.9757023
2023-02-14 11:00:00,3.7575858,4.00732
2023-02-14 12:00:00,4.0145836,4.0390353
2023-02-14 13:00:00,3.8055174,3.9812717
2023-02-14 14:00:00,3.5675883,3.9428954
2023-02-14 15:00:00,3.3653862,3.9301932
2023-02-14 16:00:00,3.194137,3.9336448
2023-02-14 17:00:00,2.9853544,3.9301968
2023-02-14 18:00:00,2.8934865,3.9367652
2023-02-14 19:00:00,2.7282996,3.9374807
2023-02-14 20:00:00,2.6368806,3.9348533
2023-02-14 21:00:00,2.766553,4.0114465
2023-02-14 22:00:00,3.5863466,4.074128
2023-02-14 23:00:00,3.558229,4.0432825
2023-02-15 00:00:00,3.6388597,4.04975
2023-02-15 01:00:00,3.5643494,4.0291867
2023-02-15 02:00:00,3.225559,3.9800794
2023-02-15 03:00:00,2.961862,3.969947
2023-02-15 04:00:00,2.9443655,4.001831
2023-02-15 05:00:00,2.7129006,4.0173926
2023-02-15 06:00:00,2.6221194,3.9701502
2023-02-15 07:00:00,2.458928,3.9769719
2023-02-15 08:00:00,2.4663718,3.9909883
2023-02-15 09:00:00,2.5206692,4.055446
2023-02-15 10:00:00,2.7984903,3.9958453
2023-02-15 11:00:00,3.239777,3.9935076
2023-02-15 12:00:00,3.3760164,3.9890487
2023-02-15 13:00:00,3.7815738,4.033363
2023-02-15 14:00:00,3.7323828,4.018685
2023-02-15 15:00:00,3.439176,3.9754875
2023-02-15 16:00:00,3.2131188,3.9650898
2023-02-15 17:00:00,3.0892577,3.9681456
2023-02-15 18:00:00,2.9281595,3.9686856
2023-02-15 19:00:00,2.778954,3.9651802
2023-02-15 20:00:00,2.6824946,3.9638848
2023-02-15 21:00:00,2.62558,3.9527543
2023-02-15 22:00:00,2.7661538,3.9571812
2023-02-15 23:00:00,2.9652984,3.9563692
2023-02-16 00:00:00,3.3051376,3.9605722
2023-02-16 01:00:00,3.2544327,3.9483914
2023-02-16 02:00:00,3.284068,3.8840127
2023-02-16 03:00:00,3.0438669,3.9251983
2023-02-16 04:00:00,2.8056984,3.9181278
2023-02-16 05:00:00,2.685626,3.923412
2023-02-16 06:00:00,2.6554437,3.9397418
2023-02-16 07:00:00,2.6139324,3.893262
2023-02-16 08:00:00,2.556049,3.9504693
2023-02-16 09:00:00,2.4901986,3.9526203
2023-02-16 10:00:00,2.544504,3.957106
2023-02-16 11:00:00,2.5781884,3.9535923
2023-02-16 12:00:00,2.9908051,3.9597259
2023-02-16 13:00:00,3.338937,3.973471
2023-02-16 14:00:00,3.6677117,4.0057125
2023-02-16 15:00:00,3.814588,4.0235305
2023-02-16 16:00:00,3.7072453,4.0047226
2023-02-16 17:00:00,3.6397388,3.9856122
2023-02-16 18:00:00,3.452892,3.971556
2023-02-16 19:00:00,3.2893748,3.9638007
2023-02-16 20:00:00,3.1277714,3.9615567
2023-02-16 21:00:00,2.8849094,3.9498777
2023-02-16 22:00:00,2.8056629,3.9464536
2023-02-16 23:00:00,2.7238853,3.9472532
2023-02-17 00:00:00,2.8030574,3.9441206
2023-02-17 01:00:00,2.9112496,3.933034
2023-02-17 02:00:00,3.299707,3.95634
2023-02-17 03:00:00,3.294499,3.9385886
2023-02-17 04:00:00,3.3737538,3.9517906
2023-02-17 05:00:00,3.1849542,3.927204
2023-02-17 06:00:00,3.0299122,3.9102297
2023-02-17 07:00:00,2.9316115,3.9155216
2023-02-17 08:00:00,2.7963293,3.9335372
2023-02-17 09:00:00,2.6392834,3.8821466
2023-02-17 10:00:00,2.5959644,3.8880677
2023-02-17 11:00:00,2.546349,3.8905385
2023-02-17 12:00:00,2.525167,3.8952734
2023-02-17 13:00:00,2.6779385,3.9553874
2023-02-17 14:00:00,3.384448,3.9956477
2023-02-17 15:00:00,3.6028671,3.9412076
2023-02-17 16:00:00,3.9955816,4.047535
2023-02-17 17:00:00,4.149061,4.061175
2023-02-17 18:00:00,4.0169077,4.004153
2023-02-17 19:00:00,3.6376867,4.0104337
2023-02-17 20:00:00,3.4312205,3.9348218
2023-02-17 21:00:00,3.195225,3.9252057
2023-02-17 22:00:00,2.937219,3.9881346
2023-02-17 23:00:00,2.8742232,4.005013
2023-02-18 00:00:00,2.6994905,3.936605
2023-02-18 01:00:00,2.5900693,3.9216828
2023-02-18 02:00:00,2.955529,3.9491224
2023-02-18 03:00:00,3.0685103,3.9439325
2023-02-18 04:00:00,3.4284108,3.9636939
2023-02-18 05:00:00,3.4293962,3.9600654
2023-02-18 06:00:00,3.596727,3.978493
2023-02-18 07:00:00,3.2242508,3.929
2023-02-18 08:00:00,3.0376236,3.9216504
2023-02-18 09:00:00,2.9088633,3.9368613
2023-02-18 10:00:00,2.8633661,3.9455533
2023-02-18 11:00:00,2.6940794,3.9442105
2023-02-18 12:00:00,2.3613124,3.943685
2023-02-18 13:00:00,2.5241804,3.9515395
2023-02-18 14:00:00,2.4016578,3.9561467
2023-02-18 15:00:00,2.9479144,3.9685564
2023-02-18 16:00:00,3.7375882,3.9585617
2023-02-18 17:00:00,4.207612,4.0949483
2023-02-18 18:00:00,4.281581,4.0993295
2023-02-18 19:00:00,4.159574,4.029146
2023-02-18 20:00:00,3.6798403,3.9511018
2023-02-18 21:00:00,3.4118223,3.9368517
2023-02-18 22:00:00,3.1890092,3.9383855
2023-02-18 23:00:00,2.9895062,3.9430442
2023-02-19 00:00:00,2.8111446,3.9321759
2023-02-19 01:00:00,2.655915,3.8664963
2023-02-19 02:00:00,2.5286214,3.8569741
2023-02-19 03:00:00,2.9202468,3.891204
2023-02-19 04:00:00,3.0883362,3.8727627
2023-02-19 05:00:00,3.6540968,3.9151833
2023-02-19 06:00:00,3.8230271,3.9418156
2023-02-19 07:00:00,3.7762744,3.9207487
2023-02-19 08:00:00,3.3856814,3.8414657
2023-02-19 09:00:00,3.1790404,3.8123024
2023-02-19 10:00:00,3.0266962,3.8266695
2023-02-19 11:00:00,2.8243968,3.8322482
2023-02-19 12:00:00,2.6484277,3.831251
2023-02-19 13:00:00,2.5632055,3.7775676
2023-02-19 14:00:00,2.4270523,3.8332608
2023-02-19 15:00:00,2.3574164,3.8480127
2023-02-19 16:00:00,3.3280623,3.8480902
2023-02-19 17:00:00,4.0152836,3.9110532
2023-02-19 18:00:00,4.5256095,4.085344
2023-02-19 19:00:00,4.542453,4.1322985
2023-02-19 20:00:00,4.3193655,4.24594
2023-02-19 21:00:00,3.7604892,4.178305
2023-02-19 22:00:00,3.540176,4.080583
2023-02-19 23:00:00,3.255019,4.0086894
2023-02-20 00:00:00,3.0493796,4.020185
2023-02-20 01:00:00,2.8911042,3.9764214
2023-02-20 02:00:00,2.717104,3.9783845
2023-02-20 03:00:00,2.5647519,3.9849384
2023-02-20 04:00:00,2.8994133,3.9611692
2023-02-20 05:00:00,3.2272098,3.9798398
2023-02-20 06:00:00,3.95233,4.000481
2023-02-20 07:00:00,4.2412105,4.128315
2023-02-20 08:00:00,3.9797373,4.0422244
2023-02-20 09:00:00,3.6038814,3.9487593
2023-02-20 10:00:00,3.299636,3.912493
2023-02-20 11:00:00,3.1231318,3.933667
2023-02-20 12:00:00,2.899053,3.9343503
2023-02-20 13:00:00,2.7223725,3.9307961
2023-02-20 14:00:00,2.5513623,3.923876
2023-02-20 15:00:00,2.4156528,3.9197805
2023-02-20 16:00:00,2.7101936,3.938693
2023-02-20 17:00:00,3.2824874,3.9859278
2023-02-20 18:00:00,4.013153,4.0363426
2023-02-20 19:00:00,4.5499187,4.143723
2023-02-20 20:00:00,4.440328,4.164198
2023-02-20 21:00:00,4.1319895,4.208062
2023-02-20 22:00:00,3.689385,4.187954
2023-02-20 23:00:00,3.3751101,4.0491343
2023-02-21 00:00:00,3.1067233,4.054465
2023-02-21 01:00:00,2.8873515,4.0036263
2023-02-21 02:00:00,2.7970912,4.0168743
2023-02-21 03:00:00,2.6450338,3.948661
2023-02-21 04:00:00,2.4753842,3.949677
2023-02-21 05:00:00,3.1451745,4.0068297
2023-02-21 06:00:00,3.8466825,4.06265
2023-02-21 07:00:00,4.075262,4.1035085
2023-02-21 08:00:00,4.2683597,4.123999
2023-02-21 09:00:00,3.9132078,4.003253
2023-02-21 10:00:00,3.5520194,3.923309
2023-02-21 11:00:00,3.3919775,3.924406
2023-02-21 12:00:00,3.1265714,3.9326355
2023-02-21 13:00:00,2.9683197,3.9281564
2023-02-21 14:00:00,2.7024624,3.9184806
2023-02-21 15:00:00,2.517154,3.8570156
2023-02-21 16:00:00,2.4622173,3.9267294
2023-02-21 17:00:00,2.750157,3.8894405
2023-02-21 18:00:00,3.8579512,4.0486393
2023-02-21 19:00:00,4.4787216,4.135231
2023-02-21 20:00:00,4.7930756,4.267699
2023-02-21 21:00:00,4.45452,4.3535795
2023-02-21 22:00:00,4.086632,4.371371
2023-02-21 23:00:00,3.77442,4.2350173
2023-02-22 00:00:00,3.5259206,4.0989103
2023-02-22 01:00:00,3.1617646,4.0367765
2023-02-22 02:00:00,2.9904025,4.0604796
2023-02-22 03:00:00,2.8103275,4.009433
2023-02-22 04:00:00,2.6173573,4.0061417
2023-02-22 05:00:00,2.3664095,4.023382
2023-02-22 06:00:00,3.6005247,4.0575547
2023-02-22 07:00:00,4.0083113,4.022337
2023-02-22 08:00:00,4.378568,4.1819444
2023-02-22 09:00:00,4.2454243,4.115155
2023-02-22 10:00:00,3.8713388,3.9833066
2023-02-22 11:00:00,3.4935818,3.9089592
2023-02-22 12:00:00,3.3180132,4.0020714
2023-02-22 13:00:00,3.0533876,3.9387567
2023-02-22 14:00:00,2.889122,3.9302192
2023-02-22 15:00:00,2.7183485,3.9285452
2023-02-22 16:00:00,2.3807263,3.910955
2023-02-22 17:00:00,2.2266161,3.90894
2023-02-22 18:00:00,3.0370939,3.9801095
2023-02-22 19:00:00,4.1287603,4.078553
2023-02-22 20:00:00,4.571711,4.155222
2023-02-22 21:00:00,4.5295997,4.190259
2023-02-22 22:00:00,4.2808733,4.31251
2023-02-22 23:00:00,3.8227687,4.3348
2023-02-23 00:00:00,3.4816422,4.1649957
2023-02-23 01:00:00,3.228369,4.105367
2023-02-23 02:00:00,3.0430756,4.0620685
2023-02-23 03:00:00,2.8905473,4.087488
2023-02-23 04:00:00,2.716343,4.0277176
2023-02-23 05:00:00,2.55527,4.0282063
2023-02-23 06:00:00,2.8280227,4.0631576
2023-02-23 07:00:00,4.1244526,4.112723
2023-02-23 08:00:00,3.984797,4.1709356
2023-02-23 09:00:00,4.352099,4.246398
2023-02-23 10:00:00,4.2243586,4.163218
2023-02-23 11:00:00,3.8436875,4.056111
2023-02-23 12:00:00,3.4614897,4.003883
2023-02-23 13:00:00,3.167522,4.012879
2023-02-23 14:00:00,3.058399,4.027059
2023-02-23 15:00:00,2.8144188,3.9534285
2023-02-23 16:00:00,2.6330922,3.9464278
2023-02-23 17:00:00,2.4732242,3.9450479
2023-02-23 18:00:00,2.4771883,3.9599168
2023-02-23 19:00:00,3.286187,4.0158544
2023-02-23 20:00:00,4.253371,4.030465
2023-02-23 21:00:00,4.580085,4.171199
2023-02-23 22:00:00,4.4810524,4.2659707
2023-02-23 23:00:00,3.907506,4.2503214
2023-02-24 00:00:00,3.6599967,4.1807804
2023-02-24 01:00:00,3.3744254,4.0354643
2023-02-24 02:00:00,3.1299906,3.9832778
2023-02-24 03:00:00,2.8892539,3.9959795
2023-02-24 04:00:00,2.7930205,3.9493387
2023-02-24 05:00:00,2.5643013,3.9377964
2023-02-24 06:00:00,2.4319935,3.9457338
2023-02-24 07:00:00,3.3065474,3.9558048
2023-02-24 08:00:00,3.8910463,4.0801406
2023-02-24 09:00:00,4.2841897,4.154996
2023-02-24 10:00:00,4.281157,4.114945
2023-02-24 11:00:00,4.08236,4.0039763
2023-02-24 12:00:00,3.6269867,4.054775
2023-02-24 13:00:00,3.192938,3.9637659
2023-02-24 14:00:00,3.0353808,3.914272
2023-02-24 15:00:00,2.8922153,3.9162993
2023-02-24 16:00:00,2.734679,3.927289
2023-02-24 17:00:00,2.553027,3.8522034
2023-02-24 18:00:00,2.5514596,3.865696
2023-02-24 19:00:00,2.9607806,3.9755862
2023-02-24 20:00:00,3.8111744,4.041657
2023-02-24 21:00:00,4.1741295,4.085568
2023-02-24 22:00:00,4.351682,4.109947
2023-02-24 23:00:00,4.1426425,4.1603446
2023-02-25 00:00:00,3.7981215,4.145263
2023-02-25 01:00:00,3.4996314,4.036125
2023-02-25 02:00:00,3.1049147,3.960725
2023-02-25 03:00:00,2.8808367,3.973517
2023-02-25 04:00:00,2.7221358,3.9924226
2023-02-25 05:00:00,2.5524924,3.9390569
2023-02-25 06:00:00,2.4795754,4.0106297
2023-02-25 07:00:00,2.742764,3.9759824
2023-02-25 08:00:00,3.2293916,3.9915752
2023-02-25 09:00:00,3.7320452,4.029688
2023-02-25 10:00:00,4.228527,4.1224556
2023-02-25 11:00:00,4.1151204,4.0554314
2023-02-25 12:00:00,3.6616838,4.090569
2023-02-25 13:00:00,3.4735057,4.066248
2023-02-25 14:00:00,3.2620342,4.008299
2023-02-25 15:00:00,2.9699013,4.00599
2023-02-25 16:00:00,2.720017,3.9439962
2023-02-25 17:00:00,2.627311,3.885528
2023-02-25 18:00:00,2.5725424,3.8828783
2023-02-25 19:00:00,2.540228,3.887563
2023-02-25 20:00:00,3.2518997,4.0071855
2023-02-25 21:00:00,3.9669666,3.9979887
2023-02-25 22:00:00,4.335451,4.065733
2023-02-25 23:00:00,4.0653257,3.9784617
2023-02-26 00:00:00,3.6910183,3.8718002
2023-02-26 01:00:00,3.3757925,3.889441
2023-02-26 02:00:00,3.194526,3.902855
2023-02-26 03:00:00,2.8912294,3.8286939
2023-02-26 04:00:00,2.8003824,3.8310122
2023-02-26 05:00:00,2.6493204,3.8392463
2023-02-26 06:00:00,2.412609,3.8352761
2023-02-26 07:00:00,2.5324,3.8538573
2023-02-26 08:00:00,2.956267,3.8787591
2023-02-26 09:00:00,3.5974073,3.8396819
2023-02-26 10:00:00,3.9364114,3.9564292
2023-02-26 11:00:00,3.910779,3.9432292
2023-02-26 12:00:00,3.8798726,3.9006557
2023-02-26 13:00:00,3.453481,3.8222256
2023-02-26 14:00:00,3.2699282,3.8245046
2023-02-26 15:00:00,2.8642933,3.8103142
2023-02-26 16:00:00,2.7291286,3.7618883
2023-02-26 17:00:00,2.5656898,3.8359537
2023-02-26 18:00:00,2.4445114,3.8334737
2023-02-26 19:00:00,2.3604462,3.8945332
2023-02-26 20:00:00,2.7782295,3.8633497
2023-02-26 21:00:00,3.5137565,3.9064894
2023-02-26 22:00:00,3.7916272,3.9256308
2023-02-26 23:00:00,3.8013828,3.922637
2023-02-27 00:00:00,3.3844478,3.9055336
2023-02-27 01:00:00,3.1526263,3.799277
2023-02-27 02:00:00,2.8957324,3.8691921
2023-02-27 03:00:00,2.6993608,3.8394213
2023-02-27 04:00:00,2.5742583,3.856619
2023-02-27 05:00:00,2.4789045,3.8644753
2023-02-27 06:00:00,2.324856,3.8632934
2023-02-27 07:00:00,2.236709,3.858608
2023-02-27 08:00:00,2.5580945,3.875196
2023-02-27 09:00:00,3.0972176,3.88696
2023-02-27 10:00:00,3.3756168,3.8913226
2023-02-27 11:00:00,3.779419,3.9387035
2023-02-27 12:00:00,3.7493486,3.9155452
2023-02-27 13:00:00,3.3220963,3.9148207
2023-02-27 14:00:00,3.1334884,3.9061897
2023-02-27 15:00:00,2.9285808,3.9144576
2023-02-27 16:00:00,2.7777703,3.8569112
2023-02-27 17:00:00,2.5553403,3.9188447
2023-02-27 18:00:00,2.4469028,3.8712718
2023-02-27 19:00:00,2.3126063,3.8643928
2023-02-27 20:00:00,2.4193819,3.8761218
2023-02-27 21:00:00,3.3545268,3.9227006
2023-02-27 22:00:00,3.397117,3.901605
2023-02-27 23:00:00,3.492771,3.9106278
2023-02-28 00:00:00,3.5267036,3.9015646
2023-02-28 01:00:00,3.0804098,3.9023676
2023-02-28 02:00:00,2.8953662,3.8900292
2023-02-28 03:00:00,2.7815735,3.8995652
2023-02-28 04:00:00,2.5877175,3.8630185
2023-02-28 05:00:00,2.4972157,3.8586128
2023-02-28 06:00:00,2.3268948,3.8677928
2023-02-28 07:00:00,2.257626,3.8727496
2023-02-28 08:00:00,2.3454878,3.8772898
2023-02-28 09:00:00,2.97659,3.8347611
2023-02-28 10:00:00,3.1601045,3.8296149
2023-02-28 11:00:00,3.3919969,3.8425078
2023-02-28 12:00:00,3.6347885,3.9318101
2023-02-28 13:00:00,3.5969863,3.902817
2023-02-28 14:00:00,3.1043558,3.9046175
2023-02-28 15:00:00,3.02157,3.8472214
2023-02-28 16:00:00,2.7367709,3.8420243
2023-02-28 17:00:00,2.6376584,3.8492408
2023-02-28 18:00:00,2.5311527,3.8513446
2023-02-28 19:00:00,2.4032233,3.8463118
2023-02-28 20:00:00,2.4353366,3.8487878
2023-02-28 21:00:00,2.7154362,3.8556795
2023-02-28 22:00:00,3.217204,3.879943
2023-02-28 23:00:00,2.630145,3.8246036
2023-03-01 00:00:00,2.8147497,3.8291876
2023-03-01 01:00:00,2.6791356,3.7606602
2023-03-01 02:00:00,2.6695368,3.7629633
2023-03-01 03:00:00,2.5121455,3.7860794
2023-03-01 04:00:00,2.4168947,3.7945223
2023-03-01 05:00:00,2.361148,3.8088984
2023-03-01 06:00:00,2.2326005,3.805827
2023-03-01 07:00:00,2.095934,3.8101513
2023-03-01 08:00:00,2.1269355,3.8040621
2023-03-01 09:00:00,2.2515192,3.7963932
2023-03-01 10:00:00,2.6349273,3.7854812
2023-03-01 11:00:00,2.9676254,3.7868855
2023-03-01 12:00:00,3.1481416,3.7890089
2023-03-01 13:00:00,3.2352383,3.85364
2023-03-01 14:00:00,3.3097243,3.8003032
2023-03-01 15:00:00,3.1197307,3.793324
2023-03-01 16:00:00,2.8877068,3.7958953
2023-03-01 18:00:00,2.7059493,3.7896216
2023-03-01 19:00:00,2.701227,3.8533635
2023-03-01 20:00:00,2.403226,3.8548005
2023-03-01 21:00:00,2.3167171,3.8462522
2023-03-01 23:00:00,2.3229213,3.8445516
2023-03-02 01:00:00,2.4320865,3.8359096
2023-03-02 03:00:00,2.5613096,3.771287
2023-03-02 05:00:00,2.493778,3.8180397
2023-03-02 06:00:00,2.769592,3.8182063
2023-03-02 07:00:00,2.4581993,3.8042428
2023-03-02 08:00:00,2.3403633,3.8106208
2023-03-02 10:00:00,2.2189302,3.8359642
2023-03-02 11:00:00,2.2663379,3.8074286
2023-03-02 13:00:00,2.168736,3.8722053
2023-03-02 15:00:00,2.670292,3.7134001
2023-03-02 16:00:00,3.2966113,3.9013567
2023-03-02 18:00:00,3.251655,3.9255245
2023-03-02 19:00:00,3.027462,3.8867884
2023-03-02 20:00:00,2.7187712,3.8611696
2023-03-02 21:00:00,2.5463972,3.8690667
2023-03-02 23:00:00,2.4347987,3.8661823
2023-03-03 00:00:00,2.308125,3.8541892
2023-03-03 01:00:00,2.1279922,3.844465
2023-03-03 03:00:00,2.2090964,3.7934575
2023-03-03 04:00:00,2.5661287,3.8561265
2023-03-03 05:00:00,3.4542987,3.9174795
2023-03-03 07:00:00,3.1543677,3.8745499
2023-03-03 08:00:00,2.552623,3.811276
2023-03-03 09:00:00,2.2809758,3.8115344
2023-03-03 10:00:00,2.2551398,3.8436828
2023-03-03 12:00:00,2.2491171,3.8675425
2023-03-03 13:00:00,2.1296535,3.8706815
2023-03-03 14:00:00,2.2125902,3.872087
2023-03-03 16:00:00,2.6015663,3.8652973
2023-03-03 17:00:00,3.336671,3.9059513
2023-03-03 18:00:00,3.6676624,4.023808
2023-03-03 19:00:00,3.1160688,3.9503212
2023-03-03 20:00:00,2.9111125,3.9162304
2023-03-03 22:00:00,2.588238,3.9282098
2023-03-03 23:00:00,2.42778,3.954484
2023-03-04 00:00:00,2.2130556,3.904557
2023-03-04 02:00:00,1.9931428,3.9124525
2023-03-04 03:00:00,1.9162575,3.9109259
2023-03-04 04:00:00,1.9931182,3.8714614
2023-03-04 05:00:00,3.2664979,3.9342089
2023-03-04 07:00:00,3.7730873,3.9861486
2023-03-04 08:00:00,2.9733348,3.8702686
2023-03-04 09:00:00,2.5253577,3.8868291
2023-03-04 10:00:00,2.2886648,3.7433794
2023-03-04 11:00:00,2.2145934,3.875668
2023-03-04 14:00:00,2.166858,3.8914108
2023-03-04 17:00:00,2.1982434,3.878081
2023-03-04 19:00:00,2.247763,3.876351
2023-03-04 21:00:00,3.38764,3.9516418
2023-03-04 22:00:00,3.1566343,3.9737325
2023-03-04 23:00:00,2.6238756,3.8498893
2023-03-05 01:00:00,2.638892,3.8348777
2023-03-05 03:00:00,2.4310746,3.8635576
2023-03-05 04:00:00,2.30872,3.8527532
2023-03-05 07:00:00,2.1287906,3.8318589
2023-03-05 08:00:00,2.6277776,3.8299937
2023-03-05 09:00:00,3.1909177,3.9286351
2023-03-05 11:00:00,3.0176666,3.8847067
2023-03-05 12:00:00,2.636053,3.7876365
2023-03-05 13:00:00,2.335416,3.8046231
2023-03-05 15:00:00,2.2252576,3.8922467
2023-03-05 17:00:00,2.211806,3.7964032
2023-03-05 19:00:00,2.613252,3.856616
2023-03-05 20:00:00,3.4980507,4.0288014
2023-03-05 21:00:00,3.2210379,3.8981094
2023-03-05 23:00:00,3.0676625,3.7761176
2023-03-06 01:00:00,2.7096622,3.813381
2023-03-06 04:00:00,2.598052,3.831162
2023-03-06 06:00:00,2.3921676,3.8359725
2023-03-06 07:00:00,2.33722,3.8406873
2023-03-06 09:00:00,3.2324076,3.94449
2023-03-06 11:00:00,3.4351683,3.9228425
2023-03-06 12:00:00,3.0039508,3.8483958
2023-03-06 13:00:00,2.6017048,3.82136
2023-03-06 15:00:00,2.2091453,3.7937908
2023-03-06 16:00:00,2.2046242,3.7920063
2023-03-06 17:00:00,2.2138817,3.7431855
2023-03-06 19:00:00,3.083395,3.886949
2023-03-06 22:00:00,3.8731036,4.0044627
2023-03-06 23:00:00,3.6015322,3.926896
2023-03-07 01:00:00,2.7485185,3.8056214
2023-03-07 02:00:00,2.328571,3.7357805
2023-03-07 03:00:00,2.2841601,3.7717886
2023-03-07 05:00:00,2.139689,3.7910497
2023-03-07 06:00:00,1.9762784,3.8453085
2023-03-07 07:00:00,3.0665076,3.9153275
2023-03-07 08:00:00,3.8360648,4.0702686
2023-03-07 10:00:00,3.3859377,3.9042158
2023-03-07 11:00:00,3.060183,3.8033743
2023-03-07 12:00:00,2.395635,3.7130568
2023-03-07 16:00:00,2.2945359,3.7823207
2023-03-07 18:00:00,2.3144357,3.7776842
2023-03-07 20:00:00,2.091825,3.8359394
2023-03-07 21:00:00,3.2996907,3.9477549
2023-03-08 04:00:00,3.65951,3.9771028
2023-03-08 06:00:00,3.604566,3.907197
2023-03-08 07:00:00,3.217961,3.8146079
2023-03-08 08:00:00,3.3717718,3.866941
2023-03-08 09:00:00,3.4763138,3.9083815
2023-03-08 10:00:00,3.4631438,3.8606544
2023-03-08 11:00:00,3.1783588,3.8186169
2023-03-08 12:00:00,2.8061657,3.8360293
2023-03-08 13:00:00,2.66313,3.859005
2023-03-08 14:00:00,2.48033,3.785343
2023-03-08 15:00:00,2.3375025,3.7121165
2023-03-08 16:00:00,2.2154634,3.7800357
2023-03-08 17:00:00,2.390978,3.753242
2023-03-08 18:00:00,3.7365453,3.8965983
2023-03-08 19:00:00,4.108214,3.9256768
2023-03-08 20:00:00,4.2141585,4.012097
2023-03-08 21:00:00,3.9090714,3.905833
2023-03-08 22:00:00,3.3431923,3.8128319
2023-03-08 23:00:00,3.0076573,3.8131893
2023-03-09 00:00:00,2.7573168,3.830757
2023-03-09 01:00:00,2.5887804,3.8291233
2023-03-09 02:00:00,2.3659706,3.8372831
2023-03-09 03:00:00,2.159996,3.8394496
2023-03-09 04:00:00,2.1012397,3.8401465
2023-03-09 05:00:00,2.414303,3.8584106
2023-03-09 06:00:00,3.5127017,3.9140918
2023-03-09 07:00:00,3.6348405,3.830798
2023-03-09 08:00:00,3.9812598,3.9635832
2023-03-09 09:00:00,3.790264,3.980556
2023-03-09 10:00:00,3.3938367,3.837502
2023-03-09 11:00:00,3.0158112,3.8788989
2023-03-09 12:00:00,2.733852,3.8521786
2023-03-09 13:00:00,2.567625,3.863766
2023-03-09 14:00:00,2.4266112,3.8690407
2023-03-09 15:00:00,2.2709858,3.8687143
2023-03-09 16:00:00,2.1548796,3.8671339
2023-03-09 17:00:00,2.1829062,3.8149805
2023-03-09 18:00:00,3.4880173,3.8752394
2023-03-09 19:00:00,3.8746188,3.959504
2023-03-09 20:00:00,4.396103,4.066812
2023-03-09 21:00:00,4.2798643,4.0007043
2023-03-09 22:00:00,3.6049292,3.9138975
2023-03-09 23:00:00,3.2475743,3.8768675
2023-03-10 00:00:00,2.9508903,3.8948712
2023-03-10 01:00:00,2.717469,3.9045594
2023-03-10 02:00:00,2.510711,3.89938
2023-03-10 03:00:00,2.4279943,3.9047017
2023-03-10 04:00:00,2.2624924,3.852125
2023-03-10 05:00:00,2.1723845,3.858563
2023-03-10 06:00:00,2.8963165,3.896685
2023-03-10 07:00:00,3.62953,3.9234219
2023-03-10 08:00:00,4.0101748,3.9823675
2023-03-10 09:00:00,4.0327754,3.9744928
2023-03-10 10:00:00,3.8758385,3.7635
2023-03-10 11:00:00,3.3287714,3.8326523
2023-03-10 12:00:00,3.058026,3.7897465
2023-03-10 13:00:00,2.6370761,3.851036
2023-03-10 14:00:00,2.5107028,3.8447704
2023-03-10 15:00:00,2.3731594,3.7847533
2023-03-10 16:00:00,2.2549236,3.8405912
2023-03-10 17:00:00,2.1613553,3.843939
2023-03-10 18:00:00,2.7100275,3.8658879
2023-03-10 19:00:00,3.7653518,3.924397
2023-03-10 20:00:00,4.1310973,3.9727707
2023-03-10 21:00:00,4.184621,3.9820676
2023-03-10 22:00:00,3.7116802,3.9306104
2023-03-10 23:00:00,3.3386168,3.8018007
2023-03-11 00:00:00,3.0880094,3.8878908
2023-03-11 01:00:00,2.8603723,3.908123
2023-03-11 02:00:00,2.5936608,3.906904
2023-03-11 03:00:00,2.4311163,3.9132767
2023-03-11 04:00:00,2.2576857,3.925325
2023-03-11 05:00:00,2.08846,3.8723354
2023-03-11 06:00:00,2.4335198,3.8811688
2023-03-11 07:00:00,3.510783,3.8667936
2023-03-11 08:00:00,3.932742,3.9659708
2023-03-11 09:00:00,4.199633,4.016363
2023-03-11 10:00:00,3.8617551,3.9231708
2023-03-11 11:00:00,3.4098034,3.8417823
2023-03-11 12:00:00,3.215429,3.8462434
2023-03-11 13:00:00,2.8454027,3.859473
2023-03-11 14:00:00,2.6601079,3.9182112
2023-03-11 15:00:00,2.4303932,3.9132721
2023-03-11 16:00:00,2.2787561,3.8518631
2023-03-11 17:00:00,2.06743,3.7278934
2023-03-11 18:00:00,2.3537748,3.8555603
2023-03-11 19:00:00,3.5068715,3.9435372
2023-03-11 20:00:00,3.9082663,3.947424
2023-03-11 21:00:00,4.279388,4.0243974
2023-03-11 22:00:00,4.067115,4.0257053
2023-03-11 23:00:00,3.5477755,3.9014857
2023-03-12 00:00:00,3.251535,3.8859727
2023-03-12 01:00:00,2.9913776,3.9041405
2023-03-12 02:00:00,2.7345295,3.9059386
2023-03-12 03:00:00,2.525749,3.898804
2023-03-12 04:00:00,2.3238714,3.6701653
2023-03-12 05:00:00,2.1816792,3.8508053
2023-03-12 06:00:00,2.2673523,3.8798351
2023-03-12 07:00:00,2.9109619,3.8364875
2023-03-12 08:00:00,3.728205,3.8652933
2023-03-12 09:00:00,4.137075,3.9449897
2023-03-12 10:00:00,4.0377884,3.8982751
2023-03-12 11:00:00,3.7384365,3.8092036
2023-03-12 12:00:00,3.312613,3.7435768
2023-03-12 13:00:00,2.9847827,3.7419128
2023-03-12 14:00:00,2.7185254,3.7443411
2023-03-12 15:00:00,2.6020148,3.747001
2023-03-12 16:00:00,2.3800836,3.7623272
2023-03-12 17:00:00,2.2588243,3.7491164
2023-03-12 18:00:00,2.1697235,3.7500393
2023-03-12 19:00:00,2.7244718,3.7852714
2023-03-12 20:00:00,3.73511,3.8479674
2023-03-12 21:00:00,4.173171,3.9258926
2023-03-12 22:00:00,4.0714107,3.8891644
2023-03-12 23:00:00,3.8422394,3.7879393
2023-03-13 00:00:00,3.276115,3.7721376
2023-03-13 01:00:00,3.090211,3.7914703
2023-03-13 02:00:00,2.8672545,3.8006883
2023-03-13 03:00:00,2.5858407,3.8026733
2023-03-13 04:00:00,2.418504,3.7485328
2023-03-13 05:00:00,2.3392098,3.7590365
2023-03-13 06:00:00,2.2739959,3.766742
2023-03-13 07:00:00,2.6246958,3.7854302
2023-03-13 08:00:00,3.684269,3.7852027
2023-03-13 09:00:00,3.9500408,3.8820279
2023-03-13 10:00:00,4.167265,4.007853
2023-03-13 11:00:00,3.9480817,3.8425126
2023-03-13 12:00:00,3.5002632,3.9517076
2023-03-13 13:00:00,3.2381485,3.7971504
2023-03-13 14:00:00,3.0596457,3.7986
2023-03-13 15:00:00,2.7896378,3.864796
2023-03-13 16:00:00,2.5454588,3.8092237
2023-03-13 17:00:00,2.4068646,3.8096242
2023-03-13 18:00:00,2.270822,3.8868294
2023-03-13 19:00:00,2.4685488,3.846744
2023-03-13 20:00:00,3.4573147,3.9141538
2023-03-13 21:00:00,3.7077906,3.9853766
2023-03-13 22:00:00,3.8701012,3.9506629
2023-03-13 23:00:00,3.752077,3.9790018
2023-03-14 00:00:00,3.2901342,3.8338592
2023-03-14 01:00:00,2.9053853,3.8078375
2023-03-14 02:00:00,2.6340024,3.8497734
2023-03-14 03:00:00,2.4615366,3.8764596
2023-03-14 04:00:00,2.3170552,3.8789265
2023-03-14 05:00:00,2.197805,3.8768516
2023-03-14 06:00:00,2.0541165,3.817567
2023-03-14 07:00:00,2.2186222,3.88109
2023-03-14 08:00:00,2.5435097,3.8870122
2023-03-14 09:00:00,3.3551931,3.8263175
2023-03-14 10:00:00,3.6970801,3.910994
2023-03-14 11:00:00,3.8193324,3.8695447
2023-03-14 12:00:00,3.5553923,3.8838825
2023-03-14 13:00:00,3.0997252,3.8441396
2023-03-14 14:00:00,2.73396,3.8525395
2023-03-14 15:00:00,2.5506644,3.8126318
2023-03-14 16:00:00,2.4308631,3.8622172
2023-03-14 17:00:00,2.2603452,3.8638453
2023-03-14 18:00:00,2.0974,3.8661852
2023-03-14 19:00:00,2.054449,3.8650975
2023-03-14 20:00:00,2.4160159,3.8684363
2023-03-14 21:00:00,3.1867085,3.871615
2023-03-14 22:00:00,3.4588926,3.880337
2023-03-14 23:00:00,3.5554655,3.896718
2023-03-15 00:00:00,3.346345,3.8575833
2023-03-15 01:00:00,2.9371545,3.8266714
2023-03-15 02:00:00,2.6824665,3.846738
2023-03-15 03:00:00,2.4844248,3.87733
2023-03-15 04:00:00,2.3619585,3.8838937
2023-03-15 05:00:00,2.127348,3.892996
2023-03-15 06:00:00,2.0006216,3.8919656
2023-03-15 07:00:00,1.9167775,3.9001136
2023-03-15 08:00:00,2.3422804,3.8885496
2023-03-15 09:00:00,3.2545831,3.895749
2023-03-15 10:00:00,3.6842184,3.8625653
2023-03-15 11:00:00,3.7150347,3.9297137
2023-03-15 12:00:00,3.576521,3.8299644
2023-03-15 13:00:00,3.396372,3.6857877
2023-03-15 14:00:00,3.0321875,3.7436543
2023-03-15 15:00:00,2.930708,3.7574816
2023-03-15 16:00:00,2.660223,3.747559
2023-03-15 17:00:00,2.4242964,3.737673
2023-03-15 18:00:00,2.2858093,3.7315662
2023-03-15 19:00:00,2.128941,3.7176409
2023-03-15 20:00:00,2.2807133,3.7099886
2023-03-15 21:00:00,2.8056505,3.7031775
2023-03-15 22:00:00,3.1796849,3.701768
2023-03-15 23:00:00,3.3140023,3.6915588
2023-03-16 00:00:00,3.3089156,3.6825216
2023-03-16 01:00:00,3.1397722,3.7193103
2023-03-16 02:00:00,2.8031158,3.6799488
2023-03-16 03:00:00,2.733214,3.6980233
2023-03-16 04:00:00,2.5334651,3.7158382
2023-03-16 05:00:00,2.3822818,3.7265818
2023-03-16 06:00:00,2.2951374,3.7385793
2023-03-16 07:00:00,2.2199936,3.7438147
2023-03-16 08:00:00,2.2455049,3.7520306
2023-03-16 09:00:00,2.7502072,3.7714655
2023-03-16 10:00:00,3.356687,3.8126168
2023-03-16 11:00:00,3.621097,3.8335948
2023-03-16 12:00:00,3.299612,3.7911937
2023-03-16 13:00:00,3.6894774,3.5396132
2023-03-16 14:00:00,3.6608615,3.7250783
2023-03-16 15:00:00,3.355574,3.7906141
2023-03-16 16:00:00,3.1612947,3.6381922
2023-03-16 17:00:00,2.9034503,3.6704898
2023-03-16 18:00:00,2.760063,3.7466722
2023-03-16 19:00:00,2.583862,3.7382183
2023-03-16 20:00:00,2.5091774,3.7315967
2023-03-16 21:00:00,2.52444,3.7234304
2023-03-16 22:00:00,3.2645216,3.626769
2023-03-16 23:00:00,2.7715504,3.6789334
2023-03-17 00:00:00,2.969539,3.710971
2023-03-17 01:00:00,2.874354,3.6958036
2023-03-17 02:00:00,2.9411936,3.6998234
2023-03-17 03:00:00,3.015574,3.7226248
2023-03-17 04:00:00,2.7362528,3.7176163
2023-03-17 05:00:00,2.5958786,3.7279952
2023-03-17 06:00:00,2.5380805,3.7394185
2023-03-17 07:00:00,2.4885557,3.7461796
2023-03-17 08:00:00,2.4995966,3.7536404
2023-03-17 09:00:00,2.338295,3.8136322
2023-03-17 10:00:00,2.4030747,3.7726033
2023-03-17 11:00:00,2.7779167,3.66746
2023-03-17 12:00:00,3.1631525,3.8595278
2023-03-17 13:00:00,3.4722497,3.8374417
2023-03-17 14:00:00,3.7081885,3.9152887
2023-03-17 15:00:00,3.6528518,3.8903556
2023-03-17 16:00:00,3.4746022,3.79749
2023-03-17 17:00:00,3.471098,3.7930648
2023-03-17 18:00:00,3.1622443,3.8503485
2023-03-17 19:00:00,2.9201167,3.8294373
2023-03-17 20:00:00,2.7404602,3.7599003
2023-03-17 21:00:00,2.628767,3.7519422
2023-03-17 22:00:00,2.429516,3.8216138
2023-03-17 23:00:00,2.4982514,3.7752504
2023-03-18 00:00:00,2.6110845,3.7613907
2023-03-18 01:00:00,2.4955196,3.7339356
2023-03-18 02:00:00,2.9618356,3.7584746
2023-03-18 03:00:00,2.893327,3.7426274
2023-03-18 04:00:00,2.9741092,3.7545557
2023-03-18 05:00:00,3.155741,3.772226
2023-03-18 06:00:00,2.9054728,3.7548573
2023-03-18 07:00:00,2.6894724,3.7483642
2023-03-18 08:00:00,2.5839305,3.7671733
2023-03-18 09:00:00,2.3880224,3.7769976
2023-03-18 10:00:00,2.3169057,3.7197366
2023-03-18 11:00:00,2.2507682,3.776887
2023-03-18 12:00:00,2.1969035,3.785245
2023-03-18 13:00:00,2.5273626,3.7270548
2023-03-18 14:00:00,3.0704873,3.856012
2023-03-18 15:00:00,3.4685154,3.8251836
2023-03-18 16:00:00,3.833243,3.8630745
2023-03-18 17:00:00,3.9304347,3.9409022
2023-03-18 18:00:00,3.804262,3.824751
2023-03-18 19:00:00,3.2354398,3.8129816
2023-03-18 20:00:00,3.1243613,3.8289917
2023-03-18 21:00:00,2.7604675,3.8159416
2023-03-18 22:00:00,2.5259461,3.8166614
2023-03-18 23:00:00,2.3647437,3.827041
2023-03-19 00:00:00,2.184561,3.7747471
2023-03-19 01:00:00,2.1966746,3.6599066
2023-03-19 02:00:00,2.5950825,3.7799292
2023-03-19 03:00:00,3.1487608,3.8092973
2023-03-19 04:00:00,3.315439,3.797606
2023-03-19 05:00:00,3.4361272,3.8103104
2023-03-19 06:00:00,3.3741653,3.860699
2023-03-19 07:00:00,2.9247131,3.7918541
2023-03-19 08:00:00,2.8443732,3.744965
2023-03-19 09:00:00,2.655504,3.8155758
2023-03-19 10:00:00,2.453245,3.8233788
2023-03-19 11:00:00,2.3640199,3.764031
2023-03-19 12:00:00,2.1152284,3.7721498
2023-03-19 13:00:00,2.0422351,3.7943854
2023-03-19 14:00:00,2.1932528,3.7974088
2023-03-19 15:00:00,3.0881999,3.8215158
2023-03-19 16:00:00,3.7016861,3.8599448
2023-03-19 17:00:00,4.0976906,3.9254906
2023-03-19 18:00:00,4.0843387,3.9750528
2023-03-19 19:00:00,3.6493785,3.8670945
2023-03-19 20:00:00,3.2184615,3.8193626
2023-03-19 21:00:00,3.0338187,3.8300836
2023-03-19 22:00:00,2.7797718,3.8240106
2023-03-19 23:00:00,2.5009317,3.8263335
2023-03-20 00:00:00,2.418139,3.8362732
2023-03-20 01:00:00,2.3341434,3.8426692
2023-03-20 02:00:00,2.2262464,3.7222464
2023-03-20 03:00:00,2.6902478,3.785422
2023-03-20 04:00:00,3.2872553,3.8173485
2023-03-20 05:00:00,3.3965795,3.8112986
2023-03-20 06:00:00,3.7516482,3.860311
2023-03-20 07:00:00,3.7315283,3.8417797
2023-03-20 08:00:00,3.3702989,3.7666345
2023-03-20 09:00:00,3.00788,3.8067956
2023-03-20 10:00:00,2.7206192,3.7619731
2023-03-20 11:00:00,2.5189025,3.758299
2023-03-20 12:00:00,2.3695514,3.7538483
2023-03-20 13:00:00,2.1942976,3.7566369
2023-03-20 14:00:00,2.0320685,3.7678163
2023-03-20 15:00:00,2.249337,3.66002
2023-03-20 16:00:00,3.434523,3.715195
2023-03-20 17:00:00,4.001987,3.6990445
2023-03-20 18:00:00,4.3079796,3.7572489
2023-03-20 19:00:00,4.1416984,3.914204
2023-03-20 20:00:00,3.7725832,3.9432094
2023-03-20 21:00:00,3.3797445,3.859973
2023-03-20 22:00:00,3.0522816,3.6461751
2023-03-20 23:00:00,2.7893972,3.570402
2023-03-21 00:00:00,2.5089216,3.5711842
2023-03-21 01:00:00,2.3518693,3.5775032
2023-03-21 02:00:00,2.158726,3.4866135
2023-03-21 03:00:00,2.0965474,3.5529149
2023-03-21 04:00:00,3.0000422,3.6323235
2023-03-21 05:00:00,3.665255,3.7044275
2023-03-21 06:00:00,3.8563774,3.6624637
2023-03-21 07:00:00,3.9386346,3.6401258
2023-03-21 08:00:00,3.671169,3.7469342
2023-03-21 09:00:00,3.3131127,3.6656308
2023-03-21 10:00:00,2.9417346,3.5557127
2023-03-21 11:00:00,2.6921039,3.5107853
2023-03-21 12:00:00,2.5188076,3.4607615
2023-03-21 13:00:00,2.353147,3.5406504
2023-03-21 14:00:00,2.1119308,3.551078
2023-03-21 15:00:00,2.100447,3.4910724
2023-03-21 16:00:00,2.4572442,3.5044272
2023-03-21 17:00:00,3.7380621,3.5629616
2023-03-21 18:00:00,4.147023,3.7096734
2023-03-21 19:00:00,4.332745,3.9022114
2023-03-21 20:00:00,4.1867614,3.6775937
2023-03-21 21:00:00,3.639174,3.5899394
2023-03-21 22:00:00,3.2887645,3.5619025
2023-03-21 23:00:00,3.0585382,3.5700254
2023-03-22 00:00:00,2.8320372,3.505928
2023-03-22 01:00:00,2.6022682,3.5125637
2023-03-22 02:00:00,2.4333203,3.5092556
2023-03-22 03:00:00,2.2591624,3.5134726
2023-03-22 04:00:00,2.2466931,3.5282912
2023-03-22 05:00:00,3.7209525,3.6248932
2023-03-22 06:00:00,3.734874,3.6585822
2023-03-22 07:00:00,4.2762995,3.797942
2023-03-22 08:00:00,4.234086,3.722749
2023-03-22 09:00:00,3.68759,3.5288718
2023-03-22 10:00:00,3.2954755,3.4631524
2023-03-22 11:00:00,3.0257995,3.5499277
2023-03-22 12:00:00,2.890171,3.5145204
2023-03-22 13:00:00,2.699611,3.5107498
2023-03-22 14:00:00,2.442632,3.516134
2023-03-22 15:00:00,2.2661963,3.516363
2023-03-22 16:00:00,2.226951,3.4635487
2023-03-22 17:00:00,2.9772604,3.6237295
2023-03-22 18:00:00,4.021639,3.733326
2023-03-22 19:00:00,4.562191,3.8542976
2023-03-22 20:00:00,4.3174233,4.160468
2023-03-22 21:00:00,4.158563,4.117242
2023-03-22 22:00:00,3.6568,4.011482
2023-03-22 23:00:00,3.3775244,3.8406491
2023-03-23 00:00:00,3.0630574,3.7086473
2023-03-23 01:00:00,2.8516738,3.6665819
2023-03-23 02:00:00,2.622796,3.697871
2023-03-23 03:00:00,2.4505322,3.6378267
2023-03-23 04:00:00,2.2917562,3.646698
2023-03-23 05:00:00,2.889407,3.7325597
2023-03-23 06:00:00,3.8725266,3.849313
2023-03-23 07:00:00,4.110541,3.8946977
2023-03-23 08:00:00,4.393466,3.9280107
2023-03-23 09:00:00,4.136787,4.022769
2023-03-23 10:00:00,3.58188,4.0106945
2023-03-23 11:00:00,3.2559063,3.8745298
2023-03-23 12:00:00,2.9448838,3.6747708
2023-03-23 13:00:00,2.770769,3.6913729
2023-03-23 14:00:00,2.6203363,3.5805082
2023-03-23 15:00:00,2.46539,3.6516027
2023-03-23 16:00:00,2.3860512,3.6607149
2023-03-23 17:00:00,2.2493625,3.5198712
2023-03-23 18:00:00,3.3068123,3.749893
2023-03-23 19:00:00,3.8134673,3.8187535
2023-03-23 20:00:00,4.43185,3.9535253
2023-03-23 21:00:00,4.420921,4.27707
2023-03-23 22:00:00,3.8236475,4.208139
2023-03-23 23:00:00,3.5514402,4.0828753
2023-03-24 00:00:00,3.2598526,3.7960098
2023-03-24 01:00:00,3.0010242,3.742108
2023-03-24 02:00:00,2.7073996,3.700451
2023-03-24 03:00:00,2.5947309,3.657107
2023-03-24 04:00:00,2.4477558,3.7312737
2023-03-24 05:00:00,2.20399,3.6794012
2023-03-24 06:00:00,3.0877504,3.7649615
2023-03-24 07:00:00,3.9925518,3.8818235
2023-03-24 08:00:00,4.53259,3.9315784
2023-03-24 09:00:00,4.462725,4.3378057
2023-03-24 10:00:00,4.0550685,4.291965
2023-03-24 11:00:00,3.5791123,4.1750145
2023-03-24 12:00:00,3.2940452,3.8681924
2023-03-24 13:00:00,3.0618474,3.7591376
2023-03-24 14:00:00,2.8695173,3.7107284
2023-03-24 15:00:00,2.5407276,3.7304566
2023-03-24 16:00:00,2.5050292,3.7440853
2023-03-24 17:00:00,2.3723605,3.6819086
2023-03-24 18:00:00,3.1668708,3.7684686
2023-03-24 19:00:00,4.125287,3.9884288
2023-03-24 20:00:00,4.607842,4.02001
2023-03-24 21:00:00,4.4268546,4.15554
2023-03-24 22:00:00,4.1817803,4.150344
2023-03-24 23:00:00,3.7071807,4.145121
2023-03-25 00:00:00,3.4284565,3.8884757
2023-03-25 01:00:00,3.1767201,3.7569942
2023-03-25 02:00:00,2.8962402,3.708483
2023-03-25 03:00:00,2.7175746,3.7209213
2023-03-25 04:00:00,2.533713,3.6560528
2023-03-25 05:00:00,2.4278553,3.6629677
2023-03-25 06:00:00,2.9435227,3.723975
2023-03-25 07:00:00,3.9330666,3.846845
2023-03-25 08:00:00,4.07919,3.7996678
2023-03-25 09:00:00,4.49454,4.0429063
2023-03-25 10:00:00,4.275771,4.140108
2023-03-25 11:00:00,3.795686,4.1128926
2023-03-25 12:00:00,3.4643419,3.947259
2023-03-25 13:00:00,3.133697,3.8044171
2023-03-25 14:00:00,2.9546306,3.6850948
2023-03-25 15:00:00,2.724237,3.699701
2023-03-25 16:00:00,2.649166,3.7244554
2023-03-25 17:00:00,2.4693642,3.6510124
2023-03-25 18:00:00,2.4876695,3.6664426
2023-03-25 19:00:00,3.9106605,3.8468246
2023-03-25 20:00:00,3.9353912,3.8415823
2023-03-25 21:00:00,4.3497367,3.942518
2023-03-25 22:00:00,4.1257563,3.9816768
2023-03-25 23:00:00,3.7443414,3.9905188
2023-03-26 00:00:00,3.4433272,3.9017293
2023-03-26 01:00:00,3.1291416,3.7462165
2023-03-26 02:00:00,2.9431655,3.6936657
2023-03-26 03:00:00,2.730691,3.6318643
2023-03-26 04:00:00,2.5451136,3.642126
2023-03-26 05:00:00,2.38151,3.5758557
2023-03-26 06:00:00,2.2669928,3.5871813
2023-03-26 07:00:00,3.2860322,3.6175783
2023-03-26 08:00:00,3.8696737,3.747726
2023-03-26 09:00:00,4.303349,3.8545055
2023-03-26 10:00:00,4.208711,4.016352
2023-03-26 11:00:00,4.0853286,4.061319
2023-03-26 12:00:00,3.5752764,3.9774926
2023-03-26 13:00:00,3.2421098,3.7120469
2023-03-26 14:00:00,2.9835021,3.6498232
2023-03-26 15:00:00,2.877697,3.6063118
2023-03-26 16:00:00,2.7305803,3.6223636
2023-03-26 17:00:00,2.56107,3.6227758
2023-03-26 18:00:00,2.513935,3.5588043
2023-03-26 19:00:00,3.0314732,3.6330936
2023-03-26 20:00:00,3.7735362,3.7250648
2023-03-26 21:00:00,4.1990824,3.8110554
2023-03-26 22:00:00,4.014351,3.9793365
2023-03-26 23:00:00,3.9482033,3.9684582
2023-03-27 00:00:00,3.6238942,3.9134026
2023-03-27 01:00:00,3.2549584,3.7132215
2023-03-27 02:00:00,3.0446723,3.6502829
2023-03-27 03:00:00,2.8294926,3.477984
2023-03-27 04:00:00,2.7507887,3.6082296
2023-03-27 05:00:00,2.513875,3.6089828
2023-03-27 06:00:00,2.488297,3.554356
2023-03-27 07:00:00,2.888695,3.6868753
2023-03-27 08:00:00,3.7589872,3.7356315
2023-03-27 09:00:00,4.0531154,3.7682927
2023-03-27 10:00:00,4.0988626,3.8260016
2023-03-27 11:00:00,4.1036954,4.0935125
2023-03-27 12:00:00,3.6999102,4.102781
2023-03-27 13:00:00,3.5032926,3.8750637
2023-03-27 14:00:00,3.1886497,3.7093656
2023-03-27 15:00:00,2.9966588,3.6729717
2023-03-27 16:00:00,2.83949,3.6339715
2023-03-27 17:00:00,2.6892529,3.638969
2023-03-27 18:00:00,2.5849328,3.642183
2023-03-27 19:00:00,2.7520537,3.5892015
2023-03-27 20:00:00,3.2438369,3.7262707
2023-03-27 21:00:00,3.8881598,3.7622902
2023-03-27 22:00:00,3.833797,3.7447965
2023-03-27 23:00:00,3.8083923,3.6014743
2023-03-28 00:00:00,3.447163,3.7265725
2023-03-28 01:00:00,3.2154112,3.6767507
2023-03-28 02:00:00,2.9762797,3.514927
2023-03-28 03:00:00,2.8508692,3.5217104
2023-03-28 04:00:00,2.691587,3.5390048
2023-03-28 05:00:00,2.5985396,3.5401175
2023-03-28 06:00:00,2.451561,3.5370762
2023-03-28 07:00:00,2.5369785,3.5563827
2023-03-28 08:00:00,3.4051418,3.5687387
2023-03-28 09:00:00,3.8279045,3.6244912
2023-03-28 10:00:00,4.1357474,3.7757475
2023-03-28 11:00:00,3.9861364,3.860289
2023-03-28 12:00:00,3.9434445,3.9451523
2023-03-28 13:00:00,3.5553398,3.8390784
2023-03-28 14:00:00,3.1976745,3.6420195
2023-03-28 15:00:00,3.0334342,3.5805597
2023-03-28 16:00:00,2.9453523,3.5364215
2023-03-28 17:00:00,2.7811787,3.545878
2023-03-28 18:00:00,2.5982583,3.5354128
2023-03-28 19:00:00,2.6077943,3.5568411
2023-03-28 20:00:00,2.9884384,3.61116
2023-03-28 21:00:00,3.403275,3.6505263
2023-03-28 22:00:00,3.5498881,3.674258
2023-03-28 23:00:00,3.655872,3.6705704
2023-03-29 00:00:00,3.396236,3.574094
2023-03-29 01:00:00,3.1533782,3.5081112
2023-03-29 02:00:00,2.984119,3.4850485
2023-03-29 03:00:00,2.960571,3.5133138
2023-03-29 04:00:00,2.806143,3.5219994
2023-03-29 05:00:00,2.6183612,3.5229757
2023-03-29 06:00:00,2.5392852,3.4612627
2023-03-29 07:00:00,2.6314156,3.4722142
2023-03-29 08:00:00,2.992166,3.5252213
2023-03-29 09:00:00,3.6292167,3.6000133
2023-03-29 10:00:00,4.005761,3.7300317
2023-03-29 11:00:00,3.9554403,3.684862
2023-03-29 12:00:00,4.067509,3.8252099
2023-03-29 13:00:00,3.661881,3.954561
2023-03-29 14:00:00,3.4378555,3.8146188
2023-03-29 15:00:00,3.2987785,3.5771995
2023-03-29 16:00:00,3.2460005,3.5184786
2023-03-29 17:00:00,3.0991695,3.5258305
2023-03-29 18:00:00,2.8861978,3.5191383
2023-03-29 19:00:00,2.9294481,3.5482829
2023-03-29 20:00:00,2.9193606,3.640749
2023-03-29 21:00:00,3.1188068,3.5750914
2023-03-29 22:00:00,3.3210468,3.6101298
2023-03-29 23:00:00,3.3565264,3.6241121
2023-03-30 00:00:00,3.0767474,3.5623255
2023-03-30 01:00:00,3.2343123,3.4673944
2023-03-30 02:00:00,2.8969944,3.4904542
2023-03-30 03:00:00,2.790992,3.4904532
2023-03-30 04:00:00,2.751643,3.5075572
2023-03-30 05:00:00,2.6842906,3.527921
2023-03-30 06:00:00,2.6244614,3.5319412
2023-03-30 07:00:00,2.8334029,3.4895427
2023-03-30 08:00:00,2.7903001,3.5587466
2023-03-30 09:00:00,3.1249835,3.6002007
2023-03-30 10:00:00,3.455845,3.5636592
2023-03-30 11:00:00,3.7706954,3.6717997
2023-03-30 12:00:00,3.789601,3.6616948
2023-03-30 13:00:00,3.373694,3.6393337
2023-03-30 14:00:00,3.337035,3.5526283
2023-03-30 15:00:00,3.2474883,3.4658313
2023-03-30 16:00:00,3.1878088,3.5379117
2023-03-30 17:00:00,3.1036658,3.553448
2023-03-30 18:00:00,2.9625366,3.538146
2023-03-30 19:00:00,2.8820465,3.4615324
2023-03-30 20:00:00,2.9502537,3.5440555
2023-03-30 21:00:00,2.9151428,3.5376773
2023-03-30 22:00:00,2.9603255,3.4512577
2023-03-30 23:00:00,2.7215173,3.4815624
2023-03-31 00:00:00,2.5780957,3.471013
2023-03-31 01:00:00,2.7650526,3.4144785
2023-03-31 02:00:00,3.0031905,3.452477
2023-03-31 03:00:00,2.8805196,3.4580007
2023-03-31 04:00:00,2.7137508,3.4322233
2023-03-31 05:00:00,2.7553327,3.4477913
2023-03-31 06:00:00,2.8473687,3.4668665
2023-03-31 07:00:00,2.8848903,3.4770837
2023-03-31 08:00:00,2.8727932,3.482839
2023-03-31 09:00:00,2.719936,3.462829
2023-03-31 10:00:00,2.9704802,3.4892192
2023-03-31 11:00:00,3.1558225,3.5132515
2023-03-31 12:00:00,3.2988758,3.5240293
2023-03-31 13:00:00,2.938531,3.475468
2023-03-31 14:00:00,3.3622751,3.3623528
2023-03-31 15:00:00,3.8075185,3.58557
2023-03-31 16:00:00,3.4900317,3.6160192
2023-03-31 17:00:00,3.3058069,3.557628
2023-03-31 18:00:00,3.3580992,3.4594996
2023-03-31 19:00:00,3.13147,3.5142577
2023-03-31 20:00:00,3.085047,3.4446292
2023-03-31 21:00:00,2.9794083,3.435081
2023-03-31 22:00:00,2.9179835,3.4296887
2023-03-31 23:00:00,2.7633321,3.4876785
2023-04-01 00:00:00,2.7774556,3.4137077
2023-04-01 01:00:00,2.8070436,3.434799
2023-04-01 02:00:00,3.0188212,3.4534864
2023-04-01 03:00:00,2.800504,3.4265916
2023-04-01 04:00:00,3.0679228,3.4531498
2023-04-01 05:00:00,3.2006512,3.4769177
2023-04-01 06:00:00,3.311446,3.4882216
2023-04-01 07:00:00,3.2160966,3.4684806
2023-04-01 08:00:00,3.0278277,3.4429784
2023-04-01 09:00:00,2.9831674,3.450286
2023-04-01 10:00:00,2.8472223,3.4455552
2023-04-01 11:00:00,2.7788346,3.4453182
2023-04-01 12:00:00,2.6631374,3.4444017
2023-04-01 13:00:00,2.7534914,3.4565685
2023-04-01 14:00:00,3.1109881,3.5757792
2023-04-01 15:00:00,3.575847,3.5726156
2023-04-01 16:00:00,3.959924,3.607773
2023-04-01 17:00:00,4.0598,3.5908859
2023-04-01 18:00:00,3.9403055,3.5343611
2023-04-01 19:00:00,3.608125,3.5283666
2023-04-01 20:00:00,3.2649803,3.4835305
2023-04-01 21:00:00,3.176587,3.4959667
2023-04-01 22:00:00,3.0199168,3.437584
2023-04-01 23:00:00,2.8579106,3.4287176
2023-04-02 00:00:00,2.755517,3.430043
2023-04-02 01:00:00,2.8402278,3.4368258
2023-04-02 02:00:00,2.985093,3.4411275
2023-04-02 03:00:00,3.4801214,3.513963
2023-04-02 04:00:00,3.3830688,3.4929085
2023-04-02 05:00:00,3.4913461,3.503241
2023-04-02 06:00:00,3.5577996,3.4966488
2023-04-02 07:00:00,3.633033,3.406682
2023-04-02 08:00:00,3.3242583,3.4185755
2023-04-02 09:00:00,3.1610613,3.4160726
2023-04-02 10:00:00,2.979525,3.4114506
2023-04-02 11:00:00,2.925836,3.373001
2023-04-02 12:00:00,2.8261774,3.4257898
2023-04-02 13:00:00,2.706508,3.430187
2023-04-02 14:00:00,2.8444264,3.4533706
2023-04-02 15:00:00,3.3694687,3.5231016
2023-04-02 16:00:00,4.183412,3.6604013
2023-04-02 17:00:00,4.4740777,3.956878
2023-04-02 18:00:00,4.2754908,4.1229157
2023-04-02 19:00:00,3.8708339,4.1129365
2023-04-02 20:00:00,3.7437575,3.95177
2023-04-02 21:00:00,3.492948,3.6889951
2023-04-02 22:00:00,3.221883,3.5473752
2023-04-02 23:00:00,3.0498197,3.5718527
2023-04-03 00:00:00,2.9781525,3.5298185
2023-04-03 01:00:00,2.8344772,3.5190623
2023-04-03 02:00:00,2.9615514,3.5576315
2023-04-03 03:00:00,3.8101628,3.7119944
2023-04-03 04:00:00,3.7863564,3.8135223
2023-04-03 05:00:00,3.8919551,3.7562027
2023-04-03 06:00:00,4.074775,3.8138576
2023-04-03 07:00:00,3.982512,3.8869424
2023-04-03 08:00:00,3.751788,3.9530737
2023-04-03 09:00:00,3.5424318,3.8160198
2023-04-03 10:00:00,3.3151217,3.5702584
2023-04-03 11:00:00,3.1358433,3.57087
2023-04-03 12:00:00,3.0625188,3.6113133
2023-04-03 13:00:00,2.8865857,3.6113474
2023-04-03 14:00:00,2.859855,3.6281023
2023-04-03 15:00:00,3.1093504,3.6683226
2023-04-03 16:00:00,4.2796383,3.775805
2023-04-03 17:00:00,4.7572794,3.9646678
2023-04-03 18:00:00,4.44963,3.8454664
2023-04-03 19:00:00,4.3514585,3.8090515
2023-04-03 20:00:00,4.1798463,3.7045603
2023-04-03 21:00:00,3.9151027,3.6658895
2023-04-03 22:00:00,3.6690278,3.6617396
2023-04-03 23:00:00,3.511017,3.6792636
2023-04-04 00:00:00,3.3197336,3.6824996
2023-04-04 01:00:00,3.154287,3.670224
2023-04-04 02:00:00,3.10583,3.6790745
2023-04-04 03:00:00,3.506254,3.7526703
2023-04-04 04:00:00,4.427532,3.913325
2023-04-04 05:00:00,4.2611313,3.86265
2023-04-04 06:00:00,4.5130024,3.896774
2023-04-04 07:00:00,4.442865,3.8068235
2023-04-04 08:00:00,4.151607,3.791225
2023-04-04 09:00:00,3.9324024,3.7518623
2023-04-04 10:00:00,3.7874935,3.7628505
2023-04-04 11:00:00,3.5458612,3.7642057
2023-04-04 12:00:00,3.3532162,3.77114
2023-04-04 13:00:00,3.2172513,3.7783926
2023-04-04 14:00:00,3.1156514,3.7813993
2023-04-04 15:00:00,3.295966,3.731278
2023-04-04 16:00:00,4.3251214,3.9063025
2023-04-04 17:00:00,4.6180778,3.9522848
2023-04-04 18:00:00,4.709675,3.9387498
2023-04-04 19:00:00,4.539364,3.8149667
2023-04-04 20:00:00,4.193386,3.778599
2023-04-04 21:00:00,4.0745482,3.7703178
2023-04-04 22:00:00,3.8973188,3.6936712
2023-04-04 23:00:00,3.647073,3.776746
2023-04-05 00:00:00,3.4603093,3.6179378
2023-04-05 01:00:00,3.2462091,3.5591733
2023-04-05 02:00:00,3.1137843,3.551809
2023-04-05 03:00:00,3.1595385,3.6087954
2023-04-05 04:00:00,3.7861974,3.817263
2023-04-05 05:00:00,4.1698523,3.794906
2023-04-05 06:00:00,4.399515,3.8294282
2023-04-05 07:00:00,4.440747,3.8104393
2023-04-05 08:00:00,3.9602885,3.6303875
2023-04-05 09:00:00,3.7088203,3.5636377
2023-04-05 10:00:00,3.4865685,3.5576239
2023-04-05 11:00:00,3.404076,3.6394365
2023-04-05 12:00:00,3.1644435,3.511819
2023-04-05 13:00:00,2.974377,3.5790093
2023-04-05 14:00:00,2.8081808,3.522753
2023-04-05 15:00:00,2.741214,3.6128595
2023-04-05 16:00:00,3.16335,3.68088
2023-04-05 17:00:00,3.9744773,3.6256583
2023-04-05 18:00:00,4.522298,3.800225
2023-04-05 19:00:00,4.5596757,4.1579237
2023-04-05 20:00:00,4.385731,4.3827
2023-04-05 21:00:00,3.8889983,4.244867
2023-04-05 22:00:00,3.5602467,3.911123
2023-04-05 23:00:00,3.407079,3.7756736
2023-04-06 00:00:00,3.2941918,3.672186
2023-04-06 01:00:00,3.1238375,3.6953862
2023-04-06 02:00:00,2.8681252,3.6951253
2023-04-06 03:00:00,2.7869565,3.7006
2023-04-06 04:00:00,2.9327838,3.673879
2023-04-06 05:00:00,4.1658344,3.8862708
2023-04-06 06:00:00,4.421359,3.9542873
2023-04-06 07:00:00,4.7782164,4.2653265
2023-04-06 08:00:00,4.543443,4.4360366
2023-04-06 09:00:00,4.11495,4.385504
2023-04-06 10:00:00,3.8671887,4.193266
2023-04-06 11:00:00,3.6730952,3.9593968
2023-04-06 12:00:00,3.3772256,3.7491078
2023-04-06 13:00:00,3.2128892,3.7034166
2023-04-06 14:00:00,3.0896385,3.7142453
2023-04-06 15:00:00,2.9785788,3.7123587
2023-04-06 16:00:00,2.8848555,3.7305396
2023-04-06 17:00:00,3.93083,3.920525
2023-04-06 18:00:00,4.183684,3.8828108
2023-04-06 19:00:00,4.7911415,4.096289
2023-04-06 20:00:00,4.4794197,4.5553727
2023-04-06 21:00:00,4.1831427,4.5288005
2023-04-06 22:00:00,4.0044327,4.291378
2023-04-06 23:00:00,3.730247,3.9516516
2023-04-07 00:00:00,3.5730217,3.8279753
2023-04-07 01:00:00,3.3423655,3.768795
2023-04-07 02:00:00,3.1404655,3.7918015
2023-04-07 03:00:00,2.954086,3.7119193
2023-04-07 04:00:00,3.0319471,3.73099
2023-04-07 05:00:00,3.7045777,3.8785636
2023-04-07 06:00:00,4.178335,3.9849086
2023-04-07 07:00:00,4.6328197,4.087309
2023-04-07 08:00:00,4.7512913,4.30187
2023-04-07 09:00:00,4.533702,4.386958
2023-04-07 10:00:00,4.100204,4.286097
2023-04-07 11:00:00,3.7072155,4.0376024
2023-04-07 12:00:00,3.5405369,3.8299994
2023-04-07 13:00:00,3.3949156,3.7725463
2023-04-07 14:00:00,3.1414704,3.706358
2023-04-07 15:00:00,3.0247529,3.7115695
2023-04-07 16:00:00,2.9195116,3.6394713
2023-04-07 17:00:00,3.2019799,3.7001421
2023-04-07 18:00:00,4.3187017,3.9002366
2023-04-07 19:00:00,4.6220107,3.9793003
2023-04-07 20:00:00,4.583979,4.37962
2023-04-07 21:00:00,4.453358,4.4060383
2023-04-07 22:00:00,4.0510097,4.2842326
2023-04-07 23:00:00,3.7334998,3.9573727
2023-04-08 00:00:00,3.5530636,3.8063426
2023-04-08 01:00:00,3.424926,3.6863985
2023-04-08 02:00:00,3.2379508,3.694072
2023-04-08 03:00:00,3.1032233,3.6225793
2023-04-08 04:00:00,2.9870923,3.708982
2023-04-08 05:00:00,3.1058514,3.6871333
2023-04-08 06:00:00,4.267046,3.9062994
2023-04-08 07:00:00,4.4643292,3.9465075
2023-04-08 08:00:00,4.8002295,4.262089
2023-04-08 09:00:00,4.6717563,4.368262
2023-04-08 10:00:00,4.3549476,4.4363594
2023-04-08 11:00:00,4.0691543,4.3016176
2023-04-08 12:00:00,3.8009272,4.024873
2023-04-08 13:00:00,3.5701451,3.8800397
2023-04-08 14:00:00,3.4256032,3.7669017
2023-04-08 15:00:00,3.3221064,3.6974077
2023-04-08 16:00:00,3.0586214,3.6789687
2023-04-08 17:00:00,3.0993934,3.720005
2023-04-08 18:00:00,3.9721038,3.8043997
2023-04-08 19:00:00,4.3244863,3.8749192
2023-04-08 20:00:00,4.661701,3.9720385
2023-04-08 21:00:00,4.6672683,4.4492774
2023-04-08 22:00:00,4.2691464,4.422364
2023-04-08 23:00:00,3.9566276,4.248128
2023-04-09 00:00:00,3.7288883,3.9593325
2023-04-09 01:00:00,3.6204915,3.8243656
2023-04-09 02:00:00,3.3595757,3.7462149
2023-04-09 03:00:00,3.2648518,3.7029226
2023-04-09 04:00:00,3.0754678,3.684607
2023-04-09 05:00:00,3.1412573,3.7129734
2023-04-09 06:00:00,3.7505116,3.7612853
2023-04-09 07:00:00,4.208726,3.870716
2023-04-09 08:00:00,4.6866055,3.9878995
2023-04-09 09:00:00,4.823078,4.4013968
2023-04-09 10:00:00,4.647515,4.4186997
2023-04-09 11:00:00,4.26462,4.387839
2023-04-09 12:00:00,3.945592,4.209878
2023-04-09 13:00:00,3.7550447,3.9736164
2023-04-09 14:00:00,3.608908,3.8296654
2023-04-09 15:00:00,3.437856,3.7749586
2023-04-09 16:00:00,3.216609,3.7598712
2023-04-09 17:00:00,3.0902364,3.6864614
2023-04-09 18:00:00,3.3620589,3.764916
2023-04-09 19:00:00,4.4494166,3.8860466
2023-04-09 20:00:00,4.4365697,3.9888341
2023-04-09 21:00:00,4.60188,4.2079334
2023-04-09 22:00:00,4.5756054,4.3804007
2023-04-09 23:00:00,4.1367693,4.26541
2023-04-10 00:00:00,3.806416,4.065774
2023-04-10 01:00:00,3.6929588,3.8310013
2023-04-10 02:00:00,3.4563541,3.7563217
2023-04-10 03:00:00,3.3650413,3.7027109
2023-04-10 04:00:00,3.1560109,3.6955366
2023-04-10 05:00:00,3.1233294,3.7069135
2023-04-10 06:00:00,3.3654613,3.770127
2023-04-10 07:00:00,4.2542458,3.8695822
2023-04-10 08:00:00,4.4742217,3.8271563
2023-04-10 09:00:00,4.924349,4.2761736
2023-04-10 10:00:00,4.798862,4.5122747
2023-04-10 11:00:00,4.286357,4.4317183
2023-04-10 12:00:00,4.0475054,4.380514
2023-04-10 13:00:00,3.8413315,4.0462356
2023-04-10 14:00:00,3.7157092,3.898333
2023-04-10 15:00:00,3.535129,3.7718012
2023-04-10 16:00:00,3.4280992,3.7810082
2023-04-10 17:00:00,3.2732859,3.6856093
2023-04-10 18:00:00,3.258781,3.7941992
2023-04-10 19:00:00,3.8976212,3.8713686
2023-04-10 20:00:00,4.2682943,3.9604135
2023-04-10 21:00:00,4.525092,3.9384596
2023-04-10 22:00:00,4.663701,4.2766848
2023-04-10 23:00:00,4.194455,4.255355
2023-04-11 00:00:00,3.9479487,4.131963
2023-04-11 01:00:00,3.6961727,3.904759
2023-04-11 02:00:00,3.5462375,3.7575293
2023-04-11 03:00:00,3.382612,3.6839283
2023-04-11 04:00:00,3.1683576,3.6972628
2023-04-11 05:00:00,3.1023088,3.7122886
2023-04-11 06:00:00,3.205614,3.6541715
2023-04-11 07:00:00,3.5839787,3.722171
2023-04-11 08:00:00,4.251339,3.8671982
2023-04-11 09:00:00,4.7764907,3.9837365
2023-04-11 10:00:00,4.826329,4.38626
2023-04-11 11:00:00,4.52955,4.4650292
2023-04-11 12:00:00,4.165989,4.3615637
2023-04-11 13:00:00,3.9011924,4.1229095
2023-04-11 14:00:00,3.776692,3.9757612
2023-04-11 15:00:00,3.5503097,3.828324
2023-04-11 16:00:00,3.426529,3.6918988
2023-04-11 17:00:00,3.2597387,3.6773524
2023-04-11 18:00:00,3.1304092,3.620801
2023-04-11 19:00:00,3.6359146,3.7120483
2023-04-11 20:00:00,3.6667428,3.8430436
2023-04-11 21:00:00,4.1191874,3.8608215
2023-04-11 22:00:00,4.3601227,3.8899117
2023-04-11 23:00:00,4.400831,4.1060333
2023-04-12 00:00:00,3.902088,4.111184
2023-04-12 01:00:00,3.7052574,3.924884
2023-04-12 02:00:00,3.5430787,3.74161
2023-04-12 03:00:00,3.374766,3.6613855
2023-04-12 04:00:00,3.2967904,3.6024914
2023-04-12 05:00:00,3.1049972,3.6045625
2023-04-12 06:00:00,3.0745976,3.6239676
2023-04-12 07:00:00,3.244092,3.6579473
2023-04-12 08:00:00,4.129033,3.8225555
2023-04-12 09:00:00,4.298262,3.8620589
2023-04-12 10:00:00,4.6708684,4.195486
2023-04-12 11:00:00,4.703578,4.4707417
2023-04-12 12:00:00,4.5445247,4.4859767
2023-04-12 13:00:00,4.193571,4.4043274
2023-04-12 14:00:00,4.0520086,4.20762
2023-04-12 15:00:00,3.8071945,3.9628863
2023-04-12 16:00:00,3.6357422,3.8331258
2023-04-12 17:00:00,3.4814045,3.6935155
2023-04-12 18:00:00,3.3708003,3.689692
2023-04-12 19:00:00,3.308451,3.7089617
2023-04-12 20:00:00,3.7247584,3.8177683
2023-04-12 21:00:00,4.3329177,3.9481683
2023-04-12 22:00:00,4.2381577,3.9547167
2023-04-12 23:00:00,4.2515483,3.9402254
2023-04-13 00:00:00,3.933091,4.0772753
2023-04-13 01:00:00,3.7396436,3.9782488
2023-04-13 02:00:00,3.7012444,3.8536613
2023-04-13 03:00:00,3.5395505,3.6730373
2023-04-13 04:00:00,3.431628,3.6022446
2023-04-13 05:00:00,3.2654843,3.5998902
2023-04-13 06:00:00,3.185974,3.621155
2023-04-13 07:00:00,3.2296445,3.640635
2023-04-13 08:00:00,3.4299748,3.6849103
2023-04-13 09:00:00,3.9840755,3.7939746
2023-04-13 10:00:00,4.3412285,3.8640356
2023-04-13 11:00:00,4.510237,4.041743
2023-04-13 12:00:00,4.4204597,4.2188673
2023-04-13 13:00:00,4.1098833,4.2421966
2023-04-13 14:00:00,3.996139,4.171827
2023-04-13 15:00:00,3.7304058,3.966007
2023-04-13 16:00:00,3.578814,3.8222356
2023-04-13 17:00:00,3.4869435,3.6930306
2023-04-13 18:00:00,3.4369285,3.7044742
2023-04-13 19:00:00,3.3613992,3.7099795
2023-04-13 20:00:00,3.3035953,3.7209861
2023-04-13 21:00:00,3.6976066,3.7209647
2023-04-13 22:00:00,3.3974316,3.7876067
2023-04-13 23:00:00,3.6720443,3.767654
2023-04-14 00:00:00,3.7935855,3.7708323
2023-04-14 01:00:00,3.6970463,3.7134955
2023-04-14 02:00:00,3.469867,3.6408448
2023-04-14 03:00:00,3.3658533,3.6058087
2023-04-14 04:00:00,3.2780552,3.6108766
2023-04-14 05:00:00,3.1923816,3.6171649
2023-04-14 06:00:00,3.1135561,3.6186397
2023-04-14 07:00:00,3.050176,3.6263788
2023-04-14 08:00:00,3.1069427,3.5668492
2023-04-14 09:00:00,3.2457678,3.5810432
2023-04-14 10:00:00,3.7903695,3.6681867
2023-04-14 11:00:00,3.9571335,3.67939
2023-04-14 12:00:00,4.261441,3.7236772
2023-04-14 13:00:00,4.255522,4.037293
2023-04-14 14:00:00,3.9055116,4.0214114
2023-04-14 15:00:00,3.7800798,3.9509478
2023-04-14 16:00:00,3.6819046,3.8487291
2023-04-14 17:00:00,3.6072404,3.7730281
2023-04-14 18:00:00,3.433512,3.6019826
2023-04-14 19:00:00,3.357287,3.6048515
2023-04-14 20:00:00,3.2852235,3.6152694
2023-04-14 21:00:00,3.1860747,3.607551
2023-04-14 22:00:00,3.3807094,3.5759451
2023-04-14 23:00:00,3.6807013,3.6355686
2023-04-15 00:00:00,3.345338,3.606629
2023-04-15 01:00:00,3.5298288,3.6189976
2023-04-15 02:00:00,3.5647619,3.613944
2023-04-15 03:00:00,3.5532465,3.5893705
2023-04-15 04:00:00,3.3063023,3.6147008
2023-04-15 05:00:00,3.3131964,3.5364377
2023-04-15 06:00:00,3.2885804,3.5257092
2023-04-15 07:00:00,3.2361853,3.5338814
2023-04-15 08:00:00,3.1358972,3.5309045
2023-04-15 09:00:00,3.0683115,3.4459007
2023-04-15 10:00:00,3.1076005,3.464028
2023-04-15 11:00:00,3.2232847,3.485324
2023-04-15 12:00:00,3.5730069,3.6288352
2023-04-15 13:00:00,3.8409698,3.668745
2023-04-15 14:00:00,4.108619,3.7024343
2023-04-15 15:00:00,4.3302956,3.972314
2023-04-15 16:00:00,4.368812,4.118046
2023-04-15 17:00:00,3.8843977,4.038256
2023-04-15 18:00:00,3.7595906,3.9050963
2023-04-15 19:00:00,3.5836165,3.7293289
2023-04-15 20:00:00,3.3984594,3.6497126
2023-04-15 21:00:00,3.329393,3.5979443
2023-04-15 22:00:00,3.281975,3.610454
2023-04-15 23:00:00,3.1536307,3.5430446
2023-04-16 00:00:00,3.3009088,3.553944
2023-04-16 01:00:00,3.4067676,3.5208468
2023-04-16 02:00:00,3.586977,3.5592005
2023-04-16 03:00:00,3.5419629,3.6443512
2023-04-16 04:00:00,3.8175993,3.6808004
2023-04-16 05:00:00,3.8646352,3.6328497
2023-04-16 06:00:00,3.640454,3.5566628
2023-04-16 07:00:00,3.5102801,3.5239613
2023-04-16 08:00:00,3.3393755,3.4979973
2023-04-16 09:00:00,3.2269895,3.496868
2023-04-16 10:00:00,3.121679,3.5016408
2023-04-16 11:00:00,3.07638,3.512758
2023-04-16 12:00:00,3.0420682,3.4502635
2023-04-16 13:00:00,3.2002892,3.4674673
2023-04-16 14:00:00,3.6761107,3.5440245
2023-04-16 15:00:00,4.266654,3.5550642
2023-04-16 16:00:00,4.518116,4.054243
2023-04-16 17:00:00,4.4027514,4.250464
2023-04-16 18:00:00,4.018165,4.2386885
2023-04-16 19:00:00,3.8308618,3.8973389
2023-04-16 20:00:00,3.553157,3.7717028
2023-04-16 21:00:00,3.4691238,3.6504946
2023-04-16 22:00:00,3.292033,3.5809286
2023-04-16 23:00:00,3.1052487,3.5710537
2023-04-17 00:00:00,3.0597007,3.5853689
2023-04-17 01:00:00,3.2856324,3.55972
2023-04-17 02:00:00,3.4206169,3.6201046
2023-04-17 03:00:00,3.8166504,3.7219203
2023-04-17 04:00:00,3.9234765,3.7415779
2023-04-17 05:00:00,4.038174,3.7042644
2023-04-17 06:00:00,4.286629,3.6858976
2023-04-17 07:00:00,3.9942896,3.5662167
2023-04-17 08:00:00,3.7777898,3.5943725
2023-04-17 09:00:00,3.5767825,3.5271287
2023-04-17 10:00:00,3.4412923,3.5921946
2023-04-17 11:00:00,3.2846098,3.5912807
2023-04-17 12:00:00,3.194574,3.5197961
2023-04-17 13:00:00,2.9495997,3.465153
2023-04-17 14:00:00,3.2517927,3.6277678
2023-04-17 15:00:00,3.8504965,3.6395736
2023-04-17 16:00:00,4.5249953,3.758485
2023-04-17 17:00:00,4.8047137,4.382355
2023-04-17 18:00:00,4.664021,4.452284
2023-04-17 19:00:00,4.3328395,4.4032674
2023-04-17 20:00:00,4.0345693,4.199659
2023-04-17 21:00:00,3.8670616,3.9417145
2023-04-17 22:00:00,3.6325662,3.7823014
2023-04-17 23:00:00,3.3679245,3.7238624
2023-04-18 00:00:00,3.331717,3.6842873
2023-04-18 01:00:00,3.1124334,3.6631505
2023-04-18 02:00:00,3.2646492,3.654464
2023-04-18 03:00:00,3.8451269,3.7913127
2023-04-18 04:00:00,4.18221,3.8833215
2023-04-18 05:00:00,4.273882,3.9075994
2023-04-18 06:00:00,4.3572683,4.0469036
2023-04-18 07:00:00,4.3280106,4.1403813
2023-04-18 08:00:00,3.7440648,4.0270743
2023-04-18 09:00:00,3.5754595,3.8244376
2023-04-18 10:00:00,3.5524895,3.7637553
2023-04-18 11:00:00,3.302524,3.5937781
2023-04-18 12:00:00,3.1857097,3.6082425
2023-04-18 13:00:00,3.0298803,3.6111224
2023-04-18 14:00:00,3.0119202,3.6349177
2023-04-18 15:00:00,3.2670858,3.686561
2023-04-18 16:00:00,3.8244188,3.7928407
2023-04-18 17:00:00,4.4587035,3.835398
2023-04-18 18:00:00,4.9482055,4.3546696
2023-04-18 19:00:00,4.5469966,4.330548
2023-04-18 20:00:00,4.153292,4.2940087
2023-04-18 21:00:00,3.8273127,4.180217
2023-04-18 22:00:00,3.7403026,3.8923442
2023-04-18 23:00:00,3.5115316,3.8046598
2023-04-19 00:00:00,3.352229,3.7681074
2023-04-19 01:00:00,3.1309338,3.6880224
2023-04-19 02:00:00,2.9847407,3.686425
2023-04-19 03:00:00,3.2151096,3.6738179
2023-04-19 04:00:00,4.099313,3.8323557
2023-04-19 05:00:00,4.2163286,3.782802
2023-04-19 06:00:00,4.8902297,4.2121434
2023-04-19 07:00:00,4.66278,4.424666
2023-04-19 08:00:00,4.359913,4.481191
2023-04-19 09:00:00,4.0724645,4.3192554
2023-04-19 10:00:00,3.7800014,4.0327353
2023-04-19 11:00:00,3.6528983,3.8903453
2023-04-19 12:00:00,3.4145098,3.7542892
2023-04-19 13:00:00,3.3267941,3.6934326
2023-04-19 14:00:00,3.1416004,3.6725671
2023-04-19 16:00:00,3.1004627,3.6221776
2023-04-19 18:00:00,4.0321894,3.8055906
2023-04-19 19:00:00,4.942141,4.0274963
2023-04-19 20:00:00,5.016794,4.84646
2023-04-19 21:00:00,4.249681,4.5861087
2023-04-19 22:00:00,3.8645093,4.206006
2023-04-19 23:00:00,3.710909,3.9509366
2023-04-20 00:00:00,3.559536,3.8186595
2023-04-20 01:00:00,3.3779233,3.7442346
2023-04-20 02:00:00,3.225908,3.6801255
2023-04-20 03:00:00,3.0125089,3.6620507
2023-04-20 04:00:00,3.135915,3.709526
2023-04-20 05:00:00,4.3796096,3.9822989
2023-04-20 06:00:00,4.8489175,4.0365767
2023-04-20 07:00:00,4.8189554,4.42104
2023-04-20 08:00:00,4.652201,4.5338383
2023-04-20 09:00:00,4.3099933,4.411506
2023-04-20 10:00:00,4.0079584,4.2136827
2023-04-20 11:00:00,3.8386242,4.055686
2023-04-20 12:00:00,3.6108704,3.8285592
2023-04-20 13:00:00,3.4285653,3.6866467
2023-04-20 14:00:00,3.2838721,3.6976967
2023-04-20 15:00:00,3.095074,3.7677672
2023-04-20 16:00:00,3.314606,3.76022
2023-04-20 17:00:00,4.4253254,3.9814992
2023-04-20 18:00:00,4.5373616,3.943546
2023-04-20 19:00:00,4.985055,4.300163
2023-04-20 20:00:00,4.7248807,4.498885
2023-04-20 21:00:00,4.367946,4.461612
2023-04-20 22:00:00,3.9874353,4.2889376
2023-04-20 23:00:00,3.815363,4.0386453
2023-04-21 00:00:00,3.60244,3.8187728
2023-04-21 01:00:00,3.4274821,3.766276
2023-04-21 02:00:00,3.2661068,3.7066615
2023-04-21 03:00:00,3.05547,3.6842833
2023-04-21 04:00:00,3.145811,3.7366326
2023-04-21 05:00:00,4.2088766,3.8538089
2023-04-21 06:00:00,4.25476,3.8766901
2023-04-21 07:00:00,5.139759,4.3705916
2023-04-21 08:00:00,5.010724,4.599062
2023-04-21 09:00:00,4.5470705,4.581438
2023-04-21 10:00:00,4.299474,4.408931
2023-04-21 11:00:00,4.0357814,4.1941085
2023-04-21 12:00:00,3.8394523,4.044726
2023-04-21 13:00:00,3.6068695,3.8323197
2023-04-21 14:00:00,3.4236655,3.7662106
2023-04-21 15:00:00,3.3059075,3.6827855
2023-04-21 16:00:00,3.1619165,3.6816735
2023-04-21 17:00:00,3.5893667,3.7230346
2023-04-21 18:00:00,4.517587,3.898394
2023-04-21 19:00:00,5.0089755,4.0336795
2023-04-21 20:00:00,4.841178,4.592166
2023-04-21 21:00:00,4.623193,4.5006046
2023-04-21 22:00:00,4.393875,4.4840713
2023-04-21 23:00:00,4.076527,4.2134285
2023-04-22 00:00:00,3.867801,3.967958
2023-04-22 01:00:00,3.6154888,3.8862529
2023-04-22 02:00:00,3.4062102,3.7503934
2023-04-22 03:00:00,3.2867277,3.7422094
2023-04-22 04:00:00,3.2069361,3.6707723
2023-04-22 05:00:00,3.673258,3.7898717
2023-04-22 06:00:00,4.414463,3.961778
2023-04-22 07:00:00,5.0908265,4.044453
2023-04-22 08:00:00,5.1733046,4.5787363
2023-04-22 09:00:00,4.885552,4.5492816
2023-04-22 10:00:00,4.535895,4.4994006
2023-04-22 11:00:00,4.2864566,4.403735
2023-04-22 12:00:00,4.0305643,4.221648
2023-04-22 13:00:00,3.7914314,3.9774344
2023-04-22 14:00:00,3.6096048,3.8359742
2023-04-22 15:00:00,3.4195986,3.751698
2023-04-22 16:00:00,3.2674272,3.7406526
2023-04-22 17:00:00,3.161815,3.698312
2023-04-22 18:00:00,4.459416,3.9502366
2023-04-22 19:00:00,4.5216722,3.9791968
2023-04-22 20:00:00,4.9606276,4.2790084
2023-04-22 21:00:00,4.6313457,4.3935366
2023-04-22 22:00:00,4.37442,4.4001994
2023-04-22 23:00:00,4.030383,4.2503314
2023-04-23 00:00:00,3.84635,4.0630717
2023-04-23 01:00:00,3.7059207,3.8380737
2023-04-23 02:00:00,3.4751515,3.7568512
2023-04-23 03:00:00,3.3417206,3.6933925
2023-04-23 04:00:00,3.1763625,3.6847215
2023-04-23 05:00:00,3.2828848,3.7304604
2023-04-23 06:00:00,4.1579127,3.9170578
2023-04-23 07:00:00,4.2548604,3.84337
2023-04-23 08:00:00,5.2034774,4.3455253
2023-04-23 09:00:00,4.9652185,4.55505
2023-04-23 10:00:00,4.805801,4.632878
2023-04-23 11:00:00,4.542347,4.533253
2023-04-23 12:00:00,4.2538505,4.2178307
2023-04-23 13:00:00,4.0469313,3.975822
2023-04-23 14:00:00,3.8118706,3.90754
2023-04-23 15:00:00,3.6326172,3.8530152
2023-04-23 16:00:00,3.4914815,3.7527394
2023-04-23 17:00:00,3.2768915,3.6824958
2023-04-23 18:00:00,3.5289247,3.756841
2023-04-23 19:00:00,4.683994,3.9857109
2023-04-23 20:00:00,5.098414,4.111374
2023-04-23 21:00:00,4.811363,4.3654833
2023-04-23 22:00:00,4.533321,4.3687296
2023-04-23 23:00:00,4.324444,4.311093
2023-04-24 00:00:00,4.1263647,4.247007
2023-04-24 01:00:00,3.9118376,4.075427
2023-04-24 02:00:00,3.6601024,3.9002795
2023-04-24 03:00:00,3.5327497,3.7518914
2023-04-24 04:00:00,3.3652747,3.7524092
2023-04-24 05:00:00,3.373995,3.687993
2023-04-24 06:00:00,3.6974614,3.770916
2023-04-24 07:00:00,4.5200276,3.8643954
2023-04-24 08:00:00,5.1320424,4.011107
2023-04-24 09:00:00,4.841041,4.4704466
2023-04-24 10:00:00,4.877648,4.6519365
2023-04-24 11:00:00,4.6971493,4.6332836
2023-04-24 12:00:00,4.4352922,4.426728
2023-04-24 13:00:00,4.2395444,4.2329435
2023-04-24 14:00:00,4.010039,3.98552
2023-04-24 15:00:00,3.8234575,3.8385541
2023-04-24 16:00:00,3.6476853,3.8255103
2023-04-24 17:00:00,3.4446456,3.7358503
2023-04-24 18:00:00,3.6511595,3.5713255
2023-04-24 19:00:00,4.3822474,3.8709998
2023-04-24 20:00:00,4.709392,4.011076
2023-04-24 21:00:00,4.956836,4.349803
2023-04-24 22:00:00,4.529048,4.358421
2023-04-24 23:00:00,4.425375,4.4134927
2023-04-25 00:00:00,4.1256876,4.259236
2023-04-25 01:00:00,4.0214815,4.160933
2023-04-25 02:00:00,3.7705588,3.9021962
2023-04-25 03:00:00,3.6672728,3.7401533
2023-04-25 04:00:00,3.5056958,3.6655555
2023-04-25 05:00:00,3.4512,3.6690893
2023-04-25 06:00:00,3.5923393,3.7368617
2023-04-25 07:00:00,4.0892043,3.8799105
2023-04-25 08:00:00,4.4357777,3.953471
2023-04-25 09:00:00,4.8468857,4.137182
2023-04-25 10:00:00,4.7385163,4.3136444
2023-04-25 11:00:00,4.5697656,4.455254
2023-04-25 12:00:00,4.31056,4.3009663
2023-04-25 13:00:00,4.075839,4.15133
2023-04-25 14:00:00,3.9363527,3.9906576
2023-04-25 15:00:00,3.7645187,3.839597
2023-04-25 16:00:00,3.5861523,3.7574005
2023-04-25 17:00:00,3.4865022,3.685548
2023-04-25 18:00:00,3.3612657,3.6773517
2023-04-25 19:00:00,3.6010234,3.7581074
2023-04-25 20:00:00,4.3582354,3.8275821
2023-04-25 21:00:00,4.274962,3.8411262
2023-04-25 22:00:00,4.3504333,3.9383032
2023-04-25 23:00:00,4.1917377,4.0402575
2023-04-26 00:00:00,3.8723063,4.003469
2023-04-26 01:00:00,3.6306977,3.8378186
2023-04-26 02:00:00,3.5912428,3.672946
2023-04-26 03:00:00,3.4237933,3.5916407
2023-04-26 04:00:00,3.290505,3.5412915
2023-04-26 05:00:00,3.1498144,3.6024563
2023-04-26 06:00:00,3.1503835,3.5459855
2023-04-26 07:00:00,3.3643875,3.5773606
2023-04-26 08:00:00,4.157541,3.7368555
2023-04-26 09:00:00,4.384361,3.7893531
2023-04-26 10:00:00,4.5626636,4.0670805
2023-04-26 11:00:00,4.6246047,4.276953
2023-04-26 12:00:00,4.1600223,4.242998
2023-04-26 13:00:00,4.035453,4.1561084
2023-04-26 14:00:00,3.7141604,3.9417262
2023-04-26 15:00:00,3.6079648,3.7306695
2023-04-26 16:00:00,3.5569208,3.7568498
2023-04-26 17:00:00,3.4757292,3.5775006
2023-04-26 18:00:00,3.3640335,3.602583
2023-04-26 19:00:00,3.3184865,3.612324
2023-04-26 20:00:00,3.6555183,3.7079418
2023-04-26 21:00:00,3.9847128,3.7887022
2023-04-26 22:00:00,3.9807205,3.8085165
2023-04-26 23:00:00,4.145008,3.8976905
2023-04-27 00:00:00,4.1124473,4.0022144
2023-04-27 01:00:00,3.8113868,3.9796062
2023-04-27 02:00:00,3.5876515,3.6655376
2023-04-27 03:00:00,3.501288,3.5741084
2023-04-27 04:00:00,3.3123026,3.5256414
2023-04-27 05:00:00,3.2594206,3.5317519
2023-04-27 06:00:00,3.2451162,3.5386431
2023-04-27 07:00:00,3.2799456,3.5586157
2023-04-27 08:00:00,3.6226478,3.619137
2023-04-27 09:00:00,4.1927886,3.733087
2023-04-27 10:00:00,4.3447704,3.939992
2023-04-27 11:00:00,4.464845,4.2787027
2023-04-27 12:00:00,4.459622,4.2627854
2023-04-27 13:00:00,4.13746,4.1995363
2023-04-27 14:00:00,3.9526653,4.055937
2023-04-27 15:00:00,3.7766027,3.8854365
2023-04-27 16:00:00,3.6050115,3.733641
2023-04-27 17:00:00,3.5455344,3.677578
2023-04-27 18:00:00,3.4715104,3.5317311
2023-04-27 19:00:00,3.3079174,3.6006415
2023-04-27 20:00:00,3.52585,3.6776981
2023-04-27 21:00:00,4.205793,3.8344715
2023-04-27 22:00:00,4.0161247,3.8091373
2023-04-27 23:00:00,3.8712559,3.7725425
2023-04-28 00:00:00,3.672202,3.6989388
2023-04-28 01:00:00,3.5761309,3.655658
2023-04-28 02:00:00,3.470662,3.611776
2023-04-28 03:00:00,3.4097188,3.5199072
2023-04-28 04:00:00,3.314723,3.504764
2023-04-28 05:00:00,3.2968974,3.5191033
2023-04-28 06:00:00,3.2409036,3.542942
2023-04-28 07:00:00,3.2202408,3.5459094
2023-04-28 08:00:00,3.2884908,3.564954
2023-04-28 09:00:00,3.6467323,3.6229832
2023-04-28 10:00:00,4.0074,3.6800766
2023-04-28 11:00:00,4.2227626,3.796301
2023-04-28 12:00:00,4.221651,3.9369984
2023-04-28 13:00:00,3.8758903,3.917547
2023-04-28 14:00:00,3.7447822,3.8577216
2023-04-28 15:00:00,3.6477375,3.7563946
2023-04-28 16:00:00,3.5615861,3.7592654
2023-04-28 17:00:00,3.4888852,3.6889875
2023-04-28 18:00:00,3.456389,3.5491087
2023-04-28 19:00:00,3.330817,3.6075447
2023-04-28 20:00:00,3.3008115,3.5467203
2023-04-28 21:00:00,3.3949797,3.5646842
2023-04-28 22:00:00,3.3224447,3.573065
2023-04-28 23:00:00,3.3230367,3.5873716
2023-04-29 00:00:00,3.541383,3.5192926
2023-04-29 01:00:00,3.5337584,3.5956419
2023-04-29 02:00:00,3.6332824,3.6102083
2023-04-29 03:00:00,3.3771622,3.5490406
2023-04-29 04:00:00,3.3196235,3.455838
2023-04-29 05:00:00,3.225048,3.4442623
2023-04-29 06:00:00,3.2130527,3.4456604
2023-04-29 07:00:00,3.1459994,3.5269246
2023-04-29 08:00:00,3.1931942,3.459497
2023-04-29 09:00:00,3.238863,3.4667387
2023-04-29 10:00:00,3.426936,3.497004
2023-04-29 11:00:00,3.6414328,3.5250118
2023-04-29 12:00:00,3.800268,3.5471156
2023-04-29 13:00:00,3.981782,3.7410605
2023-04-29 14:00:00,4.0172386,3.7233915
2023-04-29 15:00:00,3.6599045,3.5496836
2023-04-29 16:00:00,3.5990775,3.4637778
2023-04-29 17:00:00,3.4825387,3.4197843
2023-04-29 18:00:00,3.5105212,3.4238732
2023-04-29 19:00:00,3.296693,3.457171
2023-04-29 20:00:00,3.3467371,3.4194272
2023-04-29 21:00:00,3.178717,3.4433427
2023-04-29 22:00:00,3.1866693,3.4526637
2023-04-29 23:00:00,3.1606607,3.451449
2023-04-30 00:00:00,3.148172,3.4015987
2023-04-30 01:00:00,3.3221176,3.398045
2023-04-30 02:00:00,3.3244035,3.4239907
2023-04-30 03:00:00,3.5910347,3.40244
2023-04-30 04:00:00,3.775168,3.4963663
2023-04-30 05:00:00,3.6117957,3.4636018
2023-04-30 06:00:00,3.4739408,3.4333894
2023-04-30 07:00:00,3.373447,3.4290493
2023-04-30 08:00:00,3.2657459,3.4310951
2023-04-30 09:00:00,3.1767101,3.428644
2023-04-30 10:00:00,3.1846204,3.3923538
2023-04-30 11:00:00,3.1604211,3.3867965
2023-04-30 12:00:00,3.182444,3.4374862
2023-04-30 13:00:00,3.5358005,3.4906936
2023-04-30 14:00:00,4.0205145,3.581387
2023-04-30 15:00:00,4.252687,3.7995415
2023-04-30 16:00:00,3.7209387,3.8297908
2023-04-30 17:00:00,3.7596648,3.5222511
2023-04-30 18:00:00,3.6429613,3.4994483
2023-04-30 19:00:00,3.5372877,3.4609807
2023-04-30 20:00:00,3.3738794,3.4517684
2023-04-30 21:00:00,3.261162,3.4502068
2023-04-30 22:00:00,3.1856265,3.4543328
2023-04-30 23:00:00,3.0675893,3.4457724
2023-05-01 00:00:00,3.1208837,3.4147155
2023-05-01 01:00:00,3.2106433,3.4199626
2023-05-01 02:00:00,3.4676578,3.4330134
2023-05-01 03:00:00,3.528237,3.420549
2023-05-01 04:00:00,3.693184,3.4197314
2023-05-01 05:00:00,3.8811843,3.5353196
2023-05-01 06:00:00,3.657509,3.4042869
2023-05-01 07:00:00,3.4062934,3.3790064
2023-05-01 08:00:00,3.296215,3.3729713
2023-05-01 09:00:00,3.1407933,3.365616
2023-05-01 10:00:00,3.1214588,3.3691063
2023-05-01 11:00:00,3.061998,3.3703854
2023-05-01 12:00:00,3.0273247,3.3704274
2023-05-01 13:00:00,3.053898,3.3749373
2023-05-01 14:00:00,3.1162868,3.381107
2023-05-01 15:00:00,3.972419,3.3602867
2023-05-01 16:00:00,4.382709,3.7512197
2023-05-01 17:00:00,4.329792,4.091663
2023-05-01 18:00:00,3.8961115,4.0854883
2023-05-01 19:00:00,3.7603648,3.8882751
2023-05-01 20:00:00,3.581423,3.6051688
2023-05-01 21:00:00,3.4021297,3.4970732
2023-05-01 22:00:00,3.3198924,3.5067966
2023-05-01 23:00:00,3.131233,3.4642565
2023-05-02 00:00:00,2.982061,3.4116325
2023-05-02 01:00:00,3.1275496,3.4597323
2023-05-02 02:00:00,3.3891957,3.5003314
2023-05-02 03:00:00,3.8626206,3.6159453
2023-05-02 04:00:00,3.9507558,3.6346614
2023-05-02 05:00:00,4.156583,3.6270714
2023-05-02 06:00:00,4.3468084,3.5768023
2023-05-02 07:00:00,3.9498014,3.4817476
2023-05-02 08:00:00,3.82416,3.4670296
2023-05-02 09:00:00,3.63995,3.5036445
2023-05-02 10:00:00,3.462327,3.503199
2023-05-02 11:00:00,3.271594,3.49689
2023-05-02 12:00:00,3.2126408,3.505046
2023-05-02 13:00:00,3.1556668,3.4654899
2023-05-02 14:00:00,3.1962655,3.4667325
2023-05-02 15:00:00,4.1187954,3.5716474
2023-05-02 16:00:00,4.454985,3.629962
2023-05-02 17:00:00,4.721361,4.074199
2023-05-02 18:00:00,4.490065,4.2435036
2023-05-02 19:00:00,4.106031,4.235436
2023-05-02 20:00:00,3.8963273,4.0433016
2023-05-02 21:00:00,3.8285592,3.7933917
2023-05-02 22:00:00,3.5947182,3.6302717
2023-05-02 23:00:00,3.384959,3.5845053
2023-05-03 00:00:00,3.2938404,3.5448
2023-05-03 01:00:00,3.247843,3.5431883
2023-05-03 02:00:00,3.3458066,3.55482
2023-05-03 03:00:00,4.199042,3.732716
2023-05-03 04:00:00,4.274029,3.7796717
2023-05-03 05:00:00,4.440243,3.8105927
2023-05-03 06:00:00,4.5189204,3.7437255
2023-05-03 07:00:00,4.216884,3.5812225
2023-05-03 08:00:00,3.9762402,3.5372179
2023-05-03 09:00:00,3.8026845,3.5330586
2023-05-03 10:00:00,3.649393,3.5342073
2023-05-03 11:00:00,3.4805238,3.5264003
2023-05-03 12:00:00,3.318093,3.4744048
2023-05-03 13:00:00,3.2070107,3.4746416
2023-05-03 14:00:00,3.173959,3.4787843
2023-05-03 15:00:00,3.9780245,3.4941094
2023-05-03 16:00:00,4.3615394,3.613396
2023-05-03 17:00:00,4.5491905,3.64771
2023-05-03 18:00:00,4.5207796,3.5574281
2023-05-03 19:00:00,4.49695,3.51984
2023-05-03 20:00:00,4.1321287,3.525644
2023-05-03 21:00:00,3.8501863,3.512659
2023-05-03 22:00:00,3.6121364,3.5106301
2023-05-03 23:00:00,3.4467006,3.5104403
2023-05-04 00:00:00,3.3644783,3.5143778
2023-05-04 01:00:00,3.185154,3.4615726
2023-05-04 02:00:00,3.2075777,3.470301
2023-05-04 03:00:00,3.5461528,3.500892
2023-05-04 04:00:00,4.229972,3.6766088
2023-05-04 05:00:00,4.394569,3.5993354
2023-05-04 06:00:00,4.6369414,3.6202064
2023-05-04 07:00:00,4.630459,3.5367262
2023-05-04 08:00:00,4.213214,3.4808233
2023-05-04 09:00:00,3.9974613,3.4744933
2023-05-04 10:00:00,3.7765987,3.4766963
2023-05-04 11:00:00,3.6646833,3.522686
2023-05-04 12:00:00,3.4729414,3.649707
2023-05-04 13:00:00,3.3424711,3.578073
2023-05-04 14:00:00,3.2245018,3.4817796
2023-05-04 15:00:00,3.288693,3.486304
2023-05-04 16:00:00,4.3365426,3.5826278
2023-05-04 17:00:00,4.4008894,3.5666816
2023-05-04 18:00:00,4.7763505,3.6436174
2023-05-04 19:00:00,4.6890197,3.5425665
2023-05-04 20:00:00,4.2613244,3.5292337
2023-05-04 21:00:00,4.019793,3.5235333
2023-05-04 22:00:00,3.789593,3.578286
2023-05-04 23:00:00,3.6327884,3.581382
2023-05-05 00:00:00,3.4727025,3.5681574
2023-05-05 01:00:00,3.3699923,3.5704598
2023-05-05 02:00:00,3.21368,3.5677454
2023-05-05 03:00:00,3.2020054,3.5771425
2023-05-05 04:00:00,4.277699,3.6848226
2023-05-05 05:00:00,4.2628746,3.7492914
2023-05-05 06:00:00,4.899543,3.9145517
2023-05-05 07:00:00,4.8227444,3.6745605
2023-05-05 08:00:00,4.582683,3.6231995
2023-05-05 09:00:00,4.224313,3.593284
2023-05-05 10:00:00,4.070203,3.6051702
2023-05-05 11:00:00,3.8830113,3.6106825
2023-05-05 12:00:00,3.7146356,3.6608942
2023-05-05 13:00:00,3.5243738,3.6636775
2023-05-05 14:00:00,3.377915,3.6055367
2023-05-05 15:00:00,3.2790601,3.559761
2023-05-05 16:00:00,3.555293,3.6251135
2023-05-05 17:00:00,3.8163338,3.6351984
2023-05-05 18:00:00,4.4004145,3.6382573
2023-05-05 19:00:00,4.9402547,4.198258
2023-05-05 20:00:00,4.8109236,4.387823
2023-05-05 21:00:00,4.2161837,4.2163415
2023-05-05 22:00:00,3.8915775,4.0220604
2023-05-05 23:00:00,3.7895973,3.8745484
2023-05-06 00:00:00,3.54735,3.7066286
2023-05-06 01:00:00,3.4502914,3.6484427
2023-05-06 02:00:00,3.2881467,3.6032474
2023-05-06 03:00:00,3.1493304,3.5992794
2023-05-06 04:00:00,3.288582,3.631135
2023-05-06 05:00:00,4.4701314,3.9103978
2023-05-06 06:00:00,4.8907976,3.907969
2023-05-06 07:00:00,5.135414,4.4037256
2023-05-06 08:00:00,4.8533454,4.487156
2023-05-06 09:00:00,4.574266,4.4565153
2023-05-06 10:00:00,4.285195,4.3165126
2023-05-06 11:00:00,4.000883,4.11507
2023-05-06 12:00:00,3.862318,3.960057
2023-05-06 13:00:00,3.7097378,3.910415
2023-05-06 14:00:00,3.518195,3.7487838
2023-05-06 15:00:00,3.3224633,3.7281346
2023-05-06 16:00:00,3.235353,3.7649312
2023-05-06 17:00:00,4.3510275,3.8122709
2023-05-06 18:00:00,4.555771,3.8570447
2023-05-06 19:00:00,4.8982344,4.0607567
2023-05-06 20:00:00,4.7887416,4.4336095
2023-05-06 21:00:00,4.435814,4.3445497
2023-05-06 22:00:00,4.1686144,4.2917438
2023-05-06 23:00:00,3.9556952,4.0767775
2023-05-07 00:00:00,3.818538,3.916269
2023-05-07 01:00:00,3.6640582,3.760829
2023-05-07 02:00:00,3.4722273,3.6763291
2023-05-07 03:00:00,3.2951221,3.6631093
2023-05-07 04:00:00,3.2371686,3.6199627
2023-05-07 05:00:00,4.0370255,3.7669847
2023-05-07 06:00:00,4.549615,3.9000359
2023-05-07 07:00:00,5.0565715,4.117784
2023-05-07 08:00:00,4.9549975,4.583561
2023-05-07 09:00:00,4.7144604,4.6660976
2023-05-07 10:00:00,4.474108,4.549201
2023-05-07 11:00:00,4.133065,4.268321
2023-05-07 12:00:00,3.955979,4.107748
2023-05-07 13:00:00,3.7203684,3.8883317
2023-05-07 14:00:00,3.6262977,3.834709
2023-05-07 15:00:00,3.4304998,3.6856494
2023-05-07 16:00:00,3.2672687,3.6291647
2023-05-07 17:00:00,3.796021,3.5352478
2023-05-07 18:00:00,4.7410064,3.6071348
2023-05-07 19:00:00,4.5424,3.825885
2023-05-07 20:00:00,4.7703714,4.2737956
2023-05-07 21:00:00,4.6734614,4.4196506
2023-05-07 22:00:00,4.2081084,4.284955
2023-05-07 23:00:00,3.9254527,4.067491
2023-05-08 00:00:00,3.8067007,3.9739053
2023-05-08 01:00:00,3.6702163,3.806382
2023-05-08 02:00:00,3.4701111,3.644654
2023-05-08 03:00:00,3.2837508,3.630182
2023-05-08 04:00:00,3.1805058,3.5894759
2023-05-08 05:00:00,3.448836,3.6330266
2023-05-08 06:00:00,4.4418077,3.8827002
2023-05-08 07:00:00,4.92871,3.9011285
2023-05-08 08:00:00,5.2851744,4.521025
2023-05-08 09:00:00,5.109971,4.631253
2023-05-08 10:00:00,4.7340794,4.55792
2023-05-08 11:00:00,4.5089493,4.505873
2023-05-08 12:00:00,4.1815658,4.2829328
2023-05-08 13:00:00,3.9549572,4.1125603
2023-05-08 14:00:00,3.798333,3.9854362
2023-05-08 15:00:00,3.7138443,3.839535
2023-05-08 16:00:00,3.5349631,3.7379732
2023-05-08 17:00:00,3.311518,3.6390598
2023-05-08 18:00:00,4.081496,3.7065916
2023-05-08 19:00:00,4.473889,3.914764
2023-05-08 20:00:00,4.884112,4.051973
2023-05-08 21:00:00,4.8150125,4.3667474
2023-05-08 22:00:00,4.5240636,4.3889465
2023-05-08 23:00:00,4.3129883,4.34017
2023-05-09 00:00:00,4.085651,4.1803746
2023-05-09 01:00:00,3.932398,4.0032706
2023-05-09 02:00:00,3.6895347,3.8093586
2023-05-09 03:00:00,3.5597548,3.7374854
2023-05-09 04:00:00,3.3764884,3.6662643
2023-05-09 05:00:00,3.3462768,3.6246114
2023-05-09 06:00:00,3.67553,3.684241
2023-05-09 07:00:00,4.516707,3.8718784
2023-05-09 08:00:00,5.1029987,4.1195683
2023-05-09 09:00:00,5.1304727,4.54016
2023-05-09 10:00:00,4.9412246,4.5472527
2023-05-09 11:00:00,4.562629,4.505499
2023-05-09 12:00:00,4.3382554,4.3298655
2023-05-09 13:00:00,4.14776,4.2260003
2023-05-09 14:00:00,4.005732,4.065455
2023-05-09 15:00:00,3.7355766,3.8171716
2023-05-09 16:00:00,3.659842,3.7415514
2023-05-09 17:00:00,3.4807491,3.6896403
2023-05-09 18:00:00,3.4152489,3.69144
2023-05-09 19:00:00,4.631649,3.9421744
2023-05-09 20:00:00,4.7523603,4.009491
2023-05-09 21:00:00,4.634894,3.890592
2023-05-09 22:00:00,4.5305247,4.204356
2023-05-09 23:00:00,4.275236,4.2749677
2023-05-10 00:00:00,3.9469185,4.12699
2023-05-10 01:00:00,3.8230941,3.9084358
2023-05-10 02:00:00,3.6794782,3.746469
2023-05-10 03:00:00,3.48179,3.6559775
2023-05-10 04:00:00,3.3998928,3.611458
2023-05-10 05:00:00,3.2794864,3.607657
2023-05-10 06:00:00,3.3523753,3.5730286
2023-05-10 07:00:00,4.015674,3.6642861
2023-05-10 08:00:00,4.426073,3.7954226
2023-05-10 09:00:00,5.0475645,4.225793
2023-05-10 10:00:00,4.962964,4.2942853
2023-05-10 11:00:00,4.8107476,4.3093023
2023-05-10 12:00:00,4.424687,4.2194347
2023-05-10 13:00:00,4.1969194,4.159361
2023-05-10 14:00:00,3.9815583,4.13496
2023-05-10 15:00:00,3.817728,3.9822307
2023-05-10 16:00:00,3.629172,3.8148222
2023-05-10 17:00:00,3.5634964,3.6371353
2023-05-10 18:00:00,3.3238695,3.5775473
2023-05-10 19:00:00,3.6315658,3.6452875
2023-05-10 20:00:00,3.9759073,3.6996284
2023-05-10 21:00:00,4.3380957,3.8005
2023-05-10 22:00:00,4.413125,3.8315547
2023-05-10 23:00:00,4.4291444,4.0967717
2023-05-11 00:00:00,3.9637685,4.0380473
2023-05-11 01:00:00,3.8549254,3.9612324
2023-05-11 02:00:00,3.6822486,3.7424173
2023-05-11 03:00:00,3.616691,3.5972457
2023-05-11 04:00:00,3.4373243,3.5782092
2023-05-11 05:00:00,3.3288589,3.542426
2023-05-11 06:00:00,3.298104,3.5447404
2023-05-11 07:00:00,3.3469057,3.5518343
2023-05-11 08:00:00,4.209253,3.6271186
2023-05-11 09:00:00,4.566932,3.8071163
2023-05-11 10:00:00,4.966709,4.182916
2023-05-11 11:00:00,4.8798785,4.250474
2023-05-11 12:00:00,4.542758,4.2275743
2023-05-11 13:00:00,4.294867,4.1052346
2023-05-11 14:00:00,4.052064,4.1346974
2023-05-11 15:00:00,3.9133012,3.9760613
2023-05-11 16:00:00,3.7391372,3.8923345
2023-05-11 17:00:00,3.6727052,3.7391884
2023-05-11 18:00:00,3.493061,3.6686053
2023-05-11 19:00:00,3.4456522,3.626275
2023-05-11 20:00:00,3.7025244,3.6475422
2023-05-11 21:00:00,3.837234,3.6804252
2023-05-11 22:00:00,4.264014,3.6909285
2023-05-11 23:00:00,4.2713566,3.6863
2023-05-12 00:00:00,4.149547,4.0349827
2023-05-12 01:00:00,3.8960862,3.939453
2023-05-12 02:00:00,3.7725656,3.7793014
2023-05-12 03:00:00,3.6293406,3.5972342
2023-05-12 04:00:00,3.52783,3.5436077
2023-05-12 05:00:00,3.4346788,3.537705
2023-05-12 06:00:00,3.3159266,3.4898133
2023-05-12 07:00:00,3.3512044,3.4917037
2023-05-12 08:00:00,3.5795417,3.5105174
2023-05-12 09:00:00,4.386091,3.6512475
2023-05-12 10:00:00,4.5770907,3.7012947
2023-05-12 11:00:00,4.758888,4.2054415
2023-05-12 12:00:00,4.672663,4.384127
2023-05-12 13:00:00,4.4215994,4.2884717
2023-05-12 14:00:00,4.190517,4.245459
2023-05-12 15:00:00,4.0369473,4.043605
2023-05-12 16:00:00,3.8533192,3.8608396
2023-05-12 17:00:00,3.7593164,3.8094962
2023-05-12 18:00:00,3.6097105,3.6671586
2023-05-12 19:00:00,3.531245,3.614857
2023-05-12 20:00:00,3.498482,3.6211205
2023-05-12 21:00:00,3.9006388,3.6160247
2023-05-12 22:00:00,3.8154614,3.6227813
2023-05-12 23:00:00,4.0710087,3.6931748
2023-05-13 00:00:00,3.9721239,3.5713124
2023-05-13 01:00:00,4.1236176,3.8509748
2023-05-13 02:00:00,3.7865689,3.8558471
2023-05-13 03:00:00,3.6492712,3.6039364
2023-05-13 04:00:00,3.579599,3.5300806
2023-05-13 05:00:00,3.5666082,3.4883392
2023-05-13 06:00:00,3.519592,3.484309
2023-05-13 07:00:00,3.440642,3.4792423
2023-05-13 08:00:00,3.381521,3.475648
2023-05-13 09:00:00,3.4875927,3.4819489
2023-05-13 10:00:00,3.9964664,3.5504494
2023-05-13 11:00:00,4.334693,3.6433737
2023-05-13 12:00:00,4.5985093,3.9753096
2023-05-13 13:00:00,4.5739584,4.094625
2023-05-13 14:00:00,4.5569057,4.193465
2023-05-13 15:00:00,4.1921844,4.222351
2023-05-13 16:00:00,3.9831262,4.0660977
2023-05-13 17:00:00,3.7983603,3.6998162
2023-05-13 18:00:00,3.7122731,3.645167
2023-05-13 19:00:00,3.6414635,3.6097887
2023-05-13 20:00:00,3.5016215,3.6013052
2023-05-13 21:00:00,3.4543166,3.561366
2023-05-13 22:00:00,3.5938053,3.5768583
2023-05-13 23:00:00,3.6818347,3.5408535
2023-05-14 00:00:00,3.7423053,3.5475264
2023-05-14 01:00:00,3.913868,3.575309
2023-05-14 02:00:00,4.084311,3.5758104
2023-05-14 03:00:00,3.939663,3.5202022
2023-05-14 04:00:00,3.7440739,3.4852238
2023-05-14 05:00:00,3.7970808,3.4391372
2023-05-14 06:00:00,3.6728628,3.4734712
2023-05-14 07:00:00,3.5328672,3.468735
2023-05-14 08:00:00,3.4833722,3.4678173
2023-05-14 09:00:00,3.4049053,3.4634805
2023-05-14 10:00:00,3.4878397,3.4257116
2023-05-14 11:00:00,3.466162,3.4219356
2023-05-14 12:00:00,4.163774,3.4336858
2023-05-14 13:00:00,4.319336,3.5646765
2023-05-14 14:00:00,4.5821986,3.9398463
2023-05-14 15:00:00,4.6823597,4.1230206
2023-05-14 16:00:00,4.2171564,4.1109767
2023-05-14 17:00:00,4.10154,4.0221677
2023-05-14 18:00:00,3.8273807,3.7806435
2023-05-14 19:00:00,3.8038363,3.6399016
2023-05-14 20:00:00,3.64242,3.588635
2023-05-14 21:00:00,3.5404322,3.538236
2023-05-14 22:00:00,3.502167,3.5372283
2023-05-14 23:00:00,3.4622018,3.5000103
2023-05-15 00:00:00,3.6001365,3.521563
2023-05-15 01:00:00,4.0221257,3.569014
2023-05-15 02:00:00,3.8664594,3.557116
2023-05-15 03:00:00,4.228362,3.6082573
2023-05-15 04:00:00,4.41641,3.5159328
2023-05-15 05:00:00,4.0555663,3.4575427
2023-05-15 06:00:00,3.8726263,3.4309134
2023-05-15 07:00:00,3.709302,3.4214563
2023-05-15 08:00:00,3.6833248,3.4228637
2023-05-15 09:00:00,3.5410297,3.4609067
2023-05-15 10:00:00,3.437419,3.4142363
2023-05-15 11:00:00,3.3677886,3.4138958
2023-05-15 12:00:00,3.4108794,3.422816
2023-05-15 13:00:00,3.9297366,3.4622025
2023-05-15 14:00:00,4.184619,3.4713254
2023-05-15 15:00:00,4.5205255,3.705141
2023-05-15 16:00:00,4.6889534,4.1497736
2023-05-15 17:00:00,4.4732814,4.203027
2023-05-15 18:00:00,4.143418,4.119525
2023-05-15 19:00:00,3.962719,3.9517794
2023-05-15 20:00:00,3.6901457,3.6644297
2023-05-15 21:00:00,3.6921997,3.6353595
2023-05-15 22:00:00,3.500738,3.540974
2023-05-15 23:00:00,3.4684634,3.5365314
2023-05-16 00:00:00,3.3853467,3.4950578
2023-05-16 01:00:00,3.736655,3.5296097
2023-05-16 02:00:00,3.7501202,3.54457
2023-05-16 03:00:00,3.9959433,3.5830865
2023-05-16 04:00:00,4.254574,3.7262955
2023-05-16 05:00:00,4.5074563,4.1219573
2023-05-16 06:00:00,4.447521,4.116269
2023-05-16 07:00:00,4.1320324,4.055867
2023-05-16 08:00:00,3.9453666,3.8919418
2023-05-16 09:00:00,3.780549,3.7080686
2023-05-16 10:00:00,3.591284,3.587151
2023-05-16 11:00:00,3.5017304,3.547883
2023-05-16 12:00:00,3.3703976,3.5398414
2023-05-16 13:00:00,3.441028,3.505832
2023-05-16 14:00:00,3.831878,3.537773
2023-05-16 15:00:00,4.2425466,3.5929606
2023-05-16 16:00:00,4.6195726,3.8922038
2023-05-16 17:00:00,4.7822094,4.2904654
2023-05-16 18:00:00,4.556176,4.4147463
2023-05-16 19:00:00,4.281314,4.313956
2023-05-16 20:00:00,4.1143813,4.139069
2023-05-16 21:00:00,3.8576667,3.771614
2023-05-16 22:00:00,3.7625103,3.7020175
2023-05-16 23:00:00,3.5807176,3.6125355
2023-05-17 00:00:00,3.501476,3.557237
2023-05-17 01:00:00,3.4313798,3.5538142
2023-05-17 02:00:00,3.7593372,3.5928133
2023-05-17 03:00:00,4.4132147,3.6369083
2023-05-17 04:00:00,4.3799405,3.6599731
2023-05-17 05:00:00,4.715154,4.129886
2023-05-17 06:00:00,4.7376943,4.3381324
2023-05-17 07:00:00,4.389117,4.2136693
2023-05-17 08:00:00,4.0614896,4.158918
2023-05-17 09:00:00,4.0082836,3.973514
2023-05-17 10:00:00,3.7746027,3.7804205
2023-05-17 11:00:00,3.6682885,3.7163773
2023-05-17 12:00:00,3.583267,3.661317
2023-05-17 13:00:00,3.5148613,3.6108553
2023-05-17 14:00:00,3.6437619,3.5331903
2023-05-17 15:00:00,4.414463,3.5458226
2023-05-17 16:00:00,4.404315,3.549675
2023-05-17 17:00:00,4.7399683,4.121771
2023-05-17 18:00:00,4.7235136,4.465392
2023-05-17 19:00:00,4.5542073,4.482086
2023-05-17 20:00:00,4.3898845,4.3208513
2023-05-17 21:00:00,4.1314864,4.151741
2023-05-17 22:00:00,3.9540327,3.961422
2023-05-17 23:00:00,3.7848175,3.7923872
2023-05-18 00:00:00,3.568583,3.6568873
2023-05-18 01:00:00,3.5151544,3.603043
2023-05-18 02:00:00,3.4886847,3.610449
2023-05-18 03:00:00,3.8952053,3.7023702
2023-05-18 04:00:00,4.5488687,3.7771988
2023-05-18 05:00:00,4.947304,3.873507
2023-05-18 06:00:00,4.7013164,4.252824
2023-05-18 07:00:00,4.759102,4.465341
2023-05-18 08:00:00,4.423595,4.366035
2023-05-18 09:00:00,4.16084,4.165229
2023-05-18 10:00:00,4.037023,4.0612664
2023-05-18 11:00:00,3.7700777,3.7990582
2023-05-18 12:00:00,3.649516,3.6756306
2023-05-18 13:00:00,3.5033674,3.6224356
2023-05-18 14:00:00,3.4680812,3.5717502
2023-05-18 15:00:00,3.7377687,3.5414033
2023-05-18 16:00:00,4.0399046,3.6438687
2023-05-18 17:00:00,4.451582,3.6731548
2023-05-18 18:00:00,4.665901,4.114052
2023-05-18 19:00:00,4.6795835,4.3394217
2023-05-18 20:00:00,4.25622,4.310874
2023-05-18 21:00:00,4.1343493,4.185191
2023-05-18 22:00:00,3.9200714,3.9612155
2023-05-18 23:00:00,3.7394013,3.7788112
2023-05-19 00:00:00,3.568147,3.6492784
2023-05-19 01:00:00,3.4386423,3.6009312
2023-05-19 02:00:00,3.320007,3.5984151
2023-05-19 03:00:00,3.4767532,3.5719028
2023-05-19 04:00:00,4.3606844,3.7227244
2023-05-19 05:00:00,4.415871,3.7630737
2023-05-19 06:00:00,5.1898847,4.3464184
2023-05-19 07:00:00,5.017861,4.6724677
2023-05-19 08:00:00,4.783809,4.722756
2023-05-19 09:00:00,4.5189614,4.522711
2023-05-19 10:00:00,4.301122,4.2822742
2023-05-19 11:00:00,4.082031,4.107589
2023-05-19 12:00:00,3.9158983,3.8851478
2023-05-19 13:00:00,3.7480576,3.8058124
2023-05-19 14:00:00,3.611558,3.7329488
2023-05-19 15:00:00,3.4825778,3.8200333
2023-05-19 16:00:00,3.7880576,3.9565897
2023-05-19 17:00:00,4.551924,3.94859
2023-05-19 18:00:00,4.9366884,3.9554238
2023-05-19 19:00:00,4.9437666,4.3048964
2023-05-19 20:00:00,4.619808,4.420183
2023-05-19 21:00:00,4.401248,4.2726154
2023-05-19 22:00:00,4.1625986,4.097855
2023-05-19 23:00:00,4.0205345,4.0148125
2023-05-20 00:00:00,3.8729947,3.8560784
2023-05-20 01:00:00,3.680458,3.691252
2023-05-20 02:00:00,3.4889042,3.68086
2023-05-20 03:00:00,3.4621155,3.6344004
2023-05-20 04:00:00,3.7011554,3.647472
2023-05-20 05:00:00,4.540325,3.7548397
2023-05-20 06:00:00,5.15286,4.0061274
2023-05-20 07:00:00,5.229129,4.3775797
2023-05-20 08:00:00,5.04421,4.490388
2023-05-20 09:00:00,4.6886663,4.369433
2023-05-20 10:00:00,4.424096,4.258937
2023-05-20 11:00:00,4.2461953,4.153021
2023-05-20 12:00:00,4.106499,4.075995
2023-05-20 13:00:00,3.9361613,3.9115517
2023-05-20 14:00:00,3.7632544,3.7421725
2023-05-20 15:00:00,3.5524945,3.681587
2023-05-20 16:00:00,3.518293,3.6873116
2023-05-20 17:00:00,4.1939273,3.80195
2023-05-20 18:00:00,4.5671096,3.795797
2023-05-20 19:00:00,4.849339,4.0769253
2023-05-20 20:00:00,4.795814,4.3217554
2023-05-20 21:00:00,4.5142856,4.360547
2023-05-20 22:00:00,4.2378273,4.3105445
2023-05-20 23:00:00,4.101723,4.1754193
2023-05-21 00:00:00,3.9538815,3.9885855
2023-05-21 01:00:00,3.7963614,3.7376313
2023-05-21 02:00:00,3.5851336,3.6724331
2023-05-21 03:00:00,3.4305754,3.6228857
2023-05-21 04:00:00,3.4837992,3.6305788
2023-05-21 05:00:00,4.1029353,3.6476622
2023-05-21 06:00:00,4.5986614,3.7709236
2023-05-21 07:00:00,5.212953,4.334823
2023-05-21 08:00:00,5.090221,4.6118073
2023-05-21 09:00:00,4.90741,4.6905184
2023-05-21 10:00:00,4.621481,4.57474
2023-05-21 11:00:00,4.390763,4.392399
2023-05-21 12:00:00,4.175006,4.199191
2023-05-21 13:00:00,3.9387457,4.0398717
2023-05-21 14:00:00,3.8070867,3.9005408
2023-05-21 15:00:00,3.6762023,3.7407248
2023-05-21 16:00:00,3.4715633,3.6819048
2023-05-21 17:00:00,3.7464595,3.7379694
2023-05-21 18:00:00,4.633236,3.840039
2023-05-21 19:00:00,4.700532,3.9002218
2023-05-21 20:00:00,4.8943434,4.2423587
2023-05-21 21:00:00,4.6889496,4.3110466
2023-05-21 22:00:00,4.374816,4.3222666
2023-05-21 23:00:00,4.1334352,4.2139363
2023-05-22 00:00:00,3.9338245,4.0864367
2023-05-22 01:00:00,3.776006,3.8221827
2023-05-22 02:00:00,3.5765219,3.6683633
2023-05-22 03:00:00,3.494856,3.6216514
2023-05-22 04:00:00,3.4441853,3.6167789
2023-05-22 05:00:00,3.561341,3.5857692
2023-05-22 06:00:00,4.5258927,3.7534134
2023-05-22 07:00:00,4.7914762,3.8287826
2023-05-22 08:00:00,5.2518578,4.436747
2023-05-22 09:00:00,4.986028,4.632849
2023-05-22 10:00:00,4.653277,4.4893246
2023-05-22 11:00:00,4.444411,4.3471346
2023-05-22 12:00:00,4.242619,4.304457
2023-05-22 13:00:00,4.110209,4.140286
2023-05-22 14:00:00,3.9378679,4.058224
2023-05-22 15:00:00,3.7493198,3.8060374
2023-05-22 16:00:00,3.5662022,3.7294896
2023-05-22 17:00:00,3.49896,3.689747
2023-05-22 18:00:00,4.2730107,3.740739
2023-05-22 19:00:00,4.627875,3.8327668
2023-05-22 20:00:00,4.7118926,3.881481
2023-05-22 21:00:00,4.7209597,4.256779
2023-05-22 22:00:00,4.389925,4.3121243
2023-05-22 23:00:00,4.0786123,4.1664915
2023-05-23 00:00:00,3.925046,4.021577
2023-05-23 01:00:00,3.788899,3.8409936
2023-05-23 02:00:00,3.6307185,3.6679575
2023-05-23 03:00:00,3.5083547,3.6140819
2023-05-23 04:00:00,3.3750348,3.6033823
2023-05-23 05:00:00,3.4264524,3.612394
2023-05-23 06:00:00,3.6741846,3.6744277
2023-05-23 07:00:00,4.257849,3.7315676
2023-05-23 08:00:00,4.8170056,3.95213
2023-05-23 09:00:00,4.952982,4.3103175
2023-05-23 10:00:00,4.857163,4.4620132
2023-05-23 11:00:00,4.456345,4.334471
2023-05-23 12:00:00,4.29201,4.3346086
2023-05-23 13:00:00,4.08868,4.1391582
2023-05-23 14:00:00,3.8332167,3.8778975
2023-05-23 15:00:00,3.736612,3.7437272
2023-05-23 16:00:00,3.5616443,3.681371
2023-05-23 17:00:00,3.4697144,3.6734283
2023-05-23 18:00:00,3.4984438,3.6374853
2023-05-23 19:00:00,4.1111255,3.7281787
2023-05-23 20:00:00,4.4657464,3.8368208
2023-05-23 21:00:00,4.556972,3.8727329
2023-05-23 22:00:00,4.3717647,4.177693
2023-05-23 23:00:00,4.048703,4.1328416
2023-05-24 00:00:00,3.9483178,4.0387444
2023-05-24 01:00:00,3.8070107,3.8315494
2023-05-24 02:00:00,3.6164145,3.6482763
2023-05-24 03:00:00,3.5480332,3.6037598
2023-05-24 04:00:00,3.4726043,3.5600626
2023-05-24 05:00:00,3.3209114,3.547515
2023-05-24 06:00:00,3.490957,3.56423
2023-05-24 07:00:00,4.2195563,3.7127764
2023-05-24 08:00:00,4.4856973,3.6868248
2023-05-24 09:00:00,4.995667,4.275982
2023-05-24 10:00:00,4.82561,4.428099
2023-05-24 11:00:00,4.6672792,4.3421593
2023-05-24 12:00:00,4.406348,4.2849054
2023-05-24 13:00:00,4.1713862,4.22934
2023-05-24 14:00:00,4.01927,4.046646
2023-05-24 15:00:00,3.7615485,3.8751829
2023-05-24 16:00:00,3.747205,3.7460506
2023-05-24 17:00:00,3.5914967,3.677253
2023-05-24 18:00:00,3.5633314,3.6312866
2023-05-24 19:00:00,3.8290339,3.6581013
2023-05-24 20:00:00,4.0846806,3.634278
2023-05-24 21:00:00,4.268256,3.684768
2023-05-24 22:00:00,4.430664,4.03037
2023-05-24 23:00:00,4.3879685,4.1754403
2023-05-25 00:00:00,3.998221,4.108507
2023-05-25 01:00:00,3.915156,3.9550548
2023-05-25 02:00:00,3.7491026,3.7499852
2023-05-25 03:00:00,3.6335323,3.6031477
2023-05-25 04:00:00,3.546341,3.597739
2023-05-25 05:00:00,3.3851988,3.5457733
2023-05-25 06:00:00,3.4019783,3.5468316
2023-05-25 07:00:00,3.7500694,3.5822427
2023-05-25 08:00:00,4.3928585,3.7630138
2023-05-25 09:00:00,4.971206,4.0851974
2023-05-25 10:00:00,4.897906,4.3035035
2023-05-25 11:00:00,4.780501,4.3453984
2023-05-25 12:00:00,4.4653654,4.342573
2023-05-25 13:00:00,4.269636,4.258649
2023-05-25 14:00:00,4.1078796,4.1413617
2023-05-25 15:00:00,3.9483633,3.806882
2023-05-25 16:00:00,3.6864488,3.793435
2023-05-25 17:00:00,3.5846047,3.6808262
2023-05-25 18:00:00,3.5054762,3.63213
2023-05-25 19:00:00,3.7711215,3.649514
2023-05-25 20:00:00,3.9232738,3.6990442
2023-05-25 21:00:00,4.3799953,3.7057958
2023-05-25 22:00:00,4.2402296,3.6998127
2023-05-25 23:00:00,4.316589,4.0004687
2023-05-26 00:00:00,3.9287765,4.0581574
2023-05-26 01:00:00,3.9046342,3.8920922
2023-05-26 02:00:00,3.8213375,3.8472564
2023-05-26 03:00:00,3.7492216,3.6780632
2023-05-26 04:00:00,3.5576844,3.5474272
2023-05-26 05:00:00,3.4550729,3.5422332
2023-05-26 06:00:00,3.4069474,3.5478098
2023-05-26 07:00:00,3.5192146,3.5512064
2023-05-26 08:00:00,3.926909,3.6257734
2023-05-26 09:00:00,4.648572,3.8055267
2023-05-26 10:00:00,4.7620068,4.004675
2023-05-26 11:00:00,4.746359,4.13918
2023-05-26 12:00:00,4.523552,4.285425
2023-05-26 13:00:00,4.231676,4.225505
2023-05-26 14:00:00,4.1356807,4.1652646
2023-05-26 15:00:00,3.9826183,3.9795203
2023-05-26 16:00:00,3.888417,3.822152
2023-05-26 17:00:00,3.7179253,3.671317
2023-05-26 18:00:00,3.5571537,3.6200812
2023-05-26 19:00:00,3.5071392,3.6203308
2023-05-26 20:00:00,3.6619596,3.5894282
2023-05-26 21:00:00,3.8500776,3.6017315
2023-05-26 22:00:00,4.1404185,3.6813679
2023-05-26 23:00:00,4.3298407,3.8344915
2023-05-27 00:00:00,4.1802497,3.8720915
2023-05-27 01:00:00,3.8620784,3.9382591
2023-05-27 02:00:00,3.8136811,3.7939231
2023-05-27 03:00:00,3.7436106,3.6597369
2023-05-27 04:00:00,3.612443,3.5387352
2023-05-27 05:00:00,3.5502346,3.5386202
2023-05-27 06:00:00,3.4838214,3.5380983
2023-05-27 07:00:00,3.534966,3.542929
2023-05-27 08:00:00,3.5457733,3.5487978
2023-05-27 09:00:00,4.062546,3.6488247
2023-05-27 10:00:00,4.4754543,3.7450433
2023-05-27 11:00:00,4.7578096,4.1838226
2023-05-27 12:00:00,4.6738067,4.2882867
2023-05-27 13:00:00,4.288649,4.2758646
2023-05-27 14:00:00,4.188006,4.1878233
2023-05-27 15:00:00,4.101108,4.0817065
2023-05-27 16:00:00,3.9049468,3.8060405
2023-05-27 17:00:00,3.8110063,3.670188
2023-05-27 18:00:00,3.7422762,3.6708255
2023-05-27 19:00:00,3.7099729,3.6281598
2023-05-27 20:00:00,3.6801224,3.629804
2023-05-27 21:00:00,3.800508,3.6680505
2023-05-27 22:00:00,4.096673,3.6575625
2023-05-27 23:00:00,3.8317256,3.6203759
2023-05-28 00:00:00,4.020238,3.649526
2023-05-28 01:00:00,4.0949693,3.8358521
2023-05-28 02:00:00,3.9684353,3.7668061
2023-05-28 03:00:00,3.8200724,3.7039788
2023-05-28 04:00:00,3.7160907,3.543292
2023-05-28 05:00:00,3.6983876,3.5396974
2023-05-28 06:00:00,3.6166167,3.5420363
2023-05-28 07:00:00,3.6346276,3.4992948
2023-05-28 08:00:00,3.5657625,3.534413
2023-05-28 09:00:00,3.8202755,3.4689054
2023-05-28 10:00:00,4.0529966,3.5264468
2023-05-28 11:00:00,4.306506,3.7895079
2023-05-28 12:00:00,4.417704,3.99766
2023-05-28 13:00:00,4.529216,4.1579404
2023-05-28 14:00:00,4.550801,4.1920147
2023-05-28 15:00:00,4.1851597,4.1494856
2023-05-28 16:00:00,4.0801783,4.015927
2023-05-28 17:00:00,3.8714128,3.8873324
2023-05-28 18:00:00,3.8555443,3.8279154
2023-05-28 19:00:00,3.790725,3.827164
2023-05-28 20:00:00,3.7433722,3.7592165
2023-05-28 21:00:00,3.7235484,3.7045727
2023-05-28 22:00:00,3.8788571,3.768933
2023-05-28 23:00:00,3.7620287,3.7848117
2023-05-29 00:00:00,4.1499662,3.6758528
2023-05-29 01:00:00,4.1069193,3.7494648
2023-05-29 02:00:00,4.3260155,3.9731607
2023-05-29 03:00:00,4.1678224,4.0075626
2023-05-29 04:00:00,4.0821548,3.952221
2023-05-29 05:00:00,4.0030384,3.9127796
2023-05-29 06:00:00,3.8809316,3.8809454
2023-05-29 07:00:00,3.8829536,3.801435
2023-05-29 08:00:00,3.805477,3.792159
2023-05-29 09:00:00,3.8089986,3.7123692
2023-05-29 10:00:00,3.8853738,3.7223117
2023-05-29 11:00:00,3.9641092,3.759083
2023-05-29 12:00:00,4.3637495,3.855231
2023-05-29 13:00:00,4.597892,3.9933548
2023-05-29 14:00:00,4.654119,4.088018
2023-05-29 15:00:00,4.6172495,4.144922
2023-05-29 16:00:00,4.2060976,4.110991
2023-05-29 17:00:00,4.220165,4.0908613
2023-05-29 18:00:00,4.009382,4.129042
2023-05-29 19:00:00,3.8968458,3.9532394
2023-05-29 20:00:00,3.9165807,3.790695
2023-05-29 21:00:00,3.8266022,3.7878265
2023-05-29 22:00:00,3.8207197,3.7180128
2023-05-29 23:00:00,3.809311,3.7392623
2023-05-30 00:00:00,3.818218,3.6075678
2023-05-30 01:00:00,4.0721564,3.6299937
2023-05-30 02:00:00,4.222451,3.7686405
2023-05-30 03:00:00,4.478089,4.0250187
2023-05-30 04:00:00,4.522807,4.187759
2023-05-30 05:00:00,4.1866093,4.140104
2023-05-30 06:00:00,4.07583,4.0740714
2023-05-30 07:00:00,3.9945853,3.961414
2023-05-30 08:00:00,3.929373,3.9469874
2023-05-30 09:00:00,3.8720322,3.9542305
2023-05-30 10:00:00,3.8082542,3.7680085
2023-05-30 11:00:00,3.766161,3.6774735
2023-05-30 12:00:00,3.8168902,3.6384566
2023-05-30 13:00:00,4.39969,3.7615929
2023-05-30 14:00:00,4.5432906,3.9114456
2023-05-30 15:00:00,4.834749,4.170863
2023-05-30 16:00:00,4.857252,4.320828
2023-05-30 17:00:00,4.3732977,4.3264465
2023-05-30 18:00:00,4.264481,4.1789227
2023-05-30 19:00:00,4.043284,4.038822
2023-05-30 20:00:00,3.9401762,3.938079
2023-05-30 21:00:00,3.8561454,3.8490412
2023-05-30 22:00:00,3.7671864,3.7554915
2023-05-30 23:00:00,3.7600696,3.6351683
2023-05-31 00:00:00,3.8537495,3.598352
2023-05-31 01:00:00,3.984132,3.618459
2023-05-31 02:00:00,4.33815,3.6978
2023-05-31 03:00:00,4.3959446,3.9159434
2023-05-31 04:00:00,4.593029,4.2203956
2023-05-31 05:00:00,4.71543,4.4571724
2023-05-31 06:00:00,4.393131,4.385846
2023-05-31 07:00:00,4.27575,4.298244
2023-05-31 08:00:00,4.1932425,4.0960712
2023-05-31 09:00:00,4.0058293,3.9787943
2023-05-31 10:00:00,3.9029713,3.9028149
2023-05-31 11:00:00,3.8249438,3.8337579
2023-05-31 12:00:00,3.71724,3.6845016
2023-05-31 13:00:00,3.8616102,3.6558979
2023-05-31 14:00:00,4.6434107,3.8249137
2023-05-31 15:00:00,4.749095,3.8808224
2023-05-31 16:00:00,4.87296,4.2909193
2023-05-31 17:00:00,4.7698073,4.499619
2023-05-31 18:00:00,4.4823985,4.4267426
2023-05-31 19:00:00,4.2616286,4.309562
2023-05-31 20:00:00,4.1935825,4.123952
2023-05-31 21:00:00,4.009963,3.9235816
2023-05-31 22:00:00,3.8104599,3.8175497
2023-05-31 23:00:00,3.7380905,3.7453368
2023-06-01 00:00:00,3.6169984,3.6765878
2023-06-01 01:00:00,3.619379,3.6363993
2023-06-01 02:00:00,4.547416,3.7265248
2023-06-01 03:00:00,4.6520586,3.8831062
2023-06-01 04:00:00,4.7420053,4.106034
2023-06-01 05:00:00,4.8144646,4.443182
2023-06-01 06:00:00,4.699824,4.4945874
2023-06-01 07:00:00,4.465821,4.428412
2023-06-01 08:00:00,4.320925,4.273222
2023-06-01 09:00:00,4.149033,4.1629257
2023-06-01 10:00:00,4.0023565,4.074198
2023-06-01 11:00:00,3.8086755,3.9079618
2023-06-01 12:00:00,3.737211,3.7411296
2023-06-01 13:00:00,3.5706444,3.6852105
2023-06-01 14:00:00,4.038871,3.6896942
2023-06-01 15:00:00,4.551956,3.9265125
2023-06-01 16:00:00,4.632296,4.0754843
2023-06-01 17:00:00,4.827406,4.3774686
2023-06-01 18:00:00,4.7165227,4.4516687
2023-06-01 19:00:00,4.397939,4.3846226
2023-06-01 20:00:00,4.2156234,4.213598
2023-06-01 21:00:00,4.0785108,4.102976
2023-06-01 22:00:00,3.9122832,3.9260285
2023-06-01 23:00:00,3.7394478,3.8314753
2023-06-02 00:00:00,3.6659718,3.687049
2023-06-02 01:00:00,3.5044441,3.678229
2023-06-02 02:00:00,3.5690103,3.739002
2023-06-02 03:00:00,4.608286,3.8731844
2023-06-02 04:00:00,4.650906,3.8798711
2023-06-02 05:00:00,4.983912,4.42314
2023-06-02 06:00:00,4.896945,4.5943427
2023-06-02 07:00:00,4.734016,4.6048794
2023-06-02 08:00:00,4.3734374,4.4360013
2023-06-02 09:00:00,4.2704935,4.3229346
2023-06-02 10:00:00,4.162411,4.159575
2023-06-02 11:00:00,4.010475,4.0064297
2023-06-02 12:00:00,3.8103328,3.8360946
2023-06-02 13:00:00,3.6033795,3.6942346
2023-06-02 14:00:00,3.4881325,3.6880777
2023-06-02 15:00:00,4.2016096,3.8475814
2023-06-02 16:00:00,4.5661116,3.9564223
2023-06-02 17:00:00,5.0130396,4.065571
2023-06-02 18:00:00,4.6847954,4.329131
2023-06-02 19:00:00,4.621849,4.4253635
2023-06-02 20:00:00,4.367243,4.36518
2023-06-02 21:00:00,4.1115108,4.186373
2023-06-02 22:00:00,3.9810371,4.0001125
2023-06-02 23:00:00,3.807755,3.908094
2023-06-03 00:00:00,3.7016363,3.7648613
2023-06-03 01:00:00,3.5806904,3.6796203
2023-06-03 02:00:00,3.5139296,3.6355405
2023-06-03 03:00:00,3.675155,3.6513124
2023-06-03 04:00:00,4.5034833,3.750009
2023-06-03 05:00:00,5.278346,4.2411375
2023-06-03 06:00:00,4.9267073,4.583804
2023-06-03 07:00:00,4.8973336,4.7116303
2023-06-03 08:00:00,4.734607,4.6245155
2023-06-03 09:00:00,4.4372473,4.502435
2023-06-03 10:00:00,4.2368913,4.2947245
2023-06-03 11:00:00,4.1420484,4.1400824
2023-06-03 12:00:00,3.9756866,3.9930105
2023-06-03 13:00:00,3.8196173,3.815134
2023-06-03 14:00:00,3.520693,3.7366002
2023-06-03 15:00:00,3.5308478,3.7049465
2023-06-03 16:00:00,4.720663,3.9404585
2023-06-03 17:00:00,4.6917634,3.986521
2023-06-03 18:00:00,5.022153,4.25702
2023-06-03 19:00:00,4.627724,4.573755
2023-06-03 20:00:00,4.4928026,4.6215425
2023-06-03 21:00:00,4.2534757,4.386789
2023-06-03 22:00:00,4.118904,4.1708407
2023-06-03 23:00:00,3.9925146,4.003712
2023-06-04 00:00:00,3.8353548,3.841909
2023-06-04 01:00:00,3.6335988,3.754462
2023-06-04 02:00:00,3.5534139,3.6857383
2023-06-04 03:00:00,3.46125,3.6964355
2023-06-04 04:00:00,3.8646924,3.823505
2023-06-04 05:00:00,4.669496,3.9265747
2023-06-04 06:00:00,5.2192316,4.430032
2023-06-04 07:00:00,4.9347663,4.7322226
2023-06-04 08:00:00,4.939099,4.7556443
2023-06-04 09:00:00,4.5944886,4.630701
2023-06-04 10:00:00,4.3789306,4.4726124
2023-06-04 11:00:00,4.2041364,4.2935114
2023-06-04 12:00:00,4.0589714,4.0741334
2023-06-04 13:00:00,3.8932085,4.0062776
2023-06-04 14:00:00,3.7041354,3.8388495
2023-06-04 15:00:00,3.4364972,3.7445068
2023-06-04 16:00:00,3.5691285,3.837988
2023-06-04 17:00:00,4.715484,3.982976
2023-06-04 18:00:00,4.639086,3.993294
2023-06-04 19:00:00,4.9303017,4.3337746
2023-06-04 20:00:00,4.497408,4.35646
2023-06-04 21:00:00,4.3851504,4.4965053
2023-06-04 22:00:00,4.159606,4.305136
2023-06-04 23:00:00,4.081862,4.111823
2023-06-05 00:00:00,3.8938296,4.011952
2023-06-05 01:00:00,3.7212305,3.856429
2023-06-05 02:00:00,3.6214793,3.6919487
2023-06-05 03:00:00,3.4872181,3.6797183
2023-06-05 04:00:00,3.5242515,3.644566
2023-06-05 05:00:00,4.518056,3.8457983
2023-06-05 06:00:00,4.7418537,3.9196355
2023-06-05 07:00:00,5.37669,4.5498323
2023-06-05 08:00:00,5.0657964,4.6253967
2023-06-05 09:00:00,4.9297113,4.713489
2023-06-05 10:00:00,4.6566114,4.6390634
2023-06-05 11:00:00,4.4392757,4.485537
2023-06-05 12:00:00,4.2964034,4.302092
2023-06-05 13:00:00,4.1430264,4.153912
2023-06-05 14:00:00,3.9780338,4.078958
2023-06-05 15:00:00,3.7873893,3.900019
2023-06-05 16:00:00,3.4651127,3.8036745
2023-06-05 17:00:00,3.8283014,3.8335633
2023-06-05 18:00:00,4.574559,3.9897242
2023-06-05 19:00:00,4.7181835,4.072431
2023-06-05 20:00:00,5.0723753,4.512971
2023-06-05 21:00:00,4.472958,4.579418
2023-06-05 22:00:00,4.3599625,4.4582605
2023-06-05 23:00:00,4.0833516,4.279042
2023-06-06 00:00:00,3.9599192,4.1152925
2023-06-06 01:00:00,3.8323529,3.948744
2023-06-06 02:00:00,3.6612294,3.781339
2023-06-06 03:00:00,3.4869523,3.776199
2023-06-06 04:00:00,3.4195523,3.7066774
2023-06-06 05:00:00,3.8141878,3.8090973
2023-06-06 06:00:00,4.538359,3.9956234
2023-06-06 07:00:00,4.850888,4.07225
2023-06-06 08:00:00,5.149089,4.548833
2023-06-06 09:00:00,4.856685,4.7210093
2023-06-06 10:00:00,4.6932325,4.7122145
2023-06-06 11:00:00,4.3856044,4.4852443
2023-06-06 12:00:00,4.1981983,4.2946486
2023-06-06 13:00:00,4.0301566,4.144313
2023-06-06 14:00:00,3.8675056,4.009485
2023-06-06 15:00:00,3.7126653,3.8473442
2023-06-06 16:00:00,3.5250678,3.7508042
2023-06-06 17:00:00,3.3681605,3.6960452
2023-06-06 18:00:00,3.8443336,3.7999394
2023-06-06 19:00:00,4.3864536,3.9483936
2023-06-06 20:00:00,4.7959356,3.9632888
2023-06-06 21:00:00,4.795121,4.3804307
2023-06-06 22:00:00,4.367666,4.3855124
2023-06-06 23:00:00,4.2304506,4.3378506
2023-06-07 00:00:00,3.9746306,4.0897865
2023-06-07 01:00:00,3.8586276,4.002935
2023-06-07 02:00:00,3.6967697,3.839805
2023-06-07 03:00:00,3.5019941,3.6713476
2023-06-07 04:00:00,3.4026358,3.6728604
2023-06-07 05:00:00,3.2732384,3.622716
2023-06-07 06:00:00,3.8597527,3.7143612
2023-06-07 07:00:00,4.5124836,3.8846965
2023-06-07 08:00:00,5.0842333,4.116177
2023-06-07 09:00:00,5.017405,4.49996
2023-06-07 10:00:00,4.9073124,4.7075667
2023-06-07 11:00:00,4.802512,4.635971
2023-06-07 12:00:00,4.4054103,4.4775105
2023-06-07 13:00:00,4.2323675,4.291157
2023-06-07 14:00:00,4.1004357,4.143407
2023-06-07 15:00:00,3.9439611,3.9136837
2023-06-07 16:00:00,3.6970482,3.807573
2023-06-07 17:00:00,3.53939,3.654103
2023-06-07 18:00:00,3.470449,3.6441185
2023-06-07 19:00:00,4.0472374,3.7952101
2023-06-07 20:00:00,4.4263005,3.932846
2023-06-07 21:00:00,4.882206,4.046274
2023-06-07 22:00:00,4.55151,4.3154216
2023-06-07 23:00:00,4.4349365,4.394362
2023-06-08 00:00:00,4.0458407,4.2130046
2023-06-08 01:00:00,4.006886,4.0071373
2023-06-08 02:00:00,3.882212,3.7425497
2023-06-08 03:00:00,3.8066797,3.743247
2023-06-08 04:00:00,3.4612684,3.6097896
2023-06-08 05:00:00,3.4396148,3.5714245
2023-06-08 06:00:00,3.4000106,3.5774984
2023-06-08 07:00:00,4.0944247,3.668555
2023-06-08 08:00:00,4.639909,3.8262358
2023-06-08 09:00:00,5.0775476,4.318387
2023-06-08 10:00:00,4.7528133,4.5225735
2023-06-08 11:00:00,4.711637,4.630786
2023-06-08 12:00:00,4.4315305,4.523698
2023-06-08 13:00:00,4.312045,4.3008866
2023-06-08 14:00:00,4.18518,4.1128306
2023-06-08 15:00:00,3.958312,3.9640293
2023-06-08 16:00:00,3.7783923,3.7402577
2023-06-08 17:00:00,3.6911106,3.6883407
2023-06-08 18:00:00,3.314092,3.6271122
2023-06-08 19:00:00,3.5197442,3.646151
2023-06-08 20:00:00,4.657407,3.8777664
2023-06-08 21:00:00,4.5408964,3.8960826
2023-06-08 22:00:00,4.7313437,4.013602
2023-06-08 23:00:00,4.3841414,4.1786304
2023-06-09 00:00:00,4.1306434,4.228825
2023-06-09 01:00:00,4.0943403,4.0554237
2023-06-09 02:00:00,3.7744186,3.797772
2023-06-09 03:00:00,3.7360752,3.7335074
2023-06-09 04:00:00,3.4499316,3.6003928
2023-06-09 05:00:00,3.4937677,3.5641415
2023-06-09 06:00:00,3.3991337,3.56014
2023-06-09 07:00:00,3.5752304,3.5272565
2023-06-09 08:00:00,4.265444,3.7094085
2023-06-09 09:00:00,4.626219,3.8235278
2023-06-09 10:00:00,5.1401563,4.4222593
2023-06-09 11:00:00,4.758905,4.4795966
2023-06-09 12:00:00,4.6486635,4.571802
2023-06-09 13:00:00,4.4800835,4.439192
2023-06-09 14:00:00,4.2275987,4.2789946
2023-06-09 15:00:00,4.09484,4.038841
2023-06-09 16:00:00,4.0546827,3.9035308
2023-06-09 17:00:00,3.9100096,3.8119245
2023-06-09 18:00:00,3.805264,3.6971073
2023-06-09 19:00:00,3.5290983,3.6807601
2023-06-09 20:00:00,3.6440191,3.7144566
2023-06-09 21:00:00,3.9350471,3.8009517
2023-06-09 22:00:00,4.1659,3.690025
2023-06-09 23:00:00,4.4939566,3.9523554
2023-06-10 00:00:00,4.5177083,4.2079086
2023-06-10 01:00:00,4.097488,4.1374755
2023-06-10 02:00:00,3.9560075,4.0408273
2023-06-10 03:00:00,3.797236,3.7415633
2023-06-10 04:00:00,3.6893053,3.6513345
2023-06-10 05:00:00,3.5742328,3.6061044
2023-06-10 06:00:00,3.4289477,3.5587792
2023-06-10 07:00:00,3.3665826,3.5529878
2023-06-10 08:00:00,3.457204,3.6277735
2023-06-10 09:00:00,4.352317,3.7319071
2023-06-10 10:00:00,4.434517,3.7591965
2023-06-10 11:00:00,4.711989,4.1865454
2023-06-10 12:00:00,4.6823454,4.382936
2023-06-10 13:00:00,4.57182,4.4028726
2023-06-10 14:00:00,4.370689,4.450398
2023-06-10 15:00:00,4.185499,4.227178
2023-06-10 16:00:00,3.9735637,3.9508703
2023-06-10 17:00:00,3.8121834,3.8132167
2023-06-10 18:00:00,3.6502652,3.6421547
2023-06-10 19:00:00,3.464359,3.6190338
2023-06-10 20:00:00,3.7389488,3.5983531
2023-06-10 21:00:00,3.7248983,3.6010735
2023-06-10 22:00:00,3.9470904,3.6198606
2023-06-10 23:00:00,4.325002,3.7368946
2023-06-11 00:00:00,4.3133235,3.9402342
2023-06-11 01:00:00,4.241882,4.159759
2023-06-11 02:00:00,4.002956,4.1075125
2023-06-11 03:00:00,4.0808234,4.046889
2023-06-11 04:00:00,3.9092784,3.8208616
2023-06-11 05:00:00,3.7513082,3.6467733
2023-06-11 06:00:00,3.6598802,3.6025484
2023-06-11 07:00:00,3.6149654,3.56313
2023-06-11 08:00:00,3.4440687,3.5005462
2023-06-11 09:00:00,3.3156817,3.543176
2023-06-11 10:00:00,4.350139,3.6354756
2023-06-11 11:00:00,4.5038557,3.670269
2023-06-11 12:00:00,4.902566,4.151504
2023-06-11 13:00:00,4.4037123,4.2373424
2023-06-11 14:00:00,4.330861,4.374159
2023-06-11 15:00:00,4.3943696,4.312307
2023-06-11 16:00:00,4.143674,4.059526
2023-06-11 17:00:00,4.064351,3.9653423
2023-06-11 18:00:00,3.8977387,3.80357
2023-06-11 19:00:00,3.763793,3.6787024
2023-06-11 20:00:00,3.5641782,3.6188128
2023-06-11 21:00:00,3.4531586,3.5211444
2023-06-11 22:00:00,3.5640755,3.5727105
2023-06-11 23:00:00,3.9391785,3.568646
2023-06-12 00:00:00,4.239879,3.6116405
2023-06-12 01:00:00,4.5058064,3.9742448
2023-06-12 02:00:00,4.364019,4.083941
2023-06-12 03:00:00,4.179877,4.1519322
2023-06-12 04:00:00,4.035148,4.040486
2023-06-12 05:00:00,3.873178,3.8925064
2023-06-12 06:00:00,3.8150878,3.8062713
2023-06-12 07:00:00,3.745746,3.6061542
2023-06-12 08:00:00,3.565344,3.5481968
2023-06-12 09:00:00,3.4350746,3.5022302
2023-06-12 10:00:00,3.5766768,3.5135393
2023-06-12 11:00:00,3.957843,3.554481
2023-06-12 12:00:00,4.2919574,3.5996342
2023-06-12 13:00:00,4.4726586,3.957172
2023-06-12 14:00:00,4.4225926,4.1901193
2023-06-12 15:00:00,4.4954963,4.400772
2023-06-12 16:00:00,4.245212,4.2341685
2023-06-12 17:00:00,4.0522933,4.0508785
2023-06-12 18:00:00,3.9739404,3.8747213
2023-06-12 19:00:00,3.8534057,3.7128255
2023-06-12 20:00:00,3.6515675,3.653453
2023-06-12 21:00:00,3.4527814,3.6019566
2023-06-12 22:00:00,3.33759,3.556763
2023-06-12 23:00:00,3.494885,3.5296834
2023-06-13 00:00:00,4.3476076,3.616517
2023-06-13 01:00:00,4.38692,3.666001
2023-06-13 02:00:00,4.2335033,3.9030735
2023-06-13 03:00:00,4.283309,4.0736427
2023-06-13 04:00:00,4.3180847,4.1774893
2023-06-13 05:00:00,4.123558,4.14612
2023-06-13 06:00:00,3.9565864,3.9937408
2023-06-13 07:00:00,3.8295872,3.8042827
2023-06-13 08:00:00,3.741651,3.65578
2023-06-13 09:00:00,3.6856954,3.6090758
2023-06-13 10:00:00,3.4904425,3.5524206
2023-06-13 11:00:00,3.4634786,3.5580642
2023-06-13 12:00:00,3.8304198,3.5458372
2023-06-13 13:00:00,4.195988,3.5847595
2023-06-13 14:00:00,4.31632,3.7308207
2023-06-13 15:00:00,4.4110713,4.130706
2023-06-13 16:00:00,4.2575207,4.3010287
2023-06-13 17:00:00,4.1882176,4.180246
2023-06-13 18:00:00,4.07148,4.0933356
2023-06-13 19:00:00,3.8276982,3.791206
2023-06-13 20:00:00,3.7435808,3.7970355
2023-06-13 21:00:00,3.5553799,3.8121963
2023-06-13 22:00:00,3.469032,3.7335243
2023-06-13 23:00:00,3.4001727,3.7437696
2023-06-14 00:00:00,3.5037742,3.7210672
2023-06-14 01:00:00,4.272035,3.8910568
2023-06-14 02:00:00,4.157366,3.8985965
2023-06-14 03:00:00,4.2543964,3.9978719
2023-06-14 04:00:00,4.4575405,4.337435
2023-06-14 05:00:00,4.3072586,4.3988056
2023-06-14 06:00:00,4.2218604,4.3186536
2023-06-14 07:00:00,4.0528994,4.1051235
2023-06-14 08:00:00,3.9001515,4.018628
2023-06-14 09:00:00,3.7363713,3.945621
2023-06-14 10:00:00,3.607845,3.8756528
2023-06-14 11:00:00,3.5298965,3.885168
2023-06-14 12:00:00,3.4451203,3.8129609
2023-06-14 13:00:00,3.611681,3.8674235
2023-06-14 14:00:00,3.8782704,3.9389594
2023-06-14 15:00:00,4.1615853,3.9136846
2023-06-14 16:00:00,4.475869,4.1216855
2023-06-14 17:00:00,4.386228,4.3106303
2023-06-14 18:00:00,4.2555857,4.308655
2023-06-14 19:00:00,3.9738045,4.040907
2023-06-14 20:00:00,3.8106089,3.9470828
2023-06-14 21:00:00,3.83688,3.9035013
2023-06-14 22:00:00,3.7492635,3.8993206
2023-06-14 23:00:00,3.4988964,3.7966821
2023-06-15 00:00:00,3.4009778,3.7953227
2023-06-15 01:00:00,3.5276527,3.8438096
2023-06-15 02:00:00,4.2095423,3.9965115
2023-06-15 03:00:00,4.3092213,4.0220017
2023-06-15 04:00:00,4.40036,4.0214014
2023-06-15 05:00:00,4.571815,4.41739
2023-06-15 06:00:00,4.55428,4.52491
2023-06-15 07:00:00,4.377555,4.4091554
2023-06-15 08:00:00,4.1649346,4.098284
2023-06-15 09:00:00,3.9328794,4.0005074
2023-06-15 10:00:00,3.87915,3.886194
2023-06-15 11:00:00,3.7316585,3.9777143
2023-06-15 12:00:00,3.4220872,3.8815463
2023-06-15 13:00:00,3.393375,3.8927155
2023-06-15 14:00:00,3.607927,3.8639264
2023-06-15 15:00:00,4.409786,4.031636
2023-06-15 16:00:00,4.58553,4.083645
2023-06-15 17:00:00,4.409157,4.1050167
2023-06-15 18:00:00,4.4565473,4.3086505
2023-06-15 19:00:00,4.138041,4.264622
2023-06-15 20:00:00,3.9391286,4.0345535
2023-06-15 21:00:00,3.7998068,3.9493768
2023-06-15 22:00:00,3.6388803,3.8799968
2023-06-15 23:00:00,3.5342438,3.895245
2023-06-16 00:00:00,3.480499,3.8159933
2023-06-16 01:00:00,3.435604,3.8175297
2023-06-16 02:00:00,3.5857394,3.8634694
2023-06-16 03:00:00,4.2543535,3.9984713
2023-06-16 04:00:00,4.2404737,4.0138054
2023-06-16 05:00:00,4.7499933,4.2646565
2023-06-16 06:00:00,4.716749,4.5198135
2023-06-16 07:00:00,4.6003785,4.6575885
2023-06-16 08:00:00,4.506142,4.482109
2023-06-16 09:00:00,4.183227,4.2449474
2023-06-16 10:00:00,3.9496548,4.080135
2023-06-16 11:00:00,3.7543788,4.0225496
2023-06-16 12:00:00,3.611227,3.9648583
2023-06-16 13:00:00,3.490347,3.8895612
2023-06-16 14:00:00,3.279914,3.8819494
2023-06-16 15:00:00,4.3635206,4.097313
2023-06-16 16:00:00,4.652181,4.186313
2023-06-16 17:00:00,4.5806947,4.1010485
2023-06-16 18:00:00,4.3870707,4.194387
2023-06-16 19:00:00,4.3459096,4.285528
2023-06-16 20:00:00,4.0823884,4.2659574
2023-06-16 21:00:00,3.9152074,3.971427
2023-06-16 22:00:00,3.7856333,3.9588485
2023-06-16 23:00:00,3.6140616,3.89338
2023-06-17 00:00:00,3.4285913,3.8898551
2023-06-17 01:00:00,3.3420856,3.9051132
2023-06-17 02:00:00,3.3492863,3.8446367
2023-06-17 03:00:00,3.660765,3.883508
2023-06-17 04:00:00,4.262434,4.091748
2023-06-17 05:00:00,4.67329,4.099324
2023-06-17 06:00:00,4.874365,4.434318
2023-06-17 07:00:00,4.7548337,4.573953
2023-06-17 08:00:00,4.472544,4.5878334
2023-06-17 09:00:00,4.279512,4.4214387
2023-06-17 10:00:00,4.0761724,4.248567
2023-06-17 11:00:00,3.9249325,4.104632
2023-06-17 12:00:00,3.7739632,4.0428596
2023-06-17 13:00:00,3.5895865,3.9685173
2023-06-17 14:00:00,3.4791434,3.895096
2023-06-17 15:00:00,3.4793591,4.00853
2023-06-17 16:00:00,4.122272,4.0581665
2023-06-17 17:00:00,4.4242897,4.131411
2023-06-17 18:00:00,4.52764,4.1652737
2023-06-17 19:00:00,4.5411935,4.380708
2023-06-17 20:00:00,4.380347,4.3578186
2023-06-17 21:00:00,4.212763,4.264273
2023-06-17 22:00:00,4.0387,4.056619
2023-06-17 23:00:00,3.890449,3.8930373
2023-06-18 00:00:00,3.7138305,3.8146527
2023-06-18 01:00:00,3.53114,3.7380385
2023-06-18 02:00:00,3.4162126,3.7334151
2023-06-18 03:00:00,3.4408891,3.754896
2023-06-18 04:00:00,4.150056,3.802748
2023-06-18 05:00:00,4.4423304,3.8792884
2023-06-18 06:00:00,5.1796823,4.3233542
2023-06-18 07:00:00,4.92867,4.736202
2023-06-18 08:00:00,4.735189,4.710305
2023-06-18 09:00:00,4.631203,4.216094
2023-06-18 10:00:00,4.405637,4.2285724
2023-06-18 11:00:00,4.177598,4.3987765
2023-06-18 12:00:00,4.204322,4.280064
2023-06-18 13:00:00,3.8701346,4.1534853
2023-06-18 14:00:00,3.7227762,4.0807385
2023-06-18 15:00:00,3.5784054,4.018874
2023-06-18 16:00:00,3.7471006,3.9397402
2023-06-18 17:00:00,4.156165,3.9344325
2023-06-18 18:00:00,4.545232,4.002494
2023-06-18 19:00:00,4.771826,4.489076
2023-06-18 20:00:00,4.712164,4.895026
2023-06-18 21:00:00,4.448409,4.833673
2023-06-18 22:00:00,4.4295096,4.6540003
2023-06-18 23:00:00,4.1685977,4.3554063
2023-06-19 00:00:00,4.0029435,4.2026453
2023-06-19 01:00:00,3.810081,4.126237
2023-06-19 02:00:00,3.7240753,4.1392365
2023-06-19 03:00:00,3.5688486,3.9740121
2023-06-19 04:00:00,3.6307437,3.9434378
2023-06-19 05:00:00,4.4333487,4.1486936
2023-06-19 06:00:00,4.952301,4.2027597
2023-06-19 07:00:00,5.376672,4.8681035
2023-06-19 08:00:00,5.1737185,5.0708914
2023-06-19 09:00:00,4.9742465,4.9347987
2023-06-19 10:00:00,4.652394,4.774754
2023-06-19 11:00:00,4.526484,4.679392
2023-06-19 12:00:00,4.3117423,4.506417
2023-06-19 13:00:00,4.1286817,4.5007987
2023-06-19 14:00:00,4.0359907,4.516052
2023-06-19 15:00:00,3.955105,4.5193624
2023-06-19 16:00:00,3.7646809,4.3873987
2023-06-19 17:00:00,4.0392566,4.4185567
2023-06-19 18:00:00,4.811289,4.572515
2023-06-19 19:00:00,4.7912455,4.509928
2023-06-19 20:00:00,4.8350263,4.729758
2023-06-19 21:00:00,4.875368,4.861244
2023-06-19 22:00:00,4.564645,4.8233857
2023-06-19 23:00:00,4.472563,4.6417737
2023-06-20 00:00:00,4.1969543,4.551316
2023-06-20 01:00:00,4.1081915,4.483005
2023-06-20 02:00:00,3.918843,4.315483
2023-06-20 03:00:00,3.8367593,4.306874
2023-06-20 04:00:00,3.8321626,4.168779
2023-06-20 05:00:00,3.931267,4.1152124
2023-06-20 06:00:00,4.785183,4.192456
2023-06-20 07:00:00,5.2798467,4.5606747
2023-06-20 08:00:00,5.3869343,4.8909264
2023-06-20 09:00:00,5.214045,4.8242035
2023-06-20 10:00:00,5.083149,4.6951675
2023-06-20 11:00:00,4.6482344,4.6685066
2023-06-20 12:00:00,4.5756817,4.586974
2023-06-20 13:00:00,4.3441215,4.4040637
2023-06-20 14:00:00,4.072158,4.296367
2023-06-20 15:00:00,3.9651449,4.1358614
2023-06-20 16:00:00,3.7888474,3.9607253
2023-06-20 17:00:00,3.7470443,3.9221745
2023-06-20 18:00:00,5.0059023,4.074568
2023-06-20 19:00:00,4.846814,4.336941
2023-06-20 20:00:00,4.7258773,4.42727
2023-06-20 21:00:00,4.736824,4.3081665
2023-06-20 22:00:00,4.594874,4.3162484
2023-06-20 23:00:00,4.216597,4.28383
2023-06-21 00:00:00,4.097312,4.2466283
2023-06-21 01:00:00,3.964629,4.150674
2023-06-21 02:00:00,3.8555117,4.2151904
2023-06-21 03:00:00,3.7454455,4.1340313
2023-06-21 04:00:00,3.6063356,4.1291356
2023-06-21 05:00:00,3.648731,4.1772504
2023-06-21 06:00:00,4.3729243,4.3089714
2023-06-21 07:00:00,4.9581776,4.408542
2023-06-21 08:00:00,5.3243403,4.4779716
2023-06-21 09:00:00,5.253048,4.310875
2023-06-21 10:00:00,5.030394,4.1040525
2023-06-21 11:00:00,4.778213,4.1351647
2023-06-21 12:00:00,4.5347557,4.225379
2023-06-21 13:00:00,4.2128487,4.199354
2023-06-21 14:00:00,4.018365,4.196811
2023-06-21 15:00:00,3.9276364,4.1273847
2023-06-21 16:00:00,3.7661197,4.1004043
2023-06-21 17:00:00,3.6077225,4.086108
2023-06-21 18:00:00,3.9041917,4.126479
2023-06-21 19:00:00,4.0315266,4.1045465
2023-06-21 20:00:00,4.760187,4.1390696
2023-06-21 21:00:00,4.7668977,4.1432147
2023-06-21 22:00:00,4.5918546,4.0770216
2023-06-21 23:00:00,4.3183513,3.9978328
2023-06-22 00:00:00,4.1522965,3.9858353
2023-06-22 01:00:00,4.0818486,4.009706
2023-06-22 02:00:00,3.9092624,3.919603
2023-06-22 03:00:00,3.7206366,3.9131842
2023-06-22 04:00:00,3.6162295,3.9224372
2023-06-22 05:00:00,3.6143649,3.9347887
2023-06-22 06:00:00,3.8821855,3.9765127
2023-06-22 07:00:00,4.4313693,4.0752454
2023-06-22 08:00:00,5.080208,4.1862855
2023-06-22 09:00:00,5.2232127,4.165377
2023-06-22 10:00:00,5.0739956,4.038098
2023-06-22 11:00:00,4.8112884,4.0257025
2023-06-22 12:00:00,4.5556397,3.9674828
2023-06-22 13:00:00,4.395962,3.9788256
2023-06-22 14:00:00,4.151212,3.974043
2023-06-22 15:00:00,3.9564366,3.8834443
2023-06-22 16:00:00,3.8029268,3.8739269
2023-06-22 17:00:00,3.70722,3.8813407
2023-06-22 18:00:00,3.6917882,3.787932
2023-06-22 19:00:00,4.260325,3.8681943
2023-06-22 20:00:00,4.7018747,3.9578695
2023-06-22 21:00:00,4.5409594,3.9264855
2023-06-22 22:00:00,4.5531244,3.9122148
2023-06-22 23:00:00,4.4527173,4.064097
2023-06-23 00:00:00,4.164898,4.165147
2023-06-23 01:00:00,4.000542,4.0373178
2023-06-23 02:00:00,3.82895,3.8510509
2023-06-23 03:00:00,3.74102,3.8673882
2023-06-23 04:00:00,3.563736,3.7788188
2023-06-23 05:00:00,3.4736986,3.781491
2023-06-23 06:00:00,3.5149405,3.726975
2023-06-23 07:00:00,4.0966253,3.8300989
2023-06-23 08:00:00,4.7500596,4.0638485
2023-06-23 09:00:00,5.1138997,4.162708
2023-06-23 10:00:00,5.026873,4.635654
2023-06-23 11:00:00,4.9913893,4.695978
2023-06-23 12:00:00,4.614685,4.581743
2023-06-23 13:00:00,4.3553367,4.333462
2023-06-23 14:00:00,4.111637,4.1517205
2023-06-23 15:00:00,3.936108,3.9266524
2023-06-23 16:00:00,3.7621446,3.8485694
2023-06-23 17:00:00,3.68182,3.8584144
2023-06-23 18:00:00,3.5303705,3.775713
2023-06-23 19:00:00,3.6165786,3.8310354
2023-06-23 20:00:00,4.721071,4.079644
2023-06-23 21:00:00,4.6456847,4.090209
2023-06-23 22:00:00,4.4172525,4.0244164
2023-06-23 23:00:00,4.4880853,3.8850975
2023-06-24 00:00:00,4.185292,3.8508205
2023-06-24 01:00:00,4.063757,3.8014712
2023-06-24 02:00:00,3.9047017,3.6907043
2023-06-24 03:00:00,3.826631,3.7053306
2023-06-24 04:00:00,3.727388,3.7106822
2023-06-24 05:00:00,3.6489182,3.7138853
2023-06-24 06:00:00,3.5337906,3.7067826
2023-06-24 07:00:00,3.6632855,3.7481618
2023-06-24 08:00:00,4.471377,3.9050455
2023-06-24 09:00:00,4.9556756,4.0004563
2023-06-24 10:00:00,5.1425123,4.0063643
2023-06-24 11:00:00,5.060943,3.9868944
2023-06-24 12:00:00,4.8925133,3.7560408
2023-06-24 13:00:00,4.6311336,3.695807
2023-06-24 14:00:00,4.4667497,3.7023776
2023-06-24 15:00:00,4.2929964,3.7055342
2023-06-24 16:00:00,4.127064,3.779139
2023-06-24 17:00:00,3.953033,3.7793734
2023-06-24 18:00:00,3.9620645,3.7148116
2023-06-24 19:00:00,3.8894906,3.768487
2023-06-24 20:00:00,4.000871,3.8004208
2023-06-24 21:00:00,4.8519845,3.8520963
2023-06-24 22:00:00,4.7656164,3.7912283
2023-06-24 23:00:00,4.5935907,3.71139
2023-06-25 00:00:00,4.525706,4.004466
2023-06-25 01:00:00,4.4935327,4.2055216
2023-06-25 02:00:00,4.3622313,4.2580996
2023-06-25 03:00:00,4.15406,4.1095085
2023-06-25 04:00:00,4.062161,3.9321783
2023-06-25 05:00:00,3.8782725,3.7388744
2023-06-25 06:00:00,3.822384,3.6905146
2023-06-25 07:00:00,3.9478185,3.6986566
2023-06-25 08:00:00,4.2010665,3.7628548
2023-06-25 09:00:00,4.774438,3.8936994
2023-06-25 10:00:00,4.849716,3.9376683
2023-06-25 11:00:00,5.0441194,4.0895824
2023-06-25 12:00:00,4.710499,3.9541712
2023-06-25 13:00:00,4.684791,3.8833966
2023-06-25 14:00:00,4.478187,3.9149277
2023-06-25 15:00:00,4.383499,3.7938864
2023-06-25 16:00:00,4.231789,3.8747058
2023-06-25 17:00:00,4.011526,3.8619337
2023-06-25 18:00:00,3.909713,3.8751922
2023-06-25 19:00:00,3.917997,3.8786483
2023-06-25 20:00:00,3.864147,3.880391
2023-06-25 21:00:00,3.9470966,3.9046364
2023-06-25 22:00:00,4.4749637,3.902498
2023-06-25 23:00:00,4.6037755,3.927466
2023-06-26 00:00:00,4.614637,4.019573
2023-06-26 01:00:00,4.4488015,3.9529223
2023-06-26 02:00:00,4.2251453,3.8909118
2023-06-26 03:00:00,4.165138,3.7918105
2023-06-26 04:00:00,4.04605,3.894314
2023-06-26 05:00:00,3.967444,3.904828
2023-06-26 06:00:00,3.863172,3.9009318
2023-06-26 07:00:00,3.8347635,3.907447
2023-06-26 08:00:00,3.823569,3.8228672
2023-06-26 09:00:00,4.308719,4.007552
2023-06-26 10:00:00,4.679909,4.184559
2023-06-26 11:00:00,4.9037685,4.2063622
2023-06-26 12:00:00,5.0940423,4.2894497
2023-06-26 13:00:00,4.6376348,4.132021
2023-06-26 14:00:00,4.5322003,3.9906926
2023-06-26 15:00:00,4.4254885,3.9837089
2023-06-26 16:00:00,4.2357903,3.984198
2023-06-26 17:00:00,4.132225,3.986413
2023-06-26 18:00:00,4.0506945,3.9889305
2023-06-26 19:00:00,4.010719,4.0086126
2023-06-26 20:00:00,3.9682245,4.013359
2023-06-26 21:00:00,4.034214,3.9423645
2023-06-26 22:00:00,4.400435,4.008225
2023-06-26 23:00:00,4.250993,4.059024
2023-06-27 00:00:00,4.4846134,4.0090055
2023-06-27 01:00:00,4.5907035,4.198282
2023-06-27 02:00:00,4.6458607,4.2877793
2023-06-27 03:00:00,4.28849,4.2767777
2023-06-27 04:00:00,4.1852417,4.1599274
2023-06-27 05:00:00,4.07167,3.9831903
2023-06-27 06:00:00,4.0603237,3.9072611
2023-06-27 07:00:00,3.9815185,3.9148722
2023-06-27 08:00:00,3.9115648,3.9176464
2023-06-27 09:00:00,4.011535,3.9503372
2023-06-27 10:00:00,4.1673703,3.9924595
2023-06-27 11:00:00,4.5393214,4.0761304
2023-06-27 12:00:00,4.7766676,4.2184176
2023-06-27 13:00:00,4.8189607,4.3825474
2023-06-27 14:00:00,4.9288087,4.443607
2023-06-27 15:00:00,4.4552617,4.3688006
2023-06-27 16:00:00,4.3861833,4.2439046
2023-06-27 17:00:00,4.1817355,4.210749
2023-06-27 18:00:00,4.157981,3.9000535
2023-06-27 19:00:00,4.1920285,3.9070537
2023-06-27 20:00:00,4.0872335,4.0053773
2023-06-27 21:00:00,3.9867246,3.917007
2023-06-27 22:00:00,4.2711487,3.9880452
2023-06-27 23:00:00,4.1459417,4.0071864
2023-06-28 00:00:00,4.3736825,4.0500855
2023-06-28 01:00:00,4.4438133,4.0529566
2023-06-28 02:00:00,4.8103356,4.3779893
2023-06-28 03:00:00,4.7723517,4.412474
2023-06-28 04:00:00,4.5653615,4.390447
2023-06-28 05:00:00,4.4743423,4.2587442
2023-06-28 06:00:00,4.352698,4.238869
2023-06-28 07:00:00,4.246128,3.971639
2023-06-28 08:00:00,4.143305,3.8865812
2023-06-28 09:00:00,4.0608573,3.900879
2023-06-28 10:00:00,4.041538,3.9065168
2023-06-28 11:00:00,4.0295696,3.837719
2023-06-28 12:00:00,4.8395033,4.011979
2023-06-28 13:00:00,4.9803658,4.1571784
2023-06-28 14:00:00,4.817766,4.305234
2023-06-28 15:00:00,4.753828,4.341821
2023-06-28 16:00:00,4.620152,4.3540034
2023-06-28 17:00:00,4.4173217,4.356049
2023-06-28 18:00:00,4.292206,4.2321563
2023-06-28 19:00:00,4.4395313,4.091388
2023-06-28 20:00:00,4.1183033,3.853235
2023-06-28 21:00:00,4.009151,3.763356
2023-06-28 22:00:00,3.9607422,3.7831247
2023-06-28 23:00:00,3.941224,3.827177
2023-06-29 00:00:00,4.191869,3.8014336
2023-06-29 01:00:00,4.709883,3.9182673
2023-06-29 02:00:00,5.016128,3.9966245
2023-06-29 03:00:00,4.9042797,3.9316869
2023-06-29 04:00:00,4.890883,3.971495
2023-06-29 05:00:00,4.6984105,3.8558755
2023-06-29 06:00:00,4.610962,3.787377
2023-06-29 07:00:00,4.5889926,3.8076994
2023-06-29 08:00:00,4.408914,3.78483
2023-06-29 09:00:00,4.3296633,3.7854764
2023-06-29 10:00:00,4.238601,3.7745237
2023-06-29 11:00:00,4.0824413,3.6569324
2023-06-29 12:00:00,4.157,3.710431
2023-06-29 13:00:00,4.4947805,3.7489414
2023-06-29 14:00:00,4.9755993,3.8674698
2023-06-29 15:00:00,5.001759,3.8356433
2023-06-29 16:00:00,4.810449,3.7547767
2023-06-29 17:00:00,4.6021037,3.7045019
2023-06-29 18:00:00,4.5652304,3.7041452
2023-06-29 19:00:00,4.3685136,3.6935267
2023-06-29 20:00:00,4.273427,3.7443564
2023-06-29 21:00:00,4.1774874,3.7465136
2023-06-29 22:00:00,4.093854,3.7645466
2023-06-29 23:00:00,4.045531,3.696699
2023-06-30 00:00:00,4.367254,3.7359433
2023-06-30 01:00:00,4.467817,3.776811
2023-06-30 02:00:00,4.8189225,3.8296134
2023-06-30 03:00:00,4.8481255,3.7005632
2023-06-30 04:00:00,5.0869727,3.8479342
2023-06-30 05:00:00,4.8743725,3.7428298
2023-06-30 06:00:00,4.8957987,3.67328
2023-06-30 07:00:00,4.791272,3.66635
2023-06-30 08:00:00,4.60828,3.6635187
2023-06-30 09:00:00,4.5051556,3.7174444
2023-06-30 10:00:00,4.457574,3.7287014
2023-06-30 11:00:00,4.352673,3.8988452
2023-06-30 12:00:00,4.2423673,3.9880252
2023-06-30 13:00:00,4.2296925,4.1019645
2023-06-30 14:00:00,5.2072687,4.2226324
2023-06-30 15:00:00,5.041326,4.2230406
2023-06-30 16:00:00,4.922502,4.150732
2023-06-30 17:00:00,4.8811607,4.10757
2023-06-30 18:00:00,4.794872,4.169847
2023-06-30 19:00:00,4.7069063,4.25708
2023-06-30 20:00:00,4.605134,4.2415595
2023-06-30 21:00:00,4.448744,4.239157
2023-06-30 22:00:00,4.383127,4.2619643
2023-06-30 23:00:00,4.3399677,4.2734475
2023-07-01 00:00:00,4.2801876,4.2634563
2023-07-01 01:00:00,4.3997517,4.2052703
2023-07-01 02:00:00,4.5002365,4.232854
2023-07-01 03:00:00,4.8974814,4.3126483
2023-07-01 04:00:00,5.343937,4.4136605
2023-07-01 05:00:00,5.591755,4.43253
2023-07-01 06:00:00,5.464717,4.4282756
2023-07-01 07:00:00,5.3179655,4.3534217
2023-07-01 08:00:00,5.205594,4.3383455
2023-07-01 09:00:00,4.835674,4.289942
2023-07-01 10:00:00,4.7336893,4.2137547
2023-07-01 11:00:00,4.588901,4.1985006
2023-07-01 12:00:00,4.4875655,4.295857
2023-07-01 13:00:00,4.4291205,4.0959024
2023-07-01 14:00:00,4.4817867,4.0985136
2023-07-01 15:00:00,4.56766,4.1229935
2023-07-01 16:00:00,5.244107,4.148587
2023-07-01 17:00:00,5.134183,4.1040006
2023-07-01 18:00:00,4.995162,4.051016
2023-07-01 19:00:00,4.864301,3.9928062
2023-07-01 20:00:00,4.863899,4.1078215
2023-07-01 21:00:00,4.8412375,4.125831
2023-07-01 22:00:00,4.661698,4.0999627
2023-07-01 23:00:00,4.5573907,4.088601
2023-07-02 00:00:00,4.3826313,3.9774373
2023-07-02 01:00:00,4.3104196,3.9826782
2023-07-02 02:00:00,4.571586,4.0451026
2023-07-02 03:00:00,4.656852,4.176249
2023-07-02 04:00:00,5.2296605,4.2907424
2023-07-02 05:00:00,5.70917,4.493862
2023-07-02 06:00:00,5.7085357,4.5288773
2023-07-02 07:00:00,5.5216756,4.487476
2023-07-02 08:00:00,5.2698417,4.4733896
2023-07-02 09:00:00,5.2129593,4.4728503
2023-07-02 10:00:00,5.0391173,4.4468946
2023-07-02 11:00:00,4.8563523,4.2508283
2023-07-02 12:00:00,4.672131,4.045251
2023-07-02 13:00:00,4.5818257,4.0525546
2023-07-02 14:00:00,4.5758142,3.9682462
2023-07-02 15:00:00,4.654404,4.008759
2023-07-02 16:00:00,4.6684422,3.9904017
2023-07-02 17:00:00,5.186093,3.8880517
2023-07-02 18:00:00,5.2696013,4.142549
2023-07-02 19:00:00,5.2854643,4.1517615
2023-07-02 20:00:00,5.0904055,4.0396905
2023-07-02 21:00:00,5.056341,4.1018825
2023-07-02 22:00:00,4.824028,4.1732907
2023-07-02 23:00:00,4.8432007,4.1994677
2023-07-03 00:00:00,4.755685,4.186783
2023-07-03 01:00:00,4.5204945,4.1546035
2023-07-03 02:00:00,4.5113697,4.1594753
2023-07-03 03:00:00,4.5628757,4.1843824
2023-07-03 04:00:00,5.181612,4.346195
2023-07-03 05:00:00,5.5662284,4.417262
2023-07-03 06:00:00,5.948753,4.4910636
2023-07-03 07:00:00,5.9490657,4.4042144
2023-07-03 08:00:00,5.677642,4.2452297
2023-07-03 09:00:00,5.55092,4.206535
2023-07-03 10:00:00,5.1919923,4.153496
2023-07-03 11:00:00,4.9906015,4.1725345
2023-07-03 12:00:00,4.941813,4.222644
2023-07-03 13:00:00,4.672882,4.069254
2023-07-03 14:00:00,4.787079,4.205964
2023-07-03 15:00:00,4.6092386,4.176441
2023-07-03 16:00:00,4.6061997,4.1954165
2023-07-03 17:00:00,5.2330365,4.196556
2023-07-03 18:00:00,5.2942667,4.309964
2023-07-03 19:00:00,5.541852,4.3603835
2023-07-03 20:00:00,5.360823,4.1320333
2023-07-03 21:00:00,5.154614,4.1716814
2023-07-03 22:00:00,4.9479446,4.152293
2023-07-03 23:00:00,4.835434,4.159276
2023-07-04 00:00:00,4.758135,4.086952
2023-07-04 01:00:00,4.660231,4.0803213
2023-07-04 02:00:00,4.5188246,4.0779414
2023-07-04 03:00:00,4.500125,4.097068
2023-07-04 04:00:00,4.523827,4.128286
2023-07-04 05:00:00,5.219935,4.1778884
2023-07-04 06:00:00,5.591448,4.231225
2023-07-04 07:00:00,6.003236,4.301648
2023-07-04 08:00:00,6.075153,4.1851315
2023-07-04 09:00:00,5.7182393,4.106393
2023-07-04 11:00:00,5.5018406,3.9378004
2023-07-04 12:00:00,5.18605,3.9343863
2023-07-04 13:00:00,5.025185,3.9611003
2023-07-04 14:00:00,4.7739577,4.072621
2023-07-04 15:00:00,4.75592,3.9888945
2023-07-04 16:00:00,4.6916695,3.9532409
2023-07-04 17:00:00,4.533852,3.9281337
2023-07-04 18:00:00,5.173688,4.085316
2023-07-04 19:00:00,5.782048,4.221684
2023-07-04 20:00:00,5.4738803,4.0750303
2023-07-04 21:00:00,5.308937,3.949306
2023-07-04 22:00:00,5.136943,3.8870764
2023-07-04 23:00:00,5.04463,3.9123893
2023-07-05 00:00:00,4.83675,3.9140162
2023-07-05 01:00:00,4.861266,3.9707353
2023-07-05 02:00:00,4.694493,3.9484324
2023-07-05 03:00:00,4.527411,3.9376042
2023-07-05 04:00:00,4.5013657,3.972768
2023-07-05 05:00:00,4.6306624,4.034625
2023-07-05 06:00:00,5.2975535,4.195327
2023-07-05 07:00:00,5.852786,4.210881
2023-07-05 08:00:00,6.091058,4.3122406
2023-07-05 09:00:00,5.9485683,4.115704
2023-07-05 10:00:00,5.56756,4.038573
2023-07-05 11:00:00,5.401466,3.927761
2023-07-05 12:00:00,5.273918,3.9447682
2023-07-05 13:00:00,5.023698,3.9383786
2023-07-05 14:00:00,4.933421,3.970095
2023-07-05 15:00:00,4.6677637,3.9323971
2023-07-05 16:00:00,4.4685884,3.929332
2023-07-05 17:00:00,4.651305,3.9795687
2023-07-05 18:00:00,4.7301936,3.9697318
2023-07-05 19:00:00,5.3199477,4.0911665
2023-07-05 20:00:00,5.4660053,4.0008016
2023-07-05 21:00:00,5.464036,4.076338
2023-07-05 22:00:00,5.3786902,3.9936326
2023-07-05 23:00:00,5.175222,3.8971264
2023-07-06 00:00:00,5.057094,3.9129188
2023-07-06 01:00:00,4.5713263,3.8741488
2023-07-06 02:00:00,4.7992787,3.9809282
2023-07-06 03:00:00,4.578694,3.9572175
2023-07-06 04:00:00,4.559209,3.9650304
2023-07-06 05:00:00,4.3952193,3.8477821
2023-07-06 06:00:00,5.137415,4.036379
2023-07-06 07:00:00,5.6132193,4.1715117
2023-07-06 08:00:00,5.9048514,4.2154675
2023-07-06 09:00:00,6.0728064,4.132381
2023-07-06 10:00:00,6.022587,3.8346589
2023-07-06 11:00:00,5.6359468,3.9025543
2023-07-06 12:00:00,5.2601123,3.86114
2023-07-06 13:00:00,5.183209,3.952356
2023-07-06 14:00:00,4.9481964,3.890373
2023-07-06 15:00:00,4.9268994,3.9669201
2023-07-06 16:00:00,4.8516836,3.8957283
2023-07-06 17:00:00,4.6892715,3.8838246
2023-07-06 18:00:00,4.504154,3.8652954
2023-07-06 19:00:00,5.222661,3.9512365
2023-07-06 20:00:00,5.469778,3.9950101
2023-07-06 21:00:00,5.3657374,3.949867
2023-07-06 22:00:00,5.590608,3.841319
2023-07-06 23:00:00,5.345907,3.7923946
2023-07-07 00:00:00,5.085903,3.8233957
2023-07-07 01:00:00,4.997323,3.7894921
2023-07-07 02:00:00,4.9112144,3.787142
2023-07-07 03:00:00,4.64312,3.7683885
2023-07-07 04:00:00,4.543366,3.7790878
2023-07-07 05:00:00,4.4958405,3.794749
2023-07-07 06:00:00,4.5854278,3.815447
2023-07-07 07:00:00,5.158188,4.0601463
2023-07-07 08:00:00,5.6441956,4.1776814
2023-07-07 09:00:00,6.0672283,4.248432
2023-07-07 10:00:00,6.0345273,4.0625706
2023-07-07 11:00:00,5.7083054,3.8585203
2023-07-07 12:00:00,5.5840325,3.8557358
2023-07-07 13:00:00,5.4537416,3.8820632
2023-07-07 14:00:00,5.316251,3.894944
2023-07-07 15:00:00,5.160809,3.8909416
2023-07-07 16:00:00,5.0450077,3.9649053
2023-07-07 17:00:00,4.8677735,4.0659966
2023-07-07 18:00:00,4.822206,3.9732645
2023-07-07 19:00:00,4.7494574,4.063138
2023-07-07 20:00:00,5.237681,4.154983
2023-07-07 21:00:00,5.5381827,4.2108235
2023-07-07 22:00:00,5.8441033,4.2791367
2023-07-07 23:00:00,5.600739,4.1259704
2023-07-08 00:00:00,5.4510446,4.024289
2023-07-08 01:00:00,5.316321,3.9077427
2023-07-08 02:00:00,5.205642,3.9202647
2023-07-08 03:00:00,5.033045,3.9186978
2023-07-08 04:00:00,4.9401727,3.9428804
2023-07-08 05:00:00,4.860916,3.8698344
2023-07-08 06:00:00,4.730576,3.949751
2023-07-08 07:00:00,4.728806,3.9932718
2023-07-08 08:00:00,5.4628677,4.1929545
2023-07-08 09:00:00,5.7450733,4.359154
2023-07-08 10:00:00,6.2868395,4.5994515
2023-07-08 11:00:00,6.024939,4.3607354
2023-07-08 12:00:00,5.758306,4.179279
2023-07-08 13:00:00,5.6561594,4.372652
2023-07-08 14:00:00,5.415829,4.468689
2023-07-08 15:00:00,5.325855,4.477764
2023-07-08 16:00:00,5.1611443,4.3624377
2023-07-08 17:00:00,4.994534,4.4535995
2023-07-08 18:00:00,4.899126,4.456356
2023-07-08 19:00:00,4.7758055,4.4518743
2023-07-08 20:00:00,4.836735,4.375877
2023-07-08 21:00:00,5.227127,4.41498
2023-07-08 22:00:00,5.4539294,4.4769015
2023-07-08 23:00:00,5.6957517,4.4447813
2023-07-09 00:00:00,5.494488,4.356278
2023-07-09 01:00:00,5.288579,4.2943945
2023-07-09 02:00:00,5.040437,4.2538595
2023-07-09 03:00:00,4.9663324,4.2998233
2023-07-09 04:00:00,4.962685,4.336516
2023-07-09 05:00:00,4.7942758,4.3072777
2023-07-09 06:00:00,4.7179713,4.212612
2023-07-09 07:00:00,4.681018,4.216275
2023-07-09 08:00:00,4.7023587,4.135334
2023-07-09 09:00:00,5.281497,4.2548532
2023-07-09 10:00:00,5.493745,4.2958736
2023-07-09 11:00:00,5.901162,4.475486
2023-07-09 12:00:00,5.7891884,4.247982
2023-07-09 13:00:00,5.46727,4.2215242
2023-07-09 14:00:00,5.3523726,4.0983315
2023-07-09 15:00:00,5.1631722,4.0791225
2023-07-09 16:00:00,4.995909,4.0814533
2023-07-09 17:00:00,4.8007917,4.0740137
2023-07-09 18:00:00,4.680538,4.066373
2023-07-09 19:00:00,4.6613274,4.1879587
2023-07-09 20:00:00,4.642638,4.09742
2023-07-09 21:00:00,4.6871867,3.9871724
2023-07-09 22:00:00,5.1832676,4.0786676
2023-07-09 23:00:00,5.2705564,4.1160564
2023-07-10 00:00:00,5.48539,4.141219
2023-07-10 01:00:00,5.257248,4.0329914
2023-07-10 02:00:00,5.0608788,3.958276
2023-07-10 03:00:00,4.941974,3.9523942
2023-07-10 04:00:00,4.838615,3.9789224
2023-07-10 05:00:00,4.7507753,3.9932504
2023-07-10 06:00:00,4.5247855,3.8468707
2023-07-10 07:00:00,4.4693713,3.9698596
2023-07-10 08:00:00,4.5231347,4.012753
2023-07-10 09:00:00,4.471902,4.009369
2023-07-10 10:00:00,5.2187185,4.053403
2023-07-10 11:00:00,5.3417864,4.0654564
2023-07-10 12:00:00,5.547431,4.2023745
2023-07-10 13:00:00,5.42897,4.3350387
2023-07-10 14:00:00,5.148491,4.431354
2023-07-10 15:00:00,5.035885,4.578778
2023-07-10 16:00:00,4.9171557,4.733501
2023-07-10 17:00:00,4.823212,4.805117
2023-07-10 18:00:00,4.6374993,4.658227
2023-07-10 19:00:00,4.5537076,4.552105
2023-07-10 20:00:00,4.516476,4.4605327
2023-07-10 21:00:00,4.532128,4.393063
2023-07-10 22:00:00,4.800117,4.3729644
2023-07-10 23:00:00,5.078726,4.450427
2023-07-11 00:00:00,5.0692477,4.574738
2023-07-11 01:00:00,5.3119345,4.7350945
2023-07-11 02:00:00,5.2741413,4.7183094
2023-07-11 03:00:00,5.053083,4.6457562
2023-07-11 04:00:00,4.8204894,4.674197
2023-07-11 05:00:00,4.7410207,4.673255
2023-07-11 06:00:00,4.6382127,4.5739775
2023-07-11 07:00:00,4.5466347,4.553632
2023-07-11 08:00:00,4.472542,4.466248
2023-07-11 09:00:00,4.4437,4.4733806
2023-07-11 10:00:00,4.477239,4.4182158
2023-07-11 11:00:00,5.20558,4.5491667
2023-07-11 12:00:00,5.164848,4.5411615
2023-07-11 13:00:00,5.319196,4.565343
2023-07-11 14:00:00,5.081022,4.4964037
2023-07-11 15:00:00,4.8824973,4.446159
2023-07-11 16:00:00,4.808831,4.4314327
2023-07-11 17:00:00,4.677946,4.4248734
2023-07-11 18:00:00,4.5817347,4.4152846
2023-07-11 19:00:00,4.5780745,4.2482514
2023-07-11 20:00:00,4.4301124,4.3106136
2023-07-11 21:00:00,4.3897076,4.231822
2023-07-11 22:00:00,4.4266553,4.2446556
2023-07-11 23:00:00,4.362228,4.2413764
2023-07-12 00:00:00,4.7817955,4.2247076
2023-07-12 01:00:00,5.0837383,4.27674
2023-07-12 02:00:00,5.212565,4.288668
2023-07-12 03:00:00,5.0159903,4.2124033
2023-07-12 04:00:00,4.8600106,4.1485696
2023-07-12 05:00:00,4.733011,4.122838
2023-07-12 06:00:00,4.6371284,4.1266437
2023-07-12 07:00:00,4.5430937,4.218137
2023-07-12 08:00:00,4.449363,4.1243377
2023-07-12 09:00:00,4.379252,4.108539
2023-07-12 10:00:00,4.3244524,4.0092897
2023-07-12 11:00:00,4.486083,4.0442023
2023-07-12 12:00:00,5.0543747,4.1597676
2023-07-12 13:00:00,5.043569,4.1504865
2023-07-12 14:00:00,4.945271,4.0001116
2023-07-12 15:00:00,4.848564,3.954431
2023-07-12 16:00:00,4.6959047,4.0391297
2023-07-12 17:00:00,4.566705,4.0336514
2023-07-12 18:00:00,4.532033,4.025461
2023-07-12 19:00:00,4.426177,4.015073
2023-07-12 20:00:00,4.2507877,3.9833338
2023-07-12 21:00:00,4.2686105,3.9108195
2023-07-12 22:00:00,4.2447085,3.9221787
2023-07-12 23:00:00,4.2215714,3.9209077
2023-07-13 00:00:00,4.4832897,3.8667653
2023-07-13 01:00:00,4.622123,3.8974342
2023-07-13 02:00:00,4.945471,3.9846313
2023-07-13 03:00:00,5.073016,3.97714
2023-07-13 04:00:00,5.000119,4.0194035
2023-07-13 05:00:00,4.9398656,3.9825091
2023-07-13 06:00:00,4.793499,3.9119604
2023-07-13 07:00:00,4.510993,3.8648355
2023-07-13 08:00:00,4.41472,3.8881347
2023-07-13 09:00:00,4.4064527,3.7989259
2023-07-13 10:00:00,4.355984,3.8953412
2023-07-13 11:00:00,4.2060537,3.7746184
2023-07-13 12:00:00,4.4545054,3.8165755
2023-07-13 13:00:00,4.280602,3.8824372
2023-07-13 14:00:00,4.5902705,3.851362
2023-07-13 15:00:00,4.6608415,3.8467786
2023-07-13 16:00:00,4.7007346,3.964816
2023-07-13 17:00:00,4.4585404,4.0084753
2023-07-13 18:00:00,4.363645,3.9761524
2023-07-13 19:00:00,4.352478,3.8788464
2023-07-13 20:00:00,4.345558,3.897285
2023-07-13 21:00:00,4.0645595,3.9396515
2023-07-13 22:00:00,4.143222,3.8994408
2023-07-13 23:00:00,4.009336,3.9758503
2023-07-14 00:00:00,4.0766253,3.9126587
2023-07-14 01:00:00,4.4163723,3.9729347
2023-07-14 02:00:00,4.6247683,4.0399137
2023-07-14 03:00:00,4.755945,4.067337
2023-07-14 04:00:00,5.0212235,4.0859613
2023-07-14 05:00:00,4.8840113,4.013692
2023-07-14 06:00:00,4.8046227,3.9569118
2023-07-14 07:00:00,4.6008286,4.004739
2023-07-14 08:00:00,4.526573,4.02372
2023-07-14 09:00:00,4.4103537,3.9183137
2023-07-14 10:00:00,4.2828608,3.8959768
2023-07-14 11:00:00,4.329377,3.9259534
2023-07-14 12:00:00,4.119005,3.8814316
2023-07-14 13:00:00,4.0850163,3.783002
2023-07-14 14:00:00,4.352197,3.8397639
2023-07-14 15:00:00,4.712191,3.917479
2023-07-14 16:00:00,4.6936345,4.014167
2023-07-14 17:00:00,4.629767,4.0000887
2023-07-14 18:00:00,4.526705,3.9514456
2023-07-14 19:00:00,4.4144764,4.2053638
2023-07-14 20:00:00,4.213431,4.258269
2023-07-14 21:00:00,4.132036,4.231618
2023-07-14 22:00:00,4.014784,4.280774
2023-07-14 23:00:00,4.0637956,3.9731207
2023-07-15 00:00:00,3.9778996,3.7736125
2023-07-15 01:00:00,3.9373252,3.7026403
2023-07-15 02:00:00,4.22428,3.779076
2023-07-15 03:00:00,4.476458,3.9373302
2023-07-15 04:00:00,4.988515,4.2543054
2023-07-15 05:00:00,5.2123113,4.200981
2023-07-15 06:00:00,5.1483555,4.206082
2023-07-15 07:00:00,4.940378,4.120249
2023-07-15 08:00:00,4.6394567,4.027622
2023-07-15 09:00:00,4.547989,3.8997927
2023-07-15 10:00:00,4.3786626,3.777987
2023-07-15 11:00:00,4.248329,3.7637777
2023-07-15 12:00:00,4.113881,3.964839
2023-07-15 13:00:00,3.8980067,3.8665721
2023-07-15 14:00:00,4.0401726,3.9046187
2023-07-15 15:00:00,4.9437304,3.8643699
2023-07-15 16:00:00,4.645748,3.8883326
2023-07-15 17:00:00,4.556674,3.8764625
2023-07-15 18:00:00,4.5977573,3.7658403
2023-07-15 19:00:00,4.6496863,4.065537
2023-07-15 20:00:00,4.343093,4.071564
2023-07-15 21:00:00,4.2586746,3.9579048
2023-07-15 22:00:00,4.072272,3.9510324
2023-07-15 23:00:00,3.9685602,3.9639072
2023-07-16 00:00:00,3.8981357,3.8725586
2023-07-16 01:00:00,3.8381767,3.768839
2023-07-16 02:00:00,3.9485288,3.7120385
2023-07-16 03:00:00,4.431516,3.8152633
2023-07-16 04:00:00,4.7187552,3.9905636
2023-07-16 05:00:00,5.1153197,4.203111
2023-07-16 06:00:00,5.1732054,4.442366
2023-07-16 07:00:00,5.163845,4.5424123
2023-07-16 08:00:00,4.8677964,4.485598
2023-07-16 09:00:00,4.6992393,4.4188633
2023-07-16 10:00:00,4.538254,4.045138
2023-07-16 11:00:00,4.4440646,3.9399073
2023-07-16 12:00:00,4.1832976,3.8259892
2023-07-16 13:00:00,4.0709777,3.8331494
2023-07-16 14:00:00,4.0463023,3.7213483
2023-07-16 15:00:00,4.1701717,3.7292829
2023-07-16 16:00:00,4.5642004,3.8178744
2023-07-16 17:00:00,4.86208,3.9068995
2023-07-16 18:00:00,4.6445146,3.7416663
2023-07-16 19:00:00,4.7460594,3.7252436
2023-07-16 20:00:00,4.5698314,3.7269518
2023-07-16 22:00:00,4.3230324,3.7646627
2023-07-16 23:00:00,4.25172,3.758436
2023-07-17 00:00:00,4.0816374,3.6880362
2023-07-17 01:00:00,3.9784057,3.6767223
2023-07-17 02:00:00,3.8017251,3.6669798
2023-07-17 03:00:00,3.8701797,3.586535
2023-07-17 04:00:00,4.124065,3.5967927
2023-07-17 05:00:00,4.693839,3.870922
2023-07-17 06:00:00,5.5487385,4.089464
2023-07-17 07:00:00,5.3991866,3.9158473
2023-07-17 08:00:00,5.283877,3.8884196
2023-07-17 09:00:00,4.929686,3.9694939
2023-07-17 10:00:00,4.7575088,4.2651205
2023-07-17 11:00:00,4.713739,4.385762
2023-07-17 12:00:00,4.4915557,4.326582
2023-07-17 13:00:00,4.3273015,4.3898315
2023-07-17 14:00:00,4.4607882,4.528261
2023-07-17 15:00:00,4.3787136,4.324975
2023-07-17 16:00:00,4.2887387,4.0935125
2023-07-17 17:00:00,4.8677964,4.107811
2023-07-17 18:00:00,4.9953775,4.164585
2023-07-17 19:00:00,5.201446,4.230759
2023-07-17 20:00:00,5.0603223,4.1996117
2023-07-17 21:00:00,4.849403,4.1464148
2023-07-17 22:00:00,4.7201815,4.1306095
2023-07-17 23:00:00,4.5297484,4.1467576
2023-07-18 00:00:00,4.4343376,4.1570177
2023-07-18 01:00:00,4.3413997,4.123724
2023-07-18 02:00:00,4.2698154,4.0113163
2023-07-18 03:00:00,4.127368,3.989905
2023-07-18 04:00:00,4.164081,4.021951
2023-07-18 05:00:00,4.9793186,4.096868
2023-07-18 06:00:00,5.305781,4.142005
2023-07-18 07:00:00,5.777362,4.2211714
2023-07-18 08:00:00,5.5854816,4.0391903
2023-07-18 09:00:00,5.2371264,3.9956968
2023-07-18 10:00:00,5.059608,3.9781036
2023-07-18 11:00:00,4.901518,3.985376
2023-07-18 12:00:00,4.741462,3.9823518
2023-07-18 13:00:00,4.4799786,3.9590676
2023-07-18 14:00:00,4.2731905,3.9539108
2023-07-18 15:00:00,4.197722,3.8529322
2023-07-18 16:00:00,4.1811094,3.8472106
2023-07-18 17:00:00,4.8269444,3.8698921
2023-07-18 18:00:00,4.943821,3.8624768
2023-07-18 19:00:00,5.0900216,4.145922
2023-07-18 20:00:00,4.9783554,3.9925992
2023-07-18 21:00:00,4.8638406,3.785278
2023-07-18 22:00:00,4.666192,3.8353245
2023-07-18 23:00:00,4.591955,3.764593
2023-07-19 00:00:00,4.327778,3.8258219
2023-07-19 01:00:00,4.2798047,3.8758082
2023-07-19 02:00:00,4.255698,3.8911922
2023-07-19 03:00:00,4.0094,3.7465813
2023-07-19 04:00:00,3.9815853,3.7723262
2023-07-19 05:00:00,4.0211625,3.8130114
2023-07-19 06:00:00,4.912071,3.8931496
2023-07-19 07:00:00,5.607812,4.0194902
2023-07-19 08:00:00,5.4825,3.9942336
2023-07-19 09:00:00,5.3683743,3.8404021
2023-07-19 10:00:00,5.177223,3.7790792
2023-07-19 11:00:00,4.8414655,3.77795
2023-07-19 12:00:00,4.79284,3.8032756
2023-07-19 13:00:00,4.542515,3.7878718
2023-07-19 14:00:00,4.280992,3.8377957
2023-07-19 15:00:00,4.1601567,3.7881536
2023-07-19 16:00:00,3.9591718,3.772663
2023-07-19 17:00:00,4.554845,3.9721284
2023-07-19 18:00:00,5.102707,4.217511
2023-07-19 19:00:00,5.109651,4.2966194
2023-07-19 20:00:00,5.1310105,4.3669333
2023-07-19 21:00:00,4.914179,4.3368425
2023-07-19 22:00:00,4.6206603,4.3118014
2023-07-19 23:00:00,4.494447,4.2628293
2023-07-20 00:00:00,4.3767047,4.264736
2023-07-20 01:00:00,4.221623,4.182704
2023-07-20 02:00:00,4.132069,4.197217
2023-07-20 03:00:00,4.0295496,4.1392756
2023-07-20 04:00:00,3.9355502,3.9821928
2023-07-20 05:00:00,4.0915346,3.941848
2023-07-20 06:00:00,4.7689543,3.99877
2023-07-20 07:00:00,4.9554214,4.1284847
2023-07-20 08:00:00,5.606037,4.46184
2023-07-20 09:00:00,5.482537,4.337246
2023-07-20 10:00:00,5.2060995,4.1712832
2023-07-20 11:00:00,4.9051046,4.192205
2023-07-20 12:00:00,4.69625,4.2011185
2023-07-20 13:00:00,4.617327,4.202369
2023-07-20 14:00:00,4.5677333,4.0983253
2023-07-20 15:00:00,4.4858384,4.078709
2023-07-20 16:00:00,4.121524,4.1045766
2023-07-20 17:00:00,3.961911,4.1360965
2023-07-20 18:00:00,4.3083134,4.126943
2023-07-20 19:00:00,4.961096,4.1062813
2023-07-20 20:00:00,5.0218143,4.1100025
2023-07-20 21:00:00,5.128522,4.019888
2023-07-20 22:00:00,5.0375614,4.067052
2023-07-20 23:00:00,4.7918377,4.1002817
2023-07-21 00:00:00,4.579678,4.16089
2023-07-21 01:00:00,4.4920325,4.1809907
2023-07-21 02:00:00,4.418618,4.19458
2023-07-21 03:00:00,4.343392,4.1104474
2023-07-21 04:00:00,4.2621574,4.0903835
2023-07-21 05:00:00,4.0761704,3.9616957
2023-07-21 06:00:00,4.2952375,4.0232387
2023-07-21 07:00:00,5.0611615,4.1907406
2023-07-21 08:00:00,5.6156297,4.3204465
2023-07-21 09:00:00,5.705152,4.280482
2023-07-21 10:00:00,5.441863,4.2221828
2023-07-21 11:00:00,5.2053466,4.0004373
2023-07-21 12:00:00,5.031527,4.075569
2023-07-21 13:00:00,4.700628,4.0601416
2023-07-21 14:00:00,4.438373,3.9543238
2023-07-21 15:00:00,4.370351,3.9701345
2023-07-21 16:00:00,4.2709503,3.9860976
2023-07-21 17:00:00,4.102736,3.9531934
2023-07-21 18:00:00,4.1677094,3.8720162
2023-07-21 19:00:00,4.900955,4.0037985
2023-07-21 20:00:00,5.0878353,4.0207143
2023-07-21 21:00:00,4.9403734,3.9651513
2023-07-21 22:00:00,5.079747,3.8554385
2023-07-21 23:00:00,4.7977796,3.96241
2023-07-22 00:00:00,4.7777786,3.9780958
2023-07-22 01:00:00,4.6407175,4.1885777
2023-07-22 02:00:00,4.53218,4.1930904
2023-07-22 03:00:00,4.3433666,4.1575193
2023-07-22 04:00:00,4.222436,4.05339
2023-07-22 05:00:00,4.305485,4.0888963
2023-07-22 06:00:00,4.305811,3.9901533
2023-07-22 07:00:00,4.890359,4.1202526
2023-07-22 08:00:00,5.2663436,4.2007065
2023-07-22 09:00:00,5.574845,4.1529064
2023-07-22 10:00:00,5.542497,4.276366
2023-07-22 11:00:00,5.2094035,4.1577644
2023-07-22 12:00:00,5.000471,4.0911117
2023-07-22 13:00:00,4.8201447,4.0842237
2023-07-22 14:00:00,4.6703243,3.9965498
2023-07-22 15:00:00,4.4985723,3.9829128
2023-07-22 16:00:00,4.296792,3.956376
2023-07-22 17:00:00,4.194416,3.9682288
2023-07-22 18:00:00,4.133334,3.851678
2023-07-22 19:00:00,4.423083,3.9077108
2023-07-22 20:00:00,4.8857393,4.005088
2023-07-22 21:00:00,4.9677463,3.9191551
2023-07-22 22:00:00,5.1219563,3.9343994
2023-07-22 23:00:00,5.034228,3.976707
2023-07-23 00:00:00,4.7816577,3.8672252
2023-07-23 01:00:00,4.492318,3.814975
2023-07-23 02:00:00,4.4093256,3.8628285
2023-07-23 03:00:00,4.241278,3.8676033
2023-07-23 04:00:00,4.0487523,3.8531075
2023-07-23 05:00:00,4.0942454,3.7881875
2023-07-23 06:00:00,4.069569,3.7898817
2023-07-23 07:00:00,4.2981887,3.8441634
2023-07-23 08:00:00,4.9779935,4.005766
2023-07-23 09:00:00,5.231397,4.0580506
2023-07-23 10:00:00,5.227603,3.9827735
2023-07-23 11:00:00,5.080973,3.8502252
2023-07-23 12:00:00,4.777574,3.846697
2023-07-23 13:00:00,4.696441,3.8607001
2023-07-23 14:00:00,4.660199,3.7927468
2023-07-23 15:00:00,4.4848475,3.7795877
2023-07-23 16:00:00,4.2849717,3.8587546
2023-07-23 17:00:00,4.1139507,3.7694595
2023-07-23 18:00:00,3.9692752,3.8462024
2023-07-23 19:00:00,4.036072,3.7821283
2023-07-23 20:00:00,4.546587,3.8603027
2023-07-23 21:00:00,4.907375,3.9282265
2023-07-23 22:00:00,5.011718,4.056793
2023-07-23 23:00:00,5.0599957,4.1421914
2023-07-24 00:00:00,4.790885,4.006979
2023-07-24 01:00:00,4.5418544,3.9122794
2023-07-24 02:00:00,4.3896313,3.9226842
2023-07-24 03:00:00,4.217159,3.9357967
2023-07-24 04:00:00,4.113373,3.8629363
2023-07-24 05:00:00,4.046686,3.8660462
2023-07-24 06:00:00,3.9906707,3.8652134
2023-07-24 07:00:00,4.144937,3.8146758
2023-07-24 08:00:00,4.4362183,3.8913465
2023-07-24 09:00:00,4.8972588,3.989413
2023-07-24 10:00:00,5.0597186,4.316441
2023-07-24 11:00:00,5.2262187,4.603443
2023-07-24 12:00:00,4.902395,4.62533
2023-07-24 13:00:00,4.638194,4.4915953
2023-07-24 14:00:00,4.4760227,4.365216
2023-07-24 15:00:00,4.321374,4.2771106
2023-07-24 16:00:00,4.230769,4.1192784
2023-07-24 17:00:00,4.1308784,4.027758
2023-07-24 18:00:00,4.0104003,3.9373426
2023-07-24 19:00:00,4.062584,3.7914648
2023-07-24 20:00:00,4.419398,3.8016107
2023-07-24 21:00:00,4.31015,3.830336
2023-07-24 22:00:00,4.4497857,3.8721921
2023-07-24 23:00:00,4.827044,4.247277
2023-07-25 00:00:00,4.954907,4.426319
2023-07-25 01:00:00,4.7246017,4.3876123
2023-07-25 02:00:00,4.303723,4.2376084
2023-07-25 03:00:00,4.315777,4.155292
2023-07-25 04:00:00,4.0533614,4.023563
2023-07-25 05:00:00,3.9256113,3.9324303
2023-07-25 06:00:00,3.9684725,3.702167
2023-07-25 07:00:00,3.91518,3.6938047
2023-07-25 08:00:00,4.0265436,3.7151666
2023-07-25 09:00:00,4.9626827,3.9629898
2023-07-25 10:00:00,4.936341,4.0762362
2023-07-25 11:00:00,4.654012,4.2959805
2023-07-25 12:00:00,2.9682612,4.1088424
2023-07-25 13:00:00,4.8169403,4.6434245
2023-07-25 14:00:00,4.687181,4.5163903
2023-07-25 15:00:00,4.2515597,4.132512
2023-07-25 16:00:00,3.9945564,3.8986332
2023-07-25 17:00:00,3.9361148,3.9457917
2023-07-25 18:00:00,3.8526707,3.8976161
2023-07-25 19:00:00,3.7639837,3.7837946
2023-07-25 20:00:00,3.6709301,3.7781298
2023-07-25 21:00:00,3.669325,3.7891915
2023-07-25 22:00:00,3.664095,3.7936914
2023-07-25 23:00:00,4.610076,4.2392535
2023-07-26 00:00:00,4.856687,4.318503
2023-07-26 01:00:00,4.6944737,4.407769
2023-07-26 02:00:00,4.501976,4.295735
2023-07-26 03:00:00,4.419622,4.2443457
2023-07-26 04:00:00,4.3224115,4.0514607
2023-07-26 05:00:00,4.125143,4.0172257
2023-07-26 06:00:00,3.954433,3.8395264
2023-07-26 07:00:00,3.8468735,3.7499979
2023-07-26 08:00:00,3.8518975,3.6997309
2023-07-26 09:00:00,3.822549,3.7098248
2023-07-26 10:00:00,4.89574,3.845183
2023-07-26 11:00:00,4.893182,4.1555343
2023-07-26 12:00:00,4.9319754,4.3458943
2023-07-26 13:00:00,4.6598377,4.40541
2023-07-26 14:00:00,4.487971,4.286628
2023-07-26 15:00:00,4.2950106,4.2166924
2023-07-26 16:00:00,4.231917,4.1211753
2023-07-26 17:00:00,4.040626,4.0184674
2023-07-26 18:00:00,4.033293,3.944184
2023-07-26 19:00:00,3.9935086,3.856527
2023-07-26 20:00:00,3.9720666,3.7724793
2023-07-26 21:00:00,3.7883904,3.699681
2023-07-26 22:00:00,4.4791017,3.8759532
2023-07-26 23:00:00,4.713034,3.9571252
2023-07-27 00:00:00,4.7449756,4.235191
2023-07-27 01:00:00,4.805347,4.402808
2023-07-27 02:00:00,4.338771,4.3237147
2023-07-27 03:00:00,4.2068787,4.2435603
2023-07-27 04:00:00,4.140643,4.1349487
2023-07-27 05:00:00,4.0403433,4.112236
2023-07-27 06:00:00,4.0436096,4.051384
2023-07-27 07:00:00,3.8233953,3.8466632
2023-07-27 08:00:00,3.7889087,3.7839854
2023-07-27 09:00:00,3.7949686,3.820688
2023-07-27 10:00:00,3.7427118,3.8600283
2023-07-27 11:00:00,4.5967894,3.9393642
2023-07-27 12:00:00,4.56706,4.023734
2023-07-27 13:00:00,4.556919,4.09872
2023-07-27 14:00:00,4.509379,4.145091
2023-07-27 15:00:00,4.359567,4.1762686
2023-07-27 16:00:00,4.0988703,4.1920376
2023-07-27 17:00:00,3.9824333,3.8884044
2023-07-27 18:00:00,3.888879,3.7868931
2023-07-27 19:00:00,3.7938466,3.790504
2023-07-27 20:00:00,3.7272046,3.6428068
2023-07-27 21:00:00,3.8793435,3.6441731
2023-07-27 22:00:00,3.7633483,3.6671257
2023-07-27 23:00:00,4.344584,3.7801104
2023-07-28 00:00:00,4.447874,3.8112206
2023-07-28 01:00:00,4.723591,3.875082
2023-07-28 02:00:00,4.60474,3.9085157
2023-07-28 03:00:00,4.405139,3.7827218
2023-07-28 04:00:00,4.217018,3.7107608
2023-07-28 05:00:00,4.0512204,3.678805
2023-07-28 06:00:00,3.9588048,3.675975
2023-07-28 07:00:00,4.0732603,3.718633
2023-07-28 08:00:00,3.972023,3.7260978
2023-07-28 09:00:00,3.6978076,3.6599925
2023-07-28 10:00:00,3.609921,3.660189
2023-07-28 11:00:00,4.467085,3.750279
2023-07-28 12:00:00,3.8835194,3.632807
2023-07-28 13:00:00,4.2680297,3.671359
2023-07-28 14:00:00,4.386286,3.7006536
2023-07-28 15:00:00,4.292027,3.7724495
2023-07-28 16:00:00,4.181495,3.7415955
2023-07-28 17:00:00,4.005159,3.6983058
2023-07-28 18:00:00,3.9801135,3.7017007
2023-07-28 19:00:00,3.8818746,3.694394
2023-07-28 20:00:00,3.8364952,3.699592
2023-07-28 21:00:00,3.7234097,3.6879587
2023-07-28 22:00:00,3.784976,3.7118423
2023-07-28 23:00:00,3.886313,3.7307892
2023-07-29 00:00:00,4.442148,3.7605627
2023-07-29 01:00:00,4.4910064,3.8500881
2023-07-29 02:00:00,4.796194,3.9121587
2023-07-29 03:00:00,4.884116,3.888624
2023-07-29 04:00:00,4.822118,3.8215082
2023-07-29 05:00:00,4.628429,3.85219
2023-07-29 06:00:00,4.483461,3.8076677
2023-07-29 07:00:00,4.3582115,3.7938285
2023-07-29 08:00:00,4.2948656,3.8062656
2023-07-29 09:00:00,4.071992,3.7722387
2023-07-29 10:00:00,3.9649134,3.767111
2023-07-29 11:00:00,3.8327513,3.7584407
2023-07-29 12:00:00,4.0988045,3.8247542
2023-07-29 13:00:00,4.361506,3.8629599
2023-07-29 14:00:00,4.6681576,3.9206707
2023-07-29 15:00:00,4.495418,3.8783638
2023-07-29 16:00:00,4.44998,3.849712
2023-07-29 17:00:00,4.362126,3.8189354
2023-07-29 18:00:00,4.1986303,3.8830135
2023-07-29 19:00:00,4.101379,3.8673127
2023-07-29 20:00:00,4.1070256,3.801771
2023-07-29 21:00:00,3.920295,3.775567
2023-07-29 22:00:00,3.9074874,3.8023498
2023-07-29 23:00:00,3.867723,3.816458
2023-07-30 00:00:00,3.9640102,3.8375905
2023-07-30 01:00:00,4.102695,3.8686633
2023-07-30 02:00:00,4.5936823,3.9622123
2023-07-30 03:00:00,4.775819,3.9990854
2023-07-30 04:00:00,5.0038357,4.0340667
2023-07-30 05:00:00,4.7679663,4.020922
2023-07-30 06:00:00,4.6046596,3.9318051
2023-07-30 07:00:00,4.5087724,3.8931143
2023-07-30 08:00:00,4.325555,3.88732
2023-07-30 09:00:00,4.3255177,3.9184432
2023-07-30 10:00:00,4.22359,3.922165
2023-07-30 11:00:00,3.9946542,3.8812587
2023-07-30 12:00:00,3.884066,3.7029152
2023-07-30 13:00:00,3.8353157,3.8688357
2023-07-30 14:00:00,4.248049,3.8790808
2023-07-30 15:00:00,4.1388197,3.8319802
2023-07-30 16:00:00,4.3738914,3.8703039
2023-07-30 17:00:00,4.563442,3.9238853
2023-07-30 18:00:00,4.2296867,3.8228674
2023-07-30 19:00:00,4.294914,3.8274422
2023-07-30 20:00:00,4.0749655,3.8912067
2023-07-30 21:00:00,4.0781717,3.7994647
2023-07-30 22:00:00,3.9099205,3.779903
2023-07-30 23:00:00,3.7074325,3.7752666
2023-07-31 00:00:00,3.6284182,3.7917762
2023-07-31 01:00:00,3.6002388,3.803884
2023-07-31 02:00:00,4.0389733,3.889889
2023-07-31 03:00:00,4.6846533,4.027732
2023-07-31 04:00:00,4.837932,4.034866
2023-07-31 05:00:00,5.0590014,4.052298
2023-07-31 06:00:00,4.966836,3.9719293
2023-07-31 07:00:00,4.703465,3.9523184
2023-07-31 08:00:00,4.5593195,3.896828
2023-07-31 09:00:00,4.5250716,3.907726
2023-07-31 10:00:00,4.352037,3.9012754
2023-07-31 11:00:00,4.2595882,3.9078505
2023-07-31 12:00:00,4.017896,3.8771303
2023-07-31 13:00:00,3.8173993,4.057545
2023-07-31 14:00:00,3.758064,3.7790372
2023-07-31 15:00:00,4.2486954,3.9598303
2023-07-31 16:00:00,4.1922116,3.847673
2023-07-31 17:00:00,4.7053146,3.8302898
2023-07-31 18:00:00,4.8218966,3.9527032
2023-07-31 19:00:00,4.5215487,3.867847
2023-07-31 20:00:00,4.208658,3.764526
2023-07-31 21:00:00,4.175175,3.7743392
2023-07-31 22:00:00,4.0194583,3.779163
2023-07-31 23:00:00,3.931775,3.8055503
2023-08-01 00:00:00,3.7617023,3.7866318
2023-08-01 01:00:00,3.8466923,3.7379258
2023-08-01 02:00:00,3.759612,3.8059754
2023-08-01 03:00:00,3.8208244,3.7240796
2023-08-01 04:00:00,4.654202,3.9125555
2023-08-01 05:00:00,5.2691307,4.0432773
2023-08-01 06:00:00,5.3767395,4.009478
2023-08-01 07:00:00,5.189077,3.8319464
2023-08-01 08:00:00,5.0279474,3.8340108
2023-08-01 09:00:00,4.722578,3.767804
2023-08-01 10:00:00,4.5846267,3.7760434
2023-08-01 11:00:00,4.336024,3.8623946
2023-08-01 12:00:00,4.228191,3.7823098
2023-08-01 13:00:00,4.0844426,3.7676685
2023-08-01 14:00:00,3.8161597,3.7570164
2023-08-01 15:00:00,3.716505,3.937085
2023-08-01 16:00:00,4.2278423,3.8240325
2023-08-01 17:00:00,4.7729864,3.7955532
2023-08-01 18:00:00,4.870267,3.8238652
2023-08-01 19:00:00,4.8418736,3.8008306
2023-08-01 20:00:00,4.5863123,3.8110585
2023-08-01 21:00:00,4.3496,3.732544
2023-08-01 22:00:00,4.337292,3.7458763
2023-08-01 23:00:00,4.0913353,3.7282119
2023-08-02 00:00:00,3.944775,3.7626507
2023-08-02 01:00:00,3.90379,3.8008535
2023-08-02 02:00:00,3.760718,3.7767298
2023-08-02 03:00:00,3.6461084,3.6748364
2023-08-02 04:00:00,3.9447045,3.7342494
2023-08-02 05:00:00,4.714772,3.9165637
2023-08-02 06:00:00,5.614875,4.1288757
2023-08-02 07:00:00,5.372696,4.042333
2023-08-02 08:00:00,5.2794833,3.9029598
2023-08-02 09:00:00,5.0060897,3.765686
2023-08-02 10:00:00,4.6671567,3.8201585
2023-08-02 11:00:00,4.477188,3.9540286
2023-08-02 12:00:00,4.2181344,3.8401217
2023-08-02 13:00:00,4.0232325,3.8380454
2023-08-02 14:00:00,3.81577,3.7573934
2023-08-02 15:00:00,3.7195127,3.826716
2023-08-02 16:00:00,3.6770084,3.7571168
2023-08-02 17:00:00,4.400849,3.7363605
2023-08-02 18:00:00,4.6982093,3.795
2023-08-02 19:00:00,4.970719,4.2178855
2023-08-02 20:00:00,4.910566,4.6695147
2023-08-02 21:00:00,4.6024904,4.6729374
2023-08-02 22:00:00,4.412033,4.517926
2023-08-02 23:00:00,4.2932897,4.3913355
2023-08-03 00:00:00,4.053279,4.2155194
2023-08-03 01:00:00,3.7847822,4.060872
2023-08-03 02:00:00,3.6669981,3.9250903
2023-08-03 03:00:00,3.6181426,3.85345
2023-08-03 04:00:00,3.4683075,3.7823226
2023-08-03 05:00:00,4.181476,3.970312
2023-08-03 06:00:00,4.8493624,4.140612
2023-08-03 07:00:00,5.7204823,4.706857
2023-08-03 08:00:00,5.4791136,4.8061943
2023-08-03 09:00:00,5.158447,4.841421
2023-08-03 10:00:00,4.8747025,4.6715364
2023-08-03 11:00:00,4.611389,4.4454393
2023-08-03 12:00:00,4.451437,4.356665
2023-08-03 13:00:00,4.2952037,4.20347
2023-08-03 14:00:00,4.0370946,4.0974183
2023-08-03 15:00:00,3.9112022,4.020092
2023-08-03 16:00:00,3.70805,3.9279776
2023-08-03 17:00:00,3.720081,3.9027839
2023-08-03 18:00:00,4.528459,3.9535446
2023-08-03 19:00:00,4.915959,4.0680537
2023-08-03 20:00:00,5.1863813,4.3262386
2023-08-03 21:00:00,5.096153,4.312653
2023-08-03 22:00:00,4.8263407,4.2595553
2023-08-03 23:00:00,4.467523,4.141182
2023-08-04 00:00:00,4.27499,4.133104
2023-08-04 01:00:00,4.1492305,3.9730701
2023-08-04 02:00:00,3.865742,3.8471146
2023-08-04 03:00:00,3.7418048,3.8529828
2023-08-04 04:00:00,3.5986607,3.7497628
2023-08-04 05:00:00,3.5118406,3.7573307
2023-08-04 06:00:00,4.793656,3.9593108
2023-08-04 07:00:00,5.3449965,4.1687913
2023-08-04 08:00:00,5.749933,4.454724
2023-08-04 09:00:00,5.507876,4.32042
2023-08-04 10:00:00,5.205187,4.1180806
2023-08-04 11:00:00,4.887983,4.11556
2023-08-04 12:00:00,4.6534495,4.120032
2023-08-04 13:00:00,4.373569,4.1180367
2023-08-04 14:00:00,4.1069036,4.0194
2023-08-04 15:00:00,4.0141883,4.0385375
2023-08-04 16:00:00,3.8050709,3.9154153
2023-08-04 17:00:00,3.5148091,3.805141
2023-08-04 18:00:00,3.9729724,3.788343
2023-08-04 19:00:00,4.709757,3.90671
2023-08-04 20:00:00,5.0775332,3.9092388
2023-08-04 21:00:00,5.2316656,4.3587556
2023-08-04 22:00:00,4.9578786,4.3042517
2023-08-04 23:00:00,4.63366,4.248864
2023-08-05 00:00:00,4.393105,4.1994405
2023-08-05 01:00:00,4.200677,4.210397
2023-08-05 02:00:00,4.0539536,4.1155853
2023-08-05 03:00:00,3.8622324,3.9369016
2023-08-05 04:00:00,3.6470084,3.828026
2023-08-05 05:00:00,3.611392,3.7485988
2023-08-05 06:00:00,3.6281888,3.7853458
2023-08-05 07:00:00,4.8252735,3.954709
2023-08-05 08:00:00,5.447582,4.2860126
2023-08-05 09:00:00,5.4706297,4.434925
2023-08-05 10:00:00,5.3776894,4.4746957
2023-08-05 11:00:00,5.0376987,4.3980055
2023-08-05 12:00:00,4.6808357,4.4875445
2023-08-05 13:00:00,4.5168767,4.467847
2023-08-05 14:00:00,4.305219,4.4450617
2023-08-05 15:00:00,4.126101,4.3584914
2023-08-05 16:00:00,3.9297192,4.174607
2023-08-05 17:00:00,3.7252145,3.9886014
2023-08-05 18:00:00,3.5274065,3.9112651
2023-08-05 19:00:00,4.3792815,3.870263
2023-08-05 20:00:00,4.7098007,3.9515624
2023-08-05 21:00:00,5.3126235,4.2246375
2023-08-05 22:00:00,5.0783167,4.5239
2023-08-05 23:00:00,4.857177,4.58864
2023-08-06 00:00:00,4.546249,4.543056
2023-08-06 01:00:00,4.3162107,4.5667677
2023-08-06 02:00:00,4.1254516,4.375901
2023-08-06 03:00:00,3.9539502,4.1927958
2023-08-06 04:00:00,3.8636408,4.118283
2023-08-06 05:00:00,3.672339,3.9354143
2023-08-06 06:00:00,3.5234,3.845121
2023-08-06 07:00:00,3.782625,3.8525937
2023-08-06 08:00:00,4.808772,4.0541267
2023-08-06 09:00:00,5.3787284,4.4884133
2023-08-06 10:00:00,5.2940555,4.7797146
2023-08-06 11:00:00,5.105293,4.794303
2023-08-06 12:00:00,4.7844753,4.6936145
2023-08-06 13:00:00,4.47306,4.613017
2023-08-06 14:00:00,4.3767285,4.528069
2023-08-06 15:00:00,4.131282,4.342815
2023-08-06 16:00:00,3.9274774,4.256307
2023-08-06 17:00:00,3.7499943,4.097133
2023-08-06 18:00:00,3.654977,3.9475448
2023-08-06 19:00:00,3.673979,3.9205148
2023-08-06 20:00:00,4.498785,3.990668
2023-08-06 21:00:00,4.7477183,4.068439
2023-08-06 22:00:00,5.1009564,4.5216384
2023-08-06 23:00:00,5.0850735,4.7247105
2023-08-07 00:00:00,4.814661,4.726758
2023-08-07 01:00:00,4.4654174,4.5774655
2023-08-07 02:00:00,4.2610846,4.5369544
2023-08-07 03:00:00,4.0551825,4.3542085
2023-08-07 04:00:00,3.8664525,4.186068
2023-08-07 05:00:00,3.7377527,4.0273843
2023-08-07 06:00:00,3.610533,3.857094
2023-08-07 07:00:00,3.4298036,3.8655007
2023-08-07 08:00:00,4.9246354,4.097259
2023-08-07 09:00:00,5.000893,4.1353235
2023-08-07 10:00:00,5.2698336,4.5748715
2023-08-07 11:00:00,5.0527062,4.7168446
2023-08-07 12:00:00,4.790035,4.7172966
2023-08-07 13:00:00,4.5378304,4.5841274
2023-08-07 14:00:00,4.356174,4.456665
2023-08-07 15:00:00,4.1189723,4.344336
2023-08-07 16:00:00,3.9367962,4.1066957
2023-08-07 17:00:00,3.7428803,4.1007185
2023-08-07 18:00:00,3.6656427,3.955688
2023-08-07 19:00:00,3.4903533,3.8708136
2023-08-07 20:00:00,3.9110599,3.9055982
2023-08-07 21:00:00,4.6177754,3.953546
2023-08-07 22:00:00,4.841732,4.1123915
2023-08-07 23:00:00,5.012811,4.5899606
2023-08-08 00:00:00,4.8292384,4.635551
2023-08-08 01:00:00,4.521597,4.548032
2023-08-08 02:00:00,4.2620826,4.45399
2023-08-08 03:00:00,4.1223164,4.3621993
2023-08-08 04:00:00,3.972911,4.189607
2023-08-08 05:00:00,3.7866933,4.0997815
2023-08-08 06:00:00,3.7140324,3.9511168
2023-08-08 07:00:00,3.6012263,3.8597956
2023-08-08 08:00:00,3.582498,3.8189104
2023-08-08 09:00:00,4.6899447,4.0568795
2023-08-08 10:00:00,4.7820487,4.0974803
2023-08-08 11:00:00,4.9947352,4.499061
2023-08-08 12:00:00,4.856042,4.574274
2023-08-08 13:00:00,4.4842725,4.4899616
2023-08-08 14:00:00,4.2895074,4.4822745
2023-08-08 15:00:00,4.147372,4.376158
2023-09-22 11:00:00,3.8987584,4.1802964
2023-09-22 12:00:00,3.8785381,4.039301
2023-09-22 13:00:00,4.08858,4.250398
2023-09-22 14:00:00,3.9975586,4.161897
2023-09-22 15:00:00,4.073581,4.021526
2023-09-22 16:00:00,4.167135,3.9916215
2023-09-22 17:00:00,3.8737366,3.8891845
2023-09-22 18:00:00,3.7867491,3.799295
2023-09-22 19:00:00,3.5691144,3.7922144
2023-09-22 20:00:00,3.8387825,3.844592
2023-09-22 21:00:00,4.230205,3.9807124
2023-09-22 22:00:00,4.8737493,4.205535
2023-09-22 23:00:00,4.9946504,4.56144
2023-09-23 00:00:00,4.8733196,4.6072974
2023-09-23 01:00:00,4.5469813,4.5245094
2023-09-23 02:00:00,4.3559284,4.3581862
2023-09-23 03:00:00,4.168326,4.2466054
2023-09-23 04:00:00,3.986785,4.004682
2023-09-23 05:00:00,3.9160457,3.940972
2023-09-23 06:00:00,3.771586,3.8650837
2023-09-23 07:00:00,3.6991856,3.7962182
2023-09-23 08:00:00,3.6217434,3.819892
2023-09-23 09:00:00,4.579507,4.031364
2023-09-23 10:00:00,4.5618296,4.057293
2023-09-23 11:00:00,4.389911,4.016124
2023-09-23 12:00:00,4.0650573,4.190545
2023-09-23 13:00:00,4.1681423,3.9912121
2023-09-23 14:00:00,4.063827,3.917345
2023-09-23 15:00:00,3.989508,3.7237062
2023-09-23 16:00:00,3.7750468,3.8671157
2023-09-23 17:00:00,3.7531772,3.8109372
2023-09-23 18:00:00,3.6838734,3.809887
2023-09-23 19:00:00,3.672769,3.8184593
2023-09-23 20:00:00,3.8032517,3.7671092
2023-09-23 21:00:00,4.312807,3.8656812
2023-09-23 22:00:00,4.593004,3.9383495
2023-09-23 23:00:00,4.784859,4.2264657
2023-09-24 00:00:00,4.758895,4.358445
2023-09-24 01:00:00,4.6926837,4.4484067
2023-09-24 02:00:00,4.4932632,4.4434624
2023-09-24 03:00:00,4.3059,4.373062
2023-09-24 04:00:00,4.1945605,4.2715592
2023-09-24 05:00:00,4.1098685,4.1919527
2023-09-24 06:00:00,4.062573,3.961179
2023-09-24 07:00:00,3.92668,3.8637884
2023-09-24 08:00:00,3.8720484,3.888001
2023-09-24 09:00:00,4.0963435,3.882269
2023-09-24 10:00:00,4.000474,3.9805567
2023-09-24 11:00:00,3.8056588,3.8982031
2023-09-24 12:00:00,4.252621,3.8879254
2023-09-24 13:00:00,4.182492,3.9612248
2023-09-24 14:00:00,4.3606596,4.081599
2023-09-24 15:00:00,3.9668355,3.9679844
2023-09-24 16:00:00,3.8286645,3.901634
2023-09-24 17:00:00,3.757512,3.7978568
2023-09-24 18:00:00,3.8446758,3.733695
2023-09-24 19:00:00,3.7610319,3.8207598
2023-09-24 20:00:00,3.7852354,3.7521164
2023-09-24 21:00:00,3.705004,3.7324862
2023-09-24 22:00:00,4.012866,3.7942026
2023-09-24 23:00:00,4.2481,3.858993
2023-09-25 00:00:00,4.442824,3.8939748
2023-09-25 01:00:00,4.638235,4.1067553
2023-09-25 02:00:00,4.6243243,4.333851
2023-09-25 03:00:00,4.486037,4.4236917
2023-09-25 04:00:00,4.3942986,4.349821
2023-09-25 05:00:00,4.2507977,4.2931137
2023-09-25 06:00:00,4.1408315,4.189857
2023-09-25 07:00:00,4.053119,4.031891
2023-09-25 08:00:00,3.9767075,3.8691552
2023-09-25 09:00:00,3.7853525,3.7724488
2023-09-25 10:00:00,3.825512,3.7150338
2023-09-25 11:00:00,3.7195318,3.8338344
2023-09-25 12:00:00,3.860856,3.8147178
2023-09-25 13:00:00,3.7445152,3.8071973
2023-09-25 14:00:00,3.9138918,3.8398106
2023-09-25 15:00:00,4.0776258,3.8748527
2023-09-25 16:00:00,4.018427,3.84181
2023-09-25 17:00:00,4.093116,3.8123753
2023-09-25 18:00:00,3.9151452,3.838514
2023-09-25 19:00:00,3.8940163,3.8237054
2023-09-25 20:00:00,3.8208582,3.8119893
2023-09-25 21:00:00,3.7185223,3.7115896
2023-09-25 22:00:00,3.7218091,3.7190344
2023-09-25 23:00:00,3.641091,3.7199836
2023-09-26 00:00:00,3.565561,3.718254
2023-09-26 01:00:00,3.8507974,3.7757757
2023-09-26 02:00:00,4.31459,3.8675818
2023-09-26 03:00:00,4.7680964,4.1437545
2023-09-26 04:00:00,4.9072046,4.5095396
2023-09-26 05:00:00,4.804271,4.6597567
2023-09-26 06:00:00,4.553311,4.5114837
2023-09-26 07:00:00,4.372721,4.341435
2023-09-26 08:00:00,4.174889,4.2366242
2023-09-26 09:00:00,3.98641,4.083842
2023-09-26 10:00:00,3.897866,4.0207176
2023-09-26 11:00:00,3.726326,3.8572557
2023-09-26 12:00:00,3.6648269,3.78782
2023-09-26 13:00:00,3.6344633,3.743297
2023-09-26 14:00:00,3.9706123,3.7553668
2023-09-26 15:00:00,4.4203143,3.8666115
2023-09-26 16:00:00,4.413885,3.9666374
2023-09-26 17:00:00,4.465785,4.1302834
2023-09-26 18:00:00,4.372766,3.9619212
2023-09-26 19:00:00,4.372503,3.896135
2023-09-26 20:00:00,3.8616045,3.7631183
2023-09-26 21:00:00,3.8838816,3.7856185
2023-09-26 22:00:00,3.8368094,3.7932127
2023-09-26 23:00:00,3.634804,3.6771624
2023-09-27 00:00:00,3.5443158,3.6676185
2023-09-27 01:00:00,3.6045187,3.705738
2023-09-27 02:00:00,3.8762157,3.7856102
2023-09-27 03:00:00,4.75581,3.9577014
2023-09-27 04:00:00,5.033069,4.099911
2023-09-27 05:00:00,5.0995197,4.552498
2023-09-27 06:00:00,4.9696097,4.600766
2023-09-27 07:00:00,4.7764277,4.6357226
2023-09-27 08:00:00,4.472006,4.4259176
2023-09-27 09:00:00,4.3049297,4.314661
2023-09-27 12:00:00,4.145362,4.161766
2023-09-27 13:00:00,3.9704497,4.0908117
2023-09-27 14:00:00,3.5245235,3.7457008
2023-09-27 15:00:00,3.4735625,3.6530738
2023-09-27 16:00:00,3.9394913,3.6833394
2023-09-27 17:00:00,5.215627,4.174104
2023-09-27 18:00:00,4.755726,4.5462227
2023-09-27 19:00:00,3.4757779,4.4105864
2023-09-27 20:00:00,4.4583354,4.561154
2023-09-27 21:00:00,4.318457,4.388134
2023-09-27 22:00:00,4.1066747,4.2188177
2023-09-27 23:00:00,3.9352174,4.002304
2023-09-28 00:00:00,3.852002,3.9386623
2023-09-28 01:00:00,3.7709184,3.873053
2023-09-28 02:00:00,3.6241708,3.7766817
2023-09-28 03:00:00,3.7336128,3.873478
2023-09-28 04:00:00,4.404555,4.0406685
2023-09-28 05:00:00,5.294996,4.393502
2023-09-28 06:00:00,5.39312,4.7600956
2023-09-28 07:00:00,5.1736903,4.718924
2023-09-28 08:00:00,4.831138,4.619232
2023-09-28 09:00:00,4.6109076,4.545414
2023-09-28 10:00:00,4.397475,4.437821
2023-09-28 11:00:00,4.2207327,4.266234
2023-09-28 12:00:00,4.050231,4.1831264
2023-09-28 13:00:00,3.937655,4.0252247
2023-09-28 14:00:00,3.8208225,3.9370375
2023-09-28 15:00:00,3.7968714,3.806915
2023-09-28 16:00:00,4.6437016,3.8787181
2023-09-28 17:00:00,4.84822,3.9428928
2023-09-28 18:00:00,5.069737,4.591827
2023-09-28 19:00:00,5.0037074,4.790371
2023-09-28 20:00:00,4.797981,4.8009496
2023-09-28 21:00:00,4.560184,4.662408
2023-09-28 22:00:00,4.32285,4.4395084
2023-09-28 23:00:00,4.164662,4.260193
2023-09-29 00:00:00,4.059588,4.186834
2023-09-29 01:00:00,3.8896468,4.0123396
2023-09-29 02:00:00,3.7487655,3.9180958
2023-09-29 03:00:00,3.8103507,3.89515
2023-09-29 04:00:00,4.7726345,4.1434464
2023-09-29 05:00:00,4.9562893,4.211904
2023-09-29 06:00:00,5.5581355,4.713777
2023-09-29 07:00:00,5.4829874,4.955482
2023-09-29 08:00:00,5.251504,4.9271708
2023-09-29 09:00:00,4.9921656,4.854053
2023-09-29 10:00:00,4.699801,4.7020373
2023-09-29 11:00:00,4.4838624,4.5115066
2023-09-29 12:00:00,4.3125095,4.3558874
2023-09-29 13:00:00,4.1166177,4.2752256
2023-09-29 14:00:00,3.9282553,4.1006093
2023-09-29 15:00:00,3.8036535,4.0316443
2023-09-29 16:00:00,4.0395494,4.0464473
2023-09-29 17:00:00,4.9081993,4.133711
2023-09-29 18:00:00,5.1770134,4.219663
2023-09-29 19:00:00,5.4020147,4.7171593
2023-09-29 20:00:00,5.2901735,4.867643
2023-09-29 21:00:00,4.9641757,4.854972
2023-09-29 22:00:00,4.700942,4.6677155
2023-09-29 23:00:00,4.505025,4.5551634
2023-09-30 00:00:00,4.336173,4.3794465
2023-09-30 01:00:00,4.1661406,4.2925906
2023-09-30 02:00:00,3.957817,4.1097674
2023-09-30 03:00:00,3.891973,3.9381912
2023-09-30 04:00:00,3.877324,3.881679
2023-09-30 05:00:00,4.959885,4.1408114
2023-09-30 06:00:00,5.2119083,4.224631
2023-09-30 07:00:00,5.7448673,4.715785
2023-09-30 08:00:00,5.5268064,4.337694
2023-09-30 09:00:00,5.1965976,4.150318
2023-09-30 10:00:00,4.8293667,3.979425
2023-09-30 11:00:00,4.6466565,3.9978824
2023-09-30 12:00:00,4.418513,4.072006
2023-09-30 13:00:00,4.3048444,3.985703
2023-09-30 14:00:00,4.1272798,3.9425755
2023-09-30 15:00:00,3.7796285,3.898734
2023-09-30 16:00:00,3.7661223,4.0555844
2023-09-30 17:00:00,4.5471287,4.0375004
2023-09-30 18:00:00,4.9868894,3.9378588
2023-09-30 19:00:00,5.526127,4.0722427
2023-09-30 20:00:00,5.5561433,4.0718513
2023-09-30 21:00:00,5.2846336,3.898991
2023-09-30 22:00:00,4.898934,3.8042116
2023-09-30 23:00:00,4.6928763,3.8284385
2023-10-01 00:00:00,4.4963627,3.8480017
2023-10-01 01:00:00,4.336797,3.8754163
2023-10-01 03:00:00,4.157268,3.8845968
2023-10-01 04:00:00,3.9701307,3.839526
2023-10-01 05:00:00,3.7312875,3.7590075
2023-10-01 06:00:00,4.7090635,3.957378
2023-10-01 07:00:00,6.0500565,4.2829638
2023-10-01 08:00:00,5.7379827,4.0246696
2023-10-01 09:00:00,5.3501363,3.7570791
2023-10-01 10:00:00,5.0629396,3.786347
2023-10-01 11:00:00,4.7826967,3.8118234
2023-10-01 12:00:00,4.6886296,3.8464758
2023-10-01 13:00:00,4.443777,3.8370476
2023-10-01 14:00:00,4.2516327,3.83496
2023-10-01 15:00:00,4.062464,3.8274477
2023-10-01 16:00:00,3.999161,3.8419402
2023-10-01 17:00:00,4.146134,3.7996671
2023-10-01 18:00:00,5.0440474,3.9319026
2023-10-01 19:00:00,5.2641625,4.094315
2023-10-01 20:00:00,5.7757497,4.7686043
2023-10-01 21:00:00,5.614543,4.881945
2023-10-01 22:00:00,5.2945027,4.7436075
2023-10-01 23:00:00,4.9956536,4.6197743
2023-10-02 00:00:00,4.8714347,4.6366816
2023-10-02 01:00:00,4.625069,4.4445205
2023-10-02 02:00:00,4.442717,4.353368
2023-10-02 03:00:00,4.2788444,4.2637377
2023-10-02 04:00:00,4.0774317,4.163888
2023-10-02 05:00:00,3.9949963,4.027362
2023-10-02 06:00:00,4.935384,4.1655655
2023-10-02 07:00:00,5.342342,4.258589
2023-10-02 08:00:00,5.715573,4.743437
2023-10-02 09:00:00,5.478569,4.793294
2023-10-02 10:00:00,5.269495,4.8254156
2023-10-02 11:00:00,4.9506288,4.6966734
2023-10-02 12:00:00,4.7594376,4.679315
2023-10-02 13:00:00,4.628611,4.508137
2023-10-02 14:00:00,4.4541326,4.488965
2023-10-02 15:00:00,4.2738557,4.3054233
2023-10-02 16:00:00,4.1063094,4.2014976
2023-10-02 17:00:00,4.0920177,4.0637717
2023-10-02 18:00:00,4.5174866,4.1007767
2023-10-02 19:00:00,5.0276184,4.1093297
2023-10-02 20:00:00,5.7294564,4.5790505
2023-10-02 21:00:00,5.6031914,4.8610625
2023-10-02 22:00:00,5.4190116,4.8896804
2023-10-02 23:00:00,5.1499844,4.7399516
2023-10-03 00:00:00,4.9356604,4.70115
2023-10-03 01:00:00,4.7082014,4.590291
2023-10-03 02:00:00,4.538457,4.490764
2023-10-03 03:00:00,4.3774285,4.391956
2023-10-03 04:00:00,4.1890874,4.2821655
2023-10-03 05:00:00,4.0849924,4.0282884
2023-10-03 06:00:00,4.1490026,3.9973886
2023-10-03 07:00:00,5.0661902,4.1987386
2023-10-03 08:00:00,5.414297,4.394729
2023-10-03 09:00:00,5.4838896,4.664814
2023-10-03 10:00:00,5.288402,4.729154
2023-10-03 11:00:00,5.016105,4.6851144
2023-10-03 12:00:00,4.789571,4.6228733
2023-10-03 13:00:00,4.644811,4.5272245
2023-10-03 14:00:00,4.47033,4.415504
2023-10-03 15:00:00,4.290399,4.305921
2023-10-03 16:00:00,4.11601,4.20515
2023-10-03 17:00:00,4.0948677,4.1434245
2023-10-03 18:00:00,4.2445197,4.120824
2023-10-03 19:00:00,4.8633995,4.1718946
2023-10-03 20:00:00,5.1031013,4.226819
2023-10-03 21:00:00,5.637314,4.626135
2023-10-03 22:00:00,5.472019,4.687692
2023-10-03 23:00:00,5.2001567,4.8112745
2023-10-04 00:00:00,5.0446277,4.736358
2023-10-04 01:00:00,4.8080473,4.68959
2023-10-04 02:00:00,4.648293,4.5056524
2023-10-04 03:00:00,4.475078,4.4080553
2023-10-04 04:00:00,4.2980194,4.3074527
2023-10-04 05:00:00,4.124575,4.2051334
2023-10-04 06:00:00,4.069717,4.1414495
2023-10-04 07:00:00,4.5567102,4.1784286
2023-10-04 08:00:00,5.145053,4.2031555
2023-10-04 09:00:00,5.3756204,4.4784813
2023-10-04 10:00:00,5.260735,4.6080275
2023-10-04 11:00:00,4.9240665,4.64368
2023-10-04 12:00:00,4.7759237,4.5615554
2023-10-04 13:00:00,4.5364485,4.431549
2023-10-04 14:00:00,4.3922634,4.507294
2023-10-04 15:00:00,4.2154336,4.416361
2023-10-04 16:00:00,4.1160493,4.2422433
2023-10-04 17:00:00,4.1104584,4.1552525
2023-10-04 18:00:00,4.1806755,4.0103703
2023-10-04 19:00:00,4.52399,4.011092
2023-10-04 20:00:00,4.945488,4.114223
2023-10-04 21:00:00,5.3108997,4.488817
2023-10-04 22:00:00,5.3493342,4.722165
2023-10-04 23:00:00,5.219075,4.875513
2023-10-05 00:00:00,5.0798154,4.775154
2023-10-05 01:00:00,4.9199657,4.7080855
2023-10-05 02:00:00,4.656701,4.576933
2023-10-05 03:00:00,4.4818177,4.4755974
2023-10-05 04:00:00,4.293942,4.2899585
2023-10-05 05:00:00,4.214411,4.2047663
2023-10-05 06:00:00,4.0187616,4.1180077
2023-10-05 07:00:00,4.1565857,4.111214
2023-10-05 08:00:00,4.983381,4.1975093
2023-10-05 09:00:00,5.0315166,4.325267
2023-10-05 10:00:00,5.002318,4.5049534
2023-10-05 11:00:00,4.904026,4.5354624
2023-10-05 12:00:00,4.6405134,4.598129
2023-10-05 13:00:00,4.5689363,4.4697385
2023-10-05 14:00:00,4.321382,4.4137707
2023-10-05 15:00:00,4.3374343,4.4338126
2023-10-05 16:00:00,4.24978,4.3401337
2023-10-05 17:00:00,4.1823688,4.162845
2023-10-05 18:00:00,4.1693773,4.1695642
2023-10-05 19:00:00,4.3527527,4.1495233
2023-10-05 20:00:00,4.784002,4.2586102
2023-10-05 21:00:00,5.187147,4.434859
2023-10-05 22:00:00,5.317838,4.710622
2023-10-05 23:00:00,5.3416843,4.818801
2023-10-06 00:00:00,5.176447,4.8049912
2023-10-06 01:00:00,4.9772725,4.734764
2023-10-06 02:00:00,4.781694,4.6056447
2023-10-06 03:00:00,4.6200337,4.502452
2023-10-06 04:00:00,4.4557195,4.4155464
2023-10-06 05:00:00,4.317225,4.3265452
2023-10-06 06:00:00,4.232624,4.2480392
2023-10-06 07:00:00,4.159667,4.1849794
2023-10-06 08:00:00,4.61051,4.210167
2023-10-06 09:00:00,4.579449,4.234142
2023-10-06 10:00:00,4.694688,4.2680855
2023-10-06 11:00:00,4.64659,4.342818
2023-10-06 12:00:00,4.4426847,4.3777013
2023-10-06 13:00:00,4.2639213,4.316308
2023-10-06 14:00:00,4.173594,4.2852035
2023-10-06 15:00:00,4.129964,4.2022448
2023-10-06 16:00:00,4.0675554,4.1105123
2023-10-06 18:00:00,4.041892,4.106749
2023-10-06 19:00:00,4.065452,4.03672
2023-10-06 20:00:00,4.051792,3.9561112
2023-10-06 21:00:00,4.2801304,4.010351
2023-10-06 22:00:00,4.7417684,4.297848
2023-10-06 23:00:00,4.8066926,4.383083
2023-10-07 00:00:00,4.9166822,4.5229673
2023-10-07 01:00:00,4.539216,4.4906206
2023-10-07 02:00:00,4.473943,4.4457426
2023-10-07 03:00:00,4.3848796,4.3391647
2023-10-07 04:00:00,4.291213,4.2514553
2023-10-07 05:00:00,4.2033143,4.1575165
2023-10-07 06:00:00,4.0374146,4.0591936
2023-10-07 07:00:00,4.016261,4.086971
2023-10-07 08:00:00,4.2390428,3.983619
2023-10-07 09:00:00,4.1602006,3.9810498
2023-10-07 10:00:00,4.3379974,4.0352716
2023-10-07 11:00:00,4.3126893,4.1379313
2023-10-07 12:00:00,4.3158298,4.219132
2023-10-07 13:00:00,4.1455994,4.167013
2023-10-07 14:00:00,4.0448513,4.1160207
2023-10-07 15:00:00,4.0421896,4.107392
2023-10-07 16:00:00,3.9566455,4.0912647
2023-10-07 17:00:00,3.9882913,4.017762
2023-10-07 18:00:00,3.9983902,3.9220743
2023-10-07 19:00:00,3.9921227,3.838759
2023-10-07 20:00:00,4.177998,3.8852963
2023-10-07 21:00:00,4.351139,4.033733
2023-10-07 22:00:00,4.5161934,4.1655507
2023-10-07 23:00:00,4.6324754,4.2597303
2023-10-08 00:00:00,4.664271,4.409865
2023-10-08 01:00:00,4.4954987,4.4285655
2023-10-08 02:00:00,4.460209,4.377925
2023-10-08 03:00:00,4.373349,4.3384314
2023-10-08 04:00:00,4.283838,4.311382
2023-10-08 05:00:00,4.281673,4.230723
2023-10-08 06:00:00,4.18883,4.2297616
2023-10-08 07:00:00,4.198835,4.176683
2023-10-08 08:00:00,4.151662,4.187227
2023-10-08 09:00:00,4.1459813,4.1316686
2023-10-08 10:00:00,4.190475,4.07856
2023-10-08 11:00:00,4.0675945,4.0745893
2023-10-08 12:00:00,4.014656,4.0758524
2023-10-08 13:00:00,4.2812243,4.0364246
2023-10-08 14:00:00,4.088661,4.0813427
2023-10-08 15:00:00,4.0601616,4.076898
2023-10-08 16:00:00,4.0217524,4.0563684
2023-10-08 17:00:00,4.015139,4.051191
2023-10-08 18:00:00,4.0176525,4.045686
2023-10-08 19:00:00,4.05602,4.0401587
2023-10-08 20:00:00,4.0982003,4.0451694
2023-10-08 21:00:00,4.1205945,4.0500994
2023-10-08 22:00:00,4.020865,4.0292416
2023-10-08 23:00:00,4.359359,4.003688
2023-10-09 00:00:00,4.1501102,4.0528564
2023-10-09 01:00:00,4.427807,4.1111927
2023-10-09 02:00:00,4.6055875,4.2273216
2023-10-09 03:00:00,4.5812893,4.2942677
2023-10-09 04:00:00,4.4152966,4.3278055
2023-10-09 05:00:00,4.298818,4.2827315
2023-10-09 06:00:00,4.1960764,4.2558675
2023-10-09 07:00:00,4.2122045,4.1799717
2023-10-09 08:00:00,4.137381,4.1680207
2023-10-09 09:00:00,4.049823,4.0826774
2023-10-09 10:00:00,4.00731,4.0076523
2023-10-09 11:00:00,3.9327822,4.0174866
2023-10-09 12:00:00,3.881791,3.9557273
2023-10-09 13:00:00,3.9701576,3.894198
2023-10-09 14:00:00,3.9342577,3.9005508
2023-10-09 15:00:00,4.0554514,3.9221137
2023-10-09 16:00:00,4.1748753,4.025994
2023-10-09 17:00:00,4.1794906,4.107771
2023-10-09 18:00:00,4.1109715,4.1580353
2023-10-09 19:00:00,4.158922,4.136669
2023-10-09 20:00:00,4.163457,4.1209984
2023-10-09 21:00:00,4.0257225,4.0855875
2023-10-09 22:00:00,4.004708,3.9953642
2023-10-09 23:00:00,3.9588468,3.9922493
2023-10-10 00:00:00,4.047214,3.8489828
2023-10-10 01:00:00,3.9040837,3.919021
2023-10-10 02:00:00,4.3417554,4.0224266
2023-10-10 03:00:00,4.6184807,4.180837
2023-10-10 04:00:00,4.818256,4.3870707
2023-10-10 05:00:00,4.809951,4.522701
2023-10-10 06:00:00,4.457381,4.4818373
2023-10-10 07:00:00,4.383854,4.423013
2023-10-10 08:00:00,4.2816024,4.312711
2023-10-10 09:00:00,4.1696672,4.218706
2023-10-10 10:00:00,3.9960694,4.122457
2023-10-10 12:00:00,4.0046163,4.0729256
2023-10-10 13:00:00,3.8676097,3.9899883
2023-10-10 14:00:00,3.7734084,3.8484297
2023-10-10 15:00:00,4.084017,3.8428893
2023-10-10 16:00:00,4.4821563,4.0366864
2023-10-10 17:00:00,4.6852713,4.341318
2023-10-10 18:00:00,4.4411926,4.3322654
2023-10-10 19:00:00,4.3082395,4.4181194
2023-10-10 20:00:00,4.2050214,4.2782183
2023-10-10 21:00:00,4.0373416,4.146886
2023-10-10 22:00:00,3.9553375,4.0625477
2023-10-10 23:00:00,3.9340649,3.9832845
2023-10-11 00:00:00,3.886378,3.9748507
2023-10-11 01:00:00,3.7724562,3.88686
2023-10-11 02:00:00,3.8221464,3.8441782
2023-10-11 03:00:00,4.4680295,3.888067
2023-10-11 04:00:00,4.762372,4.152274
2023-10-11 05:00:00,5.00878,4.478977
2023-10-11 06:00:00,4.8935003,4.64638
2023-10-11 07:00:00,4.5090914,4.5608206
2023-10-11 08:00:00,4.411184,4.4064956
2023-10-11 09:00:00,4.2223406,4.2859716
2023-10-11 10:00:00,4.1356306,4.2128277
2023-10-11 11:00:00,3.9261687,4.0306706
2023-10-11 12:00:00,3.8457851,3.9519567
2023-10-11 13:00:00,3.8587897,3.8875022
2023-10-11 14:00:00,3.9254541,3.8560414
2023-10-11 15:00:00,4.0521555,3.8351643
2023-10-11 16:00:00,4.3710923,3.9184906
2023-10-11 17:00:00,4.5451283,4.1419964
2023-10-11 18:00:00,4.6889505,4.413095
2023-10-11 19:00:00,4.4623737,4.4726915
2023-10-11 20:00:00,4.3201375,4.3753014
2023-10-11 21:00:00,4.226294,4.3141165
2023-10-11 22:00:00,4.039247,4.200423
2023-10-11 23:00:00,3.9491017,4.0329247
2023-10-12 00:00:00,3.8664007,3.9485362
2023-10-12 01:00:00,3.8060412,3.872017
2023-10-12 02:00:00,3.7886713,3.8053975
2023-10-12 03:00:00,4.286178,3.841808
2023-10-12 04:00:00,4.679371,3.9561963
2023-10-12 05:00:00,5.0698605,4.41605
2023-10-12 06:00:00,5.056411,4.73625
2023-10-12 07:00:00,5.069585,4.811486
2023-10-12 08:00:00,4.6441426,4.6966295
2023-10-12 09:00:00,4.4706492,4.5364447
2023-10-12 10:00:00,4.185767,4.3258905
2023-10-12 11:00:00,4.0983315,4.257976
2023-10-12 12:00:00,3.9890757,4.1074305
2023-10-12 13:00:00,3.8479767,4.0124135
2023-10-12 15:00:00,3.9871392,3.9060965
2023-10-12 16:00:00,4.7322774,4.08551
2023-10-12 17:00:00,4.8848023,4.1755433
2023-10-12 18:00:00,5.103013,4.589899
2023-10-12 19:00:00,4.824944,4.7470803
2023-10-12 20:00:00,4.634988,4.6104293
2023-10-12 21:00:00,4.4885097,4.4373455
2023-10-12 22:00:00,4.43389,4.4339647
2023-10-12 23:00:00,4.2103763,4.2392783
2023-10-13 00:00:00,4.020867,4.127864
2023-10-13 01:00:00,3.9333637,4.051639
2023-10-13 02:00:00,3.9085326,3.9760585
2023-10-13 03:00:00,3.9135659,3.9288151
2023-10-13 04:00:00,4.779958,4.0472245
2023-10-13 05:00:00,5.100467,4.131889
2023-10-13 06:00:00,5.3744273,4.627337
2023-10-13 07:00:00,5.12289,4.6717496
2023-10-13 08:00:00,4.8833013,4.69967
2023-10-13 09:00:00,4.7014465,4.602876
2023-10-13 10:00:00,4.444576,4.5504956
2023-10-13 11:00:00,4.274929,4.3689966
2023-10-13 12:00:00,4.1885815,4.290879
2023-10-13 13:00:00,4.015328,4.1111975
2023-10-13 14:00:00,3.964374,4.0297985
2023-10-13 15:00:00,3.9795175,3.9847717
2023-10-13 16:00:00,4.3677926,3.9303422
2023-10-13 17:00:00,4.7789164,4.0200877
2023-10-13 18:00:00,5.0191293,4.296377
2023-10-13 19:00:00,5.0881605,4.5543222
2023-10-13 20:00:00,4.9675183,4.5396204
2023-10-13 21:00:00,4.616535,4.5722113
2023-10-13 22:00:00,4.4459248,4.432759
2023-10-13 23:00:00,4.279101,4.311437
2023-10-14 00:00:00,4.0974083,4.2137723
2023-10-14 01:00:00,4.005941,4.1300545
2023-10-14 02:00:00,3.8643801,3.9447327
2023-10-14 03:00:00,3.8700066,3.8802798
2023-10-14 04:00:00,4.1983213,3.8915815
2023-10-14 05:00:00,4.794633,4.038507
2023-10-14 06:00:00,5.260818,4.3449473
2023-10-14 07:00:00,5.2775497,4.6904116
2023-10-14 08:00:00,4.839352,4.668062
2023-10-14 09:00:00,4.6591477,4.626092
2023-10-14 10:00:00,4.407206,4.469578
2023-10-14 11:00:00,4.2598186,4.370385
2023-10-14 12:00:00,4.179862,4.2071266
2023-10-14 13:00:00,4.003792,4.1124024
2023-10-14 14:00:00,3.837735,3.9351969
2023-10-14 15:00:00,3.8358912,3.8801877
2023-10-14 16:00:00,4.2416477,3.909875
2023-10-14 17:00:00,4.714572,4.042538
2023-10-14 18:00:00,4.929433,4.198889
2023-10-14 19:00:00,5.162619,4.603171
2023-10-14 20:00:00,5.0268726,4.664098
2023-10-14 21:00:00,4.664585,4.5770035
2023-10-14 22:00:00,4.496559,4.492911
2023-10-14 23:00:00,4.3475695,4.3804836
2023-10-15 00:00:00,4.1701694,4.2764893
2023-10-15 01:00:00,3.992269,4.109283
2023-10-15 02:00:00,3.9103038,4.02994
2023-10-15 03:00:00,3.794397,3.8698502
2023-10-15 04:00:00,4.026192,3.8559468
2023-10-15 05:00:00,4.8035154,4.0536523
2023-10-15 06:00:00,4.974245,4.10831
2023-10-15 07:00:00,5.3724203,4.6521854
2023-10-15 08:00:00,5.175063,4.798218
2023-10-15 09:00:00,4.837879,4.6926646
2023-10-15 10:00:00,4.5492043,4.564598
2023-10-15 11:00:00,4.415139,4.380774
2023-10-15 12:00:00,4.252757,4.2809696
2023-10-15 13:00:00,4.072172,4.188929
2023-10-15 14:00:00,3.899183,4.019733
2023-10-15 15:00:00,3.7531636,3.8458853
2023-10-15 16:00:00,3.792984,3.8961248
2023-10-15 17:00:00,4.760371,4.0449586
2023-10-15 18:00:00,4.958229,4.106475
2023-10-15 19:00:00,5.3676887,4.487307
2023-10-15 20:00:00,5.1362715,4.7250996
2023-10-15 21:00:00,4.863713,4.725502
2023-10-15 22:00:00,4.6053195,4.590321
2023-10-15 23:00:00,4.384573,4.4522986
2023-10-16 01:00:00,4.2415996,4.354443
2023-10-16 02:00:00,4.070637,4.1892524
2023-10-16 03:00:00,3.8062735,3.9314332
2023-10-16 04:00:00,3.6067955,3.832348
2023-10-16 05:00:00,3.612315,3.7929823
2023-10-16 06:00:00,4.8576283,3.9656498
2023-10-16 07:00:00,5.571046,4.231265
2023-10-16 08:00:00,5.120549,4.5770073
2023-10-16 10:00:00,4.882527,4.708785
2023-10-16 11:00:00,4.568832,4.6338716
2023-10-16 12:00:00,4.1722975,4.3664365
2023-10-16 13:00:00,4.1574335,4.287666
2023-10-16 14:00:00,3.9900725,4.111848
2023-10-16 15:00:00,3.8146503,3.935085
2023-10-16 16:00:00,3.7407818,3.8428159
2023-10-16 17:00:00,3.6616974,3.759126
2023-10-16 18:00:00,4.896625,3.9312763
2023-10-16 19:00:00,5.745435,4.1731014
2023-10-16 20:00:00,5.363826,4.449583
2023-10-16 21:00:00,5.0989413,4.4746
2023-10-16 22:00:00,4.8714175,4.42257
2023-10-16 23:00:00,4.646209,4.3636775
2023-10-17 00:00:00,4.409898,4.2315836
2023-10-17 01:00:00,4.260448,4.3015876
2023-10-17 02:00:00,4.0746875,4.2148514
2023-10-17 03:00:00,3.986531,4.111105
2023-10-17 04:00:00,3.7408855,3.9002917
2023-10-17 05:00:00,3.8508828,3.8693857
2023-10-17 06:00:00,4.8753104,3.985859
2023-10-17 07:00:00,5.12304,4.0618033
2023-10-17 09:00:00,5.27834,4.576204
2023-10-17 10:00:00,4.914292,4.6970987
2023-10-17 11:00:00,4.545964,4.5248733
2023-10-17 12:00:00,4.3160906,4.3828745
2023-10-17 13:00:00,4.192163,4.311232
2023-10-17 14:00:00,4.0976586,4.308973
2023-10-17 15:00:00,3.8281574,4.0299864
2023-10-17 16:00:00,3.7442636,3.9459612
2023-10-17 17:00:00,3.7540455,3.7904751
2023-10-17 19:00:00,4.5261326,3.8584428
2023-10-17 20:00:00,5.3346996,4.089948
2023-10-17 21:00:00,5.8759995,4.997299
2023-10-17 22:00:00,5.0258346,4.8378253
2023-10-17 23:00:00,4.633494,4.689732
2023-10-18 00:00:00,4.423969,4.45809
2023-10-18 01:00:00,4.347971,4.397995
2023-10-18 02:00:00,4.195372,4.2088284
2023-10-18 03:00:00,3.985421,4.111315
2023-10-18 04:00:00,3.8127723,3.9272823
2023-10-18 05:00:00,3.769875,3.83495
2023-10-18 06:00:00,3.8847246,3.8250859
2023-10-18 07:00:00,4.9756265,4.115552
2023-10-18 08:00:00,5.0344706,4.3060484
2023-10-18 09:00:00,5.120921,4.57511
2023-10-18 10:00:00,4.8023486,4.589181
2023-10-18 11:00:00,4.4636393,4.527347
2023-10-18 12:00:00,4.3229694,4.3924665
2023-10-18 13:00:00,4.184263,4.2930183
2023-10-18 14:00:00,4.0114803,4.1160917
2023-10-18 15:00:00,3.9072773,4.0332556
2023-10-18 16:00:00,3.665155,3.9297223
2023-10-18 17:00:00,3.7949526,3.8101156
2023-10-18 18:00:00,4.1431055,3.814528
2023-10-18 19:00:00,4.729081,3.9650166
2023-10-18 20:00:00,5.2558646,4.283758
2023-10-18 21:00:00,5.19413,4.6837535
2023-10-18 22:00:00,5.1598687,4.752424
2023-10-18 23:00:00,4.791491,4.6452994
2023-10-19 00:00:00,4.5670495,4.5583715
2023-10-19 01:00:00,4.3313584,4.3577876
2023-10-19 02:00:00,4.166775,4.2611036
2023-10-19 03:00:00,4.074941,4.1168966
2023-10-19 04:00:00,3.9086623,4.00423
2023-10-19 05:00:00,3.7295673,3.9250915
2023-10-19 06:00:00,3.8405607,3.9208422
2023-10-19 07:00:00,4.3149896,3.9506469
2023-10-19 08:00:00,4.8162107,4.0715466
2023-10-19 09:00:00,5.0173864,4.401167
2023-10-19 10:00:00,4.8514256,4.4891334
2023-10-19 12:00:00,4.415255,4.4061823
2023-10-19 13:00:00,4.3111258,4.3439326
2023-10-19 14:00:00,3.8847759,4.1096725
2023-10-19 15:00:00,3.8028533,3.9554765
2023-10-19 16:00:00,3.6407723,3.8730392
2023-10-19 17:00:00,3.5840816,3.7124863
2023-10-19 18:00:00,3.6620142,3.649801
2023-10-19 19:00:00,4.0943375,3.8184566
2023-10-19 20:00:00,5.1120844,4.08635
2023-10-19 21:00:00,5.4395466,4.6157036
2023-10-19 22:00:00,5.0620956,4.6239076
2023-10-19 23:00:00,4.67907,4.582974
2023-10-20 00:00:00,4.615692,4.487365
2023-10-20 01:00:00,4.400354,4.363007
2023-10-20 02:00:00,4.2326126,4.2527437
2023-10-20 03:00:00,4.059328,4.0884266
2023-10-20 04:00:00,3.893122,4.0000777
2023-10-20 05:00:00,3.734709,3.9210148
2023-10-20 06:00:00,3.6741235,3.7863069
2023-10-20 07:00:00,4.0308805,3.8880546
2023-10-20 08:00:00,4.611821,3.9164448
2023-10-20 09:00:00,4.6959934,4.054018
2023-10-20 10:00:00,4.8258286,4.3578124
2023-10-20 11:00:00,4.6070147,4.4301467
2023-10-20 12:00:00,4.1821303,4.432409
2023-10-20 13:00:00,3.848628,4.2578926
2023-10-20 14:00:00,4.0073647,4.212448
2023-10-20 15:00:00,3.846833,3.9581134
2023-10-20 16:00:00,3.7422934,3.9424145
2023-10-20 17:00:00,3.701568,3.7905362
2023-10-20 18:00:00,3.688387,3.7139413
2023-10-20 19:00:00,3.9596124,3.789134
2023-10-20 20:00:00,4.478351,3.9349277
2023-10-20 21:00:00,4.8231897,4.109757
2023-10-20 22:00:00,4.963534,4.481548
2023-10-20 23:00:00,4.9853187,4.589051
2023-10-21 00:00:00,4.6266465,4.504468
2023-10-21 01:00:00,4.4403863,4.395639
2023-10-21 02:00:00,4.171017,4.264081
2023-10-21 03:00:00,4.115267,4.104468
2023-10-21 04:00:00,3.9179273,4.013957
2023-10-21 05:00:00,3.8447084,3.8587441
2023-10-21 06:00:00,3.6885567,3.7630725
2023-10-21 07:00:00,3.7606702,3.7319431
2023-10-21 08:00:00,4.0889034,3.8294587
2023-10-21 09:00:00,4.50238,3.9337626
2023-10-21 10:00:00,4.5029516,4.0387692
2023-10-21 11:00:00,4.440821,4.1801133
2023-10-21 12:00:00,4.018401,4.1386175
2023-10-21 13:00:00,3.910814,4.077856
2023-10-21 14:00:00,3.8643818,3.969427
2023-10-21 15:00:00,3.681374,3.8577607
2023-10-21 16:00:00,3.6802666,3.6976945
2023-10-21 17:00:00,3.524433,3.6825838
2023-10-21 18:00:00,3.4810426,3.7027519
2023-10-21 19:00:00,3.4896677,3.7300026
2023-10-21 20:00:00,3.9815226,3.7526495
2023-10-21 21:00:00,4.302396,3.8284671
2023-10-21 22:00:00,4.8214226,4.119495
2023-10-21 23:00:00,4.7577505,4.334342
2023-10-22 00:00:00,4.465906,4.35485
2023-10-22 01:00:00,4.3129864,4.2434664
2023-10-22 02:00:00,4.1563005,4.183999
2023-10-22 03:00:00,3.9751728,4.004474
2023-10-22 04:00:00,3.8961327,3.8606484
2023-10-22 05:00:00,3.7457926,3.77507
2023-10-22 06:00:00,3.6579916,3.6892045
2023-10-22 07:00:00,3.4736462,3.6324072
2023-10-22 08:00:00,3.5528684,3.644397
2023-10-22 09:00:00,3.8283327,3.71778
2023-10-22 10:00:00,4.156942,3.7980776
2023-10-22 11:00:00,4.066734,3.778845
2023-10-22 12:00:00,4.051874,3.755072
2023-10-22 13:00:00,3.8676572,3.8693604
2023-10-22 14:00:00,3.6502104,3.8033333
2023-10-22 15:00:00,3.556428,3.6754808
2023-10-22 16:00:00,3.5220888,3.5869977
2023-10-22 17:00:00,3.4387324,3.5883687
2023-10-22 18:00:00,3.4175942,3.5370104
2023-10-22 19:00:00,3.3803332,3.6220477
2023-10-22 20:00:00,3.4954896,3.6637666
2023-10-22 21:00:00,3.678489,3.6951363
2023-10-22 22:00:00,4.184626,3.6978357
2023-10-22 23:00:00,4.443799,3.9307723
2023-10-23 00:00:00,4.475604,4.175258
2023-10-23 01:00:00,4.5263257,4.2881203
2023-10-23 02:00:00,4.1667075,4.2238264
2023-10-23 03:00:00,4.0886874,4.1798244
2023-10-23 04:00:00,3.891721,3.989799
2023-10-23 05:00:00,3.8314955,3.9285874
2023-10-23 06:00:00,3.7828364,3.792992
2023-10-23 07:00:00,3.6834192,3.6962893
2023-10-23 08:00:00,3.4983742,3.6791916
2023-10-23 09:00:00,3.5497494,3.6442628
2023-10-23 10:00:00,3.7488127,3.706185
2023-10-23 11:00:00,3.8540018,3.7527378
2023-10-23 12:00:00,3.9036286,3.8588276
2023-10-23 13:00:00,3.8425856,3.7490299
2023-10-23 14:00:00,3.869048,3.7193267
2023-10-23 15:00:00,3.6254637,3.6554568
2023-10-23 16:00:00,3.4740415,3.605648
2023-10-23 17:00:00,3.4090776,3.5930598
2023-10-23 18:00:00,3.5507033,3.5454605
2023-10-23 19:00:00,3.462659,3.5379465
2023-10-23 20:00:00,3.486655,3.5493848
2023-10-23 21:00:00,3.41655,3.5541878
2023-10-23 22:00:00,3.5480492,3.5796149
2023-10-23 23:00:00,3.9049156,3.6422837
2023-10-24 00:00:00,4.0590234,3.6658282
2023-10-24 01:00:00,4.2764444,3.8861194
2023-10-24 02:00:00,4.379105,4.0610905
2023-10-24 03:00:00,4.3901,4.1843657
2023-10-24 04:00:00,4.0214477,4.136459
2023-10-24 05:00:00,3.9513574,4.011685
2023-10-24 06:00:00,3.8682568,3.9153233
2023-10-24 07:00:00,3.667522,3.7489636
2023-10-24 08:00:00,3.5970182,3.6762578
2023-10-24 09:00:00,3.5180135,3.6895602
2023-10-24 10:00:00,3.4825637,3.6234603
2023-10-24 11:00:00,3.5224361,3.5361235
2023-10-24 12:00:00,3.3748856,3.5250123
2023-10-24 13:00:00,3.7602885,3.4267454
2023-10-24 14:00:00,3.7804253,3.5005608
2023-10-24 15:00:00,3.7542999,3.660498
2023-10-24 16:00:00,3.9292498,3.762655
2023-10-24 17:00:00,3.950224,3.8019192
2023-10-24 18:00:00,3.5563092,3.7941446
2023-10-24 19:00:00,3.4695146,3.6688938
2023-10-24 20:00:00,3.5085971,3.5149732
2023-10-24 21:00:00,3.4522672,3.5077875
2023-10-24 22:00:00,3.3297532,3.4570484
2023-10-24 23:00:00,3.3391566,3.4131718
2023-10-25 00:00:00,3.398814,3.5194035
2023-10-25 01:00:00,3.826042,3.645999
2023-10-25 02:00:00,4.105607,3.7057304
2023-10-25 03:00:00,4.4460588,3.9596734
2023-10-25 04:00:00,4.547235,4.2150707
2023-10-25 05:00:00,4.297085,4.32146
2023-10-25 06:00:00,4.219433,4.217957
2023-10-25 07:00:00,3.8754513,3.953427
2023-10-25 08:00:00,3.7869573,3.869149
2023-10-25 09:00:00,3.6297202,3.727813
2023-10-25 10:00:00,3.436164,3.6575155
2023-10-25 11:00:00,3.3536103,3.5687099
2023-10-25 12:00:00,3.3907652,3.4840932
2023-10-25 13:00:00,3.4463925,3.439328
2023-10-25 14:00:00,3.6065211,3.4077833
2023-10-25 15:00:00,3.914645,3.4267101
2023-10-25 16:00:00,3.9606102,3.7156053
2023-10-25 17:00:00,4.1753244,3.9290457
2023-10-25 18:00:00,4.1851535,3.6545002
2023-10-25 19:00:00,3.8641405,3.5869868
2023-10-25 20:00:00,3.8013809,3.5274467
2023-10-25 21:00:00,3.6067526,3.55793
2023-10-25 22:00:00,3.464929,3.5052788
2023-10-25 23:00:00,3.3533716,3.4943123
2023-10-26 00:00:00,3.255757,3.492477
2023-10-26 01:00:00,3.1572108,3.4507792
2023-10-26 02:00:00,3.7347052,3.6005738
2023-10-26 03:00:00,4.333043,3.7409542
2023-10-26 04:00:00,4.7386346,3.9928124
2023-10-26 05:00:00,4.744498,4.415647
2023-10-26 06:00:00,4.5534563,4.4468226
2023-10-26 07:00:00,4.241844,4.345997
2023-10-26 08:00:00,3.990421,4.097565
2023-10-26 09:00:00,3.8325233,3.9412975
2023-10-26 10:00:00,3.677218,3.8010688
2023-10-26 11:00:00,3.5089152,3.7319078
2023-10-26 12:00:00,3.310016,3.6164365
2023-10-26 13:00:00,3.3292377,3.6207762
2023-10-26 14:00:00,3.7088375,3.7084377
2023-10-26 15:00:00,4.084463,3.8179336
2023-10-26 16:00:00,4.1983047,3.8582938
2023-10-26 17:00:00,4.394968,4.1566834
2023-10-26 18:00:00,4.5411377,4.383738
2023-10-26 19:00:00,4.204588,4.3823285
2023-10-26 20:00:00,3.9939787,4.173869
2023-10-26 21:00:00,3.8376758,3.9745312
2023-10-26 22:00:00,3.6878374,3.8192582
2023-10-26 23:00:00,3.5363605,3.678876
2023-10-27 00:00:00,3.4097176,3.617445
2023-10-27 01:00:00,3.2647357,3.6113997
2023-10-27 02:00:00,3.3055184,3.6443586
2023-10-27 03:00:00,3.993781,3.711253
2023-10-27 04:00:00,4.2866373,3.7857068
2023-10-27 05:00:00,4.879698,4.2866826
2023-10-27 07:00:00,4.8558254,4.5592103
2023-10-27 08:00:00,4.4815936,4.5076017
2023-10-27 09:00:00,4.029773,4.2204466
2023-10-27 10:00:00,3.8122451,3.940855
2023-10-27 11:00:00,3.6670473,3.8025944
2023-10-27 12:00:00,3.5763927,3.752477
2023-10-27 13:00:00,3.404398,3.6183934
2023-10-27 14:00:00,3.169803,3.4359307
2023-10-27 15:00:00,3.3749394,3.6090004
2023-10-27 16:00:00,4.3497505,3.8860793
2023-10-27 17:00:00,4.907115,4.02283
2023-10-27 18:00:00,4.939335,4.5540466
2023-10-27 19:00:00,4.873656,4.6884475
2023-10-27 20:00:00,4.365194,4.4834485
2023-10-27 21:00:00,4.220131,4.3071346
2023-10-27 22:00:00,4.012294,4.116454
2023-10-27 23:00:00,3.8361037,3.9417698
2023-10-28 00:00:00,3.6654544,3.7932925
2023-10-28 01:00:00,3.4922016,3.7356195
2023-10-28 02:00:00,3.3273578,3.6779683
2023-10-28 03:00:00,3.517979,3.743629
2023-10-28 04:00:00,4.502305,3.9773192
2023-10-28 05:00:00,4.7490506,4.047055
2023-10-28 06:00:00,5.002588,4.352563
2023-10-28 07:00:00,4.961825,4.5219603
2023-10-28 08:00:00,4.5699234,4.48693
2023-10-28 09:00:00,4.177837,4.3370275
2023-10-28 10:00:00,4.083606,4.240972
2023-10-28 11:00:00,3.848835,3.991208
2023-10-28 12:00:00,3.650976,3.9120433
2023-10-28 13:00:00,3.4568048,3.7585983
2023-10-28 14:00:00,3.3380167,3.6836083
2023-10-28 15:00:00,3.4688172,3.723467
2023-10-28 16:00:00,4.369561,3.9248803
2023-10-28 17:00:00,4.3349214,3.846996
2023-10-28 18:00:00,4.9698453,4.3709345
2023-10-28 19:00:00,4.893797,4.554798
2023-10-28 20:00:00,4.656545,4.543944
2023-10-28 21:00:00,4.327647,4.36437
2023-10-28 22:00:00,4.10456,4.235979
2023-10-28 23:00:00,3.9075181,4.063527
2023-10-29 00:00:00,3.754661,3.9216456
2023-10-29 01:00:00,3.5676553,3.8506422
2023-10-29 02:00:00,3.369559,3.7591376
2023-10-29 03:00:00,3.3670218,3.7067907
2023-10-29 04:00:00,3.8623822,3.8376236
2023-10-29 05:00:00,4.297776,3.9357843
2023-10-29 06:00:00,4.8820267,4.1644907
2023-10-29 07:00:00,4.9828987,4.4999413
2023-10-29 08:00:00,4.686415,4.4944525
2023-10-29 09:00:00,4.4283204,4.328699
2023-10-29 10:00:00,4.209917,4.3387
2023-10-29 11:00:00,3.9933584,4.16531
2023-10-29 12:00:00,3.8347757,3.9219906
2023-10-29 13:00:00,3.6485069,3.8433638
2023-10-29 14:00:00,3.3910377,3.751519
2023-10-29 15:00:00,3.291702,3.6865475
2023-10-29 16:00:00,3.5566895,3.768901
2023-10-29 17:00:00,4.633271,3.9964628
2023-10-29 18:00:00,4.9081235,3.863396
2023-10-29 19:00:00,5.2068543,4.5803328
2023-10-29 20:00:00,5.0567045,4.7167854
2023-10-29 21:00:00,4.6616297,4.630069
2023-10-29 22:00:00,4.3783355,4.490099
2023-10-29 23:00:00,4.1315064,4.297099
2023-10-30 00:00:00,4.0051475,4.1393747
2023-10-30 01:00:00,3.843157,4.0080523
2023-10-30 02:00:00,3.665223,3.8407588
2023-10-30 03:00:00,3.456462,3.7391415
2023-10-30 04:00:00,3.4147613,3.771801
2023-10-30 05:00:00,4.4408574,4.0181813
2023-10-30 06:00:00,4.56556,3.97006
2023-10-30 07:00:00,5.2174177,4.4141893
2023-10-30 08:00:00,4.9227147,4.537817
2023-10-30 09:00:00,4.618617,4.525491
2023-10-30 10:00:00,4.343777,4.469485
2023-10-30 11:00:00,4.146529,4.2597284
2023-10-30 12:00:00,3.9347403,4.0755053
2023-10-30 13:00:00,3.7592647,3.9270241
2023-10-30 14:00:00,3.5849006,3.7751882
2023-10-30 15:00:00,3.3982446,3.6892495
2023-10-30 16:00:00,3.4581058,3.6523137
2023-10-30 17:00:00,4.218919,3.8935752
2023-10-30 18:00:00,4.379401,3.937721
2023-10-30 19:00:00,5.075949,4.2989154
2023-10-30 20:00:00,5.106206,4.69239
2023-10-30 21:00:00,4.9187875,4.6858773
2023-10-30 22:00:00,4.6679206,4.575703
2023-10-30 23:00:00,4.38605,4.40068
2023-10-31 00:00:00,4.1751933,4.219112
2023-10-31 01:00:00,3.9382472,4.0578594
2023-10-31 02:00:00,3.7474277,3.9148998
2023-10-31 03:00:00,3.5698352,3.8280504
2023-10-31 04:00:00,3.3743527,3.7478714
2023-10-31 05:00:00,3.5843844,3.8453083
2023-10-31 06:00:00,4.6156917,3.9708173
2023-10-31 07:00:00,4.9405994,4.0625362
2023-10-31 08:00:00,4.9582324,4.4226317
2023-10-31 09:00:00,4.7084074,4.5459967
2023-10-31 10:00:00,4.3499594,4.442697
2023-10-31 11:00:00,4.078844,4.255002
2023-10-31 12:00:00,3.9087915,4.1606646
2023-10-31 13:00:00,3.768615,3.933
2023-10-31 14:00:00,3.5933537,3.8523786
2023-10-31 15:00:00,3.3821328,3.687528
2023-10-31 16:00:00,3.3472946,3.6378083
2023-10-31 17:00:00,3.6954648,3.7745714
2023-10-31 18:00:00,4.3774037,3.9556646
2023-10-31 19:00:00,4.750889,4.048665
2023-10-31 20:00:00,5.1159945,4.4807158
2023-10-31 21:00:00,5.0319033,4.620097
2023-10-31 22:00:00,4.631934,4.558014
2023-10-31 23:00:00,4.450287,4.440569
2023-11-01 00:00:00,4.155581,4.3028255
2023-11-01 01:00:00,4.0031915,4.139254
2023-11-01 02:00:00,3.830849,3.9184952
2023-11-01 03:00:00,3.6627884,3.8398645
2023-11-01 04:00:00,3.4576225,3.7494383
2023-11-01 05:00:00,3.373466,3.7892413
2023-11-01 06:00:00,3.7703846,3.900413
2023-11-01 07:00:00,5.067667,4.0752125
2023-11-01 08:00:00,4.890623,4.053428
2023-11-01 09:00:00,4.7754927,4.280029
2023-11-01 10:00:00,4.3996034,4.3050547
2023-11-01 11:00:00,4.0040717,4.235449
2023-11-01 12:00:00,3.8740573,4.0154333
2023-11-01 13:00:00,3.7488725,3.9246264
2023-11-01 14:00:00,3.571398,3.7692206
2023-11-01 15:00:00,3.4020164,3.6246438
2023-11-01 16:00:00,3.2804868,3.535896
2023-11-01 17:00:00,3.2516785,3.6120837
2023-11-01 18:00:00,3.9647024,3.779605
2023-11-01 19:00:00,4.7976604,4.062404
2023-11-01 20:00:00,4.8130746,4.0786476
2023-11-01 21:00:00,4.981394,4.417733
2023-11-01 22:00:00,4.8260856,4.532664
2023-11-01 23:00:00,4.4267826,4.411308
2023-11-02 00:00:00,4.2061,4.2181535
2023-11-02 01:00:00,3.9700758,4.1057506
2023-11-02 02:00:00,3.7035346,3.870687
2023-11-02 03:00:00,3.6100056,3.8275807
2023-11-02 04:00:00,3.44641,3.765546
2023-11-02 05:00:00,3.3157685,3.765085
2023-11-02 06:00:00,3.3548563,3.7314124
2023-11-02 07:00:00,4.5633206,3.959367
2023-11-02 08:00:00,4.6583824,4.013857
2023-11-02 09:00:00,4.573339,4.0832505
2023-11-02 10:00:00,4.3854465,4.1733923
2023-11-02 11:00:00,3.9828415,4.1124015
2023-11-02 12:00:00,3.7756782,4.0207744
2023-11-02 13:00:00,3.6573153,3.624201
2023-11-02 14:00:00,3.4875474,3.6706326
2023-11-02 15:00:00,3.3250854,3.5651376
2023-11-02 16:00:00,3.167742,3.4696417
2023-11-02 17:00:00,3.2914786,3.5525281
2023-11-02 18:00:00,3.3487136,3.673254
2023-11-02 19:00:00,4.4531093,3.8985178
2023-11-02 20:00:00,4.6063037,3.9392352
2023-11-02 21:00:00,4.8277164,4.244756
2023-11-02 22:00:00,4.6727967,4.364799
2023-11-02 23:00:00,4.4827,4.3723187
2023-11-03 00:00:00,4.2413154,4.2494454
2023-11-03 01:00:00,3.989262,4.098942
2023-11-03 02:00:00,3.8253865,3.8688035
2023-11-03 03:00:00,3.6450217,3.816279
2023-11-03 04:00:00,3.4790282,3.7553494
2023-11-03 05:00:00,3.2835732,3.6769128
2023-11-03 06:00:00,3.3127165,3.7092373
2023-11-03 07:00:00,3.623578,3.799128
2023-11-03 08:00:00,4.449675,3.8743198
2023-11-03 09:00:00,4.335565,3.867902
2023-11-03 10:00:00,4.196317,3.913713
2023-11-03 11:00:00,3.962322,4.0016403
2023-11-03 12:00:00,3.7304382,3.9944217
2023-11-03 13:00:00,3.5368176,3.7648592
2023-11-03 14:00:00,3.4977603,3.677842
2023-11-03 15:00:00,3.2298748,3.5394282
2023-11-03 16:00:00,3.1931822,3.537398
2023-11-03 17:00:00,3.2071497,3.5551112
2023-11-03 18:00:00,3.1790724,3.5566268
2023-11-03 19:00:00,3.5006597,3.6975284
2023-11-03 20:00:00,4.3701534,3.7970366
2023-11-03 21:00:00,4.708566,3.9611323
2023-11-03 22:00:00,4.708797,4.2677474
2023-11-03 23:00:00,4.614154,4.4004927
2023-11-04 00:00:00,4.2341,4.3771496
2023-11-04 01:00:00,4.0510516,4.206701
2023-11-04 02:00:00,3.8975,4.0360274
2023-11-04 03:00:00,3.7493513,3.8177786
2023-11-04 04:00:00,3.5627475,3.7471857
2023-11-04 05:00:00,3.4925559,3.6896064
2023-11-04 06:00:00,3.3589783,3.6839151
2023-11-04 07:00:00,3.466812,3.6462486
2023-11-04 08:00:00,3.8928888,3.7431986
2023-11-04 09:00:00,4.2093573,3.8402302
2023-11-04 11:00:00,4.1425757,3.835102
2023-11-04 12:00:00,3.9547863,3.9469922
2023-11-04 13:00:00,3.7231562,3.9424582
2023-11-04 14:00:00,3.4869637,3.677331
2023-11-04 15:00:00,3.3506174,3.5725873
2023-11-04 16:00:00,3.2857163,3.5334468
2023-11-04 17:00:00,3.2748215,3.5304475
2023-11-04 18:00:00,3.278712,3.5447938
2023-11-04 19:00:00,3.3083756,3.5548022
2023-11-04 20:00:00,3.8873923,3.66603
2023-11-04 21:00:00,4.431023,3.7934713
2023-11-04 22:00:00,4.5611367,4.0855002
2023-11-04 23:00:00,4.5184603,4.270395
2023-11-05 00:00:00,4.3295207,4.292768
2023-11-05 01:00:00,4.135029,4.26747
2023-11-05 02:00:00,3.9333503,4.0526624
2023-11-05 03:00:00,3.7641647,3.8055933
2023-11-05 04:00:00,3.5886934,3.737976
2023-11-05 05:00:00,3.5088804,3.6761093
2023-11-05 06:00:00,3.4631827,3.6237967
2023-11-05 07:00:00,3.3604705,3.6171525
2023-11-05 08:00:00,3.5505652,3.6747644
2023-11-05 09:00:00,3.637325,3.7254438
2023-11-05 10:00:00,3.8977385,3.7965822
2023-11-05 11:00:00,3.5635815,3.7289312
2023-11-05 12:00:00,3.6266139,3.6161814
2023-11-05 13:00:00,3.4667366,3.6403077
2023-11-05 14:00:00,3.3680062,3.6212173
2023-11-05 15:00:00,3.2728307,3.5982387
2023-11-05 16:00:00,3.2028975,3.588458
2023-11-05 18:00:00,3.2417073,3.529578
2023-11-05 19:00:00,3.244973,3.5433195
2023-11-05 20:00:00,3.2235348,3.5563064
2023-11-05 21:00:00,3.5074074,3.6095018
2023-11-05 22:00:00,4.016083,3.7012484
2023-11-05 23:00:00,4.168913,3.7912426
2023-11-06 00:00:00,4.261202,3.9598093
2023-11-06 01:00:00,3.8452659,3.9269056
2023-11-06 02:00:00,3.7415845,3.868721
2023-11-06 03:00:00,3.5420563,3.6698565
2023-11-06 04:00:00,3.4649076,3.5907598
2023-11-06 05:00:00,3.3995254,3.535545
2023-11-06 06:00:00,3.216482,3.5260885
2023-11-06 07:00:00,3.1717896,3.5291555
2023-11-06 08:00:00,3.1801121,3.5435224
2023-11-06 09:00:00,3.1781144,3.5504334
2023-11-06 10:00:00,3.035894,3.5487356
2023-11-06 11:00:00,2.979331,3.4660902
2023-11-06 12:00:00,2.9977894,3.4543643
2023-11-06 13:00:00,3.2144396,3.4778743
2023-11-06 14:00:00,3.0779195,3.4575136
2023-11-06 15:00:00,3.2161758,3.4671354
2023-11-06 16:00:00,2.8923006,3.4293144
2023-11-06 17:00:00,3.1314654,3.3875952
2023-11-06 18:00:00,2.9711323,3.45114
2023-11-06 19:00:00,3.0124135,3.471837
2023-11-06 20:00:00,3.0384858,3.4755385
2023-11-06 21:00:00,3.085446,3.477017
2023-11-06 22:00:00,3.3448389,3.5125248
2023-11-06 23:00:00,2.9663787,3.463698
2023-11-07 00:00:00,3.7324257,3.3444264
2023-11-07 01:00:00,3.92714,3.6678975
2023-11-07 02:00:00,4.059548,3.9454165
2023-11-07 03:00:00,3.781761,3.9159892
2023-11-07 04:00:00,3.7021613,3.8613422
2023-11-07 05:00:00,3.694111,3.7740653
2023-11-07 06:00:00,3.5025764,3.6624706
2023-11-07 07:00:00,3.4225087,3.592717
2023-11-07 08:00:00,3.3420286,3.5310504
2023-11-07 09:00:00,3.2087536,3.4777977
2023-11-07 10:00:00,3.243165,3.4731991
2023-11-07 11:00:00,3.2198117,3.5362017
2023-11-07 12:00:00,3.1713498,3.570032
2023-11-07 13:00:00,3.1104624,3.4835443
2023-11-07 14:00:00,3.461176,3.5136569
2023-11-07 15:00:00,3.6025655,3.535921
2023-11-07 16:00:00,3.338164,3.4665728
2023-11-07 17:00:00,3.506381,3.4194026
2023-11-07 18:00:00,3.151344,3.4215078
2023-11-07 19:00:00,3.061209,3.3734984
2023-11-07 20:00:00,3.1199243,3.374802
2023-11-07 21:00:00,3.022205,3.4390821
2023-11-07 22:00:00,2.9393945,3.4419143
2023-11-07 23:00:00,3.1010964,3.4539158
2023-11-08 00:00:00,3.0450177,3.448054
2023-11-08 01:00:00,3.3356242,3.4169476
2023-11-08 02:00:00,3.8577783,3.3470807
2023-11-08 03:00:00,3.9966464,3.489959
2023-11-08 04:00:00,3.911697,3.7321324
2023-11-08 05:00:00,3.473976,3.616822
2023-11-08 06:00:00,3.3475358,3.490473
2023-11-08 07:00:00,3.153657,3.4185815
2023-11-08 08:00:00,3.0640957,3.377814
2023-11-08 09:00:00,3.0578253,3.385276
2023-11-08 10:00:00,2.9048154,3.4195926
2023-11-08 11:00:00,2.8744886,3.4128494
2023-11-08 12:00:00,2.7970347,3.399082
2023-11-08 13:00:00,2.9146178,3.4265049
2023-11-08 14:00:00,3.4269528,3.5258934
2023-11-08 15:00:00,3.611648,3.5621345
2023-11-08 16:00:00,3.8086312,3.564393
2023-11-08 17:00:00,3.8518615,3.6192496
2023-11-08 18:00:00,3.7523632,3.6558247
2023-11-08 19:00:00,3.4757788,3.6011145
2023-11-08 20:00:00,3.2636328,3.4942799
2023-11-08 21:00:00,3.079342,3.4246068
2023-11-08 22:00:00,2.960442,3.4258306
2023-11-08 23:00:00,2.9508517,3.455096
2023-11-09 00:00:00,2.779716,3.392685
2023-11-09 01:00:00,2.8152812,3.4419203
2023-11-09 02:00:00,3.7913563,3.59248
2023-11-09 03:00:00,4.0970016,3.6550798
2023-11-09 04:00:00,4.3910336,3.6847007
2023-11-09 05:00:00,4.2304096,3.5770543
2023-11-09 06:00:00,3.8343654,3.4648247
2023-11-09 07:00:00,3.7168002,3.4574137
2023-11-09 08:00:00,3.4500132,3.4466236
2023-11-09 09:00:00,3.3056512,3.4446862
2023-11-09 10:00:00,3.184458,3.4873543
2023-11-09 11:00:00,3.0191436,3.444594
2023-11-09 12:00:00,2.9757404,3.444068
2023-11-09 13:00:00,2.956645,3.446473
2023-11-09 14:00:00,3.4072948,3.471284
2023-11-09 15:00:00,3.9720862,3.4642541
2023-11-09 16:00:00,4.1872487,3.4940088
2023-11-09 17:00:00,4.1105437,3.926247
2023-11-09 18:00:00,4.1575785,4.1680465
2023-11-09 19:00:00,3.8931766,4.1140575
2023-11-09 20:00:00,3.6928322,3.8682773
2023-11-09 21:00:00,3.5222208,3.6870706
2023-11-09 22:00:00,3.3762527,3.56246
2023-11-09 23:00:00,3.1973536,3.5267699
2023-11-10 00:00:00,3.0311635,3.521904
2023-11-10 01:00:00,2.9627442,3.4805481
2023-11-10 02:00:00,3.1206088,3.48749
2023-11-10 03:00:00,4.3252716,3.6107514
2023-11-10 04:00:00,4.674986,3.8095002
2023-11-10 05:00:00,4.5565267,4.1227536
2023-11-10 06:00:00,4.30846,4.2381988
2023-11-10 07:00:00,4.027642,4.1476345
2023-11-10 08:00:00,3.7560592,3.9480002
2023-11-10 09:00:00,3.5195177,3.683589
2023-11-10 10:00:00,3.3596745,3.5723214
2023-11-10 11:00:00,3.28488,3.5791848
2023-11-10 12:00:00,3.1826916,3.5350978
2023-11-10 13:00:00,3.1984854,3.5336795
2023-11-10 14:00:00,3.7688518,3.538574
2023-11-10 15:00:00,4.313995,3.76065
2023-11-10 16:00:00,4.5523963,4.0247483
2023-11-10 17:00:00,4.6982746,4.5695915
2023-11-10 18:00:00,4.5874605,4.6642146
2023-11-10 19:00:00,4.423875,4.633386
2023-11-10 20:00:00,4.2623706,4.3589396
2023-11-10 21:00:00,4.0052795,4.0890617
2023-11-10 22:00:00,3.8335912,3.9483795
2023-11-10 23:00:00,3.6565192,3.7390363
2023-11-11 00:00:00,3.4772635,3.6740835
2023-11-11 01:00:00,3.397187,3.6758888
2023-11-11 02:00:00,3.3583336,3.6480396
2023-11-11 03:00:00,4.1823635,3.8411055
2023-11-11 04:00:00,4.675714,3.9759018
2023-11-11 05:00:00,4.9027905,4.214782
2023-11-11 06:00:00,4.6461153,4.3351727
2023-11-11 07:00:00,4.347507,4.335738
2023-11-11 08:00:00,4.0197816,4.182061
2023-11-11 09:00:00,3.9077363,3.9834595
2023-11-11 10:00:00,3.6611674,3.8071723
2023-11-11 11:00:00,3.4885585,3.739168
2023-11-11 12:00:00,3.3033066,3.6113493
2023-11-11 13:00:00,3.1440554,3.6014352
2023-11-11 14:00:00,3.2688744,3.6250737
2023-11-11 15:00:00,3.8223712,3.761429
2023-11-11 16:00:00,4.508429,3.9092016
2023-11-11 17:00:00,4.695654,3.8698082
2023-11-11 18:00:00,4.569503,4.238006
2023-11-11 19:00:00,4.439621,4.307111
2023-11-11 20:00:00,4.080005,4.293953
2023-11-11 21:00:00,3.8415403,4.0522556
2023-11-11 22:00:00,3.60934,3.870282
2023-11-11 23:00:00,3.4573572,3.6583014
2023-11-12 00:00:00,3.2897236,3.6088119
2023-11-12 01:00:00,3.0787756,3.5996022
2023-11-12 02:00:00,3.0654023,3.5632546
2023-11-12 03:00:00,3.1843414,3.5662553
2023-11-12 04:00:00,4.466236,3.8172677
2023-11-12 05:00:00,4.700253,3.8998733
2023-11-12 06:00:00,4.670487,4.234294
2023-11-12 07:00:00,4.4092636,4.2488127
2023-11-12 08:00:00,3.978871,4.211789
2023-11-12 09:00:00,3.8159878,3.9701252
2023-11-12 10:00:00,3.6044908,3.7878203
2023-11-12 11:00:00,3.4460075,3.646149
2023-11-12 12:00:00,3.1798222,3.586128
2023-11-12 13:00:00,3.0003383,3.539358
2023-11-12 14:00:00,2.9303317,3.541764
2023-11-12 15:00:00,3.1730232,3.5754187
2023-11-12 16:00:00,4.339198,3.8025212
2023-11-12 17:00:00,4.5242114,3.8535929
2023-11-12 18:00:00,4.83872,4.2028728
2023-11-12 19:00:00,4.6010213,4.312666
2023-11-12 20:00:00,4.1802526,4.261701
2023-11-12 21:00:00,3.908373,4.1243978
2023-11-12 22:00:00,3.7152622,3.9357
2023-11-12 23:00:00,3.4035268,3.7017238
2023-11-13 00:00:00,3.3218074,3.6607337
2023-11-13 01:00:00,3.179075,3.6008399
2023-11-13 02:00:00,2.973891,3.5490165
2023-11-13 03:00:00,3.0323641,3.5596874
2023-11-13 04:00:00,3.3132153,3.6220462
2023-11-13 05:00:00,4.447413,3.828295
2023-11-13 06:00:00,4.6313996,3.7955534
2023-11-13 07:00:00,4.4832006,4.2613945
2023-11-13 08:00:00,3.9945886,4.2384186
2023-11-13 09:00:00,3.7804918,4.078249
2023-11-13 10:00:00,3.5476592,3.7850816
2023-11-13 11:00:00,3.5182896,3.5831888
2023-11-13 12:00:00,3.2745018,3.49173
2023-11-13 13:00:00,3.0492396,3.4440188
2023-11-13 14:00:00,2.998138,3.4398358
2023-11-13 15:00:00,2.9461255,3.479306
2023-11-13 16:00:00,3.224105,3.5992963
2023-11-13 17:00:00,4.4672294,3.8656425
2023-11-13 18:00:00,4.799001,3.9489572
2023-11-13 19:00:00,4.705804,4.318093
2023-11-13 20:00:00,4.641342,4.43158
2023-11-13 21:00:00,4.113243,4.247987
2023-11-13 22:00:00,3.8489773,4.0502152
2023-11-13 23:00:00,3.6592293,3.8955224
2023-11-14 00:00:00,3.4330792,3.687433
2023-11-14 01:00:00,3.3273733,3.6525645
2023-11-14 02:00:00,3.1920092,3.5652902
2023-11-14 03:00:00,2.992047,3.552999
2023-11-14 04:00:00,3.1533058,3.5717628
2023-11-14 05:00:00,4.5492587,3.8494678
2023-11-14 06:00:00,4.4938893,3.8548467
2023-11-14 07:00:00,4.6702824,3.9844506
2023-11-14 08:00:00,4.4572225,4.2208295
2023-11-14 09:00:00,3.8050299,4.1571655
2023-11-14 10:00:00,3.6971586,3.9798052
2023-11-14 11:00:00,3.5004337,3.7858193
2023-11-14 12:00:00,3.3297253,3.5726829
2023-11-14 13:00:00,3.1627877,3.4851317
2023-11-14 14:00:00,2.9270422,3.4795375
2023-11-14 15:00:00,2.9118025,3.5264666
2023-11-14 16:00:00,2.995271,3.5465236
2023-11-14 17:00:00,4.307377,3.712888
2023-11-14 18:00:00,4.446839,3.8432596
2023-11-14 19:00:00,4.9242024,4.0611844
2023-11-14 20:00:00,4.741093,4.3687496
2023-11-14 21:00:00,4.2908325,4.388294
2023-11-14 22:00:00,3.9983907,4.2040377
2023-11-14 23:00:00,3.7807512,3.9832299
2023-11-15 00:00:00,3.5729005,3.8427138
2023-11-15 01:00:00,3.4201868,3.7275949
2023-11-15 02:00:00,3.2590046,3.66665
2023-11-15 03:00:00,3.0731604,3.6029847
2023-11-15 04:00:00,2.9675055,3.5595937
2023-11-15 05:00:00,3.3797207,3.60899
2023-11-15 06:00:00,4.5883994,3.848097
2023-11-15 07:00:00,4.692353,3.904654
2023-11-15 08:00:00,4.557294,4.1884055
2023-11-15 09:00:00,4.3460517,4.22979
2023-11-15 10:00:00,3.8583078,4.1946125
2023-11-15 11:00:00,3.719317,3.9741662
2023-11-15 12:00:00,3.515518,3.720084
2023-11-15 13:00:00,3.2548969,3.5807993
2023-11-15 14:00:00,3.125693,3.5013938
2023-11-15 15:00:00,2.967483,3.5308592
2023-11-15 16:00:00,2.987582,3.5392404
2023-11-15 17:00:00,3.4938188,3.623796
2023-11-15 18:00:00,4.632179,3.9586604
2023-11-15 19:00:00,4.9490175,3.9726098
2023-11-15 20:00:00,4.887863,4.3424172
2023-11-15 21:00:00,4.658648,4.42973
2023-11-15 22:00:00,4.28961,4.37624
2023-11-15 23:00:00,4.15496,4.2862215
2023-11-16 00:00:00,3.8497722,4.007324
2023-11-16 01:00:00,3.698834,3.8642282
2023-11-16 02:00:00,3.5374227,3.7513776
2023-11-16 03:00:00,3.3700647,3.671665
2023-11-16 04:00:00,3.1680968,3.6226363
2023-11-16 05:00:00,3.2171876,3.6302512
2023-11-16 06:00:00,4.1583295,3.807285
2023-11-16 07:00:00,4.613663,3.937582
2023-11-16 08:00:00,4.6906505,4.063442
2023-11-16 09:00:00,4.4223056,4.3057528
2023-11-16 10:00:00,3.8766947,4.269192
2023-11-16 11:00:00,3.8383214,4.103937
2023-11-16 12:00:00,3.6174817,3.8837838
2023-11-16 13:00:00,3.4495883,3.654223
2023-11-16 14:00:00,3.277844,3.512895
2023-11-16 15:00:00,3.0909646,3.462467
2023-11-16 16:00:00,2.9477897,3.5344017
2023-11-16 17:00:00,3.054639,3.5084093
2023-11-16 18:00:00,4.228159,3.7916064
2023-11-16 19:00:00,4.5720057,3.8991363
2023-11-16 20:00:00,4.733294,4.027627
2023-11-16 21:00:00,4.802605,4.321596
2023-11-16 22:00:00,4.479094,4.2867165
2023-11-16 23:00:00,3.921217,4.13237
2023-11-17 00:00:00,3.7099082,3.9079657
2023-11-17 01:00:00,3.5972571,3.76749
2023-11-17 02:00:00,3.4411523,3.6436038
2023-11-17 03:00:00,3.2490726,3.5928802
2023-11-17 04:00:00,3.1121695,3.5927596
2023-11-17 05:00:00,3.0851746,3.5628211
2023-11-17 06:00:00,3.2150595,3.5759044
2023-11-17 07:00:00,4.245825,3.773926
2023-11-17 08:00:00,4.3600388,3.8205962
2023-11-17 09:00:00,4.515952,3.9361207
2023-11-17 10:00:00,4.2265043,4.246477
2023-11-17 11:00:00,3.8534958,4.1646657
2023-11-17 12:00:00,3.613246,3.8809752
2023-11-17 13:00:00,3.3919535,3.6201622
2023-11-17 14:00:00,3.2258327,3.5250564
2023-11-17 15:00:00,3.046549,3.4818997
2023-11-17 16:00:00,2.9718537,3.479274
2023-11-17 17:00:00,2.9370985,3.479614
2023-11-17 18:00:00,2.881774,3.4791815
2023-11-17 19:00:00,4.1169906,3.684102
2023-11-17 20:00:00,4.484824,3.7837334
2023-11-17 21:00:00,4.522379,3.8676088
2023-11-17 22:00:00,4.5616403,4.151779
2023-11-17 23:00:00,4.057602,4.1103477
2023-11-18 00:00:00,3.8128557,3.9757528
2023-11-18 01:00:00,3.585122,3.837493
2023-11-18 02:00:00,3.4433377,3.623277
2023-11-18 03:00:00,3.2785313,3.5637474
2023-11-18 04:00:00,3.115921,3.525859
2023-11-18 05:00:00,2.9830744,3.4849036
2023-11-18 06:00:00,2.9576914,3.5255919
2023-11-18 07:00:00,3.5841608,3.5546954
2023-11-18 08:00:00,4.1946826,3.7729805
2023-11-18 09:00:00,4.218025,3.705232
2023-11-18 10:00:00,4.277672,3.7735255
2023-11-18 11:00:00,3.830172,3.969488
2023-11-18 12:00:00,3.5697043,3.859766
2023-11-18 13:00:00,3.387693,3.6231103
2023-11-18 14:00:00,3.2543318,3.496758
2023-11-18 15:00:00,3.0810184,3.4499454
2023-11-18 16:00:00,2.9982498,3.4512138
2023-11-18 17:00:00,2.9190466,3.4576962
2023-11-18 18:00:00,2.924668,3.4560132
2023-11-18 19:00:00,3.1785853,3.4923751
2023-11-18 20:00:00,4.2039866,3.6826231
2023-11-18 21:00:00,4.366168,3.635706
2023-11-18 22:00:00,4.566277,4.1012197
2023-11-18 23:00:00,4.484172,4.260161
2023-11-19 00:00:00,4.071531,4.1317706
2023-11-19 01:00:00,3.7506888,4.00644
2023-11-19 02:00:00,3.5814028,3.7741632
2023-11-19 03:00:00,3.348907,3.6159017
2023-11-19 04:00:00,3.2617831,3.5786338
2023-11-19 05:00:00,3.1781602,3.5435784
2023-11-19 06:00:00,3.0605383,3.5330648
2023-11-19 07:00:00,3.1582358,3.547699
2023-11-19 08:00:00,3.2680047,3.5155041
2023-11-19 09:00:00,3.8298967,3.6141155
2023-11-19 10:00:00,3.89539,3.6428962
2023-11-19 11:00:00,3.9283886,3.6228604
2023-11-19 12:00:00,3.387573,3.559927
2023-11-19 13:00:00,3.1551232,3.48484
2023-11-19 14:00:00,3.1058679,3.4340646
2023-11-19 15:00:00,2.988229,3.3826754
2023-11-19 16:00:00,2.8612492,3.4096422
2023-11-19 17:00:00,2.794128,3.4193165
2023-11-19 18:00:00,2.7355392,3.4194288
2023-11-19 19:00:00,2.7310534,3.4289758
2023-11-19 20:00:00,3.5705724,3.4762514
2023-11-19 21:00:00,3.9480817,3.538581
2023-11-19 22:00:00,4.1632204,3.5821555
2023-11-19 23:00:00,4.2609477,3.9183772
2023-11-20 00:00:00,4.2107654,4.0957828
2023-11-20 01:00:00,3.7598367,3.999624
2023-11-20 02:00:00,3.5365658,3.8558722
2023-11-20 03:00:00,3.3970761,3.6326592
2023-11-20 04:00:00,3.2417712,3.5640035
2023-11-20 05:00:00,3.0875628,3.5151365
2023-11-20 06:00:00,3.0153577,3.4768016
2023-11-20 07:00:00,2.9149601,3.46948
2023-11-20 08:00:00,3.105058,3.485468
2023-11-20 09:00:00,3.2664435,3.5079792
2023-11-20 10:00:00,3.6207337,3.5925245
2023-11-20 11:00:00,3.7442071,3.6109726
2023-11-20 12:00:00,3.7662785,3.5729644
2023-11-20 13:00:00,3.695924,3.6824558
2023-11-20 14:00:00,3.4654047,3.6929781
2023-11-20 15:00:00,3.2853765,3.561817
2023-11-20 16:00:00,3.1068301,3.4266064
2023-11-20 17:00:00,3.0212061,3.4242272
2023-11-20 18:00:00,2.9661815,3.4331782
2023-11-20 19:00:00,2.9892194,3.3988655
2023-11-20 20:00:00,3.0230079,3.4465897
2023-11-20 21:00:00,3.6843092,3.569469
2023-11-20 22:00:00,4.0130067,3.6239135
2023-11-20 23:00:00,4.2416706,3.674815
2023-11-21 00:00:00,4.3849015,4.029094
2023-11-21 01:00:00,4.1869407,4.16174
2023-11-21 02:00:00,3.9751313,4.0271993
2023-11-21 03:00:00,3.813198,3.9557295
2023-11-21 04:00:00,3.6159298,3.709833
2023-11-21 05:00:00,3.450617,3.5730984
2023-11-21 06:00:00,3.293118,3.575139
2023-11-21 07:00:00,3.2250144,3.5451841
2023-11-21 08:00:00,2.9104788,3.481992
2023-11-21 09:00:00,3.2224705,3.5436006
2023-11-21 10:00:00,3.3446102,3.5148377
2023-11-21 11:00:00,3.3797123,3.5279233
2023-11-21 12:00:00,3.5862694,3.561002
2023-11-21 13:00:00,3.6987708,3.4307632
2023-11-21 14:00:00,3.8034983,3.4558065
2023-11-21 15:00:00,3.2888987,3.5024
2023-11-21 16:00:00,3.2735877,3.437147
2023-11-21 17:00:00,3.2335722,3.387607
2023-11-21 18:00:00,3.1528482,3.3395426
2023-11-21 19:00:00,2.9829006,3.366086
2023-11-21 20:00:00,2.9016747,3.370011
2023-11-21 21:00:00,3.0192018,3.38027
2023-11-21 22:00:00,3.203935,3.3885336
2023-11-21 23:00:00,3.7712622,3.4728281
2023-11-22 00:00:00,4.0346313,3.517542
2023-11-22 01:00:00,4.279074,3.649526
2023-11-22 02:00:00,4.3020105,3.8779316
2023-11-22 03:00:00,4.0122914,3.9264612
2023-11-22 04:00:00,3.8437629,3.8345997
2023-11-22 05:00:00,3.6320708,3.539807
2023-11-22 06:00:00,3.465721,3.497596
2023-11-22 07:00:00,3.2909548,3.4612415
2023-11-22 08:00:00,3.1245747,3.4598925
2023-11-22 09:00:00,3.0868735,3.4191744
2023-11-22 10:00:00,3.1690469,3.4221206
2023-11-22 11:00:00,3.2730358,3.4742532
2023-11-22 12:00:00,3.1751685,3.4690216
2023-11-22 13:00:00,3.6015124,3.5486593
2023-11-22 14:00:00,3.8654025,3.492714
2023-11-22 15:00:00,3.886581,3.5278893
2023-11-22 16:00:00,3.7364357,3.5514615
2023-11-22 17:00:00,3.3655262,3.5535772
2023-11-22 18:00:00,3.3052506,3.468689
2023-11-22 19:00:00,3.1454182,3.4166954
2023-11-22 20:00:00,3.12044,3.377576
2023-11-22 21:00:00,2.9949045,3.4212964
2023-11-22 22:00:00,2.9297411,3.3881836
2023-11-22 23:00:00,2.9087334,3.3850234
2023-11-23 00:00:00,3.231604,3.4770265
2023-11-23 01:00:00,3.9005492,3.51763
2023-11-23 02:00:00,4.1405106,3.55839
2023-11-23 03:00:00,4.2645164,3.7505317
2023-11-23 04:00:00,4.242554,3.9491024
2023-11-23 05:00:00,3.776289,3.8636663
2023-11-23 06:00:00,3.6221135,3.716886
2023-11-23 07:00:00,3.354349,3.5245996
2023-11-23 08:00:00,3.1725073,3.484977
2023-11-23 09:00:00,2.978197,3.446014
2023-11-23 10:00:00,2.881256,3.4084444
2023-11-23 11:00:00,2.793633,3.4437473
2023-11-23 12:00:00,2.9715817,3.4570956
2023-11-23 13:00:00,3.0329852,3.4650662
2023-11-23 14:00:00,3.7268224,3.502722
2023-11-23 15:00:00,3.8982332,3.4355347
2023-11-23 16:00:00,3.8944774,3.5680327
2023-11-23 17:00:00,4.0213795,3.746195
2023-11-23 18:00:00,3.5072584,3.6797323
2023-11-23 19:00:00,3.3113294,3.6200495
2023-11-23 20:00:00,3.276671,3.4721715
2023-11-23 21:00:00,3.1181118,3.4729526
2023-11-23 22:00:00,2.9286833,3.393583
2023-11-23 23:00:00,2.8507748,3.3884213
2023-11-24 00:00:00,2.7968976,3.388291
2023-11-24 01:00:00,2.8804271,3.3876846
2023-11-24 02:00:00,3.891344,3.5105026
2023-11-24 03:00:00,4.3817463,3.6440241
2023-11-24 04:00:00,4.4843307,3.9138114
2023-11-24 05:00:00,4.320446,4.066668
2023-11-24 06:00:00,3.9350216,4.0515857
2023-11-24 07:00:00,3.7140572,3.8638172
2023-11-24 08:00:00,3.4857833,3.5925603
2023-11-24 09:00:00,3.2484725,3.4959807
2023-11-24 10:00:00,3.0481882,3.4987977
2023-11-24 11:00:00,2.95312,3.466101
2023-11-24 12:00:00,2.9193199,3.4641647
2023-11-24 13:00:00,3.0612307,3.476123
2023-11-24 14:00:00,3.4096951,3.5184932
2023-11-24 15:00:00,3.9652925,3.6346097
2023-11-24 16:00:00,4.283471,3.7108953
2023-11-24 17:00:00,4.2385926,4.000261
2023-11-24 18:00:00,4.175258,4.169008
2023-11-24 19:00:00,3.8444295,4.0951824
2023-11-24 20:00:00,3.689221,3.868415
2023-11-24 21:00:00,3.429131,3.6119223
2023-11-24 22:00:00,3.2581997,3.5541446
2023-11-24 23:00:00,3.0595138,3.5218105
2023-11-25 00:00:00,3.013027,3.5253243
2023-11-25 01:00:00,2.8891754,3.5211697
2023-11-25 02:00:00,3.0473146,3.5648572
2023-11-25 03:00:00,4.2145615,3.7823849
2023-11-25 04:00:00,4.4187665,3.7600193
2023-11-25 05:00:00,4.5196133,3.8479228
2023-11-25 06:00:00,4.2436147,3.9731462
2023-11-25 07:00:00,3.8429544,3.9874299
2023-11-25 08:00:00,3.541797,3.7168918
2023-11-25 09:00:00,3.3017695,3.543716
2023-11-25 11:00:00,3.1565561,3.5055192
2023-11-25 12:00:00,3.0035903,3.4652617
2023-11-25 13:00:00,2.7036846,3.4914255
2023-11-25 14:00:00,2.6566136,3.4558089
2023-11-25 15:00:00,2.853419,3.463647
2023-11-25 16:00:00,4.102812,3.6846416
2023-11-25 17:00:00,4.7290144,4.0086675
2023-11-25 18:00:00,4.472976,4.234199
2023-11-25 19:00:00,3.899087,4.1508956
2023-11-25 20:00:00,3.6991975,4.022955
2023-11-25 21:00:00,3.4214242,3.6701763
2023-11-25 22:00:00,3.3993957,3.6218462
2023-11-25 23:00:00,3.1635852,3.5695033
2023-11-26 00:00:00,3.0564423,3.5333288
2023-11-26 01:00:00,2.8833196,3.523492
2023-11-26 02:00:00,2.9765983,3.5437007
2023-11-26 03:00:00,3.2133825,3.6060054
2023-11-26 04:00:00,4.0816817,3.7692783
2023-11-26 05:00:00,4.522388,3.7906756
2023-11-26 06:00:00,4.500799,3.9863658
2023-11-26 07:00:00,4.205401,4.0912642
2023-11-26 08:00:00,3.8142986,4.02395
2023-11-26 09:00:00,3.5315733,3.7056134
2023-11-26 10:00:00,3.3116832,3.6224313
2023-11-26 11:00:00,3.1500747,3.5164611
2023-11-26 12:00:00,2.9673328,3.5154626
2023-11-26 13:00:00,2.854185,3.5170567
2023-11-26 14:00:00,2.8095543,3.5186996
2023-11-26 15:00:00,3.1063466,3.5783665
2023-11-26 16:00:00,4.016473,3.7432525
2023-11-26 17:00:00,4.586924,3.793602
2023-11-26 18:00:00,4.730123,4.053523
2023-11-26 19:00:00,4.466128,4.236702
2023-11-26 20:00:00,4.0410795,4.2102957
2023-11-26 21:00:00,3.839013,4.033161
2023-11-26 22:00:00,3.5269108,3.770481
2023-11-26 23:00:00,3.2841268,3.6297908
2023-11-27 00:00:00,3.125459,3.5840092
2023-11-27 01:00:00,3.0266562,3.549169
2023-11-27 02:00:00,2.8807805,3.5393422
2023-11-27 03:00:00,2.9699275,3.545435
2023-11-27 04:00:00,3.3259747,3.6119668
2023-11-27 05:00:00,4.07952,3.6718264
2023-11-27 06:00:00,4.4238267,3.759576
2023-11-27 07:00:00,4.313626,4.0318475
2023-11-27 08:00:00,3.8486357,3.9297738
2023-11-27 09:00:00,3.5674877,3.884543
2023-11-27 11:00:00,3.3479865,3.621814
2023-11-27 12:00:00,3.1366858,3.5433462
2023-11-27 13:00:00,2.8033292,3.4508045
2023-11-27 14:00:00,2.662579,3.4962256
2023-11-27 16:00:00,2.5318105,3.5099792
2023-11-27 17:00:00,2.6057289,3.4545534
2023-11-27 18:00:00,4.6329036,3.7264118
2023-11-27 19:00:00,4.9670963,4.2310977
2023-11-27 20:00:00,4.467184,4.184294
2023-11-27 21:00:00,3.8439994,4.0989227
2023-11-27 22:00:00,3.525004,3.8424573
2023-11-27 23:00:00,3.3360822,3.597732
2023-11-28 00:00:00,3.1169183,3.5118015
2023-11-28 01:00:00,3.0433216,3.526555
2023-11-28 02:00:00,2.873337,3.4822884
2023-11-28 03:00:00,2.825276,3.4753752
2023-11-28 04:00:00,3.1742635,3.496315
2023-11-28 05:00:00,3.7953832,3.5064096
2023-11-28 06:00:00,4.119326,3.68622
2023-11-28 07:00:00,4.311286,3.7336779
2023-11-28 08:00:00,4.0858274,3.8592148
2023-11-28 09:00:00,3.714681,3.876047
2023-11-28 10:00:00,3.393289,3.6904237
2023-11-28 11:00:00,3.1746368,3.4794598
2023-11-28 12:00:00,2.9416409,3.3929079
2023-11-28 13:00:00,2.675333,3.4167209
2023-11-28 14:00:00,2.6627743,3.4300027
2023-11-28 15:00:00,2.6475427,3.4324799
2023-11-28 16:00:00,2.8033319,3.3994567
2023-11-28 17:00:00,3.8877954,3.6332278
2023-11-28 18:00:00,4.248089,3.7148237
2023-11-28 19:00:00,4.6485014,3.99621
2023-11-28 20:00:00,4.476089,4.1949244
2023-11-28 21:00:00,4.0586267,4.147068
2023-11-28 22:00:00,3.8434017,4.0138807
2023-11-28 23:00:00,3.5420465,3.8246932
2023-11-29 00:00:00,3.3358757,3.696688
2023-11-29 01:00:00,3.1042242,3.5651407
2023-11-29 02:00:00,3.0306587,3.5331597
2023-11-29 03:00:00,2.8339443,3.5281086
2023-11-29 04:00:00,2.858188,3.5396242
2023-11-29 05:00:00,3.3315837,3.6298866
2023-11-29 06:00:00,4.1624694,3.5923536
2023-11-29 07:00:00,4.132514,3.6930435
2023-11-29 08:00:00,4.3217216,3.8981912
2023-11-29 09:00:00,3.9863749,3.9144964
2023-11-29 10:00:00,3.5890718,3.9281626
2023-11-29 11:00:00,3.3284848,3.6210237
2023-11-29 12:00:00,3.0246196,3.4479644
2023-11-29 13:00:00,2.8660834,3.4402297
2023-11-29 14:00:00,2.77511,3.445502
2023-11-29 15:00:00,2.6262417,3.4368784
2023-11-29 16:00:00,2.5669003,3.3911567
2023-11-29 17:00:00,3.1078174,3.4265218
2023-11-29 18:00:00,4.323824,3.6649678
2023-11-29 19:00:00,4.4986696,3.7074635
2023-11-29 21:00:00,4.5436788,4.0317154
2023-11-29 22:00:00,4.028694,4.052086
2023-11-29 23:00:00,3.5993228,3.855576
2023-11-30 00:00:00,3.20695,3.5661898
2023-11-30 01:00:00,3.1276484,3.4445786
2023-11-30 02:00:00,3.0503988,3.4446092
2023-11-30 03:00:00,2.874835,3.4446132
2023-11-30 04:00:00,2.7009254,3.440631
2023-11-30 05:00:00,2.6616516,3.405164
2023-11-30 06:00:00,3.7580047,3.5161
2023-11-30 07:00:00,4.369048,3.6599746
2023-11-30 08:00:00,4.480814,3.6910908
2023-11-30 09:00:00,4.1145554,3.9766288
2023-11-30 10:00:00,3.6733434,3.8740919
2023-11-30 11:00:00,3.5558014,3.6919298
2023-11-30 12:00:00,3.2423992,3.5097792
2023-11-30 13:00:00,2.9343224,3.3167207
2023-11-30 14:00:00,2.9312482,3.4230173
2023-11-30 15:00:00,2.7934823,3.3966138
2023-11-30 16:00:00,2.71471,3.424481
2023-11-30 17:00:00,2.7357192,3.3914697
2023-11-30 18:00:00,3.7638075,3.5211103
2023-11-30 19:00:00,4.337231,3.6415777
2023-11-30 20:00:00,4.658563,3.8349724
2023-11-30 21:00:00,4.5300593,4.169507
2023-11-30 22:00:00,4.20521,4.1266456
2023-11-30 23:00:00,3.7892392,4.0080557
2023-12-01 00:00:00,3.557354,3.8147879
2023-12-01 01:00:00,3.3347652,3.5919168
2023-12-01 02:00:00,3.043068,3.538813
2023-12-01 03:00:00,2.9378862,3.513691
2023-12-01 04:00:00,2.7708044,3.5106668
2023-12-01 05:00:00,2.634213,3.5107362
2023-12-01 06:00:00,3.1191723,3.5142357
2023-12-01 07:00:00,3.8675,3.6362388
2023-12-01 08:00:00,3.9083898,3.6723263
2023-12-01 09:00:00,3.9158773,3.5637271
2023-12-01 10:00:00,3.7167828,3.63277
2023-12-01 11:00:00,3.335396,3.6010249
2023-12-01 12:00:00,3.0021408,3.417879
2023-12-01 13:00:00,2.9162478,3.3414135
2023-12-01 14:00:00,2.7276244,3.361706
2023-12-01 15:00:00,2.597369,3.4202778
2023-12-01 16:00:00,2.4480834,3.353972
2023-12-01 17:00:00,2.4219887,3.345187
2023-12-01 18:00:00,2.6539567,3.3803253
2023-12-01 19:00:00,3.7206566,3.5229042
2023-12-01 20:00:00,4.187587,3.6232245
2023-12-01 21:00:00,4.3834276,3.7287629
2023-12-01 22:00:00,4.2626677,3.865404
2023-12-01 23:00:00,3.6729648,3.9120667
2023-12-02 00:00:00,3.4528153,3.840204
2023-12-02 01:00:00,3.24134,3.6072836
2023-12-02 02:00:00,3.0665684,3.4720056
2023-12-02 03:00:00,2.8318498,3.4782848
2023-12-02 04:00:00,2.7556489,3.450292
2023-12-02 05:00:00,2.6709144,3.4516654
2023-12-02 06:00:00,2.6351569,3.4512231
2023-12-02 07:00:00,3.2452297,3.5205004
2023-12-02 08:00:00,3.7348213,3.6070802
2023-12-02 09:00:00,3.6638465,3.5201263
2023-12-02 10:00:00,3.7208154,3.5806468
2023-12-02 11:00:00,3.5072746,3.4684992
2023-12-02 12:00:00,3.14121,3.4683473
2023-12-02 13:00:00,3.023756,3.4089925
2023-12-02 14:00:00,2.8893218,3.3667877
2023-12-02 15:00:00,2.7164931,3.3510642
2023-12-02 16:00:00,2.6148596,3.3507707
2023-12-02 17:00:00,2.4783554,3.3480718
2023-12-02 18:00:00,2.5061402,3.3506708
2023-12-02 19:00:00,3.358422,3.464081
2023-12-02 20:00:00,3.909577,3.5549645
2023-12-02 21:00:00,4.233394,3.6098297
2023-12-02 22:00:00,4.228557,3.8292215
2023-12-02 23:00:00,3.9910593,3.9512584
2023-12-03 00:00:00,3.643869,3.8065002
2023-12-03 01:00:00,3.3419366,3.6647873
2023-12-03 02:00:00,3.1382701,3.5244544
2023-12-03 03:00:00,2.9246893,3.469815
2023-12-03 04:00:00,2.8401625,3.445699
2023-12-03 05:00:00,2.6453235,3.439941
2023-12-03 06:00:00,2.6169872,3.4449081
2023-12-03 07:00:00,3.1370506,3.4340413
2023-12-03 08:00:00,2.9969742,3.4808311
2023-12-03 09:00:00,3.5193172,3.4947383
2023-12-03 10:00:00,3.6096888,3.4971743
2023-12-03 11:00:00,3.6501083,3.4610927
2023-12-03 12:00:00,3.1699867,3.4181552
2023-12-03 13:00:00,3.0302508,3.3573277
2023-12-03 14:00:00,2.8056533,3.2709506
2023-12-03 15:00:00,2.7784128,3.3366022
2023-12-03 16:00:00,2.6291757,3.3373988
2023-12-03 17:00:00,2.448688,3.3205452
2023-12-03 18:00:00,2.3910236,3.3310416
2023-12-03 19:00:00,2.529183,3.3540974
2023-12-03 20:00:00,3.496773,3.4834836
2023-12-03 21:00:00,4.0783153,3.5050142
2023-12-03 22:00:00,4.259672,3.5860772
2023-12-03 23:00:00,4.052351,3.7281241
2023-12-04 00:00:00,3.7073479,3.8482635
2023-12-04 01:00:00,3.4523013,3.787717
2023-12-04 02:00:00,3.2048783,3.5267794
2023-12-04 03:00:00,3.0041206,3.4500854
2023-12-04 04:00:00,2.8483405,3.4256985
2023-12-04 05:00:00,2.7883625,3.4379075
2023-12-04 06:00:00,2.6998062,3.438611
2023-12-04 07:00:00,2.6997147,3.39465
2023-12-04 08:00:00,2.9376996,3.3940103
2023-12-04 09:00:00,3.301981,3.4361281
2023-12-04 10:00:00,3.3167477,3.4617202
2023-12-04 11:00:00,3.5622087,3.404306
2023-12-04 12:00:00,3.590062,3.4289994
2023-12-04 13:00:00,3.110248,3.4021106
2023-12-04 14:00:00,2.886106,3.3398986
2023-12-04 15:00:00,2.7888088,3.3337395
2023-12-04 16:00:00,2.6399112,3.3263745
2023-12-04 17:00:00,2.5380824,3.3175821
2023-12-04 18:00:00,2.4675217,3.3273277
2023-12-04 19:00:00,2.4881723,3.3393655
2023-12-04 20:00:00,3.1011817,3.4155414
2023-12-04 21:00:00,3.630128,3.4956462
2023-12-04 22:00:00,3.9082742,3.4539325
2023-12-04 23:00:00,4.044679,3.6125007
2023-12-05 00:00:00,3.8716476,3.6961389
2023-12-05 01:00:00,3.4224212,3.6591876
2023-12-05 02:00:00,3.2464426,3.5443532
2023-12-05 03:00:00,2.9907522,3.4009066
2023-12-05 04:00:00,2.842262,3.3615582
2023-12-05 05:00:00,2.8205178,3.373288
2023-12-05 06:00:00,2.6118867,3.3681514
2023-12-05 07:00:00,2.5662813,3.3660955
2023-12-05 08:00:00,2.6959913,3.3677363
2023-12-05 09:00:00,2.7956219,3.3632083
2023-12-05 10:00:00,3.1342769,3.413309
2023-12-05 11:00:00,3.163433,3.4176948
2023-12-05 12:00:00,3.0584052,3.3737154
2023-12-05 13:00:00,3.2109191,3.2367857
2023-12-05 14:00:00,2.9371943,3.2117858
2023-12-05 15:00:00,2.8133025,3.205796
2023-12-05 16:00:00,2.6789787,3.2233279
2023-12-05 17:00:00,2.6481285,3.2601342
2023-12-05 18:00:00,2.5325694,3.252907
2023-12-05 19:00:00,2.4747164,3.2474759
2023-12-05 20:00:00,2.5241308,3.2571473
2023-12-05 21:00:00,2.9947667,3.397106
2023-12-05 22:00:00,3.4905035,3.4642007
2023-12-05 23:00:00,3.7923784,3.4027104
2023-12-06 00:00:00,3.861719,3.4445236
2023-12-06 01:00:00,3.804246,3.570144
2023-12-06 02:00:00,3.4292316,3.5666585
2023-12-06 03:00:00,3.197506,3.4539034
2023-12-06 04:00:00,2.9933693,3.3798485
2023-12-06 05:00:00,2.868555,3.3444126
2023-12-06 06:00:00,2.6881535,3.3471622
2023-12-06 07:00:00,2.60152,3.3568354
2023-12-06 08:00:00,2.5852244,3.359757
2023-12-06 09:00:00,2.7700994,3.3636048
2023-12-06 10:00:00,2.692882,3.342874
2023-12-06 11:00:00,3.0271585,3.3822186
2023-12-06 12:00:00,3.0352507,3.3870416
2023-12-06 13:00:00,3.1634524,3.3115642
2023-12-06 14:00:00,3.2823145,3.3090706
2023-12-06 15:00:00,3.2347713,3.2981086
2023-12-06 16:00:00,2.8057728,3.3948643
2023-12-06 17:00:00,2.6511712,3.4618163
2023-12-06 18:00:00,2.5598822,3.4619176
2023-12-06 19:00:00,2.4808357,3.4646187
2023-12-06 20:00:00,2.5623555,3.4863555
2023-12-06 21:00:00,2.5038748,3.498075
2023-12-06 22:00:00,2.5452583,3.5047987
2023-12-06 23:00:00,3.09409,3.5500193
2023-12-07 00:00:00,3.3746717,3.580679
2023-12-07 01:00:00,3.6859303,3.6429813
2023-12-07 02:00:00,3.7500155,3.6643944
2023-12-07 03:00:00,3.6636605,3.707794
2023-12-07 04:00:00,3.2315643,3.6464064
2023-12-07 05:00:00,2.988077,3.618088
2023-12-07 06:00:00,2.8276255,3.6153762
2023-12-07 07:00:00,2.6674182,3.6182332
2023-12-07 08:00:00,2.5837564,3.6239038
2023-12-07 09:00:00,2.5026734,3.6297238
2023-12-07 10:00:00,2.4227946,3.6293828
2023-12-07 11:00:00,2.5811965,3.6406944
2023-12-07 12:00:00,2.788982,3.6461625
2023-12-07 13:00:00,3.262624,3.619355
2023-12-07 15:00:00,3.4811034,3.716387
2023-12-07 16:00:00,3.5857468,3.7261984
2023-12-07 17:00:00,3.1724846,3.654514
2023-12-07 18:00:00,2.9665017,3.691682
2023-12-07 19:00:00,2.8211768,3.5694842
2023-12-07 20:00:00,2.6681738,3.6309407
2023-12-07 21:00:00,2.5916264,3.6488225
2023-12-07 22:00:00,2.6697052,3.5360897
2023-12-07 23:00:00,2.4654918,3.643825
2023-12-08 00:00:00,2.5570076,3.6680088
2023-12-08 01:00:00,3.4872036,3.6853583
2023-12-08 02:00:00,3.6288457,3.7549968
2023-12-08 03:00:00,3.7721546,3.765547
2023-12-08 04:00:00,3.400382,3.6855624
2023-12-08 05:00:00,3.0871494,3.6298892
2023-12-08 06:00:00,2.8814647,3.6098402
2023-12-08 07:00:00,2.712273,3.615012
2023-12-08 08:00:00,2.5514343,3.620541
2023-12-08 09:00:00,2.3696315,3.6243887
2023-12-08 10:00:00,2.2959921,3.6443248
2023-12-08 11:00:00,2.2942784,3.6463816
2023-12-08 12:00:00,2.358504,3.6491926
2023-12-08 13:00:00,3.03817,3.688922
2023-12-08 14:00:00,3.281438,3.700969
2023-12-08 15:00:00,3.404483,3.7121434
2023-12-08 16:00:00,3.6022358,3.7380545
2023-12-08 17:00:00,3.4401221,3.7025883
2023-12-08 18:00:00,3.0092664,3.7213368
2023-12-08 19:00:00,2.8162668,3.6621926
2023-12-08 20:00:00,2.596401,3.6647987
2023-12-08 21:00:00,2.532069,3.670516
2023-12-08 22:00:00,2.3748825,3.6742542
2023-12-09 00:00:00,2.2905433,3.6792476
2023-12-09 01:00:00,2.3754675,3.6839707
2023-12-09 02:00:00,2.8947756,3.707883
2023-12-09 03:00:00,3.6376455,3.7789316
2023-12-09 04:00:00,3.9401953,3.8113394
2023-12-09 05:00:00,3.5724554,3.7270865
2023-12-09 06:00:00,3.1605773,3.6358523
2023-12-09 07:00:00,2.9324229,3.615977
2023-12-09 08:00:00,2.7506502,3.6319728
2023-12-09 09:00:00,2.5938268,3.637293
2023-12-09 10:00:00,2.4196525,3.6435125
2023-12-09 11:00:00,2.3259306,3.649318
2023-12-09 12:00:00,2.270158,3.6525528
2023-12-09 13:00:00,2.5561638,3.6724648
2023-12-09 14:00:00,3.404555,3.7355738
2023-12-09 15:00:00,3.779255,3.845789
2023-12-09 16:00:00,3.9685774,3.7939885
2023-12-09 17:00:00,3.8360586,3.732613
2023-12-09 18:00:00,3.5788708,3.816707
2023-12-09 19:00:00,3.3121746,3.7941246
2023-12-09 20:00:00,3.1900437,3.5898094
2023-12-09 21:00:00,2.8859866,3.7029555
2023-12-09 22:00:00,2.803217,3.7303998
2023-12-09 23:00:00,2.6791208,3.736296
2023-12-10 00:00:00,2.5147626,3.7269475
2023-12-10 01:00:00,2.531796,3.7387002
2023-12-10 02:00:00,3.2109122,3.7131438
2023-12-10 03:00:00,3.7496371,3.765928
2023-12-10 04:00:00,4.0334587,3.8208055
2023-12-10 05:00:00,3.9574976,3.7808638
2023-12-10 06:00:00,3.568623,3.665414
2023-12-10 07:00:00,3.2807133,3.6203883
2023-12-10 08:00:00,3.0532038,3.7000527
2023-12-10 09:00:00,2.921838,3.7123146
2023-12-10 10:00:00,2.6967256,3.6420634
2023-12-10 11:00:00,2.498265,3.6393635
2023-12-10 12:00:00,2.4189637,3.6431794
2023-12-10 13:00:00,2.3700407,3.710263
2023-12-10 14:00:00,2.8890347,3.6904244
2023-12-10 15:00:00,3.717253,3.7637193
2023-12-10 16:00:00,4.0705833,3.8199902
2023-12-10 17:00:00,4.104024,3.732083
2023-12-10 18:00:00,4.041036,3.913377
2023-12-10 19:00:00,3.5602243,3.9617646
2023-12-10 20:00:00,3.3750935,3.8449402
2023-12-10 21:00:00,3.1564708,3.4993
2023-12-10 22:00:00,2.881673,3.695018
2023-12-10 23:00:00,2.734444,3.7321675
2023-12-11 00:00:00,2.5693572,3.7307434
2023-12-11 01:00:00,2.484348,3.7238405
2023-12-11 02:00:00,2.5799854,3.7347963
2023-12-11 03:00:00,3.660634,3.7671084
2023-12-11 04:00:00,3.8330874,3.7958484
2023-12-11 05:00:00,3.9921472,3.8305836
2023-12-11 06:00:00,3.8688047,3.830678
2023-12-11 07:00:00,3.6412,3.73372
2023-12-11 08:00:00,3.4508538,3.7074268
2023-12-11 09:00:00,3.198297,3.7066913
2023-12-11 10:00:00,2.9691057,3.7106595
2023-12-11 11:00:00,2.738463,3.7136679
2023-12-11 12:00:00,2.481446,3.710972
2023-12-11 13:00:00,2.4660072,3.6554174
2023-12-11 14:00:00,2.4264328,3.6520233
2023-12-11 15:00:00,2.903598,3.6957207
2023-12-11 16:00:00,4.100524,3.8342495
2023-12-11 17:00:00,4.4327374,3.9096599
2023-12-11 18:00:00,4.243856,3.8300374
2023-12-11 19:00:00,3.902292,4.025851
2023-12-11 20:00:00,3.4814963,3.928904
2023-12-11 21:00:00,3.1960583,3.6868234
2023-12-11 22:00:00,2.9345512,3.7530513
2023-12-11 23:00:00,2.9027236,3.7892275
2023-12-12 00:00:00,2.768051,3.722589
2023-12-12 01:00:00,2.5943215,3.7220206
2023-12-12 02:00:00,2.5336928,3.732179
2023-12-12 03:00:00,2.8250453,3.768191
2023-12-12 04:00:00,3.5977738,3.8395543
2023-12-12 05:00:00,3.8035498,3.8738682
2023-12-12 06:00:00,4.169357,3.9364357
2023-12-12 07:00:00,3.9792385,3.8463216
2023-12-12 08:00:00,3.5132754,3.818772
2023-12-12 09:00:00,3.1597664,3.7110324
2023-12-12 10:00:00,3.027359,3.5829303
2023-12-12 11:00:00,2.8315268,3.7198436
2023-12-12 12:00:00,2.5772,3.6647024
2023-12-12 13:00:00,2.470124,3.6622264
2023-12-12 14:00:00,2.3452716,3.6684837
2023-12-12 15:00:00,2.4823732,3.7499917
2023-12-12 16:00:00,3.7464604,3.8120584
2023-12-12 17:00:00,4.1611657,3.768566
2023-12-12 18:00:00,4.4654255,3.9140556
2023-12-12 19:00:00,4.3294764,4.0633254
2023-12-12 20:00:00,3.9670196,4.15653
2023-12-12 21:00:00,3.5872235,4.051843
2023-12-12 22:00:00,3.3821392,3.8287244
2023-12-12 23:00:00,3.0300138,3.8196638
2023-12-13 00:00:00,2.8794467,3.7846565
2023-12-13 01:00:00,2.6562755,3.8042796
2023-12-13 02:00:00,2.5463896,3.8095052
2023-12-13 03:00:00,2.5442758,3.747027
2023-12-13 04:00:00,2.9881709,3.7917352
2023-12-13 05:00:00,3.869056,3.9033878
2023-12-13 06:00:00,4.016456,3.9465065
2023-12-13 07:00:00,4.0879354,3.9458876
2023-12-13 08:00:00,3.7267144,3.8103342
2023-12-13 09:00:00,3.287979,3.7197127
2023-12-13 10:00:00,3.050425,3.7205398
2023-12-13 11:00:00,2.8607705,3.7328699
2023-12-13 12:00:00,2.570737,3.7351437
2023-12-13 13:00:00,2.4581425,3.7345414
2023-12-13 14:00:00,2.3929157,3.7386324
2023-12-13 15:00:00,2.3587646,3.7484865
2023-12-13 16:00:00,2.6991408,3.7707162
2023-12-13 17:00:00,3.9707975,3.894023
2023-12-13 18:00:00,4.3009033,3.9376297
2023-12-13 19:00:00,4.4254427,4.0290465
2023-12-13 20:00:00,4.251493,4.1676097
2023-12-13 21:00:00,3.7751632,4.1119614
2023-12-13 22:00:00,3.5388186,3.9981055
2023-12-13 23:00:00,3.3489888,3.8737824
2023-12-14 00:00:00,2.9839118,3.8659577
2023-12-14 01:00:00,2.8054125,3.8226676
2023-12-14 02:00:00,2.6685991,3.8329217
2023-12-14 03:00:00,2.5100536,3.834327
2023-12-14 04:00:00,2.6636307,3.8614318
2023-12-14 05:00:00,3.1942244,3.828286
2023-12-14 06:00:00,3.8301394,3.8985543
2023-12-14 07:00:00,4.2099376,3.9740527
2023-12-14 08:00:00,3.9696002,3.884357
2023-12-14 09:00:00,3.612827,3.8473275
2023-12-14 10:00:00,3.3014033,3.8630316
2023-12-14 11:00:00,3.1205134,3.80802
2023-12-14 12:00:00,2.814468,3.800669
2023-12-14 13:00:00,2.6478105,3.745171
2023-12-14 14:00:00,2.5620403,3.7540855
2023-12-14 15:00:00,2.4236,3.7438846
2023-12-14 16:00:00,2.5101116,3.7559867
2023-12-14 17:00:00,3.6286104,3.8722942
2023-12-14 18:00:00,4.215915,3.9340951
2023-12-14 19:00:00,4.6377945,4.0337996
2023-12-14 20:00:00,4.5334554,4.2818923
2023-12-14 21:00:00,4.277647,4.2966084
2023-12-14 22:00:00,3.8499155,4.2335258
2023-12-14 23:00:00,3.6672492,4.0736213
2023-12-15 00:00:00,3.2858062,3.921124
2023-12-15 01:00:00,3.0703092,3.8670673
2023-12-15 02:00:00,2.8307486,3.8957224
2023-12-15 03:00:00,2.7249303,3.83817
2023-12-15 04:00:00,2.5880482,3.8350003
2023-12-15 05:00:00,3.0235064,3.8978662
2023-12-15 06:00:00,3.290005,3.921266
2023-12-15 07:00:00,3.9594665,3.9439547
2023-12-15 08:00:00,4.154281,4.055259
2023-12-15 09:00:00,3.85444,3.8630157
2023-12-15 10:00:00,3.4481652,3.9020405
2023-12-15 11:00:00,3.2277098,3.8044143
2023-12-15 12:00:00,2.9349294,3.8027546
2023-12-15 13:00:00,2.8156796,3.819332
2023-12-15 14:00:00,2.652726,3.7553935
2023-12-15 15:00:00,2.4923484,3.7541928
2023-12-15 16:00:00,2.35355,3.7598832
2023-12-15 17:00:00,2.4484224,3.769852
2023-12-15 18:00:00,3.865734,3.9140868
2023-12-15 19:00:00,4.1634846,3.9290767
2023-12-15 20:00:00,4.4865055,4.0061746
2023-12-15 21:00:00,4.40723,4.0906644
2023-12-15 22:00:00,3.9123068,4.1696863
2023-12-15 23:00:00,3.562363,4.0778427
2023-12-16 00:00:00,3.3073764,3.9178529
2023-12-16 01:00:00,3.0720434,3.8585598
2023-12-16 02:00:00,2.8006063,3.872567
2023-12-16 03:00:00,2.7091217,3.835219
2023-12-16 04:00:00,2.5504239,3.8397207
2023-12-16 05:00:00,2.524313,3.776504
2023-12-16 06:00:00,3.093281,3.826308
2023-12-16 07:00:00,3.7815857,3.8962853
2023-12-16 08:00:00,3.7070086,3.895468
2023-12-16 09:00:00,3.971242,3.933273
2023-12-16 10:00:00,3.74311,3.8494327
2023-12-16 11:00:00,3.234343,3.7309983
2023-12-16 12:00:00,3.019828,3.7189415
2023-12-16 13:00:00,2.761272,3.7408497
2023-12-16 14:00:00,2.7064638,3.7449865
2023-12-16 15:00:00,2.4885025,3.6721966
2023-12-16 16:00:00,2.3061347,3.663976
2023-12-16 17:00:00,2.1679559,3.6761
2023-12-16 18:00:00,2.4164393,3.6993437
2023-12-16 19:00:00,3.844058,3.8321674
2023-12-16 20:00:00,4.0756416,3.8324456
2023-12-16 21:00:00,4.342818,3.891641
2023-12-16 22:00:00,4.256904,3.9057999
2023-12-16 23:00:00,3.7464235,3.9915068
2023-12-17 00:00:00,3.3762002,3.9162066
2023-12-17 01:00:00,3.0197356,3.818393
2023-12-17 02:00:00,2.7870793,3.765146
2023-12-17 03:00:00,2.6881459,3.723751
2023-12-17 04:00:00,2.5450082,3.7403963
2023-12-17 05:00:00,2.3484678,3.742349
2023-12-17 06:00:00,2.336469,3.7516892
2023-12-17 07:00:00,2.8875277,3.723191
2023-12-17 08:00:00,3.6306453,3.7740605
2023-12-17 09:00:00,3.6761007,3.86792
2023-12-17 10:00:00,3.7556698,3.877853
2023-12-17 11:00:00,3.2833073,3.7628272
2023-12-17 12:00:00,3.0683134,3.5119019
2023-12-17 13:00:00,2.7938306,3.6322563
2023-12-17 14:00:00,2.6049798,3.6621864
2023-12-17 15:00:00,2.4678645,3.6674197
2023-12-17 16:00:00,2.3099756,3.6641216
2023-12-17 17:00:00,2.2145476,3.6615617
2023-12-17 18:00:00,2.1296446,3.6618853
2023-12-17 19:00:00,2.5090268,3.6885357
2023-12-17 20:00:00,3.642942,3.7730427
2023-12-17 21:00:00,4.0126667,3.8161683
2023-12-17 22:00:00,4.1733103,3.7519004
2023-12-17 23:00:00,3.9704623,3.8137414
2023-12-18 00:00:00,3.4723723,3.8715136
2023-12-18 01:00:00,3.244004,3.785994
2023-12-18 02:00:00,2.951459,3.7692254
2023-12-18 03:00:00,2.6661882,3.706815
2023-12-18 04:00:00,2.5142906,3.7185788
2023-12-18 05:00:00,2.3551102,3.7369385
2023-12-18 07:00:00,2.2658505,3.6753352
2023-12-18 08:00:00,2.5181518,3.68613
2023-12-18 09:00:00,3.3107145,3.7315216
2023-12-18 10:00:00,4.0300746,3.8403063
2023-12-18 11:00:00,3.8098748,3.7981825
2023-12-18 12:00:00,3.2837913,3.743672
2023-12-18 13:00:00,2.9570231,3.6071815
2023-12-18 14:00:00,2.7125256,3.617535
2023-12-18 15:00:00,2.6395981,3.6500392
2023-12-18 16:00:00,2.505296,3.653684
2023-12-18 17:00:00,2.330654,3.5272112
2023-12-18 18:00:00,2.238153,3.5805058
2023-12-18 19:00:00,2.2786493,3.6587243
2023-12-18 20:00:00,3.2535849,3.7475169
2023-12-18 21:00:00,3.7918398,3.787878
2023-12-18 22:00:00,4.242298,3.8728218
2023-12-18 23:00:00,4.1597543,3.805207
2023-12-19 00:00:00,3.9272776,3.7077754
2023-12-19 01:00:00,3.49592,3.6298728
2023-12-19 02:00:00,3.3148246,3.6926324
2023-12-19 03:00:00,3.0696492,3.6846983
2023-12-19 04:00:00,2.8668015,3.6870723
2023-12-19 05:00:00,2.7166958,3.7088118
2023-12-19 06:00:00,2.6344094,3.7249346
2023-12-19 08:00:00,2.5418305,3.7167382
2023-12-19 09:00:00,3.022049,3.69345
2023-12-19 10:00:00,3.7457309,3.7465582
2023-12-19 11:00:00,4.134475,3.8143609
2023-12-19 12:00:00,3.9005313,3.6544988
2023-12-19 13:00:00,3.455973,3.7026536
2023-12-19 14:00:00,3.2603705,3.6724079
2023-12-19 15:00:00,3.034351,3.6728084
2023-12-19 16:00:00,2.8370922,3.6911643
2023-12-19 17:00:00,2.692641,3.7026436
2023-12-19 18:00:00,2.600239,3.706981
2023-12-19 19:00:00,2.554707,3.6472626
2023-12-19 20:00:00,2.5239463,3.6414273
2023-12-19 21:00:00,3.5963805,3.763908
2023-12-19 22:00:00,3.9657912,3.8044434
2023-12-19 23:00:00,4.2766557,3.87038
2023-12-20 00:00:00,4.109526,3.8786693
2023-12-20 01:00:00,4.0265665,4.0506506
2023-12-20 02:00:00,3.5973754,3.9541924
2023-12-20 03:00:00,3.3719873,3.6418877
2023-12-20 04:00:00,3.0582764,3.7568114
2023-12-20 05:00:00,2.9115694,3.7836308
2023-12-20 06:00:00,2.7766025,3.7222342
2023-12-20 07:00:00,2.6837323,3.6565223
2023-12-20 08:00:00,2.555689,3.7241063
2023-12-20 09:00:00,2.8459525,3.7621856
2023-12-20 10:00:00,2.9978867,3.7657394
2023-12-20 11:00:00,3.4389741,3.821085
2023-12-20 12:00:00,3.4782357,3.812494
2023-12-20 13:00:00,3.7069561,3.8076348
2023-12-20 14:00:00,3.45661,3.6811137
2023-12-20 15:00:00,3.193722,3.6497836
2023-12-20 16:00:00,2.9332962,3.572808
2023-12-20 17:00:00,2.8213725,3.5836463
2023-12-20 18:00:00,2.6684203,3.6567245
2023-12-20 19:00:00,2.612053,3.6749713
2023-12-20 20:00:00,2.5018654,3.6691225
2023-12-20 21:00:00,2.4678166,3.6663375
2023-12-20 22:00:00,3.0760114,3.7159922
2023-12-20 23:00:00,3.7908707,3.7827144
2023-12-21 01:00:00,3.946325,3.7906597
2023-12-21 02:00:00,4.059619,3.7920601
2023-12-21 03:00:00,3.5606344,3.744126
2023-12-21 04:00:00,3.070933,3.5932727
2023-12-21 05:00:00,2.9371228,3.6049619
2023-12-21 06:00:00,2.7491865,3.6342266
2023-12-21 07:00:00,2.6146326,3.6414673
2023-12-21 08:00:00,2.4903684,3.63877
2023-12-21 09:00:00,2.3436112,3.645294
2023-12-21 10:00:00,2.300708,3.6512632
2023-12-21 11:00:00,2.774832,3.6172
2023-12-21 12:00:00,3.2956743,3.7171986
2023-12-21 13:00:00,3.4122891,3.7169344
2023-12-21 14:00:00,3.5631993,3.7233267
2023-12-21 15:00:00,3.5823586,3.6499717
2023-12-21 16:00:00,2.9669838,3.5686998
2023-12-21 17:00:00,2.66815,3.557673
2023-12-21 18:00:00,2.5235355,3.5772831
2023-12-21 19:00:00,2.4961636,3.5851877
2023-12-21 20:00:00,2.3225913,3.6441185
2023-12-21 21:00:00,2.2124758,3.5871797
2023-12-21 22:00:00,2.2266648,3.5883434
2023-12-21 23:00:00,2.3990505,3.6048
2023-12-22 00:00:00,3.1625261,3.6377997
2023-12-22 01:00:00,3.4738474,3.64409
2023-12-22 02:00:00,3.6956363,3.6753485
2023-12-22 03:00:00,3.729358,3.665842
2023-12-22 04:00:00,3.0966172,3.568648
2023-12-22 05:00:00,2.8458495,3.5505238
2023-12-22 06:00:00,2.594646,3.5528731
2023-12-22 07:00:00,2.474433,3.5645964
2023-12-22 08:00:00,2.3818824,3.5670662
2023-12-22 09:00:00,2.2385683,3.5016892
2023-12-22 10:00:00,2.1381102,3.558669
2023-12-22 11:00:00,2.1721385,3.5697913
2023-12-22 12:00:00,2.325221,3.5625167
2023-12-22 13:00:00,2.9976492,3.5806713
2023-12-22 14:00:00,3.35851,3.6101863
2023-12-22 15:00:00,3.7069829,3.6713772
2023-12-22 16:00:00,3.6466038,3.646533
2023-12-22 17:00:00,3.1402915,3.5690346
2023-12-22 18:00:00,2.8533618,3.54538
2023-12-22 19:00:00,2.694987,3.5516233
2023-12-22 20:00:00,2.512561,3.5579143
2023-12-22 21:00:00,2.3482447,3.5640574
2023-12-22 22:00:00,2.2473378,3.5740345
2023-12-22 23:00:00,2.1626408,3.5742886
2023-12-23 00:00:00,2.300293,3.5805757
2023-12-23 01:00:00,3.2349951,3.6414988
2023-12-23 02:00:00,3.5630074,3.654215
2023-12-23 03:00:00,3.7967799,3.6903033
2023-12-23 04:00:00,3.7403588,3.5820289
2023-12-23 05:00:00,3.2391,3.627543
2023-12-23 06:00:00,2.9876592,3.5981672
2023-12-23 07:00:00,2.767796,3.5334132
2023-12-23 08:00:00,2.637734,3.6063352
2023-12-23 09:00:00,2.4798656,3.6168442
2023-12-23 10:00:00,2.3080306,3.5536563
2023-12-23 11:00:00,2.211194,3.6186907
2023-12-23 12:00:00,2.2111425,3.5701945
2023-12-23 13:00:00,2.6259513,3.5810447
2023-12-23 14:00:00,3.2056549,3.612025
2023-12-23 15:00:00,3.6471856,3.7495651
2023-12-23 16:00:00,3.8485825,3.7725816
2023-12-23 17:00:00,3.7702985,3.722077
2023-12-23 18:00:00,3.3313057,3.64767
2023-12-23 19:00:00,3.1046104,3.6305969
2023-12-23 20:00:00,2.8782294,3.6266947
2023-12-23 21:00:00,2.687923,3.629797
2023-12-23 22:00:00,2.6060805,3.6401036
2023-12-23 23:00:00,2.458092,3.6423616
2023-12-24 00:00:00,2.3098278,3.64096
2023-12-24 01:00:00,2.5425203,3.6670558
2023-12-24 02:00:00,2.7250438,3.6618922
2023-12-24 03:00:00,3.4334576,3.6392248
2023-12-24 04:00:00,3.7978196,3.7657301
2023-12-24 05:00:00,3.7290485,3.7428477
2023-12-24 06:00:00,3.3851974,3.6557188
2023-12-24 07:00:00,3.087564,3.6138206
2023-12-24 08:00:00,2.8634558,3.6202707
2023-12-24 09:00:00,2.6358092,3.6226475
2023-12-24 10:00:00,2.4833136,3.6343796
2023-12-24 11:00:00,2.313725,3.6423275
2023-12-24 12:00:00,2.3071737,3.643537
2023-12-24 13:00:00,2.3529186,3.6526973
2023-12-24 14:00:00,2.6590018,3.6688492
2023-12-24 15:00:00,3.3898935,3.7136786
2023-12-24 16:00:00,3.7924147,3.696772
2023-12-24 17:00:00,4.0558996,3.8106816
2023-12-24 18:00:00,3.9423008,3.754013
2023-12-24 19:00:00,3.3875628,3.6520543
2023-12-24 20:00:00,3.2122662,3.6434987
2023-12-24 21:00:00,3.0088654,3.7118876
2023-12-24 22:00:00,2.7893918,3.709375
2023-12-24 23:00:00,2.622033,3.6409373
2023-12-25 00:00:00,2.460285,3.639273
2023-12-25 01:00:00,2.392805,3.6477315
2023-12-25 02:00:00,2.5634422,3.6592436
2023-12-25 03:00:00,2.998648,3.6812258
2023-12-25 04:00:00,3.4585485,3.708679
2023-12-25 05:00:00,3.6889498,3.7391355
2023-12-25 06:00:00,3.7386768,3.737817
2023-12-25 07:00:00,3.2930017,3.646709
2023-12-25 08:00:00,3.1138268,3.6184533
2023-12-25 09:00:00,2.8554459,3.6816938
2023-12-25 10:00:00,2.7314293,3.634372
2023-12-25 11:00:00,2.5757427,3.6372993
2023-12-25 12:00:00,2.3951616,3.6385818
2023-12-25 13:00:00,2.3306088,3.645698
2023-12-25 14:00:00,2.3684075,3.6557431
2023-12-25 15:00:00,2.6455462,3.672823
2023-12-25 16:00:00,3.667401,3.6153002
2023-12-25 17:00:00,4.066167,3.8211071
2023-12-25 18:00:00,4.193389,3.7625728
2023-12-25 19:00:00,3.9821148,3.8239295
2023-12-25 20:00:00,3.570739,3.8853352
2023-12-25 21:00:00,3.339102,3.781036
2023-12-25 22:00:00,3.0277297,3.750596
2023-12-25 23:00:00,2.7988434,3.6946213
2023-12-26 00:00:00,2.7300699,3.7108788
2023-12-26 01:00:00,2.5842755,3.7127507
2023-12-26 02:00:00,2.5261996,3.7120178
2023-12-26 03:00:00,2.6867356,3.7317836
2023-12-26 04:00:00,3.040586,3.7538056
2023-12-26 05:00:00,3.5180938,3.8048615
2023-12-26 06:00:00,3.7962184,3.8639925
2023-12-26 07:00:00,3.7041519,3.821168
2023-12-26 08:00:00,3.4287019,3.677221
2023-12-26 09:00:00,3.1062512,3.7090023
2023-12-26 10:00:00,2.873154,3.718785
2023-12-26 11:00:00,2.642098,3.7234626
2023-12-26 12:00:00,2.484549,3.7313159
2023-12-26 13:00:00,2.3878758,3.7379231
2023-12-26 14:00:00,2.3361597,3.6822598
2023-12-26 15:00:00,2.411506,3.6863716
2023-12-26 16:00:00,3.2838287,3.6828315
2023-12-26 17:00:00,3.8736105,3.8017886
2023-12-26 18:00:00,4.258724,3.955269
2023-12-26 19:00:00,4.2405,3.840028
2023-12-26 20:00:00,4.028603,3.9659472
2023-12-26 21:00:00,3.5753915,3.9581895
2023-12-26 22:00:00,3.3100727,3.725997
2023-12-26 23:00:00,3.012676,3.7696056
2023-12-27 00:00:00,2.877592,3.7853072
2023-12-27 01:00:00,2.7289648,3.788253
2023-12-27 02:00:00,2.5711765,3.7207124
2023-12-27 03:00:00,2.513085,3.7341413
2023-12-27 04:00:00,3.0217505,3.7863417
2023-12-27 05:00:00,3.759469,3.8600821
2023-12-27 06:00:00,3.6639168,3.8411105
2023-12-27 07:00:00,3.866065,3.8740594
2023-12-27 08:00:00,3.8163583,3.8147695
2023-12-27 09:00:00,3.3852718,3.728664
2023-12-27 10:00:00,3.1879597,3.7175279
2023-12-27 11:00:00,2.870597,3.7161906
2023-12-27 12:00:00,2.7246797,3.7288113
2023-12-27 13:00:00,2.5365622,3.6642141
2023-12-27 14:00:00,2.4778996,3.7315621
2023-12-27 15:00:00,2.4428344,3.6787076
2023-12-27 16:00:00,2.6721697,3.6881647
2023-12-27 17:00:00,3.6712067,3.7876158
2023-12-27 18:00:00,4.15359,3.8506567
2023-12-27 19:00:00,4.456869,3.9003224
2023-12-27 20:00:00,4.3407784,4.142732
2023-12-27 21:00:00,3.840836,4.1384654
2023-12-27 22:00:00,3.659243,4.070813
2023-12-27 23:00:00,3.3599515,3.900088
2023-12-28 00:00:00,3.1444032,3.838109
2023-12-28 01:00:00,2.910825,3.8498564
2023-12-28 02:00:00,2.7719016,3.7348711
2023-12-28 03:00:00,2.6497734,3.8012574
2023-12-28 04:00:00,2.688663,3.8329418
2023-12-28 05:00:00,3.197448,3.807531
2023-12-28 06:00:00,3.766179,3.8770616
2023-12-28 07:00:00,3.8596542,3.9162858
2023-12-28 08:00:00,3.8783202,3.895526
2023-12-28 09:00:00,3.629625,3.8792405
2023-12-28 10:00:00,3.386205,3.8165278
2023-12-28 11:00:00,3.1302478,3.7876158
2023-12-28 12:00:00,2.9159105,3.7959492
2023-12-28 13:00:00,2.7454815,3.7387466
2023-12-28 14:00:00,2.5790057,3.8034108
2023-12-28 15:00:00,2.4901567,3.7435896
2023-12-28 16:00:00,2.4444048,3.7433233
2023-12-28 17:00:00,2.8068779,3.7795565
2023-12-28 18:00:00,3.9366033,3.8973527
2023-12-28 19:00:00,4.424538,3.9075685
2023-12-28 20:00:00,4.397038,4.0273285
2023-12-28 21:00:00,4.2139354,4.1709676
2023-12-28 22:00:00,3.721342,4.1133533
2023-12-28 23:00:00,3.6009245,4.012853
2023-12-29 00:00:00,3.3057923,3.9297953
2023-12-29 01:00:00,3.0816817,3.867375
2023-12-29 02:00:00,2.9241242,3.8819487
2023-12-29 03:00:00,2.7477744,3.8261218
2023-12-29 04:00:00,2.602602,3.8157332
2023-12-29 05:00:00,2.844496,3.8557885
2023-12-29 06:00:00,3.383211,3.9076722
2023-12-29 07:00:00,3.8507116,3.9753473
2023-12-29 08:00:00,4.0430055,4.0096025
2023-12-29 09:00:00,3.8560145,3.9363568
2023-12-29 10:00:00,3.5090156,3.8415895
2023-12-29 11:00:00,3.2664769,3.803387
2023-12-29 12:00:00,3.0570834,3.8109202
2023-12-29 13:00:00,2.837389,3.818119
2023-12-29 14:00:00,2.6632257,3.8203928
2023-12-29 15:00:00,2.5651479,3.8295493
2023-12-29 16:00:00,2.536299,3.7686834
2023-12-29 17:00:00,2.5700328,3.7711337
2023-12-29 18:00:00,3.5604331,3.8646924
2023-12-29 19:00:00,4.220396,3.9439533
2023-12-29 20:00:00,4.4134183,4.055588
2023-12-29 21:00:00,4.354097,4.071885
2023-12-29 22:00:00,3.896461,4.083491
2023-12-29 23:00:00,3.6544065,4.0273657
2023-12-30 00:00:00,3.4409666,3.947543
2023-12-30 01:00:00,3.1660857,3.8741455
2023-12-30 02:00:00,2.9966443,3.8794513
2023-12-30 03:00:00,2.863784,3.8903906
2023-12-30 04:00:00,2.753408,3.8320556
2023-12-30 05:00:00,2.7014647,3.8358085
2023-12-30 06:00:00,3.2646744,3.9009764
2023-12-30 07:00:00,3.813987,3.956111
2023-12-30 08:00:00,3.906256,3.8992798
2023-12-30 09:00:00,3.9428122,3.8915663
2023-12-30 10:00:00,3.7692747,3.8204932
2023-12-30 11:00:00,3.410696,3.82489
2023-12-30 12:00:00,3.19628,3.4825478
2023-12-30 13:00:00,2.923304,3.7302125
2023-12-30 14:00:00,2.7585747,3.7562006
2023-12-30 15:00:00,2.6848855,3.6804543
2023-12-30 16:00:00,2.5269983,3.73434
2023-12-30 17:00:00,2.4675062,3.7392285
2023-12-30 18:00:00,2.8639722,3.5632339
2023-12-30 19:00:00,3.8373823,3.8739498
2023-12-30 20:00:00,4.282477,3.9672132
2023-12-30 21:00:00,4.3805776,3.934109
2023-12-30 22:00:00,4.1876636,3.9671185
2023-12-30 23:00:00,3.6755621,4.0205235
2023-12-31 00:00:00,3.4794452,3.9155972
2023-12-31 01:00:00,3.1998084,3.833645
2023-12-31 02:00:00,2.9875717,3.8388958
2023-12-31 03:00:00,2.8528655,3.8604686
2023-12-31 04:00:00,2.7613087,3.8049345
2023-12-31 05:00:00,2.611011,3.7383657
2023-12-31 06:00:00,2.8750238,3.850309
2023-12-31 07:00:00,3.0028186,3.7810338
2023-12-31 08:00:00,3.5542781,3.8343096
2023-12-31 09:00:00,3.7268043,3.9509325
2023-12-31 10:00:00,3.4882889,3.9013407
2023-12-31 11:00:00,3.3405037,3.6194448
2023-12-31 12:00:00,3.1044874,3.5855558
2023-12-31 13:00:00,2.9708006,3.6766748
2023-12-31 14:00:00,2.7548661,3.7478664
2023-12-31 15:00:00,2.6616497,3.6756413
2023-12-31 16:00:00,2.5107343,3.733492
2023-12-31 17:00:00,2.3524282,3.731172
2023-12-31 18:00:00,2.4497046,3.7446022
2023-12-31 19:00:00,3.3333259,3.8244107
2023-12-31 20:00:00,3.9438844,3.8799574
2023-12-31 21:00:00,4.3270116,3.9306202
2023-12-31 22:00:00,4.270025,3.9581993
2023-12-31 23:00:00,4.13837,4.0412307
2024-01-01 00:00:00,3.6770196,4.0175476
2024-01-01 01:00:00,3.3856554,3.859903
2024-01-01 02:00:00,3.1146522,3.7862713
2024-01-01 03:00:00,2.9053261,3.8056657
2024-01-01 04:00:00,2.7439373,3.7571607
2024-01-01 05:00:00,2.6539953,3.7508364
2024-01-01 06:00:00,2.6365433,3.764442
2024-01-01 07:00:00,3.5764942,3.789665
2024-01-01 08:00:00,3.8185847,3.874873
2024-01-01 09:00:00,3.7522771,3.800301
2024-01-01 10:00:00,3.7559264,3.77844
2024-01-01 11:00:00,3.7058976,3.798994
2024-01-01 12:00:00,3.417675,3.8107738
2024-01-01 13:00:00,3.2434344,3.7063434
2024-01-01 14:00:00,2.9270284,3.6954215
2024-01-01 15:00:00,2.7573843,3.7073948
2024-01-01 16:00:00,2.5994368,3.7124286
2024-01-01 17:00:00,2.5134766,3.650262
2024-01-01 18:00:00,2.405859,3.7163367
2024-01-01 19:00:00,2.7906926,3.6873524
2024-01-01 20:00:00,3.8002996,3.8688645
2024-01-01 21:00:00,4.1181355,3.9211257
2024-01-01 22:00:00,4.145297,3.906375
2024-01-01 23:00:00,4.0465293,3.9082832
2024-01-02 00:00:00,3.5453422,3.8768005
2024-01-02 01:00:00,3.3545802,3.8545318
2024-01-02 02:00:00,3.1234448,3.7825825
2024-01-02 03:00:00,2.9185495,3.7864099
2024-01-02 04:00:00,2.7460973,3.7970707
2024-01-02 05:00:00,2.5761428,3.7422068
2024-01-02 06:00:00,2.5104845,3.7468848
2024-01-02 07:00:00,2.729932,3.77451
2024-01-02 08:00:00,2.9639945,3.7764902
2024-01-02 09:00:00,3.4698763,3.8195515
2024-01-02 10:00:00,3.636446,3.844846
2024-01-02 11:00:00,3.6961734,3.8373637
2024-01-02 12:00:00,3.4140496,3.690752
2024-01-02 13:00:00,3.1856112,3.6542268
2024-01-02 14:00:00,2.849961,3.65185
2024-01-02 15:00:00,2.7235188,3.7298875
2024-01-02 16:00:00,2.669804,3.7405658
2024-01-02 17:00:00,2.506077,3.7342274
2024-01-02 18:00:00,2.4264777,3.6674588
2024-01-02 19:00:00,2.3924258,3.6738977
2024-01-02 20:00:00,3.3239076,3.7529144
2024-01-02 21:00:00,3.986343,3.831653
2024-01-02 22:00:00,4.2426367,3.8578854
2024-01-02 23:00:00,4.054261,3.7722237
2024-01-03 00:00:00,3.9284613,3.7022896
2024-01-03 01:00:00,3.5087733,3.7306342
2024-01-03 02:00:00,3.2923129,3.72202
2024-01-03 03:00:00,3.0565312,3.7040272
2024-01-03 04:00:00,2.9173415,3.7083025
2024-01-03 05:00:00,2.7549212,3.7086632
2024-01-03 06:00:00,2.5935392,3.7080605
2024-01-03 07:00:00,2.6097667,3.721764
2024-01-03 08:00:00,3.039521,3.75464
2024-01-03 09:00:00,3.5020056,3.7842748
2024-01-03 10:00:00,3.4690068,3.7664127
2024-01-03 11:00:00,3.3424375,3.7557712
2024-01-03 12:00:00,3.4841895,3.4092062
2024-01-03 13:00:00,3.2760344,3.6300645
2024-01-03 14:00:00,3.0565157,3.7155
2024-01-03 15:00:00,2.8416562,3.6421
2024-01-03 16:00:00,2.7827494,3.6475
2024-01-03 17:00:00,2.5759554,3.6531358
2024-01-03 18:00:00,2.520077,3.6533694
2024-01-03 19:00:00,2.4131021,3.6536846
2024-01-03 20:00:00,2.679057,3.6719463
2024-01-03 21:00:00,3.5119185,3.739355
2024-01-03 22:00:00,3.7871468,3.8241086
2024-01-03 23:00:00,3.906294,3.7854095
2024-01-04 00:00:00,3.840929,3.739111
2024-01-04 01:00:00,3.5695853,3.6792283
2024-01-04 02:00:00,3.194024,3.704969
2024-01-04 03:00:00,2.938071,3.6939986
2024-01-04 04:00:00,2.8216689,3.710921
2024-01-04 05:00:00,2.6483874,3.645045
2024-01-04 06:00:00,2.5059073,3.6499662
2024-01-04 07:00:00,2.4039931,3.6612165
2024-01-04 08:00:00,2.526807,3.6753266
2024-01-04 09:00:00,2.7916963,3.6775959
2024-01-04 10:00:00,3.1679692,3.6882803
2024-01-04 11:00:00,3.3368497,3.6988237
2024-01-04 12:00:00,3.4662213,3.710551
2024-01-04 13:00:00,3.450809,3.6918275
2024-01-04 14:00:00,3.1062417,3.7138267
2024-01-04 15:00:00,2.9075224,3.697483
2024-01-04 16:00:00,2.756826,3.697835
2024-01-04 17:00:00,2.6113603,3.7071354
2024-01-04 18:00:00,2.4309652,3.6511729
2024-01-04 19:00:00,2.3469412,3.6549237
2024-01-04 20:00:00,2.2963743,3.6644797
2024-01-04 21:00:00,2.8899422,3.766986
2024-01-04 22:00:00,3.512657,3.8253074
2024-01-04 23:00:00,3.768628,3.8485518
2024-01-05 00:00:00,3.7307608,3.8276465
2024-01-05 01:00:00,3.5835617,3.7823956
2024-01-05 02:00:00,3.163919,3.730969
2024-01-05 03:00:00,2.960169,3.7226505
2024-01-05 04:00:00,2.807151,3.7261705
2024-01-05 05:00:00,2.6657312,3.6712105
2024-01-05 06:00:00,2.4934292,3.675123
2024-01-05 07:00:00,2.3241432,3.6865702
2024-01-05 08:00:00,2.3193188,3.6912754
2024-01-05 09:00:00,2.5088902,3.757545
2024-01-05 10:00:00,2.5501406,3.6758943
2024-01-05 11:00:00,2.8183498,3.6604757
2024-01-05 12:00:00,3.1376002,3.6876152
2024-01-05 13:00:00,3.4202712,3.7208264
2024-01-05 14:00:00,3.3707333,3.70338
2024-01-05 15:00:00,3.1053526,3.7275865
2024-01-05 16:00:00,2.8956954,3.7182589
2024-01-05 17:00:00,2.6493309,3.720499
2024-01-05 18:00:00,2.5969775,3.670545
2024-01-05 19:00:00,2.519434,3.7371306
2024-01-05 20:00:00,2.4107258,3.7482798
2024-01-05 21:00:00,2.3581607,3.678159
2024-01-05 22:00:00,2.5446348,3.6876142
2024-01-05 23:00:00,3.238777,3.726444
2024-01-06 00:00:00,3.5531056,3.8213906
2024-01-06 01:00:00,3.7351322,3.851678
2024-01-06 02:00:00,3.6836848,3.8213856
2024-01-06 03:00:00,3.1753771,3.7325692
2024-01-06 04:00:00,2.961079,3.7207494
2024-01-06 05:00:00,2.7322752,3.7280915
2024-01-06 06:00:00,2.589713,3.7373407
2024-01-06 07:00:00,2.5789163,3.6761072
2024-01-06 09:00:00,2.3954859,3.7339973
2024-01-06 10:00:00,2.4033306,3.681736
2024-01-06 11:00:00,2.5733821,3.6318145
2024-01-06 12:00:00,3.1771762,3.7313843
2024-01-06 13:00:00,3.3486173,3.7450516
2024-01-06 14:00:00,3.1777954,3.7730107
2024-01-06 15:00:00,3.4191883,3.3633428
2024-01-06 16:00:00,3.2691627,3.5792131
2024-01-06 17:00:00,3.0058868,3.6660817
2024-01-06 18:00:00,2.985711,3.66827
2024-01-06 19:00:00,2.861027,3.645734
2024-01-06 20:00:00,2.5981839,3.6295102
2024-01-06 21:00:00,2.506304,3.6203063
2024-01-06 22:00:00,2.505391,3.643404
2024-01-06 23:00:00,2.6010835,3.6533225
2024-01-07 00:00:00,2.934752,3.6488705
2024-01-07 01:00:00,3.3719714,3.663485
2024-01-07 02:00:00,3.5535235,3.7088287
2024-01-07 03:00:00,3.546866,3.715301
2024-01-07 04:00:00,3.0542698,3.64696
2024-01-07 05:00:00,2.859114,3.6207442
2024-01-07 06:00:00,2.6634572,3.6197054
2024-01-07 07:00:00,2.5437636,3.640461
2024-01-07 08:00:00,2.4486148,3.64814
2024-01-07 09:00:00,2.2787933,3.648421
2024-01-07 10:00:00,2.2201474,3.710847
2024-01-07 11:00:00,2.3468354,3.6664627
2024-01-07 12:00:00,2.587575,3.6710222
2024-01-07 13:00:00,3.0887902,3.6906207
2024-01-07 14:00:00,3.417984,3.7187045
2024-01-07 15:00:00,3.647294,3.7448597
2024-01-07 16:00:00,3.6628802,3.804535
2024-01-07 17:00:00,3.467399,3.7016768
2024-01-07 18:00:00,3.222665,3.6771371
2024-01-07 19:00:00,3.040045,3.738767
2024-01-07 20:00:00,2.7852914,3.7360787
2024-01-07 21:00:00,2.661453,3.7331634
2024-01-07 22:00:00,2.5553703,3.7349808
2024-01-07 23:00:00,2.4992082,3.7326117
2024-01-08 00:00:00,2.4994676,3.66672
2024-01-08 01:00:00,2.9694662,3.6885886
2024-01-08 02:00:00,3.3834171,3.723039
2024-01-08 03:00:00,3.3520205,3.706407
2024-01-08 04:00:00,3.4352305,3.782583
2024-01-08 05:00:00,3.4457943,3.7814944
2024-01-08 06:00:00,3.0155368,3.7204957
2024-01-08 07:00:00,2.7995331,3.7075858
2024-01-08 08:00:00,2.669794,3.718035
2024-01-08 09:00:00,2.5263028,3.7247398
2024-01-08 10:00:00,2.4237564,3.7265005
2024-01-08 11:00:00,2.267218,3.7280624
2024-01-08 12:00:00,2.2805116,3.6801562
2024-01-08 13:00:00,2.4088464,3.747623
2024-01-08 14:00:00,3.2516327,3.7459705
2024-01-08 15:00:00,3.547129,3.8281844
2024-01-08 16:00:00,3.5429997,3.8274422
2024-01-08 17:00:00,3.790769,3.6282496
2024-01-08 18:00:00,3.6059186,3.7895834
2024-01-08 19:00:00,3.3264623,3.7743614
2024-01-08 20:00:00,3.0815876,3.748555
2024-01-08 21:00:00,2.8557892,3.7329822
2024-01-08 22:00:00,2.6239245,3.7327025
2024-01-08 23:00:00,2.538777,3.735435
2024-01-09 00:00:00,2.4150977,3.74043
2024-01-09 01:00:00,2.4227598,3.7387908
2024-01-09 02:00:00,2.8311763,3.7533877
2024-01-09 03:00:00,3.360443,3.7766826
2024-01-09 04:00:00,3.3903782,3.7768683
2024-01-09 05:00:00,3.50031,3.794926
2024-01-09 06:00:00,3.247467,3.7550225
2024-01-09 07:00:00,3.0080643,3.653935
2024-01-09 08:00:00,2.7589355,3.7120178
2024-01-09 09:00:00,2.5650556,3.738724
2024-01-09 10:00:00,2.4260256,3.7467544
2024-01-09 11:00:00,2.3235762,3.7527347
2024-01-09 12:00:00,2.2371988,3.754239
2024-01-09 13:00:00,2.222329,3.7557554
2024-01-09 14:00:00,2.462441,3.7660193
2024-01-09 15:00:00,3.298779,3.8065927
2024-01-09 16:00:00,3.7064838,3.6492558
2024-01-09 17:00:00,3.871706,3.8702736
2024-01-09 18:00:00,3.9248943,3.7932496
2024-01-09 19:00:00,3.5117462,3.8471415
2024-01-09 20:00:00,3.2842681,3.8265386
2024-01-09 21:00:00,3.0240834,3.8122678
2024-01-09 22:00:00,2.8289309,3.7367423
2024-01-09 23:00:00,2.6096148,3.7413948
2024-01-10 00:00:00,2.5400474,3.746778
2024-01-10 01:00:00,2.3648329,3.7404494
2024-01-10 02:00:00,2.427051,3.6712866
2024-01-10 03:00:00,2.7559724,3.7429483
2024-01-10 04:00:00,3.4168806,3.734771
2024-01-10 05:00:00,3.5619476,3.8235946
2024-01-10 06:00:00,3.6284704,3.8287392
2024-01-10 07:00:00,3.488117,3.7759018
2024-01-10 08:00:00,3.1742718,3.7199671
2024-01-10 09:00:00,2.9106765,3.7087948
2024-01-10 10:00:00,2.6933773,3.7219224
2024-01-10 11:00:00,2.5548007,3.7299488
2024-01-10 12:00:00,2.3892324,3.7359257
2024-01-10 13:00:00,2.2298093,3.7355688
2024-01-10 14:00:00,2.2705076,3.7506354
2024-01-10 15:00:00,2.567326,3.705565
2024-01-10 16:00:00,3.550151,3.7701657
2024-01-10 17:00:00,3.9766507,3.8167508
2024-01-10 18:00:00,4.2424517,3.8683562
2024-01-10 19:00:00,4.063321,3.7851079
2024-01-10 20:00:00,3.7855413,3.9342558
2024-01-10 21:00:00,3.4532099,3.8924696
2024-01-10 22:00:00,3.1453946,3.7959914
2024-01-10 23:00:00,2.949044,3.788669
2024-01-11 00:00:00,2.7131271,3.7953327
2024-01-11 01:00:00,2.5577214,3.794276
2024-01-11 02:00:00,2.468635,3.7980747
2024-01-11 03:00:00,2.4539702,3.7397754
2024-01-11 04:00:00,2.9386299,3.7604651
2024-01-11 05:00:00,3.5818589,3.8186975
2024-01-11 06:00:00,3.8189723,3.8741362
2024-01-11 07:00:00,3.7993429,3.8589823
2024-01-11 08:00:00,3.4237356,3.762371
2024-01-11 09:00:00,3.1246243,3.721619
2024-01-11 10:00:00,2.909028,3.7286491
2024-01-11 11:00:00,2.706355,3.7484586
2024-01-11 12:00:00,2.4874809,3.687391
2024-01-11 13:00:00,2.3753397,3.742055
2024-01-11 14:00:00,2.3114371,3.750876
2024-01-11 15:00:00,2.3232832,3.751349
2024-01-11 16:00:00,2.9624987,3.7882934
2024-01-11 17:00:00,3.861424,3.8696115
2024-01-11 18:00:00,4.1764092,3.9191484
2024-01-11 19:00:00,4.2330117,3.8454366
2024-01-11 20:00:00,4.0903506,3.9907002
2024-01-11 21:00:00,3.6165025,3.9692502
2024-01-11 22:00:00,3.445342,3.9447472
2024-01-11 23:00:00,3.0460815,3.8602667
2024-01-12 00:00:00,2.8521798,3.8674212
2024-01-12 01:00:00,2.6281102,3.817943
2024-01-12 02:00:00,2.5384989,3.829921
2024-01-12 03:00:00,2.365474,3.8355584
2024-01-12 04:00:00,2.4288988,3.7727304
2024-01-12 05:00:00,2.909026,3.7825885
2024-01-12 06:00:00,3.6296685,3.8575356
2024-01-12 07:00:00,3.8836675,3.9105084
2024-01-12 08:00:00,3.7490685,3.864173
2024-01-12 09:00:00,3.2875507,3.6924796
2024-01-12 10:00:00,3.0130517,3.663345
2024-01-12 11:00:00,2.7954857,3.7430027
2024-01-12 12:00:00,2.6103966,3.7578404
2024-01-12 13:00:00,2.5378098,3.7507167
2024-01-12 14:00:00,2.3752594,3.6851025
2024-01-12 15:00:00,2.2244322,3.738623
2024-01-12 16:00:00,2.2502398,3.7509658
2024-01-12 17:00:00,3.1135964,3.7422307
2024-01-12 18:00:00,3.852592,3.8603275
2024-01-12 19:00:00,4.3998137,3.9723282
2024-01-12 20:00:00,4.3517017,4.0837803
2024-01-12 21:00:00,4.219205,4.142897
2024-01-12 22:00:00,3.6087766,4.0744286
2024-01-12 23:00:00,3.3621426,3.9893205
2024-01-13 00:00:00,3.1138985,3.9218268
2024-01-13 01:00:00,2.8539445,3.8670342
2024-01-13 02:00:00,2.6971295,3.83067
2024-01-13 03:00:00,2.5372002,3.8365574
2024-01-13 04:00:00,2.4552746,3.7840853
2024-01-13 05:00:00,2.715541,3.8066928
2024-01-13 06:00:00,3.6360545,3.8847044
2024-01-13 07:00:00,3.7995498,3.9114015
2024-01-13 08:00:00,4.170049,3.9803321
2024-01-13 09:00:00,3.8620932,3.874151
2024-01-13 10:00:00,3.3950553,3.8244798
2024-01-13 11:00:00,3.1844223,3.793851
2024-01-13 12:00:00,2.9120154,3.7985594
2024-01-13 13:00:00,2.778623,3.8030438
2024-01-13 14:00:00,2.538623,3.7990434
2024-01-13 15:00:00,2.4368591,3.7398522
2024-01-13 16:00:00,2.3073967,3.7448905
2024-01-13 17:00:00,2.451222,3.7673476
2024-01-13 18:00:00,3.6806417,3.8763335
2024-01-13 19:00:00,4.167746,3.9219236
2024-01-13 20:00:00,4.6294956,4.0346107
2024-01-13 21:00:00,4.3943076,4.2398396
2024-01-13 22:00:00,3.927484,4.2355065
2024-01-13 23:00:00,3.6413639,4.1469226
2024-01-14 00:00:00,3.4257607,3.9984121
2024-01-14 01:00:00,3.1811879,3.9363377
2024-01-14 02:00:00,2.9750893,3.880785
2024-01-14 03:00:00,2.729006,3.8996794
2024-01-14 04:00:00,2.6427732,3.8459284
2024-01-14 05:00:00,2.4497309,3.8482738
2024-01-14 06:00:00,3.1598504,3.9176562
2024-01-14 07:00:00,3.9191449,4.008109
2024-01-14 08:00:00,4.00111,4.031014
2024-01-14 09:00:00,4.148857,4.038845
2024-01-14 10:00:00,3.7816055,3.9096894
2024-01-14 11:00:00,3.4620676,3.9013975
2024-01-14 12:00:00,3.1085806,3.8701863
2024-01-14 13:00:00,2.934065,3.8212357
2024-01-14 14:00:00,2.7997334,3.830606
2024-01-14 15:00:00,2.550333,3.8261952
2024-01-14 16:00:00,2.3685834,3.7679644
2024-01-14 17:00:00,2.3289497,3.7770529
2024-01-14 18:00:00,2.532851,3.7963421
2024-01-14 19:00:00,3.8335114,3.9071498
2024-01-14 20:00:00,4.3482857,4.0520554
2024-01-14 21:00:00,4.447129,3.992419
2024-01-14 22:00:00,4.2753854,4.111834
2024-01-14 23:00:00,3.7849662,4.1359534
2024-01-15 00:00:00,3.452113,4.006689
2024-01-15 01:00:00,3.191717,3.9246504
2024-01-15 02:00:00,3.02814,3.876462
2024-01-15 03:00:00,2.8087919,3.8853965
2024-01-15 04:00:00,2.6608796,3.8354347
2024-01-15 05:00:00,2.5408583,3.8436687
2024-01-15 06:00:00,2.4754999,3.8544173
2024-01-15 07:00:00,3.255066,3.9060965
2024-01-15 08:00:00,3.81534,3.9715712
2024-01-15 09:00:00,4.220632,3.980599
2024-01-15 10:00:00,4.142001,3.9930344
2024-01-15 11:00:00,3.886602,4.0426836
2024-01-15 12:00:00,3.5258284,4.0362315
2024-01-15 13:00:00,3.2285225,3.7436411
2024-01-15 14:00:00,3.0340214,3.8127873
2024-01-15 15:00:00,2.8008914,3.7602775
2024-01-15 16:00:00,2.6084821,3.8264613
2024-01-15 17:00:00,2.5231671,3.83683
2024-01-15 18:00:00,2.4457238,3.7706947
2024-01-15 19:00:00,3.0207536,3.8776855
2024-01-15 20:00:00,4.019923,3.9183607
2024-01-15 21:00:00,4.4417243,3.9990375
2024-01-15 22:00:00,4.418413,4.1147704
2024-01-15 23:00:00,4.3052893,4.246881
2024-01-16 00:00:00,3.8448122,4.2591076
2024-01-16 01:00:00,3.670845,4.010156
2024-01-16 02:00:00,3.2950184,3.9230716
2024-01-16 03:00:00,3.0627508,3.881003
2024-01-16 04:00:00,2.8242295,3.8938487
2024-01-16 05:00:00,2.6399724,3.9038048
2024-01-16 06:00:00,2.4807832,3.8402715
2024-01-16 07:00:00,2.6611664,3.8649027
2024-01-16 08:00:00,3.3648,3.930983
2024-01-16 09:00:00,3.956128,4.0171027
2024-01-16 10:00:00,4.0878,4.038593
2024-01-16 11:00:00,3.8273988,3.7918565
2024-01-16 12:00:00,3.501861,3.841707
2024-01-16 13:00:00,3.2971742,3.8234434
2024-01-16 14:00:00,2.975417,3.815675
2024-01-16 15:00:00,2.7833664,3.8272192
2024-01-16 16:00:00,2.6283174,3.8299556
2024-01-16 17:00:00,2.4624543,3.8266342
2024-01-16 18:00:00,2.3927329,3.829878
2024-01-16 19:00:00,2.3815746,3.8370392
2024-01-16 20:00:00,3.3766294,3.9072158
2024-01-16 21:00:00,4.115692,3.9783833
2024-01-16 22:00:00,4.4851155,4.0653195
2024-01-16 23:00:00,4.2370563,3.9682448
2024-01-17 00:00:00,3.8618274,4.004621
2024-01-17 01:00:00,3.588727,3.9035048
2024-01-17 02:00:00,3.3105247,3.8938572
2024-01-17 03:00:00,3.0266228,3.8931885
2024-01-17 04:00:00,2.8857727,3.8408573
2024-01-17 05:00:00,2.6485445,3.8394268
2024-01-17 06:00:00,2.5380275,3.847212
2024-01-17 07:00:00,2.551053,3.8555245
2024-01-17 08:00:00,3.1479857,3.8981347
2024-01-17 09:00:00,3.7499547,3.9370074
2024-01-17 10:00:00,3.7200239,3.9271002
2024-01-17 11:00:00,3.9361634,3.9640617
2024-01-17 12:00:00,3.7847157,3.735885
2024-01-17 13:00:00,3.5070963,3.9002151
2024-01-17 14:00:00,3.254524,3.7512124
2024-01-17 15:00:00,3.0530024,3.814704
2024-01-17 17:00:00,2.8280902,3.8279912
2024-01-17 18:00:00,2.6489458,3.8275766
2024-01-17 19:00:00,2.4112592,3.8209336
2024-01-17 20:00:00,2.2478929,3.8300557
2024-01-17 21:00:00,2.4056737,3.6516325
2024-01-17 22:00:00,4.0797954,4.022485
2024-01-17 23:00:00,4.528182,3.9302962
2024-01-18 00:00:00,4.1130705,3.9402466
2024-01-18 01:00:00,3.5623136,3.954288
2024-01-18 02:00:00,3.3103662,3.8472164
2024-01-18 03:00:00,3.0712695,3.7734618
2024-01-18 04:00:00,2.9928339,3.80635
2024-01-18 05:00:00,2.752434,3.8090253
2024-01-18 06:00:00,2.5814095,3.8127534
2024-01-18 07:00:00,2.4995983,3.814117
2024-01-18 08:00:00,2.6737154,3.765271
2024-01-18 09:00:00,3.0601363,3.7857244
2024-01-18 10:00:00,3.427981,3.8813715
2024-01-18 11:00:00,3.7584596,3.9474406
2024-01-18 12:00:00,3.8734262,3.8636608
2024-01-18 13:00:00,3.8248725,3.8110049
2024-01-18 14:00:00,3.445647,3.8221958
2024-01-18 15:00:00,3.1516054,3.60415
2024-01-18 16:00:00,2.9507902,3.7437773
2024-01-18 17:00:00,2.7419932,3.8223362
2024-01-18 18:00:00,2.6444175,3.820362
2024-01-18 19:00:00,2.5059695,3.810743
2024-01-18 20:00:00,2.4422653,3.7584996
2024-01-18 21:00:00,2.9300506,3.7928782
2024-01-18 22:00:00,3.7152581,3.8575692
2024-01-18 23:00:00,4.014282,3.9629602
2024-01-19 00:00:00,4.020974,3.86267
2024-01-19 01:00:00,3.915413,3.8639913
2024-01-19 02:00:00,3.5466914,3.8065398
2024-01-19 03:00:00,3.2876403,3.8003993
2024-01-19 04:00:00,3.066233,3.8118186
2024-01-19 05:00:00,2.852732,3.8114421
2024-01-19 06:00:00,2.75111,3.8166413
2024-01-19 07:00:00,2.5991414,3.8128223
2024-01-19 08:00:00,2.574998,3.8213131
2024-01-19 09:00:00,2.8554728,3.8503418
2024-01-19 10:00:00,3.394598,3.8844116
2024-01-19 11:00:00,3.3692083,3.860955
2024-01-19 12:00:00,3.6739483,3.9037013
2024-01-19 13:00:00,3.8971276,3.772567
2024-01-19 14:00:00,3.8045,3.8788795
2024-01-19 15:00:00,3.4931703,3.9155328
2024-01-19 16:00:00,3.2393277,3.6978097
2024-01-19 17:00:00,3.1064684,3.7564993
2024-01-19 18:00:00,2.7984853,3.7637734
2024-01-19 19:00:00,2.7588732,3.7713177
2024-01-19 20:00:00,2.6093767,3.830934
2024-01-19 21:00:00,2.5730362,3.8362367
2024-01-19 22:00:00,3.3911207,3.8995085
2024-01-19 23:00:00,3.590111,3.9686096
2024-01-20 00:00:00,3.6158397,3.888764
2024-01-20 01:00:00,3.7968965,3.8982337
2024-01-20 02:00:00,3.6873724,3.8464162
2024-01-20 03:00:00,3.3868706,3.800437
2024-01-20 04:00:00,3.0809402,3.7852926
2024-01-20 05:00:00,2.9590092,3.8218026
2024-01-20 06:00:00,2.8107731,3.830625
2024-01-20 07:00:00,2.6276047,3.839443
2024-01-20 08:00:00,2.5323792,3.8431895
2024-01-20 09:00:00,2.5189402,3.8503504
2024-01-20 10:00:00,2.6827996,3.856849
2024-01-20 11:00:00,2.7017658,3.8394449
2024-01-20 12:00:00,3.0003817,3.835093
2024-01-20 13:00:00,3.5539029,3.9646888
2024-01-20 14:00:00,3.8311017,3.9259884
2024-01-20 15:00:00,3.7511134,3.9603026
2024-01-20 16:00:00,3.4122732,3.9141133
2024-01-20 17:00:00,3.3546596,3.9206476
2024-01-20 18:00:00,3.106838,3.9165034
2024-01-20 19:00:00,2.9316723,3.915867
2024-01-20 20:00:00,2.7745242,3.8552456
2024-01-20 21:00:00,2.6873293,3.8593001
2024-01-20 22:00:00,2.6793706,3.8667674
2024-01-20 23:00:00,2.7203562,3.871112
2024-01-21 00:00:00,3.4979439,3.9203982
2024-01-21 01:00:00,2.9641604,3.9173515
2024-01-21 02:00:00,3.209263,3.8691795
2024-01-21 03:00:00,3.411578,3.880015
2024-01-21 04:00:00,3.1866405,3.8531044
2024-01-21 05:00:00,2.9530325,3.8338954
2024-01-21 06:00:00,2.7394228,3.8257797
2024-01-21 07:00:00,2.7077596,3.8425105
2024-01-21 08:00:00,2.6218877,3.8504155
2024-01-21 09:00:00,2.4597788,3.8503795
2024-01-21 10:00:00,2.4642603,3.8594563
2024-01-21 11:00:00,2.442734,3.9256191
2024-01-21 13:00:00,2.602243,3.8699563
2024-01-21 14:00:00,3.1310606,3.8768723
2024-01-21 15:00:00,4.096591,3.999336
2024-01-21 16:00:00,4.032509,3.972092
2024-01-21 17:00:00,3.883225,3.9072406
2024-01-21 18:00:00,3.7154555,3.8806958
2024-01-21 19:00:00,3.505423,3.9409664
2024-01-21 20:00:00,3.2819781,3.9269996
2024-01-21 21:00:00,3.1044638,3.9190168
2024-01-21 22:00:00,2.870398,3.9140193
2024-01-21 23:00:00,2.77849,3.8496833
2024-01-22 00:00:00,2.744005,3.8441696
2024-01-22 01:00:00,2.923036,3.8639498
2024-01-22 02:00:00,3.469482,3.88159
2024-01-22 03:00:00,3.620516,3.896512
2024-01-22 04:00:00,3.5987399,3.8970184
2024-01-22 05:00:00,3.4441218,3.8665867
2024-01-22 06:00:00,3.304075,3.8377156
2024-01-22 07:00:00,3.2293591,3.8310862
2024-01-22 08:00:00,3.0445478,3.8230793
2024-01-22 09:00:00,2.8854141,3.8278625
2024-01-22 10:00:00,2.7052085,3.826208
2024-01-22 11:00:00,2.626314,3.8328414
2024-01-22 12:00:00,2.4919896,3.8323202
2024-01-22 13:00:00,2.53699,3.8444922
2024-01-22 14:00:00,3.1446605,3.8189187
2024-01-22 15:00:00,3.7976375,3.812102
2024-01-22 16:00:00,4.066539,3.991168
2024-01-22 17:00:00,4.026155,3.824479
2024-01-22 18:00:00,3.961836,3.9161239
2024-01-22 19:00:00,3.5070536,3.9173207
2024-01-22 20:00:00,3.3016355,3.760302
2024-01-22 21:00:00,3.0963411,3.8149128
2024-01-22 22:00:00,2.9294028,3.828818
2024-01-22 23:00:00,2.776543,3.8221974
2024-01-23 00:00:00,2.6233068,3.8116224
2024-01-23 01:00:00,2.559052,3.81407
2024-01-23 02:00:00,2.755745,3.8252225
2024-01-23 03:00:00,2.7965882,3.8146846
2024-01-23 04:00:00,3.14237,3.8336985
2024-01-23 05:00:00,3.2631726,3.847826
2024-01-23 07:00:00,3.3436623,3.8528838
2024-01-23 08:00:00,2.9935815,3.8120482
2024-01-23 09:00:00,2.571643,3.7972498
2024-01-23 10:00:00,2.431914,3.8207731
2024-01-23 11:00:00,2.4458406,3.847833
2024-01-23 12:00:00,2.3618557,3.8574185
2024-01-23 13:00:00,2.1707902,3.8544278
2024-01-23 14:00:00,2.098664,3.8129222
2024-01-23 15:00:00,2.545458,3.8165457
2024-01-23 16:00:00,3.2804637,3.849522
2024-01-23 17:00:00,3.4849699,3.8599265
2024-01-23 18:00:00,3.7909813,3.8837953
2024-01-23 19:00:00,3.821379,3.9328542
2024-01-23 20:00:00,3.2372696,3.8599825
2024-01-23 21:00:00,2.951949,3.8426292
2024-01-23 22:00:00,2.7220776,3.7856805
2024-01-23 23:00:00,2.6082184,3.7845182
2024-01-24 00:00:00,2.4537134,3.7843425
2024-01-24 01:00:00,2.271018,3.7794294
2024-01-24 02:00:00,2.2190769,3.775951
2024-01-24 03:00:00,2.337153,3.7803497
2024-01-24 04:00:00,2.52976,3.7646065
2024-01-24 05:00:00,3.0422034,3.776362
2024-01-24 06:00:00,3.2590072,3.7876623
2024-01-24 07:00:00,3.3815045,3.7977867
2024-01-24 08:00:00,3.0392342,3.7510035
2024-01-24 09:00:00,2.632337,3.784241
2024-01-24 10:00:00,2.4656558,3.747867
2024-01-24 11:00:00,2.308224,3.7706716
2024-01-24 12:00:00,2.2101977,3.7791138
2024-01-24 13:00:00,2.103986,3.7810104
2024-01-24 14:00:00,1.9467142,3.841992
2024-01-24 15:00:00,2.021734,3.7972574
2024-01-24 16:00:00,2.8162348,3.794283
2024-01-24 17:00:00,3.3195767,3.8079987
2024-01-24 18:00:00,3.869456,3.879434
2024-01-24 19:00:00,3.8511422,3.869195
2024-01-24 20:00:00,3.5474257,3.8060453
2024-01-24 21:00:00,3.1830022,3.7680085
2024-01-24 22:00:00,2.9791195,3.7839754
2024-01-24 23:00:00,2.7027774,3.780779
2024-01-25 00:00:00,2.5646975,3.7805314
2024-01-25 01:00:00,2.420958,3.779527
2024-01-25 02:00:00,2.3256662,3.7705972
2024-01-25 03:00:00,2.236353,3.7051687
2024-01-25 04:00:00,2.6365578,3.7725892
2024-01-25 05:00:00,3.2256186,3.7945015
2024-01-25 06:00:00,3.3133664,3.783216
2024-01-25 07:00:00,3.588337,3.814372
2024-01-25 08:00:00,3.6076066,3.7999525
2024-01-25 09:00:00,3.0941942,3.7860212
2024-01-25 10:00:00,2.8576996,3.717991
2024-01-25 11:00:00,2.6602669,3.7909372
2024-01-25 12:00:00,2.532964,3.752569
2024-01-25 13:00:00,2.3731873,3.7480116
2024-01-25 14:00:00,2.2066858,3.7565515
2024-01-25 15:00:00,2.0636141,3.7742631
2024-01-25 16:00:00,2.3165166,3.7778795
2024-01-25 17:00:00,3.3928783,3.8407488
2024-01-25 18:00:00,3.9334126,3.889986
2024-01-25 19:00:00,4.2378416,3.941697
2024-01-25 20:00:00,4.029288,3.9349256
2024-01-25 21:00:00,3.5942757,3.909689
2024-01-25 22:00:00,3.314233,3.812842
2024-01-25 23:00:00,2.9969075,3.8057768
2024-01-26 00:00:00,2.8309865,3.8152466
2024-01-26 01:00:00,2.684964,3.8246527
2024-01-26 02:00:00,2.5446122,3.832776
2024-01-26 03:00:00,2.3790698,3.7614508
2024-01-26 04:00:00,2.4595346,3.7696285
2024-01-26 05:00:00,2.951603,3.7943833
2024-01-26 06:00:00,3.477025,3.8240237
2024-01-26 07:00:00,3.7123954,3.8573005
2024-01-26 08:00:00,3.7474053,3.8454573
2024-01-26 09:00:00,3.5639162,3.8530629
2024-01-26 10:00:00,3.2344427,3.8074877
2024-01-26 11:00:00,2.9816349,3.7980325
2024-01-26 12:00:00,2.6908064,3.8021479
2024-01-26 13:00:00,2.604701,3.7492707
2024-01-26 14:00:00,2.448379,3.7512624
2024-01-26 15:00:00,2.300073,3.7544234
2024-01-26 16:00:00,2.2839322,3.76361
2024-01-26 17:00:00,2.7985704,3.794124
2024-01-26 18:00:00,3.8457265,3.889544
2024-01-26 19:00:00,4.34212,4.0484123
2024-01-26 20:00:00,4.272319,4.0129104
2024-01-26 21:00:00,4.0866685,3.9060493
2024-01-26 22:00:00,3.5985096,3.8127012
2024-01-26 23:00:00,3.3403134,3.874685
2024-01-27 00:00:00,3.0610101,3.8004463
2024-01-27 01:00:00,2.866524,3.7382703
2024-01-27 02:00:00,2.7127512,3.8168006
2024-01-27 03:00:00,2.6345692,3.8294206
2024-01-27 04:00:00,2.5075414,3.8276355
2024-01-27 05:00:00,2.7624583,3.8523536
2024-01-27 06:00:00,3.5773616,3.9130447
2024-01-27 07:00:00,3.8585997,3.9338052
2024-01-27 08:00:00,3.9913852,3.880525
2024-01-27 09:00:00,3.8645067,3.8943686
2024-01-27 10:00:00,3.4253943,3.8023372
2024-01-27 11:00:00,3.2323918,3.7854755
2024-01-27 12:00:00,3.0448124,3.8086479
2024-01-27 13:00:00,2.8102984,3.8232615
2024-01-27 14:00:00,2.6245615,3.8206477
2024-01-27 15:00:00,2.4542546,3.8271258
2024-01-27 16:00:00,2.4041808,3.8349195
2024-01-27 17:00:00,2.5134292,3.7789047
2024-01-27 18:00:00,3.5398183,3.854046
2024-01-27 19:00:00,4.040615,3.9087663
2024-01-27 20:00:00,4.490938,3.9973173
2024-01-27 21:00:00,4.275618,4.1342006
2024-01-27 22:00:00,3.7728393,4.1409907
2024-01-27 23:00:00,3.5740225,4.083226
2024-01-28 00:00:00,3.3066916,3.939845
2024-01-28 01:00:00,3.1122591,3.9462132
2024-01-28 02:00:00,2.8986828,3.892418
2024-01-28 03:00:00,2.8069181,3.8358812
2024-01-28 04:00:00,2.6502569,3.8323398
2024-01-28 05:00:00,2.5807118,3.8432815
2024-01-28 06:00:00,3.217066,3.9079695
2024-01-28 07:00:00,3.7671618,3.9662142
2024-01-28 08:00:00,3.9823859,4.009912
2024-01-28 09:00:00,4.049279,3.994056
2024-01-28 11:00:00,3.7504067,3.8876758
2024-01-28 12:00:00,3.5419514,3.9075944
2024-01-28 13:00:00,2.8907425,3.7871559
2024-01-28 14:00:00,2.7742581,3.7461052
2024-01-28 15:00:00,2.646383,3.8189137
2024-01-28 16:00:00,2.552662,3.8338084
2024-01-28 17:00:00,2.4173663,3.7622006
2024-01-28 18:00:00,2.4786515,3.7707741
2024-01-28 19:00:00,3.870591,3.920293
2024-01-28 20:00:00,4.7553787,4.0765734
2024-01-28 21:00:00,4.4299088,4.0475383
2024-01-28 22:00:00,4.0989375,4.225571
2024-01-28 23:00:00,3.7001197,4.163369
2024-01-29 00:00:00,3.4951215,3.929066
2024-01-29 01:00:00,3.3052576,3.8618774
2024-01-29 02:00:00,2.995268,3.8746536
2024-01-29 03:00:00,2.9012632,3.8259072
2024-01-29 04:00:00,2.7591379,3.826677
2024-01-29 05:00:00,2.685063,3.8374882
2024-01-29 06:00:00,2.9070716,3.866361
2024-01-29 07:00:00,3.7288284,3.9559078
2024-01-29 08:00:00,3.9812543,4.010534
2024-01-29 09:00:00,4.1724625,4.0363755
2024-01-29 10:00:00,3.891354,3.8402634
2024-01-29 11:00:00,3.5913556,3.9787226
2024-01-29 12:00:00,3.3658032,3.8061488
2024-01-29 13:00:00,3.1160302,3.7338715
2024-01-29 14:00:00,2.9915466,3.8131359
2024-01-29 15:00:00,2.833456,3.8297267
2024-01-29 16:00:00,2.6624496,3.818752
2024-01-29 17:00:00,2.5393116,3.5546165
2024-01-29 18:00:00,2.8000689,3.8440454
2024-01-29 19:00:00,3.7827122,3.976236
2024-01-29 20:00:00,4.216461,4.015117
2024-01-29 21:00:00,4.498679,3.983982
2024-01-29 22:00:00,4.226062,4.1860375
2024-01-29 23:00:00,3.957987,4.229774
2024-01-30 00:00:00,3.7311158,4.091529
2024-01-30 01:00:00,3.490759,3.990512
2024-01-30 02:00:00,3.2735045,3.9260962
2024-01-30 03:00:00,3.0310493,3.8632398
2024-01-30 04:00:00,2.913838,3.8923972
2024-01-30 05:00:00,2.7760305,3.913951
2024-01-30 06:00:00,2.7451138,3.9250543
2024-01-30 07:00:00,3.3831706,3.9185915
2024-01-30 08:00:00,4.0630493,4.016359
2024-01-30 09:00:00,4.2084155,4.1306353
2024-01-30 10:00:00,4.1287913,3.994125
2024-01-30 11:00:00,3.9125745,4.050703
2024-01-30 12:00:00,3.632196,4.059478
2024-01-30 13:00:00,3.4120328,3.962479
2024-01-30 14:00:00,3.202081,3.8967063
2024-01-30 15:00:00,2.9269185,3.8973904
2024-01-30 16:00:00,2.8291922,3.9103744
2024-01-30 17:00:00,2.7445269,3.846929
2024-01-30 18:00:00,2.7520354,3.7780445
2024-01-30 19:00:00,3.5097911,3.9319048
2024-01-30 20:00:00,4.1310124,4.019724
2024-01-30 21:00:00,4.5752873,4.1079907
2024-01-30 22:00:00,4.376619,4.1828647
2024-01-30 23:00:00,4.23105,4.3152933
2024-01-31 00:00:00,3.89236,4.276455
2024-01-31 01:00:00,3.5757546,4.0160594
2024-01-31 03:00:00,3.3520794,3.9460766
2024-01-31 04:00:00,3.1052132,3.9528782
2024-01-31 05:00:00,2.8543384,3.8913493
2024-01-31 06:00:00,2.6583965,3.899109
2024-01-31 07:00:00,2.6421123,3.8601553
2024-01-31 08:00:00,3.4068327,3.9392753
2024-01-31 09:00:00,4.287396,4.064962
2024-01-31 10:00:00,4.627877,4.138003
2024-01-31 11:00:00,3.9337487,3.94537
2024-01-31 12:00:00,3.5496316,3.900068
2024-01-31 13:00:00,3.4003072,3.8781474
2024-01-31 15:00:00,3.2367082,3.8877594
2024-01-31 16:00:00,3.1257868,3.8988898
2024-01-31 17:00:00,2.786001,3.8839965
2024-01-31 18:00:00,2.66082,3.8898268
2024-01-31 19:00:00,2.568149,3.8931613
2024-01-31 20:00:00,2.852137,3.8579874
2024-01-31 21:00:00,4.366975,4.1284914
2024-01-31 22:00:00,4.8086705,4.190968
2024-01-31 23:00:00,4.252225,4.1766486
2024-02-01 00:00:00,3.882172,4.213383
2024-02-01 01:00:00,3.5753987,4.0841045
2024-02-01 02:00:00,3.3205721,4.010514
2024-02-01 03:00:00,3.2708852,4.0441084
2024-02-01 04:00:00,3.055145,4.06036
2024-02-01 05:00:00,2.9437208,3.994566
2024-02-01 06:00:00,2.883063,4.000381
2024-02-01 07:00:00,2.9399424,4.019802
2024-02-01 09:00:00,3.792279,4.1157794
2024-02-01 10:00:00,3.9212816,4.1333876
2024-02-01 11:00:00,4.6110353,4.2672234
2024-02-01 12:00:00,4.0268183,4.173223
2024-02-01 13:00:00,3.738773,4.084254
2024-02-01 14:00:00,3.4510863,4.058874
2024-02-01 15:00:00,3.2644892,4.0777698
2024-02-01 16:00:00,3.1017568,4.0877414
2024-02-01 17:00:00,2.9417505,4.0772314
2024-02-01 18:00:00,2.8373883,4.0823107
2024-02-01 19:00:00,2.8387463,4.097502
2024-02-01 20:00:00,3.5641015,4.0991592
2024-02-01 21:00:00,4.5155416,4.2275944
2024-02-01 22:00:00,4.6425047,4.233616
2024-02-01 23:00:00,4.351695,4.293524
2024-02-02 00:00:00,4.08238,4.353659
2024-02-02 01:00:00,3.9800675,4.247695
2024-02-02 02:00:00,3.6769316,4.156183
2024-02-02 03:00:00,3.4149995,4.0955114
2024-02-02 04:00:00,3.2422621,4.1054397
2024-02-02 05:00:00,3.1515408,4.1791525
2024-02-02 06:00:00,2.9870207,4.0278945
2024-02-02 07:00:00,3.119315,4.105831
2024-02-02 09:00:00,3.481108,4.091008
2024-02-02 10:00:00,4.0788493,4.086101
2024-02-02 11:00:00,4.652403,4.2689133
2024-02-02 12:00:00,4.12205,4.1341
2024-02-02 13:00:00,3.8014107,4.174439
2024-02-02 14:00:00,3.6207972,4.0040865
2024-02-02 15:00:00,3.430981,4.0129805
2024-02-02 16:00:00,3.2910666,3.9604435
2024-02-02 17:00:00,3.1996572,4.0276523
2024-02-02 18:00:00,3.0075328,3.8791804
2024-02-02 19:00:00,2.9688692,3.869116
2024-02-02 20:00:00,3.0341818,3.809756
2024-02-02 21:00:00,3.9664867,3.8519876
2024-02-02 22:00:00,4.0571704,3.9191813
2024-02-02 23:00:00,4.280628,3.8784668
2024-02-03 00:00:00,4.0805492,4.0271096
2024-02-03 01:00:00,3.6878986,4.0059443
2024-02-03 02:00:00,3.6152155,3.8249831
2024-02-03 03:00:00,3.4706204,3.734353
2024-02-03 04:00:00,3.1913028,3.6435676
2024-02-03 05:00:00,3.071333,3.641067
2024-02-03 06:00:00,2.9067461,3.6343749
2024-02-03 07:00:00,2.886114,3.6378005
2024-02-03 08:00:00,3.0337114,3.6637352
2024-02-03 09:00:00,3.1327603,3.6818588
2024-02-03 10:00:00,3.4836006,3.7233608
2024-02-03 11:00:00,4.0251846,3.818871
2024-02-03 12:00:00,4.102372,3.781062
2024-02-03 13:00:00,3.9866166,3.9499812
2024-02-03 14:00:00,3.755053,3.949345
2024-02-03 15:00:00,3.594514,3.7640939
2024-02-03 16:00:00,3.3293047,3.6653423
2024-02-03 17:00:00,3.2563262,3.6960435
2024-02-03 18:00:00,3.0839612,3.7035093
2024-02-03 19:00:00,3.070462,3.6404817
2024-02-03 20:00:00,2.9825144,3.7145422
2024-02-03 21:00:00,3.0997252,3.7471411
2024-02-03 22:00:00,3.7820158,3.8293574
2024-02-03 23:00:00,3.962734,3.8734381
2024-02-04 00:00:00,3.9584117,3.8520417
2024-02-04 01:00:00,3.794653,3.7653818
2024-02-04 02:00:00,3.5522861,3.7813272
2024-02-04 03:00:00,3.3981752,3.6940134
2024-02-04 04:00:00,3.2257042,3.6123447
2024-02-04 05:00:00,3.131115,3.6282196
2024-02-04 06:00:00,3.0516822,3.6449528
2024-02-04 07:00:00,2.963536,3.6470463
2024-02-04 08:00:00,2.9877908,3.6575186
2024-02-04 09:00:00,3.035719,3.6694362
2024-02-04 10:00:00,3.393387,3.7029016
2024-02-04 11:00:00,3.5630395,3.719917
2024-02-04 12:00:00,3.7960758,3.7463257
2024-02-04 13:00:00,4.0284424,3.8393486
2024-02-04 14:00:00,4.1271315,3.9882598
2024-02-04 15:00:00,3.7655237,3.9721568
2024-02-04 16:00:00,3.64631,3.859096
2024-02-04 17:00:00,3.461546,3.765327
2024-02-04 18:00:00,3.3798165,3.7819471
2024-02-04 19:00:00,3.3013365,3.7959692
2024-02-04 20:00:00,3.3074067,3.8111448
2024-02-04 21:00:00,3.2148712,3.887079
2024-02-04 22:00:00,3.359716,3.833831
2024-02-04 23:00:00,3.5306392,3.8650472
2024-02-05 00:00:00,3.737398,3.9065182
2024-02-05 01:00:00,3.6027944,3.8802664
2024-02-05 02:00:00,3.449981,3.840735
2024-02-05 03:00:00,3.3128674,3.8141985
2024-02-05 04:00:00,3.179292,3.8039615
2024-02-05 05:00:00,3.030401,3.7978106
2024-02-05 06:00:00,3.0078416,3.8154817
2024-02-05 07:00:00,2.84736,3.8146794
2024-02-05 08:00:00,2.7914808,3.819106
2024-02-05 09:00:00,2.8608108,3.8341153
2024-02-05 10:00:00,2.8425126,3.8358645
2024-02-05 11:00:00,2.6599617,3.8194125
2024-02-05 12:00:00,3.2615206,3.7305346
2024-02-05 13:00:00,3.587335,3.9034107
2024-02-05 14:00:00,3.7993958,3.9459758
2024-02-05 15:00:00,3.9033837,3.872497
2024-02-05 16:00:00,3.8797185,3.85289
2024-02-05 17:00:00,3.5745254,3.872308
2024-02-05 18:00:00,3.5452554,3.797892
2024-02-05 19:00:00,3.2594523,3.7694297
2024-02-05 20:00:00,3.1603944,3.768908
2024-02-05 21:00:00,3.104366,3.762655
2024-02-05 22:00:00,3.0352921,3.7603414
2024-02-05 23:00:00,2.987012,3.7596369
2024-02-06 00:00:00,3.04678,3.7574003
2024-02-06 01:00:00,3.3197029,3.7737494
2024-02-06 02:00:00,3.5461159,3.789728
2024-02-06 03:00:00,3.5536785,3.7847774
2024-02-06 04:00:00,3.54775,3.6939003
2024-02-06 05:00:00,3.3675506,3.7273924
2024-02-06 06:00:00,3.3454044,3.6552942
2024-02-06 07:00:00,3.2382274,3.640109
2024-02-06 08:00:00,3.1462963,3.7191458
2024-02-06 09:00:00,3.0838747,3.658824
2024-02-06 10:00:00,3.09708,3.662808
2024-02-06 11:00:00,3.012208,3.7352037
2024-02-06 12:00:00,3.0761175,3.6763496
2024-02-06 13:00:00,3.2072885,3.6755798
2024-02-06 14:00:00,3.7070272,3.741846
2024-02-06 15:00:00,4.02117,3.7966166
2024-02-06 16:00:00,4.1906543,3.8063688
2024-02-06 17:00:00,4.1267443,3.7673674
2024-02-06 18:00:00,4.1571884,3.7206378
2024-02-06 19:00:00,3.852929,3.984386
2024-02-06 20:00:00,3.5608134,3.7903419
2024-02-06 21:00:00,3.479653,3.7024846
2024-02-06 22:00:00,3.2832706,3.6133902
2024-02-06 23:00:00,3.198425,3.6157205
2024-02-07 00:00:00,3.177928,3.629781
2024-02-07 02:00:00,3.0986726,3.625803
2024-02-07 03:00:00,3.8166993,3.643746
2024-02-07 04:00:00,3.9257903,3.744752
2024-02-07 05:00:00,3.723788,3.7087986
2024-02-07 06:00:00,3.7394557,3.7081912
2024-02-07 07:00:00,3.4393454,3.6203177
2024-02-07 08:00:00,3.3101356,3.5124488
2024-02-07 09:00:00,3.2181394,3.5007627
2024-02-07 10:00:00,3.1561244,3.5174375
2024-02-07 11:00:00,3.0381773,3.52098
2024-02-07 12:00:00,2.9318,3.5164163
2024-02-07 13:00:00,2.9507742,3.5408897
2024-02-07 14:00:00,3.1689386,3.581266
2024-02-07 15:00:00,3.763927,3.6726658
2024-02-07 16:00:00,3.9617107,3.7026358
2024-02-07 17:00:00,4.4203973,3.9396238
2024-02-07 18:00:00,4.49309,4.1533027
2024-02-07 19:00:00,4.17455,4.175544
2024-02-07 20:00:00,3.9762347,4.1639876
2024-02-07 21:00:00,3.7937105,3.8966994
2024-02-07 22:00:00,3.5382495,3.724648
2024-02-07 23:00:00,3.3528666,3.6693263
2024-02-08 00:00:00,3.177049,3.5994444
2024-02-08 01:00:00,3.080764,3.5975833
2024-02-08 02:00:00,3.0986612,3.6211083
2024-02-08 03:00:00,3.3781304,3.6862123
2024-02-08 04:00:00,3.9046886,3.7956865
2024-02-08 05:00:00,3.9462006,3.818815
2024-02-08 06:00:00,4.0128975,3.8103437
2024-02-08 07:00:00,3.6572788,3.6749065
2024-02-08 08:00:00,3.6044545,3.5336745
2024-02-08 09:00:00,3.5116825,3.5221562
2024-02-08 10:00:00,3.3514087,3.5172687
2024-02-08 11:00:00,3.156554,3.5084898
2024-02-08 12:00:00,3.0737445,3.5190754
2024-02-08 13:00:00,2.9171624,3.520472
2024-02-08 14:00:00,2.9270787,3.5333085
2024-02-08 15:00:00,3.119907,3.5711098
2024-02-08 16:00:00,4.0394974,3.7261484
2024-02-08 17:00:00,4.4495177,3.7908247
2024-02-08 18:00:00,4.671763,4.0884686
2024-02-08 19:00:00,4.4958563,4.236613
2024-02-08 20:00:00,4.0883846,4.295114
2024-02-08 21:00:00,3.9736884,4.131789
2024-02-08 22:00:00,3.7522492,3.8657887
2024-02-08 23:00:00,3.5008833,3.787749
2024-02-09 00:00:00,3.3293536,3.6722696
2024-02-09 01:00:00,3.2379043,3.6846542
2024-02-09 02:00:00,3.0886853,3.6074703
2024-02-09 03:00:00,3.092553,3.6259828
2024-02-09 04:00:00,3.3499303,3.7009923
2024-02-09 05:00:00,4.0162582,3.8405097
2024-02-09 06:00:00,4.300584,3.9113183
2024-02-09 07:00:00,4.236485,3.8456295
2024-02-09 08:00:00,3.8817074,3.594839
2024-02-09 09:00:00,3.7404797,3.5409627
2024-02-09 10:00:00,3.4412146,3.5660133
2024-02-09 11:00:00,3.3028061,3.584029
2024-02-09 12:00:00,3.2167025,3.5195968
2024-02-09 13:00:00,3.0553596,3.5077424
2024-02-09 14:00:00,2.8823323,3.5035434
2024-02-09 15:00:00,2.8974903,3.5298324
2024-02-09 16:00:00,2.9739697,3.55117
2024-02-09 17:00:00,4.377343,3.5010295
2024-02-09 18:00:00,4.6930504,3.8258655
2024-02-09 19:00:00,4.7496986,4.299996
2024-02-09 20:00:00,4.561438,4.4995465
2024-02-09 21:00:00,4.249227,4.455628
2024-02-09 22:00:00,4.0801134,4.2714486
2024-02-09 23:00:00,3.8442738,3.9959342
2024-02-10 00:00:00,3.6826584,3.7934124
2024-02-10 01:00:00,3.5202925,3.7428246
2024-02-10 02:00:00,3.3149223,3.6617012
2024-02-10 03:00:00,3.1610963,3.6523356
2024-02-10 04:00:00,3.2585783,3.6243424
2024-02-10 05:00:00,3.557382,3.7261221
2024-02-10 06:00:00,4.3536744,3.9070714
2024-02-10 07:00:00,4.6169333,3.9799235
2024-02-10 08:00:00,4.465481,4.2336235
2024-02-10 09:00:00,4.038143,4.22186
2024-02-10 10:00:00,3.863496,4.0954933
2024-02-10 11:00:00,3.6504993,3.8034654
2024-02-10 12:00:00,3.5158854,3.6545272
2024-02-10 13:00:00,3.3092315,3.5945487
2024-02-10 14:00:00,3.1153321,3.5893245
2024-02-10 15:00:00,2.9772465,3.5901456
2024-02-10 16:00:00,3.0919425,3.6285095
2024-02-10 17:00:00,3.5890374,3.6506999
2024-02-10 18:00:00,4.6045747,3.8553336
2024-02-10 19:00:00,4.9929867,4.056906
2024-02-10 20:00:00,4.8538103,4.4949965
2024-02-10 21:00:00,4.633036,4.5576515
2024-02-10 22:00:00,4.377251,4.530099
2024-02-10 23:00:00,4.1712666,4.274368
2024-02-11 00:00:00,3.9379203,4.0216293
2024-02-11 01:00:00,3.6878543,3.8049512
2024-02-11 02:00:00,3.5343056,3.7574437
2024-02-11 03:00:00,3.3503675,3.6765113
2024-02-11 04:00:00,3.13019,3.6652071
2024-02-11 05:00:00,3.2866755,3.738451
2024-02-11 06:00:00,4.321945,3.8648293
2024-02-11 07:00:00,4.6137524,3.963714
2024-02-11 08:00:00,4.9263983,4.036378
2024-02-11 09:00:00,4.5254893,3.8110108
2024-02-11 10:00:00,4.123257,3.6227038
2024-02-11 11:00:00,3.7288938,3.5852406
2024-02-11 12:00:00,3.737044,3.6058662
2024-02-11 13:00:00,3.521733,3.5956595
2024-02-11 14:00:00,3.2867253,3.578378
2024-02-11 15:00:00,3.228787,3.590189
2024-02-11 16:00:00,3.0203807,3.5768392
2024-02-11 17:00:00,3.1207192,3.5465796
2024-02-11 18:00:00,4.2073073,3.716084
2024-02-11 19:00:00,4.662337,3.7902658
2024-02-11 20:00:00,5.139905,4.306523
2024-02-11 21:00:00,4.92257,4.6223106
2024-02-11 22:00:00,4.6105275,4.5673714
2024-02-11 23:00:00,4.3347154,4.4560423
2024-02-12 00:00:00,4.0719767,4.2432833
2024-02-12 01:00:00,3.8461893,3.9397733
2024-02-12 02:00:00,3.6929483,3.8075202
2024-02-12 03:00:00,3.5215628,3.7482023
2024-02-12 04:00:00,3.300602,3.671709
2024-02-12 05:00:00,3.0954351,3.670157
2024-02-12 06:00:00,3.6905813,3.8199656
2024-02-12 07:00:00,4.637219,4.0237627
2024-02-12 08:00:00,4.659264,3.9628346
2024-02-12 09:00:00,4.813756,3.9440777
2024-02-12 10:00:00,4.4153156,3.723756
2024-02-12 11:00:00,4.209498,3.626295
2024-02-12 12:00:00,3.9715176,3.6567967
2024-02-12 13:00:00,3.8712776,3.674028
2024-02-12 14:00:00,3.5208998,3.6436806
2024-02-12 15:00:00,3.3877063,3.5974174
2024-02-12 16:00:00,3.2250543,3.5954888
2024-02-12 17:00:00,3.1594615,3.5985556
2024-02-12 18:00:00,3.2012956,3.556282
2024-02-12 19:00:00,4.7646847,3.9100482
2024-02-12 21:00:00,4.8292694,3.8997977
2024-02-12 22:00:00,5.1478963,4.354104
2024-02-12 23:00:00,4.719969,4.801861
2024-02-13 00:00:00,4.253581,4.5196004
2024-02-13 01:00:00,3.9203014,4.1246037
2024-02-13 02:00:00,3.8577116,3.9342918
2024-02-13 03:00:00,3.7339222,3.8120089
2024-02-13 04:00:00,3.505669,3.7333148
2024-02-13 05:00:00,3.3233628,3.6675963
2024-02-13 06:00:00,3.2113144,3.6668012
2024-02-13 07:00:00,3.1841815,3.710787
2024-02-13 08:00:00,5.004484,4.0183873
2024-02-13 09:00:00,5.0818887,4.0694375
2024-02-13 10:00:00,4.782601,3.9054914
2024-02-13 11:00:00,4.336625,3.6760292
2024-02-13 12:00:00,4.105201,3.6726253
2024-02-13 13:00:00,3.8218055,3.6563182
2024-02-13 14:00:00,3.6999834,3.6584988
2024-02-13 15:00:00,3.5197828,3.6619897
2024-02-13 16:00:00,3.3243115,3.6643689
2024-02-13 17:00:00,3.1598048,3.5911014
2024-02-13 18:00:00,3.1959121,3.600621
2024-02-13 19:00:00,3.495359,3.6501038
2024-02-13 20:00:00,4.641467,3.853394
2024-02-13 21:00:00,5.0424647,4.056469
2024-02-13 22:00:00,4.9056897,4.4481864
2024-02-13 23:00:00,4.6952534,4.5466275
2024-02-14 00:00:00,4.3975577,4.4482183
2024-02-14 01:00:00,4.195308,4.289356
2024-02-14 02:00:00,3.9640794,4.1141505
2024-02-14 03:00:00,3.7038045,3.882603
2024-02-14 04:00:00,3.5896342,3.7553883
2024-02-14 05:00:00,3.431388,3.6815977
2024-02-14 06:00:00,3.2945642,3.6769314
2024-02-14 07:00:00,3.5659995,3.7682803
2024-02-14 08:00:00,4.2699876,3.9286454
2024-02-14 09:00:00,4.6791644,3.9555159
2024-02-14 10:00:00,5.0071397,4.010105
2024-02-14 11:00:00,4.5816965,3.792416
2024-02-14 12:00:00,4.342142,3.646409
2024-02-14 13:00:00,4.1428576,3.6708407
2024-02-14 14:00:00,3.9676807,3.6716526
2024-02-14 15:00:00,3.70039,3.6532488
2024-02-14 16:00:00,3.5020695,3.6581423
2024-02-14 17:00:00,3.3956048,3.6087732
2024-02-14 18:00:00,3.2609596,3.6009943
2024-02-14 19:00:00,3.3759494,3.617929
2024-02-14 20:00:00,4.427621,3.8073168
2024-02-14 21:00:00,4.762494,3.8565989
2024-02-14 22:00:00,5.136552,4.2658587
2024-02-14 23:00:00,4.7552047,4.465159
2024-02-15 00:00:00,4.4655714,4.5385175
2024-02-15 01:00:00,4.2385178,4.392135
2024-02-15 02:00:00,4.066574,4.1118875
2024-02-15 03:00:00,3.8065188,3.9416094
2024-02-15 04:00:00,3.61217,3.8079643
2024-02-15 05:00:00,3.5433962,3.6830912
2024-02-15 06:00:00,3.3627064,3.6694438
2024-02-15 07:00:00,3.2788634,3.6332526
2024-02-15 08:00:00,3.849033,3.6451623
2024-02-15 09:00:00,4.2798195,3.7483382
2024-02-15 10:00:00,4.683567,3.878378
2024-02-15 11:00:00,4.776922,3.8229136
2024-02-15 12:00:00,4.3761673,3.7101448
2024-02-15 13:00:00,4.1578946,3.619256
2024-02-15 14:00:00,3.9548578,3.6074326
2024-02-15 15:00:00,3.8082952,3.6092765
2024-02-15 16:00:00,3.540578,3.5893333
2024-02-15 17:00:00,3.4451807,3.5882604
2024-02-15 18:00:00,3.2759862,3.5821593
2024-02-15 19:00:00,3.2673204,3.5424411
2024-02-15 20:00:00,3.4829626,3.560759
2024-02-15 21:00:00,4.479979,3.7052977
2024-02-15 22:00:00,4.8962755,3.7935042
2024-02-15 23:00:00,4.7829366,4.3197374
2024-02-16 00:00:00,4.617559,4.569169
2024-02-16 01:00:00,4.4548163,4.4804406
2024-02-16 02:00:00,4.1410766,4.18573
2024-02-16 03:00:00,3.9908698,4.029309
2024-02-16 04:00:00,3.7182739,3.7837415
2024-02-16 05:00:00,3.60682,3.7241743
2024-02-16 06:00:00,3.4145093,3.6653588
2024-02-16 07:00:00,3.4580512,3.6690784
2024-02-16 08:00:00,3.7750607,3.6564195
2024-02-16 09:00:00,3.9453197,3.7402685
2024-02-16 10:00:00,4.3724146,3.8704512
2024-02-16 11:00:00,4.7071376,4.1308045
2024-02-16 12:00:00,4.5606117,4.289363
2024-02-16 13:00:00,4.350403,4.411414
2024-02-16 14:00:00,4.114725,4.267481
2024-02-16 15:00:00,3.91561,4.055192
2024-02-16 16:00:00,3.7322698,3.8101678
2024-02-16 17:00:00,3.6537623,3.7504756
2024-02-16 18:00:00,3.4684014,3.6647165
2024-02-16 19:00:00,3.2960742,3.657192
2024-02-16 20:00:00,3.3840847,3.7065098
2024-02-16 21:00:00,3.9115188,3.7517545
2024-02-16 22:00:00,4.355885,3.8435519
2024-02-16 23:00:00,4.33169,3.8601055
2024-02-17 00:00:00,4.2594585,3.8018878
2024-02-17 01:00:00,3.9737613,3.674963
2024-02-17 02:00:00,3.83873,3.6066797
2024-02-17 03:00:00,3.66923,3.591452
2024-02-17 04:00:00,3.5857842,3.5928922
2024-02-17 05:00:00,3.4083645,3.5886226
2024-02-17 06:00:00,3.3124511,3.5972707
2024-02-17 07:00:00,3.211249,3.531828
2024-02-17 08:00:00,3.2311566,3.6051204
2024-02-17 09:00:00,3.413218,3.5624049
2024-02-17 10:00:00,3.8677795,3.6274922
2024-02-17 12:00:00,4.2756104,3.696913
2024-02-17 13:00:00,4.3942113,3.978275
2024-02-17 14:00:00,4.185185,4.2481513
2024-02-17 15:00:00,3.8838496,4.0187235
2024-02-17 16:00:00,3.621509,3.7754579
2024-02-17 17:00:00,3.5474272,3.6454344
2024-02-17 18:00:00,3.4225836,3.587967
2024-02-17 19:00:00,3.3155653,3.5957134
2024-02-17 20:00:00,3.260067,3.6045058
2024-02-17 21:00:00,3.2992563,3.6203814
2024-02-17 22:00:00,3.6917253,3.7054875
2024-02-17 23:00:00,4.1810727,3.737261
2024-02-18 00:00:00,4.133139,3.7251458
2024-02-18 01:00:00,3.7608964,3.5902731
2024-02-18 02:00:00,3.6423368,3.5434492
2024-02-18 03:00:00,3.6380444,3.5357232
2024-02-18 04:00:00,3.4558628,3.5192873
2024-02-18 05:00:00,3.3391397,3.5150023
2024-02-18 06:00:00,3.239308,3.5125
2024-02-18 07:00:00,3.1946006,3.5139987
2024-02-18 08:00:00,3.1487026,3.5131922
2024-02-18 09:00:00,3.1942399,3.5239081
2024-02-18 10:00:00,3.4423058,3.5635672
2024-02-18 11:00:00,3.72926,3.6078131
2024-02-18 12:00:00,3.9278615,3.6282241
2024-02-18 13:00:00,4.1748056,3.8359787
2024-02-18 14:00:00,4.2120996,3.9790676
2024-02-18 15:00:00,3.95359,3.9737313
2024-02-18 16:00:00,3.8778923,3.9390953
2024-02-18 17:00:00,3.6861682,3.6673985
2024-02-18 18:00:00,3.5906372,3.58633
2024-02-18 19:00:00,3.5112085,3.5520523
2024-02-18 20:00:00,3.424305,3.5510743
2024-02-18 21:00:00,3.322881,3.607118
2024-02-18 22:00:00,3.371235,3.634029
2024-02-18 23:00:00,3.521409,3.581577
2024-02-19 00:00:00,3.3926399,3.5567968
2024-02-19 01:00:00,3.5908406,3.6012247
2024-02-19 02:00:00,3.4086754,3.5610864
2024-02-19 03:00:00,3.283863,3.512372
2024-02-19 05:00:00,3.2499053,3.4959269
2024-02-19 06:00:00,3.2406733,3.4910376
2024-02-19 07:00:00,3.1102374,3.488463
2024-02-19 08:00:00,3.0580347,3.5079591
2024-02-19 09:00:00,2.9499779,3.5088847
2024-02-19 10:00:00,2.916444,3.5139089
2024-02-19 11:00:00,2.9652355,3.525462
2024-02-19 12:00:00,3.3301797,3.5845883
2024-02-19 13:00:00,3.8261333,3.6691723
2024-02-19 14:00:00,3.9239073,3.579644
2024-02-19 15:00:00,4.0416555,3.6607513
2024-02-19 16:00:00,4.0754037,3.5573575
2024-02-19 17:00:00,3.8057866,3.8262014
2024-02-19 18:00:00,3.5899336,3.7886114
2024-02-19 19:00:00,3.4894817,3.6084912
2024-02-19 20:00:00,3.314696,3.5157218
2024-02-19 21:00:00,3.3439698,3.487995
2024-02-19 22:00:00,3.257322,3.48032
2024-02-19 23:00:00,3.268789,3.484654
2024-02-20 00:00:00,3.3114052,3.4750156
2024-02-20 01:00:00,3.3125086,3.4675364
2024-02-20 02:00:00,3.2306197,3.4576523
2024-02-20 03:00:00,3.2593555,3.4568868
2024-02-20 04:00:00,3.4074404,3.473794
2024-02-20 05:00:00,3.5780497,3.484752
2024-02-20 06:00:00,3.6275544,3.4654849
2024-02-20 07:00:00,3.6107469,3.4556139
2024-02-20 08:00:00,3.530678,3.4992893
2024-02-20 09:00:00,3.4313695,3.4980617
2024-02-20 10:00:00,3.2514029,3.4801774
2024-02-20 11:00:00,3.2431314,3.5038905
2024-02-20 12:00:00,3.2263865,3.5088618
2024-02-20 13:00:00,3.3308864,3.5305438
2024-02-20 14:00:00,3.550998,3.572872
2024-02-20 15:00:00,4.0369124,3.649885
2024-02-20 16:00:00,4.388456,3.8009977
2024-02-20 17:00:00,4.5095477,4.167293
2024-02-20 18:00:00,4.4448433,4.2739873
2024-02-20 19:00:00,4.18045,4.2192674
2024-02-20 20:00:00,3.9685287,3.9846456
2024-02-20 21:00:00,3.6966312,3.7180014
2024-02-20 22:00:00,3.588916,3.7316055
2024-02-21 00:00:00,3.4621186,3.6740904
2024-02-21 01:00:00,3.446961,3.6821294
2024-02-21 02:00:00,3.2243476,3.6628113
2024-02-21 03:00:00,3.5307915,3.7653027
2024-02-21 04:00:00,4.0600996,3.8999991
2024-02-21 05:00:00,4.0387616,3.911983
2024-02-21 06:00:00,3.6474745,3.818728
2024-02-21 07:00:00,2.6317027,3.6370838
2024-02-21 08:00:00,3.648641,3.8826554
2024-02-21 09:00:00,3.391973,3.829447
2024-02-21 10:00:00,2.707158,3.7101192
2024-02-21 11:00:00,3.1218195,3.7581089
2024-02-21 12:00:00,1.917454,3.8374314
2024-02-21 13:00:00,2.9674933,3.8948665
2024-02-21 14:00:00,3.137741,3.964389
2024-02-21 15:00:00,3.2249238,3.9265227
2024-02-21 16:00:00,3.5843651,3.8959403
2024-02-21 17:00:00,4.2956076,4.0304384
2024-02-21 18:00:00,4.491824,4.266942
2024-02-21 19:00:00,4.0256934,4.084848
2024-02-21 20:00:00,4.0748534,4.028501
2024-02-21 21:00:00,3.874834,4.020772
2024-02-21 22:00:00,3.7457988,4.0158696
2024-02-21 23:00:00,3.6114883,4.110624
2024-02-22 00:00:00,3.4352822,4.0017853
2024-02-22 01:00:00,3.33055,3.9990888
2024-02-22 02:00:00,3.2385874,3.99698
2024-02-22 03:00:00,3.4999726,4.0408115
2024-02-22 04:00:00,4.265248,4.0675406
2024-02-22 05:00:00,3.9936109,4.0894604
2024-02-22 06:00:00,4.255475,4.126808
2024-02-22 07:00:00,4.1789536,4.077356
2024-02-22 08:00:00,3.9924812,3.935041
2024-02-22 09:00:00,3.974955,3.9184885
2024-02-22 10:00:00,3.8179524,3.9166532
2024-02-22 11:00:00,3.641407,3.9248078
2024-02-22 12:00:00,3.5415323,3.930549
2024-02-22 13:00:00,3.4563868,3.9351053
2024-02-22 14:00:00,3.304175,3.916095
2024-02-22 15:00:00,3.339238,3.9352512
2024-02-22 16:00:00,4.1089034,3.977458
2024-02-22 17:00:00,4.7504115,4.072591
2024-02-22 18:00:00,5.0224733,4.1973243
2024-02-22 19:00:00,4.847421,3.9999647
2024-02-22 20:00:00,4.5598245,3.9482443
2024-02-22 21:00:00,4.444244,3.9118545
2024-02-22 22:00:00,4.0970244,3.7859788
2024-02-22 23:00:00,4.0098047,3.810948
2024-02-23 00:00:00,3.8573713,3.818744
2024-02-23 01:00:00,3.656717,3.8012066
2024-02-23 02:00:00,3.4701118,3.7774935
2024-02-23 03:00:00,3.5551195,3.8173444
2024-02-23 04:00:00,3.8185089,3.8651903
2024-02-23 05:00:00,4.396682,3.9538412
2024-02-23 06:00:00,4.5076504,3.8764272
2024-02-23 07:00:00,4.477915,3.8401034
2024-02-23 08:00:00,4.1892605,3.7293918
2024-02-23 09:00:00,3.9790711,3.6688
2024-02-23 10:00:00,3.797825,3.6449645
2024-02-23 11:00:00,3.754003,3.6842186
2024-02-23 12:00:00,3.5819256,3.6904178
2024-02-23 13:00:00,3.3905883,3.6904929
2024-02-23 14:00:00,3.304055,3.6999042
2024-02-23 15:00:00,3.2293403,3.7036347
2024-02-23 16:00:00,3.4759054,3.7507012
2024-02-23 17:00:00,4.378742,3.9143414
2024-02-23 18:00:00,4.6990256,3.9663556
2024-02-23 19:00:00,5.0095863,3.9953296
2024-02-23 20:00:00,4.7457967,3.8238535
2024-02-23 21:00:00,4.4683695,3.703125
2024-02-23 22:00:00,4.211268,3.6199474
2024-02-23 23:00:00,3.9750621,3.6704037
2024-02-24 00:00:00,3.8087661,3.6890104
2024-02-24 01:00:00,3.6481593,3.6885908
2024-02-24 02:00:00,3.4393759,3.6781392
2024-02-24 03:00:00,3.2924316,3.6163828
2024-02-24 04:00:00,3.5298781,3.7243185
2024-02-24 05:00:00,4.3123293,3.7793298
2024-02-24 06:00:00,4.328751,3.839748
2024-02-24 07:00:00,4.603507,3.9012384
2024-02-24 08:00:00,4.445893,3.7978058
2024-02-24 09:00:00,4.13517,3.598794
2024-02-24 10:00:00,3.9932678,3.6355371
2024-02-24 11:00:00,3.7752788,3.6389084
2024-02-24 12:00:00,3.6341827,3.653398
2024-02-24 13:00:00,3.529324,3.6731534
2024-02-24 14:00:00,3.3610642,3.5938244
2024-02-24 15:00:00,3.2028937,3.5853744
2024-02-24 16:00:00,3.1969042,3.6958592
2024-02-24 17:00:00,4.0945683,3.8815575
2024-02-24 18:00:00,4.6094193,3.960619
2024-02-24 19:00:00,5.0067477,3.9319365
2024-02-24 20:00:00,4.8060327,3.7787192
2024-02-24 21:00:00,4.494122,3.625756
2024-02-24 22:00:00,4.3419576,3.6173298
2024-02-24 23:00:00,4.031372,3.6094072
2024-02-25 00:00:00,3.866448,3.6128771
2024-02-25 01:00:00,3.7196891,3.6132123
2024-02-25 02:00:00,3.5326173,3.6124065
2024-02-25 03:00:00,3.32028,3.6079483
2024-02-25 04:00:00,3.2561414,3.6127403
2024-02-25 05:00:00,3.552583,3.6338573
2024-02-25 06:00:00,4.5066657,3.6846821
2024-02-25 07:00:00,4.4958386,3.7702646
2024-02-25 08:00:00,4.5784006,3.7676787
2024-02-25 09:00:00,4.201431,3.6044402
2024-02-25 10:00:00,4.02553,3.5809817
2024-02-25 11:00:00,3.7496052,3.566467
2024-02-25 12:00:00,3.639244,3.5781322
2024-02-25 13:00:00,3.540133,3.5855105
2024-02-25 14:00:00,3.3551307,3.5764835
2024-02-25 15:00:00,3.1968286,3.571397
2024-02-25 16:00:00,3.2073696,3.581819
2024-02-25 17:00:00,3.3181295,3.6244013
2024-02-25 18:00:00,4.283582,3.8100522
2024-02-25 19:00:00,4.5651636,3.8504739
2024-02-25 20:00:00,4.997839,3.9371042
2024-02-25 21:00:00,4.7498446,3.7480917
2024-02-25 22:00:00,4.4637065,3.615957
2024-02-25 23:00:00,4.165495,3.5521934
2024-02-26 00:00:00,3.9366639,3.5555084
2024-02-26 01:00:00,3.6897607,3.5997765
2024-02-26 02:00:00,3.5878417,3.6069136
2024-02-26 03:00:00,3.4260812,3.6006324
2024-02-26 05:00:00,3.356068,3.6070645
2024-02-26 06:00:00,3.2156067,3.6039174
2024-02-26 07:00:00,4.3213124,3.7870948
2024-02-26 08:00:00,5.109179,3.9411108
2024-02-26 09:00:00,4.8498755,3.7587423
2024-02-26 10:00:00,4.318286,3.5835037
2024-02-26 11:00:00,4.0828257,3.5660026
2024-02-26 12:00:00,3.8971822,3.5863361
2024-02-26 13:00:00,3.7680154,3.6016734
2024-02-26 14:00:00,3.5622454,3.7307792
2024-02-26 15:00:00,3.4600968,3.5990496
2024-02-26 16:00:00,3.3377464,3.5880795
2024-02-26 17:00:00,3.396401,3.557397
2024-02-26 18:00:00,4.4388337,3.72056
2024-02-26 19:00:00,4.670659,3.7499125
2024-02-26 20:00:00,4.9679165,4.22901
2024-02-26 21:00:00,4.8170614,4.593699
2024-02-26 22:00:00,4.6182213,4.585931
2024-02-26 23:00:00,4.450143,4.5145574
2024-02-27 00:00:00,4.1395454,4.1879754
2024-02-27 01:00:00,3.9798453,3.94691
2024-02-27 02:00:00,3.7394745,3.7263887
2024-02-27 03:00:00,3.6211283,3.680235
2024-02-27 04:00:00,3.44133,3.6681955
2024-02-27 05:00:00,3.3672543,3.674105
2024-02-27 06:00:00,3.9380558,3.7425811
2024-02-27 07:00:00,4.7047887,3.9358184
2024-02-27 08:00:00,4.759848,3.9721215
2024-02-27 09:00:00,4.7302465,4.390634
2024-02-27 10:00:00,4.409619,4.476526
2024-02-27 11:00:00,4.1706214,4.3845325
2024-02-27 12:00:00,3.9223495,4.111519
2024-02-27 13:00:00,3.823517,3.8835673
2024-02-27 14:00:00,3.5565345,3.71916
2024-02-27 15:00:00,3.5375712,3.6289887
2024-02-27 16:00:00,3.3676362,3.6586998
2024-02-27 17:00:00,3.327334,3.618623
2024-02-27 18:00:00,3.561487,3.757571
2024-02-27 19:00:00,4.5406537,3.9099822
2024-02-27 20:00:00,4.7590094,3.961373
2024-02-27 21:00:00,4.8405766,4.3958206
2024-02-27 22:00:00,4.666393,4.614458
2024-02-27 23:00:00,4.489841,4.518548
2024-02-28 00:00:00,4.1551886,4.290755
2024-02-28 01:00:00,4.0929356,3.981184
2024-02-28 02:00:00,3.843184,3.805983
2024-02-28 03:00:00,3.658282,3.6861935
2024-02-28 04:00:00,3.5251892,3.6816967
2024-02-28 05:00:00,3.425757,3.6309288
2024-02-28 06:00:00,3.6855078,3.6494138
2024-02-28 07:00:00,4.4456787,3.845005
2024-02-28 08:00:00,4.6651554,3.9395483
2024-02-28 09:00:00,4.915811,4.3630977
2024-02-28 10:00:00,4.668021,4.4811535
2024-02-28 11:00:00,4.49525,4.567915
2024-02-28 12:00:00,4.197162,4.3171034
2024-02-28 13:00:00,4.0051966,4.0325794
2024-02-28 14:00:00,3.8329852,3.9587502
2024-02-28 15:00:00,3.7339292,3.7464867
2024-02-28 16:00:00,3.6018753,3.674946
2024-02-28 17:00:00,3.4232945,3.6674492
2024-02-28 18:00:00,3.5416915,3.6470306
2024-02-28 19:00:00,4.6008964,3.8678992
2024-02-28 20:00:00,4.9701304,3.992706
2024-02-28 21:00:00,5.0583353,4.482713
2024-02-28 22:00:00,4.7680206,4.6662846
2024-02-28 23:00:00,4.665101,4.669826
2024-02-29 00:00:00,4.396591,4.5096884
2024-02-29 01:00:00,4.17415,4.1304803
2024-02-29 02:00:00,4.027577,3.8845208
2024-02-29 03:00:00,3.862045,3.7453015
2024-02-29 04:00:00,3.6537106,3.686648
2024-02-29 05:00:00,3.5625267,3.6787388
2024-02-29 06:00:00,3.6329534,3.7010148
2024-02-29 07:00:00,4.4735565,3.8253965
2024-02-29 08:00:00,4.753845,4.019684
2024-02-29 09:00:00,4.931215,4.2731395
2024-02-29 10:00:00,4.878052,4.637774
2024-02-29 11:00:00,4.607797,4.6078076
2024-02-29 12:00:00,4.402148,4.5266237
2024-02-29 13:00:00,4.185993,4.2856755
2024-02-29 14:00:00,4.0330787,4.1276593
2024-02-29 15:00:00,3.7665305,3.9701338
2024-02-29 16:00:00,3.7159731,3.8374355
2024-02-29 17:00:00,3.5868003,3.743944
2024-02-29 18:00:00,3.5950527,3.7801278
2024-02-29 19:00:00,3.653511,3.8634818
2024-02-29 20:00:00,4.6885204,4.0002756
2024-02-29 21:00:00,4.870978,4.0534964
2024-02-29 22:00:00,4.8323865,4.0855865
2024-02-29 23:00:00,4.589559,3.837645
2024-03-01 00:00:00,4.3934255,3.71679
2024-03-01 01:00:00,4.1747413,3.6955967
2024-03-01 02:00:00,4.029744,3.6976013
2024-03-01 03:00:00,3.8457754,3.681765
2024-03-01 04:00:00,3.668729,3.677555
2024-03-01 05:00:00,3.5729988,3.6800048
2024-03-01 06:00:00,3.522673,3.6780612
2024-03-01 07:00:00,4.0035377,3.69395
2024-03-01 08:00:00,4.6857724,3.8160894
2024-03-01 09:00:00,4.763886,3.910119
2024-03-01 10:00:00,4.83638,4.505265
2024-03-01 11:00:00,4.6976743,4.654545
2024-03-01 12:00:00,4.5954943,4.677301
2024-03-01 13:00:00,4.3565903,4.381992
2024-03-01 14:00:00,4.2076964,4.125398
2024-03-01 15:00:00,4.035359,4.058208
2024-03-01 16:00:00,3.871706,3.9988377
2024-03-01 17:00:00,3.7612116,3.921669
2024-03-01 18:00:00,3.6559,3.7528577
2024-03-01 19:00:00,3.7941604,3.8258426
2024-03-01 20:00:00,4.7174087,4.065453
2024-03-01 21:00:00,4.797773,4.1168594
2024-03-01 22:00:00,4.8709693,4.39765
2024-03-01 23:00:00,4.7183633,4.5528564
2024-03-02 00:00:00,4.374491,4.46687
2024-03-02 01:00:00,4.192012,4.2920203
2024-03-02 02:00:00,4.0600934,4.033042
2024-03-02 03:00:00,3.973904,3.8704422
2024-03-02 04:00:00,3.8175602,3.7713916
2024-03-02 05:00:00,3.6251485,3.7696798
2024-03-02 06:00:00,3.5932074,3.702321
2024-03-02 07:00:00,3.7597497,3.7605262
2024-03-02 08:00:00,3.8952215,3.844871
2024-03-02 09:00:00,4.3374395,3.9491565
2024-03-02 10:00:00,4.620287,3.9944708
2024-03-02 11:00:00,4.7551556,4.340295
2024-03-02 12:00:00,4.2982492,4.3356233
2024-03-02 13:00:00,4.095813,4.20973
2024-03-02 14:00:00,3.9477372,3.990611
2024-03-02 15:00:00,3.7774642,3.8288841
2024-03-02 16:00:00,3.7107437,3.7668889
2024-03-02 17:00:00,3.5061193,3.6802495
2024-03-02 18:00:00,3.4410076,3.6946137
2024-03-02 19:00:00,3.4051504,3.7105825
2024-03-02 20:00:00,3.6300793,3.6957676
2024-03-02 21:00:00,4.1898103,3.9086597
2024-03-02 22:00:00,4.340771,3.9521272
2024-03-02 23:00:00,4.387079,4.098671
2024-03-03 00:00:00,4.0328507,4.1392765
2024-03-03 01:00:00,3.8504174,4.0440993
2024-03-03 02:00:00,3.800433,3.8457468
2024-03-03 03:00:00,3.6219442,3.6681387
2024-03-03 04:00:00,3.5210576,3.6832693
2024-03-03 05:00:00,3.3215764,3.6003351
2024-03-03 06:00:00,3.2592375,3.6109364
2024-03-03 07:00:00,3.3016174,3.6351187
2024-03-03 08:00:00,3.535858,3.7000253
2024-03-03 09:00:00,4.066536,3.8081527
2024-03-03 10:00:00,4.24361,3.8428962
2024-03-03 11:00:00,4.4019103,3.9311388
2024-03-03 12:00:00,4.4118223,4.1458483
2024-03-03 13:00:00,4.044916,4.0904455
2024-03-03 14:00:00,3.9508238,4.025162
2024-03-03 15:00:00,3.7669377,3.8257818
2024-03-03 16:00:00,3.6977782,3.6821647
2024-03-03 17:00:00,3.5018299,3.676845
2024-03-03 18:00:00,3.4616868,3.618469
2024-03-03 19:00:00,3.375973,3.7015586
2024-03-03 20:00:00,3.5599678,3.664177
2024-03-03 21:00:00,3.8650298,3.7290387
2024-03-03 22:00:00,4.125225,3.790699
2024-03-03 23:00:00,4.198541,3.799864
2024-03-04 00:00:00,4.191229,4.031355
2024-03-04 01:00:00,3.914598,4.016425
2024-03-04 02:00:00,3.7999709,3.8570561
2024-03-04 03:00:00,3.7273061,3.7522132
2024-03-04 04:00:00,3.6150284,3.6019614
2024-03-04 05:00:00,3.4357123,3.5896301
2024-03-04 06:00:00,3.4052968,3.6061873
2024-03-04 07:00:00,3.4126856,3.6248095
2024-03-04 08:00:00,3.5273497,3.6436005
2024-03-04 09:00:00,4.1320953,3.7817395
2024-03-04 10:00:00,4.158655,3.7970722
2024-03-04 11:00:00,4.300263,3.8983407
2024-03-04 12:00:00,4.462771,4.1590548
2024-03-04 13:00:00,4.434638,4.266712
2024-03-04 14:00:00,4.1768475,4.226086
2024-03-04 15:00:00,4.076153,4.094132
2024-03-04 16:00:00,3.987243,3.8490045
2024-03-04 17:00:00,3.7978237,3.7524462
2024-03-04 18:00:00,3.6883254,3.680427
2024-03-04 19:00:00,3.6321154,3.6940446
2024-03-04 20:00:00,3.6501935,3.6344626
2024-03-04 21:00:00,3.886824,3.6778796
2024-03-04 22:00:00,3.9423702,3.7262592
2024-03-04 23:00:00,3.8417647,3.7215567
2024-03-05 00:00:00,3.88625,3.7192802
2024-03-05 01:00:00,3.773672,3.6765926
2024-03-05 02:00:00,3.6764452,3.6232748
2024-03-05 03:00:00,3.6421053,3.6029348
2024-03-05 04:00:00,3.6396325,3.6069303
2024-03-05 05:00:00,3.5414102,3.5935755
2024-03-05 06:00:00,3.4452715,3.5857346
2024-03-05 07:00:00,3.363447,3.589254
2024-03-05 08:00:00,3.454532,3.538176
2024-03-05 09:00:00,3.4082336,3.614648
2024-03-05 10:00:00,3.7967508,3.6082616
2024-03-05 11:00:00,3.994622,3.6332264
2024-03-05 12:00:00,4.1858926,3.7502234
2024-03-05 13:00:00,4.282984,3.9406798
2024-03-05 14:00:00,4.3389916,4.0113487
2024-03-05 15:00:00,3.9824176,4.076189
2024-03-05 16:00:00,3.9241784,3.9616597
2024-03-05 17:00:00,3.9592047,3.8811119
2024-03-05 18:00:00,3.8636155,3.7003908
2024-03-05 19:00:00,3.7715652,3.6161253
2024-03-05 20:00:00,3.7175798,3.6171033
2024-03-05 21:00:00,3.6540227,3.6174152
2024-03-05 22:00:00,3.6115901,3.6207933
2024-03-05 23:00:00,3.7092357,3.6646428
2024-03-06 00:00:00,3.5875869,3.668626
2024-03-06 01:00:00,3.7523892,3.6041362
2024-03-06 02:00:00,3.8502414,3.6145673
2024-03-06 03:00:00,3.72203,3.5740795
2024-03-06 04:00:00,3.661138,3.5428116
2024-03-06 05:00:00,3.6595542,3.5347428
2024-03-06 06:00:00,3.6190338,3.5307486
2024-03-06 07:00:00,3.6188042,3.5318081
2024-03-06 08:00:00,3.64724,3.5362625
2024-03-06 09:00:00,3.6187103,3.5380385
2024-03-06 10:00:00,3.580562,3.5345798
2024-03-06 11:00:00,3.5782528,3.53344
2024-03-06 12:00:00,3.7029545,3.5491483
2024-03-06 13:00:00,3.9759264,3.6029787
2024-03-06 14:00:00,4.0875,3.6135778
2024-03-06 15:00:00,4.3604503,3.9549406
2024-03-06 16:00:00,4.471592,4.2292576
2024-03-06 17:00:00,4.649749,4.391028
2024-03-06 18:00:00,4.343294,4.3347025
2024-03-06 19:00:00,4.2186637,3.9308403
2024-03-06 20:00:00,4.01249,3.7133322
2024-03-06 21:00:00,3.9084601,3.6757152
2024-03-06 22:00:00,3.8345497,3.677134
2024-03-06 23:00:00,3.749404,3.6722128
2024-03-07 00:00:00,3.7912762,3.6939063
2024-03-07 01:00:00,3.8697789,3.6576478
2024-03-07 02:00:00,3.8021166,3.6943862
2024-03-07 03:00:00,4.110085,3.7793229
2024-03-07 04:00:00,4.0605392,3.7495337
2024-03-07 05:00:00,4.170763,3.7083907
2024-03-07 06:00:00,4.031974,3.6333156
2024-03-07 07:00:00,3.9462242,3.6063511
2024-03-07 08:00:00,3.8445592,3.5986533
2024-03-07 09:00:00,3.75663,3.5999775
2024-03-07 10:00:00,3.653268,3.595814
2024-03-07 11:00:00,3.5695446,3.5911307
2024-03-07 12:00:00,3.5407493,3.5476224
2024-03-07 13:00:00,3.4954135,3.5438573
2024-03-07 14:00:00,3.9985163,3.5415173
2024-03-07 15:00:00,4.423022,3.5940053
2024-03-07 16:00:00,4.676109,3.9581432
2024-03-07 17:00:00,4.7308426,4.332044
2024-03-07 18:00:00,4.6969695,4.5115833
2024-03-07 19:00:00,4.3634777,4.417542
2024-03-07 20:00:00,4.246505,4.2511244
2024-03-07 21:00:00,4.070909,4.0469637
2024-03-07 22:00:00,3.8841124,3.8791118
2024-03-07 23:00:00,3.798832,3.7298644
2024-03-08 00:00:00,3.6217024,3.667879
2024-03-08 01:00:00,3.5112782,3.6651688
2024-03-08 02:00:00,3.5582657,3.6404407
2024-03-08 03:00:00,3.7866306,3.7311077
2024-03-08 04:00:00,4.268902,3.861944
2024-03-08 05:00:00,4.374487,3.879654
2024-03-08 06:00:00,4.2736855,3.9067402
2024-03-08 07:00:00,3.954071,4.0585117
2024-03-08 08:00:00,3.8213303,3.9785614
2024-03-08 09:00:00,3.6543365,3.827181
2024-03-08 10:00:00,3.5934815,3.65786
2024-03-08 11:00:00,3.416687,3.5866451
2024-03-08 12:00:00,3.3860018,3.5063019
2024-03-08 13:00:00,3.2651284,3.5400953
2024-03-08 14:00:00,3.2698457,3.545446
2024-03-08 15:00:00,3.4132273,3.6645281
2024-03-08 16:00:00,4.3700294,3.7652001
2024-03-08 17:00:00,4.6327395,3.926518
2024-03-08 18:00:00,4.709841,4.359714
2024-03-08 19:00:00,4.6435895,4.513367
2024-03-08 20:00:00,4.355373,4.402655
2024-03-08 21:00:00,4.172618,4.213311
2024-03-08 22:00:00,3.9166598,4.0162015
2024-03-08 23:00:00,3.7383296,3.798548
2024-03-09 00:00:00,3.6596386,3.7528894
2024-03-09 01:00:00,3.4471738,3.6733742
2024-03-09 02:00:00,3.3486447,3.6659591
2024-03-09 03:00:00,3.5660865,3.7519174
2024-03-09 04:00:00,4.260735,3.8347535
2024-03-09 05:00:00,4.4357314,3.8948603
2024-03-09 06:00:00,4.5534124,3.918462
2024-03-09 07:00:00,4.4495625,4.2041917
2024-03-09 08:00:00,4.1874466,4.3282695
2024-03-09 09:00:00,3.9704897,4.1130266
2024-03-09 10:00:00,3.8105676,3.8978326
2024-03-09 11:00:00,3.6415489,3.7366948
2024-03-09 12:00:00,3.477332,3.6668105
2024-03-09 13:00:00,3.3608074,3.6108935
2024-03-09 14:00:00,3.2332864,3.602148
2024-03-09 15:00:00,3.2761967,3.6152923
2024-03-09 16:00:00,3.849438,3.7461236
2024-03-09 17:00:00,4.62968,3.9307861
2024-03-09 18:00:00,4.9330187,4.1909304
2024-03-09 19:00:00,4.854827,4.5448785
2024-03-09 20:00:00,4.767161,4.6591415
2024-03-09 21:00:00,4.4520297,4.5372667
2024-03-09 22:00:00,4.237947,4.2841625
2024-03-09 23:00:00,3.9899576,4.031421
2024-03-10 00:00:00,3.8087351,3.8936996
2024-03-10 01:00:00,3.6433086,3.8406713
2024-03-10 02:00:00,3.4529965,3.757806
2024-03-10 03:00:00,3.3143277,3.6834204
2024-03-10 04:00:00,3.5756712,3.7744713
2024-03-10 05:00:00,4.6323566,4.014318
2024-03-10 06:00:00,4.635588,4.0464907
2024-03-10 07:00:00,4.8877797,4.2693534
2024-03-10 08:00:00,4.5577426,4.45509
2024-03-10 09:00:00,4.2642417,4.4481316
2024-03-10 10:00:00,4.0952153,4.2543383
2024-03-10 11:00:00,3.8780246,3.903086
2024-03-10 12:00:00,3.629038,3.737504
2024-03-10 13:00:00,3.4982574,3.6781254
2024-03-10 14:00:00,3.3485801,3.6853306
2024-03-10 15:00:00,3.2728195,3.6940017
2024-03-10 16:00:00,3.3952308,3.739084
2024-03-10 17:00:00,4.4520926,3.88087
2024-03-10 18:00:00,4.8329988,3.9821837
2024-03-10 19:00:00,5.289453,4.5633426
2024-03-10 20:00:00,4.9571924,4.7167892
2024-03-10 21:00:00,4.7423553,4.7383146
2024-03-10 22:00:00,4.5177,4.5736446
2024-03-10 23:00:00,4.309779,4.3630767
2024-03-11 00:00:00,4.0793376,4.0453353
2024-03-11 01:00:00,3.8341484,3.9063668
2024-03-11 02:00:00,3.621122,3.8365173
2024-03-11 03:00:00,3.4999547,3.7503493
2024-03-11 04:00:00,3.3227293,3.7601445
2024-03-11 05:00:00,4.092335,3.8688824
2024-03-11 06:00:00,4.9293723,4.064603
2024-03-11 07:00:00,5.0475626,4.1300755
2024-03-11 08:00:00,5.014019,4.6212845
2024-03-11 09:00:00,4.6363025,4.6726484
2024-03-11 10:00:00,4.380978,4.5550427
2024-03-11 11:00:00,4.2062283,4.228371
2024-03-11 12:00:00,3.9032688,4.049622
2024-03-11 13:00:00,3.807085,3.922855
2024-03-11 14:00:00,3.655187,3.766557
2024-03-11 15:00:00,3.4409947,3.6817899
2024-03-11 16:00:00,3.232477,3.673811
2024-03-11 17:00:00,3.6834137,3.7890525
2024-03-11 18:00:00,4.82507,4.063681
2024-03-11 19:00:00,5.023599,4.133344
2024-03-11 20:00:00,5.3202176,4.622776
2024-03-11 21:00:00,4.8808804,4.72919
2024-03-11 22:00:00,4.63266,4.689293
2024-03-11 23:00:00,4.318216,4.4612446
2024-03-12 00:00:00,4.126472,4.1223173
2024-03-12 01:00:00,3.900351,3.9643135
2024-03-12 02:00:00,3.7188911,3.8364627
2024-03-12 03:00:00,3.5212975,3.7554562
2024-03-12 04:00:00,3.3356104,3.7416518
2024-03-12 05:00:00,3.134033,3.6448352
2024-03-12 06:00:00,3.7123325,3.8274045
2024-03-12 07:00:00,4.6969595,4.052921
2024-03-12 08:00:00,5.158608,4.360363
2024-03-12 09:00:00,4.8907223,4.6344924
2024-03-12 10:00:00,4.6083546,4.600989
2024-03-12 11:00:00,4.221325,4.479612
2024-03-12 12:00:00,4.086882,4.1314135
2024-03-12 13:00:00,3.8815343,4.047823
2024-03-12 14:00:00,3.7011893,3.9139729
2024-03-12 15:00:00,3.5325322,3.7584054
2024-03-12 16:00:00,3.3146443,3.6808841
2024-03-12 17:00:00,3.1436112,3.6370375
2024-03-12 18:00:00,3.4828591,3.6970959
2024-03-12 19:00:00,4.8847566,3.9836779
2024-03-12 20:00:00,5.2422376,4.292271
2024-03-12 21:00:00,5.0775113,4.7199802
2024-03-12 22:00:00,4.868149,4.7710686
2024-03-12 23:00:00,4.5106435,4.6287723
2024-03-13 00:00:00,4.2705054,4.371785
2024-03-13 01:00:00,4.0510635,4.194054
2024-03-13 02:00:00,3.810227,3.964247
2024-03-13 03:00:00,3.6320791,3.8209836
2024-03-13 04:00:00,3.4308345,3.7324548
2024-03-13 05:00:00,3.224537,3.683131
2024-03-13 06:00:00,3.574663,3.7689142
2024-03-13 07:00:00,4.855499,4.0530696
2024-03-13 08:00:00,4.9584537,4.1187077
2024-03-13 09:00:00,5.1878,4.6019187
2024-03-13 10:00:00,4.811567,4.7409286
2024-03-13 11:00:00,4.520042,4.6902
2024-03-13 12:00:00,4.2109017,4.3787675
2024-03-13 13:00:00,4.0391893,4.206178
2024-03-13 14:00:00,3.8046758,3.9773996
2024-03-13 15:00:00,3.684146,3.7629924
2024-03-13 16:00:00,3.4499881,3.7446976
2024-03-13 17:00:00,3.2407641,3.7521908
2024-03-13 18:00:00,3.3098998,3.731224
2024-03-13 19:00:00,4.6742954,4.01393
2024-03-13 20:00:00,4.780066,4.067239
2024-03-13 21:00:00,5.1327834,4.4241066
2024-03-13 22:00:00,4.83709,4.604437
2024-03-13 23:00:00,4.5207887,4.572579
2024-03-14 00:00:00,4.302326,4.4192023
2024-03-14 01:00:00,4.047622,4.2095346
2024-03-14 02:00:00,3.7880895,3.9706192
2024-03-14 03:00:00,3.5846398,3.8361197
2024-03-14 04:00:00,3.5265613,3.7773676
2024-03-14 05:00:00,3.2629898,3.7477229
2024-03-14 06:00:00,3.2403643,3.794775
2024-03-14 07:00:00,3.9084015,3.8684855
2024-03-14 08:00:00,4.6636415,4.0271697
2024-03-14 09:00:00,5.0037484,4.2186966
2024-03-14 10:00:00,4.8870945,4.5697713
2024-03-14 11:00:00,4.5190434,4.5314593
2024-03-14 12:00:00,4.29259,4.3668017
2024-03-14 13:00:00,4.0132866,4.214344
2024-03-14 14:00:00,3.8747325,4.0717673
2024-03-14 15:00:00,3.6278417,3.8405032
2024-03-14 16:00:00,3.4387481,3.7757196
2024-03-14 17:00:00,3.3505929,3.6953063
2024-03-14 18:00:00,3.2396162,3.7021477
2024-03-14 19:00:00,3.5163875,3.792488
2024-03-14 20:00:00,4.643094,4.0249286
2024-03-14 21:00:00,4.8254313,4.0820165
2024-03-14 22:00:00,4.8897505,4.4119043
2024-03-14 23:00:00,4.5029445,4.482524
2024-03-15 00:00:00,4.216637,4.3957686
2024-03-15 01:00:00,4.000511,4.141542
2024-03-15 02:00:00,3.7979574,3.8985662
2024-03-15 03:00:00,3.6139123,3.8268127
2024-03-15 04:00:00,3.4325755,3.7646759
2024-03-15 05:00:00,3.2164383,3.6788425
2024-03-15 06:00:00,3.2428215,3.7014718
2024-03-15 07:00:00,3.5323913,3.786329
2024-03-15 08:00:00,4.369345,3.966404
2024-03-15 09:00:00,4.6028,4.0257497
2024-03-15 10:00:00,4.8938484,4.3415227
2024-03-15 11:00:00,4.6840773,4.538525
2024-03-15 12:00:00,4.4554553,4.449013
2024-03-15 13:00:00,4.170857,4.3967175
2024-03-15 14:00:00,3.9535017,4.131914
2024-03-15 15:00:00,3.800221,3.908097
2024-03-15 16:00:00,3.5482852,3.7600808
2024-03-15 17:00:00,3.4303346,3.777177
2024-03-15 18:00:00,3.278568,3.6947007
2024-03-15 19:00:00,3.3682766,3.736565
2024-03-15 20:00:00,3.993543,3.8798392
2024-03-15 21:00:00,4.540846,4.007504
2024-03-15 22:00:00,4.797463,4.1628156
2024-03-15 23:00:00,4.467535,4.379425
2024-03-16 00:00:00,4.220178,4.3925605
2024-03-16 01:00:00,4.0080886,4.1755157
2024-03-16 02:00:00,3.7976336,3.8941584
2024-03-16 03:00:00,3.6406,3.8306332
2024-03-16 04:00:00,3.4783304,3.764678
2024-03-16 05:00:00,3.275861,3.6890624
2024-03-16 06:00:00,3.1811938,3.6926095
2024-03-16 07:00:00,3.2608123,3.6498272
2024-03-16 08:00:00,4.038422,3.8081665
2024-03-16 09:00:00,4.3949895,3.8983366
2024-03-16 10:00:00,4.600641,3.9393237
2024-03-16 11:00:00,4.465457,4.286001
2024-03-16 12:00:00,4.346587,4.346847
2024-03-16 13:00:00,4.224271,4.318265
2024-03-16 14:00:00,3.8848171,3.97962
2024-03-16 15:00:00,3.7177439,3.894829
2024-03-16 16:00:00,3.6431537,3.769182
2024-03-16 17:00:00,3.4504368,3.7638912
2024-03-16 18:00:00,3.4135492,3.694987
2024-03-16 19:00:00,3.3100219,3.6950133
2024-03-16 20:00:00,3.4108996,3.748925
2024-03-16 21:00:00,4.324182,3.8580444
2024-03-16 22:00:00,4.3033257,3.8646162
2024-03-16 23:00:00,4.2686777,3.9266768
2024-03-17 00:00:00,4.1036263,3.99981
2024-03-17 01:00:00,3.8346708,3.9923573
2024-03-17 02:00:00,3.641077,3.7629135
2024-03-17 03:00:00,3.4821222,3.6607
2024-03-17 04:00:00,3.3186288,3.5937889
2024-03-17 05:00:00,3.2121341,3.541959
2024-03-17 06:00:00,3.0578525,3.533271
2024-03-17 07:00:00,3.065813,3.5368633
2024-03-17 08:00:00,3.3401334,3.5861309
2024-03-17 09:00:00,3.8990004,3.697712
2024-03-17 10:00:00,4.1142907,3.7427309
2024-03-17 11:00:00,4.3719115,3.9438345
2024-03-17 12:00:00,4.3093047,4.124537
2024-03-17 13:00:00,3.973844,4.1485796
2024-03-17 14:00:00,3.9050183,3.9985454
2024-03-17 15:00:00,3.7331443,3.8070815
2024-03-17 16:00:00,3.5694096,3.729156
2024-03-17 17:00:00,3.3836026,3.5945706
2024-03-17 18:00:00,3.217172,3.5904253
2024-03-17 19:00:00,3.2717834,3.5606017
2024-03-17 21:00:00,3.3350515,3.5611062
2024-03-17 22:00:00,3.9599593,3.6830595
2024-03-17 23:00:00,4.1452947,3.7349064
2024-03-18 00:00:00,4.059397,3.7088256
2024-03-18 01:00:00,3.7165432,3.5913167
2024-03-18 03:00:00,3.5693014,3.535518
2024-03-18 04:00:00,3.4055996,3.514474
2024-03-18 05:00:00,3.249362,3.502421
2024-03-18 06:00:00,3.1581485,3.4993672
2024-03-18 07:00:00,3.099124,3.498916
2024-03-18 08:00:00,3.108448,3.5070333
2024-03-18 09:00:00,3.2578285,3.54929
2024-03-18 10:00:00,3.9671078,3.6752458
2024-03-18 11:00:00,4.244651,3.7156935
2024-03-18 12:00:00,4.2920117,3.8753364
2024-03-18 13:00:00,4.1637983,3.981338
2024-03-18 14:00:00,3.8564477,3.9586587
2024-03-18 15:00:00,3.7162523,3.7441907
2024-03-18 16:00:00,3.6166277,3.7427852
2024-03-18 17:00:00,3.4410105,3.5887709
2024-03-18 18:00:00,3.3591495,3.539154
2024-03-18 19:00:00,3.3883886,3.5033221
2024-03-18 20:00:00,3.248444,3.535736
2024-03-18 21:00:00,3.2895277,3.544507
2024-03-18 22:00:00,3.2928379,3.5677154
2024-03-18 23:00:00,3.1463072,3.4877274
2024-03-19 00:00:00,3.2688637,3.4860497
2024-03-19 01:00:00,3.040225,3.5204723
2024-03-19 02:00:00,2.9527607,3.5112956
2024-03-19 03:00:00,3.1832497,3.4423115
2024-03-19 04:00:00,2.905611,3.4791784
2024-03-19 05:00:00,2.8314557,3.405837
2024-03-19 06:00:00,2.7935724,3.4090738
2024-03-19 07:00:00,2.8407507,3.4388466
2024-03-19 08:00:00,2.8694806,3.451751
2024-03-19 09:00:00,2.7684715,3.4385796
2024-03-19 10:00:00,3.015801,3.4720018
2024-03-19 11:00:00,3.2194088,3.5076532
2024-03-19 12:00:00,3.3858519,3.5306888
2024-03-19 13:00:00,3.6081498,3.556143
2024-03-19 14:00:00,3.7165747,3.4817307
2024-03-19 15:00:00,3.7983224,3.5518322
2024-03-19 16:00:00,3.3135827,3.5479174
2024-03-19 17:00:00,3.2963147,3.464158
2024-03-19 18:00:00,3.2340953,3.4453468
2024-03-19 19:00:00,3.1384442,3.391923
2024-03-19 20:00:00,3.0680597,3.3878288
2024-03-19 21:00:00,2.9934037,3.3887887
2024-03-19 22:00:00,3.0557857,3.391205
2024-03-19 23:00:00,2.9258342,3.4173605
2024-03-20 00:00:00,2.886874,3.36749
2024-03-20 01:00:00,2.7863345,3.34842
2024-03-20 02:00:00,2.984376,3.3580074
2024-03-20 03:00:00,3.1087353,3.3625011
2024-03-20 04:00:00,3.3029652,3.4648893
2024-03-20 05:00:00,3.2133193,3.4425719
2024-03-20 06:00:00,3.3554237,3.3659027
2024-03-20 07:00:00,3.2121747,3.4062588
2024-03-20 08:00:00,3.145213,3.4115953
2024-03-20 09:00:00,3.1334236,3.3693016
2024-03-20 10:00:00,3.0512125,3.3647382
2024-03-20 11:00:00,2.9663718,3.3622572
2024-03-20 12:00:00,2.9130511,3.3251684
2024-03-20 13:00:00,3.1298077,3.3813074
2024-03-20 14:00:00,3.444782,3.4366345
2024-03-20 15:00:00,3.8505764,3.4872427
2024-03-20 16:00:00,4.0227966,3.5860434
2024-03-20 17:00:00,4.1344533,3.7794404
2024-03-20 18:00:00,3.7514722,3.7300348
2024-03-20 19:00:00,3.5525782,3.6603935
2024-03-20 20:00:00,3.4527626,3.4804828
2024-03-20 21:00:00,3.2710905,3.4707766
2024-03-20 22:00:00,3.1732996,3.434729
2024-03-20 23:00:00,3.104382,3.3980808
2024-03-21 00:00:00,3.0247178,3.4366865
2024-03-21 01:00:00,2.995706,3.4384634
2024-03-21 02:00:00,3.0527468,3.4462383
2024-03-21 03:00:00,2.8641212,3.4311628
2024-03-21 04:00:00,3.3310802,3.4173336
2024-03-21 05:00:00,3.5643797,3.5323668
2024-03-21 06:00:00,3.6751833,3.5347614
2024-03-21 07:00:00,3.3423083,3.439888
2024-03-21 08:00:00,3.2703872,3.3751576
2024-03-21 09:00:00,3.1267307,3.4029078
2024-03-21 10:00:00,3.0372112,3.367711
2024-03-21 11:00:00,2.772608,3.354783
2024-03-21 12:00:00,2.8487267,3.4230905
2024-03-21 13:00:00,2.8065891,3.3649457
2024-03-21 14:00:00,2.832005,3.3632681
2024-03-21 15:00:00,3.497697,3.535781
2024-03-21 16:00:00,3.8778586,3.6057563
2024-03-21 17:00:00,4.2296853,3.738329
2024-03-21 18:00:00,4.198762,3.5699737
2024-03-21 19:00:00,3.8250546,3.5315375
2024-03-21 20:00:00,3.6344125,3.5606287
2024-03-21 21:00:00,3.4251416,3.4862592
2024-03-21 22:00:00,3.2837648,3.4864876
2024-03-21 23:00:00,3.1733801,3.4461899
2024-03-22 00:00:00,2.980783,3.4359574
2024-03-22 01:00:00,2.9367313,3.445652
2024-03-22 02:00:00,2.9950998,3.4560683
2024-03-22 03:00:00,3.0975125,3.5326023
2024-03-22 04:00:00,3.5234563,3.4971766
2024-03-22 05:00:00,3.6806839,3.5143845
2024-03-22 06:00:00,3.9320755,3.551594
2024-03-22 07:00:00,3.7636087,3.4780655
2024-03-22 08:00:00,3.5167072,3.4408681
2024-03-22 09:00:00,3.3262165,3.4270496
2024-03-22 10:00:00,3.2632778,3.431136
2024-03-22 11:00:00,2.986936,3.4201715
2024-03-22 12:00:00,2.8868895,3.4186184
2024-03-22 13:00:00,2.8197813,3.4254105
2024-03-22 14:00:00,2.8257458,3.429665
2024-03-22 15:00:00,3.1558602,3.4713562
2024-03-22 16:00:00,3.9051373,3.5952897
2024-03-22 17:00:00,4.41073,3.6888008
2024-03-22 18:00:00,4.3815846,3.9089043
2024-03-22 19:00:00,4.255432,4.0867834
2024-03-22 20:00:00,3.9395738,4.111883
2024-03-22 21:00:00,3.7639499,3.8734982
2024-03-22 22:00:00,3.4111364,3.6802619
2024-03-22 23:00:00,3.3311775,3.5639174
2024-03-23 00:00:00,3.155535,3.5280461
2024-03-23 01:00:00,2.964714,3.5205095
2024-03-23 02:00:00,2.9369729,3.4836264
2024-03-23 03:00:00,3.2102246,3.4999669
2024-03-23 04:00:00,3.398977,3.5174437
2024-03-23 05:00:00,3.8512638,3.6194413
2024-03-23 06:00:00,4.121732,3.6759179
2024-03-23 07:00:00,4.2434235,3.61916
2024-03-23 08:00:00,4.0509286,3.5057712
2024-03-23 09:00:00,3.7620625,3.5138965
2024-03-23 10:00:00,3.495422,3.498455
2024-03-23 11:00:00,3.332665,3.4547296
2024-03-23 12:00:00,3.1379497,3.4424176
2024-03-23 13:00:00,3.0569668,3.4429786
2024-03-23 14:00:00,2.8968048,3.437687
2024-03-23 15:00:00,2.9812944,3.4508777
2024-03-23 16:00:00,3.9295316,3.585873
2024-03-23 17:00:00,4.5388436,3.5950413
2024-03-23 18:00:00,4.729317,4.119935
2024-03-23 19:00:00,4.609278,4.303641
2024-03-23 20:00:00,4.3329606,4.36071
2024-03-23 21:00:00,4.1680393,4.3049445
2024-03-23 22:00:00,3.849013,3.9089575
2024-03-23 23:00:00,3.5861292,3.7429876
2024-03-24 00:00:00,3.4303868,3.6420424
2024-03-24 01:00:00,3.3200285,3.603812
2024-03-24 02:00:00,3.1610923,3.592722
2024-03-24 03:00:00,3.1503134,3.5569854
2024-03-24 04:00:00,3.6039617,3.6162834
2024-03-24 05:00:00,4.2001314,3.6652894
2024-03-24 06:00:00,4.436951,3.833685
2024-03-24 07:00:00,4.510228,4.185675
2024-03-24 08:00:00,4.325233,4.2990313
2024-03-24 09:00:00,4.072546,4.2169642
2024-03-24 10:00:00,3.8380148,4.037524
2024-03-24 11:00:00,3.6157331,3.7827163
2024-03-24 12:00:00,3.4075546,3.6336267
2024-03-24 13:00:00,3.2723408,3.592548
2024-03-24 14:00:00,3.1794264,3.5913115
2024-03-24 15:00:00,3.0761926,3.545077
2024-03-24 16:00:00,3.336345,3.5673306
2024-03-24 17:00:00,4.287901,3.679189
2024-03-24 18:00:00,4.607134,3.8594832
2024-03-24 19:00:00,4.7394505,4.241969
2024-03-24 20:00:00,4.5238323,4.350507
2024-03-24 21:00:00,4.2586064,4.3327093
2024-03-24 22:00:00,4.0150814,4.135536
2024-03-24 23:00:00,3.779195,3.8651173
2024-03-25 00:00:00,3.541742,3.7083974
2024-03-25 01:00:00,3.3659377,3.6476521
2024-03-25 02:00:00,3.176079,3.600461
2024-03-25 03:00:00,3.107986,3.5941684
2024-03-25 04:00:00,3.2639728,3.6281428
2024-03-25 05:00:00,4.1957507,3.7437255
2024-03-25 07:00:00,4.4582825,3.8142295
2024-03-25 08:00:00,4.724738,3.8696744
2024-03-25 09:00:00,4.4528227,3.6764364
2024-03-25 10:00:00,4.0187807,3.5953362
2024-03-25 11:00:00,3.7338724,3.576539
2024-03-25 12:00:00,3.588159,3.5862186
2024-03-25 13:00:00,3.4381402,3.539214
2024-03-25 14:00:00,3.2206955,3.5624132
2024-03-25 15:00:00,3.114819,3.436652
2024-03-25 16:00:00,3.0317554,3.4694166
2024-03-25 17:00:00,3.4711416,3.5094888
2024-03-25 18:00:00,4.8510904,3.7696052
2024-03-25 19:00:00,5.1154265,4.1277
2024-03-25 20:00:00,4.6270614,4.4046063
2024-03-25 21:00:00,4.27348,4.361691
2024-03-25 22:00:00,4.1524177,4.225596
2024-03-25 23:00:00,3.8631897,3.912469
2024-03-26 00:00:00,3.6026878,3.6776955
2024-03-26 01:00:00,3.5419183,3.6420674
2024-03-26 02:00:00,3.2505844,3.5892096
2024-03-26 03:00:00,3.1713743,3.5891197
2024-03-26 04:00:00,3.1718838,3.556409
2024-03-26 05:00:00,3.4966302,3.6081495
2024-03-26 06:00:00,4.342841,3.7945855
2024-03-26 07:00:00,4.62081,3.7874353
2024-03-26 08:00:00,4.63097,4.2045527
2024-03-26 09:00:00,4.381957,4.217141
2024-03-26 10:00:00,3.9502504,4.1854367
2024-03-26 11:00:00,3.7059495,3.9444854
2024-03-26 12:00:00,3.5906713,3.7855587
2024-03-26 13:00:00,3.4410667,3.5928917
2024-03-26 14:00:00,3.2724588,3.5433655
2024-03-26 15:00:00,3.0611079,3.4944296
2024-03-26 16:00:00,3.0493534,3.49701
2024-03-26 17:00:00,3.3196294,3.5159411
2024-03-26 18:00:00,4.2610264,3.673902
2024-03-26 19:00:00,4.7101364,3.896521
2024-03-26 20:00:00,4.9151063,4.3927617
2024-03-26 21:00:00,4.5746965,4.437153
2024-03-26 22:00:00,4.3126154,4.3988953
2024-03-26 23:00:00,3.9857872,4.0901513
2024-03-27 00:00:00,3.7585213,3.7515972
2024-03-27 01:00:00,3.516027,3.677497
2024-03-27 02:00:00,3.3968425,3.6475394
2024-03-27 03:00:00,3.2237835,3.5971353
2024-03-27 04:00:00,3.0897546,3.5906982
2024-03-27 05:00:00,3.3698974,3.5823772
2024-03-27 06:00:00,4.6596518,3.8401818
2024-03-27 07:00:00,4.621139,3.8505514
2024-03-27 08:00:00,4.8376803,4.262531
2024-03-27 09:00:00,4.5845056,4.3448515
2024-03-27 10:00:00,4.3168745,4.425144
2024-03-27 11:00:00,4.075526,4.2243176
2024-03-27 12:00:00,3.8731544,3.953958
2024-03-27 13:00:00,3.710434,3.796848
2024-03-27 14:00:00,3.5552368,3.6666126
2024-03-27 15:00:00,3.2739112,3.5664012
2024-03-27 16:00:00,3.259629,3.5217664
2024-03-27 17:00:00,3.3184223,3.612328
2024-03-27 18:00:00,4.4426446,3.8794112
2024-03-27 19:00:00,4.6675158,3.847433
2024-03-27 20:00:00,4.9033394,4.2941356
2024-03-27 21:00:00,4.5638165,4.3876076
2024-03-27 22:00:00,4.382916,4.3867044
2024-03-27 23:00:00,4.1566215,4.2487817
2024-03-28 00:00:00,3.8612933,3.9329233
2024-03-28 01:00:00,3.6997569,3.7678447
2024-03-28 02:00:00,3.5464833,3.72603
2024-03-28 03:00:00,3.434942,3.6650262
2024-03-28 04:00:00,3.1799653,3.6526663
2024-03-28 05:00:00,3.2901475,3.6274822
2024-03-28 06:00:00,3.8429155,3.7554443
2024-03-28 07:00:00,4.508936,3.9048796
2024-03-28 08:00:00,5.03958,4.2351966
2024-03-28 09:00:00,4.6869526,4.418921
2024-03-28 10:00:00,4.358094,4.395273
2024-03-28 11:00:00,4.1636195,4.345469
2024-03-28 12:00:00,3.9528108,4.0555053
2024-03-28 13:00:00,3.7090573,3.8042028
2024-03-28 14:00:00,3.5460715,3.7377698
2024-03-28 15:00:00,3.3818471,3.6820056
2024-03-28 16:00:00,3.1874657,3.614225
2024-03-28 17:00:00,3.1268454,3.6170862
2024-03-28 18:00:00,3.8061445,3.771265
2024-03-28 19:00:00,4.477443,3.910365
2024-03-28 20:00:00,4.5995,3.8553617
2024-03-28 21:00:00,4.6829166,4.295827
2024-03-28 22:00:00,4.393582,4.3003035
2024-03-28 23:00:00,4.154367,4.3101716
2024-03-29 00:00:00,3.9189487,4.0561175
2024-03-29 01:00:00,3.6945913,3.7997847
2024-03-29 02:00:00,3.515647,3.7263334
2024-03-29 03:00:00,3.3609538,3.6760123
2024-03-29 04:00:00,3.2294834,3.6116467
2024-03-29 05:00:00,3.159572,3.6054897
2024-03-29 06:00:00,3.3252752,3.6503687
2024-03-29 07:00:00,4.4915113,3.8991365
2024-03-29 08:00:00,4.763483,3.9685366
2024-03-29 09:00:00,4.894493,4.34392
2024-03-29 10:00:00,4.6404867,4.4310794
2024-03-29 11:00:00,4.3649273,4.5062
2024-03-29 12:00:00,4.1264625,4.229652
2024-03-29 13:00:00,3.886363,4.032415
2024-03-29 14:00:00,3.7222188,3.735004
2024-03-29 15:00:00,3.557378,3.7428892
2024-03-29 16:00:00,3.3836217,3.673513
2024-03-29 17:00:00,3.2029502,3.620167
2024-03-29 18:00:00,3.3374102,3.6329312
2024-03-29 19:00:00,3.5680406,3.7149558
2024-03-29 20:00:00,4.449877,3.7996213
2024-03-29 21:00:00,4.6459346,4.0430737
2024-03-29 22:00:00,4.438498,4.2004795
2024-03-29 23:00:00,4.147601,4.2176313
2024-03-30 00:00:00,3.9215536,4.088158
2024-03-30 01:00:00,3.709525,3.8057573
2024-03-30 02:00:00,3.5557952,3.6458776
2024-03-30 03:00:00,3.4620116,3.6042485
2024-03-30 04:00:00,3.2710474,3.595896
2024-03-30 05:00:00,3.148167,3.5905998
2024-03-30 06:00:00,3.2341514,3.558888
2024-03-30 07:00:00,4.39767,3.7786407
2024-03-30 08:00:00,4.65286,3.8506076
2024-03-30 09:00:00,4.914005,4.1998034
2024-03-30 10:00:00,4.625486,4.308825
2024-03-30 11:00:00,4.4698024,4.322305
2024-03-30 12:00:00,4.2681203,4.271632
2024-03-30 13:00:00,3.9476511,3.9534156
2024-03-30 14:00:00,3.690498,3.7796922
2024-03-30 15:00:00,3.546623,3.7328482
2024-03-30 16:00:00,3.415929,3.6208086
2024-03-30 17:00:00,3.2715824,3.519207
2024-03-30 18:00:00,3.2506192,3.5585926
2024-03-30 19:00:00,3.4917333,3.685057
2024-03-30 20:00:00,4.573238,3.8125896
2024-03-30 21:00:00,4.435613,3.7875566
2024-03-30 22:00:00,4.4035,4.129079
2024-03-30 23:00:00,4.13146,4.1622133
2024-03-31 00:00:00,3.9540298,4.1283045
2024-03-31 01:00:00,3.7126667,3.7983623
2024-03-31 02:00:00,3.5555577,3.6970391
2024-03-31 03:00:00,3.3818393,3.57906
2024-03-31 04:00:00,3.192263,3.5749817
2024-03-31 05:00:00,3.0892553,3.584491
2024-03-31 06:00:00,3.1686947,3.548508
2024-03-31 07:00:00,3.6169608,3.6088727
2024-03-31 08:00:00,4.440398,3.8059056
2024-03-31 09:00:00,4.470054,3.8163114
2024-03-31 10:00:00,4.7509637,4.2946405
2024-03-31 11:00:00,4.5896893,4.4135833
2024-03-31 12:00:00,4.3777885,4.418828
2024-03-31 13:00:00,4.0342684,4.20014
2024-03-31 14:00:00,3.870223,3.9556615
2024-03-31 15:00:00,3.7204957,3.8106232
2024-03-31 16:00:00,3.6241128,3.7528968
2024-03-31 17:00:00,3.4718902,3.667677
2024-03-31 18:00:00,3.3280082,3.6177115
2024-03-31 19:00:00,3.4904346,3.6356034
2024-03-31 20:00:00,4.4955206,3.859334
2024-03-31 21:00:00,4.433104,3.876564
2024-03-31 22:00:00,4.458351,3.973545
2024-03-31 23:00:00,4.2643414,4.1421566
2024-04-01 00:00:00,4.017675,4.110462
2024-04-01 01:00:00,3.8440707,3.932475
2024-04-01 02:00:00,3.6897695,3.656872
2024-04-01 03:00:00,3.5142515,3.6449327
2024-04-01 04:00:00,3.3323183,3.5905502
2024-04-01 05:00:00,3.2169914,3.5878344
2024-04-01 06:00:00,3.2286282,3.5493133
2024-04-01 07:00:00,3.3969696,3.5604658
2024-04-01 08:00:00,4.162854,3.719975
2024-04-01 09:00:00,4.2193546,3.7528472
2024-04-01 10:00:00,4.4767566,3.975898
2024-04-01 11:00:00,4.4752984,4.17649
2024-04-01 12:00:00,4.3077817,4.3096623
2024-04-01 13:00:00,4.1638956,4.2087097
2024-04-01 14:00:00,3.914251,3.9708674
2024-04-01 15:00:00,3.7419806,3.8054657
2024-04-01 16:00:00,3.576992,3.7358038
2024-04-01 17:00:00,3.481238,3.6162453
2024-04-01 18:00:00,3.441421,3.6126354
2024-04-01 19:00:00,3.239917,3.6045594
2024-04-01 20:00:00,3.6122954,3.6906145
2024-04-01 21:00:00,4.285896,3.8385875
2024-04-01 22:00:00,4.0761113,3.8200371
2024-04-01 23:00:00,4.193933,3.814427
2024-04-02 00:00:00,4.0652857,3.9120798
2024-04-02 01:00:00,3.822664,3.9149911
2024-04-02 02:00:00,3.6306024,3.6710308
2024-04-02 03:00:00,3.530274,3.5772953
2024-04-02 04:00:00,3.4432974,3.586271
2024-04-02 06:00:00,3.3518503,3.534527
2024-04-02 07:00:00,3.3165002,3.5373163
2024-04-02 08:00:00,3.2173436,3.53197
2024-04-02 09:00:00,3.4489083,3.583984
2024-04-02 10:00:00,4.3390594,3.7606118
2024-04-02 11:00:00,4.6703672,4.005238
2024-04-02 12:00:00,4.360628,4.0570674
2024-04-02 13:00:00,4.0783973,4.096856
2024-04-02 14:00:00,3.8780115,3.8440754
2024-04-02 15:00:00,3.7813816,3.817804
2024-04-02 16:00:00,3.637532,3.7355542
2024-04-02 17:00:00,3.5203488,3.6641686
2024-04-02 18:00:00,3.4832928,3.5995653
2024-04-02 19:00:00,3.404839,3.5568473
2024-04-02 20:00:00,3.4140131,3.5571449
2024-04-02 21:00:00,3.638579,3.5831916
2024-04-02 22:00:00,3.5563362,3.5915854
2024-04-02 23:00:00,3.6827185,3.6162183
2024-04-03 00:00:00,3.4781973,3.5585122
2024-04-03 01:00:00,3.7013383,3.5123394
2024-04-03 02:00:00,3.5451384,3.5413172
2024-04-03 03:00:00,3.4363875,3.5192184
2024-04-03 04:00:00,3.328789,3.5031543
2024-04-03 05:00:00,3.3056126,3.4568696
2024-04-03 06:00:00,3.2491555,3.4527144
2024-04-03 07:00:00,3.2429624,3.4531746
2024-04-03 08:00:00,3.30109,3.4605474
2024-04-03 09:00:00,3.4253252,3.4738839
2024-04-03 10:00:00,3.6534483,3.5976202
2024-04-03 11:00:00,3.9751585,3.561521
2024-04-03 12:00:00,4.2010794,3.67916
2024-04-03 13:00:00,4.213339,3.9293888
2024-04-03 14:00:00,4.1076927,3.961509
2024-04-03 15:00:00,3.8626013,3.9453073
2024-04-03 16:00:00,3.8341115,3.7680435
2024-04-03 17:00:00,3.7347982,3.7530315
2024-04-03 18:00:00,3.5736961,3.5876098
2024-04-03 19:00:00,3.475327,3.5417192
2024-04-03 20:00:00,3.4767625,3.5034733
2024-04-03 21:00:00,3.3887396,3.541719
2024-04-03 22:00:00,3.5765522,3.5119302
2024-04-03 23:00:00,3.4033272,3.5534642
2024-04-04 00:00:00,3.481419,3.5123541
2024-04-04 01:00:00,3.5321617,3.506294
2024-04-04 02:00:00,3.7829316,3.5364823
2024-04-04 03:00:00,3.5708268,3.4879513
2024-04-04 04:00:00,3.6257524,3.4716098
2024-04-04 05:00:00,3.5161414,3.4581728
2024-04-04 06:00:00,3.466209,3.4496467
2024-04-04 07:00:00,3.498992,3.45786
2024-04-04 08:00:00,3.4636078,3.45715
2024-04-04 09:00:00,3.4132183,3.4569435
2024-04-04 10:00:00,3.344274,3.4549968
2024-04-04 11:00:00,3.3723283,3.4583318
2024-04-04 12:00:00,3.504943,3.4698508
2024-04-04 13:00:00,3.7998307,3.5078914
2024-04-04 14:00:00,4.1254787,3.6537051
2024-04-04 15:00:00,4.452094,3.9981291
2024-04-04 16:00:00,4.4983673,4.14093
2024-04-04 17:00:00,4.1531787,4.088072
2024-04-04 18:00:00,4.0144377,4.008221
2024-04-04 19:00:00,3.8930035,3.8179765
2024-04-04 20:00:00,3.7187197,3.5941606
2024-04-04 21:00:00,3.624032,3.551325
2024-04-04 22:00:00,3.526936,3.5516064
2024-04-04 23:00:00,3.433319,3.546313
2024-04-05 00:00:00,3.4900594,3.5576932
2024-04-05 01:00:00,3.6417763,3.5336905
2024-04-05 02:00:00,3.4931402,3.5759928
2024-04-05 03:00:00,3.8386834,3.5628529
2024-04-05 04:00:00,4.0929646,3.5937376
2024-04-05 05:00:00,4.164802,3.5557456
2024-04-05 06:00:00,3.7850688,3.4834476
2024-04-05 07:00:00,3.6447473,3.4599066
2024-04-05 08:00:00,3.637857,3.4674923
2024-04-05 09:00:00,3.5075588,3.4609365
2024-04-05 10:00:00,3.4457498,3.4626067
2024-04-05 11:00:00,3.3347192,3.4552188
2024-04-05 12:00:00,3.3289258,3.4627142
2024-04-05 13:00:00,3.4199479,3.4725366
2024-04-05 14:00:00,3.7600713,3.4989235
2024-04-05 15:00:00,4.3475494,3.6035538
2024-04-05 17:00:00,4.5850096,4.033045
2024-04-05 18:00:00,4.3042603,4.2131376
2024-04-05 19:00:00,4.401055,4.404753
2024-04-05 20:00:00,4.0565333,3.9736109
2024-04-05 21:00:00,3.9361248,3.6926448
2024-04-05 22:00:00,3.7780464,3.6420612
2024-04-05 23:00:00,3.6818678,3.6085641
2024-04-06 00:00:00,3.489161,3.5487256
2024-04-06 01:00:00,3.4104795,3.5466592
2024-04-06 02:00:00,3.5442617,3.5636895
2024-04-06 03:00:00,3.9688368,3.6373224
2024-04-06 04:00:00,4.4786377,3.7978604
2024-04-06 05:00:00,4.577204,3.7890441
2024-04-06 06:00:00,4.6332407,3.5924642
2024-04-06 07:00:00,4.2592597,3.56956
2024-04-06 08:00:00,4.041416,3.4947367
2024-04-06 09:00:00,3.8627472,3.4883587
2024-04-06 10:00:00,3.7694864,3.5380747
2024-04-06 11:00:00,3.7451978,3.5474508
2024-04-06 12:00:00,3.5088348,3.6459415
2024-04-06 13:00:00,3.4379904,3.5427861
2024-04-06 14:00:00,3.5447347,3.5044825
2024-04-06 15:00:00,4.3142824,3.56249
2024-04-06 16:00:00,4.562404,3.5838733
2024-04-06 17:00:00,5.124535,4.266048
2024-04-06 18:00:00,5.074255,4.572029
2024-04-06 19:00:00,4.7231154,4.5135865
2024-04-06 20:00:00,4.514207,4.4486847
2024-04-06 21:00:00,4.361507,4.315404
2024-04-06 22:00:00,4.210936,4.135176
2024-04-06 23:00:00,4.044636,3.7953682
2024-04-07 00:00:00,3.8567195,3.684288
2024-04-07 01:00:00,3.650327,3.6235716
2024-04-07 02:00:00,3.5737553,3.6247282
2024-04-07 03:00:00,4.0018725,3.6810267
2024-04-07 04:00:00,4.6415896,3.7431228
2024-04-07 05:00:00,4.675412,3.8779793
2024-04-07 06:00:00,4.9675684,4.354601
2024-04-07 07:00:00,4.7267814,4.4943748
2024-04-07 08:00:00,4.4509096,4.4782906
2024-04-07 09:00:00,4.332306,4.269453
2024-04-07 10:00:00,4.2199283,4.140896
2024-04-07 11:00:00,3.9704738,3.7850575
2024-04-07 12:00:00,3.8612025,3.7272615
2024-04-07 13:00:00,3.7066483,3.7287867
2024-04-07 14:00:00,3.6178768,3.631375
2024-04-07 15:00:00,3.6687694,3.5432847
2024-04-07 16:00:00,4.674719,3.7312274
2024-04-07 17:00:00,4.910129,3.9304929
2024-04-07 18:00:00,5.3038044,4.628873
2024-04-07 19:00:00,5.130116,4.7597475
2024-04-07 20:00:00,4.903407,4.8035126
2024-04-07 21:00:00,4.60968,4.6056175
2024-04-07 22:00:00,4.470894,4.4002743
2024-04-07 23:00:00,4.3263955,4.2202477
2024-04-08 00:00:00,4.1449447,4.0524087
2024-04-08 01:00:00,3.9347608,3.863786
2024-04-08 02:00:00,3.7707927,3.7869492
2024-04-08 03:00:00,3.8476763,3.7642632
2024-04-08 04:00:00,4.353059,3.83462
2024-04-08 05:00:00,4.686884,3.9430358
2024-04-08 06:00:00,5.275164,4.3078065
2024-04-08 07:00:00,5.1523776,4.788937
2024-04-08 08:00:00,4.988403,4.809908
2024-04-08 09:00:00,4.775773,4.711007
2024-04-08 10:00:00,4.539485,4.523188
2024-04-08 11:00:00,4.402386,4.3378367
2024-04-08 12:00:00,4.253522,4.171019
2024-04-08 13:00:00,3.9637485,3.9936478
2024-04-08 14:00:00,3.8120165,3.9890401
2024-04-08 15:00:00,3.7295806,3.8416553
2024-04-08 16:00:00,4.044779,3.8616285
2024-04-08 17:00:00,4.831868,3.9613912
2024-04-08 18:00:00,5.411201,4.308398
2024-04-08 19:00:00,5.4922957,4.8611107
2024-04-08 20:00:00,5.24337,4.9419875
2024-04-08 21:00:00,5.0051684,4.826707
2024-04-08 22:00:00,4.772955,4.715475
2024-04-08 23:00:00,4.6677356,4.5381536
2024-04-09 00:00:00,4.429722,4.4336276
2024-04-09 01:00:00,4.226935,4.1815286
2024-04-09 02:00:00,4.027351,3.9906466
2024-04-09 03:00:00,3.9454827,3.820204
2024-04-09 04:00:00,3.9347956,3.8693578
2024-04-09 05:00:00,4.8134117,4.016335
2024-04-09 06:00:00,4.957514,4.0705214
2024-04-09 07:00:00,5.5797477,4.6164994
2024-04-09 08:00:00,5.32197,4.8489623
2024-04-09 09:00:00,5.174752,4.8605514
2024-04-09 10:00:00,4.819605,4.6800203
2024-04-09 11:00:00,4.644889,4.541663
2024-04-09 12:00:00,4.5118117,4.4453354
2024-04-09 13:00:00,4.3414474,4.273714
2024-04-09 14:00:00,4.1326833,4.0889506
2024-04-09 15:00:00,3.9342113,3.9908426
2024-04-09 16:00:00,3.9266057,3.8449502
2024-04-09 17:00:00,4.369422,3.9994638
2024-04-09 18:00:00,5.0118475,4.0564957
2024-04-09 19:00:00,5.63579,4.6010504
2024-04-09 20:00:00,5.4065957,4.8483043
2024-04-09 21:00:00,5.300623,4.8831677
2024-04-09 22:00:00,5.0152864,4.802403
2024-04-09 23:00:00,4.8157816,4.655142
2024-04-10 00:00:00,4.693046,4.553795
2024-04-10 01:00:00,4.441869,4.446567
2024-04-10 02:00:00,4.2242513,4.18467
2024-04-10 03:00:00,4.011483,3.9881752
2024-04-10 04:00:00,3.9324265,3.9175608
2024-04-10 05:00:00,4.2910085,3.9579356
2024-04-10 06:00:00,4.873118,4.101481
2024-04-10 07:00:00,5.681025,4.4098587
2024-04-10 08:00:00,5.6067877,4.632527
2024-04-10 09:00:00,5.414554,4.563878
2024-04-10 10:00:00,5.193932,4.5208178
2024-04-10 11:00:00,4.953241,4.6316576
2024-04-10 12:00:00,4.8681293,4.623428
2024-04-10 13:00:00,4.6280065,4.485593
2024-04-10 14:00:00,4.517936,4.3123403
2024-04-10 15:00:00,4.1541667,4.262395
2024-04-10 16:00:00,4.0198135,4.098701
2024-04-10 17:00:00,3.9530172,4.0360274
2024-04-10 18:00:00,5.1593814,4.084024
2024-04-10 19:00:00,5.3501797,4.117519
2024-04-10 20:00:00,5.826602,4.6545725
2024-04-10 21:00:00,5.3531127,4.767401
2024-04-10 22:00:00,5.1735134,4.7141933
2024-04-10 23:00:00,4.9844875,4.7142
2024-04-11 00:00:00,4.755284,4.59936
2024-04-11 01:00:00,4.6283484,4.498219
2024-04-11 02:00:00,4.453665,4.319933
2024-04-11 03:00:00,4.3345385,4.1300683
2024-04-11 04:00:00,4.0964003,3.9926472
2024-04-11 05:00:00,4.190432,3.9624815
2024-04-11 06:00:00,4.7073665,4.0267487
2024-04-11 07:00:00,5.0402694,4.0985036
2024-04-11 08:00:00,5.829489,4.6053653
2024-04-11 09:00:00,5.624187,4.8653917
2024-04-11 10:00:00,5.5000057,4.895693
2024-04-11 11:00:00,5.1489244,4.812025
2024-04-11 12:00:00,5.0213275,4.6867433
2024-04-11 13:00:00,4.8177586,4.5694256
2024-04-11 14:00:00,4.6209373,4.4669914
2024-04-11 15:00:00,4.4318247,4.3743467
2024-04-11 16:00:00,4.243785,4.2658606
2024-04-11 17:00:00,4.225324,4.206513
2024-04-11 18:00:00,4.2846045,4.097727
2024-04-11 19:00:00,5.027478,4.155789
2024-04-11 20:00:00,5.3837953,4.263109
2024-04-11 21:00:00,5.4785147,4.656286
2024-04-11 22:00:00,5.2842035,4.7284813
2024-04-11 23:00:00,5.0349765,4.680348
2024-04-12 00:00:00,4.878728,4.632437
2024-04-12 01:00:00,4.722802,4.5367856
2024-04-12 02:00:00,4.584717,4.2647805
2024-04-12 03:00:00,4.298129,4.047498
2024-04-12 04:00:00,4.1748443,3.9428108
2024-04-12 05:00:00,4.1794972,3.8520255
2024-04-12 06:00:00,4.4125957,3.9265878
2024-04-12 07:00:00,5.0660367,4.12856
2024-04-12 08:00:00,5.378387,4.3142743
2024-04-12 09:00:00,5.802832,4.6965814
2024-04-12 10:00:00,5.5312266,4.8021164
2024-04-12 11:00:00,5.3421044,4.7205853
2024-04-12 12:00:00,5.094025,4.6864643
2024-04-12 13:00:00,4.8580623,4.5626783
2024-04-12 14:00:00,4.7139325,4.556898
2024-04-12 15:00:00,4.622199,4.3911777
2024-04-12 16:00:00,4.355673,4.2682056
2024-04-12 17:00:00,4.1704855,4.178457
2024-04-12 18:00:00,4.108898,4.129618
2024-04-12 19:00:00,4.904783,4.1255946
2024-04-12 20:00:00,5.2819386,4.104852
2024-04-12 21:00:00,5.5380483,4.380222
2024-04-12 22:00:00,5.1697073,4.557
2024-04-12 23:00:00,5.031584,4.6518884
2024-04-13 00:00:00,4.854066,4.577175
2024-04-13 01:00:00,4.744434,4.5428767
2024-04-13 02:00:00,4.583572,4.433332
2024-04-13 03:00:00,4.3990517,4.159649
2024-04-13 04:00:00,4.2101183,3.9526224
2024-04-13 05:00:00,4.1441054,3.8432827
2024-04-13 06:00:00,4.259163,3.8818834
2024-04-13 07:00:00,4.6790175,3.908172
2024-04-13 08:00:00,5.0001836,4.014149
2024-04-13 09:00:00,5.5686955,4.4748583
2024-04-13 10:00:00,5.4958086,4.6919165
2024-04-13 11:00:00,5.3624616,4.7276807
2024-04-13 12:00:00,5.098378,4.655681
2024-04-13 13:00:00,4.94937,4.592006
2024-04-13 14:00:00,4.8046255,4.5680995
2024-04-13 15:00:00,4.6450934,4.471862
2024-04-13 16:00:00,4.5331526,4.3803883
2024-04-13 17:00:00,4.4548855,4.195748
2024-04-13 18:00:00,4.339228,4.199695
2024-04-13 19:00:00,4.3102612,4.0729628
2024-04-13 20:00:00,4.9422426,4.1184707
2024-04-13 21:00:00,5.278981,4.2229013
2024-04-13 22:00:00,5.2352424,4.415151
2024-04-13 23:00:00,5.099276,4.5493436
2024-04-14 00:00:00,4.792322,4.5312524
2024-04-14 01:00:00,4.688336,4.4805837
2024-04-14 02:00:00,4.605316,4.373937
2024-04-14 03:00:00,4.445253,4.256807
2024-04-14 04:00:00,4.274461,4.2403364
2024-04-14 05:00:00,4.1764026,4.1525507
2024-04-14 06:00:00,4.155084,4.069179
2024-04-14 07:00:00,4.422694,4.0520916
2024-04-14 08:00:00,4.941816,4.182274
2024-04-14 09:00:00,5.2567587,4.264545
2024-04-14 10:00:00,5.4453945,4.566964
2024-04-14 11:00:00,5.4043927,4.671636
2024-04-14 12:00:00,5.261064,4.730001
2024-04-14 13:00:00,5.066099,4.6420603
2024-04-14 14:00:00,4.9048967,4.6176214
2024-04-14 15:00:00,4.7490077,4.515053
2024-04-14 16:00:00,4.5507727,4.4053216
2024-04-14 17:00:00,4.4504113,4.3139944
2024-04-14 18:00:00,4.394206,4.228694
2024-04-14 19:00:00,4.3109355,4.143566
2024-04-14 20:00:00,4.409671,4.109092
2024-04-14 21:00:00,4.972158,4.2377357
2024-04-14 22:00:00,5.022756,4.2753115
2024-04-14 23:00:00,5.000332,4.364279
2024-04-15 00:00:00,4.8361897,4.4051867
2024-04-15 01:00:00,4.720045,4.4369826
2024-04-15 02:00:00,4.5442224,4.3849416
2024-04-15 03:00:00,4.485628,4.2887316
2024-04-15 04:00:00,4.3769307,4.1830034
2024-04-15 05:00:00,4.220953,4.074396
2024-04-15 06:00:00,4.230267,4.0957465
2024-04-15 07:00:00,4.2176995,4.0181255
2024-04-15 08:00:00,4.4609146,3.9818287
2024-04-15 09:00:00,4.707823,4.040789
2024-04-15 10:00:00,5.085404,4.2258325
2024-04-15 11:00:00,5.1024947,4.3990703
2024-04-15 12:00:00,4.9941063,4.422572
2024-04-15 13:00:00,4.825297,4.4262457
2024-04-15 14:00:00,4.7277994,4.4772015
2024-04-15 15:00:00,4.549923,4.3503346
2024-04-15 16:00:00,4.444365,4.3362846
2024-04-15 17:00:00,4.349306,4.324081
2024-04-15 18:00:00,4.290005,4.234148
2024-04-15 19:00:00,4.2684684,4.0601373
2024-04-15 20:00:00,4.315685,4.096073
2024-04-15 21:00:00,4.4001837,4.051599
2024-04-15 22:00:00,4.5874286,4.1022053
2024-04-15 23:00:00,4.5916514,4.1231856
2024-04-16 00:00:00,4.635269,4.232921
2024-04-16 01:00:00,4.580023,4.1956525
2024-04-16 02:00:00,4.4412975,4.2427444
2024-04-16 03:00:00,4.314699,4.21707
2024-04-16 04:00:00,4.294105,4.1217628
2024-04-16 05:00:00,4.2113557,4.008859
2024-04-16 06:00:00,4.1615257,4.005809
2024-04-16 07:00:00,4.156454,4.016391
2024-04-16 08:00:00,4.3233895,3.9638376
2024-04-16 09:00:00,4.6873198,4.0307846
2024-04-16 10:00:00,4.8189683,4.1623425
2024-04-16 11:00:00,4.9948015,4.2883825
2024-04-16 12:00:00,5.022852,4.3519278
2024-04-16 13:00:00,4.9967732,4.391747
2024-04-16 14:00:00,4.844485,4.411848
2024-04-16 15:00:00,4.636965,4.3522415
2024-04-16 17:00:00,4.621428,4.272953
2024-04-16 18:00:00,4.5339704,4.2607493
2024-04-16 19:00:00,4.307367,4.2245207
2024-04-16 20:00:00,4.21577,4.1452203
2024-04-16 21:00:00,4.2307215,4.084778
2024-04-16 22:00:00,4.5906396,4.0707464
2024-04-16 23:00:00,4.4967346,4.059277
2024-04-17 00:00:00,4.3663716,4.04975
2024-04-17 01:00:00,4.4802127,4.0832095
2024-04-17 02:00:00,4.3118625,4.0504208
2024-04-17 03:00:00,4.2280884,4.037328
2024-04-17 04:00:00,4.183995,4.0260024
2024-04-17 05:00:00,4.2656236,4.041127
2024-04-17 06:00:00,4.1762786,4.0300198
2024-04-17 07:00:00,4.1698403,4.026439
2024-04-17 08:00:00,4.181609,3.9317284
2024-04-17 09:00:00,4.318497,3.9577582
2024-04-17 10:00:00,4.2882104,4.0555897
2024-04-17 11:00:00,4.5262756,4.200584
2024-04-17 12:00:00,4.6800165,4.1366506
2024-04-17 13:00:00,4.8623753,4.2343626
2024-04-17 14:00:00,4.841385,4.2096567
2024-04-17 15:00:00,4.6189685,4.232241
2024-04-17 16:00:00,4.568562,4.209286
2024-04-17 17:00:00,4.5400224,4.2069426
2024-04-17 18:00:00,4.490628,4.191846
2024-04-17 19:00:00,4.380317,4.181043
2024-04-17 20:00:00,4.305095,4.09704
2024-04-17 21:00:00,4.242816,4.097615
2024-04-17 22:00:00,4.349409,4.0397143
2024-04-17 23:00:00,4.2990284,4.0341997
2024-04-18 00:00:00,4.236534,3.933914
2024-04-18 01:00:00,4.2122545,3.9411075
2024-04-18 02:00:00,4.206802,3.9452415
2024-04-18 03:00:00,4.402448,3.9956892
2024-04-18 04:00:00,4.253375,4.0603476
2024-04-18 05:00:00,4.342184,4.069703
2024-04-18 06:00:00,4.2958307,4.0477133
2024-04-18 07:00:00,4.260707,4.029623
2024-04-18 08:00:00,4.1764174,4.0093555
2024-04-18 09:00:00,4.2033834,4.0184107
2024-04-18 10:00:00,4.2100534,4.0191364
2024-04-18 11:00:00,4.1760807,4.017681
2024-04-18 12:00:00,4.165537,3.922612
2024-04-18 13:00:00,4.4045773,3.9770486
2024-04-18 14:00:00,4.630816,4.038616
2024-04-18 15:00:00,4.907011,4.0844803
2024-04-18 16:00:00,4.9416375,4.260638
2024-04-18 17:00:00,4.892359,4.31636
2024-04-18 18:00:00,4.6000576,4.405376
2024-04-18 19:00:00,4.5804906,4.3027854
2024-04-18 20:00:00,4.4767103,4.1808434
2024-04-18 21:00:00,4.36027,4.159902
2024-04-18 22:00:00,4.268702,4.0661035
2024-04-18 23:00:00,4.2239585,3.9756436
2024-04-19 00:00:00,4.199139,3.9844708
2024-04-19 01:00:00,4.3356457,3.937754
2024-04-19 02:00:00,4.3789206,3.9691741
2024-04-19 03:00:00,4.5660496,4.02986
2024-04-19 04:00:00,4.5914173,4.045246
2024-04-19 05:00:00,4.6223006,4.1263056
2024-04-19 06:00:00,4.6591887,4.2037272
2024-04-19 07:00:00,4.4708033,4.2257185
2024-04-19 08:00:00,4.3731813,4.272687
2024-04-19 09:00:00,4.373504,4.2701726
2024-04-19 10:00:00,4.213155,4.2358856
2024-04-19 11:00:00,4.1838655,4.2380857
2024-04-19 12:00:00,4.1237364,4.0665374
2024-04-19 13:00:00,4.278983,3.8243408
2024-04-19 14:00:00,4.6428113,3.7813792
2024-04-19 15:00:00,4.860091,3.9489596
2024-04-19 16:00:00,5.191064,3.929778
2024-04-19 17:00:00,5.1360884,3.8665755
2024-04-19 18:00:00,5.006171,3.9126177
2024-04-19 19:00:00,4.972083,3.8958352
2024-04-19 20:00:00,4.8110414,3.9668267
2024-04-19 21:00:00,4.706648,3.853806
2024-04-19 22:00:00,4.6166162,3.803367
2024-04-19 23:00:00,4.5635104,3.7950394
2024-04-20 00:00:00,4.4727263,3.8638952
2024-04-20 01:00:00,4.4772453,3.8001592
2024-04-20 02:00:00,4.695628,3.8132381
2024-04-20 03:00:00,4.6811447,3.8009124
2024-04-20 04:00:00,4.843158,3.8327484
2024-04-20 05:00:00,4.9699783,3.758602
2024-04-20 06:00:00,4.8614593,3.9280038
2024-04-20 07:00:00,4.857019,3.7837057
2024-04-20 08:00:00,4.7966504,3.715437
2024-04-20 09:00:00,4.67441,3.7132316
2024-04-20 10:00:00,4.5772667,3.7201138
2024-04-20 11:00:00,4.4911094,3.714774
2024-04-20 12:00:00,4.4520936,3.664972
2024-04-20 13:00:00,4.3675413,3.7140298
2024-04-20 14:00:00,4.369798,3.7216651
2024-04-20 15:00:00,4.7894073,3.7118754
2024-04-20 16:00:00,4.9903445,3.729326
2024-04-20 17:00:00,5.1498227,3.845131
2024-04-20 18:00:00,5.193617,3.7154999
2024-04-20 19:00:00,4.8985944,3.7165687
2024-04-20 20:00:00,4.8802066,3.6614704
2024-04-20 21:00:00,4.726606,3.7071075
2024-04-20 22:00:00,4.6339693,3.6578815
2024-04-20 23:00:00,4.4412713,3.6476908
2024-04-21 00:00:00,4.349643,3.6485112
2024-04-21 01:00:00,4.2136297,3.6441147
2024-04-21 02:00:00,4.2311606,3.712712
2024-04-21 03:00:00,4.7478304,3.7182696
2024-04-21 04:00:00,4.90678,3.8018775
2024-04-21 05:00:00,4.937382,3.707409
2024-04-21 06:00:00,5.386018,3.7469077
2024-04-21 07:00:00,5.1075916,3.6768236
2024-04-21 08:00:00,5.027805,3.646653
2024-04-21 09:00:00,4.942592,3.645936
2024-04-21 10:00:00,4.7563944,3.7109697
2024-04-21 12:00:00,4.580153,3.6584604
2024-04-21 13:00:00,4.48613,3.6624038
2024-04-21 14:00:00,4.22625,3.6467602
2024-04-21 15:00:00,4.2091947,3.6574652
2024-04-21 16:00:00,4.7039332,3.7163682
2024-04-21 17:00:00,5.499964,3.7389536
2024-04-21 18:00:00,5.816773,3.8189368
2024-04-21 19:00:00,5.2725506,3.7464025
2024-04-21 20:00:00,5.0156093,3.6903908
2024-04-21 21:00:00,4.913631,3.69662
2024-04-21 22:00:00,4.8703136,3.7202413
2024-04-21 23:00:00,4.666349,3.7715628
2024-04-22 00:00:00,4.595667,3.949751
2024-04-22 01:00:00,4.428792,4.0705333
2024-04-22 02:00:00,4.3984656,4.068553
2024-04-22 03:00:00,4.515448,3.980028
2024-04-22 04:00:00,4.942036,4.0863056
2024-04-22 05:00:00,5.2770886,4.15814
2024-04-22 06:00:00,5.5326195,4.298411
2024-04-22 07:00:00,5.326115,4.3891535
2024-04-22 08:00:00,5.1578903,4.3832216
2024-04-22 09:00:00,5.0378594,4.3380346
2024-04-22 10:00:00,4.8660903,4.338693
2024-04-22 11:00:00,4.6912847,4.3376045
2024-04-22 12:00:00,4.587576,4.34482
2024-04-22 13:00:00,4.5071454,4.2471943
2024-04-22 14:00:00,4.320245,4.216954
2024-04-22 15:00:00,4.415806,4.274921
2024-04-22 16:00:00,4.8285174,4.2811007
2024-04-22 17:00:00,5.2078443,4.257738
2024-04-22 18:00:00,5.454827,4.3009357
2024-04-22 19:00:00,5.353827,4.4325104
2024-04-22 20:00:00,5.2808723,4.467197
2024-04-22 21:00:00,5.039194,4.389019
2024-04-22 22:00:00,4.9494367,4.4845567
2024-04-22 23:00:00,4.791975,4.3850365
2024-04-23 00:00:00,4.7770123,4.3028755
2024-04-23 01:00:00,4.5232887,4.268376
2024-04-23 02:00:00,4.357057,4.155293
2024-04-23 03:00:00,4.37873,4.170298
2024-04-23 04:00:00,4.8024974,4.1817617
2024-04-23 05:00:00,5.159839,4.2629604
2024-04-23 06:00:00,5.4874606,4.331173
2024-04-23 07:00:00,5.5250564,4.505198
2024-04-23 08:00:00,5.424231,4.5165515
2024-04-23 09:00:00,5.2741327,4.5107746
2024-04-23 10:00:00,5.106259,4.4679966
2024-04-23 11:00:00,4.934818,4.452471
2024-04-23 12:00:00,4.7534018,4.354471
2024-04-23 13:00:00,4.5709057,4.343018
2024-04-23 14:00:00,4.5099907,4.2554455
2024-04-23 15:00:00,4.255168,4.2184544
2024-04-23 16:00:00,4.462502,4.291838
2024-04-23 17:00:00,5.3466377,4.3883586
2024-04-23 18:00:00,5.462513,4.294118
2024-04-23 19:00:00,5.485656,4.375929
2024-04-23 20:00:00,5.4482727,4.514037
2024-04-23 21:00:00,5.304361,4.5258183
2024-04-23 22:00:00,5.0746436,4.4615707
2024-04-23 23:00:00,4.8515544,4.4500837
2024-04-24 00:00:00,4.7619586,4.377677
2024-04-24 01:00:00,4.5843806,4.2684784
2024-04-24 02:00:00,4.503587,4.275395
2024-04-24 03:00:00,4.4030633,4.160012
2024-04-24 04:00:00,4.5112514,4.089075
2024-04-24 05:00:00,5.185174,4.251635
2024-04-24 06:00:00,5.2997284,4.2942634
2024-04-24 07:00:00,5.6796107,4.466829
2024-04-24 08:00:00,5.6522646,4.584175
2024-04-24 09:00:00,5.3638144,4.533091
2024-04-24 10:00:00,5.1695333,4.46335
2024-04-24 11:00:00,5.009719,4.549915
2024-04-24 12:00:00,4.8552375,4.4614835
2024-04-24 13:00:00,4.753873,4.35146
2024-04-24 14:00:00,4.582601,4.3331
2024-04-24 15:00:00,4.5246744,4.247664
2024-04-24 16:00:00,4.466348,4.3425183
2024-04-24 17:00:00,4.6498623,4.2303824
2024-04-24 18:00:00,5.2460804,4.2290983
2024-04-24 19:00:00,5.47782,4.3698535
2024-04-24 20:00:00,5.484856,4.4465675
2024-04-24 21:00:00,5.4129333,4.577104
2024-04-24 22:00:00,5.2614446,4.511889
2024-04-24 23:00:00,5.0585093,4.473703
2024-04-25 00:00:00,4.8763595,4.4642725
2024-04-25 01:00:00,4.701013,4.370532
2024-04-25 02:00:00,4.5985065,4.272775
2024-04-25 03:00:00,4.4616694,4.1528645
2024-04-25 04:00:00,4.495836,4.1666193
2024-04-25 05:00:00,4.629894,4.12516
2024-04-25 06:00:00,5.1975846,4.250384
2024-04-25 07:00:00,5.7640066,4.4960938
2024-04-25 08:00:00,5.648489,4.6064634
2024-04-25 09:00:00,5.561994,4.602804
2024-04-25 10:00:00,5.451936,4.6161613
2024-04-25 11:00:00,5.277127,4.571056
2024-04-25 16:00:00,5.0316834,4.537909
2024-04-25 17:00:00,4.8666954,4.440049
2024-04-25 18:00:00,4.221854,4.173203
2024-04-25 19:00:00,4.168946,4.1136775
2024-04-25 20:00:00,5.1250567,4.408946
2024-04-25 21:00:00,5.9779196,4.656501
2024-04-25 22:00:00,5.9002256,4.6467624
2024-04-25 23:00:00,5.345744,4.4920287
2024-04-26 00:00:00,4.9497085,4.441186
2024-04-26 01:00:00,4.8176847,4.354515
2024-04-26 02:00:00,4.759545,4.377636
2024-04-26 03:00:00,4.5939875,4.2659793
2024-04-26 14:00:00,4.5407305,4.2521973
2024-04-26 15:00:00,4.6518025,4.222136
2024-04-26 16:00:00,4.922823,4.76024
2024-04-26 17:00:00,4.9019585,4.543647
2024-04-27 20:00:00,4.5116925,4.4400616
2024-04-27 21:00:00,4.9173093,4.4345484
2024-04-27 22:00:00,5.6525187,4.685982
2024-04-27 23:00:00,5.4324784,4.554443
2024-04-28 00:00:00,5.2000074,4.5670166
2024-04-28 01:00:00,5.021269,4.542606
2024-04-28 02:00:00,4.842154,4.5522227
2024-04-28 03:00:00,4.724739,4.3960166
2024-04-28 04:00:00,4.548617,4.3171964
2024-04-28 05:00:00,4.4911656,4.303793
2024-04-28 06:00:00,4.514398,4.2313566
2024-04-28 07:00:00,5.324087,4.288552
2024-04-28 08:00:00,5.9615126,4.5495844
2024-04-28 09:00:00,5.8289924,4.55837
2024-04-28 10:00:00,5.671415,4.6444073
2024-04-28 11:00:00,5.577141,4.757018
2024-04-28 12:00:00,5.470906,4.7092724
2024-04-28 13:00:00,5.2151527,4.6477795
2024-04-28 14:00:00,5.126284,4.652317
2024-04-28 15:00:00,5.049745,4.6550603
2024-04-28 17:00:00,4.80673,4.512329
2024-04-28 18:00:00,4.6639876,4.407003
2024-04-28 19:00:00,4.596719,4.3330846
2024-04-28 20:00:00,5.179464,4.270207
2024-04-28 21:00:00,5.814404,4.303749
2024-04-28 22:00:00,5.675598,4.261765
2024-04-28 23:00:00,5.364693,4.151712
2024-04-29 00:00:00,5.1329007,4.0914574
2024-04-29 03:00:00,5.0610776,4.022932
2024-04-29 04:00:00,4.9202347,4.0223346
2024-04-29 05:00:00,4.4480734,3.8452623
2024-04-29 06:00:00,4.469927,3.905376
2024-04-29 07:00:00,4.6050854,3.8268216
2024-04-29 08:00:00,4.79663,3.8685257
2024-04-29 09:00:00,5.814186,4.1056113
2024-04-29 10:00:00,5.8219438,4.0108886
2024-04-29 11:00:00,5.468228,3.917777
2024-04-29 12:00:00,5.318911,3.7925532
2024-04-29 13:00:00,5.123472,3.8442764
2024-04-29 14:00:00,4.960345,3.8528306
2024-04-29 15:00:00,4.8760386,3.8618052
2024-04-29 16:00:00,4.798593,3.8732314
2024-04-29 17:00:00,4.6417727,3.7987847
2024-04-29 18:00:00,4.555301,3.7994962
2024-04-29 19:00:00,4.55485,3.8020082
2024-04-29 20:00:00,5.0097895,3.7770529
2024-04-29 21:00:00,5.236156,3.780016
2024-04-29 22:00:00,5.1811337,3.759729
2024-04-29 23:00:00,5.3112164,3.7023885
2024-04-30 00:00:00,4.97266,3.706085
2024-04-30 01:00:00,4.976105,3.7194264
2024-04-30 02:00:00,4.8298697,3.7153015
2024-04-30 03:00:00,4.764214,3.6636024
2024-04-30 11:00:00,4.688079,3.6634648
2024-04-30 12:00:00,4.616993,3.6640663
2024-04-30 13:00:00,5.4621553,3.7716057
2024-04-30 14:00:00,5.5146956,3.725997
2024-04-30 15:00:00,5.3263245,3.6930058
2024-04-30 16:00:00,5.0376353,3.615688
2024-04-30 17:00:00,4.936887,3.6733546
2024-04-30 18:00:00,4.827055,3.6756213
2024-04-30 19:00:00,4.7525215,3.6611755
2024-04-30 20:00:00,4.7823076,3.6072016
2024-04-30 21:00:00,4.85867,3.6851108
2024-04-30 22:00:00,5.447668,3.7768738
2024-04-30 23:00:00,5.591774,3.7878902
2024-05-01 00:00:00,5.086791,3.668801
2024-05-01 01:00:00,5.0258946,3.6524398
2024-05-01 02:00:00,4.896347,3.6960788
2024-05-01 03:00:00,4.744008,3.7071278
2024-05-01 04:00:00,4.793822,3.729243
2024-05-01 05:00:00,4.7137337,3.6577954
2024-05-01 06:00:00,4.6362867,3.64992
2024-05-01 07:00:00,4.6578703,3.6688523
2024-05-01 08:00:00,4.6200705,3.672359
2024-05-01 09:00:00,5.06633,3.6552503
2024-05-01 10:00:00,5.239268,3.6627212
2024-05-01 11:00:00,5.507915,3.6855395
2024-05-01 12:00:00,5.4299107,3.7165287
2024-05-01 13:00:00,5.2104344,3.6803145
2024-05-01 14:00:00,5.134181,3.6730893
2024-05-01 15:00:00,4.9533243,3.725852
2024-05-01 16:00:00,4.847612,3.735971
2024-05-01 17:00:00,4.75661,3.7353866
2024-05-01 18:00:00,4.6944203,3.735932
2024-05-01 19:00:00,4.6406655,3.7314985
2024-05-01 20:00:00,4.712658,3.6858706
2024-05-01 21:00:00,4.7438836,3.6773303
2024-05-01 22:00:00,4.7050214,3.6602821
2024-05-01 23:00:00,4.842506,3.6705198
2024-05-02 00:00:00,4.8588157,3.6694012
2024-05-02 01:00:00,4.885773,3.671774
2024-05-02 02:00:00,4.8510547,3.6627388
2024-05-02 03:00:00,4.7529464,3.6531005
2024-05-02 04:00:00,4.7342772,3.656826
2024-05-02 05:00:00,4.6219087,3.7089362
2024-05-02 06:00:00,4.5445304,3.6522603
2024-05-02 07:00:00,4.5434337,3.6526303
2024-05-02 08:00:00,4.54806,3.6007304
2024-05-02 09:00:00,4.644335,3.611777
2024-05-02 10:00:00,4.8816085,3.6967397
2024-05-02 11:00:00,5.148048,4.0946174
2024-05-02 12:00:00,5.114547,4.176957
2024-05-02 13:00:00,5.2385077,4.257418
2024-05-02 14:00:00,5.2704372,4.31973
2024-05-02 15:00:00,5.090979,4.329686
2024-05-02 16:00:00,4.974596,4.2664304
2024-05-02 17:00:00,4.952593,4.2579613
2024-05-02 18:00:00,4.8685207,4.3322806
2024-05-02 19:00:00,4.771706,4.3249326
2024-05-02 20:00:00,4.6893954,4.42273
2024-05-02 21:00:00,4.645206,4.2630095
2024-05-02 22:00:00,4.6792035,4.268098
2024-05-02 23:00:00,4.6431575,4.282366
2024-05-03 00:00:00,4.9611664,4.2697845
2024-05-03 01:00:00,4.83773,4.240359
2024-05-03 02:00:00,4.8805614,4.2541
2024-05-03 03:00:00,4.9885473,4.378447
2024-05-03 04:00:00,4.8685517,4.352125
2024-05-03 05:00:00,4.8418393,4.340406
2024-05-03 06:00:00,4.6876135,4.216612
2024-05-03 07:00:00,4.715019,4.223898
2024-05-03 08:00:00,4.7091875,4.2350097
2024-05-03 09:00:00,4.621195,4.124141
2024-05-03 10:00:00,4.637011,4.1263604
2024-05-03 11:00:00,4.588735,4.1350975
2024-05-03 12:00:00,4.919031,4.20556
2024-05-03 13:00:00,5.189473,4.2779655
2024-05-03 14:00:00,5.4333086,4.416764
2024-05-03 15:00:00,5.481559,4.384859
2024-05-03 16:00:00,5.3343387,4.39133
2024-05-03 17:00:00,5.2379313,4.451558
2024-05-03 18:00:00,5.140949,4.422111
2024-05-03 19:00:00,5.0263453,4.480048
2024-05-03 20:00:00,4.9271636,4.4741445
2024-05-03 21:00:00,4.8414383,4.3696156
2024-05-03 22:00:00,4.7720566,4.359056
2024-05-03 23:00:00,4.779521,4.092629
2024-05-04 00:00:00,4.7760916,3.984403
2024-05-04 01:00:00,4.7598934,3.8834705
2024-05-04 02:00:00,5.081859,3.8543844
2024-05-04 03:00:00,5.206673,3.89448
2024-05-04 04:00:00,5.2418475,3.797142
2024-05-04 05:00:00,5.1080546,3.7650752
2024-05-04 06:00:00,5.0589643,3.7621071
2024-05-04 07:00:00,4.9975395,3.7586205
2024-05-04 08:00:00,4.7945366,3.7972014
2024-05-04 09:00:00,4.7824273,3.7482686
2024-05-04 10:00:00,4.73603,3.7402248
2024-05-04 11:00:00,4.6281834,3.7905858
2024-05-04 12:00:00,4.6955314,3.7490044
2024-05-04 13:00:00,4.814559,3.7591798
2024-05-04 14:00:00,5.1924295,3.7951667
2024-05-04 15:00:00,5.4803195,3.7542546
2024-05-04 16:00:00,5.519319,3.7973204
2024-05-04 17:00:00,5.335745,3.7562551
2024-05-04 18:00:00,5.320855,3.7438595
2024-05-04 19:00:00,5.28593,3.750789
2024-05-04 20:00:00,5.128176,3.809185
2024-05-04 21:00:00,5.015247,3.7513618
2024-05-04 22:00:00,4.928504,3.7465944
2024-05-04 23:00:00,4.7728763,3.7402759
2024-05-05 00:00:00,4.745236,3.7471159
2024-05-05 01:00:00,4.8234715,3.7580903
2024-05-05 02:00:00,4.788055,3.7537367
2024-05-05 03:00:00,5.290891,3.7309275
2024-05-05 04:00:00,5.5162487,3.7395468
2024-05-05 05:00:00,5.54771,3.725918
2024-05-05 06:00:00,5.2953053,3.6670113
2024-05-05 07:00:00,5.19834,3.650752
2024-05-05 08:00:00,5.189534,3.6661558
2024-05-05 09:00:00,5.027211,3.662878
2024-05-05 11:00:00,4.929147,3.6714668
2024-05-05 12:00:00,4.831269,3.6770658
2024-05-05 13:00:00,4.628321,3.6667993
2024-05-05 15:00:00,4.6982994,3.6860943
2024-05-05 16:00:00,5.055157,3.7973888
2024-05-05 17:00:00,6.0342274,3.861943
2024-05-05 18:00:00,5.6676927,3.7261753
2024-05-05 19:00:00,5.4180894,3.652888
2024-05-05 20:00:00,5.4003115,3.660305
2024-05-05 21:00:00,5.20067,3.6570947
2024-05-05 22:00:00,5.1155605,3.6732254
2024-05-05 23:00:00,4.805943,3.6459754
2024-05-06 00:00:00,4.820466,3.7361715
2024-05-06 01:00:00,4.709019,3.6809816
2024-05-06 02:00:00,4.7660246,3.7564392
2024-05-06 03:00:00,5.108871,3.7411053
2024-05-06 04:00:00,5.483736,3.7532988
2024-05-06 05:00:00,5.746472,3.7649837
2024-05-06 06:00:00,5.688029,3.715201
2024-05-06 07:00:00,5.5936046,3.6643898
2024-05-06 08:00:00,5.4496303,3.649967
2024-05-06 09:00:00,5.3378515,3.6670027
2024-05-06 10:00:00,5.273699,3.6284266
2024-05-06 11:00:00,5.082697,3.6709514
2024-05-06 12:00:00,4.996435,3.6890416
2024-05-06 13:00:00,4.945109,3.6928456
2024-05-06 14:00:00,4.849164,3.759345
2024-05-06 15:00:00,5.0716734,3.7300348
2024-05-06 16:00:00,5.4928656,3.9026332
2024-05-06 17:00:00,5.906882,3.8770998
2024-05-06 18:00:00,5.945487,3.826902
2024-05-06 19:00:00,5.859835,3.6948688
2024-05-06 20:00:00,5.660785,3.6492195
2024-05-06 21:00:00,5.4418745,3.6522186
2024-05-06 22:00:00,5.3901525,3.622687
2024-05-06 23:00:00,5.187758,3.6688418
2024-05-07 00:00:00,5.015438,3.7370543
2024-05-07 01:00:00,4.935689,3.75639
2024-05-07 02:00:00,4.9273815,3.7088292
2024-05-07 03:00:00,4.9331007,3.7034078
2024-05-07 04:00:00,5.469002,3.7587216
2024-05-07 05:00:00,5.7258363,3.7717628
2024-05-07 06:00:00,6.0957637,3.7881598
2024-05-07 07:00:00,6.03405,3.7080824
2024-05-07 08:00:00,5.8756776,3.647709
2024-05-07 09:00:00,5.655351,3.6482391
2024-05-07 10:00:00,5.5148454,3.6842947
2024-05-07 11:00:00,5.335841,3.6944747
2024-05-07 12:00:00,5.179703,3.7542834
2024-05-07 13:00:00,5.0661426,3.7654421
2024-05-07 14:00:00,4.9202,3.762904
2024-05-07 15:00:00,4.8425765,3.7708046
2024-05-07 16:00:00,4.990699,3.7879164
2024-05-07 17:00:00,5.591631,3.7570157
2024-05-07 18:00:00,6.0307765,3.8559246
2024-05-07 19:00:00,5.935822,3.7871501
2024-05-07 20:00:00,5.684302,3.6364772
2024-05-07 21:00:00,5.710799,3.7120907
2024-05-07 22:00:00,5.265043,3.6426249
2024-05-07 23:00:00,5.2998576,3.8744545
2024-05-08 00:00:00,5.1718225,4.203554
2024-05-08 01:00:00,5.084913,4.354211
2024-05-08 02:00:00,4.9485006,4.3021708
2024-05-08 03:00:00,4.926308,4.305288
2024-05-08 04:00:00,4.99816,4.211319
2024-05-08 05:00:00,5.528983,4.301752
2024-05-08 06:00:00,6.086773,4.548847
2024-05-08 07:00:00,6.2317934,4.6193824
2024-05-08 08:00:00,6.0566297,4.658081
2024-05-08 09:00:00,5.87343,4.6907244
2024-05-08 10:00:00,5.661717,4.6605086
2024-05-08 11:00:00,5.5104733,4.567747
2024-05-08 12:00:00,5.340088,4.561327
2024-05-08 13:00:00,5.168133,4.5533895
2024-05-08 14:00:00,5.073591,4.543645
2024-05-08 15:00:00,4.9333444,4.4326353
2024-05-08 16:00:00,5.0200677,4.377807
2024-05-08 17:00:00,5.236018,4.324682
2024-05-08 18:00:00,5.763708,4.4551864
2024-05-08 19:00:00,6.1933165,4.654028
2024-05-08 20:00:00,5.960088,4.726918
2024-05-08 21:00:00,5.8498096,4.7364388
2024-05-08 22:00:00,5.608111,4.6737766
2024-05-08 23:00:00,5.4525814,4.680331
2024-05-09 00:00:00,5.342321,4.6888304
2024-05-09 01:00:00,5.202663,4.664177
2024-05-09 02:00:00,5.1173615,4.560002
2024-05-09 03:00:00,4.983334,4.435057
2024-05-09 04:00:00,5.0159388,4.4699283
2024-05-09 05:00:00,5.209039,4.44524
2024-05-09 06:00:00,5.7639294,4.565095
2024-05-09 07:00:00,6.45494,4.8192987
2024-05-09 08:00:00,6.2386165,4.8677206
2024-05-09 09:00:00,6.1619473,4.8678746
2024-05-09 10:00:00,5.930688,4.7956867
2024-05-09 11:00:00,5.7762027,4.7949524
2024-05-09 12:00:00,5.5156064,4.7712135
2024-05-09 13:00:00,5.3510647,4.668603
2024-05-09 14:00:00,5.2535844,4.66781
2024-05-09 15:00:00,5.103833,4.5420284
2024-05-09 16:00:00,4.9568825,4.434547
2024-05-09 17:00:00,4.970205,4.4732985
2024-05-09 18:00:00,5.5330625,4.4868813
2024-05-09 19:00:00,5.836307,4.550771
2024-05-09 20:00:00,6.000693,4.67191
2024-05-09 21:00:00,5.893549,4.8015213
2024-05-09 22:00:00,5.6293354,4.6904163
2024-05-09 23:00:00,5.641686,4.7887583
2024-05-10 00:00:00,5.4044127,4.6767178
2024-05-10 01:00:00,5.2032914,4.6546316
2024-05-10 02:00:00,5.11008,4.662306
2024-05-10 03:00:00,5.053122,4.572342
2024-05-10 04:00:00,5.046433,4.464335
2024-05-10 05:00:00,5.016488,4.478919
2024-05-10 06:00:00,5.5885663,4.532505
2024-05-10 07:00:00,6.021577,4.6279554
2024-05-10 08:00:00,6.4115553,4.8840256
2024-05-10 09:00:00,6.1699696,4.9318833
2024-05-10 10:00:00,6.030029,4.8162584
2024-05-10 11:00:00,5.8428564,4.789908
2024-05-10 12:00:00,5.703261,4.80477
2024-05-10 13:00:00,5.4447684,4.7708316
2024-05-10 14:00:00,5.362717,4.6800213
2024-05-10 15:00:00,5.199135,4.654203
2024-05-10 16:00:00,5.0868654,4.5436697
2024-05-10 17:00:00,5.006493,4.5476217
2024-05-10 18:00:00,5.087157,4.4980655
2024-05-10 19:00:00,5.5114403,4.4729023
2024-05-10 20:00:00,5.793035,4.635726
2024-05-10 21:00:00,5.8365455,4.735372
2024-05-10 22:00:00,5.7326136,4.461737
2024-05-10 23:00:00,5.593304,4.187748
2024-05-11 00:00:00,5.507583,4.0879354
2024-05-11 01:00:00,5.3216558,3.9731777
2024-05-11 02:00:00,5.1542587,3.9755661
2024-05-11 03:00:00,5.076873,3.8898678
2024-05-11 04:00:00,4.9165215,3.8727922
2024-05-11 05:00:00,4.9112644,3.8837209
2024-05-11 06:00:00,5.077872,3.8610141
2024-05-11 07:00:00,5.5381274,3.9673777
2024-05-11 08:00:00,6.116645,3.938776
2024-05-11 09:00:00,6.115021,3.919151
2024-05-11 10:00:00,5.959654,3.8214397
2024-05-11 11:00:00,5.7559795,3.7200584
2024-05-11 12:00:00,5.572216,3.797951
2024-05-11 13:00:00,5.5234056,3.710219
2024-05-11 14:00:00,5.3519692,3.7560642
2024-05-11 15:00:00,5.1709332,3.7585287
2024-05-11 16:00:00,4.8444133,3.7386968
2024-05-11 17:00:00,4.927334,3.8411207
2024-05-11 18:00:00,4.9639034,3.8547444
2024-05-11 19:00:00,4.9911504,3.904905
2024-05-11 20:00:00,5.6404676,3.8989403
2024-05-11 21:00:00,5.7167587,3.8789458
2024-05-11 22:00:00,5.609112,3.8333578
2024-05-11 23:00:00,5.431946,3.7121549
2024-05-12 00:00:00,5.319761,3.7644658
2024-05-12 01:00:00,5.0473423,3.7649174
2024-05-12 02:00:00,5.1454043,3.8033512
2024-05-12 03:00:00,4.9614234,3.735624
2024-05-12 04:00:00,4.89408,3.7963614
2024-05-12 05:00:00,4.927497,3.7604003
2024-05-12 06:00:00,4.9707475,3.831417
2024-05-12 07:00:00,5.173091,3.7919395
2024-05-12 08:00:00,5.7453494,3.9634118
2024-05-12 09:00:00,6.2347083,3.8968425
2024-05-12 10:00:00,6.029779,3.7868354
2024-05-12 11:00:00,6.057541,3.7592711
2024-05-12 12:00:00,5.9745803,3.7666163
2024-05-12 13:00:00,5.7122717,3.8224862
2024-05-12 14:00:00,5.538332,3.7794037
2024-05-12 15:00:00,5.3463216,3.7727168
2024-05-12 16:00:00,5.15225,3.7684
2024-05-12 17:00:00,5.0737743,3.7699604
2024-05-12 18:00:00,4.9054875,3.7699072
2024-05-12 19:00:00,4.9792266,3.7727005
2024-05-12 20:00:00,5.6080117,3.8142397
2024-05-12 22:00:00,5.708518,3.8083866
2024-05-12 23:00:00,5.666367,3.780137
2024-05-13 00:00:00,5.6000557,3.7452717
2024-05-13 01:00:00,5.3909383,3.7041936
2024-05-13 02:00:00,5.17304,3.6973848
2024-05-13 03:00:00,5.0709386,3.7226532
2024-05-13 04:00:00,5.003264,3.7324479
2024-05-13 05:00:00,4.915655,3.729399
2024-05-13 06:00:00,4.8003488,3.7312005
2024-05-13 07:00:00,4.9818163,3.7642868
2024-05-13 08:00:00,5.5501895,3.8446255
2024-05-13 09:00:00,5.9725823,3.9236376
2024-05-13 10:00:00,5.9784083,3.8471658
2024-05-13 11:00:00,5.839936,3.7728755
2024-05-13 12:00:00,5.7670703,3.7475064
2024-05-13 13:00:00,5.586192,3.74148
2024-05-13 14:00:00,5.453599,3.822418
2024-05-13 15:00:00,5.275209,3.827336
2024-05-13 16:00:00,5.18393,3.8308823
2024-05-13 17:00:00,5.0180945,3.8278441
2024-05-13 18:00:00,4.974747,3.8383472
2024-05-13 19:00:00,4.973433,3.8405008
2024-05-13 20:00:00,5.315608,4.074734
2024-05-13 21:00:00,5.5081053,4.3957534
2024-05-13 22:00:00,5.5023475,4.3509607
2024-05-13 23:00:00,5.4261594,4.3968954
2024-05-14 00:00:00,5.1962037,4.3024564
2024-05-14 01:00:00,5.1967206,4.373426
2024-05-14 02:00:00,5.1115,4.337556
2024-05-14 03:00:00,4.984777,4.3122263
2024-05-14 04:00:00,4.9078293,4.2130213
2024-05-14 05:00:00,4.8223567,4.2255898
2024-05-14 06:00:00,4.7596545,4.2644176
2024-05-14 07:00:00,4.709976,4.28805
2024-05-14 08:00:00,5.225886,4.310164
2024-05-14 09:00:00,5.4644036,4.3652215
2024-05-14 10:00:00,5.7135878,4.511528
2024-05-14 11:00:00,5.7176695,4.5772185
2024-05-14 12:00:00,5.5981913,4.5901403
2024-05-14 13:00:00,5.502921,4.6334314
2024-05-14 14:00:00,5.2964797,4.580516
2024-05-14 15:00:00,5.2017903,4.579039
2024-05-14 16:00:00,5.1102033,4.579455
2024-05-14 17:00:00,5.0213823,4.47415
2024-05-14 18:00:00,4.9660587,4.4584975
2024-05-14 19:00:00,4.8632517,4.360534
2024-05-14 21:00:00,4.8654532,4.383976
2024-05-14 22:00:00,5.418548,4.412476
2024-05-14 23:00:00,5.4015827,4.414839
2024-05-15 00:00:00,5.280596,4.382135
2024-05-15 01:00:00,5.157984,4.4497805
2024-05-15 02:00:00,5.0750413,4.4356785
2024-05-15 03:00:00,5.0490923,4.428213
2024-05-15 04:00:00,4.9301324,4.4055896
2024-05-15 05:00:00,4.8468485,4.3080416
2024-05-15 06:00:00,4.774902,4.299795
2024-05-15 07:00:00,4.767571,4.319326
2024-05-15 08:00:00,4.9979963,4.2677517
2024-05-15 09:00:00,5.2707996,4.324856
2024-05-15 10:00:00,5.394904,4.3544707
2024-05-15 11:00:00,5.474624,4.461581
2024-05-15 12:00:00,5.4904594,4.5370555
2024-05-15 13:00:00,5.3484554,4.5757866
2024-05-15 14:00:00,5.2836304,4.533378
2024-05-15 15:00:00,5.170652,4.4038196
2024-05-15 16:00:00,5.061385,4.488519
2024-05-15 17:00:00,5.0576725,4.5051694
2024-05-15 18:00:00,1.4845163,4.1091003
2024-05-15 19:00:00,4.589532,4.590235
2024-05-15 20:00:00,3.7234778,4.3147044
2024-05-15 21:00:00,4.91367,4.6338983
2024-05-15 22:00:00,5.275032,4.4445667
2024-05-15 23:00:00,5.0314097,4.268362
2024-05-16 00:00:00,5.018222,4.2165213
2024-05-16 01:00:00,4.884421,4.341418
2024-05-16 02:00:00,4.487438,4.3693786
2024-05-16 03:00:00,4.652878,4.3347583
2024-05-16 04:00:00,4.7834816,4.3625984
2024-05-16 05:00:00,4.675496,4.482656
2024-05-16 06:00:00,4.738243,4.3030686
2024-05-16 07:00:00,4.524274,4.433993
2024-05-16 08:00:00,4.856213,4.316057
2024-05-16 09:00:00,4.786041,4.2060304
2024-05-16 10:00:00,5.1220813,4.284176
2024-05-16 11:00:00,5.3211136,4.341754
2024-05-16 12:00:00,5.4037366,4.351743
2024-05-16 13:00:00,5.3507977,4.4206963
2024-05-16 14:00:00,5.331002,4.404414
2024-05-16 15:00:00,5.12074,4.440175
2024-05-16 16:00:00,5.0519266,4.4284954
2024-05-16 17:00:00,4.9270225,4.3987823
2024-05-16 18:00:00,4.88227,4.301626
2024-05-16 19:00:00,4.8221383,4.2917485
2024-05-16 20:00:00,4.7548947,4.2891245
2024-05-16 21:00:00,4.7347283,4.203322
2024-05-16 22:00:00,4.817548,4.235118
2024-05-16 23:00:00,4.725045,4.238123
2024-05-17 00:00:00,4.6733994,4.1319704
2024-05-17 01:00:00,4.840937,4.1738973
2024-05-17 02:00:00,4.9043894,4.203329
2024-05-17 03:00:00,4.841378,4.1782274
2024-05-17 04:00:00,4.7423196,4.240742
2024-05-17 05:00:00,4.693762,4.239077
2024-05-17 06:00:00,4.6660714,4.2242203
2024-05-17 07:00:00,4.648861,4.218783
2024-05-17 08:00:00,4.5555863,4.1169124
2024-05-17 09:00:00,4.5356426,4.1111994
2024-05-17 10:00:00,4.5951343,4.133238
2024-05-17 11:00:00,4.663229,4.155607
2024-05-17 12:00:00,4.928149,4.2076497
2024-05-17 13:00:00,5.0405755,4.232008
2024-05-17 14:00:00,5.1865396,4.256156
2024-05-17 15:00:00,5.1538067,4.3248067
2024-05-17 16:00:00,5.1140246,4.299231
2024-05-17 17:00:00,4.9681883,4.3421326
2024-05-17 18:00:00,4.88119,4.315276
2024-05-17 19:00:00,4.7774687,4.199508
2024-05-17 20:00:00,4.682189,4.189168
2024-05-17 21:00:00,4.5959954,4.1908717
2024-05-17 22:00:00,4.539273,4.1889358
2024-05-17 23:00:00,4.6498885,4.1242113
2024-05-18 00:00:00,4.754363,4.153598
2024-05-18 01:00:00,4.624832,4.133396
2024-05-18 02:00:00,4.7977757,4.1717734
2024-05-18 03:00:00,5.0610948,4.237555
2024-05-18 04:00:00,4.9841695,4.1965823
2024-05-18 05:00:00,4.865206,4.2402954
2024-05-18 06:00:00,4.823459,4.226229
2024-05-18 07:00:00,4.8294873,4.229244
2024-05-18 08:00:00,4.78745,4.3161826
2024-05-18 09:00:00,4.689716,4.296603
2024-05-18 10:00:00,4.6529317,4.201247
2024-05-18 11:00:00,4.6151023,4.199121
2024-05-18 12:00:00,4.5769467,4.199451
2024-05-18 13:00:00,5.094866,4.2162066
2024-05-18 14:00:00,5.2022567,4.228308
2024-05-18 15:00:00,5.2585278,4.2421756
2024-05-18 16:00:00,5.316666,4.3360343
2024-05-18 17:00:00,5.270941,4.4121375
2024-05-18 18:00:00,5.114041,4.36796
2024-05-18 19:00:00,4.985318,4.314678
2024-05-18 20:00:00,4.8763847,4.3934584
2024-05-18 21:00:00,4.8214507,4.3061996
2024-05-18 22:00:00,4.7815976,4.2948513
2024-05-18 23:00:00,4.640263,4.173594
2024-05-19 00:00:00,4.600597,4.176454
2024-05-19 01:00:00,4.935091,4.262458
2024-05-19 02:00:00,5.1685257,4.2379003
2024-05-19 03:00:00,5.212058,4.2331424
2024-05-19 04:00:00,5.1295533,4.306957
2024-05-19 05:00:00,5.2577863,4.423655
2024-05-19 06:00:00,5.1456413,4.372317
2024-05-19 07:00:00,5.0660076,4.3281903
2024-05-19 08:00:00,4.9524393,4.30176
2024-05-19 09:00:00,4.8730903,4.3883734
2024-05-19 10:00:00,4.8236756,4.492884
2024-05-19 11:00:00,4.676282,4.5569396
2024-05-19 12:00:00,4.85233,4.2242894
2024-05-19 13:00:00,4.6010003,4.4434023
2024-05-19 14:00:00,4.874573,4.2604384
2024-05-19 15:00:00,5.2766423,4.324795
2024-05-19 16:00:00,5.450891,4.4517684
2024-05-19 17:00:00,5.3242297,4.412882
2024-05-19 18:00:00,5.13591,4.5255055
2024-05-19 19:00:00,5.0317006,4.8912973
2024-05-19 20:00:00,4.96328,4.5665956
2024-05-19 21:00:00,4.859206,4.9025145
2024-05-19 22:00:00,4.764084,4.679202
2024-05-19 23:00:00,4.5937667,4.472928
2024-05-20 00:00:00,4.623028,4.4735265
2024-05-20 01:00:00,4.630916,4.3651958
2024-05-20 02:00:00,4.8029747,4.369849
2024-05-20 03:00:00,5.0406814,4.38229
2024-05-20 04:00:00,5.2426176,4.2423916
2024-05-20 05:00:00,5.307502,4.2495546
2024-05-20 06:00:00,5.356518,4.7713842
2024-05-20 07:00:00,5.172992,4.7308416
2024-05-20 08:00:00,5.028633,4.6764703
2024-05-20 09:00:00,4.9333634,4.567719
2024-05-20 10:00:00,4.836008,4.561276
2024-05-20 11:00:00,4.743356,4.465121
2024-05-20 13:00:00,4.576739,4.5250845
2024-05-20 14:00:00,4.555458,4.4589453
2024-05-20 15:00:00,4.6048117,4.3937907
2024-05-20 16:00:00,5.270928,4.4520154
2024-05-20 17:00:00,5.5860825,4.622106
2024-05-20 18:00:00,5.3742237,4.6435604
2024-05-20 19:00:00,5.228122,4.660931
2024-05-20 20:00:00,5.0390744,4.5934176
2024-05-20 21:00:00,4.92635,4.6637883
2024-05-20 22:00:00,4.7310367,4.5600977
2024-05-20 23:00:00,4.638067,4.476462
2024-05-21 00:00:00,4.5625305,4.470608
2024-05-21 01:00:00,4.507253,4.379039
2024-05-21 02:00:00,4.5396047,4.3042517
2024-05-21 03:00:00,4.4722376,4.3200088
2024-05-21 04:00:00,5.2329874,4.3848515
2024-05-21 05:00:00,5.371954,4.5911846
2024-05-21 06:00:00,5.5185204,4.6888976
2024-05-21 07:00:00,5.267954,4.7597485
2024-05-21 08:00:00,5.1768403,4.6936197
2024-05-21 09:00:00,5.072863,4.6676497
2024-05-21 10:00:00,4.895697,4.6426954
2024-05-21 11:00:00,4.7894077,4.5468655
2024-05-21 12:00:00,4.6590304,4.4425955
2024-05-21 13:00:00,4.5366054,4.526631
2024-05-21 14:00:00,4.5304923,4.456941
2024-05-21 15:00:00,4.6006093,4.403397
2024-05-21 16:00:00,5.2912498,4.4546294
2024-05-21 17:00:00,5.3897467,4.5716023
2024-05-21 18:00:00,5.3196054,4.5466485
2024-05-21 19:00:00,5.2095766,4.6733146
2024-05-21 20:00:00,5.15512,4.7255464
2024-05-21 21:00:00,5.0265718,4.6786137
2024-05-21 22:00:00,4.831024,4.6422634
2024-05-21 23:00:00,4.7347674,4.569055
2024-05-22 00:00:00,4.6461143,4.4702187
2024-05-22 01:00:00,4.5871935,4.4595504
2024-05-22 02:00:00,4.4735126,4.367271
2024-05-22 03:00:00,4.501722,4.305734
2024-05-22 04:00:00,5.153887,4.3528357
2024-05-22 05:00:00,5.4103947,4.5139527
2024-05-22 06:00:00,5.653591,4.7411017
2024-05-22 07:00:00,5.4852743,4.826373
2024-05-22 08:00:00,5.2791586,4.719995
2024-05-22 09:00:00,5.1634583,4.7598166
2024-05-22 10:00:00,4.9758987,4.735693
2024-05-22 11:00:00,4.8775992,4.6418176
2024-05-22 12:00:00,4.699943,4.523901
2024-05-22 13:00:00,4.523536,4.423364
2024-05-22 14:00:00,4.3656683,4.4989176
2024-05-22 15:00:00,4.4731526,4.471961
2024-05-22 16:00:00,5.270567,4.4563165
2024-05-22 17:00:00,5.259129,4.454767
2024-05-22 18:00:00,5.300154,4.5605936
2024-05-22 19:00:00,5.241556,4.624097
2024-05-22 20:00:00,5.155646,4.7473474
2024-05-22 21:00:00,5.009206,4.6892767
2024-05-22 22:00:00,4.8955407,4.653783
2024-05-22 23:00:00,4.719002,4.555959
2024-05-23 00:00:00,4.6301475,4.48098
2024-05-23 01:00:00,4.5444098,4.4675803
2024-05-23 02:00:00,4.4641294,4.3675466
2024-05-23 03:00:00,4.448257,4.295352
2024-05-23 04:00:00,4.7136507,4.2783275
2024-05-23 05:00:00,5.1718655,4.3870378
2024-05-23 06:00:00,5.7481356,4.70087
2024-05-23 07:00:00,5.673608,4.813329
2024-05-23 08:00:00,5.4521995,4.861481
2024-05-23 09:00:00,5.281434,4.766266
2024-05-23 10:00:00,5.110121,4.733652
2024-05-23 11:00:00,4.9461117,4.7212415
2024-05-23 12:00:00,4.763826,4.6134844
2024-05-23 13:00:00,4.664166,4.5188828
2024-05-23 14:00:00,4.5089464,4.4994864
2024-05-23 15:00:00,4.390747,4.422558
2024-05-23 16:00:00,4.420795,4.382554
2024-05-23 17:00:00,5.1276574,4.4362373
2024-05-23 18:00:00,5.4074683,4.5045643
2024-05-23 19:00:00,5.410506,4.675975
2024-05-23 20:00:00,5.296588,4.707463
2024-05-23 21:00:00,5.0851016,4.7041073
2024-05-23 22:00:00,4.969409,4.6675982
2024-05-23 23:00:00,4.7774563,4.6461277
2024-05-24 00:00:00,4.616672,4.5485406
2024-05-24 01:00:00,4.5126424,4.459052
2024-05-24 02:00:00,4.4340463,4.3681183
2024-05-24 03:00:00,4.3271117,4.2689886
2024-05-24 04:00:00,4.363831,4.215148
2024-05-24 05:00:00,5.0738044,4.2811794
2024-05-24 06:00:00,5.46503,4.4625773
2024-05-24 07:00:00,5.751394,4.7918425
2024-05-24 08:00:00,5.587341,4.861375
2024-05-24 09:00:00,5.3651123,4.8177977
2024-05-24 10:00:00,5.1775346,4.8317266
2024-05-24 11:00:00,5.028868,4.725586
2024-05-24 12:00:00,4.8524446,4.610916
2024-05-24 13:00:00,4.6700363,4.591299
2024-05-24 14:00:00,4.352712,4.3881855
2024-05-24 15:00:00,4.391586,4.4059234
2024-05-24 16:00:00,4.333666,4.352334
2024-05-24 17:00:00,4.9524975,4.405927
2024-05-24 18:00:00,5.133135,4.448325
2024-05-24 19:00:00,5.2913823,4.5021014
2024-05-24 20:00:00,5.2766223,4.6549745
2024-05-24 21:00:00,5.1282682,4.665034
2024-05-24 22:00:00,4.9340844,4.6748667
2024-05-24 23:00:00,4.8518395,4.6538057
2024-05-25 00:00:00,4.703735,4.5514727
2024-05-25 01:00:00,4.515497,4.5355678
2024-05-25 02:00:00,4.4120054,4.362652
2024-05-25 03:00:00,4.3699183,4.359987
2024-05-25 04:00:00,4.288897,4.2787805
2024-05-25 05:00:00,4.7073736,4.2859406
2024-05-25 06:00:00,5.322527,4.335242
2024-05-25 07:00:00,5.8045883,4.7142687
2024-05-25 08:00:00,5.7852983,4.9305277
2024-05-25 09:00:00,5.6187825,4.8795676
2024-05-25 10:00:00,5.3936877,4.854747
2024-05-25 11:00:00,5.1587214,4.8156857
2024-05-25 12:00:00,5.0061507,4.714432
2024-05-25 13:00:00,4.848127,4.617215
2024-05-25 14:00:00,4.646362,4.5086427
2024-05-25 15:00:00,4.471326,4.4861465
2024-05-25 16:00:00,4.4229593,4.419622
2024-05-25 17:00:00,4.3583555,4.3642178
2024-05-25 18:00:00,4.7490983,4.3621287
2024-05-25 19:00:00,5.265625,4.381138
2024-05-25 20:00:00,5.5466332,4.633077
2024-05-25 21:00:00,5.2856135,4.719601
2024-05-25 22:00:00,5.1297264,4.716303
2024-05-25 23:00:00,4.9975247,4.6591825
2024-05-26 00:00:00,4.8653903,4.648843
2024-05-26 01:00:00,4.683424,4.5511317
2024-05-26 02:00:00,4.5021544,4.448652
2024-05-26 03:00:00,4.4038205,4.357794
2024-05-26 04:00:00,4.272924,4.255394
2024-05-26 05:00:00,4.290124,4.2766285
2024-05-26 06:00:00,5.206457,4.3958125
2024-05-26 07:00:00,5.580308,4.476885
2024-05-26 08:00:00,5.878326,4.8065047
2024-05-26 09:00:00,5.627716,4.8522124
2024-05-26 10:00:00,5.41354,4.898429
2024-05-26 11:00:00,5.2553625,4.8311687
2024-05-26 12:00:00,5.1005907,4.7235785
2024-05-26 13:00:00,4.9354835,4.619271
2024-05-26 14:00:00,4.753072,4.6061854
2024-05-26 15:00:00,4.489796,4.581773
2024-05-26 16:00:00,4.3933077,4.4958
2024-05-26 17:00:00,4.3232923,4.3397365
2024-05-26 18:00:00,4.4338055,4.208965
2024-05-26 19:00:00,4.625007,4.1604204
2024-05-26 20:00:00,5.246598,4.2071624
2024-05-26 21:00:00,5.246457,4.096292
2024-05-26 22:00:00,5.0873284,4.0128293
2024-05-26 23:00:00,4.877702,4.059167
2024-05-27 00:00:00,4.789372,4.067411
2024-05-27 01:00:00,4.603173,3.9601867
2024-05-27 02:00:00,4.4406343,3.8462586
2024-05-27 03:00:00,4.2962923,3.8132906
2024-05-27 04:00:00,4.2597785,3.8109348
2024-05-27 05:00:00,4.279255,3.807833
2024-05-27 06:00:00,4.4751406,3.7486193
2024-05-27 07:00:00,5.0489945,3.8648636
2024-05-27 08:00:00,5.629628,4.00488
2024-05-27 09:00:00,5.7283483,3.9294574
2024-05-27 10:00:00,5.4974966,3.8236217
2024-05-27 11:00:00,5.390188,3.728112
2024-05-27 12:00:00,5.2448583,3.7346008
2024-05-27 13:00:00,5.0129914,3.7459552
2024-05-27 14:00:00,4.829739,3.7510438
2024-05-27 15:00:00,4.6396446,3.8001883
2024-05-27 16:00:00,4.5520473,3.7469487
2024-05-27 17:00:00,4.4957995,3.7479026
2024-05-27 18:00:00,4.5669894,3.7584062
2024-05-27 19:00:00,4.6358647,3.741855
2024-05-27 20:00:00,5.0522733,3.7676039
2024-05-27 21:00:00,5.302202,3.7868447
2024-05-27 23:00:00,5.297004,3.968184
2024-05-28 00:00:00,5.1719275,4.0019894
2024-05-28 01:00:00,4.7893615,3.865911
2024-05-28 02:00:00,4.7047925,3.8949797
2024-05-28 03:00:00,4.4538417,3.8833084
2024-05-28 04:00:00,4.3526077,3.9097145
2024-05-28 05:00:00,4.2775984,3.817615
2024-05-28 06:00:00,4.2738996,3.823236
2024-05-28 07:00:00,4.645101,3.930618
2024-05-28 08:00:00,5.5350566,4.2828865
2024-05-28 09:00:00,5.815879,4.67616
2024-05-28 10:00:00,5.5333405,4.7076516
2024-05-28 11:00:00,5.308512,4.722209
2024-05-28 12:00:00,5.1765842,4.537344
2024-05-28 14:00:00,4.9249725,4.5672493
2024-05-28 16:00:00,4.878883,4.5042295
2024-05-28 17:00:00,4.49651,4.3588133
2024-05-28 18:00:00,4.213571,4.2563996
2024-05-28 19:00:00,4.074828,4.1006517
2024-05-28 20:00:00,4.2974877,4.081012
2024-05-28 21:00:00,5.3478937,4.3275857
2024-05-28 22:00:00,5.5349526,4.463988
2024-05-28 23:00:00,5.2344246,4.5637674
2024-05-29 00:00:00,4.8131204,4.5216503
2024-05-29 01:00:00,4.6009893,4.4621964
2024-05-29 02:00:00,4.467654,4.358175
2024-05-29 03:00:00,4.4132934,4.357546
2024-05-29 04:00:00,4.262677,4.264412
2024-05-29 05:00:00,4.174297,4.169854
2024-05-29 06:00:00,4.140471,4.082614
2024-05-29 07:00:00,4.1801653,4.1103034
2024-05-29 08:00:00,4.821118,4.162018
2024-05-29 09:00:00,5.205143,4.345773
2024-05-29 10:00:00,5.3763895,4.558836
2024-05-29 11:00:00,5.3512125,4.669012
2024-05-29 12:00:00,5.2137017,4.7392454
2024-05-29 13:00:00,5.099441,4.6702185
2024-05-29 14:00:00,4.919548,4.614904
2024-05-29 15:00:00,4.74965,4.595937
2024-05-29 16:00:00,4.573585,4.497137
2024-05-29 17:00:00,4.4618526,4.4064555
2024-05-29 18:00:00,4.317544,4.311614
2024-05-29 19:00:00,4.2598066,4.245427
2024-05-29 20:00:00,4.360774,4.2061467
2024-05-29 21:00:00,4.9966197,4.3403587
2024-05-29 22:00:00,5.0630784,4.283838
2024-05-29 23:00:00,4.98852,4.4485106
2024-05-30 00:00:00,4.85161,4.5022917
2024-05-30 01:00:00,4.77521,4.541918
2024-05-30 02:00:00,4.6637597,4.493814
2024-05-30 03:00:00,4.549383,4.387249
2024-05-30 04:00:00,4.458025,4.3675275
2024-05-30 05:00:00,4.3710256,4.2819123
2024-05-30 06:00:00,4.2928376,4.1850615
2024-05-30 08:00:00,4.2452245,4.186055
2024-05-30 09:00:00,4.5799527,4.179124
2024-05-30 10:00:00,5.158136,4.400192
2024-05-30 11:00:00,5.5116386,4.5668774
2024-05-30 12:00:00,5.336013,4.661584
2024-05-30 13:00:00,5.135227,4.642528
2024-05-30 14:00:00,4.985662,4.6668873
2024-05-30 15:00:00,4.8009443,4.6279516
2024-05-30 16:00:00,4.607942,4.513094
2024-05-30 17:00:00,4.531179,4.3433084
2024-05-30 18:00:00,4.448664,4.2551866
2024-05-30 19:00:00,4.2922654,4.154121
2024-05-30 20:00:00,4.281046,4.0946994
2024-05-30 21:00:00,4.3466825,4.135174
2024-05-30 22:00:00,4.370671,4.163981
2024-05-30 23:00:00,4.758201,4.162179
2024-05-31 00:00:00,4.8683543,4.194449
2024-05-31 01:00:00,4.8063025,4.2588553
2024-05-31 02:00:00,4.6016865,4.1821156
2024-05-31 03:00:00,4.475941,4.126606
2024-05-31 04:00:00,4.460038,4.032214
2024-05-31 05:00:00,4.285051,3.9977758
2024-05-31 06:00:00,4.2720895,4.0189385
2024-05-31 07:00:00,4.204068,3.925108
2024-05-31 08:00:00,4.1464715,3.9142313
2024-05-31 09:00:00,4.264482,3.9474387
2024-05-31 10:00:00,4.652598,4.137083
2024-05-31 11:00:00,4.8416824,4.1859283
2024-05-31 12:00:00,5.109132,4.3195977
2024-05-31 13:00:00,5.1885557,4.4864683
2024-05-31 14:00:00,5.0281253,4.479294
2024-05-31 15:00:00,4.732018,4.455729
2024-05-31 16:00:00,4.6394877,4.42675
2024-05-31 17:00:00,4.5204406,4.3147798
2024-05-31 18:00:00,4.42064,4.224953
2024-05-31 19:00:00,4.24021,4.2199726
2024-05-31 20:00:00,4.168132,4.2411284
2024-05-31 21:00:00,4.1520014,4.177338
2024-05-31 22:00:00,4.200788,4.119586
2024-05-31 23:00:00,4.33619,4.0752597
2024-06-01 00:00:00,4.6350417,4.142451
2024-06-01 01:00:00,4.7745967,4.277203
2024-06-01 02:00:00,4.8099732,4.3591805
2024-06-01 03:00:00,4.6025352,4.36437
2024-06-01 04:00:00,4.454402,4.3076296
2024-06-01 06:00:00,4.3636894,4.285442
2024-06-01 07:00:00,4.3140755,4.2877955
2024-06-01 08:00:00,4.17951,4.184729
2024-06-01 09:00:00,4.0902395,4.0848556
2024-06-01 10:00:00,4.0331073,3.998176
2024-06-01 11:00:00,4.1267796,4.031776
2024-06-01 12:00:00,4.646188,4.151989
2024-06-01 13:00:00,5.116679,4.347576
2024-06-01 14:00:00,5.2432184,4.4423213
2024-06-01 15:00:00,5.0322137,4.434401
2024-06-01 16:00:00,4.7976365,4.431652
2024-06-01 17:00:00,4.6066346,4.467139
2024-06-01 18:00:00,4.5079284,4.2742734
2024-06-01 19:00:00,4.416271,4.2522397
2024-06-01 20:00:00,4.331513,4.253869
2024-06-01 21:00:00,4.242588,4.166821
2024-06-01 22:00:00,4.1223416,4.0714936
2024-06-01 23:00:00,4.336814,4.1416454
2024-06-02 00:00:00,4.3220825,4.159875
2024-06-02 01:00:00,4.622293,4.126668
2024-06-02 02:00:00,4.867794,4.2761593
2024-06-02 03:00:00,5.0898585,4.4009905
2024-06-02 04:00:00,4.958912,4.407348
2024-06-02 05:00:00,4.715706,4.4085855
2024-06-02 07:00:00,4.613721,4.3792615
2024-06-02 08:00:00,4.5067444,4.3562145
2024-06-02 09:00:00,4.2333426,4.147886
2024-06-02 10:00:00,4.1366687,4.1580353
2024-06-02 11:00:00,4.1008596,4.09079
2024-06-02 12:00:00,4.043817,4.0847354
2024-06-02 13:00:00,4.686059,4.1327777
2024-06-02 14:00:00,5.156814,4.2406697
2024-06-02 15:00:00,5.275869,4.444488
2024-06-02 16:00:00,4.955889,4.4339085
2024-06-02 17:00:00,4.859591,4.5446544
2024-06-02 18:00:00,4.5934877,4.6288996
2024-06-02 19:00:00,4.4946733,4.506212
2024-06-02 20:00:00,4.4233837,4.4115963
2024-06-02 21:00:00,4.2344365,4.312429
2024-06-02 22:00:00,4.1390934,4.229959
2024-06-02 23:00:00,4.1073766,4.153164
2024-06-03 00:00:00,4.1553607,4.10252
2024-06-03 01:00:00,4.3864,4.0757174
2024-06-03 02:00:00,4.705373,4.1570663
2024-06-03 03:00:00,4.935109,4.326458
2024-06-03 04:00:00,5.0179257,4.5966005
2024-06-03 05:00:00,4.9661045,4.7060204
2024-06-03 06:00:00,4.7979507,4.6892
2024-06-03 07:00:00,4.6024933,4.6081433
2024-06-03 08:00:00,4.497936,4.503591
2024-06-03 09:00:00,4.411333,4.409732
2024-06-03 10:00:00,4.224813,4.309001
2024-06-03 11:00:00,4.139584,4.228626
2024-06-03 12:00:00,4.108646,4.1658096
2024-06-03 13:00:00,4.1703877,4.128247
2024-06-03 14:00:00,4.7842784,4.2669697
2024-06-03 15:00:00,4.7992444,4.301552
2024-06-03 16:00:00,5.0400057,4.517602
2024-06-03 17:00:00,5.0282826,4.731606
2024-06-03 18:00:00,4.8309903,4.716386
2024-06-03 19:00:00,4.6954103,4.6363354
2024-06-03 20:00:00,4.4978895,4.5078015
2024-06-03 21:00:00,4.4112215,4.4216714
2024-06-03 22:00:00,4.2278414,4.3217845
2024-06-03 23:00:00,4.133533,4.2418776
2024-06-04 00:00:00,4.1294374,4.17503
2024-06-04 01:00:00,4.1774716,4.126541
2024-06-04 02:00:00,4.430311,4.115793
2024-06-04 03:00:00,4.7499604,4.204517
2024-06-04 04:00:00,5.124269,4.4671164
2024-06-04 05:00:00,5.2325616,4.893338
2024-06-04 06:00:00,5.1819835,4.9656086
2024-06-04 07:00:00,5.0093026,4.8299837
2024-06-04 08:00:00,4.8177752,4.751769
2024-06-04 09:00:00,4.6526966,4.6492186
2024-06-04 10:00:00,4.4675303,4.5467834
2024-06-04 11:00:00,4.3740377,4.3907957
2024-06-04 12:00:00,4.3154488,4.3106785
2024-06-04 13:00:00,4.1840925,4.23654
2024-06-04 14:00:00,4.2593455,4.226259
2024-06-04 15:00:00,4.977955,4.3114038
2024-06-04 16:00:00,5.073231,4.3557158
2024-06-04 17:00:00,5.295956,4.6583138
2024-06-04 18:00:00,5.14234,4.7558317
2024-06-04 19:00:00,4.9701867,4.817429
2024-06-04 20:00:00,4.7615504,4.7270722
2024-06-04 21:00:00,4.5800886,4.682317
2024-06-04 22:00:00,4.4943023,4.5098715
2024-06-05 00:00:00,4.4024754,4.4167075
2024-06-05 01:00:00,4.243092,4.320818
2024-06-05 02:00:00,4.0991683,4.150329
2024-06-05 03:00:00,4.477864,4.1564665
2024-06-05 04:00:00,5.121184,4.325069
2024-06-05 05:00:00,5.848907,4.848001
2024-06-05 06:00:00,5.4189973,4.972317
2024-06-05 07:00:00,5.29892,5.019634
2024-06-05 08:00:00,5.145001,5.0053353
2024-06-05 10:00:00,5.0003867,4.8739305
2024-06-05 11:00:00,4.8359413,4.7576284
2024-06-05 12:00:00,4.474917,4.4709525
2024-06-05 13:00:00,4.350578,4.387387
2024-06-05 14:00:00,4.2843304,4.3164897
2024-06-05 15:00:00,4.1650443,4.245518
2024-06-05 16:00:00,4.9408913,4.3435483
2024-06-05 17:00:00,5.321873,4.53465
2024-06-05 18:00:00,5.471736,4.756721
2024-06-05 19:00:00,5.1758776,4.8257084
2024-06-05 20:00:00,4.938935,4.887512
2024-06-05 21:00:00,4.8501725,4.8253717
2024-06-05 22:00:00,4.6860003,4.6891904
2024-06-05 23:00:00,4.519238,4.5147643
2024-06-06 00:00:00,4.417639,4.4276423
2024-06-06 01:00:00,4.2563934,4.3329296
2024-06-06 02:00:00,4.241179,4.2690797
2024-06-06 03:00:00,4.3473525,4.230812
2024-06-06 04:00:00,4.955703,4.2891164
2024-06-06 05:00:00,5.195087,4.448852
2024-06-06 06:00:00,5.6920915,4.734916
2024-06-06 07:00:00,5.507491,4.8821383
2024-06-06 08:00:00,5.3430243,4.8390617
2024-06-06 09:00:00,5.1493297,4.7455974
2024-06-06 10:00:00,4.9955206,4.638077
2024-06-06 11:00:00,4.837894,4.53684
2024-06-06 12:00:00,4.6524444,4.5203013
2024-06-06 13:00:00,4.4573007,4.4162107
2024-06-06 14:00:00,4.2981005,4.2270637
2024-06-06 15:00:00,4.203716,4.2459316
2024-06-06 16:00:00,4.28872,4.2192683
2024-06-06 17:00:00,5.03231,4.269284
2024-06-06 18:00:00,5.299279,4.4296055
2024-06-06 19:00:00,5.304328,4.601896
2024-06-06 20:00:00,5.113349,4.587832
2024-06-06 21:00:00,4.827256,4.572068
2024-06-06 22:00:00,4.742923,4.5551457
2024-06-06 23:00:00,4.596084,4.5317516
2024-06-07 00:00:00,4.42234,4.425571
2024-06-07 01:00:00,4.314328,4.3400598
2024-06-07 02:00:00,4.162857,4.239344
2024-06-07 03:00:00,4.174239,4.1750154
2024-06-07 04:00:00,4.338299,4.1423216
2024-06-07 05:00:00,4.8986216,4.1827984
2024-06-07 06:00:00,5.444572,4.481643
2024-06-07 07:00:00,5.6961083,4.7900476
2024-06-07 08:00:00,5.544213,4.8417377
2024-06-07 09:00:00,5.2780185,4.7837853
2024-06-07 10:00:00,5.118958,4.644465
2024-06-07 11:00:00,4.8943987,4.699362
2024-06-07 12:00:00,4.6463084,4.590602
2024-06-07 13:00:00,4.539953,4.5031853
2024-06-07 14:00:00,4.368826,4.3946443
2024-06-07 15:00:00,4.285513,4.31154
2024-06-07 16:00:00,4.1433535,4.2423315
2024-06-07 17:00:00,4.5591917,4.2574444
2024-06-07 18:00:00,4.988371,4.251944
2024-06-07 19:00:00,5.1370363,4.475404
2024-06-07 20:00:00,5.1723766,4.6547523
2024-06-07 21:00:00,4.913994,4.73111
2024-06-07 22:00:00,4.7531476,4.6558924
2024-06-07 23:00:00,4.694371,4.635527
2024-06-08 00:00:00,4.5137944,4.5247874
2024-06-08 01:00:00,4.335689,4.423067
2024-06-08 02:00:00,4.2290416,4.3340445
2024-06-08 03:00:00,4.1822085,4.2575035
2024-06-08 04:00:00,4.156336,4.18338
2024-06-08 05:00:00,4.2266817,4.1536674
2024-06-08 06:00:00,4.9987173,4.2351494
2024-06-08 07:00:00,5.759562,4.7589984
2024-06-08 08:00:00,5.6209435,4.9356318
2024-06-08 09:00:00,5.443145,5.0466332
2024-06-08 10:00:00,5.1677623,4.9009895
2024-06-08 11:00:00,5.0305586,4.864267
2024-06-08 12:00:00,4.818028,4.7529254
2024-06-08 13:00:00,4.629479,4.6546025
2024-06-08 14:00:00,4.4509387,4.5561285
2024-06-08 15:00:00,4.3562326,4.391584
2024-06-08 16:00:00,4.1641397,4.298236
2024-06-08 17:00:00,4.1118646,4.2742357
2024-06-08 18:00:00,4.603837,4.299685
2024-06-08 19:00:00,5.0171385,4.3164825
2024-06-08 20:00:00,5.2309318,4.541972
2024-06-08 21:00:00,5.036726,4.7474127
2024-06-08 22:00:00,4.876982,4.8287287
2024-06-08 23:00:00,4.6684904,4.735867
2024-06-09 00:00:00,4.576879,4.6226
2024-06-09 01:00:00,4.415357,4.514479
2024-06-09 02:00:00,4.322332,4.348641
2024-06-09 03:00:00,4.145061,4.249101
2024-06-09 04:00:00,4.079637,4.174251
2024-06-09 05:00:00,4.1415057,4.1188226
2024-06-09 06:00:00,4.856089,4.191483
2024-06-09 07:00:00,5.277752,4.3976555
2024-06-09 08:00:00,5.7270823,4.944344
2024-06-09 09:00:00,5.563625,5.077988
2024-06-09 10:00:00,5.412062,5.0898895
2024-06-09 11:00:00,5.2118425,5.054261
2024-06-09 12:00:00,4.960234,4.9066234
2024-06-09 13:00:00,4.809974,4.8000345
2024-06-09 14:00:00,4.634326,4.6332808
2024-06-09 15:00:00,4.4770665,4.539407
2024-06-09 16:00:00,4.286253,4.370393
2024-06-09 17:00:00,4.162723,4.322695
2024-06-09 18:00:00,4.3018413,4.245714
2024-06-09 19:00:00,5.01781,4.393561
2024-06-09 20:00:00,5.171379,4.46202
2024-06-09 21:00:00,5.165841,4.6385603
2024-06-09 22:00:00,4.8993373,4.8047175
2024-06-09 23:00:00,4.7595363,4.8065057
2024-06-10 00:00:00,4.562968,4.637192
2024-06-10 01:00:00,4.485297,4.53797
2024-06-10 02:00:00,4.334152,4.4371667
2024-06-10 03:00:00,4.244123,4.3493786
2024-06-10 04:00:00,4.071932,4.2523828
2024-06-10 05:00:00,4.0351872,4.1845164
2024-06-10 06:00:00,4.113243,4.143272
2024-06-10 07:00:00,4.9785457,4.2404885
2024-06-10 08:00:00,5.406821,4.520979
2024-06-10 09:00:00,5.5531497,4.970107
2024-06-10 10:00:00,5.508516,5.2054305
2024-06-10 11:00:00,5.214226,5.10255
2024-06-10 12:00:00,5.0355268,5.0037265
2024-06-10 13:00:00,4.8019495,4.8007035
2024-06-10 14:00:00,4.6256433,4.7054334
2024-06-10 15:00:00,4.4443855,4.5453916
2024-06-10 16:00:00,4.3552413,4.464369
2024-06-10 17:00:00,4.2026167,4.3021703
2024-06-10 18:00:00,4.2101684,4.1923294
2024-06-10 19:00:00,4.5344515,4.219721
2024-06-10 20:00:00,4.8834066,4.3309846
2024-06-10 21:00:00,5.010712,4.4695272
2024-06-10 22:00:00,5.1198072,4.7346935
2024-06-10 23:00:00,4.8891935,4.79467
2024-06-11 00:00:00,4.6973166,4.76935
2024-06-11 01:00:00,4.593701,4.554468
2024-06-11 02:00:00,4.422206,4.5198197
2024-06-11 03:00:00,4.3311453,4.34546
2024-06-11 04:00:00,4.150703,4.2361226
2024-06-11 05:00:00,4.0667233,4.1576056
2024-06-11 06:00:00,3.9804742,4.087989
2024-06-11 07:00:00,4.7209992,4.1680107
2024-06-11 08:00:00,5.158288,4.3782244
2024-06-11 09:00:00,5.4881926,4.720124
2024-06-11 10:00:00,5.3386073,4.9735403
2024-06-11 11:00:00,5.293347,5.029071
2024-06-11 12:00:00,5.045902,4.9754567
2024-06-11 13:00:00,4.9036226,4.8290772
2024-06-11 14:00:00,4.7375083,4.718909
2024-06-11 15:00:00,4.559919,4.550531
2024-06-11 16:00:00,4.3894544,4.460649
2024-06-11 17:00:00,4.2952857,4.3935714
2024-06-11 18:00:00,4.1544466,4.2470026
2024-06-11 19:00:00,4.194934,4.310975
2024-06-11 20:00:00,4.681011,4.26612
2024-06-11 21:00:00,4.960925,4.340702
2024-06-11 22:00:00,5.052517,4.5412974
2024-06-11 23:00:00,4.798967,4.6390066
2024-06-12 00:00:00,4.749142,4.655039
2024-06-12 02:00:00,4.6048603,4.6628733
2024-06-12 03:00:00,4.407154,4.532949
2024-06-12 04:00:00,4.242829,4.3453145
2024-06-12 05:00:00,4.0552397,4.246785
2024-06-12 06:00:00,3.9643588,4.1747246
2024-06-12 07:00:00,4.033069,4.103612
2024-06-12 08:00:00,4.4039245,4.091084
2024-06-12 09:00:00,5.210904,4.3606877
2024-06-12 10:00:00,5.5081096,4.7807593
2024-06-12 11:00:00,5.2167873,4.937509
2024-06-12 12:00:00,5.0460243,4.897602
2024-06-12 14:00:00,4.9096236,4.8835573
2024-06-12 15:00:00,4.74193,4.747137
2024-06-12 16:00:00,4.3921304,4.4553323
2024-06-12 17:00:00,4.2717624,4.385581
2024-06-12 18:00:00,4.107653,4.307651
2024-06-12 19:00:00,4.0156107,4.1420574
2024-06-12 20:00:00,4.047337,4.100163
2024-06-12 21:00:00,5.066039,4.3285074
2024-06-12 22:00:00,5.168214,4.3874793
2024-06-12 23:00:00,5.0763493,4.5545435
2024-06-13 00:00:00,4.6223454,4.6100326
2024-06-13 01:00:00,4.4643373,4.5998964
2024-06-13 02:00:00,4.4221687,4.4637637
2024-06-13 03:00:00,4.3412294,4.4501724
2024-06-13 04:00:00,4.2556505,4.274566
2024-06-13 05:00:00,4.1670594,4.255089
2024-06-13 06:00:00,4.0896907,4.175209
2024-06-13 07:00:00,4.055498,4.1012754
2024-06-13 08:00:00,4.442603,4.1012816
2024-06-13 09:00:00,4.9727955,4.2358847
2024-06-13 10:00:00,5.037326,4.523903
2024-06-13 11:00:00,5.1630263,4.787087
2024-06-13 12:00:00,5.0886307,4.8645115
2024-06-13 13:00:00,4.8999047,4.8375297
2024-06-13 14:00:00,4.7086983,4.673694
2024-06-13 15:00:00,4.595515,4.6477075
2024-06-13 16:00:00,4.410403,4.4728193
2024-06-13 17:00:00,4.3105793,4.3876753
2024-06-13 18:00:00,4.2326922,4.3134546
2024-06-13 19:00:00,4.2139974,4.2643905
2024-06-13 20:00:00,4.148045,4.2196283
2024-06-13 21:00:00,4.4920907,4.241948
2024-06-13 22:00:00,4.730032,4.304579
2024-06-13 23:00:00,4.6584024,4.298919
2024-06-14 00:00:00,4.700382,4.5443053
2024-06-14 01:00:00,4.7423706,4.608621
2024-06-14 02:00:00,4.590752,4.6005445
2024-06-14 03:00:00,4.462386,4.5466733
2024-06-14 04:00:00,4.3569975,4.4415703
2024-06-14 05:00:00,4.2649717,4.342637
2024-06-14 06:00:00,4.170961,4.254549
2024-06-14 07:00:00,4.118594,4.178069
2024-06-14 08:00:00,4.101403,4.1059904
2024-06-14 09:00:00,4.650968,4.2231746
2024-06-14 10:00:00,4.966582,4.3242836
2024-06-14 11:00:00,5.083106,4.526569
2024-06-14 12:00:00,5.0400248,4.6676655
2024-06-14 13:00:00,4.9663563,4.7660627
2024-06-14 14:00:00,4.7403693,4.7461705
2024-06-14 15:00:00,4.614912,4.6087584
2024-06-14 16:00:00,4.4415646,4.488197
2024-06-14 17:00:00,4.330579,4.405402
2024-06-14 18:00:00,4.2384024,4.405907
2024-06-14 19:00:00,4.2002487,4.2596884
2024-06-14 20:00:00,4.154902,4.192914
2024-06-14 21:00:00,4.1851068,4.153861
2024-06-14 22:00:00,4.414338,4.1388493
2024-06-14 23:00:00,4.6028233,4.188258
2024-06-15 00:00:00,4.5363407,4.273215
2024-06-15 01:00:00,4.6619525,4.450711
2024-06-15 02:00:00,4.59147,4.569116
2024-06-15 03:00:00,4.492538,4.5120935
2024-06-15 04:00:00,4.400931,4.4629107
2024-06-15 05:00:00,4.2765384,4.3500195
2024-06-15 06:00:00,4.193245,4.3322153
2024-06-15 07:00:00,4.210603,4.2590833
2024-06-15 08:00:00,4.168863,4.2544785
2024-06-15 09:00:00,4.1854625,4.190155
2024-06-15 10:00:00,4.212031,4.135254
2024-06-15 11:00:00,4.705411,4.1578345
2024-06-15 12:00:00,4.8146014,4.456848
2024-06-15 13:00:00,4.8116364,4.6241937
2024-06-15 14:00:00,4.944896,4.689207
2024-06-15 15:00:00,4.60525,4.657068
2024-06-15 16:00:00,4.5234013,4.543158
2024-06-15 17:00:00,4.402106,4.4343257
2024-06-15 18:00:00,4.2838273,4.423829
2024-06-15 19:00:00,4.1876473,4.340022
2024-06-15 20:00:00,4.1307306,4.169989
2024-06-15 21:00:00,4.1842384,4.114568
2024-06-15 22:00:00,4.188227,4.163853
2024-06-15 23:00:00,4.2546167,4.123037
2024-06-16 00:00:00,4.4450994,4.1657057
2024-06-16 01:00:00,4.5828733,4.3711615
2024-06-16 02:00:00,4.797769,4.56186
2024-06-16 03:00:00,4.6387444,4.6497073
2024-06-16 04:00:00,4.573138,4.589445
2024-06-16 05:00:00,4.4969115,4.536124
2024-06-16 06:00:00,4.3908224,4.4205427
2024-06-16 07:00:00,4.28662,4.324525
2024-06-16 08:00:00,4.1765194,4.3167815
2024-06-16 09:00:00,4.1979313,4.179929
2024-06-16 10:00:00,4.1708655,4.184495
2024-06-16 11:00:00,4.6144867,4.2206187
2024-06-16 12:00:00,4.7575526,4.3645597
2024-06-16 13:00:00,4.9166546,4.4108033
2024-06-16 14:00:00,4.8271017,4.546945
2024-06-16 15:00:00,4.7176175,4.6649103
2024-06-16 16:00:00,4.6170526,4.602588
2024-06-16 17:00:00,4.5165014,4.5505333
2024-06-16 18:00:00,4.4030375,4.5216136
2024-06-16 19:00:00,4.294273,4.421071
2024-06-16 20:00:00,4.1997457,4.331313
2024-06-16 21:00:00,4.1367826,4.2620335
2024-06-16 22:00:00,4.171036,4.2118225
2024-06-16 23:00:00,4.1752214,4.152253
2024-06-17 00:00:00,4.5067782,4.2325425
2024-06-17 01:00:00,4.6255865,4.2858176
2024-06-17 02:00:00,4.7537227,4.4727483
2024-06-17 03:00:00,4.9260225,4.655152
2024-06-17 04:00:00,4.80211,4.7456517
2024-06-17 05:00:00,4.6905065,4.7526917
2024-06-17 06:00:00,4.6438966,4.62484
2024-06-17 07:00:00,4.542199,4.589215
2024-06-17 08:00:00,4.4495506,4.498036
2024-06-17 09:00:00,4.3561225,4.4075437
2024-06-17 10:00:00,4.2729096,4.3350453
2024-06-17 11:00:00,4.2337675,4.362616
2024-06-17 12:00:00,4.344481,4.336913
2024-06-17 13:00:00,4.508007,4.3957486
2024-06-17 14:00:00,4.8760066,4.4778347
2024-06-17 15:00:00,4.98054,4.5812726
2024-06-17 16:00:00,4.9471083,4.7134447
2024-06-17 17:00:00,4.6123075,4.624834
2024-06-17 18:00:00,4.5069623,4.564064
2024-06-17 19:00:00,4.3942294,4.538399
2024-06-17 20:00:00,4.4082975,4.4676356
2024-06-17 21:00:00,4.3022056,4.3730035
2024-06-17 22:00:00,4.213549,4.2887917
2024-06-17 23:00:00,4.1600027,4.2968364
2024-06-18 00:00:00,4.144692,4.2373652
2024-06-18 01:00:00,4.671069,4.261761
2024-06-18 02:00:00,4.657739,4.3605456
2024-06-18 03:00:00,4.9653826,4.503785
2024-06-18 04:00:00,5.0488644,4.7413955
2024-06-18 05:00:00,5.011393,4.8545938
2024-06-18 06:00:00,4.7683415,4.825714
2024-06-18 07:00:00,4.6577835,4.762165
2024-06-18 08:00:00,4.6210327,4.67063
2024-06-18 09:00:00,4.4423833,4.565033
2024-06-18 10:00:00,4.341161,4.4838777
2024-06-18 11:00:00,4.3792586,4.430849
2024-06-18 12:00:00,4.3346343,4.3688364
2024-06-18 13:00:00,4.4719114,4.345588
2024-06-18 14:00:00,4.622592,4.4106903
2024-06-18 15:00:00,4.8335657,4.475843
2024-06-18 17:00:00,4.941945,4.580395
2024-06-18 18:00:00,4.6393824,4.675271
2024-06-18 19:00:00,4.727787,4.490357
2024-06-18 20:00:00,4.622901,4.262084
2024-06-18 21:00:00,4.5160275,3.9941645
2024-06-18 22:00:00,4.398078,3.9747708
2024-06-18 23:00:00,4.3002825,3.8674312
2024-06-19 00:00:00,4.228824,3.856174
2024-06-19 01:00:00,4.178439,3.8612783
2024-06-19 02:00:00,4.647774,3.872028
2024-06-19 03:00:00,5.1196656,3.985768
2024-06-19 04:00:00,5.27675,4.011766
2024-06-19 05:00:00,5.404326,3.9494452
2024-06-19 06:00:00,5.2351856,3.713783
2024-06-19 07:00:00,5.0823884,3.6754334
2024-06-19 08:00:00,4.970875,3.6755111
2024-06-19 09:00:00,4.7284956,3.667834
2024-06-19 10:00:00,4.5792236,3.7277958
2024-06-19 11:00:00,4.5827475,3.6864414
2024-06-19 12:00:00,4.4601855,3.6660652
2024-06-19 13:00:00,4.3953347,3.6670496
2024-06-19 14:00:00,4.492901,3.6846406
2024-06-19 15:00:00,5.0998693,3.735093
2024-06-19 16:00:00,5.028153,3.7016253
2024-06-19 17:00:00,5.1253066,3.6351151
2024-06-19 18:00:00,4.967561,3.6546369
2024-06-19 19:00:00,5.0107646,3.661443
2024-06-19 20:00:00,4.818512,3.6485221
2024-06-19 21:00:00,4.7630243,3.6544895
2024-06-19 22:00:00,4.6695914,3.6538458
2024-06-19 23:00:00,4.4822135,3.644736
2024-06-20 00:00:00,4.3977013,3.592675
2024-06-20 01:00:00,4.366019,3.591109
2024-06-20 02:00:00,4.7850685,3.6401973
2024-06-20 03:00:00,4.361462,3.6488214
2024-06-20 04:00:00,5.1778235,3.6769216
2024-06-20 05:00:00,5.4177403,3.687125
2024-06-20 06:00:00,5.4888806,3.594017
2024-06-20 07:00:00,5.3043504,3.6729896
2024-06-20 08:00:00,5.1519995,3.6636055
2024-06-20 09:00:00,4.9619308,3.6593378
2024-06-20 10:00:00,4.8820834,3.6105328
2024-06-20 11:00:00,4.7115073,3.6604335
2024-06-20 12:00:00,4.6842856,3.6798368
2024-06-20 13:00:00,4.5494666,3.6742432
2024-06-20 14:00:00,4.5123587,3.6115127
2024-06-20 15:00:00,4.5692434,3.6728506
2024-06-20 16:00:00,5.1033006,3.720807
2024-06-20 17:00:00,5.242857,3.665773
2024-06-20 18:00:00,5.1827583,3.6312351
2024-06-20 19:00:00,5.0423064,3.6615849
2024-06-20 20:00:00,4.9934998,3.5838034
2024-06-20 21:00:00,4.7331676,3.563308
2024-06-20 22:00:00,4.8524323,3.657192
2024-06-20 23:00:00,4.7547045,3.6559653
2024-06-21 00:00:00,4.689861,3.5979698
2024-06-21 01:00:00,4.589512,3.6557233
2024-06-21 02:00:00,4.455176,3.6576326
2024-06-21 03:00:00,4.4536777,3.6649146
2024-06-21 04:00:00,5.1290383,3.5555918
2024-06-21 05:00:00,5.7042875,3.7269046
2024-06-21 06:00:00,5.936371,3.8003855
2024-06-21 07:00:00,5.86168,3.7367663
2024-06-21 08:00:00,5.6886783,3.6833255
2024-06-21 09:00:00,5.364444,3.6565325
2024-06-21 10:00:00,5.3011703,3.6869912
2024-06-21 11:00:00,5.1412187,3.6985698
2024-06-21 12:00:00,5.030395,3.5958786
2024-06-21 13:00:00,4.917329,3.6784732
2024-06-21 14:00:00,4.849097,3.7547562
2024-06-21 15:00:00,4.907038,3.8546119
2024-06-21 16:00:00,5.2841864,3.8924673
2024-06-21 17:00:00,5.470363,3.9997003
2024-06-21 18:00:00,5.4366064,3.9316497
2024-06-21 19:00:00,5.6530256,3.9494078
2024-06-21 20:00:00,5.5231442,3.985712
2024-06-21 21:00:00,5.4943666,4.065552
2024-06-21 22:00:00,5.2295556,3.8496397
2024-06-21 23:00:00,5.1428704,3.9830563
2024-06-22 00:00:00,5.0432086,4.037602
2024-06-22 01:00:00,5.064923,4.0696754
2024-06-22 02:00:00,5.0112114,4.1931806
2024-06-22 03:00:00,4.9073424,4.1923985
2024-06-22 04:00:00,4.8795094,4.0666203
2024-06-22 05:00:00,5.6591344,4.151966
2024-06-22 06:00:00,6.0925484,4.241621
2024-06-22 07:00:00,6.244693,4.0564804
2024-06-22 08:00:00,6.0819626,4.1253705
2024-06-22 09:00:00,5.893771,3.9447477
2024-06-22 10:00:00,5.698541,3.9479117
2024-06-22 11:00:00,5.5540266,3.9703305
2024-06-22 12:00:00,5.456275,3.9855356
2024-06-22 13:00:00,5.2812467,3.967917
2024-06-22 14:00:00,5.2181973,3.976573
2024-06-22 15:00:00,5.060338,3.9675126
2024-06-22 16:00:00,5.1645594,3.916044
2024-06-22 17:00:00,5.110909,3.9548428
2024-06-22 18:00:00,5.60759,4.058553
2024-06-22 19:00:00,5.824741,4.0945024
2024-06-22 20:00:00,5.8178945,3.9149644
2024-06-22 21:00:00,5.629032,3.864873
2024-06-22 22:00:00,5.45406,3.848522
2024-06-22 23:00:00,5.3441863,3.862769
2024-06-23 00:00:00,5.166859,3.9272342
2024-06-23 01:00:00,5.1809416,4.0643973
2024-06-23 02:00:00,5.0920653,4.073659
2024-06-23 03:00:00,5.0381227,3.9554038
2024-06-23 04:00:00,5.110883,4.112367
2024-06-23 05:00:00,5.175661,4.283515
2024-06-23 06:00:00,5.7901025,4.2935553
2024-06-23 07:00:00,6.2638493,4.3671093
2024-06-23 08:00:00,6.383594,4.4080997
2024-06-23 09:00:00,6.028255,4.3134117
2024-06-23 10:00:00,6.06488,4.3113055
2024-06-23 11:00:00,5.8969316,4.165308
2024-06-23 12:00:00,5.7313,4.15248
2024-06-23 13:00:00,5.548341,4.1491866
2024-06-23 14:00:00,5.3648,4.160125
2024-06-23 15:00:00,5.2765665,4.168897
2024-06-23 16:00:00,5.242803,4.1589146
2024-06-23 17:00:00,5.309378,4.1923666
2024-06-23 19:00:00,5.340627,4.3171277
2024-06-23 20:00:00,5.8013625,4.293246
2024-06-23 21:00:00,6.0748005,4.3375297
2024-06-23 22:00:00,5.7705398,4.1501765
2024-06-23 23:00:00,5.7039123,4.1249313
2024-06-24 00:00:00,5.5646358,4.117456
2024-06-24 01:00:00,5.375552,4.1279964
2024-06-24 02:00:00,5.3407974,4.048553
2024-06-24 03:00:00,5.227207,4.1697817
2024-06-24 04:00:00,5.1731114,4.078861
2024-06-24 05:00:00,5.1244254,4.0792685
2024-06-24 06:00:00,5.550048,4.1967425
2024-06-24 07:00:00,6.145088,4.251847
2024-06-24 08:00:00,6.5607224,4.411044
2024-06-24 09:00:00,6.4058146,4.2280903
2024-06-24 10:00:00,6.178736,4.029503
2024-06-24 11:00:00,6.0488186,4.021941
2024-06-24 12:00:00,5.8998303,3.6749587
2024-06-24 13:00:00,5.751688,3.9594147
2024-06-24 14:00:00,5.5698204,3.9867194
2024-06-24 15:00:00,5.4673195,3.9900928
2024-06-24 16:00:00,5.326485,3.977657
2024-06-24 17:00:00,5.3099017,4.0013185
2024-06-24 18:00:00,5.3691783,4.0043573
2024-06-24 19:00:00,5.7231455,4.021879
2024-06-24 20:00:00,5.876671,4.034057
2024-06-24 21:00:00,6.064183,4.0259504
2024-06-24 22:00:00,5.9474063,3.9525151
2024-06-24 23:00:00,5.998904,3.9676163
2024-06-25 00:00:00,5.721661,3.8633926
2024-06-25 01:00:00,5.580945,3.7424715
2024-06-25 02:00:00,5.451554,3.8698266
2024-06-25 03:00:00,5.286076,3.8848202
2024-06-25 04:00:00,5.2864637,3.8986263
2024-06-25 06:00:00,5.317588,3.9067955
2024-06-25 07:00:00,5.54126,3.944529
2024-06-25 08:00:00,6.3563595,4.1323614
2024-06-25 09:00:00,6.5885944,4.0949545
2024-06-25 10:00:00,6.569967,3.963272
2024-06-25 11:00:00,6.378748,3.885999
2024-06-25 12:00:00,6.1598372,3.8864527
2024-06-25 13:00:00,6.0337462,3.9945524
2024-06-25 14:00:00,5.8733253,4.01113
2024-06-25 15:00:00,5.678485,4.006489
2024-06-25 16:00:00,5.613403,4.010791
2024-06-25 17:00:00,5.4509773,4.002961
2024-06-25 18:00:00,5.4159365,4.005528
2024-06-25 19:00:00,5.658499,4.022249
2024-06-25 20:00:00,5.8816447,4.120916
2024-06-25 21:00:00,6.0201035,4.01893
2024-06-25 22:00:00,6.27827,4.0253906
2024-06-25 23:00:00,6.032958,3.956368
2024-06-26 00:00:00,5.9481378,3.9375398
2024-06-26 01:00:00,5.836676,3.9481986
2024-06-26 02:00:00,5.6485996,3.9535308
2024-06-26 03:00:00,5.464157,3.9490926
2024-06-26 04:00:00,5.4330015,3.9676993
2024-06-26 05:00:00,5.4243803,3.9796124
2024-06-26 06:00:00,5.3788347,3.9082656
2024-06-26 07:00:00,5.3686543,3.9100456
2024-06-26 08:00:00,5.943759,3.9772825
2024-06-26 09:00:00,6.504914,4.1094427
2024-06-26 10:00:00,6.640597,4.001934
2024-06-26 11:00:00,6.3788676,3.8932185
2024-06-26 12:00:00,6.2730327,3.8851686
2024-06-26 13:00:00,6.1061645,3.9092839
2024-06-26 14:00:00,6.02767,3.9401588
2024-06-26 15:00:00,5.8596277,3.9315348
2024-06-26 16:00:00,5.774761,3.9335687
2024-06-26 17:00:00,5.6200347,3.9313219
2024-06-26 18:00:00,5.578289,3.942176
2024-06-26 19:00:00,5.439245,3.9363513
2024-06-26 20:00:00,6.0007553,3.9086566
2024-06-26 21:00:00,6.0774317,3.9656513
2024-06-26 22:00:00,6.339186,3.9948816
2024-06-26 23:00:00,6.153164,3.9266076
2024-06-27 00:00:00,6.1636767,3.905058
2024-06-27 01:00:00,5.9003124,3.870873
2024-06-27 02:00:00,5.960174,3.9017184
2024-06-27 03:00:00,5.768035,3.8977504
2024-06-27 04:00:00,5.6728015,3.9066226
2024-06-27 05:00:00,5.5837326,3.9086182
2024-06-27 06:00:00,5.514209,3.9108436
2024-06-27 07:00:00,5.4436755,3.9181547
2024-06-27 08:00:00,5.549397,3.9389172
2024-06-27 09:00:00,6.164628,4.0063744
2024-06-27 10:00:00,6.5876145,3.9683638
2024-06-27 11:00:00,6.5473776,3.8962746
2024-06-27 12:00:00,6.4218893,3.8364828
2024-06-27 13:00:00,6.2219353,3.8095038
2024-06-27 14:00:00,6.058093,3.9009695
2024-06-27 15:00:00,5.8992095,3.8532033
2024-06-27 16:00:00,5.893084,3.8649235
2024-06-27 17:00:00,5.8220534,3.8654702
2024-06-27 18:00:00,5.7028227,3.8622248
2024-06-27 19:00:00,5.6018248,3.9418137
2024-06-27 20:00:00,5.557707,3.9495344
2024-06-27 21:00:00,5.5980625,3.931895
2024-06-27 22:00:00,5.9193797,3.8736317
2024-06-27 23:00:00,6.1899247,3.8938072
2024-06-28 00:00:00,6.254655,3.8810277
2024-06-28 01:00:00,6.083871,3.828911
2024-06-28 02:00:00,5.879437,3.8039143
2024-06-28 03:00:00,5.8391056,3.8165178
2024-06-28 04:00:00,5.8814797,3.8407412
2024-06-28 05:00:00,5.677339,3.827875
2024-06-28 06:00:00,5.615121,3.8409216
2024-06-28 07:00:00,5.707951,3.8718064
2024-06-28 08:00:00,5.7154975,3.8703365
2024-06-28 09:00:00,5.903627,3.8215296
2024-06-28 10:00:00,6.234856,3.926182
2024-06-28 11:00:00,6.54329,3.956983
2024-06-28 12:00:00,6.5297823,3.909324
2024-06-28 13:00:00,6.441087,3.8609095
2024-06-28 14:00:00,6.2901273,3.8461912
2024-06-28 16:00:00,6.196865,3.7825587
2024-06-28 17:00:00,6.1349506,3.795721
2024-06-28 18:00:00,5.924653,3.7841797
2024-06-28 19:00:00,5.78312,3.7785647
2024-06-28 20:00:00,5.8628488,3.803017
2024-06-28 21:00:00,5.7747936,3.879954
2024-06-28 22:00:00,5.804139,3.8864484
2024-06-28 23:00:00,6.1310363,3.9168735
2024-06-29 00:00:00,6.1882386,3.9761152
2024-06-29 01:00:00,6.446144,4.0913415
2024-06-29 02:00:00,6.4274373,4.060373
2024-06-29 03:00:00,6.342268,4.128022
2024-06-29 04:00:00,6.2322435,4.0989513
2024-06-29 05:00:00,6.1231837,4.094569
2024-06-29 06:00:00,6.039271,4.120824
2024-06-29 07:00:00,6.0608716,4.115603
2024-06-29 08:00:00,6.0615497,4.133352
2024-06-29 09:00:00,6.0286965,4.1271462
2024-06-29 10:00:00,6.172603,4.1085143
2024-06-29 11:00:00,6.661668,4.14748
2024-06-29 12:00:00,6.7673826,4.244
2024-06-29 13:00:00,6.8290524,4.132184
2024-06-29 14:00:00,6.750314,4.095762
2024-06-29 15:00:00,6.6171994,4.1555247
2024-06-29 16:00:00,6.594591,4.0988426
2024-06-29 17:00:00,6.435829,4.084698
2024-06-29 18:00:00,6.322804,4.090155
2024-06-29 19:00:00,6.2827444,4.179376
2024-06-29 20:00:00,6.2547927,4.1873026
2024-06-29 21:00:00,6.1882997,4.179472
2024-06-29 22:00:00,6.290512,4.192406
2024-06-30 00:00:00,6.3078685,4.186479
2024-06-30 01:00:00,6.505904,4.2010946
2024-06-30 02:00:00,6.727405,4.4135833
2024-06-30 03:00:00,6.680143,4.3092804
2024-06-30 04:00:00,6.655198,4.2637954
2024-06-30 05:00:00,6.5980783,4.255058
2024-06-30 06:00:00,6.5586557,4.27101
2024-06-30 07:00:00,6.4427867,4.3881073
2024-06-30 08:00:00,6.4759927,4.42107
2024-06-30 09:00:00,6.396922,4.410115
2024-06-30 10:00:00,6.399093,4.4084244
2024-06-30 11:00:00,6.389042,4.2718773
2024-06-30 12:00:00,6.6045556,4.344103
2024-06-30 13:00:00,6.967991,4.5675297
2024-06-30 14:00:00,6.8459654,4.3449454
2024-06-30 15:00:00,6.867034,4.2738376
2024-06-30 16:00:00,6.883963,4.2778745
2024-06-30 17:00:00,6.7808223,4.238201
2024-06-30 18:00:00,6.647182,4.2243633
2024-06-30 19:00:00,6.6634645,4.1715918
2024-06-30 20:00:00,6.4941707,4.1490397
2024-06-30 21:00:00,6.502917,4.232321
2024-06-30 22:00:00,6.416929,4.254936
2024-06-30 23:00:00,6.5216956,4.309864
2024-07-01 00:00:00,6.4836583,4.2640204
2024-07-01 01:00:00,6.7631097,4.3350286
2024-07-01 02:00:00,6.9477043,4.3705134
2024-07-01 03:00:00,7.0105877,4.3385925
2024-07-01 04:00:00,7.108821,4.322804
2024-07-01 05:00:00,7.0400653,4.2522135
2024-07-01 06:00:00,6.957741,4.242556
2024-07-01 07:00:00,6.7950087,4.2444224
2024-07-01 08:00:00,6.6898994,4.251853
2024-07-01 09:00:00,6.7309747,4.2720375
2024-07-01 10:00:00,6.7364693,4.2730083
2024-07-01 11:00:00,6.579861,4.248778
2024-07-01 12:00:00,6.445917,4.2402987
2024-07-01 13:00:00,6.6947803,4.2823644
2024-07-01 14:00:00,6.872173,4.4712334
2024-07-01 15:00:00,7.062209,4.5210967
2024-07-01 16:00:00,7.0305843,4.4537883
2024-07-01 17:00:00,6.9128513,4.3676524
2024-07-01 18:00:00,6.86993,3.8514166
2024-07-01 19:00:00,6.677039,4.2688913
2024-07-01 20:00:00,6.8861647,4.449357
2024-07-01 21:00:00,6.818101,4.386917
2024-07-01 22:00:00,6.6094446,4.3427916
2024-07-01 23:00:00,6.587054,4.264488
2024-07-02 00:00:00,6.551747,4.2498174
2024-07-02 01:00:00,6.516818,4.2620792
2024-07-02 03:00:00,6.8681207,4.3456807
2024-07-02 04:00:00,7.010485,4.289381
2024-07-02 05:00:00,7.317833,4.2013445
2024-07-02 06:00:00,7.048485,4.248171
2024-07-02 07:00:00,6.908914,4.1501546
2024-07-02 08:00:00,6.9124775,4.1643577
2024-07-02 09:00:00,6.8058314,4.087842
2024-07-02 10:00:00,6.850934,4.182964
2024-07-02 11:00:00,6.7664666,4.1029325
2024-07-02 12:00:00,6.4897456,4.157155
2024-07-02 13:00:00,6.7099977,4.131269
2024-07-02 14:00:00,6.7651668,4.124755
2024-07-02 15:00:00,6.872499,4.1188827
2024-07-02 16:00:00,6.9254117,4.1181927
2024-07-02 17:00:00,6.9959216,4.1161847
2024-07-02 18:00:00,7.013537,4.1235404
2024-07-02 19:00:00,6.983017,4.1969357
2024-07-02 20:00:00,6.9145927,4.197459
2024-07-02 21:00:00,6.753369,4.1772614
2024-07-02 22:00:00,6.773091,4.207626
2024-07-02 23:00:00,6.6854324,4.118653
2024-07-03 00:00:00,6.5238695,3.9263146
2024-07-03 01:00:00,6.558969,4.0871177
2024-07-03 02:00:00,6.6061893,4.1071506
2024-07-03 03:00:00,6.7063866,4.115534
2024-07-03 04:00:00,7.2314105,4.1974244
2024-07-03 05:00:00,7.3502364,4.186004
2024-07-03 06:00:00,7.154084,4.1074
2024-07-03 07:00:00,7.1321383,4.0304155
2024-07-03 08:00:00,7.1801276,4.1345506
2024-07-03 09:00:00,7.1476545,4.1328864
2024-07-03 10:00:00,7.052609,4.0499554
2024-07-03 11:00:00,6.872378,4.0479136
2024-07-03 12:00:00,6.956787,4.068873
2024-07-03 13:00:00,6.8043437,4.0531783
2024-07-03 14:00:00,6.652991,4.041655
2024-07-03 15:00:00,6.738552,4.057728
2024-07-03 16:00:00,6.7876983,4.044587
2024-07-03 17:00:00,7.033947,4.1610675
2024-07-03 18:00:00,7.197943,4.194588
2024-07-03 19:00:00,7.0626087,4.137919
2024-07-03 20:00:00,6.995516,4.1119075
2024-07-03 21:00:00,6.995927,4.12427
2024-07-03 22:00:00,6.907699,4.1220717
2024-07-03 23:00:00,6.660929,4.0934114
2024-07-04 01:00:00,6.87033,4.2223196
2024-07-04 02:00:00,6.7546864,4.1251655
2024-07-04 03:00:00,6.5088687,4.082216
2024-07-04 04:00:00,6.740637,4.138363
2024-07-04 05:00:00,7.3584285,4.2159142
2024-07-04 06:00:00,7.5778,4.1841006
2024-07-04 07:00:00,7.5187078,4.2236047
2024-07-04 08:00:00,7.4408145,4.1292386
2024-07-04 09:00:00,7.3173842,4.212119
2024-07-04 10:00:00,7.1732144,4.170366
2024-07-04 11:00:00,7.1481295,4.115345
2024-07-04 12:00:00,6.993143,4.1448464
2024-07-04 13:00:00,6.9582686,4.1647058
2024-07-04 14:00:00,6.6350594,4.1260934
2024-07-04 15:00:00,6.6799793,4.2403555
2024-07-04 16:00:00,6.7119904,4.129947
2024-07-04 17:00:00,6.7970977,4.1285925
2024-07-04 18:00:00,6.9070406,4.1306176
2024-07-04 19:00:00,7.2173934,4.16168
2024-07-04 20:00:00,7.073648,4.0972004
2024-07-04 21:00:00,7.013433,4.108343
2024-07-04 22:00:00,6.9894238,4.012573
2024-07-04 23:00:00,6.8553743,4.0001016
2024-07-05 00:00:00,6.818356,4.1037016
2024-07-05 01:00:00,6.623798,4.109908
2024-07-05 02:00:00,6.6338687,4.120366
2024-07-05 03:00:00,6.636836,4.124224
2024-07-05 05:00:00,6.69434,4.1313744
2024-07-05 06:00:00,6.904092,4.1600485
2024-07-05 07:00:00,7.566106,4.160396
2024-07-05 08:00:00,7.3385806,4.040373
2024-07-05 09:00:00,7.247169,3.9941306
2024-07-05 10:00:00,7.0998917,4.00586
2024-07-05 11:00:00,7.1523314,4.0511556
2024-07-05 12:00:00,7.0204234,4.048417
2024-07-05 13:00:00,6.884244,4.0573115
2024-07-05 14:00:00,6.7109437,4.0623274
2024-07-05 15:00:00,6.644356,4.060135
2024-07-05 16:00:00,6.607764,4.064146
2024-07-05 17:00:00,6.6550617,4.0588074
2024-07-05 18:00:00,6.725116,4.034051
2024-07-05 19:00:00,7.180612,4.0937667
2024-07-05 20:00:00,7.0292253,4.04248
2024-07-05 21:00:00,6.9996557,3.9270742
2024-07-05 22:00:00,6.8874636,3.9047282
2024-07-05 23:00:00,6.979869,4.031309
2024-07-06 00:00:00,6.9053497,4.045604
2024-07-06 01:00:00,6.647178,4.0247917
2024-07-06 02:00:00,6.6581254,4.0526466
2024-07-06 03:00:00,6.5864134,4.046334
2024-07-06 04:00:00,6.540436,4.0470233
2024-07-06 05:00:00,6.525595,4.0467978
2024-07-06 06:00:00,7.1027093,4.12172
2024-07-06 07:00:00,7.6182785,4.1650553
2024-07-06 08:00:00,7.433444,4.0659676
2024-07-06 09:00:00,7.32955,4.023071
2024-07-06 10:00:00,7.1681995,4.019196
2024-07-06 11:00:00,7.0820446,3.9796498
2024-07-06 12:00:00,7.1150203,4.0677457
2024-07-06 13:00:00,6.96836,4.0774274
2024-07-06 14:00:00,6.811125,4.0757546
2024-07-06 15:00:00,6.6843624,4.06593
2024-07-06 16:00:00,6.603867,4.073141
2024-07-06 17:00:00,6.5760818,4.0554123
2024-07-06 19:00:00,6.6194606,4.029448
2024-07-06 20:00:00,6.917555,4.071037
2024-07-06 22:00:00,7.0917172,4.082962
2024-07-06 23:00:00,7.0365763,3.929142
2024-07-07 00:00:00,6.7756243,3.9689548
2024-07-07 01:00:00,6.8119307,4.019578
2024-07-07 02:00:00,6.5817943,4.014957
2024-07-07 03:00:00,6.588718,4.0291157
2024-07-07 04:00:00,6.411997,4.014617
2024-07-07 05:00:00,6.5009494,3.9579666
2024-07-07 06:00:00,6.5992174,4.049791
2024-07-07 07:00:00,7.3605366,4.184782
2024-07-07 08:00:00,7.502754,4.1480927
2024-07-07 09:00:00,7.3689127,4.033576
2024-07-07 10:00:00,7.296994,4.025903
2024-07-07 11:00:00,7.1861377,4.038367
2024-07-07 12:00:00,7.1778336,4.0740166
2024-07-07 13:00:00,7.0469203,3.9960396
2024-07-07 14:00:00,6.895293,3.9839673
2024-07-07 15:00:00,6.672861,3.9701002
2024-07-07 16:00:00,6.5858717,3.981071
2024-07-07 17:00:00,6.4568586,3.9671426
2024-07-07 18:00:00,6.446346,3.941062
2024-07-07 19:00:00,6.819414,3.9768362
2024-07-07 20:00:00,6.9916477,3.987799
2024-07-07 21:00:00,7.2371235,4.0107245
2024-07-07 22:00:00,7.0573826,3.9474533
2024-07-07 23:00:00,7.005566,3.9302652
2024-07-08 00:00:00,6.807813,3.9264543
2024-07-08 01:00:00,6.8632035,3.9611146
2024-07-08 02:00:00,6.686239,3.9541469
2024-07-08 03:00:00,6.5921454,3.9603796
2024-07-08 04:00:00,6.531145,3.9711056
2024-07-08 05:00:00,6.4508533,3.9681056
2024-07-08 06:00:00,6.4049544,3.9596512
2024-07-08 07:00:00,6.750652,4.094359
2024-07-08 08:00:00,7.52973,4.117471
2024-07-08 09:00:00,7.45023,4.009329
2024-07-08 10:00:00,7.43145,3.9554796
2024-07-08 11:00:00,7.1864414,3.9275107
2024-07-08 12:00:00,7.156733,3.9727833
2024-07-08 13:00:00,6.982214,3.9768903
2024-07-08 14:00:00,7.051972,4.0038757
2024-07-08 15:00:00,6.842368,3.9971552
2024-07-08 16:00:00,6.6801233,3.9783845
2024-07-08 17:00:00,6.493036,3.9853282
2024-07-08 18:00:00,6.3991027,3.9842293
2024-07-08 19:00:00,6.419401,3.9581356
2024-07-08 20:00:00,6.657416,3.964707
2024-07-08 21:00:00,7.029939,4.005638
2024-07-08 22:00:00,7.113282,3.9964938
2024-07-08 23:00:00,6.9728227,3.9544427
2024-07-09 00:00:00,6.8596754,3.9316435
2024-07-09 01:00:00,6.825264,4.0237584
2024-07-09 02:00:00,6.6877403,3.951342
2024-07-09 03:00:00,6.472757,3.9370296
2024-07-09 04:00:00,6.461048,3.9609902
2024-07-09 05:00:00,6.4555497,3.9646742
2024-07-09 06:00:00,6.3821073,3.9534633
2024-07-09 07:00:00,6.520257,3.9805686
2024-07-09 08:00:00,7.1100774,4.067073
2024-07-09 10:00:00,7.545017,4.0899353
2024-07-09 11:00:00,7.385379,3.9775057
2024-07-09 12:00:00,7.12206,3.9185236
2024-07-09 13:00:00,6.892803,4.0076785
2024-07-09 14:00:00,6.8772817,3.9693954
2024-07-09 15:00:00,6.7369676,3.9906712
2024-07-09 16:00:00,6.6005907,3.9042428
2024-07-09 17:00:00,6.515774,3.975102
2024-07-09 18:00:00,6.376571,3.925375
2024-07-09 19:00:00,6.387818,3.9151187
2024-07-09 20:00:00,6.5439363,3.9128647
2024-07-09 21:00:00,6.8453856,3.9122217
2024-07-09 22:00:00,7.087415,3.9071715
2024-07-09 23:00:00,7.0422754,3.8828995
2024-07-10 00:00:00,6.752309,3.8971236
2024-07-10 01:00:00,6.8145075,3.8790698
2024-07-10 02:00:00,6.716187,3.880897
2024-07-10 03:00:00,6.5800824,3.8821108
2024-07-10 04:00:00,6.4607434,3.872753
2024-07-10 05:00:00,6.469974,3.896699
2024-07-10 06:00:00,6.3855643,3.8992462
2024-07-10 07:00:00,6.462667,3.884608
2024-07-10 08:00:00,6.7444544,3.8578022
2024-07-10 09:00:00,7.271004,4.0048757
2024-07-10 10:00:00,7.362702,4.148542
2024-07-10 11:00:00,7.325794,4.198316
2024-07-10 12:00:00,7.0739713,4.3258433
2024-07-10 13:00:00,7.0753746,4.365871
2024-07-10 14:00:00,7.022343,4.4645896
2024-07-10 15:00:00,6.9061327,4.602738
2024-07-10 16:00:00,6.698913,4.5655932
2024-07-10 17:00:00,6.636499,4.5338974
2024-07-10 18:00:00,6.4904494,4.492708
2024-07-10 19:00:00,6.3060846,4.5943203
2024-07-10 20:00:00,6.390551,4.462656
2024-07-10 21:00:00,6.727657,4.6690626
2024-07-10 22:00:00,7.046862,4.748594
2024-07-10 23:00:00,7.066223,4.5568337
2024-07-11 00:00:00,6.902685,4.4429674
2024-07-11 01:00:00,6.8951197,4.3057
2024-07-11 03:00:00,6.748276,4.2876205
2024-07-11 04:00:00,6.6965036,4.336032
2024-07-11 05:00:00,6.5803823,4.211107
2024-07-11 06:00:00,6.501164,4.2094164
2024-07-11 07:00:00,6.375177,4.2127566
2024-07-11 08:00:00,6.3724227,4.1489224
2024-07-11 09:00:00,6.395621,4.1469955
2024-07-11 10:00:00,7.399661,4.5481668
2024-07-11 11:00:00,7.3344355,4.3739705
2024-07-11 12:00:00,7.2115064,4.3900123
2024-07-11 13:00:00,7.095085,4.5096793
2024-07-11 14:00:00,6.9099145,4.774812
2024-07-11 15:00:00,6.8137336,5.0539694
2024-07-11 16:00:00,6.754518,5.184973
2024-07-11 17:00:00,6.7047915,5.2750316
2024-07-11 18:00:00,6.63619,5.340293
2024-07-11 20:00:00,6.48916,5.398818
2024-07-11 21:00:00,6.6677666,5.5340886
2024-07-11 22:00:00,6.6443715,5.4506426
2024-07-11 23:00:00,7.071025,5.5067754
2024-07-12 00:00:00,7.095235,5.4634833
2024-07-12 01:00:00,6.9986477,5.4180255
2024-07-12 02:00:00,6.874925,5.2856436
2024-07-12 03:00:00,6.771335,5.2861533
2024-07-12 04:00:00,6.7964153,5.227369
2024-07-12 05:00:00,6.6859274,5.2272406
2024-07-12 06:00:00,6.59345,5.1351585
2024-07-12 07:00:00,6.474473,5.1360846
2024-07-12 08:00:00,6.3817225,5.134258
2024-07-12 09:00:00,6.800466,5.2367945
2024-07-12 10:00:00,7.055822,5.277553
2024-07-12 11:00:00,7.4175453,5.331033
2024-07-12 12:00:00,7.160275,5.3114357
2024-07-12 13:00:00,7.11254,5.175144
2024-07-12 14:00:00,6.847101,5.231293
2024-07-12 15:00:00,6.917021,5.3942847
2024-07-12 16:00:00,6.807136,5.3748226
2024-07-12 17:00:00,6.7348933,5.3573236
2024-07-12 18:00:00,6.625717,5.343359
2024-07-12 19:00:00,6.401849,5.299492
2024-07-12 20:00:00,6.4233756,5.409956
2024-07-12 21:00:00,6.499491,5.328623
2024-07-12 22:00:00,6.673539,5.3382773
2024-07-12 23:00:00,6.9051957,5.378464
2024-07-13 00:00:00,7.1170516,5.423586
2024-07-13 01:00:00,6.9624724,5.3636174
2024-07-13 02:00:00,6.8993983,5.336449
2024-07-13 03:00:00,6.7183475,5.212599
2024-07-13 04:00:00,6.8015103,5.256294
2024-07-13 05:00:00,6.6669006,5.1534357
2024-07-13 06:00:00,6.5724835,5.1545672
2024-07-13 07:00:00,6.4877305,5.1450257
2024-07-13 08:00:00,6.4343796,5.1534715
2024-07-13 09:00:00,6.4740415,5.1693716
2024-07-13 10:00:00,6.8040543,5.241428
2024-07-13 11:00:00,7.051426,5.3751225
2024-07-13 12:00:00,7.2050667,5.371505
2024-07-13 13:00:00,7.0617332,5.287822
2024-07-13 14:00:00,6.948486,5.2511883
2024-07-13 15:00:00,6.7745357,5.2267904
2024-07-13 16:00:00,6.852424,5.2716813
2024-07-13 17:00:00,6.758238,5.2604923
2024-07-13 18:00:00,6.646896,5.2432003
2024-07-13 19:00:00,6.502049,5.0148787
2024-07-13 20:00:00,6.4660044,5.2268467
2024-07-13 21:00:00,6.484787,5.1532288
2024-07-13 22:00:00,6.558369,5.1513867
2024-07-13 23:00:00,6.639577,5.1653743
2024-07-14 00:00:00,6.800539,5.200334
2024-07-14 01:00:00,6.9930196,5.101998
2024-07-14 02:00:00,6.9245625,5.071838
2024-07-14 03:00:00,6.7464166,5.0347004
2024-07-14 04:00:00,6.7893744,5.060936
2024-07-14 05:00:00,6.6412444,4.933842
2024-07-14 06:00:00,6.6560545,4.970154
2024-07-14 07:00:00,6.5870852,4.9595633
2024-07-14 08:00:00,6.4826818,4.8371515
2024-07-14 09:00:00,6.3876886,4.943786
2024-07-14 10:00:00,6.574646,4.8966823
2024-07-14 11:00:00,7.0051265,4.9669285
2024-07-14 12:00:00,7.032606,4.9495106
2024-07-14 13:00:00,6.9992113,4.916494
2024-07-14 14:00:00,6.899503,4.865124
2024-07-14 15:00:00,6.8464265,4.8523364
2024-07-14 16:00:00,6.887857,4.881154
2024-07-14 17:00:00,6.6825595,4.838928
2024-07-14 18:00:00,6.56078,4.7218223
2024-07-14 19:00:00,6.502255,4.734159
2024-07-14 20:00:00,6.541672,4.757671
2024-07-14 21:00:00,6.464567,4.738185
2024-07-14 22:00:00,6.5559382,4.747962
2024-07-14 23:00:00,6.5807548,4.762971
2024-07-15 00:00:00,6.8670125,4.82814
2024-07-15 01:00:00,6.840315,4.6845193
2024-07-15 02:00:00,6.8545146,4.6526065
2024-07-15 03:00:00,6.8497415,4.6443934
2024-07-15 04:00:00,6.7994423,4.760461
2024-07-15 05:00:00,6.768373,4.6427507
2024-07-15 06:00:00,6.654288,4.620172
2024-07-15 07:00:00,6.6864324,4.650038
2024-07-15 08:00:00,6.581198,4.5024257
2024-07-15 09:00:00,6.558698,4.368389
2024-07-15 10:00:00,6.608874,4.5193086
2024-07-15 11:00:00,6.51957,4.4902296
2024-07-15 12:00:00,6.7357364,4.5537133
2024-07-15 13:00:00,6.7448664,4.5843964
2024-07-15 14:00:00,6.778202,4.570923
2024-07-15 15:00:00,6.8132114,4.5501666
2024-07-15 16:00:00,6.7221937,4.5200295
2024-07-15 17:00:00,6.623491,4.495546
2024-07-15 18:00:00,6.6153274,4.4950924
2024-07-15 19:00:00,6.4667206,4.475444
2024-07-15 20:00:00,6.605769,4.5388966
2024-07-15 21:00:00,6.466907,4.345172
2024-07-15 22:00:00,6.499056,4.3811255
2024-07-15 23:00:00,6.403881,4.377763
2024-07-16 00:00:00,6.654926,4.291612
2024-07-16 01:00:00,6.640329,4.422319
2024-07-16 02:00:00,6.771209,4.4555273
2024-07-16 03:00:00,6.815412,4.457352
2024-07-16 04:00:00,6.767682,4.4203596
2024-07-16 05:00:00,6.688283,4.4003496
2024-07-16 06:00:00,6.703685,4.2590637
2024-07-16 07:00:00,6.5880847,4.2165833
2024-07-16 08:00:00,6.514944,4.2349634
2024-07-16 09:00:00,6.468416,4.235938
2024-07-16 10:00:00,6.484649,4.2460046
2024-07-16 11:00:00,6.4631114,4.265842
2024-07-16 12:00:00,6.6101804,4.100026
2024-07-16 13:00:00,6.5408382,4.2710214
2024-07-16 14:00:00,6.5479603,4.2866755
2024-07-16 15:00:00,6.681997,4.319492
2024-07-16 16:00:00,6.632804,4.2898126
2024-07-16 17:00:00,6.5559707,4.2597275
2024-07-16 18:00:00,6.5705686,4.155227
2024-07-16 19:00:00,6.461192,4.24124
2024-07-16 20:00:00,6.452004,4.16147
2024-07-16 21:00:00,6.3843822,4.1461196
2024-07-16 22:00:00,6.4090457,4.150654
2024-07-16 23:00:00,6.370699,4.1591454
2024-07-17 00:00:00,6.3597803,4.149918
2024-07-17 01:00:00,6.4733543,4.1831217
2024-07-17 02:00:00,6.680143,4.2538366
2024-07-17 03:00:00,6.7708173,4.2493978
2024-07-17 04:00:00,6.723665,4.104505
2024-07-17 05:00:00,6.7419887,4.0928817
2024-07-17 06:00:00,6.6877823,4.08633
2024-07-17 07:00:00,6.6199956,4.083512
2024-07-17 08:00:00,6.563932,4.1704245
2024-07-17 09:00:00,6.4879303,4.175175
2024-07-17 10:00:00,6.484261,4.18182
2024-07-17 11:00:00,6.407451,4.026552
2024-07-17 12:00:00,6.312462,4.164234
2024-07-17 13:00:00,6.391839,4.195005
2024-07-17 14:00:00,6.36626,4.4588356
2024-07-17 15:00:00,6.703684,4.4081006
2024-07-17 16:00:00,6.477503,4.4422317
2024-07-17 17:00:00,6.5577354,4.29722
2024-07-17 18:00:00,6.5343657,4.2817645
2024-07-17 19:00:00,6.4822145,4.2513885
2024-07-17 20:00:00,6.367029,4.368842
2024-07-17 21:00:00,6.3655806,4.231544
2024-07-17 22:00:00,6.3483043,4.2544312
2024-07-17 23:00:00,6.295254,4.2564898
2024-07-18 00:00:00,6.272964,4.2896376
2024-07-18 01:00:00,6.248503,4.2786636
2024-07-18 02:00:00,6.443413,4.350447
2024-07-18 03:00:00,6.725129,4.404844
2024-07-18 04:00:00,6.7305245,4.377384
2024-07-18 05:00:00,6.9029264,4.407685
2024-07-18 06:00:00,6.7749915,4.331327
2024-07-18 07:00:00,6.716979,4.286889
2024-07-18 08:00:00,6.6437244,4.26684
2024-07-18 09:00:00,6.5340753,4.2459707
2024-07-18 10:00:00,6.4753404,4.256772
2024-07-18 11:00:00,6.37257,4.249419
2024-07-18 12:00:00,6.290177,4.2555003
2024-07-18 13:00:00,6.32569,4.1662507
2024-07-18 14:00:00,6.4231467,4.1743245
2024-07-18 15:00:00,6.3183355,4.273563
2024-07-18 16:00:00,6.3073025,4.143931
2024-07-18 17:00:00,6.452701,4.156367
2024-07-18 18:00:00,6.411791,4.3039403
2024-07-18 19:00:00,6.5586524,4.083431
2024-07-18 20:00:00,6.369678,4.1132674
2024-07-18 21:00:00,6.3603563,4.140171
2024-07-18 22:00:00,6.337489,4.147177
2024-07-18 23:00:00,6.355188,4.1483555
2024-07-19 00:00:00,6.264996,4.1487174
2024-07-19 01:00:00,6.2530518,4.153219
2024-07-19 02:00:00,6.177227,4.1441493
2024-07-19 03:00:00,6.33349,4.202285
2024-07-19 04:00:00,6.6244745,4.2776413
2024-07-19 05:00:00,6.876656,4.303922
2024-07-19 06:00:00,6.9157925,4.259524
2024-07-19 07:00:00,6.9585857,4.2138176
2024-07-19 08:00:00,6.846796,4.173414
2024-07-19 09:00:00,6.815163,4.177407
2024-07-19 10:00:00,6.649713,4.170304
2024-07-19 11:00:00,6.5092864,4.097553
2024-07-19 12:00:00,6.430475,4.0967565
2024-07-19 13:00:00,6.2590737,4.0842366
2024-07-19 14:00:00,6.14346,4.0794744
2024-07-19 15:00:00,6.2787356,3.9478447
2024-07-19 16:00:00,6.291679,4.077289
2024-07-19 17:00:00,6.584064,4.1264415
2024-07-19 18:00:00,6.716285,4.1363263
2024-07-19 19:00:00,6.5874743,4.0938435
2024-07-19 20:00:00,6.5040016,4.0687113
2024-07-19 21:00:00,6.4059815,4.0623083
2024-07-19 22:00:00,6.4279103,4.1625495
2024-07-19 23:00:00,6.3440466,4.1614084
2024-07-20 00:00:00,6.246429,4.155736
2024-07-20 01:00:00,6.1344137,4.149078
2024-07-20 02:00:00,6.2315664,4.101633
2024-07-20 04:00:00,6.154948,4.081405
2024-07-20 05:00:00,6.331399,4.1016192
2024-07-20 06:00:00,7.2147884,4.310095
2024-07-20 07:00:00,7.084967,4.1388674
2024-07-20 08:00:00,6.8929257,4.0764794
2024-07-20 09:00:00,6.7352633,4.068595
2024-07-20 10:00:00,6.6548886,4.08958
2024-07-20 11:00:00,6.538966,4.1015186
2024-07-20 12:00:00,6.4992566,4.116268
2024-07-20 13:00:00,6.345779,4.1038475
2024-07-20 14:00:00,6.3328996,4.109644
2024-07-20 15:00:00,6.2505436,4.114697
2024-07-20 16:00:00,6.080363,4.0894446
2024-07-20 17:00:00,6.239823,4.08611
2024-07-20 18:00:00,6.5210495,4.1229134
2024-07-20 19:00:00,6.8184137,4.15525
2024-07-20 20:00:00,6.641485,4.0939817
2024-07-20 21:00:00,6.4556756,4.047671
2024-07-20 22:00:00,6.423204,4.0635543
2024-07-20 23:00:00,6.4233217,4.0774875
2024-07-21 00:00:00,6.256818,4.144758
2024-07-21 01:00:00,6.147392,4.150533
2024-07-21 02:00:00,6.148544,4.1616735
2024-07-21 03:00:00,6.049026,4.1526423
2024-07-21 04:00:00,6.192728,4.101752
2024-07-21 05:00:00,6.43584,4.127694
2024-07-21 06:00:00,6.8787737,4.2104483
2024-07-21 07:00:00,7.1672254,4.354998
2024-07-21 08:00:00,7.0507436,4.1054163
2024-07-21 09:00:00,6.9017043,4.064939
2024-07-21 10:00:00,6.7183247,4.070131
2024-07-21 11:00:00,6.761861,4.122823
2024-07-21 12:00:00,6.5769672,4.0354176
2024-07-21 13:00:00,6.3947277,4.0963244
2024-07-21 14:00:00,6.288761,4.1080713
2024-07-21 15:00:00,6.1910744,4.1077757
2024-07-21 16:00:00,6.1163564,4.103504
2024-07-21 17:00:00,6.169661,4.098113
2024-07-21 18:00:00,6.4720306,4.1216106
2024-07-21 19:00:00,6.671426,4.1389565
2024-07-21 20:00:00,6.8489013,4.144445
2024-07-21 21:00:00,6.6258154,4.079366
2024-07-21 22:00:00,6.5294857,4.048571
2024-07-21 23:00:00,6.5138574,4.0710206
2024-07-22 00:00:00,6.4125323,4.07368
2024-07-22 01:00:00,6.3024325,4.0742373
2024-07-22 02:00:00,6.228566,4.078159
2024-07-22 03:00:00,6.1948214,3.7912
2024-07-22 04:00:00,6.0752997,4.0620995
2024-07-22 05:00:00,6.092264,4.104313
2024-07-22 06:00:00,6.6610126,4.229024
2024-07-22 07:00:00,7.223041,4.350355
2024-07-22 08:00:00,7.2432394,4.0926037
2024-07-22 09:00:00,7.025717,3.9938955
2024-07-22 10:00:00,6.820778,3.912864
2024-07-22 11:00:00,6.818729,4.0331216
2024-07-22 12:00:00,6.674468,4.031903
2024-07-22 13:00:00,6.5495687,4.0246296
2024-07-22 14:00:00,6.418113,4.0454373
2024-07-22 16:00:00,6.2909102,4.043228
2024-07-22 17:00:00,6.113659,4.4681997
2024-07-22 18:00:00,5.862995,4.024689
2024-07-22 19:00:00,6.158381,4.150816
2024-07-22 20:00:00,6.9292865,4.2409735
2024-07-22 21:00:00,6.8004484,4.138336
2024-07-22 22:00:00,6.6732235,4.1084595
2024-07-22 23:00:00,6.562432,4.071527
2024-07-23 00:00:00,6.4850545,4.110112
2024-07-23 01:00:00,6.4333816,4.110387
2024-07-23 02:00:00,6.296054,4.0727396
2024-07-23 03:00:00,6.2144775,4.050684
2024-07-23 04:00:00,6.0221944,4.09181
2024-07-23 05:00:00,6.1266785,4.0316954
2024-07-23 06:00:00,6.1779647,4.1065407
2024-07-23 07:00:00,6.6694827,4.1921053
2024-07-23 08:00:00,7.358436,4.342254
2024-07-23 09:00:00,7.157737,4.124154
2024-07-23 10:00:00,6.9929504,4.060599
2024-07-23 11:00:00,6.7429476,4.05777
2024-07-23 12:00:00,6.721866,4.109865
2024-07-23 13:00:00,6.639311,4.120426
2024-07-23 14:00:00,6.4973545,4.109925
2024-07-23 15:00:00,6.2922544,4.10428
2024-07-23 16:00:00,6.2090983,4.1147885
2024-07-23 17:00:00,6.0932903,3.9564943
2024-07-23 18:00:00,6.017841,4.004397
2024-07-23 19:00:00,6.2179046,4.087732
2024-07-23 20:00:00,6.652303,4.1410403
2024-07-23 21:00:00,6.9225845,4.1520953
2024-07-23 22:00:00,6.7988477,4.095581
2024-07-24 00:00:00,6.6800723,4.057397
2024-07-24 01:00:00,6.55459,4.060935
2024-07-24 02:00:00,6.2778454,3.9834738
2024-07-24 03:00:00,6.2814345,4.0756392
2024-07-24 04:00:00,6.181388,4.077622
2024-07-24 05:00:00,6.0957503,4.0850925
2024-07-24 06:00:00,6.013928,4.084798
2024-07-24 07:00:00,6.22292,4.131785
2024-07-24 08:00:00,7.046005,4.337376
2024-07-24 09:00:00,7.440386,4.313767
2024-07-24 10:00:00,7.208059,4.01794
2024-07-24 11:00:00,6.9204206,4.032635
2024-07-24 12:00:00,6.834428,4.076565
2024-07-24 13:00:00,6.758711,4.1160817
2024-07-24 14:00:00,6.5355697,4.1074266
2024-07-24 15:00:00,6.3766484,4.109829
2024-07-24 16:00:00,6.2812796,4.116353
2024-07-24 17:00:00,6.182857,4.1227136
2024-07-24 18:00:00,6.054347,4.1147213
2024-07-24 19:00:00,6.023369,4.076549
2024-07-24 20:00:00,6.561005,4.112064
2024-07-24 21:00:00,6.922748,4.162241
2024-07-24 22:00:00,7.0841064,4.14618
2024-07-24 23:00:00,6.8471994,4.145287
2024-07-25 00:00:00,6.8161106,4.0652895
2024-07-25 01:00:00,6.4982758,4.0489087
2024-07-25 02:00:00,6.528835,4.0190063
2024-07-25 03:00:00,6.3630104,4.084063
2024-07-25 04:00:00,6.2538824,4.092287
2024-07-25 05:00:00,6.1363835,4.0850525
2024-07-25 06:00:00,6.0686216,4.091612
2024-07-25 07:00:00,6.185783,4.1148925
2024-07-25 08:00:00,6.6447387,4.161689
2024-07-25 09:00:00,7.4308333,4.373209
2024-07-25 10:00:00,7.3701806,4.14909
2024-07-25 11:00:00,7.1929917,4.05364
2024-07-25 12:00:00,6.938665,4.052772
2024-07-25 13:00:00,6.8495994,4.0262504
2024-07-25 14:00:00,6.729913,4.034132
2024-07-25 15:00:00,6.5895333,4.1147037
2024-07-25 16:00:00,6.4041066,4.12566
2024-07-25 17:00:00,6.2725005,4.0381203
2024-07-25 18:00:00,6.180792,4.0360475
2024-07-25 19:00:00,6.064942,4.1029224
2024-07-25 20:00:00,6.098431,3.9894037
2024-07-25 21:00:00,6.6834707,4.0487556
2024-07-25 22:00:00,7.1930623,4.1993117
2024-07-25 23:00:00,7.0124297,4.099966
2024-07-26 00:00:00,6.723626,3.839306
2024-07-26 01:00:00,6.6561813,4.0446076
2024-07-26 02:00:00,6.606042,4.1021585
2024-07-26 03:00:00,6.451514,4.096324
2024-07-26 04:00:00,6.4292755,4.0342603
2024-07-26 05:00:00,6.202774,4.089589
2024-07-26 06:00:00,6.170612,4.022082
2024-07-26 07:00:00,5.9668183,4.016439
2024-07-26 08:00:00,6.201563,4.5789647
2024-07-26 09:00:00,6.812645,4.007254
2024-07-26 10:00:00,7.4916635,4.2307096
2024-07-26 11:00:00,7.1901326,4.052227
2024-07-26 12:00:00,7.0689545,3.9790668
2024-07-26 13:00:00,6.8909736,4.0273137
2024-07-26 14:00:00,6.8061976,4.0537944
2024-07-26 15:00:00,6.6467886,4.094917
2024-07-26 16:00:00,6.5988355,4.1854544
2024-07-26 17:00:00,6.432255,4.0591435
2024-07-26 18:00:00,6.2985563,4.0225616
2024-07-26 19:00:00,6.243263,4.0048585
2024-07-26 20:00:00,6.134058,4.0198493
2024-07-26 21:00:00,6.190762,3.9895988
2024-07-26 22:00:00,7.004627,4.109238
2024-07-26 23:00:00,7.18817,4.092379
2024-07-27 00:00:00,6.9799824,4.001068
2024-07-27 01:00:00,6.879258,3.9832008
2024-07-27 02:00:00,6.730867,4.0044794
2024-07-27 03:00:00,6.616645,4.0218644
2024-07-27 04:00:00,6.4427857,4.0217957
2024-07-27 05:00:00,6.33366,4.023921
2024-07-27 06:00:00,6.2545996,4.028027
2024-07-27 07:00:00,6.1586614,4.023792
2024-07-27 08:00:00,6.074757,4.027996
2024-07-27 09:00:00,6.365047,4.0511894
2024-07-27 10:00:00,6.7747498,4.0865836
2024-07-27 11:00:00,7.050045,3.8152134
2024-07-27 12:00:00,7.03229,3.997149
2024-07-27 13:00:00,6.87009,3.923313
2024-07-27 14:00:00,6.758991,4.0620356
2024-07-27 15:00:00,6.667421,4.1291723
2024-07-27 16:00:00,6.6097736,4.060116
2024-07-27 17:00:00,6.426873,4.1176386
2024-07-27 18:00:00,6.356714,4.0683413
2024-07-27 19:00:00,6.2326145,4.1369777
2024-07-27 20:00:00,6.08755,4.1270757
2024-07-27 21:00:00,6.055504,4.0968637
2024-07-27 22:00:00,6.664164,4.169547
2024-07-27 23:00:00,6.8128877,4.142841
2024-07-28 00:00:00,6.9858193,4.3039517
2024-07-28 01:00:00,6.7920823,4.1694465
2024-07-28 02:00:00,6.605549,4.1298757
2024-07-28 03:00:00,6.502145,4.1434636
2024-07-28 04:00:00,6.4399023,4.160913
2024-07-28 05:00:00,6.350809,4.1643248
2024-07-28 06:00:00,6.2736993,4.1605334
2024-07-28 07:00:00,6.08943,4.149743
2024-07-28 08:00:00,6.13348,4.0923185
2024-07-28 09:00:00,6.1979165,4.092328
2024-07-28 11:00:00,6.439816,4.118959
2024-07-28 12:00:00,6.7285514,4.1353784
2024-07-28 13:00:00,6.7898145,4.114676
2024-07-28 14:00:00,6.596613,4.1280923
2024-07-28 15:00:00,6.439412,4.119402
2024-07-28 16:00:00,6.3891916,4.149629
2024-07-28 17:00:00,6.358232,4.166226
2024-07-28 18:00:00,6.184426,4.146049
2024-07-28 19:00:00,6.0928636,4.147281
2024-07-28 20:00:00,6.0479507,4.154949
2024-07-28 21:00:00,5.966686,4.0728235
2024-07-28 22:00:00,6.018995,4.1509933
2024-07-28 23:00:00,6.4117894,4.269029
2024-07-29 00:00:00,6.6334834,4.305675
2024-07-29 01:00:00,6.5985975,4.2378526
2024-07-29 02:00:00,6.498087,4.146107
2024-07-29 03:00:00,6.4457927,4.1322556
2024-07-29 04:00:00,6.371649,4.139698
2024-07-29 05:00:00,6.158314,4.127347
2024-07-29 06:00:00,6.258055,4.1533356
2024-07-29 07:00:00,6.195437,4.1487613
2024-07-29 08:00:00,6.1140633,4.072991
2024-07-29 09:00:00,5.956599,3.9850082
2024-07-29 10:00:00,6.079204,4.0881186
2024-07-29 11:00:00,6.298214,4.1068077
2024-07-29 12:00:00,6.570084,4.163041
2024-07-29 13:00:00,6.5959063,4.1507416
2024-07-29 14:00:00,6.4180126,4.0838227
2024-07-29 15:00:00,6.3276005,4.061205
2024-07-29 16:00:00,6.25332,4.072119
2024-07-29 17:00:00,6.2220225,4.153432
2024-07-29 18:00:00,6.0927706,4.0592136
2024-07-29 19:00:00,6.042311,4.2691994
2024-07-29 20:00:00,6.0126553,4.4635835
2024-07-29 21:00:00,5.8704534,4.5542245
2024-07-29 22:00:00,5.7993293,4.669743
2024-07-29 23:00:00,6.04306,4.726875
2024-07-30 00:00:00,6.4643807,4.6937666
2024-07-30 01:00:00,6.4915404,4.6413918
2024-07-30 02:00:00,6.568639,4.6214886
2024-07-30 03:00:00,6.4645295,4.5303035
2024-07-30 04:00:00,6.3785386,4.481341
2024-07-30 05:00:00,6.325702,4.5061097
2024-07-30 06:00:00,6.2641525,4.519737
2024-07-30 07:00:00,6.148813,4.6484013
2024-07-30 11:00:00,6.0534153,4.656238
2024-07-30 12:00:00,6.2639937,4.59453
2024-07-30 13:00:00,6.1678143,4.5621467
2024-07-30 14:00:00,6.1505527,4.5706215
2024-07-30 15:00:00,6.203163,4.5642977
2024-07-30 16:00:00,6.2221613,4.5402884
2024-07-30 17:00:00,6.2200565,4.5328345
2024-07-30 18:00:00,6.1101756,4.508596
2024-07-30 19:00:00,5.9820423,4.366996
2024-07-30 20:00:00,6.03019,4.528172
2024-07-30 21:00:00,5.9692817,4.5347257
2024-07-30 22:00:00,5.9341245,4.529785
2024-07-30 23:00:00,5.8502703,4.513817
2024-07-31 00:00:00,5.9872603,4.4576664
2024-07-31 01:00:00,6.2213674,4.619611
2024-07-31 02:00:00,6.3557253,4.6511097
2024-07-31 03:00:00,6.4566855,4.6497965
2024-07-31 04:00:00,6.5297794,4.743824
2024-07-31 05:00:00,6.462827,4.699673
2024-07-31 06:00:00,6.356395,4.660863
2024-07-31 07:00:00,6.2592797,4.6397543
2024-07-31 08:00:00,6.1765666,4.642668
2024-07-31 09:00:00,6.155939,4.643145
2024-07-31 10:00:00,5.995989,4.6123433
2024-07-31 11:00:00,5.959692,4.6283693
2024-07-31 12:00:00,6.042829,4.6545167
2024-08-01 00:00:00,6.0174932,4.7636275
2024-08-01 01:00:00,6.076341,4.7812853
2024-08-01 02:00:00,6.131287,4.776749
2024-08-01 03:00:00,6.3599343,4.8286
2024-08-01 04:00:00,6.3539734,4.9114137
2024-08-01 05:00:00,6.327779,4.8735504
2024-08-01 06:00:00,6.277594,4.827333
2024-08-01 07:00:00,6.1980863,4.8989086
2024-08-01 08:00:00,6.349872,5.0524545
2024-08-01 09:00:00,6.242283,5.0342283
2024-08-01 10:00:00,6.1421223,4.919722
2024-08-01 11:00:00,6.017935,4.8003483
2024-08-01 12:00:00,5.99869,4.8124237
2024-08-01 13:00:00,5.9693737,4.823363
2024-08-01 14:00:00,5.9727306,4.8272386
2024-08-01 15:00:00,5.9672217,4.82815
2024-08-01 16:00:00,6.0229363,4.8524323
2024-08-01 17:00:00,6.075596,4.770564
2024-08-01 18:00:00,6.2841563,4.7045126
2024-08-01 19:00:00,6.148857,4.6573777
2024-08-01 20:00:00,6.015343,4.5083137
2024-08-01 21:00:00,6.058972,4.6287937
2024-08-01 22:00:00,6.036732,4.5488024
2024-08-01 23:00:00,5.949171,4.5329113
2024-08-02 00:00:00,5.858464,4.5389113
2024-08-02 01:00:00,5.873023,4.5698247
2024-08-02 02:00:00,5.8730936,4.571032
2024-08-02 03:00:00,6.0606112,4.612255
2024-08-02 04:00:00,6.5074043,4.7073865
2024-08-02 05:00:00,6.328736,4.6261015
2024-08-02 06:00:00,6.6589856,4.193749
2024-08-02 08:00:00,6.648426,4.6546903
2024-08-02 09:00:00,6.502184,4.824386
2024-08-02 10:00:00,6.204827,4.659347
2024-08-02 11:00:00,6.1081448,4.6485634
2024-08-02 12:00:00,6.079943,4.506039
2024-08-02 13:00:00,5.976596,4.5305552
2024-08-02 14:00:00,5.9145083,4.586399
2024-08-02 15:00:00,5.826005,4.550799
2024-08-02 16:00:00,5.92479,4.4376755
2024-08-02 17:00:00,6.284751,4.459956
2024-08-02 18:00:00,6.3775206,4.69407
2024-08-02 19:00:00,6.3519583,4.4684324
2024-08-02 20:00:00,6.1836505,4.5106244
2024-08-02 21:00:00,6.1661854,4.519017
2024-08-02 22:00:00,6.147798,4.5166054
2024-08-02 23:00:00,6.049925,4.5204453
2024-08-03 00:00:00,5.946013,4.515747
2024-08-03 01:00:00,5.8758345,4.5218215
2024-08-03 02:00:00,5.863602,4.544839
2024-08-03 03:00:00,5.854389,4.5348253
2024-08-03 04:00:00,5.8152175,4.2998996
2024-08-03 05:00:00,6.463409,4.193394
2024-08-03 06:00:00,6.778306,4.7546363
2024-08-03 07:00:00,6.767754,4.8230557
2024-08-03 08:00:00,6.5895247,4.674665
2024-08-03 09:00:00,6.440829,4.621543
2024-08-03 10:00:00,6.3963494,4.5342617
2024-08-03 11:00:00,6.28321,4.647389
2024-08-03 12:00:00,6.135816,4.648294
2024-08-03 13:00:00,6.029508,4.6214457
2024-08-03 14:00:00,5.873147,4.444279
2024-08-03 15:00:00,5.7985616,4.457736
2024-08-03 16:00:00,5.7295017,4.4924383
2024-08-03 17:00:00,6.0704846,4.4412956
2024-08-03 18:00:00,6.2584805,4.5802155
2024-08-03 19:00:00,6.4184337,4.6229815
2024-08-03 20:00:00,6.3430004,4.5616465
2024-08-03 21:00:00,6.24021,4.5134983
2024-08-03 22:00:00,6.0827904,4.4857445
2024-08-03 23:00:00,5.9770937,4.492709
2024-08-04 00:00:00,6.0074544,4.5245433
2024-08-04 01:00:00,5.919269,4.5215545
2024-08-04 02:00:00,5.8599963,4.5164704
2024-08-04 03:00:00,5.8712316,4.533466
2024-08-04 04:00:00,5.793888,4.5365543
2024-08-04 05:00:00,6.1149244,4.6161275
2024-08-04 06:00:00,6.635815,4.7336144
2024-08-04 07:00:00,6.937689,4.7478848
2024-08-04 08:00:00,6.7798004,4.7213445
2024-08-04 09:00:00,6.6291423,4.638195
2024-08-04 10:00:00,6.423783,4.60223
2024-08-04 11:00:00,6.2850714,4.6148257
2024-08-04 12:00:00,6.270084,4.653064
2024-08-04 13:00:00,6.013465,4.6050587
2024-08-04 14:00:00,5.8758435,4.601414
2024-08-04 15:00:00,5.810491,4.6066422
2024-08-04 16:00:00,5.8154554,4.4984846
2024-08-04 17:00:00,5.989892,4.520624
2024-08-04 18:00:00,6.19358,4.5631933
2024-08-04 19:00:00,6.263225,4.5733323
2024-08-04 20:00:00,6.5183835,4.616401
2024-08-04 21:00:00,6.390707,4.5454955
2024-08-04 22:00:00,6.27677,4.5035076
2024-08-04 23:00:00,6.1486254,4.4827185
2024-08-05 00:00:00,6.076911,4.5162306
2024-08-05 01:00:00,5.9933257,4.5262303
2024-08-05 02:00:00,5.829854,4.497786
2024-08-05 03:00:00,5.8259273,4.5273995
2024-08-05 04:00:00,5.763447,4.5198655
2024-08-05 05:00:00,5.7381525,4.5211525
2024-08-05 06:00:00,6.2774334,4.5430226
2024-08-05 07:00:00,6.840813,4.7758737
2024-08-05 08:00:00,6.958931,4.7270303
2024-08-05 09:00:00,6.6803846,4.5398116
2024-08-05 10:00:00,6.499499,4.4734297
2024-08-05 11:00:00,6.439975,4.506591
2024-08-05 12:00:00,6.242281,4.4986463
2024-08-05 13:00:00,6.0921664,4.3881445
2024-08-05 14:00:00,5.8986773,4.4907503
2024-08-05 15:00:00,5.8122883,4.5009265
2024-08-05 16:00:00,5.751486,4.4955163
2024-08-05 17:00:00,5.7771907,4.5250416
2024-08-05 18:00:00,5.9951715,4.5677533
2024-08-05 19:00:00,6.2941165,4.6145287
2024-08-05 20:00:00,6.5011797,4.7756133
2024-08-05 21:00:00,6.405723,4.698999
2024-08-05 22:00:00,6.3118677,4.618572
2024-08-05 23:00:00,6.1404834,4.5699844
2024-08-06 00:00:00,6.079883,4.486222
2024-08-06 01:00:00,5.9473023,4.487122
2024-08-06 02:00:00,5.97878,4.5238514
2024-08-06 03:00:00,5.8196516,4.3799253
2024-08-06 04:00:00,5.74674,4.385629
2024-08-06 05:00:00,5.7261086,4.416897
2024-08-06 06:00:00,5.8924127,4.495375
2024-08-06 07:00:00,6.7062826,4.6805363
2024-08-06 08:00:00,6.865018,4.652804
2024-08-06 09:00:00,6.7813635,4.4986124
2024-08-06 10:00:00,6.627479,4.385693
2024-08-06 11:00:00,6.3951187,4.3534937
2024-08-06 12:00:00,6.321718,4.391374
2024-08-06 13:00:00,6.157904,4.37808
2024-08-06 14:00:00,6.030043,4.3920827
2024-08-06 15:00:00,5.916304,4.5205016
2024-08-06 16:00:00,5.7455587,4.3827276
2024-08-06 17:00:00,5.6222305,4.3641467
2024-08-06 18:00:00,5.680715,4.3867617
2024-08-06 19:00:00,6.180722,4.489501
2024-08-06 20:00:00,6.507591,4.5531106
2024-08-06 21:00:00,6.5196323,4.496619
2024-08-06 22:00:00,6.411071,4.394786
2024-08-06 23:00:00,6.2011423,4.3200884
2024-08-07 00:00:00,6.0932646,4.3517585
2024-08-07 01:00:00,6.048589,4.5192
2024-08-07 02:00:00,5.8438544,4.3703322
2024-08-07 03:00:00,5.86641,4.407605
2024-08-07 04:00:00,5.807827,4.410991
2024-08-07 05:00:00,5.739091,4.2761397
2024-08-07 06:00:00,5.713781,4.296262
2024-08-07 07:00:00,6.2417407,4.5656257
2024-08-07 08:00:00,6.8700438,4.584091
2024-08-07 09:00:00,6.806297,4.4307046
2024-08-07 10:00:00,6.6874576,4.580709
2024-08-07 11:00:00,6.4005284,4.3542805
2024-08-07 12:00:00,6.329083,4.3644814
2024-08-07 13:00:00,6.1669383,4.3923726
2024-08-07 14:00:00,6.1016784,4.404472
2024-08-07 15:00:00,6.007713,4.3894615
2024-08-07 16:00:00,5.7873807,4.364191
2024-08-07 17:00:00,5.6434836,4.494046
2024-08-07 18:00:00,5.6163926,4.3840346
2024-08-07 19:00:00,5.785121,4.5379353
2024-08-07 20:00:00,5.6973915,4.394893
2024-08-07 21:00:00,6.55501,3.7516456
2024-08-07 22:00:00,6.358431,4.5246396
2024-08-07 23:00:00,6.2878113,4.6113677
2024-08-08 00:00:00,6.095651,4.4971557
2024-08-08 01:00:00,6.012775,4.6088405
2024-08-08 02:00:00,5.950842,4.6739287
2024-08-08 03:00:00,5.7534995,4.612852
2024-08-08 04:00:00,5.837189,3.9642022
2024-08-08 05:00:00,5.620792,4.615288
2024-08-08 06:00:00,5.650248,4.5034676
2024-08-08 07:00:00,5.777082,4.482659
2024-08-08 08:00:00,6.4441633,4.649088
2024-08-08 09:00:00,6.7526164,4.787461
2024-08-08 10:00:00,6.6771364,4.767588
2024-08-08 11:00:00,6.455561,4.658376
2024-08-08 12:00:00,6.22444,4.5871058
2024-08-08 13:00:00,6.0448284,4.559389
2024-08-08 14:00:00,5.9955025,4.583719
2024-08-08 15:00:00,5.81263,4.6274323
2024-08-08 16:00:00,5.742615,4.5006495
2024-08-08 17:00:00,5.5758977,4.5769644
2024-08-08 18:00:00,5.4836874,4.4816465
2024-08-08 19:00:00,5.5487814,4.5120482
2024-08-08 20:00:00,6.151042,4.642034
2024-08-08 21:00:00,6.136875,4.506646
2024-08-08 22:00:00,6.393488,4.650857
2024-08-08 23:00:00,6.2604647,4.574415
2024-08-09 00:00:00,6.1463356,4.5076065
2024-08-09 01:00:00,5.8747826,4.456313
2024-08-09 02:00:00,5.805617,4.4997396
2024-08-09 03:00:00,5.638906,4.4956956
2024-08-09 04:00:00,5.5719414,4.5103335
2024-08-09 05:00:00,5.4494495,4.508151
2024-08-09 06:00:00,5.429146,4.511161
2024-08-09 07:00:00,5.4096775,4.4022737
2024-08-09 08:00:00,6.033679,3.6663313
2024-08-09 09:00:00,6.5133367,4.6306963
2024-08-09 10:00:00,6.482717,4.6491575
2024-08-09 11:00:00,6.363132,4.604463
2024-08-09 12:00:00,6.1463504,4.624804
2024-08-09 13:00:00,5.9580717,4.527009
2024-08-09 14:00:00,5.8672247,4.511788
2024-08-09 15:00:00,5.705844,4.52932
2024-08-09 16:00:00,5.631951,4.530193
2024-08-09 17:00:00,5.4731307,4.4259057
2024-08-09 18:00:00,5.419386,4.41345
2024-08-09 19:00:00,5.410739,4.407107
2024-08-09 20:00:00,5.9285436,4.4988947
2024-08-09 21:00:00,6.1196194,4.555029
2024-08-09 22:00:00,6.3428655,4.5740104
2024-08-09 23:00:00,6.1617117,4.448232
2024-08-10 00:00:00,6.023155,4.5031576
2024-08-10 01:00:00,5.993323,4.5127583
2024-08-10 02:00:00,5.8237357,4.5022993
2024-08-10 03:00:00,5.6307096,4.493232
2024-08-10 04:00:00,5.597805,4.5232453
2024-08-10 05:00:00,5.565348,4.5244617
2024-08-10 06:00:00,5.4410872,4.3854985
2024-08-10 07:00:00,5.4436693,4.400739
2024-08-10 08:00:00,5.967635,4.5373645
2024-08-10 09:00:00,6.2777734,4.6050177
2024-08-10 10:00:00,6.530076,4.6394887
2024-08-10 11:00:00,6.2887273,4.607618
2024-08-10 12:00:00,6.1155195,4.5127687
2024-08-10 13:00:00,5.98458,4.4954205
2024-08-10 14:00:00,5.895872,4.51993
2024-08-10 15:00:00,5.7170844,4.5027895
2024-08-10 16:00:00,5.5456996,4.480582
2024-08-10 17:00:00,5.4694138,4.390642
2024-08-10 18:00:00,5.45299,4.3941445
2024-08-10 19:00:00,5.377926,4.5076885
2024-08-10 21:00:00,5.598662,4.5709343
2024-08-10 22:00:00,5.9666543,4.6383595
2024-08-10 23:00:00,6.45693,4.85145
2024-08-11 00:00:00,6.0951796,4.7915397
2024-08-11 01:00:00,5.9632683,4.708841
2024-08-11 02:00:00,5.814809,4.674304
2024-08-11 03:00:00,5.6462126,4.6687856
2024-08-11 04:00:00,5.551384,4.672928
2024-08-11 05:00:00,5.470071,4.6811147
2024-08-11 06:00:00,5.4022026,4.687416
2024-08-11 07:00:00,5.362855,4.582963
2024-08-11 08:00:00,5.327531,4.5910234
2024-08-11 09:00:00,6.1425886,4.694119
2024-08-11 10:00:00,6.165,4.7749505
2024-08-11 11:00:00,6.1942744,4.752755
2024-08-11 12:00:00,5.96435,4.758513
2024-08-11 13:00:00,5.9282875,4.636338
2024-08-11 14:00:00,5.7576427,4.7179637
2024-08-11 15:00:00,5.555649,4.7049136
2024-08-11 16:00:00,5.4623113,4.7061853
2024-08-11 17:00:00,5.3861475,4.600357
2024-08-11 18:00:00,5.346498,4.597542
2024-08-11 19:00:00,5.329373,4.5036254
2024-08-11 20:00:00,5.2811637,4.4103694
2024-08-11 21:00:00,5.835732,4.4258733
2024-08-11 22:00:00,5.8295016,4.4219375
2024-08-11 23:00:00,6.059371,4.461595
2024-08-12 00:00:00,5.9855766,4.521807
2024-08-12 01:00:00,5.8838997,4.472635
2024-08-12 02:00:00,5.7425637,4.437245
2024-08-12 03:00:00,5.642905,4.4342155
2024-08-12 04:00:00,5.53226,4.434444
2024-08-12 05:00:00,5.447731,4.420562
2024-08-12 06:00:00,5.375721,4.298542
2024-08-12 07:00:00,5.2292275,4.26614
2024-08-12 08:00:00,5.2700205,4.301856
2024-08-12 09:00:00,5.8934207,4.458713
2024-08-12 10:00:00,6.062705,4.493439
2024-08-12 11:00:00,6.012478,4.328677
2024-08-12 12:00:00,5.943819,4.381507
2024-08-12 13:00:00,5.745533,4.4356627
2024-08-12 14:00:00,5.696042,4.3141212
2024-08-12 15:00:00,5.576839,4.2873125
2024-08-12 16:00:00,5.4672875,4.2854204
2024-08-12 17:00:00,5.396882,4.2941194
2024-08-12 18:00:00,5.3248787,4.302344
2024-08-12 19:00:00,5.259632,4.300566
2024-08-12 20:00:00,5.328092,4.326152
2024-08-12 21:00:00,5.2813807,4.3148646
2024-08-12 22:00:00,5.730117,4.31317
2024-08-12 23:00:00,5.9620028,4.3501315
2024-08-13 00:00:00,5.925578,4.4152694
2024-08-13 01:00:00,5.908935,4.377
2024-08-13 02:00:00,5.6797986,4.4071608
2024-08-13 03:00:00,5.5659575,4.404123
2024-08-13 04:00:00,5.5625463,4.315308
2024-08-13 05:00:00,5.3763356,4.3920994
2024-08-13 06:00:00,5.398215,4.3212986
2024-08-13 07:00:00,5.347451,4.300091
2024-08-13 08:00:00,5.381686,4.3087883
2024-08-13 09:00:00,5.352502,4.196622
2024-08-13 10:00:00,5.764814,4.3016696
2024-08-13 11:00:00,5.8337293,4.333298
2024-08-13 12:00:00,5.752313,4.526742
2024-08-13 13:00:00,5.623334,4.5910215
2024-08-13 14:00:00,5.510114,4.531166
2024-08-13 15:00:00,5.4546413,4.6159563
2024-08-13 16:00:00,5.3499227,4.598915
2024-08-13 17:00:00,5.3304152,4.494774
2024-08-13 18:00:00,5.250032,4.472391
2024-08-13 19:00:00,5.176485,4.3596516
2024-08-13 20:00:00,5.323284,4.3034625
2024-08-13 21:00:00,5.369927,4.328414
2024-08-13 22:00:00,5.593788,4.403989
2024-08-13 23:00:00,5.6625967,4.4224663
2024-08-14 00:00:00,5.7814784,4.4390774
2024-08-14 01:00:00,5.901618,4.5639644
2024-08-14 02:00:00,5.776224,4.5032306
2024-08-14 03:00:00,5.7034435,4.464662
2024-08-14 04:00:00,5.5756745,4.4316177
2024-08-14 05:00:00,5.4705353,4.416
2024-08-14 06:00:00,5.3869915,4.4097443
2024-08-14 07:00:00,5.3081274,4.406127
2024-08-14 08:00:00,5.3687835,4.426694
2024-08-14 09:00:00,5.2617793,4.4020243
2024-08-14 10:00:00,5.7527227,4.5199246
2024-08-14 11:00:00,5.3387656,4.5393314
2024-08-14 12:00:00,5.571865,4.577443
2024-08-14 13:00:00,5.6413846,4.5815277
2024-08-14 14:00:00,5.459729,4.632666
2024-08-14 15:00:00,5.399694,4.6214824
2024-08-14 16:00:00,5.384544,4.6093354
2024-08-14 17:00:00,5.361127,4.6083164
2024-08-14 18:00:00,5.286535,4.5972013
2024-08-14 19:00:00,5.1898313,4.5743375
2024-08-14 20:00:00,5.160028,4.5880923
2024-08-14 21:00:00,5.2321496,4.624079
2024-08-14 22:00:00,5.2571316,4.627697
2024-08-14 23:00:00,5.446719,4.671833
2024-08-15 00:00:00,5.5577292,4.694267
2024-08-15 01:00:00,5.764428,4.726608
2024-08-15 02:00:00,5.613317,4.768964
2024-08-15 03:00:00,5.611232,4.8528013
2024-08-15 04:00:00,5.588728,4.8312826
2024-08-15 05:00:00,5.5098114,4.803023
2024-08-15 06:00:00,5.4088845,4.78695
2024-08-15 07:00:00,5.3025436,4.7793984
2024-08-15 08:00:00,5.3080225,4.786787
2024-08-15 09:00:00,5.2716928,4.690909
2024-08-15 10:00:00,5.2741804,4.6932225
2024-08-15 11:00:00,5.2177086,4.6009235
2024-08-15 13:00:00,5.282784,4.6259995
2024-08-15 14:00:00,5.3276625,4.659718
2024-08-15 15:00:00,5.4524117,4.592817
2024-08-15 16:00:00,5.400294,4.673039
2024-08-15 17:00:00,5.34688,4.665201
2024-08-15 18:00:00,5.234653,4.6407924
2024-08-15 19:00:00,5.1141124,4.6180854
2024-08-15 20:00:00,5.072216,4.5258517
2024-08-15 21:00:00,5.1097713,4.539007
2024-08-15 22:00:00,5.0970798,4.5386925
2024-08-15 23:00:00,5.1054397,4.5355167
2024-08-16 00:00:00,5.26155,4.5654593
2024-08-16 01:00:00,5.2282524,4.563782
2024-08-16 02:00:00,5.5420523,4.5333586
2024-08-16 03:00:00,5.5918846,4.6187196
2024-08-16 04:00:00,5.721783,4.7356167
2024-08-16 05:00:00,5.588611,4.7741885
2024-08-16 06:00:00,5.5043473,4.730102
2024-08-16 07:00:00,5.399113,4.707564
2024-08-16 08:00:00,5.3952093,4.713511
2024-08-16 09:00:00,5.302432,4.6022615
2024-08-16 10:00:00,5.2178583,4.5906897
2024-08-16 11:00:00,5.141778,4.5854106
2024-08-16 12:00:00,5.1097865,4.5837097
2024-08-16 13:00:00,5.0576177,4.591301
2024-08-16 14:00:00,5.1720514,4.6351733
2024-08-16 15:00:00,5.4232726,4.693351
2024-08-16 16:00:00,5.4761066,4.700349
2024-08-16 17:00:00,5.401834,4.6741986
2024-08-16 18:00:00,5.2090235,4.7132144
2024-08-16 19:00:00,5.2138615,4.703806
2024-08-16 20:00:00,5.1368866,4.6836276
2024-08-16 21:00:00,5.129649,4.684082
2024-08-16 22:00:00,5.025343,4.671941
2024-08-16 23:00:00,4.9323,4.666832
2024-08-17 00:00:00,4.966322,4.6003013
2024-08-17 01:00:00,4.9740014,4.6060615
2024-08-17 02:00:00,5.3674126,4.687253
2024-08-17 03:00:00,5.6068745,4.73717
2024-08-17 04:00:00,5.8255596,4.864648
2024-08-17 05:00:00,5.894645,4.9428463
2024-08-17 06:00:00,5.92349,4.9943457
2024-08-17 07:00:00,5.663009,5.0015054
2024-08-17 08:00:00,5.5295587,4.967489
2024-08-17 09:00:00,5.4451118,4.8668084
2024-08-17 10:00:00,5.2490573,4.8387218
2024-08-17 11:00:00,5.168021,4.8415103
2024-08-17 12:00:00,5.083983,4.7510505
2024-08-17 13:00:00,5.0392785,4.750783
2024-08-17 14:00:00,5.066858,4.689942
2024-08-17 15:00:00,4.9839277,4.6878
2024-08-17 16:00:00,5.418735,4.695997
2024-08-17 17:00:00,5.443831,4.706906
2024-08-17 18:00:00,5.4603486,4.7922683
2024-08-17 19:00:00,5.3650484,4.75816
2024-08-17 20:00:00,5.3498464,4.8273845
2024-08-17 21:00:00,5.2026663,4.8000393
2024-08-17 22:00:00,5.09791,4.7798495
2024-08-17 23:00:00,4.997346,4.769245
2024-08-18 00:00:00,5.0079126,4.6919
2024-08-18 01:00:00,4.8527284,4.6598473
2024-08-18 02:00:00,4.8755493,4.589673
2024-08-18 03:00:00,5.3781047,4.6864266
2024-08-18 04:00:00,5.6790214,4.7584605
2024-08-18 05:00:00,6.022581,4.9117517
2024-08-18 06:00:00,6.035337,4.9690595
2024-08-18 07:00:00,5.8571014,5.0548196
2024-08-18 08:00:00,5.7246313,4.9979634
2024-08-18 09:00:00,5.5659976,5.0549965
2024-08-18 10:00:00,5.391685,4.946389
2024-08-18 11:00:00,5.2145667,4.9191866
2024-08-18 12:00:00,5.1947756,4.842342
2024-08-18 13:00:00,5.0629153,4.7339096
2024-08-18 14:00:00,5.0142875,4.651194
2024-08-18 15:00:00,5.140826,4.612454
2024-08-18 16:00:00,5.058344,4.6212234
2024-08-18 17:00:00,5.43427,4.6179876
2024-08-18 18:00:00,5.7013288,4.76786
2024-08-18 19:00:00,5.7070527,4.849012
2024-08-18 20:00:00,5.5166945,4.858088
2024-08-18 21:00:00,5.361062,4.8080587
2024-08-18 22:00:00,5.2306056,4.7905483
2024-08-18 23:00:00,5.1386614,4.6872673
2024-08-19 00:00:00,5.0585814,4.675653
2024-08-19 01:00:00,4.9809966,4.668382
2024-08-19 02:00:00,4.8324623,4.565232
2024-08-19 03:00:00,4.8101373,4.5687165
2024-08-19 04:00:00,5.5883846,4.657358
2024-08-19 05:00:00,5.8220396,4.7045026
2024-08-19 06:00:00,6.2277,4.9653563
2024-08-19 07:00:00,6.1747584,4.978011
2024-08-19 08:00:00,5.9996924,4.953082
2024-08-19 09:00:00,5.798183,4.9816356
2024-08-19 10:00:00,5.6254163,4.9722996
2024-08-19 12:00:00,5.3619504,4.935602
2024-08-19 13:00:00,5.2540274,4.844281
2024-08-19 14:00:00,5.0808616,4.6470776
2024-08-19 15:00:00,4.9301114,4.62039
2024-08-19 16:00:00,4.8993344,4.554951
2024-08-19 17:00:00,5.146376,4.5351677
2024-08-19 18:00:00,5.7197924,4.542895
2024-08-19 19:00:00,6.0278096,4.6041374
2024-08-19 20:00:00,5.818902,4.622673
2024-08-19 21:00:00,5.7002954,4.465343
2024-08-19 22:00:00,5.4577727,4.4136944
2024-08-19 23:00:00,5.2676344,4.3204813
2024-08-20 00:00:00,5.2222238,4.4334445
2024-08-20 01:00:00,5.135613,4.3427706
2024-08-20 02:00:00,4.9774833,4.30962
2024-08-20 03:00:00,4.940071,4.3079143
2024-08-20 04:00:00,4.912789,4.317325
2024-08-20 05:00:00,5.6997237,4.4987354
2024-08-20 06:00:00,6.080868,4.4733763
2024-08-20 07:00:00,6.4698353,4.605545
2024-08-20 08:00:00,6.355038,4.437443
2024-08-20 09:00:00,6.0971565,4.399676
2024-08-20 10:00:00,5.9148283,4.605912
2024-08-20 11:00:00,5.8086014,4.5217733
2024-08-20 12:00:00,5.727504,4.6319532
2024-08-20 13:00:00,5.5637856,4.6287594
2024-08-20 14:00:00,5.36025,4.5946455
2024-08-20 15:00:00,5.1871676,4.4567122
2024-08-20 16:00:00,5.1494665,4.4674416
2024-08-20 17:00:00,5.2399583,4.3763905
2024-08-20 18:00:00,5.863942,4.3678856
2024-08-20 19:00:00,6.0014887,4.2897334
2024-08-20 20:00:00,6.2239347,4.3236246
2024-08-20 21:00:00,6.0474586,4.2138476
2024-08-20 22:00:00,5.814633,4.274016
2024-08-20 23:00:00,5.683566,4.287762
2024-08-21 00:00:00,5.523622,4.2977676
2024-08-21 01:00:00,5.2384324,4.161039
2024-08-21 02:00:00,5.152857,4.1890826
2024-08-21 03:00:00,5.075753,4.1849856
2024-08-21 04:00:00,4.998001,4.16617
2024-08-21 05:00:00,5.0929503,4.0901766
2024-08-21 06:00:00,5.9000897,4.3049912
2024-08-21 07:00:00,6.4399834,4.307475
2024-08-21 08:00:00,6.4231353,4.1450357
2024-08-21 09:00:00,6.3610864,4.1144285
2024-08-21 10:00:00,6.0565963,3.9890585
2024-08-21 11:00:00,5.9116454,3.8300183
2024-08-21 12:00:00,5.700606,4.037015
2024-08-21 13:00:00,5.542571,4.0852566
2024-08-21 14:00:00,5.1420093,4.021111
2024-08-21 15:00:00,4.956938,4.2432175
2024-08-21 16:00:00,4.970501,4.650007
2024-08-21 17:00:00,4.9772725,4.8617473
2024-08-21 18:00:00,5.1585493,4.846934
2024-08-21 19:00:00,5.765738,4.823091
2024-08-21 20:00:00,6.0514846,4.820774
2024-08-21 21:00:00,6.20621,4.880326
2024-08-21 22:00:00,5.9506736,4.7568536
2024-08-21 23:00:00,5.694642,4.759626
2024-08-22 00:00:00,5.521362,4.684627
2024-08-22 01:00:00,5.3905454,4.73484
2024-08-22 02:00:00,5.2915564,4.870152
2024-08-22 03:00:00,5.131563,4.7848687
2024-08-22 04:00:00,4.966399,4.66126
2024-08-22 05:00:00,4.966674,4.6711926
2024-08-22 06:00:00,5.141761,4.6365695
2024-08-22 07:00:00,5.925249,4.7748833
2024-08-22 08:00:00,6.3896036,4.863897
2024-08-22 10:00:00,6.4084783,4.683112
2024-08-22 11:00:00,6.1609626,4.539934
2024-08-22 12:00:00,5.7284865,4.4677644
2024-08-22 13:00:00,5.5062747,4.412085
2024-08-22 14:00:00,5.356553,4.5290847
2024-08-22 15:00:00,5.18107,4.5329256
2024-08-22 16:00:00,5.098839,4.5286083
2024-08-22 17:00:00,4.9226246,4.4907684
2024-08-22 18:00:00,4.9395776,4.4112053
2024-08-22 19:00:00,5.5565357,4.436715
2024-08-22 20:00:00,6.022032,4.612158
2024-08-22 21:00:00,6.35883,4.6549735
2024-08-22 22:00:00,6.0895514,4.4407067
2024-08-22 23:00:00,5.8536572,4.220012
2024-08-23 00:00:00,5.672546,4.236649
2024-08-23 01:00:00,5.5311737,4.286336
2024-08-23 02:00:00,5.2925463,4.2891526
2024-08-23 03:00:00,5.1793547,4.299085
2024-08-23 04:00:00,5.018028,4.281734
2024-08-23 05:00:00,4.90678,4.158234
2024-08-23 06:00:00,4.764387,4.047067
2024-08-23 07:00:00,5.6688514,4.3961687
2024-08-23 08:00:00,6.1106706,4.465745
2024-08-23 09:00:00,6.3859363,4.441984
2024-08-23 10:00:00,6.360549,4.2853875
2024-08-23 11:00:00,6.158337,4.007188
2024-08-23 12:00:00,5.8723826,4.0821447
2024-08-23 13:00:00,5.6901402,4.1530466
2024-08-23 14:00:00,5.405631,4.1466627
2024-08-23 15:00:00,5.331512,4.0493836
2024-08-23 16:00:00,5.1482215,4.0235963
2024-08-23 17:00:00,4.889301,4.1248846
2024-08-23 18:00:00,4.8437796,4.1640615
2024-08-23 19:00:00,4.9993877,4.1928053
2024-08-23 20:00:00,5.8438106,4.234462
2024-08-23 21:00:00,6.0938063,4.2705026
2024-08-23 22:00:00,6.198811,4.336308
2024-08-23 23:00:00,6.0215945,4.3068156
2024-08-24 00:00:00,5.7419205,4.3187356
2024-08-24 01:00:00,5.590972,4.33902
2024-08-24 02:00:00,5.3798184,3.7326753
2024-08-24 03:00:00,5.2655945,4.324588
2024-08-24 04:00:00,5.090938,4.4689445
2024-08-24 05:00:00,4.91967,4.276128
2024-08-24 06:00:00,4.783944,4.233274
2024-08-24 07:00:00,4.7150087,4.298599
2024-08-24 08:00:00,5.8099155,4.400453
2024-08-24 09:00:00,6.2463527,4.526001
2024-08-24 10:00:00,6.215474,4.524427
2024-08-24 11:00:00,6.0066423,4.3857894
2024-08-24 12:00:00,5.8169394,4.3701057
2024-08-24 13:00:00,5.546032,4.4690795
2024-08-24 14:00:00,5.310648,4.457143
2024-08-24 15:00:00,5.1454973,4.4672813
2024-08-24 16:00:00,5.053024,4.3836956
2024-08-24 17:00:00,4.899451,4.35179
2024-08-24 18:00:00,4.8393407,4.348977
2024-08-24 19:00:00,4.7729425,4.258126
2024-08-24 20:00:00,5.5944424,4.4269395
2024-08-24 21:00:00,5.6762996,4.454227
2024-08-24 22:00:00,6.2165413,4.674867
2024-08-24 23:00:00,5.9801574,4.5022383
2024-08-25 00:00:00,5.75407,4.3804593
2024-08-25 01:00:00,5.568954,4.3588567
2024-08-25 02:00:00,5.4339004,4.4918284
2024-08-25 03:00:00,5.154664,4.4753194
2024-08-25 04:00:00,5.0650406,4.3886943
2024-08-25 05:00:00,4.9087696,4.365319
2024-08-25 06:00:00,4.817779,4.3680034
2024-08-25 07:00:00,4.7418895,4.268035
2024-08-25 08:00:00,4.747683,4.2888803
2024-08-25 09:00:00,5.647189,4.3469386
2024-08-25 10:00:00,5.9581523,4.511545
2024-08-25 11:00:00,6.001499,4.4575033
2024-08-25 12:00:00,5.7310104,4.4278564
2024-08-25 13:00:00,5.592849,4.2730055
2024-08-25 14:00:00,5.324854,4.363952
2024-08-25 15:00:00,5.159516,4.388504
2024-08-25 16:00:00,4.97645,4.385893
2024-08-25 17:00:00,4.7909374,4.3641367
2024-08-25 18:00:00,4.764571,4.3791394
2024-08-25 19:00:00,4.570608,4.245807
2024-08-25 20:00:00,4.7852163,4.206976
2024-08-25 21:00:00,5.4568505,4.3251553
2024-08-25 22:00:00,5.6866727,4.369102
2024-08-25 23:00:00,5.8662105,4.460432
2024-08-26 00:00:00,5.745829,4.3601956
2024-08-26 01:00:00,5.5922546,4.4028325
2024-08-26 02:00:00,5.4095454,4.389215
2024-08-26 03:00:00,5.2541885,4.4015455
2024-08-26 04:00:00,5.0760937,4.394316
2024-08-26 05:00:00,5.004155,4.3969226
2024-08-26 06:00:00,4.837892,4.3702564
2024-08-26 07:00:00,4.7032323,4.3532634
2024-08-26 08:00:00,4.6800065,4.164126
2024-08-26 09:00:00,5.601961,4.346145
2024-08-26 10:00:00,5.580982,4.338031
2024-08-26 11:00:00,5.729045,4.5816646
2024-08-26 12:00:00,5.5522466,4.485273
2024-08-26 13:00:00,5.347646,4.5006447
2024-08-26 14:00:00,5.133674,4.4623995
2024-08-26 15:00:00,5.1469326,4.500912
2024-08-26 16:00:00,4.953252,4.4729066
2024-08-26 17:00:00,4.7696238,4.359512
2024-08-26 18:00:00,4.763336,4.3620124
2024-08-26 19:00:00,4.800768,4.3900375
2024-08-26 20:00:00,4.8067737,4.3094
2024-08-26 21:00:00,5.1561327,4.295535
2024-08-26 22:00:00,5.330591,4.3422084
2024-08-26 23:00:00,5.7171025,4.6297746
2024-08-27 00:00:00,5.732808,4.47855
2024-08-27 01:00:00,5.5051885,4.3572254
2024-08-27 02:00:00,5.3502035,4.306582
2024-08-27 03:00:00,5.2662992,4.3203316
2024-08-27 04:00:00,5.0953355,4.315139
2024-08-27 05:00:00,5.001435,4.32233
2024-08-27 06:00:00,4.8537254,4.1895576
2024-08-27 07:00:00,4.786006,4.1821012
2024-08-27 08:00:00,4.735635,4.2083163
2024-08-27 09:00:00,4.6508303,4.208097
2024-08-27 10:00:00,5.5252676,4.2621098
2024-08-27 11:00:00,4.890773,4.0947604
2024-08-27 12:00:00,5.1012383,4.0214367
2024-08-27 13:00:00,5.1722827,4.2628865
2024-08-27 14:00:00,5.029768,4.3394547
2024-08-27 15:00:00,4.948094,4.3159237
2024-08-27 16:00:00,4.726407,4.2589154
2024-08-27 17:00:00,4.637083,4.276071
2024-08-27 18:00:00,4.6443825,4.1987386
2024-08-27 19:00:00,4.579681,4.1859484
2024-08-27 20:00:00,4.5241957,4.190655
2024-08-27 21:00:00,4.6504836,4.1195927
2024-08-27 22:00:00,4.9587374,4.186303
2024-08-27 23:00:00,5.2207785,4.3715816
2024-08-28 00:00:00,5.280679,4.467099
2024-08-28 01:00:00,5.3652563,4.5392213
2024-08-28 02:00:00,5.2085342,4.550903
2024-08-28 03:00:00,5.1428094,4.514739
2024-08-28 04:00:00,5.02527,4.4794483
2024-08-28 05:00:00,4.9266,4.469728
2024-08-28 06:00:00,4.8419614,4.467817
2024-08-28 07:00:00,4.736041,4.4483614
2024-08-28 08:00:00,4.684294,4.3650184
2024-08-28 09:00:00,4.6784744,4.3805404
2024-08-28 10:00:00,4.644373,4.3931084
2024-08-28 11:00:00,4.8824286,4.3494897
2024-08-28 12:00:00,4.9164696,4.355776
2024-08-28 13:00:00,4.9595494,4.3739185
2024-08-28 14:00:00,4.960421,4.377994
2024-08-28 15:00:00,4.7016425,4.4189243
2024-08-28 16:00:00,4.741184,4.3418336
2024-08-28 17:00:00,4.6809974,4.324132
2024-08-28 18:00:00,4.571129,4.3092585
2024-08-28 19:00:00,4.596393,4.2383404
2024-08-28 20:00:00,4.5757,4.3301086
2024-08-28 21:00:00,4.6002765,4.341631
2024-08-28 22:00:00,4.6468835,4.345371
2024-08-28 23:00:00,4.874773,4.3842044
2024-08-29 01:00:00,4.982322,4.411335
2024-08-29 02:00:00,5.106515,4.511403
2024-08-29 03:00:00,5.3438377,4.801123
2024-08-29 04:00:00,5.3103323,4.7539268
2024-08-29 05:00:00,5.0743713,4.7447834
2024-08-29 06:00:00,4.8730783,4.6173544
2024-08-29 07:00:00,4.7853546,4.621235
2024-08-29 08:00:00,4.752734,4.5470862
2024-08-29 09:00:00,4.6919208,4.542305
2024-08-29 10:00:00,4.6096296,4.450196
2024-08-29 11:00:00,4.551443,4.45842
2024-08-29 12:00:00,4.5158114,4.40285
2024-08-29 13:00:00,4.469366,4.4250107
2024-08-29 14:00:00,4.868339,4.4186378
2024-08-29 15:00:00,4.929437,4.4342294
2024-08-29 16:00:00,4.751159,4.479436
2024-08-29 17:00:00,4.7786317,4.486118
2024-08-29 18:00:00,4.602461,4.523128
2024-08-29 19:00:00,4.5402036,4.505506
2024-08-29 20:00:00,4.5477934,4.495116
2024-08-29 21:00:00,4.538328,4.4069867
2024-08-29 22:00:00,4.5018916,4.397246
2024-08-29 23:00:00,4.469886,4.398131
2024-08-30 00:00:00,4.5162854,4.327159
2024-08-30 01:00:00,4.7677236,4.37709
2024-08-30 02:00:00,5.0319524,4.5243673
2024-08-30 03:00:00,5.1895375,4.641315
2024-08-30 04:00:00,5.358611,4.7379003
2024-08-30 05:00:00,5.3916945,4.877864
2024-08-30 06:00:00,5.064192,4.8576818
2024-08-30 07:00:00,5.0485783,4.494485
2024-08-30 08:00:00,4.8621106,4.5400667
2024-08-30 09:00:00,4.7489977,4.5586233
2024-08-30 10:00:00,4.6706786,4.54868
2024-08-30 11:00:00,4.599622,4.4669514
2024-08-30 12:00:00,4.4583592,4.3855247
2024-08-30 13:00:00,4.4252987,4.405036
2024-08-30 14:00:00,4.4166994,4.3526745
2024-08-30 15:00:00,4.6391006,4.315712
2024-08-30 16:00:00,4.8405647,4.3381352
2024-08-30 17:00:00,4.920784,4.42585
2024-08-30 18:00:00,4.717607,4.4695673
2024-08-30 19:00:00,4.667564,4.537925
2024-08-30 20:00:00,4.612714,4.509631
2024-08-30 21:00:00,4.4940495,4.472187
2024-08-30 22:00:00,4.3963604,4.37354
2024-08-30 23:00:00,4.311461,4.28821
2024-08-31 00:00:00,4.224772,4.2789683
2024-08-31 01:00:00,4.3132834,4.220199
2024-08-31 02:00:00,4.4202023,4.2490597
2024-08-31 03:00:00,4.9404583,4.3636065
2024-08-31 04:00:00,5.26538,4.521138
2024-08-31 05:00:00,5.4341097,4.8019314
2024-08-31 06:00:00,5.3907676,4.9085546
2024-08-31 07:00:00,5.0807047,4.852075
2024-08-31 08:00:00,4.962442,4.7902436
2024-08-31 09:00:00,4.798522,4.679359
2024-08-31 10:00:00,4.6106477,4.580038
2024-08-31 11:00:00,4.488131,4.499531
2024-08-31 12:00:00,4.336781,4.4148746
2024-08-31 13:00:00,4.2826743,4.3459077
2024-08-31 14:00:00,4.361818,4.229589
2024-08-31 15:00:00,4.4490056,4.2864356
2024-08-31 16:00:00,4.8982697,4.300416
2024-08-31 17:00:00,4.8297496,4.380144
2024-08-31 18:00:00,4.854976,4.4685907
2024-08-31 19:00:00,4.704522,4.5806026
2024-08-31 20:00:00,4.660168,4.621251
2024-08-31 21:00:00,4.5637007,4.573821
2024-08-31 22:00:00,4.457627,4.456862
2024-08-31 23:00:00,4.369657,4.359056
2024-09-01 00:00:00,4.280719,4.2640314
2024-09-01 01:00:00,4.201433,4.265647
2024-09-01 02:00:00,4.1718616,4.1907787
2024-09-01 03:00:00,4.356571,4.157083
2024-09-01 04:00:00,4.908907,4.2823486
2024-09-01 05:00:00,5.440398,4.5868244
2024-09-01 06:00:00,5.5923553,4.858754
2024-09-01 07:00:00,5.3494773,4.977826
2024-09-01 08:00:00,5.151773,4.9361978
2024-09-01 09:00:00,4.928945,4.852689
2024-09-01 10:00:00,4.7566304,4.741576
2024-09-01 11:00:00,4.6657114,4.658452
2024-09-01 12:00:00,4.5231566,4.4853005
2024-09-01 13:00:00,4.301299,4.383992
2024-09-01 14:00:00,4.2447147,4.328679
2024-09-01 15:00:00,4.2603874,4.2968802
2024-09-01 16:00:00,4.475608,4.2831535
2024-09-01 17:00:00,4.823793,4.28548
2024-09-01 18:00:00,5.086027,4.5323973
2024-09-01 19:00:00,5.048553,4.681551
2024-09-01 20:00:00,4.938715,4.77557
2024-09-01 21:00:00,4.794329,4.6912
2024-09-01 22:00:00,4.5995564,4.5433598
2024-09-01 23:00:00,4.4276013,4.4369655
2024-09-02 00:00:00,4.3354144,4.359583
2024-09-02 01:00:00,4.25206,4.2710524
2024-09-02 02:00:00,4.2004,4.180325
2024-09-02 03:00:00,4.210761,4.197972
2024-09-02 04:00:00,4.89067,4.272603
2024-09-02 05:00:00,5.0972123,4.3360147
2024-09-02 06:00:00,5.6659904,4.732444
2024-09-02 07:00:00,5.5220737,4.901347
2024-09-02 08:00:00,5.3051996,4.92192
2024-09-02 09:00:00,5.1696806,4.827568
2024-09-02 10:00:00,4.91876,4.768439
2024-09-02 11:00:00,4.746139,4.665629
2024-09-02 12:00:00,4.574433,4.5720086
2024-09-02 14:00:00,4.383486,4.3971725
2024-09-02 15:00:00,4.309885,4.396186
2024-09-02 16:00:00,4.099304,4.1478825
2024-09-02 17:00:00,5.23989,4.299282
2024-09-02 18:00:00,5.3159604,4.4465547
2024-09-02 19:00:00,5.6001115,4.7007313
2024-09-02 20:00:00,5.0709734,4.712093
2024-09-02 21:00:00,4.8410664,4.7039356
2024-09-02 22:00:00,4.7410502,4.6608205
2024-09-02 23:00:00,4.577146,4.6256485
2024-09-03 00:00:00,4.4178033,4.5227046
2024-09-03 01:00:00,4.3192673,4.349945
2024-09-03 02:00:00,4.1560926,4.2350235
2024-09-03 03:00:00,4.114649,4.1695404
2024-09-03 04:00:00,4.1799507,4.1275687
2024-09-03 05:00:00,4.929742,4.2007737
2024-09-03 06:00:00,5.5752115,4.5309653
2024-09-03 07:00:00,5.6935983,4.895601
2024-09-03 08:00:00,5.502883,5.023365
2024-09-03 09:00:00,5.300386,4.8753905
2024-09-03 10:00:00,5.029699,4.7853193
2024-09-03 11:00:00,4.8952136,4.689725
2024-09-03 12:00:00,4.642202,4.5744214
2024-09-03 13:00:00,4.5285344,4.492296
2024-09-03 14:00:00,4.2727776,4.377
2024-09-03 15:00:00,4.167854,4.2981143
2024-09-03 16:00:00,4.100127,4.168214
2024-09-03 17:00:00,4.5930724,4.2858095
2024-09-03 18:00:00,4.990641,4.288084
2024-09-03 19:00:00,5.3019147,4.5388165
2024-09-03 20:00:00,5.234482,4.581425
2024-09-03 21:00:00,5.073812,4.6657057
2024-09-03 22:00:00,4.9106703,4.674742
2024-09-03 23:00:00,4.748868,4.643358
2024-09-04 00:00:00,4.581409,4.528344
2024-09-04 01:00:00,4.3965716,4.4270835
2024-09-04 02:00:00,4.2055616,4.3217916
2024-09-04 03:00:00,4.148649,4.159094
2024-09-04 04:00:00,4.045277,4.0698524
2024-09-04 05:00:00,4.5671883,4.111532
2024-09-04 06:00:00,5.2085586,4.2481236
2024-09-04 07:00:00,5.694489,4.6566525
2024-09-04 08:00:00,5.5493183,4.8416476
2024-09-04 09:00:00,5.352608,4.7792916
2024-09-04 10:00:00,5.0716066,4.7352386
2024-09-04 11:00:00,4.8449535,4.6088986
2024-09-04 12:00:00,4.7143993,4.5960665
2024-09-04 13:00:00,4.5470448,4.497964
2024-09-04 14:00:00,4.3516393,4.389532
2024-09-04 15:00:00,4.164245,4.288193
2024-09-04 16:00:00,3.985143,4.125307
2024-09-04 17:00:00,4.111526,4.1084533
2024-09-04 18:00:00,5.074511,4.2028975
2024-09-04 19:00:00,5.4018593,4.380948
2024-09-04 20:00:00,5.403693,4.6394935
2024-09-04 21:00:00,5.2119794,4.7119145
2024-09-04 22:00:00,4.930367,4.675005
2024-09-04 23:00:00,4.7748117,4.627002
2024-09-05 00:00:00,4.6334944,4.52997
2024-09-05 01:00:00,4.470295,4.424147
2024-09-05 02:00:00,4.2723284,4.316182
2024-09-05 03:00:00,4.212025,4.23475
2024-09-05 04:00:00,4.0586877,4.134618
2024-09-05 05:00:00,4.104964,4.095838
2024-09-05 06:00:00,5.0978084,4.2183223
2024-09-05 07:00:00,5.5416093,4.5121655
2024-09-05 08:00:00,5.586543,4.7693715
2024-09-05 09:00:00,5.5383797,4.8450933
2024-09-05 10:00:00,5.2864895,4.8742104
2024-09-05 11:00:00,5.0191355,4.7052755
2024-09-05 12:00:00,4.798113,4.672412
2024-09-05 13:00:00,4.632257,4.586839
2024-09-05 14:00:00,4.3630714,4.4720855
2024-09-05 15:00:00,4.152204,4.2874656
2024-09-05 16:00:00,4.0730605,4.2115154
2024-09-05 17:00:00,4.033347,4.163009
2024-09-05 18:00:00,4.7349625,4.2166877
2024-09-05 19:00:00,5.290404,4.2561903
2024-09-05 20:00:00,5.4337897,4.4841228
2024-09-05 21:00:00,5.296294,4.6741743
2024-09-05 22:00:00,5.045035,4.734932
2024-09-05 23:00:00,4.9321375,4.666601
2024-09-06 00:00:00,4.7062807,4.617999
2024-09-06 01:00:00,4.5600677,4.518841
2024-09-06 02:00:00,4.372184,4.416257
2024-09-06 03:00:00,4.1805735,4.3139505
2024-09-06 04:00:00,4.0198417,4.1266203
2024-09-06 05:00:00,3.9483721,4.049687
2024-09-06 06:00:00,4.6189194,4.1155286
2024-09-06 07:00:00,5.2733207,4.2608275
2024-09-06 08:00:00,5.6867824,4.6518006
2024-09-06 09:00:00,5.4641685,4.8092337
2024-09-06 10:00:00,5.2091002,4.7408037
2024-09-06 11:00:00,4.987822,4.7254524
2024-09-06 12:00:00,4.767948,4.607631
2024-09-06 13:00:00,4.528975,4.491707
2024-09-06 15:00:00,4.340153,4.394439
2024-09-06 16:00:00,4.1458015,4.3004627
2024-09-06 17:00:00,3.9096158,4.016396
2024-09-06 18:00:00,3.7946062,3.940788
2024-09-06 19:00:00,5.1154003,4.141721
2024-09-06 20:00:00,5.654369,4.4503007
2024-09-06 21:00:00,5.436358,4.564158
2024-09-06 22:00:00,5.0576477,4.683961
2024-09-06 23:00:00,4.8617125,4.6637545
2024-09-07 00:00:00,4.653178,4.5217996
2024-09-07 01:00:00,4.5318036,4.514379
2024-09-07 02:00:00,4.3644867,4.416388
2024-09-07 03:00:00,4.1770554,4.29667
2024-09-07 04:00:00,4.077504,4.2105336
2024-09-07 05:00:00,3.9682372,4.038637
2024-09-07 06:00:00,4.0097146,3.9895186
2024-09-07 07:00:00,5.0309944,4.115061
2024-09-07 08:00:00,5.392015,4.417349
2024-09-07 09:00:00,5.49872,4.6983566
2024-09-07 10:00:00,5.2047687,4.7191076
2024-09-07 11:00:00,4.937666,4.6759295
2024-09-07 12:00:00,4.6739573,4.519201
2024-09-07 13:00:00,4.530813,4.5072675
2024-09-07 14:00:00,4.269441,4.39636
2024-09-07 15:00:00,4.1568403,4.3042607
2024-09-07 16:00:00,4.0051804,4.124276
2024-09-07 17:00:00,3.8536906,4.0317416
2024-09-07 18:00:00,3.812923,3.9079444
2024-09-07 19:00:00,5.0496287,4.05771
2024-09-07 20:00:00,5.156249,4.189035
2024-09-07 21:00:00,5.324782,4.60163
2024-09-07 22:00:00,5.139301,4.752114
2024-09-07 23:00:00,4.916072,4.791652
2024-09-08 00:00:00,4.632446,4.675439
2024-09-08 01:00:00,4.513044,4.5680246
2024-09-08 02:00:00,4.352538,4.3802414
2024-09-08 03:00:00,4.161935,4.2824345
2024-09-08 04:00:00,4.0034795,4.108596
2024-09-08 05:00:00,3.8927152,4.020023
2024-09-08 06:00:00,3.7816696,3.9634886
2024-09-08 07:00:00,5.018689,4.1442537
2024-09-08 08:00:00,5.1226597,4.1974106
2024-09-08 09:00:00,5.3175607,4.6291213
2024-09-08 10:00:00,5.1935835,4.8013043
2024-09-08 11:00:00,4.870293,4.7120605
2024-09-08 12:00:00,4.628144,4.5965505
2024-09-08 13:00:00,4.4986024,4.4895306
2024-09-08 14:00:00,4.26185,4.3759017
2024-09-08 15:00:00,4.073634,4.2094274
2024-09-08 16:00:00,3.905378,4.118546
2024-09-08 17:00:00,3.8103018,3.9576685
2024-09-08 18:00:00,3.7958796,3.8945234
2024-09-08 19:00:00,4.9405246,3.962111
2024-09-08 20:00:00,5.032621,4.104477
2024-09-08 21:00:00,5.1670856,4.433123
2024-09-08 22:00:00,5.1386423,4.737297
2024-09-08 23:00:00,4.8742285,4.833972
2024-09-09 00:00:00,4.7067423,4.7039485
2024-09-09 01:00:00,4.488658,4.5423207
2024-09-09 02:00:00,4.3398457,4.443343
2024-09-09 03:00:00,4.167215,4.2740793
2024-09-09 04:00:00,3.974527,4.175025
2024-09-09 06:00:00,3.8899689,4.015833
2024-09-09 07:00:00,3.7898717,3.9522324
2024-09-09 08:00:00,4.8302193,4.099909
2024-09-09 09:00:00,5.441535,4.3620358
2024-09-09 10:00:00,5.2430997,4.684029
2024-09-09 11:00:00,4.7684813,4.693291
2024-09-09 12:00:00,4.503568,4.6452503
2024-09-09 13:00:00,4.3548713,4.5118275
2024-09-09 14:00:00,4.196934,4.324468
2024-09-09 15:00:00,4.0284443,4.0675464
2024-09-09 16:00:00,3.934427,3.9806044
2024-09-09 17:00:00,3.791237,3.881245
2024-09-09 18:00:00,3.7616856,3.8090472
2024-09-09 19:00:00,4.163162,3.9192803
2024-09-09 20:00:00,4.6972322,4.078063
2024-09-09 21:00:00,4.98361,4.245487
2024-09-09 22:00:00,5.0826087,4.685342
2024-09-09 23:00:00,4.8691425,4.7129817
2024-09-10 00:00:00,4.645362,4.712953
2024-09-10 01:00:00,4.4931564,4.458172
2024-09-10 02:00:00,4.3260183,4.342898
2024-09-10 03:00:00,4.074877,4.0858784
2024-09-10 04:00:00,3.9642198,3.9426894
2024-09-10 05:00:00,3.8208885,3.940039
2024-09-10 06:00:00,3.6674325,3.8710475
2024-09-10 07:00:00,3.6722715,3.9119182
2024-09-10 08:00:00,4.3062797,4.070104
2024-09-10 09:00:00,4.804956,4.0941677
2024-09-10 10:00:00,4.7701607,4.3539796
2024-09-10 11:00:00,4.648694,4.546132
2024-09-10 12:00:00,4.3829417,4.4935393
2024-09-10 13:00:00,4.1799717,4.299016
2024-09-10 14:00:00,4.0181203,4.0313315
2024-09-10 15:00:00,3.9426403,3.873952
2024-09-10 16:00:00,3.7534232,3.875957
2024-09-10 17:00:00,3.6872272,3.8945663
2024-09-10 18:00:00,3.6748512,3.8216963
2024-09-10 19:00:00,3.6624458,3.8494647
2024-09-10 20:00:00,4.5905113,4.0536966
2024-09-10 21:00:00,4.716169,4.1038427
2024-09-10 22:00:00,4.9051943,4.1114864
2024-09-10 23:00:00,4.822476,3.8984504
2024-09-11 00:00:00,4.720378,3.8871455
2024-09-11 01:00:00,4.580511,3.8346353
2024-09-11 02:00:00,4.3168783,3.790035
2024-09-11 03:00:00,4.0584955,3.7754672
2024-09-11 04:00:00,3.9758046,3.7988253
2024-09-11 05:00:00,3.9317632,3.8156352
2024-09-11 06:00:00,3.685396,3.691525
2024-09-11 07:00:00,3.685453,3.6956496
2024-09-11 08:00:00,4.878948,3.9179375
2024-09-11 09:00:00,4.779966,3.9707732
2024-09-11 10:00:00,4.589811,3.9226036
2024-09-11 11:00:00,4.47485,3.9678984
2024-09-11 12:00:00,4.334593,3.8961344
2024-09-11 13:00:00,4.1436105,3.9362345
2024-09-11 14:00:00,4.0702944,4.041489
2024-09-11 15:00:00,3.973241,3.9527633
2024-09-11 16:00:00,3.854273,3.9351766
2024-09-11 17:00:00,3.899525,3.975261
2024-09-11 18:00:00,3.8974624,4.074161
2024-09-11 19:00:00,3.8046234,4.240233
2024-09-11 20:00:00,4.425571,4.3575172
2024-09-11 21:00:00,4.617411,4.46243
2024-09-11 22:00:00,4.5871115,4.4404855
2024-09-11 23:00:00,4.688101,4.4295125
2024-09-12 00:00:00,4.827478,4.427756
2024-09-12 01:00:00,4.6147895,4.3641825
2024-09-12 02:00:00,4.455259,4.335884
2024-09-12 03:00:00,4.2870398,4.343811
2024-09-12 04:00:00,4.0935426,4.3562207
2024-09-12 05:00:00,4.0120764,4.383395
2024-09-12 06:00:00,3.9464743,4.396612
2024-09-12 07:00:00,3.8098035,4.384614
2024-09-12 08:00:00,3.7692103,4.377512
2024-09-12 09:00:00,3.8127143,4.374642
2024-09-12 10:00:00,4.170473,4.414659
2024-09-12 11:00:00,4.2565975,4.4227424
2024-09-12 12:00:00,4.1047707,4.4005036
2024-09-12 13:00:00,4.099507,4.3249474
2024-09-12 14:00:00,3.8479388,4.2945085
2024-09-12 15:00:00,3.808438,4.3050737
2024-09-12 16:00:00,3.7529964,4.3137584
2024-09-12 17:00:00,3.6723616,4.315175
2024-09-12 18:00:00,3.5798185,4.314315
2024-09-12 19:00:00,3.4940417,4.3123035
2024-09-12 20:00:00,3.6858165,4.270052
2024-09-12 21:00:00,4.0349855,4.3088555
2024-09-12 22:00:00,4.2939515,4.338475
2024-09-12 23:00:00,4.4006863,4.3401327
2024-09-13 00:00:00,4.4876604,4.337384
2024-09-13 01:00:00,4.5222344,4.3310714
2024-09-13 02:00:00,4.302656,4.289261
2024-09-13 03:00:00,4.1827984,4.2661405
2024-09-13 04:00:00,4.0516334,4.2498384
2024-09-13 05:00:00,3.9210413,4.236182
2024-09-13 06:00:00,3.8555317,4.2336593
2024-09-13 07:00:00,3.7596693,4.145224
2024-09-13 08:00:00,3.7649424,4.1425347
2024-09-13 09:00:00,3.6218934,4.202066
2024-09-13 10:00:00,3.644768,4.205476
2024-09-13 11:00:00,3.6609695,4.1984777
2024-09-13 12:00:00,4.0030003,4.1659465
2024-09-13 13:00:00,3.5637755,4.1095624
2024-09-13 14:00:00,3.7737844,4.1394696
2024-09-13 15:00:00,3.7439377,4.1422577
2024-09-13 16:00:00,3.4979782,4.114644
2024-09-13 17:00:00,3.4831352,4.1101446
2024-09-13 18:00:00,3.476855,4.118137
2024-09-13 19:00:00,3.4855442,4.135756
2024-09-13 20:00:00,3.3981445,4.1342444
2024-09-13 21:00:00,3.2967622,4.0524263
2024-09-13 22:00:00,3.411858,3.7875907
2024-09-13 23:00:00,3.6350598,3.7222588
2024-09-14 00:00:00,3.8162613,3.7407901
2024-09-14 01:00:00,4.0756006,3.8639665
2024-09-14 02:00:00,4.288781,4.1297126
2024-09-14 03:00:00,4.451117,4.142333
2024-09-14 04:00:00,4.2664437,4.058882
2024-09-14 05:00:00,4.11873,3.998825
2024-09-14 06:00:00,4.0482717,4.044075
2024-09-14 07:00:00,3.9451656,4.002269
2024-09-14 08:00:00,3.7775466,3.9551148
2024-09-14 09:00:00,3.6862366,3.9374115
2024-09-14 10:00:00,3.580339,3.858505
2024-09-14 11:00:00,3.409262,3.622329
2024-09-14 12:00:00,3.449896,3.5815833
2024-09-14 13:00:00,3.5403411,3.5864758
2024-09-14 14:00:00,3.9713752,3.5615323
2024-09-14 15:00:00,3.8898427,3.5454895
2024-09-14 16:00:00,3.9212053,3.6580098
2024-09-14 17:00:00,4.0201354,3.8681965
2024-09-14 18:00:00,3.7112353,3.8789086
2024-09-14 19:00:00,3.9012003,3.7918541
2024-09-14 20:00:00,3.556252,3.8579743
2024-09-14 21:00:00,3.4755328,3.7541935
2024-09-14 22:00:00,3.4145262,3.7458625
2024-09-14 23:00:00,3.3108141,3.5249314
2024-09-15 00:00:00,3.2323194,3.5154655
2024-09-15 01:00:00,3.436852,3.548917
2024-09-15 02:00:00,3.9765573,3.8457863
2024-09-15 03:00:00,4.47756,4.0513954
2024-09-15 04:00:00,4.7736907,4.0873504
2024-09-15 05:00:00,4.7841964,4.0038033
2024-09-15 06:00:00,4.41173,3.8710258
2024-09-15 07:00:00,4.2734475,3.723315
2024-09-15 08:00:00,4.013438,3.7666016
2024-09-15 09:00:00,3.7505786,3.7451572
2024-09-15 10:00:00,3.663499,3.7617135
2024-09-15 11:00:00,3.5078285,3.7679513
2024-09-15 12:00:00,3.3996296,3.6247897
2024-09-15 13:00:00,3.3532858,3.574458
2024-09-15 14:00:00,3.86739,3.554603
2024-09-15 15:00:00,4.260284,3.5664067
2024-09-15 16:00:00,4.203144,3.6180499
2024-09-15 17:00:00,4.3601785,3.7531633
2024-09-15 18:00:00,4.484755,3.8373225
2024-09-15 19:00:00,4.2296124,3.732117
2024-09-15 20:00:00,4.01602,3.606262
2024-09-15 21:00:00,3.8493943,3.652232
2024-09-15 22:00:00,3.684615,3.6564968
2024-09-15 23:00:00,3.5819757,3.6512897
2024-09-16 00:00:00,3.4390972,3.6362422
2024-09-16 01:00:00,3.3733056,3.5897815
2024-09-16 02:00:00,3.555074,3.562919
2024-09-16 03:00:00,4.491038,3.7138646
2024-09-16 04:00:00,5.345698,4.022904
2024-09-16 05:00:00,5.170782,3.8628402
2024-09-16 06:00:00,4.8593707,3.7438712
2024-09-16 07:00:00,4.719303,3.635352
2024-09-16 08:00:00,4.481319,3.6346881
2024-09-16 09:00:00,4.2551517,3.6424358
2024-09-16 10:00:00,4.021591,3.6355023
2024-09-16 11:00:00,3.8331892,3.629418
2024-09-16 12:00:00,3.775301,3.6328773
2024-09-16 13:00:00,3.6509569,3.6306674
2024-09-16 14:00:00,3.9514546,3.661625
2024-09-16 15:00:00,4.901727,3.8079696
2024-09-16 16:00:00,5.383424,3.9039865
2024-09-16 17:00:00,5.579315,3.6949856
2024-09-16 18:00:00,5.2883534,3.6384463
2024-09-16 19:00:00,5.548149,3.656225
2024-09-16 23:00:00,5.3220806,3.7223036
2024-09-17 00:00:00,4.8772097,3.7259471
2024-09-17 01:00:00,3.9645565,4.2203894
2024-09-17 02:00:00,3.6559083,4.1976705
2024-09-17 03:00:00,3.613871,4.1293116
2024-09-17 04:00:00,3.4412673,4.105384
2024-09-17 05:00:00,5.5604587,5.279958
2024-09-17 06:00:00,6.5623574,5.696381
2024-09-17 07:00:00,5.6570168,5.3532896
2024-09-17 08:00:00,5.1597233,5.1252065
2024-09-17 09:00:00,4.830416,5.0319777
2024-09-17 10:00:00,4.6576586,4.8969297
2024-09-17 11:00:00,4.4924307,4.734761
2024-09-17 12:00:00,4.3365426,4.6298747
2024-09-17 13:00:00,4.1186123,4.474316
2024-09-17 14:00:00,3.8962388,4.4188256
2024-09-17 15:00:00,3.8458884,4.349032
2024-09-17 16:00:00,4.5416107,4.393731
2024-09-17 17:00:00,5.1745434,4.4453516
2024-09-17 18:00:00,5.57997,4.9676294
2024-09-17 19:00:00,5.243952,5.0033703
2024-09-17 20:00:00,5.062429,5.0062995
2024-09-17 21:00:00,4.760519,4.8795867
2024-09-17 22:00:00,4.5632777,4.849922
2024-09-17 23:00:00,4.3352313,4.586742
2024-09-18 00:00:00,4.1472883,4.4165993
2024-09-18 01:00:00,3.9574232,4.2483387
2024-09-18 02:00:00,3.6875134,4.1398554
2024-09-18 03:00:00,3.6142583,4.409351
2024-09-18 04:00:00,4.4708343,4.6945233
2024-09-18 05:00:00,5.080152,4.7967286
2024-09-18 06:00:00,5.8290515,4.859112
2024-09-18 07:00:00,5.651778,4.723728
2024-09-18 08:00:00,5.3542895,4.559553
2024-09-18 09:00:00,4.977287,4.5366187
2024-09-18 10:00:00,4.719006,4.534486
2024-09-18 11:00:00,4.3677287,4.5141606
2024-09-18 12:00:00,4.1927013,4.533302
2024-09-18 13:00:00,4.003389,4.396712
2024-09-18 14:00:00,3.8123217,4.2223816
2024-09-18 15:00:00,3.5854392,4.028595
2024-09-18 16:00:00,3.8878977,3.885991
2024-09-18 17:00:00,4.9171615,3.8913858
2024-09-18 18:00:00,5.0686736,4.0445523
2024-09-18 19:00:00,5.4096503,4.429414
2024-09-18 20:00:00,5.1545362,4.366933
2024-09-18 21:00:00,4.870119,4.22714
2024-09-18 22:00:00,4.5414906,4.2615705
2024-09-18 23:00:00,4.3573074,4.1766963
2024-09-19 00:00:00,4.126368,4.227225
2024-09-19 01:00:00,3.9228678,4.2097087
2024-09-19 02:00:00,3.7101095,4.0080237
2024-09-19 03:00:00,3.5751998,3.8033493
2024-09-19 04:00:00,3.4791038,3.7497103
2024-09-19 05:00:00,5.0170913,3.9721346
2024-09-19 06:00:00,5.4528546,4.3534017
2024-09-19 07:00:00,5.6056533,4.4492316
2024-09-19 08:00:00,5.4867516,4.3585825
2024-09-19 09:00:00,5.181479,4.202503
2024-09-19 10:00:00,4.8098345,4.0507483
2024-09-19 11:00:00,4.484201,4.2289634
2024-09-19 12:00:00,4.2738504,4.1493163
2024-09-19 13:00:00,4.0153704,4.2067347
2024-09-19 14:00:00,3.9189365,4.127102
2024-09-19 15:00:00,3.724891,3.9214845
2024-09-19 16:00:00,3.4914885,3.8165734
2024-09-19 17:00:00,4.517398,4.014478
2024-09-19 18:00:00,4.7794557,3.7284245
2024-09-19 19:00:00,5.7864447,4.401138
2024-09-19 20:00:00,5.4033976,4.174433
2024-09-19 21:00:00,5.3432264,4.038834
2024-09-19 22:00:00,4.8813105,4.0169454
2024-09-19 23:00:00,4.53408,4.049803
2024-09-20 00:00:00,4.3597035,4.063896
2024-09-20 01:00:00,4.1068625,4.049049
2024-09-20 02:00:00,3.9124742,4.044539
2024-09-20 03:00:00,3.6859212,3.9086792
2024-09-20 04:00:00,3.540244,3.9017923
2024-09-20 05:00:00,3.821014,3.9978774
2024-09-20 06:00:00,4.920788,4.062421
2024-09-20 07:00:00,6.0326204,4.337974
2024-09-20 08:00:00,5.599882,4.018901
2024-09-20 09:00:00,5.4856677,3.849502
2024-09-20 10:00:00,5.133893,3.814587
2024-09-20 11:00:00,4.796112,3.8454552
2024-09-20 12:00:00,4.542234,3.8576317
2024-09-20 13:00:00,4.30224,3.861837
2024-09-20 14:00:00,4.0110536,3.8554296
2024-09-20 15:00:00,3.7465312,3.8253572
2024-09-20 16:00:00,3.5912862,3.922438
2024-09-20 17:00:00,3.7576315,3.7310143
2024-09-20 18:00:00,4.8414955,3.7069318
2024-09-20 19:00:00,5.295545,4.0167956
2024-09-20 20:00:00,5.649323,4.0977674
2024-09-20 21:00:00,5.4606576,3.8274453
2024-09-20 22:00:00,5.099702,3.732279
2024-09-20 23:00:00,4.655912,3.7823458
2024-09-21 00:00:00,4.4154124,3.8189979
2024-09-21 01:00:00,4.2003436,3.843894
2024-09-21 02:00:00,4.0226583,3.8553908
2024-09-21 03:00:00,3.750969,3.8044517
2024-09-21 04:00:00,3.613182,3.746205
2024-09-21 05:00:00,3.4245577,3.7431667
2024-09-21 06:00:00,4.4549093,3.923706
2024-09-21 07:00:00,4.741287,3.8136194
2024-09-21 08:00:00,5.4027824,3.8882856
2024-09-21 09:00:00,5.2911835,3.6409385
2024-09-21 10:00:00,4.952853,3.6810665
2024-09-21 11:00:00,4.545141,3.7190475
2024-09-21 12:00:00,4.1802783,3.7895496
2024-09-21 13:00:00,3.97006,3.8265173
2024-09-21 14:00:00,3.7345293,3.7405324
2024-09-21 15:00:00,3.520128,3.8356771
2024-09-21 16:00:00,3.3258102,3.7336128
2024-09-21 17:00:00,3.1475065,3.6178699
2024-09-21 18:00:00,4.4326158,3.7623978
2024-09-21 19:00:00,4.706929,3.882313
2024-09-21 20:00:00,5.305284,4.1736183
2024-09-21 21:00:00,5.32055,4.0372066
2024-09-21 22:00:00,5.1753263,3.848904
2024-09-21 23:00:00,4.918023,3.7456896
2024-09-22 00:00:00,4.524864,3.8005154
2024-09-22 01:00:00,4.278711,3.7667513
2024-09-22 02:00:00,4.073269,3.8394213
2024-09-22 03:00:00,3.9153283,3.855694
2024-09-22 04:00:00,3.6043057,3.7426143
2024-09-22 05:00:00,3.490114,3.7506092
2024-09-22 06:00:00,3.3049276,3.8344238
2024-09-22 07:00:00,4.962742,4.046308
2024-09-22 08:00:00,5.164245,4.169103
2024-09-22 09:00:00,5.400894,4.0864925
2024-09-22 10:00:00,4.9697976,3.7933953
2024-09-22 11:00:00,4.834341,3.5694387
2024-09-22 12:00:00,4.303297,3.7015047
2024-09-22 13:00:00,4.200401,4.312281
2024-09-22 14:00:00,4.008543,4.233228
2024-09-22 15:00:00,3.8292649,3.9434237
2024-09-22 16:00:00,3.6528926,3.845754
2024-09-22 17:00:00,3.4304106,3.746675
2024-09-22 18:00:00,3.3524508,3.74894
2024-09-22 19:00:00,4.501738,3.9653132
2024-09-22 20:00:00,4.8503165,3.9781573
2024-09-22 21:00:00,5.3447385,4.4999714
2024-09-22 22:00:00,5.280337,4.6229258
2024-09-22 23:00:00,4.904847,4.6134596
2024-09-23 00:00:00,4.5243645,4.4450603
2024-09-23 01:00:00,4.1863594,4.3107257
2024-09-23 02:00:00,4.074114,4.0866704
2024-09-23 03:00:00,3.8256836,3.9206808
2024-09-23 04:00:00,3.6350396,3.8430703
2024-09-23 05:00:00,3.545534,3.8528519
2024-09-23 06:00:00,3.2587717,3.848776
2024-09-23 07:00:00,3.687319,3.977982
2024-09-23 08:00:00,4.789209,4.1739354
2024-09-23 09:00:00,4.894818,4.215951
2024-09-23 10:00:00,4.859734,4.427755
2024-09-23 11:00:00,4.6596823,4.644074
2024-09-23 12:00:00,4.368807,4.5635614
2024-09-23 13:00:00,4.024407,4.2968006
2024-09-23 14:00:00,3.8158283,4.0696454
2024-09-23 15:00:00,3.6599498,3.865609
2024-09-23 16:00:00,3.4838078,3.8739207
2024-09-23 17:00:00,3.3788946,3.8129048
2024-09-23 18:00:00,3.257972,3.8940637
2024-09-23 19:00:00,3.474801,3.9679813
2024-09-23 20:00:00,4.6724744,4.1153045
2024-09-23 21:00:00,4.8424597,4.166374
2024-09-23 22:00:00,5.044408,4.6107926
2024-09-23 23:00:00,4.9099097,4.7085147
2024-09-24 00:00:00,4.59057,4.7527685
2024-09-24 01:00:00,4.317479,4.477794
2024-09-24 02:00:00,4.0485406,4.2169595
2024-09-24 03:00:00,3.8137097,4.006316
2024-09-24 04:00:00,3.6326313,3.9593892
2024-09-24 05:00:00,3.5560699,3.8967848
2024-09-24 06:00:00,3.3499336,3.8753872
2024-09-24 07:00:00,3.2329168,3.9003756
2024-09-24 08:00:00,4.1518106,4.09279
2024-09-24 09:00:00,4.592833,4.1963353
2024-09-24 10:00:00,4.6030836,4.2060084
2024-09-24 11:00:00,4.484249,4.4474983
2024-09-24 12:00:00,4.170929,4.380018
2024-09-24 13:00:00,3.9353285,4.188772
2024-09-24 14:00:00,3.7323706,4.009327
2024-09-24 15:00:00,3.5793571,3.8764105
2024-09-24 16:00:00,3.4088633,3.8037727
2024-09-24 17:00:00,3.3234944,3.82722
2024-09-24 18:00:00,3.183091,3.8309064
2024-09-24 19:00:00,3.2789004,3.860893
2024-09-24 20:00:00,4.4527655,4.0756416
2024-09-24 21:00:00,4.556074,4.1133304
2024-09-24 22:00:00,4.6413126,4.190381
2024-09-24 23:00:00,4.685228,4.46281
2024-09-25 00:00:00,4.685946,4.5323143
2024-09-25 01:00:00,4.3409295,4.457046
2024-09-25 02:00:00,4.1145825,4.3146806
2024-09-25 03:00:00,3.888805,4.082275
2024-09-25 04:00:00,3.642616,3.9383056
2024-09-25 05:00:00,3.5438812,3.9718707
2024-09-25 06:00:00,3.407883,3.9027603
2024-09-25 07:00:00,3.214705,3.8901725
2024-09-25 08:00:00,3.317905,3.9370344
2024-09-25 09:00:00,3.5829997,4.0037355
2024-09-25 10:00:00,4.361446,4.0600185
2024-09-25 11:00:00,4.1380987,4.0987225
2024-09-25 12:00:00,3.9275026,3.9427044
2024-09-25 13:00:00,3.6378477,3.9304035
2024-09-25 14:00:00,3.5965672,3.8311512
2024-09-25 15:00:00,3.4355826,3.815221
2024-09-25 16:00:00,3.2763085,3.8102138
2024-09-25 17:00:00,3.1947615,3.8279777
2024-09-25 18:00:00,3.0456383,3.8234527
2024-09-25 19:00:00,2.979704,3.8310654
2024-09-25 20:00:00,3.2550864,3.8661547
2024-09-25 21:00:00,3.9963222,3.9766867
2024-09-25 22:00:00,4.4392295,4.0369954
2024-09-25 23:00:00,4.4931736,4.0265956
2024-09-26 00:00:00,4.336874,4.1114497
2024-09-26 01:00:00,4.275073,4.2222357
2024-09-26 02:00:00,3.9747422,4.2234983
2024-09-26 03:00:00,3.8006854,4.043071
2024-09-26 04:00:00,3.6574917,3.8894012
2024-09-26 05:00:00,3.4993868,3.9006798
2024-09-26 06:00:00,3.4357677,3.8480546
2024-09-26 08:00:00,3.159138,3.8206346
2024-09-26 09:00:00,3.0898857,3.8207936
2024-09-26 10:00:00,3.7128115,3.828386
2024-09-26 11:00:00,3.570931,3.900507
2024-09-26 12:00:00,3.918989,3.9820924
2024-09-26 13:00:00,3.5319333,3.9088
2024-09-26 14:00:00,3.506615,3.8661113
2024-09-26 15:00:00,3.3193488,3.821979
2024-09-26 16:00:00,3.1522267,3.7968695
2024-09-26 17:00:00,3.1471808,3.6592479
2024-09-26 18:00:00,3.1140041,3.7296216
2024-09-26 19:00:00,3.0354054,3.750179
2024-09-26 20:00:00,3.137494,3.7664702
2024-09-26 21:00:00,3.3051586,3.795496
2024-09-26 22:00:00,3.0977125,3.8532252
2024-09-26 23:00:00,3.6926353,3.8474002
2024-09-27 00:00:00,3.955377,3.8679757
2024-09-27 01:00:00,4.136657,3.8873494
2024-09-27 02:00:00,4.1863832,3.8637989
2024-09-27 03:00:00,3.8981807,3.784046
2024-09-27 04:00:00,3.7701178,3.7587643
2024-09-27 05:00:00,3.6216013,3.8226843
2024-09-27 06:00:00,3.502639,3.8218095
2024-09-27 07:00:00,3.4408875,3.752343
2024-09-27 08:00:00,3.2243562,3.7232645
2024-09-27 09:00:00,3.1320415,3.7126684
2024-09-27 10:00:00,3.0425336,3.7059624
2024-09-27 11:00:00,3.5023134,3.7679276
2024-09-27 12:00:00,3.2401774,3.803616
2024-09-27 13:00:00,3.280682,3.7314572
2024-09-27 14:00:00,3.0311725,3.7600906
2024-09-27 15:00:00,3.3066952,3.7381375
2024-09-27 16:00:00,3.6626563,3.793841
2024-09-27 17:00:00,3.6342654,3.7791963
2024-09-27 18:00:00,3.5350103,3.7543283
2024-09-27 19:00:00,3.4378307,3.7399862
2024-09-27 20:00:00,3.36742,3.7449763
2024-09-27 21:00:00,3.2573128,3.7488627
2024-09-27 22:00:00,3.0719573,3.7419627
2024-09-27 23:00:00,3.1142414,3.759292
2024-09-28 00:00:00,2.9991767,3.747457
2024-09-28 01:00:00,3.5227644,3.8123677
2024-09-28 02:00:00,4.045944,3.8890507
2024-09-28 03:00:00,4.3584003,3.92909
2024-09-28 04:00:00,4.444029,3.910445
2024-09-28 05:00:00,4.007479,3.8638434
2024-09-28 06:00:00,3.9442246,3.7437642
2024-09-28 07:00:00,3.736497,3.7095237
2024-09-28 08:00:00,3.4777277,3.778043
2024-09-28 09:00:00,3.3145645,3.7945657
2024-09-28 10:00:00,3.2365053,3.8033018
2024-09-28 11:00:00,3.0570514,3.7088246
2024-09-28 12:00:00,3.0102518,3.710064
2024-09-28 13:00:00,3.271084,3.8266027
2024-09-28 14:00:00,3.3606236,3.838394
2024-09-28 15:00:00,3.663573,3.8687005
2024-09-28 16:00:00,3.6777992,3.7840912
2024-09-28 17:00:00,3.947985,3.902548
2024-09-28 18:00:00,3.8293257,3.788629
2024-09-28 19:00:00,3.626838,3.7390342
2024-09-28 20:00:00,3.4085479,3.791601
2024-09-28 21:00:00,3.2635813,3.798253
2024-09-28 22:00:00,3.1977344,3.7403724
2024-09-28 23:00:00,3.0389876,3.7408247
2024-09-29 00:00:00,2.9361856,3.7505598
2024-09-29 01:00:00,2.8290915,3.7440844
2024-09-29 02:00:00,3.5061724,3.7472606
2024-09-29 03:00:00,4.3514476,3.954393
2024-09-29 04:00:00,4.784471,4.112373
2024-09-29 05:00:00,4.5528607,4.1768465
2024-09-29 06:00:00,4.36028,4.317644
2024-09-29 07:00:00,4.0125747,4.280154
2024-09-29 08:00:00,3.8386366,4.0774655
2024-09-29 09:00:00,3.5433276,3.907329
2024-09-29 10:00:00,3.3517437,3.8551903
2024-09-29 11:00:00,3.205957,3.797438
2024-09-29 12:00:00,3.0275064,3.7937014
2024-09-29 13:00:00,2.9233093,3.8132327
2024-09-29 14:00:00,3.46526,3.9032528
2024-09-29 15:00:00,3.6148195,3.9298644
2024-09-29 16:00:00,3.9349859,3.9150007
2024-09-29 17:00:00,4.1993546,4.0331573
2024-09-29 18:00:00,4.2660537,4.150098
2024-09-29 19:00:00,3.986382,4.1925926
2024-09-29 20:00:00,3.8428733,4.1213346
2024-09-29 21:00:00,3.5848665,3.9365268
2024-09-29 22:00:00,3.3495963,3.8620658
2024-09-29 23:00:00,3.1768053,3.8119783
2024-09-30 00:00:00,3.0711699,3.8245337
2024-09-30 01:00:00,2.9385567,3.8203
2024-09-30 02:00:00,2.9076936,3.8287349
2024-09-30 03:00:00,4.2466125,4.029396
2024-09-30 04:00:00,4.717785,4.127138
2024-09-30 05:00:00,4.8228354,4.305639
2024-09-30 06:00:00,4.543877,4.416222
2024-09-30 07:00:00,4.1890516,4.4074173
2024-09-30 08:00:00,4.0222964,4.3264265
2024-09-30 09:00:00,3.8386984,4.0848613
2024-09-30 10:00:00,3.5194082,3.930347
2024-09-30 11:00:00,3.3404715,3.8825057
2024-09-30 12:00:00,3.2871072,3.9134324
2024-09-30 13:00:00,3.0992968,3.8290937
2024-09-30 14:00:00,3.0897794,3.8474464
2024-09-30 15:00:00,3.7538002,3.9655983
2024-09-30 16:00:00,4.0681753,4.022155
2024-09-30 17:00:00,4.4874015,4.114002
2024-09-30 18:00:00,4.4422493,4.2212987
2024-09-30 19:00:00,4.3269277,4.3551564
2024-09-30 20:00:00,4.093197,4.313164
2024-09-30 21:00:00,3.830873,4.096398
2024-09-30 22:00:00,3.5985594,3.9365096
2024-09-30 23:00:00,3.338636,3.8632176
2024-10-01 00:00:00,3.256082,3.8952038
2024-10-01 01:00:00,3.1341076,3.9052532
2024-10-01 02:00:00,2.9733303,3.8984444
2024-10-01 03:00:00,3.1627102,3.880288
2024-10-01 04:00:00,4.103651,4.0091176
2024-10-01 05:00:00,4.898292,4.186382
2024-10-01 06:00:00,4.649291,4.417786
2024-10-01 07:00:00,4.5718775,4.540217
2024-10-01 08:00:00,4.1820273,4.4479427
2024-10-01 09:00:00,3.836586,4.2187996
2024-10-01 10:00:00,3.685851,4.0883746
2024-10-01 11:00:00,3.4540462,3.9565508
2024-10-01 12:00:00,3.309357,3.9056609
2024-10-01 13:00:00,3.1288965,3.904089
2024-10-01 14:00:00,2.8317313,3.8199356
2024-10-01 15:00:00,3.2996218,3.9072185
2024-10-01 16:00:00,4.192132,4.052606
2024-10-01 17:00:00,4.1419835,4.0688734
2024-10-01 18:00:00,4.5764623,4.1414676
2024-10-01 19:00:00,4.3913937,4.2736826
2024-10-01 20:00:00,4.0770454,4.2924266
2024-10-01 21:00:00,3.8967412,4.193493
2024-10-01 22:00:00,3.5835562,4.007942
2024-10-01 23:00:00,3.3838923,3.8708422
2024-10-02 00:00:00,3.1687167,3.8097305
2024-10-02 01:00:00,3.0523596,3.8352897
2024-10-02 02:00:00,2.9226763,3.8293798
2024-10-02 03:00:00,2.8493855,3.844508
2024-10-02 04:00:00,3.9739919,4.003484
2024-10-02 05:00:00,4.2992587,4.058997
2024-10-02 06:00:00,5.0010476,4.2091923
2024-10-02 07:00:00,4.679133,4.5530114
2024-10-02 08:00:00,4.2818804,4.5150337
2024-10-02 09:00:00,4.059602,4.3834457
2024-10-02 10:00:00,3.787885,4.1302147
2024-10-02 11:00:00,3.594968,3.9360301
2024-10-02 12:00:00,3.26063,3.8659585
2024-10-02 13:00:00,3.1785111,3.8325746
2024-10-02 14:00:00,3.0076928,3.82245
2024-10-02 15:00:00,2.8758397,3.753925
2024-10-02 16:00:00,3.8050053,3.8943543
2024-10-02 17:00:00,4.162758,3.9651608
2024-10-02 18:00:00,4.655932,4.0890484
2024-10-02 19:00:00,4.495224,4.3293867
2024-10-02 20:00:00,4.206126,4.416116
2024-10-02 21:00:00,4.050526,4.2789173
2024-10-02 22:00:00,3.6752896,4.048596
2024-10-02 23:00:00,3.5206795,3.9228957
2024-10-03 00:00:00,3.2863114,3.8540204
2024-10-03 01:00:00,3.1156323,3.8000977
2024-10-03 02:00:00,3.0027537,3.8037765
2024-10-03 03:00:00,2.8620238,3.8078063
2024-10-03 04:00:00,3.406169,3.9112763
2024-10-03 05:00:00,3.9754996,3.9275348
2024-10-03 06:00:00,4.4845514,4.0422354
2024-10-03 07:00:00,4.634869,4.2878556
2024-10-03 08:00:00,4.52404,4.3246064
2024-10-03 09:00:00,4.110239,4.3093443
2024-10-03 10:00:00,3.7661831,4.076275
2024-10-03 11:00:00,3.5330365,3.923847
2024-10-03 12:00:00,3.245449,3.7882435
2024-10-03 13:00:00,3.0702608,3.8098655
2024-10-03 14:00:00,2.8800259,3.743814
2024-10-03 15:00:00,2.7748015,3.7388718
2024-10-03 16:00:00,2.872384,3.7741816
2024-10-03 17:00:00,4.243908,3.9828944
2024-10-03 18:00:00,4.4706016,4.026126
2024-10-03 19:00:00,4.6447535,4.3005757
2024-10-03 20:00:00,4.5321803,4.4129977
2024-10-03 21:00:00,4.172734,4.382464
2024-10-03 22:00:00,3.799393,4.1926703
2024-10-03 23:00:00,3.5652926,3.9717877
2024-10-04 00:00:00,3.3936443,3.8458843
2024-10-04 01:00:00,3.157295,3.7926316
2024-10-04 02:00:00,2.985997,3.804184
2024-10-04 03:00:00,2.8690019,3.8171754
2024-10-04 04:00:00,2.8434982,3.8426232
2024-10-04 05:00:00,4.3106265,3.9910705
2024-10-04 06:00:00,4.3747716,3.920295
2024-10-04 07:00:00,4.715333,4.3337717
2024-10-04 08:00:00,4.5474033,4.456866
2024-10-04 09:00:00,4.192452,4.414745
2024-10-04 10:00:00,3.934308,4.298806
2024-10-04 11:00:00,3.6562686,4.052636
2024-10-04 12:00:00,3.4989939,3.9271512
2024-10-04 13:00:00,3.160413,3.870684
2024-10-04 14:00:00,3.0777624,3.8210835
2024-10-04 15:00:00,2.883703,3.809523
2024-10-04 16:00:00,2.7329948,3.7454603
2024-10-04 17:00:00,3.8024318,3.914206
2024-10-04 18:00:00,4.281738,4.0015883
2024-10-04 19:00:00,4.8842936,4.3094535
2024-10-04 20:00:00,4.562543,4.4837418
2024-10-04 21:00:00,4.4205127,4.4854345
2024-10-04 22:00:00,4.1138735,4.4082065
2024-10-04 23:00:00,3.7986069,4.2037067
2024-10-05 00:00:00,3.567662,3.9244673
2024-10-05 01:00:00,3.325833,3.8576705
2024-10-05 02:00:00,3.1757972,3.8141425
2024-10-05 03:00:00,2.9898455,3.8085237
2024-10-05 04:00:00,2.7352467,3.8126912
2024-10-05 05:00:00,3.4290433,3.9429321
2024-10-05 06:00:00,4.241059,4.067948
2024-10-05 07:00:00,4.834527,4.1155133
2024-10-05 08:00:00,4.4989457,4.321718
2024-10-05 09:00:00,4.4185796,4.4516325
2024-10-05 10:00:00,4.022656,4.3471155
2024-10-05 11:00:00,3.6918383,4.123313
2024-10-05 12:00:00,3.5523012,3.994002
2024-10-05 13:00:00,3.3420606,3.8676195
2024-10-05 14:00:00,3.1876757,3.8178878
2024-10-05 15:00:00,2.942473,3.8159795
2024-10-05 16:00:00,2.8825653,3.754707
2024-10-05 17:00:00,3.2648673,3.8920662
2024-10-05 18:00:00,4.154613,3.9589407
2024-10-05 19:00:00,4.724826,4.0897617
2024-10-05 20:00:00,4.613225,4.36603
2024-10-05 21:00:00,4.6565576,4.5209804
2024-10-05 22:00:00,4.1757703,4.458265
2024-10-05 23:00:00,3.8806999,4.287613
2024-10-06 00:00:00,3.6109428,3.982236
2024-10-06 01:00:00,3.4188755,3.9205596
2024-10-06 02:00:00,3.2723014,3.8896756
2024-10-06 04:00:00,3.1050313,3.814141
2024-10-06 05:00:00,2.861657,3.805881
2024-10-06 06:00:00,3.100386,3.8748145
2024-10-06 07:00:00,4.275909,4.073588
2024-10-06 08:00:00,5.3861113,4.3292856
2024-10-06 09:00:00,4.4050646,4.386215
2024-10-06 10:00:00,4.057844,4.3720746
2024-10-06 11:00:00,3.7496896,4.2370415
2024-10-06 12:00:00,3.4912446,3.9920633
2024-10-06 13:00:00,3.2419977,3.8520317
2024-10-06 14:00:00,3.188174,3.8779583
2024-10-06 15:00:00,3.045429,3.8307192
2024-10-06 16:00:00,2.846476,3.8222203
2024-10-06 17:00:00,2.833957,3.8517706
2024-10-06 18:00:00,3.968405,4.0177975
2024-10-06 19:00:00,4.1828237,4.0473228
2024-10-06 20:00:00,4.7614865,4.178107
2024-10-06 21:00:00,4.5964236,4.386626
2024-10-06 22:00:00,4.259668,4.452915
2024-10-06 23:00:00,4.0144014,4.3322062
2024-10-07 00:00:00,3.7361927,4.0778956
2024-10-07 01:00:00,3.4686224,3.9311528
2024-10-07 02:00:00,3.2450197,3.8804991
2024-10-07 03:00:00,3.101109,3.90882
2024-10-07 04:00:00,2.8693695,3.8297048
2024-10-07 05:00:00,2.769677,3.8362663
2024-10-07 06:00:00,3.5925834,3.9565206
2024-10-07 07:00:00,4.1974835,4.0468807
2024-10-07 08:00:00,4.525293,4.1256604
2024-10-07 09:00:00,4.3160186,4.195339
2024-10-07 10:00:00,4.1731486,4.2384915
2024-10-07 11:00:00,3.8433676,4.193413
2024-10-07 12:00:00,3.5052438,3.9270456
2024-10-07 13:00:00,3.3372595,3.8688126
2024-10-07 14:00:00,3.1790144,3.8890471
2024-10-07 15:00:00,3.0073693,3.8297656
2024-10-07 16:00:00,2.912876,3.7569685
2024-10-07 17:00:00,2.7909846,3.8358495
2024-10-07 18:00:00,3.3503914,3.9227395
2024-10-07 19:00:00,3.92254,3.9981477
2024-10-07 20:00:00,4.577751,4.1242456
2024-10-07 21:00:00,4.491833,4.213107
2024-10-07 22:00:00,4.460148,4.349013
2024-10-07 23:00:00,4.081605,4.372549
2024-10-08 00:00:00,3.8097646,4.08987
2024-10-08 01:00:00,3.4273453,3.9833412
2024-10-08 02:00:00,3.301408,3.9441469
2024-10-08 03:00:00,3.1833808,3.9073184
2024-10-08 04:00:00,3.0518904,3.911333
2024-10-08 05:00:00,2.7501047,3.9782662
2024-10-08 06:00:00,2.9551997,3.9512703
2024-10-08 07:00:00,3.6006122,3.945087
2024-10-08 08:00:00,3.950148,4.0076833
2024-10-08 09:00:00,4.260976,4.0676374
2024-10-08 10:00:00,4.161031,4.0618534
2024-10-08 11:00:00,3.7843292,4.104539
2024-10-08 12:00:00,3.463809,3.895542
2024-10-08 13:00:00,3.134859,3.8050294
2024-10-08 14:00:00,3.0576735,3.836622
2024-10-08 15:00:00,2.9158614,3.7841704
2024-10-08 16:00:00,2.7501233,3.7061403
2024-10-08 17:00:00,2.6263936,3.765504
2024-10-08 18:00:00,2.7941651,3.7882323
2024-10-08 19:00:00,3.5417511,3.9475002
2024-10-08 20:00:00,3.990554,3.9235387
2024-10-08 21:00:00,4.4597683,4.080304
2024-10-08 22:00:00,4.436481,4.165331
2024-10-08 23:00:00,4.148201,4.1922817
2024-10-09 00:00:00,3.6769161,4.14752
2024-10-09 01:00:00,3.430813,3.9134219
2024-10-09 02:00:00,3.1649687,3.8397698
2024-10-09 03:00:00,3.054071,3.808791
2024-10-09 04:00:00,2.8915386,3.8301108
2024-10-09 05:00:00,2.7658691,3.8410985
2024-10-09 06:00:00,2.7376568,3.8500988
2024-10-09 07:00:00,3.188933,3.8983898
2024-10-09 08:00:00,3.8949218,3.9077501
2024-10-09 09:00:00,3.9306393,3.9197059
2024-10-09 10:00:00,3.9101148,3.978701
2024-10-09 11:00:00,3.9399037,3.8460283
2024-10-09 12:00:00,3.4629848,3.8099916
2024-10-09 13:00:00,3.1777353,3.723655
2024-10-09 14:00:00,3.0622964,3.7338095
2024-10-09 15:00:00,2.9113908,3.7463808
2024-10-09 16:00:00,2.7352068,3.81357
2024-10-09 17:00:00,2.5363498,3.736191
2024-10-09 18:00:00,2.5271432,3.7417276
2024-10-09 19:00:00,3.033881,3.7920501
2024-10-09 20:00:00,3.7313373,3.8645043
2024-10-09 21:00:00,4.400922,3.970554
2024-10-09 22:00:00,4.306844,3.9165552
2024-10-09 23:00:00,4.211148,3.8343093
2024-10-10 00:00:00,3.7432404,3.7407758
2024-10-10 01:00:00,3.5236595,3.8034055
2024-10-10 02:00:00,3.3073695,3.8037748
2024-10-10 03:00:00,3.1295493,3.7279325
2024-10-10 04:00:00,2.9724836,3.6602027
2024-10-10 05:00:00,2.7986422,3.7278793
2024-10-10 06:00:00,2.647386,3.7294388
2024-10-10 07:00:00,2.9317832,3.76062
2024-10-10 08:00:00,3.216012,3.755321
2024-10-10 09:00:00,3.6703644,3.8048816
2024-10-10 10:00:00,3.7426147,3.8153841
2024-10-10 11:00:00,3.8350697,3.823747
2024-10-10 12:00:00,3.3597524,3.716146
2024-10-10 13:00:00,3.1685092,3.6813993
2024-10-10 14:00:00,3.0303,3.6916955
2024-10-10 15:00:00,2.9236734,3.7150404
2024-10-10 16:00:00,2.7283862,3.7233288
2024-10-10 17:00:00,2.626123,3.728049
2024-10-10 18:00:00,2.5720737,3.7353103
2024-10-10 19:00:00,2.8084085,3.7629142
2024-10-10 20:00:00,3.5279202,3.8381045
2024-10-10 21:00:00,3.9930139,3.894047
2024-10-10 22:00:00,4.208075,3.9110558
2024-10-10 23:00:00,4.221761,3.874913
2024-10-11 00:00:00,3.9786582,3.7976959
2024-10-11 01:00:00,3.6583142,3.7435582
2024-10-11 02:00:00,3.5535417,3.8172054
2024-10-11 03:00:00,3.3298926,3.7384686
2024-10-11 04:00:00,3.068816,3.722304
2024-10-11 05:00:00,2.9781969,3.7376134
2024-10-11 06:00:00,2.8602812,3.7366917
2024-10-11 07:00:00,2.70518,3.7160132
2024-10-11 08:00:00,3.183562,3.7644925
2024-10-11 09:00:00,3.233113,3.7455194
2024-10-11 10:00:00,2.9286294,3.6923609
2024-10-11 11:00:00,2.9448297,3.5376124
2024-10-11 12:00:00,3.4248097,4.2875447
2024-10-11 13:00:00,3.2908304,3.6234236
2024-10-11 14:00:00,3.000242,3.8750622
2024-10-11 15:00:00,2.9020452,3.7156441
2024-10-11 16:00:00,2.838683,3.6285975
2024-10-11 17:00:00,2.9152632,3.5275311
2024-10-11 18:00:00,2.7083826,3.584516
2024-10-11 19:00:00,2.9086988,3.6086326
2024-10-11 21:00:00,2.7485518,3.6231394
2024-10-11 22:00:00,3.4206262,3.464359
2024-10-12 00:00:00,4.020412,3.57493
2024-10-12 01:00:00,3.7707193,3.7176824
2024-10-12 02:00:00,3.7678633,3.7197742
2024-10-12 03:00:00,3.5089774,3.662037
2024-10-12 04:00:00,3.17988,3.6993718
2024-10-12 05:00:00,3.1060107,3.6316812
2024-10-12 06:00:00,2.994849,3.6417537
2024-10-12 07:00:00,2.9063265,3.6481147
2024-10-12 08:00:00,2.794814,3.6352432
2024-10-12 09:00:00,2.729377,3.6270742
2024-10-12 10:00:00,3.0498254,3.5948927
2024-10-12 11:00:00,3.3129392,3.3565533
2024-10-12 12:00:00,2.7583091,3.663524
2024-10-12 13:00:00,3.0836456,3.6607187
2024-10-12 14:00:00,3.2797925,3.666796
2024-10-12 15:00:00,3.4660985,3.6881592
2024-10-12 16:00:00,2.9945085,3.6274812
2024-10-12 17:00:00,3.0236824,3.615607
2024-10-12 18:00:00,2.8610075,3.6183515
2024-10-12 19:00:00,2.8773577,3.6253283
2024-10-12 20:00:00,2.7190619,3.6141827
2024-10-12 21:00:00,2.8111959,3.626908
2024-10-12 22:00:00,2.8513665,3.6596363
2024-10-12 23:00:00,3.2678363,3.7178423
2024-10-13 00:00:00,3.3003519,3.716998
2024-10-13 01:00:00,3.835769,3.784225
2024-10-13 02:00:00,3.9634016,3.7818065
2024-10-13 03:00:00,3.9505978,3.7507157
2024-10-13 04:00:00,3.6644714,3.6938794
2024-10-13 05:00:00,3.4901094,3.659048
2024-10-13 06:00:00,3.3309703,3.6471531
2024-10-13 07:00:00,3.0747254,3.625116
2024-10-13 08:00:00,3.0321927,3.6444373
2024-10-13 09:00:00,2.8515036,3.631436
2024-10-13 10:00:00,2.8500943,3.5596569
2024-10-13 11:00:00,2.8954194,3.64186
2024-10-13 12:00:00,2.8967707,3.635127
2024-10-13 13:00:00,2.8487735,3.612658
2024-10-13 14:00:00,3.1596682,3.6413145
2024-10-13 15:00:00,3.388495,3.6756961
2024-10-13 16:00:00,3.631907,3.70642
2024-10-13 17:00:00,3.656893,3.6904457
2024-10-13 18:00:00,3.3183126,3.6366835
2024-10-13 19:00:00,3.092347,3.6125038
2024-10-13 20:00:00,3.0710087,3.6307044
2024-10-13 21:00:00,2.880277,3.634042
2024-10-13 23:00:00,2.745707,3.639933
2024-10-14 00:00:00,2.64337,3.6426854
2024-10-14 01:00:00,2.8290188,3.6675925
2024-10-14 02:00:00,3.6029158,3.7729049
2024-10-14 03:00:00,4.2923565,3.8815582
2024-10-14 04:00:00,4.340946,3.837298
2024-10-14 05:00:00,3.9112604,3.6886003
2024-10-14 06:00:00,3.7330728,3.5346682
2024-10-14 07:00:00,3.5654917,3.686234
2024-10-14 08:00:00,3.3344784,3.6062157
2024-10-14 09:00:00,3.0761323,3.5984128
2024-10-14 10:00:00,2.8189392,3.6024747
2024-10-14 11:00:00,2.6856263,3.536344
2024-10-14 12:00:00,2.5889492,3.6127589
2024-10-14 13:00:00,3.1035492,3.6827815
2024-10-14 14:00:00,3.2137837,3.6699328
2024-10-14 15:00:00,3.5740974,3.7023177
2024-10-14 16:00:00,3.684833,3.7131896
2024-10-14 17:00:00,3.8826144,3.7340145
2024-10-14 18:00:00,3.683757,3.661429
2024-10-14 19:00:00,3.4468172,3.53243
2024-10-14 20:00:00,3.1177719,3.5812035
2024-10-14 21:00:00,2.8793132,3.6045732
2024-10-14 22:00:00,2.7579587,3.5481572
2024-10-14 23:00:00,2.603991,3.5571277
2024-10-15 00:00:00,2.490499,3.5642107
2024-10-15 01:00:00,2.5661824,3.5689266
2024-10-15 02:00:00,3.1934078,3.6460297
2024-10-15 03:00:00,3.820463,3.7116327
2024-10-15 04:00:00,4.3401356,3.795867
2024-10-15 05:00:00,4.303144,3.9878623
2024-10-15 06:00:00,4.3151474,4.0869055
2024-10-15 07:00:00,3.7632983,3.996008
2024-10-15 08:00:00,3.4953487,3.8675804
2024-10-15 09:00:00,3.1894963,3.6461813
2024-10-15 10:00:00,3.0188131,3.6624687
2024-10-15 11:00:00,2.87995,3.5527942
2024-10-15 12:00:00,2.5812144,3.6090193
2024-10-15 13:00:00,2.4708736,3.622464
2024-10-15 14:00:00,2.8590078,3.684348
2024-10-15 15:00:00,3.8050938,3.8081584
2024-10-15 16:00:00,3.9154003,3.8385847
2024-10-15 17:00:00,4.3271317,3.9131238
2024-10-15 18:00:00,4.0913086,3.6876152
2024-10-15 19:00:00,3.924024,3.6627955
2024-10-15 20:00:00,3.5031016,3.671075
2024-10-15 21:00:00,3.1812294,3.658114
2024-10-15 22:00:00,2.9297714,3.656879
2024-10-15 23:00:00,2.8179414,3.6182072
2024-10-16 00:00:00,2.6802938,3.625736
2024-10-16 01:00:00,2.552362,3.630394
2024-10-16 02:00:00,2.4609065,3.6334622
2024-10-16 03:00:00,3.7242997,3.4095938
2024-10-16 04:00:00,3.980554,3.779501
2024-10-16 05:00:00,4.6232214,3.9740171
2024-10-16 06:00:00,4.486579,3.825308
2024-10-16 07:00:00,4.2879663,4.2132673
2024-10-16 08:00:00,3.773088,4.1587834
2024-10-16 09:00:00,3.4985192,3.8621573
2024-10-16 10:00:00,3.2293336,3.7139053
2024-10-16 11:00:00,3.0159028,3.6629589
2024-10-16 12:00:00,2.8974395,3.5983407
2024-10-16 13:00:00,2.6754065,3.585846
2024-10-16 14:00:00,2.5510688,3.605774
2024-10-16 15:00:00,3.402615,3.819911
2024-10-16 16:00:00,4.0576825,3.9156482
2024-10-16 17:00:00,4.4152126,3.9358423
2024-10-16 18:00:00,4.422471,4.14155
2024-10-16 19:00:00,4.4431887,4.292059
2024-10-16 20:00:00,3.9356182,4.1732917
2024-10-16 21:00:00,3.5824125,4.0186253
2024-10-16 22:00:00,3.3519123,3.8106148
2024-10-16 23:00:00,3.1864192,3.7575524
2024-10-17 00:00:00,2.9520416,3.715381
2024-10-17 01:00:00,2.7898328,3.732419
2024-10-17 02:00:00,2.6553574,3.7371404
2024-10-17 03:00:00,2.774131,3.7668967
2024-10-17 04:00:00,4.163733,3.963621
2024-10-17 05:00:00,4.448761,3.9433014
2024-10-17 06:00:00,4.6762533,4.2217474
2024-10-17 07:00:00,4.5698485,4.3447223
2024-10-17 08:00:00,4.1651673,4.3099575
2024-10-17 09:00:00,3.8477807,4.205858
2024-10-17 10:00:00,3.5232031,3.891322
2024-10-17 11:00:00,3.2720106,3.5798576
2024-10-17 12:00:00,3.1174724,3.7143843
2024-10-17 13:00:00,2.949918,3.739996
2024-10-17 14:00:00,2.7538183,3.8000722
2024-10-17 15:00:00,2.6524591,3.8140056
2024-10-17 16:00:00,4.129387,3.963167
2024-10-17 17:00:00,4.178643,3.955614
2024-10-17 18:00:00,4.871376,4.1310377
2024-10-17 19:00:00,4.6028547,4.3051476
2024-10-17 20:00:00,4.356848,4.3632703
2024-10-17 21:00:00,4.072217,4.220314
2024-10-17 22:00:00,3.6155922,4.0238767
2024-10-17 23:00:00,3.3908226,3.9021802
2024-10-18 00:00:00,3.1999614,3.796112
2024-10-18 01:00:00,3.0205114,3.811793
2024-10-18 02:00:00,2.896967,3.812161
2024-10-18 03:00:00,2.5937443,3.800808
2024-10-18 04:00:00,3.2223487,3.9003818
2024-10-18 05:00:00,4.2386584,4.0488486
2024-10-18 06:00:00,5.0332932,4.157823
2024-10-18 07:00:00,4.740971,4.3522196
2024-10-18 08:00:00,4.5140038,4.4341087
2024-10-18 09:00:00,4.130322,4.2712765
2024-10-18 10:00:00,3.7102747,4.120059
2024-10-18 11:00:00,3.4810233,3.8490694
2024-10-18 12:00:00,3.2154357,3.7821693
2024-10-18 13:00:00,3.04936,3.8192036
2024-10-18 15:00:00,2.8811767,3.8238761
2024-10-18 16:00:00,2.70377,3.8160348
2024-10-18 17:00:00,3.3158638,3.8336003
2024-10-18 18:00:00,5.0359273,4.054053
2024-10-18 19:00:00,5.438393,4.5981326
2024-10-18 20:00:00,4.4751997,4.4319334
2024-10-18 21:00:00,4.29726,4.399446
2024-10-18 22:00:00,3.9412372,4.2774315
2024-10-18 23:00:00,3.6414356,4.04017
2024-10-19 00:00:00,3.3858821,3.83569
2024-10-19 01:00:00,3.164841,3.866315
2024-10-19 02:00:00,2.9860604,3.7371495
2024-10-19 03:00:00,2.7593973,3.783893
2024-10-19 04:00:00,2.584096,3.7459204
2024-10-19 05:00:00,4.1031265,3.9684117
2024-10-19 06:00:00,4.2263517,3.9854195
2024-10-19 07:00:00,4.802245,4.134849
2024-10-19 08:00:00,4.578597,4.2430983
2024-10-19 09:00:00,4.1018057,4.2836065
2024-10-19 10:00:00,3.716855,4.1441584
2024-10-19 11:00:00,3.3571663,3.8910222
2024-10-19 12:00:00,3.1565518,3.834791
2024-10-19 13:00:00,3.0285442,3.722016
2024-10-19 14:00:00,2.8553202,3.6624963
2024-10-19 15:00:00,2.6736574,3.7272503
2024-10-19 16:00:00,2.519614,3.7419052
2024-10-19 17:00:00,3.4802444,3.7966988
2024-10-19 18:00:00,3.920461,3.8363397
2024-10-19 19:00:00,4.903123,4.0735974
2024-10-19 20:00:00,4.853573,4.406304
2024-10-19 21:00:00,4.792789,4.497325
2024-10-19 22:00:00,4.328339,4.4385285
2024-10-19 23:00:00,4.1634784,4.370433
2024-10-20 00:00:00,3.797747,4.1043644
2024-10-20 01:00:00,3.5007448,3.890745
2024-10-20 02:00:00,3.3008292,3.8576086
2024-10-20 03:00:00,3.0290537,3.7791317
2024-10-20 04:00:00,2.817684,3.7658863
2024-10-20 05:00:00,2.6317928,3.8029244
2024-10-20 06:00:00,4.5799856,4.0158443
2024-10-20 07:00:00,4.9358363,4.1100464
2024-10-20 08:00:00,5.120468,4.428783
2024-10-20 09:00:00,4.542783,4.437085
2024-10-20 10:00:00,4.2461786,4.4035387
2024-10-20 11:00:00,3.8191283,4.198242
2024-10-20 12:00:00,3.540615,3.967948
2024-10-20 13:00:00,3.3670993,3.845604
2024-10-20 14:00:00,3.150679,3.796492
2024-10-20 15:00:00,2.9313488,3.8013873
2024-10-20 16:00:00,2.6535702,3.5422854
2024-10-20 17:00:00,2.6498418,3.717287
2024-10-20 18:00:00,4.1193104,3.90478
2024-10-20 19:00:00,4.2697787,3.9143665
2024-10-20 20:00:00,5.0378604,4.2825265
2024-10-20 21:00:00,4.7861047,4.4527264
2024-10-20 22:00:00,4.3661976,4.368576
2024-10-20 23:00:00,3.9863763,4.290749
2024-10-21 00:00:00,3.599332,4.017208
2024-10-21 01:00:00,3.3843708,3.8039634
2024-10-21 02:00:00,3.1975768,3.7443666
2024-10-21 03:00:00,3.0717351,3.7844124
2024-10-21 04:00:00,2.8702435,3.7094562
2024-10-21 05:00:00,2.5691967,3.7033095
2024-10-21 06:00:00,3.5045,3.8671145
2024-10-21 07:00:00,4.286618,3.8899343
2024-10-21 08:00:00,4.6404276,3.9808037
2024-10-21 09:00:00,4.275483,4.1112723
2024-10-21 10:00:00,4.140121,4.1543427
2024-10-21 11:00:00,3.7811565,4.0923634
2024-10-21 12:00:00,3.4546413,3.8170457
2024-10-21 13:00:00,3.3925648,3.7661915
2024-10-21 14:00:00,3.17056,3.6293054
2024-10-21 15:00:00,2.9928656,3.558085
2024-10-21 16:00:00,2.7224212,3.6206596
2024-10-21 17:00:00,2.6828167,3.6419752
2024-10-21 18:00:00,3.2161226,3.7256997
2024-10-21 19:00:00,3.6590765,3.7863781
2024-10-21 20:00:00,4.9584837,3.9812925
2024-10-21 21:00:00,4.678133,4.271481
2024-10-21 22:00:00,4.6636863,4.405313
2024-10-21 23:00:00,4.254942,4.3600144
2024-10-22 00:00:00,3.9228466,4.173424
2024-10-22 01:00:00,3.6206458,3.9266076
2024-10-22 02:00:00,3.365265,3.794646
2024-10-22 03:00:00,3.244185,3.7795186
2024-10-22 04:00:00,3.0797646,3.7032118
2024-10-22 05:00:00,2.8162987,3.678252
2024-10-22 06:00:00,2.8848662,3.7309313
2024-10-22 07:00:00,3.7517765,3.7728548
2024-10-22 08:00:00,4.4443836,3.7430422
2024-10-22 09:00:00,4.598768,3.9596035
2024-10-22 10:00:00,4.1640034,4.0635858
2024-10-22 11:00:00,3.9207041,4.0930595
2024-10-22 12:00:00,3.6879766,3.9954896
2024-10-22 13:00:00,3.4257398,3.737709
2024-10-22 14:00:00,3.2481196,3.663647
2024-10-22 15:00:00,3.0812058,3.6139994
2024-10-22 16:00:00,2.9358218,3.6231847
2024-10-22 17:00:00,2.5684261,3.3712363
2024-10-22 18:00:00,2.8077202,3.5975373
2024-10-22 19:00:00,3.3785472,3.662496
2024-10-22 20:00:00,3.9382956,3.7436614
2024-10-22 21:00:00,4.4159307,3.8486273
2024-10-22 22:00:00,4.5095677,4.0737963
2024-10-22 23:00:00,4.3874354,4.095909
2024-10-23 00:00:00,3.8694506,4.006842
2024-10-23 01:00:00,3.500595,3.7731853
2024-10-23 02:00:00,3.352558,3.6201453
2024-10-23 03:00:00,3.152668,3.5557535
2024-10-23 04:00:00,2.9904144,3.5232868
2024-10-23 05:00:00,2.7870116,3.5983696
2024-10-23 06:00:00,2.5698311,3.6011667
2024-10-23 07:00:00,2.9762263,3.6734257
2024-10-23 08:00:00,3.1421175,3.683802
2024-10-23 09:00:00,3.6584613,3.6822944
2024-10-23 10:00:00,3.911164,3.7240875
2024-10-23 11:00:00,3.9317706,3.681786
2024-10-23 12:00:00,3.4105468,3.5357983
2024-10-23 13:00:00,3.0555563,3.4296908
2024-10-23 14:00:00,2.9512007,3.3978636
2024-10-23 15:00:00,2.844125,3.4462771
2024-10-23 16:00:00,2.69773,3.5448375
2024-10-23 17:00:00,2.6128037,3.4819808
2024-10-23 18:00:00,2.5448105,3.4639945
2024-10-23 19:00:00,2.5614517,3.5422513
2024-10-23 20:00:00,3.6345701,3.6169527
2024-10-23 21:00:00,4.138979,3.7611501
2024-10-23 22:00:00,4.292872,3.6631453
2024-10-23 23:00:00,4.2907767,3.839844
2024-10-24 00:00:00,3.915454,3.8835964
2024-10-24 01:00:00,3.752904,3.8321483
2024-10-24 02:00:00,3.4780216,3.5765781
2024-10-24 03:00:00,3.285038,3.564036
2024-10-24 04:00:00,3.0492065,3.5083065
2024-10-24 05:00:00,2.8810058,3.5162392
2024-10-24 06:00:00,2.652346,3.5076427
2024-10-24 07:00:00,2.7049742,3.5242548
2024-10-24 08:00:00,3.233178,3.584971
2024-10-24 09:00:00,3.8679507,3.6026814
2024-10-24 10:00:00,3.5795298,3.635164
2024-10-24 11:00:00,3.3135653,3.6651814
2024-10-24 12:00:00,3.3363142,3.644522
2024-10-24 13:00:00,3.0334356,3.5776181
2024-10-24 14:00:00,2.8591437,3.5560253
2024-10-24 15:00:00,2.717916,3.4946034
2024-10-24 16:00:00,2.7499669,3.5245888
2024-10-24 17:00:00,2.510398,3.6010733
2024-10-24 18:00:00,2.4391801,3.5464172
2024-10-24 19:00:00,2.6019347,3.5593972
2024-10-24 20:00:00,2.9764793,3.6075013
2024-10-24 21:00:00,3.58573,3.696198
2024-10-24 22:00:00,3.9984136,3.7557442
2024-10-24 23:00:00,3.9152315,3.6935515
2024-10-25 00:00:00,3.9924564,3.8126676
2024-10-25 01:00:00,3.6200662,3.8082364
2024-10-25 02:00:00,3.4992073,3.7862086
2024-10-25 03:00:00,3.332285,3.6279414
2024-10-25 04:00:00,3.1008677,3.609529
2024-10-25 05:00:00,2.9546537,3.6197927
2024-10-25 06:00:00,2.8600433,3.554434
2024-10-25 07:00:00,2.8690581,3.478454
2024-10-25 08:00:00,2.8454611,3.5375805
2024-10-25 09:00:00,3.554879,3.5482967
2024-10-25 10:00:00,3.4146159,3.6154592
2024-10-25 11:00:00,3.2914355,3.602168
2024-10-25 12:00:00,3.216206,3.655108
2024-10-25 13:00:00,3.4499412,3.5922368
2024-10-25 14:00:00,3.1661172,3.5221283
2024-10-25 15:00:00,3.0291576,3.5023286
2024-10-25 16:00:00,3.2246044,3.3996344
2024-10-25 17:00:00,3.1714537,3.461198
2024-10-25 18:00:00,2.941055,3.5448506
2024-10-25 19:00:00,3.0041246,3.55855
2024-10-25 20:00:00,2.879923,3.5507843
2024-10-25 21:00:00,3.0759437,3.5825777
2024-10-25 22:00:00,3.6006513,3.5754762
2024-10-25 23:00:00,3.7756963,3.6623604
2024-10-26 00:00:00,3.8897014,3.6641572
2024-10-26 01:00:00,4.1202493,3.6617186
2024-10-26 02:00:00,3.9482498,3.5865188
2024-10-26 03:00:00,3.790423,3.5472581
2024-10-26 04:00:00,3.5964725,3.5219371
2024-10-26 05:00:00,3.3941126,3.5139728
2024-10-26 06:00:00,3.2381573,3.510716
2024-10-26 07:00:00,3.1598673,3.5145273
2024-10-26 08:00:00,2.9341335,3.4963057
2024-10-26 09:00:00,2.9472373,3.4557817
2024-10-26 10:00:00,3.7561376,3.4671485
2024-10-26 11:00:00,3.0264509,3.4946518
2024-10-26 12:00:00,2.904729,3.4801426
2024-10-26 13:00:00,3.1571465,3.5108254
2024-10-26 14:00:00,3.164583,3.436692
2024-10-26 15:00:00,3.3652573,3.4701824
2024-10-26 16:00:00,3.609397,3.5933757
2024-10-26 17:00:00,3.33666,3.5432367
2024-10-26 18:00:00,3.2785554,3.4380455
2024-10-26 20:00:00,3.1992903,3.427774
2024-10-26 21:00:00,3.1307697,3.434421
2024-10-26 22:00:00,2.8792233,3.4292862
2024-10-26 23:00:00,2.9207013,3.461482
2024-10-27 00:00:00,2.9714046,3.4816525
2024-10-27 01:00:00,3.3623796,3.5306926
2024-10-27 02:00:00,3.966539,3.6270728
2024-10-27 03:00:00,4.250877,3.6578135
2024-10-27 04:00:00,4.0091186,3.5390959
2024-10-27 05:00:00,3.6291394,3.4506109
2024-10-27 06:00:00,3.480925,3.4795213
2024-10-27 07:00:00,3.2842827,3.4781168
2024-10-27 08:00:00,3.1387045,3.4339287
2024-10-27 09:00:00,2.9608507,3.4281855
2024-10-27 10:00:00,2.7707834,3.4221478
2024-10-27 11:00:00,2.732754,3.424807
2024-10-27 12:00:00,2.8221726,3.4275904
2024-10-27 13:00:00,3.316683,3.4919367
2024-10-27 14:00:00,2.8703275,3.4911869
2024-10-27 15:00:00,3.1652968,3.4495156
2024-10-27 16:00:00,3.502385,3.422225
2024-10-27 17:00:00,3.7305446,3.5277832
2024-10-27 18:00:00,3.2940748,3.5125716
2024-10-27 19:00:00,3.2512212,3.415839
2024-10-27 20:00:00,3.1381748,3.4140067
2024-10-27 21:00:00,2.9480445,3.4207358
2024-10-27 22:00:00,2.8702767,3.4324474
2024-10-27 23:00:00,2.7183888,3.4393997
2024-10-28 00:00:00,2.629667,3.4434662
2024-10-28 01:00:00,2.568808,3.4297323
2024-10-28 02:00:00,3.6122406,3.496481
2024-10-28 03:00:00,4.213023,3.6854057
2024-10-28 04:00:00,4.264058,3.7451718
2024-10-28 05:00:00,4.155953,3.5435667
2024-10-28 06:00:00,3.7347958,3.4914927
2024-10-28 07:00:00,3.5350058,3.4871423
2024-10-28 08:00:00,3.2033384,3.4712496
2024-10-28 09:00:00,3.076958,3.474165
2024-10-28 10:00:00,2.9231498,3.4363284
2024-10-28 11:00:00,2.727046,3.4247046
2024-10-28 12:00:00,2.651038,3.387401
2024-10-28 13:00:00,2.8378184,3.4356794
2024-10-28 14:00:00,2.9621902,3.44485
2024-10-28 15:00:00,3.5078812,3.4303179
2024-10-28 16:00:00,3.8090103,3.5748327
2024-10-28 17:00:00,3.8179023,3.5419703
2024-10-28 18:00:00,3.7330544,3.4641163
2024-10-28 19:00:00,3.4841154,3.4296935
2024-10-28 20:00:00,3.1811507,3.4537337
2024-10-28 21:00:00,3.066829,3.4651034
2024-10-28 22:00:00,2.8632846,3.4700403
2024-10-28 23:00:00,2.698109,3.4070716
2024-10-29 00:00:00,2.5961316,3.415764
2024-10-29 01:00:00,2.4708405,3.4183342
2024-10-29 02:00:00,3.0979335,3.5041795
2024-10-29 03:00:00,3.5548735,3.5504413
2024-10-29 04:00:00,4.13919,3.6567752
2024-10-29 05:00:00,4.1123023,3.6831048
2024-10-29 06:00:00,4.039631,3.787233
2024-10-29 07:00:00,3.648305,3.7601001
2024-10-29 08:00:00,3.3630974,3.6224377
2024-10-29 09:00:00,3.0459898,3.4738386
2024-10-29 10:00:00,2.8405712,3.4702857
2024-10-29 11:00:00,2.7867346,3.5105288
2024-10-29 12:00:00,2.591885,3.511035
2024-10-29 13:00:00,2.4616942,3.5077848
2024-10-29 14:00:00,3.0560436,3.3491557
2024-10-29 15:00:00,3.599011,3.6517832
2024-10-29 16:00:00,3.6925654,3.706092
2024-10-29 17:00:00,3.9935207,3.647359
2024-10-29 18:00:00,3.7104406,3.671315
2024-10-29 19:00:00,3.7664373,3.4601707
2024-10-29 20:00:00,3.4299698,3.473422
2024-10-29 21:00:00,3.3080688,3.5858285
2024-10-29 22:00:00,2.9976614,3.489377
2024-10-29 23:00:00,2.8501003,3.481699
2024-10-30 00:00:00,2.6855392,3.4932373
2024-10-30 01:00:00,2.494665,3.49904
2024-10-30 02:00:00,2.5609956,3.5326178
2024-10-30 03:00:00,3.569472,3.665224
2024-10-30 04:00:00,3.7923942,3.5863879
2024-10-30 05:00:00,4.3492303,3.7599115
2024-10-30 06:00:00,4.1774526,3.9419372
2024-10-30 07:00:00,3.9056385,3.9867373
2024-10-30 08:00:00,3.6732144,3.882024
2024-10-30 09:00:00,3.4399898,3.710531
2024-10-30 10:00:00,3.1553018,3.5605896
2024-10-30 11:00:00,2.9535842,3.5820723
2024-10-30 12:00:00,2.885652,3.5463724
2024-10-30 13:00:00,2.6873777,3.5250797
2024-10-30 14:00:00,2.5741646,3.523731
2024-10-30 15:00:00,3.221842,3.6242118
2024-10-30 16:00:00,3.869045,3.724477
2024-10-30 17:00:00,4.5284095,3.7912345
2024-10-30 18:00:00,4.2918663,4.014904
2024-10-30 19:00:00,4.2426953,3.717115
2024-10-30 20:00:00,3.913344,3.5748355
2024-10-30 21:00:00,3.5753746,3.5584376
2024-10-30 22:00:00,3.3044744,3.5578446
2024-10-30 23:00:00,3.1083798,3.561401
2024-10-31 00:00:00,2.9803433,3.5171242
2024-10-31 01:00:00,2.7834842,3.5061867
2024-10-31 02:00:00,2.6641388,3.5075574
2024-10-31 03:00:00,3.2107823,3.6029902
2024-10-31 04:00:00,4.171827,3.7512224
2024-10-31 05:00:00,4.552158,3.7088218
2024-10-31 06:00:00,4.3325715,3.5772393
2024-10-31 07:00:00,4.107685,3.483881
2024-10-31 08:00:00,3.8902578,3.4656477
2024-10-31 09:00:00,3.6065488,3.4640172
2024-10-31 10:00:00,3.350152,3.4596832
2024-10-31 11:00:00,3.13881,3.4502795
2024-10-31 12:00:00,3.0733259,3.458162
2024-10-31 13:00:00,2.8181036,3.444804
2024-10-31 14:00:00,2.7263951,3.446321
2024-10-31 15:00:00,3.069049,3.4670057
2024-10-31 16:00:00,3.9967425,3.5959673
2024-10-31 17:00:00,4.304299,3.6398425
2024-10-31 18:00:00,4.442236,3.624202
2024-10-31 19:00:00,4.410024,3.502759
2024-10-31 20:00:00,4.078274,3.5038583
2024-10-31 21:00:00,3.8529468,3.4591935
2024-10-31 22:00:00,3.5438936,3.4958894
2024-10-31 23:00:00,3.3868961,3.5008698
2024-11-01 00:00:00,3.161478,3.4994006
2024-11-01 01:00:00,2.946483,3.5521781
2024-11-01 02:00:00,2.7571852,3.6449156
2024-11-01 03:00:00,2.768115,3.5795102
2024-11-01 04:00:00,3.3113205,3.7257285
2024-11-01 05:00:00,4.421428,3.3261158
2024-11-01 06:00:00,4.717147,4.278607
2024-11-01 07:00:00,4.4305177,4.357306
2024-11-01 08:00:00,4.132784,4.2239876
2024-11-01 09:00:00,3.8448758,4.0745993
2024-11-01 10:00:00,3.5820029,3.9223278
2024-11-01 11:00:00,3.3944027,3.7895966
2024-11-01 12:00:00,3.224042,3.6924093
2024-11-01 13:00:00,3.063437,3.6219983
2024-11-01 14:00:00,2.895719,3.5465052
2024-11-01 15:00:00,2.9073086,3.50384
2024-11-01 16:00:00,4.240048,3.5259666
2024-11-01 17:00:00,4.6957603,3.613299
2024-11-01 18:00:00,5.1320424,4.2176642
2024-11-01 19:00:00,4.8864446,4.4074535
2024-11-01 21:00:00,4.6075296,4.2573037
2024-11-01 22:00:00,4.513858,4.043461
2024-11-01 23:00:00,3.8668082,3.918757
2024-11-02 00:00:00,3.5503867,3.7563348
2024-11-02 01:00:00,3.395861,3.6539743
2024-11-02 02:00:00,3.2459452,3.598647
2024-11-02 03:00:00,3.1123018,3.533247
2024-11-02 04:00:00,2.9354606,3.436925
2024-11-02 05:00:00,5.0929413,3.5677247
2024-11-02 06:00:00,4.9566555,3.9780104
2024-11-02 07:00:00,4.9417777,3.9766533
2024-11-02 08:00:00,4.3879576,3.8743432
2024-11-02 09:00:00,4.087266,3.7170017
2024-11-02 10:00:00,3.8586068,3.7821155
2024-11-02 11:00:00,3.6948006,3.794706
2024-11-02 12:00:00,3.4359562,3.5892394
2024-11-02 13:00:00,3.263959,3.522189
2024-11-02 14:00:00,3.0803604,3.4664671
2024-11-02 15:00:00,2.8642368,3.4563682
2024-11-02 16:00:00,3.257732,3.624331
2024-11-02 17:00:00,4.6122217,4.0245647
2024-11-02 18:00:00,4.558933,3.9829602
2024-11-02 19:00:00,5.0567975,4.374932
2024-11-02 20:00:00,4.7493377,4.455905
2024-11-02 21:00:00,4.449467,4.4158545
2024-11-02 22:00:00,4.2307887,4.193119
2024-11-02 23:00:00,3.876763,3.9124753
2024-11-03 00:00:00,3.557789,3.7594633
2024-11-03 01:00:00,3.3270788,3.725929
2024-11-03 02:00:00,3.1431923,3.7679946
2024-11-03 03:00:00,2.9530191,3.8582997
2024-11-03 04:00:00,2.7148314,3.8003309
2024-11-03 05:00:00,3.4732423,3.9276803
2024-11-03 06:00:00,4.572057,4.1039853
2024-11-03 07:00:00,4.7520776,4.158304
2024-11-03 08:00:00,4.4377685,4.167322
2024-11-03 09:00:00,4.0185723,4.0755396
2024-11-03 10:00:00,3.7282293,3.982609
2024-11-03 11:00:00,3.4903252,3.7554667
2024-11-03 12:00:00,3.3150442,3.78219
2024-11-03 13:00:00,3.1569858,3.7357607
2024-11-03 14:00:00,2.8965173,3.729873
2024-11-03 15:00:00,2.7744377,3.733897
2024-11-03 16:00:00,2.7327075,3.7454658
2024-11-03 17:00:00,4.172994,4.049325
2024-11-03 18:00:00,4.615145,4.1245584
2024-11-03 19:00:00,4.913824,4.181565
2024-11-03 20:00:00,4.6862607,4.1934586
2024-11-03 21:00:00,4.307575,4.261432
2024-11-03 22:00:00,4.040984,4.1640534
2024-11-03 23:00:00,3.672484,3.966564
2024-11-04 00:00:00,3.5076025,3.8386881
2024-11-04 01:00:00,3.2192957,3.7831078
2024-11-04 02:00:00,3.1258526,3.8126798
2024-11-04 03:00:00,2.8759112,3.8144107
2024-11-04 04:00:00,2.7432144,3.820445
2024-11-04 05:00:00,3.3721461,3.9060535
2024-11-04 06:00:00,4.338033,3.960818
2024-11-04 07:00:00,4.395675,4.0751476
2024-11-04 08:00:00,4.5219207,4.07359
2024-11-04 09:00:00,4.1586504,4.070432
2024-11-04 10:00:00,3.7745893,4.0298185
2024-11-04 11:00:00,3.4144056,3.676623
2024-11-04 12:00:00,3.2533293,3.525468
2024-11-04 13:00:00,2.8866272,4.168333
2024-11-04 14:00:00,2.923082,3.7791479
2024-11-04 15:00:00,2.7349613,4.065195
2024-11-04 16:00:00,2.6726751,3.997461
2024-11-04 17:00:00,3.1898549,3.8510575
2024-11-04 18:00:00,4.5835075,4.159608
2024-11-04 19:00:00,4.570722,4.127407
2024-11-04 20:00:00,4.7085843,4.2391634
2024-11-04 21:00:00,4.548962,4.192592
2024-11-04 22:00:00,4.1724887,4.0869617
2024-11-04 23:00:00,3.9054832,3.9735916
2024-11-05 00:00:00,3.5504277,3.9889903
2024-11-05 01:00:00,3.2529159,3.97152
2024-11-05 02:00:00,3.0248277,3.9929738
2024-11-05 03:00:00,2.9286895,4.0032105
2024-11-05 04:00:00,2.8624532,3.938691
2024-11-05 05:00:00,2.7807784,3.9380038
2024-11-05 06:00:00,3.72728,4.04908
2024-11-05 07:00:00,4.2736087,4.129064
2024-11-05 08:00:00,4.497038,4.1877675
2024-11-05 09:00:00,4.2504563,4.239779
2024-11-05 10:00:00,3.9420683,4.1883745
2024-11-05 11:00:00,3.6933331,4.188156
2024-11-05 12:00:00,3.431264,4.042479
2024-11-05 13:00:00,3.0969229,3.911301
2024-11-05 14:00:00,3.0319912,3.9224699
2024-11-05 15:00:00,2.8890092,3.932516
2024-11-05 16:00:00,2.7844768,3.9334638
2024-11-05 17:00:00,2.7323022,3.8751569
2024-11-05 18:00:00,3.0744543,3.9139729
2024-11-05 19:00:00,4.4433584,4.0795712
2024-11-05 20:00:00,4.700013,4.157939
2024-11-05 21:00:00,4.570713,4.2382674
2024-11-05 22:00:00,4.3691616,4.268494
2024-11-05 23:00:00,3.987732,4.220724
2024-11-06 00:00:00,3.6480925,4.106123
2024-11-06 01:00:00,3.3243122,3.9534168
2024-11-06 02:00:00,3.1133952,3.9605792
2024-11-06 03:00:00,2.9574623,3.9118214
2024-11-06 04:00:00,2.7928047,3.909036
2024-11-06 05:00:00,2.674398,3.919173
2024-11-06 06:00:00,2.9598267,3.8941143
2024-11-06 07:00:00,4.0630794,4.007331
2024-11-06 08:00:00,4.104861,4.0291257
2024-11-06 09:00:00,4.191115,4.040956
2024-11-06 10:00:00,3.9169774,4.009305
2024-11-06 11:00:00,3.5468159,3.9908714
2024-11-06 12:00:00,3.272536,3.8833191
2024-11-06 13:00:00,3.0804288,3.8261998
2024-11-06 14:00:00,2.867886,3.8328369
2024-11-06 15:00:00,2.6912982,3.8381035
2024-11-06 16:00:00,2.6121545,3.772474
2024-11-06 17:00:00,2.471273,3.8331947
2024-11-06 18:00:00,2.8073273,3.8695145
2024-11-06 19:00:00,4.1404223,4.020498
2024-11-06 20:00:00,4.5230436,4.0112314
2024-11-06 21:00:00,4.5296125,4.065257
2024-11-06 22:00:00,4.3660517,4.2776313
2024-11-06 23:00:00,3.873541,4.282411
2024-11-07 00:00:00,3.7287443,4.1624637
2024-11-07 01:00:00,3.3651335,3.9338608
2024-11-07 02:00:00,3.258761,3.883721
2024-11-07 03:00:00,3.041552,3.9047074
2024-11-07 04:00:00,2.8750458,3.9219916
2024-11-07 05:00:00,2.677939,3.9131775
2024-11-07 06:00:00,2.716504,3.861147
2024-11-07 07:00:00,3.500953,3.9308355
2024-11-07 08:00:00,4.0125875,4.0210853
2024-11-07 09:00:00,4.043371,4.033653
2024-11-07 10:00:00,3.8663552,3.963617
2024-11-07 11:00:00,3.5770278,3.8584552
2024-11-07 12:00:00,3.2635763,3.8017383
2024-11-07 13:00:00,3.114525,3.8097765
2024-11-07 14:00:00,2.9360929,3.8291698
2024-11-07 15:00:00,2.8049343,3.8345904
2024-11-07 16:00:00,2.619015,3.8283663
2024-11-07 17:00:00,2.5460868,3.8289678
2024-11-07 18:00:00,2.5852828,3.8429835
2024-11-07 19:00:00,3.7003417,3.8111377
2024-11-07 20:00:00,4.1633306,3.9997325
2024-11-07 21:00:00,4.420254,4.059519
2024-11-07 22:00:00,4.2391305,3.9695683
2024-11-07 23:00:00,4.1443133,3.9092658
2024-11-08 00:00:00,3.7755332,3.845008
2024-11-08 01:00:00,3.4805732,3.8241777
2024-11-08 02:00:00,3.2639303,3.8227189
2024-11-08 03:00:00,3.04545,3.8205774
2024-11-08 04:00:00,2.8932087,3.822799
2024-11-08 05:00:00,2.8033295,3.819994
2024-11-08 06:00:00,2.683839,3.749812
2024-11-08 07:00:00,3.031623,3.860866
2024-11-08 08:00:00,3.5640502,3.8957722
2024-11-08 09:00:00,3.7954361,3.919442
2024-11-08 10:00:00,3.6952662,3.8931718
2024-11-08 11:00:00,3.6227443,3.867065
2024-11-08 12:00:00,3.3332245,3.813346
2024-11-08 13:00:00,3.1544342,3.7271433
2024-11-08 14:00:00,2.9115458,3.7328188
2024-11-08 15:00:00,2.7770324,3.7522945
2024-11-08 16:00:00,2.6434066,3.7576165
2024-11-08 17:00:00,2.5359507,3.7644484
2024-11-08 18:00:00,2.587575,3.7763374
2024-11-08 19:00:00,2.6022282,3.846101
2024-11-08 20:00:00,3.758335,3.888214
2024-11-08 21:00:00,4.0981894,3.9197676
2024-11-08 22:00:00,4.343756,4.023394
2024-11-08 23:00:00,4.162698,3.861711
2024-11-09 00:00:00,3.9747572,3.790138
2024-11-09 01:00:00,3.6485918,3.8241727
2024-11-09 02:00:00,3.495606,3.8238504
2024-11-09 03:00:00,3.2867775,3.8139524
2024-11-09 04:00:00,3.060479,3.8135326
2024-11-09 05:00:00,2.9081278,3.7481015
2024-11-09 06:00:00,2.7993045,3.7434874
2024-11-09 07:00:00,2.756359,3.7450404
2024-11-09 08:00:00,3.3024561,3.792701
2024-11-09 09:00:00,3.0152128,3.7991738
2024-11-09 10:00:00,3.5881138,3.7979612
2024-11-09 11:00:00,3.5585375,3.7868185
2024-11-09 12:00:00,3.5395477,3.7814746
2024-11-09 13:00:00,3.243994,3.730489
2024-11-09 14:00:00,3.084629,3.709494
2024-11-09 15:00:00,2.9535143,3.7166572
2024-11-09 16:00:00,2.8275218,3.7249985
2024-11-09 17:00:00,2.7319558,3.7350779
2024-11-09 18:00:00,2.7019324,3.7451553
2024-11-09 19:00:00,2.7407043,3.7625976
2024-11-09 20:00:00,2.9990156,3.7877755
2024-11-09 21:00:00,3.6042356,3.847092
2024-11-09 22:00:00,3.963799,3.881079
2024-11-09 23:00:00,4.041161,3.8800535
2024-11-10 00:00:00,4.08687,3.853322
2024-11-10 01:00:00,3.9799013,3.8071702
2024-11-10 02:00:00,3.6794724,3.7666044
2024-11-10 03:00:00,3.5219274,3.8289478
2024-11-10 04:00:00,3.2540338,3.807661
2024-11-10 05:00:00,3.0904622,3.7369716
2024-11-10 06:00:00,2.9319198,3.7318006
2024-11-10 07:00:00,2.868817,3.7369459
2024-11-10 08:00:00,2.783361,3.7291784
2024-11-10 09:00:00,3.0139794,3.7480955
2024-11-10 10:00:00,2.8144965,3.7044814
2024-11-10 11:00:00,3.227263,3.7454257
2024-11-10 12:00:00,3.2407005,3.7544973
2024-11-10 13:00:00,3.3960788,3.7822828
2024-11-10 14:00:00,3.4406183,3.7812712
2024-11-10 15:00:00,3.1801674,3.7414532
2024-11-10 16:00:00,3.0112195,3.7210233
2024-11-10 17:00:00,2.9076293,3.7277095
2024-11-10 18:00:00,2.8011997,3.6699772
2024-11-10 19:00:00,2.7538319,3.7450724
2024-11-10 20:00:00,2.6220238,3.753299
2024-11-10 21:00:00,2.7167983,3.7013428
2024-11-10 22:00:00,2.8330696,3.7735593
2024-11-10 23:00:00,3.4907389,3.8408427
2024-11-11 00:00:00,3.7840054,3.8614705
2024-11-11 01:00:00,4.056899,3.8973978
2024-11-11 02:00:00,4.0360427,3.855389
2024-11-11 03:00:00,3.8112366,3.7888994
2024-11-11 04:00:00,3.5524752,3.741143
2024-11-11 05:00:00,3.397313,3.7393923
2024-11-11 06:00:00,3.1415937,3.7302856
2024-11-11 07:00:00,2.972786,3.6544251
2024-11-11 08:00:00,2.8192692,3.731794
2024-11-11 09:00:00,2.6611712,3.7325163
2024-11-11 10:00:00,2.647872,3.7336264
2024-11-11 11:00:00,2.864925,3.7466772
2024-11-11 12:00:00,2.9360807,3.729187
2024-11-11 13:00:00,3.3669112,3.7680588
2024-11-11 14:00:00,3.5250297,3.7908847
2024-11-11 15:00:00,3.7241554,3.8131154
2024-11-11 16:00:00,3.5388753,3.763464
2024-11-11 17:00:00,3.2122917,3.7130072
2024-11-11 18:00:00,3.1297483,3.6525052
2024-11-11 19:00:00,2.895407,3.7262292
2024-11-11 20:00:00,2.7550294,3.7404487
2024-11-11 21:00:00,2.72064,3.68162
2024-11-11 22:00:00,2.5117447,3.7426977
2024-11-11 23:00:00,2.609679,3.694912
2024-11-12 00:00:00,3.0783997,3.7934692
2024-11-12 01:00:00,3.8391593,3.8787253
2024-11-12 02:00:00,4.153703,3.9157557
2024-11-12 03:00:00,4.12615,3.8817744
2024-11-12 05:00:00,4.100077,3.7621226
2024-11-12 06:00:00,3.5575113,3.7243388
2024-11-12 07:00:00,3.1330686,3.6984358
2024-11-12 08:00:00,2.8428364,3.7002695
2024-11-12 09:00:00,2.6748028,3.7167022
2024-11-12 10:00:00,2.5999706,3.7312527
2024-11-12 11:00:00,2.4077842,3.6562333
2024-11-12 12:00:00,2.351343,3.6617484
2024-11-12 13:00:00,2.822457,3.7707503
2024-11-12 14:00:00,3.6501977,3.773885
2024-11-12 15:00:00,3.996992,3.8107743
2024-11-12 16:00:00,3.9049606,3.857349
2024-11-12 17:00:00,3.7957432,3.7987247
2024-11-12 18:00:00,3.5203004,3.8073487
2024-11-12 19:00:00,3.3492947,3.8040507
2024-11-12 20:00:00,3.0104613,3.7152696
2024-11-12 22:00:00,2.795549,3.7057424
2024-11-12 23:00:00,2.6284993,3.6590335
2024-11-13 00:00:00,2.393945,3.663723
2024-11-13 01:00:00,2.3171387,3.668651
2024-11-13 02:00:00,2.9530368,3.7255344
2024-11-13 03:00:00,4.302637,3.9167573
2024-11-13 04:00:00,4.662624,3.9656312
2024-11-13 05:00:00,4.285855,3.8154478
2024-11-13 06:00:00,3.5984912,3.7092197
2024-11-13 07:00:00,3.287532,3.6506598
2024-11-13 08:00:00,3.1632543,3.672268
2024-11-13 09:00:00,3.0114317,3.6844838
2024-11-13 10:00:00,2.7553473,3.6837425
2024-11-13 11:00:00,2.6079285,3.631384
2024-11-13 12:00:00,2.4926789,3.7045217
2024-11-13 13:00:00,2.5441852,3.7229083
2024-11-13 14:00:00,2.9743721,3.7529132
2024-11-13 15:00:00,3.836847,3.8398914
2024-11-13 16:00:00,4.172682,3.916302
2024-11-13 17:00:00,4.2239804,3.879543
2024-11-13 18:00:00,3.9574609,3.9376318
2024-11-13 19:00:00,3.586862,4.009418
2024-11-13 20:00:00,3.3951027,3.8545938
2024-11-13 21:00:00,3.1175847,3.7759473
2024-11-13 22:00:00,2.9018495,3.72223
2024-11-13 23:00:00,2.7383742,3.6760216
2024-11-14 00:00:00,2.57421,3.7512324
2024-11-14 01:00:00,2.5034795,3.7548704
2024-11-14 02:00:00,2.9009516,3.7936053
2024-11-14 03:00:00,4.034099,3.9103749
2024-11-14 04:00:00,4.474293,3.9280715
2024-11-14 05:00:00,4.5108004,3.9990923
2024-11-14 06:00:00,4.2257433,3.8540463
2024-11-14 07:00:00,3.7592013,3.7111335
2024-11-14 08:00:00,3.4755363,3.7578435
2024-11-14 09:00:00,3.2035506,3.7665224
2024-11-14 10:00:00,2.9963567,3.7007835
2024-11-14 11:00:00,2.8434055,3.718105
2024-11-14 12:00:00,2.662665,3.718691
2024-11-14 13:00:00,2.6019843,3.719165
2024-11-14 14:00:00,2.7540581,3.744448
2024-11-14 15:00:00,3.606086,3.8258798
2024-11-14 16:00:00,4.120967,3.8906426
2024-11-14 17:00:00,4.7128325,3.9530606
2024-11-14 18:00:00,4.304785,4.128854
2024-11-14 19:00:00,4.2382464,3.8899531
2024-11-14 21:00:00,3.823189,3.8620934
2024-11-14 22:00:00,3.5127933,3.855247
2024-11-14 23:00:00,2.8445463,3.8171883
2024-11-15 00:00:00,2.7673106,3.7791548
2024-11-15 01:00:00,2.6487226,3.8075366
2024-11-15 02:00:00,2.5464025,3.736857
2024-11-15 03:00:00,2.3682,3.732419
2024-11-15 04:00:00,4.358206,3.9928834
2024-11-15 05:00:00,5.1214237,4.1511374
2024-11-15 06:00:00,4.6087337,3.9818842
2024-11-15 07:00:00,3.986255,3.7665226
2024-11-15 08:00:00,3.6015868,3.6633987
2024-11-15 09:00:00,3.3420663,3.7532074
2024-11-15 10:00:00,3.1477842,3.7226806
2024-11-15 11:00:00,2.9143653,3.7077575
2024-11-15 12:00:00,2.819212,3.7260945
2024-11-15 13:00:00,2.6648989,3.716013
2024-11-15 14:00:00,2.5631442,3.7167742
2024-11-15 15:00:00,2.952767,3.773945
2024-11-15 16:00:00,3.9778874,3.881556
2024-11-15 17:00:00,4.501688,3.897937
2024-11-15 18:00:00,4.6920204,3.9884877
2024-11-15 19:00:00,4.531948,3.8642623
2024-11-15 20:00:00,4.0227985,3.7979834
2024-11-15 21:00:00,3.7910018,3.8579683
2024-11-15 22:00:00,3.5294712,3.8576562
2024-11-15 23:00:00,3.2624362,3.7690613
2024-11-16 00:00:00,3.0143752,3.7768843
2024-11-16 01:00:00,2.825618,3.7144911
2024-11-16 02:00:00,2.6383998,3.7811227
2024-11-16 03:00:00,2.4948118,3.7831857
2024-11-16 04:00:00,3.54931,3.813186
2024-11-16 05:00:00,4.296605,3.910861
2024-11-16 06:00:00,4.5633945,3.9942656
2024-11-16 07:00:00,4.3589363,3.887556
2024-11-16 08:00:00,4.1252713,3.6821759
2024-11-16 09:00:00,3.6528804,3.756832
2024-11-16 10:00:00,3.3900273,3.770306
2024-11-16 11:00:00,3.1326404,3.774838
2024-11-16 12:00:00,2.9086442,3.7820678
2024-11-16 13:00:00,2.8029678,3.733107
2024-11-16 14:00:00,2.5795436,3.7102165
2024-11-16 15:00:00,2.5064256,3.721605
2024-11-16 16:00:00,3.2984455,3.8135562
2024-11-16 17:00:00,4.462863,3.9640172
2024-11-16 18:00:00,4.8707404,3.9878247
2024-11-16 19:00:00,4.741026,4.333976
2024-11-16 20:00:00,4.4343815,4.413799
2024-11-16 21:00:00,3.9829726,4.3135257
2024-11-16 22:00:00,3.792622,4.1995068
2024-11-16 23:00:00,3.4503841,3.9744897
2024-11-17 00:00:00,3.151747,3.8387475
2024-11-17 01:00:00,3.0069125,3.8857217
2024-11-17 02:00:00,2.8345037,3.8240597
2024-11-17 03:00:00,2.6378648,3.8194602
2024-11-17 04:00:00,2.7456377,3.8602998
2024-11-17 05:00:00,4.1199136,3.9618485
2024-11-17 06:00:00,4.2554345,4.004804
2024-11-17 07:00:00,4.640028,4.0915065
2024-11-17 08:00:00,4.2252254,3.908228
2024-11-17 09:00:00,3.8626244,3.7616887
2024-11-17 10:00:00,3.6051025,3.7089171
2024-11-17 11:00:00,3.2539291,3.633018
2024-11-17 12:00:00,3.0467763,3.7127204
2024-11-17 13:00:00,2.8267436,3.6474364
2024-11-17 14:00:00,2.6489162,3.7186964
2024-11-17 15:00:00,2.5444298,3.7194657
2024-11-17 16:00:00,2.579638,3.6566622
2024-11-17 17:00:00,4.0493207,3.8472068
2024-11-17 18:00:00,4.7459097,4.039199
2024-11-17 19:00:00,4.9721375,4.4223695
2024-11-17 20:00:00,4.8438544,4.608025
2024-11-17 21:00:00,4.3434734,4.5908895
2024-11-17 22:00:00,4.1936407,4.497603
2024-11-17 23:00:00,4.1021953,4.3385773
2024-11-18 00:00:00,3.642329,4.038983
2024-11-18 01:00:00,3.3036993,3.9205754
2024-11-18 02:00:00,3.109822,3.8742464
2024-11-18 03:00:00,2.8678806,3.8715007
2024-11-18 04:00:00,2.6286914,3.892272
2024-11-18 05:00:00,3.9244733,4.012622
2024-11-18 06:00:00,4.6702967,4.162581
2024-11-18 07:00:00,4.609345,4.179716
2024-11-18 08:00:00,4.4780774,4.2811275
2024-11-18 09:00:00,4.1659303,4.359366
2024-11-18 10:00:00,3.7558026,4.3460336
2024-11-18 11:00:00,3.5961494,4.0796795
2024-11-18 12:00:00,3.3567586,3.8024096
2024-11-18 13:00:00,3.101834,3.8117218
2024-11-18 14:00:00,2.9377413,3.8383458
2024-11-18 15:00:00,2.8222928,3.84056
2024-11-18 16:00:00,2.7430847,3.7683065
2024-11-18 17:00:00,3.1048658,3.8204165
2024-11-18 18:00:00,4.4719825,4.0298824
2024-11-18 19:00:00,4.6510324,4.08202
2024-11-18 20:00:00,4.915038,4.439489
2024-11-18 21:00:00,4.6736083,4.5007815
2024-11-18 22:00:00,4.346952,4.4667106
2024-11-18 23:00:00,4.1424575,4.387264
2024-11-19 00:00:00,3.7884262,4.134735
2024-11-19 01:00:00,3.4678347,3.9869573
2024-11-19 02:00:00,3.2181478,3.868682
2024-11-19 03:00:00,3.072333,3.8096523
2024-11-19 04:00:00,2.8484755,3.8012683
2024-11-19 05:00:00,2.6889453,3.8284976
2024-11-19 06:00:00,3.7800925,3.9911797
2024-11-19 07:00:00,4.4234495,4.111649
2024-11-19 08:00:00,4.396587,4.0387125
2024-11-19 09:00:00,4.1566963,4.1025
2024-11-19 10:00:00,3.803386,4.12442
2024-11-19 11:00:00,3.5561578,4.0285516
2024-11-19 12:00:00,3.2599344,3.8416455
2024-11-19 13:00:00,3.0851274,3.7857814
2024-11-19 14:00:00,2.8614602,3.7323945
2024-11-19 15:00:00,2.6733336,3.7450302
2024-11-19 16:00:00,2.6123981,3.7595959
2024-11-19 17:00:00,2.4612582,3.7597344
2024-11-19 18:00:00,3.7362933,3.8267055
2024-11-19 19:00:00,4.5283165,4.0345774
2024-11-19 20:00:00,4.69664,4.0924973
2024-11-19 21:00:00,4.5669007,4.2303963
2024-11-19 22:00:00,4.366415,4.241811
2024-11-19 23:00:00,3.9392943,4.2523394
2024-11-20 00:00:00,3.725266,4.131988
2024-11-20 01:00:00,3.3544025,3.905131
2024-11-20 02:00:00,3.1594725,3.8514202
2024-11-20 03:00:00,2.9265137,3.8072815
2024-11-20 04:00:00,2.731762,3.8141258
2024-11-20 05:00:00,2.6310794,3.8246694
2024-11-20 06:00:00,2.8976736,3.7969325
2024-11-20 07:00:00,3.9055758,3.9094787
2024-11-20 08:00:00,4.1111703,3.9626353
2024-11-20 09:00:00,4.0889273,3.9675465
2024-11-20 10:00:00,3.7707946,3.8512053
2024-11-20 11:00:00,3.468393,3.9780505
2024-11-20 12:00:00,3.3335688,3.7978506
2024-11-20 13:00:00,3.0375357,3.7049253
2024-11-20 14:00:00,2.9105089,3.7274668
2024-11-20 15:00:00,2.6913202,3.736389
2024-11-20 16:00:00,2.5223634,3.7321746
2024-11-20 17:00:00,2.550847,3.7484665
2024-11-20 18:00:00,2.5320778,3.754825
2024-11-20 19:00:00,3.8407214,3.8217885
2024-11-20 20:00:00,4.2838783,3.875176
2024-11-20 21:00:00,4.5530148,3.9492276
2024-11-20 22:00:00,4.4202304,4.1765513
2024-11-20 23:00:00,4.0524907,4.1817164
2024-11-21 00:00:00,3.715085,4.0807505
2024-11-21 01:00:00,3.5184734,3.916899
2024-11-21 02:00:00,3.2433598,3.8517292
2024-11-21 03:00:00,3.0009754,3.795905
2024-11-21 04:00:00,2.845531,3.7389004
2024-11-21 05:00:00,2.6949322,3.7358522
2024-11-21 06:00:00,2.580215,3.738042
2024-11-21 07:00:00,3.368024,3.838014
2024-11-21 08:00:00,3.5055935,3.856119
2024-11-21 09:00:00,3.728765,3.8856883
2024-11-21 10:00:00,3.655318,3.7828276
2024-11-21 11:00:00,3.541355,3.6430974
2024-11-21 12:00:00,3.3759675,3.6719923
2024-11-21 13:00:00,3.13874,3.6386588
2024-11-21 14:00:00,2.8044662,3.6218188
2024-11-21 15:00:00,2.6771839,3.638723
2024-11-21 16:00:00,2.614427,3.590022
2024-11-21 17:00:00,2.4542038,3.6459231
2024-11-21 18:00:00,2.3234537,3.6492388
2024-11-21 19:00:00,2.821286,3.6847572
2024-11-21 20:00:00,3.7329226,3.7848816
2024-11-21 21:00:00,4.146447,3.8394926
2024-11-21 22:00:00,4.214171,3.839406
2024-11-21 23:00:00,4.022104,3.8994753
2024-11-22 00:00:00,3.7980726,3.9753332
2024-11-22 01:00:00,3.4778543,3.9193609
2024-11-22 02:00:00,3.1517663,3.7523522
2024-11-22 03:00:00,2.9594898,3.6895027
2024-11-22 04:00:00,2.8277757,3.653765
2024-11-22 05:00:00,2.6687527,3.6653526
2024-11-22 06:00:00,2.4874423,3.660014
2024-11-22 07:00:00,2.5393906,3.6702654
2024-11-22 08:00:00,2.957157,3.6995554
2024-11-22 09:00:00,3.437072,3.7468688
2024-11-22 10:00:00,3.377129,3.7387092
2024-11-22 11:00:00,3.4574935,3.7385833
2024-11-22 12:00:00,3.2631056,3.5986493
2024-11-22 13:00:00,3.0641327,3.478043
2024-11-22 14:00:00,2.8581474,3.5305552
2024-11-22 15:00:00,2.7726567,3.5536287
2024-11-22 16:00:00,2.6378782,3.5637863
2024-11-22 17:00:00,2.5226498,3.5688987
2024-11-22 18:00:00,2.365113,3.563229
2024-11-22 19:00:00,2.3736994,3.5681276
2024-11-22 20:00:00,2.8262413,3.607557
2024-11-22 21:00:00,3.649567,3.6265302
2024-11-22 22:00:00,4.0834866,3.8310468
2024-11-22 23:00:00,4.1549926,3.8134518
2024-11-23 00:00:00,4.0067015,3.6414905
2024-11-23 01:00:00,3.627806,3.6277173
2024-11-23 02:00:00,3.4524539,3.6278148
2024-11-23 03:00:00,3.1234975,3.5989645
2024-11-23 04:00:00,2.9005663,3.5959322
2024-11-23 05:00:00,2.7556512,3.6119323
2024-11-23 06:00:00,2.6911645,3.5498896
2024-11-23 07:00:00,2.5014393,3.608722
2024-11-23 08:00:00,2.7287285,3.6468387
2024-11-23 09:00:00,2.9362469,3.641232
2024-11-23 10:00:00,3.4084535,3.5986292
2024-11-23 11:00:00,3.212922,3.6364484
2024-11-23 12:00:00,3.302505,3.660292
2024-11-23 13:00:00,3.2939982,3.5679305
2024-11-23 14:00:00,3.0303566,3.537642
2024-11-23 15:00:00,2.914303,3.5403707
2024-11-23 16:00:00,2.7836037,3.5460927
2024-11-23 17:00:00,2.6325393,3.5534165
2024-11-23 18:00:00,2.540876,3.5672805
2024-11-23 19:00:00,2.5229845,3.570402
2024-11-23 20:00:00,2.4621384,3.567087
2024-11-23 21:00:00,3.0313363,3.6161478
2024-11-23 22:00:00,3.5734093,3.6801243
2024-11-23 23:00:00,3.8589716,3.7066865
2024-11-24 00:00:00,3.950747,3.7019637
2024-11-24 01:00:00,3.7730002,3.625438
2024-11-24 02:00:00,3.586262,3.582124
2024-11-24 03:00:00,3.2622516,3.618425
2024-11-24 04:00:00,3.0585713,3.540387
2024-11-24 05:00:00,2.7575595,3.5204914
2024-11-24 06:00:00,2.706624,3.5426135
2024-11-24 07:00:00,2.609517,3.550272
2024-11-24 08:00:00,2.4104922,3.5315878
2024-11-24 09:00:00,2.8386765,3.5050535
2024-11-24 10:00:00,2.7540517,3.6208055
2024-11-24 11:00:00,2.8802953,3.544779
2024-11-24 12:00:00,2.8990066,3.6035948
2024-11-24 13:00:00,3.1513798,3.5705996
2024-11-24 14:00:00,3.407893,3.6012049
2024-11-24 15:00:00,3.2294073,3.5650046
2024-11-24 16:00:00,3.0220895,3.5465124
2024-11-24 17:00:00,2.881934,3.5389845
2024-11-24 18:00:00,2.7479446,3.6096222
2024-11-24 19:00:00,2.7200453,3.5639958
2024-11-24 20:00:00,2.5835135,3.5628886
2024-11-24 21:00:00,2.5328932,3.5733507
2024-11-24 22:00:00,2.5520344,3.5775952
2024-11-24 23:00:00,3.2935119,3.6446507
2024-11-25 00:00:00,3.7654593,3.7016463
2024-11-25 01:00:00,3.9386132,3.7075763
2024-11-25 02:00:00,3.911085,3.667309
2024-11-25 04:00:00,3.6385193,3.5955975
2024-11-25 05:00:00,3.3953335,3.5504239
2024-11-25 06:00:00,2.9192233,3.5759401
2024-11-25 07:00:00,2.7694056,3.5199673
2024-11-25 08:00:00,2.70398,3.5306666
2024-11-25 09:00:00,2.5786169,3.5393276
2024-11-25 10:00:00,2.4961548,3.5384612
2024-11-25 11:00:00,2.6260276,3.5589545
2024-11-25 12:00:00,3.2627263,3.6186438
2024-11-25 13:00:00,3.30255,3.6007788
2024-11-25 14:00:00,3.3491137,3.6770458
2024-11-25 15:00:00,3.4837008,3.690782
2024-11-25 16:00:00,3.4403872,3.57157
2024-11-25 17:00:00,3.195245,3.6133482
2024-11-25 18:00:00,3.0769773,3.5421762
2024-11-25 19:00:00,2.9001555,3.5356193
2024-11-25 20:00:00,2.6809483,3.545735
2024-11-25 21:00:00,2.6046243,3.5525396
2024-11-25 22:00:00,2.5045042,3.5577087
2024-11-25 23:00:00,2.521739,3.5727174
2024-11-26 00:00:00,3.2327194,3.4983268
2024-11-26 01:00:00,3.5933683,3.673315
2024-11-26 02:00:00,3.7713153,3.6958444
2024-11-26 04:00:00,3.7529092,3.6743522
2024-11-26 05:00:00,3.1023047,3.546976
2024-11-26 06:00:00,2.7894053,3.4246473
2024-11-26 07:00:00,2.5871918,3.490858
2024-11-26 08:00:00,2.4582036,3.5247183
2024-11-26 09:00:00,2.289113,3.525908
2024-11-26 10:00:00,2.3021007,3.52933
2024-11-26 11:00:00,2.117132,3.5880318
2024-11-26 12:00:00,2.14733,3.5424066
2024-11-26 13:00:00,2.3336906,3.4996552
2024-11-26 14:00:00,2.9726684,3.5174735
2024-11-26 15:00:00,3.2938752,3.5522563
2024-11-26 16:00:00,3.6077716,3.5975254
2024-11-26 17:00:00,3.5503025,3.5113142
2024-11-26 18:00:00,3.264259,3.6586773
2024-11-26 19:00:00,2.972836,3.640709
2024-11-26 20:00:00,2.8280332,3.6942997
2024-11-26 21:00:00,2.6471522,3.6829684
2024-11-26 22:00:00,2.4850733,3.6786873
2024-11-26 23:00:00,2.3188238,3.6220324
2024-11-27 00:00:00,2.168335,3.6831279
2024-11-27 01:00:00,2.3367383,3.7034357
2024-11-27 02:00:00,3.4811213,3.7961335
2024-11-27 03:00:00,3.8472674,3.8287706
2024-11-27 04:00:00,4.076298,3.8851814
2024-11-27 05:00:00,3.774905,3.812467
2024-11-27 06:00:00,3.1895378,3.7131553
2024-11-27 07:00:00,2.8645027,3.7593935
2024-11-27 08:00:00,2.7651865,3.7275069
2024-11-27 09:00:00,2.593697,3.7344553
2024-11-27 10:00:00,2.4035943,3.74173
2024-11-27 11:00:00,2.2217138,3.754293
2024-11-27 12:00:00,2.1995704,3.697626
2024-11-27 13:00:00,2.3840644,3.7656057
2024-11-27 14:00:00,2.7834735,3.775602
2024-11-27 15:00:00,3.3059866,3.7853596
2024-11-27 16:00:00,3.502559,3.8008463
2024-11-27 17:00:00,3.576409,3.8119445
2024-11-27 18:00:00,3.3781219,3.7819211
2024-11-27 19:00:00,2.9177308,3.7379217
2024-11-27 20:00:00,2.7187963,3.7486835
2024-11-27 21:00:00,2.5130289,3.7648683
2024-11-27 22:00:00,2.2995827,3.7719462
2024-11-27 23:00:00,2.4116797,3.6078944
2024-11-28 00:00:00,2.1177356,3.7768097
2024-11-28 01:00:00,2.051876,3.787557
2024-11-28 02:00:00,2.4296098,3.7761314
2024-11-28 03:00:00,3.2533276,3.73712
2024-11-28 04:00:00,3.5785847,3.7524774
2024-11-28 05:00:00,3.674729,3.7644892
2024-11-28 06:00:00,3.6213238,3.7551303
2024-11-28 07:00:00,3.0008726,3.7334573
2024-11-28 08:00:00,2.6197686,3.6641216
2024-11-28 09:00:00,2.3367872,3.7357686
2024-11-28 10:00:00,2.226319,3.7456894
2024-11-28 11:00:00,2.17596,3.7613475
2024-11-28 12:00:00,1.9879808,3.8135357
2024-11-28 13:00:00,1.8990662,3.816213
2024-11-28 14:00:00,2.298195,3.7585418
2024-11-28 15:00:00,3.1813679,3.774449
2024-11-28 16:00:00,3.4782789,3.723076
2024-11-28 17:00:00,3.6559334,3.816198
2024-11-28 18:00:00,3.5974684,3.815956
2024-11-28 19:00:00,3.0896382,3.7698352
2024-11-28 20:00:00,2.8531995,3.7785976
2024-11-28 21:00:00,2.560381,3.7984498
2024-11-28 22:00:00,2.359468,3.80469
2024-11-28 23:00:00,2.185032,3.8059175
2024-11-29 00:00:00,2.0721242,3.7991557
2024-11-29 01:00:00,1.9109262,3.7915041
2024-11-29 02:00:00,1.9888586,3.7879303
2024-11-29 03:00:00,2.6901836,3.7802062
2024-11-29 04:00:00,3.3726075,3.7959416
2024-11-29 05:00:00,3.6484418,3.8247218
2024-11-29 06:00:00,3.605768,3.8181405
2024-11-29 07:00:00,3.3655748,3.780833
2024-11-29 08:00:00,2.8325548,3.75232
2024-11-29 09:00:00,2.4190423,3.7799742
2024-11-29 10:00:00,2.2343276,3.7998416
2024-11-29 11:00:00,2.1361213,3.798232
2024-11-29 12:00:00,1.9350768,3.8054836
2024-11-29 13:00:00,1.7363336,3.813273
2024-11-29 14:00:00,1.8814688,3.8039985
2024-11-29 15:00:00,2.4214246,3.793742
2024-11-29 16:00:00,3.26226,3.7873178
2024-11-29 17:00:00,3.6463492,3.8124552
2024-11-29 18:00:00,3.79842,3.8490996
2024-11-29 19:00:00,3.7682767,3.8297746
2024-11-29 20:00:00,3.170628,3.7131171
2024-11-29 21:00:00,2.8808498,3.781377
2024-11-29 22:00:00,2.5611112,3.8554265
2024-11-29 23:00:00,2.4038372,3.7986999
2024-11-30 00:00:00,2.1544154,3.8483713
2024-11-30 01:00:00,2.0378702,3.7948587
2024-11-30 02:00:00,1.9830081,3.7902195
2024-11-30 03:00:00,2.1814778,3.7920594
2024-11-30 04:00:00,3.3784873,3.8219852
2024-11-30 05:00:00,3.6624818,3.8225348
2024-11-30 06:00:00,3.794897,3.848413
2024-11-30 07:00:00,3.7899375,3.8452117
2024-11-30 08:00:00,3.1929018,3.7594345
2024-11-30 09:00:00,2.7797418,3.805959
2024-11-30 10:00:00,2.5013518,3.777958
2024-11-30 11:00:00,2.49203,3.7373996
2024-11-30 12:00:00,2.2762187,3.8359933
2024-11-30 13:00:00,2.077399,3.7848341
2024-11-30 14:00:00,1.9736847,3.7843332
2024-11-30 15:00:00,2.07982,3.846919
2024-11-30 16:00:00,3.3406513,3.8337576
2024-11-30 17:00:00,3.8495655,3.8636782
2024-11-30 18:00:00,4.073262,3.9791007
2024-11-30 19:00:00,4.0170817,3.9371548
2024-11-30 20:00:00,3.597723,3.8427176
2024-11-30 21:00:00,3.2246046,3.819988
2024-11-30 22:00:00,2.9582305,3.8300488
2024-11-30 23:00:00,2.703462,3.839336
2024-12-01 00:00:00,2.50723,3.8420887
2024-12-01 01:00:00,2.3479497,3.847344
2024-12-01 02:00:00,2.1540601,3.8507252
2024-12-01 03:00:00,2.1122274,3.8514025
2024-12-01 04:00:00,2.7592523,3.8654737
2024-12-01 05:00:00,3.6987348,3.9250398
2024-12-01 06:00:00,3.8865569,3.9434547
2024-12-01 07:00:00,3.8519516,3.931035
2024-12-01 08:00:00,3.5801022,3.8655546
2024-12-01 09:00:00,3.0712013,3.8109863
2024-12-01 10:00:00,2.8017616,3.8323956
2024-12-01 11:00:00,2.5546277,3.8613083
2024-12-01 12:00:00,2.4380808,3.865601
2024-12-01 13:00:00,2.2115264,3.8703165
2024-12-01 14:00:00,2.072182,3.8734534
2024-12-01 15:00:00,2.058443,3.8754056
2024-12-01 16:00:00,2.739551,3.8892853
2024-12-01 17:00:00,3.794954,3.9440615
2024-12-01 18:00:00,4.2672467,4.0159316
2024-12-01 19:00:00,4.2434325,4.0064025
2024-12-01 20:00:00,4.0231404,3.9176824
2024-12-01 21:00:00,3.4581175,3.9061046
2024-12-01 22:00:00,3.1653922,3.9176672
2024-12-01 23:00:00,2.8993244,3.918797
2024-12-02 00:00:00,2.7570546,3.9212403
2024-12-02 01:00:00,2.516359,3.9224226
2024-12-02 02:00:00,2.342454,3.863987
2024-12-02 03:00:00,2.168757,3.8659713
2024-12-02 04:00:00,2.4249413,3.7515302
2024-12-02 05:00:00,3.2090285,3.8905783
2024-12-02 06:00:00,3.7654886,3.9443357
2024-12-02 07:00:00,4.013646,3.9863436
2024-12-02 08:00:00,3.8225179,3.929052
2024-12-02 09:00:00,3.3107848,3.8379679
2024-12-02 10:00:00,2.9546652,3.8096874
2024-12-02 11:00:00,2.7686849,3.8382804
2024-12-02 12:00:00,2.5296783,3.8490417
2024-12-02 13:00:00,2.3692076,3.840357
2024-12-02 14:00:00,2.2002528,3.8434677
2024-12-02 15:00:00,2.1000216,3.791391
2024-12-02 16:00:00,2.2131987,3.8635883
2024-12-02 17:00:00,3.5949104,3.9510822
2024-12-02 18:00:00,4.0909142,3.987744
2024-12-02 19:00:00,4.3381815,4.0304728
2024-12-02 20:00:00,4.2271533,3.9670901
2024-12-02 21:00:00,3.8703609,3.944844
2024-12-02 22:00:00,3.4227993,3.9034011
2024-12-02 23:00:00,3.2136831,3.9134455
2024-12-03 00:00:00,2.9765978,3.9078069
2024-12-03 01:00:00,2.6847324,3.9030182
2024-12-03 02:00:00,2.5261626,3.9123802
2024-12-03 03:00:00,2.3390372,3.922832
2024-12-03 04:00:00,2.3145473,3.8582933
2024-12-03 05:00:00,3.0570014,3.8910685
2024-12-03 06:00:00,3.713947,3.9289255
2024-12-03 07:00:00,3.9513025,3.9631267
2024-12-03 08:00:00,4.018385,3.974099
2024-12-03 09:00:00,3.8357394,3.9077053
2024-12-03 10:00:00,3.2395463,3.8818839
2024-12-03 11:00:00,2.9791226,3.6359422
2024-12-03 12:00:00,2.8329442,3.8484828
2024-12-03 13:00:00,2.5610394,3.923796
2024-12-03 14:00:00,2.518642,3.8535645
2024-12-03 15:00:00,2.306545,3.8365126
2024-12-03 16:00:00,2.3781297,3.848391
2024-12-03 17:00:00,2.7502937,3.87072
2024-12-03 18:00:00,4.0219717,3.9838505
2024-12-03 19:00:00,4.390837,4.1096506
2024-12-03 20:00:00,4.3819222,4.0030203
2024-12-03 21:00:00,4.2011538,4.132618
2024-12-03 22:00:00,3.680367,4.1855617
2024-12-03 23:00:00,3.5451674,4.0483823
2024-12-04 00:00:00,3.1990876,3.9685974
2024-12-04 01:00:00,2.973734,3.9690468
2024-12-04 02:00:00,2.7515626,3.9902837
2024-12-04 03:00:00,2.57319,3.9329517
2024-12-04 04:00:00,2.4666882,3.936371
2024-12-04 05:00:00,2.630033,3.9593844
2024-12-04 06:00:00,3.2313082,3.9852438
2024-12-04 07:00:00,3.857806,4.055592
2024-12-04 08:00:00,3.933778,4.077052
2024-12-04 09:00:00,3.7735212,4.0273676
2024-12-04 10:00:00,3.401654,3.7992938
2024-12-04 11:00:00,3.0861096,3.7779994
2024-12-04 12:00:00,2.8811939,3.931347
2024-12-04 13:00:00,2.6992974,3.949973
2024-12-04 14:00:00,2.4881463,3.9364867
2024-12-04 15:00:00,2.3783886,3.9329019
2024-12-04 16:00:00,2.1559682,3.8797078
2024-12-04 17:00:00,2.1802158,3.9411454
2024-12-04 18:00:00,3.4018857,3.9426632
2024-12-04 19:00:00,4.1093373,3.996655
2024-12-04 20:00:00,4.413614,4.0395627
2024-12-04 21:00:00,4.2252665,4.0507746
2024-12-04 22:00:00,4.0574474,4.136162
2024-12-04 23:00:00,3.4574282,4.1239953
2024-12-05 00:00:00,3.199871,4.053038
2024-12-05 01:00:00,2.960976,3.991674
2024-12-05 02:00:00,2.7792375,3.99339
2024-12-05 03:00:00,2.6421528,4.011791
2024-12-05 04:00:00,2.3620272,3.9504716
2024-12-05 05:00:00,2.3014302,3.887689
2024-12-05 06:00:00,2.938074,3.9804015
2024-12-05 07:00:00,3.768352,4.0491633
2024-12-05 08:00:00,3.6831017,4.0304356
2024-12-05 09:00:00,3.8470714,4.0542994
2024-12-05 10:00:00,3.5225556,3.987726
2024-12-05 11:00:00,3.245034,3.7296257
2024-12-05 12:00:00,2.9116898,3.850654
2024-12-05 13:00:00,2.6715593,3.8308654
2024-12-05 14:00:00,2.5596554,3.886015
2024-12-05 15:00:00,2.3973753,3.8784204
2024-12-05 16:00:00,2.2996984,3.872617
2024-12-05 17:00:00,2.1800299,3.872394
2024-12-05 18:00:00,2.653077,3.8872519
2024-12-05 19:00:00,3.770517,3.9642754
2024-12-05 20:00:00,4.164104,3.9947813
2024-12-05 21:00:00,4.22013,3.9822834
2024-12-05 22:00:00,4.083495,3.9987147
2024-12-05 23:00:00,3.575953,4.049095
2024-12-06 00:00:00,3.3909173,3.9781866
2024-12-06 01:00:00,3.122427,3.9104478
2024-12-06 02:00:00,2.8628006,3.9128695
2024-12-06 03:00:00,2.637905,3.9215543
2024-12-06 04:00:00,2.5398662,3.9342382
2024-12-06 05:00:00,2.3924887,3.7486255
2024-12-06 06:00:00,2.5019827,3.8658872
2024-12-06 07:00:00,2.8718643,3.954617
2024-12-06 08:00:00,3.525633,3.9338214
2024-12-06 09:00:00,3.6609259,4.0080028
2024-12-06 10:00:00,3.629827,3.924486
2024-12-06 11:00:00,3.465437,3.9402108
2024-12-06 12:00:00,3.0646064,3.8936412
2024-12-06 13:00:00,2.8020394,3.89688
2024-12-06 14:00:00,2.6050546,3.9140666
2024-12-06 15:00:00,2.4815643,3.863921
2024-12-06 16:00:00,2.3116696,3.8644629
2024-12-06 17:00:00,2.2099624,3.8889186
2024-12-06 18:00:00,2.1588247,3.8963683
2024-12-06 19:00:00,2.8233893,3.9070172
2024-12-06 20:00:00,3.7514596,3.899844
2024-12-06 21:00:00,4.0826287,4.011898
2024-12-06 22:00:00,4.064487,3.9938731
2024-12-06 23:00:00,3.9548593,3.9330995
2024-12-07 00:00:00,3.4221087,3.990412
2024-12-07 01:00:00,3.1789205,3.921625
2024-12-07 02:00:00,2.8737473,3.9058063
2024-12-07 03:00:00,2.6995203,3.9135954
2024-12-07 04:00:00,2.5551445,3.9206293
2024-12-07 05:00:00,2.346904,3.8618553
2024-12-07 06:00:00,2.3088975,3.860381
2024-12-07 07:00:00,2.6683743,3.8762805
2024-12-07 08:00:00,2.823291,3.8591099
2024-12-07 09:00:00,3.3488665,3.8863854
2024-12-07 10:00:00,3.4256594,3.8980563
2024-12-07 11:00:00,3.52492,3.9741786
2024-12-07 12:00:00,3.2018428,3.8597412
2024-12-07 13:00:00,2.9191291,3.8372686
2024-12-07 14:00:00,2.6509778,3.8532398
2024-12-07 15:00:00,2.550787,3.8700225
2024-12-07 16:00:00,2.3317227,3.873739
2024-12-07 17:00:00,2.212038,3.8702285
2024-12-07 18:00:00,2.0747025,3.8731077
2024-12-07 19:00:00,2.1712196,3.8818643
2024-12-07 20:00:00,3.192315,3.8526716
2024-12-07 21:00:00,3.6483824,3.8762708
2024-12-07 22:00:00,4.070759,3.9952805
2024-12-07 23:00:00,3.9606032,3.9536605
2024-12-08 00:00:00,3.7009428,3.8899422
2024-12-08 01:00:00,3.3007452,3.8496604
2024-12-08 02:00:00,3.1070385,3.853752
2024-12-08 03:00:00,2.8047616,3.8555825
2024-12-08 04:00:00,2.6719606,3.853096
2024-12-08 05:00:00,2.5287118,3.854421
2024-12-08 06:00:00,2.3681064,3.8452256
2024-12-08 07:00:00,2.272582,3.8394918
2024-12-08 08:00:00,2.6771038,3.8606207
2024-12-08 09:00:00,2.8136964,3.840506
2024-12-08 10:00:00,3.3108563,3.7984805
2024-12-08 11:00:00,3.6309721,3.9031246
2024-12-08 12:00:00,3.4465728,3.8694825
2024-12-08 13:00:00,3.2742758,3.8371794
2024-12-08 14:00:00,2.9694982,3.8203197
2024-12-08 15:00:00,2.7372677,3.8341389
2024-12-08 16:00:00,2.5478125,3.8472211
2024-12-08 17:00:00,2.467327,3.8578558
2024-12-08 18:00:00,2.303804,3.8617516
2024-12-08 19:00:00,2.2568967,3.8548737
2024-12-08 20:00:00,2.3906596,3.8019495
2024-12-08 21:00:00,3.3884885,3.7896278
2024-12-08 22:00:00,3.5812209,3.9122708
2024-12-08 23:00:00,4.090379,3.9350646
2024-12-09 00:00:00,3.974518,3.9559355
2024-12-09 01:00:00,3.711189,3.8907824
2024-12-09 02:00:00,3.3728147,3.8405082
2024-12-09 03:00:00,3.042064,3.839065
2024-12-09 04:00:00,2.8483357,3.8381155
2024-12-09 05:00:00,2.6266644,3.831065
2024-12-09 06:00:00,2.4508202,3.8284388
2024-12-09 07:00:00,2.3578398,3.8274405
2024-12-09 08:00:00,2.2744675,3.8350477
2024-12-09 09:00:00,2.6263628,3.8580577
2024-12-09 10:00:00,2.7158065,3.8261776
2024-12-09 11:00:00,3.1405983,3.8466651
2024-12-09 12:00:00,3.1616814,3.8375335
2024-12-09 13:00:00,3.3167179,3.8542435
2024-12-09 14:00:00,3.3754535,3.866262
2024-12-09 15:00:00,2.9944646,3.843232
2024-12-09 16:00:00,2.6541517,3.8491557
2024-12-09 17:00:00,2.513725,3.8659387
2024-12-09 18:00:00,2.3981571,3.8766215
2024-12-09 19:00:00,2.2252471,3.8842888
2024-12-09 20:00:00,2.150355,3.8833344
2024-12-09 21:00:00,2.144608,3.8313591
2024-12-09 22:00:00,2.7924147,3.8314264
2024-12-09 23:00:00,3.4735768,3.8622992
2024-12-10 00:00:00,3.754154,3.8879406
2024-12-10 01:00:00,3.86776,3.8885863
2024-12-10 02:00:00,3.673553,3.8977766
2024-12-10 03:00:00,3.2543907,3.8531382
2024-12-10 04:00:00,2.985537,3.8423412
2024-12-10 05:00:00,2.7565398,3.8424067
2024-12-10 06:00:00,2.5394049,3.7831788
2024-12-10 07:00:00,2.3741407,3.7769098
2024-12-10 08:00:00,2.202767,3.7762744
2024-12-10 09:00:00,2.287017,3.7204494
2024-12-10 10:00:00,2.4954572,3.7752643
2024-12-10 11:00:00,2.542447,3.7597034
2024-12-10 12:00:00,2.9906778,3.765911
2024-12-10 13:00:00,3.3463342,3.8013928
2024-12-10 14:00:00,3.5550265,3.8886175
2024-12-10 15:00:00,3.483067,3.8568301
2024-12-10 16:00:00,3.1228552,3.8125904
2024-12-10 17:00:00,2.9872086,3.8153365
2024-12-10 18:00:00,2.7606392,3.8208678
2024-12-10 19:00:00,2.6180387,3.8253033
2024-12-10 20:00:00,2.4621544,3.831599
2024-12-10 21:00:00,2.2937186,3.7887828
2024-12-10 23:00:00,2.2727082,3.7884247
2024-12-11 00:00:00,2.7642004,3.812625
2024-12-11 01:00:00,3.8267965,3.912631
2024-12-11 02:00:00,4.13261,3.9408827
2024-12-11 03:00:00,3.9599113,3.9534144
2024-12-11 04:00:00,3.3587778,3.8272524
2024-12-11 05:00:00,3.1397336,3.7996886
2024-12-11 06:00:00,2.9421988,3.8073926
2024-12-11 07:00:00,2.7374754,3.7490776
2024-12-11 08:00:00,2.5013268,3.8087301
2024-12-11 09:00:00,2.3901873,3.7599902
2024-12-11 10:00:00,2.2624009,3.7576776
2024-12-11 12:00:00,2.479583,3.7111065
2024-12-11 13:00:00,3.175974,3.8124394
2024-12-11 14:00:00,3.6833317,3.940519
2024-12-11 15:00:00,3.7627463,3.9378111
2024-12-11 16:00:00,3.4185805,3.84231
2024-12-11 17:00:00,3.3321857,3.741369
2024-12-11 18:00:00,3.1556008,3.6736348
2024-12-11 19:00:00,2.9865596,3.7515242
2024-12-11 20:00:00,2.669698,3.7535233
2024-12-11 21:00:00,2.4733074,3.7463963
2024-12-11 22:00:00,2.3783362,3.7605057
2024-12-11 23:00:00,2.2599628,3.7608697
2024-12-12 00:00:00,2.4710257,3.7775826
2024-12-12 01:00:00,3.4385455,3.845359
2024-12-12 02:00:00,3.6698954,3.8423903
2024-12-12 03:00:00,3.8915465,3.8637984
2024-12-12 04:00:00,3.7457747,3.823023
2024-12-12 05:00:00,3.3226743,3.7427807
2024-12-12 06:00:00,3.052818,3.720877
2024-12-12 07:00:00,2.826083,3.798679
2024-12-12 08:00:00,2.6188786,3.7521186
2024-12-12 09:00:00,2.4052758,3.8095763
2024-12-12 10:00:00,2.2804022,3.8213656
2024-12-12 11:00:00,2.1202466,3.7647426
2024-12-12 12:00:00,2.2058308,3.7097878
2024-12-12 13:00:00,2.524295,3.773626
2024-12-12 14:00:00,3.2591407,3.8004887
2024-12-12 15:00:00,3.813879,3.7962487
2024-12-12 16:00:00,3.898861,3.9415967
2024-12-12 17:00:00,3.9005766,3.8533647
2024-12-12 18:00:00,3.3870213,3.8927417
2024-12-12 19:00:00,3.2338212,3.833883
2024-12-12 20:00:00,3.0175686,3.8314817
2024-12-12 21:00:00,2.7511847,3.8135455
2024-12-12 22:00:00,2.5225453,3.8769987
2024-12-12 23:00:00,2.4355059,3.8894076
2024-12-13 00:00:00,2.3548322,3.837161
2024-12-13 01:00:00,2.396071,3.8361964
2024-12-13 02:00:00,3.0538375,3.8641553
2024-12-13 03:00:00,3.6601841,3.9160452
2024-12-13 04:00:00,3.9493263,3.9621396
2024-12-13 05:00:00,3.7494981,3.915058
2024-12-13 06:00:00,3.4128027,3.8416843
2024-12-13 07:00:00,3.1241918,3.8188915
2024-12-13 08:00:00,2.9034343,3.8429868
2024-12-13 09:00:00,2.625584,3.8596637
2024-12-13 10:00:00,2.4803858,3.8542135
2024-12-13 11:00:00,2.3842132,3.851253
2024-12-13 12:00:00,2.2215934,3.7942352
2024-12-13 13:00:00,2.1218688,3.793523
2024-12-13 14:00:00,2.5674415,3.8059106
2024-12-13 15:00:00,3.4210203,3.83851
2024-12-13 16:00:00,3.9153023,3.8956895
2024-12-13 17:00:00,3.9771523,3.8917005
2024-12-13 18:00:00,3.955313,3.7877252
2024-12-13 19:00:00,3.4142616,3.8396065
2024-12-13 20:00:00,3.1342738,3.8360205
2024-12-13 21:00:00,2.8519547,3.8254638
2024-12-13 22:00:00,2.6640193,3.8154874
2024-12-13 23:00:00,2.527368,3.8207452
2024-12-14 00:00:00,2.3439999,3.8289518
2024-12-14 01:00:00,2.1857212,3.8262684
2024-12-14 02:00:00,2.3608544,3.654764
2024-12-14 03:00:00,3.5026636,3.7654655
2024-12-14 04:00:00,3.5092428,3.8279347
2024-12-14 05:00:00,3.806335,3.879598
2024-12-14 06:00:00,3.7043273,3.8423557
2024-12-14 07:00:00,3.1848927,3.8191607
2024-12-14 08:00:00,2.9506924,3.7349472
2024-12-14 09:00:00,2.703674,3.8059168
2024-12-14 10:00:00,2.51789,3.761304
2024-12-14 11:00:00,2.373057,3.754896
2024-12-14 12:00:00,2.2085116,3.7551234
2024-12-14 13:00:00,2.1793349,3.75829
2024-12-14 14:00:00,2.0701418,3.773598
2024-12-14 15:00:00,2.4426062,3.7823856
2024-12-14 16:00:00,3.4643545,3.754398
2024-12-14 17:00:00,4.134068,3.9294739
2024-12-14 18:00:00,4.1975856,4.0129013
2024-12-14 19:00:00,3.9662385,3.9125407
2024-12-14 20:00:00,3.4906414,3.8236308
2024-12-14 21:00:00,3.0923965,3.8111293
2024-12-14 22:00:00,2.815668,3.8785875
2024-12-14 23:00:00,2.6552458,3.8219817
2024-12-15 00:00:00,2.438707,3.879115
2024-12-15 01:00:00,2.318876,3.8362994
2024-12-15 02:00:00,2.1705015,3.8324227
2024-12-15 03:00:00,2.475052,3.8567073
2024-12-15 04:00:00,2.696003,3.838848
2024-12-15 05:00:00,3.35264,3.8634272
2024-12-15 06:00:00,3.7003472,3.9149475
2024-12-15 07:00:00,3.801135,3.927392
2024-12-15 08:00:00,3.2849596,3.8502321
2024-12-15 09:00:00,2.909478,3.8245368
2024-12-15 10:00:00,2.5976758,3.8505847
2024-12-15 11:00:00,2.4416568,3.8795311
2024-12-15 12:00:00,2.3107202,3.8693988
2024-12-15 13:00:00,2.0530148,3.872911
2024-12-15 14:00:00,1.906453,3.8757813
2024-12-15 15:00:00,1.9730692,3.8857474
2024-12-15 16:00:00,2.5226364,3.8276575
2024-12-15 17:00:00,3.6238842,3.8449516
2024-12-15 18:00:00,4.0322905,3.9078534
2024-12-15 19:00:00,4.1449256,3.9289808
2024-12-15 20:00:00,3.774902,3.905439
2024-12-15 21:00:00,3.3173192,3.8495374
2024-12-15 22:00:00,2.9507911,3.8551538
2024-12-15 23:00:00,2.7227342,3.8648674
2024-12-16 00:00:00,2.5656352,3.801541
2024-12-16 01:00:00,2.336459,3.8493037
2024-12-16 02:00:00,2.2079058,3.7925372
2024-12-16 03:00:00,2.0918262,3.8405654
2024-12-16 04:00:00,2.3774683,3.8556094
2024-12-16 05:00:00,3.298249,3.878623
2024-12-16 06:00:00,3.4922736,3.876349
2024-12-16 07:00:00,3.7399125,3.848534
2024-12-16 08:00:00,3.6608498,3.820121
2024-12-16 09:00:00,3.157083,3.8183393
2024-12-16 10:00:00,2.6988382,3.8056152
2024-12-16 11:00:00,2.6052792,3.7228673
2024-12-16 12:00:00,2.4581218,3.8559399
2024-12-16 13:00:00,2.2894917,3.801473
2024-12-16 14:00:00,2.0906515,3.8572404
2024-12-16 15:00:00,1.9910772,3.866706
2024-12-16 16:00:00,2.0489676,3.864055
2024-12-16 17:00:00,3.2130532,3.8215053
2024-12-16 18:00:00,3.7199137,3.8378863
2024-12-16 19:00:00,4.1326056,3.9282286
2024-12-16 20:00:00,4.181255,3.9155438
2024-12-16 21:00:00,3.9753172,3.9757438
2024-12-16 22:00:00,3.2940512,3.9558651
2024-12-16 23:00:00,2.9791465,3.9062088
2024-12-17 00:00:00,2.744089,3.9079397
2024-12-17 01:00:00,2.5009005,3.8540978
2024-12-17 02:00:00,2.3252292,3.8542728
2024-12-17 03:00:00,2.2154245,3.8617756
2024-12-17 04:00:00,2.1017473,3.8573358
2024-12-17 05:00:00,2.769236,3.8794696
2024-12-17 06:00:00,3.5747333,3.915429
2024-12-17 07:00:00,3.4675698,3.895184
2024-12-17 08:00:00,3.7884717,3.8795924
2024-12-17 09:00:00,3.6735058,3.9059243
2024-12-17 10:00:00,3.123425,3.8290915
2024-12-17 11:00:00,2.8035805,3.8226905
2024-12-17 12:00:00,2.562243,3.7984488
2024-12-17 13:00:00,2.4486787,3.8632267
2024-12-17 14:00:00,2.2885952,3.804005
2024-12-17 15:00:00,2.1775947,3.8010416
2024-12-17 16:00:00,2.0464177,3.802165
2024-12-17 17:00:00,2.28942,3.8039773
2024-12-17 18:00:00,3.536183,3.8567321
2024-12-17 19:00:00,4.066646,3.9215438
2024-12-17 20:00:00,4.294395,3.9640312
2024-12-17 21:00:00,4.1468697,3.8731692
2024-12-17 22:00:00,3.709481,3.8493257
2024-12-17 23:00:00,3.3375545,3.8252645
2024-12-18 00:00:00,3.007667,3.8166766
2024-12-18 01:00:00,2.7763398,3.8085682
2024-12-18 02:00:00,2.576057,3.8761828
2024-12-18 03:00:00,2.4247868,3.8257968
2024-12-18 04:00:00,2.2365382,3.8226683
2024-12-18 05:00:00,2.2237587,3.8318703
2024-12-18 06:00:00,3.0788136,3.8649952
2024-12-18 07:00:00,3.6267307,3.893758
2024-12-18 08:00:00,3.8240805,3.8564487
2024-12-18 09:00:00,3.741318,3.8999867
2024-12-18 10:00:00,3.376795,3.8332407
2024-12-18 11:00:00,3.1647556,3.7422886
2024-12-18 12:00:00,2.739811,3.7542865
2024-12-18 13:00:00,2.646016,3.8466434
2024-12-18 14:00:00,2.4632494,3.789311
2024-12-18 15:00:00,2.2902453,3.7836788
2024-12-18 16:00:00,2.1870883,3.781366
2024-12-18 17:00:00,2.12217,3.786645
2024-12-18 18:00:00,2.8618493,3.8102841
2024-12-18 20:00:00,3.917781,3.8927054
2024-12-18 21:00:00,4.2625113,3.9540052
2024-12-18 22:00:00,4.6351604,4.005527
2024-12-18 23:00:00,3.881603,3.85997
2024-12-19 00:00:00,3.220327,3.770871
2024-12-19 01:00:00,2.84688,3.784993
2024-12-19 02:00:00,2.6826317,3.8156602
2024-12-19 03:00:00,2.5118303,3.811374
2024-12-19 04:00:00,2.41597,3.813216
2024-12-19 05:00:00,2.2248042,3.8228235
2024-12-19 06:00:00,2.160408,3.8272069
2024-12-19 07:00:00,3.2728143,3.904641
2024-12-19 08:00:00,3.7735798,3.92935
2024-12-19 09:00:00,3.6501138,3.8883326
2024-12-19 11:00:00,3.7207944,3.821421
2024-12-19 12:00:00,3.2080584,3.73515
2024-12-19 13:00:00,2.6968098,3.781688
2024-12-19 14:00:00,2.471806,3.7734797
2024-12-19 15:00:00,2.3952293,3.7973971
2024-12-19 16:00:00,2.2816174,3.792641
2024-12-19 17:00:00,2.11144,3.8433478
2024-12-19 18:00:00,2.0920532,3.7932189
2024-12-19 19:00:00,2.956576,3.8230448
2024-12-19 20:00:00,3.8182473,3.8946543
2024-12-19 21:00:00,4.269125,3.9605598
2024-12-19 22:00:00,4.1120205,3.8879595
2024-12-19 23:00:00,3.9480584,3.815118
2024-12-20 00:00:00,3.3025508,3.804247
2024-12-20 01:00:00,2.9731677,3.8132458
2024-12-20 02:00:00,2.7998743,3.8202152
2024-12-20 03:00:00,2.6024172,3.8236072
2024-12-20 04:00:00,2.4548762,3.8256023
2024-12-20 05:00:00,2.2553978,3.8178375
2024-12-20 06:00:00,2.2040746,3.764266
2024-12-20 07:00:00,2.8114977,3.7879548
2024-12-20 08:00:00,3.3489785,3.8002188
2024-12-20 09:00:00,3.4126916,3.7971623
2024-12-20 10:00:00,3.5319045,3.8150034
2024-12-20 11:00:00,3.3065414,3.8487453
2024-12-20 12:00:00,3.0871572,3.6179163
2024-12-20 13:00:00,2.7274818,3.7313008
2024-12-20 14:00:00,2.4979343,3.771635
2024-12-20 15:00:00,2.3852723,3.7747488
2024-12-20 16:00:00,2.2860157,3.7662606
2024-12-20 17:00:00,2.1032004,3.7644575
2024-12-20 18:00:00,1.9986237,3.763762
2024-12-20 19:00:00,2.4835508,3.7209527
2024-12-20 20:00:00,3.5199013,3.8393877
2024-12-20 21:00:00,3.989376,3.8961995
2024-12-20 22:00:00,4.0425777,3.8842685
2024-12-20 23:00:00,3.9255016,3.8308485
2024-12-21 00:00:00,3.4415374,3.7569265
2024-12-21 01:00:00,3.125746,3.812194
2024-12-21 02:00:00,2.821848,3.8161178
2024-12-21 03:00:00,2.652803,3.8105204
2024-12-21 04:00:00,2.5144362,3.7582107
2024-12-21 05:00:00,2.3330123,3.7580197
2024-12-21 06:00:00,2.2641764,3.7613544
2024-12-21 07:00:00,2.498479,3.7798104
2024-12-21 08:00:00,2.689207,3.757288
2024-12-21 09:00:00,3.1574836,3.764417
2024-12-21 10:00:00,3.4112377,3.7954867
2024-12-21 11:00:00,3.5952137,3.8240857
2024-12-21 12:00:00,3.416358,3.7794867
2024-12-21 13:00:00,2.9710834,3.7935452
2024-12-21 14:00:00,2.726516,3.7384381
2024-12-21 15:00:00,2.5360925,3.749605
2024-12-21 16:00:00,2.4759386,3.7602842
2024-12-21 17:00:00,2.3090432,3.7617803
2024-12-21 18:00:00,2.1374662,3.7050729
2024-12-21 19:00:00,2.1888797,3.71293
2024-12-21 20:00:00,3.1233718,3.7607162
2024-12-21 21:00:00,3.605312,3.7889488
2024-12-21 22:00:00,3.956231,3.899669
2024-12-21 23:00:00,3.9291754,3.8823333
2024-12-22 00:00:00,3.8251858,3.8158724
2024-12-22 01:00:00,3.3037922,3.7378688
2024-12-22 02:00:00,3.011984,3.7301164
2024-12-22 03:00:00,2.818272,3.728488
2024-12-22 04:00:00,2.6123343,3.7295654
2024-12-22 05:00:00,2.4557555,3.7343166
2024-12-22 06:00:00,2.3510623,3.7388973
2024-12-22 07:00:00,2.249943,3.7431917
2024-12-22 08:00:00,2.5128007,3.758569
2024-12-22 09:00:00,3.1738706,3.786286
2024-12-22 10:00:00,3.3576574,3.789969
2024-12-22 11:00:00,3.2998853,3.7721612
2024-12-22 12:00:00,3.3058426,3.7587492
2024-12-22 13:00:00,3.1039798,3.736944
2024-12-22 14:00:00,2.8044782,3.7222352
2024-12-22 15:00:00,2.665626,3.7398398
2024-12-22 16:00:00,2.4691632,3.7562268
2024-12-22 17:00:00,2.3100998,3.7622995
2024-12-22 18:00:00,2.1291833,3.7666836
2024-12-22 19:00:00,2.0809338,3.7727659
2024-12-22 20:00:00,2.4479647,3.7257435
2024-12-22 21:00:00,3.1830804,3.8106945
2024-12-22 22:00:00,3.6469905,3.7797499
2024-12-22 23:00:00,3.8286345,3.797619
2024-12-23 00:00:00,3.6768062,3.755844
2024-12-23 01:00:00,3.2157927,3.7554283
2024-12-23 02:00:00,2.9683335,3.734605
2024-12-23 03:00:00,2.7216609,3.745388
2024-12-23 04:00:00,2.544831,3.7477467
2024-12-23 05:00:00,2.4826455,3.578735
2024-12-23 06:00:00,2.1914036,3.6796932
2024-12-23 07:00:00,2.1417472,3.6858444
2024-12-23 08:00:00,2.1969295,3.684837
2024-12-23 09:00:00,2.4244213,3.672591
2024-12-23 10:00:00,2.8990088,3.61027
2024-12-23 11:00:00,2.9490492,3.7304568
2024-12-23 12:00:00,3.1148012,3.686349
2024-12-23 13:00:00,3.1821098,3.7361472
2024-12-23 14:00:00,2.802563,3.7015471
2024-12-23 15:00:00,2.636294,3.698608
2024-12-23 16:00:00,2.4085515,3.655433
2024-12-23 17:00:00,2.2960582,3.7386103
2024-12-23 18:00:00,2.1977134,3.6935337
2024-12-23 19:00:00,2.1243284,3.6986773
2024-12-23 20:00:00,2.026265,3.7061152
2024-12-23 21:00:00,2.492186,3.7058256
2024-12-23 22:00:00,3.174971,3.7399843
2024-12-23 23:00:00,3.6653628,3.7860808
2024-12-24 00:00:00,3.6514647,3.8364897
2024-12-24 01:00:00,3.4904037,3.719656
2024-12-24 02:00:00,3.115198,3.729826
2024-12-24 03:00:00,3.0072315,3.678096
2024-12-24 04:00:00,2.758042,3.6710358
2024-12-24 05:00:00,2.5295188,3.663155
2024-12-24 06:00:00,2.3811545,3.6728127
2024-12-24 07:00:00,2.2800424,3.6785805
2024-12-24 08:00:00,2.2585742,3.675437
2024-12-24 09:00:00,2.361126,3.7380593
2024-12-24 10:00:00,2.474193,3.6586156
2024-12-24 11:00:00,2.8272202,3.6578972
2024-12-24 12:00:00,3.1185224,3.681846
2024-12-24 13:00:00,3.3396046,3.698903
2024-12-24 14:00:00,3.2912707,3.741921
2024-12-24 15:00:00,3.0488687,3.7203438
2024-12-24 16:00:00,2.9236026,3.719905
2024-12-24 17:00:00,2.7692149,3.7279155
2024-12-24 18:00:00,2.5521088,3.7294898
2024-12-24 19:00:00,2.457065,3.6814415
2024-12-24 20:00:00,2.30578,3.7462058
2024-12-24 21:00:00,2.2497342,3.6878011
2024-12-24 22:00:00,2.7351055,3.76682
2024-12-24 23:00:00,3.3700485,3.7546878
2024-12-25 00:00:00,3.5499642,3.757069
2024-12-25 01:00:00,3.5975785,3.7539628
2024-12-25 02:00:00,3.5361323,3.7970421
2024-12-25 03:00:00,3.0982864,3.730797
2024-12-25 04:00:00,2.8625834,3.647099
2024-12-25 05:00:00,2.7516444,3.6556318
2024-12-25 06:00:00,2.5992634,3.6657007
2024-12-25 07:00:00,2.4237177,3.6722407
2024-12-25 08:00:00,2.2445064,3.666883
2024-12-25 09:00:00,2.232791,3.6714745
2024-12-25 10:00:00,2.472198,3.6730177
2024-12-25 11:00:00,2.4582632,3.6629195
2024-12-25 12:00:00,2.3874109,3.6386409
2024-12-25 13:00:00,2.8151937,3.5858052
2024-12-25 14:00:00,3.333655,3.6979206
2024-12-25 15:00:00,3.44781,3.785475
2024-12-25 16:00:00,3.222211,3.744471
2024-12-25 17:00:00,2.9666615,3.7153153
2024-12-25 18:00:00,2.756362,3.6633737
2024-12-25 19:00:00,2.6281798,3.7277117
2024-12-25 20:00:00,2.46645,3.6771042
2024-12-25 21:00:00,2.3792155,3.677344
2024-12-25 22:00:00,2.258198,3.673401
2024-12-25 23:00:00,2.3201818,3.7384996
2024-12-26 00:00:00,2.5307167,3.6884444
2024-12-26 01:00:00,3.4248273,3.6119049
2024-12-26 02:00:00,3.377873,3.7270749
2024-12-26 03:00:00,3.4359264,3.7345366
2024-12-26 04:00:00,3.230247,3.6831234
2024-12-26 05:00:00,2.8353336,3.7072816
2024-12-26 06:00:00,2.5526552,3.6409926
2024-12-26 07:00:00,2.405916,3.6431105
2024-12-26 08:00:00,2.2624404,3.658896
2024-12-26 09:00:00,2.1611273,3.6683624
2024-12-26 10:00:00,2.105722,3.667376
2024-12-26 11:00:00,2.1616893,3.662189
2024-12-26 12:00:00,2.601854,3.553881
2024-12-26 13:00:00,2.7814984,3.6718204
2024-12-26 14:00:00,3.1630073,3.7007704
2024-12-26 15:00:00,3.5336058,3.7485259
2024-12-26 16:00:00,3.5025465,3.7201614
2024-12-26 17:00:00,3.4200525,3.7611969
2024-12-26 18:00:00,3.0610747,3.6713552
2024-12-26 19:00:00,2.974121,3.7378263
2024-12-26 20:00:00,2.7544785,3.727525
2024-12-26 21:00:00,2.5134706,3.717874
2024-12-26 22:00:00,2.4254055,3.7245872
2024-12-26 23:00:00,2.2853432,3.7324588
2024-12-27 00:00:00,2.2898967,3.6841884
2024-12-27 01:00:00,2.9020977,3.7023492
2024-12-27 02:00:00,3.3701108,3.7330112
2024-12-27 03:00:00,3.445282,3.733986
2024-12-27 04:00:00,3.5421536,3.8105776
2024-12-27 05:00:00,3.3124142,3.7641761
2024-12-27 06:00:00,2.9512398,3.7113183
2024-12-27 07:00:00,2.6849322,3.7066283
2024-12-27 08:00:00,2.5600803,3.6687825
2024-12-27 09:00:00,2.4274342,3.73022
2024-12-27 10:00:00,2.2473366,3.7372572
2024-12-27 11:00:00,2.1505597,3.732918
2024-12-27 12:00:00,2.1096287,3.7420225
2024-12-27 13:00:00,2.5812936,3.701042
2024-12-27 14:00:00,3.1264002,3.7830386
2024-12-27 15:00:00,3.3992488,3.6777923
2024-12-27 16:00:00,3.5970533,3.8224633
2024-12-27 17:00:00,3.6492171,3.821497
2024-12-27 18:00:00,3.4143472,3.7128847
2024-12-27 19:00:00,3.0626256,3.6829557
2024-12-27 20:00:00,2.8888183,3.6978986
2024-12-27 21:00:00,2.680203,3.7523086
2024-12-27 22:00:00,2.4445899,3.7496197
2024-12-27 23:00:00,2.2703001,3.745965
2024-12-28 00:00:00,2.2077157,3.6809623
2024-12-28 01:00:00,2.2089193,3.6815238
2024-12-28 02:00:00,2.5888307,3.6819847
2024-12-28 03:00:00,3.1224391,3.7067113
2024-12-28 04:00:00,3.2454746,3.6966567
2024-12-28 05:00:00,3.2661197,3.6913903
2024-12-28 06:00:00,2.9799895,3.7253249
2024-12-28 07:00:00,2.6442738,3.7011385
2024-12-28 08:00:00,2.4636476,3.7104766
2024-12-28 09:00:00,2.3261228,3.73449
2024-12-28 10:00:00,2.2312338,3.7434676
2024-12-28 11:00:00,2.0627522,3.7433057
2024-12-28 12:00:00,1.9525385,3.7550633
2024-12-28 13:00:00,1.9022027,3.7177908
2024-12-28 14:00:00,2.1523967,3.7643385
2024-12-28 15:00:00,2.9966285,3.7179637
2024-12-28 16:00:00,3.2997184,3.7301164
2024-12-28 17:00:00,3.6490624,3.7722344
2024-12-28 18:00:00,3.6937175,3.8396792
2024-12-28 19:00:00,3.536976,3.7432725
2024-12-28 20:00:00,2.9783523,3.768905
2024-12-28 21:00:00,2.6606128,3.7687511
2024-12-28 22:00:00,2.4265814,3.7689233
2024-12-28 23:00:00,2.2447014,3.7103672
2024-12-29 00:00:00,2.140572,3.711146
2024-12-29 01:00:00,1.9550452,3.7102683
2024-12-29 02:00:00,2.1174552,3.6991918
2024-12-29 03:00:00,2.6400971,3.6995113
2024-12-29 04:00:00,3.164362,3.7119186
2024-12-29 05:00:00,3.3079617,3.7104044
2024-12-29 06:00:00,3.404786,3.7858803
2024-12-29 07:00:00,3.1821198,3.6847374
2024-12-29 08:00:00,2.8239005,3.6477313
2024-12-29 09:00:00,2.6240814,3.6617694
2024-12-29 10:00:00,2.3435376,3.730715
2024-12-29 11:00:00,2.206996,3.6837654
2024-12-29 12:00:00,2.0842664,3.6867585
2024-12-29 13:00:00,1.994747,3.689073
2024-12-29 14:00:00,1.9722843,3.691895
2024-12-29 15:00:00,2.5850937,3.6964805
2024-12-29 16:00:00,3.4028554,3.7364178
2024-12-29 17:00:00,3.7542734,3.7782006
2024-12-29 18:00:00,3.911834,3.8628166
2024-12-29 19:00:00,3.7603247,3.8073845
2024-12-29 20:00:00,3.3302112,3.7416978
2024-12-29 21:00:00,3.0722458,3.741392
2024-12-29 22:00:00,2.748271,3.7354743
2024-12-29 23:00:00,2.5600307,3.7342455
2024-12-30 00:00:00,2.3399704,3.7422407
2024-12-30 01:00:00,2.1459193,3.750358
2024-12-30 02:00:00,2.0701075,3.7572896
2024-12-30 03:00:00,2.3177302,3.7641177
2024-12-30 04:00:00,2.820395,3.7672882
2024-12-30 05:00:00,3.3306336,3.7853975
2024-12-30 06:00:00,3.5535066,3.8095639
2024-12-30 07:00:00,3.4552588,3.7853637
2024-12-30 08:00:00,3.115826,3.7343657
2024-12-30 09:00:00,2.7678912,3.7196429
2024-12-30 10:00:00,2.5499337,3.6881685
2024-12-30 11:00:00,2.454376,3.7667847
2024-12-30 12:00:00,2.2291362,3.7769334
2024-12-30 13:00:00,2.0897653,3.7693796
2024-12-30 14:00:00,2.019498,3.7714975
2024-12-30 15:00:00,1.9631032,3.7781522
2024-12-30 16:00:00,2.9719722,3.731275
2024-12-30 17:00:00,3.7124243,3.7781653
2024-12-30 18:00:00,4.0966845,3.9223678
2024-12-30 19:00:00,3.993492,3.875829
2024-12-30 20:00:00,3.7514608,3.7972088
2024-12-30 21:00:00,3.2315998,3.8759403
2024-12-30 22:00:00,2.924023,3.81972
2024-12-30 23:00:00,2.7554998,3.8197367
2024-12-31 00:00:00,2.5803053,3.8195832
2024-12-31 01:00:00,2.4276288,3.8245316
2024-12-31 02:00:00,2.2367938,3.771131
2024-12-31 03:00:00,2.1194465,3.7705402
2024-12-31 04:00:00,2.642621,3.7873409
2024-12-31 05:00:00,3.3525853,3.8206763
2024-12-31 06:00:00,3.4771297,3.8197005
2024-12-31 07:00:00,3.779473,3.8724327
2024-12-31 08:00:00,3.5731966,3.8155985
2024-12-31 09:00:00,3.1939194,3.7576532
2024-12-31 10:00:00,2.8986008,3.7388346
2024-12-31 11:00:00,2.6128714,3.7547438
2024-12-31 12:00:00,2.4413774,3.763269
2024-12-31 13:00:00,2.2869523,3.7638469
2024-12-31 14:00:00,2.181538,3.7685874
2024-12-31 16:00:00,2.0088289,3.7710867
2024-12-31 17:00:00,2.1320844,3.770962
2024-12-31 18:00:00,3.8975089,3.9150574
2024-12-31 19:00:00,4.3940697,3.9861732
2024-12-31 20:00:00,3.9429615,3.9223957
2024-12-31 21:00:00,3.8872435,3.703852
2024-12-31 22:00:00,3.4238186,3.861234
2024-12-31 23:00:00,3.1796854,3.8800156
