真实值_第1小时,预测值_第1小时,真实值_第2小时,预测值_第2小时,真实值_第3小时,预测值_第3小时
4.9,4.6957407,4.9,4.6520176,4.7,4.5639935
4.9,4.6491947,4.7,4.5677624,4.6,4.4475675
4.7,4.606724,4.6,4.4990406,4.5,4.359538
4.6,4.511969,4.5,4.4149146,4.4,4.302859
4.5,4.406957,4.4,4.304372,4.3,4.2091837
4.4,4.369957,4.3,4.269885,4.2,4.1807323
4.3,4.2733006,4.2,4.190997,4.2,4.1303654
4.2,4.158997,4.2,4.161969,4.6,4.2858844
4.2,4.2637877,4.6,4.4718924,4.9,4.643128
4.6,4.3762937,4.9,4.5738654,5.1000004,4.709132
4.9,4.6936493,5.1000004,4.8366494,5.2,4.905215
5.1000004,4.846322,5.2,4.8726163,5.1000004,4.88579
5.2,4.9078355,5.1000004,4.87124,5.0,4.813269
5.1000004,4.8696566,5.0,4.795741,4.8,4.701296
5.0,4.7995048,4.8,4.7257943,4.7,4.6254826
4.8,4.739876,4.7,4.6723967,4.6,4.5729737
4.7,4.5764227,4.6,4.5043736,4.5,4.403503
4.6,4.5090313,4.5,4.428108,4.4,4.3204675
4.5,4.4156923,4.4,4.328999,4.3,4.2424936
4.4,4.309483,4.3,4.265904,4.4,4.242736
4.3,4.236911,4.4,4.336125,4.6,4.4501176
4.4,4.3398533,4.6,4.520741,4.8,4.6648707
4.6,4.4826326,4.8,4.643531,5.0,4.732568
4.8,4.621612,5.0,4.7033963,5.0,4.7307124
5.0,4.7579074,5.0,4.7412524,4.9,4.6855483
5.0,4.7443843,4.9,4.698363,4.7,4.613984
4.9,4.7017193,4.7,4.6248026,4.6,4.508277
4.7,4.6282063,4.6,4.536509,4.5,4.411983
4.6,4.5166197,4.5,4.428194,4.4,4.318701
4.5,4.412305,4.4,4.3192163,4.3,4.231505
4.4,4.329461,4.3,4.237312,4.2,4.165125
4.3,4.26247,4.2,4.2123947,4.3,4.179839
4.2,4.1592665,4.3,4.202022,4.5,4.3797684
4.3,4.279813,4.5,4.5107274,4.8,4.6903386
4.5,4.4654827,4.8,4.6817093,4.9,4.815416
4.8,4.652799,4.9,4.7802944,4.9,4.8360653
4.9,4.7786684,4.9,4.816221,4.8,4.824992
4.9,4.7611847,4.8,4.739609,4.7,4.6840663
4.8,4.7244506,4.7,4.687178,4.7,4.6146855
4.7,4.6425343,4.7,4.597363,4.6,4.5188003
4.7,4.5499997,4.6,4.5018744,4.4,4.424655
4.6,4.5085945,4.4,4.4542146,4.4,4.373179
4.4,4.4324327,4.4,4.358025,4.3,4.2678685
4.4,4.296025,4.3,4.203441,4.2,4.1231866
4.3,4.255174,4.2,4.2125406,4.3,4.186077
4.2,4.1676764,4.3,4.2386646,4.5,4.3265696
4.3,4.198458,4.5,4.3351746,4.6,4.4740686
4.5,4.3410063,4.6,4.4617724,4.7,4.546004
4.6,4.482667,4.7,4.5393653,4.7,4.540879
4.7,4.5859027,4.7,4.568451,4.7,4.5111914
4.7,4.5540442,4.7,4.513138,4.6,4.4409776
4.7,4.5449834,4.6,4.486811,4.5,4.397554
4.6,4.5085745,4.5,4.4343095,4.4,4.3314724
4.5,4.407528,4.4,4.310178,4.3,4.212304
4.4,4.342951,4.3,4.2459493,4.2,4.162333
4.3,4.254085,4.2,4.156683,4.1,4.082642
4.2,4.18977,4.1,4.138673,4.3,4.1071935
4.1,4.115415,4.3,4.1847568,4.6,4.376964
4.3,4.2058954,4.6,4.401211,4.8,4.5640216
4.6,4.4692097,4.8,4.6303473,4.9,4.7223964
4.8,4.6517467,4.9,4.7412014,4.8,4.7659326
4.9,4.760448,4.8,4.787331,4.9,4.7936826
4.8,4.7459674,4.9,4.721828,4.8,4.6664457
4.9,4.6613603,4.8,4.626628,4.7,4.557119
4.8,4.6516547,4.7,4.600076,4.6,4.5155673
4.7,4.5948286,4.6,4.535495,4.5,4.4451714
4.6,4.515977,4.5,4.4530163,4.4,4.3627596
4.5,4.4241104,4.4,4.3361187,4.3,4.238633
4.4,4.3437366,4.3,4.246809,4.2,4.160792
4.3,4.2438745,4.2,4.2126865,4.4,4.199627
4.2,4.1709456,4.4,4.2496552,4.6,4.3386207
4.4,4.199275,4.6,4.330397,4.8,4.4584327
4.6,4.425364,4.8,4.5314775,4.8,4.5882797
4.8,4.563909,4.8,4.617532,4.8,4.611098
4.8,4.630143,4.8,4.607282,4.7,4.5397625
4.8,4.621831,4.7,4.559248,4.6,4.458494
4.7,4.583728,4.6,4.4971714,4.5,4.3774023
4.6,4.5226808,4.5,4.4347973,4.4,4.3202786
4.5,4.393152,4.4,4.2923207,4.3,4.203499
4.4,4.322201,4.3,4.2249894,4.2,4.1502085
4.3,4.2614393,4.2,4.174937,4.1,4.11135
4.2,4.1755548,4.1,4.1769753,4.5,4.2375617
4.1,4.1450834,4.5,4.309866,4.8,4.510836
4.5,4.303154,4.8,4.536581,5.1000004,4.694837
4.8,4.65438,5.1000004,4.8217425,5.1000004,4.9023237
5.1000004,4.7954426,5.1000004,4.850899,5.1000004,4.864249
5.1000004,4.901116,5.1000004,4.8746634,5.0,4.827463
5.1000004,4.843095,5.0,4.7866516,4.9,4.7064843
5.0,4.8066683,4.9,4.741119,4.8,4.649933
4.9,4.6948442,4.8,4.6247916,4.6,4.5241113
4.8,4.619465,4.6,4.547443,4.5,4.4480247
4.6,4.559592,4.5,4.4777565,4.4,4.368585
4.5,4.4345765,4.4,4.3363585,4.3,4.232018
4.4,4.328947,4.3,4.244209,4.2,4.180269
4.3,4.216686,4.2,4.2543073,4.4,4.3347836
4.2,4.1964607,4.4,4.342897,4.7,4.4855056
4.4,4.3218045,4.7,4.508025,4.9,4.634724
4.7,4.4727955,4.9,4.592935,4.9,4.649646
4.9,4.6804123,4.9,4.6694407,4.8,4.6089306
4.9,4.689179,4.8,4.6450834,4.7,4.555396
4.8,4.64265,4.7,4.5439377,4.5,4.4063597
4.7,4.573898,4.5,4.474105,4.4,4.3442783
4.5,4.4788795,4.4,4.3832755,4.3,4.288783
4.4,4.3592734,4.3,4.262494,4.2,4.1828184
4.3,4.2524,4.2,4.162825,4.1,4.0968924
4.2,4.1696205,4.1,4.118129,4.2,4.0872245
4.1,4.096246,4.2,4.097927,4.7,4.323394
4.2,4.1964293,4.7,4.470781,5.0,4.654766
4.7,4.430563,5.0,4.668572,5.2,4.8165164
5.0,4.79363,5.2,4.914906,5.2999997,4.954193
5.2,4.929595,5.2999997,4.9254127,5.2,4.909491
5.2999997,4.934009,5.2,4.872966,5.1000004,4.79675
5.2,4.9275146,5.1000004,4.84059,4.9,4.7358594
5.1000004,4.8223724,4.9,4.734243,4.8,4.623468
4.9,4.760527,4.8,4.6802063,4.6,4.577244
4.8,4.6235304,4.6,4.54866,4.5,4.446502
4.6,4.5724373,4.5,4.486718,4.3,4.3727684
4.5,4.4133744,4.3,4.3125772,4.3,4.214308
4.3,4.2839155,4.3,4.246451,4.3,4.2294273
4.3,4.1454444,4.3,4.2386928,4.5,4.407791
4.3,4.312779,4.5,4.5125265,4.8,4.6647425
4.5,4.4098735,4.8,4.58247,4.9,4.681445
4.8,4.5316243,4.9,4.6277065,4.8,4.6654177
4.9,4.7235613,4.8,4.7106214,4.7,4.648657
4.8,4.690189,4.7,4.624678,4.6,4.514747
4.7,4.59533,4.6,4.4966645,4.5,4.364618
4.6,4.525801,4.5,4.4320917,4.4,4.320245
4.5,4.4015985,4.4,4.3101654,4.3,4.2336717
4.4,4.3498173,4.3,4.259403,4.2,4.1890264
4.3,4.255036,4.2,4.189804,4.1,4.1413083
4.2,4.1807604,4.1,4.171022,4.3,4.1888223
4.1,4.1190453,4.3,4.218011,4.8,4.4299035
4.3,4.256113,4.8,4.507468,5.2,4.678249
4.8,4.507528,5.2,4.7032957,5.2999997,4.8056574
5.2,4.819593,5.2999997,4.887766,5.2999997,4.91324
5.2999997,5.008371,5.2999997,4.977572,5.1000004,4.933695
5.2999997,4.946204,5.1000004,4.8563533,5.0,4.749752
5.1000004,4.896963,5.0,4.788447,4.8,4.657494
5.0,4.7414126,4.8,4.6494403,4.7,4.5273952
4.8,4.674254,4.7,4.5905666,4.5,4.481196
4.7,4.5490437,4.5,4.4608965,4.3,4.350027
4.5,4.4833627,4.3,4.3927693,4.2,4.293107
4.3,4.327549,4.2,4.2420554,4.2,4.1765223
4.2,4.132274,4.2,4.13576,4.3,4.262103
4.2,4.102833,4.3,4.2563243,4.6,4.4428973
4.3,4.2816277,4.6,4.484972,4.8,4.6158104
4.6,4.4193096,4.8,4.5746107,4.9,4.658161
4.8,4.628213,4.9,4.6393986,4.7,4.5941067
4.9,4.7178936,4.7,4.689092,4.7,4.6101246
4.7,4.643386,4.7,4.553842,4.5,4.424779
4.7,4.5397024,4.5,4.446282,4.4,4.324152
4.5,4.4707212,4.4,4.374705,4.3,4.279216
4.4,4.353677,4.3,4.251589,4.2,4.1670012
4.3,4.2622705,4.2,4.165875,4.1,4.0937786
4.2,4.164576,4.1,4.101596,4.2,4.0638385
4.1,4.095106,4.2,4.1011333,4.5,4.2107077
4.2,4.1656837,4.5,4.3991575,4.9,4.5848594
4.5,4.370282,4.9,4.583505,5.1000004,4.726347
4.9,4.619201,5.1000004,4.7686415,5.2,4.8319025
5.1000004,4.8628864,5.2,4.8607273,5.1000004,4.8341527
5.2,4.9017663,5.1000004,4.847235,5.0,4.7704406
5.1000004,4.8455195,5.0,4.7533364,4.8,4.634362
5.0,4.78145,4.8,4.689861,4.7,4.5645547
4.8,4.659867,4.7,4.572332,4.6,4.4548445
4.7,4.5764775,4.6,4.487581,4.4,4.3685536
4.6,4.504279,4.4,4.4171267,4.4,4.3110304
4.4,4.4154625,4.4,4.3242683,4.2,4.238637
4.4,4.246422,4.2,4.206229,4.2,4.1809587
4.2,4.2435284,4.2,4.2896976,4.4,4.352118
4.2,4.168324,4.4,4.3183794,4.6,4.459428
4.4,4.2961736,4.6,4.4812927,4.7,4.604439
4.6,4.4621644,4.7,4.575735,4.8,4.63162
4.7,4.6012373,4.8,4.597157,4.7,4.53796
4.8,4.6112885,4.7,4.5618916,4.6,4.4714055
4.7,4.5823174,4.6,4.4958577,4.5,4.3756084
4.6,4.5412307,4.5,4.449303,4.4,4.328278
4.5,4.427762,4.4,4.333911,4.3,4.2493715
4.4,4.3385134,4.3,4.2487903,4.2,4.1800756
4.3,4.2540193,4.2,4.1810484,4.1,4.126948
4.2,4.1827188,4.1,4.153614,4.2,4.1393027
4.1,4.1135488,4.2,4.137724,4.6,4.2931566
4.2,4.1752405,4.6,4.3802867,4.9,4.5439997
4.6,4.3808804,4.9,4.5594463,5.0,4.672451
4.9,4.6433067,5.0,4.7543354,5.1000004,4.7956944
5.0,4.842618,5.1000004,4.822996,5.0,4.7740836
5.1000004,4.7949996,5.0,4.737781,4.8,4.6494775
5.0,4.7683682,4.8,4.675866,4.7,4.5507774
4.8,4.7238965,4.7,4.6382194,4.6,4.5143847
4.7,4.549656,4.6,4.453619,4.5,4.331989
4.6,4.4614806,4.5,4.3686867,4.3,4.274623
4.5,4.401369,4.3,4.301141,4.2,4.2091107
4.3,4.3127565,4.2,4.2254558,4.2,4.160701
4.2,4.182255,4.2,4.169329,4.2,4.1838417
4.2,4.09399,4.2,4.1095133,4.4,4.280883
4.2,4.1877174,4.4,4.348684,4.6,4.490756
4.4,4.274571,4.6,4.423018,4.7,4.5263133
4.6,4.447978,4.7,4.527703,4.6,4.5527606
4.7,4.5701766,4.6,4.5520587,4.6,4.491718
4.6,4.540803,4.6,4.4747763,4.4,4.3777804
4.6,4.448551,4.4,4.365257,4.4,4.2769995
4.4,4.4158425,4.4,4.3241534,4.3,4.2423353
4.4,4.279914,4.3,4.1856947,4.2,4.1151247
4.3,4.258885,4.2,4.1733875,4.1,4.1101766
4.2,4.178669,4.1,4.1151114,4.1,4.074414
4.1,4.1001806,4.1,4.0910325,4.4,4.1201735
4.1,4.0925913,4.4,4.2081943,4.7,4.370329
4.4,4.1938004,4.7,4.374384,4.9,4.5215545
4.7,4.4634476,4.9,4.5981607,5.0,4.673079
4.9,4.675009,5.0,4.7200837,4.9,4.7229037
5.0,4.78636,4.9,4.7539506,4.9,4.687995
4.9,4.7262306,4.9,4.644373,4.7,4.5260425
4.9,4.642266,4.7,4.5456347,4.6,4.4126344
4.7,4.6030545,4.6,4.498758,4.5,4.36353
4.6,4.4871387,4.5,4.3886347,4.4,4.282857
4.5,4.3921556,4.4,4.2887692,4.3,4.1960483
4.4,4.312614,4.3,4.221265,4.2,4.151184
4.3,4.2552695,4.2,4.208443,4.2,4.1761756
4.2,4.1778464,4.2,4.1807275,4.2,4.2270274
4.2,4.176883,4.2,4.2500257,4.5,4.3265123
4.2,4.2258453,4.5,4.3727255,4.6,4.5019703
4.5,4.265495,4.6,4.3878345,4.7,4.4844484
4.6,4.5124087,4.7,4.5322104,4.7,4.504283
4.7,4.584505,4.7,4.548127,4.6,4.4743876
4.7,4.5231333,4.6,4.454419,4.5,4.3584366
4.6,4.516342,4.5,4.4303713,4.4,4.323787
4.5,4.4181533,4.4,4.327249,4.3,4.2458663
4.4,4.3308215,4.3,4.2423363,4.2,4.17491
4.3,4.263055,4.2,4.181119,4.2,4.1204524
4.2,4.1894655,4.2,4.1411605,4.2,4.109099
4.2,4.1195364,4.2,4.122306,4.4,4.1388845
4.2,4.1711445,4.4,4.2846704,4.6,4.3982635
4.4,4.250905,4.6,4.4040217,4.8,4.5296154
4.6,4.4650025,4.8,4.5860424,4.9,4.6512637
4.8,4.615437,4.9,4.638484,4.8,4.6098037
4.9,4.71367,4.8,4.6878476,4.7,4.6216536
4.8,4.6535754,4.7,4.577983,4.6,4.4663014
4.7,4.57606,4.6,4.48077,4.6,4.3547044
4.6,4.5147247,4.6,4.423186,4.4,4.313072
4.6,4.404127,4.4,4.3054247,4.3,4.216705
4.4,4.3727202,4.3,4.281857,4.2,4.208507
4.3,4.2775865,4.2,4.1931734,4.1,4.1304293
4.2,4.1680946,4.1,4.1390553,4.1,4.123994
4.1,4.1237993,4.1,4.1301947,4.2,4.1967006
4.1,4.1242995,4.2,4.1980076,4.4,4.272649
4.2,4.1400986,4.4,4.2725554,4.6,4.3954144
4.4,4.258135,4.6,4.3566823,4.6,4.432309
4.6,4.4452214,4.6,4.4622054,4.6,4.4384737
4.6,4.531307,4.6,4.489914,4.5,4.4158287
4.6,4.4808264,4.5,4.4157596,4.5,4.327334
4.5,4.4491134,4.5,4.3614783,4.4,4.267185
4.5,4.3318267,4.4,4.233928,4.4,4.1563034
4.4,4.3193674,4.4,4.2219906,4.3,4.147934
4.4,4.2681723,4.3,4.18146,4.2,4.114859
4.3,4.262218,4.2,4.198475,4.1,4.151344
4.2,4.188319,4.1,4.169505,4.4,4.163524
4.1,4.1452765,4.4,4.2006955,4.6,4.248927
4.4,4.1512885,4.6,4.2591825,4.7,4.3526306
4.6,4.4219103,4.7,4.5288577,4.8,4.5939083
4.7,4.56765,4.8,4.575653,4.7,4.536763
4.8,4.647574,4.7,4.6197977,4.6,4.5496545
4.7,4.5850725,4.6,4.514567,4.6,4.413858
4.6,4.5288806,4.6,4.4470243,4.5,4.3384786
4.6,4.4259176,4.5,4.3367834,4.3,4.2537513
4.5,4.3787208,4.3,4.289952,4.2,4.2188535
4.3,4.3078647,4.2,4.2207313,4.2,4.157195
4.2,4.183514,4.2,4.1057324,4.1,4.0548606
4.2,4.0974154,4.1,4.0678525,4.1,4.0639696
4.1,4.123174,4.1,4.1327133,4.3,4.1941757
4.1,4.110898,4.3,4.1643043,4.5,4.2345657
4.3,4.150004,4.5,4.2772803,4.7,4.3991213
4.5,4.34895,4.7,4.4403667,4.7,4.5065317
4.7,4.5346727,4.7,4.5323744,4.7,4.4845533
4.7,4.585958,4.7,4.5360374,4.6,4.451067
4.7,4.5715666,4.6,4.4883585,4.5,4.3727126
4.6,4.509948,4.5,4.417303,4.5,4.3100886
4.5,4.413101,4.5,4.3131104,4.3,4.2223315
4.5,4.342413,4.3,4.246193,4.3,4.167132
4.3,4.301095,4.3,4.2158957,4.2,4.1536365
4.3,4.180837,4.2,4.1209354,4.3,4.0809054
4.2,4.197133,4.3,4.1875515,4.3,4.186864
4.3,4.184397,4.3,4.254583,4.5,4.3296323
4.3,4.3058376,4.5,4.425506,4.7,4.525846
4.5,4.3644996,4.7,4.469179,4.7,4.5449595
4.7,4.519695,4.7,4.548065,4.7,4.52789
4.7,4.591275,4.7,4.5640645,4.7,4.498544
4.7,4.574117,4.7,4.510102,4.6,4.4136314
4.7,4.5155,4.6,4.434307,4.5,4.3320737
4.6,4.4723897,4.5,4.3827486,4.4,4.2941275
4.5,4.382705,4.4,4.2939034,4.3,4.222753
4.4,4.3223724,4.3,4.2363825,4.2,4.1733055
4.3,4.2647223,4.2,4.2034845,4.2,4.1586676
4.2,4.196772,4.2,4.1740136,4.2,4.1627936
4.2,4.1413765,4.2,4.149894,4.4,4.195079
4.2,4.1926723,4.4,4.2866936,4.6,4.38813
4.4,4.241847,4.6,4.376978,4.8,4.492237
4.6,4.4333344,4.8,4.5435376,4.9,4.609359
4.8,4.6098666,4.9,4.613662,4.8,4.5697436
4.9,4.698074,4.8,4.664433,4.8,4.591952
4.8,4.645095,4.8,4.5676765,4.7,4.4606595
4.8,4.6149,4.7,4.5197945,4.6,4.3916383
4.7,4.539943,4.6,4.451718,4.5,4.34635
4.6,4.484416,4.5,4.3993497,4.5,4.3098927
4.5,4.4058046,4.5,4.322417,4.4,4.2493057
4.5,4.327082,4.4,4.2592196,4.4,4.2095027
4.4,4.312256,4.4,4.2983985,4.4,4.2977767
4.4,4.3082333,4.4,4.353041,4.5,4.4008527
4.4,4.3503623,4.5,4.444323,4.7,4.5277147
4.5,4.427355,4.7,4.54334,4.7,4.622053
4.7,4.4998555,4.7,4.575208,4.7,4.6087675
4.7,4.650367,4.7,4.6370997,4.7,4.576444
4.7,4.551035,4.7,4.506792,4.6,4.4351583
4.7,4.5141525,4.6,4.452725,4.5,4.3671165
4.6,4.492863,4.5,4.4201183,4.4,4.3407917
4.5,4.4372473,4.4,4.361268,4.4,4.290282
4.4,4.342691,4.4,4.271251,4.3,4.2177215
4.4,4.2587695,4.3,4.2163997,4.2,4.186746
4.3,4.264019,4.2,4.234145,4.3,4.215111
4.2,4.2190447,4.3,4.2292776,4.4,4.249537
4.3,4.2127757,4.4,4.340878,4.7,4.46812
4.4,4.3455215,4.7,4.494366,4.9,4.6039906
4.7,4.4660435,4.9,4.584032,5.0,4.6509066
4.9,4.68754,5.0,4.6907444,5.0,4.6549463
5.0,4.770412,5.0,4.741201,4.9,4.682437
5.0,4.7229424,4.9,4.6453776,4.8,4.5387807
4.9,4.69091,4.8,4.6002703,4.7,4.478374
4.8,4.603622,4.7,4.514737,4.6,4.400426
4.7,4.5449677,4.6,4.4563365,4.5,4.3535285
4.6,4.472347,4.5,4.388535,4.4,4.308315
4.5,4.4189725,4.4,4.348675,4.4,4.288513
4.4,4.321996,4.4,4.3005633,4.4,4.2899895
4.4,4.3093905,4.4,4.361859,4.5,4.4159536
4.4,4.3577657,4.5,4.4844804,4.7,4.586572
4.5,4.446338,4.7,4.5808764,4.8,4.6685305
4.7,4.507879,4.8,4.604959,4.5,4.6535416
4.8,4.6284847,4.5,4.6235957,4.3,4.5658617
4.5,4.6197004,4.3,4.580757,4.0,4.510834
4.3,4.4547615,4.0,4.401281,4.0,4.3280034
4.0,4.2786837,4.0,4.239855,3.8999999,4.1995416
4.0,4.0127974,3.8999999,3.9993613,3.8999999,3.9842823
3.8999999,3.9593763,3.8999999,3.9527054,3.8999999,3.9381473
3.8999999,3.837263,3.8999999,3.8329527,3.8,3.8285494
3.8999999,3.8277757,3.8,3.8224235,3.8,3.822277
3.8,3.860604,3.8,3.869151,3.8,3.8784056
3.8,3.8819273,3.8,3.9732628,3.8,4.057124
3.8,3.8951313,3.8,3.95573,3.7,4.0061245
3.8,3.8632336,3.7,3.8482008,3.7,3.858717
3.7,3.9044528,3.7,3.8836005,3.7,3.8780298
3.7,3.7715492,3.7,3.7633498,3.7,3.7646358
3.7,3.755144,3.7,3.751062,3.8,3.7561336
3.7,3.7692382,3.8,3.7672832,3.7,3.773653
3.8,3.7813303,3.7,3.7836134,3.7,3.7931242
3.7,3.762204,3.7,3.7847326,3.7,3.8102505
3.7,3.734484,3.7,3.7572765,3.7,3.787115
3.7,3.735952,3.7,3.7614136,3.7,3.7922585
3.7,3.7638988,3.7,3.7978168,3.7,3.8195183
3.7,3.7165303,3.7,3.7646863,3.6,3.8064945
3.7,3.8445883,3.6,3.8672535,3.7,3.9022217
3.6,3.8026574,3.7,3.8208528,3.7,3.8431818
3.7,3.7585633,3.7,3.7771327,3.7,3.8036613
3.7,3.790158,3.7,3.8026733,3.7,3.8180835
3.7,3.7210264,3.7,3.730274,3.7,3.751003
3.7,3.773176,3.7,3.7700503,3.7,3.7778537
3.7,3.7327302,3.7,3.7432277,3.6,3.764963
3.7,3.7192028,3.6,3.73678,3.6,3.7635155
3.6,3.714667,3.6,3.7401135,3.6,3.7715974
3.6,3.659699,3.6,3.6977236,3.7,3.7423437
3.6,3.6406682,3.7,3.6955395,3.6,3.755784
3.7,3.78503,3.6,3.828958,3.6,3.869341
3.6,3.7190778,3.6,3.7619746,3.5,3.7987216
3.6,3.7579215,3.5,3.7841904,3.7,3.815605
3.5,3.7087986,3.7,3.7058463,3.7,3.720701
3.7,3.6733673,3.7,3.6799405,3.7,3.7040632
3.7,3.7448559,3.7,3.745442,3.6,3.7591326
3.7,3.7494674,3.6,3.747739,3.7,3.7591667
3.6,3.7673566,3.7,3.7596006,3.7,3.765845
3.7,3.7358358,3.7,3.7378132,3.7,3.7528477
3.7,3.775514,3.7,3.7807093,3.6,3.7951603
3.7,3.7171135,3.6,3.7412865,3.7,3.7718773
3.6,3.7013066,3.7,3.7315874,3.7,3.7657855
3.7,3.7026672,3.7,3.7495558,3.6,3.7957215
3.7,3.7108061,3.6,3.7483797,3.6,3.783691
3.6,3.803131,3.6,3.8302577,3.7,3.8580196
3.6,3.765053,3.7,3.7876074,3.6,3.8168004
3.7,3.7271516,3.6,3.75191,3.6,3.7844498
3.6,3.7108667,3.6,3.7151005,3.7,3.7311418
3.6,3.6949985,3.7,3.7002366,3.7,3.7176108
3.7,3.776723,3.7,3.7879539,3.6,3.8083074
3.7,3.731728,3.6,3.7416184,3.7,3.7632773
3.6,3.732504,3.7,3.7506046,3.7,3.7778208
3.7,3.7249408,3.7,3.7509127,3.7,3.7830296
3.7,3.709544,3.7,3.7485716,3.4,3.7908285
3.7,3.7117903,3.4,3.7522845,3.6,3.7948651
3.4,3.7391722,3.6,3.776419,3.7,3.8037398
3.6,3.7588756,3.7,3.8125107,3.7,3.8652363
3.7,3.7547038,3.7,3.7532928,3.7,3.7670658
3.7,3.7789073,3.7,3.7725463,3.7,3.7811737
3.7,3.798149,3.7,3.7980747,3.7,3.8087983
3.7,3.7493484,3.7,3.7493675,3.7,3.763527
3.7,3.7663982,3.7,3.763497,3.5,3.77444
3.7,3.7770643,3.5,3.7754292,3.7,3.7863274
3.5,3.7679093,3.7,3.7699816,3.8,3.7844722
3.7,3.7835774,3.8,3.818241,3.8999999,3.8532667
3.8,3.7687948,3.8999999,3.7882283,3.8999999,3.813511
3.8999999,3.827523,3.8999999,3.827211,4.0,3.8297532
3.8999999,3.8628643,4.0,3.8551695,4.0,3.8495288
4.0,4.038601,4.0,4.099407,4.0,4.1663785
4.0,4.097555,4.0,4.1421556,4.1,4.1861696
4.0,3.9650996,4.1,3.9510856,4.2,3.9429853
4.1,3.9007587,4.2,3.8837993,4.0,3.8763266
4.2,4.0917363,4.0,4.0883937,4.2,4.1048274
4.0,4.096013,4.2,4.09922,4.2,4.108899
4.2,4.064495,4.2,4.078326,4.2,4.1125994
4.2,4.1141067,4.2,4.106288,4.3,4.108837
4.2,4.1731296,4.3,4.160237,4.3,4.1493273
4.3,4.2368526,4.3,4.238155,4.2,4.248966
4.3,4.241755,4.2,4.255058,4.1,4.2511463
4.2,4.240972,4.1,4.2464886,4.1,4.2422853
4.1,4.153317,4.1,4.164451,4.0,4.184348
4.1,4.154844,4.0,4.2119694,4.2,4.2691092
4.0,4.1173954,4.2,4.155393,4.1,4.176097
4.2,4.045778,4.1,4.039261,4.1,4.049078
4.1,4.133914,4.1,4.1733046,4.1,4.2090807
4.1,4.123372,4.1,4.159178,4.1,4.1860757
4.1,4.089164,4.1,4.085011,4.1,4.0915318
4.1,4.070984,4.1,4.0605845,4.1,4.0645638
4.1,4.0890284,4.1,4.067404,4.1,4.06256
4.1,4.0823994,4.1,4.052721,4.0,4.0403013
4.1,4.107236,4.0,4.0740967,4.1,4.0633597
4.0,4.052658,4.1,4.0259075,4.1,4.0167418
4.1,4.01644,4.1,4.046501,4.1,4.087341
4.1,4.0588145,4.1,4.0327644,4.0,4.0469975
4.1,4.108295,4.0,4.1194377,4.0,4.1400046
4.0,4.1088486,4.0,4.0894885,4.0,4.087595
4.0,4.0103416,4.0,3.9934974,4.0,4.004328
4.0,3.9353597,4.0,3.9228156,4.1,3.9250674
4.0,3.9545326,4.1,3.93871,4.2,3.9463706
4.1,3.9949148,4.2,3.9803345,4.2,3.990304
4.2,4.1262383,4.2,4.1536164,4.1,4.1958885
4.2,4.1265683,4.1,4.1030803,4.2,4.0907707
4.1,4.171282,4.2,4.143974,4.3,4.124305
4.2,4.098666,4.3,4.065365,4.2,4.052764
4.3,4.2604847,4.2,4.291339,4.2,4.347503
4.2,4.270229,4.2,4.352211,4.3,4.423087
4.2,4.258458,4.3,4.359291,4.4,4.4421434
4.3,4.201651,4.4,4.277133,4.4,4.312729
4.4,4.3412094,4.4,4.4375677,4.3,4.5090528
4.4,4.4510226,4.3,4.54894,4.3,4.641862
4.3,4.3942904,4.3,4.476004,4.3,4.5339584
4.3,4.2958407,4.3,4.3467484,4.3,4.386116
4.3,4.2613215,4.3,4.2548876,4.3,4.260357
4.3,4.274424,4.3,4.2643647,4.3,4.262317
4.3,4.262758,4.3,4.2358675,4.3,4.2190332
4.3,4.2475224,4.3,4.217393,4.4,4.1987815
4.3,4.2389865,4.4,4.206068,4.3,4.194264
4.4,4.3151956,4.3,4.386451,4.2,4.471784
4.3,4.2771974,4.2,4.3205304,4.3,4.343466
4.2,4.2127695,4.3,4.270036,4.3,4.2950077
4.3,4.1754203,4.3,4.1857905,4.3,4.2065825
4.3,4.2015576,4.3,4.2006054,4.3,4.211347
4.3,4.2096,4.3,4.214731,4.3,4.2308025
4.3,4.2149806,4.3,4.1972814,4.2,4.191295
4.3,4.2303343,4.2,4.202511,4.3,4.1863155
4.2,4.2451267,4.3,4.212103,4.2,4.188503
4.3,4.2019386,4.2,4.1647973,4.2,4.144167
4.2,4.2349944,4.2,4.2005672,4.2,4.1717863
4.2,4.1955566,4.2,4.149814,4.1,4.1219926
4.2,4.156009,4.1,4.140003,4.2,4.138288
4.1,4.220011,4.2,4.2831526,4.2,4.3549123
4.2,4.140392,4.2,4.1907983,4.2,4.216674
4.2,4.205772,4.2,4.291081,4.2,4.342522
4.2,4.2025895,4.2,4.272765,3.6,4.3317966
4.2,4.2254953,3.6,4.2907643,4.1,4.3441067
3.6,4.2073636,4.1,4.2666516,4.1,4.310325
4.1,4.145807,4.1,4.2294097,4.1,4.302745
4.1,4.0171437,4.1,4.0028477,4.1,4.012978
4.1,4.0649886,4.1,4.0325,4.1,4.025432
4.1,4.1073623,4.1,4.0802727,4.1,4.0738764
4.1,4.0872097,4.1,4.0693645,4.1,4.0723367
4.1,4.103204,4.1,4.108811,4.1,4.128527
4.1,4.099924,4.1,4.1147237,4.1,4.1390076
4.1,4.1565685,4.1,4.204994,4.1,4.2654343
4.1,4.0948834,4.1,4.0836244,4.1,4.0907006
4.1,4.065849,4.1,4.058809,4.0,4.075006
4.1,4.078458,4.0,4.121018,3.8,4.164199
4.0,4.00979,3.8,3.9924405,4.0,4.0019355
3.8,3.965098,4.0,3.949886,4.0,3.964887
4.0,3.825441,4.0,3.8366942,4.0,3.8538656
4.0,3.9436226,4.0,3.9275372,4.0,3.9303553
4.0,4.0154595,4.0,4.004056,4.0,4.009082
4.0,4.009545,4.0,3.9930787,4.0,3.9891918
4.0,4.054496,4.0,4.0704694,4.0,4.099622
4.0,4.070977,4.0,4.1082664,4.0,4.1546335
4.0,4.1209555,4.0,4.1740437,4.0,4.2425337
4.0,4.050383,4.0,4.0414844,4.0,4.049584
4.0,4.0039263,4.0,3.9891572,4.0,3.9901457
4.0,4.0118756,4.0,4.0282683,4.1,4.040734
4.0,4.024439,4.1,4.043544,4.1,4.058168
4.1,4.02016,4.1,4.0298944,4.1,4.0393286
4.1,4.0697317,4.1,4.069023,4.1,4.083382
4.1,4.057097,4.1,4.043865,4.1,4.0553803
4.1,4.0942855,4.1,4.086294,4.1,4.0983434
4.1,4.106464,4.1,4.1009755,4.1,4.113535
4.1,4.083165,4.1,4.0929837,4.2,4.118893
4.1,4.130271,4.2,4.1630063,4.1,4.200531
4.2,4.2100744,4.1,4.2581196,4.1,4.3381395
4.1,4.213926,4.1,4.2528253,4.1,4.309765
4.1,4.072188,4.1,4.0701003,4.1,4.0895753
4.1,4.054816,4.1,4.0520244,4.1,4.069951
4.1,4.0472555,4.1,4.0491476,4.1,4.0649185
4.1,4.0339184,4.1,4.020401,4.1,4.0324583
4.1,4.024952,4.1,4.0091076,4.1,4.020974
4.1,4.0333786,4.1,4.0179486,4.1,4.0273886
4.1,4.047234,4.1,4.023145,4.0,4.019674
4.1,4.1057534,4.0,4.0940075,4.0,4.101675
4.0,4.1055846,4.0,4.0682383,4.0,4.054738
4.0,4.043365,4.0,4.072619,4.0,4.1123514
4.0,4.001257,4.0,4.0102754,4.0,4.0595765
4.0,4.06186,4.0,4.0697565,4.0,4.093737
4.0,3.9852705,4.0,3.9696145,4.0,3.978636
4.0,4.061304,4.0,4.107132,4.0,4.14409
4.0,4.0941463,4.0,4.1709075,4.0,4.2239485
4.0,4.0945573,4.0,4.1530795,4.0,4.1933894
4.0,4.032853,4.0,4.037052,4.0,4.0494943
4.0,4.004776,4.0,3.990621,4.0,4.0056252
4.0,3.9876535,4.0,3.9749582,4.0,3.99082
4.0,4.0009966,4.0,3.9986434,4.0,4.0216913
4.0,3.9581501,4.0,3.9531949,3.8999999,3.973229
4.0,3.9995265,3.8999999,4.0312767,4.0,4.0793757
3.8999999,3.9275358,4.0,3.923908,4.0,3.933249
4.0,3.892093,4.0,3.8976407,4.0,3.9067652
4.0,3.8634758,4.0,3.8516877,4.0,3.8431127
4.0,3.8532088,4.0,3.8424995,4.0,3.83566
4.0,3.9911728,4.0,4.0161376,4.0,4.049165
4.0,3.8476822,4.0,3.8376713,4.0,3.8327086
4.0,4.0036216,4.0,4.0085583,4.0,4.033865
4.0,3.941557,4.0,3.927496,4.0,3.9353335
4.0,3.94161,4.0,3.9272337,4.0,3.938918
4.0,3.9632344,4.0,3.9488897,4.0,3.9616113
4.0,3.9817066,4.0,3.9741788,4.0,3.9907517
4.0,3.977546,4.0,3.968307,4.0,3.980589
4.0,4.0605145,4.0,4.0965247,3.8999999,4.14193
4.0,4.0536666,3.8999999,4.0727057,3.8999999,4.100719
3.8999999,3.9897816,3.8999999,3.9721334,3.8999999,3.9661996
3.8999999,3.8594792,3.8999999,3.8501773,3.8999999,3.8450003
3.8999999,3.8859441,3.8999999,3.876777,4.0,3.8709595
3.8999999,3.8579156,4.0,3.84827,3.8999999,3.843081
4.0,3.8885987,3.8999999,3.8804872,3.8999999,3.873766
3.8999999,3.9071758,3.8999999,3.8945525,3.8999999,3.8933148
3.8999999,3.9224987,3.8999999,3.9189951,3.8999999,3.9316828
3.8999999,3.881845,3.8999999,3.8697681,4.0,3.8652315
3.8999999,3.881237,4.0,3.870004,4.0,3.8662958
4.0,3.9541676,4.0,3.9793026,4.0,4.0211644
4.0,3.9764001,4.0,3.9868922,3.8999999,4.0152397
4.0,4.048913,3.8999999,4.090302,3.8999999,4.137531
3.8999999,3.8339736,3.8999999,3.8290331,3.8999999,3.8246996
3.8999999,3.8373222,3.8999999,3.830362,3.8999999,3.82616
3.8999999,3.8744922,3.8999999,3.8644967,3.8999999,3.8602414
3.8999999,3.86956,3.8999999,3.866161,3.8999999,3.867472
3.8999999,3.8364756,3.8999999,3.8341618,3.8999999,3.837569
3.8999999,3.8490171,3.8999999,3.8419204,3.8999999,3.84032
3.8999999,3.8792834,3.8999999,3.8800478,3.8999999,3.8903127
3.8999999,3.8742657,3.8999999,3.8634894,3.8999999,3.8596628
3.8999999,3.8745077,3.8999999,3.8631353,3.8999999,3.8584821
3.8999999,3.9463916,3.8999999,3.9492488,3.8,3.9703052
3.8999999,3.9573028,3.8,3.9587803,3.8999999,3.9756935
3.8,3.8511682,3.8999999,3.8418498,3.8999999,3.8380268
3.8999999,3.852034,3.8999999,3.85485,3.8999999,3.861468
3.8999999,3.8403187,3.8999999,3.832915,3.8999999,3.8267152
3.8999999,3.8534594,3.8999999,3.8469687,3.8999999,3.8430407
3.8999999,3.8454173,3.8999999,3.8401635,3.8,3.837011
3.8999999,3.8461664,3.8,3.8380017,3.8,3.8325732
3.8,3.8396885,3.8,3.8325438,3.8,3.8282728
3.8,3.8335407,3.8,3.8388038,3.8,3.8495672
3.8,3.8422413,3.8,3.8420496,3.8,3.8458114
3.8,3.8364468,3.8,3.8455596,3.8,3.8581004
3.8,3.8308423,3.8,3.8517368,3.8999999,3.8756773
3.8,3.8731613,3.8999999,3.896714,3.8999999,3.9269688
3.8999999,3.854273,3.8999999,3.8778071,3.8999999,3.9054506
3.8999999,3.8311028,3.8999999,3.8259525,4.0,3.8225882
3.8999999,3.889685,4.0,3.8835604,3.1000001,3.8804014
4.0,3.8228028,3.1000001,3.818808,4.2,3.8143609
3.1000001,3.833493,4.2,3.8299391,4.2,3.828089
4.2,3.6868517,4.2,3.7119968,4.2,3.7319012
4.2,3.992183,4.2,3.9772024,4.2,3.9730184
4.2,4.138959,4.2,4.1301236,4.2,4.1388593
4.2,4.21155,4.2,4.2210546,4.2,4.2367535
4.2,4.226831,4.2,4.244247,4.2,4.2636776
4.2,4.268634,4.2,4.289352,4.2,4.3182783
4.2,4.2489777,4.2,4.2602205,4.2,4.275256
4.2,4.284447,4.2,4.294773,4.2,4.320468
4.2,4.2359977,4.2,4.252015,4.2,4.273907
4.2,4.279128,4.2,4.2990246,4.2,4.3550763
4.2,4.2327533,4.2,4.2579675,4.2,4.299241
4.2,4.1993303,4.2,4.2545156,4.3,4.3086357
4.2,4.291743,4.3,4.3651834,4.2,4.4437766
4.3,4.368434,4.2,4.4516506,4.2,4.547872
4.2,4.271199,4.2,4.3254004,4.2,4.380886
4.2,4.2442064,4.2,4.3075995,4.3,4.3702393
4.2,4.1857724,4.3,4.237591,4.3,4.2874126
4.3,4.235895,4.3,4.303034,4.3,4.3716154
4.3,4.29346,4.3,4.353715,4.3,4.422773
4.3,4.266878,4.3,4.3007607,4.3,4.34619
4.3,4.317308,4.3,4.3775287,4.3,4.449297
4.3,4.3143005,4.3,4.3587027,4.4,4.412994
4.3,4.300291,4.4,4.3178024,4.4,4.3438034
4.4,4.2576175,4.4,4.268579,4.4,4.2795234
4.4,4.4082932,4.4,4.511119,4.4,4.5882382
4.4,4.35593,4.4,4.45082,4.4,4.5145826
4.4,4.42775,4.4,4.5171204,4.4,4.606283
4.4,4.3988576,4.4,4.4890933,4.5,4.563322
4.4,4.4028063,4.5,4.499527,4.5,4.5750246
4.5,4.3916845,4.5,4.4853544,4.5,4.556242
4.5,4.473127,4.5,4.5548396,4.5,4.611163
4.5,4.466816,4.5,4.550695,4.4,4.603232
4.5,4.503534,4.4,4.584333,4.4,4.641472
4.4,4.471346,4.4,4.5605025,4.5,4.6178823
4.4,4.41377,4.5,4.5106964,4.4,4.57512
4.5,4.446899,4.4,4.545481,4.4,4.6236134
4.4,4.5167375,4.4,4.611475,4.4,4.688624
4.4,4.4104033,4.4,4.499218,4.4,4.5721784
4.4,4.4565673,4.4,4.5381684,4.4,4.6336412
4.4,4.3731766,4.4,4.437702,4.3,4.496981
4.4,4.356856,4.3,4.4218073,4.3,4.4841123
4.3,4.361754,4.3,4.4389234,4.4,4.51038
4.3,4.272521,4.4,4.333867,4.4,4.3957515
4.4,4.4415,4.4,4.5172157,4.4,4.6036706
4.4,4.3118005,4.4,4.366913,4.4,4.427661
4.4,4.4061904,4.4,4.4961643,4.4,4.571089
4.4,4.4129214,4.4,4.51149,4.4,4.5842495
4.4,4.461068,4.4,4.558017,4.4,4.6347313
4.4,4.451145,4.4,4.55046,4.4,4.6271715
4.4,4.4320455,4.4,4.531603,4.4,4.6141334
4.4,4.4557095,4.4,4.5512614,4.4,4.6472206
4.4,4.449624,4.4,4.535159,4.4,4.63007
4.4,4.4032574,4.4,4.4810038,4.4,4.5582905
4.4,4.389386,4.4,4.4663095,4.4,4.5368195
4.4,4.4015374,4.4,4.4946914,4.4,4.5737467
4.4,4.4172907,4.4,4.5111885,4.4,4.591654
4.4,4.419263,4.4,4.511529,4.4,4.588003
4.4,4.367678,4.4,4.4508214,4.4,4.523635
4.4,4.3532934,4.4,4.4307785,4.5,4.4985466
4.4,4.4735727,4.5,4.561072,4.5,4.639513
4.5,4.3781123,4.5,4.4727783,4.5,4.5399756
4.5,4.4822316,4.5,4.580741,4.5,4.6571007
4.5,4.514054,4.5,4.6095595,3.8999999,4.693151
4.5,4.4665885,3.8999999,4.5632873,4.5,4.641913
3.8999999,4.436616,4.5,4.530257,4.5,4.6090775
4.5,4.344503,4.5,4.4433055,4.5,4.555065
4.5,4.498443,4.5,4.57529,4.5,4.6664324
4.5,4.42208,4.5,4.514363,4.4,4.583829
4.5,4.427835,4.4,4.5187845,4.4,4.584213
4.4,4.437271,4.4,4.5263195,4.4,4.5899696
4.4,4.3573666,4.4,4.4368377,4.4,4.5011077
4.4,4.418329,4.4,4.516602,4.4,4.591308
4.4,4.4594617,4.4,4.5552516,4.3,4.633705
4.4,4.4406776,4.3,4.538484,4.3,4.6136265
4.3,4.363333,4.3,4.458914,4.4,4.521801
4.3,4.398101,4.4,4.488049,4.3,4.582918
4.4,4.450155,4.3,4.5355577,4.3,4.6336055
4.3,4.405495,4.3,4.484475,4.2,4.573558
4.3,4.397077,4.2,4.482217,4.3,4.578391
4.2,4.328868,4.3,4.405351,4.2,4.4829617
4.3,4.441305,4.2,4.528632,4.3,4.6279683
4.2,4.272265,4.3,4.3429465,4.2,4.4158487
4.3,4.230434,4.2,4.303315,4.2,4.3749413
4.2,4.460763,4.2,4.5389667,4.2,4.62474
4.2,4.263292,4.2,4.335486,4.2,4.4120474
4.2,4.227537,4.2,4.2835975,4.2,4.3430576
4.2,4.285608,4.2,4.369613,4.2,4.4617553
4.2,4.2104373,4.2,4.2844095,4.3,4.352649
4.2,4.364953,4.3,4.4636455,4.3,4.5655518
4.3,4.420487,4.3,4.523416,4.3,4.6256294
4.3,4.289364,4.3,4.366262,4.3,4.4484067
4.3,4.2708697,4.3,4.34432,4.2,4.4210587
4.3,4.351014,4.2,4.4336624,4.0,4.521552
4.2,4.284401,4.0,4.357178,4.2,4.4342966
4.0,4.221265,4.2,4.2897863,4.2,4.359053
4.2,4.2692804,4.2,4.353726,4.2,4.446032
4.2,4.19285,4.2,4.2128415,4.2,4.24296
4.2,4.234482,4.2,4.245837,4.2,4.270482
4.2,4.254166,4.2,4.3076377,4.2,4.372965
4.2,4.2642565,4.2,4.3413744,4.1,4.4167843
4.2,4.3200965,4.1,4.40814,4.2,4.502816
4.1,4.2103705,4.2,4.281198,4.2,4.3448405
4.2,4.4303584,4.2,4.5304203,4.1,4.632325
4.2,4.2816377,4.1,4.365619,4.1,4.448277
4.1,4.243634,4.1,4.3236113,4.1,4.4001393
4.1,4.1812487,4.1,4.2528934,4.1,4.3183694
4.1,4.252873,4.1,4.340651,4.1,4.429946
4.1,4.1691394,4.1,4.2360477,4.1,4.2998104
4.1,4.2082686,4.1,4.28252,4.1,4.358994
4.1,4.210179,4.1,4.2750735,4.2,4.3469367
4.1,4.1514974,4.2,4.1910133,4.2,4.230589
4.2,4.1883717,4.2,4.2527714,4.2,4.324277
4.2,4.2614594,4.2,4.341999,4.2,4.4298377
4.2,4.318627,4.2,4.412384,4.2,4.5154724
4.2,4.2360773,4.2,4.3209395,4.2,4.406747
4.2,4.281518,4.2,4.375539,4.2,4.4726114
4.2,4.226531,4.2,4.305133,4.3,4.3856664
4.2,4.209724,4.3,4.28163,4.2,4.355443
4.3,4.4272184,4.2,4.504982,4.1,4.5986958
4.2,4.2898526,4.1,4.3617673,4.2,4.439377
4.1,4.2705894,4.2,4.341063,4.2,4.41734
4.2,4.2827387,4.2,4.366895,4.2,4.468693
4.2,4.2957606,4.2,4.3457985,4.2,4.420644
4.2,4.254373,4.2,4.2852206,4.3,4.333708
4.2,4.2823825,4.3,4.361115,4.2,4.4392524
4.3,4.3647113,4.2,4.453529,4.3,4.5497756
4.2,4.296947,4.3,4.3689747,3.6,4.441005
4.3,4.320839,3.6,4.39977,4.2,4.4856653
3.6,4.349104,4.2,4.429339,4.2,4.517029
4.2,4.258559,4.2,4.37365,4.2,4.498812
4.2,4.230366,4.2,4.3152742,4.2,4.3958097
4.2,4.2741485,4.2,4.3597074,4.3,4.451072
4.2,4.2633305,4.3,4.3428707,4.2,4.42673
4.3,4.459171,4.2,4.5321245,4.2,4.623466
4.2,4.3088164,4.2,4.361866,4.2,4.432204
4.2,4.2022295,4.2,4.2223954,4.2,4.244868
4.2,4.1877337,4.2,4.1963162,4.2,4.212536
4.2,4.265837,4.2,4.3465676,4.2,4.4401746
4.2,4.2918406,4.2,4.3866625,4.1,4.490445
4.2,4.224778,4.1,4.311151,4.1,4.3945503
4.1,4.22486,4.1,4.311313,4.2,4.3891983
4.1,4.220465,4.2,4.309845,4.2,4.398762
4.2,4.248553,4.2,4.343387,4.2,4.44544
4.2,4.196537,4.2,4.268737,4.2,4.3391333
4.2,4.2606463,4.2,4.33983,4.2,4.4225616
4.2,4.267871,4.2,4.343708,4.2,4.425602
4.2,4.277474,4.2,4.3140726,4.2,4.3700714
4.2,4.247984,4.2,4.2626896,4.1,4.293526
4.2,4.1737595,4.1,4.176492,4.1,4.174668
4.1,4.2445817,4.1,4.3110614,4.1,4.378799
4.1,4.209998,4.1,4.285943,4.1,4.3668165
4.1,4.2573705,4.1,4.3362594,4.1,4.4197254
4.1,4.243375,4.1,4.3255086,4.1,4.404938
4.1,4.353194,4.1,4.4537253,4.1,4.556727
4.1,4.24341,4.1,4.332845,4.1,4.4163184
4.1,4.201779,4.1,4.281433,4.1,4.3566017
4.1,4.1734896,4.1,4.245358,4.1,4.3168707
4.1,4.191868,4.1,4.267045,4.1,4.3466196
4.1,4.2460747,4.1,4.3259044,4.1,4.410535
4.1,4.14995,4.1,4.1928115,4.1,4.236496
4.1,4.0898604,4.1,4.0964327,4.1,4.1096272
4.1,4.167671,4.1,4.2237635,4.0,4.2806983
4.1,4.158271,4.0,4.2258077,4.0,4.293119
4.0,3.9357069,4.0,3.9299135,4.1,3.924705
4.0,4.141636,4.1,4.222939,4.1,4.305425
4.1,4.3529305,4.1,4.4662766,4.1,4.5837116
4.1,4.1573396,4.1,4.2346025,4.1,4.3127933
4.1,4.1441703,4.1,4.2119966,4.1,4.2792125
4.1,4.2128367,4.1,4.294598,4.1,4.3841705
4.1,4.1630087,4.1,4.226959,4.1,4.2915072
4.1,4.2204914,4.1,4.286849,4.1,4.36144
4.1,4.1342773,4.1,4.1538563,4.1,4.1769366
4.1,4.2033615,4.1,4.2452826,4.1,4.29585
4.1,4.0633354,4.1,4.050502,4.1,4.045761
4.1,4.0893445,4.1,4.15111,4.1,4.1924944
4.1,4.1190786,4.1,4.1980243,3.8999999,4.257392
4.1,4.1702213,3.8999999,4.251342,4.1,4.3189907
3.8999999,4.2696624,4.1,4.3571568,4.1,4.447907
4.1,4.3995714,4.1,4.511336,4.1,4.625105
4.1,4.1729703,4.1,4.2512736,4.1,4.3269095
4.1,4.166052,4.1,4.236876,4.1,4.308178
4.1,4.1862555,4.1,4.2585874,4.1,4.3342485
4.1,4.202615,4.1,4.276253,4.1,4.355991
4.1,4.2551227,4.1,4.333023,4.1,4.4180617
4.1,4.1354423,4.1,4.1761146,4.1,4.2169
4.1,3.8874552,4.1,3.8794334,4.1,3.8684528
4.1,3.845438,4.1,3.8402772,4.0,3.832458
4.1,4.1020126,4.0,4.173394,4.1,4.231495
4.0,4.0206804,4.1,4.044379,4.1,4.0630155
4.1,4.140734,4.1,4.2218194,4.1,4.3013325
4.1,4.1512394,4.1,4.2306576,4.1,4.307412
4.1,4.221924,4.1,4.3131533,4.1,4.410614
4.1,4.1226625,4.1,4.184176,4.1,4.245718
4.1,4.1939926,4.1,4.2711143,4.0,4.354491
4.1,4.15016,4.0,4.208135,4.1,4.2667184
4.0,4.185654,4.1,4.2239575,4.1,4.2739415
4.1,4.169962,4.1,4.2203074,4.1,4.2813277
4.1,4.161792,4.1,4.193929,4.1,4.2277336
4.1,4.062208,4.1,4.0508986,4.1,4.047485
4.1,4.1008086,4.1,4.1789646,4.1,4.234518
4.1,4.174989,4.1,4.2588806,4.1,4.336454
4.1,4.208937,4.1,4.2872486,4.0,4.3597302
4.1,4.258313,4.0,4.345127,4.0,4.431979
4.0,4.2024817,4.0,4.2872996,4.0,4.3607817
4.0,4.1188555,4.0,4.183914,4.0,4.248601
4.0,4.125909,4.0,4.1904173,4.0,4.2609797
4.0,4.133552,4.0,4.2018156,4.0,4.2815194
4.0,4.121788,4.0,4.1866846,4.0,4.263373
4.0,4.124756,4.0,4.1816216,4.0,4.2433887
4.0,3.971649,4.0,3.9834182,4.0,3.9953907
4.0,3.9070077,4.0,3.8988512,4.0,3.8905375
4.0,3.9820163,4.0,3.9864802,4.0,3.9924467
4.0,4.0719814,4.0,4.1464334,4.0,4.207413
4.0,4.0466,4.0,4.114015,4.0,4.1711063
4.0,3.9939456,4.0,4.029399,4.0,4.0622497
4.0,4.1454334,4.0,4.2295465,4.0,4.3240843
4.0,4.0883183,4.0,4.15065,4.0,4.2171283
4.0,4.0280423,4.0,4.076165,4.0,4.1322184
4.0,3.987351,4.0,4.0133405,4.0,4.049974
4.0,4.129232,4.0,4.1891913,4.1,4.254642
4.0,3.9208317,4.1,3.91235,4.0,3.905412
4.1,4.0246544,4.0,4.048571,4.0,4.069622
4.0,4.094804,4.0,4.091047,4.0,4.091252
4.0,3.8672297,4.0,3.8600862,4.0,3.8506062
4.0,4.0683117,4.0,4.1416383,3.8999999,4.197824
4.0,3.9665985,3.8999999,3.9736276,3.8999999,3.979715
3.8999999,4.1035666,3.8999999,4.1816587,4.0,4.2433214
3.8999999,4.0418305,4.0,4.105042,4.0,4.1577773
4.0,4.124527,4.0,4.2028704,3.8999999,4.2851977
4.0,4.0205626,3.8999999,4.054367,4.0,4.0867987
3.8999999,4.061357,4.0,4.1134973,4.0,4.1709924
4.0,4.032484,4.0,4.085678,4.0,4.14588
4.0,4.091633,4.0,4.148416,4.0,4.2103868
4.0,4.1174316,4.0,4.1716294,4.0,4.2266574
4.0,3.7744412,4.0,3.7537036,4.0,3.7358196
4.0,3.8275564,4.0,3.8217032,4.0,3.813222
4.0,3.8656375,4.0,3.8575046,4.0,3.8482177
4.0,4.121244,4.0,4.200962,4.1,4.2694716
4.0,4.0310254,4.1,4.094005,4.0,4.147856
4.1,4.1219826,4.0,4.1990886,4.0,4.280916
4.0,4.0978193,4.0,4.158451,4.0,4.221902
4.0,4.05019,4.0,4.103928,4.0,4.164448
4.0,4.1082187,4.0,4.172749,4.0,4.24907
4.0,4.0019116,4.0,4.0352416,4.0,4.0807395
4.0,4.12925,4.0,4.1768837,4.0,4.231136
4.0,3.8545535,4.0,3.8476954,4.0,3.839227
4.0,3.8660407,4.0,3.8592548,4.0,3.8500443
4.0,3.8400843,4.0,3.8343525,4.0,3.8262491
4.0,3.899413,4.0,3.889991,3.8999999,3.8775866
4.0,3.9719737,3.8999999,3.9876258,3.8,3.9986393
3.8999999,4.0948772,3.8,4.170012,4.0,4.229264
3.8,4.032733,4.0,4.0780377,4.0,4.1169367
4.0,4.283811,4.0,4.399089,3.8999999,4.5221744
4.0,4.0076103,3.8999999,4.040909,4.0,4.0715284
3.8999999,3.993877,4.0,4.0076427,3.8999999,4.027178
4.0,4.0909963,3.8999999,4.155536,3.8999999,4.229333
3.8999999,4.0331836,3.8999999,4.081869,3.8999999,4.1378508
3.8999999,3.9784532,3.8999999,4.0131707,3.8999999,4.0467052
3.8999999,3.8671815,3.8999999,3.8591363,3.8999999,3.853255
3.8999999,3.8605394,3.8999999,3.8508644,3.8999999,3.8428867
3.8999999,3.8293865,3.8999999,3.828228,3.8999999,3.8256867
3.8999999,3.8445263,3.8999999,3.837832,3.8999999,3.833452
3.8999999,3.8402274,3.8999999,3.8365395,3.8999999,3.8339336
3.8999999,4.0077457,3.8999999,4.0619216,3.8999999,4.1112638
3.8999999,3.8782856,3.8999999,3.8817756,3.8999999,3.8904738
3.8999999,3.8624344,3.8999999,3.861797,3.8,3.867819
3.8999999,3.8926203,3.8,3.9042466,3.8,3.9208584
3.8,3.8982522,3.8,3.910695,3.8,3.9276924
3.8,3.8855793,3.8,3.8996317,3.8,3.9183593
3.8,3.8186083,3.8,3.8381152,3.8999999,3.8576624
3.8,3.8036938,3.8999999,3.801641,4.1,3.7988331
3.8999999,3.83688,4.1,3.8281522,4.2,3.820776
4.1,3.776948,4.2,3.7656045,4.4,3.7550802
4.2,3.8942459,4.4,3.8854542,4.4,3.8736753
4.4,4.265383,4.4,4.33173,4.5,4.4163013
4.4,4.4154787,4.5,4.523096,4.6,4.6059723
4.5,4.4596715,4.6,4.568085,4.6,4.6399903
4.6,4.508868,4.6,4.615796,4.6,4.667833
4.6,4.565825,4.6,4.6578574,4.6,4.691559
4.6,4.5657973,4.6,4.6503577,4.7,4.684841
4.6,4.5327353,4.7,4.617618,4.6,4.6581187
4.7,4.531069,4.6,4.608757,4.7,4.65405
4.6,4.579618,4.7,4.6597867,4.7,4.7071342
4.7,4.5830235,4.7,4.660169,4.6,4.7274528
4.7,4.6073604,4.6,4.699833,4.6,4.7479057
4.6,4.6360774,4.6,4.7173815,4.5,4.7808423
4.6,4.5281796,4.5,4.6161375,4.5,4.692911
4.5,4.489665,4.5,4.576214,4.5,4.6569233
4.5,4.4278793,4.5,4.5033736,4.5,4.5796413
4.5,4.4304104,4.5,4.5154147,4.4,4.594768
4.5,4.437725,4.4,4.518829,4.4,4.5882497
4.4,4.4021425,4.4,4.467022,4.4,4.5189557
4.4,4.328998,4.4,4.3801208,4.3,4.4399776
4.4,4.326199,4.3,4.3724346,4.3,4.424416
4.3,4.3427696,4.3,4.420088,4.4,4.483283
4.3,4.259874,4.4,4.3029914,4.4,4.3442755
4.4,4.3378935,4.4,4.43117,4.5,4.5120354
4.4,4.4540396,4.5,4.5577126,4.6,4.649688
4.5,4.468414,4.6,4.552186,4.8,4.6434026
4.6,4.57395,4.8,4.6700273,5.0,4.7662687
4.8,4.6160693,5.0,4.7107944,5.1000004,4.8003206
5.0,4.810384,5.1000004,4.8614964,5.2,4.9320145
5.1000004,4.8997564,5.2,4.923531,5.2999997,4.952036
5.2,4.9555826,5.2999997,4.9623246,5.4,4.979255
5.2999997,4.994052,5.4,4.988728,5.5,5.00255
5.4,5.0315943,5.5,5.011307,5.5,5.0208397
5.5,5.084682,5.5,5.0396366,5.5,5.0483956
5.5,5.0811787,5.5,5.0642514,5.5,5.086195
5.5,5.0658674,5.5,5.0603633,5.5,5.07856
5.5,5.0766697,5.5,5.071417,5.5,5.0920486
5.5,5.0819426,5.5,5.05664,5.4,5.072327
5.5,5.0845366,5.4,5.0452266,5.4,5.045493
5.4,5.0331554,5.4,5.003867,5.2999997,4.9823546
5.4,5.0030303,5.2999997,4.9660015,5.2999997,4.92981
5.2999997,4.990464,5.2999997,4.9541125,5.2,4.9167504
5.2999997,4.9448104,5.2,4.9105563,5.2,4.8711686
5.2,4.9375305,5.2,4.9042935,5.2,4.866816
5.2,4.8701353,5.2,4.8613973,5.2,4.8522253
5.2,4.8347297,5.2,4.8491206,5.2,4.8866553
5.2,4.8602633,5.2,4.9234457,5.2,4.9934206
5.2,4.9038486,5.2,4.973606,5.2999997,5.039376
5.2,4.9267836,5.2999997,4.9862723,5.2,5.040626
5.2999997,4.955752,5.2,5.0017576,5.2999997,5.0543895
5.2,4.958803,5.2999997,4.9514894,5.4,4.97499
5.2999997,4.9395404,5.4,4.9222536,5.4,4.927648
5.4,5.0217576,5.4,4.9856453,5.4,4.9845247
5.4,5.017818,5.4,4.9906807,5.4,4.9699
5.4,5.024038,5.4,4.9886456,5.4,4.957415
5.4,5.015601,5.4,4.9774637,5.5,4.9404984
5.4,5.0113444,5.5,4.972178,5.4,4.934758
5.5,5.016729,5.4,4.97635,5.4,4.9672246
5.4,4.993175,5.4,4.967991,5.4,4.964194
5.4,4.946242,5.4,4.9498286,5.4,4.9822397
5.4,4.9545593,5.4,4.9834757,5.4,5.023174
5.4,4.982868,5.4,4.983195,5.4,5.0105352
5.4,5.0002184,5.4,4.984856,5.2999997,5.0052967
5.4,4.9995737,5.2999997,4.975758,5.2999997,4.9665504
5.2999997,4.9897323,5.2999997,4.962734,5.2,4.9376636
5.2999997,4.979565,5.2,4.9427385,5.2,4.9065065
5.2,4.9442773,5.2,4.913693,5.2,4.8779507
5.2,4.899427,5.2,4.876258,5.2,4.8482475
5.2,4.881546,5.2,4.8676095,5.2,4.850471
5.2,4.859698,5.2,4.854518,5.2,4.857428
5.2,4.8538694,5.2,4.8888216,5.2999997,4.936988
5.2,4.8774567,5.2999997,4.9424934,5.2999997,5.01028
5.2999997,4.9008417,5.2999997,4.9607563,5.2999997,5.0167146
5.2999997,4.9626374,5.2999997,5.0013757,5.2999997,5.0418572
5.2999997,5.002693,5.2999997,5.0066233,5.2999997,5.0402436
5.2999997,4.97212,5.2999997,4.952836,5.2999997,4.956248
5.2999997,4.9698343,5.2999997,4.949448,5.2999997,4.939254
5.2999997,4.995035,5.2999997,4.967074,5.2999997,4.946404
5.2999997,4.9704447,5.2999997,4.9409776,5.1000004,4.9093523
5.2999997,4.965562,5.1000004,4.930933,5.2999997,4.8919325
5.1000004,4.968295,5.2999997,4.932522,5.2,4.8935847
5.2999997,4.891392,5.2,4.8632317,5.2,4.8550663
5.2,4.907565,5.2,4.8937564,5.2,4.884266
5.2,4.84826,5.2,4.8576803,5.2,4.8853264
5.2,4.857071,5.2,4.8894844,5.1000004,4.9261074
5.2,4.8903837,5.1000004,4.932541,5.1000004,4.978825
5.1000004,4.8812337,5.1000004,4.8873615,5.1000004,4.9092164
5.1000004,4.9051347,5.1000004,4.897001,5.1000004,4.9163785
5.1000004,4.8466988,5.1000004,4.841446,5.0,4.8415127
5.1000004,4.877778,5.0,4.8656993,5.0,4.85802
5.0,4.852389,5.0,4.840857,5.0,4.8249073
5.0,4.8259506,5.0,4.8110538,4.9,4.7919574
5.0,4.803072,4.9,4.794949,5.0,4.781333
4.9,4.7945924,5.0,4.789088,4.9,4.776773
5.0,4.7217503,4.9,4.737052,4.9,4.7496023
4.9,4.7534623,4.9,4.792377,4.9,4.8280687
4.9,4.766931,4.9,4.828961,4.9,4.886332
4.9,4.7871566,4.9,4.847159,4.9,4.902398
4.9,4.7914896,4.9,4.8410387,4.9,4.8947234
4.9,4.7750254,4.9,4.802642,4.9,4.843992
4.9,4.786224,4.9,4.7925763,4.9,4.8167353
4.9,4.7924075,4.9,4.789765,4.8,4.7990932
4.9,4.7541914,4.8,4.7576313,4.8,4.7575803
4.8,4.7556586,4.8,4.7524858,4.8,4.7414446
4.8,4.6913986,4.8,4.691411,4.8,4.6777287
4.8,4.712629,4.8,4.7085266,4.8,4.696595
4.8,4.7116323,4.8,4.712824,4.8,4.7095313
4.8,4.6557674,4.8,4.695329,4.8,4.725307
4.8,4.678766,4.8,4.7346582,4.7,4.7788134
4.8,4.72105,4.7,4.786416,4.7,4.843668
4.7,4.721983,4.7,4.7820053,4.7,4.832641
4.7,4.627266,4.7,4.68946,4.8,4.7440944
4.7,4.6628227,4.8,4.720759,4.7,4.7896433
4.8,4.6527023,4.7,4.70047,4.7,4.76234
4.7,4.665578,4.7,4.698604,4.7,4.7311373
4.7,4.611316,4.7,4.653091,4.6,4.6908655
4.7,4.638628,4.6,4.6724324,4.5,4.704729
4.6,4.6102123,4.5,4.6500053,4.6,4.675769
4.5,4.5254245,4.6,4.5841985,4.6,4.6236615
4.6,4.5227036,4.6,4.595977,4.6,4.6722927
4.6,4.519673,4.6,4.5942726,4.6,4.6519074
4.6,4.5107093,4.6,4.5871744,4.6,4.644822
4.6,4.584649,4.6,4.6637897,4.6,4.735614
4.6,4.5499806,4.6,4.6255555,4.6,4.6894293
4.6,4.578547,4.6,4.6557364,4.6,4.732279
4.6,4.5440307,4.6,4.6180525,4.6,4.6858473
4.6,4.5060296,4.6,4.5785284,4.6,4.6385064
4.6,4.5443707,4.6,4.6057,4.6,4.665026
4.6,4.4957294,4.6,4.5599947,4.5,4.6012974
4.6,4.5967107,4.5,4.6337347,4.5,4.6790156
4.5,4.5139174,4.5,4.577346,4.5,4.616899
4.5,4.466336,4.5,4.540699,4.4,4.593963
4.5,4.4686894,4.4,4.5521426,4.5,4.616276
4.4,4.430162,4.5,4.5154123,4.5,4.5650043
4.5,4.4356728,4.5,4.5303516,4.5,4.6135335
4.5,4.4591575,4.5,4.547036,4.5,4.615717
4.5,4.5223093,4.5,4.6114926,4.5,4.6994276
4.5,4.4797564,4.5,4.5659547,4.4,4.6437516
4.5,4.4790835,4.4,4.5652204,4.4,4.6442275
4.4,4.447625,4.4,4.5286484,4.4,4.5919347
4.4,4.3495193,4.4,4.413796,4.4,4.4661894
4.4,4.3338947,4.4,4.3928976,4.4,4.447161
4.4,4.3701777,4.4,4.4505587,4.4,4.5240207
4.4,4.3360043,4.4,4.3966737,4.2,4.456303
4.4,4.3568363,4.2,4.4354496,4.4,4.508004
4.2,4.331471,4.4,4.3896303,4.4,4.4412985
4.4,4.303922,4.4,4.389582,4.4,4.4822817
4.4,4.336022,4.4,4.4135194,4.4,4.4772954
4.4,4.351859,4.4,4.43392,4.4,4.497865
4.4,4.424036,4.4,4.5220556,4.3,4.6083603
4.4,4.3575563,4.3,4.4416986,4.4,4.5118227
4.3,4.313909,4.4,4.3743076,4.3,4.430152
4.4,4.2933817,4.3,4.3603263,4.3,4.432366
4.3,4.301037,4.3,4.34709,4.3,4.3951874
4.3,4.247296,4.3,4.292207,4.3,4.341979
4.3,4.2673554,4.3,4.3273187,4.3,4.392904
4.3,4.275107,4.3,4.3325543,4.3,4.3974357
4.3,4.253113,4.3,4.2821693,4.3,4.3213577
4.3,4.275833,4.3,4.3192663,4.3,4.368574
4.3,4.32437,4.3,4.402068,4.2,4.478496
4.3,4.348207,4.2,4.4385314,4.2,4.523728
4.2,4.3355846,4.2,4.4166307,4.2,4.4950395
4.2,4.226422,4.2,4.291189,4.2,4.3494554
4.2,4.3783817,4.2,4.465964,4.3,4.563599
4.2,4.195505,4.3,4.2599773,4.3,4.3136983
4.3,4.3972588,4.3,4.4905453,4.3,4.589949
4.3,4.255956,4.3,4.310993,4.1,4.368001
4.3,4.2929873,4.1,4.3631477,4.3,4.436532
4.1,4.2692003,4.3,4.3137665,4.3,4.3641224
4.3,4.3219156,4.3,4.40907,4.5,4.503607
4.3,4.242283,4.5,4.2671995,4.4,4.3018923
4.5,4.357582,4.4,4.4359694,4.5,4.5206294
4.4,4.4554377,4.5,4.551988,4.4,4.6070614
4.5,4.419833,4.4,4.5203047,4.4,4.5882306
4.4,4.4428453,4.4,4.538657,4.4,4.5974813
4.4,4.359458,4.4,4.4459186,4.5,4.509398
4.4,4.352748,4.5,4.4365697,4.4,4.505834
4.5,4.34756,4.4,4.4294634,4.4,4.50035
4.4,4.3842106,4.4,4.460726,4.4,4.5052624
4.4,4.3465414,4.4,4.4225187,4.4,4.4890003
4.4,4.301802,4.4,4.3315163,4.4,4.366672
4.4,4.3474803,4.4,4.4117217,4.4,4.4677553
4.4,4.3435216,4.4,4.39791,4.4,4.438517
4.4,4.4340267,4.4,4.5306625,4.4,4.606366
4.4,4.459159,4.4,4.556886,4.4,4.6340475
4.4,4.4396534,4.4,4.5369577,4.4,4.6128917
4.4,4.4481897,4.4,4.546879,4.4,4.6336536
4.4,4.4556646,4.4,4.5514812,4.4,4.6424522
4.4,4.4246163,4.4,4.5077415,4.4,4.5875683
4.4,4.4212146,4.4,4.5026007,4.4,4.5825133
4.4,4.3798976,4.4,4.4594765,4.4,4.51836
4.4,4.370111,4.4,4.449567,4.4,4.5100045
4.4,4.3288474,4.4,4.380691,4.3,4.4277687
4.4,4.3300023,4.3,4.383614,4.3,4.4357147
4.3,4.3372498,4.3,4.40069,4.4,4.4625754
4.3,4.290188,4.4,4.3516016,4.3,4.4209924
4.4,4.3556314,4.3,4.4337335,4.3,4.521762
4.3,4.3021903,4.3,4.342599,4.4,4.3809085
4.3,4.24609,4.4,4.284871,4.2,4.329115
4.4,4.319155,4.2,4.3989496,4.3,4.4848228
4.2,4.2690134,4.3,4.3040175,4.3,4.3402195
4.3,4.2128043,4.3,4.28262,4.3,4.3461037
4.3,4.243375,4.3,4.3035717,4.3,4.3669696
4.3,4.2557254,4.3,4.3138742,4.3,4.3778343
4.3,4.259669,4.3,4.3126173,4.3,4.371953
4.3,4.2369723,4.3,4.2565584,4.3,4.285475
4.3,4.2775607,4.3,4.324754,4.3,4.3827243
4.3,4.2697477,4.3,4.289176,4.3,4.320651
4.3,4.365526,4.3,4.4571033,4.3,4.5395627
4.3,4.2969885,4.3,4.3540206,4.3,4.3897657
4.3,4.337104,4.3,4.4332,4.3,4.494214
4.3,4.3708715,4.3,4.4713016,4.3,4.549923
4.3,4.3716407,4.3,4.455273,4.3,4.542399
4.3,4.3689218,4.3,4.4462557,4.3,4.5290084
4.3,4.3812585,4.3,4.4574833,4.2,4.543928
4.3,4.314974,4.2,4.3755326,4.2,4.433879
4.2,4.274943,4.2,4.330778,4.2,4.3860726
4.2,4.225516,4.2,4.2909303,4.2,4.352723
4.2,4.20492,4.2,4.267365,4.0,4.327212
4.2,4.1874747,4.0,4.2415905,4.2,4.295847
4.0,4.1959915,4.2,4.2469296,4.2,4.301954
4.2,4.2033243,4.2,4.287219,4.2,4.390319
4.2,4.173937,4.2,4.1977053,4.2,4.2304034
4.2,4.224815,4.2,4.29424,4.2,4.365639
4.2,4.255178,4.2,4.3360963,4.2,4.422456
4.2,4.1761627,4.2,4.243317,4.3,4.303864
4.2,4.1938467,4.3,4.2668343,4.3,4.3351955
4.3,4.3421583,4.3,4.4378557,4.3,4.5422597
4.3,4.2393117,4.3,4.2910852,4.3,4.346615
4.3,4.244974,4.3,4.2752223,4.2,4.3149247
4.3,4.2498965,4.2,4.267728,4.2,4.2976985
4.2,4.263558,4.2,4.282043,4.2,4.315094
4.2,4.245582,4.2,4.2773166,4.2,4.3234544
4.2,4.20381,4.2,4.1984925,4.2,4.200505
4.2,4.204173,4.2,4.197751,4.2,4.195382
4.2,4.204239,4.2,4.2402306,4.2,4.2732325
4.2,4.287713,4.2,4.366353,4.2,4.4394655
4.2,4.3591895,4.2,4.447912,4.2,4.5437055
4.2,4.2656274,4.2,4.3333836,4.2,4.3998156
4.2,4.291011,4.2,4.359106,4.2,4.428555
4.2,4.248125,4.2,4.31983,4.2,4.385142
4.2,4.264068,4.2,4.338859,4.2,4.4140453
4.2,4.2234797,4.2,4.287507,4.2,4.350713
4.2,4.1946063,4.2,4.247815,4.2,4.302605
4.2,4.257345,4.2,4.329163,4.2,4.4057245
4.2,4.2381706,4.2,4.293388,4.2,4.3570023
4.2,4.191893,4.2,4.210345,4.2,4.235375
4.2,4.1949396,4.2,4.2059307,4.2,4.221251
4.2,4.2206554,4.2,4.2790165,4.2,4.3431454
4.2,4.2389774,4.2,4.3133407,4.2,4.3927917
4.2,4.1249437,4.2,4.178133,4.2,4.2246504
4.2,4.2049546,4.2,4.2830386,4.3,4.3518105
4.2,4.2245665,4.3,4.3016486,4.3,4.3751526
4.3,4.1681643,4.3,4.222255,4.3,4.2740445
4.3,4.21972,4.3,4.247067,4.3,4.2823844
4.3,4.275189,4.3,4.323388,4.2,4.3816137
4.3,4.270279,4.2,4.288197,4.2,4.3187337
4.2,4.2815814,4.2,4.286959,4.2,4.307415
4.2,4.2460747,4.2,4.2700796,4.3,4.3061914
4.2,4.240729,4.3,4.2661185,4.2,4.3022757
4.3,4.1929917,4.2,4.2537465,4.2,4.301465
4.2,4.3829265,4.2,4.475541,4.2,4.567946
4.2,4.3161187,4.2,4.4033103,4.2,4.4953103
4.2,4.3098674,4.2,4.3791494,4.1,4.455649
4.2,4.37128,4.1,4.451301,4.2,4.5427723
4.1,4.254158,4.2,4.3253627,4.2,4.3893037
4.2,4.1787477,4.2,4.248562,4.2,4.307246
4.2,4.2162848,4.2,4.283743,4.2,4.348776
4.2,4.231408,4.2,4.3005195,4.2,4.372467
4.2,4.2295985,4.2,4.3002377,4.2,4.3745193
4.2,4.2197037,4.2,4.2640524,4.2,4.3194947
4.2,4.2243147,4.2,4.244959,4.2,4.279893
4.2,4.2361283,4.2,4.258638,4.2,4.2990484
4.2,4.2027564,4.2,4.264779,4.2,4.3290887
4.2,4.2261853,4.2,4.298986,4.2,4.3751874
4.2,4.192422,4.2,4.2673664,4.2,4.3318295
4.2,4.2373443,4.2,4.3214655,4.2,4.3983393
4.2,4.1730094,4.2,4.237526,4.2,4.295545
4.2,4.168022,4.2,4.221752,3.8,4.273341
4.2,4.1789474,3.8,4.223565,4.2,4.271745
3.8,4.179397,4.2,4.2117567,4.2,4.2515182
4.2,4.053811,4.2,4.133268,4.2,4.2293644
4.2,4.186582,4.2,4.211901,4.2,4.247048
4.2,4.2727523,4.2,4.3083777,4.1,4.3826795
4.2,4.258604,4.1,4.322738,4.1,4.3677998
4.1,4.2367496,4.1,4.329502,4.0,4.387047
4.1,4.266469,4.0,4.3540173,4.1,4.4475293
4.0,4.2057495,4.1,4.279664,4.1,4.3477445
4.1,4.3907485,4.1,4.486409,4.1,4.586113
4.1,4.2045794,4.1,4.2821593,4.1,4.3480268
4.1,4.1530004,4.1,4.219299,4.1,4.2736444
4.1,4.1659617,4.1,4.2296867,3.1000001,4.289622
4.1,4.120312,3.1000001,4.1730328,4.1,4.2244725
3.1000001,4.175395,4.1,4.241976,4.2,4.3089557
4.1,3.9090464,4.2,3.987878,4.2,4.0641866
4.2,3.9669378,4.2,4.003958,4.2,4.0403385
4.2,4.254525,4.2,4.288876,4.2,4.3558607
4.2,4.2249165,4.2,4.2564936,4.2,4.2968216
4.2,4.181268,4.2,4.202091,4.2,4.2267985
4.2,4.1446147,4.2,4.1922297,4.2,4.238817
4.2,4.1881437,4.2,4.256081,4.2,4.324941
4.2,4.1737137,4.2,4.2317343,4.2,4.2910466
4.2,4.1744046,4.2,4.229143,4.2,4.2883186
4.2,4.13993,4.2,4.157608,4.2,4.1868258
4.2,4.171038,4.2,4.2069173,4.1,4.2489324
4.2,4.1766257,4.1,4.2077384,4.2,4.2473035
4.1,4.201734,4.2,4.2231584,4.2,4.257123
4.2,4.1847067,4.2,4.224734,4.2,4.2804923
4.2,4.251794,4.2,4.2894454,4.2,4.362191
4.2,4.2098966,4.2,4.264589,4.2,4.2930856
4.2,4.2564387,4.2,4.3404355,4.2,4.4086933
4.2,4.2644224,4.2,4.3507867,4.2,4.437826
4.2,4.2805367,4.2,4.354405,4.2,4.434061
4.2,4.320854,4.2,4.3915954,4.2,4.47173
4.2,4.2707696,4.2,4.342427,4.2,4.411264
4.2,4.234963,4.2,4.3022656,4.2,4.3688097
4.2,4.211517,4.2,4.274829,4.0,4.3361287
4.2,4.2257023,4.0,4.290996,4.1,4.357597
4.0,4.2047677,4.1,4.268806,4.2,4.334959
4.1,4.162306,4.2,4.232135,4.2,4.31202
4.2,4.1574163,4.2,4.20395,4.2,4.2642193
4.2,4.214745,4.2,4.2512956,4.2,4.3003054
4.2,4.138266,4.2,4.134001,4.2,4.143262
4.2,4.215279,4.2,4.2844453,4.2,4.35624
4.2,4.205539,4.2,4.2804255,4.2,4.3460636
4.2,4.177385,4.2,4.2496376,4.1,4.3063073
4.2,4.2467046,4.1,4.3310056,4.2,4.4096613
4.1,4.1720066,4.2,4.2295103,4.2,4.2843723
4.2,4.1666355,4.2,4.229927,4.2,4.292559
4.2,4.1657343,4.2,4.199163,4.2,4.2379003
4.2,4.19041,4.2,4.2269077,4.2,4.271146
4.2,4.2160964,4.2,4.230888,4.2,4.261575
4.2,4.2395315,4.2,4.274413,4.2,4.338862
4.2,4.252721,4.2,4.3321524,4.1,4.398883
4.2,4.213257,4.1,4.2754707,4.2,4.3044934
4.1,4.2664847,4.2,4.34756,4.2,4.4235
4.2,4.354589,4.2,4.449635,4.2,4.5484076
4.2,4.320857,4.2,4.4002213,4.2,4.4884734
4.2,4.3403587,4.2,4.41634,4.2,4.503508
4.2,4.248587,4.2,4.32362,4.2,4.3904195
4.2,4.236515,4.2,4.305875,4.2,4.3747244
4.2,4.224479,4.2,4.290208,4.2,4.355573
4.2,4.2271347,4.2,4.2935696,4.2,4.362116
4.2,4.2762847,4.2,4.3479934,4.2,4.42169
4.2,4.2442656,4.2,4.2985544,4.2,4.365235
4.2,4.1621113,4.2,4.186016,4.2,4.2079263
4.2,4.1918163,4.2,4.2228165,4.3,4.254876
4.2,4.18639,4.3,4.242454,4.2,4.297493
4.3,4.2272396,4.2,4.298636,4.2,4.3698497
4.2,4.237856,4.2,4.3017344,4.1,4.363257
4.2,4.2324266,4.1,4.306582,4.2,4.372953
4.1,4.238749,4.2,4.3199244,4.2,4.3916054
4.2,4.145403,4.2,4.206823,4.2,4.260571
4.2,4.1740937,4.2,4.225398,4.2,4.27637
4.2,4.186739,4.2,4.23468,4.2,4.286754
4.2,4.2406793,4.2,4.307979,4.2,4.380253
4.2,4.234705,4.2,4.2597523,4.2,4.304165
4.2,4.2193007,4.2,4.2577233,4.2,4.3187437
4.2,4.228391,4.2,4.308344,4.2,4.355594
4.2,4.207518,4.2,4.2907963,4.2,4.34428
4.2,4.2391686,4.2,4.319145,4.1,4.3938465
4.2,4.2660155,4.1,4.3422785,4.1,4.4237647
4.1,4.30776,4.1,4.3789907,4.2,4.458415
4.1,4.3010807,4.2,4.3827944,4.2,4.467042
4.2,4.2102895,4.2,4.293903,4.1,4.362851
4.2,4.2133965,4.1,4.2818394,4.1,4.3468366
4.1,4.216222,4.1,4.2798033,4.2,4.343338
4.1,4.164889,4.2,4.2292614,4.1,4.293975
4.2,4.3399324,4.1,4.4176526,4.1,4.5024576
4.1,4.2259183,4.1,4.265685,4.2,4.321608
4.1,4.1764574,4.2,4.2245016,4.2,4.281957
4.2,3.97597,4.2,3.9591713,3.8999999,3.9493608
4.2,4.1717253,3.8999999,4.231945,4.2,4.2882195
3.8999999,4.0922856,4.2,4.157928,4.2,4.2083135
4.2,4.2787266,4.2,4.3766546,4.2,4.4904246
4.2,4.2269382,4.2,4.3107524,4.1,4.3853774
4.2,4.2185316,4.1,4.2962213,4.2,4.3692703
4.1,4.184202,4.2,4.242472,4.1,4.3003364
4.2,4.1476417,4.1,4.2022166,4.1,4.2555895
4.1,4.1677847,4.1,4.2069635,2.9,4.251214
4.1,4.150557,2.9,4.188779,4.1,4.234926
2.9,4.129553,4.1,4.1729803,4.1,4.215999
4.1,3.696915,4.1,3.7925372,4.1,3.8785415
4.1,3.8359842,4.1,3.827531,4.1,3.8195093
4.1,4.002,4.1,4.0162945,4.1,4.02152
4.1,4.1400084,4.1,4.2197533,4.1,4.279095
4.1,4.174965,4.1,4.254352,4.1,4.321797
4.1,4.1857815,4.1,4.265338,4.2,4.3316784
4.1,4.1900554,4.2,4.266925,4.1,4.337237
4.2,4.286415,4.1,4.377189,4.1,4.4778895
4.1,4.218482,4.1,4.2587037,4.0,4.3070526
4.1,4.101283,4.0,4.1131215,4.1,4.13753
4.0,4.129711,4.1,4.1783705,4.1,4.2349777
4.1,4.1457324,4.1,4.204557,4.1,4.275396
4.1,4.0924644,4.1,4.1313763,4.1,4.172094
4.1,4.118934,4.1,4.157091,4.1,4.196003
4.1,3.9971569,4.1,3.9807587,4.1,3.971616
4.1,4.1421313,4.1,4.219714,4.1,4.283764
4.1,4.150584,4.1,4.2336106,4.1,4.301114
4.1,4.17217,4.1,4.25518,4.1,4.3205366
4.1,4.154101,4.1,4.2301207,4.1,4.2889647
4.1,4.145634,4.1,4.2113266,4.1,4.271212
4.1,4.091225,4.1,4.141542,4.1,4.19404
4.1,4.1157374,4.1,4.1664495,4.1,4.2188096
4.1,4.141749,4.1,4.190998,4.1,4.242981
4.1,4.1564054,4.1,4.1930785,4.1,4.238468
4.1,4.0988708,4.1,4.1193857,3.8,4.145189
4.1,4.162951,3.8,4.207681,4.1,4.250942
3.8,3.8577898,4.1,3.844288,3.7,3.831967
4.1,3.9156322,3.7,3.9187825,4.2,3.9242463
3.7,3.9991546,4.2,4.019097,4.2,4.0331235
4.2,4.280866,4.2,4.386217,4.1,4.504535
4.2,4.194576,4.1,4.2777796,4.2,4.3457894
4.1,4.2213326,4.2,4.294867,4.1,4.3683267
4.2,4.1480536,4.1,4.205394,4.2,4.259916
4.1,4.216674,4.2,4.270831,4.2,4.3293505
4.2,4.2151,4.2,4.2873664,4.2,4.364757
4.2,4.2359014,4.2,4.2931237,4.2,4.3588824
4.2,4.2491975,4.2,4.265253,4.2,4.3014774
4.2,4.3124905,4.2,4.343032,4.3,4.4152246
4.2,4.217675,4.3,4.249202,4.3,4.284704
4.3,4.189075,4.3,4.2232018,4.3,4.2586827
4.3,4.2490005,4.3,4.3109283,4.3,4.37366
4.3,4.2264543,4.3,4.281049,4.3,4.3409348
4.3,4.2763867,4.3,4.337176,4.3,4.4033895
4.3,4.2883873,4.3,4.3505664,4.3,4.4188094
4.3,4.256817,4.3,4.313476,4.3,4.3716702
4.3,4.2601905,4.3,4.3092146,4.2,4.362915
4.3,4.2519116,4.2,4.282416,4.2,4.3217783
4.2,4.2491736,4.2,4.275067,4.2,4.3119917
4.2,4.2074575,4.2,4.2269754,4.2,4.257189
4.2,4.2092533,4.2,4.2277126,3.6,4.2596107
4.2,4.2375817,3.6,4.28692,4.2,4.348213
3.6,4.1147175,4.2,4.108455,4.3,4.115534
4.2,4.01839,4.3,4.093439,4.3,4.171656
4.3,4.123045,4.3,4.200917,4.3,4.2540073
4.3,4.2449284,4.3,4.3114686,4.3,4.3711877
4.3,4.266834,4.3,4.3253326,4.3,4.388967
4.3,4.2915072,4.3,4.3657546,4.3,4.440282
4.3,4.2724166,4.3,4.3187695,4.3,4.369653
4.3,4.2751155,4.3,4.310057,4.2,4.3535542
4.3,4.2757707,4.2,4.311273,4.3,4.3571424
4.2,4.2854047,4.3,4.3206835,4.3,4.368106
4.3,4.329009,4.3,4.4004855,4.3,4.4919066
4.3,4.2351346,4.3,4.232017,4.3,4.233704
4.3,4.2826586,4.3,4.3096876,4.3,4.351142
4.3,4.2801595,4.3,4.353257,4.3,4.412134
4.3,4.24874,4.3,4.306848,4.3,4.3610024
4.3,4.283821,4.3,4.345219,4.3,4.404076
4.3,4.304407,4.3,4.363281,4.3,4.422914
4.3,4.234163,4.3,4.280173,4.3,4.322448
4.3,4.39525,4.3,4.4804983,4.2,4.5724893
4.3,4.259514,4.2,4.285525,4.1,4.319497
4.2,4.2616143,4.1,4.2843394,4.2,4.3180404
4.1,4.1993284,4.2,4.1883125,4.2,4.191653
4.2,4.241546,4.2,4.321083,4.2,4.4126196
4.2,4.1831374,4.2,4.1768208,4.2,4.182289
4.2,4.209953,4.2,4.251686,4.2,4.3004217
4.2,4.214524,4.2,4.275624,4.2,4.3359184
4.2,4.228785,4.2,4.2961893,4.2,4.3647304
4.2,4.133126,4.2,4.1640534,4.3,4.1930513
4.2,4.1961107,4.3,4.2627516,4.2,4.3225083
4.3,4.3257685,4.2,4.415023,4.4,4.513662
4.2,4.2270737,4.4,4.254248,4.5,4.289193
4.4,4.2975497,4.5,4.3691425,4.6,4.446327
4.5,4.2999744,4.6,4.3361497,4.7,4.367188
4.6,4.464947,4.7,4.550682,4.7,4.601382
4.7,4.620154,4.7,4.68215,4.6,4.737531
4.7,4.601401,4.6,4.679695,4.6,4.7221007
4.6,4.69327,4.6,4.772914,4.6,4.816268
4.6,4.621841,4.6,4.7105308,4.6,4.753431
4.6,4.597551,4.6,4.6814184,4.6,4.7325964
4.6,4.5896616,4.6,4.671618,4.6,4.7335205
4.6,4.5401716,4.6,4.6154823,4.6,4.67674
4.6,4.5340843,4.6,4.603761,4.7,4.663229
4.6,4.5137644,4.7,4.5692015,4.7,4.6042905
4.7,4.6022334,4.7,4.6441107,4.6,4.6865673
4.7,4.6006846,4.6,4.6269436,4.6,4.626359
4.6,4.6313114,4.6,4.64468,4.6,4.6343575
4.6,4.5814643,4.6,4.6176248,4.6,4.6246157
4.6,4.5503407,4.6,4.6054726,4.6,4.6342306
4.6,4.528291,4.6,4.5974007,4.6,4.6409354
4.6,4.573384,4.6,4.6494055,4.6,4.7065587
4.6,4.5593095,4.6,4.6322746,4.6,4.6837025
4.6,4.513478,4.6,4.578083,4.6,4.616607
4.6,4.5100617,4.6,4.5652866,4.6,4.5940256
4.6,4.5122457,4.6,4.559709,4.5,4.577768
4.6,4.529732,4.5,4.5598283,4.6,4.5597734
4.5,4.4929175,4.6,4.4987907,4.6,4.4817553
4.6,4.5149693,4.6,4.538568,4.6,4.5328684
4.6,4.506934,4.6,4.5100822,4.6,4.488655
4.6,4.5578313,4.6,4.567241,4.5,4.54432
4.6,4.5228395,4.5,4.5551825,4.6,4.5498676
4.5,4.5134554,4.6,4.5719113,4.6,4.592944
4.6,4.520511,4.6,4.605678,4.6,4.664521
4.6,4.592875,4.6,4.675579,4.7,4.7278433
4.6,4.6004806,4.7,4.676142,4.7,4.7264915
4.7,4.615334,4.7,4.6863227,4.7,4.742092
4.7,4.6936665,4.7,4.7514224,4.7,4.802986
4.7,4.654288,4.7,4.7024455,4.7,4.7437243
4.7,4.62075,4.7,4.6611,4.7,4.6878686
4.7,4.6143456,4.7,4.6445007,4.7,4.6523027
4.7,4.662716,4.7,4.6749835,4.7,4.6709437
4.7,4.6186967,4.7,4.6303644,4.7,4.617137
4.7,4.6099095,4.7,4.618757,4.8,4.6008687
4.7,4.643452,4.8,4.6498413,4.8,4.6366167
4.8,4.622176,4.8,4.653616,4.8,4.661954
4.8,4.6718736,4.8,4.704561,4.8,4.719187
4.8,4.6726356,4.8,4.7246585,4.9,4.75898
4.8,4.7131467,4.9,4.7785063,4.9,4.8226085
4.9,4.7162743,4.9,4.777146,4.9,4.81355
4.9,4.8003387,4.9,4.8474445,5.0,4.8842444
4.9,4.824597,5.0,4.855224,5.1000004,4.891711
5.0,4.834512,5.1000004,4.8418603,5.1000004,4.871359
5.1000004,4.8867993,5.1000004,4.8736258,5.0,4.876687
5.1000004,4.8741946,5.0,4.865318,4.9,4.851619
5.0,4.877995,4.9,4.8595643,4.9,4.8316054
4.9,4.8254876,4.9,4.801738,4.9,4.7615466
4.9,4.781451,4.9,4.7522354,4.9,4.702599
4.9,4.728513,4.9,4.7071705,4.9,4.659675
4.9,4.7211156,4.9,4.7083426,4.9,4.675425
4.9,4.69708,4.9,4.697318,4.8,4.679646
4.9,4.691494,4.8,4.7149425,4.7,4.7245245
4.8,4.6935964,4.7,4.718488,4.7,4.727493
4.7,4.6568055,4.7,4.6678615,4.6,4.6579165
4.7,4.613628,4.6,4.6310053,4.7,4.6307383
4.6,4.5723433,4.7,4.57828,4.6,4.5538063
4.7,4.5729218,4.6,4.577234,4.6,4.562634
4.6,4.5597525,4.6,4.5552163,4.6,4.523167
4.6,4.506109,4.6,4.5048914,4.6,4.4797244
4.6,4.482074,4.6,4.481083,4.6,4.4542584
4.6,4.5348988,4.6,4.5338836,4.6,4.5077815
4.6,4.5262637,4.6,4.5515394,4.6,4.5449986
4.6,4.5366015,4.6,4.6067104,4.6,4.6472015
4.6,4.603561,4.6,4.6895556,2.6,4.747481
4.6,4.623376,2.6,4.706543,4.7,4.75967
2.6,4.5588946,4.7,4.631875,4.7,4.6798277
4.7,4.176593,4.7,4.2138057,4.7,4.2886925
4.7,4.468067,4.7,4.55235,4.7,4.6378036
4.7,4.641883,4.7,4.71024,4.7,4.77214
4.7,4.650857,4.7,4.7040033,4.5,4.740986
4.7,4.66264,4.5,4.7019815,4.6,4.724173
4.5,4.667548,4.6,4.7001705,4.6,4.7103567
4.6,4.5521417,4.6,4.59726,4.6,4.6138062
4.6,4.5577917,4.6,4.5923715,4.6,4.591341
4.6,4.537164,4.6,4.5926194,4.6,4.613528
4.6,4.5807,4.6,4.6309967,4.6,4.682648
4.6,4.4352484,4.6,4.517475,4.5,4.5609827
4.6,4.4931664,4.5,4.579788,4.6,4.6409717
4.5,4.536087,4.6,4.6033416,4.6,4.646497
4.6,4.489243,4.6,4.5591044,4.6,4.6153936
4.6,4.508755,4.6,4.560348,4.6,4.5846543
4.6,4.526148,4.6,4.5675955,4.6,4.5796614
4.6,4.5011377,4.6,4.5080714,4.6,4.492359
4.6,4.495017,4.6,4.4996643,4.6,4.479998
4.6,4.5058446,4.6,4.5077887,4.6,4.483761
4.6,4.5699096,4.6,4.57669,4.4,4.551488
4.6,4.527039,4.4,4.5763545,4.2,4.5874624
4.4,4.529079,4.2,4.606072,4.6,4.6538963
4.2,4.3949637,4.6,4.481279,4.7,4.5280375
4.6,4.2345214,4.7,4.30017,4.7,4.3519883
4.7,4.58473,4.7,4.673107,4.7,4.7412877
4.7,4.6741786,4.7,4.7459574,4.6,4.810348
4.7,4.6545467,4.6,4.719388,4.7,4.781158
4.6,4.6459394,4.7,4.698337,4.7,4.747662
4.7,4.5930147,4.7,4.6493073,4.7,4.7011476
4.7,4.633307,4.7,4.66073,4.6,4.6686234
4.7,4.627666,4.6,4.639575,4.6,4.627197
4.6,4.6412387,4.6,4.6458907,4.6,4.625991
4.6,4.5277433,4.6,4.5393834,4.5,4.518806
4.6,4.496335,4.5,4.547196,4.6,4.5617776
4.5,4.463637,4.6,4.538444,4.6,4.5779753
4.6,4.4908442,4.6,4.5800643,4.6,4.6491065
4.6,4.534769,4.6,4.6143446,4.6,4.6670456
4.6,4.5607333,4.6,4.6315603,4.6,4.684984
4.6,4.516013,4.6,4.576922,4.6,4.6168528
4.6,4.483242,4.6,4.5314693,4.6,4.5498095
4.6,4.5017953,4.6,4.532982,4.6,4.535021
4.6,4.553672,4.6,4.5656657,4.6,4.547309
4.6,4.512072,4.6,4.5141983,4.6,4.491023
4.6,4.5187063,4.6,4.5191307,4.6,4.4935575
4.6,4.5080066,4.6,4.5091367,4.6,4.483842
4.6,4.5423193,4.6,4.601902,4.6,4.633987
4.6,4.501968,4.6,4.5837283,4.6,4.6370583
4.6,4.6034083,4.6,4.704138,4.7,4.775344
4.6,4.6424294,4.7,4.7339215,4.7,4.7914863
4.7,4.653792,4.7,4.738862,4.7,4.8143644
4.7,4.6743174,4.7,4.746909,4.7,4.823136
4.7,4.6486745,4.7,4.7123685,4.7,4.7804456
4.7,4.6445556,4.7,4.6948495,4.7,4.7482643
4.7,4.6583195,4.7,4.685933,4.7,4.713275
4.7,4.645829,4.7,4.660139,4.7,4.6568446
4.7,4.623635,4.7,4.6303024,4.6,4.6116257
4.7,4.6514006,4.6,4.645613,4.6,4.6165013
4.6,4.5956097,4.6,4.595399,4.6,4.564331
4.6,4.5060654,4.6,4.562144,4.6,4.587406
4.6,4.5031137,4.6,4.583346,4.6,4.6401896
4.6,4.5512586,4.6,4.6391325,4.6,4.69729
4.6,4.5505886,4.6,4.627079,4.6,4.6797237
4.6,4.566584,4.6,4.63625,4.6,4.6952996
4.6,4.515725,4.6,4.576604,4.6,4.624526
4.6,4.4958453,4.6,4.546026,4.6,4.5683274
4.6,4.504591,4.6,4.5349627,4.6,4.5366874
4.6,4.514588,4.6,4.5196877,4.6,4.501481
4.6,4.5169735,4.6,4.5184493,4.6,4.495055
4.6,4.559556,4.6,4.563675,4.6,4.532981
4.6,4.5284247,4.6,4.5357723,4.5,4.51288
4.6,4.5057335,4.5,4.574777,4.6,4.613276
4.5,4.4992747,4.6,4.5883374,4.6,4.64666
4.6,4.5417137,4.6,4.646477,4.6,4.717585
4.6,4.6259947,4.6,4.7137403,4.6,4.772342
4.6,4.6427226,4.6,4.7250905,4.6,4.805003
4.6,4.5599256,4.6,4.6373496,4.6,4.721441
4.6,4.5546727,4.6,4.6258693,4.5,4.7027826
4.6,4.5311,4.5,4.5916023,4.6,4.647941
4.5,4.543104,4.6,4.5938926,4.6,4.630486
4.6,4.441275,4.6,4.4767346,4.6,4.489057
4.6,4.5386963,4.6,4.5583897,4.6,4.5472026
4.6,4.531699,4.6,4.544488,4.6,4.524858
4.6,4.5065923,4.6,4.540894,4.6,4.538295
4.6,4.5216007,4.6,4.600425,4.7,4.6601944
4.6,4.5199814,4.7,4.6065125,4.7,4.6612744
4.7,4.553473,4.7,4.639571,4.7,4.692372
4.7,4.64392,4.7,4.712742,4.7,4.7577953
4.7,4.643133,4.7,4.699632,4.6,4.747722
4.7,4.584037,4.6,4.63029,4.6,4.663948
4.6,4.5921583,4.6,4.611505,4.6,4.609455
4.6,4.5018816,4.6,4.5073276,4.5,4.491203
4.6,4.5512447,4.5,4.5574994,4.5,4.5325894
4.5,4.506726,4.5,4.5066786,4.5,4.4811087
4.5,4.416197,4.5,4.415266,4.5,4.39468
4.5,4.4187627,4.5,4.4313464,4.5,4.420696
4.5,4.449526,4.5,4.5367594,4.5,4.5942297
4.5,4.517508,4.5,4.626265,4.5,4.71489
4.5,4.5605955,4.5,4.665208,4.5,4.7270517
4.5,4.541386,4.5,4.6343703,4.5,4.710068
4.5,4.5289555,4.5,4.6191072,4.5,4.7070336
4.5,4.477647,4.5,4.560022,4.5,4.64895
4.5,4.471987,4.5,4.548259,4.5,4.623133
4.5,4.4705725,4.5,4.5417395,4.6,4.599823
4.5,4.4518547,4.6,4.516557,4.5,4.5529914
4.6,4.4763603,4.5,4.5384617,4.5,4.5686617
4.5,4.5148816,4.5,4.5612164,4.5,4.568168
4.5,4.434605,4.5,4.480709,4.5,4.4951477
4.5,4.452255,4.5,4.5321765,4.5,4.5865474
4.5,4.3960843,4.5,4.484524,4.5,4.536265
4.5,4.479544,4.5,4.576229,4.5,4.6408896
4.5,4.488892,4.5,4.5808277,4.5,4.641893
4.5,4.4937735,4.5,4.581999,4.5,4.6592026
4.5,4.4148984,4.5,4.49132,4.6,4.5403233
4.5,4.414286,4.6,4.4856296,4.5,4.5287023
4.6,4.4245977,4.5,4.479382,4.5,4.505651
4.5,4.501681,4.5,4.530759,4.5,4.530284
4.5,4.470973,4.5,4.493476,4.4,4.4898415
4.5,4.4339952,4.4,4.4450307,4.4,4.4308176
4.4,4.4188004,4.4,4.4461784,4.5,4.4448214
4.4,4.346231,4.5,4.3898044,4.4,4.420482
4.5,4.451757,4.4,4.556754,4.4,4.649491
4.4,4.508568,4.4,4.620959,4.6,4.6970468
4.4,4.468198,4.6,4.5712204,4.5,4.643768
4.6,4.482074,4.5,4.5796027,4.5,4.670871
4.5,4.553434,4.5,4.6363845,4.5,4.720927
4.5,4.497157,4.5,4.580331,4.5,4.6669354
4.5,4.467692,4.5,4.5415015,4.5,4.602763
4.5,4.456103,4.5,4.5275164,4.5,4.572159
4.5,4.433546,4.5,4.479113,4.6,4.498589
4.5,4.434283,4.6,4.48023,4.5,4.5003343
4.6,4.452267,4.5,4.50554,4.6,4.523352
4.5,4.4820433,4.6,4.543334,4.5,4.563592
4.6,4.4557934,4.5,4.545197,3.3,4.611722
4.5,4.503291,3.3,4.5945053,4.6,4.650533
3.3,4.4004965,4.6,4.4580703,4.6,4.480398
4.6,3.9945056,4.6,4.008275,4.6,4.032791
4.6,4.4456925,4.6,4.5309906,4.7,4.6181273
4.6,4.477198,4.7,4.549239,4.7,4.6019144
4.7,4.541162,4.7,4.602919,4.7,4.6495576
4.7,4.6191716,4.7,4.6430097,4.0,4.6402187
4.7,4.6355305,4.0,4.643783,4.7,4.623938
4.0,4.665384,4.7,4.659663,4.6,4.6264033
4.7,4.1688547,4.6,4.212716,4.6,4.263339
4.6,4.5546756,4.6,4.6030564,4.5,4.614204
4.6,4.5108004,4.5,4.598113,4.6,4.6544013
4.5,4.5520735,4.6,4.657873,4.7,4.7460794
4.6,4.5157804,4.7,4.6229577,4.7,4.691835
4.7,4.624104,4.7,4.707402,4.7,4.7699947
4.7,4.6665263,4.7,4.7347326,4.7,4.7979264
4.7,4.627092,4.7,4.6859035,4.7,4.7451196
4.7,4.6134005,4.7,4.658138,4.7,4.6993675
4.7,4.625951,4.7,4.645293,4.6,4.647996
4.7,4.606296,4.6,4.617167,4.7,4.5998254
4.6,4.6154943,4.7,4.618921,4.6,4.5928497
4.7,4.548736,4.6,4.548375,4.6,4.517108
4.6,4.5861716,4.6,4.583823,4.6,4.545607
4.6,4.5136547,4.6,4.568906,4.5,4.594336
4.6,4.466255,4.5,4.5432186,4.6,4.5839567
4.5,4.5320683,4.6,4.619134,4.6,4.672053
4.6,4.467146,4.6,4.5477476,4.6,4.5960326
4.6,4.5614653,4.6,4.6291113,4.6,4.6830964
4.6,4.5228634,4.6,4.580088,4.6,4.6233997
4.6,4.493661,4.6,4.5356627,4.6,4.5477753
4.6,4.5173483,4.6,4.5287604,4.6,4.5154643
4.6,4.524022,4.6,4.523616,4.6,4.497741
4.6,4.5049176,4.6,4.5020447,4.6,4.471139
4.6,4.5144506,4.6,4.508582,4.5,4.473329
4.6,4.55959,4.5,4.5586987,3.5,4.523563
4.5,4.496593,3.5,4.5556245,4.5,4.574639
3.5,4.3993416,4.5,4.472097,4.5,4.51083
4.5,3.8531487,4.5,3.8829668,4.6,3.9168587
4.5,4.428065,4.6,4.526141,4.7,4.591176
4.6,4.506841,4.7,4.5962057,4.6,4.677936
4.7,4.5676527,4.6,4.6397476,4.6,4.7078643
4.6,4.6182857,4.6,4.6651,4.6,4.7040524
4.6,4.554783,4.6,4.5949535,4.6,4.607129
4.6,4.5908604,4.6,4.602573,4.6,4.585597
4.6,4.563408,4.6,4.5708146,4.6,4.545647
4.6,4.5735826,4.6,4.580595,4.5,4.5518837
4.6,4.4915323,4.5,4.492867,4.5,4.465768
4.5,4.481571,4.5,4.4942274,4.5,4.4787345
4.5,4.3572807,4.5,4.416494,4.5,4.449659
4.5,4.467809,4.5,4.5603814,4.5,4.6220665
4.5,4.4738846,4.5,4.5631185,4.6,4.6132817
4.5,4.482447,4.6,4.5592475,4.6,4.6098757
4.6,4.494065,4.6,4.566858,4.6,4.633719
4.6,4.52258,4.6,4.575081,4.6,4.608298
4.6,4.532436,4.6,4.553735,4.6,4.546791
4.6,4.521204,4.6,4.5234957,4.6,4.5007944
4.6,4.5130835,4.6,4.5114374,4.5,4.4818153
4.6,4.5725923,4.5,4.569493,4.5,4.5318775
4.5,4.508666,4.5,4.505005,4.5,4.472332
4.5,4.4296017,4.5,4.438991,4.5,4.4229465
4.5,4.416691,4.5,4.481689,4.5,4.5142756
4.5,4.491375,4.5,4.5922523,4.6,4.658486
4.5,4.484172,4.6,4.577417,4.6,4.629468
4.6,4.5202193,4.6,4.6028385,4.6,4.6647544
4.6,4.540395,4.6,4.61018,4.6,4.6699934
4.6,4.5236692,4.6,4.5789104,4.6,4.6175804
4.6,4.52866,4.6,4.563236,4.6,4.569254
4.6,4.552809,4.6,4.566048,4.5,4.54905
4.6,4.5258327,4.5,4.5261765,4.5,4.49999
4.5,4.496965,4.5,4.494768,4.6,4.4635344
4.5,4.426241,4.6,4.4252086,4.6,4.397235
4.6,4.4445257,4.6,4.445724,4.6,4.4239306
4.6,4.472941,4.6,4.532079,4.6,4.5510063
4.6,4.5002313,4.6,4.5821757,4.7,4.6322165
4.6,4.505312,4.7,4.5847282,4.8,4.622637
4.7,4.5561,4.8,4.6264915,4.8,4.6627617
4.8,4.656145,4.8,4.707219,4.8,4.7438083
4.8,4.6921935,4.8,4.71128,4.8,4.7164526
4.8,4.680406,4.8,4.681477,4.8,4.659895
4.8,4.6838765,4.8,4.674946,4.8,4.6377044
4.8,4.663077,4.8,4.648415,4.8,4.59917
4.8,4.674078,4.8,4.6532955,4.7,4.597632
4.8,4.657561,4.7,4.6360087,4.7,4.5775027
4.7,4.646732,4.7,4.6285734,4.6,4.5754523
4.7,4.555044,4.6,4.5817676,4.7,4.57559
4.6,4.5193214,4.7,4.587943,4.7,4.629392
4.7,4.5482907,4.7,4.629673,4.8,4.6798997
4.7,4.6338897,4.8,4.700284,4.7,4.740294
4.8,4.642208,4.7,4.6897197,4.8,4.725327
4.7,4.6587057,4.8,4.6676555,4.8,4.6553106
4.8,4.6312943,4.8,4.635432,4.8,4.6136417
4.8,4.662887,4.8,4.6495767,4.7,4.602226
4.8,4.6720576,4.7,4.651007,4.7,4.592374
4.7,4.6645384,4.7,4.643473,4.6,4.5838056
4.7,4.5726857,4.6,4.5511656,4.5,4.4961605
4.6,4.5567756,4.5,4.5359483,4.4,4.4821205
4.5,4.469339,4.4,4.4665895,4.4,4.436626
4.4,4.3657513,4.4,4.3838725,4.4,4.377778
4.4,4.3767853,4.4,4.430851,4.5,4.457156
4.4,4.3754654,4.5,4.4274654,4.5,4.4497066
4.5,4.377502,4.5,4.4319167,4.5,4.453636
4.5,4.471782,4.5,4.5344644,4.5,4.5677967
4.5,4.4307165,4.5,4.445556,4.5,4.437245
4.5,4.452304,4.5,4.459121,4.5,4.4422994
4.5,4.4384365,4.5,4.441774,4.4,4.418012
4.5,4.453304,4.4,4.455122,4.4,4.429107
4.4,4.455352,4.4,4.4562945,4.4,4.4287844
4.4,4.3502755,4.4,4.344846,4.4,4.3218527
4.4,4.357257,4.4,4.37305,4.4,4.3689995
4.4,4.3083687,4.4,4.3356695,4.3,4.3423247
4.4,4.396554,4.3,4.479919,4.4,4.5301065
4.3,4.4132185,4.4,4.490564,4.5,4.532597
4.4,4.2744975,4.5,4.3157454,4.4,4.3471346
4.5,4.3755217,4.4,4.441324,4.4,4.477187
4.4,4.403466,4.4,4.411338,4.4,4.396483
4.4,4.3427515,4.4,4.332031,4.4,4.3203344
4.4,4.332383,4.4,4.320284,4.4,4.3044577
4.4,4.3408136,4.4,4.331107,4.4,4.3112187
4.4,4.31727,4.4,4.303772,4.4,4.2794313
4.4,4.333673,4.4,4.3246512,4.4,4.3007045
4.4,4.314417,4.4,4.303369,4.3,4.2815986
4.4,4.346775,4.3,4.3847876,4.3,4.3946366
4.3,4.289347,4.3,4.331856,4.4,4.3437257
4.3,4.3120847,4.4,4.367764,4.4,4.3959303
4.4,4.298232,4.4,4.349553,4.5,4.37639
4.4,4.4056396,4.5,4.477701,4.5,4.516262
4.5,4.3481526,4.5,4.3976245,4.4,4.4173355
4.5,4.4182267,4.4,4.429554,4.5,4.416248
4.4,4.4375896,4.5,4.4449205,4.4,4.425631
4.5,4.3632445,4.4,4.361427,4.4,4.3415976
4.4,4.43347,4.4,4.4374647,4.4,4.412825
4.4,4.3670335,4.4,4.3656964,4.3,4.3430176
4.4,4.380534,4.3,4.381895,4.3,4.3620305
4.3,4.321356,4.3,4.325908,4.3,4.3161716
4.3,4.251728,4.3,4.2519064,4.5,4.251496
4.3,4.253192,4.5,4.271725,4.6,4.2867007
4.5,4.261372,4.6,4.274777,4.6,4.287749
4.6,4.457799,4.6,4.5106597,4.7,4.5336742
4.6,4.5006895,4.7,4.5055885,4.7,4.4824677
4.7,4.600588,4.7,4.5999126,4.6,4.5660663
4.7,4.5836444,4.6,4.5712614,4.6,4.5260186
4.6,4.572951,4.6,4.5559278,4.5,4.504441
4.6,4.5046763,4.5,4.4940395,4.4,4.4504786
4.5,4.4796815,4.4,4.470278,4.4,4.4280787
4.4,4.398176,4.4,4.3902473,4.4,4.355539
4.4,4.3453054,4.4,4.340184,4.4,4.3163614
4.4,4.3244133,4.4,4.340328,4.4,4.3335276
4.4,4.3795676,4.4,4.4250903,4.5,4.442917
4.4,4.417804,4.5,4.471512,4.5,4.495513
4.5,4.4287367,4.5,4.484029,4.5,4.508261
4.5,4.5046644,4.5,4.5712905,4.5,4.6054587
4.5,4.483177,4.5,4.5207524,4.5,4.52628
4.5,4.4677787,4.5,4.476141,4.5,4.459533
4.5,4.4437404,4.5,4.44987,4.5,4.429095
4.5,4.4425473,4.5,4.447695,4.5,4.4252357
4.5,4.4395638,4.5,4.4435954,4.5,4.4193926
4.5,4.461301,4.5,4.464489,4.5,4.4405656
4.5,4.426321,4.5,4.429509,4.6,4.404847
4.5,4.4280014,4.6,4.4326525,4.6,4.410118
4.6,4.4570794,4.6,4.4935503,4.6,4.503149
4.6,4.4766803,4.6,4.4914217,4.7,4.4757605
4.6,4.561304,4.7,4.592296,4.7,4.587268
4.7,4.553413,4.7,4.550602,4.7,4.5190654
4.7,4.601972,4.7,4.5929303,4.7,4.5489354
4.7,4.603554,4.7,4.5833473,4.7,4.528899
4.7,4.596456,4.7,4.5744724,4.7,4.5180345
4.7,4.5888247,4.7,4.566575,4.7,4.51037
4.7,4.53246,4.7,4.5145655,4.7,4.462714
4.7,4.5191135,4.7,4.5015483,4.7,4.4504356
4.7,4.5635576,4.7,4.541953,4.7,4.487369
4.7,4.582219,4.7,4.5744314,4.7,4.530789
4.7,4.581686,4.7,4.5963173,4.7,4.5764804
4.7,4.597958,4.7,4.6553116,4.8,4.693515
4.7,4.6113577,4.8,4.671632,4.9,4.7084913
4.8,4.6343737,4.9,4.688868,4.9,4.7191486
4.9,4.695875,4.9,4.721633,4.9,4.723691
4.9,4.756799,4.9,4.7605686,4.9,4.745525
4.9,4.7664323,4.9,4.7592134,4.9,4.7301264
4.9,4.7338095,4.9,4.718897,4.9,4.6757865
4.9,4.729082,4.9,4.706665,4.8,4.652361
4.9,4.7548575,4.8,4.731047,4.8,4.6775637
4.8,4.7042627,4.8,4.6818066,4.7,4.626056
4.8,4.677264,4.7,4.6561327,4.7,4.5977674
4.7,4.6259704,4.7,4.610905,4.7,4.5548406
4.7,4.5467243,4.7,4.5367174,4.6,4.49681
4.7,4.571673,4.6,4.574271,4.6,4.5429115
4.6,4.5833178,4.6,4.592343,4.7,4.5621543
4.6,4.500583,4.7,4.503782,4.7,4.4778757
4.7,4.5237107,4.7,4.524315,4.7,4.49938
4.7,4.5940647,4.7,4.5820823,4.7,4.529743
4.7,4.601816,4.7,4.5833297,4.6,4.525069
4.7,4.551421,4.6,4.532607,4.6,4.4782057
4.6,4.54523,4.6,4.5258174,4.6,4.471561
4.6,4.499383,4.6,4.4822507,4.6,4.432576
4.6,4.527243,4.6,4.507549,4.6,4.4576006
4.6,4.45763,4.6,4.4520674,4.6,4.4162674
4.6,4.4986,4.6,4.4963646,4.5,4.465979
4.6,4.5404496,4.5,4.5936184,4.6,4.6073008
4.5,4.5230026,4.6,4.590079,4.7,4.615944
4.6,4.50859,4.7,4.585497,4.8,4.6263185
4.7,4.5606008,4.8,4.6277666,4.8,4.6589937
4.8,4.6466694,4.8,4.693082,4.8,4.7150297
4.8,4.7065587,4.8,4.7126527,4.8,4.696013
4.8,4.669896,4.8,4.6648235,4.7,4.6283417
4.8,4.7079926,4.7,4.692509,4.7,4.645238
4.7,4.6706247,4.7,4.6501245,4.7,4.591602
4.7,4.577306,4.7,4.5564747,4.7,4.5017447
4.7,4.5460424,4.7,4.526721,4.7,4.47403
4.7,4.5205536,4.7,4.5025563,4.7,4.4513884
4.7,4.5202346,4.7,4.502224,4.7,4.451284
4.7,4.502796,4.7,4.494746,4.7,4.458415
4.7,4.5627484,4.7,4.5648546,4.7,4.5342417
4.7,4.608362,4.7,4.6187296,4.8,4.6007566
4.7,4.614728,4.8,4.6160636,4.8,4.5840354
4.8,4.627807,4.8,4.6175733,4.8,4.568534
4.8,4.6948595,4.8,4.672719,4.8,4.6142793
4.8,4.6575217,4.8,4.636822,4.8,4.574647
4.8,4.652048,4.8,4.627913,4.8,4.5643086
4.8,4.6091075,4.8,4.579974,4.7,4.5161037
4.8,4.6127234,4.7,4.584967,4.7,4.52234
4.7,4.6063886,4.7,4.587365,4.7,4.531481
4.7,4.577699,4.7,4.5717545,4.7,4.5284085
4.7,4.566377,4.7,4.6178274,4.8,4.6449847
4.7,4.6234984,4.8,4.7114816,4.9,4.787669
4.8,4.657726,4.9,4.74734,5.0,4.816597
4.9,4.746225,5.0,4.8209467,5.1000004,4.869939
5.0,4.8009973,5.1000004,4.849066,5.1000004,4.8814254
5.1000004,4.873605,5.1000004,4.871274,5.0,4.873996
5.1000004,4.8731174,5.0,4.8526106,5.0,4.8179564
5.0,4.8585777,5.0,4.8310056,5.0,4.784131
5.0,4.8059373,5.0,4.7799897,4.9,4.7285185
5.0,4.7805386,4.9,4.7526426,4.9,4.6972823
4.9,4.753858,4.9,4.722125,4.8,4.662225
4.9,4.682103,4.8,4.6529946,4.8,4.5900545
4.8,4.6800365,4.8,4.6563473,4.7,4.6018744
4.8,4.5978055,4.7,4.6020875,4.7,4.5797753
4.7,4.5717196,4.7,4.630666,4.8,4.675329
4.7,4.5939612,4.8,4.668225,4.8,4.7265663
4.8,4.601524,4.8,4.664566,4.9,4.7004495
4.8,4.6992817,4.9,4.7085943,4.9,4.692135
4.9,4.7291217,4.9,4.709444,4.9,4.652882
4.9,4.7095337,4.9,4.691071,4.9,4.632426
4.9,4.701283,4.9,4.6811666,4.8,4.620838
4.9,4.6830354,4.8,4.6559825,4.8,4.5901475
4.8,4.6763477,4.8,4.6452475,4.7,4.5784116
4.8,4.613514,4.7,4.581495,4.7,4.51754
4.7,4.615576,4.7,4.598933,4.7,4.5469832
4.7,4.514054,4.7,4.58922,4.8,4.6595507
4.7,4.6150007,4.8,4.73194,4.9,4.840306
4.8,4.6783447,4.9,4.7964706,5.1000004,4.8911834
4.9,4.7783303,5.1000004,4.865193,5.1000004,4.9224544
5.1000004,4.823099,5.1000004,4.8816495,5.2,4.919624
5.1000004,4.8794103,5.2,4.8764763,5.1000004,4.8773675
5.2,4.9381604,5.1000004,4.9073973,5.1000004,4.8664804
5.1000004,4.90389,5.1000004,4.8743076,5.0,4.8299427
5.1000004,4.8472004,5.0,4.819149,4.9,4.769963
5.0,4.8223886,4.9,4.7867002,4.8,4.7293763
4.9,4.7560663,4.8,4.719259,4.7,4.656194
4.8,4.6708694,4.7,4.6372504,4.7,4.5680766
4.7,4.614055,4.7,4.595852,4.6,4.540974
4.7,4.5284986,4.6,4.5815554,4.7,4.615512
4.6,4.512649,4.7,4.6040483,4.8,4.6825194
4.7,4.5420218,4.8,4.6411185,4.9,4.710777
4.8,4.6222873,4.9,4.6944723,4.9,4.7297406
4.9,4.699695,4.9,4.7325134,4.9,4.7413874
4.9,4.7404103,4.9,4.7213573,4.8,4.664865
4.9,4.71675,4.8,4.6974273,4.8,4.6375566
4.8,4.7219377,4.8,4.69583,4.8,4.630831
4.8,4.6380124,4.8,4.600991,4.7,4.5300417
4.8,4.612806,4.7,4.5727916,4.7,4.502273
4.7,4.607182,4.7,4.5677505,4.6,4.4990854
4.7,4.5322514,4.6,4.516177,4.6,4.4748726
4.6,4.494664,4.6,4.583764,4.8,4.677193
4.6,4.5549474,4.8,4.690289,4.9,4.826003
4.8,4.630989,4.9,4.7625175,5.0,4.860008
4.9,4.793195,5.0,4.875296,5.1000004,4.923807
5.0,4.832981,5.1000004,4.881429,5.1000004,4.918902
5.1000004,4.8518505,5.1000004,4.8486385,5.1000004,4.849649
5.1000004,4.8859673,5.1000004,4.8639917,5.0,4.829328
5.1000004,4.872168,5.0,4.843868,5.0,4.7966485
5.0,4.8414397,5.0,4.8136826,4.8,4.7636776
5.0,4.808874,4.8,4.7776732,4.8,4.7201715
4.8,4.755307,4.8,4.7171807,4.7,4.652706
4.8,4.6156673,4.7,4.5704727,4.6,4.496059
4.7,4.5964193,4.6,4.5785856,4.5,4.525214
4.6,4.4920645,4.5,4.5649953,4.5,4.6311736
4.5,4.481741,4.5,4.5793633,4.6,4.6585236
4.5,4.4728184,4.6,4.5681973,4.5,4.6301255
4.6,4.457666,4.5,4.514705,4.5,4.532077
4.5,4.5005465,4.5,4.5390053,4.4,4.542306
4.5,4.4109535,4.4,4.412971,4.5,4.391714
4.4,4.413316,4.5,4.4109263,4.4,4.3821926
4.5,4.352374,4.4,4.33863,4.4,4.3109927
4.4,4.402762,4.4,4.394583,4.4,4.3586063
4.4,4.3269315,4.4,4.31494,4.4,4.2846823
4.4,4.3085346,4.4,4.2861247,4.4,4.2520766
4.4,4.315578,4.4,4.304585,4.3,4.2778935
4.4,4.2864575,4.3,4.3385406,4.4,4.368131
4.3,4.4061537,4.4,4.5270243,4.4,4.6194267
4.4,4.38492,4.4,4.4918427,4.5,4.55144
4.4,4.4715867,4.5,4.5670156,4.7,4.6381655
4.5,4.4914465,4.7,4.5833087,4.6,4.6724706
4.7,4.544203,4.6,4.6224027,4.7,4.708525
4.6,4.621461,4.7,4.6623864,4.7,4.694974
4.7,4.602877,4.7,4.631717,4.7,4.639364
4.7,4.632875,4.7,4.6371503,4.6,4.612048
4.7,4.628975,4.6,4.6255507,4.6,4.5883193
4.6,4.6429286,4.6,4.6304774,4.5,4.5835257
4.6,4.496551,4.5,4.479651,4.4,4.4316945
4.5,4.492995,4.4,4.506945,4.3,4.4904623
4.4,4.360108,4.3,4.4299097,4.3,4.4692845
4.3,4.352639,4.3,4.4332604,4.3,4.480101
4.3,4.232878,4.3,4.270651,4.4,4.296598
4.3,4.243664,4.4,4.308947,4.4,4.3539176
4.4,4.2378163,4.4,4.295469,4.4,4.33158
4.4,4.276536,4.4,4.2698383,4.3,4.271093
4.4,4.3086514,4.3,4.2882037,4.3,4.279629
4.3,4.323532,4.3,4.306285,4.3,4.2888317
4.3,4.2630167,4.3,4.22586,4.3,4.1964726
4.3,4.251989,4.3,4.2146096,4.2,4.1830244
4.3,4.2435102,4.2,4.202867,4.2,4.1690736
4.2,4.2460566,4.2,4.214276,4.1,4.1948752
4.2,4.1442637,4.1,4.1854153,4.1,4.2446733
4.1,4.2054777,4.1,4.293746,4.2,4.365882
4.1,4.0856113,4.2,4.111046,4.2,4.1321373
4.2,4.125102,4.2,4.197352,3.8999999,4.2465076
4.2,4.270309,3.8999999,4.3425875,4.2,4.4123564
3.8999999,4.2517257,4.2,4.3143344,4.2,4.367966
4.2,4.217736,4.2,4.296061,4.2,4.3543725
4.2,4.1690984,4.2,4.1606994,4.4,4.1588817
4.2,4.1836424,4.4,4.1584845,4.7,4.143998
4.4,4.270665,4.7,4.309481,4.9,4.3640223
4.7,4.4057527,4.9,4.469402,4.9,4.501621
4.9,4.690579,4.9,4.67262,4.8,4.6538253
4.9,4.719379,4.8,4.752461,4.8,4.7871923
4.8,4.670265,4.8,4.7400336,4.9,4.8000927
4.8,4.693067,4.9,4.773419,4.9,4.8132954
4.9,4.7079144,4.9,4.7667003,5.0,4.7867494
4.9,4.780205,5.0,4.804686,4.9,4.8262367
5.0,4.6998672,4.9,4.7157855,4.9,4.718584
4.9,4.766185,4.9,4.750279,5.0,4.714333
4.9,4.72613,5.0,4.701799,4.9,4.646318
5.0,4.682985,4.9,4.661542,4.8,4.601828
4.9,4.760622,4.8,4.7356167,4.8,4.6820397
4.8,4.692243,4.8,4.6621466,4.7,4.5976686
4.8,4.617131,4.7,4.5765095,4.7,4.5071416
4.7,4.5638714,4.7,4.6358,4.7,4.7236447
4.7,4.5544596,4.7,4.686803,4.6,4.831323
4.7,4.686366,4.6,4.839263,4.6,4.964185
4.6,4.708445,4.6,4.791494,4.5,4.8408833
4.6,4.6160455,4.5,4.6929064,4.6,4.765327
4.5,4.5390005,4.6,4.6051345,4.5,4.68034
4.6,4.424661,4.5,4.4793115,4.6,4.5074735
4.5,4.5027266,4.6,4.5112853,4.6,4.497
4.6,4.426813,4.6,4.4279447,4.6,4.402917
4.6,4.500492,4.6,4.4936156,4.6,4.4571624
4.6,4.4961767,4.6,4.484699,4.5,4.4417133
4.6,4.483141,4.5,4.467442,4.4,4.4189677
4.5,4.479135,4.4,4.4671464,4.5,4.4260073
4.4,4.374185,4.5,4.4321423,4.5,4.4597974
4.5,4.3976927,4.5,4.505832,4.5,4.5874753
4.5,4.4805093,4.5,4.577106,4.4,4.6246185
4.5,4.5083756,4.4,4.5903,4.4,4.6487317
4.4,4.440039,4.4,4.513114,4.4,4.558319
4.4,4.3145013,4.4,4.3666906,4.4,4.4007673
4.4,4.319913,4.4,4.3103848,4.4,4.3095555
4.4,4.332359,4.4,4.3155155,4.4,4.303083
4.4,4.3144383,4.4,4.2905526,4.3,4.2635617
4.4,4.3308873,4.3,4.316328,4.2,4.2876487
4.3,4.3136024,4.2,4.281439,4.3,4.2444153
4.2,4.260265,4.3,4.201436,4.3,4.1584086
4.3,4.1880765,4.3,4.2313623,4.3,4.302591
4.3,4.23924,4.3,4.3298445,4.3,4.4053817
4.3,4.3240695,4.3,4.431442,4.2,4.4880486
4.3,4.3134727,4.2,4.404431,4.3,4.4705834
4.2,4.3870177,4.3,4.4701166,4.3,4.5616703
4.3,4.275404,4.3,4.3371053,4.3,4.393424
4.3,4.278173,4.3,4.3340015,4.2,4.3775544
4.3,4.2480445,4.2,4.2407084,4.2,4.2455435
4.2,4.2736135,4.2,4.2574844,4.3,4.2505608
4.2,4.185143,4.3,4.1556726,4.3,4.1384773
4.3,4.165205,4.3,4.1241274,4.3,4.1030846
4.3,4.218459,4.3,4.18269,4.2,4.166067
4.3,4.2284327,4.2,4.2161536,4.2,4.223352
4.2,4.194527,4.2,4.222018,4.3,4.2601986
4.2,4.190661,4.3,4.2659225,4.4,4.3198986
4.3,4.145699,4.4,4.1790004,4.5,4.2010927
4.4,4.271597,4.5,4.341428,4.5,4.4032154
4.5,4.28489,4.5,4.342878,3.2,4.39067
4.5,4.4164104,3.2,4.4847517,4.5,4.5246935
3.2,4.43605,4.5,4.468234,4.5,4.4718194
4.5,3.9120274,4.5,3.9458516,4.4,3.9831107
4.5,4.2900014,4.4,4.2700562,4.4,4.251569
4.4,4.421343,4.4,4.4323864,4.4,4.412628
4.4,4.3403196,4.4,4.330911,4.3,4.3048935
4.4,4.2890263,4.3,4.303783,4.3,4.312089
4.3,4.270048,4.3,4.323494,4.4,4.3817625
4.3,4.2910604,4.4,4.3913665,4.5,4.467402
4.4,4.305818,4.5,4.3878284,4.6,4.427152
4.5,4.4102397,4.6,4.5021935,4.6,4.5661154
4.6,4.4152565,4.6,4.4968266,4.6,4.555422
4.6,4.481451,4.6,4.5478964,4.6,4.589633
4.6,4.509779,4.6,4.5365973,4.5,4.535773
4.6,4.527022,4.5,4.5228243,4.5,4.488673
4.5,4.5245576,4.5,4.5149646,4.5,4.4732265
4.5,4.4237905,4.5,4.41644,4.4,4.3790703
4.5,4.3984327,4.4,4.3687243,4.4,4.3171773
4.4,4.361902,4.4,4.32623,4.4,4.28048
4.4,4.2587433,4.4,4.251013,4.5,4.2508636
4.4,4.315127,4.5,4.389807,4.5,4.4397397
4.5,4.3849664,4.5,4.462327,4.5,4.507055
4.5,4.5112357,4.5,4.595093,4.5,4.6429167
4.5,4.4773145,4.5,4.549939,4.6,4.6000566
4.5,4.4401073,4.6,4.502754,4.6,4.535352
4.6,4.442855,4.6,4.452197,4.5,4.4388595
4.6,4.5135775,4.5,4.511519,4.5,4.481099
4.5,4.500897,4.5,4.4929514,4.5,4.4530663
4.5,4.4325666,4.5,4.42595,4.4,4.38827
4.5,4.4037137,4.4,4.387297,4.4,4.3449397
4.4,4.3677883,4.4,4.346139,4.3,4.305125
4.4,4.2770844,4.3,4.269813,4.4,4.260474
4.3,4.2508636,4.4,4.300994,4.4,4.3269567
4.4,4.267434,4.4,4.332608,4.5,4.3676586
4.4,4.3883986,4.5,4.456896,4.4,4.4852195
4.5,4.3959007,4.4,4.4709616,4.5,4.5137234
4.4,4.3880773,4.5,4.4348164,4.5,4.4513397
4.5,4.3290763,4.5,4.315986,4.5,4.306931
4.5,4.4285607,4.5,4.429429,4.5,4.402634
4.5,4.4350967,4.5,4.4312043,4.5,4.3965144
4.5,4.4139814,4.5,4.405632,4.4,4.3679967
4.5,4.389986,4.4,4.3700986,4.3,4.3260794
4.4,4.3933105,4.3,4.3666854,4.3,4.3178997
4.3,4.2999287,4.3,4.2631407,4.3,4.2293916
4.3,4.183643,4.3,4.1916156,4.4,4.2017546
4.3,4.263509,4.4,4.335964,4.4,4.3817906
4.4,4.2799015,4.4,4.3421745,4.5,4.3739514
4.4,4.407299,4.5,4.483119,4.5,4.520355
4.5,4.3981543,4.5,4.4714594,4.5,4.516803
4.5,4.4225607,4.5,4.445237,4.5,4.4431386
4.5,4.4408083,4.5,4.445877,4.5,4.4237676
4.5,4.450803,4.5,4.4509172,4.5,4.4211864
4.5,4.451707,4.5,4.4481263,4.5,4.412697
4.5,4.4521112,4.5,4.4467225,4.3,4.4094424
4.5,4.4076757,4.3,4.3972387,4.3,4.3596563
4.3,4.3909545,4.3,4.386311,4.3,4.3582954
4.3,4.2282176,4.3,4.2107706,4.5,4.1948915
4.3,4.244089,4.5,4.2987075,4.5,4.327914
4.5,4.245322,4.5,4.2993655,4.6,4.3208175
4.5,4.4607964,4.6,4.5086484,4.6,4.526628
4.6,4.4726567,4.6,4.4945693,4.6,4.4890356
4.6,4.4888854,4.6,4.4880347,4.6,4.457336
4.6,4.521113,4.6,4.5081263,4.5,4.4614015
4.6,4.5068045,4.5,4.4918885,4.5,4.442311
4.5,4.4662433,4.5,4.4528027,4.5,4.405056
4.5,4.3910594,4.5,4.360329,4.4,4.307259
4.5,4.4082513,4.4,4.3695188,4.3,4.310246
4.4,4.371336,4.3,4.348754,4.3,4.306875
4.3,4.2772107,4.3,4.276017,4.5,4.2632837
4.3,4.2494593,4.5,4.3165197,4.4,4.3550105
4.5,4.264096,4.4,4.3437185,4.4,4.388779
4.4,4.5045857,4.4,4.5894594,4.4,4.6271667
4.4,4.4428167,4.4,4.5032353,4.4,4.5261636
4.4,4.351479,4.4,4.3568935,4.4,4.3429575
4.4,4.336711,4.4,4.3296185,4.4,4.311927
4.4,4.344018,4.4,4.338214,4.3,4.3137007
4.4,4.3412757,4.3,4.3343244,4.3,4.3074255
4.3,4.330243,4.3,4.321343,4.3,4.293195
4.3,4.274682,4.3,4.2495775,4.3,4.2184157
4.3,4.251599,4.3,4.22167,4.2,4.190933
4.3,4.2268724,4.2,4.1975265,4.2,4.1706467
4.2,4.216489,4.2,4.2009277,4.1,4.1823883
4.2,4.187486,4.1,4.201817,4.3,4.2109146
4.1,4.083841,4.3,4.074811,4.4,4.078932
4.3,4.079924,4.4,4.0625978,4.4,4.0638537
4.4,4.272265,4.4,4.254079,4.4,4.239942
4.4,4.3335996,4.4,4.3239913,4.4,4.294737
4.4,4.321751,4.4,4.3081355,4.3,4.2756095
4.4,4.3174114,4.3,4.2945905,4.3,4.253556
4.3,4.2945275,4.3,4.265834,4.3,4.2225137
4.3,4.2446356,4.3,4.2142487,4.2,4.177223
4.3,4.253824,4.2,4.222048,4.2,4.1836767
4.2,4.1993527,4.2,4.1693454,4.3,4.138599
4.2,4.1497984,4.3,4.1547856,4.4,4.154303
4.3,4.1710577,4.4,4.2327743,4.5,4.261605
4.4,4.2815638,4.5,4.347388,4.6,4.3849115
4.5,4.4295135,4.6,4.4767323,4.6,4.488059
4.6,4.490294,4.6,4.5215564,4.6,4.516228
4.6,4.5568333,4.6,4.5513115,4.6,4.513869
4.6,4.5294003,4.6,4.5203123,4.6,4.478517
4.6,4.5024257,4.6,4.491617,4.6,4.447543
4.6,4.483147,4.6,4.471722,4.5,4.4268985
4.6,4.4733543,4.5,4.4601603,4.5,4.4136586
4.5,4.4735403,4.5,4.456699,4.5,4.407264
4.5,4.372221,4.5,4.349523,4.4,4.3060336
4.5,4.3933992,4.4,4.3832164,4.4,4.347749
4.4,4.3631306,4.4,4.3550167,4.4,4.3259845
4.4,4.3276668,4.4,4.323909,4.4,4.3017335
4.4,4.328302,4.4,4.3265243,4.5,4.305042
4.4,4.364543,4.5,4.3577113,4.4,4.3285484
4.5,4.362544,4.4,4.353365,4.4,4.321619
4.4,4.368844,4.4,4.3560486,4.4,4.320138
4.4,4.350656,4.4,4.327136,4.3,4.2847886
4.4,4.318417,4.3,4.2904677,4.4,4.249207
4.3,4.287029,4.4,4.2584577,4.4,4.21988
4.4,4.308212,4.4,4.2621484,4.4,4.2171335
4.4,4.324364,4.4,4.2966223,4.4,4.2570043
4.4,4.332279,4.4,4.318314,4.4,4.2888784
4.4,4.3387976,4.4,4.346477,4.5,4.3328433
4.4,4.3741093,4.5,4.4133186,4.7,4.426049
4.5,4.4228773,4.7,4.4730577,4.8,4.4881983
4.7,4.4544067,4.8,4.497713,4.8,4.496656
4.8,4.620559,4.8,4.6564546,4.9,4.652384
4.8,4.7476935,4.9,4.7269197,4.8,4.672146
4.9,4.7519965,4.8,4.7282314,4.8,4.6740513
4.8,4.6970606,4.8,4.673752,4.7,4.6176567
4.8,4.616337,4.7,4.58123,4.7,4.515088
4.7,4.598987,4.7,4.5554805,4.6,4.4837837
4.7,4.543333,4.6,4.499674,4.6,4.4300137
4.6,4.5179687,4.6,4.472718,4.5,4.4037538
4.6,4.458905,4.5,4.421306,4.5,4.360447
4.5,4.433164,4.5,4.415598,4.4,4.377109
4.5,4.3628964,4.4,4.363582,4.4,4.349477
4.4,4.3522844,4.4,4.3848524,4.5,4.398088
4.4,4.370678,4.5,4.409137,4.5,4.429202
4.5,4.40653,4.5,4.419464,4.6,4.404293
4.5,4.4759026,4.6,4.4626417,4.6,4.4188585
4.6,4.4746695,4.6,4.4581494,4.6,4.4119306
4.6,4.5043178,4.6,4.464304,4.5,4.398168
4.6,4.5048,4.5,4.4553742,4.5,4.382128
4.5,4.467878,4.5,4.4150543,4.5,4.3441806
4.5,4.387214,4.5,4.3371744,4.4,4.279219
4.5,4.4175415,4.4,4.371891,4.4,4.3112464
4.4,4.375919,4.4,4.3516273,4.5,4.3180995
4.4,4.3283615,4.5,4.3584604,4.6,4.3703523
4.5,4.3662004,4.6,4.438037,4.7,4.4916553
4.6,4.4818935,4.7,4.5815825,4.9,4.647769
4.7,4.579003,4.9,4.6655903,5.0,4.7107472
4.9,4.655656,5.0,4.7106423,4.6,4.741025
5.0,4.823656,4.6,4.807467,4.7,4.7714157
4.6,4.7805443,4.7,4.7540216,4.7,4.702269
4.7,4.5204687,4.7,4.498659,4.7,4.4443083
4.7,4.546589,4.7,4.50662,4.6,4.4384503
4.7,4.5204525,4.6,4.475052,4.5,4.4041314
4.6,4.5167294,4.5,4.4659715,4.5,4.391533
4.5,4.4615564,4.5,4.4088497,4.4,4.33686
4.5,4.3434267,4.4,4.2995024,4.3,4.2595425
4.4,4.3254256,4.3,4.316494,4.3,4.311462
4.3,4.2716146,4.3,4.303279,4.4,4.3327475
4.3,4.262228,4.4,4.3193026,4.5,4.3585105
4.4,4.2722464,4.5,4.3239822,4.6,4.3550243
4.5,4.3896227,4.6,4.4206314,4.6,4.417175
4.6,4.4713316,4.6,4.4620733,4.6,4.419596
4.6,4.5181103,4.6,4.4810476,4.5,4.4140277
4.6,4.4854016,4.5,4.4339623,4.4,4.358562
4.5,4.468239,4.4,4.4052463,4.4,4.3213634
4.4,4.365825,4.4,4.287299,4.3,4.2152686
4.4,4.296799,4.3,4.2234755,4.3,4.1651244
4.3,4.265595,4.3,4.2133965,4.3,4.174381
4.3,4.2428102,4.3,4.2421727,4.4,4.2409267
4.3,4.237504,4.4,4.325896,4.7,4.4007554
4.4,4.31928,4.7,4.452541,4.9,4.568769
4.7,4.46299,4.9,4.5816813,5.0,4.6537585
4.9,4.6678147,5.0,4.738849,5.0,4.7719684
5.0,4.843872,5.0,4.8215337,4.9,4.772882
5.0,4.767914,4.9,4.7247257,4.8,4.652371
4.9,4.7401137,4.8,4.679794,4.7,4.5911813
4.8,4.65653,4.7,4.592156,4.6,4.4952607
4.7,4.567606,4.6,4.496682,4.5,4.3976307
4.6,4.4999466,4.5,4.4224725,4.3,4.3252664
4.5,4.417846,4.3,4.330213,4.3,4.243931
4.3,4.337955,4.3,4.259139,4.2,4.200277
4.3,4.2148085,4.2,4.2114496,4.3,4.222578
4.2,4.1949797,4.3,4.25335,4.4,4.3205085
4.3,4.228879,4.4,4.385995,4.6,4.5229764
4.4,4.372882,4.6,4.5041356,4.7,4.5884647
4.6,4.4499884,4.7,4.5270147,4.7,4.554189
4.7,4.5832233,4.7,4.569556,4.6,4.5105724
4.7,4.5607443,4.6,4.5070195,4.5,4.42081
4.6,4.5277762,4.5,4.450711,4.4,4.3458586
4.5,4.4491453,4.4,4.357673,4.4,4.259892
4.4,4.3537726,4.4,4.2568674,4.3,4.175052
4.4,4.279168,4.3,4.190608,4.2,4.1207695
4.3,4.2499943,4.2,4.187657,4.2,4.141482
4.2,4.195014,4.2,4.1890373,4.4,4.1965046
4.2,4.1632967,4.4,4.3062806,4.7,4.451386
4.4,4.314079,4.7,4.493987,5.0,4.632912
4.7,4.5122643,5.0,4.656864,5.1000004,4.7369256
5.0,4.7191796,5.1000004,4.7943926,5.1000004,4.8220835
5.1000004,4.8891892,5.1000004,4.864004,5.0,4.8167605
5.1000004,4.841956,5.0,4.7803097,4.9,4.693895
5.0,4.7766957,4.9,4.6983633,4.7,4.590203
4.9,4.6864805,4.7,4.6066914,4.6,4.4951763
4.7,4.6194057,4.6,4.5361166,4.5,4.423965
4.6,4.5298686,4.5,4.443419,4.4,4.3279696
4.5,4.4023814,4.4,4.3010044,4.3,4.205585
4.4,4.3322225,4.3,4.2511234,4.2,4.1923647
4.3,4.2388315,4.2,4.273811,4.4,4.3236856
4.2,4.1852794,4.4,4.3260794,4.6,4.470063
4.4,4.314699,4.6,4.508579,4.8,4.6430635
4.6,4.4840956,4.8,4.619153,4.8,4.686079
4.8,4.597653,4.8,4.6469927,4.7,4.6376414
4.8,4.6809826,4.7,4.661986,4.6,4.5939455
4.7,4.6316786,4.6,4.565931,4.5,4.4608164
4.6,4.5377445,4.5,4.4552193,4.4,4.343371
4.5,4.4427147,4.4,4.348532,4.3,4.2503824
4.4,4.361687,4.3,4.2680283,4.3,4.187057
4.3,4.2850633,4.3,4.195967,4.2,4.1269374
4.3,4.1970825,4.2,4.1390786,4.2,4.0980825
4.2,4.1772356,4.2,4.2153225,4.5,4.305296
4.2,4.28224,4.5,4.496078,4.8,4.6675057
4.5,4.384653,4.8,4.590658,5.0,4.728406
4.8,4.629234,5.0,4.7612486,5.0,4.8229146
5.0,4.766896,5.0,4.812036,5.0,4.8239603
5.0,4.809356,5.0,4.7789464,4.9,4.719659
5.0,4.7636247,4.9,4.712887,4.8,4.6318665
4.9,4.706802,4.8,4.644371,4.6,4.5465283
4.8,4.6210437,4.6,4.5518403,4.6,4.4508753
4.6,4.569979,4.6,4.4953623,4.4,4.391094
4.6,4.4391327,4.4,4.3465576,4.3,4.2420835
4.4,4.4438767,4.3,4.356525,4.2,4.2633476
4.3,4.255759,4.2,4.203668,4.3,4.169811
4.2,4.1414227,4.3,4.193094,4.5,4.3738537
4.3,4.274506,4.5,4.4757814,4.7,4.6247373
4.5,4.420478,4.7,4.5809813,4.8,4.6735187
4.7,4.5294404,4.8,4.621785,4.8,4.6537013
4.8,4.689366,4.8,4.6756625,4.8,4.614723
4.8,4.646569,4.8,4.599772,4.7,4.511268
4.8,4.607294,4.7,4.535887,4.5,4.427876
4.7,4.569899,4.5,4.475896,4.4,4.351075
4.5,4.506038,4.4,4.4113946,4.3,4.302153
4.4,4.353027,4.3,4.251496,4.2,4.165221
4.3,4.2677903,4.2,4.16863,4.1,4.092922
4.2,4.1783075,4.1,4.1369905,4.3,4.114548
4.1,4.118306,4.3,4.210568,4.7,4.4185953
4.3,4.224544,4.7,4.4979887,5.0,4.67775
4.7,4.494324,5.0,4.6753287,5.0,4.7763486
5.0,4.7451315,5.0,4.8266945,5.0,4.844479
5.0,4.8863683,5.0,4.8645787,4.9,4.816434
5.0,4.819181,4.9,4.7774887,4.8,4.709148
4.9,4.751173,4.8,4.6952667,4.7,4.60601
4.8,4.6488113,4.7,4.5857716,4.6,4.4886746
4.7,4.5641456,4.6,4.499769,4.5,4.405781
4.6,4.503509,4.5,4.430562,4.3,4.3298783
4.5,4.411128,4.3,4.31316,4.3,4.2130795
4.3,4.3127537,4.3,4.2206907,4.2,4.148201
4.3,4.142191,4.2,4.1471143,4.4,4.273778
4.2,4.196775,4.4,4.353989,4.5,4.5031443
4.4,4.325144,4.5,4.502362,4.7,4.6316986
4.5,4.4815493,4.7,4.595137,4.8,4.6506853
4.7,4.5081325,4.8,4.570416,4.8,4.5743265
4.8,4.6079965,4.8,4.594717,4.7,4.534753
4.8,4.6211233,4.7,4.5711026,4.6,4.4835105
4.7,4.589939,4.6,4.522726,4.5,4.421751
4.6,4.5236526,4.5,4.444176,4.3,4.335724
4.5,4.436962,4.3,4.3433747,4.2,4.2434025
4.3,4.343357,4.2,4.240353,4.1,4.153343
4.2,4.1924176,4.1,4.107836,4.1,4.050754
4.1,4.069878,4.1,4.0628943,4.4,4.1414905
4.1,4.084271,4.4,4.3011107,4.7,4.50442
4.4,4.2667093,4.7,4.4676857,4.8,4.6152997
4.7,4.533941,4.8,4.6662827,4.9,4.727362
4.8,4.685597,4.9,4.7505856,4.8,4.764376
4.9,4.721274,4.8,4.7002363,4.8,4.6437955
4.8,4.6990395,4.8,4.656937,4.7,4.5786953
4.8,4.6206346,4.7,4.5639586,4.6,4.4724083
4.7,4.570226,4.6,4.505373,4.5,4.409705
4.6,4.5115747,4.5,4.4454193,4.3,4.351432
4.5,4.4221582,4.3,4.333352,4.2,4.2358756
4.3,4.3203735,4.2,4.2131104,4.1,4.12092
4.2,4.1742783,4.1,4.100472,4.2,4.056969
4.1,4.0938635,4.2,4.129438,4.5,4.3679447
4.2,4.137683,4.5,4.312044,4.7,4.4666457
4.5,4.32279,4.7,4.4635196,4.8,4.5617585
4.7,4.5144787,4.8,4.594524,4.8,4.6104927
4.8,4.654011,4.8,4.6406918,4.7,4.580454
4.8,4.6408772,4.7,4.602396,4.6,4.5267315
4.7,4.608711,4.6,4.544329,4.5,4.444213
4.6,4.5286484,4.5,4.4539423,4.4,4.348966
4.5,4.424997,4.4,4.3333874,4.3,4.232567
4.4,4.344398,4.3,4.2452197,4.2,4.155167
4.3,4.278765,4.2,4.180474,4.1,4.0971437
4.2,4.1788397,4.1,4.1157346,4.3,4.077198
4.1,4.1005726,4.3,4.1437144,4.6,4.378451
4.3,4.187438,4.6,4.4084964,4.8,4.5727944
4.6,4.464424,4.8,4.6095424,5.0,4.6937423
4.8,4.625566,5.0,4.7089634,4.9,4.7307014
5.0,4.769272,4.9,4.772066,4.9,4.752618
4.9,4.791388,4.9,4.7539344,4.8,4.687753
4.9,4.6873355,4.8,4.6384654,4.7,4.5550623
4.8,4.6411176,4.7,4.577725,4.5,4.4801173
4.7,4.561096,4.5,4.495791,4.4,4.401244
4.5,4.5029693,4.4,4.4243383,4.3,4.3193035
4.4,4.335895,4.3,4.2271705,4.2,4.1293683
4.3,4.2459536,4.2,4.1485624,4.1,4.0752068
4.2,4.122436,4.1,4.1248302,4.3,4.2916675
4.1,4.1492567,4.3,4.3252115,4.6,4.4924464
4.3,4.270777,4.6,4.458592,4.8,4.5916677
4.6,4.410414,4.8,4.5280113,4.8,4.5950217
4.8,4.565767,4.8,4.624463,4.8,4.6274505
4.8,4.6615286,4.8,4.6438003,4.7,4.580479
4.8,4.636866,4.7,4.5832186,4.6,4.4921775
4.7,4.6070266,4.6,4.5391583,4.5,4.436433
4.6,4.51074,4.5,4.4317484,4.3,4.3245
4.5,4.4393296,4.3,4.3481436,4.2,4.248169
4.3,4.335967,4.2,4.232659,4.1,4.1421227
4.2,4.1645565,4.1,4.078148,4.1,4.0238934
4.1,4.0521946,4.1,4.0547414,4.4,4.1759567
4.1,4.0678067,4.4,4.290598,4.7,4.49266
4.4,4.25815,4.7,4.4479885,4.8,4.584745
4.7,4.5112133,4.8,4.6267614,4.9,4.6738353
4.8,4.6634626,4.9,4.7164893,4.8,4.7258987
4.9,4.6908917,4.8,4.670353,4.7,4.611183
4.8,4.706515,4.7,4.657415,4.6,4.5708876
4.7,4.598536,4.6,4.5345826,4.5,4.4367886
4.6,4.5150814,4.5,4.4361696,4.4,4.327393
4.5,4.417108,4.4,4.3232617,4.2,4.2230725
4.4,4.3829927,4.2,4.2906637,4.1,4.198072
4.2,4.2320895,4.1,4.127642,4.0,4.051936
4.1,4.0651236,4.0,4.0322766,4.2,4.056833
4.0,4.0347786,4.2,4.111771,4.4,4.3658457
4.2,4.1218104,4.4,4.3076177,4.7,4.4579196
4.4,4.3509526,4.7,4.4954944,4.8,4.581775
4.7,4.453348,4.8,4.526647,4.7,4.5330114
4.8,4.6441307,4.7,4.6306705,4.7,4.5700717
4.7,4.6496644,4.7,4.6040516,4.6,4.521549
4.7,4.546422,4.6,4.4843087,4.5,4.391189
4.6,4.5214553,4.5,4.4401336,4.4,4.3286476
4.5,4.4132733,4.4,4.313071,4.2,4.210106
4.4,4.3313165,4.2,4.216989,4.1,4.116001
4.2,4.2348647,4.1,4.1249576,4.0,4.0438685
4.1,4.0655518,4.0,4.032017,4.2,4.0308948
4.0,4.037102,4.2,4.0657525,4.5,4.305869
4.2,4.073597,4.5,4.2782283,4.7,4.438013
4.5,4.377872,4.7,4.544033,4.8,4.6353006
4.7,4.5336123,4.8,4.6144443,4.7,4.631241
4.8,4.6860433,4.7,4.668373,4.7,4.6092973
4.7,4.658145,4.7,4.6107483,4.6,4.525551
4.7,4.558649,4.6,4.4925346,4.5,4.3941813
4.6,4.5161767,4.5,4.4254994,4.3,4.304909
4.5,4.391343,4.3,4.2814326,4.2,4.1785803
4.3,4.321155,4.2,4.204719,4.0,4.106764
4.2,4.168891,4.0,4.0710254,3.8999999,4.0076833
4.0,4.0685697,3.8999999,4.0291457,4.0,4.0202084
3.8999999,3.934609,4.0,3.9730926,4.4,4.206929
4.0,4.0135365,4.4,4.230963,4.7,4.423666
4.4,4.2049356,4.7,4.372578,4.9,4.4983945
4.7,4.487772,4.9,4.5833654,4.9,4.6074924
4.9,4.6957645,4.9,4.68274,4.8,4.620554
4.9,4.704413,4.8,4.644425,4.6,4.542899
4.8,4.6532187,4.6,4.5403523,4.5,4.38828
4.6,4.5692596,4.5,4.4467864,4.3,4.2917233
4.5,4.398725,4.3,4.2643476,4.2,4.144592
4.3,4.306384,4.2,4.1754107,4.1,4.0662694
4.2,4.1604543,4.1,4.0470896,4.0,3.9768646
4.1,4.0588837,4.0,4.0112386,4.0,3.9863238
4.0,3.9756281,4.0,4.0007777,4.4,4.228414
4.0,4.074091,4.4,4.357127,4.7,4.5675445
4.4,4.251553,4.7,4.462321,4.8,4.593683
4.7,4.513609,4.8,4.6294446,4.8,4.672454
4.8,4.6947412,4.8,4.6829934,4.7,4.620499
4.8,4.6446447,4.7,4.5811443,4.6,4.4771137
4.7,4.6122613,4.6,4.5037675,4.4,4.358015
4.6,4.51375,4.4,4.396633,4.3,4.2591906
4.4,4.409811,4.3,4.274798,4.1,4.1536384
4.3,4.2678843,4.1,4.147794,4.0,4.0521383
4.1,4.15351,4.0,4.0591145,3.8,4.0001993
4.0,4.000239,3.8,3.966082,3.8999999,3.949419
3.8,3.91661,3.8999999,3.9374106,4.2,4.0961266
3.8999999,3.9311476,4.2,4.1809916,4.6,4.412032
4.2,4.1642194,4.6,4.403838,4.9,4.5565815
4.6,4.407375,4.9,4.5408463,4.9,4.6086082
4.9,4.6512613,4.9,4.6470714,4.8,4.583993
4.9,4.717073,4.8,4.647401,4.7,4.530961
4.8,4.6648726,4.7,4.540888,4.5,4.3768115
4.7,4.5698867,4.5,4.435083,4.4,4.2692175
4.5,4.456273,4.4,4.310463,4.2,4.173198
4.4,4.3256855,4.2,4.18327,4.1,4.063874
4.2,4.20165,4.1,4.076733,4.0,3.9905207
4.1,4.050692,4.0,3.987567,4.0,3.9553776
4.0,4.0035496,4.0,4.002265,4.1,4.0702534
4.0,3.978942,4.1,4.1506753,4.5,4.3973393
4.1,4.1566863,4.5,4.403046,4.7,4.563335
4.5,4.321645,4.7,4.498883,4.8,4.5968227
4.7,4.5456104,4.8,4.589941,4.7,4.564198
4.8,4.630828,4.7,4.5789247,4.5,4.480003
4.7,4.5896873,4.5,4.464387,4.2,4.304135
4.5,4.4850116,4.2,4.3362803,4.1,4.191618
4.2,4.3109517,4.1,4.1840453,4.0,4.084556
4.1,4.104621,4.0,4.014214,3.8999999,3.9652064
4.0,4.0044813,3.8999999,3.9626596,3.8999999,3.9385178
3.8999999,3.9462092,3.8999999,3.9217625,3.8999999,3.9093606
3.8999999,3.8291874,3.8999999,3.8340368,4.0,3.8841817
3.8999999,3.909177,4.0,4.069932,4.5,4.326319
4.0,4.0823965,4.5,4.3569174,4.7,4.526415
4.5,4.323581,4.7,4.517723,4.9,4.6159806
4.7,4.563173,4.9,4.6260033,4.7,4.6074953
4.9,4.682429,4.7,4.631875,4.6,4.5334167
4.7,4.641709,4.6,4.4987807,4.3,4.3229246
4.6,4.5262027,4.3,4.3869953,4.1,4.226443
4.3,4.377978,4.1,4.223198,4.1,4.08876
4.1,4.1701555,4.1,4.0416307,4.0,3.9602904
4.1,4.003715,4.0,3.9519181,4.0,3.922948
4.0,3.9720447,4.0,3.9382098,4.0,3.920411
4.0,3.9287617,4.0,3.9182055,3.8999999,3.9240947
4.0,3.8952804,3.8999999,3.943757,4.2,4.157937
3.8999999,4.0218544,4.2,4.212948,4.5,4.375312
4.2,4.0741177,4.5,4.251561,4.6,4.384524
4.5,4.2909794,4.6,4.3761325,4.5,4.3879247
4.6,4.5159874,4.5,4.4637237,4.2,4.3753977
4.5,4.480193,4.2,4.342521,4.0,4.1839294
4.2,4.323222,4.0,4.161584,4.0,4.0222745
4.0,4.0760736,4.0,3.9820948,4.0,3.9342878
4.0,3.9284937,4.0,3.8920624,3.8999999,3.8689537
4.0,3.9027858,3.8999999,3.8753111,3.8999999,3.858478
3.8999999,3.928764,3.8999999,3.906998,3.8999999,3.8920264
3.8999999,3.8781238,3.8999999,3.8700745,3.8999999,3.8858783
3.8999999,3.8153918,3.8999999,3.8463645,3.8999999,4.0092707
3.8999999,3.989821,3.8999999,4.2358685,3.8,4.4318676
3.8999999,4.1962543,3.8,4.4001536,3.8999999,4.521007
3.8,4.099216,3.8999999,4.180341,3.8999999,4.2281065
3.8999999,3.9202137,3.8999999,3.8921678,3.8999999,3.8857815
3.8999999,3.973143,3.8999999,3.951589,3.8999999,3.954056
3.8999999,3.920923,3.8999999,3.905797,3.8999999,3.9047475
3.8999999,3.8591504,3.8999999,3.8448133,3.8999999,3.8374777
3.8999999,3.8543172,3.8999999,3.841762,3.8,3.83082
3.8999999,3.8766077,3.8,3.8632987,3.8,3.8482554
3.8,3.8755054,3.8,3.864156,3.8,3.8535252
3.8,3.8280232,3.8,3.82781,3.8999999,3.8312004
3.8,3.765735,3.8999999,3.7969487,3.8999999,3.8299081
3.8999999,3.8785732,3.8999999,3.8920012,4.0,3.9115655
3.8999999,3.9239883,4.0,3.9271305,4.0,3.9371674
4.0,3.9667604,4.0,3.95476,4.1,3.9539077
4.0,4.03997,4.1,4.0293903,4.2,4.027564
4.1,3.9669302,4.2,3.9517186,4.1,3.9514482
4.2,4.0545454,4.1,4.034233,4.1,4.0169053
4.1,4.0723925,4.1,4.0051827,4.1,3.9538941
4.1,3.9418182,4.1,3.8946393,4.2,3.8551865
4.1,3.993433,4.2,3.9354818,4.4,3.9009173
4.2,4.0131903,4.4,3.9693718,4.4,3.943896
4.4,4.156453,4.4,4.080554,4.5,4.033821
4.4,4.219893,4.5,4.1628585,4.5,4.128922
4.5,4.296982,4.5,4.237494,4.5,4.209112
4.5,4.364543,4.5,4.328654,4.5,4.3099303
4.5,4.4391203,4.5,4.425662,4.5,4.3860292
4.5,4.45953,4.5,4.4391184,4.5,4.388003
4.5,4.4987245,4.5,4.472646,4.5,4.414388
4.5,4.4185896,4.5,4.3818803,4.5,4.3233285
4.5,4.36892,4.5,4.314003,4.5,4.2527604
4.5,4.3811116,4.5,4.3315663,4.5,4.276225
4.5,4.3525953,4.5,4.3178644,4.5,4.2865944
4.5,4.352343,4.5,4.329628,4.5,4.3112464
4.5,4.3496766,4.5,4.326928,4.5,4.3100386
4.5,4.3471785,4.5,4.3227754,4.5,4.305988
4.5,4.3405323,4.5,4.316313,4.5,4.3009
4.5,4.3227277,4.5,4.3046613,4.5,4.2960844
4.5,4.3520527,4.5,4.324219,4.4,4.302487
4.5,4.3913407,4.4,4.344991,4.4,4.304834
4.4,4.3563495,4.4,4.3200765,4.4,4.29001
4.4,4.3018875,4.4,4.2696743,4.4,4.24782
4.4,4.283029,4.4,4.259861,4.4,4.243962
4.4,4.305768,4.4,4.2765765,4.4,4.257954
4.4,4.307672,4.4,4.283298,4.4,4.267724
4.4,4.3116436,4.4,4.288574,4.3,4.2737474
4.4,4.3196006,4.3,4.2981095,4.3,4.2839108
4.3,4.323533,4.3,4.306557,4.3,4.2956266
4.3,4.302969,4.3,4.291341,4.3,4.2864647
4.3,4.31464,4.3,4.316592,4.3,4.322741
4.3,4.304579,4.3,4.315652,4.3,4.3322954
4.3,4.301628,4.3,4.3430185,4.3,4.3721514
4.3,4.3324394,4.3,4.378179,4.3,4.403445
4.3,4.379232,4.3,4.3949194,4.3,4.3824596
4.3,4.333802,4.3,4.3374033,4.3,4.320525
4.3,4.2868857,4.3,4.2822876,4.3,4.2726836
4.3,4.262665,4.3,4.2522736,4.2,4.2450104
4.3,4.269009,4.2,4.2466884,4.2,4.2294154
4.2,4.241298,4.2,4.2257175,4.3,4.217227
4.2,4.178255,4.3,4.1618752,4.3,4.154155
4.3,4.1861954,4.3,4.162571,4.3,4.1479564
4.3,4.201791,4.3,4.1827993,4.2,4.173132
4.3,4.2054553,4.2,4.1860695,4.2,4.176179
4.2,4.2041535,4.2,4.1857305,4.2,4.1766005
4.2,4.2121453,4.2,4.1855464,4.2,4.170042
4.2,4.134757,4.2,4.117497,4.2,4.1126356
4.2,4.197357,4.2,4.169884,4.2,4.150631
4.2,4.16404,4.2,4.143439,4.2,4.1315594
4.2,4.1393347,4.2,4.1182942,4.2,4.1095815
4.2,4.169376,4.2,4.148845,4.2,4.137176
4.2,4.1791015,4.2,4.159422,4.1,4.1478453
4.2,4.192918,4.1,4.173914,3.7,4.162351
4.1,4.1809387,3.7,4.1621976,3.6,4.151732
3.7,4.113533,3.6,4.09589,3.6,4.0939665
3.6,3.8730516,3.6,3.8565493,3.7,3.8654974
3.6,3.756597,3.7,3.7906353,4.0,3.8635418
3.7,3.7821307,4.0,3.9142883,4.0,4.0418587
4.0,3.9694178,4.0,4.1543107,4.0,4.2853594
4.0,4.138256,4.0,4.267363,4.0,4.352212
4.0,4.192875,4.0,4.2920203,4.1,4.3107
4.0,4.1726394,4.1,4.2434425,4.1,4.2276845
4.1,4.0934806,4.1,4.0825844,4.1,4.0318537
4.1,4.080547,4.1,4.013157,4.1,3.9521916
4.1,4.008255,4.1,3.9324508,4.0,3.87772
4.1,3.9348223,4.0,3.861259,3.7,3.813096
4.0,3.9280703,3.7,3.865265,3.6,3.8258824
3.7,3.8561575,3.6,3.8152273,3.6,3.797299
3.6,3.7384417,3.6,3.7069542,3.5,3.699265
3.6,3.6711898,3.5,3.6556942,3.5,3.6615996
3.5,3.667385,3.5,3.6559615,3.6,3.666398
3.5,3.6310477,3.6,3.7296546,3.8,3.8444188
3.6,3.6199548,3.8,3.6754072,3.8999999,3.7430444
3.8,3.6909919,3.8999999,3.690443,3.8,3.7060378
3.8999999,3.799606,3.8,3.7767754,4.0,3.7603605
3.8,3.8755631,4.0,3.7827876,3.8999999,3.7301855
4.0,3.8595262,3.8999999,3.7640033,3.8999999,3.7112486
3.8999999,3.837759,3.8999999,3.743751,3.6,3.6924634
3.8999999,3.7898939,3.6,3.7102373,3.6,3.6719372
3.6,3.7939808,3.6,3.7257128,3.6,3.6935153
3.6,3.6252606,3.6,3.6035502,3.8,3.604959
3.6,3.626826,3.8,3.6144984,3.8999999,3.6275477
3.8,3.6471596,3.8999999,3.8214853,3.8999999,4.019835
3.8999999,3.8235848,3.8999999,4.0146623,3.8999999,4.177991
3.8999999,4.024443,3.8999999,4.168123,3.8999999,4.27948
3.8999999,4.100047,3.8999999,4.1821623,3.8,4.223658
3.8999999,4.003582,3.8,4.0011725,3.8999999,4.0126514
3.8,3.957117,3.8999999,3.9385831,3.8999999,3.9415514
3.8999999,3.8514755,3.8999999,3.8380446,3.8999999,3.8311126
3.8999999,3.8627632,3.8999999,3.8404732,3.8999999,3.8275323
3.8999999,3.812593,3.8999999,3.7720408,3.7,3.7534163
3.8999999,3.8079076,3.7,3.7712212,3.6,3.755611
3.7,3.8038557,3.6,3.770077,3.5,3.755476
3.6,3.7020733,3.5,3.685132,3.5,3.6867287
3.5,3.6652608,3.5,3.650258,3.6,3.6573412
3.5,3.5967035,3.6,3.6322284,3.7,3.710757
3.6,3.6061666,3.7,3.6822915,3.8,3.7701478
3.7,3.6858582,3.8,3.7074895,3.8,3.7264342
3.8,3.7197714,3.8,3.7136493,3.7,3.724373
3.8,3.8124354,3.7,3.797152,3.8,3.7936091
3.7,3.7648866,3.8,3.75567,3.8,3.7598958
3.8,3.711099,3.8,3.7110267,3.8,3.7213478
3.8,3.768066,3.8,3.7402809,3.8,3.7323887
3.8,3.7538764,3.8,3.7119606,3.7,3.6977503
3.8,3.7378695,3.7,3.7032168,3.6,3.693882
3.7,3.729641,3.6,3.7022486,3.6,3.6971972
3.6,3.665903,3.6,3.6925719,3.7,3.7448304
3.6,3.6493852,3.7,3.7528548,3.7,3.980377
3.7,3.761243,3.7,3.9328983,3.8,4.1080527
3.7,3.8287814,3.8,3.8349953,3.7,3.8475552
3.8,3.7421234,3.7,3.7336724,3.7,3.7414403
3.7,3.7910776,3.7,3.7834852,3.7,3.7830396
3.7,3.7684908,3.7,3.7637038,3.7,3.7660553
3.7,3.7881973,3.7,3.7842233,3.7,3.7857847
3.7,3.7513175,3.7,3.760995,3.7,3.778188
3.7,3.727914,3.7,3.7407455,3.7,3.7585387
3.7,3.7022815,3.7,3.691197,3.7,3.6979864
3.7,3.7120607,3.7,3.7035878,3.7,3.7101266
3.7,3.6952639,3.7,3.682893,3.7,3.6893408
3.7,3.672945,3.7,3.7365706,3.6,3.819885
3.7,3.781665,3.6,3.8342519,3.7,3.8919933
3.6,3.8230987,3.7,3.8469875,3.7,3.8716855
3.7,3.7285347,3.7,3.7192996,3.8,3.729021
3.7,3.760192,3.8,3.752509,3.8,3.75812
3.8,3.7637632,3.8,3.758635,4.5,3.76438
3.8,3.840883,4.5,3.8350215,4.4,3.8317676
4.5,3.8904932,4.4,3.8818693,4.3,3.8717525
4.4,4.2541156,4.3,4.224295,4.3,4.2031054
4.3,4.222166,4.3,4.211655,5.0,4.2267594
4.3,4.189873,5.0,4.230088,5.2999997,4.3291454
5.0,4.2577686,5.2999997,4.3369064,5.5,4.4511437
5.2999997,4.762845,5.5,4.8315206,5.6,4.8860593
5.5,5.0394015,5.6,5.0009155,5.6,4.9563932
5.6,5.0261765,5.6,4.968543,5.4,4.9050236
5.6,5.015964,5.4,4.945883,5.1000004,4.871797
5.4,4.9891214,5.1000004,4.906165,4.9,4.8143053
5.1000004,4.874687,4.9,4.786943,4.7,4.6836767
4.9,4.7204604,4.7,4.6378303,4.6,4.532655
4.7,4.625636,4.6,4.551214,4.4,4.4556413
4.6,4.4755626,4.4,4.4058933,4.3,4.340964
4.4,4.355219,4.3,4.319656,4.2,4.3001194
4.3,4.236516,4.2,4.2956595,4.7,4.412608
4.2,4.224669,4.7,4.3998647,4.9,4.5587263
4.7,4.4079447,4.9,4.6231284,5.1000004,4.7508626
4.9,4.751493,5.1000004,4.8948884,5.1000004,4.9508004
5.1000004,4.907962,5.1000004,4.8991446,5.1000004,4.849967
5.1000004,4.883553,5.1000004,4.8322334,4.8,4.749645
5.1000004,4.785943,4.8,4.687426,4.6,4.5437627
4.8,4.72481,4.6,4.6256704,4.4,4.4932404
4.6,4.5563626,4.4,4.465112,4.3,4.3618155
4.4,4.4069133,4.3,4.3242183,4.6,4.2589655
4.3,4.277513,4.6,4.1829777,4.7,4.1157613
4.6,4.2678485,4.7,4.209735,4.7,4.1714463
4.7,4.3287663,4.7,4.368276,4.6,4.450366
4.7,4.443272,4.6,4.6188827,4.6,4.7944736
4.6,4.5584393,4.6,4.8040543,4.6,5.003604
4.6,4.803227,4.6,4.9771986,4.7,5.0577335
4.6,4.6767964,4.7,4.7444715,4.7,4.7651954
4.7,4.5912037,4.7,4.596145,4.7,4.5640426
4.7,4.6029716,4.7,4.572623,4.7,4.5084786
4.7,4.5746274,4.7,4.527788,4.5,4.4490957
4.7,4.520378,4.5,4.4616513,4.3,4.3778305
4.5,4.515299,4.3,4.4572988,4.1,4.3895154
4.3,4.3736057,4.1,4.3129272,3.8999999,4.267135
4.1,4.2406282,3.8999999,4.1985397,3.8,4.170679
3.8999999,4.0409718,3.8,4.0151696,3.8999999,4.0243526
3.8,3.9162173,3.8999999,4.000201,4.2,4.239646
3.8999999,3.839852,4.2,3.9455392,4.3,4.042275
4.2,4.1106462,4.3,4.24166,4.3,4.342868
4.3,4.2308774,4.3,4.3084393,4.4,4.336553
4.3,4.295903,4.4,4.303248,4.3,4.286088
4.4,4.286961,4.3,4.267812,4.4,4.249835
4.3,4.3610682,4.4,4.307558,4.4,4.2455297
4.4,4.26791,4.4,4.2128158,4.2,4.1575656
4.4,4.257189,4.2,4.149076,4.0,4.0586214
4.2,4.189929,4.0,4.0786004,3.8999999,4.002045
4.0,4.0625916,3.8999999,3.9770582,3.8,3.9335043
3.8999999,3.8801525,3.8,3.8422747,4.1,3.824374
3.8,3.8288498,4.1,3.8548305,4.2,4.0033035
4.1,3.8401098,4.2,3.963874,4.3,4.1500134
4.2,4.25118,4.3,4.398131,4.3,4.4972568
4.3,4.256601,4.3,4.332283,4.2,4.362513
4.3,4.300835,4.2,4.362841,4.4,4.39318
4.2,4.2846737,4.4,4.3043447,4.3,4.312179
4.4,4.199619,4.3,4.189892,4.4,4.186845
4.3,4.318915,4.4,4.286315,4.3,4.2422132
4.4,4.2277427,4.3,4.188641,4.1,4.143824
4.3,4.2572327,4.1,4.1681457,4.0,4.0881467
4.1,4.1929164,4.0,4.082586,4.0,4.0068054
4.0,3.9661415,4.0,3.9294908,3.7,3.9124858
4.0,3.9135087,3.7,3.902592,4.1,3.9026995
3.7,3.9232054,4.1,3.9240265,4.1,4.009178
4.1,3.7778609,4.1,3.8432953,4.1,3.9254372
4.1,4.205716,4.1,4.2869787,4.2,4.3196993
4.1,4.071417,4.2,4.063688,4.2,4.0755825
4.2,4.100327,4.2,4.0880494,4.2,4.0970225
4.2,4.183475,4.2,4.174408,4.2,4.17237
4.2,4.163468,4.2,4.147822,4.2,4.140159
4.2,4.1462135,4.2,4.1262674,4.1,4.101656
4.2,4.095316,4.1,4.065684,4.1,4.0391817
4.1,4.1096377,4.1,4.0447054,4.1,4.0043945
4.1,3.969491,4.1,3.944112,4.0,3.9327857
4.1,3.9937193,4.0,3.9694784,4.0,3.9615266
4.0,4.0283375,4.0,4.0378814,4.0,4.1467566
4.0,3.982482,4.0,4.0579143,4.0,4.1485934
4.0,4.1754427,4.0,4.252998,4.0,4.2921495
4.0,3.9991455,4.0,3.978361,4.0,3.986663
4.0,4.0335584,4.0,4.016179,4.0,4.0269423
4.0,4.061888,4.0,4.051657,4.0,4.055751
4.0,4.0253797,4.0,4.014134,4.0,4.021254
4.0,3.999064,4.0,3.9874914,4.0,3.9897532
4.0,3.984,4.0,3.9722674,4.1,3.963945
4.0,3.985465,4.1,3.9696217,3.8,3.9614627
4.1,4.0040627,3.8,3.9856138,3.7,3.9801433
3.8,3.9921532,3.7,3.9768274,3.8999999,3.9752073
3.7,3.8304343,3.8999999,3.845875,3.8999999,3.898063
3.8999999,3.861841,3.8999999,3.9350784,3.8999999,4.0631633
3.8999999,3.9856415,3.8999999,4.04248,3.8999999,4.0943155
3.8999999,3.9505277,3.8999999,3.9261844,4.0,3.9308221
3.8999999,3.9719193,4.0,3.9521363,4.0,3.9508686
4.0,3.8831089,4.0,3.8718565,4.0,3.8669255
4.0,4.01576,4.0,4.00867,4.0,4.0143185
4.0,3.9907827,4.0,3.9790437,4.0,3.9835186
4.0,3.9608936,4.0,3.950331,3.8999999,3.9405422
4.0,3.973068,3.8999999,3.9584918,3.8999999,3.9477835
3.8999999,3.921434,3.8999999,3.903642,3.8999999,3.8901694
3.8999999,3.8273761,3.8999999,3.8042314,3.8,3.795744
3.8999999,3.8635273,3.8,3.8627627,3.7,3.87867
3.8,3.8805428,3.7,3.9300063,3.6,4.07442
3.7,3.8441367,3.6,3.968788,3.8,4.1005025
3.6,3.7093043,3.8,3.7050836,3.8999999,3.7196062
3.8,3.6182258,3.8999999,3.6259363,4.0,3.6517923
3.8999999,3.8027992,4.0,3.7967527,4.0,3.7950807
4.0,3.8484697,4.0,3.8402827,3.8999999,3.8338954
4.0,3.974901,3.8999999,3.963444,4.0,3.9647923
3.8999999,3.9196038,4.0,3.90751,3.8999999,3.8892002
4.0,3.835637,3.8999999,3.8090467,3.7,3.798674
3.8999999,3.851978,3.7,3.8169117,3.7,3.8023822
3.7,3.7974088,3.7,3.759175,3.8,3.7425778
3.7,3.6969354,3.8,3.67811,3.8999999,3.6784933
3.8,3.7103205,3.8999999,3.8024247,3.8999999,4.029807
3.8999999,3.81772,3.8999999,3.9751127,3.8999999,4.1379204
3.8999999,4.110159,3.8999999,4.189614,3.8999999,4.244062
3.8999999,3.981123,3.8999999,3.9569235,4.0,3.9614134
3.8999999,3.9922507,4.0,3.966477,3.8999999,3.9745464
4.0,3.9974825,3.8999999,3.9857159,4.0,3.9863274
3.8999999,4.02925,4.0,4.023511,4.0,4.0288897
4.0,3.9659991,4.0,3.954501,3.8999999,3.9538286
4.0,3.9453044,3.8999999,3.932756,3.8999999,3.9195285
3.8999999,3.9743083,3.8999999,3.9575722,4.0,3.9496725
3.8999999,3.8420417,4.0,3.8164704,3.8999999,3.8070195
4.0,3.8412368,3.8999999,3.8176935,4.0,3.8095453
3.8999999,3.985205,4.0,3.9920862,3.8999999,4.0776176
4.0,3.9519026,3.8999999,4.0000043,3.8999999,4.099396
3.8999999,4.095113,3.8999999,4.1886806,3.6,4.2598166
3.8999999,3.9577615,3.6,3.9371588,3.8999999,3.9426994
3.6,3.8475916,3.8999999,3.8412583,4.5,3.8372793
3.8999999,3.744122,4.5,3.744924,4.4,3.7493815
4.5,3.9635332,4.4,3.947994,4.1,3.9496832
4.4,4.338459,4.1,4.2903895,4.0,4.2292953
4.1,4.2155824,4.0,4.1048174,3.8999999,4.0210514
4.0,4.0331864,3.8999999,3.985639,3.8999999,3.9575078
3.8999999,3.9173772,3.8999999,3.8846266,3.8999999,3.8656142
3.8999999,3.836718,3.8999999,3.801267,3.8999999,3.7858305
3.8999999,3.8344102,3.8999999,3.8407333,4.3,3.9019196
3.8999999,3.8690245,4.3,3.919198,4.5,4.0673976
4.3,3.8918142,4.5,4.0213356,4.7,4.144989
4.5,4.376242,4.7,4.4702992,4.7,4.4936075
4.7,4.524347,4.7,4.569413,4.6,4.5536084
4.7,4.6105933,4.6,4.5711956,4.3,4.5002813
4.6,4.575004,4.3,4.4783916,4.1,4.3512855
4.3,4.4052973,4.1,4.2494,4.0,4.101429
4.1,4.1632133,4.0,4.0312524,4.0,3.9480057
4.0,3.9718347,4.0,3.9117956,4.0,3.881
4.0,3.8996594,4.0,3.8622081,4.0,3.8413358
4.0,3.9184513,4.0,3.891392,4.0,3.8779743
4.0,3.873162,4.0,3.8833585,4.0,3.9396415
4.0,3.9297485,4.0,3.997931,4.3,4.2703776
4.0,4.0802927,4.3,4.285592,4.7,4.4323196
4.3,4.1953883,4.7,4.344972,4.8,4.4080834
4.7,4.3961387,4.8,4.398637,4.6,4.3495407
4.8,4.6134624,4.6,4.5017185,4.3,4.346224
4.6,4.533657,4.3,4.3404408,4.0,4.1613703
4.3,4.3271995,4.0,4.1404595,4.0,4.000484
4.0,4.121818,4.0,3.9977934,3.8999999,3.9281406
4.0,3.9344053,3.8999999,3.8846023,4.0,3.8608928
3.8999999,3.9378703,4.0,3.9034846,4.0,3.8887274
4.0,3.8596277,4.0,3.8306482,3.8999999,3.8199348
4.0,3.9273162,3.8999999,3.9175036,3.8999999,3.9596949
3.8999999,3.918616,3.8999999,3.968167,4.4,4.232126
3.8999999,4.0327253,4.4,4.34139,4.7,4.544146
4.4,4.313528,4.7,4.531781,5.0,4.6282845
4.7,4.544482,5.0,4.6065345,4.8,4.5733113
5.0,4.70446,4.8,4.630734,4.5,4.5004582
4.8,4.6814623,4.5,4.518716,4.2,4.329069
4.5,4.5322967,4.2,4.3539195,4.1,4.1838126
4.2,4.2997937,4.1,4.1596413,4.0,4.0498857
4.1,4.103339,4.0,4.004963,4.0,3.9518645
4.0,3.9875162,4.0,3.9372818,4.0,3.9101791
4.0,3.942706,4.0,3.9069724,4.0,3.8916252
4.0,3.9181523,4.0,3.8938677,4.0,3.8965461
4.0,3.907945,4.0,3.927313,4.0,4.0708203
4.0,3.9612806,4.0,4.0268917,4.4,4.2423186
4.0,4.0680194,4.4,4.214983,4.5,4.3425703
4.4,4.1651864,4.5,4.226575,4.4,4.1979218
4.5,4.4502406,4.4,4.3587856,4.2,4.196854
4.4,4.372574,4.2,4.1958866,4.0,4.0415382
4.2,4.2128544,4.0,4.0612264,3.8999999,3.956948
4.0,4.0462594,3.8999999,3.9766862,3.8999999,3.9364092
3.8999999,3.9386814,3.8999999,3.899165,3.8999999,3.8788028
3.8999999,3.8682423,3.8999999,3.837421,3.8999999,3.8251193
3.8999999,3.8789542,3.8999999,3.8519046,3.8999999,3.8421614
3.8999999,3.866437,3.8999999,3.848451,3.8999999,3.8656964
3.8999999,3.8544447,3.8999999,3.8663902,4.0,3.9658442
3.8999999,3.9510286,4.0,4.1069813,4.4,4.328236
4.0,4.0866733,4.4,4.291091,4.6,4.4242845
4.4,4.243978,4.6,4.393247,4.7,4.43421
4.6,4.4981112,4.7,4.4795856,4.6,4.3844357
4.7,4.6233463,4.6,4.5035014,4.3,4.3368664
4.6,4.4877396,4.3,4.297139,4.1,4.1309524
4.3,4.3587527,4.1,4.1985674,4.1,4.0717754
4.1,4.1563997,4.1,4.0561857,4.0,3.994308
4.1,4.02083,4.0,3.9661806,4.0,3.9366348
4.0,3.988011,4.0,3.949372,4.0,3.9281788
4.0,3.944902,4.0,3.9172497,4.0,3.9060864
4.0,3.938087,4.0,3.916271,3.8999999,3.9361465
4.0,3.9352443,3.8999999,3.9323587,4.0,3.9949956
3.8999999,3.9702091,4.0,3.9700546,3.8999999,4.0147686
4.0,3.983496,3.8999999,4.033582,4.0,4.092817
3.8999999,4.0796976,4.0,4.0359726,3.8999999,3.9941015
4.0,4.0533004,3.8999999,4.0038424,3.8999999,3.9543734
3.8999999,3.9423108,3.8999999,3.9058902,3.8999999,3.8769214
3.8999999,3.8616896,3.8999999,3.8291845,3.8999999,3.8146493
3.8999999,3.858034,3.8999999,3.8303099,3.8999999,3.8194366
3.8999999,3.8558822,3.8999999,3.8322818,3.8999999,3.8217797
3.8999999,3.8562713,3.8999999,3.8331902,3.8999999,3.8239183
3.8999999,3.8527586,3.8999999,3.830217,3.8999999,3.8219821
3.8999999,3.8531537,3.8999999,3.831643,3.8999999,3.8243034
3.8999999,3.9150648,3.8999999,3.9135647,3.8999999,3.9414701
3.8999999,3.921573,3.8999999,3.950576,4.1,4.0579076
3.8999999,3.934595,4.1,4.0258436,4.3,4.13019
4.1,4.0630956,4.3,4.159585,4.4,4.1817417
4.3,4.2327685,4.4,4.2276297,4.2,4.138254
4.4,4.35431,4.2,4.2459693,4.0,4.124412
4.2,4.253715,4.0,4.1423864,4.0,4.058028
4.0,4.113533,4.0,4.0538216,3.8999999,4.0191193
4.0,4.000705,3.8999999,3.964937,3.8999999,3.9478734
3.8999999,3.9763095,3.8999999,3.948945,3.8999999,3.936349
3.8999999,3.8903832,3.8999999,3.8628387,3.8999999,3.8531597
3.8999999,3.877241,3.8999999,3.8475916,3.8,3.8367262
3.8999999,3.8812947,3.8,3.8530498,3.8999999,3.8434591
3.8,3.840795,3.8999999,3.8166375,3.8999999,3.8272026
3.8999999,3.8198357,3.8999999,3.8043833,3.8999999,3.8266253
3.8999999,3.8784683,3.8999999,3.8564117,3.8999999,3.8614752
3.8999999,3.957969,3.8999999,3.9452078,3.8999999,3.9227104
3.8999999,3.8790119,3.8999999,3.8542624,3.8999999,3.8420963
3.8999999,3.9028003,3.8999999,3.8784626,3.7,3.8472195
3.8999999,3.866972,3.7,3.8416421,3.8,3.8305998
3.7,3.8479064,3.8,3.825053,3.8,3.8161442
3.8,3.798706,3.8,3.7832239,3.8,3.7778437
3.8,3.8238816,3.8,3.8082395,3.8,3.8031704
3.8,3.8077407,3.8,3.7990675,3.8999999,3.797988
3.8,3.820314,3.8999999,3.8084872,3.8,3.8067818
3.8999999,3.8651044,3.8,3.8479147,3.8,3.856361
3.8,3.8607645,3.8,3.8406234,3.8,3.8371537
3.8,3.8541532,3.8,3.8533535,3.8,3.8850567
3.8,3.847931,3.8,3.8874705,3.8,3.9303968
3.8,3.9667342,3.8,4.0511217,3.8,4.0741787
3.8,3.9560068,3.8,4.0009613,3.8999999,3.9945462
3.8,3.896268,3.8999999,3.905499,3.8999999,3.8807085
3.8999999,3.831305,3.8999999,3.8460312,3.8,3.842431
3.8999999,3.868234,3.8,3.8488681,3.8,3.8323336
3.8,3.8351102,3.8,3.8096366,3.8,3.800791
3.8,3.7837634,3.8,3.7601469,3.8,3.751668
3.8,3.7826133,3.8,3.7469292,3.8,3.7328024
3.8,3.7647793,3.8,3.7249508,3.8999999,3.7099087
3.8,3.7474,3.8999999,3.7100399,3.8,3.6965053
3.8999999,3.7797613,3.8,3.733591,3.8999999,3.7153325
3.8,3.8063154,3.8999999,3.769173,3.8,3.752605
3.8999999,3.782266,3.8,3.7429516,3.8,3.7276878
3.8,3.8213613,3.8,3.7902641,3.8,3.7763875
3.8,3.8166707,3.8,3.7880409,3.8,3.775609
3.8,3.841472,3.8,3.8064284,3.8,3.7905078
3.8,3.8339484,3.8,3.7978864,3.8,3.781304
3.8,3.8182778,3.8,3.793473,3.8,3.7837293
3.8,3.7921991,3.8,3.779428,3.8,3.776558
3.8,3.8062801,3.8,3.7925336,3.8,3.7896354
3.8,3.7943885,3.8,3.7848957,3.8,3.7844756
3.8,3.7862155,3.8,3.7792807,3.8,3.7801197
3.8,3.8117077,3.8,3.8004184,3.8,3.800214
3.8,3.7721496,3.8,3.7831001,3.8,3.8320134
3.8,3.8131032,3.8,3.824989,3.8,3.937764
3.8,3.8042173,3.8,3.892134,3.8999999,4.0039325
3.8,3.9398682,3.8999999,4.0606594,3.8,4.133368
3.8999999,3.9344914,3.8,3.982052,3.8,3.9808776
3.8,3.9049575,3.8,3.887337,3.8999999,3.8599038
3.8,3.8197596,3.8999999,3.7986317,3.8999999,3.7924287
3.8999999,3.8015835,3.8999999,3.7731216,3.8999999,3.7598732
3.8999999,3.8076122,3.8999999,3.7644446,3.8,3.744838
3.8999999,3.8139079,3.8,3.7750084,3.8,3.756538
3.8,3.8128939,3.8,3.774208,3.8999999,3.755839
3.8,3.776723,3.8999999,3.7311864,3.8999999,3.711879
3.8999999,3.785073,3.8999999,3.7427814,3.8999999,3.7246144
3.8999999,3.8057065,3.8999999,3.7749848,3.8,3.761765
3.8999999,3.8258352,3.8,3.7989569,3.8999999,3.7890787
3.8,3.8701463,3.8999999,3.8423223,3.8,3.825259
3.8999999,3.8301861,3.8,3.7920172,3.8,3.7758267
3.8,3.9052625,3.8,3.862278,3.8999999,3.8200934
3.8,3.8522234,3.8999999,3.8194494,3.8999999,3.795279
3.8999999,3.8082323,3.8999999,3.7825868,3.8,3.772056
3.8999999,3.8423216,3.8,3.814697,3.8,3.8032725
3.8,3.8469937,3.8,3.8219092,3.8,3.8120115
3.8,3.8034348,3.8,3.7877595,3.8,3.7827394
3.8,3.795303,3.8,3.783183,3.7,3.780256
3.8,3.8012538,3.7,3.7888138,3.8,3.786824
3.7,3.7740734,3.8,3.7801573,3.8999999,3.8270528
3.8,3.7199912,3.8999999,3.7829504,4.1,4.0050077
3.8999999,3.801757,4.1,3.9642386,4.4,4.1376
4.1,4.0767345,4.4,4.210546,4.5,4.2714496
4.4,4.2298965,4.5,4.2706714,4.3,4.227906
4.5,4.4297147,4.3,4.2987146,4.1,4.142631
4.3,4.2768035,4.1,4.092887,4.0,3.9628756
4.1,4.128014,4.0,3.9863605,3.8999999,3.902621
4.0,3.9440076,3.8999999,3.8735561,3.8999999,3.8350463
3.8999999,3.8843064,3.8999999,3.8433776,3.8999999,3.8235886
3.8999999,3.8521225,3.8999999,3.8098779,3.8999999,3.7902684
3.8999999,3.8583317,3.8999999,3.8236384,3.8999999,3.8087764
3.8999999,3.8636801,3.8999999,3.8352745,3.8,3.8340874
3.8999999,3.857661,3.8,3.848838,3.8999999,3.8858776
3.8,3.8663547,3.8999999,3.8684952,4.1,3.9142408
3.8999999,3.8432143,4.1,3.9181612,4.3,3.9933653
4.1,4.0545106,4.3,4.1165104,4.3,4.1001596
4.3,4.222699,4.3,4.1509504,4.1,4.0237727
4.3,4.205616,4.1,4.062146,4.0,3.9587193
4.1,4.1410575,4.0,4.016842,3.8999999,3.9431987
4.0,3.9477687,3.8999999,3.9092002,3.8999999,3.8865733
3.8999999,3.9218445,3.8999999,3.896588,3.8999999,3.887823
3.8999999,3.8782878,3.8999999,3.8496442,3.8999999,3.838717
3.8999999,3.8612218,3.8999999,3.8339002,3.8999999,3.8232815
3.8999999,3.8741987,3.8999999,3.8482575,3.8999999,3.8426592
3.8999999,3.8380136,3.8999999,3.835319,4.1,3.9031818
3.8999999,3.8806748,4.1,3.9569454,4.4,4.1847367
4.1,4.0344176,4.4,4.229374,4.6,4.363541
4.4,4.2995152,4.6,4.435666,4.6,4.46146
4.6,4.500278,4.6,4.474544,4.3,4.357183
4.6,4.473495,4.3,4.275112,4.1,4.107184
4.3,4.341377,4.1,4.1728864,4.0,4.0422363
4.1,4.131092,4.0,4.0231576,4.0,3.9623802
4.0,3.981858,4.0,3.934207,3.8999999,3.907856
4.0,3.9407802,3.8999999,3.9083524,3.8999999,3.8954563
3.8999999,3.950444,3.8999999,3.9235432,3.8999999,3.9127727
3.8999999,3.8952627,3.8999999,3.8684206,3.8999999,3.8591068
3.8999999,3.9070215,3.8999999,3.8969164,3.8999999,3.930531
3.8999999,3.8510194,3.8999999,3.8560128,4.1,3.9292777
3.8999999,3.9095967,4.1,4.0038733,4.4,4.1548977
4.1,4.0930085,4.4,4.236779,4.5,4.324257
4.4,4.2540455,4.5,4.289512,4.3,4.2007017
4.5,4.459252,4.3,4.323337,4.1,4.15661
4.3,4.3146596,4.1,4.132462,4.0,3.9934309
4.1,4.124547,4.0,4.0064173,4.0,3.9404747
4.0,3.9888153,4.0,3.936679,4.0,3.9049444
4.0,3.911214,4.0,3.88043,4.0,3.8693986
4.0,3.9364464,4.0,3.9103665,3.8999999,3.9003148
4.0,3.9510787,3.8999999,3.9282036,3.8999999,3.9183831
3.8999999,3.9508896,3.8999999,3.9285953,3.8999999,3.9288132
3.8999999,3.84929,3.8999999,3.8745995,4.3,4.0406938
3.8999999,3.9320369,4.3,4.1299944,4.6,4.326065
4.3,4.260603,4.6,4.485312,4.7,4.5858626
4.6,4.4287148,4.7,4.534215,4.5,4.4870505
4.7,4.6178885,4.5,4.4929976,4.3,4.3177695
4.5,4.4969435,4.3,4.29655,4.1,4.1253505
4.3,4.2684913,4.1,4.135771,4.0,4.0345707
4.1,4.1465707,4.0,4.06831,4.0,4.0205355
4.0,4.0191116,4.0,3.9746866,3.8999999,3.9496357
4.0,3.9564095,3.8999999,3.9244888,3.8999999,3.9110942
3.8999999,3.9554434,3.8999999,3.9299572,3.8999999,3.9201925
3.8999999,3.9362912,3.8999999,3.9095192,3.8999999,3.9126935
3.8999999,3.8795261,3.8999999,3.879103,3.8999999,3.934311
3.8999999,3.8801656,3.8999999,3.9639597,4.2,4.137738
3.8999999,3.9766371,4.2,4.114835,4.4,4.2440844
4.2,4.15201,4.4,4.284621,4.4,4.2799935
4.4,4.322142,4.4,4.274685,4.2,4.1246004
4.4,4.331715,4.2,4.158045,4.0,4.012951
4.2,4.212638,4.0,4.055358,3.8999999,3.9479687
4.0,4.06497,3.8999999,3.9952543,3.8999999,3.9548376
3.8999999,3.931235,3.8999999,3.9052792,3.8999999,3.8957753
3.8999999,3.8903425,3.8999999,3.8622723,3.8999999,3.8512144
3.8999999,3.881938,3.8999999,3.8545058,3.8999999,3.843822
3.8999999,3.888717,3.8999999,3.8642185,3.8999999,3.8554585
3.8999999,3.8556259,3.8999999,3.8546653,3.8999999,3.9069848
3.8999999,3.8822553,3.8999999,3.9670427,4.5,4.228275
3.8999999,4.0069675,4.5,4.2716346,4.7,4.443138
4.5,4.28225,4.7,4.470469,4.7,4.5367217
4.7,4.571085,4.7,4.5436664,4.4,4.429559
4.7,4.5548096,4.4,4.359471,4.1,4.156547
4.4,4.44239,4.1,4.22306,4.0,4.058338
4.1,4.1858106,4.0,4.0429068,3.8999999,3.9512565
4.0,4.01281,3.8999999,3.9515696,3.8999999,3.917757
3.8999999,3.9327443,3.8999999,3.89832,3.8,3.8859673
3.8999999,3.9004793,3.8,3.8676627,3.8,3.8513134
3.8,3.8859894,3.8,3.8559043,3.8,3.8442488
3.8,3.8116934,3.8,3.7907655,3.8,3.8217273
3.8,3.7664862,3.8,3.8061106,4.2,4.031079
3.8,3.8718534,4.2,4.1006722,4.5,4.2881308
4.2,4.198801,4.5,4.4100966,4.5,4.503264
4.5,4.3873253,4.5,4.435706,4.3,4.327218
4.5,4.4862633,4.3,4.3154955,4.1,4.1356688
4.3,4.327985,4.1,4.130287,4.0,3.9815705
4.1,4.097039,4.0,3.9522386,3.8999999,3.8686266
4.0,3.9408078,3.8999999,3.8736157,3.8999999,3.8371804
3.8999999,3.8938725,3.8999999,3.8551295,3.8999999,3.8352668
3.8999999,3.856261,3.8999999,3.8161576,3.8999999,3.797753
3.8999999,3.8543253,3.8999999,3.820965,3.8,3.8065555
3.8999999,3.867627,3.8,3.8398302,3.8,3.839133
3.8,3.8273346,3.8,3.8508651,4.1,4.019802
3.8,3.8143928,4.1,4.0238037,4.3,4.234538
4.1,4.152844,4.3,4.3712564,4.5,4.484341
4.3,4.3139815,4.5,4.4347196,4.3,4.3752646
4.5,4.4215674,4.3,4.325001,4.1,4.1723995
4.3,4.3581424,4.1,4.159925,3.8999999,4.008086
4.1,4.117388,3.8999999,3.9782655,3.8999999,3.8976169
3.8999999,3.9647608,3.8999999,3.9083083,3.8,3.8763006
3.8999999,3.884991,3.8,3.8488684,3.8,3.8320754
3.8,3.8761091,3.8,3.8439047,3.8,3.8300548
3.8,3.8173957,3.8,3.7852468,3.8,3.7703683
3.8,3.813366,3.8,3.7877586,3.8,3.7778661
3.8,3.7609835,3.8,3.7650638,4.1,3.881503
3.8,3.7996037,4.1,3.9633267,4.4,4.207272
4.1,4.0971446,4.4,4.306614,4.6,4.426451
4.4,4.353271,4.6,4.5003424,4.5,4.456431
4.6,4.551822,4.5,4.462539,4.2,4.2933383
4.5,4.4728184,4.2,4.2551503,4.0,4.071966
4.2,4.213601,4.0,4.0379887,3.8999999,3.919176
4.0,4.0058722,3.8999999,3.9075415,3.8999999,3.8530998
3.8999999,3.899168,3.8999999,3.856854,3.8999999,3.8356645
3.8999999,3.861509,3.8999999,3.8219569,3.8999999,3.8039947
3.8999999,3.8608592,3.8999999,3.8258579,3.8,3.8105166
3.8999999,3.873109,3.8,3.8436313,3.7,3.8330326
3.8,3.838385,3.7,3.8337538,4.1,3.9016817
3.7,3.8169456,4.1,3.9665892,4.4,4.2289906
4.1,3.9623687,4.4,4.253045,4.6,4.424703
4.4,4.364075,4.6,4.5401125,4.6,4.546066
4.6,4.532772,4.6,4.487328,4.3,4.3396497
4.6,4.4855986,4.3,4.2715826,4.1,4.0889683
4.3,4.3105264,4.1,4.113168,4.0,3.9767084
4.1,4.0991697,4.0,3.979875,3.8999999,3.9165554
4.0,3.987076,3.8999999,3.9352188,3.8999999,3.9062083
3.8999999,3.9225047,3.8999999,3.8897917,3.8,3.8794413
3.8999999,3.88319,3.8,3.8482237,3.8,3.8321123
3.8,3.8684742,3.8,3.8377202,3.8,3.8253198
3.8,3.79694,3.8,3.7867517,4.0,3.834133
3.8,3.773219,4.0,3.8503726,4.4,4.1052685
4.0,3.9368732,4.4,4.2149878,4.6,4.397794
4.4,4.361658,4.6,4.5476055,4.7,4.6017947
4.6,4.5386124,4.7,4.5483937,4.5,4.4229593
4.7,4.5827284,4.5,4.4158564,4.1,4.2236233
4.5,4.472243,4.1,4.251461,4.0,4.0733404
4.1,4.2399583,4.0,4.0753694,3.8999999,3.960636
4.0,3.9954572,3.8999999,3.9229438,3.8999999,3.882003
3.8999999,3.9232938,3.8999999,3.8852537,3.8999999,3.8715038
3.8999999,3.878355,3.8999999,3.8403373,3.8999999,3.8228905
3.8999999,3.8662717,3.8999999,3.8343604,3.8999999,3.8212895
3.8999999,3.866027,3.8999999,3.8483367,3.8,3.8779662
3.8999999,3.8239045,3.8,3.8685274,4.2,4.0801272
3.8,3.946469,4.2,4.1638637,4.5,4.3495245
4.2,4.2161207,4.5,4.435568,4.6,4.531918
4.5,4.3671556,4.6,4.4217095,4.4,4.326356
4.6,4.532638,4.4,4.3821826,4.2,4.2042108
4.4,4.3723097,4.2,4.1623387,4.0,4.004406
4.2,4.14502,4.0,3.991613,3.8999999,3.897444
4.0,4.0459785,3.8999999,3.9790344,3.8999999,3.9404123
3.8999999,3.9325716,3.8999999,3.8998265,3.8,3.8876128
3.8999999,3.889378,3.8,3.856682,3.8999999,3.8418376
3.8,3.8888695,3.8999999,3.8579314,3.8,3.8439987
3.8999999,3.8183403,3.8,3.7955282,3.8,3.7954156
3.8,3.801862,3.8,3.8287444,4.2,4.0125823
3.8,3.856523,4.2,4.11959,4.5,4.3432956
4.2,4.2433434,4.5,4.489037,4.7,4.596985
4.5,4.4082785,4.7,4.5386653,4.6,4.491898
4.7,4.607659,4.6,4.489606,4.2,4.319744
4.6,4.5149174,4.2,4.299926,4.1,4.1067524
4.2,4.316621,4.1,4.1196685,4.0,3.9875674
4.1,4.05323,4.0,3.9481628,3.8999999,3.8943217
4.0,3.9704359,3.8999999,3.9222987,3.8999999,3.8970323
3.8999999,3.931837,3.8999999,3.8967519,3.8999999,3.8843956
3.8999999,3.883082,3.8999999,3.847521,3.8999999,3.8310952
3.8999999,3.9041598,3.8999999,3.8772695,3.8999999,3.8674276
3.8999999,3.8392491,3.8999999,3.840725,3.8999999,3.9339383
3.8999999,3.852791,3.8999999,3.951084,4.3,4.168013
3.8999999,4.020137,4.3,4.202561,4.5,4.325633
4.3,4.190278,4.5,4.349228,4.5,4.3468857
4.5,4.4043937,4.5,4.326684,4.2,4.1520724
4.5,4.364174,4.2,4.1639423,4.0,4.010151
4.2,4.2379746,4.0,4.0671673,4.0,3.9472911
4.0,4.0477552,4.0,3.976358,3.8999999,3.934888
4.0,3.9288037,3.8999999,3.9010072,3.8999999,3.891683
3.8999999,3.9483414,3.8999999,3.924795,3.8999999,3.9148898
3.8999999,3.9052417,3.8999999,3.8794305,3.8999999,3.8691642
3.8999999,3.9187696,3.8999999,3.896626,3.8999999,3.888495
3.8999999,3.878222,3.8999999,3.8730707,3.8999999,3.9306073
3.8999999,3.8839905,3.8999999,3.991773,4.3,4.237753
3.8999999,4.0202303,4.3,4.2733865,4.6,4.433095
4.3,4.279741,4.6,4.476884,4.6,4.541362
4.6,4.445077,4.6,4.448001,4.3,4.3375196
4.6,4.5190043,4.3,4.3199983,4.1,4.139791
4.3,4.3810406,4.1,4.1819205,4.0,4.0341325
4.1,4.138312,4.0,4.029365,4.0,3.9669209
4.0,4.013997,4.0,3.966338,3.8999999,3.9392138
4.0,3.9519353,3.8999999,3.9261875,3.8999999,3.9155505
3.8999999,3.95354,3.8999999,3.9298637,3.8999999,3.9206898
3.8999999,3.8911214,3.8999999,3.8630767,3.8999999,3.8510818
3.8999999,3.9038756,3.8999999,3.8846161,3.8999999,3.908776
3.8999999,3.8322666,3.8999999,3.8679352,4.1,4.0479035
3.8999999,3.9549513,4.1,4.125817,4.3,4.284543
4.1,4.126889,4.3,4.2872133,4.4,4.3613377
4.3,4.253796,4.4,4.251227,4.1,4.1207027
4.4,4.315077,4.1,4.148327,4.0,3.9987628
4.1,4.193921,4.0,4.0245442,4.0,3.9108574
4.0,3.9566376,4.0,3.9048615,3.8999999,3.8740888
4.0,3.9322326,3.8999999,3.9070852,3.8,3.898127
3.8999999,3.9362955,3.8,3.913181,3.8999999,3.904663
3.8,3.880287,3.8999999,3.8534265,3.8999999,3.8430948
3.8999999,3.850483,3.8999999,3.8230848,3.8999999,3.8120713
3.8999999,3.8680077,3.8999999,3.8476055,3.8999999,3.862462
3.8999999,3.8449843,3.8999999,3.8780615,4.1,4.0725617
3.8999999,3.9337087,4.1,4.1296725,4.4,4.314887
4.1,4.232012,4.4,4.4417744,4.6,4.533011
4.4,4.317477,4.6,4.390715,4.3,4.3245
4.6,4.477255,4.3,4.3511295,4.2,4.188132
4.3,4.4269857,4.2,4.2174544,4.1,4.0572157
4.2,4.1379004,4.1,4.011086,4.0,3.9375145
4.1,4.0509176,4.0,3.9956064,4.0,3.9633372
4.0,4.005986,4.0,3.9764278,4.1,3.9596128
4.0,3.9546585,4.1,3.9319234,4.0,3.9225264
4.1,3.9665444,4.0,3.9461296,3.8999999,3.9385786
4.0,4.037678,3.8999999,4.0144577,3.8999999,4.0044947
3.8999999,3.9835167,3.8999999,3.9723818,3.8999999,3.9867024
3.8999999,3.8835878,3.8999999,3.8980076,4.0,4.003429
3.8999999,3.8797474,4.0,3.9378164,4.2,4.018188
4.0,4.0419426,4.2,4.072919,4.0,4.05373
4.2,4.0932198,4.0,4.023651,3.8999999,3.9608088
4.0,4.0634255,3.8999999,4.0085936,3.8999999,3.976111
3.8999999,3.9490988,3.8999999,3.9292138,3.8,3.932292
3.8999999,3.9220905,3.8,3.900814,3.7,3.8938549
3.8,3.913834,3.7,3.8931873,3.8,3.8867202
3.7,3.8458912,3.8,3.8268278,3.8,3.8196707
3.8,3.7943988,3.8,3.7834966,3.8999999,3.7797284
3.8,3.8131697,3.8999999,3.8006768,3.8,3.797573
3.8999999,3.793688,3.8,3.8000312,3.8999999,3.8930898
3.8,3.8599596,3.8999999,3.934807,4.1,4.145141
3.8999999,3.8717158,4.1,4.0600853,4.3,4.224176
4.1,4.1398563,4.3,4.2846384,4.4,4.283009
4.3,4.2688313,4.4,4.212656,4.1,4.0594287
4.4,4.2708187,4.1,4.0952187,4.0,3.9591942
4.1,4.158708,4.0,4.015254,3.8999999,3.926147
4.0,3.957149,3.8999999,3.909829,3.8999999,3.883532
3.8999999,3.9211748,3.8999999,3.8956456,3.8999999,3.8881965
3.8999999,3.897491,3.8999999,3.8740833,3.8999999,3.8656812
3.8999999,3.8864741,3.8999999,3.8632896,3.8999999,3.8549168
3.8999999,3.8930836,3.8999999,3.8718665,3.8,3.8643446
3.8999999,3.9084291,3.8,3.8865418,3.8,3.8911185
3.8,3.8515341,3.8,3.850813,3.8999999,3.9006245
3.8,3.8286731,3.8999999,3.8536189,3.8,3.9268422
3.8999999,3.8502886,3.8,3.854767,3.8999999,3.877735
3.8,3.954391,3.8999999,3.9156482,3.8,3.8840215
3.8999999,3.869921,3.8,3.8240373,3.8,3.797926
3.8,3.8488097,3.8,3.820578,3.8,3.8093507
3.8,3.8288488,3.8,3.8060315,3.8999999,3.796014
3.8,3.8229747,3.8999999,3.803894,3.8,3.7954328
3.8999999,3.8024719,3.8,3.7905312,3.8,3.7852569
3.8,3.840794,3.8,3.821542,3.8,3.8139253
3.8,3.8036237,3.8,3.7917843,3.8,3.7868407
3.8,3.7986362,3.8,3.7925894,3.8,3.7934213
3.8,3.7678761,3.8,3.7772124,3.8,3.9152558
3.8,3.7627642,3.8,3.8391402,3.8,4.034533
3.8,3.9959564,3.8,4.1511188,3.8,4.2487507
3.8,3.98961,3.8,4.05031,3.8999999,4.0073605
3.8,3.9011998,3.8999999,3.8695037,3.8999999,3.8464751
3.8999999,3.8487709,3.8999999,3.8155966,3.8,3.7998562
3.8999999,3.8621604,3.8,3.8326437,3.7,3.8207269
3.8,3.8530312,3.7,3.8261116,3.8,3.8153133
3.7,3.8080175,3.8,3.7883234,3.8,3.7809417
3.8,3.7239752,3.8,3.7060075,3.8,3.7048767
3.8,3.781729,3.8,3.7600093,3.8,3.7507823
3.8,3.7827973,3.8,3.7583654,3.8,3.748033
3.8,3.7837718,3.8,3.7629464,3.8,3.7565045
3.8,3.7599688,3.8,3.7461944,3.8,3.745156
3.8,3.7815156,3.8,3.7683637,3.8,3.767336
3.8,3.7854605,3.8,3.76285,3.8,3.7547467
3.8,3.8611696,3.8,3.778228,3.8,3.7321222
3.8,3.7876382,3.8,3.73149,3.8,3.7050014
3.8,3.788946,3.8,3.7469273,3.8,3.7268486
3.8,3.8005102,3.8,3.778961,3.8,3.7680357
3.8,3.7991695,3.8,3.7837036,3.8,3.7760417
3.8,3.7908356,3.8,3.7776449,3.8,3.7722256
3.8,3.7899811,3.8,3.7793062,3.8,3.7759218
3.8,3.7898824,3.8,3.7825441,3.8,3.7818289
3.8,3.8128788,3.8,3.8049238,3.8,3.8101916
3.8,3.8140838,3.8,3.8168344,3.8,3.9272308
3.8,3.8051457,3.8,3.879719,3.8,3.9999647
3.8,3.9480271,3.8,4.0490093,3.8,4.0730066
3.8,3.9734862,3.8,4.0118318,3.8999999,3.9681718
3.8,3.9138691,3.8999999,3.8910444,3.8,3.853789
3.8999999,3.8529253,3.8,3.8265388,3.8,3.808493
3.8,3.8684316,3.8,3.841167,3.8,3.8305051
3.8,3.8162484,3.8,3.7971199,3.8,3.7912261
3.8,3.790287,3.8,3.7748778,3.8,3.7704375
3.8,3.7761478,3.8,3.7600844,3.8,3.7544935
3.8,3.7859373,3.8,3.7610235,3.8,3.7509317
3.8,3.7702947,3.8,3.743583,3.8,3.7331002
3.8,3.765076,3.8,3.7385004,3.6,3.7294152
3.8,3.758269,3.6,3.7335196,0.0,3.7267323
3.6,3.7206938,0.0,3.6973703,3.8,3.6946936
0.0,3.6196883,3.8,3.6023571,3.8,3.6077454
3.8,4.705117,3.8,4.8460445,3.8,4.951868
3.8,3.504827,3.8,3.5020688,3.8,3.5076525
3.8,3.6139214,3.8,3.597826,3.6,3.5954545
3.8,3.707905,3.6,3.6682625,3.8,3.6546617
3.6,3.6732068,3.8,3.6307173,3.7,3.6139934
3.8,3.608989,3.7,3.5865726,3.8,3.5842764
3.7,3.7026002,3.8,3.6637776,3.6,3.6517522
3.8,3.67485,3.6,3.6151106,3.7,3.5920534
3.6,3.6371803,3.7,3.5688856,3.7,3.5467026
3.7,3.5521517,3.7,3.525713,3.7,3.5263965
3.7,3.5756953,3.7,3.6825674,3.7,3.8651989
3.7,3.6247096,3.7,3.8570771,3.7,4.0638914
3.7,3.8433354,3.7,3.849121,3.7,3.8264225
3.7,3.8452704,3.7,3.8411696,3.8,3.8145075
3.7,3.8275058,3.8,3.8143692,3.7,3.7986264
3.8,3.7711296,3.7,3.7679753,3.7,3.7676363
3.7,3.7528145,3.7,3.749095,3.7,3.7515228
3.7,3.6997626,3.7,3.6837633,3.7,3.6864374
3.7,3.6798208,3.7,3.6620784,3.7,3.664644
3.7,3.6696239,3.7,3.6494951,3.6,3.6506422
3.7,3.6697085,3.6,3.6490571,3.2,3.6497083
3.6,3.655185,3.2,3.6340914,3.8,3.6351354
3.2,3.5920534,3.8,3.573853,3.7,3.5810368
3.8,3.44775,3.7,3.4495835,3.7,3.4613407
3.7,3.6474605,3.7,3.630699,3.7,3.6360312
3.7,3.6763718,3.7,3.659563,3.7,3.6634364
3.7,3.7354665,3.7,3.700954,3.7,3.6917512
3.7,3.744011,3.7,3.7108743,3.7,3.6993687
3.7,3.7032158,3.7,3.678647,3.7,3.6755686
3.7,3.721086,3.7,3.6952775,3.7,3.6892354
3.7,3.7064416,3.7,3.6842096,3.7,3.6823127
3.7,3.7113914,3.7,3.689535,3.7,3.6873066
3.7,3.6940722,3.7,3.677884,3.7,3.6809433
3.7,3.7071102,3.7,3.7023656,3.7,3.7096844
3.7,3.714229,3.7,3.7186167,3.7,3.72987
3.7,3.770787,3.7,3.7715554,3.7,3.7788074
3.7,3.7191086,3.7,3.7495942,3.7,3.7837093
3.7,3.75241,3.7,3.7965093,3.7,3.8482776
3.7,3.8378577,3.7,3.861403,3.7,3.8557694
3.7,3.8602521,3.7,3.8617265,3.7,3.8344076
3.7,3.8313255,3.7,3.8287926,3.7,3.8104746
3.7,3.761844,3.7,3.755086,3.7,3.753105
3.7,3.7134938,3.7,3.695319,3.7,3.6952667
3.7,3.686289,3.7,3.6688774,3.6,3.671095
3.7,3.6816735,3.6,3.6632268,3.7,3.6648026
3.6,3.6738436,3.7,3.6536214,3.7,3.6541355
3.7,3.6254916,3.7,3.6057742,3.7,3.6089513
3.7,3.6601276,3.7,3.6402955,3.7,3.6423361
3.7,3.6392977,3.7,3.620445,3.7,3.6244683
3.7,3.6570609,3.7,3.6399846,3.7,3.6449342
3.7,3.6851916,3.7,3.6704092,3.7,3.6758244
3.7,3.6971135,3.7,3.6789439,3.7,3.6812334
3.7,3.7525935,3.7,3.7160625,3.7,3.703034
3.7,3.7724833,3.7,3.7235763,3.7,3.702058
3.7,3.7269666,3.7,3.6971796,3.7,3.689509
3.7,3.7097445,3.7,3.687909,3.7,3.6862931
3.7,3.711145,3.7,3.6931975,3.7,3.6940677
3.7,3.701276,3.7,3.6869822,3.7,3.6909318
3.7,3.7045126,3.7,3.6908638,3.7,3.6947691
3.7,3.7136562,3.7,3.7082262,3.7,3.714732
3.7,3.6879919,3.7,3.699887,3.7,3.7285275
3.7,3.6770425,3.7,3.726066,3.7,3.8870604
3.7,3.6634665,3.7,3.7964993,3.7,3.9582567
3.7,3.8665884,3.7,3.9895363,3.6,4.0360904
3.7,3.8629172,3.6,3.8559277,3.8,3.8262599
3.6,3.766265,3.8,3.7508924,3.7,3.7478466
3.8,3.6837716,3.7,3.6682642,3.7,3.670188
3.7,3.7965646,3.7,3.7368083,3.7,3.7092888
3.7,3.7106385,3.7,3.6723363,3.6,3.659894
3.7,3.667734,3.6,3.6457372,3.7,3.6451087
3.6,3.6603014,3.7,3.6376998,3.7,3.6368806
3.7,3.6008582,3.7,3.5803733,3.7,3.584567
3.7,3.6593297,3.7,3.6387575,3.7,3.640168
3.7,3.6688302,3.7,3.6516266,3.7,3.65592
3.7,3.6627314,3.7,3.648973,3.7,3.657479
3.7,3.675954,3.7,3.6686466,3.7,3.6832976
3.7,3.720141,3.7,3.7010155,3.6,3.700649
3.7,3.7989645,3.6,3.7446592,3.7,3.714917
3.6,3.7485619,3.7,3.6927752,3.7,3.66719
3.7,3.631116,3.7,3.6069624,3.6,3.6047966
3.7,3.6987748,3.6,3.663726,3.6,3.6533828
3.6,3.687205,3.6,3.6666832,3.6,3.6664042
3.6,3.6357794,3.6,3.61723,3.6,3.6204627
3.6,3.6223724,3.6,3.604478,3.6,3.6075425
3.6,3.6153061,3.6,3.5979478,3.6,3.6017191
3.6,3.639261,3.6,3.6294594,3.6,3.64172
3.6,3.5862224,3.6,3.632531,3.8999999,3.8863058
3.6,3.6139734,3.8999999,3.8114305,4.1,4.0143924
3.8999999,3.8882627,4.1,4.040598,4.2,4.097478
4.1,4.0642447,4.2,4.103932,4.1,4.0058384
4.2,4.2597203,4.1,4.1028285,3.8,3.9509025
4.1,4.0462885,3.8,3.884045,3.8,3.7587094
3.8,3.913014,3.8,3.7859125,3.6,3.707306
3.8,3.7581484,3.6,3.6952674,3.7,3.6661575
3.6,3.7571704,3.7,3.7142377,3.7,3.6954107
3.7,3.644344,3.7,3.6176682,3.7,3.6136787
3.7,3.685146,3.7,3.6572466,3.7,3.6514113
3.7,3.6912704,3.7,3.6687129,3.7,3.6670933
3.7,3.6902266,3.7,3.67987,3.7,3.6887422
3.7,3.655105,3.7,3.7453578,3.6,3.9843795
3.7,3.6898494,3.6,3.8353176,3.7,3.9961648
3.6,3.9674304,3.7,4.0411572,3.8,3.98855
3.7,3.6791775,3.8,3.6701553,3.8,3.676436
3.8,3.7055557,3.8,3.678381,3.8,3.6714053
3.8,3.7848434,3.8,3.7128663,3.7,3.6789424
3.8,3.757134,3.7,3.694317,3.7,3.6652658
3.7,3.7358446,3.7,3.7014673,3.7,3.6879456
3.7,3.699597,3.7,3.67464,3.7,3.6711156
3.7,3.6977062,3.7,3.6717594,3.2,3.6675978
3.7,3.689322,3.2,3.667091,3.7,3.6657748
3.2,3.6618538,3.7,3.6892552,3.7,3.771519
3.7,3.4286032,3.7,3.6215212,3.7,3.833038
3.7,3.742164,3.7,4.0120826,4.3,4.2010403
3.7,4.0581913,4.3,4.202029,4.4,4.2501993
4.3,3.7214866,4.4,3.7114043,4.1,3.721029
4.4,4.352622,4.1,4.177654,3.8999999,4.0208225
4.1,4.178249,3.8999999,3.9861448,3.8,3.8374026
3.8999999,3.9170923,3.8,3.785764,3.7,3.699984
3.8,3.79703,3.7,3.720496,3.7,3.6835933
3.7,3.7398875,3.7,3.6869483,3.7,3.6643236
3.7,3.6954143,3.7,3.6537297,3.8,3.6398978
3.7,3.6855643,3.8,3.6514742,3.8,3.6421647
3.8,3.6985912,3.8,3.6760612,3.7,3.6744561
3.8,3.7019522,3.7,3.7173662,4.0,3.9205496
3.7,3.7540452,4.0,3.9571507,4.3,4.1703086
4.0,4.1074767,4.3,4.318073,4.4,4.424971
4.3,4.243044,4.4,4.3195453,4.3,4.213731
4.4,4.3907857,4.3,4.2314367,4.0,4.0626698
4.3,4.2184863,4.0,4.029895,3.8999999,3.885422
4.0,4.0506277,3.8999999,3.8976462,3.8,3.7943819
3.8999999,3.8718355,3.8,3.8065193,3.8,3.7724369
3.8,3.839338,3.8,3.7981744,3.8,3.7785084
3.8,3.8094616,3.8,3.7748516,3.8,3.7587078
3.8,3.8121681,3.8,3.7791684,3.8,3.7637305
3.8,3.799934,3.8,3.773114,3.7,3.7614565
3.8,3.7427301,3.7,3.746011,4.0,3.9134026
3.7,3.7895963,4.0,4.012597,4.3,4.2617326
4.0,4.1136494,4.3,4.373849,4.5,4.5112357
4.3,4.2924337,4.5,4.4421268,4.5,4.400776
4.5,4.429478,4.5,4.3563004,4.1,4.207714
4.5,4.3969026,4.1,4.1944017,3.6,4.0269704
4.1,4.207923,3.6,4.0306034,3.8,3.9068966
3.6,3.9357815,3.8,3.8424876,3.8,3.7886894
3.8,3.7646344,3.8,3.7079284,3.8999999,3.6842735
3.8,3.8000329,3.8999999,3.7636147,3.8999999,3.7468102
3.8999999,3.8149889,3.8999999,3.7768521,3.8,3.759255
3.8999999,3.8377397,3.8,3.808317,3.8,3.7960787
3.8,3.8443666,3.8,3.8352606,3.8,3.8801985
3.8,3.7661154,3.8,3.8389742,4.2,4.1097407
3.8,3.9464607,4.2,4.2394342,4.5,4.422919
4.2,4.272119,4.5,4.4728093,4.5,4.5216103
4.5,4.3658614,4.5,4.355087,4.3,4.257117
4.5,4.5015097,4.3,4.317883,4.1,4.143234
4.3,4.2824473,4.1,4.0919147,3.8999999,3.9524674
4.1,4.084316,3.8999999,3.9491484,3.8999999,3.8741012
3.8999999,3.9514248,3.8999999,3.89565,3.8999999,3.8664563
3.8999999,3.873733,3.8999999,3.838156,3.8999999,3.8222845
3.8999999,3.8571937,3.8999999,3.822606,3.8999999,3.8072999
3.8999999,3.8725278,3.8999999,3.8391285,3.8999999,3.8244889
3.8999999,3.8691967,3.8999999,3.840722,3.8,3.8382096
3.8999999,3.8111463,3.8,3.8533647,4.2,4.0880303
3.8,3.9134333,4.2,4.1854258,4.5,4.418109
4.2,4.3106823,4.5,4.5377645,4.5,4.6197114
4.5,4.3711066,4.5,4.425835,4.4,4.362804
4.5,4.587429,4.4,4.4543166,4.0,4.282583
4.4,4.338628,4.0,4.1427755,3.8999999,3.9966142
4.0,4.1468678,3.8999999,3.9915874,3.8999999,3.8946023
3.8999999,3.9260018,3.8999999,3.8614259,3.8999999,3.827197
3.8999999,3.8743064,3.8999999,3.836728,3.8999999,3.8196545
3.8999999,3.8821375,3.8999999,3.8486702,3.8,3.8336825
3.8999999,3.8800688,3.8,3.8484414,3.8,3.8348663
3.8,3.8883471,3.8,3.862029,3.7,3.8551807
3.8,3.7817352,3.7,3.794753,4.2,3.9846413
3.7,3.8263075,4.2,4.086621,4.4,4.3203454
4.2,4.2284565,4.4,4.4956765,4.6,4.6146326
4.4,4.4485507,4.6,4.575413,4.6,4.5403924
4.6,4.5519066,4.6,4.492539,4.3,4.3880014
4.6,4.5127764,4.3,4.3149314,4.0,4.133581
4.3,4.330092,4.0,4.1294208,4.0,3.9884715
4.0,4.1107655,4.0,3.9771917,3.8,3.9026234
4.0,3.9133804,3.8,3.8626714,3.8999999,3.837998
3.8,3.920223,3.8999999,3.8844047,3.8,3.8714209
3.8999999,3.8268797,3.8,3.784454,3.8,3.7647407
3.8,3.8489618,3.8,3.8160272,3.8,3.8021464
3.8,3.7880046,3.8,3.7838557,3.8,3.845734
3.8,3.7582524,3.8,3.8223963,4.1,4.1036863
3.8,3.9328935,4.1,4.224518,4.4,4.4088244
4.1,4.215822,4.4,4.4271417,4.4,4.4854445
4.4,4.2868524,4.4,4.252986,4.1,4.118282
4.4,4.334757,4.1,4.1442337,4.0,3.9920342
4.1,4.137817,4.0,3.971121,3.8,3.85482
4.0,3.927499,3.8,3.8412619,3.7,3.7907007
3.8,3.899775,3.7,3.8624086,3.8,3.8460848
3.7,3.8238063,3.8,3.7912118,3.8,3.7758827
3.8,3.7630222,3.8,3.7325265,3.7,3.719349
3.8,3.8013523,3.7,3.7712362,3.7,3.7569993
3.7,3.8038611,3.7,3.7858527,3.7,3.7839627
3.7,3.6924229,3.7,3.7510703,4.2,4.0637155
3.7,3.7960787,4.2,4.119395,4.5,4.3624277
4.2,4.3105288,4.5,4.5263534,4.7,4.607063
4.5,4.4532943,4.7,4.5007586,4.7,4.4331765
4.7,4.6321855,4.7,4.5022817,4.4,4.329047
4.7,4.5328674,4.4,4.3232317,4.1,4.1204505
4.4,4.426083,4.1,4.199665,4.0,4.0327196
4.1,4.1471677,4.0,3.9896243,3.8999999,3.8909416
4.0,3.9375553,3.8999999,3.8651166,3.8999999,3.8267787
3.8999999,3.9021146,3.8999999,3.851106,3.8999999,3.8227584
3.8999999,3.8494666,3.8999999,3.8024743,3.8,3.7806482
3.8999999,3.835009,3.8,3.7950487,3.8,3.7772572
3.8,3.7857816,3.8,3.8147209,4.1,4.0384297
3.8,3.8245182,4.1,4.037207,4.4,4.3219357
4.1,4.1452994,4.4,4.399281,4.6,4.533577
4.4,4.3314366,4.6,4.4768972,4.5,4.436414
4.6,4.501002,4.5,4.392814,4.2,4.2277374
4.5,4.478844,4.2,4.2720947,4.0,4.0888557
4.2,4.209683,4.0,4.0306168,3.8999999,3.9072726
4.0,4.00562,3.8999999,3.8943274,3.8999999,3.8308885
3.8999999,3.9003086,3.8999999,3.8561466,3.5,3.8339086
3.8999999,3.8640735,3.5,3.82745,3.8,3.8113513
3.5,3.8537357,3.8,3.8195238,3.7,3.8046086
3.8,3.6896443,3.7,3.6700358,3.7,3.6705236
3.7,3.7152743,3.7,3.7253878,3.8999999,3.923165
3.7,3.7149563,3.8999999,3.8747802,4.3,4.1967673
3.8999999,3.9661858,4.3,4.2964244,4.5,4.480219
4.3,4.3332734,4.5,4.5228567,4.6,4.5431957
4.5,4.4770665,4.6,4.461964,4.3,4.3601193
4.6,4.53208,4.3,4.349983,4.0,4.1706305
4.3,4.3882337,4.0,4.1685166,3.8999999,4.001627
4.0,4.0831423,3.8999999,3.9245398,3.8999999,3.821277
3.8999999,3.8722386,3.8999999,3.7913988,3.8,3.750567
3.8999999,3.8276913,3.8,3.7733052,3.8,3.7481847
3.8,3.8403978,3.8,3.795999,3.8,3.7753294
3.8,3.8057466,3.8,3.764324,3.7,3.7457108
3.8,3.794524,3.7,3.7697568,3.7,3.76123
3.7,3.7290468,3.7,3.759089,4.0,3.9988654
3.7,3.7528145,4.0,3.978302,4.2,4.183888
4.0,4.048655,4.2,4.2422433,4.3,4.326786
4.2,4.1690826,4.3,4.1845946,4.0,4.0612392
4.3,4.2505474,4.0,4.0892096,3.8999999,3.941875
4.0,4.092435,3.8999999,3.9297292,3.7,3.8113947
3.8999999,3.8800502,3.7,3.7865496,3.6,3.7360363
3.7,3.833867,3.6,3.7861056,3.7,3.763027
3.6,3.748886,3.7,3.7089376,3.7,3.6929858
3.7,3.6695173,3.7,3.647006,3.7,3.6458554
3.7,3.696954,3.7,3.6731322,3.7,3.6700933
3.7,3.7057002,3.7,3.690569,3.6,3.6942322
3.7,3.6488676,3.6,3.7096462,4.1,4.0292892
3.6,3.6828747,4.1,3.9458842,4.4,4.179856
4.1,4.1583033,4.4,4.3668566,4.6,4.471077
4.4,4.348529,4.6,4.4168415,4.5,4.3634763
4.6,4.5453677,4.5,4.444687,4.2,4.307412
4.5,4.513307,4.2,4.3050265,4.0,4.112348
4.2,4.2431927,4.0,4.054561,3.8999999,3.9195733
4.0,3.9825723,3.8999999,3.8571277,3.8,3.7800624
3.8999999,3.8729694,3.8,3.8074088,3.8,3.7743454
3.8,3.8438287,3.8,3.7909684,3.8,3.7665515
3.8,3.7931533,3.8,3.7412121,3.7,3.7195218
3.8,3.788215,3.7,3.7418518,3.5,3.723121
3.7,3.772556,3.5,3.7596354,3.7,3.8126466
3.5,3.6476836,3.7,3.679197,4.0,3.880161
3.7,3.6506379,4.0,3.8345344,4.2,4.0079865
4.0,3.9344738,4.2,4.038702,4.2,4.0561185
4.2,4.1395774,4.2,4.0405974,3.8999999,3.8954852
4.2,4.1264114,3.8999999,3.9634726,3.8,3.827144
3.8999999,3.971748,3.8,3.825053,3.7,3.7210796
3.8,3.8156445,3.7,3.7421842,3.7,3.7073467
3.7,3.7862933,3.7,3.7308578,3.2,3.705716
3.7,3.717299,3.2,3.6832378,3.7,3.6727915
3.2,3.702135,3.7,3.6738505,3.6,3.6676474
3.7,3.535439,3.6,3.5133023,3.6,3.5228035
3.6,3.5804374,3.6,3.606813,3.6,3.8074389
3.6,3.5689485,3.6,3.6828084,3.8999999,3.9738915
3.6,3.7056425,3.8999999,3.9683816,4.1,4.1589065
3.8999999,3.959656,4.1,4.1141353,4.2,4.1589785
4.1,4.0520554,4.2,4.028308,4.0,3.9685657
4.2,4.262615,4.0,4.0966625,3.8,3.9524868
4.0,4.0909534,3.8,3.9225671,3.7,3.7954438
3.8,3.8355591,3.7,3.724437,3.6,3.6623147
3.7,3.73984,3.6,3.6600578,3.7,3.6252136
3.6,3.6604087,3.7,3.6234229,3.7,3.6134465
3.7,3.6074836,3.7,3.5824242,3.7,3.581782
3.7,3.661647,3.7,3.637576,3.7,3.6355479
3.7,3.6695733,3.7,3.6494713,3.6,3.650749
3.7,3.6722367,3.6,3.6589017,3.6,3.6667721
3.6,3.6612978,3.6,3.6531966,3.6,3.668279
3.6,3.647069,3.6,3.6369894,3.6,3.6503832
3.6,3.6821337,3.6,3.6632957,3.5,3.6651957
3.6,3.6204917,3.5,3.601027,3.4,3.6029592
3.5,3.587009,3.4,3.562287,3.5,3.5622587
3.4,3.5484598,3.5,3.5274746,3.6,3.5303001
3.5,3.5040374,3.6,3.5025232,3.5,3.5105796
3.6,3.5799973,3.5,3.5571609,3.5,3.5560417
3.5,3.589619,3.5,3.5698612,3.6,3.5676475
3.5,3.522082,3.6,3.5168588,3.5,3.5204222
3.6,3.5480886,3.5,3.531547,3.6,3.5366936
3.5,3.5279548,3.6,3.581752,3.5,3.7249937
3.6,3.540629,3.5,3.7077518,3.8,3.9154315
3.5,3.614364,3.8,3.8094525,4.0,3.9665895
3.8,3.7195563,4.0,3.7353103,4.0,3.7235887
4.0,3.8489122,4.0,3.795873,3.7,3.7713833
4.0,4.0099244,3.7,3.8663418,3.7,3.756609
3.7,3.9358122,3.7,3.7945871,3.6,3.7049084
3.7,3.7197845,3.6,3.6591926,3.6,3.6361532
3.6,3.6805346,3.6,3.6408112,3.6,3.628626
3.6,3.605266,3.6,3.5800035,3.6,3.57957
3.6,3.5857248,3.6,3.5637026,3.6,3.5679762
3.6,3.5688066,3.6,3.547272,3.5,3.553248
3.6,3.573527,3.5,3.5555258,3.6,3.5645857
3.5,3.5675097,3.6,3.5513697,3.7,3.561411
3.6,3.5724616,3.7,3.5574775,3.7,3.5683177
3.7,3.5933952,3.7,3.5767736,3.7,3.5847607
3.7,3.6475215,3.7,3.6177049,3.7,3.6165195
3.7,3.6591146,3.7,3.6081433,3.6,3.5923498
3.7,3.625508,3.6,3.5848212,3.6,3.5742989
3.6,3.6412673,3.6,3.6068895,3.7,3.5982814
3.6,3.6127617,3.7,3.5898602,3.6,3.5874026
3.7,3.6351254,3.6,3.6136522,3.6,3.6124218
3.6,3.6722653,3.6,3.654439,3.6,3.6553998
3.6,3.6112316,3.6,3.5951204,3.6,3.5926685
3.6,3.6475325,3.6,3.6344047,3.6,3.6390178
3.6,3.6687443,3.6,3.6756217,3.6,3.7026072
3.6,3.6331685,3.6,3.704492,3.8,3.7992494
3.6,3.743158,3.8,3.8471138,3.8999999,3.920373
3.8,3.8177118,3.8999999,3.875584,3.8999999,3.8638496
3.8999999,3.9551017,3.8999999,3.9669511,3.7,3.90253
3.8999999,3.9000616,3.7,3.8412607,3.7,3.7839968
3.7,3.862549,3.7,3.8022087,3.7,3.7671802
3.7,3.733556,3.7,3.7017932,3.6,3.6927817
3.7,3.6856246,3.6,3.6649492,3.5,3.6646705
3.6,3.67015,3.5,3.6504955,3.6,3.6521318
3.5,3.603165,3.6,3.583108,3.5,3.5880008
3.6,3.5662744,3.5,3.545237,3.6,3.5531096
3.5,3.5703263,3.6,3.5511706,3.6,3.558483
3.6,3.5639315,3.6,3.5458884,3.7,3.5550458
3.6,3.5960615,3.7,3.5807395,3.6,3.5902417
3.7,3.6002767,3.6,3.5836527,3.6,3.5909448
3.6,3.6730008,3.6,3.6483023,3.6,3.6480901
3.6,3.630867,3.6,3.6046615,3.4,3.6034646
3.6,3.5941305,3.4,3.5703697,3.5,3.5702705
3.4,3.5943651,3.5,3.5715032,3.6,3.5725107
3.5,3.557835,3.6,3.5348067,3.6,3.5363317
3.6,3.57735,3.6,3.5589426,3.6,3.5647235
3.6,3.5827878,3.6,3.5678153,3.6,3.5764146
3.6,3.6119692,3.6,3.59897,3.5,3.6090055
3.6,3.6007683,3.5,3.5902436,3.6,3.603246
3.5,3.6215215,3.6,3.6191628,3.6,3.6421762
3.6,3.5719595,3.6,3.6291914,3.6,3.7435129
3.6,3.6420588,3.6,3.73214,3.6,3.839319
3.6,3.7020633,3.6,3.7878075,3.6,3.819622
3.6,3.7403793,3.6,3.7571754,3.6,3.7512822
3.6,3.7074025,3.6,3.7105694,3.6,3.7184262
3.6,3.687961,3.6,3.6818712,3.6,3.6920178
3.6,3.6654656,3.6,3.6497736,3.6,3.6546695
3.6,3.6224804,3.6,3.6010597,3.6,3.6026607
3.6,3.5962164,3.6,3.5733798,3.5,3.5758572
3.6,3.5857344,3.5,3.5624468,3.4,3.5653481
3.5,3.557556,3.4,3.5354826,3.6,3.5437133
3.4,3.5350747,3.6,3.512507,3.6,3.5189755
3.6,3.536082,3.6,3.514771,3.6,3.5232062
3.6,3.5386195,3.6,3.5192337,3.5,3.528928
3.6,3.549772,3.5,3.5305185,3.5,3.539783
3.5,3.5714598,3.5,3.5521712,3.6,3.5590904
3.5,3.5420156,3.6,3.5228014,3.6,3.5332665
3.6,3.562973,3.6,3.5407887,3.5,3.5441778
3.6,3.6192942,3.5,3.598032,3.5,3.6029148
3.5,3.60234,3.5,3.576088,3.5,3.5751345
3.5,3.5583408,3.5,3.5342698,3.4,3.5370135
3.5,3.549265,3.4,3.527635,3.5,3.5325017
3.4,3.562878,3.5,3.544054,3.5,3.5513358
3.5,3.5041637,3.5,3.4996014,3.5,3.5116465
3.5,3.5358608,3.5,3.5226524,3.5,3.5379586
3.5,3.544872,3.5,3.5392716,3.5,3.5718849
3.5,3.5312326,3.5,3.553669,3.5,3.656843
3.5,3.547722,3.5,3.653527,3.5,3.834905
3.5,3.6053705,3.5,3.7382405,3.5,3.8822904
3.5,3.6664555,3.5,3.6710896,3.6,3.6739144
3.5,3.6103108,3.6,3.6008596,3.6,3.6148837
3.6,3.5717022,3.6,3.554691,3.5,3.5663157
3.6,3.58406,3.5,3.5591972,3.5,3.5614636
3.5,3.5638888,3.5,3.5377753,3.5,3.540871
3.5,3.5334299,3.5,3.5106215,3.5,3.5164473
3.5,3.5195448,3.5,3.4976368,3.5,3.5042996
3.5,3.5103,3.5,3.489162,3.5,3.4962704
3.5,3.4967659,3.5,3.4796064,3.6,3.4884171
3.5,3.4882553,3.6,3.4750469,3.5,3.4843352
3.6,3.5321138,3.5,3.513499,3.4,3.5237162
3.5,3.5356553,3.4,3.5192196,3.5,3.5307813
3.4,3.5323954,3.5,3.5146933,3.6,3.5256329
3.5,3.5117211,3.6,3.5076718,3.5,3.5160894
3.6,3.5659556,3.5,3.5398738,3.5,3.5415688
3.5,3.5705357,3.5,3.5433865,3.5,3.5441606
3.5,3.5426927,3.5,3.520939,3.5,3.5282376
3.5,3.5374565,3.5,3.517638,3.5,3.525803
3.5,3.513533,3.5,3.5023937,3.5,3.514078
3.5,3.5129666,3.5,3.5025754,3.5,3.5141904
3.5,3.5154946,3.5,3.502393,3.4,3.513831
3.5,3.516505,3.4,3.5027857,3.5,3.516038
3.4,3.5059595,3.5,3.5024467,3.6,3.5606775
3.5,3.471534,3.6,3.5943565,3.5,3.7863624
3.6,3.60187,3.5,3.7911491,3.6,3.9505556
3.5,3.7653463,3.6,3.786856,3.6,3.7632031
3.6,3.6227186,3.6,3.6222758,3.6,3.6365266
3.6,3.6079607,3.6,3.5897357,3.6,3.596457
3.6,3.5885458,3.6,3.5632553,3.5,3.5646713
3.6,3.5636241,3.5,3.5376081,3.5,3.5406406
3.5,3.5610137,3.5,3.5354972,3.4,3.5392814
3.5,3.5257592,3.4,3.5031662,3.5,3.5089715
3.4,3.5185156,3.5,3.496738,3.5,3.5032704
3.5,3.4654837,3.5,3.4576347,3.4,3.465759
3.5,3.4933097,3.4,3.4787598,3.5,3.4879513
3.4,3.505102,3.5,3.4891715,3.5,3.4994814
3.5,3.4957838,3.5,3.4894,3.5,3.501929
3.5,3.5967686,3.5,3.6222796,3.5,3.6737118
3.5,3.6047468,3.5,3.5883198,3.6,3.5972528
3.5,3.5779495,3.6,3.5587182,3.6,3.559239
3.6,3.5481389,3.6,3.5274882,3.6,3.5314162
3.6,3.5527306,3.6,3.5280263,3.5,3.5343516
3.6,3.5504718,3.5,3.52647,3.5,3.5314627
3.5,3.5443351,3.5,3.5221293,3.5,3.5294836
3.5,3.51602,3.5,3.495325,3.5,3.5048575
3.5,3.5171373,3.5,3.4967518,3.5,3.5068243
3.5,3.5002105,3.5,3.4852324,3.5,3.4952002
3.5,3.5084639,3.5,3.5139713,3.6,3.6075456
3.5,3.4977612,3.6,3.5897532,3.8,3.7797136
3.6,3.6412306,3.8,3.8191323,3.8999999,3.938464
3.8,3.6909533,3.8999999,3.6920228,3.8,3.6823897
3.8999999,3.8516417,3.8,3.7582614,3.6,3.7100027
3.8,3.830873,3.6,3.7084775,3.6,3.634039
3.6,3.7001936,3.6,3.6184683,3.6,3.5829659
3.6,3.5658681,3.6,3.5393538,3.6,3.5412374
3.6,3.5608885,3.6,3.5354717,3.6,3.5377567
3.6,3.5776844,3.6,3.5545232,3.2,3.5570269
3.6,3.582402,3.2,3.5608194,3.6,3.5650952
3.2,3.574032,3.6,3.5525177,3.6,3.5558846
3.6,3.4411063,3.6,3.4453237,3.5,3.4555159
3.6,3.5137064,3.5,3.5781283,3.7,3.756178
3.5,3.5887816,3.7,3.707969,3.5,3.8874679
3.7,3.6898248,3.5,3.779249,3.6,3.7711463
3.5,3.724294,3.6,3.687914,3.7,3.670276
3.6,3.5805914,3.7,3.5653954,3.6,3.5648484
3.7,3.5871668,3.6,3.5606349,3.6,3.561041
3.6,3.637428,3.6,3.58863,3.6,3.5742862
3.6,3.557814,3.6,3.532968,3.6,3.5371137
3.6,3.5652213,3.6,3.539625,3.6,3.5410907
3.6,3.5613556,3.6,3.5392964,3.6,3.54482
3.6,3.5643394,3.6,3.5437443,3.5,3.5491927
3.6,3.5773933,3.5,3.563935,3.6,3.5752783
3.5,3.5869906,3.6,3.625753,3.8999999,3.8847048
3.6,3.5574243,3.8999999,3.7341428,4.1,3.9212632
3.8999999,3.7992065,4.1,3.9149919,4.1,3.9266615
4.1,4.0041304,4.1,3.9466412,3.8999999,3.855934
4.1,4.0577483,3.8999999,3.8939593,3.7,3.7591388
3.8999999,3.9365911,3.7,3.7849174,3.7,3.6767457
3.7,3.791863,3.7,3.7010148,3.6,3.6567183
3.7,3.6763372,3.6,3.6288364,3.6,3.612849
3.6,3.681914,3.6,3.6492772,3.6,3.6408095
3.6,3.6265957,3.6,3.6039567,3.6,3.6038835
3.6,3.6054358,3.6,3.5842333,3.6,3.5878303
3.6,3.6008499,3.6,3.5856683,3.5,3.5954964
3.6,3.5375187,3.5,3.581699,3.8999999,3.7791169
3.5,3.5998816,3.8999999,3.7780929,3.7,3.977615
3.8999999,3.8258364,3.7,3.999345,3.7,4.078283
3.7,4.095174,3.7,4.1498246,3.7,4.045881
3.7,3.752373,3.7,3.7356277,3.7,3.7362833
3.7,3.6862478,3.7,3.669825,3.7,3.6706574
3.7,3.6916122,3.7,3.6533632,3.6,3.641992
3.7,3.6604204,3.6,3.619775,3.6,3.607854
3.6,3.638789,3.6,3.6088111,3.6,3.6033435
3.6,3.6013238,3.6,3.5781474,3.6,3.580008
3.6,3.5825174,3.6,3.561489,3.6,3.5667667
3.6,3.5831957,3.6,3.5661433,3.5,3.5757198
3.6,3.553952,3.5,3.5902994,3.5,3.8118625
3.5,3.596147,3.5,3.7562203,3.5,3.9666405
3.5,3.721996,3.5,3.8895311,3.5,3.9729364
3.5,3.5902402,3.5,3.5991712,3.5,3.627119
3.5,3.5649145,3.5,3.570731,3.5,3.5960917
3.5,3.5868676,3.5,3.578673,3.5,3.5856495
3.5,3.5841322,3.5,3.5638666,3.5,3.5646527
3.5,3.5578024,3.5,3.533443,3.5,3.5366418
3.5,3.5393612,3.5,3.5165274,3.5,3.5241694
3.5,3.5369267,3.5,3.514714,3.5,3.5217652
3.5,3.525514,3.5,3.503355,3.5,3.5098794
3.5,3.5322483,3.5,3.5115826,3.5,3.5193987
3.5,3.5170581,3.5,3.5107398,3.5,3.5550966
3.5,3.4884832,3.5,3.629806,3.5,3.83026
3.5,3.6501985,3.5,3.8039885,3.6,3.9242184
3.5,3.5794404,3.6,3.5895822,3.5,3.6220593
3.6,3.5526173,3.5,3.5653048,3.6,3.6007
3.5,3.5990891,3.6,3.598867,3.6,3.615766
3.6,3.598572,3.6,3.589717,3.6,3.5952778
3.6,3.5964906,3.6,3.571463,3.7,3.571411
3.6,3.5943851,3.7,3.5679927,3.8,3.567356
3.7,3.5814714,3.8,3.5550082,3.7,3.5553815
3.8,3.608311,3.7,3.5840163,3.8,3.5846128
3.7,3.676965,3.8,3.6484444,3.0,3.6429105
3.8,3.6668284,3.0,3.6504693,4.1,3.6560369
3.0,3.6448276,4.1,3.7009218,4.3,3.9560966
4.1,3.5198846,4.3,3.591717,4.4,3.7006114
4.3,4.250471,4.4,4.3855557,4.4,4.37939
4.4,4.394462,4.4,4.3602624,4.2,4.1998334
4.4,4.342901,4.2,4.1512923,4.0,3.983014
4.2,4.1144443,4.0,3.9366658,3.8,3.8008375
4.0,3.9374416,3.8,3.8024776,3.7,3.7187781
3.8,3.8601243,3.7,3.7940915,3.6,3.7608097
3.7,3.7872179,3.6,3.732846,3.5,3.7086565
3.6,3.731954,3.5,3.6889637,3.3,3.6742284
3.5,3.651648,3.3,3.625802,3.3,3.6225848
3.3,3.5791469,3.3,3.5661278,3.8,3.5798244
3.3,3.5290573,3.8,3.6919067,4.2,4.017788
3.8,3.6025734,4.2,3.8795931,4.3,4.0789967
4.2,4.2501154,4.3,4.409512,4.2,4.48329
4.3,4.4337993,4.2,4.4600477,4.2,4.3928623
4.2,4.450805,4.2,4.350178,4.2,4.227854
4.2,4.3221846,4.2,4.238118,4.0,4.1626444
4.2,4.168984,4.0,4.06499,3.8,3.991225
4.0,4.0309978,3.8,3.9018066,3.7,3.822675
3.8,3.8696067,3.7,3.7780547,3.6,3.7321692
3.7,3.7501223,3.6,3.6978457,3.4,3.678599
3.6,3.6822038,3.4,3.6501567,3.3,3.6421185
3.4,3.6176744,3.3,3.596377,3.7,3.598674
3.3,3.507778,3.7,3.5624406,3.7,3.7794318
3.7,3.6054068,3.7,3.7638738,3.8999999,4.0145645
3.7,3.8481164,3.8999999,3.9977522,3.8999999,4.0794077
3.8999999,3.682548,3.8999999,3.679766,4.0,3.6942036
3.8999999,3.8871663,4.0,3.8601947,4.0,3.8481123
4.0,3.8359368,4.0,3.8173368,3.7,3.8083944
4.0,3.872119,3.7,3.7840261,3.6,3.7401936
3.7,3.840904,3.6,3.7441635,3.5,3.6920335
3.6,3.670819,3.5,3.6271067,3.5,3.6138642
3.5,3.6091795,3.5,3.5828223,3.7,3.5814216
3.5,3.5610328,3.7,3.534808,3.8,3.537258
3.7,3.5963976,3.8,3.5766401,3.8,3.5842
3.8,3.6012309,3.8,3.6304216,4.1,3.902174
3.8,3.7283225,4.1,3.9211833,4.4,4.130746
4.1,4.008102,4.4,4.1795273,4.6,4.289886
4.4,4.349491,4.6,4.455949,4.5,4.412555
4.6,4.5248575,4.5,4.465983,4.2,4.365926
4.5,4.541633,4.2,4.3486004,4.0,4.1595716
4.2,4.3310623,4.0,4.14163,3.8999999,3.9872003
4.0,3.9759684,3.8999999,3.8396635,3.8999999,3.7529533
3.8999999,3.8362932,3.8999999,3.7581694,4.0,3.7216873
3.8999999,3.8201807,4.0,3.7614636,3.8999999,3.7360573
4.0,3.8374085,3.8999999,3.7932441,3.8999999,3.772776
3.8999999,3.906374,3.8999999,3.8762245,3.8999999,3.864283
3.8999999,3.8395388,3.8999999,3.833906,3.8999999,3.891715
3.8999999,3.8069308,3.8999999,3.853923,4.1,4.0707498
3.8999999,3.9669487,4.1,4.1423755,4.2,4.2886662
4.1,4.1602755,4.2,4.313409,4.2,4.3261156
4.2,4.2563977,4.2,4.1962748,3.8999999,4.0750027
4.2,4.160638,3.8999999,4.0253077,3.8999999,3.9144073
3.8999999,4.029381,3.8999999,3.8972774,3.8,3.8173604
3.8999999,3.8483336,3.8,3.8009255,3.8,3.7789812
3.8,3.8521886,3.8,3.8166454,3.8,3.8010454
3.8,3.82103,3.8,3.7920256,3.8,3.779137
3.8,3.810454,3.8,3.7817788,3.8999999,3.7687163
3.8,3.8026004,3.8999999,3.7769706,3.8999999,3.7660103
3.8999999,3.802562,3.8999999,3.7871282,3.8999999,3.8144484
3.8999999,3.8471875,3.8999999,3.9046707,4.1,4.1350174
3.8999999,3.9492095,4.1,4.164076,4.4,4.3360853
4.1,4.25669,4.4,4.4410114,4.4,4.4855223
4.4,4.28011,4.4,4.2868567,4.2,4.2270722
4.4,4.4092264,4.2,4.2822604,4.0,4.147124
4.2,4.2939925,4.0,4.116686,3.8999999,3.982651
4.0,4.014069,3.8999999,3.9054606,3.8999999,3.8451984
3.8999999,3.900225,3.8999999,3.8482785,3.8999999,3.8198073
3.8999999,3.8598661,3.8999999,3.8213937,3.8999999,3.8042068
3.8999999,3.8649812,3.8999999,3.831294,3.8999999,3.8167999
3.8999999,3.863915,3.8999999,3.8322558,3.8,3.8191743
3.8999999,3.8502705,3.8,3.8238554,3.8999999,3.8170578
3.8,3.831765,3.8999999,3.8266418,3.8999999,3.9076002
3.8999999,3.7612202,3.8999999,3.8552616,4.1,4.0589595
3.8999999,4.0407376,4.1,4.1845922,4.2,4.276726
4.1,4.0935025,4.2,4.1277103,3.8,4.0355473
4.2,4.197122,3.8,4.051502,3.5,3.9163508
3.8,4.024501,3.5,3.891921,0.0,3.8037791
3.5,3.8204434,0.0,3.7683606,4.0,3.7441897
0.0,3.6728072,4.0,3.6490195,4.0,3.645959
4.0,4.6657724,4.0,4.7871943,4.1,4.894746
4.0,3.524181,4.1,3.5199382,3.8999999,3.5244293
4.1,3.7945063,3.8999999,3.775478,3.8999999,3.771195
3.8999999,3.894219,3.8999999,3.8693886,4.0,3.8554244
3.8999999,3.824685,4.0,3.8461363,4.1,4.005111
4.0,3.9149039,4.1,4.020275,4.3,4.2045226
4.1,4.2356954,4.3,4.358575,4.5,4.3241835
4.3,4.3964834,4.5,4.3034687,4.5,4.0897837
4.5,4.4315815,4.5,4.218113,4.3,4.0013676
4.5,4.33446,4.3,4.134968,4.1,3.9566503
4.3,4.1357336,4.1,3.9629393,4.1,3.840358
4.1,4.087313,4.1,4.0076294,4.1,3.966093
4.1,4.0739717,4.1,4.0502634,4.0,4.040712
4.1,4.0735197,4.0,4.0492363,4.0,4.0400653
4.0,4.06481,4.0,4.040803,4.0,4.031662
4.0,3.997388,4.0,3.9791217,4.0,3.9734516
4.0,3.9962556,4.0,3.982911,4.0,3.9886138
4.0,3.993927,4.0,3.9919305,4.2,4.023523
4.0,4.040622,4.2,4.0741935,4.3,4.125095
4.2,4.1414766,4.3,4.234903,4.4,4.243284
4.3,4.2740974,4.4,4.196971,4.2,4.082651
4.4,4.1914935,4.2,4.085247,4.0,4.0120955
4.2,4.198032,4.0,4.1227474,4.0,4.068985
4.0,4.100339,4.0,4.069147,4.0,4.056304
4.0,3.9981585,4.0,3.9797068,4.0,3.9713194
4.0,3.9898217,4.0,3.9740689,3.8999999,3.9674916
4.0,3.987354,3.8999999,3.9712377,3.8999999,3.9650035
3.8999999,3.987987,3.8999999,3.9730709,3.8999999,3.9676669
3.8999999,3.9314814,3.8999999,3.909546,3.8999999,3.924341
3.8999999,3.8623035,3.8999999,3.8992634,4.1,4.0925045
3.8999999,3.9552715,4.1,4.1275325,4.3,4.2915792
4.1,4.1744194,4.3,4.357009,4.4,4.4384766
4.3,4.282393,4.4,4.325227,4.3,4.237837
4.4,4.384928,4.3,4.231457,4.1,4.0839157
4.3,4.270937,4.1,4.143497,4.1,4.043199
4.1,4.1482363,4.1,4.0849347,4.0,4.0454946
4.1,4.0348797,4.0,4.009598,4.0,3.995223
4.0,4.0308647,4.0,4.0132246,4.0,4.0040627
4.0,3.9689245,4.0,3.9494681,3.8999999,3.9412084
4.0,3.9696774,3.8999999,3.9504468,3.8999999,3.9434528
3.8999999,3.9835112,3.8999999,3.9655833,3.8999999,3.9593675
3.8999999,3.9110816,3.8999999,3.8935804,3.8999999,3.920511
3.8999999,3.8952308,3.8999999,3.9023578,4.0,3.9692404
3.8999999,3.896804,4.0,3.9232013,4.1,3.9623868
4.0,3.9932868,4.1,3.9939935,4.0,3.9756873
4.1,4.0399356,4.0,3.978544,3.8999999,3.932888
4.0,3.9786038,3.8999999,3.9627516,3.8999999,3.9617076
3.8999999,3.9494116,3.8999999,3.9272907,3.8999999,3.9273455
3.8999999,3.919645,3.8999999,3.8981874,3.8,3.8916292
3.8999999,3.9028177,3.8,3.883231,3.8999999,3.8760176
3.8,3.8863032,3.8999999,3.8653615,3.8999999,3.8583612
3.8999999,3.831407,3.8999999,3.8147526,3.8999999,3.8080733
3.8999999,3.8855877,3.8999999,3.8648655,3.8,3.8584251
3.8999999,3.8611073,3.8,3.8606644,3.8999999,3.9205356
3.8,3.8820329,3.8999999,3.9280527,4.3,4.118272
3.8999999,3.999824,4.3,4.184568,4.5,4.31322
4.3,4.14677,4.5,4.274653,4.4,4.252462
4.5,4.360827,4.4,4.266443,4.1,4.0984106
4.4,4.32748,4.1,4.1534247,4.0,4.016201
4.1,4.1964316,4.0,4.0952587,4.0,4.026641
4.0,4.0294414,4.0,3.9985747,4.0,3.9798727
4.0,3.9832702,4.0,3.963109,4.0,3.953914
4.0,3.9766326,4.0,3.957348,3.8999999,3.949164
4.0,3.9734564,3.8999999,3.9542506,3.8999999,3.946873
3.8999999,3.952568,3.8999999,3.9310741,3.8999999,3.9233818
3.8999999,3.924516,3.8999999,3.9010656,3.8999999,3.9063716
3.8999999,3.892993,3.8999999,3.8821282,3.8999999,3.9145074
3.8999999,3.9134195,3.8999999,3.905974,3.8999999,3.930645
3.8999999,3.9380524,3.8999999,3.9188764,3.8999999,3.9187224
3.8999999,3.9206815,3.8999999,3.8979466,3.8999999,3.888355
3.8999999,3.8895724,3.8999999,3.8718057,3.8999999,3.8622718
3.8999999,3.8952267,3.8999999,3.8779993,3.8999999,3.8677354
3.8999999,3.895979,3.8999999,3.8777556,3.8999999,3.8683708
3.8999999,3.880367,3.8999999,3.8598278,3.8999999,3.852366
3.8999999,3.8919778,3.8999999,3.8712053,3.8999999,3.8646302
3.8999999,3.8734422,3.8999999,3.8508503,3.7,3.842259
3.8999999,3.876232,3.7,3.8544214,3.8999999,3.8468194
3.7,3.8952408,3.8999999,3.8771324,3.8999999,3.8700488
3.8999999,3.7553866,3.8999999,3.7692122,3.8999999,3.905004
3.8999999,3.856383,3.8999999,3.9299924,3.8999999,4.0877957
3.8999999,4.0634804,3.8999999,4.199406,3.8999999,4.263937
3.8999999,4.0525274,3.8999999,4.1043506,3.8999999,4.0511165
3.8999999,4.061417,3.8999999,4.017331,3.8999999,3.9681473
3.8999999,3.9226174,3.8999999,3.9042273,3.8999999,3.8900437
3.8999999,3.8915186,3.8999999,3.870787,3.8999999,3.8625727
3.8999999,3.8839297,3.8999999,3.8611968,3.8999999,3.854183
3.8999999,3.875133,3.8999999,3.850674,3.8,3.8412404
3.8999999,3.8606753,3.8,3.8355763,3.8999999,3.8255668
3.8,3.8573627,3.8999999,3.831616,3.8999999,3.821287
3.8999999,3.8334343,3.8999999,3.808327,3.8999999,3.7977827
3.8999999,3.8512561,3.8999999,3.8280754,3.8999999,3.8196905
3.8999999,3.8747747,3.8999999,3.8494277,3.8999999,3.84656
3.8999999,3.8767223,3.8999999,3.8532832,3.8999999,3.8495266
3.8999999,3.8650396,3.8999999,3.8395379,3.8,3.8297584
3.8999999,3.8774142,3.8,3.8478634,3.8,3.8356676
3.8,3.8542197,3.8,3.8316336,3.8,3.8229344
3.8,3.8369792,3.8,3.8168852,3.8,3.808641
3.8,3.8322222,3.8,3.8153384,3.8,3.8082476
3.8,3.8186014,3.8,3.8066843,3.8,3.8013968
3.8,3.8158262,3.8,3.8047812,3.8999999,3.8002248
3.8,3.8123157,3.8999999,3.8028579,3.8,3.799761
3.8999999,3.8326614,3.8,3.8199613,3.8,3.8160908
3.8,3.8848298,3.8,3.8646047,3.8999999,3.8593996
3.8,3.8403356,3.8999999,3.842208,3.8,3.891334
3.8999999,3.8283458,3.8,3.8622503,3.8,3.951953
3.8,4.0138607,3.8,4.106438,3.8999999,4.1097383
3.8,3.9727805,3.8999999,3.984459,3.8999999,3.9375257
3.8999999,3.9215543,3.8999999,3.9032202,3.8999999,3.8645318
3.8999999,3.895236,3.8999999,3.873362,3.8999999,3.8582344
3.8999999,3.8797052,3.8999999,3.854338,3.8,3.8458369
3.8999999,3.8709636,3.8,3.8458693,3.8,3.8362622
3.8,3.8618393,3.8,3.8370736,3.8,3.8273344
3.8,3.810939,3.8,3.790149,3.8,3.7815545
3.8,3.8001184,3.8,3.775348,3.8999999,3.7639704
3.8,3.7904851,3.8999999,3.761994,3.8,3.7489643
3.8999999,3.7924328,3.8,3.7645104,3.8,3.752987
3.8,3.8080308,3.8,3.7843604,3.8,3.7746572
3.8,3.7969027,3.8,3.778758,3.8,3.7736447
3.8,3.8268824,3.8,3.7981217,3.8,3.7865644
3.8,3.8405936,3.8,3.8057334,3.8,3.7891395
3.8,3.8058176,3.8,3.7864852,3.8,3.7774491
3.8,3.8068125,3.8,3.789337,3.8,3.7807884
3.8,3.8037035,3.8,3.789435,3.8,3.7822773
3.8,3.8021235,3.8,3.7913911,3.8,3.7870052
3.8,3.7964606,3.8,3.7879074,3.8,3.7855964
3.8,3.8047893,3.8,3.7960703,3.8,3.7936366
3.8,3.8139873,3.8,3.805764,3.8,3.8041308
3.8,3.8165793,3.8,3.8080647,3.8,3.8078969
3.8,3.8276694,3.8,3.8181872,3.8,3.833081
3.8,3.8301141,3.8,3.8371694,3.8,3.8880305
3.8,3.866581,3.8,3.9056673,3.8,3.9194903
3.8,3.9338815,3.8,3.958028,3.8999999,3.923007
3.8,3.9278123,3.8999999,3.9159255,3.8999999,3.878268
3.8999999,3.8517246,3.8999999,3.8338976,3.8,3.8183262
3.8999999,3.859311,3.8,3.834898,3.8,3.8262975
3.8,3.8512127,3.8,3.8257911,3.8,3.8159707
3.8,3.7964354,3.8,3.7797523,3.8,3.773812
3.8,3.789926,3.8,3.7663136,3.8,3.7554622
3.8,3.7945287,3.8,3.7652187,3.8,3.7511246
3.8,3.789912,3.8,3.7584383,3.8,3.7428222
3.8,3.780254,3.8,3.7515287,3.8,3.7371104
3.8,3.7566261,3.8,3.7324762,3.8,3.7227416
3.8,3.804155,3.8,3.7852821,3.8,3.7787826
3.8,3.8087854,3.8,3.7962992,3.8,3.7922182
3.8,3.8030813,3.8,3.7932372,3.8,3.7897892
3.8,3.840876,3.8,3.819868,3.8,3.8113627
3.8,3.8054361,3.8,3.793469,3.7,3.7878623
3.8,3.809435,3.7,3.7975633,3.8,3.7920032
3.7,3.8035884,3.8,3.7937403,3.8,3.7898571
3.8,3.7700596,3.8,3.7622294,3.7,3.761717
3.8,3.7991564,3.7,3.792506,3.8,3.7915437
3.7,3.7931743,3.8,3.7873862,3.8,3.7875168
3.8,3.7847705,3.8,3.7808738,3.8,3.7832448
3.8,3.8036482,3.8,3.8002088,3.8,3.8029287
3.8,3.831442,3.8,3.818999,3.8,3.8201315
3.8,3.8282688,3.8,3.8190544,3.8,3.8249254
3.8,3.8423443,3.8,3.834385,3.8,3.8352334
3.8,3.906341,3.8,3.8894866,3.8,3.8582816
3.8,3.8635721,3.8,3.8403668,3.8,3.8194063
3.8,3.8271472,3.8,3.8065693,3.7,3.798485
3.8,3.8125997,3.7,3.7953298,3.8,3.7897694
3.7,3.792074,3.8,3.7779522,3.8,3.7730694
3.8,3.7253854,3.8,3.7095447,3.8,3.7079506
3.8,3.7809098,3.8,3.7643638,3.8,3.7571647
3.8,3.7943428,3.8,3.7726982,3.8,3.7619739
3.8,3.7852259,3.8,3.7626045,3.8,3.7509167
3.8,3.7773907,3.8,3.7562232,3.8,3.7460241
3.8,3.773973,3.8,3.75773,3.8,3.7516296
3.8,3.787003,3.8,3.7782695,3.8,3.7770112
3.8,3.7991734,3.8,3.7889717,3.8,3.7866578
3.8,3.8217664,3.8,3.8039124,3.7,3.7976394
3.8,3.8173585,3.7,3.797093,3.8,3.7886186
3.7,3.8012307,3.8,3.7891364,3.8,3.7842295
3.8,3.7811291,3.8,3.771105,3.7,3.768513
3.8,3.7956727,3.7,3.788471,3.8,3.787268
3.7,3.791802,3.8,3.7842946,3.7,3.783141
3.8,3.7696922,3.7,3.7612317,3.8,3.7605085
3.7,3.7899868,3.8,3.7824073,3.8,3.7814133
3.8,3.768629,3.8,3.7622402,3.8,3.7639863
3.8,3.7930129,3.8,3.7910461,3.8,3.7956026
3.8,3.8062963,3.8,3.8050897,3.7,3.8314683
3.8,3.815679,3.7,3.8184922,3.8,3.8516476
3.7,3.8847053,3.8,3.8752959,3.8,3.8444312
3.8,3.8634539,3.8,3.8375974,3.8,3.8074512
3.8,3.8397017,3.8,3.8032763,3.8,3.7845762
3.8,3.8178444,3.8,3.7911544,3.8,3.778762
3.8,3.7999353,3.8,3.78096,3.8,3.7723825
3.8,3.7913666,3.8,3.7749226,3.7,3.7671416
3.8,3.788089,3.7,3.7699552,3.7,3.761026
3.7,3.7935462,3.7,3.7750912,3.8,3.7656267
3.7,3.748742,3.8,3.7233055,3.7,3.7125654
3.8,3.7284515,3.7,3.7064216,3.7,3.7016816
3.7,3.763878,3.7,3.7520218,3.8,3.7502413
3.7,3.7082546,3.8,3.7044957,3.8,3.7143853
3.8,3.7258942,3.8,3.7412121,3.8999999,3.7592463
3.8,3.848129,3.8999999,3.8316545,3.8999999,3.8151736
3.8999999,3.8645575,3.8999999,3.8242261,3.8,3.8014464
3.8999999,3.8533456,3.8,3.8275466,3.8,3.8170586
3.8,3.849813,3.8,3.827221,3.7,3.8182626
3.8,3.8060575,3.7,3.791027,3.7,3.7833967
3.7,3.7936075,3.7,3.779574,3.7,3.7733815
3.7,3.7681117,3.7,3.7546408,3.7,3.7501957
3.7,3.7576616,3.7,3.7431378,3.7,3.7387352
3.7,3.7500067,3.7,3.739269,3.7,3.7386405
3.7,3.6821978,3.7,3.7209098,3.7,3.7837036
3.7,3.679537,3.7,3.728652,3.7,3.910862
3.7,3.6939173,3.7,3.8216963,3.8,3.965827
3.7,3.9174113,3.8,4.0007777,3.8,3.9775226
3.8,3.8307884,3.8,3.8005238,3.8,3.7812488
3.8,3.8171632,3.8,3.7507482,3.8,3.719133
3.8,3.7913942,3.8,3.7274437,3.8,3.6971867
3.8,3.7696047,3.8,3.7271667,3.7,3.7080112
3.8,3.7657497,3.7,3.740536,3.8,3.7274916
3.7,3.7687204,3.8,3.7435253,3.8,3.730165
3.8,3.7411137,3.8,3.7077177,3.8,3.6948266
3.8,3.7777424,3.8,3.7501423,3.8,3.7352695
3.8,3.7878473,3.8,3.7693527,3.8,3.7617133
3.8,3.7243552,3.8,3.749693,3.8,3.8231444
3.8,3.744322,3.8,3.76321,4.0,3.9172094
3.8,3.8873968,4.0,4.005345,4.2,4.052719
4.0,3.9723277,4.2,4.004626,4.0,3.9425318
4.2,4.0777655,4.0,3.9554498,3.8999999,3.8501945
4.0,4.0380816,3.8999999,3.936804,3.8,3.8790293
3.8999999,3.8937955,3.8,3.8640203,3.7,3.8495297
3.8,3.8535907,3.7,3.8272648,3.8,3.8162305
3.7,3.8197346,3.8,3.8001237,3.8,3.7907875
3.8,3.7757967,3.8,3.7589335,3.8,3.751302
3.8,3.8106616,3.8,3.792336,3.8,3.7836263
3.8,3.805013,3.8,3.7898085,3.7,3.7842858
3.8,3.7650497,3.7,3.7768059,3.8,3.8664954
3.7,3.7649393,3.8,3.8162673,3.8,4.0151343
3.8,3.9018006,3.8,4.090604,3.8,4.230714
3.8,4.046617,3.8,4.15293,3.8999999,4.1060033
3.8,3.860242,3.8999999,3.8212984,3.8999999,3.804031
3.8999999,3.8090522,3.8999999,3.7594686,3.8,3.737672
3.8999999,3.8246264,3.8,3.7628796,3.8,3.734089
3.8,3.8167844,3.8,3.779381,3.8,3.7614188
3.8,3.789038,3.8,3.7606478,3.8,3.7462647
3.8,3.7975023,3.8,3.7710783,3.8,3.7581186
3.8,3.7889504,3.8,3.7582579,3.8,3.742634
3.8,3.7898824,3.8,3.7586048,3.8,3.742826
3.8,3.788464,3.8,3.773394,3.7,3.7765462
3.8,3.7293642,3.7,3.7631884,4.1,3.9923058
3.7,3.772861,4.1,3.9596934,3.8999999,4.15381
4.1,4.0698767,3.8999999,4.239038,4.0,4.2990074
3.8999999,4.2615075,4.0,4.25335,4.0,4.12682
4.0,3.9909778,4.0,3.917393,4.0,3.8831801
4.0,3.9276273,4.0,3.8422306,4.0,3.7967281
4.0,3.9117932,4.0,3.8451471,3.8999999,3.806159
4.0,3.8853567,3.8999999,3.852964,3.8999999,3.8386614
3.8999999,3.8904345,3.8999999,3.8640723,3.8,3.8541477
3.8999999,3.8543146,3.8,3.825709,3.8,3.8135324
3.8,3.8487456,3.8,3.820912,3.8,3.8090029
3.8,3.8100922,3.8,3.7865565,3.8,3.776868
3.8,3.750859,3.8,3.755317,3.8,3.889873
3.8,3.7391639,3.8,3.8456624,3.8,4.067705
3.8,4.0859904,3.8,4.2626696,3.8,4.3625574
3.8,3.9141533,3.8,3.935134,3.8999999,3.9022453
3.8,3.8270135,3.8999999,3.8001745,3.8,3.7921457
3.8999999,3.8212826,3.8,3.7853901,3.8,3.7719724
3.8,3.836518,3.8,3.7998402,3.8,3.78382
3.8,3.808293,3.8,3.7759788,3.8,3.76044
3.8,3.7855415,3.8,3.7585921,3.8,3.7446651
3.8,3.793053,3.8,3.7656045,3.8,3.7519329
3.8,3.7888758,3.8,3.7568731,3.8,3.7406566
3.8,3.7891588,3.8,3.7590804,3.7,3.7437856
3.8,3.7526095,3.7,3.7619715,3.8,3.8678253
3.7,3.71674,3.8,3.7902973,3.8,4.0537667
3.8,4.011662,3.8,4.2439227,3.8999999,4.3811836
3.8,4.0430617,3.8999999,4.142257,4.0,4.164741
3.8999999,3.9161723,4.0,3.8821015,4.0,3.87136
4.0,3.8943427,4.0,3.8679445,3.8999999,3.8556066
4.0,3.9184415,3.8999999,3.8606093,3.8999999,3.8328493
3.8999999,3.8747194,3.8999999,3.807424,3.8,3.7722473
3.8999999,3.8266273,3.8,3.7836025,3.8999999,3.7628095
3.8,3.8314223,3.8999999,3.7942812,3.8999999,3.7767138
3.8999999,3.7938142,3.8999999,3.750053,3.8,3.7291954
3.8999999,3.8172545,3.8,3.7783625,3.8,3.759715
3.8,3.8330603,3.8,3.805868,3.8,3.795486
3.8,3.7301643,3.8,3.7408655,3.8,3.9237683
3.8,3.727329,3.8,3.8988645,3.7,4.094857
3.8,4.0769305,3.7,4.242623,3.8999999,4.29604
3.7,3.8406036,3.8999999,3.8108475,3.8999999,3.8008628
3.8999999,3.735832,3.8999999,3.723254,3.8999999,3.725927
3.8999999,3.8300316,3.8999999,3.776634,3.8999999,3.7544243
3.8999999,3.8251088,3.8999999,3.7768247,3.8,3.754406
3.8999999,3.8349545,3.8,3.8028564,3.8,3.788361
3.8,3.8355176,3.8,3.809546,3.8,3.7982144
3.8,3.802124,3.8,3.7767038,3.8,3.7643337
3.8,3.7944264,3.8,3.7633202,3.8,3.747895
3.8,3.7977273,3.8,3.7744992,3.7,3.7645905
3.8,3.7283442,3.7,3.7590077,4.2,4.0011396
3.7,3.7432926,4.2,3.924781,4.5,4.1652255
4.2,4.1591206,4.5,4.351229,4.6,4.4475503
4.5,4.3623114,4.6,4.443436,4.5,4.3901267
4.6,4.5888796,4.5,4.4505157,4.2,4.2705455
4.5,4.3866477,4.2,4.16309,4.0,3.999836
4.2,4.2188864,4.0,4.0471416,4.0,3.9320908
4.0,4.0444565,4.0,3.9704864,3.8999999,3.928582
4.0,3.9181654,3.8999999,3.8866816,3.8999999,3.8772502
3.8999999,3.9346805,3.8999999,3.905268,3.8999999,3.8950465
3.8999999,3.8885324,3.8999999,3.856793,3.8,3.8417408
3.8999999,3.884547,3.8,3.8561487,3.8,3.845081
3.8,3.8618057,3.8,3.860318,3.8,3.9174497
3.8,3.785866,3.8,3.8366086,3.8,4.0328465
3.8,3.8685644,3.8,4.026576,3.8,4.179727
3.8,4.1047688,3.8,4.2234597,3.8,4.189906
3.8,3.8833723,3.8,3.862602,3.7,3.8362958
3.8,3.8175504,3.7,3.786058,3.8,3.7776299
3.7,3.817784,3.8,3.7779064,3.7,3.7615757
3.8,3.7867622,3.7,3.7484672,3.8,3.7308984
3.7,3.8010256,3.8,3.7746115,3.8,3.7619982
3.8,3.7293975,3.8,3.7079496,3.7,3.7029257
3.8,3.7881005,3.7,3.7620127,3.7,3.748923
3.7,3.786141,3.7,3.756511,3.8,3.7411008
3.7,3.7397568,3.8,3.736468,4.2,3.7606292
3.8,3.6766639,4.2,3.7697067,4.6,4.0745835
4.2,3.9994566,4.6,4.229692,4.9,4.375968
4.6,4.447123,4.9,4.566045,4.9,4.552998
4.9,4.6764193,4.9,4.6008415,4.7,4.461402
4.9,4.646204,4.7,4.4631906,4.3,4.2442536
4.7,4.530285,4.3,4.3070426,4.1,4.1036963
4.3,4.3704333,4.1,4.175439,4.0,4.032778
4.1,4.106382,4.0,3.9898505,4.0,3.9282148
4.0,3.9890218,4.0,3.917948,4.0,3.8809958
4.0,3.9226875,4.0,3.8795233,3.8999999,3.858403
4.0,3.925298,3.8999999,3.8926146,3.8999999,3.8818042
3.8999999,3.947249,3.8999999,3.9262888,3.8999999,3.949382
3.8999999,3.8820639,3.8999999,3.888275,4.1,3.9857543
3.8999999,3.9059846,4.1,4.014592,4.4,4.157481
4.1,4.08055,4.4,4.213803,4.6,4.276638
4.4,4.2453017,4.6,4.27436,4.3,4.1582017
4.6,4.4153924,4.3,4.2327676,3.8999999,4.071868
4.3,4.3116503,3.8999999,4.117804,3.8999999,3.9839592
3.8999999,4.114357,3.8999999,4.0215573,3.8999999,3.9691818
3.8999999,3.9194093,3.8999999,3.89052,3.8999999,3.880462
3.8999999,3.8960588,3.8999999,3.8720622,3.8,3.8623126
3.8999999,3.901043,3.8,3.880594,3.8,3.8705525
3.8,3.8871317,3.8,3.8645535,3.8,3.8550136
3.8,3.8347552,3.8,3.8136814,3.8,3.8133366
3.8,3.7853127,3.8,3.7951393,4.2,3.9738984
3.8,3.8384802,4.2,4.084325,4.5,4.3129067
4.2,4.2456064,4.5,4.5014977,4.7,4.6130495
4.5,4.4398975,4.7,4.574069,4.7,4.535156
4.7,4.620615,4.7,4.510186,4.4,4.3447547
4.7,4.554563,4.4,4.3553114,4.2,4.149074
4.4,4.424158,4.2,4.209518,4.0,4.051415
4.2,4.178835,4.0,4.0406923,3.8999999,3.95362
4.0,4.0494018,3.8999999,3.9835927,3.8999999,3.9464314
3.8999999,3.9243186,3.8999999,3.8836088,3.8999999,3.8665771
3.8999999,3.8914304,3.8999999,3.8520234,3.8999999,3.8317368
3.8999999,3.8778992,3.8999999,3.8446329,3.8999999,3.8310115
3.8999999,3.8727577,3.8999999,3.8691535,3.8,3.9158688
3.8999999,3.8566175,3.8,3.8726492,4.0,3.9614513
3.8,3.8950849,4.0,3.9728105,4.2,4.0485644
4.0,3.9569602,4.2,4.0532207,4.2,4.07754
4.2,4.090131,4.2,4.0619197,4.0,3.9825277
4.2,4.1015835,4.0,3.972086,3.8999999,3.8815746
4.0,4.0398517,3.8999999,3.9221392,3.8,3.8496437
3.8999999,3.8976943,3.8,3.8559175,3.8,3.8385203
3.8,3.869344,3.8,3.8405366,3.8,3.8290422
3.8,3.827775,3.8,3.8049212,3.8,3.7947276
3.8,3.820141,3.8,3.8002574,3.7,3.7913835
3.8,3.8236284,3.7,3.8035,3.8,3.794796
3.7,3.8202512,3.8,3.8046784,3.8,3.805963
3.8,3.7335322,3.8,3.777101,4.1,4.0205736
3.8,3.7995975,4.1,4.0028057,4.3,4.201765
4.1,4.186606,4.3,4.397904,4.5,4.4815755
4.3,4.315155,4.5,4.377237,4.4,4.27477
4.5,4.4164696,4.4,4.2741885,4.1,4.112978
4.4,4.2995577,4.1,4.107872,4.0,3.9689617
4.1,4.165901,4.0,4.0201464,3.8999999,3.928991
4.0,3.9570386,3.8999999,3.9131258,3.8999999,3.8897238
3.8999999,3.9183736,3.8999999,3.8911715,3.8999999,3.8830662
3.8999999,3.8824012,3.8999999,3.848621,3.8,3.8334796
3.8999999,3.877604,3.8,3.8457463,3.8,3.831865
3.8,3.8800757,3.8,3.8533642,3.8,3.8441746
3.8,3.8212094,3.8,3.8010986,3.8,3.822885
3.8,3.8279777,3.8,3.8264606,3.8,3.8970215
3.8,3.8248525,3.8,3.8297317,4.1,3.8642485
3.8,3.8984013,4.1,3.886884,3.8999999,3.8657086
4.1,3.878022,3.8999999,3.8482232,3.8,3.818338
3.8999999,3.9528017,3.8,3.901364,3.8,3.868488
3.8,3.8505592,3.8,3.8173022,3.8,3.8038774
3.8,3.8269765,3.8,3.803226,3.8,3.7926347
3.8,3.8064215,3.8,3.7908623,3.8,3.7833133
3.8,3.8028655,3.8,3.7888882,3.8,3.782058
3.8,3.8142607,3.8,3.7986627,3.7,3.7915
3.8,3.7897618,3.7,3.777407,3.7,3.7727945
3.7,3.7840104,3.7,3.7845423,3.7,3.8019476
3.7,3.7203445,3.7,3.7799487,4.1,4.027073
3.7,3.7381146,4.1,3.9293122,4.3,4.1259313
4.1,4.0312047,4.3,4.204374,4.3,4.2669654
4.3,4.2774525,4.3,4.261159,4.1,4.109434
4.3,4.2779613,4.1,4.107383,4.0,3.962675
4.1,4.1217933,4.0,3.983263,3.8999999,3.9025881
4.0,3.9814854,3.8999999,3.9320283,3.8,3.9035969
3.8999999,3.917889,3.8,3.8936696,3.8,3.8856514
3.8,3.8689675,3.8,3.8398955,3.8,3.82783
3.8,3.8206234,3.8,3.790639,3.8,3.7766256
3.8,3.817693,3.8,3.7862241,3.8,3.7714512
3.8,3.8064234,3.8,3.7829742,3.8,3.773486
3.8,3.809198,3.8,3.792905,3.7,3.8057241
3.8,3.8051577,3.7,3.7942474,3.6,3.8022585
3.7,3.8392754,3.6,3.820077,3.7,3.8218808
3.6,3.8004668,3.7,3.7935073,3.7,3.793527
3.7,3.737331,3.7,3.719736,3.7,3.720217
3.7,3.7602267,3.7,3.743573,3.7,3.7360044
3.7,3.7556217,3.7,3.7340028,3.6,3.7240405
3.7,3.7540348,3.6,3.7374063,3.7,3.7293053
3.6,3.7400599,3.7,3.7264304,3.7,3.7220082
3.7,3.6747987,3.7,3.6578934,3.7,3.6589909
3.7,3.7077577,3.7,3.6954942,3.7,3.696759
3.7,3.7086413,3.7,3.7023814,3.7,3.7067597
3.7,3.7294095,3.7,3.7323177,3.7,3.7429929
3.7,3.687032,3.7,3.7330203,3.8999999,3.8826714
3.7,3.6760623,3.8999999,3.7974062,4.1,3.9371097
3.8999999,3.881526,4.1,3.9542422,4.1,3.9331226
4.1,3.9633703,4.1,3.9054205,3.8999999,3.8223517
4.1,4.032766,3.8999999,3.9033422,3.8,3.805614
3.8999999,3.9081438,3.8,3.8634427,3.7,3.8354595
3.8,3.8314953,3.7,3.8017015,3.7,3.7877
3.7,3.8004086,3.7,3.7818885,3.7,3.7724853
3.7,3.7501214,3.7,3.7358413,3.7,3.7304323
3.7,3.7370415,3.7,3.7167747,3.7,3.7105372
3.7,3.7323918,3.7,3.7072928,3.7,3.6998792
3.7,3.728581,3.7,3.7073703,3.7,3.70375
3.7,3.6967156,3.7,3.6837792,3.7,3.6892571
3.7,3.72605,3.7,3.724787,3.6,3.7328842
3.7,3.75129,3.6,3.749709,3.5,3.7541955
3.6,3.7547367,3.5,3.7441769,3.6,3.7409825
3.5,3.6826694,3.6,3.6636722,3.6,3.663388
3.6,3.5923014,3.6,3.577885,3.6,3.5753765
3.6,3.6617842,3.6,3.640693,3.6,3.6393359
3.6,3.6638212,3.6,3.6443088,3.6,3.643844
3.6,3.6518798,3.6,3.6352727,3.6,3.6335084
3.6,3.6374557,3.6,3.6210666,3.6,3.6185482
3.6,3.6340451,3.6,3.6189938,3.5,3.617609
3.6,3.6328692,3.5,3.6209505,3.7,3.6227078
3.5,3.6450624,3.7,3.6452408,3.7,3.6666355
3.7,3.5519342,3.7,3.5878425,3.6,3.6742618
3.7,3.686625,3.6,3.76726,3.7,3.8485608
3.6,3.8643584,3.7,3.881269,3.7,3.8301773
3.7,3.7563734,3.7,3.7354574,3.7,3.7241383
3.7,3.78215,3.7,3.7272325,3.7,3.7012205
3.7,3.7435293,3.7,3.6971989,3.7,3.6790302
3.7,3.6791477,3.7,3.6517885,3.6,3.6474285
3.7,3.6695304,3.6,3.6498442,3.7,3.6511064
3.6,3.6664166,3.7,3.6464045,3.7,3.6475646
3.7,3.6182995,3.7,3.5986807,3.7,3.6022909
3.7,3.6510458,3.7,3.6298528,3.6,3.6307132
3.7,3.657525,3.6,3.6370783,3.7,3.6384828
3.6,3.643496,3.7,3.6234913,3.7,3.626063
3.7,3.6151495,3.7,3.6006615,3.6,3.6109614
3.7,3.6670828,3.6,3.6508284,3.6,3.6564288
3.6,3.70577,3.6,3.6806142,3.6,3.6783416
3.6,3.67246,3.6,3.650682,3.6,3.6517982
3.6,3.6453469,3.6,3.6246438,3.6,3.624616
3.6,3.6438365,3.6,3.6236494,3.6,3.6234152
3.6,3.643869,3.6,3.6248264,3.6,3.6246474
3.6,3.633773,3.6,3.6177278,3.6,3.6161723
3.6,3.625994,3.6,3.6103776,3.6,3.6079483
3.6,3.6368637,3.6,3.621796,3.6,3.6230292
3.6,3.6173484,3.6,3.6044269,3.6,3.6064892
3.6,3.678498,3.6,3.6695302,3.6,3.680469
3.6,3.6725976,3.6,3.6635287,3.6,3.6746335
3.6,3.647228,3.6,3.6699982,3.6,3.7162373
3.6,3.7275672,3.6,3.719007,3.7,3.7179973
3.6,3.7270458,3.7,3.6947637,3.6,3.6853368
3.7,3.6995373,3.6,3.668255,3.6,3.660136
3.6,3.6934068,3.6,3.6646955,3.6,3.6589422
3.6,3.6204696,3.6,3.5999115,3.6,3.601746
3.6,3.5948129,3.6,3.5741272,3.6,3.5751975
3.6,3.6027188,3.6,3.582813,3.5,3.5848398
3.6,3.5997667,3.5,3.5790596,3.7,3.5806706
3.5,3.5986657,3.7,3.5758574,3.6,3.5748615
3.7,3.5836926,3.6,3.5634904,3.7,3.5672963
3.6,3.6156151,3.7,3.594074,3.6,3.5927465
3.7,3.6073222,3.6,3.587524,3.6,3.589107
3.6,3.6725547,3.6,3.6562035,3.6,3.6603
3.6,3.6497056,3.6,3.6300242,3.6,3.6307733
3.6,3.658979,3.6,3.6406803,3.6,3.6430607
3.6,3.649885,3.6,3.6304028,3.7,3.6307917
3.6,3.6498039,3.7,3.6311684,3.6,3.6323152
3.7,3.6282098,3.6,3.610332,3.6,3.6105597
3.6,3.6880057,3.6,3.67243,3.6,3.676194
3.6,3.6630602,3.6,3.6483185,3.6,3.6521502
3.6,3.6275375,3.6,3.6150796,3.6,3.6169157
3.6,3.657139,3.6,3.6433856,3.6,3.6491451
3.6,3.631798,3.6,3.6197991,3.6,3.6267507
3.6,3.6718087,3.6,3.662019,3.6,3.672925
3.6,3.6572313,3.6,3.6679678,3.6,3.7016225
3.6,3.670962,3.6,3.6795747,3.6,3.706994
3.6,3.726862,3.6,3.7015374,3.7,3.6961052
3.6,3.695683,3.7,3.6658943,3.7,3.6588624
3.7,3.6746004,3.7,3.6421163,3.6,3.6341665
3.7,3.6653693,3.6,3.6381817,3.6,3.6343849
3.6,3.65648,3.6,3.636425,3.6,3.637941
3.6,3.5994294,3.6,3.5791695,3.6,3.5821137
3.6,3.598775,3.6,3.578463,3.6,3.5814855
3.6,3.6104693,3.6,3.5902386,3.6,3.5931625
3.6,3.5989914,3.6,3.5775254,3.6,3.5784097
3.6,3.5763152,3.6,3.553349,3.7,3.5524554
3.6,3.6037266,3.7,3.5863214,3.7,3.5918343
3.7,3.6074588,3.7,3.5908818,3.6,3.596176
3.7,3.6830263,3.6,3.6690176,3.7,3.6748118
3.6,3.7304153,3.7,3.7039104,3.6,3.6991317
3.7,3.6812544,3.6,3.658177,3.6,3.6572866
3.6,3.7083929,3.6,3.6811543,3.6,3.6762953
3.6,3.6497467,3.6,3.6310937,3.6,3.6337986
3.6,3.6246135,3.6,3.6069858,3.6,3.6098804
3.6,3.618594,3.6,3.600855,3.6,3.6025543
3.6,3.6210728,3.6,3.6043277,3.4,3.6065876
3.6,3.61388,3.4,3.5963633,3.6,3.598187
3.4,3.630177,3.6,3.6165764,3.6,3.6230724
3.6,3.5414386,3.6,3.52982,3.6,3.535624
3.6,3.6166332,3.6,3.6063373,3.6,3.6182995
3.6,3.6124163,3.6,3.6005437,3.6,3.6110113
3.6,3.633655,3.6,3.6174245,3.5,3.6235778
3.6,3.5951862,3.5,3.5726352,3.6,3.5712512
3.5,3.5579114,3.6,3.5454013,3.6,3.5431187
3.6,3.5096006,3.6,3.506818,3.6,3.5130165
3.6,3.5803344,3.6,3.566198,3.6,3.563115
3.6,3.582933,3.6,3.5686324,3.7,3.565504
3.6,3.5892656,3.7,3.5745723,3.6,3.5714521
3.7,3.6290934,3.6,3.6129231,3.5,3.610353
3.6,3.6751308,3.5,3.6590896,3.5,3.6572053
3.5,3.6551604,3.5,3.6379426,3.5,3.6354887
3.5,3.5679092,3.5,3.5545573,3.5,3.5513468
3.5,3.548335,3.5,3.536462,3.4,3.5335388
3.5,3.5634725,3.4,3.5509303,3.7,3.5478911
3.4,3.5837047,3.7,3.5699434,3.7,3.5669537
3.7,3.531889,3.7,3.5236232,3.8,3.523058
3.7,3.7260087,3.8,3.7077346,3.8,3.7015772
3.8,3.7225142,3.8,3.7039227,3.8,3.6982079
3.8,3.7618322,3.8,3.7480311,3.7,3.7444243
3.8,3.760714,3.7,3.7449977,3.8,3.7404785
3.7,3.7669358,3.8,3.7496865,3.8,3.7437901
3.8,3.725801,3.8,3.712818,3.8,3.711062
3.8,3.781451,3.8,3.7689219,3.8,3.7657058
3.8,3.775788,3.8,3.7651603,3.8,3.764266
3.8,3.7865798,3.8,3.7836843,3.8,3.7872279
3.8,3.7784777,3.8,3.7728136,3.8,3.774635
3.8,3.8103073,3.8,3.8006678,3.8999999,3.799702
3.8,3.8371365,3.8999999,3.8138418,3.8,3.8039162
3.8999999,3.806103,3.8,3.792094,3.8,3.7849715
3.8,3.8321953,3.8,3.8155305,3.8,3.8082862
3.8,3.8067727,3.8,3.794579,3.8,3.7886093
3.8,3.8014402,3.8,3.7889118,3.7,3.783008
3.8,3.8031743,3.7,3.7917995,3.8,3.786698
3.7,3.8038404,3.8,3.7920601,3.8,3.7865798
3.8,3.772553,3.8,3.7594364,3.8,3.7548137
3.8,3.7958097,3.8,3.7868552,3.8,3.7842493
3.8,3.7998278,3.8,3.7934992,3.8,3.792952
3.8,3.817522,3.8,3.8097305,3.8,3.808355
3.8,3.812881,3.8,3.8046923,3.8,3.802701
3.8,3.827117,3.8,3.814827,3.8,3.8094594
3.8,3.8245668,3.8,3.812029,3.8,3.8060467
3.8,3.8182757,3.8,3.8065894,3.8,3.8009102
3.8,3.8222673,3.8,3.810219,3.5,3.8044178
3.8,3.816525,3.5,3.8045907,3.8,3.7987556
3.5,3.806384,3.8,3.7947946,3.8,3.7890656
3.8,3.7164571,3.8,3.7157314,3.8,3.720532
3.8,3.7944481,3.8,3.7853894,3.7,3.7825985
3.8,3.7995758,3.7,3.7912595,3.7,3.7888234
3.7,3.8091228,3.7,3.801568,3.7,3.8001673
3.7,3.7874575,3.7,3.7849963,3.7,3.7882884
3.7,3.7696536,3.7,3.7673368,3.8,3.771196
3.7,3.777944,3.8,3.7704422,3.7,3.7695172
3.8,3.7973042,3.7,3.788023,3.8,3.7847583
3.7,3.8042166,3.8,3.7912488,3.8,3.784561
3.8,3.7914689,3.8,3.7760725,3.8,3.7680805
3.8,3.800622,3.8,3.7864091,3.8999999,3.7789946
3.8,3.7945316,3.8999999,3.780688,3.8999999,3.7740297
3.8999999,3.8061256,3.8999999,3.7942173,3.8,3.7883537
3.8999999,3.8269792,3.8,3.8138506,3.8,3.8080387
3.8,3.837341,3.8,3.823935,3.7,3.818406
3.8,3.8179522,3.7,3.8069334,3.8,3.8027754
3.7,3.835119,3.8,3.8250566,3.8,3.822407
3.8,3.7765973,3.8,3.7757938,3.8,3.7807617
3.8,3.8214078,3.8,3.8141794,3.8,3.8136444
3.8,3.8560028,3.8,3.8395233,3.8,3.8326323
3.8,3.8281252,3.8,3.8158848,3.8,3.8102784
3.8,3.8409808,3.8,3.8275495,3.8,3.8216937
3.8,3.8504376,3.8,3.8353245,3.8,3.8288226
3.8,3.8256822,3.8,3.8131375,3.8,3.8071702
3.8,3.8130178,3.8,3.80137,3.8,3.79576
3.8,3.813561,3.8,3.8017025,3.8,3.7961574
3.8,3.8145413,3.8,3.8027086,3.8,3.7973564
3.8,3.8183053,3.8,3.8069487,3.8,3.802284
3.8,3.8266017,3.8,3.8169827,3.8,3.8142629
3.8,3.8193781,3.8,3.8110566,3.8,3.8093133
3.8,3.8162403,3.8,3.808059,3.8,3.8062363
3.8,3.8402889,3.8,3.8261209,3.8,3.819697
3.8,3.8703837,3.8,3.85105,3.8,3.8432066
3.8,3.8304827,3.8,3.8178551,3.8,3.8118906
3.8,3.825666,3.8,3.8132665,3.8,3.8072546
3.8,3.8144336,3.8,3.802714,3.8,3.7968707
3.8,3.812119,3.8,3.800474,3.8,3.7947977
3.8,3.813285,3.8,3.8015554,3.8,3.7960012
3.8,3.8267877,3.8,3.8143945,3.8,3.808906
3.8,3.8218095,3.8,3.8105295,3.8,3.8060162
3.8,3.8344195,3.8,3.8240635,3.8,3.8209913
3.8,3.8328137,3.8,3.824148,3.8,3.8227146
3.8,3.8281298,3.8,3.821503,3.7,3.8219092
3.8,3.8317833,3.7,3.8225815,3.8,3.820637
3.7,3.8676777,3.8,3.850726,3.8999999,3.8446198
3.8,3.8081207,3.8999999,3.7982428,3.8,3.7933378
3.8999999,3.853458,3.8,3.8385239,3.8999999,3.8324418
3.8,3.8828592,3.8999999,3.8672063,3.8,3.8596034
3.8999999,3.8278449,3.8,3.8153272,3.8,3.8095977
3.8,3.86473,3.8,3.8479083,3.8,3.8414845
3.8,3.8142598,3.8,3.8023643,3.8,3.7970512
3.8,3.8170285,3.8,3.8052976,3.8,3.8003285
3.8,3.8151157,3.8,3.8054645,3.8,3.8024995
3.8,3.8464668,3.8,3.831092,3.8,3.8270252
3.8,3.812799,3.8,3.8074648,3.8,3.8082523
3.8,3.818851,3.8,3.8107483,3.8999999,3.8091574
3.8,3.859984,3.8999999,3.8397026,3.8,3.8320794
3.8999999,3.8263674,3.8,3.8145187,3.7,3.8090892
3.8,3.886532,3.7,3.8679643,3.8999999,3.860315
3.7,3.8340442,3.8999999,3.8213134,3.8,3.8155067
3.8999999,3.8035026,3.8,3.7936199,3.8,3.7894244
3.8,3.829699,3.8,3.8171675,3.8999999,3.8117926
3.8,3.8081138,3.8999999,3.7966774,3.8,3.7914824
3.8999999,3.8194354,3.8,3.807646,3.8,3.802692
3.8,3.8854618,3.8,3.8686368,3.8999999,3.8631976
3.8,3.8556848,3.8999999,3.8523748,3.8999999,3.8929515
3.8999999,3.8213737,3.8999999,3.844355,3.8999999,3.9416213
3.8999999,3.9025848,3.8999999,3.923532,3.8999999,3.9454389
3.8999999,3.9456093,3.8999999,3.922378,3.8999999,3.9007158
3.8999999,3.8928132,3.8999999,3.87329,3.8999999,3.8667
3.8999999,3.9052625,3.8999999,3.8847458,3.8999999,3.8793106
3.8999999,3.915245,3.8999999,3.8920534,3.8999999,3.8886082
3.8999999,3.9104886,3.8999999,3.887804,3.8999999,3.8839815
3.8999999,3.8935735,3.8999999,3.875309,3.8999999,3.8680544
3.8999999,3.8996432,3.8999999,3.8799403,3.8999999,3.8739433
3.8999999,3.9003224,3.8999999,3.8797543,3.8999999,3.8737485
3.8999999,3.89858,3.8999999,3.8788595,3.8999999,3.8729725
3.8999999,3.8955548,3.8999999,3.8772295,3.8999999,3.8715007
3.8999999,3.9004579,3.8999999,3.884546,3.8999999,3.8791912
3.8999999,3.8857596,3.8999999,3.8652563,3.8999999,3.8584373
3.8999999,3.8944864,3.8999999,3.8733382,3.8999999,3.8653977
3.8999999,3.9299428,3.8999999,3.9087453,3.8999999,3.9045193
3.8999999,3.9109018,3.8999999,3.890105,3.8999999,3.8842764
3.8999999,3.9250185,3.8999999,3.9021573,3.8999999,3.898386
3.8999999,3.9144757,3.8999999,3.891223,3.8999999,3.8888
3.8999999,3.909201,3.8999999,3.88736,3.8999999,3.8839746
3.8999999,3.8866296,3.8999999,3.8703406,3.8999999,3.8631952
3.8999999,3.9067297,3.8999999,3.8857293,3.8999999,3.8822868
3.8999999,3.9136322,3.8999999,3.8923192,3.8999999,3.889884
3.8999999,3.9135194,3.8999999,3.8987684,3.8999999,3.903957
3.8999999,3.900307,3.8999999,3.9073582,3.8999999,3.9721742
3.8999999,3.912125,3.8999999,3.9976835,4.0,4.106334
3.8999999,4.0317173,4.0,4.060383,4.0,4.0251536
4.0,4.004764,4.0,3.982882,4.0,3.958173
4.0,3.9669302,4.0,3.9419518,4.0,3.9353757
4.0,3.9775357,4.0,3.9541085,4.0,3.9463632
4.0,3.9773138,4.0,3.956073,3.8999999,3.9490182
4.0,3.9546201,3.8999999,3.9330144,3.8999999,3.925947
3.8999999,3.959197,3.8999999,3.9379609,3.7,3.9295027
3.8999999,3.9141393,3.7,3.8918056,3.8999999,3.8888702
3.7,3.9137812,3.8999999,3.8911266,3.8999999,3.8883762
3.8999999,3.8445606,3.8999999,3.8239398,3.8999999,3.8286598
3.8999999,3.8704824,3.8999999,3.8511882,3.8999999,3.8644197
3.8999999,3.8824866,3.8999999,3.8702693,3.8999999,3.875893
3.8999999,3.903933,3.8999999,3.8867831,3.8999999,3.8806326
3.8999999,3.9181893,3.8999999,3.896148,3.8999999,3.887847
3.8999999,3.895342,3.8999999,3.876754,3.8999999,3.8688085
3.8999999,3.9148743,3.8999999,3.8937204,3.8999999,3.8878582
3.8999999,3.9163659,3.8999999,3.8935192,3.8999999,3.8895226
3.8999999,3.8928337,3.8999999,3.873945,3.8,3.8668594
3.8999999,3.882488,3.8,3.8644395,3.8999999,3.8573613
3.8,3.8712316,3.8999999,3.8526528,3.8999999,3.8460987
3.8999999,3.8303597,3.8999999,3.8181603,3.8999999,3.8132489
3.8999999,3.9156013,3.8999999,3.89558,3.8999999,3.891493
3.8999999,3.8952715,3.8999999,3.9021509,3.8999999,3.9772713
3.8999999,3.903596,3.8999999,3.9686165,4.0,4.119539
3.8999999,4.0779347,4.0,4.210217,4.0,4.257871
4.0,4.0659237,4.0,4.084081,4.0,4.030798
4.0,4.021789,4.0,3.9905684,4.0,3.9689846
4.0,3.97612,4.0,3.94891,4.0,3.9408307
4.0,3.9796562,4.0,3.957176,4.0,3.949439
4.0,3.9687212,4.0,3.947203,4.0,3.939257
4.0,3.9544716,4.0,3.9334922,3.8999999,3.9256308
4.0,3.9566953,3.8999999,3.9357069,3.8999999,3.9269934
3.8999999,3.952658,3.8999999,3.930878,3.8999999,3.9222686
3.8999999,3.9140112,3.8999999,3.8920407,3.8999999,3.8876264
3.8999999,3.8952544,3.8999999,3.877201,3.8999999,3.877203
3.8999999,3.872685,3.8999999,3.8646786,3.8999999,3.8865972
3.8999999,3.88675,3.8999999,3.8769822,4.0,3.881013
3.8999999,3.9099216,4.0,3.8889916,3.6,3.8787365
4.0,3.9558063,3.6,3.9223585,3.8999999,3.908816
3.6,3.9371727,3.8999999,3.917229,4.0,3.9164772
3.8999999,3.8131742,4.0,3.802566,3.8999999,3.7980058
4.0,3.9067867,3.8999999,3.8863509,3.8999999,3.8813024
3.8999999,3.9233167,3.8999999,3.9014616,3.8999999,3.8970509
3.8999999,3.9086812,3.8999999,3.8865895,3.8999999,3.882766
3.8999999,3.9132767,3.8999999,3.8898892,3.8999999,3.8869774
3.8999999,3.8923867,3.8999999,3.8728602,4.0,3.866309
3.8999999,3.8901234,4.0,3.883539,3.8999999,3.920447
4.0,3.8893707,3.8999999,3.9240952,4.2,4.1094203
3.8999999,4.0517745,4.2,4.1968765,4.4,4.322967
4.2,4.1206784,4.4,4.2232428,4.2,4.1820326
4.4,4.2605004,4.2,4.1748586,4.1,4.0531006
4.2,4.2104635,4.1,4.1274796,4.1,4.0687885
4.1,4.088009,4.1,4.0566893,4.1,4.042715
4.1,4.0525928,4.1,4.029405,4.0,4.0198236
4.1,4.037735,4.0,4.0176096,4.0,4.008901
4.0,4.040656,4.0,4.0199842,4.0,4.0121036
4.0,3.990285,4.0,3.972456,4.0,3.9672747
4.0,3.9854496,4.0,3.968851,4.0,3.9645028
4.0,3.9942281,4.0,3.9812639,4.0,3.978056
4.0,4.0062227,4.0,3.991065,4.0,3.9844253
4.0,4.0076904,4.0,3.9990134,3.8,3.9936073
4.0,4.009414,3.8,3.9948828,3.8,3.9874039
3.8,3.9757383,3.8,3.9554296,4.0,3.950078
3.8,3.8960636,4.0,3.8807135,4.0,3.8716376
4.0,3.9067993,4.0,3.8901644,4.0,3.8824286
4.0,3.9864137,4.0,3.9712887,4.0,3.9672704
4.0,3.9721913,4.0,3.9531264,3.8999999,3.9472337
4.0,3.9442909,3.8999999,3.9218261,4.0,3.9152327
3.8999999,3.9384196,4.0,3.9163756,3.8999999,3.9104443
4.0,3.9238627,3.8999999,3.9024858,3.8999999,3.8978312
3.8999999,3.9596727,3.8999999,3.9377348,3.8999999,3.9325511
3.8999999,3.936269,3.8999999,3.9302762,4.0,3.9493098
3.8999999,3.9089346,4.0,3.9366684,4.2,4.0655937
4.0,4.0480404,4.2,4.170169,4.3,4.247361
4.2,4.1275153,4.3,4.135825,4.2,4.0845146
4.3,4.2231603,4.2,4.138821,4.1,4.0772414
4.2,4.127959,4.1,4.086391,4.1,4.0633802
4.1,4.088627,4.1,4.0632815,4.1,4.0570116
4.1,4.0622087,4.1,4.0392733,4.0,4.033108
4.1,4.0510244,4.0,4.0295444,3.8999999,4.02215
4.0,4.0519576,3.8999999,4.0313935,4.0,4.023914
3.8999999,3.9926069,4.0,3.9765086,4.0,3.9724662
4.0,3.9670854,4.0,3.9475245,4.0,3.9418368
4.0,3.9849362,4.0,3.969244,4.0,3.9648945
4.0,4.0275784,4.0,4.016949,4.0,4.01238
4.0,4.0022063,4.0,3.989193,3.7,3.9837675
4.0,4.009703,3.7,3.9950047,3.8999999,3.988579
3.7,3.9671276,3.8999999,3.945326,3.8,3.9405258
3.8999999,3.8921702,3.8,3.8764105,3.8999999,3.8683815
3.8,3.9352467,3.8999999,3.9131942,3.8999999,3.9080877
3.8999999,3.8978758,3.8999999,3.8797002,3.8999999,3.8741732
3.8999999,3.9176686,3.8999999,3.8952107,3.8999999,3.8923652
3.8999999,3.910939,3.8999999,3.8888242,3.8999999,3.8858058
3.8999999,3.9127843,3.8999999,3.8901649,3.8999999,3.887612
3.8999999,3.914526,3.8999999,3.8927755,3.8999999,3.889963
3.8999999,3.9203937,3.8999999,3.9006383,3.8999999,3.8979194
3.8999999,3.9059021,3.8999999,3.9117553,4.0,3.9786057
3.8999999,3.908774,4.0,3.9792106,4.2,4.0909376
4.0,4.0016885,4.2,4.0646577,4.1,4.0545163
4.2,4.082894,4.1,4.0441847,4.0,3.9974322
4.1,4.047387,4.0,4.014884,4.0,3.9986918
4.0,4.034839,4.0,4.0076466,4.0,3.9947295
4.0,3.9919262,4.0,3.9711394,4.0,3.9637423
4.0,3.979651,4.0,3.9597049,3.7,3.9527185
4.0,3.9687278,3.7,3.9491687,3.8999999,3.9418018
3.7,3.9810622,3.8999999,3.962558,4.0,3.9559414
3.8999999,3.8429215,4.0,3.8244562,3.8999999,3.8169363
4.0,3.919767,3.8999999,3.8983452,4.0,3.8936176
3.8999999,3.9507942,4.0,3.9287395,3.8999999,3.9216573
4.0,3.9269705,3.8999999,3.9069846,4.0,3.9045331
3.8999999,3.943472,4.0,3.9217618,4.0,3.9166093
4.0,3.9266047,4.0,3.9039433,4.0,3.8973577
4.0,3.9367933,4.0,3.9154732,4.0,3.91222
4.0,3.9389386,4.0,3.917303,3.8999999,3.9138575
4.0,3.9377544,3.8999999,3.915565,3.8999999,3.9105408
3.8999999,3.936435,3.8999999,3.9141617,3.8999999,3.909165
3.8999999,3.9126976,3.8999999,3.890209,3.8999999,3.8876357
3.8999999,3.9137554,3.8999999,3.8913143,3.8999999,3.8892977
3.8999999,3.915128,3.8999999,3.893495,3.8,3.8910115
3.8999999,3.9148874,3.8,3.8939617,3.8999999,3.8909388
3.8,3.9230201,3.8999999,3.903506,3.8999999,3.9016464
3.8999999,3.877416,3.8999999,3.8781426,3.8999999,3.9082065
3.8999999,3.9072082,3.8999999,3.9389203,4.1,3.9728036
3.8999999,3.955164,4.1,3.9542956,4.0,3.9454825
4.1,4.0089545,4.0,3.9783,4.0,3.9624646
4.0,4.0170946,4.0,3.9830196,4.0,3.965752
4.0,3.983167,4.0,3.9607458,4.0,3.952728
4.0,3.9674191,4.0,3.9452286,3.8999999,3.9373918
4.0,3.9385703,3.8999999,3.9167066,3.8999999,3.9114273
3.8999999,3.95684,3.8999999,3.9353142,3.8999999,3.9271777
3.8999999,3.9136171,3.8999999,3.8908389,3.8999999,3.8881147
3.8999999,3.9110372,3.8999999,3.8886123,3.8999999,3.8855407
3.8999999,3.9124691,3.8999999,3.891211,3.8999999,3.8873231
3.8999999,3.9026656,3.8999999,3.8833408,4.0,3.877394
3.8999999,3.911552,4.0,3.8919518,3.8999999,3.8853865
4.0,3.9113054,3.8999999,3.8900218,3.8999999,3.8839636
3.8999999,3.9639778,3.8999999,3.9420848,3.8999999,3.938075
3.8999999,3.9071362,3.8999999,3.8860605,3.8999999,3.8805442
3.8999999,3.9279044,3.8999999,3.9054742,3.8999999,3.90129
3.8999999,3.921923,3.8999999,3.8991246,3.8999999,3.896094
3.8999999,3.91715,3.8999999,3.8941505,3.8999999,3.8917227
3.8999999,3.9022183,3.8999999,3.882245,3.8999999,3.8777163
3.8999999,3.9058976,3.8999999,3.885016,3.8,3.881369
3.8999999,3.9025612,3.8,3.8827329,3.8,3.8787487
3.8,3.9124477,3.8,3.8911588,3.8999999,3.8892002
3.8,3.9116163,3.8999999,3.8926125,3.8999999,3.8880076
3.8999999,3.8835747,3.8999999,3.8655238,3.8999999,3.8645864
3.8999999,3.9242318,3.8999999,3.9151828,3.8999999,3.9288957
3.8999999,3.931265,3.8999999,3.9114883,3.8999999,3.9100752
3.8999999,3.9246202,3.8999999,3.902369,3.8999999,3.8973212
3.8999999,3.9243436,3.8999999,3.9018815,3.8999999,3.8979497
3.8999999,3.9261546,3.8999999,3.9036398,3.8999999,3.8998702
3.8999999,3.9159052,3.8999999,3.8931332,3.8999999,3.8899941
3.8999999,3.9095438,3.8999999,3.8873556,3.8999999,3.883755
3.8999999,3.9089112,3.8999999,3.886738,3.8999999,3.8828473
3.8999999,3.902371,3.8999999,3.8814003,3.8999999,3.875739
3.8999999,3.8934255,3.8999999,3.8736894,3.8,3.8663087
3.8999999,3.8925364,3.8,3.8727167,3.8999999,3.8659003
3.8,3.8851001,3.8999999,3.8643038,3.8999999,3.8577332
3.8999999,3.837904,3.8999999,3.8228528,3.8999999,3.8177154
3.8999999,3.8921595,3.8999999,3.8718162,3.8999999,3.8631697
3.8999999,3.8975794,3.8999999,3.877858,3.8999999,3.868523
3.8999999,3.8942173,3.8999999,3.873776,3.8999999,3.8668005
3.8999999,3.9040165,3.8999999,3.883386,3.8999999,3.8778093
3.8999999,3.9087908,3.8999999,3.8866458,3.8999999,3.8827782
3.8999999,3.9145963,3.8999999,3.891258,3.8999999,3.8886006
3.8999999,3.901212,3.8999999,3.8813276,3.8,3.8763099
3.8999999,3.9088905,3.8,3.8871279,3.7,3.883547
3.8,3.910004,3.7,3.8881938,3.8999999,3.8849995
3.7,3.8454895,3.8999999,3.831156,3.8,3.8259203
3.8999999,3.8179538,3.8,3.811567,3.8999999,3.8136232
3.8,3.8901572,3.8999999,3.8705196,3.8999999,3.8651183
3.8999999,3.8760593,3.8999999,3.8590004,3.8999999,3.8538136
3.8999999,3.9209437,3.8999999,3.9001722,3.8999999,3.8940947
3.8999999,3.910631,3.8999999,3.8898785,3.8999999,3.8830879
3.8999999,3.9155507,3.8999999,3.8938909,3.8999999,3.8886225
3.8999999,3.9129047,3.8999999,3.8902776,3.8999999,3.8863504
3.8999999,3.8999186,3.8999999,3.8794959,3.8999999,3.8730662
3.8999999,3.8804874,3.8999999,3.8604343,3.8999999,3.8531044
3.8999999,3.8765795,3.8999999,3.8556356,3.8999999,3.8479908
3.8999999,3.879179,3.8999999,3.8582792,3.8999999,3.8505263
3.8999999,3.897391,3.8999999,3.8772755,3.8999999,3.8704345
3.8999999,3.881951,3.8999999,3.8617504,3.8999999,3.8543513
3.8999999,3.881537,3.8999999,3.8609834,3.8999999,3.8541758
3.8999999,3.8968623,3.8999999,3.8767114,3.8999999,3.8690622
3.8999999,3.8933606,3.8999999,3.8716114,3.8999999,3.8644476
3.8999999,3.915015,3.8999999,3.8907447,3.8999999,3.886432
3.8999999,3.9203897,3.8999999,3.8959713,3.8999999,3.8921714
3.8999999,3.9141562,3.8999999,3.8912249,3.8999999,3.8881106
3.8999999,3.917956,3.8999999,3.8945353,3.8999999,3.8923514
3.8999999,3.9164648,3.8999999,3.8933678,3.8999999,3.8911238
3.8999999,3.9062347,3.8999999,3.8852727,3.8,3.881726
3.8999999,3.899592,3.8,3.8803854,3.8,3.8759456
3.8,3.9043803,3.8,3.8843033,3.8,3.8808687
3.8,3.8698297,3.8,3.8541577,3.8,3.8485847
3.8,3.9107661,3.8,3.8894541,3.8,3.8871045
3.8,3.8905485,3.8,3.8715475,3.8999999,3.8662572
3.8,3.8555627,3.8999999,3.839272,3.8999999,3.8354647
3.8999999,3.8724418,3.8999999,3.8528829,3.8999999,3.8471925
3.8999999,3.9289489,3.8999999,3.9060853,3.8999999,3.9006205
3.8999999,3.9121304,3.8999999,3.8898807,3.8,3.8855085
3.8999999,3.9123564,3.8,3.8898432,3.8,3.8859706
3.8,3.9042377,3.8,3.8831794,3.8,3.8779998
3.8,3.830555,3.8,3.817882,3.7,3.8122427
3.8,3.813364,3.7,3.8014076,3.8,3.7959135
3.7,3.8084922,3.8,3.7966502,3.8,3.7911623
3.8,3.7884731,3.8,3.7754219,3.8,3.769969
3.8,3.80344,3.8,3.7924771,3.8,3.787639
3.8,3.8098662,3.8,3.799962,3.8999999,3.796371
3.8,3.8212457,3.8999999,3.8120446,3.8999999,3.809401
3.8999999,3.8204958,3.8999999,3.8120873,3.8999999,3.8102727
3.8999999,3.8763945,3.8999999,3.8535635,3.8999999,3.8450377
3.8999999,3.897897,3.8999999,3.8761275,3.8999999,3.868547
3.8999999,3.876284,3.8999999,3.8554168,3.8999999,3.847779
3.8999999,3.8804612,3.8999999,3.860273,3.8999999,3.8528564
3.8999999,3.8832064,3.8999999,3.8637714,3.8,3.8562517
3.8999999,3.885134,3.8,3.8666055,3.8,3.8591158
3.8,3.878603,3.8,3.8606517,3.8,3.8537772
3.8,3.8263514,3.8,3.8141887,3.8,3.8090696
3.8,3.8262935,3.8,3.8151982,3.8,3.8110962
3.8,3.838951,3.8,3.8266876,3.8,3.823152
3.8,3.8543177,3.8,3.836346,3.8999999,3.8317373
3.8,3.8426087,3.8999999,3.828002,3.8999999,3.825533
3.8999999,3.8510737,3.8999999,3.8332617,3.8999999,3.8288534
3.8999999,3.902231,3.8999999,3.8808887,3.8999999,3.8705816
3.8999999,3.8804238,3.8999999,3.8586965,3.8,3.8516986
3.8999999,3.8840082,3.8,3.8627298,3.8999999,3.8557415
3.8,3.8771164,3.8999999,3.8554258,3.8,3.8473573
3.8999999,3.816613,3.8,3.804312,3.8,3.7986646
3.8,3.8408265,3.8,3.824914,3.7,3.8182588
3.8,3.813459,3.7,3.8011386,3.8,3.795518
3.7,3.8031497,3.8,3.7914002,3.8,3.785969
3.8,3.7894468,3.8,3.777833,3.8999999,3.77365
3.8,3.8021462,3.8999999,3.793691,3.8999999,3.7918246
3.8999999,3.820419,3.8999999,3.8117423,3.8999999,3.8109496
3.8999999,3.8800771,3.8999999,3.8575323,3.8,3.8507311
3.8999999,3.8831034,3.8,3.8599396,3.7,3.852489
3.8,3.8775046,3.7,3.854722,3.8,3.8462925
3.7,3.8449411,3.8,3.8278656,3.8,3.8208284
3.8,3.7976985,3.8,3.7914715,3.8,3.790649
3.8,3.8253012,3.8,3.8137906,3.8,3.8089867
3.8,3.811097,3.8,3.8008566,3.8,3.7968194
3.8,3.8035107,3.8,3.794162,3.8,3.790801
3.8,3.8064938,3.8,3.7966812,3.8,3.7930758
3.8,3.8109417,3.8,3.8004642,3.8,3.7964215
3.8,3.8197153,3.8,3.8097575,3.8,3.8065908
3.8,3.835992,3.8,3.8226106,3.8,3.8190982
3.8,3.8171308,3.8,3.8097613,3.8,3.809559
3.8,3.8213937,3.8,3.8112302,3.8,3.8098965
3.8,3.8242364,3.8,3.8096812,3.8999999,3.8046257
3.8,3.8094354,3.8999999,3.7981403,3.8,3.7930007
3.8999999,3.8134136,3.8,3.8016486,3.8999999,3.7961388
3.8,3.8551295,3.8999999,3.8358958,3.8999999,3.8280628
3.8999999,3.8086693,3.8999999,3.7967405,3.8,3.7909849
3.8999999,3.82998,3.8,3.8168135,3.7,3.8109741
3.8,3.8516755,3.7,3.834686,3.8,3.8278146
3.7,3.8122163,3.8,3.8001807,3.8,3.7947829
3.8,3.795146,3.8,3.7841995,3.7,3.780038
3.8,3.8054783,3.7,3.7976286,3.8999999,3.7959983
3.7,3.8355033,3.8999999,3.8227358,3.8,3.8205326
3.8999999,3.7949164,3.8,3.8048935,4.0,3.8220277
3.8,3.8831332,4.0,3.8724668,3.8999999,3.874989
4.0,3.8865333,3.8999999,3.8655899,3.8999999,3.8552177
3.8999999,3.925474,3.8999999,3.9028833,3.8999999,3.897178
3.8999999,3.8994884,3.8999999,3.8795185,4.0,3.8728397
3.8999999,3.8916147,4.0,3.8709426,4.0,3.863968
4.0,3.8698266,4.0,3.8484035,3.8999999,3.8400013
4.0,3.9130125,3.8999999,3.8903086,3.8999999,3.886873
3.8999999,3.9170547,3.8999999,3.8957856,3.8999999,3.891231
3.8999999,3.8939908,3.8999999,3.8736694,3.8999999,3.8660598
3.8999999,3.8922029,3.8999999,3.8722184,3.8999999,3.865424
3.8999999,3.8941743,3.8999999,3.8753085,3.8999999,3.8692036
3.8999999,3.8940575,3.8999999,3.8756623,3.8999999,3.8678927
3.8999999,3.8986077,3.8999999,3.8815293,3.8999999,3.874702
3.8999999,3.8939517,3.8999999,3.874088,3.8999999,3.8655708
3.8999999,3.892574,3.8999999,3.8727472,3.8999999,3.8652208
3.8999999,3.9049022,3.8999999,3.885532,3.8999999,3.878837
3.8999999,3.922351,3.8999999,3.899757,3.8999999,3.8959181
3.8999999,3.9167523,3.8999999,3.8935773,3.8,3.8906384
3.8999999,3.8929937,3.8,3.8744516,3.8,3.8675494
3.8,3.8826947,3.8,3.8641477,3.8,3.857087
3.8,3.8337371,3.8,3.820424,3.8,3.815022
3.8,3.8422024,3.8,3.8273637,3.8,3.8216941
3.8,3.8322651,3.8,3.8201632,3.8,3.816746
3.8,3.8457644,3.8,3.8339198,3.7,3.856363
3.8,3.8305573,3.7,3.8608572,3.8999999,3.9094906
3.7,3.8966942,3.8999999,3.8917584,3.8999999,3.873835
3.8999999,3.8742292,3.8999999,3.8616288,3.8999999,3.8435946
3.8999999,3.8879771,3.8999999,3.8684876,3.8999999,3.8618846
3.8999999,3.8950648,3.8999999,3.875717,3.8999999,3.8690484
3.8999999,3.894352,3.8999999,3.8741658,3.8999999,3.866735
3.8999999,3.858727,3.8999999,3.839899,3.8999999,3.832354
3.8999999,3.85225,3.8999999,3.8346097,3.6,3.8275669
3.8999999,3.8793867,3.6,3.8587623,3.7,3.8508487
3.6,3.8707368,3.7,3.848707,3.8,3.8400857
3.7,3.7632427,3.8,3.750074,3.8,3.7463894
3.8,3.7756555,3.8,3.783055,3.8,3.803411
3.8,3.7852314,3.8,3.7855372,3.8999999,3.7914917
3.8,3.8181925,3.8999999,3.8111715,3.8,3.8120227
3.8999999,3.8451717,3.8,3.8259141,3.8999999,3.8182862
3.8,3.8476727,3.8999999,3.8297555,3.8,3.8222687
3.8999999,3.8352938,3.8,3.8217633,3.8,3.8157175
3.8,3.866199,3.8,3.8465366,3.8,3.8385334
3.8,3.8135116,3.8,3.8012612,3.8,3.79532
3.8,3.8046002,3.8,3.792618,3.8,3.786832
3.8,3.8103797,3.8,3.7981992,3.8,3.792475
3.8,3.8057404,3.8,3.794256,3.7,3.7890704
3.8,3.8099215,3.7,3.7989597,3.8,3.7944956
3.7,3.8244944,3.8,3.8149002,3.8999999,3.8138204
3.8,3.742628,3.8999999,3.7779255,3.8999999,3.8700204
3.8999999,3.82786,3.8999999,3.930692,3.8999999,4.0529447
3.8999999,4.004301,3.8999999,4.059787,3.8999999,4.0250707
3.8999999,3.970381,3.8999999,3.9423444,4.0,3.9114196
3.8999999,3.8918679,4.0,3.8719482,3.8999999,3.8653984
4.0,3.8923945,3.8999999,3.8723989,4.0,3.8654468
3.8999999,3.9238086,4.0,3.9007566,3.8999999,3.8961966
4.0,3.8810027,3.8999999,3.8612494,3.8999999,3.8537433
3.8999999,3.9140441,3.8999999,3.8912365,3.8999999,3.8877704
3.8999999,3.89018,3.8999999,3.8697753,3.8999999,3.861501
3.8999999,3.878355,3.8999999,3.8572342,3.8999999,3.8492546
3.8999999,3.891385,3.8999999,3.871735,3.8999999,3.8648927
3.8999999,3.8744228,3.8999999,3.8531275,3.8999999,3.845915
3.8999999,3.8825433,3.8999999,3.8611846,3.8999999,3.855482
3.8999999,3.8860781,3.8999999,3.8645003,3.8999999,3.8580894
3.8999999,3.921559,3.8999999,3.898389,3.8999999,3.8920157
3.8999999,3.898137,3.8999999,3.8789842,3.8999999,3.8720822
3.8999999,3.9261155,3.8999999,3.9036674,3.8999999,3.8995168
3.8999999,3.9210827,3.8999999,3.8980286,3.8999999,3.8951347
3.8999999,3.9157648,3.8999999,3.8923104,3.8999999,3.8901765
3.8999999,3.9027662,3.8999999,3.8824296,3.8999999,3.8780205
3.8999999,3.884838,3.8999999,3.8685262,3.8,3.8613315
3.8999999,3.8846054,3.8,3.8684855,3.8,3.8615026
3.8,3.9138088,3.8,3.892504,3.8,3.8902118
3.8,3.8734326,3.8,3.8531306,3.8,3.859822
3.8,3.847825,3.8,3.849629,3.8999999,3.8925598
3.8,3.8431182,3.8999999,3.9100177,3.8999999,3.9687355
3.8999999,3.9181125,3.8999999,3.928257,3.8999999,3.9054713
3.8999999,3.9132142,3.8999999,3.8938735,3.8999999,3.8872917
3.8999999,3.9262037,3.8999999,3.9039972,3.8,3.9009233
3.8999999,3.9277132,3.8,3.9052196,3.8999999,3.9022064
3.8,3.9163237,3.8999999,3.8935645,3.8,3.8905377
3.8999999,3.842309,3.8,3.8289557,3.8999999,3.8233197
3.8,3.8862453,3.8999999,3.8689663,3.8999999,3.8613367
3.8999999,3.8298829,3.8999999,3.8168092,3.8999999,3.8111594
3.8999999,3.859912,3.8999999,3.8402004,3.8999999,3.8326418
3.8999999,3.8816373,3.8999999,3.8618023,3.8,3.85454
3.8999999,3.8982937,3.8,3.8807127,3.8,3.873062
3.8,3.859885,3.8,3.840207,3.8999999,3.8334613
3.8,3.8422935,3.8999999,3.8262222,3.8999999,3.8210773
3.8999999,3.847225,3.8999999,3.8288932,3.7,3.8215554
3.8999999,3.8779309,3.7,3.857806,3.8999999,3.8507206
3.7,3.898053,3.8999999,3.8781965,3.8,3.871513
3.8999999,3.8177233,3.8,3.8064108,3.8999999,3.8010733
3.8,3.881872,3.8999999,3.86485,3.8999999,3.857793
3.8999999,3.8238184,3.8999999,3.8120637,3.8999999,3.8069339
3.8999999,3.868003,3.8999999,3.8517613,3.8,3.8462849
3.8999999,3.8982236,3.8,3.8790321,3.8,3.8740957
3.8,3.9124029,3.8,3.891637,3.8,3.8891575
3.8,3.8626614,3.8,3.8626802,3.8,3.9083116
3.8,3.8243456,3.8,3.845731,4.0,3.9618237
3.8,3.8763268,4.0,3.9612007,4.1,4.020576
4.0,3.938501,4.1,3.95991,4.0,3.9229488
4.1,4.03651,4.0,3.9905107,4.0,3.9662383
4.0,4.0030794,4.0,3.96965,3.8999999,3.9543495
4.0,3.957338,3.8999999,3.933486,3.8999999,3.9275856
3.8999999,3.940263,3.8999999,3.9180427,3.8999999,3.9134676
3.8999999,3.9109006,3.8999999,3.8886018,3.8999999,3.8854558
3.8999999,3.909566,3.8999999,3.8875434,3.8999999,3.883973
3.8999999,3.9114072,3.8999999,3.8887913,3.8999999,3.8856387
3.8999999,3.9009776,3.8999999,3.8801026,3.8999999,3.8743954
3.8999999,3.9058614,3.8999999,3.8862185,3.8,3.8819888
3.8999999,3.909801,3.8,3.8920112,3.8999999,3.8919811
3.8,3.8976974,3.8999999,3.880067,3.8999999,3.8722253
3.8999999,3.878663,3.8999999,3.8564432,3.8999999,3.849346
3.8999999,3.919109,3.8999999,3.8980079,3.8,3.8902717
3.8999999,3.900665,3.8,3.8818316,3.8999999,3.8744214
3.8,3.919597,3.8999999,3.8970084,3.8,3.8929083
3.8999999,3.856038,3.8,3.839794,3.8,3.8334007
3.8,3.881733,3.8,3.8648121,3.8,3.8580282
3.8,3.8294933,3.8,3.8174503,3.8,3.812394
3.8,3.822844,3.8,3.8110273,3.8,3.80605
3.8,3.8251677,3.8,3.8134565,3.8,3.8087878
3.8,3.8331087,3.8,3.821018,3.8,3.8183208
3.8,3.8253534,3.8,3.8264928,3.8,3.92659
3.8,3.8236272,3.8,3.951393,3.8999999,4.1102624
3.8,4.022528,3.8999999,4.1378016,3.8999999,4.1273594
3.8999999,3.951882,3.8999999,3.9683278,3.8999999,3.9256861
3.8999999,3.8973558,3.8999999,3.8794727,3.8999999,3.8713567
3.8999999,3.9026995,3.8999999,3.8834207,4.0,3.8761537
3.8999999,3.8898845,4.0,3.8686886,3.8999999,3.8614123
4.0,3.8761067,3.8999999,3.8534667,3.8999999,3.8445845
3.8999999,3.9137766,3.8999999,3.8911715,3.8999999,3.8870745
3.8999999,3.8765717,3.8999999,3.8539748,3.8999999,3.845582
3.8999999,3.8522623,3.8999999,3.8308718,3.8999999,3.822267
3.8999999,3.8612237,3.8999999,3.8391023,3.8,3.8306994
3.8999999,3.8783689,3.8,3.8561203,3.8999999,3.8495345
3.8,3.8673773,3.8999999,3.8450763,3.8999999,3.8378408
3.8999999,3.8382418,3.8999999,3.8222227,3.8,3.8190022
3.8999999,3.89227,3.8,3.8696175,3.8,3.8573227
3.8,3.8736742,3.8,3.851139,3.8999999,3.8426135
3.8,3.8477314,3.8999999,3.8301902,3.8,3.8236034
3.8999999,3.8513973,3.8,3.8334246,3.8,3.8263736
3.8,3.903294,3.8,3.8825972,3.8,3.877419
3.8,3.8282275,3.8,3.8160708,3.8,3.810875
3.8,3.816381,3.8,3.8047247,3.8,3.7996564
3.8,3.8141165,3.8,3.8025799,3.8,3.797662
3.8,3.8246295,3.8,3.813016,3.8,3.808542
3.8,3.8297422,3.8,3.8193285,3.8,3.8430412
3.8,3.8175597,3.8,3.8297975,3.8,3.9555774
3.8,3.8319025,3.8,3.9468353,3.8999999,4.069959
3.8,3.9999576,3.8999999,4.0728083,3.8999999,4.019113
3.8999999,3.9690776,3.8999999,3.958244,3.8999999,3.9076107
3.8999999,3.8936164,3.8999999,3.8757505,3.8999999,3.86787
3.8999999,3.8854856,3.8999999,3.8639305,3.8999999,3.8571746
3.8999999,3.8827791,3.8999999,3.860418,3.8999999,3.8528278
3.8999999,3.8523624,3.8999999,3.8314354,3.8999999,3.8230562
3.8999999,3.852898,3.8999999,3.8318431,3.8999999,3.8233843
3.8999999,3.8605978,3.8999999,3.8381069,3.8999999,3.8292189
3.8999999,3.856204,3.8999999,3.832528,3.8999999,3.823011
3.8999999,3.8568833,3.8999999,3.8348324,3.8999999,3.8266554
3.8999999,3.8489165,3.8999999,3.8279455,3.8,3.820531
3.8999999,3.8551142,3.8,3.8338268,3.8,3.8261797
3.8,3.880462,3.8,3.855121,3.8,3.8455648
3.8,3.857707,3.8,3.8332732,3.8999999,3.8238459
3.8,3.8421485,3.8999999,3.8245718,3.8,3.81765
3.8999999,3.8427262,3.8,3.8259666,3.8,3.819311
3.8,3.9008033,3.8,3.8806167,3.8,3.874906
3.8,3.8335798,3.8,3.821164,3.8999999,3.8158593
3.8,3.813097,3.8999999,3.8017807,3.8,3.79675
3.8999999,3.8289795,3.8,3.8166947,3.8,3.811491
3.8,3.8687012,3.8,3.8497488,3.8,3.8427918
3.8,3.834163,3.8,3.8217723,3.8,3.817389
3.8,3.8523755,3.8,3.8458128,3.8,3.880754
3.8,3.8268604,3.8,3.8308194,3.8,3.913637
3.8,3.8701549,3.8,3.9461997,3.8999999,3.9851
3.8,3.9338431,3.8999999,3.9346254,3.8999999,3.8936534
3.8999999,3.915145,3.8999999,3.896284,3.8999999,3.8737137
3.8999999,3.8790321,3.8999999,3.8583405,3.8999999,3.851644
3.8999999,3.8805535,3.8999999,3.8597674,3.8999999,3.8524437
3.8999999,3.8895428,3.8999999,3.8688893,3.8999999,3.8613853
3.8999999,3.8747013,3.8999999,3.8534653,3.8,3.8453727
3.8999999,3.8514988,3.8,3.832178,3.8,3.8244135
3.8,3.8561742,3.8,3.83508,3.8,3.826713
3.8,3.8117576,3.8,3.798557,3.8,3.7923753
3.8,3.8038716,3.8,3.7920504,3.8,3.786953
3.8,3.8155074,3.8,3.8035846,3.8999999,3.8007138
3.8,3.7970583,3.8999999,3.7919452,3.6,3.7923772
3.8999999,3.8332071,3.6,3.8175602,3.8,3.8118215
3.6,3.8487206,3.8,3.8298438,3.8,3.8221703
3.8,3.7980962,3.8,3.7875206,3.8,3.7830834
3.8,3.8219776,3.8,3.8104794,3.8,3.8052287
3.8,3.8176227,3.8,3.8059807,3.8,3.8005283
3.8,3.8050137,3.8,3.7935398,3.8,3.7880306
3.8,3.803881,3.8,3.7921479,3.7,3.7866287
3.8,3.8013673,3.7,3.789383,3.8,3.783889
3.7,3.8086104,3.8,3.7974558,3.8,3.7927032
3.8,3.8087335,3.8,3.803382,3.8,3.804644
3.8,3.826533,3.8,3.8186457,3.8,3.8221812
3.8,3.8407295,3.8,3.8386717,3.8,3.8579159
3.8,3.8612006,3.8,3.8540716,3.8999999,3.843741
3.8,3.9000793,3.8999999,3.8786168,3.8999999,3.858923
3.8999999,3.8370013,3.8999999,3.822619,3.8999999,3.8170917
3.8999999,3.8808155,3.8999999,3.8599722,3.8,3.85281
3.8999999,3.8796234,3.8,3.858535,3.8,3.8510077
3.8,3.8539762,3.8,3.8359928,3.8,3.828771
3.8,3.8113923,3.8,3.799712,3.8,3.7946436
3.8,3.813168,3.8,3.800702,3.8,3.7950149
3.8,3.8085613,3.8,3.796273,3.8,3.7906442
3.8,3.812393,3.8,3.7999554,3.8,3.794511
3.8,3.7954543,3.8,3.784964,3.8,3.781354
3.8,3.8112655,3.8,3.8022287,3.8,3.8001022
3.8,3.8159432,3.8,3.805734,3.8999999,3.803101
3.8,3.8375313,3.8999999,3.8195477,3.8,3.81229
3.8999999,3.8358612,3.8,3.8198643,3.8,3.813295
3.8,3.855804,3.8,3.8355095,3.8,3.8273609
3.8,3.821022,3.8,3.8087363,3.8,3.8030276
3.8,3.8054662,3.8,3.7939386,3.7,3.7883787
3.8,3.807335,3.7,3.7959154,3.7,3.7905884
3.7,3.802644,3.7,3.7915602,3.7,3.7866843
3.7,3.7758465,3.7,3.7643821,3.7,3.760923
3.7,3.7709775,3.7,3.762766,3.8,3.76239
3.7,3.7828496,3.8,3.7809205,3.8,3.785756
3.8,3.7748587,3.8,3.7850177,3.8,3.7996075
3.8,3.8309,3.8,3.821715,3.8,3.8232105
3.8,3.8442705,3.8,3.8276427,3.8,3.8221614
3.8,3.852711,3.8,3.83197,3.8,3.8243232
3.8,3.8083525,3.8,3.7987056,3.8,3.7951853
3.8,3.8042505,3.8,3.7935023,3.8,3.7888353
3.8,3.8050227,3.8,3.7935355,3.8,3.788294
3.8,3.7905407,3.8,3.778549,3.8,3.7739305
3.8,3.791788,3.8,3.7792742,3.8,3.7742002
3.8,3.7941406,3.8,3.7794917,3.8,3.7726316
3.8,3.7987444,3.8,3.7844157,3.8,3.777489
3.8,3.7951326,3.8,3.781816,3.8,3.7759142
3.8,3.8166485,3.8,3.8048677,3.8,3.8001027
3.8,3.8239067,3.8,3.810982,3.8,3.8063855
3.8,3.800982,3.8,3.7915924,3.8,3.7885573
3.8,3.8203945,3.8,3.8077583,3.8,3.801842
3.8,3.8079183,3.8,3.7964792,3.8,3.7909403
3.8,3.808934,3.8,3.7975395,3.8,3.792084
3.8,3.8166952,3.8,3.804777,3.8,3.799124
3.8,3.806771,3.8,3.795415,3.8,3.7899835
3.8,3.8049989,3.8,3.7938354,3.7,3.7886655
3.8,3.803786,3.7,3.7930672,3.8,3.7883728
3.7,3.8076522,3.8,3.797182,3.7,3.792922
3.8,3.7856302,3.7,3.779466,3.7,3.7797287
3.7,3.8327837,3.7,3.82293,3.7,3.8206117
3.7,3.7871199,3.7,3.7871904,3.8,3.792409
3.7,3.787175,3.8,3.7878172,3.8,3.7933714
3.8,3.7861154,3.8,3.783469,3.8,3.7863338
3.8,3.8001475,3.8,3.7939203,3.8,3.793036
3.8,3.8079252,3.8,3.7983427,3.5,3.794545
3.8,3.805111,3.5,3.7947383,3.7,3.7901587
3.5,3.8042674,3.7,3.7934961,3.7,3.7887282
3.7,3.6865752,3.7,3.6740572,3.7,3.6731825
3.7,3.7457361,3.7,3.734659,3.7,3.7326016
3.7,3.7543876,3.7,3.7386153,3.6,3.7329705
3.7,3.7567337,3.6,3.7403233,3.8,3.733977
3.6,3.7532463,3.8,3.7402728,3.7,3.736224
3.8,3.6980803,3.7,3.6902895,3.8,3.6917982
3.7,3.7868836,3.8,3.7762258,3.8,3.7728794
3.8,3.7745008,3.8,3.764458,3.8,3.762016
3.8,3.809436,3.8,3.79761,3.7,3.7918053
3.8,3.7889457,3.7,3.7725337,3.8,3.76433
3.7,3.7946827,3.8,3.779187,3.7,3.7713199
3.8,3.7593987,3.7,3.7470677,3.7,3.7433379
3.7,3.7837994,3.7,3.7702217,3.7,3.764556
3.7,3.7609105,3.7,3.7480764,3.7,3.7445576
3.7,3.7601478,3.7,3.7488937,3.7,3.7466314
3.7,3.7713716,3.7,3.7618294,3.7,3.7602637
3.7,3.770671,3.7,3.7636225,3.8,3.7639852
3.7,3.778898,3.8,3.774725,3.7,3.7768462
3.8,3.7826262,3.7,3.7822306,3.8,3.787155
3.7,3.813498,3.8,3.807248,3.7,3.807387
3.8,3.7929685,3.7,3.788756,3.7,3.7900758
3.7,3.7905066,3.7,3.7833884,3.7,3.7825332
3.7,3.7684922,3.7,3.761214,3.7,3.761193
3.7,3.7584143,3.7,3.7503526,3.7,3.750084
3.7,3.7511377,3.7,3.7420232,3.7,3.7415087
3.7,3.7392852,3.7,3.7283702,3.8,3.7269351
3.7,3.7552786,3.8,3.7413597,3.7,3.7373385
3.8,3.7549698,3.7,3.7388873,3.7,3.7332962
3.7,3.7811444,3.7,3.7636333,3.7,3.7555122
3.7,3.7595243,3.7,3.7442503,3.7,3.7388918
3.7,3.7641964,3.7,3.753544,3.8,3.7513273
3.7,3.7622604,3.8,3.7544813,3.8,3.754578
3.8,3.7692103,3.8,3.7609966,3.8,3.7604163
3.8,3.7953267,3.8,3.7854755,3.8,3.782326
3.8,3.7951849,3.8,3.7856133,3.8,3.7825663
3.8,3.7965858,3.8,3.7872732,3.7,3.7843108
3.8,3.7887044,3.7,3.7792428,3.8,3.776681
3.7,3.7885,3.8,3.7788887,3.7,3.776234
3.8,3.7617834,3.7,3.7524586,3.8,3.7516062
3.7,3.7893474,3.8,3.780089,3.7,3.7777295
3.8,3.7590315,3.7,3.7489007,3.7,3.747703
3.7,3.8179905,3.7,3.8085456,3.7,3.8058639
3.7,3.772543,3.7,3.7669973,3.8,3.7687275
3.7,3.7683926,3.8,3.76483,3.8,3.7681198
3.8,3.7761092,3.8,3.7724073,3.7,3.7751029
3.8,3.8258712,3.7,3.8107014,3.7,3.8052614
3.7,3.7979672,3.7,3.7885637,3.7,3.7854733
3.7,3.7612994,3.7,3.7499847,3.7,3.746854
3.7,3.760953,3.7,3.7508187,3.7,3.748554
3.7,3.7499955,3.7,3.7388053,3.7,3.7366388
3.7,3.754953,3.7,3.7421954,3.7,3.7386844
3.7,3.7520227,3.7,3.736369,3.7,3.731023
3.7,3.751238,3.7,3.7344253,3.7,3.7279744
3.7,3.759587,3.7,3.744517,3.6,3.739227
3.7,3.7338746,3.6,3.724861,3.7,3.7240725
3.6,3.7410455,3.7,3.731094,3.8,3.7303944
3.7,3.7068787,3.8,3.705031,3.8,3.7110498
3.8,3.7559981,3.8,3.7490022,3.8,3.7499971
3.8,3.80411,3.8,3.794945,3.7,3.7919917
3.8,3.800654,3.7,3.7913816,3.8,3.7881851
3.7,3.7983413,3.8,3.7885318,3.7,3.7850547
3.8,3.7616646,3.7,3.7528424,3.7,3.7519543
3.7,3.7835314,3.7,3.7736201,3.7,3.7710965
3.7,3.751539,3.7,3.7417758,3.8,3.7412605
3.7,3.7526534,3.8,3.742645,3.7,3.7418556
3.8,3.749112,3.7,3.7382998,3.5,3.737149
3.7,3.7830417,3.5,3.7729502,3.7,3.7705543
3.5,3.740493,3.7,3.733018,3.7,3.7341845
3.7,3.6714256,3.7,3.6589758,3.7,3.662222
3.7,3.7421985,3.7,3.7388966,3.8,3.7428794
3.7,3.7705758,3.8,3.7625468,3.7,3.7618554
3.8,3.7957737,3.7,3.7845333,3.7,3.7800744
3.7,3.7876213,3.7,3.7722526,3.7,3.7648644
3.7,3.7544796,3.7,3.7395537,3.7,3.7336578
3.7,3.735777,3.7,3.7260218,3.7,3.7235281
3.7,3.7385778,3.7,3.7285202,3.7,3.7258568
3.7,3.7428715,3.7,3.7316768,3.5,3.7281897
3.7,3.7416406,3.5,3.7296777,3.7,3.7256975
3.5,3.733685,3.7,3.7249885,3.7,3.7234511
3.7,3.6940155,3.7,3.684622,3.7,3.685367
3.7,3.754754,3.7,3.7477634,3.7,3.7488897
3.7,3.7556765,3.7,3.7506578,3.8,3.7531188
3.7,3.7668273,3.8,3.7607286,3.7,3.7617576
3.8,3.7849627,3.7,3.7786736,3.8,3.7789586
3.7,3.8212333,3.8,3.810942,3.8,3.8073773
3.8,3.7597237,3.8,3.750188,3.8,3.7489173
3.8,3.7816553,3.8,3.7732646,3.8,3.7723134
3.8,3.78141,3.8,3.7707977,3.8,3.7682595
3.8,3.7817144,3.8,3.7694235,3.7,3.7656295
3.8,3.787315,3.7,3.776708,3.7,3.773518
3.7,3.7894914,3.7,3.7793043,3.7,3.7762823
3.7,3.7571862,3.7,3.7444527,3.7,3.7415495
3.7,3.7569554,3.7,3.7472556,3.8,3.7468379
3.7,3.7591867,3.8,3.7521164,3.8,3.7535284
3.8,3.7593968,3.8,3.75363,3.8,3.7553852
3.8,3.8147507,3.8,3.8024967,3.8,3.7978735
3.8,3.8160522,3.8,3.8018014,3.7,3.7946444
3.8,3.805903,3.7,3.7935135,3.8,3.7874172
3.7,3.8014135,3.8,3.7878878,3.8,3.7811375
3.8,3.7695353,3.8,3.7556517,3.8,3.7499876
3.8,3.7882605,3.8,3.7728314,3.8,3.7654655
3.8,3.7869904,3.8,3.7709892,3.7,3.7632792
3.8,3.7980218,3.7,3.7843347,3.8,3.7777739
3.7,3.794975,3.8,3.7820184,3.6,3.7762275
3.8,3.7777236,3.6,3.7684128,3.8,3.7667775
3.6,3.8277204,3.8,3.8178737,3.8,3.8150342
3.8,3.739634,3.8,3.7413588,3.7,3.7498555
3.8,3.8040862,3.7,3.8003736,3.7,3.8023553
3.7,3.8343847,3.7,3.8213668,3.7,3.817258
3.7,3.7909179,3.7,3.7872043,3.8,3.7888458
3.7,3.7759771,3.8,3.7712493,3.8,3.772842
3.8,3.7740867,3.8,3.7687366,3.8,3.7699265
3.8,3.7867262,3.8,3.7783382,3.7,3.7766745
3.8,3.7882888,3.7,3.7775412,3.7,3.7739906
3.7,3.7875147,3.7,3.7743833,3.7,3.7690268
3.7,3.763915,3.7,3.7490366,3.7,3.7437682
3.7,3.7540023,3.7,3.7393136,3.7,3.7349064
3.7,3.7484553,3.7,3.7372067,3.7,3.7359753
3.7,3.7559938,3.7,3.7472177,3.8,3.7471766
3.7,3.7534273,3.8,3.7455156,3.8,3.7458205
3.8,3.756602,3.8,3.7478218,3.8,3.7467678
3.8,3.78903,3.8,3.7742615,3.8,3.7670932
3.8,3.8023932,3.8,3.7883866,3.8,3.7809901
3.8,3.7996366,3.8,3.785166,3.8,3.7775514
3.8,3.801612,3.8,3.787783,3.8,3.7805872
3.8,3.7959998,3.8,3.780921,3.7,3.7731848
3.8,3.7965214,3.7,3.7820125,3.8,3.7747347
3.7,3.7962487,3.8,3.7823098,3.7,3.7755208
3.8,3.7683194,3.7,3.7560153,3.7,3.7513556
3.7,3.8010232,3.7,3.7929506,3.7,3.7906756
3.7,3.790661,3.7,3.788049,3.8,3.79095
3.7,3.778231,3.8,3.7773561,3.7,3.782316
3.8,3.7821684,3.7,3.7761652,3.8,3.7764058
3.7,3.8524697,3.8,3.8366,3.8,3.830909
3.8,3.8239865,3.8,3.8135955,3.8,3.8098364
3.8,3.8212724,3.8,3.810533,3.7,3.8061426
3.8,3.8149593,3.7,3.8041148,3.7,3.7992423
3.7,3.8049803,3.7,3.794467,3.7,3.7897577
3.7,3.7696905,3.7,3.7571762,3.7,3.753365
3.7,3.7669432,3.7,3.7546227,3.7,3.7510095
3.7,3.7684631,3.7,3.75511,3.7,3.7504847
3.7,3.7608783,3.7,3.7481823,3.7,3.7446969
3.7,3.7603781,3.7,3.7509863,3.8,3.750417
3.7,3.7630644,3.8,3.7576077,3.7,3.7597756
3.8,3.7544732,3.7,3.7496152,3.7,3.7522337
3.7,3.8083422,3.7,3.7977667,3.7,3.7932346
3.7,3.7828276,3.7,3.7691882,3.8,3.7631385
3.7,3.771477,3.8,3.7566397,3.7,3.7498672
3.8,3.7712822,3.7,3.7567606,3.7,3.750329
3.7,3.7915165,3.7,3.7753708,3.7,3.7671247
3.7,3.7597797,3.7,3.7455924,3.7,3.740128
3.7,3.7441566,3.7,3.734378,3.7,3.7317765
3.7,3.7581246,3.7,3.7459826,3.7,3.7420526
3.7,3.74874,3.7,3.7408442,3.7,3.7399268
3.7,3.776667,3.7,3.7698836,3.8,3.7713723
3.7,3.7715657,3.8,3.7720747,3.8,3.7796977
3.8,3.767544,3.8,3.772531,3.8,3.782989
3.8,3.824504,3.8,3.816839,3.8,3.8175318
3.8,3.832419,3.8,3.8195162,3.8,3.814794
3.8,3.8148103,3.8,3.8040571,3.8,3.799492
3.8,3.815948,3.8,3.8041453,3.8,3.7986686
3.8,3.797745,3.8,3.787139,3.8,3.7829988
3.8,3.7965882,3.8,3.7855847,3.8,3.7812665
3.8,3.7943394,3.8,3.782199,3.8,3.7771626
3.8,3.8017302,3.8,3.7889497,3.8,3.7829106
3.8,3.8014421,3.8,3.7891617,3.8,3.7835212
3.8,3.80151,3.8,3.7912018,3.8,3.787179
3.8,3.7985263,3.8,3.7915373,3.8,3.7907178
3.8,3.7977014,3.8,3.7923276,3.8,3.792717
3.8,3.8061068,3.8,3.7987561,3.8,3.7975755
3.8,3.8195384,3.8,3.8076398,3.7,3.8021612
3.8,3.8073199,3.7,3.7958531,3.8,3.7901664
3.7,3.8154893,3.8,3.8036354,3.8,3.7978637
3.8,3.8000884,3.8,3.786519,3.8,3.77958
3.8,3.8072193,3.8,3.7958338,3.8,3.7903047
3.8,3.8021586,3.8,3.7900283,3.8,3.7842326
3.8,3.8041606,3.8,3.7927694,3.7,3.7874556
3.8,3.8033657,3.7,3.7922199,3.7,3.7871878
3.7,3.8130515,3.7,3.802148,3.8,3.7978203
3.7,3.794537,3.8,3.792042,3.8,3.7958078
3.8,3.752848,3.8,3.7880714,3.8,3.8423598
3.8,3.836955,3.8,3.870194,4.0,3.9003
3.8,3.9131696,4.0,3.8987992,3.8999999,3.8692904
4.0,3.892329,3.8999999,3.872103,3.8999999,3.8653662
3.8999999,3.9145803,3.8999999,3.8917177,3.8999999,3.8873737
3.8999999,3.887337,3.8999999,3.8680341,3.8999999,3.8606384
3.8999999,3.882855,3.8999999,3.8637216,3.8,3.8559086
3.8999999,3.8581827,3.8,3.8404307,3.8,3.83342
3.8,3.8642194,3.8,3.8442972,3.8,3.8365793
3.8,3.8198252,3.8,3.806884,3.8,3.801084
3.8,3.8152535,3.8,3.8030097,3.8,3.7976644
3.8,3.8254802,3.8,3.813215,3.8,3.8087673
3.8,3.8309805,3.8,3.8178651,3.8,3.8155673
3.8,3.7963068,3.8,3.793902,3.8,3.7967358
3.8,3.8365488,3.8,3.82225,3.8,3.8179162
3.8,3.842406,3.8,3.8249621,3.8,3.817784
3.8,3.8295858,3.8,3.8172455,3.8,3.8118048
3.8,3.8264174,3.8,3.8143823,3.8,3.8089578
3.8,3.8213906,3.8,3.809268,3.8,3.803661
3.8,3.8105707,3.8,3.798845,3.8,3.7933385
3.8,3.803661,3.8,3.7920454,3.8,3.7866478
3.8,3.8052332,3.8,3.793818,3.8,3.7886398
3.8,3.8095722,3.8,3.798213,3.8,3.7933686
3.8,3.8343353,3.8,3.8222864,3.8,3.8187747
3.8,3.8371305,3.8,3.8368106,3.8999999,3.914068
3.8,3.8154528,3.8999999,3.8767953,3.7,4.0099974
3.8999999,3.9401596,3.7,4.043448,4.0,4.0661063
3.7,3.9427347,4.0,3.9444602,4.0,3.897245
4.0,3.8738797,4.0,3.853357,4.0,3.8418322
4.0,3.9256527,4.0,3.9032166,3.8999999,3.897312
