名称,日期,时间,数值
下游闸内水位,2022-12-01,0:12:35,4.0
下游闸外水位,2022-12-01,0:12:35,3.8
下游闸内水位,2022-12-01,5:10:34,4.1
下游闸外水位,2022-12-01,5:10:34,2.7
下游闸内水位,2022-12-01,10:51:46,2.6
下游闸外水位,2022-12-01,10:51:46,2.6
上游闸内水位,2022-12-01,10:59:20,4.0
上游闸外水位,2022-12-01,10:59:20,4.0
内河侧水位,2022-12-01,11:00:00,4.0
长江侧水位,2022-12-01,11:00:00,2.7
下游闸内水位,2022-12-01,11:49:04,3.1
下游闸外水位,2022-12-01,11:49:04,2.9
内河侧水位,2022-12-01,13:00:00,4.0
长江侧水位,2022-12-01,13:00:00,3.1
上游闸内水位,2022-12-01,13:13:24,4.1
上游闸外水位,2022-12-01,13:13:24,4.0
下游闸内水位,2022-12-01,13:15:57,4.1
下游闸外水位,2022-12-01,13:15:57,3.1
下游闸内水位,2022-12-01,13:19:45,3.3
下游闸外水位,2022-12-01,13:19:45,3.2
上游闸内水位,2022-12-01,18:45:35,4.1
上游闸外水位,2022-12-01,18:45:35,4.0
上游闸内水位,2022-12-02,0:32:31,4.1
上游闸外水位,2022-12-02,0:32:31,4.0
下游闸内水位,2022-12-02,0:35:08,4.1
下游闸外水位,2022-12-02,0:35:08,3.6
下游闸内水位,2022-12-02,0:37:33,3.8
下游闸外水位,2022-12-02,0:37:33,3.6
下游闸内水位,2022-12-02,0:49:30,3.6
下游闸外水位,2022-12-02,0:49:30,3.6
上游闸内水位,2022-12-02,0:53:14,3.7
上游闸外水位,2022-12-02,0:53:14,4.0
上游闸内水位,2022-12-02,0:55:13,4.0
上游闸外水位,2022-12-02,0:55:13,4.0
内河侧水位,2022-12-02,1:00:00,4.0
长江侧水位,2022-12-02,1:00:00,3.6
上游闸内水位,2022-12-02,1:22:55,4.1
上游闸外水位,2022-12-02,1:22:55,4.0
下游闸内水位,2022-12-02,1:25:29,4.1
内河侧水位,2022-12-01,0:00:00,4.1
长江侧水位,2022-12-01,0:00:00,3.9
上游闸内水位,2022-12-01,0:08:11,4.1
上游闸外水位,2022-12-01,0:08:11,4.1
下游闸内水位,2022-12-01,0:10:49,4.1
下游闸外水位,2022-12-01,0:10:49,3.8
下游闸内水位,2022-12-01,0:52:58,3.7
下游闸外水位,2022-12-01,0:52:58,3.8
上游闸内水位,2022-12-01,0:55:37,3.7
上游闸外水位,2022-12-01,0:55:37,4.1
内河侧水位,2022-12-01,1:00:00,4.1
长江侧水位,2022-12-01,1:00:00,3.8
上游闸内水位,2022-12-01,1:00:23,4.2
上游闸外水位,2022-12-01,1:00:23,4.1
上游闸内水位,2022-12-01,1:40:26,4.1
上游闸外水位,2022-12-01,1:40:26,4.1
下游闸内水位,2022-12-01,1:43:07,4.1
下游闸外水位,2022-12-01,1:43:07,3.4
下游闸内水位,2022-12-01,1:46:20,3.6
下游闸外水位,2022-12-01,1:46:20,3.4
内河侧水位,2022-12-01,2:00:00,4.1
长江侧水位,2022-12-01,2:00:00,3.3
下游闸内水位,2022-12-01,2:32:31,3.2
下游闸外水位,2022-12-01,2:32:31,3.2
上游闸内水位,2022-12-01,2:40:13,3.2
上游闸外水位,2022-12-01,2:40:13,4.1
上游闸内水位,2022-12-01,2:43:40,4.0
上游闸外水位,2022-12-01,2:43:40,4.1
内河侧水位,2022-12-01,3:00:00,4.1
长江侧水位,2022-12-01,3:00:00,3.1
上游闸内水位,2022-12-01,3:19:32,4.1
上游闸外水位,2022-12-01,3:19:32,4.1
下游闸内水位,2022-12-01,3:22:52,4.1
下游闸外水位,2022-12-01,3:22:52,2.9
下游闸内水位,2022-12-01,3:29:34,2.9
下游闸外水位,2022-12-01,3:29:34,2.9
内河侧水位,2022-12-01,4:00:00,4.1
长江侧水位,2022-12-01,4:00:00,2.9
下游闸内水位,2022-12-01,4:13:28,2.8
下游闸外水位,2022-12-01,4:13:28,2.8
上游闸内水位,2022-12-01,4:19:00,2.9
上游闸外水位,2022-12-01,4:19:00,4.1
上游闸内水位,2022-12-01,4:23:55,4.2
上游闸外水位,2022-12-01,4:23:55,4.1
内河侧水位,2022-12-01,5:00:00,4.1
长江侧水位,2022-12-01,5:00:00,2.7
上游闸内水位,2022-12-01,5:07:56,4.1
上游闸外水位,2022-12-01,5:07:56,4.1
下游闸内水位,2022-12-01,5:15:44,2.8
下游闸外水位,2022-12-01,5:15:44,2.7
下游闸内水位,2022-12-01,5:57:42,2.5
下游闸外水位,2022-12-01,5:57:42,2.5
内河侧水位,2022-12-01,6:00:00,4.1
长江侧水位,2022-12-01,6:00:00,2.5
上游闸内水位,2022-12-01,6:00:57,2.5
上游闸外水位,2022-12-01,6:00:57,4.0
上游闸内水位,2022-12-01,6:04:44,3.9
上游闸外水位,2022-12-01,6:04:44,3.9
上游闸内水位,2022-12-01,6:47:17,4.1
上游闸外水位,2022-12-01,6:47:17,4.1
下游闸内水位,2022-12-01,6:50:43,4.1
下游闸外水位,2022-12-01,6:50:43,2.4
下游闸内水位,2022-12-01,6:56:39,2.4
下游闸外水位,2022-12-01,6:56:39,2.3
内河侧水位,2022-12-01,7:00:00,4.1
长江侧水位,2022-12-01,7:00:00,2.4
下游闸内水位,2022-12-01,7:41:45,2.2
下游闸外水位,2022-12-01,7:41:45,2.2
上游闸内水位,2022-12-01,7:44:24,2.3
上游闸外水位,2022-12-01,7:44:24,4.1
上游闸内水位,2022-12-01,7:48:44,3.9
上游闸外水位,2022-12-01,7:48:44,4.0
内河侧水位,2022-12-01,8:00:00,4.0
长江侧水位,2022-12-01,8:00:00,2.1
上游闸内水位,2022-12-01,8:22:32,4.1
上游闸外水位,2022-12-01,8:22:32,4.0
下游闸内水位,2022-12-01,8:25:22,4.1
下游闸外水位,2022-12-01,8:25:22,2.2
下游闸内水位,2022-12-01,8:32:41,2.2
下游闸外水位,2022-12-01,8:32:41,2.2
内河侧水位,2022-12-01,9:00:00,4.0
长江侧水位,2022-12-01,9:00:00,2.1
下游闸内水位,2022-12-01,9:11:26,2.2
下游闸外水位,2022-12-01,9:11:26,2.2
上游闸内水位,2022-12-01,9:21:22,2.2
上游闸外水位,2022-12-01,9:21:22,4.1
上游闸内水位,2022-12-01,9:23:54,3.0
上游闸外水位,2022-12-01,9:23:54,4.0
上游闸内水位,2022-12-01,9:26:26,3.9
上游闸外水位,2022-12-01,9:26:26,4.1
上游闸内水位,2022-12-01,9:58:10,4.1
上游闸外水位,2022-12-01,9:58:10,4.0
内河侧水位,2022-12-01,10:00:00,4.0
长江侧水位,2022-12-01,10:00:00,2.1
下游闸内水位,2022-12-01,10:01:12,4.0
下游闸外水位,2022-12-01,10:01:12,2.2
下游闸内水位,2022-12-01,10:06:39,2.4
下游闸外水位,2022-12-01,10:06:39,2.3
上游闸内水位,2022-12-01,10:55:16,2.6
上游闸外水位,2022-12-01,10:55:16,4.0
上游闸内水位,2022-12-01,11:35:37,4.1
上游闸外水位,2022-12-01,11:35:37,4.0
下游闸内水位,2022-12-01,11:44:45,4.1
下游闸外水位,2022-12-01,11:44:45,2.8
内河侧水位,2022-12-01,12:00:00,4.0
长江侧水位,2022-12-01,12:00:00,3.0
下游闸内水位,2022-12-01,12:35:45,3.0
下游闸外水位,2022-12-01,12:35:45,3.0
上游闸内水位,2022-12-01,12:38:22,3.1
上游闸外水位,2022-12-01,12:38:22,4.0
上游闸内水位,2022-12-01,12:41:33,3.9
上游闸外水位,2022-12-01,12:41:33,4.0
下游闸内水位,2022-12-01,13:56:01,3.0
下游闸外水位,2022-12-01,13:56:01,3.0
上游闸内水位,2022-12-01,13:59:28,3.0
上游闸外水位,2022-12-01,13:59:28,4.0
内河侧水位,2022-12-01,14:00:00,4.0
长江侧水位,2022-12-01,14:00:00,3.0
上游闸内水位,2022-12-01,14:02:26,3.8
上游闸外水位,2022-12-01,14:02:26,4.0
上游闸内水位,2022-12-01,14:38:34,4.1
上游闸外水位,2022-12-01,14:38:34,4.0
下游闸内水位,2022-12-01,14:41:19,4.1
下游闸外水位,2022-12-01,14:41:19,2.8
下游闸内水位,2022-12-01,14:45:49,3.0
下游闸外水位,2022-12-01,14:45:49,2.8
内河侧水位,2022-12-01,15:00:00,4.0
长江侧水位,2022-12-01,15:00:00,2.6
下游闸内水位,2022-12-01,15:33:33,2.7
下游闸外水位,2022-12-01,15:33:33,2.7
上游闸内水位,2022-12-01,15:36:11,2.6
上游闸外水位,2022-12-01,15:36:11,4.0
上游闸内水位,2022-12-01,15:38:38,3.0
上游闸外水位,2022-12-01,15:38:38,4.0
上游闸内水位,2022-12-01,15:40:08,3.4
上游闸外水位,2022-12-01,15:40:08,4.0
上游闸内水位,2022-12-01,15:41:33,3.8
上游闸外水位,2022-12-01,15:41:33,3.9
内河侧水位,2022-12-01,16:00:00,4.0
长江侧水位,2022-12-01,16:00:00,2.6
上游闸内水位,2022-12-01,16:17:42,4.1
上游闸外水位,2022-12-01,16:17:42,4.0
下游闸内水位,2022-12-01,16:20:19,4.1
下游闸外水位,2022-12-01,16:20:19,2.5
下游闸内水位,2022-12-01,16:25:19,2.7
下游闸外水位,2022-12-01,16:25:19,2.5
内河侧水位,2022-12-01,17:00:00,4.0
长江侧水位,2022-12-01,17:00:00,2.4
下游闸内水位,2022-12-01,17:03:12,2.5
下游闸外水位,2022-12-01,17:03:12,2.4
下游闸内水位,2022-12-01,17:30:36,4.1
下游闸外水位,2022-12-01,17:30:36,2.4
下游闸内水位,2022-12-01,17:36:35,2.4
下游闸外水位,2022-12-01,17:36:35,2.3
下游闸内水位,2022-12-01,17:59:26,2.2
下游闸外水位,2022-12-01,17:59:26,2.2
内河侧水位,2022-12-01,18:00:00,4.0
长江侧水位,2022-12-01,18:00:00,2.2
上游闸内水位,2022-12-01,18:08:46,2.3
上游闸外水位,2022-12-01,18:08:46,4.0
上游闸内水位,2022-12-01,18:10:23,2.5
上游闸外水位,2022-12-01,18:10:23,4.0
上游闸内水位,2022-12-01,18:11:28,2.8
上游闸外水位,2022-12-01,18:11:28,4.0
上游闸内水位,2022-12-01,18:13:50,3.7
上游闸外水位,2022-12-01,18:13:50,3.8
下游闸内水位,2022-12-01,18:49:51,4.1
下游闸外水位,2022-12-01,18:49:51,2.2
上游闸内水位,2022-12-01,17:05:54,2.4
上游闸外水位,2022-12-01,17:05:54,4.0
上游闸内水位,2022-12-01,17:10:06,4.0
上游闸外水位,2022-12-01,17:10:06,4.0
上游闸内水位,2022-12-01,17:27:53,4.1
上游闸外水位,2022-12-01,17:27:53,3.9
内河侧水位,2022-12-01,19:00:00,4.0
长江侧水位,2022-12-01,19:00:00,2.2
下游闸内水位,2022-12-01,19:10:39,2.2
下游闸外水位,2022-12-01,19:10:39,2.3
内河侧水位,2022-12-01,20:00:00,4.0
长江侧水位,2022-12-01,20:00:00,2.1
下游闸内水位,2022-12-01,20:02:32,2.1
下游闸外水位,2022-12-01,20:02:32,2.1
上游闸内水位,2022-12-01,20:05:59,2.2
上游闸外水位,2022-12-01,20:05:59,4.0
上游闸内水位,2022-12-01,20:10:02,3.8
上游闸外水位,2022-12-01,20:10:02,3.9
上游闸内水位,2022-12-01,20:41:52,4.1
上游闸外水位,2022-12-01,20:41:52,4.0
下游闸内水位,2022-12-01,20:44:25,4.0
下游闸外水位,2022-12-01,20:44:25,2.1
下游闸内水位,2022-12-01,20:50:31,2.2
下游闸外水位,2022-12-01,20:50:31,2.1
内河侧水位,2022-12-01,21:00:00,4.0
长江侧水位,2022-12-01,21:00:00,2.2
下游闸内水位,2022-12-01,21:36:29,2.4
下游闸外水位,2022-12-01,21:36:29,2.4
上游闸内水位,2022-12-01,21:40:13,2.5
上游闸外水位,2022-12-01,21:40:13,4.0
上游闸内水位,2022-12-01,21:45:52,4.1
上游闸外水位,2022-12-01,21:45:52,4.1
内河侧水位,2022-12-01,22:00:00,4.0
长江侧水位,2022-12-01,22:00:00,2.7
上游闸内水位,2022-12-01,22:27:16,4.1
上游闸外水位,2022-12-01,22:27:16,4.0
下游闸内水位,2022-12-01,22:30:54,4.0
下游闸外水位,2022-12-01,22:30:54,3.0
下游闸内水位,2022-12-01,22:35:15,3.1
下游闸外水位,2022-12-01,22:35:15,3.0
内河侧水位,2022-12-01,23:00:00,4.0
长江侧水位,2022-12-01,23:00:00,3.2
下游闸内水位,2022-12-01,23:14:03,3.3
下游闸外水位,2022-12-01,23:14:03,3.3
下游闸内水位,2022-12-01,23:17:06,3.3
下游闸外水位,2022-12-01,23:17:06,3.3
上游闸内水位,2022-12-01,23:19:50,3.3
上游闸外水位,2022-12-01,23:19:50,4.0
上游闸内水位,2022-12-01,23:22:11,3.8
上游闸外水位,2022-12-01,23:22:11,4.0
上游闸内水位,2022-12-01,23:54:11,4.1
上游闸外水位,2022-12-01,23:54:11,4.1
下游闸内水位,2022-12-01,23:56:56,4.1
下游闸外水位,2022-12-01,23:56:56,3.5
下游闸内水位,2022-12-01,23:59:43,3.7
下游闸外水位,2022-12-01,23:59:43,3.6
内河侧水位,2022-12-02,0:00:00,4.0
长江侧水位,2022-12-02,0:00:00,3.6
下游闸内水位,2022-12-02,0:11:39,3.5
下游闸外水位,2022-12-02,0:11:39,3.5
上游闸内水位,2022-12-02,0:14:17,3.6
上游闸外水位,2022-12-02,0:14:17,4.0
上游闸内水位,2022-12-02,0:16:21,3.9
上游闸外水位,2022-12-02,0:16:21,4.0
下游闸外水位,2022-12-02,1:25:29,3.6
下游闸内水位,2022-12-02,1:28:04,3.7
下游闸外水位,2022-12-02,1:28:04,3.6
内河侧水位,2022-12-02,2:00:00,4.1
长江侧水位,2022-12-02,2:00:00,3.6
下游闸内水位,2022-12-02,2:27:08,3.4
下游闸外水位,2022-12-02,2:27:08,3.4
上游闸内水位,2022-12-02,2:30:18,3.4
上游闸外水位,2022-12-02,2:30:18,4.0
上游闸内水位,2022-12-02,2:33:05,3.9
上游闸外水位,2022-12-02,2:33:05,4.1
内河侧水位,2022-12-02,3:00:00,4.1
长江侧水位,2022-12-02,3:00:00,3.2
上游闸内水位,2022-12-02,3:19:38,4.1
上游闸外水位,2022-12-02,3:19:38,4.1
下游闸内水位,2022-12-02,3:22:13,4.1
下游闸外水位,2022-12-02,3:22:13,3.1
下游闸内水位,2022-12-02,3:26:22,3.2
下游闸外水位,2022-12-02,3:26:22,3.1
内河侧水位,2022-12-02,4:00:00,4.1
长江侧水位,2022-12-02,4:00:00,3.0
下游闸内水位,2022-12-02,4:17:13,2.9
下游闸外水位,2022-12-02,4:17:13,2.9
上游闸内水位,2022-12-02,4:22:36,2.9
上游闸外水位,2022-12-02,4:22:36,4.1
上游闸内水位,2022-12-02,4:26:05,3.9
上游闸外水位,2022-12-02,4:26:05,4.0
内河侧水位,2022-12-02,5:00:00,4.1
长江侧水位,2022-12-02,5:00:00,2.7
上游闸内水位,2022-12-02,5:06:21,4.0
上游闸外水位,2022-12-02,5:06:21,4.1
下游闸内水位,2022-12-02,5:09:19,4.1
下游闸外水位,2022-12-02,5:09:19,2.7
下游闸内水位,2022-12-02,5:14:25,2.8
下游闸外水位,2022-12-02,5:14:25,2.7
内河侧水位,2022-12-02,6:00:00,4.1
长江侧水位,2022-12-02,6:00:00,2.5
下游闸内水位,2022-12-02,6:02:11,2.6
下游闸外水位,2022-12-02,6:02:11,2.6
上游闸内水位,2022-12-02,6:04:51,2.6
上游闸外水位,2022-12-02,6:04:51,4.1
内河侧水位,2022-12-02,11:00:00,4.1
长江侧水位,2022-12-02,11:00:00,2.4
上游闸内水位,2022-12-02,11:12:11,4.0
上游闸外水位,2022-12-02,11:12:11,4.1
下游闸内水位,2022-12-02,11:26:27,2.6
下游闸外水位,2022-12-02,11:26:27,2.6
上游闸内水位,2022-12-02,12:44:09,4.1
上游闸外水位,2022-12-02,12:44:09,4.1
下游闸内水位,2022-12-02,12:46:42,4.1
下游闸外水位,2022-12-02,12:46:42,3.2
上游闸内水位,2022-12-02,23:36:35,4.1
上游闸外水位,2022-12-02,23:36:35,4.0
下游闸内水位,2022-12-02,23:39:41,4.1
下游闸外水位,2022-12-02,23:39:41,2.9
下游闸内水位,2022-12-02,23:43:59,3.1
下游闸外水位,2022-12-02,23:43:59,2.9
下游闸内水位,2022-12-03,11:39:03,2.0
下游闸外水位,2022-12-03,11:39:03,2.0
上游闸内水位,2022-12-03,11:41:40,2.1
上游闸外水位,2022-12-03,11:41:40,4.0
上游闸内水位,2022-12-03,11:45:43,3.8
上游闸外水位,2022-12-03,11:45:43,3.9
内河侧水位,2022-12-03,12:00:00,4.0
长江侧水位,2022-12-03,12:00:00,2.1
上游闸内水位,2022-12-03,12:21:09,4.0
上游闸外水位,2022-12-03,12:21:09,4.0
下游闸内水位,2022-12-03,12:23:46,4.0
下游闸外水位,2022-12-03,12:23:46,2.4
下游闸内水位,2022-12-03,12:28:45,2.6
下游闸外水位,2022-12-03,12:28:45,2.5
内河侧水位,2022-12-03,13:00:00,3.9
长江侧水位,2022-12-03,13:00:00,2.8
下游闸内水位,2022-12-03,13:14:20,2.9
下游闸外水位,2022-12-03,13:14:20,3.0
上游闸内水位,2022-12-03,13:17:21,3.0
上游闸外水位,2022-12-03,13:17:21,4.0
上游闸内水位,2022-12-03,13:20:11,3.8
上游闸外水位,2022-12-03,13:20:11,3.9
上游闸内水位,2022-12-03,13:56:25,4.0
上游闸外水位,2022-12-03,13:56:25,4.0
下游闸内水位,2022-12-03,13:59:00,4.0
下游闸外水位,2022-12-03,13:59:00,3.3
内河侧水位,2022-12-03,14:00:00,4.0
长江侧水位,2022-12-03,14:00:00,3.3
内河侧水位,2022-12-03,23:00:00,4.0
长江侧水位,2022-12-03,23:00:00,2.3
上游闸内水位,2022-12-03,23:01:45,4.0
上游闸外水位,2022-12-03,23:01:45,3.9
内河侧水位,2022-12-04,9:00:00,3.9
长江侧水位,2022-12-04,9:00:00,2.7
内河侧水位,2022-12-04,10:00:00,3.9
长江侧水位,2022-12-04,10:00:00,2.7
上游闸内水位,2022-12-02,6:08:52,3.9
上游闸外水位,2022-12-02,6:08:52,4.1
上游闸内水位,2022-12-02,6:36:57,4.1
上游闸外水位,2022-12-02,6:36:57,4.1
下游闸内水位,2022-12-02,6:39:36,4.1
下游闸外水位,2022-12-02,6:39:36,2.4
下游闸内水位,2022-12-02,6:45:11,2.6
下游闸外水位,2022-12-02,6:45:11,2.4
内河侧水位,2022-12-02,7:00:00,4.1
长江侧水位,2022-12-02,7:00:00,2.5
下游闸内水位,2022-12-02,7:29:13,2.4
下游闸外水位,2022-12-02,7:29:13,2.4
上游闸内水位,2022-12-02,7:31:52,2.4
上游闸外水位,2022-12-02,7:31:52,4.1
上游闸内水位,2022-12-02,7:37:16,4.1
上游闸外水位,2022-12-02,7:37:16,4.1
内河侧水位,2022-12-02,8:00:00,4.1
长江侧水位,2022-12-02,8:00:00,2.3
上游闸内水位,2022-12-02,8:05:46,4.0
上游闸外水位,2022-12-02,8:05:46,4.0
下游闸内水位,2022-12-02,8:08:38,4.1
下游闸外水位,2022-12-02,8:08:38,2.3
下游闸内水位,2022-12-02,8:14:32,2.4
下游闸外水位,2022-12-02,8:14:32,2.3
下游闸内水位,2022-12-02,8:58:19,2.1
下游闸外水位,2022-12-02,8:58:19,2.2
内河侧水位,2022-12-02,9:00:00,4.1
长江侧水位,2022-12-02,9:00:00,2.2
上游闸内水位,2022-12-02,9:00:58,2.1
上游闸外水位,2022-12-02,9:00:58,4.1
上游闸内水位,2022-12-02,9:05:55,3.3
上游闸外水位,2022-12-02,9:05:55,4.0
上游闸内水位,2022-12-02,9:08:20,3.9
上游闸外水位,2022-12-02,9:08:20,4.0
上游闸内水位,2022-12-02,9:39:58,4.0
上游闸外水位,2022-12-02,9:39:58,4.1
下游闸内水位,2022-12-02,9:42:27,4.0
下游闸外水位,2022-12-02,9:42:27,2.1
下游闸内水位,2022-12-02,9:45:55,3.3
下游闸外水位,2022-12-02,9:45:55,2.2
下游闸内水位,2022-12-02,9:49:40,2.2
下游闸外水位,2022-12-02,9:49:40,2.1
内河侧水位,2022-12-02,10:00:00,4.0
长江侧水位,2022-12-02,10:00:00,2.1
下游闸内水位,2022-12-02,10:28:28,2.2
下游闸外水位,2022-12-02,10:28:28,2.2
上游闸内水位,2022-12-02,10:31:32,2.1
上游闸外水位,2022-12-02,10:31:32,4.1
上游闸内水位,2022-12-02,10:37:12,3.5
上游闸外水位,2022-12-02,10:37:12,4.1
上游闸内水位,2022-12-02,10:38:49,3.9
上游闸外水位,2022-12-02,10:38:49,4.0
内河侧水位,2022-12-02,12:00:00,4.1
长江侧水位,2022-12-02,12:00:00,2.9
下游闸内水位,2022-12-02,12:04:09,2.9
下游闸外水位,2022-12-02,12:04:09,3.0
上游闸内水位,2022-12-02,12:07:02,3.0
上游闸外水位,2022-12-02,12:07:02,4.1
上游闸内水位,2022-12-02,12:10:16,3.9
上游闸外水位,2022-12-02,12:10:16,4.0
内河侧水位,2022-12-02,23:00:00,3.9
长江侧水位,2022-12-02,23:00:00,2.6
内河侧水位,2022-12-03,11:00:00,3.9
长江侧水位,2022-12-03,11:00:00,2.0
上游闸内水位,2022-12-03,11:02:48,4.0
上游闸外水位,2022-12-03,11:02:48,3.9
下游闸内水位,2022-12-03,14:02:00,3.5
下游闸外水位,2022-12-03,14:02:00,3.3
下游闸内水位,2022-12-03,14:12:58,3.4
下游闸外水位,2022-12-03,14:12:58,3.3
上游闸内水位,2022-12-03,14:16:17,3.2
上游闸外水位,2022-12-03,14:16:17,4.0
上游闸内水位,2022-12-03,14:18:35,3.8
上游闸外水位,2022-12-03,14:18:35,3.9
上游闸内水位,2022-12-03,14:35:00,4.0
上游闸外水位,2022-12-03,14:35:00,4.0
下游闸内水位,2022-12-03,14:37:36,4.0
下游闸外水位,2022-12-03,14:37:36,3.5
下游闸内水位,2022-12-03,14:40:31,3.5
下游闸外水位,2022-12-03,14:40:31,3.4
下游闸内水位,2022-12-03,14:51:02,3.4
下游闸外水位,2022-12-03,14:51:02,3.4
上游闸内水位,2022-12-03,14:53:53,3.5
上游闸外水位,2022-12-03,14:53:53,4.0
上游闸内水位,2022-12-03,14:55:48,3.9
上游闸外水位,2022-12-03,14:55:48,4.0
内河侧水位,2022-12-03,15:00:00,4.0
下游闸内水位,2022-12-02,11:14:42,4.0
下游闸外水位,2022-12-02,11:14:42,2.5
下游闸内水位,2022-12-02,12:52:22,3.2
下游闸外水位,2022-12-02,12:52:22,3.2
上游闸内水位,2022-12-02,13:35:44,3.4
上游闸外水位,2022-12-02,13:35:44,4.1
上游闸内水位,2022-12-02,13:38:16,3.9
上游闸外水位,2022-12-02,13:38:16,4.1
下游闸内水位,2022-12-02,14:10:43,4.1
下游闸外水位,2022-12-02,14:10:43,3.5
下游闸内水位,2022-12-02,14:13:33,3.6
下游闸外水位,2022-12-02,14:13:33,3.5
下游闸内水位,2022-12-02,14:45:52,3.4
下游闸外水位,2022-12-02,14:45:52,3.5
上游闸内水位,2022-12-02,14:48:28,3.5
上游闸外水位,2022-12-02,14:48:28,4.1
上游闸内水位,2022-12-02,14:50:48,3.9
上游闸外水位,2022-12-02,14:50:48,4.0
下游闸内水位,2022-12-02,15:38:09,3.5
下游闸外水位,2022-12-02,15:38:09,3.3
上游闸内水位,2022-12-02,16:20:31,3.2
上游闸外水位,2022-12-02,16:20:31,4.1
上游闸内水位,2022-12-02,16:23:39,4.0
上游闸外水位,2022-12-02,16:23:39,4.1
上游闸内水位,2022-12-02,16:42:17,4.1
上游闸外水位,2022-12-02,16:42:17,4.1
下游闸内水位,2022-12-02,16:50:26,3.0
下游闸外水位,2022-12-02,16:50:26,3.0
上游闸内水位,2022-12-02,17:25:50,4.0
上游闸外水位,2022-12-02,17:25:50,4.1
上游闸内水位,2022-12-02,17:41:04,4.1
上游闸外水位,2022-12-02,17:41:04,4.1
下游闸内水位,2022-12-02,17:48:45,4.1
下游闸外水位,2022-12-02,17:48:45,2.8
下游闸内水位,2022-12-02,17:53:32,2.9
下游闸外水位,2022-12-02,17:53:32,2.8
内河侧水位,2022-12-02,18:00:00,4.1
长江侧水位,2022-12-02,18:00:00,2.8
下游闸内水位,2022-12-02,18:18:38,2.7
下游闸外水位,2022-12-02,18:18:38,2.8
上游闸内水位,2022-12-02,18:22:27,2.8
上游闸外水位,2022-12-02,18:22:27,4.1
上游闸内水位,2022-12-02,18:25:03,3.5
上游闸外水位,2022-12-02,18:25:03,4.1
上游闸内水位,2022-12-02,18:26:32,3.9
上游闸外水位,2022-12-02,18:26:32,4.0
上游闸内水位,2022-12-02,18:43:36,4.1
上游闸外水位,2022-12-02,18:43:36,4.1
下游闸内水位,2022-12-02,18:46:13,4.1
下游闸外水位,2022-12-02,18:46:13,2.7
下游闸内水位,2022-12-02,18:51:08,2.8
下游闸外水位,2022-12-02,18:51:08,2.6
内河侧水位,2022-12-02,19:00:00,4.1
长江侧水位,2022-12-02,19:00:00,2.6
下游闸内水位,2022-12-02,19:12:51,2.6
下游闸外水位,2022-12-02,19:12:51,2.6
上游闸内水位,2022-12-02,19:15:32,2.6
上游闸外水位,2022-12-02,19:15:32,4.1
上游闸内水位,2022-12-02,19:19:06,3.4
上游闸外水位,2022-12-02,19:19:06,4.1
上游闸内水位,2022-12-02,19:20:45,3.8
上游闸外水位,2022-12-02,19:20:45,4.0
上游闸内水位,2022-12-02,19:53:53,4.1
上游闸外水位,2022-12-02,19:53:53,4.1
下游闸内水位,2022-12-02,19:56:58,4.1
下游闸外水位,2022-12-02,19:56:58,2.5
内河侧水位,2022-12-02,20:00:00,4.1
长江侧水位,2022-12-02,20:00:00,2.6
下游闸内水位,2022-12-02,20:11:24,2.5
下游闸外水位,2022-12-02,20:11:24,2.5
内河侧水位,2022-12-02,21:00:00,4.0
长江侧水位,2022-12-02,21:00:00,2.5
下游闸内水位,2022-12-02,21:02:50,2.4
下游闸外水位,2022-12-02,21:02:50,2.4
上游闸内水位,2022-12-02,21:08:58,3.1
上游闸外水位,2022-12-02,21:08:58,4.0
上游闸内水位,2022-12-02,21:11:33,3.9
上游闸外水位,2022-12-02,21:11:33,4.0
上游闸内水位,2022-12-02,21:50:49,4.0
上游闸外水位,2022-12-02,21:50:49,4.0
下游闸内水位,2022-12-02,21:53:59,4.0
下游闸外水位,2022-12-02,21:53:59,2.3
下游闸内水位,2022-12-02,21:59:46,2.5
下游闸外水位,2022-12-02,21:59:46,2.4
内河侧水位,2022-12-02,22:00:00,4.0
长江侧水位,2022-12-02,22:00:00,2.4
下游闸内水位,2022-12-02,22:44:14,2.4
内河侧水位,2022-12-02,13:00:00,4.1
长江侧水位,2022-12-02,13:00:00,3.3
下游闸内水位,2022-12-02,13:31:33,3.4
下游闸外水位,2022-12-02,13:31:33,3.4
内河侧水位,2022-12-02,14:00:00,4.1
长江侧水位,2022-12-02,14:00:00,3.5
上游闸内水位,2022-12-02,14:06:23,4.1
上游闸外水位,2022-12-02,14:06:23,4.1
内河侧水位,2022-12-02,15:00:00,4.1
长江侧水位,2022-12-02,15:00:00,3.4
上游闸内水位,2022-12-02,15:32:32,4.0
上游闸外水位,2022-12-02,15:32:32,4.1
下游闸内水位,2022-12-02,15:35:04,4.1
下游闸外水位,2022-12-02,15:35:04,3.3
内河侧水位,2022-12-02,16:00:00,4.1
长江侧水位,2022-12-02,16:00:00,3.3
下游闸内水位,2022-12-02,16:16:21,3.1
下游闸外水位,2022-12-02,16:16:21,3.2
下游闸内水位,2022-12-02,16:44:50,4.1
下游闸外水位,2022-12-02,16:44:50,3.0
内河侧水位,2022-12-02,17:00:00,4.1
长江侧水位,2022-12-02,17:00:00,3.0
下游闸内水位,2022-12-02,17:18:05,2.9
下游闸外水位,2022-12-02,17:18:05,2.9
上游闸内水位,2022-12-02,17:22:20,2.9
上游闸外水位,2022-12-02,17:22:20,4.1
上游闸内水位,2022-12-02,21:05:29,2.4
上游闸外水位,2022-12-02,21:05:29,4.0
下游闸外水位,2022-12-02,22:44:14,2.4
上游闸内水位,2022-12-02,22:47:11,2.4
上游闸外水位,2022-12-02,22:47:11,4.0
上游闸内水位,2022-12-02,22:51:17,3.9
上游闸外水位,2022-12-02,22:51:17,4.0
内河侧水位,2022-12-03,0:00:00,4.0
长江侧水位,2022-12-03,0:00:00,3.1
下游闸内水位,2022-12-03,0:39:40,3.4
下游闸外水位,2022-12-03,0:39:40,3.4
上游闸内水位,2022-12-03,0:42:23,3.3
上游闸外水位,2022-12-03,0:42:23,4.0
上游闸内水位,2022-12-03,0:44:43,3.9
上游闸外水位,2022-12-03,0:44:43,4.0
内河侧水位,2022-12-03,1:00:00,4.0
长江侧水位,2022-12-03,1:00:00,3.4
上游闸内水位,2022-12-03,1:22:06,4.1
上游闸外水位,2022-12-03,1:22:06,4.0
下游闸内水位,2022-12-03,1:24:50,4.1
下游闸外水位,2022-12-03,1:24:50,3.6
下游闸内水位,2022-12-03,1:27:21,3.7
下游闸外水位,2022-12-03,1:27:21,3.6
内河侧水位,2022-12-03,2:00:00,4.0
长江侧水位,2022-12-03,2:00:00,3.7
下游闸内水位,2022-12-03,2:03:09,3.7
下游闸外水位,2022-12-03,2:03:09,3.7
上游闸内水位,2022-12-03,2:06:15,3.7
上游闸外水位,2022-12-03,2:06:15,4.0
上游闸内水位,2022-12-03,2:08:10,3.9
上游闸外水位,2022-12-03,2:08:10,4.0
上游闸内水位,2022-12-03,2:41:29,4.1
上游闸外水位,2022-12-03,2:41:29,4.0
下游闸内水位,2022-12-03,2:44:26,4.1
下游闸外水位,2022-12-03,2:44:26,3.7
下游闸内水位,2022-12-03,2:46:48,3.8
下游闸外水位,2022-12-03,2:46:48,3.7
下游闸内水位,2022-12-03,2:57:41,3.6
下游闸外水位,2022-12-03,2:57:41,3.6
内河侧水位,2022-12-03,3:00:00,4.0
长江侧水位,2022-12-03,3:00:00,3.6
上游闸内水位,2022-12-03,3:00:20,3.6
上游闸外水位,2022-12-03,3:00:20,4.0
上游闸内水位,2022-12-03,3:02:20,4.0
上游闸外水位,2022-12-03,3:02:20,4.0
上游闸内水位,2022-12-03,3:34:01,4.1
上游闸外水位,2022-12-03,3:34:01,4.0
下游闸内水位,2022-12-03,3:36:39,4.1
下游闸外水位,2022-12-03,3:36:39,3.5
下游闸内水位,2022-12-03,3:39:54,3.6
下游闸外水位,2022-12-03,3:39:54,3.5
下游闸内水位,2022-12-03,3:57:23,3.4
下游闸外水位,2022-12-03,3:57:23,3.4
内河侧水位,2022-12-03,4:00:00,4.0
长江侧水位,2022-12-03,4:00:00,3.4
上游闸内水位,2022-12-03,4:00:22,3.4
上游闸外水位,2022-12-03,4:00:22,4.1
上游闸内水位,2022-12-03,4:02:28,3.8
上游闸外水位,2022-12-03,4:02:28,4.0
上游闸内水位,2022-12-03,4:17:06,4.1
上游闸外水位,2022-12-03,4:17:06,4.0
下游闸内水位,2022-12-03,4:19:49,4.1
下游闸外水位,2022-12-03,4:19:49,3.2
下游闸内水位,2022-12-03,4:23:36,3.4
下游闸外水位,2022-12-03,4:23:36,3.2
上游闸内水位,2022-12-03,5:12:37,3.0
上游闸外水位,2022-12-03,5:12:37,4.0
上游闸内水位,2022-12-03,5:56:36,4.1
上游闸外水位,2022-12-03,5:56:36,4.0
内河侧水位,2022-12-03,6:00:00,4.0
长江侧水位,2022-12-03,6:00:00,2.8
下游闸内水位,2022-12-03,6:02:04,4.1
下游闸外水位,2022-12-03,6:02:04,2.9
下游闸内水位,2022-12-03,6:06:28,3.0
下游闸外水位,2022-12-03,6:06:28,2.9
下游闸内水位,2022-12-03,6:48:14,2.7
下游闸外水位,2022-12-03,6:48:14,2.7
上游闸内水位,2022-12-03,6:54:41,3.8
上游闸外水位,2022-12-03,6:54:41,3.9
内河侧水位,2022-12-03,7:00:00,4.0
长江侧水位,2022-12-03,7:00:00,2.7
下游闸内水位,2022-12-03,7:37:04,4.1
下游闸外水位,2022-12-03,7:37:04,2.6
下游闸内水位,2022-12-03,7:42:37,2.6
下游闸外水位,2022-12-03,7:42:37,2.5
内河侧水位,2022-12-03,8:00:00,4.0
长江侧水位,2022-12-03,8:00:00,2.5
下游闸内水位,2022-12-03,8:10:41,2.5
下游闸外水位,2022-12-03,8:10:41,2.5
上游闸内水位,2022-12-03,8:16:48,2.5
上游闸外水位,2022-12-03,8:16:48,4.0
上游闸内水位,2022-12-03,8:20:27,3.8
上游闸外水位,2022-12-03,8:20:27,4.0
上游闸内水位,2022-12-03,8:46:24,4.0
上游闸外水位,2022-12-03,8:46:24,4.0
下游闸内水位,2022-12-03,8:49:16,4.1
下游闸外水位,2022-12-03,8:49:16,2.4
下游闸内水位,2022-12-03,8:54:44,2.5
下游闸外水位,2022-12-03,8:54:44,2.3
内河侧水位,2022-12-03,9:00:00,4.0
长江侧水位,2022-12-03,9:00:00,2.4
下游闸内水位,2022-12-03,9:37:24,2.2
下游闸外水位,2022-12-03,9:37:24,2.2
上游闸内水位,2022-12-03,9:40:14,2.2
上游闸外水位,2022-12-03,9:40:14,4.0
内河侧水位,2022-12-03,10:00:00,4.0
长江侧水位,2022-12-03,10:00:00,2.2
上游闸内水位,2022-12-03,10:04:02,4.0
上游闸外水位,2022-12-03,10:04:02,3.9
下游闸内水位,2022-12-03,10:06:52,4.0
下游闸外水位,2022-12-03,10:06:52,2.2
下游闸内水位,2022-12-03,10:12:55,2.3
下游闸外水位,2022-12-03,10:12:55,2.1
下游闸内水位,2022-12-03,10:38:01,2.1
下游闸外水位,2022-12-03,10:38:01,2.0
上游闸内水位,2022-12-03,10:41:39,2.1
上游闸外水位,2022-12-03,10:41:39,4.0
上游闸内水位,2022-12-03,10:47:50,4.1
上游闸外水位,2022-12-03,10:47:50,4.0
下游闸内水位,2022-12-03,11:05:18,4.0
下游闸外水位,2022-12-03,11:05:18,2.1
长江侧水位,2022-12-03,15:00:00,3.5
上游闸内水位,2022-12-03,15:21:32,4.1
上游闸外水位,2022-12-03,15:21:32,3.9
下游闸内水位,2022-12-03,15:24:08,4.0
下游闸外水位,2022-12-03,15:24:08,3.5
下游闸内水位,2022-12-03,15:58:17,3.5
下游闸外水位,2022-12-03,15:58:17,3.5
内河侧水位,2022-12-03,16:00:00,4.0
长江侧水位,2022-12-03,16:00:00,3.5
上游闸内水位,2022-12-03,16:01:52,3.6
上游闸外水位,2022-12-03,16:01:52,4.0
上游闸内水位,2022-12-03,16:03:51,3.9
上游闸外水位,2022-12-03,16:03:51,4.0
上游闸内水位,2022-12-03,16:34:37,4.1
上游闸外水位,2022-12-03,16:34:37,4.0
下游闸内水位,2022-12-03,16:37:33,4.1
下游闸外水位,2022-12-03,16:37:33,3.4
下游闸内水位,2022-12-03,16:40:35,3.6
下游闸外水位,2022-12-03,16:40:35,3.4
下游闸内水位,2022-12-03,16:52:39,3.3
下游闸外水位,2022-12-03,16:52:39,3.3
内河侧水位,2022-12-03,17:00:00,4.0
长江侧水位,2022-12-03,17:00:00,3.3
内河侧水位,2022-12-03,18:00:00,4.0
长江侧水位,2022-12-03,18:00:00,3.1
下游闸内水位,2022-12-03,18:21:41,3.5
下游闸外水位,2022-12-03,18:21:41,2.9
内河侧水位,2022-12-03,5:00:00,4.0
长江侧水位,2022-12-03,5:00:00,3.1
下游闸内水位,2022-12-03,5:09:59,3.0
下游闸外水位,2022-12-03,5:09:59,3.1
上游闸内水位,2022-12-03,5:15:28,3.8
上游闸外水位,2022-12-03,5:15:28,3.9
上游闸内水位,2022-12-03,6:51:17,2.7
上游闸外水位,2022-12-03,6:51:17,4.0
上游闸内水位,2022-12-03,7:31:24,4.1
上游闸外水位,2022-12-03,7:31:24,4.0
上游闸内水位,2022-12-03,9:45:06,4.0
上游闸外水位,2022-12-03,9:45:06,4.0
下游闸内水位,2022-12-03,11:11:16,2.2
下游闸外水位,2022-12-03,11:11:16,2.1
下游闸内水位,2022-12-03,15:26:41,3.7
下游闸外水位,2022-12-03,15:26:41,3.5
下游闸内水位,2022-12-03,18:27:11,2.9
下游闸外水位,2022-12-03,18:27:11,2.9
下游闸内水位,2022-12-03,18:54:51,2.8
下游闸外水位,2022-12-03,18:54:51,2.8
下游闸内水位,2022-12-03,18:55:07,2.8
下游闸外水位,2022-12-03,18:55:07,2.8
上游闸内水位,2022-12-03,18:59:56,2.9
上游闸外水位,2022-12-03,18:59:56,4.0
内河侧水位,2022-12-03,19:00:00,4.0
长江侧水位,2022-12-03,19:00:00,2.8
上游闸内水位,2022-12-03,19:03:15,3.8
上游闸外水位,2022-12-03,19:03:15,3.9
上游闸内水位,2022-12-03,19:40:32,4.0
上游闸外水位,2022-12-03,19:40:32,4.0
下游闸内水位,2022-12-03,19:43:09,4.1
下游闸外水位,2022-12-03,19:43:09,2.7
下游闸内水位,2022-12-03,19:48:15,2.8
下游闸外水位,2022-12-03,19:48:15,2.7
内河侧水位,2022-12-03,20:00:00,4.0
长江侧水位,2022-12-03,20:00:00,2.6
下游闸内水位,2022-12-03,20:34:38,2.5
下游闸外水位,2022-12-03,20:34:38,2.6
上游闸内水位,2022-12-03,20:39:29,2.6
上游闸外水位,2022-12-03,20:39:29,4.0
上游闸内水位,2022-12-03,20:42:57,3.8
上游闸外水位,2022-12-03,20:42:57,3.9
内河侧水位,2022-12-03,21:00:00,3.9
长江侧水位,2022-12-03,21:00:00,2.5
上游闸内水位,2022-12-03,21:19:13,4.0
上游闸外水位,2022-12-03,21:19:13,4.0
下游闸内水位,2022-12-03,21:22:46,4.0
下游闸外水位,2022-12-03,21:22:46,2.5
下游闸内水位,2022-12-03,21:28:06,2.6
下游闸外水位,2022-12-03,21:28:06,2.4
内河侧水位,2022-12-03,22:00:00,4.0
长江侧水位,2022-12-03,22:00:00,2.4
下游闸内水位,2022-12-03,22:08:13,2.3
下游闸外水位,2022-12-03,22:08:13,2.4
上游闸内水位,2022-12-03,22:10:50,2.2
上游闸外水位,2022-12-03,22:10:50,4.0
上游闸内水位,2022-12-03,22:17:28,4.1
上游闸外水位,2022-12-03,22:17:28,4.0
下游闸内水位,2022-12-03,23:04:36,4.0
下游闸外水位,2022-12-03,23:04:36,2.3
下游闸内水位,2022-12-03,23:10:12,2.4
下游闸外水位,2022-12-03,23:10:12,2.3
下游闸内水位,2022-12-03,23:44:48,2.4
下游闸外水位,2022-12-03,23:44:48,2.3
上游闸内水位,2022-12-03,23:47:31,2.3
上游闸外水位,2022-12-03,23:47:31,4.0
上游闸内水位,2022-12-03,23:51:57,3.9
上游闸外水位,2022-12-03,23:51:57,3.9
内河侧水位,2022-12-04,0:00:00,3.9
长江侧水位,2022-12-04,0:00:00,2.4
内河侧水位,2022-12-04,1:00:00,3.9
长江侧水位,2022-12-04,1:00:00,3.1
内河侧水位,2022-12-04,2:00:00,4.0
长江侧水位,2022-12-04,2:00:00,3.5
内河侧水位,2022-12-04,3:00:00,4.0
长江侧水位,2022-12-04,3:00:00,3.7
内河侧水位,2022-12-04,4:00:00,4.0
长江侧水位,2022-12-04,4:00:00,4.0
内河侧水位,2022-12-04,5:00:00,4.0
长江侧水位,2022-12-04,5:00:00,3.7
内河侧水位,2022-12-04,6:00:00,4.0
长江侧水位,2022-12-04,6:00:00,3.3
内河侧水位,2022-12-04,7:00:00,3.9
长江侧水位,2022-12-04,7:00:00,3.1
内河侧水位,2022-12-04,8:00:00,4.0
长江侧水位,2022-12-04,8:00:00,2.8
内河侧水位,2022-12-04,11:00:00,4.0
长江侧水位,2022-12-04,11:00:00,2.5
内河侧水位,2022-12-04,12:00:00,3.9
长江侧水位,2022-12-04,12:00:00,2.4
内河侧水位,2022-12-04,13:00:00,3.9
长江侧水位,2022-12-04,13:00:00,2.9
内河侧水位,2022-12-04,14:00:00,4.0
长江侧水位,2022-12-04,14:00:00,3.7
内河侧水位,2022-12-04,15:00:00,4.0
长江侧水位,2022-12-04,15:00:00,4.0
内河侧水位,2022-12-04,16:00:00,3.9
长江侧水位,2022-12-04,16:00:00,4.2
内河侧水位,2022-12-04,18:00:00,4.0
长江侧水位,2022-12-04,18:00:00,3.9
内河侧水位,2022-12-04,17:00:00,4.0
长江侧水位,2022-12-04,17:00:00,4.2
内河侧水位,2022-12-04,23:00:00,4.1
长江侧水位,2022-12-04,23:00:00,2.8
内河侧水位,2022-12-05,0:00:00,4.0
长江侧水位,2022-12-05,0:00:00,2.6
内河侧水位,2022-12-05,1:00:00,4.0
长江侧水位,2022-12-05,1:00:00,2.6
内河侧水位,2022-12-05,2:00:00,4.0
长江侧水位,2022-12-05,2:00:00,3.3
内河侧水位,2022-12-05,3:00:00,4.1
长江侧水位,2022-12-05,3:00:00,3.8
内河侧水位,2022-12-05,4:00:00,4.1
长江侧水位,2022-12-05,4:00:00,4.1
内河侧水位,2022-12-05,5:00:00,4.1
长江侧水位,2022-12-05,5:00:00,4.0
内河侧水位,2022-12-04,19:00:00,4.1
长江侧水位,2022-12-04,19:00:00,3.6
内河侧水位,2022-12-04,20:00:00,4.1
长江侧水位,2022-12-04,20:00:00,3.3
内河侧水位,2022-12-04,21:00:00,4.0
长江侧水位,2022-12-04,21:00:00,3.1
内河侧水位,2022-12-04,22:00:00,3.9
长江侧水位,2022-12-04,22:00:00,2.9
内河侧水位,2022-12-05,11:00:00,3.9
长江侧水位,2022-12-05,11:00:00,2.6
内河侧水位,2022-12-05,12:00:00,4.0
长江侧水位,2022-12-05,12:00:00,2.5
内河侧水位,2022-12-05,14:00:00,3.9
长江侧水位,2022-12-05,14:00:00,2.8
内河侧水位,2022-12-05,15:00:00,4.0
长江侧水位,2022-12-05,15:00:00,3.6
内河侧水位,2022-12-05,16:00:00,3.7
长江侧水位,2022-12-05,16:00:00,3.9
内河侧水位,2022-12-05,17:00:00,4.0
长江侧水位,2022-12-05,17:00:00,4.1
内河侧水位,2022-12-05,18:00:00,3.9
长江侧水位,2022-12-05,18:00:00,4.0
内河侧水位,2022-12-05,6:00:00,4.0
长江侧水位,2022-12-05,6:00:00,3.7
内河侧水位,2022-12-05,7:00:00,4.0
长江侧水位,2022-12-05,7:00:00,3.4
内河侧水位,2022-12-05,8:00:00,4.0
长江侧水位,2022-12-05,8:00:00,3.1
内河侧水位,2022-12-05,9:00:00,4.0
长江侧水位,2022-12-05,9:00:00,3.0
内河侧水位,2022-12-05,10:00:00,4.0
长江侧水位,2022-12-05,10:00:00,2.8
内河侧水位,2022-12-05,13:00:00,4.0
长江侧水位,2022-12-05,13:00:00,2.4
内河侧水位,2022-12-05,19:00:00,3.9
长江侧水位,2022-12-05,19:00:00,3.7
内河侧水位,2022-12-05,20:00:00,4.0
长江侧水位,2022-12-05,20:00:00,3.3
内河侧水位,2022-12-06,1:00:00,4.0
长江侧水位,2022-12-06,1:00:00,2.5
内河侧水位,2022-12-06,2:00:00,3.9
长江侧水位,2022-12-06,2:00:00,2.6
内河侧水位,2022-12-06,3:00:00,3.9
长江侧水位,2022-12-06,3:00:00,3.3
内河侧水位,2022-12-06,4:00:00,4.0
长江侧水位,2022-12-06,4:00:00,3.7
内河侧水位,2022-12-06,5:00:00,4.0
长江侧水位,2022-12-06,5:00:00,3.9
内河侧水位,2022-12-06,6:00:00,4.0
长江侧水位,2022-12-06,6:00:00,3.8
内河侧水位,2022-12-06,7:00:00,4.0
长江侧水位,2022-12-06,7:00:00,3.5
内河侧水位,2022-12-06,8:00:00,4.0
长江侧水位,2022-12-06,8:00:00,3.2
内河侧水位,2022-12-05,21:00:00,4.0
长江侧水位,2022-12-05,21:00:00,3.1
内河侧水位,2022-12-05,22:00:00,4.0
长江侧水位,2022-12-05,22:00:00,3.0
内河侧水位,2022-12-06,0:00:00,4.0
长江侧水位,2022-12-06,0:00:00,2.6
内河侧水位,2022-12-06,14:00:00,4.0
长江侧水位,2022-12-06,14:00:00,2.3
内河侧水位,2022-12-06,15:00:00,4.0
长江侧水位,2022-12-06,15:00:00,3.2
内河侧水位,2022-12-06,16:00:00,3.9
长江侧水位,2022-12-06,16:00:00,3.9
内河侧水位,2022-12-06,17:00:00,4.1
长江侧水位,2022-12-06,17:00:00,4.1
内河侧水位,2022-12-06,18:00:00,4.0
长江侧水位,2022-12-06,18:00:00,4.1
内河侧水位,2022-12-06,19:00:00,3.8
长江侧水位,2022-12-06,19:00:00,4.0
内河侧水位,2022-12-06,20:00:00,3.8
长江侧水位,2022-12-06,20:00:00,3.6
内河侧水位,2022-12-06,21:00:00,3.9
长江侧水位,2022-12-06,21:00:00,3.2
内河侧水位,2022-12-05,23:00:00,4.0
长江侧水位,2022-12-05,23:00:00,2.8
内河侧水位,2022-12-06,11:00:00,4.0
长江侧水位,2022-12-06,11:00:00,2.6
内河侧水位,2022-12-06,22:00:00,3.9
长江侧水位,2022-12-06,22:00:00,3.0
内河侧水位,2022-12-06,23:00:00,3.9
长江侧水位,2022-12-06,23:00:00,2.8
内河侧水位,2022-12-07,0:00:00,3.9
长江侧水位,2022-12-07,0:00:00,2.7
内河侧水位,2022-12-07,11:00:00,3.9
长江侧水位,2022-12-07,11:00:00,2.8
内河侧水位,2022-12-07,21:00:00,4.0
长江侧水位,2022-12-07,21:00:00,3.5
内河侧水位,2022-12-08,11:00:00,4.0
长江侧水位,2022-12-08,11:00:00,2.9
内河侧水位,2022-12-08,23:00:00,4.0
长江侧水位,2022-12-08,23:00:00,3.2
内河侧水位,2022-12-06,12:00:00,4.0
长江侧水位,2022-12-06,12:00:00,2.5
内河侧水位,2022-12-07,13:00:00,3.8
长江侧水位,2022-12-07,13:00:00,2.4
内河侧水位,2022-12-07,14:00:00,4.0
长江侧水位,2022-12-07,14:00:00,2.3
内河侧水位,2022-12-07,15:00:00,3.9
长江侧水位,2022-12-07,15:00:00,2.5
内河侧水位,2022-12-07,16:00:00,3.9
长江侧水位,2022-12-07,16:00:00,3.5
内河侧水位,2022-12-07,17:00:00,3.8
长江侧水位,2022-12-07,17:00:00,3.9
内河侧水位,2022-12-07,18:00:00,4.1
长江侧水位,2022-12-07,18:00:00,4.2
内河侧水位,2022-12-07,19:00:00,4.0
长江侧水位,2022-12-07,19:00:00,4.2
内河侧水位,2022-12-07,20:00:00,3.8
长江侧水位,2022-12-07,20:00:00,3.8
内河侧水位,2022-12-06,9:00:00,4.1
长江侧水位,2022-12-06,9:00:00,2.9
内河侧水位,2022-12-06,10:00:00,4.0
长江侧水位,2022-12-06,10:00:00,2.8
内河侧水位,2022-12-07,1:00:00,4.0
长江侧水位,2022-12-07,1:00:00,2.6
内河侧水位,2022-12-07,2:00:00,4.0
长江侧水位,2022-12-07,2:00:00,2.5
内河侧水位,2022-12-07,3:00:00,3.9
长江侧水位,2022-12-07,3:00:00,2.6
内河侧水位,2022-12-07,4:00:00,3.9
长江侧水位,2022-12-07,4:00:00,3.3
内河侧水位,2022-12-06,13:00:00,4.0
长江侧水位,2022-12-06,13:00:00,2.3
内河侧水位,2022-12-07,5:00:00,3.9
长江侧水位,2022-12-07,5:00:00,3.7
内河侧水位,2022-12-07,6:00:00,4.0
长江侧水位,2022-12-07,6:00:00,3.9
内河侧水位,2022-12-07,7:00:00,4.0
长江侧水位,2022-12-07,7:00:00,3.7
内河侧水位,2022-12-07,8:00:00,4.0
长江侧水位,2022-12-07,8:00:00,3.4
内河侧水位,2022-12-07,9:00:00,4.0
长江侧水位,2022-12-07,9:00:00,3.1
内河侧水位,2022-12-07,10:00:00,3.9
长江侧水位,2022-12-07,10:00:00,2.9
内河侧水位,2022-12-07,12:00:00,4.0
长江侧水位,2022-12-07,12:00:00,2.6
内河侧水位,2022-12-07,22:00:00,4.0
长江侧水位,2022-12-07,22:00:00,3.2
内河侧水位,2022-12-07,23:00:00,4.0
长江侧水位,2022-12-07,23:00:00,3.0
内河侧水位,2022-12-08,0:00:00,4.0
长江侧水位,2022-12-08,0:00:00,2.9
内河侧水位,2022-12-08,1:00:00,4.0
长江侧水位,2022-12-08,1:00:00,2.8
内河侧水位,2022-12-08,2:00:00,4.0
长江侧水位,2022-12-08,2:00:00,2.5
内河侧水位,2022-12-08,3:00:00,3.9
长江侧水位,2022-12-08,3:00:00,2.5
内河侧水位,2022-12-08,4:00:00,4.0
长江侧水位,2022-12-08,4:00:00,2.7
内河侧水位,2022-12-08,5:00:00,4.0
长江侧水位,2022-12-08,5:00:00,3.5
内河侧水位,2022-12-08,6:00:00,4.0
长江侧水位,2022-12-08,6:00:00,3.8
内河侧水位,2022-12-08,7:00:00,4.0
长江侧水位,2022-12-08,7:00:00,3.9
内河侧水位,2022-12-08,8:00:00,4.0
长江侧水位,2022-12-08,8:00:00,3.5
内河侧水位,2022-12-08,9:00:00,4.0
长江侧水位,2022-12-08,9:00:00,3.3
内河侧水位,2022-12-08,10:00:00,4.0
长江侧水位,2022-12-08,10:00:00,3.0
内河侧水位,2022-12-08,12:00:00,4.0
长江侧水位,2022-12-08,12:00:00,2.7
内河侧水位,2022-12-08,13:00:00,4.1
长江侧水位,2022-12-08,13:00:00,2.4
内河侧水位,2022-12-08,14:00:00,4.0
长江侧水位,2022-12-08,14:00:00,2.3
内河侧水位,2022-12-08,15:00:00,4.1
长江侧水位,2022-12-08,15:00:00,2.3
内河侧水位,2022-12-08,16:00:00,4.0
长江侧水位,2022-12-08,16:00:00,2.9
内河侧水位,2022-12-08,18:00:00,4.1
长江侧水位,2022-12-08,18:00:00,4.1
内河侧水位,2022-12-08,19:00:00,4.3
长江侧水位,2022-12-08,19:00:00,4.3
内河侧水位,2022-12-08,20:00:00,4.1
长江侧水位,2022-12-08,20:00:00,4.1
内河侧水位,2022-12-08,21:00:00,4.0
长江侧水位,2022-12-08,21:00:00,3.5
内河侧水位,2022-12-08,17:00:00,4.0
长江侧水位,2022-12-08,17:00:00,3.9
内河侧水位,2022-12-08,22:00:00,4.0
长江侧水位,2022-12-08,22:00:00,3.4
内河侧水位,2022-12-09,0:00:00,4.1
长江侧水位,2022-12-09,0:00:00,3.0
内河侧水位,2022-12-09,1:00:00,4.1
长江侧水位,2022-12-09,1:00:00,2.8
内河侧水位,2022-12-09,2:00:00,4.1
长江侧水位,2022-12-09,2:00:00,2.6
内河侧水位,2022-12-09,3:00:00,3.8
长江侧水位,2022-12-09,3:00:00,2.5
内河侧水位,2022-12-09,4:00:00,4.0
长江侧水位,2022-12-09,4:00:00,2.6
内河侧水位,2022-12-09,5:00:00,4.0
长江侧水位,2022-12-09,5:00:00,3.3
内河侧水位,2022-12-09,21:00:00,4.0
长江侧水位,2022-12-09,21:00:00,4.1
内河侧水位,2022-12-09,22:00:00,4.1
长江侧水位,2022-12-09,22:00:00,3.7
内河侧水位,2022-12-09,23:00:00,4.1
长江侧水位,2022-12-09,23:00:00,3.4
内河侧水位,2022-12-10,0:00:00,4.0
长江侧水位,2022-12-10,0:00:00,3.2
内河侧水位,2022-12-10,1:00:00,4.0
长江侧水位,2022-12-10,1:00:00,3.0
内河侧水位,2022-12-10,2:00:00,4.0
长江侧水位,2022-12-10,2:00:00,2.8
内河侧水位,2022-12-10,3:00:00,4.0
长江侧水位,2022-12-10,3:00:00,2.7
内河侧水位,2022-12-10,4:00:00,4.0
长江侧水位,2022-12-10,4:00:00,2.6
内河侧水位,2022-12-10,5:00:00,4.0
长江侧水位,2022-12-10,5:00:00,2.8
内河侧水位,2022-12-10,6:00:00,4.0
长江侧水位,2022-12-10,6:00:00,3.6
内河侧水位,2022-12-10,7:00:00,4.0
长江侧水位,2022-12-10,7:00:00,3.9
下游闸内水位,2022-12-10,7:17:35,3.9
下游闸外水位,2022-12-10,7:17:35,4.0
下游闸内水位,2022-12-10,7:19:03,3.9
下游闸外水位,2022-12-10,7:19:03,4.0
上游闸内水位,2022-12-10,7:41:15,4.0
上游闸外水位,2022-12-10,7:41:15,4.0
上游闸内水位,2022-12-10,7:43:01,4.1
上游闸外水位,2022-12-10,7:43:01,4.0
内河侧水位,2022-12-10,8:00:00,4.0
长江侧水位,2022-12-10,8:00:00,4.0
上游闸内水位,2022-12-10,8:18:06,4.1
上游闸外水位,2022-12-10,8:18:06,4.0
下游闸内水位,2022-12-10,8:20:42,4.1
下游闸外水位,2022-12-10,8:20:42,3.9
下游闸内水位,2022-12-10,8:22:10,4.0
下游闸外水位,2022-12-10,8:22:10,3.9
下游闸内水位,2022-12-10,8:56:03,3.7
下游闸外水位,2022-12-10,8:56:03,3.7
上游闸内水位,2022-12-10,8:58:38,3.7
上游闸外水位,2022-12-10,8:58:38,4.0
内河侧水位,2022-12-10,9:00:00,3.9
长江侧水位,2022-12-10,9:00:00,3.7
上游闸内水位,2022-12-10,9:00:27,3.9
上游闸外水位,2022-12-10,9:00:27,4.0
上游闸内水位,2022-12-10,9:19:58,4.0
上游闸外水位,2022-12-10,9:19:58,4.0
下游闸内水位,2022-12-10,9:22:35,4.0
下游闸外水位,2022-12-10,9:22:35,3.6
下游闸内水位,2022-12-10,9:24:56,3.7
下游闸外水位,2022-12-10,9:24:56,3.6
上游闸内水位,2022-12-10,9:45:23,3.5
上游闸外水位,2022-12-10,9:45:23,4.0
上游闸内水位,2022-12-10,9:47:19,3.8
上游闸外水位,2022-12-10,9:47:19,4.0
上游闸内水位,2022-12-10,9:57:51,4.1
上游闸外水位,2022-12-10,9:57:51,4.0
内河侧水位,2022-12-10,10:00:00,4.0
长江侧水位,2022-12-10,10:00:00,3.4
下游闸内水位,2022-12-10,10:00:27,4.1
下游闸外水位,2022-12-10,10:00:27,3.5
下游闸内水位,2022-12-10,10:05:15,3.3
下游闸外水位,2022-12-10,10:05:15,3.3
下游闸内水位,2022-12-10,10:29:38,3.2
下游闸外水位,2022-12-10,10:29:38,3.3
上游闸内水位,2022-12-10,10:33:00,3.3
上游闸外水位,2022-12-10,10:33:00,4.0
上游闸内水位,2022-12-10,10:35:17,3.8
上游闸外水位,2022-12-10,10:35:17,3.9
上游闸内水位,2022-12-10,10:52:37,4.1
上游闸外水位,2022-12-10,10:52:37,4.0
下游闸内水位,2022-12-10,11:20:35,3.0
内河侧水位,2022-12-09,6:00:00,4.0
长江侧水位,2022-12-09,6:00:00,3.7
内河侧水位,2022-12-09,7:00:00,4.0
长江侧水位,2022-12-09,7:00:00,3.9
内河侧水位,2022-12-09,8:00:00,4.0
长江侧水位,2022-12-09,8:00:00,3.9
内河侧水位,2022-12-09,9:00:00,4.0
长江侧水位,2022-12-09,9:00:00,3.5
内河侧水位,2022-12-09,10:00:00,4.0
长江侧水位,2022-12-09,10:00:00,3.2
内河侧水位,2022-12-09,11:00:00,4.0
长江侧水位,2022-12-09,11:00:00,3.0
内河侧水位,2022-12-09,12:00:00,4.0
长江侧水位,2022-12-09,12:00:00,2.9
内河侧水位,2022-12-09,13:00:00,4.0
长江侧水位,2022-12-09,13:00:00,2.7
内河侧水位,2022-12-09,14:00:00,3.9
长江侧水位,2022-12-09,14:00:00,2.5
内河侧水位,2022-12-09,15:00:00,4.0
长江侧水位,2022-12-09,15:00:00,2.4
内河侧水位,2022-12-09,16:00:00,3.9
长江侧水位,2022-12-09,16:00:00,2.6
内河侧水位,2022-12-09,17:00:00,4.0
长江侧水位,2022-12-09,17:00:00,3.7
内河侧水位,2022-12-09,18:00:00,4.0
长江侧水位,2022-12-09,18:00:00,4.1
内河侧水位,2022-12-09,19:00:00,4.0
长江侧水位,2022-12-09,19:00:00,4.4
内河侧水位,2022-12-09,20:00:00,4.0
长江侧水位,2022-12-09,20:00:00,4.4
下游闸内水位,2022-12-10,7:38:40,4.0
下游闸外水位,2022-12-10,7:38:40,4.0
下游闸内水位,2022-12-10,9:42:40,3.5
下游闸外水位,2022-12-10,9:42:40,3.5
下游闸内水位,2022-12-10,10:55:11,4.1
下游闸外水位,2022-12-10,10:55:11,3.2
下游闸内水位,2022-12-10,10:58:41,3.3
下游闸外水位,2022-12-10,10:58:41,3.2
内河侧水位,2022-12-10,11:00:00,4.1
长江侧水位,2022-12-10,11:00:00,3.1
下游闸内水位,2022-12-10,11:54:47,3.1
下游闸外水位,2022-12-10,11:54:47,3.1
内河侧水位,2022-12-10,12:00:00,4.0
长江侧水位,2022-12-10,12:00:00,2.8
下游闸内水位,2022-12-10,12:19:39,2.8
下游闸外水位,2022-12-10,12:19:39,2.8
上游闸内水位,2022-12-10,12:22:18,2.8
上游闸外水位,2022-12-10,12:22:18,4.0
下游闸内水位,2022-12-10,12:43:47,4.0
下游闸外水位,2022-12-10,12:43:47,2.7
下游闸内水位,2022-12-10,12:47:51,3.0
下游闸外水位,2022-12-10,12:47:51,2.9
内河侧水位,2022-12-10,13:00:00,4.0
长江侧水位,2022-12-10,13:00:00,2.6
下游闸内水位,2022-12-10,13:08:43,2.8
下游闸外水位,2022-12-10,13:08:43,2.8
上游闸内水位,2022-12-10,13:11:20,2.7
上游闸外水位,2022-12-10,13:11:20,4.0
上游闸内水位,2022-12-10,13:14:25,3.7
上游闸外水位,2022-12-10,13:14:25,3.9
上游闸内水位,2022-12-10,13:40:55,4.0
上游闸外水位,2022-12-10,13:40:55,3.9
下游闸外水位,2022-12-10,11:20:35,3.0
上游闸内水位,2022-12-10,11:26:03,2.9
上游闸外水位,2022-12-10,11:26:03,4.0
上游闸内水位,2022-12-10,11:30:11,4.1
上游闸外水位,2022-12-10,11:30:11,4.0
上游闸内水位,2022-12-10,11:45:16,4.1
上游闸外水位,2022-12-10,11:45:16,4.0
下游闸内水位,2022-12-10,11:50:28,4.1
下游闸外水位,2022-12-10,11:50:28,3.0
上游闸内水位,2022-12-10,12:25:25,3.8
上游闸外水位,2022-12-10,12:25:25,3.9
上游闸内水位,2022-12-10,12:41:15,4.1
上游闸外水位,2022-12-10,12:41:15,3.9
上游闸内水位,2022-12-10,14:22:27,2.5
上游闸外水位,2022-12-10,14:22:27,4.0
内河侧水位,2022-12-10,23:00:00,4.0
长江侧水位,2022-12-10,23:00:00,3.4
上游闸内水位,2022-12-10,23:03:59,4.1
上游闸外水位,2022-12-10,23:03:59,4.0
下游闸内水位,2022-12-10,23:06:31,4.1
下游闸外水位,2022-12-10,23:06:31,3.4
内河侧水位,2022-12-11,9:00:00,3.7
长江侧水位,2022-12-11,9:00:00,3.7
上游闸内水位,2022-12-11,9:44:40,3.4
上游闸外水位,2022-12-11,9:44:40,3.4
上游闸内水位,2022-12-11,9:51:16,3.4
上游闸外水位,2022-12-11,9:51:16,3.4
内河侧水位,2022-12-11,10:00:00,3.7
长江侧水位,2022-12-11,10:00:00,3.4
下游闸内水位,2022-12-11,10:20:12,3.4
下游闸外水位,2022-12-11,10:20:12,3.4
上游闸内水位,2022-12-11,10:22:48,3.1
上游闸外水位,2022-12-11,10:22:48,3.7
上游闸内水位,2022-12-11,10:24:44,3.5
上游闸外水位,2022-12-11,10:24:44,3.7
内河侧水位,2022-12-11,11:00:00,3.8
长江侧水位,2022-12-11,11:00:00,3.2
上游闸内水位,2022-12-11,14:04:02,4.0
上游闸外水位,2022-12-11,14:04:02,3.9
上游闸内水位,2022-12-11,14:49:07,2.5
上游闸外水位,2022-12-11,14:49:07,3.9
上游闸内水位,2022-12-11,15:24:17,4.0
上游闸外水位,2022-12-11,15:24:17,3.9
下游闸内水位,2022-12-11,22:52:25,3.5
下游闸外水位,2022-12-11,22:52:25,3.6
内河侧水位,2022-12-11,23:00:00,3.9
长江侧水位,2022-12-11,23:00:00,3.6
内河侧水位,2022-12-12,0:00:00,3.9
长江侧水位,2022-12-12,0:00:00,3.3
下游闸内水位,2022-12-12,0:15:38,3.3
下游闸外水位,2022-12-12,0:15:38,3.3
上游闸内水位,2022-12-12,0:18:20,3.3
上游闸外水位,2022-12-12,0:18:20,3.9
上游闸内水位,2022-12-12,0:20:36,3.8
上游闸外水位,2022-12-12,0:20:36,3.9
下游闸内水位,2022-12-12,1:52:11,2.9
下游闸外水位,2022-12-12,1:52:11,2.9
上游闸内水位,2022-12-12,1:55:07,2.9
上游闸外水位,2022-12-12,1:55:07,4.0
上游闸内水位,2022-12-12,1:58:25,3.8
上游闸外水位,2022-12-12,1:58:25,4.0
内河侧水位,2022-12-12,2:00:00,4.1
长江侧水位,2022-12-12,2:00:00,3.0
上游闸内水位,2022-12-12,2:40:16,4.0
上游闸外水位,2022-12-12,2:40:16,4.0
下游闸内水位,2022-12-12,2:43:05,4.0
下游闸外水位,2022-12-12,2:43:05,2.8
下游闸内水位,2022-12-12,2:47:15,3.0
下游闸外水位,2022-12-12,2:47:15,2.9
下游闸内水位,2022-12-12,3:46:31,2.7
下游闸外水位,2022-12-12,3:46:31,2.7
上游闸内水位,2022-12-12,3:49:10,2.6
上游闸外水位,2022-12-12,3:49:10,4.0
上游闸内水位,2022-12-12,3:52:35,3.8
上游闸外水位,2022-12-12,3:52:35,3.9
内河侧水位,2022-12-12,4:00:00,3.9
长江侧水位,2022-12-12,4:00:00,2.7
上游闸内水位,2022-12-12,4:39:08,4.0
上游闸外水位,2022-12-12,4:39:08,3.9
下游闸内水位,2022-12-12,4:41:52,4.0
下游闸外水位,2022-12-12,4:41:52,2.6
下游闸内水位,2022-12-12,4:46:38,2.7
下游闸外水位,2022-12-12,4:46:38,2.6
内河侧水位,2022-12-12,5:00:00,3.9
长江侧水位,2022-12-12,5:00:00,2.5
下游闸内水位,2022-12-12,5:33:52,2.4
下游闸外水位,2022-12-12,5:33:52,2.5
下游闸内水位,2022-12-10,13:43:29,4.0
下游闸外水位,2022-12-10,13:43:29,2.8
下游闸内水位,2022-12-10,13:48:02,2.8
下游闸外水位,2022-12-10,13:48:02,2.7
内河侧水位,2022-12-10,14:00:00,4.0
长江侧水位,2022-12-10,14:00:00,2.6
下游闸内水位,2022-12-10,14:19:51,2.5
下游闸外水位,2022-12-10,14:19:51,2.6
上游闸内水位,2022-12-10,14:25:54,3.8
上游闸外水位,2022-12-10,14:25:54,3.9
上游闸内水位,2022-12-10,14:49:44,4.0
上游闸外水位,2022-12-10,14:49:44,4.0
下游闸内水位,2022-12-10,14:52:17,4.0
下游闸外水位,2022-12-10,14:52:17,2.5
下游闸内水位,2022-12-10,14:57:26,2.5
下游闸外水位,2022-12-10,14:57:26,2.4
内河侧水位,2022-12-10,15:00:00,3.9
长江侧水位,2022-12-10,15:00:00,2.4
下游闸内水位,2022-12-10,15:34:32,2.4
下游闸外水位,2022-12-10,15:34:32,2.4
上游闸内水位,2022-12-10,15:37:09,2.4
上游闸外水位,2022-12-10,15:37:09,3.9
上游闸内水位,2022-12-10,15:40:41,3.7
上游闸外水位,2022-12-10,15:40:41,3.9
内河侧水位,2022-12-10,16:00:00,3.9
长江侧水位,2022-12-10,16:00:00,2.4
上游闸内水位,2022-12-10,16:08:23,3.9
上游闸外水位,2022-12-10,16:08:23,3.9
下游闸内水位,2022-12-10,16:10:56,4.0
下游闸外水位,2022-12-10,16:10:56,2.4
下游闸内水位,2022-12-10,16:15:52,2.5
下游闸外水位,2022-12-10,16:15:52,2.4
下游闸内水位,2022-12-10,16:47:39,2.7
下游闸外水位,2022-12-10,16:47:39,2.6
上游闸内水位,2022-12-10,16:50:16,2.7
上游闸外水位,2022-12-10,16:50:16,3.9
上游闸内水位,2022-12-10,16:53:52,3.9
上游闸外水位,2022-12-10,16:53:52,3.9
内河侧水位,2022-12-10,17:00:00,3.9
长江侧水位,2022-12-10,17:00:00,2.9
上游闸内水位,2022-12-10,17:38:31,4.0
上游闸外水位,2022-12-10,17:38:31,3.9
下游闸内水位,2022-12-10,17:41:31,4.0
下游闸外水位,2022-12-10,17:41:31,3.5
下游闸内水位,2022-12-10,17:43:48,3.7
下游闸外水位,2022-12-10,17:43:48,3.5
内河侧水位,2022-12-10,18:00:00,3.9
长江侧水位,2022-12-10,18:00:00,3.8
下游闸内水位,2022-12-10,18:30:09,3.9
下游闸外水位,2022-12-10,18:30:09,3.9
上游闸内水位,2022-12-10,18:32:13,4.0
上游闸外水位,2022-12-10,18:32:13,3.9
下游闸内水位,2022-12-10,18:51:06,4.0
下游闸外水位,2022-12-10,18:51:06,4.0
内河侧水位,2022-12-10,19:00:00,4.0
长江侧水位,2022-12-10,19:00:00,4.1
内河侧水位,2022-12-10,20:00:00,4.1
长江侧水位,2022-12-10,20:00:00,4.3
上游闸内水位,2022-12-10,20:24:16,4.2
上游闸外水位,2022-12-10,20:24:16,4.1
内河侧水位,2022-12-10,21:00:00,4.1
长江侧水位,2022-12-10,21:00:00,4.1
下游闸内水位,2022-12-10,21:01:02,4.0
下游闸外水位,2022-12-10,21:01:02,4.1
上游闸内水位,2022-12-10,21:03:39,4.1
上游闸外水位,2022-12-10,21:03:39,4.1
上游闸内水位,2022-12-10,21:05:34,4.1
上游闸外水位,2022-12-10,21:05:34,4.1
上游闸内水位,2022-12-10,21:38:40,4.1
上游闸外水位,2022-12-10,21:38:40,4.0
下游闸内水位,2022-12-10,21:42:15,4.1
下游闸外水位,2022-12-10,21:42:15,3.8
下游闸内水位,2022-12-10,21:45:28,3.8
下游闸外水位,2022-12-10,21:45:28,3.8
内河侧水位,2022-12-10,22:00:00,4.0
长江侧水位,2022-12-10,22:00:00,3.7
下游闸内水位,2022-12-10,22:21:02,3.6
下游闸外水位,2022-12-10,22:21:02,3.6
上游闸内水位,2022-12-10,22:23:44,3.5
上游闸外水位,2022-12-10,22:23:44,4.0
上游闸内水位,2022-12-10,22:27:18,4.1
上游闸外水位,2022-12-10,22:27:18,4.0
上游闸内水位,2022-12-11,11:06:54,3.9
上游闸外水位,2022-12-11,11:06:54,3.9
下游闸内水位,2022-12-11,11:09:28,3.9
下游闸外水位,2022-12-11,11:09:28,3.1
下游闸内水位,2022-12-11,11:13:08,3.2
下游闸内水位,2022-12-10,23:09:44,3.4
下游闸外水位,2022-12-10,23:09:44,3.3
下游闸内水位,2022-12-10,23:43:43,3.1
下游闸外水位,2022-12-10,23:43:43,3.2
上游闸内水位,2022-12-10,23:49:39,3.2
上游闸外水位,2022-12-10,23:49:39,4.0
上游闸内水位,2022-12-10,23:52:14,3.8
上游闸外水位,2022-12-10,23:52:14,3.9
内河侧水位,2022-12-11,0:00:00,3.9
长江侧水位,2022-12-11,0:00:00,3.1
上游闸内水位,2022-12-11,0:23:50,4.1
上游闸外水位,2022-12-11,0:23:50,4.0
下游闸内水位,2022-12-11,0:26:28,4.0
下游闸外水位,2022-12-11,0:26:28,3.1
下游闸内水位,2022-12-11,0:30:35,3.2
下游闸外水位,2022-12-11,0:30:35,3.1
内河侧水位,2022-12-11,1:00:00,4.0
长江侧水位,2022-12-11,1:00:00,3.0
下游闸内水位,2022-12-11,1:03:24,2.9
下游闸外水位,2022-12-11,1:03:24,3.0
上游闸内水位,2022-12-11,1:07:52,3.0
上游闸外水位,2022-12-11,1:07:52,3.9
上游闸内水位,2022-12-11,1:10:49,3.8
上游闸外水位,2022-12-11,1:10:49,3.9
上游闸内水位,2022-12-11,1:57:37,4.0
上游闸外水位,2022-12-11,1:57:37,3.9
内河侧水位,2022-12-11,2:00:00,3.9
长江侧水位,2022-12-11,2:00:00,2.8
下游闸内水位,2022-12-11,2:00:21,4.0
下游闸外水位,2022-12-11,2:00:21,2.8
下游闸内水位,2022-12-11,2:03:58,3.3
下游闸外水位,2022-12-11,2:03:58,2.8
下游闸内水位,2022-12-11,2:06:03,2.9
下游闸外水位,2022-12-11,2:06:03,2.8
内河侧水位,2022-12-11,3:00:00,3.9
长江侧水位,2022-12-11,3:00:00,2.7
下游闸内水位,2022-12-11,3:03:12,2.7
下游闸外水位,2022-12-11,3:03:12,2.7
上游闸内水位,2022-12-11,3:05:55,2.6
上游闸外水位,2022-12-11,3:05:55,3.9
上游闸内水位,2022-12-11,3:09:20,3.7
上游闸外水位,2022-12-11,3:09:20,3.9
上游闸内水位,2022-12-11,3:42:42,4.0
上游闸外水位,2022-12-11,3:42:42,3.9
下游闸内水位,2022-12-11,3:45:26,4.0
下游闸外水位,2022-12-11,3:45:26,2.5
下游闸内水位,2022-12-11,3:50:23,2.6
下游闸外水位,2022-12-11,3:50:23,2.5
内河侧水位,2022-12-11,4:00:00,3.9
长江侧水位,2022-12-11,4:00:00,2.5
下游闸内水位,2022-12-11,4:35:13,2.4
下游闸外水位,2022-12-11,4:35:13,2.4
上游闸内水位,2022-12-11,4:37:54,2.4
上游闸外水位,2022-12-11,4:37:54,3.9
上游闸内水位,2022-12-11,4:41:42,3.8
上游闸外水位,2022-12-11,4:41:42,3.9
内河侧水位,2022-12-11,5:00:00,3.9
长江侧水位,2022-12-11,5:00:00,2.5
上游闸内水位,2022-12-11,5:32:12,4.0
上游闸外水位,2022-12-11,5:32:12,3.9
下游闸内水位,2022-12-11,5:34:54,4.0
下游闸外水位,2022-12-11,5:34:54,2.8
下游闸内水位,2022-12-11,5:39:22,2.9
下游闸外水位,2022-12-11,5:39:22,2.8
内河侧水位,2022-12-11,6:00:00,3.9
长江侧水位,2022-12-11,6:00:00,3.1
下游闸内水位,2022-12-11,6:30:41,3.4
下游闸外水位,2022-12-11,6:30:41,3.5
上游闸内水位,2022-12-11,6:33:29,3.5
上游闸外水位,2022-12-11,6:33:29,3.9
上游闸内水位,2022-12-11,6:35:36,3.8
上游闸外水位,2022-12-11,6:35:36,3.9
内河侧水位,2022-12-11,7:00:00,4.0
长江侧水位,2022-12-11,7:00:00,3.7
上游闸内水位,2022-12-11,7:18:03,4.0
上游闸外水位,2022-12-11,7:18:03,4.0
下游闸内水位,2022-12-11,7:21:28,4.0
下游闸外水位,2022-12-11,7:21:28,3.7
下游闸内水位,2022-12-11,7:23:06,3.9
下游闸外水位,2022-12-11,7:23:06,3.7
上游闸内水位,2022-12-11,7:55:54,3.9
上游闸外水位,2022-12-11,7:55:54,3.9
内河侧水位,2022-12-11,8:00:00,3.9
长江侧水位,2022-12-11,8:00:00,4.0
下游闸外水位,2022-12-11,11:13:08,3.1
下游闸内水位,2022-12-11,11:52:53,2.9
下游闸外水位,2022-12-11,11:52:53,3.0
上游闸内水位,2022-12-11,11:55:39,2.9
上游闸外水位,2022-12-11,11:55:39,3.9
内河侧水位,2022-12-11,12:00:00,3.9
长江侧水位,2022-12-11,12:00:00,2.9
上游闸内水位,2022-12-11,12:00:59,4.0
上游闸外水位,2022-12-11,12:00:59,3.9
上游闸内水位,2022-12-11,12:38:26,3.9
上游闸外水位,2022-12-11,12:38:26,3.8
下游闸内水位,2022-12-11,12:41:50,4.0
下游闸外水位,2022-12-11,12:41:50,2.8
下游闸内水位,2022-12-11,12:45:51,3.0
下游闸外水位,2022-12-11,12:45:51,2.9
内河侧水位,2022-12-11,13:00:00,3.9
长江侧水位,2022-12-11,13:00:00,2.7
下游闸内水位,2022-12-11,13:21:56,2.8
下游闸外水位,2022-12-11,13:21:56,2.8
上游闸内水位,2022-12-11,13:25:16,2.8
上游闸外水位,2022-12-11,13:25:16,3.9
上游闸内水位,2022-12-11,13:28:15,3.7
上游闸外水位,2022-12-11,13:28:15,3.8
内河侧水位,2022-12-11,14:00:00,3.9
长江侧水位,2022-12-11,14:00:00,2.7
下游闸内水位,2022-12-11,14:06:40,4.0
下游闸外水位,2022-12-11,14:06:40,2.7
下游闸内水位,2022-12-11,14:11:14,2.8
下游闸外水位,2022-12-11,14:11:14,2.6
下游闸内水位,2022-12-11,14:46:24,2.6
下游闸外水位,2022-12-11,14:46:24,2.6
上游闸内水位,2022-12-11,14:52:36,3.8
上游闸外水位,2022-12-11,14:52:36,3.9
内河侧水位,2022-12-11,15:00:00,3.9
长江侧水位,2022-12-11,15:00:00,2.6
下游闸内水位,2022-12-11,15:27:21,4.0
下游闸外水位,2022-12-11,15:27:21,2.5
下游闸内水位,2022-12-11,15:32:19,2.6
下游闸外水位,2022-12-11,15:32:19,2.4
内河侧水位,2022-12-11,16:00:00,3.9
长江侧水位,2022-12-11,16:00:00,2.5
下游闸内水位,2022-12-11,16:21:32,2.5
下游闸外水位,2022-12-11,16:21:32,2.5
上游闸内水位,2022-12-11,16:24:12,2.4
上游闸外水位,2022-12-11,16:24:12,3.9
上游闸内水位,2022-12-11,16:27:41,3.7
上游闸外水位,2022-12-11,16:27:41,3.8
内河侧水位,2022-12-11,17:00:00,3.9
长江侧水位,2022-12-11,17:00:00,2.7
上游闸内水位,2022-12-11,17:06:20,4.0
上游闸外水位,2022-12-11,17:06:20,3.9
下游闸内水位,2022-12-11,17:09:11,4.0
下游闸外水位,2022-12-11,17:09:11,2.8
下游闸内水位,2022-12-11,17:12:57,3.0
下游闸外水位,2022-12-11,17:12:57,2.9
下游闸内水位,2022-12-11,17:55:50,3.5
下游闸外水位,2022-12-11,17:55:50,3.6
上游闸内水位,2022-12-11,17:58:29,3.6
上游闸外水位,2022-12-11,17:58:29,3.9
内河侧水位,2022-12-11,18:00:00,3.9
长江侧水位,2022-12-11,18:00:00,3.7
上游闸内水位,2022-12-11,18:00:22,3.8
上游闸外水位,2022-12-11,18:00:22,3.9
下游闸内水位,2022-12-11,18:17:35,4.0
下游闸外水位,2022-12-11,18:17:35,3.8
内河侧水位,2022-12-11,19:00:00,4.0
长江侧水位,2022-12-11,19:00:00,4.1
内河侧水位,2022-12-11,20:00:00,4.3
长江侧水位,2022-12-11,20:00:00,4.3
内河侧水位,2022-12-11,21:00:00,4.2
长江侧水位,2022-12-11,21:00:00,4.3
内河侧水位,2022-12-11,22:00:00,3.9
长江侧水位,2022-12-11,22:00:00,4.0
上游闸内水位,2022-12-11,22:29:59,3.8
上游闸外水位,2022-12-11,22:29:59,3.7
上游闸内水位,2022-12-11,22:55:02,3.6
上游闸外水位,2022-12-11,22:55:02,3.9
上游闸内水位,2022-12-11,22:57:39,3.9
上游闸外水位,2022-12-11,22:57:39,3.9
内河侧水位,2022-12-12,1:00:00,3.9
长江侧水位,2022-12-12,1:00:00,3.1
上游闸内水位,2022-12-12,1:00:40,4.0
上游闸外水位,2022-12-12,1:00:40,4.0
下游闸内水位,2022-12-12,1:03:21,4.0
下游闸外水位,2022-12-12,1:03:21,3.1
下游闸内水位,2022-12-12,1:07:04,3.2
下游闸外水位,2022-12-12,1:07:04,3.1
下游闸内水位,2022-12-12,10:48:40,3.3
下游闸外水位,2022-12-12,10:48:40,3.2
内河侧水位,2022-12-12,11:00:00,3.9
上游闸内水位,2022-12-11,23:35:52,4.0
上游闸外水位,2022-12-11,23:35:52,3.9
下游闸内水位,2022-12-11,23:38:47,4.0
下游闸外水位,2022-12-11,23:38:47,3.5
下游闸内水位,2022-12-11,23:41:49,3.5
下游闸外水位,2022-12-11,23:41:49,3.4
内河侧水位,2022-12-12,3:00:00,4.0
长江侧水位,2022-12-12,3:00:00,2.8
下游闸内水位,2022-12-12,12:19:26,3.0
下游闸外水位,2022-12-12,12:19:26,2.9
下游闸内水位,2022-12-12,12:57:52,2.7
下游闸外水位,2022-12-12,12:57:52,2.8
内河侧水位,2022-12-12,13:00:00,3.9
长江侧水位,2022-12-12,13:00:00,2.8
上游闸内水位,2022-12-12,13:00:31,2.8
上游闸外水位,2022-12-12,13:00:31,3.9
上游闸内水位,2022-12-12,13:03:38,3.8
上游闸外水位,2022-12-12,13:03:38,3.9
上游闸内水位,2022-12-12,13:34:39,3.9
上游闸外水位,2022-12-12,13:34:39,3.9
下游闸内水位,2022-12-12,13:37:27,4.0
下游闸外水位,2022-12-12,13:37:27,2.6
下游闸内水位,2022-12-12,13:41:54,2.8
下游闸外水位,2022-12-12,13:41:54,2.6
内河侧水位,2022-12-12,14:00:00,3.9
长江侧水位,2022-12-12,14:00:00,2.6
上游闸内水位,2022-12-12,17:49:40,4.0
上游闸外水位,2022-12-12,17:49:40,3.9
下游闸内水位,2022-12-12,23:09:47,3.4
下游闸外水位,2022-12-12,23:09:47,3.4
上游闸内水位,2022-12-12,23:12:39,3.4
上游闸外水位,2022-12-12,23:12:39,3.9
上游闸内水位,2022-12-12,23:14:39,3.7
上游闸外水位,2022-12-12,23:14:39,3.8
内河侧水位,2022-12-13,0:00:00,3.9
长江侧水位,2022-12-13,0:00:00,3.2
上游闸内水位,2022-12-13,0:03:29,3.9
上游闸外水位,2022-12-13,0:03:29,3.9
下游闸内水位,2022-12-13,0:06:04,4.0
下游闸外水位,2022-12-13,0:06:04,3.2
下游闸内水位,2022-12-13,0:09:04,3.4
下游闸外水位,2022-12-13,0:09:04,3.3
下游闸内水位,2022-12-13,0:50:31,3.0
下游闸外水位,2022-12-13,0:50:31,3.0
上游闸内水位,2022-12-13,0:53:19,3.1
上游闸外水位,2022-12-13,0:53:19,3.9
上游闸内水位,2022-12-13,0:56:08,3.8
上游闸外水位,2022-12-13,0:56:08,3.8
内河侧水位,2022-12-13,1:00:00,3.9
长江侧水位,2022-12-13,1:00:00,3.0
上游闸内水位,2022-12-13,1:12:15,4.0
上游闸外水位,2022-12-13,1:12:15,3.8
下游闸内水位,2022-12-13,1:14:59,4.0
下游闸外水位,2022-12-13,1:14:59,3.0
下游闸内水位,2022-12-13,1:18:52,3.1
下游闸外水位,2022-12-13,1:18:52,3.0
上游闸内水位,2022-12-13,1:50:02,3.6
上游闸外水位,2022-12-13,1:50:02,3.8
上游闸内水位,2022-12-13,2:59:37,4.0
上游闸外水位,2022-12-13,2:59:37,3.9
内河侧水位,2022-12-13,3:00:00,3.9
长江侧水位,2022-12-13,3:00:00,2.7
下游闸内水位,2022-12-13,3:02:25,3.9
下游闸外水位,2022-12-13,3:02:25,2.7
下游闸内水位,2022-12-13,3:06:58,2.8
下游闸外水位,2022-12-13,3:06:58,2.7
上游闸内水位,2022-12-13,4:30:39,3.9
上游闸外水位,2022-12-13,4:30:39,3.9
下游闸内水位,2022-12-13,4:33:37,3.9
下游闸外水位,2022-12-13,4:33:37,2.5
内河侧水位,2022-12-13,5:00:00,3.9
长江侧水位,2022-12-13,5:00:00,2.5
上游闸内水位,2022-12-13,8:37:47,4.0
上游闸外水位,2022-12-13,8:37:47,3.9
下游闸内水位,2022-12-13,8:42:29,3.7
下游闸外水位,2022-12-13,8:42:29,3.5
内河侧水位,2022-12-13,9:00:00,3.9
长江侧水位,2022-12-13,9:00:00,3.6
下游闸内水位,2022-12-13,9:08:21,3.5
下游闸外水位,2022-12-13,9:08:21,3.6
上游闸内水位,2022-12-13,9:11:01,3.5
上游闸外水位,2022-12-13,9:11:01,4.0
上游闸内水位,2022-12-13,9:13:06,3.9
上游闸外水位,2022-12-13,9:13:06,4.0
上游闸内水位,2022-12-13,9:39:19,4.0
上游闸外水位,2022-12-13,9:39:19,4.0
下游闸内水位,2022-12-13,9:41:58,4.0
上游闸内水位,2022-12-12,5:36:37,2.5
上游闸外水位,2022-12-12,5:36:37,3.9
上游闸内水位,2022-12-12,5:40:22,3.8
上游闸外水位,2022-12-12,5:40:22,3.9
内河侧水位,2022-12-12,6:00:00,3.9
长江侧水位,2022-12-12,6:00:00,2.7
上游闸内水位,2022-12-12,6:21:30,4.0
上游闸外水位,2022-12-12,6:21:30,4.0
下游闸内水位,2022-12-12,6:24:15,4.0
下游闸外水位,2022-12-12,6:24:15,2.9
下游闸内水位,2022-12-12,6:28:14,3.1
下游闸外水位,2022-12-12,6:28:14,3.0
内河侧水位,2022-12-12,7:00:00,4.0
长江侧水位,2022-12-12,7:00:00,3.3
下游闸内水位,2022-12-12,7:05:50,3.3
下游闸外水位,2022-12-12,7:05:50,3.4
上游闸内水位,2022-12-12,7:08:43,3.3
上游闸外水位,2022-12-12,7:08:43,3.9
上游闸内水位,2022-12-12,7:11:00,3.8
上游闸外水位,2022-12-12,7:11:00,3.9
上游闸内水位,2022-12-12,7:26:36,4.0
上游闸外水位,2022-12-12,7:26:36,3.9
下游闸内水位,2022-12-12,7:31:05,4.0
下游闸外水位,2022-12-12,7:31:05,3.5
下游闸内水位,2022-12-12,7:33:16,3.7
下游闸外水位,2022-12-12,7:33:16,3.6
下游闸内水位,2022-12-12,7:52:35,3.6
下游闸外水位,2022-12-12,7:52:35,3.6
上游闸内水位,2022-12-12,7:57:12,3.9
上游闸外水位,2022-12-12,7:57:12,3.9
内河侧水位,2022-12-12,8:00:00,4.0
长江侧水位,2022-12-12,8:00:00,3.7
下游闸内水位,2022-12-12,8:11:43,4.1
下游闸外水位,2022-12-12,8:11:43,3.7
下游闸内水位,2022-12-12,8:13:39,3.9
下游闸外水位,2022-12-12,8:13:39,3.7
内河侧水位,2022-12-12,9:00:00,3.6
长江侧水位,2022-12-12,9:00:00,3.8
上游闸内水位,2022-12-12,9:28:22,3.6
上游闸外水位,2022-12-12,9:28:22,3.6
内河侧水位,2022-12-12,10:00:00,3.8
长江侧水位,2022-12-12,10:00:00,3.5
下游闸内水位,2022-12-12,10:02:34,3.5
下游闸外水位,2022-12-12,10:02:34,3.5
上游闸内水位,2022-12-12,10:04:48,3.5
上游闸外水位,2022-12-12,10:04:48,3.8
上游闸内水位,2022-12-12,10:06:42,3.7
上游闸外水位,2022-12-12,10:06:42,3.8
上游闸内水位,2022-12-12,10:42:35,4.0
上游闸外水位,2022-12-12,10:42:35,3.9
下游闸内水位,2022-12-12,10:45:13,4.0
下游闸外水位,2022-12-12,10:45:13,3.1
下游闸内水位,2022-12-12,11:30:13,3.1
下游闸外水位,2022-12-12,11:30:13,3.1
上游闸内水位,2022-12-12,11:32:50,3.1
上游闸外水位,2022-12-12,11:32:50,3.9
上游闸内水位,2022-12-12,11:35:26,3.7
上游闸外水位,2022-12-12,11:35:26,3.8
下游闸内水位,2022-12-12,14:14:52,2.5
下游闸外水位,2022-12-12,14:14:52,2.5
上游闸内水位,2022-12-12,14:17:43,2.5
上游闸外水位,2022-12-12,14:17:43,4.0
上游闸内水位,2022-12-12,14:21:24,3.8
上游闸外水位,2022-12-12,14:21:24,4.0
上游闸内水位,2022-12-12,14:39:38,3.9
上游闸外水位,2022-12-12,14:39:38,3.9
下游闸内水位,2022-12-12,14:42:32,4.0
下游闸外水位,2022-12-12,14:42:32,2.5
下游闸内水位,2022-12-12,14:47:10,2.7
下游闸外水位,2022-12-12,14:47:10,2.5
内河侧水位,2022-12-12,15:00:00,4.0
长江侧水位,2022-12-12,15:00:00,2.4
下游闸内水位,2022-12-12,15:16:13,2.4
下游闸外水位,2022-12-12,15:16:13,2.4
上游闸内水位,2022-12-12,15:20:35,2.4
上游闸外水位,2022-12-12,15:20:35,3.9
上游闸内水位,2022-12-12,15:24:16,3.8
上游闸外水位,2022-12-12,15:24:16,3.9
上游闸内水位,2022-12-12,15:45:20,3.9
上游闸外水位,2022-12-12,15:45:20,3.9
下游闸内水位,2022-12-12,15:48:09,4.0
下游闸外水位,2022-12-12,15:48:09,2.4
下游闸内水位,2022-12-12,15:53:03,2.5
下游闸外水位,2022-12-12,15:53:03,2.4
内河侧水位,2022-12-12,16:00:00,3.9
长江侧水位,2022-12-12,16:00:00,2.3
下游闸内水位,2022-12-12,16:23:24,2.2
上游闸内水位,2022-12-12,7:55:15,3.6
上游闸外水位,2022-12-12,7:55:15,4.0
下游闸内水位,2022-12-12,10:00:39,3.5
下游闸外水位,2022-12-12,10:00:39,3.5
内河侧水位,2022-12-12,12:00:00,3.9
长江侧水位,2022-12-12,12:00:00,3.0
上游闸内水位,2022-12-12,12:12:50,4.0
上游闸外水位,2022-12-12,12:12:50,3.9
下游闸内水位,2022-12-12,12:15:25,4.0
下游闸外水位,2022-12-12,12:15:25,2.9
下游闸外水位,2022-12-12,16:23:24,2.3
上游闸内水位,2022-12-12,16:26:32,2.2
上游闸外水位,2022-12-12,16:26:32,3.9
上游闸内水位,2022-12-12,16:30:22,3.7
上游闸外水位,2022-12-12,16:30:22,3.8
上游闸内水位,2022-12-12,16:45:49,4.0
上游闸外水位,2022-12-12,16:45:49,3.8
下游闸内水位,2022-12-12,16:49:05,4.0
下游闸外水位,2022-12-12,16:49:05,2.3
下游闸内水位,2022-12-12,16:54:19,2.4
下游闸外水位,2022-12-12,16:54:19,2.2
内河侧水位,2022-12-12,17:00:00,3.9
长江侧水位,2022-12-12,17:00:00,2.2
下游闸内水位,2022-12-12,17:23:26,2.4
下游闸外水位,2022-12-12,17:23:26,2.4
上游闸内水位,2022-12-12,17:26:07,2.4
上游闸外水位,2022-12-12,17:26:07,3.9
上游闸内水位,2022-12-12,17:30:04,3.8
上游闸外水位,2022-12-12,17:30:04,3.9
下游闸内水位,2022-12-12,17:52:16,4.0
下游闸外水位,2022-12-12,17:52:16,2.6
下游闸内水位,2022-12-12,17:56:53,2.8
下游闸外水位,2022-12-12,17:56:53,2.6
内河侧水位,2022-12-12,18:00:00,3.9
长江侧水位,2022-12-12,18:00:00,2.7
下游闸内水位,2022-12-12,18:19:02,3.0
下游闸外水位,2022-12-12,18:19:02,3.0
上游闸内水位,2022-12-12,18:21:38,3.1
上游闸外水位,2022-12-12,18:21:38,3.9
上游闸内水位,2022-12-12,18:24:03,3.7
上游闸外水位,2022-12-12,18:24:03,3.8
上游闸内水位,2022-12-12,18:37:52,4.0
上游闸外水位,2022-12-12,18:37:52,3.9
下游闸内水位,2022-12-12,18:40:49,4.0
下游闸外水位,2022-12-12,18:40:49,3.4
下游闸内水位,2022-12-12,18:43:54,3.4
下游闸外水位,2022-12-12,18:43:54,3.3
内河侧水位,2022-12-12,19:00:00,3.9
长江侧水位,2022-12-12,19:00:00,3.5
下游闸内水位,2022-12-12,19:01:46,3.5
下游闸外水位,2022-12-12,19:01:46,3.5
上游闸内水位,2022-12-12,19:05:07,3.5
上游闸外水位,2022-12-12,19:05:07,3.9
上游闸内水位,2022-12-12,19:07:02,3.8
上游闸外水位,2022-12-12,19:07:02,3.9
下游闸内水位,2022-12-12,19:26:40,4.0
下游闸外水位,2022-12-12,19:26:40,3.7
内河侧水位,2022-12-12,20:00:00,3.6
长江侧水位,2022-12-12,20:00:00,3.8
内河侧水位,2022-12-12,21:00:00,3.9
长江侧水位,2022-12-12,21:00:00,4.1
内河侧水位,2022-12-12,22:00:00,3.8
长江侧水位,2022-12-12,22:00:00,3.9
上游闸内水位,2022-12-12,22:30:09,3.8
上游闸外水位,2022-12-12,22:30:09,3.7
下游闸内水位,2022-12-13,1:44:37,2.8
下游闸外水位,2022-12-13,1:44:37,2.9
上游闸内水位,2022-12-13,1:47:15,2.8
上游闸外水位,2022-12-13,1:47:15,3.9
内河侧水位,2022-12-13,2:00:00,3.8
长江侧水位,2022-12-13,2:00:00,2.8
上游闸内水位,2022-12-13,2:19:00,4.0
上游闸外水位,2022-12-13,2:19:00,3.9
下游闸内水位,2022-12-13,2:21:59,4.0
下游闸外水位,2022-12-13,2:21:59,2.8
下游闸内水位,2022-12-13,2:26:14,3.0
下游闸外水位,2022-12-13,2:26:14,2.8
下游闸内水位,2022-12-13,2:36:28,2.8
下游闸外水位,2022-12-13,2:36:28,2.8
上游闸内水位,2022-12-13,2:39:06,2.6
上游闸外水位,2022-12-13,2:39:06,3.9
上游闸内水位,2022-12-13,2:42:21,3.7
上游闸外水位,2022-12-13,2:42:21,3.8
下游闸内水位,2022-12-13,3:53:17,2.5
下游闸外水位,2022-12-13,3:53:17,2.6
上游闸内水位,2022-12-13,3:56:57,2.5
上游闸外水位,2022-12-13,3:56:57,3.9
长江侧水位,2022-12-12,11:00:00,3.2
内河侧水位,2022-12-12,23:00:00,3.9
长江侧水位,2022-12-12,23:00:00,3.5
内河侧水位,2022-12-13,4:00:00,3.8
长江侧水位,2022-12-13,4:00:00,2.6
上游闸内水位,2022-12-13,4:01:01,3.9
上游闸外水位,2022-12-13,4:01:01,3.9
下游闸内水位,2022-12-13,4:38:31,2.6
下游闸外水位,2022-12-13,4:38:31,2.5
下游闸内水位,2022-12-13,5:15:22,2.4
下游闸外水位,2022-12-13,5:15:22,2.4
上游闸内水位,2022-12-13,5:19:37,2.4
上游闸外水位,2022-12-13,5:19:37,3.9
上游闸内水位,2022-12-13,5:23:08,3.6
上游闸外水位,2022-12-13,5:23:08,3.8
内河侧水位,2022-12-13,6:00:00,3.9
长江侧水位,2022-12-13,6:00:00,2.4
上游闸内水位,2022-12-13,6:04:57,3.9
上游闸外水位,2022-12-13,6:04:57,3.9
下游闸内水位,2022-12-13,6:08:10,4.0
下游闸外水位,2022-12-13,6:08:10,2.4
下游闸内水位,2022-12-13,6:13:15,2.5
下游闸外水位,2022-12-13,6:13:15,2.3
内河侧水位,2022-12-13,7:00:00,4.0
长江侧水位,2022-12-13,7:00:00,2.8
下游闸内水位,2022-12-13,7:04:23,2.8
下游闸外水位,2022-12-13,7:04:23,2.8
上游闸内水位,2022-12-13,7:07:08,2.8
上游闸外水位,2022-12-13,7:07:08,4.0
上游闸内水位,2022-12-13,7:10:26,3.8
上游闸外水位,2022-12-13,7:10:26,3.9
上游闸内水位,2022-12-13,7:47:12,4.0
上游闸外水位,2022-12-13,7:47:12,3.9
下游闸内水位,2022-12-13,7:49:47,4.0
下游闸外水位,2022-12-13,7:49:47,3.3
下游闸内水位,2022-12-13,7:52:45,3.4
下游闸外水位,2022-12-13,7:52:45,3.3
内河侧水位,2022-12-13,8:00:00,4.0
长江侧水位,2022-12-13,8:00:00,3.3
下游闸内水位,2022-12-13,8:09:45,3.4
下游闸外水位,2022-12-13,8:09:45,3.4
上游闸内水位,2022-12-13,8:13:09,3.3
上游闸外水位,2022-12-13,8:13:09,3.9
上游闸内水位,2022-12-13,8:15:36,3.8
上游闸外水位,2022-12-13,8:15:36,3.9
下游闸内水位,2022-12-13,8:40:19,4.0
下游闸外水位,2022-12-13,8:40:19,3.5
上游闸内水位,2022-12-13,10:16:41,3.4
上游闸外水位,2022-12-13,10:16:41,4.0
下游闸内水位,2022-12-13,10:48:59,4.0
下游闸外水位,2022-12-13,10:48:59,3.3
下游闸内水位,2022-12-13,10:53:33,3.3
下游闸外水位,2022-12-13,10:53:33,3.3
内河侧水位,2022-12-13,11:00:00,4.0
长江侧水位,2022-12-13,11:00:00,3.3
下游闸内水位,2022-12-13,11:18:06,3.2
下游闸外水位,2022-12-13,11:18:06,3.2
上游闸内水位,2022-12-13,11:25:14,4.0
上游闸外水位,2022-12-13,11:25:14,4.0
下游闸内水位,2022-12-13,12:37:31,2.9
下游闸外水位,2022-12-13,12:37:31,2.9
上游闸内水位,2022-12-13,12:40:27,2.8
上游闸外水位,2022-12-13,12:40:27,4.0
上游闸内水位,2022-12-13,12:43:50,3.9
上游闸外水位,2022-12-13,12:43:50,4.0
下游闸内水位,2022-12-13,13:10:41,2.9
下游闸外水位,2022-12-13,13:10:41,2.8
下游闸内水位,2022-12-13,13:39:51,2.7
下游闸外水位,2022-12-13,13:39:51,2.7
上游闸内水位,2022-12-13,13:43:01,2.6
上游闸外水位,2022-12-13,13:43:01,4.0
上游闸内水位,2022-12-13,13:46:37,3.8
上游闸外水位,2022-12-13,13:46:37,4.0
内河侧水位,2022-12-13,14:00:00,4.0
长江侧水位,2022-12-13,14:00:00,2.6
上游闸内水位,2022-12-13,14:05:22,4.0
上游闸外水位,2022-12-13,14:05:22,4.0
下游闸内水位,2022-12-13,14:08:18,4.0
下游闸外水位,2022-12-13,14:08:18,2.7
下游闸内水位,2022-12-13,14:12:53,2.7
下游闸外水位,2022-12-13,14:12:53,2.6
上游闸内水位,2022-12-13,14:40:11,2.5
上游闸外水位,2022-12-13,14:40:11,4.0
上游闸内水位,2022-12-13,14:43:46,3.8
上游闸外水位,2022-12-13,14:43:46,4.0
内河侧水位,2022-12-13,15:00:00,3.9
长江侧水位,2022-12-13,15:00:00,2.5
下游闸外水位,2022-12-13,9:41:58,3.6
下游闸内水位,2022-12-13,9:43:52,3.7
下游闸外水位,2022-12-13,9:43:52,3.6
内河侧水位,2022-12-13,10:00:00,4.0
长江侧水位,2022-12-13,10:00:00,3.6
下游闸内水位,2022-12-13,10:13:54,3.5
下游闸外水位,2022-12-13,10:13:54,3.5
上游闸内水位,2022-12-13,10:19:03,3.9
上游闸外水位,2022-12-13,10:19:03,4.0
上游闸内水位,2022-12-13,10:46:28,4.0
上游闸外水位,2022-12-13,10:46:28,4.0
下游闸内水位,2022-12-13,14:36:41,2.5
下游闸外水位,2022-12-13,14:36:41,2.5
内河侧水位,2022-12-13,23:00:00,4.0
长江侧水位,2022-12-13,23:00:00,3.8
下游闸内水位,2022-12-13,23:14:52,3.6
下游闸外水位,2022-12-13,23:14:52,3.7
上游闸内水位,2022-12-13,23:17:47,3.6
上游闸外水位,2022-12-13,23:17:47,4.0
上游闸内水位,2022-12-13,23:19:50,3.9
上游闸外水位,2022-12-13,23:19:50,4.0
上游闸内水位,2022-12-13,23:33:04,4.0
上游闸外水位,2022-12-13,23:33:04,4.0
下游闸内水位,2022-12-14,10:48:36,3.9
下游闸外水位,2022-12-14,10:48:36,3.6
下游闸内水位,2022-12-14,10:50:12,3.7
下游闸外水位,2022-12-14,10:50:12,3.6
内河侧水位,2022-12-14,11:00:00,3.9
长江侧水位,2022-12-14,11:00:00,3.6
内河侧水位,2022-12-15,0:00:00,3.8
长江侧水位,2022-12-15,0:00:00,3.4
内河侧水位,2022-12-15,2:00:00,3.8
长江侧水位,2022-12-15,2:00:00,2.9
上游闸内水位,2022-12-15,2:00:05,2.9
上游闸外水位,2022-12-15,2:00:05,3.8
下游闸内水位,2022-12-15,10:51:49,3.0
下游闸外水位,2022-12-15,10:51:49,3.0
上游闸内水位,2022-12-15,10:54:33,3.0
上游闸外水位,2022-12-15,10:54:33,3.9
内河侧水位,2022-12-15,11:00:00,3.9
长江侧水位,2022-12-15,11:00:00,3.2
下游闸内水位,2022-12-15,11:32:58,3.1
下游闸外水位,2022-12-15,11:32:58,3.1
上游闸内水位,2022-12-15,12:46:43,3.9
上游闸外水位,2022-12-15,12:46:43,3.9
下游闸内水位,2022-12-16,10:53:01,3.3
下游闸外水位,2022-12-16,10:53:01,3.3
上游闸内水位,2022-12-16,10:56:22,3.3
上游闸外水位,2022-12-16,10:56:22,3.9
上游闸内水位,2022-12-16,10:58:46,3.7
上游闸外水位,2022-12-16,10:58:46,3.9
内河侧水位,2022-12-16,11:00:00,3.9
长江侧水位,2022-12-16,11:00:00,3.4
下游闸内水位,2022-12-16,13:48:30,3.9
下游闸外水位,2022-12-16,13:48:30,3.1
下游闸内水位,2022-12-16,13:51:30,3.4
下游闸外水位,2022-12-16,13:51:30,3.2
内河侧水位,2022-12-16,14:00:00,3.9
长江侧水位,2022-12-16,14:00:00,3.0
下游闸内水位,2022-12-16,14:03:56,3.0
下游闸外水位,2022-12-16,14:03:56,3.0
上游闸内水位,2022-12-16,14:06:36,3.0
上游闸外水位,2022-12-16,14:06:36,3.9
上游闸内水位,2022-12-16,14:08:46,3.6
上游闸外水位,2022-12-16,14:08:46,3.7
下游闸内水位,2022-12-16,17:49:42,2.6
下游闸外水位,2022-12-16,17:49:42,2.6
下游闸内水位,2022-12-17,8:54:21,2.4
下游闸外水位,2022-12-17,8:54:21,2.3
内河侧水位,2022-12-17,9:00:00,3.8
长江侧水位,2022-12-17,9:00:00,2.2
下游闸内水位,2022-12-17,9:21:51,2.2
下游闸外水位,2022-12-17,9:21:51,2.2
上游闸内水位,2022-12-17,9:25:54,2.2
上游闸外水位,2022-12-17,9:25:54,3.8
上游闸内水位,2022-12-17,9:30:08,3.7
上游闸外水位,2022-12-17,9:30:08,3.8
上游闸内水位,2022-12-17,9:46:30,3.9
上游闸外水位,2022-12-17,9:46:30,3.8
下游闸内水位,2022-12-17,9:49:13,3.9
下游闸外水位,2022-12-17,9:49:13,2.3
下游闸内水位,2022-12-17,9:54:28,2.4
下游闸外水位,2022-12-17,9:54:28,2.2
内河侧水位,2022-12-17,10:00:00,3.8
长江侧水位,2022-12-17,10:00:00,2.2
下游闸内水位,2022-12-17,10:20:35,2.3
下游闸外水位,2022-12-17,10:20:35,2.3
上游闸内水位,2022-12-13,11:21:19,3.2
上游闸外水位,2022-12-13,11:21:19,4.0
上游闸内水位,2022-12-14,0:21:59,4.0
上游闸外水位,2022-12-14,0:21:59,4.0
上游闸内水位,2022-12-15,0:20:46,3.3
上游闸外水位,2022-12-15,0:20:46,3.8
上游闸内水位,2022-12-15,0:22:56,3.7
上游闸外水位,2022-12-15,0:22:56,3.7
下游闸内水位,2022-12-15,12:49:26,4.0
下游闸外水位,2022-12-15,12:49:26,2.8
上游闸内水位,2022-12-17,10:23:26,2.4
上游闸外水位,2022-12-17,10:23:26,3.8
上游闸内水位,2022-12-17,10:27:08,3.6
上游闸外水位,2022-12-17,10:27:08,3.8
上游闸内水位,2022-12-17,10:42:29,3.9
上游闸外水位,2022-12-17,10:42:29,3.8
下游闸内水位,2022-12-17,10:49:45,2.6
下游闸外水位,2022-12-17,10:49:45,2.5
内河侧水位,2022-12-17,11:00:00,3.8
长江侧水位,2022-12-17,11:00:00,2.5
内河侧水位,2022-12-17,13:00:00,3.8
长江侧水位,2022-12-17,13:00:00,2.9
下游闸内水位,2022-12-17,13:43:46,3.8
下游闸外水位,2022-12-17,13:43:46,2.8
下游闸内水位,2022-12-17,13:56:45,2.8
下游闸外水位,2022-12-17,13:56:45,2.8
下游闸内水位,2022-12-17,13:58:11,2.8
下游闸外水位,2022-12-17,13:58:11,2.8
内河侧水位,2022-12-17,14:00:00,3.8
长江侧水位,2022-12-17,14:00:00,2.8
上游闸内水位,2022-12-18,12:49:06,3.7
上游闸外水位,2022-12-18,12:49:06,3.8
上游闸内水位,2022-12-18,14:12:55,3.7
上游闸外水位,2022-12-18,14:12:55,3.8
上游闸内水位,2022-12-18,14:44:31,3.9
上游闸外水位,2022-12-18,14:44:31,3.9
下游闸内水位,2022-12-18,14:47:18,3.9
下游闸外水位,2022-12-18,14:47:18,3.1
下游闸内水位,2022-12-18,14:50:49,3.2
下游闸外水位,2022-12-18,14:50:49,3.0
内河侧水位,2022-12-18,15:00:00,3.9
长江侧水位,2022-12-18,15:00:00,3.0
下游闸内水位,2022-12-18,15:24:28,2.9
下游闸外水位,2022-12-18,15:24:28,3.0
上游闸内水位,2022-12-18,15:27:49,3.0
上游闸外水位,2022-12-18,15:27:49,3.9
上游闸内水位,2022-12-18,15:30:48,3.7
上游闸外水位,2022-12-18,15:30:48,3.8
内河侧水位,2022-12-18,16:00:00,3.8
长江侧水位,2022-12-18,16:00:00,2.9
上游闸内水位,2022-12-18,16:02:55,3.9
上游闸外水位,2022-12-18,16:02:55,3.9
下游闸内水位,2022-12-18,16:07:42,3.9
下游闸外水位,2022-12-18,16:07:42,2.9
下游闸内水位,2022-12-18,16:12:53,2.9
下游闸外水位,2022-12-18,16:12:53,2.9
下游闸内水位,2022-12-18,16:48:38,2.7
下游闸外水位,2022-12-18,16:48:38,2.7
上游闸内水位,2022-12-18,16:51:24,2.7
上游闸外水位,2022-12-18,16:51:24,3.9
内河侧水位,2022-12-18,17:00:00,3.9
长江侧水位,2022-12-18,17:00:00,2.7
上游闸内水位,2022-12-18,17:27:08,3.9
上游闸外水位,2022-12-18,17:27:08,3.9
下游闸内水位,2022-12-18,17:29:41,3.9
下游闸外水位,2022-12-18,17:29:41,2.6
下游闸内水位,2022-12-18,17:35:08,2.6
下游闸外水位,2022-12-18,17:35:08,2.6
内河侧水位,2022-12-18,18:00:00,3.9
长江侧水位,2022-12-18,18:00:00,2.5
下游闸内水位,2022-12-18,18:08:48,2.5
下游闸外水位,2022-12-18,18:08:48,2.5
上游闸内水位,2022-12-18,18:13:24,2.5
上游闸外水位,2022-12-18,18:13:24,3.9
上游闸内水位,2022-12-18,18:17:05,3.7
上游闸外水位,2022-12-18,18:17:05,3.9
上游闸内水位,2022-12-18,18:51:16,3.8
上游闸外水位,2022-12-18,18:51:16,3.9
下游闸内水位,2022-12-18,18:53:54,3.8
下游闸外水位,2022-12-18,18:53:54,2.4
内河侧水位,2022-12-18,19:00:00,3.9
长江侧水位,2022-12-18,19:00:00,2.3
下游闸内水位,2022-12-18,19:00:23,2.3
下游闸外水位,2022-12-18,19:00:23,2.3
下游闸内水位,2022-12-18,19:48:56,2.2
下游闸外水位,2022-12-18,19:48:56,2.2
下游闸内水位,2022-12-18,19:51:04,2.2
上游闸内水位,2022-12-13,11:57:01,4.0
上游闸外水位,2022-12-13,11:57:01,4.0
下游闸内水位,2022-12-13,11:59:35,4.0
下游闸外水位,2022-12-13,11:59:35,3.1
内河侧水位,2022-12-13,12:00:00,4.0
长江侧水位,2022-12-13,12:00:00,3.1
下游闸内水位,2022-12-13,12:03:42,3.1
下游闸外水位,2022-12-13,12:03:42,3.0
内河侧水位,2022-12-13,13:00:00,4.0
长江侧水位,2022-12-13,13:00:00,2.8
上游闸内水位,2022-12-13,13:04:05,3.9
上游闸外水位,2022-12-13,13:04:05,4.0
下游闸内水位,2022-12-13,13:06:37,3.9
下游闸外水位,2022-12-13,13:06:37,2.8
下游闸内水位,2022-12-13,23:35:38,3.9
下游闸外水位,2022-12-13,23:35:38,3.6
下游闸内水位,2022-12-14,0:25:38,3.9
下游闸外水位,2022-12-14,0:25:38,3.3
下游闸内水位,2022-12-14,0:28:42,3.4
下游闸外水位,2022-12-14,0:28:42,3.3
下游闸内水位,2022-12-14,11:19:20,3.4
下游闸外水位,2022-12-14,11:19:20,3.4
上游闸内水位,2022-12-14,11:21:57,3.4
上游闸外水位,2022-12-14,11:21:57,3.9
下游闸内水位,2022-12-15,1:57:26,2.9
下游闸外水位,2022-12-15,1:57:26,2.9
下游闸内水位,2022-12-15,11:28:49,3.9
下游闸外水位,2022-12-15,11:28:49,3.0
下游闸内水位,2022-12-15,22:59:45,3.8
下游闸外水位,2022-12-15,22:59:45,3.7
内河侧水位,2022-12-15,23:00:00,3.9
长江侧水位,2022-12-15,23:00:00,3.7
下游闸内水位,2022-12-16,0:18:28,3.9
下游闸外水位,2022-12-16,0:18:28,3.5
下游闸内水位,2022-12-16,0:20:54,3.6
下游闸外水位,2022-12-16,0:20:54,3.4
下游闸内水位,2022-12-16,0:42:54,3.3
下游闸外水位,2022-12-16,0:42:54,3.3
上游闸内水位,2022-12-16,0:45:31,3.3
上游闸外水位,2022-12-16,0:45:31,3.9
上游闸内水位,2022-12-16,0:47:32,3.7
上游闸外水位,2022-12-16,0:47:32,3.8
内河侧水位,2022-12-16,1:00:00,3.9
长江侧水位,2022-12-16,1:00:00,3.2
上游闸内水位,2022-12-16,1:02:38,4.0
上游闸外水位,2022-12-16,1:02:38,3.9
下游闸内水位,2022-12-16,1:05:33,4.0
下游闸外水位,2022-12-16,1:05:33,3.2
下游闸内水位,2022-12-16,1:08:45,3.3
下游闸外水位,2022-12-16,1:08:45,3.2
下游闸内水位,2022-12-16,1:12:27,3.2
下游闸外水位,2022-12-16,1:12:27,3.2
下游闸内水位,2022-12-16,1:13:43,3.2
下游闸外水位,2022-12-16,1:13:43,3.2
下游闸内水位,2022-12-16,1:32:20,3.1
下游闸外水位,2022-12-16,1:32:20,3.1
内河侧水位,2022-12-16,2:00:00,3.9
长江侧水位,2022-12-16,2:00:00,3.0
下游闸内水位,2022-12-16,2:17:24,2.9
下游闸外水位,2022-12-16,2:17:24,2.9
上游闸内水位,2022-12-16,2:20:21,2.8
上游闸外水位,2022-12-16,2:20:21,3.9
上游闸内水位,2022-12-16,2:23:29,3.7
上游闸外水位,2022-12-16,2:23:29,3.8
上游闸内水位,2022-12-16,2:59:38,3.9
上游闸外水位,2022-12-16,2:59:38,3.9
内河侧水位,2022-12-16,3:00:00,3.9
长江侧水位,2022-12-16,3:00:00,2.8
下游闸内水位,2022-12-16,3:07:33,3.9
下游闸外水位,2022-12-16,3:07:33,2.7
下游闸内水位,2022-12-16,3:12:01,2.8
下游闸外水位,2022-12-16,3:12:01,2.7
下游闸内水位,2022-12-16,3:22:49,2.7
下游闸外水位,2022-12-16,3:22:49,2.7
上游闸内水位,2022-12-16,3:26:49,2.6
上游闸外水位,2022-12-16,3:26:49,3.9
上游闸内水位,2022-12-16,3:30:34,3.8
上游闸外水位,2022-12-16,3:30:34,3.8
上游闸内水位,2022-12-16,3:50:17,3.9
上游闸外水位,2022-12-16,3:50:17,3.8
下游闸内水位,2022-12-16,3:52:47,3.9
下游闸外水位,2022-12-16,3:52:47,2.6
下游闸内水位,2022-12-16,3:57:25,2.7
下游闸外水位,2022-12-16,3:57:25,2.6
内河侧水位,2022-12-16,4:00:00,3.9
长江侧水位,2022-12-16,4:00:00,2.6
下游闸内水位,2022-12-16,4:09:29,2.6
上游闸内水位,2022-12-13,15:00:02,4.0
上游闸外水位,2022-12-13,15:00:02,3.9
下游闸内水位,2022-12-13,15:02:34,3.9
下游闸外水位,2022-12-13,15:02:34,2.6
下游闸内水位,2022-12-13,15:07:06,2.7
下游闸外水位,2022-12-13,15:07:06,2.5
下游闸内水位,2022-12-13,15:29:19,2.4
下游闸外水位,2022-12-13,15:29:19,2.4
上游闸内水位,2022-12-13,15:31:58,2.4
上游闸外水位,2022-12-13,15:31:58,4.0
上游闸内水位,2022-12-13,15:36:05,3.9
上游闸外水位,2022-12-13,15:36:05,4.0
上游闸内水位,2022-12-13,15:49:14,4.0
上游闸外水位,2022-12-13,15:49:14,4.0
下游闸内水位,2022-12-13,15:51:49,4.0
下游闸外水位,2022-12-13,15:51:49,2.4
下游闸内水位,2022-12-13,15:56:51,2.5
下游闸外水位,2022-12-13,15:56:51,2.3
内河侧水位,2022-12-13,16:00:00,4.0
长江侧水位,2022-12-13,16:00:00,2.4
下游闸内水位,2022-12-13,16:23:38,2.3
下游闸外水位,2022-12-13,16:23:38,2.4
上游闸内水位,2022-12-13,16:26:28,2.2
上游闸外水位,2022-12-13,16:26:28,3.9
上游闸内水位,2022-12-13,16:31:48,4.0
上游闸外水位,2022-12-13,16:31:48,4.0
上游闸内水位,2022-12-13,16:51:24,3.9
上游闸外水位,2022-12-13,16:51:24,3.9
下游闸内水位,2022-12-13,16:54:53,4.0
下游闸外水位,2022-12-13,16:54:53,2.2
内河侧水位,2022-12-13,17:00:00,4.0
长江侧水位,2022-12-13,17:00:00,2.3
下游闸内水位,2022-12-13,17:00:16,2.4
下游闸外水位,2022-12-13,17:00:16,2.2
上游闸内水位,2022-12-13,17:38:35,3.8
上游闸外水位,2022-12-13,17:38:35,4.0
上游闸内水位,2022-12-13,17:57:58,3.9
上游闸外水位,2022-12-13,17:57:58,4.0
内河侧水位,2022-12-13,18:00:00,4.0
长江侧水位,2022-12-13,18:00:00,2.3
下游闸内水位,2022-12-13,18:00:42,3.9
下游闸外水位,2022-12-13,18:00:42,2.3
下游闸内水位,2022-12-13,18:05:28,2.6
下游闸外水位,2022-12-13,18:05:28,2.4
下游闸内水位,2022-12-13,18:40:37,2.8
下游闸外水位,2022-12-13,18:40:37,2.8
上游闸内水位,2022-12-13,18:43:21,3.0
上游闸外水位,2022-12-13,18:43:21,4.0
上游闸内水位,2022-12-13,18:46:24,3.8
上游闸外水位,2022-12-13,18:46:24,3.9
内河侧水位,2022-12-13,19:00:00,4.0
长江侧水位,2022-12-13,19:00:00,3.1
上游闸内水位,2022-12-13,19:04:10,4.0
上游闸外水位,2022-12-13,19:04:10,4.0
下游闸内水位,2022-12-13,19:07:19,3.9
下游闸外水位,2022-12-13,19:07:19,3.1
下游闸内水位,2022-12-13,19:10:23,3.3
下游闸外水位,2022-12-13,19:10:23,3.2
下游闸内水位,2022-12-13,19:41:25,3.5
下游闸外水位,2022-12-13,19:41:25,3.5
上游闸内水位,2022-12-13,19:44:19,3.5
上游闸外水位,2022-12-13,19:44:19,4.0
上游闸内水位,2022-12-13,19:46:14,3.8
上游闸外水位,2022-12-13,19:46:14,3.9
内河侧水位,2022-12-13,20:00:00,4.0
长江侧水位,2022-12-13,20:00:00,3.6
上游闸内水位,2022-12-13,20:03:04,3.9
上游闸外水位,2022-12-13,20:03:04,3.9
下游闸内水位,2022-12-13,20:05:38,4.0
下游闸外水位,2022-12-13,20:05:38,3.6
下游闸内水位,2022-12-13,20:07:21,3.8
下游闸外水位,2022-12-13,20:07:21,3.6
下游闸内水位,2022-12-13,20:31:00,3.8
下游闸外水位,2022-12-13,20:31:00,3.8
上游闸内水位,2022-12-13,20:33:06,3.7
上游闸外水位,2022-12-13,20:33:06,4.0
下游闸内水位,2022-12-13,20:46:40,3.9
下游闸外水位,2022-12-13,20:46:40,3.9
内河侧水位,2022-12-13,21:00:00,3.9
长江侧水位,2022-12-13,21:00:00,3.9
内河侧水位,2022-12-13,22:00:00,4.0
长江侧水位,2022-12-13,22:00:00,4.0
上游闸内水位,2022-12-13,22:28:29,3.8
上游闸外水位,2022-12-13,22:28:29,3.9
内河侧水位,2022-12-14,0:00:00,4.0
长江侧水位,2022-12-14,0:00:00,3.4
下游闸内水位,2022-12-14,0:02:18,3.3
下游闸内水位,2022-12-13,17:31:10,2.2
下游闸外水位,2022-12-13,17:31:10,2.3
上游闸内水位,2022-12-13,17:34:24,2.3
上游闸外水位,2022-12-13,17:34:24,4.0
下游闸内水位,2022-12-13,23:37:32,3.7
下游闸外水位,2022-12-13,23:37:32,3.5
下游闸外水位,2022-12-14,0:02:18,3.3
上游闸内水位,2022-12-14,0:04:56,3.4
上游闸外水位,2022-12-14,0:04:56,3.9
上游闸内水位,2022-12-14,0:07:11,3.8
上游闸外水位,2022-12-14,0:07:11,3.9
下游闸内水位,2022-12-14,0:56:31,3.1
下游闸外水位,2022-12-14,0:56:31,3.2
内河侧水位,2022-12-14,1:00:00,4.0
长江侧水位,2022-12-14,1:00:00,3.1
上游闸内水位,2022-12-14,1:00:11,3.0
上游闸外水位,2022-12-14,1:00:11,4.0
上游闸内水位,2022-12-14,1:03:12,3.8
上游闸外水位,2022-12-14,1:03:12,3.9
上游闸内水位,2022-12-14,1:43:37,3.9
上游闸外水位,2022-12-14,1:43:37,3.9
下游闸内水位,2022-12-14,1:46:24,4.0
下游闸外水位,2022-12-14,1:46:24,3.0
下游闸内水位,2022-12-14,1:50:37,3.0
下游闸外水位,2022-12-14,1:50:37,2.9
内河侧水位,2022-12-14,2:00:00,4.0
长江侧水位,2022-12-14,2:00:00,2.9
下游闸内水位,2022-12-14,2:33:19,2.8
下游闸外水位,2022-12-14,2:33:19,2.8
上游闸内水位,2022-12-14,2:35:59,2.8
上游闸外水位,2022-12-14,2:35:59,3.9
上游闸内水位,2022-12-14,2:39:13,3.7
上游闸外水位,2022-12-14,2:39:13,3.8
内河侧水位,2022-12-14,3:00:00,3.9
长江侧水位,2022-12-14,3:00:00,2.8
上游闸内水位,2022-12-14,3:12:34,3.9
上游闸外水位,2022-12-14,3:12:34,3.9
下游闸内水位,2022-12-14,3:15:14,3.9
下游闸外水位,2022-12-14,3:15:14,2.8
下游闸内水位,2022-12-14,3:19:19,2.9
下游闸外水位,2022-12-14,3:19:19,2.7
内河侧水位,2022-12-14,4:00:00,3.9
长江侧水位,2022-12-14,4:00:00,2.6
下游闸内水位,2022-12-14,4:02:53,2.5
下游闸外水位,2022-12-14,4:02:53,2.6
上游闸内水位,2022-12-14,4:05:32,2.6
上游闸外水位,2022-12-14,4:05:32,3.9
上游闸内水位,2022-12-14,4:10:43,3.9
上游闸外水位,2022-12-14,4:10:43,3.9
内河侧水位,2022-12-14,5:00:00,3.9
长江侧水位,2022-12-14,5:00:00,2.5
上游闸内水位,2022-12-14,5:04:18,3.9
上游闸外水位,2022-12-14,5:04:18,3.9
下游闸内水位,2022-12-14,5:06:54,3.8
下游闸外水位,2022-12-14,5:06:54,2.5
下游闸内水位,2022-12-14,5:12:23,2.5
下游闸外水位,2022-12-14,5:12:23,2.5
内河侧水位,2022-12-14,6:00:00,3.8
长江侧水位,2022-12-14,6:00:00,2.4
下游闸内水位,2022-12-14,6:04:21,2.4
下游闸外水位,2022-12-14,6:04:21,2.5
上游闸内水位,2022-12-14,6:06:59,2.4
上游闸外水位,2022-12-14,6:06:59,3.8
上游闸内水位,2022-12-14,6:11:13,3.8
上游闸外水位,2022-12-14,6:11:13,3.9
上游闸内水位,2022-12-14,6:55:03,3.9
上游闸外水位,2022-12-14,6:55:03,3.9
下游闸内水位,2022-12-14,6:57:51,3.8
下游闸外水位,2022-12-14,6:57:51,2.5
内河侧水位,2022-12-14,7:00:00,3.8
长江侧水位,2022-12-14,7:00:00,2.5
下游闸内水位,2022-12-14,7:02:29,2.7
下游闸外水位,2022-12-14,7:02:29,2.6
下游闸内水位,2022-12-14,7:49:00,3.0
下游闸外水位,2022-12-14,7:49:00,3.0
上游闸内水位,2022-12-14,7:53:47,3.0
上游闸外水位,2022-12-14,7:53:47,3.9
上游闸内水位,2022-12-14,7:59:23,3.9
上游闸外水位,2022-12-14,7:59:23,3.9
内河侧水位,2022-12-14,8:00:00,3.9
长江侧水位,2022-12-14,8:00:00,3.2
上游闸内水位,2022-12-14,8:30:06,3.9
上游闸外水位,2022-12-14,8:30:06,3.9
下游闸内水位,2022-12-14,8:33:36,3.8
下游闸外水位,2022-12-14,8:33:36,3.4
下游闸内水位,2022-12-14,8:36:28,3.5
下游闸外水位,2022-12-14,8:36:28,3.4
内河侧水位,2022-12-14,9:00:00,3.9
长江侧水位,2022-12-14,9:00:00,3.5
下游闸内水位,2022-12-14,9:06:59,3.5
下游闸外水位,2022-12-14,9:06:59,3.5
上游闸内水位,2022-12-14,9:10:17,3.6
上游闸外水位,2022-12-14,9:10:17,3.9
上游闸内水位,2022-12-14,9:12:24,3.8
上游闸外水位,2022-12-14,9:12:24,3.9
上游闸内水位,2022-12-14,9:35:22,3.9
上游闸外水位,2022-12-14,9:35:22,3.9
下游闸内水位,2022-12-14,9:37:58,3.9
下游闸外水位,2022-12-14,9:37:58,3.7
下游闸内水位,2022-12-14,9:39:33,3.7
下游闸外水位,2022-12-14,9:39:33,3.7
内河侧水位,2022-12-14,10:00:00,3.9
长江侧水位,2022-12-14,10:00:00,3.7
下游闸内水位,2022-12-14,10:15:09,3.6
下游闸外水位,2022-12-14,10:15:09,3.7
上游闸内水位,2022-12-14,10:18:29,3.7
上游闸外水位,2022-12-14,10:18:29,3.9
上游闸内水位,2022-12-14,10:20:21,3.8
上游闸外水位,2022-12-14,10:20:21,3.9
上游闸内水位,2022-12-14,10:46:01,3.9
上游闸外水位,2022-12-14,10:46:01,3.9
上游闸内水位,2022-12-14,11:52:19,3.9
上游闸外水位,2022-12-14,11:52:19,3.9
下游闸内水位,2022-12-14,11:55:19,3.9
下游闸外水位,2022-12-14,11:55:19,3.3
内河侧水位,2022-12-14,12:00:00,3.9
长江侧水位,2022-12-14,12:00:00,3.2
下游闸内水位,2022-12-14,12:00:14,3.1
下游闸外水位,2022-12-14,12:00:14,3.2
下游闸内水位,2022-12-14,12:10:33,3.2
下游闸外水位,2022-12-14,12:10:33,3.3
上游闸内水位,2022-12-14,12:14:41,3.2
上游闸外水位,2022-12-14,12:14:41,3.9
上游闸内水位,2022-12-14,12:17:05,3.7
上游闸外水位,2022-12-14,12:17:05,3.8
上游闸内水位,2022-12-14,12:45:03,3.9
上游闸外水位,2022-12-14,12:45:03,3.9
下游闸内水位,2022-12-14,12:47:41,3.9
下游闸外水位,2022-12-14,12:47:41,3.1
下游闸内水位,2022-12-14,12:51:03,3.2
下游闸外水位,2022-12-14,12:51:03,3.1
内河侧水位,2022-12-14,13:00:00,4.0
长江侧水位,2022-12-14,13:00:00,2.9
下游闸内水位,2022-12-14,13:25:50,2.9
下游闸外水位,2022-12-14,13:25:50,3.0
上游闸内水位,2022-12-14,13:28:29,2.9
上游闸外水位,2022-12-14,13:28:29,4.0
上游闸内水位,2022-12-14,13:31:19,3.7
上游闸外水位,2022-12-14,13:31:19,3.8
上游闸内水位,2022-12-14,13:45:35,4.0
上游闸外水位,2022-12-14,13:45:35,3.9
下游闸内水位,2022-12-14,13:53:20,2.9
下游闸外水位,2022-12-14,13:53:20,2.8
内河侧水位,2022-12-14,14:00:00,3.9
长江侧水位,2022-12-14,14:00:00,2.8
上游闸内水位,2022-12-14,14:21:21,2.7
上游闸外水位,2022-12-14,14:21:21,3.9
上游闸内水位,2022-12-14,14:24:24,3.7
上游闸外水位,2022-12-14,14:24:24,3.9
上游闸内水位,2022-12-14,14:42:06,3.9
上游闸外水位,2022-12-14,14:42:06,3.9
下游闸内水位,2022-12-14,14:44:53,3.9
下游闸外水位,2022-12-14,14:44:53,2.8
内河侧水位,2022-12-14,15:00:00,3.9
长江侧水位,2022-12-14,15:00:00,2.7
下游闸内水位,2022-12-14,15:17:26,2.6
下游闸外水位,2022-12-14,15:17:26,2.6
上游闸内水位,2022-12-14,15:21:25,2.5
上游闸外水位,2022-12-14,15:21:25,3.8
上游闸内水位,2022-12-14,15:24:46,3.7
上游闸外水位,2022-12-14,15:24:46,3.8
上游闸内水位,2022-12-14,15:41:11,4.0
上游闸外水位,2022-12-14,15:41:11,3.8
下游闸内水位,2022-12-14,15:43:46,4.0
下游闸外水位,2022-12-14,15:43:46,2.6
下游闸内水位,2022-12-14,15:48:11,2.8
下游闸外水位,2022-12-14,15:48:11,2.6
内河侧水位,2022-12-14,16:00:00,3.8
长江侧水位,2022-12-14,16:00:00,2.5
下游闸内水位,2022-12-14,16:15:49,2.5
下游闸外水位,2022-12-14,16:15:49,2.5
上游闸内水位,2022-12-14,16:18:31,2.4
上游闸外水位,2022-12-14,16:18:31,3.9
上游闸内水位,2022-12-14,16:22:04,3.7
上游闸内水位,2022-12-14,11:23:53,3.7
上游闸外水位,2022-12-14,11:23:53,3.8
下游闸内水位,2022-12-14,13:49:00,3.9
下游闸外水位,2022-12-14,13:49:00,2.9
下游闸内水位,2022-12-14,14:18:36,2.8
下游闸外水位,2022-12-14,14:18:36,2.8
下游闸内水位,2022-12-14,14:49:05,2.9
下游闸外水位,2022-12-14,14:49:05,2.7
上游闸外水位,2022-12-14,16:22:04,3.8
上游闸内水位,2022-12-14,16:39:35,3.9
上游闸外水位,2022-12-14,16:39:35,3.8
下游闸内水位,2022-12-14,16:42:09,3.9
下游闸外水位,2022-12-14,16:42:09,2.5
下游闸内水位,2022-12-14,16:46:37,2.7
下游闸外水位,2022-12-14,16:46:37,2.5
内河侧水位,2022-12-14,17:00:00,3.8
长江侧水位,2022-12-14,17:00:00,2.4
下游闸内水位,2022-12-14,17:10:59,2.5
下游闸外水位,2022-12-14,17:10:59,2.5
上游闸内水位,2022-12-14,17:14:09,2.4
上游闸外水位,2022-12-14,17:14:09,3.8
上游闸内水位,2022-12-14,17:18:21,3.9
上游闸外水位,2022-12-14,17:18:21,3.8
上游闸内水位,2022-12-14,17:32:32,3.9
上游闸外水位,2022-12-14,17:32:32,3.8
下游闸内水位,2022-12-14,17:35:22,3.9
下游闸外水位,2022-12-14,17:35:22,2.4
下游闸内水位,2022-12-14,17:40:09,2.5
下游闸外水位,2022-12-14,17:40:09,2.4
内河侧水位,2022-12-14,18:00:00,3.9
长江侧水位,2022-12-14,18:00:00,2.4
下游闸内水位,2022-12-14,18:09:13,2.4
下游闸外水位,2022-12-14,18:09:13,2.4
上游闸内水位,2022-12-14,18:11:51,2.3
上游闸外水位,2022-12-14,18:11:51,3.9
上游闸内水位,2022-12-14,18:15:32,3.7
上游闸外水位,2022-12-14,18:15:32,3.8
上游闸内水位,2022-12-14,18:32:21,3.9
上游闸外水位,2022-12-14,18:32:21,3.9
下游闸内水位,2022-12-14,18:36:07,3.9
下游闸外水位,2022-12-14,18:36:07,2.5
下游闸内水位,2022-12-14,18:40:48,2.6
下游闸外水位,2022-12-14,18:40:48,2.5
内河侧水位,2022-12-14,19:00:00,3.9
长江侧水位,2022-12-14,19:00:00,2.7
下游闸内水位,2022-12-14,19:09:51,2.6
下游闸外水位,2022-12-14,19:09:51,2.7
上游闸内水位,2022-12-14,19:12:31,2.7
上游闸外水位,2022-12-14,19:12:31,3.8
上游闸内水位,2022-12-14,19:16:18,3.9
上游闸外水位,2022-12-14,19:16:18,3.8
上游闸内水位,2022-12-14,19:35:19,4.0
上游闸外水位,2022-12-14,19:35:19,3.9
下游闸内水位,2022-12-14,19:37:53,3.9
下游闸外水位,2022-12-14,19:37:53,3.2
下游闸内水位,2022-12-14,19:41:09,3.2
下游闸外水位,2022-12-14,19:41:09,3.1
内河侧水位,2022-12-14,20:00:00,3.9
长江侧水位,2022-12-14,20:00:00,3.3
下游闸内水位,2022-12-14,20:13:05,3.5
下游闸外水位,2022-12-14,20:13:05,3.5
上游闸内水位,2022-12-14,20:15:40,3.5
上游闸外水位,2022-12-14,20:15:40,3.9
上游闸内水位,2022-12-14,20:18:03,3.9
上游闸外水位,2022-12-14,20:18:03,3.8
上游闸内水位,2022-12-14,20:35:28,3.9
上游闸外水位,2022-12-14,20:35:28,3.8
下游闸内水位,2022-12-14,20:37:53,3.9
下游闸外水位,2022-12-14,20:37:53,3.6
下游闸内水位,2022-12-14,20:58:35,3.7
下游闸外水位,2022-12-14,20:58:35,3.7
内河侧水位,2022-12-14,21:00:00,3.8
长江侧水位,2022-12-14,21:00:00,3.7
上游闸内水位,2022-12-14,21:01:14,3.6
上游闸外水位,2022-12-14,21:01:14,3.8
下游闸内水位,2022-12-14,21:16:10,3.8
下游闸外水位,2022-12-14,21:16:10,3.8
内河侧水位,2022-12-14,22:00:00,3.8
长江侧水位,2022-12-14,22:00:00,3.9
内河侧水位,2022-12-14,23:00:00,3.7
长江侧水位,2022-12-14,23:00:00,3.8
上游闸内水位,2022-12-14,23:35:18,3.5
上游闸外水位,2022-12-14,23:35:18,3.5
下游闸内水位,2022-12-15,0:18:04,3.3
下游闸外水位,2022-12-15,0:18:04,3.3
内河侧水位,2022-12-15,1:00:00,3.8
长江侧水位,2022-12-15,1:00:00,3.1
上游闸内水位,2022-12-15,1:06:45,3.9
上游闸外水位,2022-12-15,1:06:45,3.8
下游闸内水位,2022-12-15,1:09:18,3.9
下游闸外水位,2022-12-15,1:09:18,3.1
下游闸内水位,2022-12-15,1:13:27,3.1
下游闸外水位,2022-12-15,1:13:27,3.1
上游闸内水位,2022-12-15,2:01:44,3.3
上游闸外水位,2022-12-15,2:01:44,3.8
上游闸内水位,2022-12-15,2:03:26,3.7
上游闸外水位,2022-12-15,2:03:26,3.8
上游闸内水位,2022-12-15,2:45:05,3.9
上游闸外水位,2022-12-15,2:45:05,3.8
下游闸内水位,2022-12-15,2:47:47,3.9
下游闸外水位,2022-12-15,2:47:47,2.8
下游闸内水位,2022-12-15,2:52:00,2.9
下游闸外水位,2022-12-15,2:52:00,2.8
内河侧水位,2022-12-15,3:00:00,3.8
长江侧水位,2022-12-15,3:00:00,2.8
下游闸内水位,2022-12-15,3:52:07,2.6
下游闸外水位,2022-12-15,3:52:07,2.6
上游闸内水位,2022-12-15,3:55:14,2.6
上游闸外水位,2022-12-15,3:55:14,3.8
上游闸内水位,2022-12-15,3:57:12,3.0
上游闸外水位,2022-12-15,3:57:12,3.8
上游闸内水位,2022-12-15,3:58:55,3.6
上游闸外水位,2022-12-15,3:58:55,3.7
内河侧水位,2022-12-15,4:00:00,3.8
长江侧水位,2022-12-15,4:00:00,2.6
上游闸内水位,2022-12-15,4:32:26,3.9
上游闸外水位,2022-12-15,4:32:26,3.8
下游闸内水位,2022-12-15,4:34:57,3.9
下游闸外水位,2022-12-15,4:34:57,2.5
下游闸内水位,2022-12-15,4:39:54,2.6
下游闸外水位,2022-12-15,4:39:54,2.5
内河侧水位,2022-12-15,5:00:00,3.8
长江侧水位,2022-12-15,5:00:00,2.5
下游闸内水位,2022-12-15,5:22:11,2.3
下游闸外水位,2022-12-15,5:22:11,2.4
上游闸内水位,2022-12-15,5:28:33,3.6
上游闸外水位,2022-12-15,5:28:33,3.8
内河侧水位,2022-12-15,6:00:00,3.8
长江侧水位,2022-12-15,6:00:00,2.4
上游闸内水位,2022-12-15,6:07:23,3.9
上游闸外水位,2022-12-15,6:07:23,3.8
下游闸内水位,2022-12-15,6:09:58,3.9
下游闸外水位,2022-12-15,6:09:58,2.3
下游闸内水位,2022-12-15,6:15:00,2.4
下游闸外水位,2022-12-15,6:15:00,2.3
下游闸内水位,2022-12-15,6:57:36,2.2
下游闸外水位,2022-12-15,6:57:36,2.3
内河侧水位,2022-12-15,7:00:00,3.8
长江侧水位,2022-12-15,7:00:00,2.3
上游闸内水位,2022-12-15,7:00:16,2.2
上游闸外水位,2022-12-15,7:00:16,3.8
上游闸内水位,2022-12-15,7:04:12,3.7
上游闸外水位,2022-12-15,7:04:12,3.8
上游闸内水位,2022-12-15,7:42:02,3.9
上游闸外水位,2022-12-15,7:42:02,3.8
下游闸内水位,2022-12-15,7:44:45,3.9
下游闸外水位,2022-12-15,7:44:45,2.3
下游闸内水位,2022-12-15,7:49:58,2.4
下游闸外水位,2022-12-15,7:49:58,2.2
内河侧水位,2022-12-15,8:00:00,3.8
长江侧水位,2022-12-15,8:00:00,2.3
下游闸内水位,2022-12-15,8:27:02,2.5
下游闸外水位,2022-12-15,8:27:02,2.5
上游闸内水位,2022-12-15,8:29:44,2.4
上游闸外水位,2022-12-15,8:29:44,3.8
上游闸内水位,2022-12-15,8:33:20,3.7
上游闸外水位,2022-12-15,8:33:20,3.8
内河侧水位,2022-12-15,9:00:00,3.8
长江侧水位,2022-12-15,9:00:00,2.7
上游闸内水位,2022-12-15,9:04:28,4.0
上游闸外水位,2022-12-15,9:04:28,3.9
下游闸内水位,2022-12-15,9:07:07,3.9
下游闸外水位,2022-12-15,9:07:07,2.8
下游闸内水位,2022-12-15,9:11:17,2.9
下游闸外水位,2022-12-15,9:11:17,2.8
下游闸内水位,2022-12-15,9:42:02,2.9
下游闸外水位,2022-12-15,9:42:02,3.0
上游闸内水位,2022-12-15,9:44:46,3.0
上游闸外水位,2022-12-15,9:44:46,3.9
上游闸内水位,2022-12-15,9:47:19,3.6
上游闸外水位,2022-12-15,9:47:19,3.7
内河侧水位,2022-12-15,10:00:00,3.9
长江侧水位,2022-12-15,10:00:00,3.0
上游闸内水位,2022-12-15,10:12:15,4.0
上游闸内水位,2022-12-15,5:24:49,2.3
上游闸外水位,2022-12-15,5:24:49,3.8
上游闸外水位,2022-12-15,10:12:15,3.9
下游闸内水位,2022-12-15,10:14:53,3.9
下游闸外水位,2022-12-15,10:14:53,3.1
下游闸内水位,2022-12-15,10:18:17,3.2
下游闸外水位,2022-12-15,10:18:17,3.1
上游闸内水位,2022-12-15,10:57:11,3.7
上游闸外水位,2022-12-15,10:57:11,3.7
上游闸内水位,2022-12-15,11:26:05,3.9
上游闸外水位,2022-12-15,11:26:05,3.9
内河侧水位,2022-12-15,12:00:00,3.8
长江侧水位,2022-12-15,12:00:00,2.9
下游闸内水位,2022-12-15,12:10:45,2.8
下游闸外水位,2022-12-15,12:10:45,2.9
上游闸内水位,2022-12-15,12:13:37,2.9
上游闸外水位,2022-12-15,12:13:37,3.9
上游闸内水位,2022-12-15,12:16:24,3.7
上游闸外水位,2022-12-15,12:16:24,3.8
下游闸内水位,2022-12-15,12:53:54,2.9
下游闸外水位,2022-12-15,12:53:54,2.7
内河侧水位,2022-12-15,13:00:00,3.9
长江侧水位,2022-12-15,13:00:00,2.7
下游闸内水位,2022-12-15,13:24:33,2.6
下游闸外水位,2022-12-15,13:24:33,2.6
上游闸内水位,2022-12-15,13:27:18,2.6
上游闸外水位,2022-12-15,13:27:18,3.8
上游闸内水位,2022-12-15,13:30:49,3.8
上游闸外水位,2022-12-15,13:30:49,3.8
内河侧水位,2022-12-15,14:00:00,3.9
长江侧水位,2022-12-15,14:00:00,2.5
上游闸内水位,2022-12-15,14:14:10,4.0
上游闸外水位,2022-12-15,14:14:10,3.9
下游闸内水位,2022-12-15,14:16:55,3.9
下游闸外水位,2022-12-15,14:16:55,2.5
下游闸内水位,2022-12-15,14:21:53,2.6
下游闸外水位,2022-12-15,14:21:53,2.5
内河侧水位,2022-12-15,15:00:00,3.9
长江侧水位,2022-12-15,15:00:00,2.5
下游闸内水位,2022-12-15,15:04:31,2.3
下游闸外水位,2022-12-15,15:04:31,2.4
上游闸内水位,2022-12-15,15:07:11,2.3
上游闸外水位,2022-12-15,15:07:11,3.9
上游闸内水位,2022-12-15,15:10:49,3.7
上游闸外水位,2022-12-15,15:10:49,3.8
上游闸内水位,2022-12-15,15:38:43,3.9
上游闸外水位,2022-12-15,15:38:43,3.9
下游闸内水位,2022-12-15,15:41:20,4.0
下游闸外水位,2022-12-15,15:41:20,2.4
下游闸内水位,2022-12-15,15:49:28,2.2
下游闸外水位,2022-12-15,15:49:28,2.2
内河侧水位,2022-12-15,16:00:00,3.9
长江侧水位,2022-12-15,16:00:00,2.3
下游闸内水位,2022-12-15,16:20:33,2.2
下游闸外水位,2022-12-15,16:20:33,2.2
上游闸内水位,2022-12-15,16:23:59,2.3
上游闸外水位,2022-12-15,16:23:59,3.9
上游闸内水位,2022-12-15,16:27:44,3.7
上游闸外水位,2022-12-15,16:27:44,3.9
内河侧水位,2022-12-15,17:00:00,3.9
长江侧水位,2022-12-15,17:00:00,2.2
上游闸内水位,2022-12-15,17:05:46,4.0
上游闸外水位,2022-12-15,17:05:46,3.9
下游闸内水位,2022-12-15,17:08:19,3.9
下游闸外水位,2022-12-15,17:08:19,2.1
下游闸内水位,2022-12-15,17:13:38,2.3
下游闸外水位,2022-12-15,17:13:38,2.2
下游闸内水位,2022-12-15,17:55:38,2.1
下游闸外水位,2022-12-15,17:55:38,2.1
上游闸内水位,2022-12-15,17:58:59,2.1
上游闸外水位,2022-12-15,17:58:59,3.9
内河侧水位,2022-12-15,18:00:00,3.7
长江侧水位,2022-12-15,18:00:00,2.1
上游闸内水位,2022-12-15,18:03:03,3.7
上游闸外水位,2022-12-15,18:03:03,3.8
上游闸内水位,2022-12-15,18:41:55,3.9
上游闸外水位,2022-12-15,18:41:55,3.8
下游闸内水位,2022-12-15,18:44:32,3.9
下游闸外水位,2022-12-15,18:44:32,2.1
下游闸内水位,2022-12-15,18:51:10,2.1
下游闸外水位,2022-12-15,18:51:10,2.1
内河侧水位,2022-12-15,19:00:00,3.9
长江侧水位,2022-12-15,19:00:00,2.2
下游闸内水位,2022-12-15,19:31:42,2.4
下游闸外水位,2022-12-15,19:31:42,2.5
上游闸内水位,2022-12-15,19:34:18,2.4
上游闸外水位,2022-12-15,19:34:18,3.9
上游闸内水位,2022-12-15,19:39:37,4.0
上游闸外水位,2022-12-15,19:39:37,3.9
内河侧水位,2022-12-15,20:00:00,3.9
长江侧水位,2022-12-15,20:00:00,2.8
上游闸内水位,2022-12-15,20:12:17,3.9
上游闸外水位,2022-12-15,20:12:17,3.9
下游闸内水位,2022-12-15,20:14:53,4.0
下游闸外水位,2022-12-15,20:14:53,2.9
下游闸内水位,2022-12-15,20:18:40,3.1
下游闸外水位,2022-12-15,20:18:40,3.0
下游闸内水位,2022-12-15,20:54:21,3.2
下游闸外水位,2022-12-15,20:54:21,3.2
上游闸内水位,2022-12-15,20:57:43,3.2
上游闸外水位,2022-12-15,20:57:43,3.9
内河侧水位,2022-12-15,21:00:00,3.8
长江侧水位,2022-12-15,21:00:00,3.2
上游闸内水位,2022-12-15,21:00:37,3.9
上游闸外水位,2022-12-15,21:00:37,3.8
上游闸内水位,2022-12-15,21:29:21,3.9
上游闸外水位,2022-12-15,21:29:21,3.9
下游闸内水位,2022-12-15,21:32:16,3.9
下游闸外水位,2022-12-15,21:32:16,3.4
下游闸内水位,2022-12-15,21:35:07,3.5
下游闸外水位,2022-12-15,21:35:07,3.4
内河侧水位,2022-12-15,22:00:00,3.9
长江侧水位,2022-12-15,22:00:00,3.6
下游闸内水位,2022-12-15,22:18:52,3.6
下游闸外水位,2022-12-15,22:18:52,3.6
上游闸内水位,2022-12-15,22:21:30,3.6
上游闸外水位,2022-12-15,22:21:30,3.9
上游闸内水位,2022-12-15,22:23:19,3.8
上游闸外水位,2022-12-15,22:23:19,3.9
上游闸内水位,2022-12-15,22:55:39,3.9
上游闸外水位,2022-12-15,22:55:39,3.9
下游闸内水位,2022-12-15,22:58:12,3.9
下游闸外水位,2022-12-15,22:58:12,3.7
下游闸内水位,2022-12-15,23:52:21,3.6
下游闸外水位,2022-12-15,23:52:21,3.6
上游闸内水位,2022-12-15,23:55:06,3.6
上游闸外水位,2022-12-15,23:55:06,3.9
上游闸内水位,2022-12-15,23:57:29,3.9
上游闸外水位,2022-12-15,23:57:29,3.9
内河侧水位,2022-12-16,0:00:00,3.9
长江侧水位,2022-12-16,0:00:00,3.6
上游闸内水位,2022-12-16,0:13:53,4.0
上游闸外水位,2022-12-16,0:13:53,3.9
下游闸外水位,2022-12-16,4:09:29,2.6
下游闸内水位,2022-12-16,4:10:34,2.6
下游闸外水位,2022-12-16,4:10:34,2.6
上游闸内水位,2022-12-16,4:12:36,2.7
上游闸外水位,2022-12-16,4:12:36,3.9
上游闸内水位,2022-12-16,4:16:08,3.8
上游闸外水位,2022-12-16,4:16:08,3.8
上游闸内水位,2022-12-16,4:33:31,3.9
上游闸外水位,2022-12-16,4:33:31,3.9
下游闸内水位,2022-12-16,4:36:35,3.9
下游闸外水位,2022-12-16,4:36:35,2.5
下游闸内水位,2022-12-16,4:42:43,2.5
下游闸外水位,2022-12-16,4:42:43,2.5
下游闸内水位,2022-12-16,4:54:33,2.5
下游闸外水位,2022-12-16,4:54:33,2.5
上游闸内水位,2022-12-16,4:57:52,2.5
上游闸外水位,2022-12-16,4:57:52,3.9
内河侧水位,2022-12-16,5:00:00,3.6
长江侧水位,2022-12-16,5:00:00,2.5
上游闸内水位,2022-12-16,5:01:44,3.8
上游闸外水位,2022-12-16,5:01:44,3.8
上游闸内水位,2022-12-16,5:31:17,3.9
上游闸外水位,2022-12-16,5:31:17,3.9
下游闸内水位,2022-12-16,5:35:26,3.9
下游闸外水位,2022-12-16,5:35:26,2.4
下游闸内水位,2022-12-16,5:40:28,2.5
下游闸外水位,2022-12-16,5:40:28,2.4
内河侧水位,2022-12-16,6:00:00,3.9
长江侧水位,2022-12-16,6:00:00,2.4
下游闸内水位,2022-12-16,6:21:36,2.3
下游闸外水位,2022-12-16,6:21:36,2.4
上游闸内水位,2022-12-16,6:24:22,2.3
上游闸外水位,2022-12-16,6:24:22,3.9
上游闸内水位,2022-12-16,6:28:10,3.7
上游闸外水位,2022-12-16,6:28:10,3.8
内河侧水位,2022-12-16,7:00:00,3.9
长江侧水位,2022-12-16,7:00:00,2.2
上游闸内水位,2022-12-16,7:03:13,3.9
上游闸外水位,2022-12-16,7:03:13,3.9
下游闸内水位,2022-12-16,7:07:58,3.9
下游闸外水位,2022-12-16,7:07:58,2.2
下游闸内水位,2022-12-16,7:13:11,2.4
下游闸外水位,2022-12-16,7:13:11,2.3
内河侧水位,2022-12-16,8:00:00,3.9
长江侧水位,2022-12-16,8:00:00,2.2
下游闸内水位,2022-12-16,8:01:25,2.3
下游闸外水位,2022-12-16,8:01:25,2.3
上游闸内水位,2022-12-16,8:04:04,2.4
上游闸外水位,2022-12-16,8:04:04,3.9
上游闸内水位,2022-12-16,8:07:55,3.7
上游闸外水位,2022-12-16,8:07:55,3.8
上游闸内水位,2022-12-16,8:38:03,3.9
上游闸外水位,2022-12-16,8:38:03,3.9
下游闸内水位,2022-12-16,8:45:54,3.9
下游闸外水位,2022-12-16,8:45:54,2.5
下游闸内水位,2022-12-16,8:50:43,2.6
下游闸外水位,2022-12-16,8:50:43,2.5
内河侧水位,2022-12-16,9:00:00,3.9
长江侧水位,2022-12-16,9:00:00,2.6
下游闸内水位,2022-12-16,9:22:23,2.8
下游闸外水位,2022-12-16,9:22:23,2.8
上游闸内水位,2022-12-16,9:26:27,2.9
上游闸外水位,2022-12-16,9:26:27,3.9
上游闸内水位,2022-12-16,9:29:46,3.8
上游闸外水位,2022-12-16,9:29:46,3.9
内河侧水位,2022-12-16,10:00:00,3.9
长江侧水位,2022-12-16,10:00:00,3.0
上游闸内水位,2022-12-16,10:01:20,3.9
上游闸外水位,2022-12-16,10:01:20,3.9
下游闸内水位,2022-12-16,10:03:55,3.9
下游闸外水位,2022-12-16,10:03:55,3.2
上游闸内水位,2022-12-16,11:39:47,3.9
上游闸外水位,2022-12-16,11:39:47,3.9
下游闸内水位,2022-12-16,11:42:31,3.9
下游闸外水位,2022-12-16,11:42:31,3.4
下游闸内水位,2022-12-16,11:45:50,3.5
下游闸外水位,2022-12-16,11:45:50,3.4
内河侧水位,2022-12-16,12:00:00,3.9
长江侧水位,2022-12-16,12:00:00,3.3
下游闸内水位,2022-12-16,12:24:43,3.4
下游闸外水位,2022-12-16,12:24:43,3.4
上游闸内水位,2022-12-16,12:27:24,3.3
上游闸外水位,2022-12-16,12:27:24,3.9
上游闸内水位,2022-12-16,12:29:44,3.8
上游闸外水位,2022-12-16,12:29:44,3.8
内河侧水位,2022-12-16,13:00:00,3.9
长江侧水位,2022-12-16,13:00:00,3.4
上游闸内水位,2022-12-16,13:02:37,3.9
上游闸外水位,2022-12-16,13:02:37,3.9
下游闸内水位,2022-12-16,13:05:10,3.9
下游闸外水位,2022-12-16,13:05:10,3.2
下游闸内水位,2022-12-16,13:08:09,3.4
下游闸外水位,2022-12-16,13:08:09,3.3
下游闸内水位,2022-12-16,13:23:13,3.2
下游闸外水位,2022-12-16,13:23:13,3.1
上游闸内水位,2022-12-16,13:25:52,3.2
上游闸外水位,2022-12-16,13:25:52,3.8
上游闸内水位,2022-12-16,13:28:06,3.7
上游闸外水位,2022-12-16,13:28:06,3.8
上游闸内水位,2022-12-16,13:45:54,3.9
上游闸外水位,2022-12-16,13:45:54,3.9
上游闸内水位,2022-12-16,14:28:36,3.9
上游闸外水位,2022-12-16,14:28:36,3.8
下游闸内水位,2022-12-16,14:31:11,3.9
下游闸外水位,2022-12-16,14:31:11,3.0
下游闸内水位,2022-12-16,14:34:50,3.1
下游闸外水位,2022-12-16,14:34:50,3.0
内河侧水位,2022-12-16,15:00:00,3.8
长江侧水位,2022-12-16,15:00:00,2.9
下游闸内水位,2022-12-16,15:05:11,2.9
下游闸外水位,2022-12-16,15:05:11,2.9
上游闸内水位,2022-12-16,15:07:57,3.0
上游闸外水位,2022-12-16,15:07:57,3.8
上游闸内水位,2022-12-16,15:10:39,3.7
上游闸外水位,2022-12-16,15:10:39,3.8
上游闸内水位,2022-12-16,15:26:06,3.9
上游闸外水位,2022-12-16,15:26:06,3.8
下游闸内水位,2022-12-16,15:28:54,3.9
下游闸外水位,2022-12-16,15:28:54,3.0
下游闸内水位,2022-12-16,15:33:14,3.0
下游闸外水位,2022-12-16,15:33:14,2.9
内河侧水位,2022-12-16,16:00:00,3.8
长江侧水位,2022-12-16,16:00:00,2.8
上游闸内水位,2022-12-16,16:00:46,2.8
上游闸外水位,2022-12-16,16:00:46,3.8
上游闸内水位,2022-12-16,16:03:29,3.6
上游闸外水位,2022-12-16,16:03:29,3.6
上游闸内水位,2022-12-16,16:20:26,3.9
下游闸内水位,2022-12-16,10:07:06,3.3
下游闸外水位,2022-12-16,10:07:06,3.2
下游闸内水位,2022-12-16,15:57:18,2.8
下游闸外水位,2022-12-16,15:57:18,2.8
上游闸外水位,2022-12-16,16:20:26,3.8
下游闸内水位,2022-12-16,16:23:04,3.9
下游闸外水位,2022-12-16,16:23:04,2.8
下游闸内水位,2022-12-16,16:27:41,2.8
下游闸外水位,2022-12-16,16:27:41,2.8
下游闸内水位,2022-12-16,16:53:31,2.7
下游闸外水位,2022-12-16,16:53:31,2.7
上游闸内水位,2022-12-16,16:56:10,2.6
上游闸外水位,2022-12-16,16:56:10,3.8
上游闸内水位,2022-12-16,16:59:18,3.6
上游闸外水位,2022-12-16,16:59:18,3.7
内河侧水位,2022-12-16,17:00:00,3.8
长江侧水位,2022-12-16,17:00:00,2.7
上游闸内水位,2022-12-16,17:14:32,3.9
上游闸外水位,2022-12-16,17:14:32,3.9
下游闸内水位,2022-12-16,17:17:14,3.9
下游闸外水位,2022-12-16,17:17:14,2.6
下游闸内水位,2022-12-16,17:22:24,2.7
下游闸外水位,2022-12-16,17:22:24,2.7
上游闸内水位,2022-12-16,17:52:25,2.6
上游闸外水位,2022-12-16,17:52:25,3.8
上游闸内水位,2022-12-16,17:56:32,3.9
上游闸外水位,2022-12-16,17:56:32,3.8
内河侧水位,2022-12-16,18:00:00,3.8
长江侧水位,2022-12-16,18:00:00,2.7
上游闸内水位,2022-12-16,18:14:25,3.8
上游闸外水位,2022-12-16,18:14:25,3.8
下游闸内水位,2022-12-16,18:17:23,3.9
下游闸外水位,2022-12-16,18:17:23,2.6
下游闸内水位,2022-12-16,18:22:03,2.7
下游闸外水位,2022-12-16,18:22:03,2.6
下游闸内水位,2022-12-16,18:51:41,2.5
下游闸外水位,2022-12-16,18:51:41,2.5
上游闸内水位,2022-12-16,18:54:15,2.4
上游闸外水位,2022-12-16,18:54:15,3.8
上游闸内水位,2022-12-16,18:57:49,3.7
上游闸外水位,2022-12-16,18:57:49,3.8
内河侧水位,2022-12-16,19:00:00,3.9
长江侧水位,2022-12-16,19:00:00,2.6
上游闸内水位,2022-12-16,19:10:51,3.9
上游闸外水位,2022-12-16,19:10:51,3.8
下游闸内水位,2022-12-16,19:13:28,3.9
下游闸外水位,2022-12-16,19:13:28,2.6
下游闸内水位,2022-12-16,19:17:54,2.7
下游闸外水位,2022-12-16,19:17:54,2.6
下游闸内水位,2022-12-16,19:32:29,2.5
下游闸外水位,2022-12-16,19:32:29,2.5
上游闸内水位,2022-12-16,19:35:10,2.5
上游闸外水位,2022-12-16,19:35:10,3.8
上游闸内水位,2022-12-16,19:38:22,3.6
上游闸外水位,2022-12-16,19:38:22,3.7
上游闸内水位,2022-12-16,19:51:10,3.9
上游闸外水位,2022-12-16,19:51:10,3.8
下游闸内水位,2022-12-16,19:54:22,3.9
下游闸外水位,2022-12-16,19:54:22,2.6
下游闸内水位,2022-12-16,19:59:11,2.7
下游闸外水位,2022-12-16,19:59:11,2.6
内河侧水位,2022-12-16,20:00:00,3.8
长江侧水位,2022-12-16,20:00:00,2.6
下游闸内水位,2022-12-16,20:29:02,2.7
下游闸外水位,2022-12-16,20:29:02,2.8
上游闸内水位,2022-12-16,20:31:45,2.8
上游闸外水位,2022-12-16,20:31:45,3.8
上游闸内水位,2022-12-16,20:34:45,3.6
上游闸外水位,2022-12-16,20:34:45,3.7
上游闸内水位,2022-12-16,20:58:54,3.9
上游闸外水位,2022-12-16,20:58:54,3.8
内河侧水位,2022-12-16,21:00:00,3.8
长江侧水位,2022-12-16,21:00:00,3.0
内河侧水位,2022-12-16,22:00:00,3.8
长江侧水位,2022-12-16,22:00:00,3.5
内河侧水位,2022-12-16,23:00:00,3.8
长江侧水位,2022-12-16,23:00:00,3.7
内河侧水位,2022-12-17,0:00:00,3.9
长江侧水位,2022-12-17,0:00:00,3.7
内河侧水位,2022-12-17,1:00:00,3.9
长江侧水位,2022-12-17,1:00:00,3.5
内河侧水位,2022-12-17,2:00:00,3.8
长江侧水位,2022-12-17,2:00:00,3.3
内河侧水位,2022-12-17,3:00:00,3.8
长江侧水位,2022-12-17,3:00:00,3.1
内河侧水位,2022-12-17,4:00:00,3.8
长江侧水位,2022-12-17,4:00:00,2.9
内河侧水位,2022-12-17,5:00:00,3.8
长江侧水位,2022-12-17,5:00:00,2.7
内河侧水位,2022-12-17,6:00:00,3.8
长江侧水位,2022-12-17,6:00:00,2.6
内河侧水位,2022-12-17,7:00:00,3.8
长江侧水位,2022-12-17,7:00:00,2.5
内河侧水位,2022-12-17,8:00:00,3.8
长江侧水位,2022-12-17,8:00:00,2.4
下游闸内水位,2022-12-17,8:48:44,3.7
下游闸外水位,2022-12-17,8:48:44,2.3
上游闸内水位,2022-12-17,11:30:08,3.9
上游闸外水位,2022-12-17,11:30:08,3.8
下游闸内水位,2022-12-17,11:32:42,3.8
下游闸外水位,2022-12-17,11:32:42,2.8
下游闸内水位,2022-12-17,11:38:19,2.6
下游闸外水位,2022-12-17,11:38:19,2.6
上游闸内水位,2022-12-17,12:28:33,3.9
上游闸外水位,2022-12-17,12:28:33,3.8
下游闸内水位,2022-12-18,12:42:47,2.6
下游闸外水位,2022-12-18,12:42:47,2.6
上游闸内水位,2022-12-18,12:45:27,2.5
上游闸外水位,2022-12-18,12:45:27,3.9
下游闸外水位,2022-12-18,19:51:04,2.2
上游闸内水位,2022-12-18,19:53:52,2.2
上游闸外水位,2022-12-18,19:53:52,3.9
上游闸内水位,2022-12-18,19:58:06,3.7
上游闸外水位,2022-12-18,19:58:06,3.8
内河侧水位,2022-12-18,20:00:00,3.9
长江侧水位,2022-12-18,20:00:00,2.3
上游闸内水位,2022-12-18,20:49:04,3.9
上游闸外水位,2022-12-18,20:49:04,3.9
下游闸内水位,2022-12-18,20:52:30,3.8
下游闸外水位,2022-12-18,20:52:30,2.1
下游闸内水位,2022-12-18,20:57:47,2.3
下游闸外水位,2022-12-18,20:57:47,2.2
内河侧水位,2022-12-18,21:00:00,3.8
长江侧水位,2022-12-18,21:00:00,2.1
下游闸内水位,2022-12-18,21:54:28,2.0
下游闸外水位,2022-12-18,21:54:28,2.0
上游闸内水位,2022-12-18,21:57:17,2.1
上游闸外水位,2022-12-18,21:57:17,3.8
内河侧水位,2022-12-18,22:00:00,3.4
长江侧水位,2022-12-18,22:00:00,2.1
上游闸内水位,2022-12-18,22:01:45,3.7
上游闸外水位,2022-12-18,22:01:45,3.8
上游闸内水位,2022-12-18,22:22:27,3.8
上游闸外水位,2022-12-18,22:22:27,3.8
下游闸内水位,2022-12-18,22:31:36,2.1
下游闸外水位,2022-12-18,22:31:36,2.0
内河侧水位,2022-12-18,23:00:00,3.8
长江侧水位,2022-12-18,23:00:00,2.1
下游闸内水位,2022-12-18,23:19:15,2.1
下游闸外水位,2022-12-18,23:19:15,2.1
上游闸内水位,2022-12-18,23:24:55,2.2
上游闸外水位,2022-12-18,23:24:55,3.8
上游闸内水位,2022-12-18,23:29:14,3.7
上游闸外水位,2022-12-18,23:29:14,3.8
下游闸内水位,2022-12-18,23:57:27,2.5
下游闸外水位,2022-12-18,23:57:27,2.5
内河侧水位,2022-12-19,0:00:00,3.9
长江侧水位,2022-12-19,0:00:00,2.5
下游闸内水位,2022-12-19,0:19:17,2.6
下游闸外水位,2022-12-19,0:19:17,2.6
上游闸内水位,2022-12-19,0:22:33,2.7
上游闸外水位,2022-12-19,0:22:33,3.8
内河侧水位,2022-12-19,1:00:00,3.9
长江侧水位,2022-12-19,1:00:00,2.9
上游闸内水位,2022-12-19,1:03:22,3.9
上游闸外水位,2022-12-19,1:03:22,3.9
下游闸内水位,2022-12-19,1:06:23,3.8
下游闸外水位,2022-12-19,1:06:23,2.9
下游闸内水位,2022-12-19,1:10:03,3.1
下游闸外水位,2022-12-19,1:10:03,2.9
下游闸内水位,2022-12-19,1:18:40,3.0
下游闸外水位,2022-12-19,1:18:40,3.0
上游闸内水位,2022-12-19,1:21:44,3.0
上游闸外水位,2022-12-19,1:21:44,3.8
下游闸内水位,2022-12-19,1:49:00,3.2
下游闸外水位,2022-12-19,1:49:00,3.0
下游闸内水位,2022-12-19,1:59:57,3.1
下游闸外水位,2022-12-19,1:59:57,3.1
内河侧水位,2022-12-19,2:00:00,3.9
长江侧水位,2022-12-19,2:00:00,3.1
上游闸内水位,2022-12-19,2:03:13,3.0
上游闸外水位,2022-12-19,2:03:13,3.9
上游闸内水位,2022-12-19,2:05:49,3.6
上游闸外水位,2022-12-19,2:05:49,3.8
下游闸内水位,2022-12-17,10:45:03,3.8
下游闸外水位,2022-12-17,10:45:03,2.5
下游闸内水位,2022-12-17,11:08:49,2.6
下游闸外水位,2022-12-17,11:08:49,2.7
上游闸内水位,2022-12-17,11:13:48,2.6
上游闸外水位,2022-12-17,11:13:48,3.8
上游闸内水位,2022-12-17,11:16:58,3.6
上游闸外水位,2022-12-17,11:16:58,3.7
内河侧水位,2022-12-17,12:00:00,3.8
长江侧水位,2022-12-17,12:00:00,2.8
下游闸内水位,2022-12-17,12:07:39,2.9
下游闸外水位,2022-12-17,12:07:39,2.9
上游闸内水位,2022-12-17,12:10:32,2.9
上游闸外水位,2022-12-17,12:10:32,3.8
上游闸内水位,2022-12-17,12:13:16,3.6
上游闸外水位,2022-12-17,12:13:16,3.7
下游闸内水位,2022-12-17,14:31:45,2.6
下游闸外水位,2022-12-17,14:31:45,2.7
内河侧水位,2022-12-17,15:00:00,3.8
长江侧水位,2022-12-17,15:00:00,2.7
下游闸内水位,2022-12-17,15:11:28,2.6
下游闸外水位,2022-12-17,15:11:28,2.6
上游闸内水位,2022-12-17,15:14:39,2.6
上游闸外水位,2022-12-17,15:14:39,3.8
上游闸内水位,2022-12-17,15:17:58,3.6
上游闸外水位,2022-12-17,15:17:58,3.6
上游闸内水位,2022-12-17,15:34:36,3.9
上游闸外水位,2022-12-17,15:34:36,3.8
内河侧水位,2022-12-17,16:00:00,3.8
长江侧水位,2022-12-17,16:00:00,2.6
下游闸内水位,2022-12-17,16:40:13,3.8
下游闸外水位,2022-12-17,16:40:13,2.4
下游闸内水位,2022-12-17,16:44:54,2.5
下游闸外水位,2022-12-17,16:44:54,2.4
内河侧水位,2022-12-17,17:00:00,3.8
长江侧水位,2022-12-17,17:00:00,2.4
下游闸内水位,2022-12-17,17:53:19,2.2
下游闸外水位,2022-12-17,17:53:19,2.3
上游闸内水位,2022-12-17,17:56:35,2.2
上游闸外水位,2022-12-17,17:56:35,3.8
内河侧水位,2022-12-17,18:00:00,3.6
长江侧水位,2022-12-17,18:00:00,2.3
上游闸内水位,2022-12-17,18:01:19,3.8
上游闸外水位,2022-12-17,18:01:19,3.8
上游闸内水位,2022-12-17,18:16:01,3.9
上游闸外水位,2022-12-17,18:16:01,3.8
内河侧水位,2022-12-17,19:00:00,3.8
长江侧水位,2022-12-17,19:00:00,2.2
内河侧水位,2022-12-17,20:00:00,3.8
长江侧水位,2022-12-17,20:00:00,2.1
内河侧水位,2022-12-17,21:00:00,3.7
长江侧水位,2022-12-17,21:00:00,2.0
内河侧水位,2022-12-17,22:00:00,3.7
长江侧水位,2022-12-17,22:00:00,2.0
内河侧水位,2022-12-17,23:00:00,3.8
长江侧水位,2022-12-17,23:00:00,2.4
内河侧水位,2022-12-18,0:00:00,3.8
长江侧水位,2022-12-18,0:00:00,2.8
内河侧水位,2022-12-18,1:00:00,3.8
长江侧水位,2022-12-18,1:00:00,3.0
内河侧水位,2022-12-18,2:00:00,3.8
长江侧水位,2022-12-18,2:00:00,3.0
内河侧水位,2022-12-18,3:00:00,3.8
长江侧水位,2022-12-18,3:00:00,2.7
内河侧水位,2022-12-18,4:00:00,3.8
长江侧水位,2022-12-18,4:00:00,2.6
内河侧水位,2022-12-18,5:00:00,3.8
长江侧水位,2022-12-18,5:00:00,2.4
上游闸内水位,2022-12-18,5:47:06,3.6
上游闸外水位,2022-12-18,5:47:06,3.8
上游闸内水位,2022-12-18,5:58:48,3.8
上游闸外水位,2022-12-18,5:58:48,3.8
内河侧水位,2022-12-18,6:00:00,3.8
长江侧水位,2022-12-18,6:00:00,2.3
上游闸内水位,2022-12-18,6:20:31,3.8
上游闸外水位,2022-12-18,6:20:31,3.8
下游闸内水位,2022-12-18,6:23:14,3.8
下游闸外水位,2022-12-18,6:23:14,2.2
下游闸内水位,2022-12-18,6:29:33,2.2
下游闸外水位,2022-12-18,6:29:33,2.2
下游闸内水位,2022-12-18,6:39:32,2.2
下游闸外水位,2022-12-18,6:39:32,2.2
上游闸内水位,2022-12-18,6:42:09,2.1
上游闸外水位,2022-12-18,6:42:09,3.8
上游闸内水位,2022-12-18,6:54:00,3.8
上游闸外水位,2022-12-18,6:54:00,3.8
内河侧水位,2022-12-18,7:00:00,3.8
长江侧水位,2022-12-18,7:00:00,2.1
上游闸内水位,2022-12-18,7:15:30,3.8
上游闸外水位,2022-12-18,7:15:30,3.8
下游闸内水位,2022-12-18,7:18:01,3.8
下游闸外水位,2022-12-18,7:18:01,2.1
下游闸内水位,2022-12-18,7:23:52,2.2
下游闸外水位,2022-12-18,7:23:52,2.0
下游闸内水位,2022-12-18,7:34:38,2.1
下游闸外水位,2022-12-18,7:34:38,2.1
上游闸内水位,2022-12-18,7:37:38,2.0
上游闸外水位,2022-12-18,7:37:38,3.8
上游闸内水位,2022-12-18,7:42:06,3.7
上游闸外水位,2022-12-18,7:42:06,3.7
上游闸内水位,2022-12-18,7:55:16,3.8
上游闸外水位,2022-12-18,7:55:16,3.8
下游闸内水位,2022-12-18,7:57:47,3.8
下游闸外水位,2022-12-18,7:57:47,2.0
内河侧水位,2022-12-18,8:00:00,3.8
长江侧水位,2022-12-18,8:00:00,1.9
下游闸内水位,2022-12-18,8:03:28,2.1
下游闸外水位,2022-12-18,8:03:28,2.0
下游闸内水位,2022-12-18,8:11:22,2.0
下游闸外水位,2022-12-18,8:11:22,2.0
上游闸内水位,2022-12-18,8:13:59,1.9
上游闸外水位,2022-12-18,8:13:59,3.8
上游闸内水位,2022-12-18,8:18:35,3.7
上游闸外水位,2022-12-18,8:18:35,3.8
上游闸内水位,2022-12-18,8:41:11,3.8
上游闸外水位,2022-12-18,8:41:11,3.8
下游闸内水位,2022-12-18,8:44:11,3.8
下游闸外水位,2022-12-18,8:44:11,2.0
下游闸内水位,2022-12-18,8:50:25,1.9
下游闸外水位,2022-12-18,8:50:25,1.9
上游闸内水位,2022-12-18,9:32:02,1.8
上游闸外水位,2022-12-18,9:32:02,3.8
上游闸内水位,2022-12-18,9:36:45,3.7
上游闸外水位,2022-12-18,9:36:45,3.8
下游闸内水位,2022-12-18,10:14:45,3.8
下游闸外水位,2022-12-18,10:14:45,1.8
下游闸内水位,2022-12-18,10:21:06,1.9
下游闸外水位,2022-12-18,10:21:06,1.7
上游闸内水位,2022-12-18,11:16:00,3.9
上游闸外水位,2022-12-18,11:16:00,3.8
上游闸内水位,2022-12-18,11:53:04,3.8
上游闸外水位,2022-12-18,11:53:04,3.8
下游闸内水位,2022-12-18,11:55:40,3.8
下游闸外水位,2022-12-18,11:55:40,2.1
下游闸内水位,2022-12-18,13:26:01,3.9
下游闸外水位,2022-12-18,13:26:01,2.8
上游闸内水位,2022-12-19,1:24:45,3.8
上游闸外水位,2022-12-19,1:24:45,3.8
上游闸内水位,2022-12-19,1:43:01,3.8
上游闸外水位,2022-12-19,1:43:01,3.8
下游闸内水位,2022-12-19,1:45:32,3.9
下游闸外水位,2022-12-19,1:45:32,3.0
上游闸内水位,2022-12-19,2:29:37,3.9
上游闸外水位,2022-12-19,2:29:37,3.9
下游闸内水位,2022-12-19,2:32:11,3.9
下游闸外水位,2022-12-19,2:32:11,3.0
下游闸内水位,2022-12-19,2:38:04,3.0
下游闸外水位,2022-12-19,2:38:04,3.0
内河侧水位,2022-12-19,3:00:00,3.9
长江侧水位,2022-12-19,3:00:00,3.0
下游闸内水位,2022-12-19,3:29:53,2.9
下游闸外水位,2022-12-19,3:29:53,2.9
上游闸内水位,2022-12-19,3:32:33,2.8
上游闸外水位,2022-12-19,3:32:33,3.9
上游闸内水位,2022-12-19,3:35:52,3.7
上游闸外水位,2022-12-19,3:35:52,3.8
内河侧水位,2022-12-19,4:00:00,3.9
长江侧水位,2022-12-19,4:00:00,2.7
上游闸内水位,2022-12-19,4:22:11,3.8
上游闸外水位,2022-12-19,4:22:11,3.9
下游闸内水位,2022-12-19,4:24:45,3.8
下游闸外水位,2022-12-19,4:24:45,2.7
下游闸内水位,2022-12-19,4:29:08,2.8
下游闸外水位,2022-12-19,4:29:08,2.6
内河侧水位,2022-12-19,5:00:00,3.9
长江侧水位,2022-12-19,5:00:00,2.5
上游闸内水位,2022-12-19,5:15:24,2.5
上游闸外水位,2022-12-19,5:15:24,3.9
上游闸内水位,2022-12-19,5:20:45,3.9
上游闸外水位,2022-12-19,5:20:45,3.9
内河侧水位,2022-12-19,6:00:00,3.8
长江侧水位,2022-12-19,6:00:00,2.3
上游闸内水位,2022-12-19,6:10:55,3.8
上游闸外水位,2022-12-19,6:10:55,3.9
内河侧水位,2022-12-18,9:00:00,3.8
长江侧水位,2022-12-18,9:00:00,1.9
下游闸内水位,2022-12-18,9:28:28,1.8
下游闸外水位,2022-12-18,9:28:28,1.9
内河侧水位,2022-12-18,10:00:00,3.8
长江侧水位,2022-12-18,10:00:00,1.7
上游闸内水位,2022-12-18,10:08:54,3.8
上游闸外水位,2022-12-18,10:08:54,3.8
内河侧水位,2022-12-18,11:00:00,3.8
长江侧水位,2022-12-18,11:00:00,1.9
下游闸内水位,2022-12-18,11:06:25,1.8
下游闸外水位,2022-12-18,11:06:25,1.8
上游闸内水位,2022-12-18,11:09:02,1.7
上游闸外水位,2022-12-18,11:09:02,3.7
内河侧水位,2022-12-18,12:00:00,3.8
长江侧水位,2022-12-18,12:00:00,2.2
下游闸内水位,2022-12-18,12:01:01,2.3
下游闸外水位,2022-12-18,12:01:01,2.3
内河侧水位,2022-12-18,13:00:00,3.8
长江侧水位,2022-12-18,13:00:00,2.7
上游闸内水位,2022-12-18,13:23:18,3.9
上游闸外水位,2022-12-18,13:23:18,3.9
下游闸内水位,2022-12-18,13:30:04,2.9
下游闸外水位,2022-12-18,13:30:04,2.8
内河侧水位,2022-12-18,14:00:00,3.9
长江侧水位,2022-12-18,14:00:00,2.9
下游闸内水位,2022-12-18,14:07:24,2.9
下游闸外水位,2022-12-18,14:07:24,2.9
上游闸内水位,2022-12-18,14:10:03,3.0
上游闸外水位,2022-12-18,14:10:03,3.9
上游闸内水位,2022-12-18,16:54:44,3.7
上游闸外水位,2022-12-18,16:54:44,3.8
下游闸内水位,2022-12-18,22:25:36,3.9
下游闸外水位,2022-12-18,22:25:36,2.0
上游闸内水位,2022-12-19,0:25:34,3.6
上游闸外水位,2022-12-19,0:25:34,3.7
下游闸内水位,2022-12-19,6:13:43,3.8
下游闸外水位,2022-12-19,6:13:43,2.3
下游闸内水位,2022-12-19,6:17:40,3.0
下游闸外水位,2022-12-19,6:17:40,2.3
下游闸内水位,2022-12-19,6:20:05,2.4
下游闸外水位,2022-12-19,6:20:05,2.2
内河侧水位,2022-12-19,7:00:00,3.8
长江侧水位,2022-12-19,7:00:00,2.2
下游闸内水位,2022-12-19,7:06:00,2.2
下游闸外水位,2022-12-19,7:06:00,2.2
上游闸内水位,2022-12-19,7:08:57,2.2
上游闸外水位,2022-12-19,7:08:57,3.8
上游闸内水位,2022-12-19,7:13:26,3.7
上游闸外水位,2022-12-19,7:13:26,3.8
上游闸内水位,2022-12-19,7:47:46,3.8
上游闸外水位,2022-12-19,7:47:46,3.9
下游闸内水位,2022-12-19,7:50:37,3.8
下游闸外水位,2022-12-19,7:50:37,2.1
下游闸内水位,2022-12-19,7:56:10,2.2
下游闸外水位,2022-12-19,7:56:10,2.0
内河侧水位,2022-12-19,8:00:00,3.9
长江侧水位,2022-12-19,8:00:00,2.1
下游闸内水位,2022-12-19,8:29:22,2.0
下游闸外水位,2022-12-19,8:29:22,2.0
上游闸内水位,2022-12-19,8:32:26,2.0
上游闸外水位,2022-12-19,8:32:26,3.8
上游闸内水位,2022-12-19,8:37:08,3.7
上游闸外水位,2022-12-19,8:37:08,3.8
内河侧水位,2022-12-19,9:00:00,3.9
长江侧水位,2022-12-19,9:00:00,2.0
上游闸内水位,2022-12-19,9:11:30,3.8
上游闸外水位,2022-12-19,9:11:30,3.8
下游闸内水位,2022-12-19,9:14:03,3.8
下游闸外水位,2022-12-19,9:14:03,1.8
下游闸内水位,2022-12-19,9:20:30,2.0
下游闸外水位,2022-12-19,9:20:30,1.9
内河侧水位,2022-12-19,10:00:00,3.8
长江侧水位,2022-12-19,10:00:00,1.8
下游闸内水位,2022-12-19,10:29:06,1.7
下游闸外水位,2022-12-19,10:29:06,1.7
上游闸内水位,2022-12-19,10:31:46,1.8
上游闸外水位,2022-12-19,10:31:46,3.8
下游闸内水位,2022-12-19,11:16:51,3.8
下游闸外水位,2022-12-19,11:16:51,1.8
下游闸内水位,2022-12-19,11:23:37,1.8
下游闸外水位,2022-12-19,11:23:37,1.7
下游闸内水位,2022-12-19,11:38:39,1.8
下游闸外水位,2022-12-19,11:38:39,1.9
上游闸内水位,2022-12-19,11:41:34,1.8
上游闸外水位,2022-12-19,11:41:34,3.8
上游闸内水位,2022-12-19,11:46:12,3.7
上游闸内水位,2022-12-18,23:48:48,3.8
上游闸外水位,2022-12-18,23:48:48,3.8
下游闸内水位,2022-12-18,23:51:34,3.8
下游闸外水位,2022-12-18,23:51:34,2.4
下游闸内水位,2022-12-19,5:12:44,2.5
下游闸外水位,2022-12-19,5:12:44,2.5
上游闸内水位,2022-12-19,10:37:45,3.9
上游闸外水位,2022-12-19,10:37:45,3.9
内河侧水位,2022-12-19,11:00:00,3.9
长江侧水位,2022-12-19,11:00:00,1.7
上游闸内水位,2022-12-19,11:13:32,3.8
上游闸外水位,2022-12-19,11:13:32,3.8
内河侧水位,2022-12-19,12:00:00,3.7
长江侧水位,2022-12-19,12:00:00,2.0
上游闸内水位,2022-12-19,12:01:27,3.7
上游闸外水位,2022-12-19,12:01:27,3.7
下游闸内水位,2022-12-19,12:04:05,3.7
下游闸外水位,2022-12-19,12:04:05,2.0
下游闸内水位,2022-12-19,12:09:50,2.1
下游闸外水位,2022-12-19,12:09:50,1.9
内河侧水位,2022-12-19,13:00:00,3.6
长江侧水位,2022-12-19,13:00:00,2.4
下游闸内水位,2022-12-19,13:19:59,2.6
下游闸外水位,2022-12-19,13:19:59,2.6
上游闸内水位,2022-12-19,13:23:20,2.6
上游闸外水位,2022-12-19,13:23:20,3.6
上游闸内水位,2022-12-19,13:26:53,3.5
上游闸外水位,2022-12-19,13:26:53,3.6
内河侧水位,2022-12-19,14:00:00,3.5
长江侧水位,2022-12-19,14:00:00,2.9
上游闸内水位,2022-12-19,14:00:59,3.6
上游闸外水位,2022-12-19,14:00:59,3.5
下游闸内水位,2022-12-19,14:04:04,3.6
下游闸外水位,2022-12-19,14:04:04,2.9
下游闸内水位,2022-12-19,14:07:50,2.9
下游闸外水位,2022-12-19,14:07:50,2.9
下游闸内水位,2022-12-19,14:48:36,3.0
下游闸外水位,2022-12-19,14:48:36,3.1
上游闸内水位,2022-12-19,14:51:41,3.1
上游闸外水位,2022-12-19,14:51:41,3.6
上游闸内水位,2022-12-19,14:54:51,3.5
上游闸外水位,2022-12-19,14:54:51,3.6
内河侧水位,2022-12-19,15:00:00,3.5
长江侧水位,2022-12-19,15:00:00,3.2
上游闸内水位,2022-12-19,15:13:37,3.6
上游闸外水位,2022-12-19,15:13:37,3.6
下游闸内水位,2022-12-19,15:16:12,3.6
下游闸外水位,2022-12-19,15:16:12,3.2
下游闸内水位,2022-12-19,15:18:04,3.3
下游闸外水位,2022-12-19,15:18:04,3.2
下游闸内水位,2022-12-19,15:43:06,3.2
下游闸外水位,2022-12-19,15:43:06,3.2
上游闸内水位,2022-12-19,15:45:46,3.2
上游闸外水位,2022-12-19,15:45:46,3.6
上游闸内水位,2022-12-19,15:47:43,3.4
上游闸外水位,2022-12-19,15:47:43,3.5
内河侧水位,2022-12-19,16:00:00,3.6
长江侧水位,2022-12-19,16:00:00,3.2
上游闸内水位,2022-12-19,16:04:32,3.6
上游闸外水位,2022-12-19,16:04:32,3.6
下游闸内水位,2022-12-19,16:07:06,3.6
下游闸外水位,2022-12-19,16:07:06,3.1
下游闸内水位,2022-12-19,16:09:06,3.3
下游闸外水位,2022-12-19,16:09:06,3.2
下游闸内水位,2022-12-19,16:12:47,3.2
下游闸外水位,2022-12-19,16:12:47,3.2
上游闸内水位,2022-12-19,16:15:24,3.2
上游闸外水位,2022-12-19,16:15:24,3.6
上游闸内水位,2022-12-19,16:17:07,3.4
上游闸外水位,2022-12-19,16:17:07,3.5
上游闸内水位,2022-12-19,16:21:02,3.6
上游闸外水位,2022-12-19,16:21:02,3.6
下游闸内水位,2022-12-19,16:24:30,3.5
下游闸外水位,2022-12-19,16:24:30,3.1
下游闸内水位,2022-12-19,16:26:51,3.2
下游闸外水位,2022-12-19,16:26:51,3.1
下游闸内水位,2022-12-19,16:50:53,3.0
下游闸外水位,2022-12-19,16:50:53,3.0
上游闸内水位,2022-12-19,16:53:41,3.1
上游闸外水位,2022-12-19,16:53:41,3.6
上游闸内水位,2022-12-19,16:55:43,3.4
上游闸外水位,2022-12-19,16:55:43,3.5
内河侧水位,2022-12-19,17:00:00,3.6
长江侧水位,2022-12-19,17:00:00,3.0
上游闸内水位,2022-12-19,17:34:30,3.6
上游闸外水位,2022-12-19,17:34:30,3.6
下游闸内水位,2022-12-19,17:37:08,3.5
上游闸外水位,2022-12-19,11:46:12,3.8
内河侧水位,2022-12-19,23:00:00,3.5
长江侧水位,2022-12-19,23:00:00,2.0
下游闸内水位,2022-12-19,23:38:30,1.9
下游闸外水位,2022-12-19,23:38:30,1.9
上游闸内水位,2022-12-19,23:41:10,1.9
上游闸外水位,2022-12-19,23:41:10,3.5
上游闸内水位,2022-12-19,23:45:18,3.4
上游闸外水位,2022-12-19,23:45:18,3.5
上游闸内水位,2022-12-20,11:53:27,3.4
上游闸外水位,2022-12-20,11:53:27,3.5
上游闸内水位,2022-12-20,12:52:28,2.4
上游闸外水位,2022-12-20,12:52:28,3.5
上游闸内水位,2022-12-20,22:53:47,3.5
上游闸外水位,2022-12-20,22:53:47,3.5
内河侧水位,2022-12-21,1:00:00,3.5
长江侧水位,2022-12-21,1:00:00,2.3
下游闸内水位,2022-12-21,1:26:59,2.3
下游闸外水位,2022-12-21,1:26:59,2.4
上游闸内水位,2022-12-21,1:30:03,2.4
上游闸外水位,2022-12-21,1:30:03,3.5
上游闸内水位,2022-12-21,1:33:15,3.3
上游闸外水位,2022-12-21,1:33:15,3.4
内河侧水位,2022-12-21,2:00:00,3.5
长江侧水位,2022-12-21,2:00:00,2.8
上游闸内水位,2022-12-21,2:22:16,3.5
上游闸外水位,2022-12-21,2:22:16,3.5
下游闸内水位,2022-12-21,2:26:41,3.5
下游闸外水位,2022-12-21,2:26:41,3.1
下游闸内水位,2022-12-21,2:28:31,3.2
下游闸外水位,2022-12-21,2:28:31,3.1
内河侧水位,2022-12-21,3:00:00,3.5
长江侧水位,2022-12-21,3:00:00,3.3
下游闸内水位,2022-12-21,3:34:48,3.4
下游闸外水位,2022-12-21,3:34:48,3.4
上游闸内水位,2022-12-21,3:38:04,3.4
上游闸外水位,2022-12-21,3:38:04,3.5
上游闸内水位,2022-12-21,3:39:57,3.5
上游闸外水位,2022-12-21,3:39:57,3.5
内河侧水位,2022-12-21,4:00:00,3.5
长江侧水位,2022-12-21,4:00:00,3.6
上游闸内水位,2022-12-21,4:10:05,3.4
上游闸外水位,2022-12-21,4:10:05,3.5
下游闸内水位,2022-12-21,4:12:48,3.5
下游闸外水位,2022-12-21,4:12:48,3.6
下游闸内水位,2022-12-21,4:14:20,3.6
下游闸外水位,2022-12-21,4:14:20,3.6
下游闸内水位,2022-12-21,4:23:46,3.6
下游闸外水位,2022-12-21,4:23:46,3.6
上游闸内水位,2022-12-21,4:26:25,3.6
上游闸外水位,2022-12-21,4:26:25,3.5
上游闸内水位,2022-12-21,4:28:16,3.5
上游闸外水位,2022-12-21,4:28:16,3.5
上游闸内水位,2022-12-21,4:48:59,3.5
上游闸外水位,2022-12-21,4:48:59,3.5
下游闸内水位,2022-12-21,4:51:36,3.5
下游闸外水位,2022-12-21,4:51:36,3.6
下游闸内水位,2022-12-21,4:53:05,3.6
下游闸外水位,2022-12-21,4:53:05,3.6
内河侧水位,2022-12-21,5:00:00,3.5
长江侧水位,2022-12-21,5:00:00,3.6
下游闸内水位,2022-12-21,5:02:34,3.5
下游闸外水位,2022-12-21,5:02:34,3.6
上游闸内水位,2022-12-21,5:05:16,3.6
上游闸外水位,2022-12-21,5:05:16,3.5
上游闸内水位,2022-12-21,5:07:16,3.5
上游闸外水位,2022-12-21,5:07:16,3.5
上游闸内水位,2022-12-21,5:34:59,3.5
上游闸外水位,2022-12-21,5:34:59,3.5
下游闸内水位,2022-12-21,5:37:33,3.5
下游闸外水位,2022-12-21,5:37:33,3.4
下游闸内水位,2022-12-21,5:39:01,3.4
下游闸外水位,2022-12-21,5:39:01,3.4
内河侧水位,2022-12-21,6:00:00,3.5
长江侧水位,2022-12-21,6:00:00,3.3
下游闸内水位,2022-12-21,6:16:49,3.2
下游闸外水位,2022-12-21,6:16:49,3.2
上游闸内水位,2022-12-21,6:21:23,3.4
上游闸外水位,2022-12-21,6:21:23,3.4
上游闸内水位,2022-12-21,6:56:40,3.4
上游闸外水位,2022-12-21,6:56:40,3.4
下游闸内水位,2022-12-21,6:59:25,3.5
下游闸外水位,2022-12-21,6:59:25,3.0
内河侧水位,2022-12-21,7:00:00,3.4
长江侧水位,2022-12-21,7:00:00,3.0
下游闸内水位,2022-12-21,7:02:00,3.1
下游闸外水位,2022-12-21,7:02:00,2.9
下游闸外水位,2022-12-19,17:37:08,2.8
下游闸内水位,2022-12-19,17:40:24,2.9
下游闸外水位,2022-12-19,17:40:24,2.8
内河侧水位,2022-12-19,18:00:00,3.5
长江侧水位,2022-12-19,18:00:00,2.7
下游闸内水位,2022-12-19,18:19:19,2.6
下游闸外水位,2022-12-19,18:19:19,2.6
上游闸内水位,2022-12-19,18:22:02,2.6
上游闸外水位,2022-12-19,18:22:02,3.5
上游闸内水位,2022-12-19,18:25:37,3.5
上游闸外水位,2022-12-19,18:25:37,3.5
上游闸内水位,2022-12-19,18:59:14,3.5
上游闸外水位,2022-12-19,18:59:14,3.5
内河侧水位,2022-12-19,19:00:00,3.5
长江侧水位,2022-12-19,19:00:00,2.5
下游闸内水位,2022-12-19,19:01:58,3.5
下游闸外水位,2022-12-19,19:01:58,2.5
下游闸内水位,2022-12-19,19:06:24,2.5
下游闸外水位,2022-12-19,19:06:24,2.4
下游闸内水位,2022-12-19,19:59:34,2.3
下游闸外水位,2022-12-19,19:59:34,2.3
内河侧水位,2022-12-19,20:00:00,3.5
长江侧水位,2022-12-19,20:00:00,2.3
上游闸内水位,2022-12-19,20:02:10,2.3
上游闸外水位,2022-12-19,20:02:10,3.5
上游闸内水位,2022-12-19,20:05:36,3.3
上游闸外水位,2022-12-19,20:05:36,3.5
上游闸内水位,2022-12-19,20:39:32,3.5
上游闸外水位,2022-12-19,20:39:32,3.5
下游闸内水位,2022-12-19,20:42:51,3.5
下游闸外水位,2022-12-19,20:42:51,2.2
下游闸内水位,2022-12-19,20:47:45,2.3
下游闸外水位,2022-12-19,20:47:45,2.2
内河侧水位,2022-12-19,21:00:00,3.5
长江侧水位,2022-12-19,21:00:00,2.1
下游闸内水位,2022-12-19,21:29:46,2.1
下游闸外水位,2022-12-19,21:29:46,2.1
上游闸内水位,2022-12-19,21:33:29,2.0
上游闸外水位,2022-12-19,21:33:29,3.5
上游闸内水位,2022-12-19,21:37:26,3.4
上游闸外水位,2022-12-19,21:37:26,3.5
内河侧水位,2022-12-19,22:00:00,3.5
长江侧水位,2022-12-19,22:00:00,2.1
上游闸内水位,2022-12-19,22:15:05,3.5
上游闸外水位,2022-12-19,22:15:05,3.5
下游闸内水位,2022-12-19,22:18:46,3.4
下游闸外水位,2022-12-19,22:18:46,2.1
下游闸内水位,2022-12-19,22:23:31,2.1
下游闸外水位,2022-12-19,22:23:31,2.0
内河侧水位,2022-12-20,0:00:00,3.5
长江侧水位,2022-12-20,0:00:00,1.9
上游闸内水位,2022-12-20,0:29:37,3.5
上游闸外水位,2022-12-20,0:29:37,3.5
下游闸内水位,2022-12-20,0:32:12,3.5
下游闸外水位,2022-12-20,0:32:12,2.1
下游闸内水位,2022-12-20,0:36:42,2.4
下游闸外水位,2022-12-20,0:36:42,2.3
内河侧水位,2022-12-20,1:00:00,3.5
长江侧水位,2022-12-20,1:00:00,2.5
下游闸内水位,2022-12-20,1:32:29,2.7
下游闸外水位,2022-12-20,1:32:29,2.8
上游闸内水位,2022-12-20,1:35:12,2.8
上游闸外水位,2022-12-20,1:35:12,3.5
上游闸内水位,2022-12-20,1:37:32,3.3
上游闸外水位,2022-12-20,1:37:32,3.5
内河侧水位,2022-12-20,2:00:00,3.5
长江侧水位,2022-12-20,2:00:00,2.9
上游闸内水位,2022-12-20,2:11:03,3.5
上游闸外水位,2022-12-20,2:11:03,3.5
下游闸内水位,2022-12-20,2:13:35,3.5
下游闸外水位,2022-12-20,2:13:35,3.0
下游闸内水位,2022-12-20,2:16:00,3.2
下游闸外水位,2022-12-20,2:16:00,3.0
下游闸内水位,2022-12-20,2:40:22,3.1
下游闸外水位,2022-12-20,2:40:22,3.1
上游闸内水位,2022-12-20,2:42:59,3.1
上游闸外水位,2022-12-20,2:42:59,3.5
上游闸内水位,2022-12-20,2:45:04,3.4
上游闸外水位,2022-12-20,2:45:04,3.5
上游闸内水位,2022-12-20,2:59:01,3.5
上游闸外水位,2022-12-20,2:59:01,3.5
内河侧水位,2022-12-20,3:00:00,3.5
长江侧水位,2022-12-20,3:00:00,3.2
下游闸内水位,2022-12-20,3:01:42,3.5
下游闸外水位,2022-12-20,3:01:42,3.2
下游闸内水位,2022-12-20,3:03:24,3.3
下游闸外水位,2022-12-20,3:03:24,3.2
下游闸内水位,2022-12-20,3:22:23,3.2
下游闸外水位,2022-12-20,3:22:23,3.2
上游闸内水位,2022-12-20,3:25:01,3.3
上游闸外水位,2022-12-20,3:25:01,3.5
上游闸内水位,2022-12-20,3:27:06,3.5
上游闸外水位,2022-12-20,3:27:06,3.5
上游闸内水位,2022-12-20,3:40:57,3.5
上游闸外水位,2022-12-20,3:40:57,3.5
下游闸内水位,2022-12-20,3:44:15,3.5
下游闸外水位,2022-12-20,3:44:15,3.3
下游闸内水位,2022-12-20,3:45:50,3.4
下游闸外水位,2022-12-20,3:45:50,3.3
下游闸内水位,2022-12-20,4:18:35,3.5
下游闸外水位,2022-12-20,4:18:35,3.3
下游闸内水位,2022-12-20,4:20:14,3.4
下游闸外水位,2022-12-20,4:20:14,3.3
内河侧水位,2022-12-20,5:00:00,3.5
长江侧水位,2022-12-20,5:00:00,3.2
上游闸内水位,2022-12-20,5:20:23,3.0
上游闸外水位,2022-12-20,5:20:23,3.5
上游闸内水位,2022-12-20,5:22:29,3.3
上游闸外水位,2022-12-20,5:22:29,3.4
内河侧水位,2022-12-20,6:00:00,3.5
长江侧水位,2022-12-20,6:00:00,2.8
下游闸内水位,2022-12-20,6:09:50,3.5
下游闸外水位,2022-12-20,6:09:50,2.8
下游闸内水位,2022-12-20,6:12:54,2.9
下游闸外水位,2022-12-20,6:12:54,2.8
下游闸内水位,2022-12-20,6:56:02,2.5
下游闸外水位,2022-12-20,6:56:02,2.6
内河侧水位,2022-12-20,7:00:00,3.5
长江侧水位,2022-12-20,7:00:00,2.6
上游闸内水位,2022-12-20,7:00:09,2.6
上游闸外水位,2022-12-20,7:00:09,3.5
上游闸内水位,2022-12-20,7:04:06,3.5
上游闸外水位,2022-12-20,7:04:06,3.5
上游闸内水位,2022-12-20,7:44:15,3.5
上游闸外水位,2022-12-20,7:44:15,3.5
下游闸内水位,2022-12-20,7:46:55,3.5
下游闸外水位,2022-12-20,7:46:55,2.4
下游闸内水位,2022-12-20,7:50:42,2.6
下游闸外水位,2022-12-20,7:50:42,2.5
内河侧水位,2022-12-20,8:00:00,3.5
长江侧水位,2022-12-20,8:00:00,2.4
下游闸内水位,2022-12-20,8:27:32,2.3
下游闸外水位,2022-12-20,8:27:32,2.3
上游闸内水位,2022-12-20,8:31:45,2.3
上游闸外水位,2022-12-20,8:31:45,3.5
上游闸内水位,2022-12-20,8:35:16,3.3
上游闸外水位,2022-12-20,8:35:16,3.4
内河侧水位,2022-12-20,9:00:00,3.5
长江侧水位,2022-12-20,9:00:00,2.3
上游闸内水位,2022-12-20,9:03:03,3.4
上游闸外水位,2022-12-20,9:03:03,3.5
下游闸内水位,2022-12-20,9:05:37,3.4
下游闸外水位,2022-12-20,9:05:37,2.2
下游闸内水位,2022-12-20,9:10:05,2.4
下游闸外水位,2022-12-20,9:10:05,2.2
下游闸内水位,2022-12-20,9:46:37,2.2
下游闸外水位,2022-12-20,9:46:37,2.2
上游闸内水位,2022-12-20,9:49:19,2.1
上游闸外水位,2022-12-20,9:49:19,3.5
上游闸内水位,2022-12-20,9:52:54,3.3
上游闸外水位,2022-12-20,9:52:54,3.4
内河侧水位,2022-12-20,10:00:00,3.5
长江侧水位,2022-12-20,10:00:00,2.1
上游闸内水位,2022-12-20,10:23:25,3.4
上游闸外水位,2022-12-20,10:23:25,3.4
下游闸内水位,2022-12-20,10:25:58,3.5
下游闸外水位,2022-12-20,10:25:58,2.1
下游闸内水位,2022-12-20,10:31:48,2.1
下游闸外水位,2022-12-20,10:31:48,2.1
内河侧水位,2022-12-20,11:00:00,3.4
长江侧水位,2022-12-20,11:00:00,2.0
下游闸内水位,2022-12-20,11:11:01,2.0
下游闸外水位,2022-12-20,11:11:01,2.0
上游闸内水位,2022-12-20,11:13:46,2.0
上游闸外水位,2022-12-20,11:13:46,3.5
上游闸内水位,2022-12-20,11:17:34,3.4
上游闸外水位,2022-12-20,11:17:34,3.5
下游闸内水位,2022-12-20,11:56:00,3.5
下游闸外水位,2022-12-20,11:56:00,2.0
内河侧水位,2022-12-20,12:00:00,3.5
长江侧水位,2022-12-20,12:00:00,2.0
下游闸内水位,2022-12-20,12:00:56,2.1
下游闸外水位,2022-12-20,12:00:56,2.0
下游闸内水位,2022-12-20,12:49:48,2.3
下游闸内水位,2022-12-20,3:54:41,3.3
下游闸外水位,2022-12-20,3:54:41,3.3
上游闸内水位,2022-12-20,3:57:29,3.2
上游闸外水位,2022-12-20,3:57:29,3.5
上游闸内水位,2022-12-20,3:59:23,3.5
上游闸外水位,2022-12-20,3:59:23,3.5
内河侧水位,2022-12-20,4:00:00,3.5
长江侧水位,2022-12-20,4:00:00,3.3
上游闸内水位,2022-12-20,4:15:53,3.5
上游闸外水位,2022-12-20,4:15:53,3.5
下游闸内水位,2022-12-20,5:17:43,3.1
下游闸外水位,2022-12-20,5:17:43,3.1
上游闸内水位,2022-12-20,6:07:16,3.5
上游闸外水位,2022-12-20,6:07:16,3.5
下游闸外水位,2022-12-20,12:49:48,2.3
上游闸内水位,2022-12-20,12:55:41,3.3
上游闸外水位,2022-12-20,12:55:41,3.5
内河侧水位,2022-12-20,13:00:00,3.5
长江侧水位,2022-12-20,13:00:00,2.5
上游闸内水位,2022-12-20,13:36:10,3.5
上游闸外水位,2022-12-20,13:36:10,3.5
下游闸内水位,2022-12-20,13:38:43,3.5
下游闸外水位,2022-12-20,13:38:43,2.9
下游闸内水位,2022-12-20,13:41:37,3.0
下游闸外水位,2022-12-20,13:41:37,2.9
内河侧水位,2022-12-20,14:00:00,3.5
长江侧水位,2022-12-20,14:00:00,3.1
下游闸内水位,2022-12-20,14:19:56,3.3
下游闸外水位,2022-12-20,14:19:56,3.3
上游闸内水位,2022-12-20,14:22:36,3.2
上游闸外水位,2022-12-20,14:22:36,3.5
上游闸内水位,2022-12-20,14:24:22,3.4
上游闸外水位,2022-12-20,14:24:22,3.5
上游闸内水位,2022-12-20,14:57:17,3.5
上游闸外水位,2022-12-20,14:57:17,3.5
下游闸内水位,2022-12-20,14:59:54,3.5
下游闸外水位,2022-12-20,14:59:54,3.6
内河侧水位,2022-12-20,15:00:00,3.5
长江侧水位,2022-12-20,15:00:00,3.6
下游闸内水位,2022-12-20,15:01:30,3.5
下游闸外水位,2022-12-20,15:01:30,3.6
下游闸内水位,2022-12-20,15:31:07,3.7
下游闸外水位,2022-12-20,15:31:07,3.7
上游闸内水位,2022-12-20,15:34:12,3.7
上游闸外水位,2022-12-20,15:34:12,3.5
上游闸内水位,2022-12-20,15:36:09,3.5
上游闸外水位,2022-12-20,15:36:09,3.5
内河侧水位,2022-12-20,16:00:00,3.5
长江侧水位,2022-12-20,16:00:00,3.7
上游闸内水位,2022-12-20,16:09:37,3.5
上游闸外水位,2022-12-20,16:09:37,3.5
下游闸内水位,2022-12-20,16:12:45,3.5
下游闸外水位,2022-12-20,16:12:45,3.8
下游闸内水位,2022-12-20,16:14:33,3.7
下游闸外水位,2022-12-20,16:14:33,3.7
下游闸内水位,2022-12-20,16:43:56,3.8
下游闸外水位,2022-12-20,16:43:56,3.8
上游闸内水位,2022-12-20,16:46:43,3.8
上游闸外水位,2022-12-20,16:46:43,3.5
上游闸内水位,2022-12-20,16:48:52,3.5
上游闸外水位,2022-12-20,16:48:52,3.5
内河侧水位,2022-12-20,17:00:00,3.5
长江侧水位,2022-12-20,17:00:00,3.8
上游闸内水位,2022-12-20,17:06:52,3.5
上游闸外水位,2022-12-20,17:06:52,3.5
下游闸内水位,2022-12-20,17:09:27,3.5
下游闸外水位,2022-12-20,17:09:27,3.7
下游闸内水位,2022-12-20,17:11:04,3.6
下游闸外水位,2022-12-20,17:11:04,3.7
下游闸内水位,2022-12-20,17:33:57,3.6
下游闸外水位,2022-12-20,17:33:57,3.7
下游闸内水位,2022-12-20,17:35:16,3.6
下游闸外水位,2022-12-20,17:35:16,3.7
上游闸内水位,2022-12-20,17:37:53,3.6
上游闸外水位,2022-12-20,17:37:53,3.5
上游闸内水位,2022-12-20,17:39:38,3.5
上游闸外水位,2022-12-20,17:39:38,3.5
内河侧水位,2022-12-20,18:00:00,3.5
长江侧水位,2022-12-20,18:00:00,3.5
上游闸内水位,2022-12-20,18:19:42,3.5
上游闸外水位,2022-12-20,18:19:42,3.5
下游闸内水位,2022-12-20,18:22:37,3.5
下游闸外水位,2022-12-20,18:22:37,3.4
下游闸内水位,2022-12-20,18:24:38,3.4
下游闸外水位,2022-12-20,18:24:38,3.4
内河侧水位,2022-12-20,19:00:00,3.5
长江侧水位,2022-12-20,19:00:00,3.2
下游闸内水位,2022-12-20,19:05:37,3.1
下游闸外水位,2022-12-20,19:05:37,3.1
上游闸内水位,2022-12-20,19:08:14,3.1
上游闸外水位,2022-12-20,19:08:14,3.5
上游闸内水位,2022-12-20,19:10:22,3.4
上游闸外水位,2022-12-20,19:10:22,3.5
上游闸内水位,2022-12-20,19:49:24,3.5
上游闸外水位,2022-12-20,19:49:24,3.5
下游闸内水位,2022-12-20,19:52:03,3.5
下游闸外水位,2022-12-20,19:52:03,2.9
下游闸内水位,2022-12-20,19:54:40,3.1
下游闸外水位,2022-12-20,19:54:40,2.9
内河侧水位,2022-12-20,20:00:00,3.5
长江侧水位,2022-12-20,20:00:00,2.9
下游闸内水位,2022-12-20,20:33:02,2.7
下游闸外水位,2022-12-20,20:33:02,2.8
上游闸内水位,2022-12-20,20:35:51,2.7
上游闸外水位,2022-12-20,20:35:51,3.5
上游闸内水位,2022-12-20,20:38:36,3.3
上游闸外水位,2022-12-20,20:38:36,3.4
内河侧水位,2022-12-20,21:00:00,3.4
长江侧水位,2022-12-20,21:00:00,2.7
上游闸内水位,2022-12-20,21:16:50,3.5
上游闸外水位,2022-12-20,21:16:50,3.5
下游闸内水位,2022-12-20,21:19:31,3.5
下游闸外水位,2022-12-20,21:19:31,2.6
下游闸内水位,2022-12-20,21:23:03,2.7
下游闸外水位,2022-12-20,21:23:03,2.6
下游闸内水位,2022-12-20,22:56:20,3.5
下游闸外水位,2022-12-20,22:56:20,2.4
内河侧水位,2022-12-20,23:00:00,3.5
长江侧水位,2022-12-20,23:00:00,2.4
下游闸内水位,2022-12-20,23:01:33,2.4
下游闸外水位,2022-12-20,23:01:33,2.4
下游闸内水位,2022-12-20,23:50:24,2.2
下游闸外水位,2022-12-20,23:50:24,2.3
下游闸内水位,2022-12-21,7:38:07,2.8
下游闸外水位,2022-12-21,7:38:07,2.8
上游闸内水位,2022-12-21,7:41:06,2.8
上游闸外水位,2022-12-21,7:41:06,3.4
上游闸内水位,2022-12-21,7:43:09,3.2
上游闸外水位,2022-12-21,7:43:09,3.3
内河侧水位,2022-12-21,8:00:00,3.4
长江侧水位,2022-12-21,8:00:00,2.7
上游闸内水位,2022-12-21,8:23:05,3.5
上游闸外水位,2022-12-21,8:23:05,3.4
下游闸内水位,2022-12-21,8:25:39,3.4
下游闸外水位,2022-12-21,8:25:39,2.6
下游闸内水位,2022-12-21,8:29:54,2.7
下游闸外水位,2022-12-21,8:29:54,2.6
下游闸内水位,2022-12-21,8:57:00,2.5
下游闸外水位,2022-12-21,8:57:00,2.6
上游闸内水位,2022-12-21,8:59:48,2.5
上游闸外水位,2022-12-21,8:59:48,3.4
上游闸内水位,2022-12-21,9:30:58,3.4
上游闸外水位,2022-12-21,9:30:58,3.4
下游闸内水位,2022-12-21,9:34:22,3.4
下游闸外水位,2022-12-21,9:34:22,2.4
下游闸内水位,2022-12-21,9:38:00,2.6
下游闸外水位,2022-12-21,9:38:00,2.5
下游闸内水位,2022-12-21,10:22:33,2.2
下游闸外水位,2022-12-21,10:22:33,2.3
下游闸内水位,2022-12-21,10:27:11,2.3
下游闸外水位,2022-12-21,10:27:11,2.3
下游闸内水位,2022-12-21,10:47:38,2.2
下游闸外水位,2022-12-21,10:47:38,2.2
上游闸内水位,2022-12-21,10:56:03,2.1
上游闸外水位,2022-12-21,10:56:03,3.4
上游闸内水位,2022-12-21,10:59:18,3.2
上游闸外水位,2022-12-21,10:59:18,3.3
上游闸内水位,2022-12-21,12:31:35,3.3
上游闸外水位,2022-12-21,12:31:35,3.3
上游闸内水位,2022-12-21,14:42:10,3.4
上游闸外水位,2022-12-21,14:42:10,3.3
下游闸内水位,2022-12-21,14:44:51,3.4
下游闸外水位,2022-12-21,14:44:51,2.8
下游闸内水位,2022-12-21,14:47:47,2.9
下游闸外水位,2022-12-21,14:47:47,2.8
下游闸内水位,2022-12-21,15:24:47,3.1
下游闸外水位,2022-12-21,15:24:47,3.1
上游闸内水位,2022-12-21,15:27:30,3.2
上游闸外水位,2022-12-21,15:27:30,3.3
上游闸内水位,2022-12-21,15:27:44,3.2
上游闸外水位,2022-12-21,15:27:44,3.3
下游闸内水位,2022-12-21,15:43:29,3.3
下游闸外水位,2022-12-21,15:43:29,3.3
上游闸内水位,2022-12-21,18:42:35,3.3
内河侧水位,2022-12-20,22:00:00,3.5
长江侧水位,2022-12-20,22:00:00,2.5
下游闸内水位,2022-12-20,22:06:20,2.4
下游闸外水位,2022-12-20,22:06:20,2.5
上游闸内水位,2022-12-20,22:12:53,3.4
上游闸外水位,2022-12-20,22:12:53,3.5
上游闸内水位,2022-12-20,23:53:03,2.3
上游闸外水位,2022-12-20,23:53:03,3.5
上游闸内水位,2022-12-20,23:56:06,3.2
上游闸外水位,2022-12-20,23:56:06,3.4
内河侧水位,2022-12-21,0:00:00,3.5
长江侧水位,2022-12-21,0:00:00,2.3
上游闸内水位,2022-12-21,0:37:26,3.4
上游闸外水位,2022-12-21,0:37:26,3.4
下游闸内水位,2022-12-21,0:40:00,3.5
下游闸外水位,2022-12-21,0:40:00,2.3
下游闸内水位,2022-12-21,0:45:59,2.2
下游闸外水位,2022-12-21,0:45:59,2.2
下游闸内水位,2022-12-21,11:41:29,3.4
下游闸外水位,2022-12-21,11:41:29,2.1
下游闸内水位,2022-12-21,11:46:10,2.2
下游闸外水位,2022-12-21,11:46:10,2.1
下游闸内水位,2022-12-21,13:11:27,3.4
下游闸外水位,2022-12-21,13:11:27,1.9
下游闸内水位,2022-12-21,13:15:57,2.2
下游闸外水位,2022-12-21,13:15:57,2.1
上游闸外水位,2022-12-21,18:42:35,3.3
内河侧水位,2022-12-21,19:00:00,3.4
长江侧水位,2022-12-21,19:00:00,3.4
下游闸内水位,2022-12-21,19:17:10,3.2
下游闸外水位,2022-12-21,19:17:10,3.2
上游闸内水位,2022-12-21,19:19:49,3.2
上游闸外水位,2022-12-21,19:19:49,3.4
上游闸内水位,2022-12-21,19:21:38,3.4
上游闸外水位,2022-12-21,19:21:38,3.3
内河侧水位,2022-12-21,20:00:00,3.4
长江侧水位,2022-12-21,20:00:00,2.9
上游闸内水位,2022-12-21,20:07:25,3.4
上游闸外水位,2022-12-21,20:07:25,3.4
下游闸内水位,2022-12-21,20:10:10,3.5
下游闸外水位,2022-12-21,20:10:10,2.9
下游闸内水位,2022-12-21,20:13:12,3.0
下游闸外水位,2022-12-21,20:13:12,2.9
下游闸内水位,2022-12-21,20:59:06,2.7
下游闸外水位,2022-12-21,20:59:06,2.7
内河侧水位,2022-12-21,21:00:00,3.4
长江侧水位,2022-12-21,21:00:00,2.7
上游闸内水位,2022-12-21,21:02:10,2.7
上游闸外水位,2022-12-21,21:02:10,3.3
上游闸内水位,2022-12-21,21:06:24,3.5
上游闸外水位,2022-12-21,21:06:24,3.4
上游闸内水位,2022-12-21,21:50:59,3.4
上游闸外水位,2022-12-21,21:50:59,3.3
下游闸内水位,2022-12-21,21:53:52,3.4
下游闸外水位,2022-12-21,21:53:52,2.6
下游闸内水位,2022-12-21,21:57:06,2.7
下游闸外水位,2022-12-21,21:57:06,2.6
内河侧水位,2022-12-21,22:00:00,3.4
长江侧水位,2022-12-21,22:00:00,2.5
下游闸内水位,2022-12-21,22:38:47,2.5
下游闸外水位,2022-12-21,22:38:47,2.5
上游闸内水位,2022-12-21,22:41:24,2.3
上游闸外水位,2022-12-21,22:41:24,3.3
上游闸内水位,2022-12-21,22:45:14,3.4
上游闸外水位,2022-12-21,22:45:14,3.4
内河侧水位,2022-12-21,23:00:00,3.3
长江侧水位,2022-12-21,23:00:00,2.4
上游闸内水位,2022-12-21,23:40:26,3.4
上游闸外水位,2022-12-21,23:40:26,3.3
下游闸内水位,2022-12-21,23:43:03,3.4
下游闸外水位,2022-12-21,23:43:03,2.2
下游闸内水位,2022-12-21,23:47:09,2.4
下游闸外水位,2022-12-21,23:47:09,2.3
内河侧水位,2022-12-22,2:00:00,3.4
长江侧水位,2022-12-22,2:00:00,2.1
上游闸内水位,2022-12-22,2:00:59,3.5
上游闸外水位,2022-12-22,2:00:59,3.4
下游闸内水位,2022-12-22,2:15:08,2.3
下游闸外水位,2022-12-22,2:15:08,2.2
内河侧水位,2022-12-22,3:00:00,3.5
长江侧水位,2022-12-22,3:00:00,2.8
下游闸内水位,2022-12-22,3:07:01,2.9
下游闸外水位,2022-12-22,3:07:01,2.9
上游闸内水位,2022-12-22,3:11:15,2.9
上游闸外水位,2022-12-22,3:11:15,3.4
上游闸内水位,2022-12-22,3:15:07,3.5
上游闸外水位,2022-12-22,3:15:07,3.5
上游闸内水位,2022-12-20,22:09:02,2.5
上游闸外水位,2022-12-20,22:09:02,3.5
上游闸内水位,2022-12-21,6:19:27,3.1
上游闸外水位,2022-12-21,6:19:27,3.4
内河侧水位,2022-12-21,9:00:00,3.3
长江侧水位,2022-12-21,9:00:00,2.5
上游闸内水位,2022-12-21,9:02:30,3.2
上游闸外水位,2022-12-21,9:02:30,3.3
内河侧水位,2022-12-21,10:00:00,3.3
长江侧水位,2022-12-21,10:00:00,2.4
下游闸内水位,2022-12-21,10:18:33,2.4
下游闸外水位,2022-12-21,10:18:33,2.4
内河侧水位,2022-12-21,11:00:00,3.3
长江侧水位,2022-12-21,11:00:00,2.3
上游闸内水位,2022-12-21,11:38:50,3.4
上游闸外水位,2022-12-21,11:38:50,3.3
内河侧水位,2022-12-21,12:00:00,3.4
长江侧水位,2022-12-21,12:00:00,2.2
下游闸内水位,2022-12-21,12:25:20,2.0
下游闸外水位,2022-12-21,12:25:20,2.0
上游闸内水位,2022-12-21,12:27:58,2.0
上游闸外水位,2022-12-21,12:27:58,3.4
内河侧水位,2022-12-21,13:00:00,3.3
长江侧水位,2022-12-21,13:00:00,2.1
上游闸内水位,2022-12-21,13:08:48,3.4
上游闸外水位,2022-12-21,13:08:48,3.4
内河侧水位,2022-12-21,14:00:00,3.3
长江侧水位,2022-12-21,14:00:00,2.3
下游闸内水位,2022-12-21,14:02:36,2.2
下游闸外水位,2022-12-21,14:02:36,2.2
上游闸内水位,2022-12-21,14:05:19,2.2
上游闸外水位,2022-12-21,14:05:19,3.3
上游闸内水位,2022-12-21,14:08:50,3.3
上游闸外水位,2022-12-21,14:08:50,3.3
内河侧水位,2022-12-21,15:00:00,3.3
长江侧水位,2022-12-21,15:00:00,3.0
内河侧水位,2022-12-21,16:00:00,3.2
长江侧水位,2022-12-21,16:00:00,3.3
内河侧水位,2022-12-21,17:00:00,3.6
长江侧水位,2022-12-21,17:00:00,3.6
内河侧水位,2022-12-21,18:00:00,3.5
长江侧水位,2022-12-21,18:00:00,3.6
内河侧水位,2022-12-22,0:00:00,3.4
长江侧水位,2022-12-22,0:00:00,2.3
内河侧水位,2022-12-22,1:00:00,3.3
长江侧水位,2022-12-22,1:00:00,2.1
下游闸内水位,2022-12-22,1:03:06,2.1
下游闸外水位,2022-12-22,1:03:06,2.1
上游闸内水位,2022-12-22,1:05:51,2.1
上游闸外水位,2022-12-22,1:05:51,3.4
上游闸内水位,2022-12-22,1:09:27,3.3
上游闸外水位,2022-12-22,1:09:27,3.3
下游闸内水位,2022-12-22,2:10:39,3.4
下游闸外水位,2022-12-22,2:10:39,2.2
上游闸内水位,2022-12-22,3:54:03,3.4
上游闸外水位,2022-12-22,3:54:03,3.4
内河侧水位,2022-12-22,4:00:00,3.4
长江侧水位,2022-12-22,4:00:00,3.4
下游闸内水位,2022-12-22,4:03:16,3.4
下游闸外水位,2022-12-22,4:03:16,3.4
下游闸内水位,2022-12-22,4:05:35,3.4
下游闸外水位,2022-12-22,4:05:35,3.4
下游闸内水位,2022-12-22,4:48:32,3.6
下游闸外水位,2022-12-22,4:48:32,3.6
上游闸内水位,2022-12-22,4:51:52,3.6
上游闸外水位,2022-12-22,4:51:52,3.4
上游闸内水位,2022-12-22,4:53:52,3.5
上游闸外水位,2022-12-22,4:53:52,3.4
内河侧水位,2022-12-22,5:00:00,3.5
长江侧水位,2022-12-22,5:00:00,3.6
上游闸内水位,2022-12-22,5:29:37,3.4
上游闸外水位,2022-12-22,5:29:37,3.4
下游闸内水位,2022-12-22,5:35:21,3.4
下游闸外水位,2022-12-22,5:35:21,3.7
下游闸内水位,2022-12-22,5:38:37,3.7
下游闸外水位,2022-12-22,5:38:37,3.6
内河侧水位,2022-12-22,6:00:00,3.4
长江侧水位,2022-12-22,6:00:00,3.6
下游闸内水位,2022-12-22,6:21:54,3.5
下游闸外水位,2022-12-22,6:21:54,3.5
上游闸内水位,2022-12-22,6:24:51,3.5
上游闸外水位,2022-12-22,6:24:51,3.4
上游闸内水位,2022-12-22,6:26:52,3.4
上游闸外水位,2022-12-22,6:26:52,3.4
内河侧水位,2022-12-22,7:00:00,3.4
长江侧水位,2022-12-22,7:00:00,3.3
上游闸内水位,2022-12-22,7:14:23,3.4
下游闸内水位,2022-12-21,10:49:14,2.2
下游闸外水位,2022-12-21,10:49:14,2.2
下游闸内水位,2022-12-21,10:51:59,2.2
下游闸外水位,2022-12-21,10:51:59,2.2
下游闸内水位,2022-12-22,10:19:46,3.3
下游闸外水位,2022-12-22,10:19:46,2.5
上游闸内水位,2022-12-22,11:18:25,3.3
上游闸外水位,2022-12-22,11:18:25,3.3
内河侧水位,2022-12-22,12:00:00,3.3
长江侧水位,2022-12-22,12:00:00,2.2
下游闸内水位,2022-12-22,12:04:05,2.3
下游闸外水位,2022-12-22,12:04:05,2.3
内河侧水位,2022-12-22,13:00:00,3.2
长江侧水位,2022-12-22,13:00:00,2.0
下游闸内水位,2022-12-22,13:07:40,2.1
下游闸外水位,2022-12-22,13:07:40,2.1
上游闸内水位,2022-12-22,13:10:21,2.0
上游闸外水位,2022-12-22,13:10:21,3.3
上游闸内水位,2022-12-22,13:13:54,3.2
上游闸外水位,2022-12-22,13:13:54,3.3
下游闸内水位,2022-12-23,8:38:00,3.0
下游闸外水位,2022-12-23,8:38:00,3.0
上游闸内水位,2022-12-23,8:39:13,3.1
上游闸外水位,2022-12-23,8:39:13,3.3
内河侧水位,2022-12-23,9:00:00,3.3
长江侧水位,2022-12-23,9:00:00,2.8
上游闸内水位,2022-12-23,9:09:04,3.4
上游闸外水位,2022-12-23,9:09:04,3.3
下游闸内水位,2022-12-23,9:13:16,3.4
下游闸外水位,2022-12-23,9:13:16,2.7
下游闸内水位,2022-12-23,9:16:05,2.9
下游闸外水位,2022-12-23,9:16:05,2.8
上游闸内水位,2022-12-23,9:36:25,2.6
上游闸外水位,2022-12-23,9:36:25,3.3
内河侧水位,2022-12-23,10:00:00,3.3
长江侧水位,2022-12-23,10:00:00,2.5
上游闸内水位,2022-12-23,10:06:56,3.4
上游闸外水位,2022-12-23,10:06:56,3.3
下游闸内水位,2022-12-23,10:09:28,3.4
下游闸外水位,2022-12-23,10:09:28,2.5
下游闸内水位,2022-12-23,10:12:45,2.7
下游闸外水位,2022-12-23,10:12:45,2.5
下游闸内水位,2022-12-23,10:23:18,2.4
下游闸外水位,2022-12-23,10:23:18,2.4
上游闸内水位,2022-12-23,10:26:01,2.4
上游闸外水位,2022-12-23,10:26:01,3.3
上游闸内水位,2022-12-23,10:28:35,3.0
上游闸外水位,2022-12-23,10:28:35,3.2
上游闸内水位,2022-12-23,10:49:27,3.4
上游闸外水位,2022-12-23,10:49:27,3.3
下游闸内水位,2022-12-23,10:52:37,3.4
下游闸外水位,2022-12-23,10:52:37,2.4
下游闸内水位,2022-12-23,11:24:11,2.3
下游闸外水位,2022-12-23,11:24:11,2.3
上游闸内水位,2022-12-23,11:26:49,2.2
上游闸外水位,2022-12-23,11:26:49,3.3
上游闸内水位,2022-12-23,11:29:44,3.1
上游闸外水位,2022-12-23,11:29:44,3.2
上游闸内水位,2022-12-23,11:59:10,3.3
上游闸外水位,2022-12-23,11:59:10,3.2
内河侧水位,2022-12-23,12:00:00,3.3
长江侧水位,2022-12-23,12:00:00,2.2
下游闸内水位,2022-12-23,12:02:14,3.4
下游闸外水位,2022-12-23,12:02:14,2.2
下游闸内水位,2022-12-23,12:06:35,2.3
下游闸外水位,2022-12-23,12:06:35,2.2
内河侧水位,2022-12-23,13:00:00,3.1
长江侧水位,2022-12-23,13:00:00,2.1
上游闸内水位,2022-12-23,13:22:24,3.3
上游闸外水位,2022-12-23,13:22:24,3.3
下游闸内水位,2022-12-23,13:24:57,3.3
下游闸外水位,2022-12-23,13:24:57,2.0
下游闸内水位,2022-12-23,13:29:41,2.1
下游闸外水位,2022-12-23,13:29:41,2.0
内河侧水位,2022-12-23,14:00:00,3.3
长江侧水位,2022-12-23,14:00:00,1.9
下游闸内水位,2022-12-23,14:07:34,1.9
下游闸外水位,2022-12-23,14:07:34,1.9
上游闸内水位,2022-12-23,14:11:51,1.9
上游闸外水位,2022-12-23,14:11:51,3.2
上游闸内水位,2022-12-23,14:15:50,3.3
上游闸外水位,2022-12-23,14:15:50,3.2
上游闸内水位,2022-12-23,14:46:10,3.3
上游闸外水位,2022-12-23,14:46:10,3.3
下游闸内水位,2022-12-23,14:48:49,3.4
下游闸外水位,2022-12-23,14:48:49,1.9
下游闸内水位,2022-12-23,14:54:09,1.9
上游闸外水位,2022-12-22,7:14:23,3.4
下游闸内水位,2022-12-22,7:18:38,3.3
下游闸外水位,2022-12-22,7:18:38,3.2
下游闸内水位,2022-12-22,7:21:07,3.2
下游闸外水位,2022-12-22,7:21:07,3.1
内河侧水位,2022-12-22,8:00:00,3.4
长江侧水位,2022-12-22,8:00:00,2.9
下游闸内水位,2022-12-22,8:19:58,2.9
下游闸外水位,2022-12-22,8:19:58,2.9
上游闸内水位,2022-12-22,8:22:41,2.8
上游闸外水位,2022-12-22,8:22:41,3.4
上游闸内水位,2022-12-22,8:25:53,3.4
上游闸外水位,2022-12-22,8:25:53,3.4
内河侧水位,2022-12-22,9:00:00,3.3
长江侧水位,2022-12-22,9:00:00,2.7
上游闸内水位,2022-12-22,9:07:32,3.4
上游闸外水位,2022-12-22,9:07:32,3.4
下游闸内水位,2022-12-22,9:10:35,3.4
下游闸外水位,2022-12-22,9:10:35,2.7
下游闸内水位,2022-12-22,9:14:01,2.7
下游闸外水位,2022-12-22,9:14:01,2.6
下游闸内水位,2022-12-22,9:50:39,2.5
下游闸外水位,2022-12-22,9:50:39,2.5
上游闸内水位,2022-12-22,9:53:53,2.5
上游闸外水位,2022-12-22,9:53:53,3.4
上游闸内水位,2022-12-22,9:56:33,3.1
上游闸外水位,2022-12-22,9:56:33,3.3
内河侧水位,2022-12-22,10:00:00,3.3
长江侧水位,2022-12-22,10:00:00,2.5
上游闸内水位,2022-12-22,10:16:59,3.3
上游闸外水位,2022-12-22,10:16:59,3.3
下游闸内水位,2022-12-22,10:23:17,2.6
下游闸外水位,2022-12-22,10:23:17,2.4
下游闸内水位,2022-12-22,11:22:15,3.3
下游闸外水位,2022-12-22,11:22:15,2.3
下游闸内水位,2022-12-22,11:26:05,2.5
下游闸外水位,2022-12-22,11:26:05,2.3
上游闸内水位,2022-12-22,12:07:03,2.2
上游闸外水位,2022-12-22,12:07:03,3.3
上游闸内水位,2022-12-22,12:10:08,2.7
上游闸外水位,2022-12-22,12:10:08,3.3
上游闸内水位,2022-12-22,12:12:04,3.2
上游闸外水位,2022-12-22,12:12:04,3.3
上游闸内水位,2022-12-22,13:30:29,3.3
上游闸外水位,2022-12-22,13:30:29,3.3
下游闸内水位,2022-12-22,13:33:05,3.3
下游闸外水位,2022-12-22,13:33:05,2.0
下游闸内水位,2022-12-22,13:37:48,2.1
下游闸外水位,2022-12-22,13:37:48,2.0
内河侧水位,2022-12-22,14:00:00,3.3
长江侧水位,2022-12-22,14:00:00,2.0
下游闸内水位,2022-12-22,14:12:59,2.0
下游闸外水位,2022-12-22,14:12:59,2.0
上游闸内水位,2022-12-22,14:15:50,2.1
上游闸外水位,2022-12-22,14:15:50,3.3
上游闸内水位,2022-12-22,14:19:14,3.2
上游闸外水位,2022-12-22,14:19:14,3.3
上游闸内水位,2022-12-22,14:37:42,3.3
上游闸外水位,2022-12-22,14:37:42,3.3
下游闸内水位,2022-12-22,14:40:40,3.3
下游闸外水位,2022-12-22,14:40:40,2.1
下游闸内水位,2022-12-22,14:44:28,2.3
下游闸外水位,2022-12-22,14:44:28,2.2
内河侧水位,2022-12-22,15:00:00,3.2
长江侧水位,2022-12-22,15:00:00,2.5
下游闸内水位,2022-12-22,15:08:09,2.6
下游闸外水位,2022-12-22,15:08:09,2.6
上游闸内水位,2022-12-22,15:10:49,2.6
上游闸外水位,2022-12-22,15:10:49,3.3
上游闸内水位,2022-12-22,15:13:13,3.1
上游闸外水位,2022-12-22,15:13:13,3.2
上游闸内水位,2022-12-22,15:29:37,3.3
上游闸外水位,2022-12-22,15:29:37,3.3
下游闸内水位,2022-12-22,15:32:09,3.3
下游闸外水位,2022-12-22,15:32:09,3.0
下游闸内水位,2022-12-22,15:33:48,3.1
下游闸外水位,2022-12-22,15:33:48,3.0
上游闸内水位,2022-12-22,15:53:57,3.1
上游闸外水位,2022-12-22,15:53:57,3.2
内河侧水位,2022-12-22,16:00:00,3.2
长江侧水位,2022-12-22,16:00:00,3.2
内河侧水位,2022-12-22,17:00:00,3.5
长江侧水位,2022-12-22,17:00:00,3.6
下游闸内水位,2022-12-22,17:52:56,3.7
下游闸外水位,2022-12-22,17:52:56,3.7
上游闸内水位,2022-12-22,17:52:58,3.7
上游闸外水位,2022-12-22,17:52:58,3.7
下游闸内水位,2022-12-22,10:55:58,2.3
下游闸外水位,2022-12-22,10:55:58,2.3
上游闸内水位,2022-12-22,10:58:42,2.3
上游闸外水位,2022-12-22,10:58:42,3.3
内河侧水位,2022-12-22,11:00:00,3.2
长江侧水位,2022-12-22,11:00:00,2.3
上游闸内水位,2022-12-22,11:01:51,3.2
上游闸外水位,2022-12-22,11:01:51,3.3
上游闸内水位,2022-12-22,12:31:34,3.3
上游闸外水位,2022-12-22,12:31:34,3.3
下游闸内水位,2022-12-22,12:34:08,3.3
下游闸外水位,2022-12-22,12:34:08,2.1
下游闸内水位,2022-12-22,12:39:00,2.2
下游闸外水位,2022-12-22,12:39:00,2.1
内河侧水位,2022-12-22,18:00:00,3.7
长江侧水位,2022-12-22,18:00:00,3.7
下游闸内水位,2022-12-22,18:24:45,3.7
下游闸外水位,2022-12-22,18:24:45,3.7
下游闸内水位,2022-12-22,18:25:39,3.7
下游闸外水位,2022-12-22,18:25:39,3.7
下游闸内水位,2022-12-22,18:27:35,3.6
下游闸外水位,2022-12-22,18:27:35,3.7
下游闸内水位,2022-12-22,18:55:10,3.5
下游闸外水位,2022-12-22,18:55:10,3.5
上游闸内水位,2022-12-22,18:57:47,3.5
上游闸外水位,2022-12-22,18:57:47,3.5
上游闸内水位,2022-12-22,18:59:46,3.5
上游闸外水位,2022-12-22,18:59:46,3.5
内河侧水位,2022-12-22,19:00:00,3.5
长江侧水位,2022-12-22,19:00:00,3.5
上游闸内水位,2022-12-22,19:18:50,3.4
上游闸外水位,2022-12-22,19:18:50,3.4
内河侧水位,2022-12-22,20:00:00,3.4
长江侧水位,2022-12-22,20:00:00,3.1
内河侧水位,2022-12-22,21:00:00,3.4
长江侧水位,2022-12-22,21:00:00,2.8
内河侧水位,2022-12-22,22:00:00,3.4
长江侧水位,2022-12-22,22:00:00,2.6
内河侧水位,2022-12-22,23:00:00,3.3
长江侧水位,2022-12-22,23:00:00,2.4
内河侧水位,2022-12-23,0:00:00,3.3
长江侧水位,2022-12-23,0:00:00,2.3
内河侧水位,2022-12-23,1:00:00,3.4
长江侧水位,2022-12-23,1:00:00,2.2
内河侧水位,2022-12-23,2:00:00,3.4
长江侧水位,2022-12-23,2:00:00,2.0
内河侧水位,2022-12-23,3:00:00,3.4
长江侧水位,2022-12-23,3:00:00,1.9
内河侧水位,2022-12-23,4:00:00,3.3
长江侧水位,2022-12-23,4:00:00,2.6
内河侧水位,2022-12-23,5:00:00,3.3
长江侧水位,2022-12-23,5:00:00,3.2
内河侧水位,2022-12-23,6:00:00,3.3
长江侧水位,2022-12-23,6:00:00,3.4
上游闸内水位,2022-12-23,6:33:32,3.4
上游闸外水位,2022-12-23,6:33:32,3.3
下游闸内水位,2022-12-23,6:33:35,3.4
下游闸外水位,2022-12-23,6:33:35,3.5
内河侧水位,2022-12-23,7:00:00,3.4
长江侧水位,2022-12-23,7:00:00,3.4
上游闸内水位,2022-12-23,7:43:49,3.2
上游闸外水位,2022-12-23,7:43:49,3.1
上游闸内水位,2022-12-23,7:44:04,3.2
上游闸外水位,2022-12-23,7:44:04,3.1
下游闸内水位,2022-12-23,7:44:41,3.1
下游闸外水位,2022-12-23,7:44:41,3.1
内河侧水位,2022-12-23,8:00:00,3.2
长江侧水位,2022-12-23,8:00:00,3.2
上游闸内水位,2022-12-23,8:17:02,3.3
上游闸外水位,2022-12-23,8:17:02,3.2
下游闸内水位,2022-12-23,8:19:34,3.4
下游闸外水位,2022-12-23,8:19:34,3.0
下游闸内水位,2022-12-23,8:21:41,3.1
下游闸外水位,2022-12-23,8:21:41,3.0
下游闸内水位,2022-12-23,9:33:46,2.7
下游闸外水位,2022-12-23,9:33:46,2.8
上游闸内水位,2022-12-23,9:38:59,3.1
上游闸外水位,2022-12-23,9:38:59,3.3
下游闸内水位,2022-12-23,10:56:40,2.5
下游闸外水位,2022-12-23,10:56:40,2.3
内河侧水位,2022-12-23,11:00:00,3.3
长江侧水位,2022-12-23,11:00:00,2.4
下游闸内水位,2022-12-23,12:39:28,2.0
下游闸外水位,2022-12-23,12:39:28,2.1
上游闸内水位,2022-12-23,12:42:10,2.1
上游闸外水位,2022-12-23,12:42:10,3.3
上游闸内水位,2022-12-23,12:45:21,3.1
上游闸外水位,2022-12-23,12:45:21,3.2
内河侧水位,2022-12-23,18:00:00,3.7
长江侧水位,2022-12-23,18:00:00,3.7
内河侧水位,2022-12-23,19:00:00,3.7
长江侧水位,2022-12-23,19:00:00,3.9
下游闸内水位,2022-12-23,19:58:14,3.7
下游闸外水位,2022-12-23,19:58:14,3.7
内河侧水位,2022-12-23,20:00:00,3.5
长江侧水位,2022-12-23,20:00:00,3.7
上游闸内水位,2022-12-23,20:59:17,3.5
上游闸外水位,2022-12-23,20:59:17,3.4
内河侧水位,2022-12-23,21:00:00,3.4
长江侧水位,2022-12-23,21:00:00,3.3
下游闸内水位,2022-12-23,21:01:59,3.5
下游闸外水位,2022-12-23,21:01:59,3.3
下游闸内水位,2022-12-23,21:03:47,3.3
下游闸外水位,2022-12-23,21:03:47,3.2
下游闸内水位,2022-12-23,21:46:35,2.9
下游闸外水位,2022-12-23,21:46:35,3.0
上游闸内水位,2022-12-23,21:49:12,3.0
上游闸外水位,2022-12-23,21:49:12,3.3
上游闸内水位,2022-12-23,21:51:29,3.3
上游闸外水位,2022-12-23,21:51:29,3.3
内河侧水位,2022-12-23,22:00:00,3.4
长江侧水位,2022-12-23,22:00:00,2.9
上游闸内水位,2022-12-23,22:33:48,3.4
上游闸外水位,2022-12-23,22:33:48,3.3
下游闸内水位,2022-12-23,22:36:36,3.4
下游闸外水位,2022-12-23,22:36:36,2.7
下游闸内水位,2022-12-23,22:39:39,2.9
下游闸外水位,2022-12-23,22:39:39,2.7
下游闸内水位,2022-12-24,11:07:50,3.3
下游闸外水位,2022-12-24,11:07:50,2.4
下游闸内水位,2022-12-24,11:11:26,2.5
下游闸外水位,2022-12-24,11:11:26,2.4
下游闸内水位,2022-12-24,11:49:51,2.3
下游闸外水位,2022-12-24,11:49:51,2.3
下游闸内水位,2022-12-24,12:49:09,2.0
下游闸外水位,2022-12-24,12:49:09,2.1
内河侧水位,2022-12-24,14:00:00,3.3
长江侧水位,2022-12-24,14:00:00,2.0
上游闸内水位,2022-12-24,14:23:33,3.3
上游闸外水位,2022-12-24,14:23:33,3.2
下游闸内水位,2022-12-24,14:26:06,3.3
下游闸外水位,2022-12-24,14:26:06,1.9
下游闸内水位,2022-12-24,14:32:02,1.9
下游闸外水位,2022-12-24,14:32:02,1.9
内河侧水位,2022-12-24,15:00:00,3.2
长江侧水位,2022-12-24,15:00:00,1.8
下游闸内水位,2022-12-24,15:52:00,1.8
下游闸外水位,2022-12-24,15:52:00,1.8
上游闸内水位,2022-12-24,15:54:56,1.8
上游闸外水位,2022-12-24,15:54:56,3.2
上游闸内水位,2022-12-24,15:58:36,3.1
上游闸外水位,2022-12-24,15:58:36,3.2
内河侧水位,2022-12-24,16:00:00,3.3
长江侧水位,2022-12-24,16:00:00,1.8
下游闸内水位,2022-12-24,16:26:24,3.3
下游闸外水位,2022-12-24,16:26:24,2.3
下游闸内水位,2022-12-24,16:30:01,2.6
下游闸外水位,2022-12-24,16:30:01,2.4
下游闸内水位,2022-12-24,16:54:03,2.8
下游闸外水位,2022-12-24,16:54:03,2.9
上游闸内水位,2022-12-24,16:59:21,2.9
上游闸外水位,2022-12-24,16:59:21,3.2
下游闸内水位,2022-12-24,17:14:46,3.2
下游闸外水位,2022-12-24,17:14:46,3.2
内河侧水位,2022-12-24,18:00:00,3.5
长江侧水位,2022-12-24,18:00:00,3.5
内河侧水位,2022-12-24,19:00:00,3.7
长江侧水位,2022-12-24,19:00:00,3.9
内河侧水位,2022-12-24,20:00:00,3.8
长江侧水位,2022-12-24,20:00:00,3.8
内河侧水位,2022-12-24,21:00:00,3.5
长江侧水位,2022-12-24,21:00:00,3.6
下游闸内水位,2022-12-24,21:36:08,3.3
下游闸外水位,2022-12-24,21:36:08,3.3
内河侧水位,2022-12-24,22:00:00,3.3
长江侧水位,2022-12-24,22:00:00,3.1
上游闸内水位,2022-12-24,22:25:54,3.4
上游闸外水位,2022-12-24,22:25:54,3.3
下游闸内水位,2022-12-24,22:29:03,3.3
下游闸外水位,2022-12-24,22:29:03,3.0
下游闸内水位,2022-12-24,22:30:52,3.1
下游闸外水位,2022-12-24,22:30:52,3.0
内河侧水位,2022-12-24,23:00:00,3.3
长江侧水位,2022-12-24,23:00:00,2.8
下游闸外水位,2022-12-23,14:54:09,1.9
内河侧水位,2022-12-23,15:00:00,3.3
长江侧水位,2022-12-23,15:00:00,1.7
下游闸内水位,2022-12-23,15:35:42,2.0
下游闸外水位,2022-12-23,15:35:42,2.0
上游闸内水位,2022-12-23,15:38:37,2.2
上游闸外水位,2022-12-23,15:38:37,3.3
上游闸内水位,2022-12-23,15:42:30,3.3
上游闸外水位,2022-12-23,15:42:30,3.3
内河侧水位,2022-12-23,16:00:00,3.2
长江侧水位,2022-12-23,16:00:00,2.6
上游闸内水位,2022-12-23,16:10:16,3.3
上游闸外水位,2022-12-23,16:10:16,3.2
下游闸内水位,2022-12-23,16:12:51,3.3
下游闸外水位,2022-12-23,16:12:51,2.8
下游闸内水位,2022-12-23,16:14:54,3.0
下游闸外水位,2022-12-23,16:14:54,2.9
上游闸内水位,2022-12-23,16:35:39,3.2
上游闸外水位,2022-12-23,16:35:39,3.2
下游闸内水位,2022-12-23,23:29:44,2.5
下游闸外水位,2022-12-23,23:29:44,2.6
上游闸内水位,2022-12-23,23:32:26,2.5
上游闸外水位,2022-12-23,23:32:26,3.3
上游闸内水位,2022-12-23,23:35:28,3.3
上游闸外水位,2022-12-23,23:35:28,3.2
内河侧水位,2022-12-24,0:00:00,3.4
长江侧水位,2022-12-24,0:00:00,2.5
上游闸内水位,2022-12-24,0:25:59,3.4
上游闸外水位,2022-12-24,0:25:59,3.3
下游闸内水位,2022-12-24,0:28:37,3.4
下游闸外水位,2022-12-24,0:28:37,2.4
下游闸内水位,2022-12-24,0:32:32,2.5
下游闸外水位,2022-12-24,0:32:32,2.4
内河侧水位,2022-12-24,1:00:00,3.3
长江侧水位,2022-12-24,1:00:00,2.3
上游闸内水位,2022-12-24,1:26:26,2.3
上游闸外水位,2022-12-24,1:26:26,3.3
上游闸内水位,2022-12-24,1:29:34,3.1
上游闸外水位,2022-12-24,1:29:34,3.2
内河侧水位,2022-12-24,2:00:00,3.3
长江侧水位,2022-12-24,2:00:00,2.2
上游闸内水位,2022-12-24,2:19:22,3.4
上游闸外水位,2022-12-24,2:19:22,3.3
下游闸内水位,2022-12-24,2:21:56,3.4
下游闸外水位,2022-12-24,2:21:56,2.1
下游闸内水位,2022-12-24,2:26:37,2.2
下游闸外水位,2022-12-24,2:26:37,2.1
内河侧水位,2022-12-24,3:00:00,3.3
长江侧水位,2022-12-24,3:00:00,2.0
内河侧水位,2022-12-24,4:00:00,3.3
长江侧水位,2022-12-24,4:00:00,2.0
下游闸内水位,2022-12-24,4:05:14,2.0
下游闸外水位,2022-12-24,4:05:14,2.0
上游闸内水位,2022-12-24,4:07:59,2.0
上游闸外水位,2022-12-24,4:07:59,3.3
上游闸内水位,2022-12-24,4:11:38,3.1
上游闸外水位,2022-12-24,4:11:38,3.3
内河侧水位,2022-12-24,5:00:00,3.3
长江侧水位,2022-12-24,5:00:00,2.9
上游闸内水位,2022-12-24,5:04:29,3.3
上游闸外水位,2022-12-24,5:04:29,3.3
下游闸内水位,2022-12-24,5:07:18,3.4
下游闸外水位,2022-12-24,5:07:18,3.0
下游闸内水位,2022-12-24,5:09:19,3.1
下游闸外水位,2022-12-24,5:09:19,3.0
内河侧水位,2022-12-24,6:00:00,3.2
长江侧水位,2022-12-24,6:00:00,3.3
下游闸内水位,2022-12-24,6:03:56,3.4
下游闸外水位,2022-12-24,6:03:56,3.4
上游闸内水位,2022-12-24,6:06:37,3.3
上游闸外水位,2022-12-24,6:06:37,3.3
上游闸内水位,2022-12-24,6:09:00,3.4
上游闸外水位,2022-12-24,6:09:00,3.3
上游闸内水位,2022-12-24,6:45:18,3.4
上游闸外水位,2022-12-24,6:45:18,3.3
下游闸内水位,2022-12-24,6:48:23,3.4
下游闸外水位,2022-12-24,6:48:23,3.5
下游闸内水位,2022-12-24,6:50:38,3.5
下游闸外水位,2022-12-24,6:50:38,3.5
内河侧水位,2022-12-24,7:00:00,3.3
长江侧水位,2022-12-24,7:00:00,3.5
下游闸内水位,2022-12-24,7:21:44,3.5
下游闸外水位,2022-12-24,7:21:44,3.5
上游闸内水位,2022-12-24,7:24:43,3.5
上游闸外水位,2022-12-24,7:24:43,3.3
上游闸内水位,2022-12-24,7:26:57,3.4
上游闸外水位,2022-12-24,7:26:57,3.3
内河侧水位,2022-12-23,17:00:00,3.3
长江侧水位,2022-12-23,17:00:00,3.4
内河侧水位,2022-12-23,23:00:00,3.3
长江侧水位,2022-12-23,23:00:00,2.7
下游闸内水位,2022-12-24,1:23:42,2.2
下游闸外水位,2022-12-24,1:23:42,2.2
内河侧水位,2022-12-24,8:00:00,3.3
长江侧水位,2022-12-24,8:00:00,3.4
上游闸内水位,2022-12-24,8:02:37,3.4
上游闸外水位,2022-12-24,8:02:37,3.3
下游闸内水位,2022-12-24,8:05:33,3.4
下游闸外水位,2022-12-24,8:05:33,3.3
下游闸内水位,2022-12-24,8:10:02,3.2
下游闸外水位,2022-12-24,8:10:02,3.2
下游闸内水位,2022-12-24,8:43:32,3.0
下游闸外水位,2022-12-24,8:43:32,3.0
上游闸内水位,2022-12-24,8:46:37,3.0
上游闸外水位,2022-12-24,8:46:37,3.3
上游闸内水位,2022-12-24,8:48:53,3.3
上游闸外水位,2022-12-24,8:48:53,3.3
内河侧水位,2022-12-24,9:00:00,3.3
长江侧水位,2022-12-24,9:00:00,2.9
上游闸内水位,2022-12-24,9:29:01,3.3
上游闸外水位,2022-12-24,9:29:01,3.3
下游闸内水位,2022-12-24,9:32:11,3.3
下游闸外水位,2022-12-24,9:32:11,2.8
下游闸内水位,2022-12-24,9:35:15,2.9
下游闸外水位,2022-12-24,9:35:15,2.8
内河侧水位,2022-12-24,10:00:00,3.3
长江侧水位,2022-12-24,10:00:00,2.6
下游闸内水位,2022-12-24,10:19:23,2.6
下游闸外水位,2022-12-24,10:19:23,2.6
上游闸内水位,2022-12-24,10:22:04,2.6
上游闸外水位,2022-12-24,10:22:04,3.3
上游闸内水位,2022-12-24,10:25:25,3.2
上游闸外水位,2022-12-24,10:25:25,3.2
内河侧水位,2022-12-24,11:00:00,3.2
长江侧水位,2022-12-24,11:00:00,2.4
上游闸内水位,2022-12-24,11:04:08,3.3
上游闸外水位,2022-12-24,11:04:08,3.3
上游闸内水位,2022-12-24,11:52:34,2.3
上游闸外水位,2022-12-24,11:52:34,3.2
上游闸内水位,2022-12-24,11:55:39,3.1
上游闸外水位,2022-12-24,11:55:39,3.2
内河侧水位,2022-12-24,12:00:00,3.2
长江侧水位,2022-12-24,12:00:00,2.3
上游闸内水位,2022-12-24,12:37:56,3.3
上游闸外水位,2022-12-24,12:37:56,3.2
下游闸内水位,2022-12-24,12:40:31,3.3
下游闸外水位,2022-12-24,12:40:31,2.2
内河侧水位,2022-12-24,13:00:00,3.2
长江侧水位,2022-12-24,13:00:00,2.1
下游闸内水位,2022-12-24,13:38:22,2.1
下游闸外水位,2022-12-24,13:38:22,2.1
上游闸内水位,2022-12-24,13:41:13,2.0
上游闸外水位,2022-12-24,13:41:13,3.2
上游闸内水位,2022-12-24,13:44:37,3.1
上游闸外水位,2022-12-24,13:44:37,3.2
上游闸内水位,2022-12-24,16:19:51,3.3
上游闸外水位,2022-12-24,16:19:51,3.1
内河侧水位,2022-12-24,17:00:00,3.2
长江侧水位,2022-12-24,17:00:00,3.0
上游闸内水位,2022-12-24,17:01:17,3.1
上游闸外水位,2022-12-24,17:01:17,3.2
上游闸内水位,2022-12-24,23:48:45,3.4
上游闸外水位,2022-12-24,23:48:45,3.3
下游闸内水位,2022-12-24,23:51:45,3.4
下游闸外水位,2022-12-24,23:51:45,2.6
下游闸内水位,2022-12-24,23:55:30,2.6
下游闸外水位,2022-12-24,23:55:30,2.5
内河侧水位,2022-12-25,0:00:00,3.3
长江侧水位,2022-12-25,0:00:00,2.5
下游闸内水位,2022-12-25,0:42:01,2.4
下游闸外水位,2022-12-25,0:42:01,2.4
上游闸内水位,2022-12-25,0:45:05,2.4
上游闸外水位,2022-12-25,0:45:05,3.3
内河侧水位,2022-12-25,3:00:00,3.3
长江侧水位,2022-12-25,3:00:00,2.1
上游闸内水位,2022-12-25,3:21:03,3.3
上游闸外水位,2022-12-25,3:21:03,3.3
下游闸内水位,2022-12-25,3:23:36,3.4
下游闸外水位,2022-12-25,3:23:36,2.0
下游闸内水位,2022-12-25,3:28:23,2.2
下游闸外水位,2022-12-25,3:28:23,2.1
内河侧水位,2022-12-25,4:00:00,3.3
长江侧水位,2022-12-25,4:00:00,1.9
内河侧水位,2022-12-25,5:00:00,3.3
下游闸内水位,2022-12-24,23:14:01,2.7
下游闸外水位,2022-12-24,23:14:01,2.7
上游闸内水位,2022-12-24,23:16:45,2.7
上游闸外水位,2022-12-24,23:16:45,3.3
上游闸内水位,2022-12-24,23:19:08,3.2
上游闸外水位,2022-12-24,23:19:08,3.2
上游闸内水位,2022-12-25,0:49:05,3.4
上游闸外水位,2022-12-25,0:49:05,3.3
内河侧水位,2022-12-25,1:00:00,3.3
长江侧水位,2022-12-25,1:00:00,2.4
上游闸内水位,2022-12-25,1:11:11,3.4
上游闸外水位,2022-12-25,1:11:11,3.3
下游闸内水位,2022-12-25,1:13:46,3.4
下游闸外水位,2022-12-25,1:13:46,2.3
下游闸内水位,2022-12-25,1:20:07,2.3
下游闸外水位,2022-12-25,1:20:07,2.3
内河侧水位,2022-12-25,2:00:00,3.3
长江侧水位,2022-12-25,2:00:00,2.2
下游闸内水位,2022-12-25,2:14:35,2.2
下游闸外水位,2022-12-25,2:14:35,2.2
上游闸内水位,2022-12-25,2:17:21,2.2
上游闸外水位,2022-12-25,2:17:21,3.3
上游闸内水位,2022-12-25,2:20:34,3.1
上游闸外水位,2022-12-25,2:20:34,3.2
下游闸内水位,2022-12-25,10:56:53,2.5
下游闸外水位,2022-12-25,10:56:53,2.6
下游闸内水位,2022-12-25,11:24:44,2.7
下游闸外水位,2022-12-25,11:24:44,2.5
上游闸内水位,2022-12-25,12:03:47,2.4
上游闸外水位,2022-12-25,12:03:47,3.2
内河侧水位,2022-12-25,13:00:00,3.2
长江侧水位,2022-12-25,13:00:00,2.2
下游闸内水位,2022-12-25,13:01:43,2.2
下游闸外水位,2022-12-25,13:01:43,2.2
上游闸内水位,2022-12-25,13:04:23,2.2
上游闸外水位,2022-12-25,13:04:23,3.3
上游闸内水位,2022-12-25,13:06:38,2.5
上游闸外水位,2022-12-25,13:06:38,3.2
上游闸内水位,2022-12-25,13:08:13,3.0
上游闸外水位,2022-12-25,13:08:13,3.2
内河侧水位,2022-12-25,23:00:00,3.5
长江侧水位,2022-12-25,23:00:00,3.3
上游闸内水位,2022-12-25,23:21:43,3.5
上游闸外水位,2022-12-25,23:21:43,3.4
下游闸内水位,2022-12-25,23:24:35,3.5
下游闸外水位,2022-12-25,23:24:35,3.2
下游闸内水位,2022-12-25,23:28:22,3.1
下游闸外水位,2022-12-25,23:28:22,3.1
内河侧水位,2022-12-26,1:00:00,3.4
长江侧水位,2022-12-26,1:00:00,2.7
上游闸内水位,2022-12-26,1:01:01,3.4
上游闸外水位,2022-12-26,1:01:01,3.3
下游闸内水位,2022-12-26,1:07:23,3.4
下游闸外水位,2022-12-26,1:07:23,2.7
下游闸内水位,2022-12-26,1:10:34,2.8
下游闸外水位,2022-12-26,1:10:34,2.7
下游闸内水位,2022-12-26,1:52:38,2.5
下游闸外水位,2022-12-26,1:52:38,2.5
上游闸内水位,2022-12-26,1:55:16,2.5
上游闸外水位,2022-12-26,1:55:16,3.3
上游闸内水位,2022-12-26,1:57:42,3.1
上游闸外水位,2022-12-26,1:57:42,3.1
内河侧水位,2022-12-26,2:00:00,3.4
长江侧水位,2022-12-26,2:00:00,2.6
上游闸内水位,2022-12-26,2:35:55,3.4
上游闸外水位,2022-12-26,2:35:55,3.3
下游闸内水位,2022-12-26,2:39:11,3.4
下游闸外水位,2022-12-26,2:39:11,2.4
下游闸内水位,2022-12-26,2:43:00,2.6
下游闸外水位,2022-12-26,2:43:00,2.4
内河侧水位,2022-12-26,3:00:00,3.3
长江侧水位,2022-12-26,3:00:00,2.4
下游闸内水位,2022-12-26,3:21:29,2.3
下游闸外水位,2022-12-26,3:21:29,2.3
上游闸内水位,2022-12-26,3:24:10,2.3
上游闸外水位,2022-12-26,3:24:10,3.3
内河侧水位,2022-12-26,4:00:00,3.3
长江侧水位,2022-12-26,4:00:00,2.2
上游闸内水位,2022-12-26,4:18:16,3.4
上游闸外水位,2022-12-26,4:18:16,3.3
下游闸内水位,2022-12-26,4:21:17,3.4
下游闸外水位,2022-12-26,4:21:17,2.1
下游闸内水位,2022-12-26,4:25:34,2.3
下游闸外水位,2022-12-26,4:25:34,2.2
内河侧水位,2022-12-26,5:00:00,3.3
长江侧水位,2022-12-26,5:00:00,2.1
下游闸内水位,2022-12-26,5:08:18,2.1
长江侧水位,2022-12-25,5:00:00,2.0
下游闸内水位,2022-12-25,5:14:33,2.3
下游闸外水位,2022-12-25,5:14:33,2.3
上游闸内水位,2022-12-25,5:17:15,2.3
上游闸外水位,2022-12-25,5:17:15,3.2
上游闸内水位,2022-12-25,5:54:25,3.4
上游闸外水位,2022-12-25,5:54:25,3.3
下游闸内水位,2022-12-25,5:57:00,3.4
下游闸外水位,2022-12-25,5:57:00,2.9
下游闸内水位,2022-12-25,5:59:08,3.1
下游闸外水位,2022-12-25,5:59:08,2.9
内河侧水位,2022-12-25,6:00:00,3.3
长江侧水位,2022-12-25,6:00:00,2.9
下游闸内水位,2022-12-25,6:33:55,3.2
下游闸外水位,2022-12-25,6:33:55,3.2
上游闸内水位,2022-12-25,6:36:45,3.2
上游闸外水位,2022-12-25,6:36:45,3.3
上游闸内水位,2022-12-25,6:39:07,3.4
上游闸外水位,2022-12-25,6:39:07,3.3
内河侧水位,2022-12-25,7:00:00,3.3
长江侧水位,2022-12-25,7:00:00,3.3
下游闸内水位,2022-12-25,7:17:41,3.4
下游闸外水位,2022-12-25,7:17:41,3.4
下游闸内水位,2022-12-25,7:19:31,3.4
下游闸外水位,2022-12-25,7:19:31,3.4
下游闸内水位,2022-12-25,7:56:31,3.5
下游闸外水位,2022-12-25,7:56:31,3.5
内河侧水位,2022-12-25,8:00:00,3.3
长江侧水位,2022-12-25,8:00:00,3.5
上游闸内水位,2022-12-25,8:00:17,3.5
上游闸外水位,2022-12-25,8:00:17,3.3
上游闸内水位,2022-12-25,8:02:33,3.4
上游闸外水位,2022-12-25,8:02:33,3.3
上游闸内水位,2022-12-25,8:30:30,3.3
上游闸外水位,2022-12-25,8:30:30,3.3
下游闸内水位,2022-12-25,8:40:56,3.4
下游闸外水位,2022-12-25,8:40:56,3.4
下游闸内水位,2022-12-25,8:43:44,3.4
下游闸外水位,2022-12-25,8:43:44,3.4
下游闸外水位,2022-12-26,5:08:18,2.0
上游闸内水位,2022-12-26,5:11:38,2.0
上游闸外水位,2022-12-26,5:11:38,3.3
上游闸内水位,2022-12-26,5:22:39,3.4
上游闸外水位,2022-12-26,5:22:39,3.3
上游闸内水位,2022-12-26,5:58:07,3.4
上游闸外水位,2022-12-26,5:58:07,3.3
内河侧水位,2022-12-26,6:00:00,3.3
长江侧水位,2022-12-26,6:00:00,2.7
下游闸内水位,2022-12-26,6:00:37,3.4
下游闸外水位,2022-12-26,6:00:37,2.7
下游闸内水位,2022-12-26,6:03:59,2.8
下游闸外水位,2022-12-26,6:03:59,2.6
上游闸内水位,2022-12-26,6:41:03,3.2
上游闸外水位,2022-12-26,6:41:03,3.3
上游闸内水位,2022-12-26,6:50:52,3.2
上游闸外水位,2022-12-26,6:50:52,3.3
上游闸内水位,2022-12-26,6:53:24,3.3
上游闸外水位,2022-12-26,6:53:24,3.3
内河侧水位,2022-12-26,7:00:00,3.3
长江侧水位,2022-12-26,7:00:00,3.3
内河侧水位,2022-12-26,8:00:00,3.5
长江侧水位,2022-12-26,8:00:00,3.6
内河侧水位,2022-12-26,9:00:00,3.6
长江侧水位,2022-12-26,9:00:00,3.7
内河侧水位,2022-12-26,11:00:00,3.4
长江侧水位,2022-12-26,11:00:00,3.0
上游闸内水位,2022-12-26,11:34:33,2.8
上游闸外水位,2022-12-26,11:34:33,3.4
上游闸内水位,2022-12-26,11:36:43,3.2
上游闸外水位,2022-12-26,11:36:43,3.3
下游闸内水位,2022-12-26,12:19:04,3.4
下游闸外水位,2022-12-26,12:19:04,2.8
下游闸内水位,2022-12-26,12:22:16,2.8
下游闸外水位,2022-12-26,12:22:16,2.7
下游闸内水位,2022-12-26,20:50:33,4.2
下游闸外水位,2022-12-26,20:50:33,4.2
上游闸内水位,2022-12-26,20:56:16,4.1
上游闸外水位,2022-12-26,20:56:16,4.0
上游闸内水位,2022-12-26,20:58:40,4.0
上游闸外水位,2022-12-26,20:58:40,4.0
内河侧水位,2022-12-26,21:00:00,4.0
长江侧水位,2022-12-26,21:00:00,4.2
上游闸内水位,2022-12-26,21:50:40,4.0
上游闸外水位,2022-12-26,21:50:40,4.0
下游闸内水位,2022-12-26,21:53:17,4.0
下游闸外水位,2022-12-26,21:53:17,4.1
下游闸内水位,2022-12-26,21:55:09,4.0
上游闸内水位,2022-12-25,5:20:12,3.0
上游闸外水位,2022-12-25,5:20:12,3.2
上游闸内水位,2022-12-25,7:14:42,3.4
上游闸外水位,2022-12-25,7:14:42,3.3
上游闸内水位,2022-12-25,9:26:01,3.3
上游闸外水位,2022-12-25,9:26:01,3.3
下游闸内水位,2022-12-25,16:36:27,3.2
下游闸外水位,2022-12-25,16:36:27,1.8
下游闸内水位,2022-12-25,20:06:20,4.0
下游闸外水位,2022-12-25,20:06:20,4.1
上游闸内水位,2022-12-25,20:21:43,4.1
上游闸外水位,2022-12-25,20:21:43,3.9
上游闸内水位,2022-12-25,22:01:48,3.8
上游闸外水位,2022-12-25,22:01:48,3.7
上游闸内水位,2022-12-26,3:27:05,3.1
上游闸外水位,2022-12-26,3:27:05,3.3
下游闸内水位,2022-12-26,11:31:56,2.8
下游闸外水位,2022-12-26,11:31:56,2.8
上游闸内水位,2022-12-26,19:12:26,3.7
上游闸外水位,2022-12-26,19:12:26,3.5
下游闸外水位,2022-12-26,21:55:09,4.1
内河侧水位,2022-12-26,22:00:00,3.9
长江侧水位,2022-12-26,22:00:00,4.0
下游闸内水位,2022-12-26,22:42:34,3.8
下游闸外水位,2022-12-26,22:42:34,3.8
上游闸内水位,2022-12-26,22:46:38,3.8
上游闸外水位,2022-12-26,22:46:38,3.6
上游闸内水位,2022-12-26,22:48:35,3.7
上游闸外水位,2022-12-26,22:48:35,3.6
内河侧水位,2022-12-26,23:00:00,3.6
长江侧水位,2022-12-26,23:00:00,3.7
上游闸内水位,2022-12-26,23:20:53,3.7
上游闸外水位,2022-12-26,23:20:53,3.6
下游闸内水位,2022-12-26,23:24:13,3.6
下游闸外水位,2022-12-26,23:24:13,3.5
下游闸内水位,2022-12-26,23:25:47,3.5
下游闸外水位,2022-12-26,23:25:47,3.5
下游闸内水位,2022-12-26,23:36:35,3.4
下游闸外水位,2022-12-26,23:36:35,3.4
上游闸内水位,2022-12-26,23:39:15,3.4
上游闸外水位,2022-12-26,23:39:15,3.5
上游闸内水位,2022-12-26,23:41:09,3.5
上游闸外水位,2022-12-26,23:41:09,3.5
上游闸内水位,2022-12-26,23:55:50,3.6
上游闸外水位,2022-12-26,23:55:50,3.5
下游闸内水位,2022-12-26,23:58:28,3.6
下游闸外水位,2022-12-26,23:58:28,3.2
内河侧水位,2022-12-27,0:00:00,3.4
长江侧水位,2022-12-27,0:00:00,3.3
下游闸内水位,2022-12-27,0:00:02,3.4
下游闸外水位,2022-12-27,0:00:02,3.3
上游闸内水位,2022-12-27,0:53:32,3.3
上游闸外水位,2022-12-27,0:53:32,3.3
内河侧水位,2022-12-27,1:00:00,3.3
长江侧水位,2022-12-27,1:00:00,2.9
上游闸内水位,2022-12-27,1:27:51,3.5
上游闸外水位,2022-12-27,1:27:51,3.4
下游闸内水位,2022-12-27,1:30:36,3.4
下游闸外水位,2022-12-27,1:30:36,2.8
下游闸内水位,2022-12-27,1:37:23,2.8
下游闸外水位,2022-12-27,1:37:23,2.8
上游闸内水位,2022-12-27,2:50:53,3.4
上游闸外水位,2022-12-27,2:50:53,3.3
下游闸内水位,2022-12-27,2:56:56,2.7
下游闸外水位,2022-12-27,2:56:56,2.5
内河侧水位,2022-12-27,3:00:00,3.3
长江侧水位,2022-12-27,3:00:00,2.5
下游闸内水位,2022-12-27,3:26:49,2.5
下游闸外水位,2022-12-27,3:26:49,2.5
上游闸内水位,2022-12-27,3:33:00,2.4
上游闸外水位,2022-12-27,3:33:00,3.4
上游闸内水位,2022-12-27,3:36:13,3.3
上游闸外水位,2022-12-27,3:36:13,3.3
下游闸内水位,2022-12-27,3:59:58,3.4
下游闸外水位,2022-12-27,3:59:58,2.4
内河侧水位,2022-12-27,4:00:00,3.4
长江侧水位,2022-12-27,4:00:00,2.4
下游闸内水位,2022-12-27,4:04:13,2.5
下游闸外水位,2022-12-27,4:04:13,2.4
下游闸内水位,2022-12-27,15:34:40,2.2
下游闸外水位,2022-12-27,15:34:40,2.2
内河侧水位,2022-12-28,0:00:00,3.6
长江侧水位,2022-12-28,0:00:00,3.5
下游闸内水位,2022-12-28,0:20:07,3.4
下游闸外水位,2022-12-28,0:20:07,3.4
上游闸内水位,2022-12-28,0:22:49,3.4
上游闸外水位,2022-12-28,0:22:49,3.5
内河侧水位,2022-12-25,9:00:00,3.3
长江侧水位,2022-12-25,9:00:00,3.3
下游闸内水位,2022-12-25,9:19:25,3.1
下游闸外水位,2022-12-25,9:19:25,3.1
上游闸内水位,2022-12-25,9:23:46,3.1
上游闸外水位,2022-12-25,9:23:46,3.3
内河侧水位,2022-12-25,10:00:00,3.3
长江侧水位,2022-12-25,10:00:00,2.9
上游闸内水位,2022-12-25,10:08:36,3.3
上游闸外水位,2022-12-25,10:08:36,3.2
下游闸内水位,2022-12-25,10:11:14,3.4
下游闸外水位,2022-12-25,10:11:14,2.9
下游闸内水位,2022-12-25,10:13:52,3.0
下游闸外水位,2022-12-25,10:13:52,2.8
上游闸内水位,2022-12-25,10:59:30,2.6
上游闸外水位,2022-12-25,10:59:30,3.3
内河侧水位,2022-12-25,11:00:00,3.2
长江侧水位,2022-12-25,11:00:00,2.6
上游闸内水位,2022-12-25,11:01:42,3.1
上游闸外水位,2022-12-25,11:01:42,3.2
上游闸内水位,2022-12-25,11:18:59,3.3
上游闸外水位,2022-12-25,11:18:59,3.2
下游闸内水位,2022-12-25,11:21:32,3.3
下游闸外水位,2022-12-25,11:21:32,2.5
内河侧水位,2022-12-25,12:00:00,3.3
长江侧水位,2022-12-25,12:00:00,2.4
下游闸内水位,2022-12-25,12:00:52,2.4
下游闸外水位,2022-12-25,12:00:52,2.4
上游闸内水位,2022-12-25,12:06:23,3.0
上游闸外水位,2022-12-25,12:06:23,3.1
上游闸内水位,2022-12-25,12:25:46,3.3
上游闸外水位,2022-12-25,12:25:46,3.3
下游闸内水位,2022-12-25,12:28:19,3.3
下游闸外水位,2022-12-25,12:28:19,2.3
下游闸内水位,2022-12-25,12:31:54,2.5
下游闸外水位,2022-12-25,12:31:54,2.3
上游闸内水位,2022-12-25,13:27:38,3.3
上游闸外水位,2022-12-25,13:27:38,3.2
下游闸内水位,2022-12-25,13:31:24,3.3
下游闸外水位,2022-12-25,13:31:24,2.2
下游闸内水位,2022-12-25,13:35:52,2.2
下游闸外水位,2022-12-25,13:35:52,2.1
内河侧水位,2022-12-25,14:00:00,3.2
长江侧水位,2022-12-25,14:00:00,2.2
下游闸内水位,2022-12-25,14:06:04,2.1
下游闸外水位,2022-12-25,14:06:04,2.1
上游闸内水位,2022-12-25,14:08:42,2.1
上游闸外水位,2022-12-25,14:08:42,3.2
上游闸内水位,2022-12-25,14:11:46,3.0
上游闸外水位,2022-12-25,14:11:46,3.1
内河侧水位,2022-12-25,15:00:00,3.2
长江侧水位,2022-12-25,15:00:00,2.0
上游闸内水位,2022-12-25,15:02:27,3.3
上游闸外水位,2022-12-25,15:02:27,3.2
下游闸内水位,2022-12-25,15:06:00,3.3
下游闸外水位,2022-12-25,15:06:00,1.9
下游闸内水位,2022-12-25,15:10:27,2.1
下游闸外水位,2022-12-25,15:10:27,1.9
内河侧水位,2022-12-25,16:00:00,3.3
长江侧水位,2022-12-25,16:00:00,1.8
下游闸内水位,2022-12-25,16:08:16,1.7
下游闸外水位,2022-12-25,16:08:16,1.7
上游闸内水位,2022-12-25,16:11:01,1.8
上游闸外水位,2022-12-25,16:11:01,3.2
上游闸内水位,2022-12-25,16:14:35,3.1
上游闸外水位,2022-12-25,16:14:35,3.2
上游闸内水位,2022-12-25,16:33:56,3.3
上游闸外水位,2022-12-25,16:33:56,3.2
下游闸内水位,2022-12-25,16:42:38,1.8
下游闸外水位,2022-12-25,16:42:38,1.8
内河侧水位,2022-12-25,17:00:00,3.2
长江侧水位,2022-12-25,17:00:00,2.1
下游闸内水位,2022-12-25,17:09:43,2.4
下游闸外水位,2022-12-25,17:09:43,2.4
上游闸内水位,2022-12-25,17:12:25,2.4
上游闸外水位,2022-12-25,17:12:25,3.3
上游闸内水位,2022-12-25,17:14:59,3.0
上游闸外水位,2022-12-25,17:14:59,3.2
上游闸内水位,2022-12-25,17:32:15,3.3
上游闸外水位,2022-12-25,17:32:15,3.1
下游闸内水位,2022-12-25,17:33:43,3.4
下游闸外水位,2022-12-25,17:33:43,3.0
上游闸内水位,2022-12-25,17:50:16,3.1
上游闸外水位,2022-12-25,17:50:16,3.3
上游闸内水位,2022-12-25,17:52:15,3.3
上游闸外水位,2022-12-25,17:52:15,3.3
内河侧水位,2022-12-25,18:00:00,3.3
长江侧水位,2022-12-25,18:00:00,3.4
内河侧水位,2022-12-25,19:00:00,3.8
长江侧水位,2022-12-25,19:00:00,3.9
下游闸内水位,2022-12-25,19:19:27,4.0
下游闸外水位,2022-12-25,19:19:27,4.0
内河侧水位,2022-12-25,20:00:00,3.9
长江侧水位,2022-12-25,20:00:00,4.2
上游闸内水位,2022-12-25,20:01:55,4.0
上游闸外水位,2022-12-25,20:01:55,3.9
上游闸内水位,2022-12-25,20:03:43,4.0
上游闸外水位,2022-12-25,20:03:43,3.9
下游闸内水位,2022-12-25,20:07:55,4.1
下游闸外水位,2022-12-25,20:07:55,4.1
下游闸内水位,2022-12-25,20:18:59,4.2
下游闸外水位,2022-12-25,20:18:59,4.2
上游闸内水位,2022-12-25,20:23:42,4.0
上游闸外水位,2022-12-25,20:23:42,3.9
上游闸内水位,2022-12-25,20:49:43,4.0
上游闸外水位,2022-12-25,20:49:43,3.9
下游闸内水位,2022-12-25,20:52:57,4.0
下游闸外水位,2022-12-25,20:52:57,4.1
下游闸内水位,2022-12-25,20:54:31,4.1
下游闸外水位,2022-12-25,20:54:31,4.1
内河侧水位,2022-12-25,21:00:00,3.9
长江侧水位,2022-12-25,21:00:00,4.0
下游闸内水位,2022-12-25,21:27:50,3.9
下游闸外水位,2022-12-25,21:27:50,4.0
上游闸内水位,2022-12-25,21:30:43,3.9
上游闸外水位,2022-12-25,21:30:43,3.8
上游闸内水位,2022-12-25,21:32:38,3.9
上游闸外水位,2022-12-25,21:32:38,3.8
内河侧水位,2022-12-25,22:00:00,3.7
长江侧水位,2022-12-25,22:00:00,3.8
下游闸内水位,2022-12-25,22:04:24,3.8
下游闸外水位,2022-12-25,22:04:24,3.7
下游闸内水位,2022-12-25,22:05:57,3.7
下游闸外水位,2022-12-25,22:05:57,3.7
下游闸内水位,2022-12-25,22:37:49,3.4
下游闸外水位,2022-12-25,22:37:49,3.5
上游闸内水位,2022-12-25,22:42:18,3.5
上游闸外水位,2022-12-25,22:42:18,3.5
上游闸内水位,2022-12-25,22:44:19,3.6
上游闸外水位,2022-12-25,22:44:19,3.5
内河侧水位,2022-12-26,0:00:00,3.4
长江侧水位,2022-12-26,0:00:00,3.0
下游闸内水位,2022-12-26,0:08:48,2.9
下游闸外水位,2022-12-26,0:08:48,2.9
上游闸内水位,2022-12-26,0:11:34,2.9
上游闸外水位,2022-12-26,0:11:34,3.4
上游闸内水位,2022-12-26,0:14:58,3.5
上游闸外水位,2022-12-26,0:14:58,3.4
下游闸内水位,2022-12-26,9:54:33,3.4
下游闸外水位,2022-12-26,9:54:33,3.4
内河侧水位,2022-12-26,10:00:00,3.4
长江侧水位,2022-12-26,10:00:00,3.3
上游闸内水位,2022-12-26,10:41:26,3.5
上游闸外水位,2022-12-26,10:41:26,3.4
上游闸内水位,2022-12-26,10:42:46,3.5
上游闸外水位,2022-12-26,10:42:46,3.4
下游闸内水位,2022-12-26,10:44:21,3.4
下游闸外水位,2022-12-26,10:44:21,3.2
下游闸内水位,2022-12-26,10:46:01,3.3
下游闸外水位,2022-12-26,10:46:01,3.2
内河侧水位,2022-12-26,12:00:00,3.4
长江侧水位,2022-12-26,12:00:00,2.8
上游闸内水位,2022-12-26,12:16:33,3.4
上游闸外水位,2022-12-26,12:16:33,3.3
内河侧水位,2022-12-26,13:00:00,3.3
长江侧水位,2022-12-26,13:00:00,2.6
下游闸内水位,2022-12-26,13:00:27,2.6
下游闸外水位,2022-12-26,13:00:27,2.6
下游闸内水位,2022-12-26,13:02:13,2.5
下游闸外水位,2022-12-26,13:02:13,2.6
上游闸内水位,2022-12-26,13:03:21,2.5
上游闸外水位,2022-12-26,13:03:21,3.3
上游闸内水位,2022-12-26,13:05:56,3.1
上游闸外水位,2022-12-26,13:05:56,3.3
上游闸内水位,2022-12-26,13:52:10,3.4
上游闸外水位,2022-12-26,13:52:10,3.3
下游闸内水位,2022-12-26,13:54:48,3.4
下游闸外水位,2022-12-26,13:54:48,2.5
下游闸内水位,2022-12-26,13:58:32,2.6
下游闸外水位,2022-12-26,13:58:32,2.4
内河侧水位,2022-12-26,14:00:00,3.3
长江侧水位,2022-12-26,14:00:00,2.4
下游闸内水位,2022-12-26,14:46:14,2.2
下游闸外水位,2022-12-26,14:46:14,2.2
下游闸内水位,2022-12-26,14:48:53,2.2
下游闸外水位,2022-12-26,14:48:53,2.2
上游闸内水位,2022-12-26,14:51:14,2.3
上游闸外水位,2022-12-26,14:51:14,3.3
上游闸内水位,2022-12-26,14:54:13,3.1
上游闸外水位,2022-12-26,14:54:13,3.2
内河侧水位,2022-12-26,15:00:00,3.3
长江侧水位,2022-12-26,15:00:00,2.3
上游闸内水位,2022-12-26,15:27:23,3.4
上游闸外水位,2022-12-26,15:27:23,3.3
下游闸内水位,2022-12-26,15:29:58,3.4
下游闸外水位,2022-12-26,15:29:58,2.1
下游闸内水位,2022-12-26,15:34:34,2.3
下游闸外水位,2022-12-26,15:34:34,2.1
内河侧水位,2022-12-26,16:00:00,3.3
长江侧水位,2022-12-26,16:00:00,2.1
下游闸内水位,2022-12-26,16:11:45,2.0
下游闸外水位,2022-12-26,16:11:45,2.1
上游闸内水位,2022-12-26,16:16:40,2.1
上游闸外水位,2022-12-26,16:16:40,3.3
上游闸内水位,2022-12-26,16:20:18,3.2
上游闸外水位,2022-12-26,16:20:18,3.3
上游闸内水位,2022-12-26,16:55:44,3.4
上游闸外水位,2022-12-26,16:55:44,3.3
下游闸内水位,2022-12-26,16:59:13,3.3
下游闸外水位,2022-12-26,16:59:13,2.0
内河侧水位,2022-12-26,17:00:00,3.3
长江侧水位,2022-12-26,17:00:00,2.1
下游闸内水位,2022-12-26,17:09:32,1.9
下游闸外水位,2022-12-26,17:09:32,1.9
下游闸内水位,2022-12-26,17:47:04,2.3
下游闸外水位,2022-12-26,17:47:04,2.3
上游闸内水位,2022-12-26,17:50:46,2.3
上游闸外水位,2022-12-26,17:50:46,3.3
上游闸内水位,2022-12-26,17:54:03,3.2
上游闸外水位,2022-12-26,17:54:03,3.3
内河侧水位,2022-12-26,18:00:00,3.3
长江侧水位,2022-12-26,18:00:00,2.7
上游闸内水位,2022-12-26,18:28:40,3.4
上游闸外水位,2022-12-26,18:28:40,3.3
下游闸内水位,2022-12-26,18:31:18,3.4
下游闸外水位,2022-12-26,18:31:18,3.3
下游闸内水位,2022-12-26,18:32:53,3.3
下游闸外水位,2022-12-26,18:32:53,3.3
内河侧水位,2022-12-26,19:00:00,3.4
长江侧水位,2022-12-26,19:00:00,3.6
下游闸内水位,2022-12-26,19:09:30,3.7
下游闸外水位,2022-12-26,19:09:30,3.7
上游闸内水位,2022-12-26,19:14:24,3.6
上游闸外水位,2022-12-26,19:14:24,3.5
内河侧水位,2022-12-26,20:00:00,3.8
长江侧水位,2022-12-26,20:00:00,4.0
上游闸内水位,2022-12-26,20:01:09,3.8
上游闸外水位,2022-12-26,20:01:09,3.7
下游闸内水位,2022-12-26,20:04:12,3.9
下游闸外水位,2022-12-26,20:04:12,4.0
下游闸内水位,2022-12-26,20:05:51,4.0
下游闸外水位,2022-12-26,20:05:51,4.0
下游闸内水位,2022-12-27,0:48:31,3.0
下游闸外水位,2022-12-27,0:48:31,3.0
上游闸内水位,2022-12-27,0:51:33,3.0
上游闸外水位,2022-12-27,0:51:33,3.4
内河侧水位,2022-12-27,2:00:00,3.3
长江侧水位,2022-12-27,2:00:00,2.7
下游闸内水位,2022-12-27,2:25:46,2.6
下游闸外水位,2022-12-27,2:25:46,2.7
上游闸内水位,2022-12-27,2:28:52,2.6
上游闸外水位,2022-12-27,2:28:52,3.4
上游闸内水位,2022-12-27,2:31:14,3.2
上游闸外水位,2022-12-27,2:31:14,3.2
下游闸内水位,2022-12-27,2:53:33,3.4
下游闸外水位,2022-12-27,2:53:33,2.5
上游闸内水位,2022-12-27,3:54:34,3.4
上游闸外水位,2022-12-27,3:54:34,3.3
下游闸内水位,2022-12-27,6:46:48,2.4
下游闸外水位,2022-12-27,6:46:48,2.4
下游闸内水位,2022-12-27,10:50:50,3.3
下游闸外水位,2022-12-27,10:50:50,3.3
内河侧水位,2022-12-27,11:00:00,3.2
长江侧水位,2022-12-27,11:00:00,3.3
上游闸内水位,2022-12-27,11:41:28,3.0
上游闸外水位,2022-12-27,11:41:28,3.0
内河侧水位,2022-12-27,17:00:00,3.3
长江侧水位,2022-12-27,17:00:00,2.1
下游闸内水位,2022-12-27,17:00:24,2.1
下游闸外水位,2022-12-27,17:00:24,2.1
上游闸内水位,2022-12-27,17:03:08,2.0
下游闸内水位,2022-12-27,4:36:02,2.3
下游闸外水位,2022-12-27,4:36:02,2.3
上游闸内水位,2022-12-27,4:38:56,2.3
上游闸外水位,2022-12-27,4:38:56,3.4
上游闸内水位,2022-12-27,4:42:17,3.2
上游闸外水位,2022-12-27,4:42:17,3.3
上游闸内水位,2022-12-27,4:59:40,3.4
上游闸外水位,2022-12-27,4:59:40,3.3
内河侧水位,2022-12-27,5:00:00,3.4
长江侧水位,2022-12-27,5:00:00,2.3
下游闸内水位,2022-12-27,5:02:15,3.4
下游闸外水位,2022-12-27,5:02:15,2.3
下游闸内水位,2022-12-27,5:06:46,2.3
下游闸外水位,2022-12-27,5:06:46,2.2
下游闸内水位,2022-12-27,5:42:08,2.2
下游闸外水位,2022-12-27,5:42:08,2.1
上游闸内水位,2022-12-27,5:44:46,2.2
上游闸外水位,2022-12-27,5:44:46,3.3
上游闸内水位,2022-12-27,5:48:02,3.2
上游闸外水位,2022-12-27,5:48:02,3.3
内河侧水位,2022-12-27,6:00:00,3.3
长江侧水位,2022-12-27,6:00:00,2.1
上游闸内水位,2022-12-27,6:08:24,3.4
上游闸外水位,2022-12-27,6:08:24,3.3
下游闸内水位,2022-12-27,6:10:56,3.4
下游闸外水位,2022-12-27,6:10:56,2.2
下游闸内水位,2022-12-27,6:15:47,2.2
下游闸外水位,2022-12-27,6:15:47,2.1
上游闸内水位,2022-12-27,6:49:25,2.5
上游闸外水位,2022-12-27,6:49:25,3.3
上游闸内水位,2022-12-27,6:52:29,3.2
上游闸外水位,2022-12-27,6:52:29,3.3
内河侧水位,2022-12-27,7:00:00,3.3
长江侧水位,2022-12-27,7:00:00,2.6
上游闸内水位,2022-12-27,7:09:38,3.4
上游闸外水位,2022-12-27,7:09:38,3.3
下游闸内水位,2022-12-27,7:12:09,3.4
下游闸外水位,2022-12-27,7:12:09,2.9
下游闸内水位,2022-12-27,7:15:04,3.0
下游闸外水位,2022-12-27,7:15:04,2.9
下游闸内水位,2022-12-27,7:43:29,3.2
下游闸外水位,2022-12-27,7:43:29,3.2
上游闸内水位,2022-12-27,7:45:40,3.2
上游闸外水位,2022-12-27,7:45:40,3.3
下游闸内水位,2022-12-27,7:51:24,3.5
下游闸外水位,2022-12-27,7:51:24,3.3
内河侧水位,2022-12-27,8:00:00,3.2
长江侧水位,2022-12-27,8:00:00,3.4
内河侧水位,2022-12-27,9:00:00,3.5
长江侧水位,2022-12-27,9:00:00,3.6
内河侧水位,2022-12-27,10:00:00,3.6
长江侧水位,2022-12-27,10:00:00,3.6
内河侧水位,2022-12-27,12:00:00,3.1
长江侧水位,2022-12-27,12:00:00,3.1
下游闸内水位,2022-12-27,12:12:36,2.9
下游闸外水位,2022-12-27,12:12:36,2.9
上游闸内水位,2022-12-27,12:15:14,2.9
上游闸外水位,2022-12-27,12:15:14,3.2
上游闸内水位,2022-12-27,12:17:11,3.2
上游闸外水位,2022-12-27,12:17:11,3.2
内河侧水位,2022-12-27,13:00:00,3.2
长江侧水位,2022-12-27,13:00:00,2.7
上游闸内水位,2022-12-27,13:00:37,3.3
上游闸外水位,2022-12-27,13:00:37,3.2
下游闸内水位,2022-12-27,13:03:08,3.3
下游闸外水位,2022-12-27,13:03:08,2.7
下游闸内水位,2022-12-27,13:06:00,2.8
下游闸外水位,2022-12-27,13:06:00,2.6
下游闸内水位,2022-12-27,13:43:57,2.5
下游闸外水位,2022-12-27,13:43:57,2.6
上游闸内水位,2022-12-27,13:46:35,2.6
上游闸外水位,2022-12-27,13:46:35,3.3
上游闸内水位,2022-12-27,13:48:52,3.1
上游闸外水位,2022-12-27,13:48:52,3.1
内河侧水位,2022-12-27,14:00:00,3.3
长江侧水位,2022-12-27,14:00:00,2.5
上游闸内水位,2022-12-27,14:35:11,3.4
上游闸外水位,2022-12-27,14:35:11,3.3
下游闸内水位,2022-12-27,14:39:40,3.3
下游闸外水位,2022-12-27,14:39:40,2.4
下游闸内水位,2022-12-27,14:43:16,2.6
下游闸外水位,2022-12-27,14:43:16,2.4
内河侧水位,2022-12-27,15:00:00,3.3
长江侧水位,2022-12-27,15:00:00,2.4
上游闸内水位,2022-12-27,15:37:19,2.2
上游闸外水位,2022-12-27,15:37:19,3.3
上游闸内水位,2022-12-27,15:40:19,3.1
上游闸外水位,2022-12-27,15:40:19,3.2
内河侧水位,2022-12-27,16:00:00,3.3
长江侧水位,2022-12-27,16:00:00,2.2
上游闸内水位,2022-12-27,16:10:32,3.3
上游闸外水位,2022-12-27,16:10:32,3.2
下游闸内水位,2022-12-27,16:14:13,3.3
下游闸外水位,2022-12-27,16:14:13,2.2
下游闸内水位,2022-12-27,16:18:34,2.3
下游闸外水位,2022-12-27,16:18:34,2.2
上游闸外水位,2022-12-27,17:03:08,3.2
上游闸内水位,2022-12-27,17:07:30,3.3
上游闸外水位,2022-12-27,17:07:30,3.3
上游闸内水位,2022-12-27,17:45:52,3.3
上游闸外水位,2022-12-27,17:45:52,3.3
下游闸内水位,2022-12-27,17:50:40,3.3
下游闸外水位,2022-12-27,17:50:40,2.0
下游闸内水位,2022-12-27,17:55:11,2.2
下游闸外水位,2022-12-27,17:55:11,2.1
内河侧水位,2022-12-27,18:00:00,3.3
长江侧水位,2022-12-27,18:00:00,2.0
下游闸内水位,2022-12-27,18:41:27,2.6
下游闸外水位,2022-12-27,18:41:27,2.6
上游闸内水位,2022-12-27,18:44:04,2.6
上游闸外水位,2022-12-27,18:44:04,3.3
上游闸内水位,2022-12-27,18:46:12,3.0
上游闸外水位,2022-12-27,18:46:12,3.2
内河侧水位,2022-12-27,19:00:00,3.3
长江侧水位,2022-12-27,19:00:00,2.9
下游闸内水位,2022-12-27,19:16:43,3.3
下游闸外水位,2022-12-27,19:16:43,3.2
内河侧水位,2022-12-27,20:00:00,3.6
长江侧水位,2022-12-27,20:00:00,3.7
内河侧水位,2022-12-27,21:00:00,3.9
长江侧水位,2022-12-27,21:00:00,4.0
内河侧水位,2022-12-27,22:00:00,4.0
长江侧水位,2022-12-27,22:00:00,4.1
内河侧水位,2022-12-27,23:00:00,3.8
长江侧水位,2022-12-27,23:00:00,3.9
上游闸内水位,2022-12-27,23:47:05,3.6
上游闸外水位,2022-12-27,23:47:05,3.6
上游闸内水位,2022-12-28,0:24:51,3.6
上游闸外水位,2022-12-28,0:24:51,3.5
内河侧水位,2022-12-28,1:00:00,3.5
长江侧水位,2022-12-28,1:00:00,3.2
上游闸内水位,2022-12-28,1:06:37,3.5
上游闸外水位,2022-12-28,1:06:37,3.5
下游闸内水位,2022-12-28,1:10:19,3.5
下游闸外水位,2022-12-28,1:10:19,3.1
下游闸内水位,2022-12-28,1:12:27,3.2
下游闸外水位,2022-12-28,1:12:27,3.1
上游闸内水位,2022-12-28,2:35:16,3.4
上游闸外水位,2022-12-28,2:35:16,3.4
下游闸内水位,2022-12-28,2:38:11,3.4
下游闸外水位,2022-12-28,2:38:11,2.8
下游闸内水位,2022-12-28,2:43:35,2.7
下游闸外水位,2022-12-28,2:43:35,2.7
上游闸内水位,2022-12-28,3:25:16,2.6
上游闸外水位,2022-12-28,3:25:16,3.4
内河侧水位,2022-12-28,12:00:00,3.1
长江侧水位,2022-12-28,12:00:00,3.1
上游闸内水位,2022-12-28,12:00:24,3.1
上游闸外水位,2022-12-28,12:00:24,3.1
内河侧水位,2022-12-28,13:00:00,3.3
长江侧水位,2022-12-28,13:00:00,2.8
上游闸内水位,2022-12-28,13:22:21,3.3
上游闸外水位,2022-12-28,13:22:21,3.3
下游闸内水位,2022-12-28,13:25:17,3.3
下游闸外水位,2022-12-28,13:25:17,2.7
下游闸内水位,2022-12-28,13:27:57,2.9
下游闸外水位,2022-12-28,13:27:57,2.7
上游闸内水位,2022-12-28,14:35:46,3.4
上游闸外水位,2022-12-28,14:35:46,3.3
下游闸内水位,2022-12-28,14:38:20,3.3
下游闸外水位,2022-12-28,14:38:20,2.5
下游闸内水位,2022-12-28,14:41:54,2.6
下游闸外水位,2022-12-28,14:41:54,2.4
内河侧水位,2022-12-28,15:00:00,3.3
长江侧水位,2022-12-28,15:00:00,2.5
下游闸内水位,2022-12-28,15:12:25,2.5
下游闸外水位,2022-12-28,15:12:25,2.4
上游闸内水位,2022-12-28,15:15:14,2.4
上游闸外水位,2022-12-28,15:15:14,3.3
上游闸内水位,2022-12-28,15:18:12,3.2
上游闸外水位,2022-12-28,15:18:12,3.2
上游闸内水位,2022-12-28,15:54:34,3.4
上游闸外水位,2022-12-28,15:54:34,3.3
下游闸内水位,2022-12-28,15:57:27,3.3
下游闸内水位,2022-12-28,1:47:39,2.9
下游闸外水位,2022-12-28,1:47:39,3.0
上游闸内水位,2022-12-28,1:54:42,3.4
上游闸外水位,2022-12-28,1:54:42,3.4
内河侧水位,2022-12-28,2:00:00,3.3
长江侧水位,2022-12-28,2:00:00,2.9
内河侧水位,2022-12-28,3:00:00,3.4
长江侧水位,2022-12-28,3:00:00,2.7
下游闸内水位,2022-12-28,3:21:09,2.6
下游闸外水位,2022-12-28,3:21:09,2.6
上游闸内水位,2022-12-28,3:29:10,3.4
上游闸外水位,2022-12-28,3:29:10,3.4
上游闸内水位,2022-12-28,3:47:20,3.4
上游闸外水位,2022-12-28,3:47:20,3.3
下游闸内水位,2022-12-28,3:51:13,3.4
下游闸外水位,2022-12-28,3:51:13,2.6
下游闸内水位,2022-12-28,3:55:51,2.5
下游闸外水位,2022-12-28,3:55:51,2.5
内河侧水位,2022-12-28,4:00:00,3.4
长江侧水位,2022-12-28,4:00:00,2.5
下游闸内水位,2022-12-28,4:27:40,2.4
下游闸外水位,2022-12-28,4:27:40,2.5
上游闸内水位,2022-12-28,4:30:36,2.5
上游闸外水位,2022-12-28,4:30:36,3.4
上游闸内水位,2022-12-28,4:33:32,3.2
上游闸外水位,2022-12-28,4:33:32,3.3
内河侧水位,2022-12-28,5:00:00,3.4
长江侧水位,2022-12-28,5:00:00,2.4
上游闸内水位,2022-12-28,5:08:58,3.4
上游闸外水位,2022-12-28,5:08:58,3.4
下游闸内水位,2022-12-28,5:13:42,3.4
下游闸外水位,2022-12-28,5:13:42,2.3
下游闸内水位,2022-12-28,5:17:56,2.4
下游闸外水位,2022-12-28,5:17:56,2.3
内河侧水位,2022-12-28,6:00:00,3.4
长江侧水位,2022-12-28,6:00:00,2.2
下游闸内水位,2022-12-28,6:06:18,2.2
下游闸外水位,2022-12-28,6:06:18,2.2
上游闸内水位,2022-12-28,6:09:21,2.2
上游闸外水位,2022-12-28,6:09:21,3.4
上游闸内水位,2022-12-28,6:12:53,3.2
上游闸外水位,2022-12-28,6:12:53,3.3
上游闸内水位,2022-12-28,6:48:04,3.4
上游闸外水位,2022-12-28,6:48:04,3.3
下游闸内水位,2022-12-28,6:51:44,3.4
下游闸外水位,2022-12-28,6:51:44,2.0
下游闸内水位,2022-12-28,6:58:59,2.1
下游闸外水位,2022-12-28,6:58:59,2.2
内河侧水位,2022-12-28,7:00:00,3.3
长江侧水位,2022-12-28,7:00:00,2.2
下游闸内水位,2022-12-28,7:34:02,2.4
下游闸外水位,2022-12-28,7:34:02,2.4
上游闸内水位,2022-12-28,7:37:01,2.5
上游闸外水位,2022-12-28,7:37:01,3.4
上游闸内水位,2022-12-28,7:40:09,3.2
上游闸外水位,2022-12-28,7:40:09,3.3
上游闸内水位,2022-12-28,7:58:10,3.4
上游闸外水位,2022-12-28,7:58:10,3.4
内河侧水位,2022-12-28,8:00:00,3.3
长江侧水位,2022-12-28,8:00:00,2.9
下游闸内水位,2022-12-28,8:01:54,3.3
下游闸外水位,2022-12-28,8:01:54,2.9
下游闸内水位,2022-12-28,8:04:43,3.0
下游闸外水位,2022-12-28,8:04:43,2.9
上游闸内水位,2022-12-28,8:25:55,3.2
上游闸外水位,2022-12-28,8:25:55,3.3
内河侧水位,2022-12-28,9:00:00,3.3
长江侧水位,2022-12-28,9:00:00,3.3
内河侧水位,2022-12-28,10:00:00,3.5
长江侧水位,2022-12-28,10:00:00,3.6
内河侧水位,2022-12-28,11:00:00,3.5
长江侧水位,2022-12-28,11:00:00,3.5
下游闸内水位,2022-12-28,12:38:51,3.0
下游闸外水位,2022-12-28,12:38:51,3.0
上游闸内水位,2022-12-28,12:43:23,3.0
上游闸外水位,2022-12-28,12:43:23,3.3
上游闸内水位,2022-12-28,12:45:19,3.2
上游闸外水位,2022-12-28,12:45:19,3.3
内河侧水位,2022-12-28,14:00:00,3.3
长江侧水位,2022-12-28,14:00:00,2.6
下游闸内水位,2022-12-28,14:04:35,2.6
下游闸外水位,2022-12-28,14:04:35,2.6
上游闸内水位,2022-12-28,14:07:11,2.6
上游闸外水位,2022-12-28,14:07:11,3.3
上游闸内水位,2022-12-28,14:09:36,3.1
上游闸外水位,2022-12-28,14:09:36,3.2
下游闸外水位,2022-12-28,15:57:27,2.3
上游闸内水位,2022-12-28,1:51:52,2.9
上游闸外水位,2022-12-28,1:51:52,3.4
内河侧水位,2022-12-28,16:00:00,3.3
长江侧水位,2022-12-28,16:00:00,2.3
下游闸内水位,2022-12-28,16:02:00,2.4
下游闸外水位,2022-12-28,16:02:00,2.3
下游闸内水位,2022-12-28,16:33:35,2.2
下游闸外水位,2022-12-28,16:33:35,2.2
上游闸内水位,2022-12-28,16:36:27,2.2
上游闸外水位,2022-12-28,16:36:27,3.3
上游闸内水位,2022-12-28,16:39:50,3.2
上游闸外水位,2022-12-28,16:39:50,3.3
上游闸内水位,2022-12-28,16:59:15,3.3
上游闸外水位,2022-12-28,16:59:15,3.3
内河侧水位,2022-12-28,17:00:00,3.3
长江侧水位,2022-12-28,17:00:00,2.2
下游闸内水位,2022-12-28,17:01:51,3.4
下游闸外水位,2022-12-28,17:01:51,2.2
下游闸内水位,2022-12-28,17:06:07,2.3
下游闸外水位,2022-12-28,17:06:07,2.2
下游闸内水位,2022-12-28,17:37:01,2.1
下游闸外水位,2022-12-28,17:37:01,2.1
上游闸内水位,2022-12-28,17:39:47,2.1
上游闸外水位,2022-12-28,17:39:47,3.3
上游闸内水位,2022-12-28,17:43:18,3.2
上游闸外水位,2022-12-28,17:43:18,3.3
上游闸内水位,2022-12-28,17:59:29,3.4
上游闸外水位,2022-12-28,17:59:29,3.3
内河侧水位,2022-12-28,18:00:00,3.3
长江侧水位,2022-12-28,18:00:00,2.1
下游闸内水位,2022-12-28,18:04:09,3.3
下游闸外水位,2022-12-28,18:04:09,2.2
下游闸内水位,2022-12-28,18:08:38,2.2
下游闸外水位,2022-12-28,18:08:38,2.1
下游闸内水位,2022-12-28,18:34:53,1.9
下游闸外水位,2022-12-28,18:34:53,2.0
上游闸内水位,2022-12-28,18:37:41,2.0
上游闸外水位,2022-12-28,18:37:41,3.3
上游闸内水位,2022-12-28,18:41:02,3.1
上游闸外水位,2022-12-28,18:41:02,3.2
上游闸内水位,2022-12-28,18:57:51,3.4
上游闸外水位,2022-12-28,18:57:51,3.3
内河侧水位,2022-12-28,19:00:00,3.3
长江侧水位,2022-12-28,19:00:00,2.2
下游闸内水位,2022-12-28,19:00:24,3.3
下游闸外水位,2022-12-28,19:00:24,2.3
下游闸内水位,2022-12-28,19:04:26,2.4
下游闸外水位,2022-12-28,19:04:26,2.3
下游闸内水位,2022-12-28,19:35:49,2.7
下游闸外水位,2022-12-28,19:35:49,2.8
上游闸内水位,2022-12-28,19:38:37,2.8
上游闸外水位,2022-12-28,19:38:37,3.3
上游闸内水位,2022-12-28,19:40:32,3.1
上游闸外水位,2022-12-28,19:40:32,3.3
下游闸内水位,2022-12-28,19:54:05,3.3
下游闸外水位,2022-12-28,19:54:05,3.1
内河侧水位,2022-12-28,20:00:00,3.2
长江侧水位,2022-12-28,20:00:00,3.2
内河侧水位,2022-12-28,21:00:00,3.6
长江侧水位,2022-12-28,21:00:00,3.6
内河侧水位,2022-12-28,22:00:00,3.8
长江侧水位,2022-12-28,22:00:00,3.9
下游闸内水位,2022-12-28,22:19:21,3.9
下游闸外水位,2022-12-28,22:19:21,3.9
内河侧水位,2022-12-28,23:00:00,3.9
长江侧水位,2022-12-28,23:00:00,4.0
上游闸内水位,2022-12-28,23:15:16,3.8
上游闸外水位,2022-12-28,23:15:16,3.8
下游闸内水位,2022-12-28,23:18:33,3.9
下游闸外水位,2022-12-28,23:18:33,3.9
下游闸内水位,2022-12-28,23:22:10,3.9
下游闸外水位,2022-12-28,23:22:10,3.9
内河侧水位,2022-12-29,0:00:00,3.7
长江侧水位,2022-12-29,0:00:00,3.8
下游闸内水位,2022-12-29,0:01:33,3.8
下游闸外水位,2022-12-29,0:01:33,3.8
上游闸内水位,2022-12-29,0:05:16,3.7
上游闸外水位,2022-12-29,0:05:16,3.7
上游闸内水位,2022-12-29,0:07:27,3.7
上游闸外水位,2022-12-29,0:07:27,3.7
上游闸内水位,2022-12-29,0:39:36,3.6
上游闸外水位,2022-12-29,0:39:36,3.6
下游闸内水位,2022-12-29,0:42:16,3.6
下游闸外水位,2022-12-29,0:42:16,3.5
下游闸内水位,2022-12-29,0:43:52,3.5
下游闸外水位,2022-12-29,0:43:52,3.5
内河侧水位,2022-12-29,1:00:00,3.5
长江侧水位,2022-12-29,1:00:00,3.3
下游闸内水位,2022-12-29,1:13:11,3.2
下游闸外水位,2022-12-29,1:13:11,3.3
上游闸内水位,2022-12-29,1:15:48,3.2
上游闸外水位,2022-12-29,1:15:48,3.5
上游闸内水位,2022-12-29,1:17:49,3.4
上游闸外水位,2022-12-29,1:17:49,3.4
上游闸内水位,2022-12-29,1:53:09,3.5
上游闸外水位,2022-12-29,1:53:09,3.4
上游闸内水位,2022-12-29,1:55:20,3.4
上游闸外水位,2022-12-29,1:55:20,3.4
下游闸内水位,2022-12-29,1:57:52,3.4
下游闸外水位,2022-12-29,1:57:52,3.0
内河侧水位,2022-12-29,2:00:00,3.4
长江侧水位,2022-12-29,2:00:00,3.0
下游闸内水位,2022-12-29,2:00:03,3.2
下游闸外水位,2022-12-29,2:00:03,3.0
下游闸内水位,2022-12-29,2:32:53,2.9
下游闸外水位,2022-12-29,2:32:53,2.9
上游闸内水位,2022-12-29,2:35:54,2.9
上游闸外水位,2022-12-29,2:35:54,3.4
上游闸内水位,2022-12-29,2:38:09,3.3
上游闸外水位,2022-12-29,2:38:09,3.4
内河侧水位,2022-12-29,3:00:00,3.3
长江侧水位,2022-12-29,3:00:00,2.8
上游闸内水位,2022-12-29,3:17:02,3.4
上游闸外水位,2022-12-29,3:17:02,3.4
下游闸内水位,2022-12-29,3:19:36,3.4
下游闸外水位,2022-12-29,3:19:36,2.7
下游闸内水位,2022-12-29,3:22:54,2.8
下游闸外水位,2022-12-29,3:22:54,2.7
内河侧水位,2022-12-29,4:00:00,3.4
长江侧水位,2022-12-29,4:00:00,2.6
下游闸内水位,2022-12-29,4:05:02,2.6
下游闸外水位,2022-12-29,4:05:02,2.6
上游闸内水位,2022-12-29,4:07:59,2.5
上游闸外水位,2022-12-29,4:07:59,3.4
上游闸内水位,2022-12-29,4:10:53,3.2
上游闸外水位,2022-12-29,4:10:53,3.3
上游闸内水位,2022-12-29,4:46:39,3.4
上游闸外水位,2022-12-29,4:46:39,3.4
下游闸内水位,2022-12-29,4:49:22,3.4
下游闸外水位,2022-12-29,4:49:22,2.5
下游闸内水位,2022-12-29,4:53:24,2.6
下游闸外水位,2022-12-29,4:53:24,2.4
内河侧水位,2022-12-29,5:00:00,3.4
长江侧水位,2022-12-29,5:00:00,2.4
下游闸内水位,2022-12-29,5:34:07,2.4
下游闸外水位,2022-12-29,5:34:07,2.4
上游闸内水位,2022-12-29,5:36:50,2.4
上游闸外水位,2022-12-29,5:36:50,3.4
上游闸内水位,2022-12-29,5:40:08,3.2
上游闸外水位,2022-12-29,5:40:08,3.3
内河侧水位,2022-12-29,6:00:00,3.4
长江侧水位,2022-12-29,6:00:00,2.4
上游闸内水位,2022-12-29,6:15:43,3.3
上游闸外水位,2022-12-29,6:15:43,3.3
下游闸内水位,2022-12-29,6:18:25,3.4
下游闸外水位,2022-12-29,6:18:25,2.3
下游闸内水位,2022-12-29,6:23:15,2.3
下游闸外水位,2022-12-29,6:23:15,2.2
内河侧水位,2022-12-29,7:00:00,3.3
长江侧水位,2022-12-29,7:00:00,2.2
下游闸内水位,2022-12-29,7:05:16,2.2
下游闸外水位,2022-12-29,7:05:16,2.1
上游闸内水位,2022-12-29,7:08:43,2.1
上游闸外水位,2022-12-29,7:08:43,3.3
上游闸内水位,2022-12-29,7:12:05,3.1
上游闸外水位,2022-12-29,7:12:05,3.3
上游闸内水位,2022-12-29,7:45:32,3.4
上游闸外水位,2022-12-29,7:45:32,3.4
下游闸内水位,2022-12-29,7:48:36,3.4
下游闸外水位,2022-12-29,7:48:36,2.1
下游闸内水位,2022-12-29,7:52:54,2.3
下游闸外水位,2022-12-29,7:52:54,2.2
内河侧水位,2022-12-29,8:00:00,3.3
长江侧水位,2022-12-29,8:00:00,2.2
下游闸内水位,2022-12-29,8:25:23,2.4
下游闸外水位,2022-12-29,8:25:23,2.4
上游闸内水位,2022-12-29,8:28:22,2.4
上游闸外水位,2022-12-29,8:28:22,3.3
上游闸内水位,2022-12-29,8:31:19,3.1
上游闸外水位,2022-12-29,8:31:19,3.3
内河侧水位,2022-12-29,9:00:00,3.3
长江侧水位,2022-12-29,9:00:00,2.9
上游闸内水位,2022-12-29,9:01:15,3.3
上游闸外水位,2022-12-29,9:01:15,3.3
下游闸内水位,2022-12-29,9:04:14,3.4
下游闸外水位,2022-12-29,9:04:14,2.9
下游闸内水位,2022-12-29,9:06:29,3.0
下游闸外水位,2022-12-29,9:06:29,2.9
上游闸内水位,2022-12-29,9:14:57,3.1
上游闸外水位,2022-12-29,9:14:57,3.2
内河侧水位,2022-12-29,10:00:00,3.3
长江侧水位,2022-12-29,10:00:00,3.3
内河侧水位,2022-12-29,11:00:00,3.4
长江侧水位,2022-12-29,11:00:00,3.4
下游闸内水位,2022-12-29,11:56:38,3.4
下游闸外水位,2022-12-29,11:56:38,3.4
内河侧水位,2022-12-29,12:00:00,3.4
长江侧水位,2022-12-29,12:00:00,3.3
上游闸内水位,2022-12-29,12:40:11,3.4
上游闸外水位,2022-12-29,12:40:11,3.4
下游闸内水位,2022-12-29,12:42:45,3.4
下游闸外水位,2022-12-29,12:42:45,3.1
下游闸内水位,2022-12-29,12:44:35,3.2
下游闸外水位,2022-12-29,12:44:35,3.1
内河侧水位,2022-12-29,13:00:00,3.3
长江侧水位,2022-12-29,13:00:00,3.0
下游闸内水位,2022-12-29,13:09:37,3.0
下游闸外水位,2022-12-29,13:09:37,3.0
上游闸内水位,2022-12-29,13:12:12,3.0
上游闸外水位,2022-12-29,13:12:12,3.3
上游闸内水位,2022-12-29,13:14:24,3.3
上游闸外水位,2022-12-29,13:14:24,3.3
上游闸内水位,2022-12-29,13:34:47,3.3
上游闸外水位,2022-12-29,13:34:47,3.3
下游闸内水位,2022-12-29,13:37:19,3.3
下游闸外水位,2022-12-29,13:37:19,2.9
下游闸内水位,2022-12-29,13:40:08,2.9
下游闸外水位,2022-12-29,13:40:08,2.8
内河侧水位,2022-12-29,14:00:00,3.3
长江侧水位,2022-12-29,14:00:00,2.8
下游闸内水位,2022-12-29,14:08:36,2.7
下游闸外水位,2022-12-29,14:08:36,2.7
上游闸内水位,2022-12-29,14:11:11,2.6
上游闸外水位,2022-12-29,14:11:11,3.3
上游闸内水位,2022-12-29,14:13:27,3.1
上游闸外水位,2022-12-29,14:13:27,3.2
上游闸内水位,2022-12-29,14:44:18,3.3
上游闸外水位,2022-12-29,14:44:18,3.3
下游闸内水位,2022-12-29,14:46:53,3.4
下游闸外水位,2022-12-29,14:46:53,2.6
下游闸内水位,2022-12-29,14:50:24,2.7
下游闸外水位,2022-12-29,14:50:24,2.5
内河侧水位,2022-12-29,15:00:00,3.3
长江侧水位,2022-12-29,15:00:00,2.6
下游闸内水位,2022-12-29,15:20:51,2.4
下游闸外水位,2022-12-29,15:20:51,2.5
上游闸内水位,2022-12-29,15:23:35,2.4
上游闸外水位,2022-12-29,15:23:35,3.3
上游闸内水位,2022-12-29,15:26:24,3.1
上游闸外水位,2022-12-29,15:26:24,3.2
上游闸内水位,2022-12-29,15:48:41,3.3
上游闸外水位,2022-12-29,15:48:41,3.3
下游闸内水位,2022-12-29,15:51:20,3.3
下游闸外水位,2022-12-29,15:51:20,2.4
下游闸内水位,2022-12-29,15:55:10,2.5
下游闸外水位,2022-12-29,15:55:10,2.4
内河侧水位,2022-12-29,16:00:00,3.3
长江侧水位,2022-12-29,16:00:00,2.4
下游闸内水位,2022-12-29,16:23:59,2.4
下游闸外水位,2022-12-29,16:23:59,2.4
下游闸内水位,2022-12-29,16:27:10,2.3
下游闸外水位,2022-12-29,16:27:10,2.3
下游闸内水位,2022-12-29,16:27:30,2.3
下游闸外水位,2022-12-29,16:27:30,2.3
上游闸内水位,2022-12-29,16:27:45,2.3
上游闸外水位,2022-12-29,16:27:45,3.3
上游闸内水位,2022-12-29,16:30:40,3.1
上游闸外水位,2022-12-29,16:30:40,3.2
上游闸内水位,2022-12-29,16:51:58,3.3
上游闸外水位,2022-12-29,16:51:58,3.3
下游闸内水位,2022-12-29,16:55:48,3.3
下游闸外水位,2022-12-29,16:55:48,2.2
内河侧水位,2022-12-29,17:00:00,3.3
长江侧水位,2022-12-29,17:00:00,2.3
下游闸内水位,2022-12-29,17:00:06,2.4
下游闸外水位,2022-12-29,17:00:06,2.3
下游闸内水位,2022-12-29,17:28:34,2.2
下游闸外水位,2022-12-29,17:28:34,2.2
上游闸内水位,2022-12-29,17:31:29,2.2
上游闸外水位,2022-12-29,17:31:29,3.3
上游闸内水位,2022-12-29,17:38:01,3.4
上游闸外水位,2022-12-29,17:38:01,3.3
内河侧水位,2022-12-29,18:00:00,3.3
长江侧水位,2022-12-29,18:00:00,2.2
上游闸内水位,2022-12-29,18:07:17,3.4
上游闸外水位,2022-12-29,18:07:17,3.3
下游闸内水位,2022-12-29,18:10:17,3.3
下游闸外水位,2022-12-29,18:10:17,2.1
下游闸内水位,2022-12-29,18:14:36,2.3
下游闸外水位,2022-12-29,18:14:36,2.2
下游闸内水位,2022-12-29,18:51:22,2.1
下游闸外水位,2022-12-29,18:51:22,2.1
上游闸内水位,2022-12-29,18:54:07,2.1
上游闸外水位,2022-12-29,18:54:07,3.3
上游闸内水位,2022-12-29,18:57:32,3.1
上游闸外水位,2022-12-29,18:57:32,3.2
内河侧水位,2022-12-29,19:00:00,3.3
长江侧水位,2022-12-29,19:00:00,2.1
上游闸内水位,2022-12-29,19:15:41,3.3
上游闸外水位,2022-12-29,19:15:41,3.3
下游闸内水位,2022-12-29,19:18:46,3.3
下游闸外水位,2022-12-29,19:18:46,2.1
下游闸内水位,2022-12-29,19:23:29,2.1
下游闸外水位,2022-12-29,19:23:29,2.0
下游闸内水位,2022-12-29,19:53:40,2.3
下游闸外水位,2022-12-29,19:53:40,2.3
上游闸内水位,2022-12-29,19:56:25,2.4
上游闸外水位,2022-12-29,19:56:25,3.3
上游闸内水位,2022-12-29,19:59:24,3.2
上游闸外水位,2022-12-29,19:59:24,3.3
内河侧水位,2022-12-29,20:00:00,3.3
长江侧水位,2022-12-29,20:00:00,2.4
上游闸内水位,2022-12-29,20:18:06,3.4
上游闸外水位,2022-12-29,20:18:06,3.3
下游闸内水位,2022-12-29,20:20:45,3.3
下游闸外水位,2022-12-29,20:20:45,2.7
下游闸内水位,2022-12-29,20:23:45,2.8
下游闸外水位,2022-12-29,20:23:45,2.7
下游闸内水位,2022-12-29,20:57:17,3.1
下游闸外水位,2022-12-29,20:57:17,3.1
上游闸内水位,2022-12-29,20:59:56,3.1
上游闸外水位,2022-12-29,20:59:56,3.3
内河侧水位,2022-12-29,21:00:00,3.3
长江侧水位,2022-12-29,21:00:00,3.1
上游闸内水位,2022-12-29,21:02:35,3.3
上游闸外水位,2022-12-29,21:02:35,3.3
下游闸内水位,2022-12-29,21:19:05,3.3
下游闸外水位,2022-12-29,21:19:05,3.3
内河侧水位,2022-12-29,22:00:00,3.5
长江侧水位,2022-12-29,22:00:00,3.5
内河侧水位,2022-12-29,23:00:00,3.7
长江侧水位,2022-12-29,23:00:00,3.7
内河侧水位,2022-12-30,0:00:00,3.6
长江侧水位,2022-12-30,0:00:00,3.7
内河侧水位,2022-12-30,1:00:00,3.3
长江侧水位,2022-12-30,1:00:00,3.4
上游闸内水位,2022-12-30,1:17:11,3.2
上游闸外水位,2022-12-30,1:17:11,3.2
下游闸内水位,2022-12-30,1:54:53,3.1
下游闸外水位,2022-12-30,1:54:53,3.1
上游闸内水位,2022-12-30,1:57:30,3.1
上游闸外水位,2022-12-30,1:57:30,3.3
上游闸内水位,2022-12-30,8:59:19,3.3
上游闸外水位,2022-12-30,8:59:19,3.3
内河侧水位,2022-12-30,9:00:00,3.2
长江侧水位,2022-12-30,9:00:00,2.2
下游闸内水位,2022-12-30,9:02:02,3.3
下游闸外水位,2022-12-30,9:02:02,2.2
下游闸内水位,2022-12-30,9:06:48,2.3
下游闸外水位,2022-12-30,9:06:48,2.3
下游闸内水位,2022-12-30,9:42:12,2.7
下游闸外水位,2022-12-30,9:42:12,2.7
上游闸内水位,2022-12-30,9:44:59,2.8
上游闸外水位,2022-12-30,9:44:59,3.3
上游闸内水位,2022-12-30,9:47:25,3.2
上游闸外水位,2022-12-30,9:47:25,3.3
内河侧水位,2022-12-30,10:00:00,3.3
长江侧水位,2022-12-30,10:00:00,2.9
上游闸内水位,2022-12-30,10:11:00,3.3
上游闸外水位,2022-12-30,10:11:00,3.3
上游闸内水位,2022-12-30,10:14:22,3.3
上游闸外水位,2022-12-30,10:14:22,3.3
下游闸内水位,2022-12-30,10:14:24,3.3
下游闸外水位,2022-12-30,10:14:24,3.0
内河侧水位,2022-12-30,13:00:00,3.4
长江侧水位,2022-12-30,13:00:00,3.4
上游闸内水位,2022-12-30,13:16:46,3.3
上游闸外水位,2022-12-30,13:16:46,3.3
上游闸内水位,2022-12-30,1:59:58,3.4
上游闸外水位,2022-12-30,1:59:58,3.3
内河侧水位,2022-12-30,2:00:00,3.3
长江侧水位,2022-12-30,2:00:00,3.0
上游闸内水位,2022-12-30,2:35:31,3.4
上游闸外水位,2022-12-30,2:35:31,3.3
下游闸内水位,2022-12-30,2:38:48,3.4
下游闸外水位,2022-12-30,2:38:48,2.9
下游闸内水位,2022-12-30,2:42:21,2.9
下游闸外水位,2022-12-30,2:42:21,2.8
内河侧水位,2022-12-30,3:00:00,3.3
长江侧水位,2022-12-30,3:00:00,2.8
下游闸内水位,2022-12-30,3:24:24,2.7
下游闸外水位,2022-12-30,3:24:24,2.7
上游闸内水位,2022-12-30,3:27:00,2.7
上游闸外水位,2022-12-30,3:27:00,3.3
上游闸内水位,2022-12-30,3:29:45,3.2
上游闸外水位,2022-12-30,3:29:45,3.2
内河侧水位,2022-12-30,4:00:00,3.3
长江侧水位,2022-12-30,4:00:00,2.6
上游闸内水位,2022-12-30,4:09:04,3.4
上游闸外水位,2022-12-30,4:09:04,3.3
下游闸内水位,2022-12-30,4:12:09,3.4
下游闸外水位,2022-12-30,4:12:09,2.5
下游闸内水位,2022-12-30,4:15:56,2.7
下游闸外水位,2022-12-30,4:15:56,2.6
下游闸内水位,2022-12-30,4:54:04,2.5
下游闸外水位,2022-12-30,4:54:04,2.5
上游闸内水位,2022-12-30,4:56:47,2.5
上游闸外水位,2022-12-30,4:56:47,3.3
内河侧水位,2022-12-30,5:00:00,3.2
长江侧水位,2022-12-30,5:00:00,2.4
上游闸内水位,2022-12-30,5:00:08,3.3
上游闸外水位,2022-12-30,5:00:08,3.2
上游闸内水位,2022-12-30,5:38:25,3.4
上游闸外水位,2022-12-30,5:38:25,3.3
下游闸内水位,2022-12-30,5:41:34,3.3
下游闸外水位,2022-12-30,5:41:34,2.3
下游闸内水位,2022-12-30,5:45:51,2.4
下游闸外水位,2022-12-30,5:45:51,2.4
内河侧水位,2022-12-30,6:00:00,3.3
长江侧水位,2022-12-30,6:00:00,2.2
下游闸内水位,2022-12-30,6:33:43,2.3
下游闸外水位,2022-12-30,6:33:43,2.3
上游闸内水位,2022-12-30,6:36:32,2.2
上游闸外水位,2022-12-30,6:36:32,3.3
上游闸内水位,2022-12-30,6:40:00,3.2
上游闸外水位,2022-12-30,6:40:00,3.2
内河侧水位,2022-12-30,7:00:00,3.2
长江侧水位,2022-12-30,7:00:00,2.2
上游闸内水位,2022-12-30,7:16:31,3.3
上游闸外水位,2022-12-30,7:16:31,3.3
下游闸内水位,2022-12-30,7:19:31,3.4
下游闸外水位,2022-12-30,7:19:31,2.2
下游闸内水位,2022-12-30,7:24:44,2.2
下游闸外水位,2022-12-30,7:24:44,2.1
内河侧水位,2022-12-30,8:00:00,3.2
长江侧水位,2022-12-30,8:00:00,2.1
下游闸内水位,2022-12-30,8:10:54,2.0
下游闸外水位,2022-12-30,8:10:54,2.1
上游闸内水位,2022-12-30,8:14:22,2.1
上游闸外水位,2022-12-30,8:14:22,3.3
上游闸内水位,2022-12-30,8:17:42,3.1
上游闸外水位,2022-12-30,8:17:42,3.2
内河侧水位,2022-12-30,14:00:00,3.3
长江侧水位,2022-12-30,14:00:00,2.9
下游闸内水位,2022-12-30,14:04:42,3.0
下游闸外水位,2022-12-30,14:04:42,3.0
上游闸内水位,2022-12-30,14:07:31,3.1
上游闸外水位,2022-12-30,14:07:31,3.3
上游闸内水位,2022-12-30,14:51:27,3.3
上游闸外水位,2022-12-30,14:51:27,3.3
下游闸内水位,2022-12-30,14:54:00,3.3
下游闸外水位,2022-12-30,14:54:00,2.8
下游闸内水位,2022-12-30,14:56:49,2.9
下游闸外水位,2022-12-30,14:56:49,2.7
内河侧水位,2022-12-30,15:00:00,3.3
长江侧水位,2022-12-30,15:00:00,2.8
下游闸内水位,2022-12-30,15:30:47,2.7
下游闸外水位,2022-12-30,15:30:47,2.7
上游闸内水位,2022-12-30,15:33:25,2.6
上游闸外水位,2022-12-30,15:33:25,3.3
上游闸内水位,2022-12-30,15:35:40,3.1
上游闸外水位,2022-12-30,15:35:40,3.2
内河侧水位,2022-12-30,16:00:00,3.3
长江侧水位,2022-12-30,16:00:00,2.6
上游闸内水位,2022-12-30,16:08:14,3.3
内河侧水位,2022-12-30,11:00:00,3.2
长江侧水位,2022-12-30,11:00:00,3.2
内河侧水位,2022-12-30,12:00:00,3.4
长江侧水位,2022-12-30,12:00:00,3.4
上游闸外水位,2022-12-30,16:08:14,3.3
下游闸内水位,2022-12-30,16:10:49,3.3
下游闸外水位,2022-12-30,16:10:49,2.5
下游闸内水位,2022-12-30,16:14:07,2.6
下游闸外水位,2022-12-30,16:14:07,2.5
下游闸内水位,2022-12-30,16:47:34,2.4
下游闸外水位,2022-12-30,16:47:34,2.4
上游闸内水位,2022-12-30,16:50:17,2.4
上游闸外水位,2022-12-30,16:50:17,3.3
上游闸内水位,2022-12-30,16:53:00,3.1
上游闸外水位,2022-12-30,16:53:00,3.2
内河侧水位,2022-12-30,17:00:00,3.3
长江侧水位,2022-12-30,17:00:00,2.4
上游闸内水位,2022-12-30,17:24:15,3.3
上游闸外水位,2022-12-30,17:24:15,3.3
下游闸内水位,2022-12-30,17:27:29,3.3
下游闸外水位,2022-12-30,17:27:29,2.3
下游闸内水位,2022-12-30,17:31:25,2.4
下游闸外水位,2022-12-30,17:31:25,2.3
内河侧水位,2022-12-30,18:00:00,3.3
长江侧水位,2022-12-30,18:00:00,2.3
下游闸内水位,2022-12-30,18:11:53,2.3
下游闸外水位,2022-12-30,18:11:53,2.3
上游闸内水位,2022-12-30,18:15:30,2.3
上游闸外水位,2022-12-30,18:15:30,3.3
上游闸内水位,2022-12-30,18:18:36,3.1
上游闸外水位,2022-12-30,18:18:36,3.3
上游闸内水位,2022-12-30,18:58:20,3.3
上游闸外水位,2022-12-30,18:58:20,3.3
内河侧水位,2022-12-30,19:00:00,3.3
长江侧水位,2022-12-30,19:00:00,2.2
下游闸内水位,2022-12-30,19:00:52,3.3
下游闸外水位,2022-12-30,19:00:52,2.2
下游闸内水位,2022-12-30,19:05:37,2.2
下游闸外水位,2022-12-30,19:05:37,2.2
下游闸内水位,2022-12-30,19:58:03,2.1
下游闸外水位,2022-12-30,19:58:03,2.2
内河侧水位,2022-12-30,20:00:00,3.3
长江侧水位,2022-12-30,20:00:00,2.1
上游闸内水位,2022-12-30,20:00:44,2.1
上游闸外水位,2022-12-30,20:00:44,3.3
上游闸内水位,2022-12-30,20:04:13,3.1
上游闸外水位,2022-12-30,20:04:13,3.3
上游闸内水位,2022-12-30,20:31:48,3.3
上游闸外水位,2022-12-30,20:31:48,3.3
下游闸内水位,2022-12-30,20:35:16,3.3
下游闸外水位,2022-12-30,20:35:16,2.2
下游闸内水位,2022-12-30,20:40:44,2.2
下游闸外水位,2022-12-30,20:40:44,2.2
内河侧水位,2022-12-30,21:00:00,3.3
长江侧水位,2022-12-30,21:00:00,2.5
下游闸内水位,2022-12-30,21:31:36,2.8
下游闸外水位,2022-12-30,21:31:36,2.8
上游闸内水位,2022-12-30,21:35:05,2.9
上游闸外水位,2022-12-30,21:35:05,3.3
上游闸内水位,2022-12-30,21:37:11,3.2
上游闸外水位,2022-12-30,21:37:11,3.3
下游闸内水位,2022-12-30,21:58:32,3.3
下游闸外水位,2022-12-30,21:58:32,3.1
内河侧水位,2022-12-30,22:00:00,3.2
长江侧水位,2022-12-30,22:00:00,3.1
内河侧水位,2022-12-30,23:00:00,3.4
长江侧水位,2022-12-30,23:00:00,3.4
上游闸内水位,2022-12-30,23:10:28,3.4
上游闸外水位,2022-12-30,23:10:28,3.4
下游闸内水位,2022-12-30,23:17:51,3.6
下游闸外水位,2022-12-30,23:17:51,3.5
上游闸内水位,2022-12-30,23:25:02,3.5
上游闸外水位,2022-12-30,23:25:02,3.4
上游闸内水位,2022-12-30,23:28:15,3.4
上游闸外水位,2022-12-30,23:28:15,3.4
内河侧水位,2022-12-31,0:00:00,3.5
长江侧水位,2022-12-31,0:00:00,3.6
上游闸内水位,2022-12-31,0:02:25,3.5
上游闸外水位,2022-12-31,0:02:25,3.5
下游闸内水位,2022-12-31,0:06:27,3.6
下游闸外水位,2022-12-31,0:06:27,3.6
下游闸内水位,2022-12-31,0:41:09,3.6
下游闸外水位,2022-12-31,0:41:09,3.6
上游闸内水位,2022-12-31,0:43:52,3.6
上游闸外水位,2022-12-31,0:43:52,3.5
上游闸内水位,2022-12-31,0:45:56,3.5
上游闸外水位,2022-12-31,0:45:56,3.5
上游闸内水位,2022-12-30,14:09:17,3.2
上游闸外水位,2022-12-30,14:09:17,3.3
上游闸内水位,2022-12-30,23:58:55,3.5
上游闸外水位,2022-12-30,23:58:55,3.5
下游闸内水位,2022-12-31,0:04:37,3.5
下游闸外水位,2022-12-31,0:04:37,3.6
内河侧水位,2022-12-31,3:00:00,3.3
长江侧水位,2022-12-31,3:00:00,2.9
上游闸内水位,2022-12-31,3:11:25,3.3
上游闸外水位,2022-12-31,3:11:25,3.3
下游闸内水位,2022-12-31,3:13:58,3.4
下游闸外水位,2022-12-31,3:13:58,2.9
内河侧水位,2022-12-31,4:00:00,3.3
长江侧水位,2022-12-31,4:00:00,2.7
上游闸内水位,2022-12-31,4:31:31,3.3
上游闸外水位,2022-12-31,4:31:31,3.3
下游闸内水位,2022-12-31,4:34:07,3.3
下游闸外水位,2022-12-31,4:34:07,2.6
内河侧水位,2022-12-31,5:00:00,3.3
长江侧水位,2022-12-31,5:00:00,2.5
下游闸内水位,2022-12-31,5:14:13,2.5
下游闸外水位,2022-12-31,5:14:13,2.5
内河侧水位,2022-12-31,6:00:00,3.3
长江侧水位,2022-12-31,6:00:00,2.4
下游闸内水位,2022-12-31,6:00:03,2.6
下游闸外水位,2022-12-31,6:00:03,2.4
下游闸内水位,2022-12-31,11:29:11,3.3
下游闸外水位,2022-12-31,11:29:11,3.0
内河侧水位,2022-12-31,12:00:00,3.0
长江侧水位,2022-12-31,12:00:00,3.1
下游闸内水位,2022-12-31,16:36:03,2.8
下游闸外水位,2022-12-31,16:36:03,2.7
内河侧水位,2022-12-31,1:00:00,3.5
长江侧水位,2022-12-31,1:00:00,3.5
上游闸内水位,2022-12-31,1:21:58,3.4
上游闸外水位,2022-12-31,1:21:58,3.4
下游闸内水位,2022-12-31,1:24:41,3.4
下游闸外水位,2022-12-31,1:24:41,3.5
下游闸内水位,2022-12-31,1:26:19,3.5
下游闸外水位,2022-12-31,1:26:19,3.4
内河侧水位,2022-12-31,2:00:00,3.4
长江侧水位,2022-12-31,2:00:00,3.3
下游闸内水位,2022-12-31,2:13:23,3.1
下游闸外水位,2022-12-31,2:13:23,3.1
上游闸内水位,2022-12-31,2:16:05,3.2
上游闸外水位,2022-12-31,2:16:05,3.4
上游闸内水位,2022-12-31,2:18:16,3.4
上游闸外水位,2022-12-31,2:18:16,3.4
下游闸内水位,2022-12-31,3:16:36,3.0
下游闸外水位,2022-12-31,3:16:36,2.9
下游闸内水位,2022-12-31,3:51:52,2.7
下游闸外水位,2022-12-31,3:51:52,2.7
上游闸内水位,2022-12-31,3:54:32,2.7
上游闸外水位,2022-12-31,3:54:32,3.3
上游闸内水位,2022-12-31,3:56:55,3.1
上游闸外水位,2022-12-31,3:56:55,3.3
下游闸内水位,2022-12-31,4:37:26,2.7
下游闸外水位,2022-12-31,4:37:26,2.6
上游闸内水位,2022-12-31,5:16:52,2.5
上游闸外水位,2022-12-31,5:16:52,3.3
上游闸内水位,2022-12-31,5:20:17,3.2
上游闸外水位,2022-12-31,5:20:17,3.3
上游闸内水位,2022-12-31,5:53:29,3.3
上游闸外水位,2022-12-31,5:53:29,3.3
下游闸内水位,2022-12-31,5:56:31,3.3
下游闸外水位,2022-12-31,5:56:31,2.4
下游闸内水位,2022-12-31,6:36:17,2.3
下游闸外水位,2022-12-31,6:36:17,2.3
上游闸内水位,2022-12-31,6:45:31,2.3
上游闸外水位,2022-12-31,6:45:31,3.3
上游闸内水位,2022-12-31,6:50:29,3.4
上游闸外水位,2022-12-31,6:50:29,3.3
内河侧水位,2022-12-31,7:00:00,3.2
长江侧水位,2022-12-31,7:00:00,2.3
上游闸内水位,2022-12-31,7:28:04,3.3
上游闸外水位,2022-12-31,7:28:04,3.3
下游闸内水位,2022-12-31,7:31:12,3.3
下游闸外水位,2022-12-31,7:31:12,2.2
下游闸内水位,2022-12-31,7:35:48,2.2
下游闸外水位,2022-12-31,7:35:48,2.2
内河侧水位,2022-12-31,8:00:00,3.3
长江侧水位,2022-12-31,8:00:00,2.2
下游闸内水位,2022-12-31,8:15:06,2.1
下游闸外水位,2022-12-31,8:15:06,2.1
上游闸内水位,2022-12-31,8:17:47,2.1
上游闸外水位,2022-12-31,8:17:47,3.3
上游闸内水位,2022-12-31,8:21:16,3.1
上游闸外水位,2022-12-31,8:21:16,3.2
上游闸内水位,2022-12-31,8:47:48,3.2
上游闸外水位,2022-12-31,8:47:48,3.2
下游闸内水位,2022-12-31,8:50:25,3.3
下游闸外水位,2022-12-31,8:50:25,2.0
下游闸内水位,2022-12-31,8:55:09,2.2
下游闸外水位,2022-12-31,8:55:09,2.1
内河侧水位,2022-12-31,9:00:00,3.3
长江侧水位,2022-12-31,9:00:00,2.1
下游闸内水位,2022-12-31,9:28:42,2.0
下游闸外水位,2022-12-31,9:28:42,2.0
上游闸内水位,2022-12-31,9:31:25,2.1
上游闸外水位,2022-12-31,9:31:25,3.3
上游闸内水位,2022-12-31,9:34:40,3.1
上游闸外水位,2022-12-31,9:34:40,3.2
内河侧水位,2022-12-31,10:00:00,3.3
长江侧水位,2022-12-31,10:00:00,2.2
上游闸内水位,2022-12-31,10:07:06,3.3
上游闸外水位,2022-12-31,10:07:06,3.3
下游闸内水位,2022-12-31,10:09:43,3.3
下游闸外水位,2022-12-31,10:09:43,2.3
下游闸内水位,2022-12-31,10:13:16,2.5
下游闸外水位,2022-12-31,10:13:16,2.4
下游闸内水位,2022-12-31,10:47:00,2.7
下游闸外水位,2022-12-31,10:47:00,2.7
上游闸内水位,2022-12-31,10:50:20,2.7
上游闸外水位,2022-12-31,10:50:20,3.3
上游闸内水位,2022-12-31,10:52:35,3.1
上游闸外水位,2022-12-31,10:52:35,3.2
内河侧水位,2022-12-31,11:00:00,3.3
长江侧水位,2022-12-31,11:00:00,2.8
内河侧水位,2022-12-31,13:00:00,3.3
长江侧水位,2022-12-31,13:00:00,3.3
上游闸内水位,2022-12-31,13:41:13,3.4
上游闸外水位,2022-12-31,13:41:13,3.3
内河侧水位,2022-12-31,14:00:00,3.3
长江侧水位,2022-12-31,14:00:00,3.3
下游闸内水位,2022-12-31,14:28:14,3.2
下游闸外水位,2022-12-31,14:28:14,3.2
上游闸内水位,2022-12-31,14:31:31,3.2
上游闸外水位,2022-12-31,14:31:31,3.3
上游闸内水位,2022-12-31,14:33:13,3.3
上游闸外水位,2022-12-31,14:33:13,3.3
内河侧水位,2022-12-31,15:00:00,3.3
长江侧水位,2022-12-31,15:00:00,3.1
上游闸内水位,2022-12-31,15:07:46,3.3
上游闸外水位,2022-12-31,15:07:46,3.3
下游闸内水位,2022-12-31,15:10:20,3.3
下游闸外水位,2022-12-31,15:10:20,3.0
下游闸内水位,2022-12-31,15:11:58,3.2
下游闸外水位,2022-12-31,15:11:58,3.0
下游闸内水位,2022-12-31,15:47:16,2.8
下游闸外水位,2022-12-31,15:47:16,2.8
上游闸内水位,2022-12-31,15:49:54,2.8
上游闸外水位,2022-12-31,15:49:54,3.3
上游闸内水位,2022-12-31,15:51:51,3.1
上游闸外水位,2022-12-31,15:51:51,3.2
内河侧水位,2022-12-31,16:00:00,3.3
长江侧水位,2022-12-31,16:00:00,2.8
上游闸内水位,2022-12-31,16:30:18,3.3
上游闸外水位,2022-12-31,16:30:18,3.3
下游闸内水位,2022-12-31,16:32:51,3.3
下游闸外水位,2022-12-31,16:32:51,2.7
内河侧水位,2022-12-31,17:00:00,3.3
长江侧水位,2022-12-31,17:00:00,2.6
下游闸内水位,2022-12-31,17:09:12,2.6
下游闸外水位,2022-12-31,17:09:12,2.6
上游闸内水位,2022-12-31,17:12:14,2.6
上游闸外水位,2022-12-31,17:12:14,3.3
上游闸内水位,2022-12-31,17:14:39,3.1
上游闸外水位,2022-12-31,17:14:39,3.2
上游闸内水位,2022-12-31,17:51:55,3.3
上游闸外水位,2022-12-31,17:51:55,3.3
下游闸内水位,2022-12-31,17:54:31,3.3
下游闸外水位,2022-12-31,17:54:31,2.4
下游闸内水位,2022-12-31,17:57:51,2.6
下游闸外水位,2022-12-31,17:57:51,2.5
内河侧水位,2022-12-31,18:00:00,3.3
长江侧水位,2022-12-31,18:00:00,2.4
下游闸内水位,2022-12-31,18:53:03,2.3
下游闸外水位,2022-12-31,18:53:03,2.3
上游闸内水位,2022-12-31,18:55:41,2.3
上游闸外水位,2022-12-31,18:55:41,3.3
上游闸内水位,2022-12-31,18:58:40,3.1
上游闸外水位,2022-12-31,18:58:40,3.2
内河侧水位,2022-12-31,19:00:00,3.3
长江侧水位,2022-12-31,19:00:00,2.4
上游闸内水位,2022-12-31,19:18:58,3.3
上游闸外水位,2022-12-31,19:18:58,3.2
下游闸内水位,2022-12-31,19:21:36,3.3
下游闸外水位,2022-12-31,19:21:36,2.3
下游闸内水位,2022-12-31,19:25:19,2.4
下游闸外水位,2022-12-31,19:25:19,2.3
内河侧水位,2022-12-31,20:00:00,3.2
长江侧水位,2022-12-31,20:00:00,2.2
下游闸内水位,2022-12-31,20:11:24,2.2
下游闸外水位,2022-12-31,20:11:24,2.2
上游闸内水位,2022-12-31,20:14:03,2.2
上游闸外水位,2022-12-31,20:14:03,3.3
上游闸内水位,2022-12-31,20:18:13,3.3
上游闸外水位,2022-12-31,20:18:13,3.3
上游闸内水位,2022-12-31,20:37:09,3.3
上游闸外水位,2022-12-31,20:37:09,3.3
下游闸内水位,2022-12-31,20:39:59,3.3
下游闸外水位,2022-12-31,20:39:59,2.2
下游闸内水位,2022-12-31,20:44:03,2.3
下游闸外水位,2022-12-31,20:44:03,2.2
内河侧水位,2022-12-31,21:00:00,3.3
长江侧水位,2022-12-31,21:00:00,2.2
下游闸内水位,2022-12-31,21:14:05,2.2
下游闸外水位,2022-12-31,21:14:05,2.2
上游闸内水位,2022-12-31,21:16:48,2.2
上游闸外水位,2022-12-31,21:16:48,3.3
上游闸内水位,2022-12-31,21:19:56,3.1
上游闸外水位,2022-12-31,21:19:56,3.2
上游闸内水位,2022-12-31,21:36:02,3.3
上游闸外水位,2022-12-31,21:36:02,3.3
下游闸内水位,2022-12-31,21:38:35,3.3
下游闸外水位,2022-12-31,21:38:35,2.3
下游闸内水位,2022-12-31,21:42:24,2.4
下游闸外水位,2022-12-31,21:42:24,2.3
内河侧水位,2022-12-31,22:00:00,3.3
长江侧水位,2022-12-31,22:00:00,2.4
下游闸内水位,2022-12-31,22:08:24,2.4
下游闸外水位,2022-12-31,22:08:24,2.4
上游闸内水位,2022-12-31,22:11:33,2.5
上游闸外水位,2022-12-31,22:11:33,3.3
上游闸内水位,2022-12-31,22:14:16,3.1
上游闸外水位,2022-12-31,22:14:16,3.2
内河侧水位,2022-12-31,23:00:00,3.3
长江侧水位,2022-12-31,23:00:00,2.9
下游闸内水位,2022-12-31,23:11:40,3.3
下游闸外水位,2022-12-31,23:11:40,3.0
